# Bed mesh (millimetres)
# bbox_min 0.00000 0.00000 -18.00000
# bbox_max 356.99998 240.00000 0.00000
# thickness_mm 18.00000
o C1_MDF
v 120.000 55.250 -18.000
v 120.000 55.250 0.000
v 119.189 55.128 0.000
v 118.451 54.772 0.000
v 117.850 54.215 0.000
v 117.440 53.505 0.000
v 117.258 52.706 0.000
v 117.319 51.888 0.000
v 117.618 51.125 0.000
v 118.130 50.484 0.000
v 118.807 50.022 0.000
v 119.590 49.781 0.000
v 120.410 49.781 0.000
v 121.193 50.022 0.000
v 121.870 50.484 0.000
v 122.382 51.125 0.000
v 122.681 51.888 0.000
v 122.742 52.706 0.000
v 122.560 53.505 0.000
v 122.150 54.215 0.000
v 121.549 54.772 0.000
v 120.811 55.128 0.000
v 120.811 55.128 -18.000
v 121.549 54.772 -18.000
v 122.150 54.215 -18.000
v 122.560 53.505 -18.000
v 122.742 52.706 -18.000
v 122.681 51.888 -18.000
v 122.382 51.125 -18.000
v 121.870 50.484 -18.000
v 121.193 50.022 -18.000
v 120.410 49.781 -18.000
v 119.590 49.781 -18.000
v 118.807 50.022 -18.000
v 118.130 50.484 -18.000
v 117.618 51.125 -18.000
v 117.319 51.888 -18.000
v 117.258 52.706 -18.000
v 117.440 53.505 -18.000
v 117.850 54.215 -18.000
v 118.451 54.772 -18.000
v 119.189 55.128 -18.000
v 175.000 55.250 -18.000
v 175.000 55.250 0.000
v 174.189 55.128 0.000
v 173.451 54.772 0.000
v 172.850 54.215 0.000
v 172.440 53.505 0.000
v 172.258 52.706 0.000
v 172.319 51.888 0.000
v 172.618 51.125 0.000
v 173.130 50.484 0.000
v 173.807 50.022 0.000
v 174.590 49.781 0.000
v 175.410 49.781 0.000
v 176.193 50.022 0.000
v 176.870 50.484 0.000
v 177.382 51.125 0.000
v 177.681 51.888 0.000
v 177.742 52.706 0.000
v 177.560 53.505 0.000
v 177.150 54.215 0.000
v 176.549 54.772 0.000
v 175.811 55.128 0.000
v 175.811 55.128 -18.000
v 176.549 54.772 -18.000
v 177.150 54.215 -18.000
v 177.560 53.505 -18.000
v 177.742 52.706 -18.000
v 177.681 51.888 -18.000
v 177.382 51.125 -18.000
v 176.870 50.484 -18.000
v 176.193 50.022 -18.000
v 175.410 49.781 -18.000
v 174.590 49.781 -18.000
v 173.807 50.022 -18.000
v 173.130 50.484 -18.000
v 172.618 51.125 -18.000
v 172.319 51.888 -18.000
v 172.258 52.706 -18.000
v 172.440 53.505 -18.000
v 172.850 54.215 -18.000
v 173.451 54.772 -18.000
v 174.189 55.128 -18.000
v 97.500 132.750 -18.000
v 97.500 132.750 0.000
v 96.689 132.628 0.000
v 95.951 132.272 0.000
v 95.350 131.715 0.000
v 94.940 131.005 0.000
v 94.758 130.206 0.000
v 94.819 129.388 0.000
v 95.118 128.625 0.000
v 95.630 127.984 0.000
v 96.307 127.522 0.000
v 97.090 127.281 0.000
v 97.910 127.281 0.000
v 98.693 127.522 0.000
v 99.370 127.984 0.000
v 99.882 128.625 0.000
v 100.181 129.388 0.000
v 100.242 130.206 0.000
v 100.060 131.005 0.000
v 99.650 131.715 0.000
v 99.049 132.272 0.000
v 98.311 132.628 0.000
v 98.311 132.628 -18.000
v 99.049 132.272 -18.000
v 99.650 131.715 -18.000
v 100.060 131.005 -18.000
v 100.242 130.206 -18.000
v 100.181 129.388 -18.000
v 99.882 128.625 -18.000
v 99.370 127.984 -18.000
v 98.693 127.522 -18.000
v 97.910 127.281 -18.000
v 97.090 127.281 -18.000
v 96.307 127.522 -18.000
v 95.630 127.984 -18.000
v 95.118 128.625 -18.000
v 94.819 129.388 -18.000
v 94.758 130.206 -18.000
v 94.940 131.005 -18.000
v 95.350 131.715 -18.000
v 95.951 132.272 -18.000
v 96.689 132.628 -18.000
v 2.000 240.000 0.000
v 0.000 238.000 0.000
v 357.000 240.000 0.000
v 357.000 0.000 0.000
v 2.000 0.000 0.000
v 0.000 2.000 0.000
v 30.000 4.750 0.000
v 29.189 4.872 0.000
v 28.451 5.228 0.000
v 27.850 5.785 0.000
v 27.440 6.495 0.000
v 27.258 7.294 0.000
v 27.319 8.112 0.000
v 27.618 8.875 0.000
v 28.130 9.516 0.000
v 28.807 9.978 0.000
v 29.590 10.219 0.000
v 30.410 10.219 0.000
v 31.193 9.978 0.000
v 31.870 9.516 0.000
v 32.382 8.875 0.000
v 32.681 8.112 0.000
v 32.742 7.294 0.000
v 32.560 6.495 0.000
v 32.150 5.785 0.000
v 31.549 5.228 0.000
v 30.811 4.872 0.000
v 45.000 9.250 0.000
v 44.189 9.372 0.000
v 43.451 9.728 0.000
v 42.850 10.285 0.000
v 42.440 10.995 0.000
v 42.258 11.794 0.000
v 42.319 12.612 0.000
v 42.618 13.375 0.000
v 43.130 14.016 0.000
v 43.807 14.478 0.000
v 44.590 14.719 0.000
v 45.410 14.719 0.000
v 46.193 14.478 0.000
v 46.870 14.016 0.000
v 47.382 13.375 0.000
v 47.681 12.612 0.000
v 47.742 11.794 0.000
v 47.560 10.995 0.000
v 47.150 10.285 0.000
v 46.549 9.728 0.000
v 45.811 9.372 0.000
v 85.000 4.750 0.000
v 84.189 4.872 0.000
v 83.451 5.228 0.000
v 82.850 5.785 0.000
v 82.440 6.495 0.000
v 82.258 7.294 0.000
v 82.319 8.112 0.000
v 82.618 8.875 0.000
v 83.130 9.516 0.000
v 83.807 9.978 0.000
v 84.590 10.219 0.000
v 85.410 10.219 0.000
v 86.193 9.978 0.000
v 86.870 9.516 0.000
v 87.382 8.875 0.000
v 87.681 8.112 0.000
v 87.742 7.294 0.000
v 87.560 6.495 0.000
v 87.150 5.785 0.000
v 86.549 5.228 0.000
v 85.811 4.872 0.000
v 80.000 27.250 0.000
v 79.189 27.372 0.000
v 78.451 27.728 0.000
v 77.850 28.285 0.000
v 77.440 28.995 0.000
v 77.258 29.794 0.000
v 77.319 30.612 0.000
v 77.618 31.375 0.000
v 78.130 32.016 0.000
v 78.807 32.478 0.000
v 79.590 32.719 0.000
v 80.410 32.719 0.000
v 81.193 32.478 0.000
v 81.870 32.016 0.000
v 82.382 31.375 0.000
v 82.681 30.612 0.000
v 82.742 29.794 0.000
v 82.560 28.995 0.000
v 82.150 28.285 0.000
v 81.549 27.728 0.000
v 80.811 27.372 0.000
v 12.000 42.250 0.000
v 11.189 42.372 0.000
v 10.451 42.728 0.000
v 9.850 43.285 0.000
v 9.440 43.995 0.000
v 9.258 44.794 0.000
v 9.319 45.612 0.000
v 9.618 46.375 0.000
v 10.130 47.016 0.000
v 10.807 47.478 0.000
v 11.590 47.719 0.000
v 12.410 47.719 0.000
v 13.193 47.478 0.000
v 13.870 47.016 0.000
v 14.382 46.375 0.000
v 14.681 45.612 0.000
v 14.742 44.794 0.000
v 14.560 43.995 0.000
v 14.150 43.285 0.000
v 13.549 42.728 0.000
v 12.811 42.372 0.000
v 40.000 72.250 0.000
v 39.189 72.372 0.000
v 38.451 72.728 0.000
v 37.850 73.285 0.000
v 37.440 73.995 0.000
v 37.258 74.794 0.000
v 37.319 75.612 0.000
v 37.618 76.375 0.000
v 38.130 77.016 0.000
v 38.807 77.478 0.000
v 39.590 77.719 0.000
v 40.410 77.719 0.000
v 41.193 77.478 0.000
v 41.870 77.016 0.000
v 42.382 76.375 0.000
v 42.681 75.612 0.000
v 42.742 74.794 0.000
v 42.560 73.995 0.000
v 42.150 73.285 0.000
v 41.549 72.728 0.000
v 40.811 72.372 0.000
v 7.500 82.250 0.000
v 6.689 82.372 0.000
v 5.951 82.728 0.000
v 5.350 83.285 0.000
v 4.940 83.995 0.000
v 4.758 84.794 0.000
v 4.819 85.612 0.000
v 5.118 86.375 0.000
v 5.630 87.016 0.000
v 6.307 87.478 0.000
v 7.090 87.719 0.000
v 7.910 87.719 0.000
v 8.693 87.478 0.000
v 9.370 87.016 0.000
v 9.882 86.375 0.000
v 10.181 85.612 0.000
v 10.242 84.794 0.000
v 10.060 83.995 0.000
v 9.650 83.285 0.000
v 9.049 82.728 0.000
v 8.311 82.372 0.000
v 10.500 117.250 0.000
v 9.689 117.372 0.000
v 8.951 117.728 0.000
v 8.350 118.285 0.000
v 7.940 118.995 0.000
v 7.758 119.794 0.000
v 7.819 120.612 0.000
v 8.118 121.375 0.000
v 8.630 122.016 0.000
v 9.307 122.478 0.000
v 10.090 122.719 0.000
v 10.910 122.719 0.000
v 11.693 122.478 0.000
v 12.370 122.016 0.000
v 12.882 121.375 0.000
v 13.181 120.612 0.000
v 13.242 119.794 0.000
v 13.060 118.995 0.000
v 12.650 118.285 0.000
v 12.049 117.728 0.000
v 11.311 117.372 0.000
v 10.500 162.250 0.000
v 9.689 162.372 0.000
v 8.951 162.728 0.000
v 8.350 163.285 0.000
v 7.940 163.995 0.000
v 7.758 164.794 0.000
v 7.819 165.612 0.000
v 8.118 166.375 0.000
v 8.630 167.016 0.000
v 9.307 167.478 0.000
v 10.090 167.719 0.000
v 10.910 167.719 0.000
v 11.693 167.478 0.000
v 12.370 167.016 0.000
v 12.882 166.375 0.000
v 13.181 165.612 0.000
v 13.242 164.794 0.000
v 13.060 163.995 0.000
v 12.650 163.285 0.000
v 12.049 162.728 0.000
v 11.311 162.372 0.000
v 10.500 207.250 0.000
v 9.689 207.372 0.000
v 8.951 207.728 0.000
v 8.350 208.285 0.000
v 7.940 208.995 0.000
v 7.758 209.794 0.000
v 7.819 210.612 0.000
v 8.118 211.375 0.000
v 8.630 212.016 0.000
v 9.307 212.478 0.000
v 10.090 212.719 0.000
v 10.910 212.719 0.000
v 11.693 212.478 0.000
v 12.370 212.016 0.000
v 12.882 211.375 0.000
v 13.181 210.612 0.000
v 13.242 209.794 0.000
v 13.060 208.995 0.000
v 12.650 208.285 0.000
v 12.049 207.728 0.000
v 11.311 207.372 0.000
v 40.000 207.250 0.000
v 39.189 207.372 0.000
v 38.451 207.728 0.000
v 37.850 208.285 0.000
v 37.440 208.995 0.000
v 37.258 209.794 0.000
v 37.319 210.612 0.000
v 37.618 211.375 0.000
v 38.130 212.016 0.000
v 38.807 212.478 0.000
v 39.590 212.719 0.000
v 40.410 212.719 0.000
v 41.193 212.478 0.000
v 41.870 212.016 0.000
v 42.382 211.375 0.000
v 42.681 210.612 0.000
v 42.742 209.794 0.000
v 42.560 208.995 0.000
v 42.150 208.285 0.000
v 41.549 207.728 0.000
v 40.811 207.372 0.000
v 40.000 162.250 0.000
v 39.189 162.372 0.000
v 38.451 162.728 0.000
v 37.850 163.285 0.000
v 37.440 163.995 0.000
v 37.258 164.794 0.000
v 37.319 165.612 0.000
v 37.618 166.375 0.000
v 38.130 167.016 0.000
v 38.807 167.478 0.000
v 39.590 167.719 0.000
v 40.410 167.719 0.000
v 41.193 167.478 0.000
v 41.870 167.016 0.000
v 42.382 166.375 0.000
v 42.681 165.612 0.000
v 42.742 164.794 0.000
v 42.560 163.995 0.000
v 42.150 163.285 0.000
v 41.549 162.728 0.000
v 40.811 162.372 0.000
v 40.000 117.250 0.000
v 39.189 117.372 0.000
v 38.451 117.728 0.000
v 37.850 118.285 0.000
v 37.440 118.995 0.000
v 37.258 119.794 0.000
v 37.319 120.612 0.000
v 37.618 121.375 0.000
v 38.130 122.016 0.000
v 38.807 122.478 0.000
v 39.590 122.719 0.000
v 40.410 122.719 0.000
v 41.193 122.478 0.000
v 41.870 122.016 0.000
v 42.382 121.375 0.000
v 42.681 120.612 0.000
v 42.742 119.794 0.000
v 42.560 118.995 0.000
v 42.150 118.285 0.000
v 41.549 117.728 0.000
v 40.811 117.372 0.000
v 80.000 72.250 0.000
v 79.189 72.372 0.000
v 78.451 72.728 0.000
v 77.850 73.285 0.000
v 77.440 73.995 0.000
v 77.258 74.794 0.000
v 77.319 75.612 0.000
v 77.618 76.375 0.000
v 78.130 77.016 0.000
v 78.807 77.478 0.000
v 79.590 77.719 0.000
v 80.410 77.719 0.000
v 81.193 77.478 0.000
v 81.870 77.016 0.000
v 82.382 76.375 0.000
v 82.681 75.612 0.000
v 82.742 74.794 0.000
v 82.560 73.995 0.000
v 82.150 73.285 0.000
v 81.549 72.728 0.000
v 80.811 72.372 0.000
v 80.000 117.250 0.000
v 79.189 117.372 0.000
v 78.451 117.728 0.000
v 77.850 118.285 0.000
v 77.440 118.995 0.000
v 77.258 119.794 0.000
v 77.319 120.612 0.000
v 77.618 121.375 0.000
v 78.130 122.016 0.000
v 78.807 122.478 0.000
v 79.590 122.719 0.000
v 80.410 122.719 0.000
v 81.193 122.478 0.000
v 81.870 122.016 0.000
v 82.382 121.375 0.000
v 82.681 120.612 0.000
v 82.742 119.794 0.000
v 82.560 118.995 0.000
v 82.150 118.285 0.000
v 81.549 117.728 0.000
v 80.811 117.372 0.000
v 80.000 162.250 0.000
v 79.189 162.372 0.000
v 78.451 162.728 0.000
v 77.850 163.285 0.000
v 77.440 163.995 0.000
v 77.258 164.794 0.000
v 77.319 165.612 0.000
v 77.618 166.375 0.000
v 78.130 167.016 0.000
v 78.807 167.478 0.000
v 79.590 167.719 0.000
v 80.410 167.719 0.000
v 81.193 167.478 0.000
v 81.870 167.016 0.000
v 82.382 166.375 0.000
v 82.681 165.612 0.000
v 82.742 164.794 0.000
v 82.560 163.995 0.000
v 82.150 163.285 0.000
v 81.549 162.728 0.000
v 80.811 162.372 0.000
v 80.000 197.250 0.000
v 79.189 197.372 0.000
v 78.451 197.728 0.000
v 77.850 198.285 0.000
v 77.440 198.995 0.000
v 77.258 199.794 0.000
v 77.319 200.612 0.000
v 77.618 201.375 0.000
v 78.130 202.016 0.000
v 78.807 202.478 0.000
v 79.590 202.719 0.000
v 80.410 202.719 0.000
v 81.193 202.478 0.000
v 81.870 202.016 0.000
v 82.382 201.375 0.000
v 82.681 200.612 0.000
v 82.742 199.794 0.000
v 82.560 198.995 0.000
v 82.150 198.285 0.000
v 81.549 197.728 0.000
v 80.811 197.372 0.000
v 125.000 207.250 0.000
v 124.189 207.372 0.000
v 123.451 207.728 0.000
v 122.850 208.285 0.000
v 122.440 208.995 0.000
v 122.258 209.794 0.000
v 122.319 210.612 0.000
v 122.618 211.375 0.000
v 123.130 212.016 0.000
v 123.807 212.478 0.000
v 124.590 212.719 0.000
v 125.410 212.719 0.000
v 126.193 212.478 0.000
v 126.870 212.016 0.000
v 127.382 211.375 0.000
v 127.681 210.612 0.000
v 127.742 209.794 0.000
v 127.560 208.995 0.000
v 127.150 208.285 0.000
v 126.549 207.728 0.000
v 125.811 207.372 0.000
v 125.000 162.250 0.000
v 124.189 162.372 0.000
v 123.451 162.728 0.000
v 122.850 163.285 0.000
v 122.440 163.995 0.000
v 122.258 164.794 0.000
v 122.319 165.612 0.000
v 122.618 166.375 0.000
v 123.130 167.016 0.000
v 123.807 167.478 0.000
v 124.590 167.719 0.000
v 125.410 167.719 0.000
v 126.193 167.478 0.000
v 126.870 167.016 0.000
v 127.382 166.375 0.000
v 127.681 165.612 0.000
v 127.742 164.794 0.000
v 127.560 163.995 0.000
v 127.150 163.285 0.000
v 126.549 162.728 0.000
v 125.811 162.372 0.000
v 102.000 87.250 0.000
v 101.189 87.372 0.000
v 100.451 87.728 0.000
v 99.850 88.285 0.000
v 99.440 88.995 0.000
v 99.258 89.794 0.000
v 99.319 90.612 0.000
v 99.618 91.375 0.000
v 100.130 92.016 0.000
v 100.807 92.478 0.000
v 101.590 92.719 0.000
v 102.410 92.719 0.000
v 103.193 92.478 0.000
v 103.870 92.016 0.000
v 104.382 91.375 0.000
v 104.681 90.612 0.000
v 104.742 89.794 0.000
v 104.560 88.995 0.000
v 104.150 88.285 0.000
v 103.549 87.728 0.000
v 102.811 87.372 0.000
v 125.000 7.750 0.000
v 124.189 7.872 0.000
v 123.451 8.228 0.000
v 122.850 8.785 0.000
v 122.440 9.495 0.000
v 122.258 10.294 0.000
v 122.319 11.112 0.000
v 122.618 11.875 0.000
v 123.130 12.516 0.000
v 123.807 12.978 0.000
v 124.590 13.219 0.000
v 125.410 13.219 0.000
v 126.193 12.978 0.000
v 126.870 12.516 0.000
v 127.382 11.875 0.000
v 127.681 11.112 0.000
v 127.742 10.294 0.000
v 127.560 9.495 0.000
v 127.150 8.785 0.000
v 126.549 8.228 0.000
v 125.811 7.872 0.000
v 125.000 27.250 0.000
v 124.189 27.372 0.000
v 123.451 27.728 0.000
v 122.850 28.285 0.000
v 122.440 28.995 0.000
v 122.258 29.794 0.000
v 122.319 30.612 0.000
v 122.618 31.375 0.000
v 123.130 32.016 0.000
v 123.807 32.478 0.000
v 124.590 32.719 0.000
v 125.410 32.719 0.000
v 126.193 32.478 0.000
v 126.870 32.016 0.000
v 127.382 31.375 0.000
v 127.681 30.612 0.000
v 127.742 29.794 0.000
v 127.560 28.995 0.000
v 127.150 28.285 0.000
v 126.549 27.728 0.000
v 125.811 27.372 0.000
v 135.000 54.250 0.000
v 134.189 54.372 0.000
v 133.451 54.728 0.000
v 132.850 55.285 0.000
v 132.440 55.995 0.000
v 132.258 56.794 0.000
v 132.319 57.612 0.000
v 132.618 58.375 0.000
v 133.130 59.016 0.000
v 133.807 59.478 0.000
v 134.590 59.719 0.000
v 135.410 59.719 0.000
v 136.193 59.478 0.000
v 136.870 59.016 0.000
v 137.382 58.375 0.000
v 137.681 57.612 0.000
v 137.742 56.794 0.000
v 137.560 55.995 0.000
v 137.150 55.285 0.000
v 136.549 54.728 0.000
v 135.811 54.372 0.000
v 125.000 72.250 0.000
v 124.189 72.372 0.000
v 123.451 72.728 0.000
v 122.850 73.285 0.000
v 122.440 73.995 0.000
v 122.258 74.794 0.000
v 122.319 75.612 0.000
v 122.618 76.375 0.000
v 123.130 77.016 0.000
v 123.807 77.478 0.000
v 124.590 77.719 0.000
v 125.410 77.719 0.000
v 126.193 77.478 0.000
v 126.870 77.016 0.000
v 127.382 76.375 0.000
v 127.681 75.612 0.000
v 127.742 74.794 0.000
v 127.560 73.995 0.000
v 127.150 73.285 0.000
v 126.549 72.728 0.000
v 125.811 72.372 0.000
v 125.000 117.250 0.000
v 124.189 117.372 0.000
v 123.451 117.728 0.000
v 122.850 118.285 0.000
v 122.440 118.995 0.000
v 122.258 119.794 0.000
v 122.319 120.612 0.000
v 122.618 121.375 0.000
v 123.130 122.016 0.000
v 123.807 122.478 0.000
v 124.590 122.719 0.000
v 125.410 122.719 0.000
v 126.193 122.478 0.000
v 126.870 122.016 0.000
v 127.382 121.375 0.000
v 127.681 120.612 0.000
v 127.742 119.794 0.000
v 127.560 118.995 0.000
v 127.150 118.285 0.000
v 126.549 117.728 0.000
v 125.811 117.372 0.000
v 170.000 207.250 0.000
v 169.189 207.372 0.000
v 168.451 207.728 0.000
v 167.850 208.285 0.000
v 167.440 208.995 0.000
v 167.258 209.794 0.000
v 167.319 210.612 0.000
v 167.618 211.375 0.000
v 168.130 212.016 0.000
v 168.807 212.478 0.000
v 169.590 212.719 0.000
v 170.410 212.719 0.000
v 171.193 212.478 0.000
v 171.870 212.016 0.000
v 172.382 211.375 0.000
v 172.681 210.612 0.000
v 172.742 209.794 0.000
v 172.560 208.995 0.000
v 172.150 208.285 0.000
v 171.549 207.728 0.000
v 170.811 207.372 0.000
v 170.000 162.250 0.000
v 169.189 162.372 0.000
v 168.451 162.728 0.000
v 167.850 163.285 0.000
v 167.440 163.995 0.000
v 167.258 164.794 0.000
v 167.319 165.612 0.000
v 167.618 166.375 0.000
v 168.130 167.016 0.000
v 168.807 167.478 0.000
v 169.590 167.719 0.000
v 170.410 167.719 0.000
v 171.193 167.478 0.000
v 171.870 167.016 0.000
v 172.382 166.375 0.000
v 172.681 165.612 0.000
v 172.742 164.794 0.000
v 172.560 163.995 0.000
v 172.150 163.285 0.000
v 171.549 162.728 0.000
v 170.811 162.372 0.000
v 170.000 117.250 0.000
v 169.189 117.372 0.000
v 168.451 117.728 0.000
v 167.850 118.285 0.000
v 167.440 118.995 0.000
v 167.258 119.794 0.000
v 167.319 120.612 0.000
v 167.618 121.375 0.000
v 168.130 122.016 0.000
v 168.807 122.478 0.000
v 169.590 122.719 0.000
v 170.410 122.719 0.000
v 171.193 122.478 0.000
v 171.870 122.016 0.000
v 172.382 121.375 0.000
v 172.681 120.612 0.000
v 172.742 119.794 0.000
v 172.560 118.995 0.000
v 172.150 118.285 0.000
v 171.549 117.728 0.000
v 170.811 117.372 0.000
v 170.000 72.250 0.000
v 169.189 72.372 0.000
v 168.451 72.728 0.000
v 167.850 73.285 0.000
v 167.440 73.995 0.000
v 167.258 74.794 0.000
v 167.319 75.612 0.000
v 167.618 76.375 0.000
v 168.130 77.016 0.000
v 168.807 77.478 0.000
v 169.590 77.719 0.000
v 170.410 77.719 0.000
v 171.193 77.478 0.000
v 171.870 77.016 0.000
v 172.382 76.375 0.000
v 172.681 75.612 0.000
v 172.742 74.794 0.000
v 172.560 73.995 0.000
v 172.150 73.285 0.000
v 171.549 72.728 0.000
v 170.811 72.372 0.000
v 170.000 27.250 0.000
v 169.189 27.372 0.000
v 168.451 27.728 0.000
v 167.850 28.285 0.000
v 167.440 28.995 0.000
v 167.258 29.794 0.000
v 167.319 30.612 0.000
v 167.618 31.375 0.000
v 168.130 32.016 0.000
v 168.807 32.478 0.000
v 169.590 32.719 0.000
v 170.410 32.719 0.000
v 171.193 32.478 0.000
v 171.870 32.016 0.000
v 172.382 31.375 0.000
v 172.681 30.612 0.000
v 172.742 29.794 0.000
v 172.560 28.995 0.000
v 172.150 28.285 0.000
v 171.549 27.728 0.000
v 170.811 27.372 0.000
v 215.000 7.750 0.000
v 214.189 7.872 0.000
v 213.451 8.228 0.000
v 212.850 8.785 0.000
v 212.440 9.495 0.000
v 212.258 10.294 0.000
v 212.319 11.112 0.000
v 212.618 11.875 0.000
v 213.130 12.516 0.000
v 213.807 12.978 0.000
v 214.590 13.219 0.000
v 215.410 13.219 0.000
v 216.193 12.978 0.000
v 216.870 12.516 0.000
v 217.382 11.875 0.000
v 217.681 11.112 0.000
v 217.742 10.294 0.000
v 217.560 9.495 0.000
v 217.150 8.785 0.000
v 216.549 8.228 0.000
v 215.811 7.872 0.000
v 215.000 27.250 0.000
v 214.189 27.372 0.000
v 213.451 27.728 0.000
v 212.850 28.285 0.000
v 212.440 28.995 0.000
v 212.258 29.794 0.000
v 212.319 30.612 0.000
v 212.618 31.375 0.000
v 213.130 32.016 0.000
v 213.807 32.478 0.000
v 214.590 32.719 0.000
v 215.410 32.719 0.000
v 216.193 32.478 0.000
v 216.870 32.016 0.000
v 217.382 31.375 0.000
v 217.681 30.612 0.000
v 217.742 29.794 0.000
v 217.560 28.995 0.000
v 217.150 28.285 0.000
v 216.549 27.728 0.000
v 215.811 27.372 0.000
v 215.000 72.250 0.000
v 214.189 72.372 0.000
v 213.451 72.728 0.000
v 212.850 73.285 0.000
v 212.440 73.995 0.000
v 212.258 74.794 0.000
v 212.319 75.612 0.000
v 212.618 76.375 0.000
v 213.130 77.016 0.000
v 213.807 77.478 0.000
v 214.590 77.719 0.000
v 215.410 77.719 0.000
v 216.193 77.478 0.000
v 216.870 77.016 0.000
v 217.382 76.375 0.000
v 217.681 75.612 0.000
v 217.742 74.794 0.000
v 217.560 73.995 0.000
v 217.150 73.285 0.000
v 216.549 72.728 0.000
v 215.811 72.372 0.000
v 215.000 117.250 0.000
v 214.189 117.372 0.000
v 213.451 117.728 0.000
v 212.850 118.285 0.000
v 212.440 118.995 0.000
v 212.258 119.794 0.000
v 212.319 120.612 0.000
v 212.618 121.375 0.000
v 213.130 122.016 0.000
v 213.807 122.478 0.000
v 214.590 122.719 0.000
v 215.410 122.719 0.000
v 216.193 122.478 0.000
v 216.870 122.016 0.000
v 217.382 121.375 0.000
v 217.681 120.612 0.000
v 217.742 119.794 0.000
v 217.560 118.995 0.000
v 217.150 118.285 0.000
v 216.549 117.728 0.000
v 215.811 117.372 0.000
v 215.000 162.250 0.000
v 214.189 162.372 0.000
v 213.451 162.728 0.000
v 212.850 163.285 0.000
v 212.440 163.995 0.000
v 212.258 164.794 0.000
v 212.319 165.612 0.000
v 212.618 166.375 0.000
v 213.130 167.016 0.000
v 213.807 167.478 0.000
v 214.590 167.719 0.000
v 215.410 167.719 0.000
v 216.193 167.478 0.000
v 216.870 167.016 0.000
v 217.382 166.375 0.000
v 217.681 165.612 0.000
v 217.742 164.794 0.000
v 217.560 163.995 0.000
v 217.150 163.285 0.000
v 216.549 162.728 0.000
v 215.811 162.372 0.000
v 215.000 207.250 0.000
v 214.189 207.372 0.000
v 213.451 207.728 0.000
v 212.850 208.285 0.000
v 212.440 208.995 0.000
v 212.258 209.794 0.000
v 212.319 210.612 0.000
v 212.618 211.375 0.000
v 213.130 212.016 0.000
v 213.807 212.478 0.000
v 214.590 212.719 0.000
v 215.410 212.719 0.000
v 216.193 212.478 0.000
v 216.870 212.016 0.000
v 217.382 211.375 0.000
v 217.681 210.612 0.000
v 217.742 209.794 0.000
v 217.560 208.995 0.000
v 217.150 208.285 0.000
v 216.549 207.728 0.000
v 215.811 207.372 0.000
v 260.000 207.250 0.000
v 259.189 207.372 0.000
v 258.451 207.728 0.000
v 257.850 208.285 0.000
v 257.440 208.995 0.000
v 257.258 209.794 0.000
v 257.319 210.612 0.000
v 257.618 211.375 0.000
v 258.130 212.016 0.000
v 258.807 212.478 0.000
v 259.590 212.719 0.000
v 260.410 212.719 0.000
v 261.193 212.478 0.000
v 261.870 212.016 0.000
v 262.382 211.375 0.000
v 262.681 210.612 0.000
v 262.742 209.794 0.000
v 262.560 208.995 0.000
v 262.150 208.285 0.000
v 261.549 207.728 0.000
v 260.811 207.372 0.000
v 260.000 162.250 0.000
v 259.189 162.372 0.000
v 258.451 162.728 0.000
v 257.850 163.285 0.000
v 257.440 163.995 0.000
v 257.258 164.794 0.000
v 257.319 165.612 0.000
v 257.618 166.375 0.000
v 258.130 167.016 0.000
v 258.807 167.478 0.000
v 259.590 167.719 0.000
v 260.410 167.719 0.000
v 261.193 167.478 0.000
v 261.870 167.016 0.000
v 262.382 166.375 0.000
v 262.681 165.612 0.000
v 262.742 164.794 0.000
v 262.560 163.995 0.000
v 262.150 163.285 0.000
v 261.549 162.728 0.000
v 260.811 162.372 0.000
v 260.000 117.250 0.000
v 259.189 117.372 0.000
v 258.451 117.728 0.000
v 257.850 118.285 0.000
v 257.440 118.995 0.000
v 257.258 119.794 0.000
v 257.319 120.612 0.000
v 257.618 121.375 0.000
v 258.130 122.016 0.000
v 258.807 122.478 0.000
v 259.590 122.719 0.000
v 260.410 122.719 0.000
v 261.193 122.478 0.000
v 261.870 122.016 0.000
v 262.382 121.375 0.000
v 262.681 120.612 0.000
v 262.742 119.794 0.000
v 262.560 118.995 0.000
v 262.150 118.285 0.000
v 261.549 117.728 0.000
v 260.811 117.372 0.000
v 260.000 72.250 0.000
v 259.189 72.372 0.000
v 258.451 72.728 0.000
v 257.850 73.285 0.000
v 257.440 73.995 0.000
v 257.258 74.794 0.000
v 257.319 75.612 0.000
v 257.618 76.375 0.000
v 258.130 77.016 0.000
v 258.807 77.478 0.000
v 259.590 77.719 0.000
v 260.410 77.719 0.000
v 261.193 77.478 0.000
v 261.870 77.016 0.000
v 262.382 76.375 0.000
v 262.681 75.612 0.000
v 262.742 74.794 0.000
v 262.560 73.995 0.000
v 262.150 73.285 0.000
v 261.549 72.728 0.000
v 260.811 72.372 0.000
v 260.000 27.250 0.000
v 259.189 27.372 0.000
v 258.451 27.728 0.000
v 257.850 28.285 0.000
v 257.440 28.995 0.000
v 257.258 29.794 0.000
v 257.319 30.612 0.000
v 257.618 31.375 0.000
v 258.130 32.016 0.000
v 258.807 32.478 0.000
v 259.590 32.719 0.000
v 260.410 32.719 0.000
v 261.193 32.478 0.000
v 261.870 32.016 0.000
v 262.382 31.375 0.000
v 262.681 30.612 0.000
v 262.742 29.794 0.000
v 262.560 28.995 0.000
v 262.150 28.285 0.000
v 261.549 27.728 0.000
v 260.811 27.372 0.000
v 260.000 7.750 0.000
v 259.189 7.872 0.000
v 258.451 8.228 0.000
v 257.850 8.785 0.000
v 257.440 9.495 0.000
v 257.258 10.294 0.000
v 257.319 11.112 0.000
v 257.618 11.875 0.000
v 258.130 12.516 0.000
v 258.807 12.978 0.000
v 259.590 13.219 0.000
v 260.410 13.219 0.000
v 261.193 12.978 0.000
v 261.870 12.516 0.000
v 262.382 11.875 0.000
v 262.681 11.112 0.000
v 262.742 10.294 0.000
v 262.560 9.495 0.000
v 262.150 8.785 0.000
v 261.549 8.228 0.000
v 260.811 7.872 0.000
v 305.000 27.250 0.000
v 304.189 27.372 0.000
v 303.451 27.728 0.000
v 302.850 28.285 0.000
v 302.440 28.995 0.000
v 302.258 29.794 0.000
v 302.319 30.612 0.000
v 302.618 31.375 0.000
v 303.130 32.016 0.000
v 303.807 32.478 0.000
v 304.590 32.719 0.000
v 305.410 32.719 0.000
v 306.193 32.478 0.000
v 306.870 32.016 0.000
v 307.382 31.375 0.000
v 307.681 30.612 0.000
v 307.742 29.794 0.000
v 307.560 28.995 0.000
v 307.150 28.285 0.000
v 306.549 27.728 0.000
v 305.811 27.372 0.000
v 305.000 72.250 0.000
v 304.189 72.372 0.000
v 303.451 72.728 0.000
v 302.850 73.285 0.000
v 302.440 73.995 0.000
v 302.258 74.794 0.000
v 302.319 75.612 0.000
v 302.618 76.375 0.000
v 303.130 77.016 0.000
v 303.807 77.478 0.000
v 304.590 77.719 0.000
v 305.410 77.719 0.000
v 306.193 77.478 0.000
v 306.870 77.016 0.000
v 307.382 76.375 0.000
v 307.681 75.612 0.000
v 307.742 74.794 0.000
v 307.560 73.995 0.000
v 307.150 73.285 0.000
v 306.549 72.728 0.000
v 305.811 72.372 0.000
v 305.000 117.250 0.000
v 304.189 117.372 0.000
v 303.451 117.728 0.000
v 302.850 118.285 0.000
v 302.440 118.995 0.000
v 302.258 119.794 0.000
v 302.319 120.612 0.000
v 302.618 121.375 0.000
v 303.130 122.016 0.000
v 303.807 122.478 0.000
v 304.590 122.719 0.000
v 305.410 122.719 0.000
v 306.193 122.478 0.000
v 306.870 122.016 0.000
v 307.382 121.375 0.000
v 307.681 120.612 0.000
v 307.742 119.794 0.000
v 307.560 118.995 0.000
v 307.150 118.285 0.000
v 306.549 117.728 0.000
v 305.811 117.372 0.000
v 305.000 162.250 0.000
v 304.189 162.372 0.000
v 303.451 162.728 0.000
v 302.850 163.285 0.000
v 302.440 163.995 0.000
v 302.258 164.794 0.000
v 302.319 165.612 0.000
v 302.618 166.375 0.000
v 303.130 167.016 0.000
v 303.807 167.478 0.000
v 304.590 167.719 0.000
v 305.410 167.719 0.000
v 306.193 167.478 0.000
v 306.870 167.016 0.000
v 307.382 166.375 0.000
v 307.681 165.612 0.000
v 307.742 164.794 0.000
v 307.560 163.995 0.000
v 307.150 163.285 0.000
v 306.549 162.728 0.000
v 305.811 162.372 0.000
v 305.000 207.250 0.000
v 304.189 207.372 0.000
v 303.451 207.728 0.000
v 302.850 208.285 0.000
v 302.440 208.995 0.000
v 302.258 209.794 0.000
v 302.319 210.612 0.000
v 302.618 211.375 0.000
v 303.130 212.016 0.000
v 303.807 212.478 0.000
v 304.590 212.719 0.000
v 305.410 212.719 0.000
v 306.193 212.478 0.000
v 306.870 212.016 0.000
v 307.382 211.375 0.000
v 307.681 210.612 0.000
v 307.742 209.794 0.000
v 307.560 208.995 0.000
v 307.150 208.285 0.000
v 306.549 207.728 0.000
v 305.811 207.372 0.000
v 342.000 207.250 0.000
v 341.189 207.372 0.000
v 340.451 207.728 0.000
v 339.850 208.285 0.000
v 339.440 208.995 0.000
v 339.258 209.794 0.000
v 339.319 210.612 0.000
v 339.618 211.375 0.000
v 340.130 212.016 0.000
v 340.807 212.478 0.000
v 341.590 212.719 0.000
v 342.410 212.719 0.000
v 343.193 212.478 0.000
v 343.870 212.016 0.000
v 344.382 211.375 0.000
v 344.681 210.612 0.000
v 344.742 209.794 0.000
v 344.560 208.995 0.000
v 344.150 208.285 0.000
v 343.549 207.728 0.000
v 342.811 207.372 0.000
v 342.000 162.250 0.000
v 341.189 162.372 0.000
v 340.451 162.728 0.000
v 339.850 163.285 0.000
v 339.440 163.995 0.000
v 339.258 164.794 0.000
v 339.319 165.612 0.000
v 339.618 166.375 0.000
v 340.130 167.016 0.000
v 340.807 167.478 0.000
v 341.590 167.719 0.000
v 342.410 167.719 0.000
v 343.193 167.478 0.000
v 343.870 167.016 0.000
v 344.382 166.375 0.000
v 344.681 165.612 0.000
v 344.742 164.794 0.000
v 344.560 163.995 0.000
v 344.150 163.285 0.000
v 343.549 162.728 0.000
v 342.811 162.372 0.000
v 342.000 117.250 0.000
v 341.189 117.372 0.000
v 340.451 117.728 0.000
v 339.850 118.285 0.000
v 339.440 118.995 0.000
v 339.258 119.794 0.000
v 339.319 120.612 0.000
v 339.618 121.375 0.000
v 340.130 122.016 0.000
v 340.807 122.478 0.000
v 341.590 122.719 0.000
v 342.410 122.719 0.000
v 343.193 122.478 0.000
v 343.870 122.016 0.000
v 344.382 121.375 0.000
v 344.681 120.612 0.000
v 344.742 119.794 0.000
v 344.560 118.995 0.000
v 344.150 118.285 0.000
v 343.549 117.728 0.000
v 342.811 117.372 0.000
v 342.000 72.250 0.000
v 341.189 72.372 0.000
v 340.451 72.728 0.000
v 339.850 73.285 0.000
v 339.440 73.995 0.000
v 339.258 74.794 0.000
v 339.319 75.612 0.000
v 339.618 76.375 0.000
v 340.130 77.016 0.000
v 340.807 77.478 0.000
v 341.590 77.719 0.000
v 342.410 77.719 0.000
v 343.193 77.478 0.000
v 343.870 77.016 0.000
v 344.382 76.375 0.000
v 344.681 75.612 0.000
v 344.742 74.794 0.000
v 344.560 73.995 0.000
v 344.150 73.285 0.000
v 343.549 72.728 0.000
v 342.811 72.372 0.000
v 342.000 27.250 0.000
v 341.189 27.372 0.000
v 340.451 27.728 0.000
v 339.850 28.285 0.000
v 339.440 28.995 0.000
v 339.258 29.794 0.000
v 339.319 30.612 0.000
v 339.618 31.375 0.000
v 340.130 32.016 0.000
v 340.807 32.478 0.000
v 341.590 32.719 0.000
v 342.410 32.719 0.000
v 343.193 32.478 0.000
v 343.870 32.016 0.000
v 344.382 31.375 0.000
v 344.681 30.612 0.000
v 344.742 29.794 0.000
v 344.560 28.995 0.000
v 344.150 28.285 0.000
v 343.549 27.728 0.000
v 342.811 27.372 0.000
v 96.000 4.750 0.000
v 95.189 4.872 0.000
v 94.451 5.228 0.000
v 93.850 5.785 0.000
v 93.440 6.495 0.000
v 93.258 7.294 0.000
v 93.319 8.112 0.000
v 93.618 8.875 0.000
v 94.130 9.516 0.000
v 94.807 9.978 0.000
v 95.590 10.219 0.000
v 96.410 10.219 0.000
v 97.193 9.978 0.000
v 97.870 9.516 0.000
v 98.382 8.875 0.000
v 98.681 8.112 0.000
v 98.742 7.294 0.000
v 98.560 6.495 0.000
v 98.150 5.785 0.000
v 97.549 5.228 0.000
v 96.811 4.872 0.000
v 40.000 49.750 0.000
v 39.189 49.872 0.000
v 38.451 50.228 0.000
v 37.850 50.785 0.000
v 37.440 51.495 0.000
v 37.258 52.294 0.000
v 37.319 53.112 0.000
v 37.618 53.875 0.000
v 38.130 54.516 0.000
v 38.807 54.978 0.000
v 39.590 55.219 0.000
v 40.410 55.219 0.000
v 41.193 54.978 0.000
v 41.870 54.516 0.000
v 42.382 53.875 0.000
v 42.681 53.112 0.000
v 42.742 52.294 0.000
v 42.560 51.495 0.000
v 42.150 50.785 0.000
v 41.549 50.228 0.000
v 40.811 49.872 0.000
v 7.500 93.250 0.000
v 6.689 93.372 0.000
v 5.951 93.728 0.000
v 5.350 94.285 0.000
v 4.940 94.995 0.000
v 4.758 95.794 0.000
v 4.819 96.612 0.000
v 5.118 97.375 0.000
v 5.630 98.016 0.000
v 6.307 98.478 0.000
v 7.090 98.719 0.000
v 7.910 98.719 0.000
v 8.693 98.478 0.000
v 9.370 98.016 0.000
v 9.882 97.375 0.000
v 10.181 96.612 0.000
v 10.242 95.794 0.000
v 10.060 94.995 0.000
v 9.650 94.285 0.000
v 9.049 93.728 0.000
v 8.311 93.372 0.000
v 97.500 138.250 0.000
v 96.689 138.372 0.000
v 95.951 138.728 0.000
v 95.350 139.285 0.000
v 94.940 139.995 0.000
v 94.758 140.794 0.000
v 94.819 141.612 0.000
v 95.118 142.375 0.000
v 95.630 143.016 0.000
v 96.307 143.478 0.000
v 97.090 143.719 0.000
v 97.910 143.719 0.000
v 98.693 143.478 0.000
v 99.370 143.016 0.000
v 99.882 142.375 0.000
v 100.181 141.612 0.000
v 100.242 140.794 0.000
v 100.060 139.995 0.000
v 99.650 139.285 0.000
v 99.049 138.728 0.000
v 98.311 138.372 0.000
v 186.000 49.750 0.000
v 185.189 49.872 0.000
v 184.451 50.228 0.000
v 183.850 50.785 0.000
v 183.440 51.495 0.000
v 183.258 52.294 0.000
v 183.319 53.112 0.000
v 183.618 53.875 0.000
v 184.130 54.516 0.000
v 184.807 54.978 0.000
v 185.590 55.219 0.000
v 186.410 55.219 0.000
v 187.193 54.978 0.000
v 187.870 54.516 0.000
v 188.382 53.875 0.000
v 188.681 53.112 0.000
v 188.742 52.294 0.000
v 188.560 51.495 0.000
v 188.150 50.785 0.000
v 187.549 50.228 0.000
v 186.811 49.872 0.000
v 323.500 49.750 0.000
v 322.689 49.872 0.000
v 321.951 50.228 0.000
v 321.350 50.785 0.000
v 320.940 51.495 0.000
v 320.758 52.294 0.000
v 320.819 53.112 0.000
v 321.118 53.875 0.000
v 321.630 54.516 0.000
v 322.307 54.978 0.000
v 323.090 55.219 0.000
v 323.910 55.219 0.000
v 324.693 54.978 0.000
v 325.370 54.516 0.000
v 325.882 53.875 0.000
v 326.181 53.112 0.000
v 326.242 52.294 0.000
v 326.060 51.495 0.000
v 325.650 50.785 0.000
v 325.049 50.228 0.000
v 324.311 49.872 0.000
v 357.000 0.000 -18.000
v 2.000 0.000 -18.000
v 0.000 2.000 -18.000
v 0.000 238.000 -18.000
v 2.000 240.000 -18.000
v 357.000 240.000 -18.000
v 30.000 4.750 -18.000
v 29.189 4.872 -18.000
v 28.451 5.228 -18.000
v 27.850 5.785 -18.000
v 27.440 6.495 -18.000
v 27.258 7.294 -18.000
v 27.319 8.112 -18.000
v 27.618 8.875 -18.000
v 28.130 9.516 -18.000
v 28.807 9.978 -18.000
v 29.590 10.219 -18.000
v 30.410 10.219 -18.000
v 31.193 9.978 -18.000
v 31.870 9.516 -18.000
v 32.382 8.875 -18.000
v 32.681 8.112 -18.000
v 32.742 7.294 -18.000
v 32.560 6.495 -18.000
v 32.150 5.785 -18.000
v 31.549 5.228 -18.000
v 30.811 4.872 -18.000
v 45.000 9.250 -18.000
v 44.189 9.372 -18.000
v 43.451 9.728 -18.000
v 42.850 10.285 -18.000
v 42.440 10.995 -18.000
v 42.258 11.794 -18.000
v 42.319 12.612 -18.000
v 42.618 13.375 -18.000
v 43.130 14.016 -18.000
v 43.807 14.478 -18.000
v 44.590 14.719 -18.000
v 45.410 14.719 -18.000
v 46.193 14.478 -18.000
v 46.870 14.016 -18.000
v 47.382 13.375 -18.000
v 47.681 12.612 -18.000
v 47.742 11.794 -18.000
v 47.560 10.995 -18.000
v 47.150 10.285 -18.000
v 46.549 9.728 -18.000
v 45.811 9.372 -18.000
v 85.000 4.750 -18.000
v 84.189 4.872 -18.000
v 83.451 5.228 -18.000
v 82.850 5.785 -18.000
v 82.440 6.495 -18.000
v 82.258 7.294 -18.000
v 82.319 8.112 -18.000
v 82.618 8.875 -18.000
v 83.130 9.516 -18.000
v 83.807 9.978 -18.000
v 84.590 10.219 -18.000
v 85.410 10.219 -18.000
v 86.193 9.978 -18.000
v 86.870 9.516 -18.000
v 87.382 8.875 -18.000
v 87.681 8.112 -18.000
v 87.742 7.294 -18.000
v 87.560 6.495 -18.000
v 87.150 5.785 -18.000
v 86.549 5.228 -18.000
v 85.811 4.872 -18.000
v 80.000 27.250 -18.000
v 79.189 27.372 -18.000
v 78.451 27.728 -18.000
v 77.850 28.285 -18.000
v 77.440 28.995 -18.000
v 77.258 29.794 -18.000
v 77.319 30.612 -18.000
v 77.618 31.375 -18.000
v 78.130 32.016 -18.000
v 78.807 32.478 -18.000
v 79.590 32.719 -18.000
v 80.410 32.719 -18.000
v 81.193 32.478 -18.000
v 81.870 32.016 -18.000
v 82.382 31.375 -18.000
v 82.681 30.612 -18.000
v 82.742 29.794 -18.000
v 82.560 28.995 -18.000
v 82.150 28.285 -18.000
v 81.549 27.728 -18.000
v 80.811 27.372 -18.000
v 12.000 42.250 -18.000
v 11.189 42.372 -18.000
v 10.451 42.728 -18.000
v 9.850 43.285 -18.000
v 9.440 43.995 -18.000
v 9.258 44.794 -18.000
v 9.319 45.612 -18.000
v 9.618 46.375 -18.000
v 10.130 47.016 -18.000
v 10.807 47.478 -18.000
v 11.590 47.719 -18.000
v 12.410 47.719 -18.000
v 13.193 47.478 -18.000
v 13.870 47.016 -18.000
v 14.382 46.375 -18.000
v 14.681 45.612 -18.000
v 14.742 44.794 -18.000
v 14.560 43.995 -18.000
v 14.150 43.285 -18.000
v 13.549 42.728 -18.000
v 12.811 42.372 -18.000
v 40.000 72.250 -18.000
v 39.189 72.372 -18.000
v 38.451 72.728 -18.000
v 37.850 73.285 -18.000
v 37.440 73.995 -18.000
v 37.258 74.794 -18.000
v 37.319 75.612 -18.000
v 37.618 76.375 -18.000
v 38.130 77.016 -18.000
v 38.807 77.478 -18.000
v 39.590 77.719 -18.000
v 40.410 77.719 -18.000
v 41.193 77.478 -18.000
v 41.870 77.016 -18.000
v 42.382 76.375 -18.000
v 42.681 75.612 -18.000
v 42.742 74.794 -18.000
v 42.560 73.995 -18.000
v 42.150 73.285 -18.000
v 41.549 72.728 -18.000
v 40.811 72.372 -18.000
v 7.500 82.250 -18.000
v 6.689 82.372 -18.000
v 5.951 82.728 -18.000
v 5.350 83.285 -18.000
v 4.940 83.995 -18.000
v 4.758 84.794 -18.000
v 4.819 85.612 -18.000
v 5.118 86.375 -18.000
v 5.630 87.016 -18.000
v 6.307 87.478 -18.000
v 7.090 87.719 -18.000
v 7.910 87.719 -18.000
v 8.693 87.478 -18.000
v 9.370 87.016 -18.000
v 9.882 86.375 -18.000
v 10.181 85.612 -18.000
v 10.242 84.794 -18.000
v 10.060 83.995 -18.000
v 9.650 83.285 -18.000
v 9.049 82.728 -18.000
v 8.311 82.372 -18.000
v 10.500 117.250 -18.000
v 9.689 117.372 -18.000
v 8.951 117.728 -18.000
v 8.350 118.285 -18.000
v 7.940 118.995 -18.000
v 7.758 119.794 -18.000
v 7.819 120.612 -18.000
v 8.118 121.375 -18.000
v 8.630 122.016 -18.000
v 9.307 122.478 -18.000
v 10.090 122.719 -18.000
v 10.910 122.719 -18.000
v 11.693 122.478 -18.000
v 12.370 122.016 -18.000
v 12.882 121.375 -18.000
v 13.181 120.612 -18.000
v 13.242 119.794 -18.000
v 13.060 118.995 -18.000
v 12.650 118.285 -18.000
v 12.049 117.728 -18.000
v 11.311 117.372 -18.000
v 10.500 162.250 -18.000
v 9.689 162.372 -18.000
v 8.951 162.728 -18.000
v 8.350 163.285 -18.000
v 7.940 163.995 -18.000
v 7.758 164.794 -18.000
v 7.819 165.612 -18.000
v 8.118 166.375 -18.000
v 8.630 167.016 -18.000
v 9.307 167.478 -18.000
v 10.090 167.719 -18.000
v 10.910 167.719 -18.000
v 11.693 167.478 -18.000
v 12.370 167.016 -18.000
v 12.882 166.375 -18.000
v 13.181 165.612 -18.000
v 13.242 164.794 -18.000
v 13.060 163.995 -18.000
v 12.650 163.285 -18.000
v 12.049 162.728 -18.000
v 11.311 162.372 -18.000
v 10.500 207.250 -18.000
v 9.689 207.372 -18.000
v 8.951 207.728 -18.000
v 8.350 208.285 -18.000
v 7.940 208.995 -18.000
v 7.758 209.794 -18.000
v 7.819 210.612 -18.000
v 8.118 211.375 -18.000
v 8.630 212.016 -18.000
v 9.307 212.478 -18.000
v 10.090 212.719 -18.000
v 10.910 212.719 -18.000
v 11.693 212.478 -18.000
v 12.370 212.016 -18.000
v 12.882 211.375 -18.000
v 13.181 210.612 -18.000
v 13.242 209.794 -18.000
v 13.060 208.995 -18.000
v 12.650 208.285 -18.000
v 12.049 207.728 -18.000
v 11.311 207.372 -18.000
v 40.000 207.250 -18.000
v 39.189 207.372 -18.000
v 38.451 207.728 -18.000
v 37.850 208.285 -18.000
v 37.440 208.995 -18.000
v 37.258 209.794 -18.000
v 37.319 210.612 -18.000
v 37.618 211.375 -18.000
v 38.130 212.016 -18.000
v 38.807 212.478 -18.000
v 39.590 212.719 -18.000
v 40.410 212.719 -18.000
v 41.193 212.478 -18.000
v 41.870 212.016 -18.000
v 42.382 211.375 -18.000
v 42.681 210.612 -18.000
v 42.742 209.794 -18.000
v 42.560 208.995 -18.000
v 42.150 208.285 -18.000
v 41.549 207.728 -18.000
v 40.811 207.372 -18.000
v 40.000 162.250 -18.000
v 39.189 162.372 -18.000
v 38.451 162.728 -18.000
v 37.850 163.285 -18.000
v 37.440 163.995 -18.000
v 37.258 164.794 -18.000
v 37.319 165.612 -18.000
v 37.618 166.375 -18.000
v 38.130 167.016 -18.000
v 38.807 167.478 -18.000
v 39.590 167.719 -18.000
v 40.410 167.719 -18.000
v 41.193 167.478 -18.000
v 41.870 167.016 -18.000
v 42.382 166.375 -18.000
v 42.681 165.612 -18.000
v 42.742 164.794 -18.000
v 42.560 163.995 -18.000
v 42.150 163.285 -18.000
v 41.549 162.728 -18.000
v 40.811 162.372 -18.000
v 40.000 117.250 -18.000
v 39.189 117.372 -18.000
v 38.451 117.728 -18.000
v 37.850 118.285 -18.000
v 37.440 118.995 -18.000
v 37.258 119.794 -18.000
v 37.319 120.612 -18.000
v 37.618 121.375 -18.000
v 38.130 122.016 -18.000
v 38.807 122.478 -18.000
v 39.590 122.719 -18.000
v 40.410 122.719 -18.000
v 41.193 122.478 -18.000
v 41.870 122.016 -18.000
v 42.382 121.375 -18.000
v 42.681 120.612 -18.000
v 42.742 119.794 -18.000
v 42.560 118.995 -18.000
v 42.150 118.285 -18.000
v 41.549 117.728 -18.000
v 40.811 117.372 -18.000
v 80.000 72.250 -18.000
v 79.189 72.372 -18.000
v 78.451 72.728 -18.000
v 77.850 73.285 -18.000
v 77.440 73.995 -18.000
v 77.258 74.794 -18.000
v 77.319 75.612 -18.000
v 77.618 76.375 -18.000
v 78.130 77.016 -18.000
v 78.807 77.478 -18.000
v 79.590 77.719 -18.000
v 80.410 77.719 -18.000
v 81.193 77.478 -18.000
v 81.870 77.016 -18.000
v 82.382 76.375 -18.000
v 82.681 75.612 -18.000
v 82.742 74.794 -18.000
v 82.560 73.995 -18.000
v 82.150 73.285 -18.000
v 81.549 72.728 -18.000
v 80.811 72.372 -18.000
v 80.000 117.250 -18.000
v 79.189 117.372 -18.000
v 78.451 117.728 -18.000
v 77.850 118.285 -18.000
v 77.440 118.995 -18.000
v 77.258 119.794 -18.000
v 77.319 120.612 -18.000
v 77.618 121.375 -18.000
v 78.130 122.016 -18.000
v 78.807 122.478 -18.000
v 79.590 122.719 -18.000
v 80.410 122.719 -18.000
v 81.193 122.478 -18.000
v 81.870 122.016 -18.000
v 82.382 121.375 -18.000
v 82.681 120.612 -18.000
v 82.742 119.794 -18.000
v 82.560 118.995 -18.000
v 82.150 118.285 -18.000
v 81.549 117.728 -18.000
v 80.811 117.372 -18.000
v 80.000 162.250 -18.000
v 79.189 162.372 -18.000
v 78.451 162.728 -18.000
v 77.850 163.285 -18.000
v 77.440 163.995 -18.000
v 77.258 164.794 -18.000
v 77.319 165.612 -18.000
v 77.618 166.375 -18.000
v 78.130 167.016 -18.000
v 78.807 167.478 -18.000
v 79.590 167.719 -18.000
v 80.410 167.719 -18.000
v 81.193 167.478 -18.000
v 81.870 167.016 -18.000
v 82.382 166.375 -18.000
v 82.681 165.612 -18.000
v 82.742 164.794 -18.000
v 82.560 163.995 -18.000
v 82.150 163.285 -18.000
v 81.549 162.728 -18.000
v 80.811 162.372 -18.000
v 80.000 197.250 -18.000
v 79.189 197.372 -18.000
v 78.451 197.728 -18.000
v 77.850 198.285 -18.000
v 77.440 198.995 -18.000
v 77.258 199.794 -18.000
v 77.319 200.612 -18.000
v 77.618 201.375 -18.000
v 78.130 202.016 -18.000
v 78.807 202.478 -18.000
v 79.590 202.719 -18.000
v 80.410 202.719 -18.000
v 81.193 202.478 -18.000
v 81.870 202.016 -18.000
v 82.382 201.375 -18.000
v 82.681 200.612 -18.000
v 82.742 199.794 -18.000
v 82.560 198.995 -18.000
v 82.150 198.285 -18.000
v 81.549 197.728 -18.000
v 80.811 197.372 -18.000
v 125.000 207.250 -18.000
v 124.189 207.372 -18.000
v 123.451 207.728 -18.000
v 122.850 208.285 -18.000
v 122.440 208.995 -18.000
v 122.258 209.794 -18.000
v 122.319 210.612 -18.000
v 122.618 211.375 -18.000
v 123.130 212.016 -18.000
v 123.807 212.478 -18.000
v 124.590 212.719 -18.000
v 125.410 212.719 -18.000
v 126.193 212.478 -18.000
v 126.870 212.016 -18.000
v 127.382 211.375 -18.000
v 127.681 210.612 -18.000
v 127.742 209.794 -18.000
v 127.560 208.995 -18.000
v 127.150 208.285 -18.000
v 126.549 207.728 -18.000
v 125.811 207.372 -18.000
v 125.000 162.250 -18.000
v 124.189 162.372 -18.000
v 123.451 162.728 -18.000
v 122.850 163.285 -18.000
v 122.440 163.995 -18.000
v 122.258 164.794 -18.000
v 122.319 165.612 -18.000
v 122.618 166.375 -18.000
v 123.130 167.016 -18.000
v 123.807 167.478 -18.000
v 124.590 167.719 -18.000
v 125.410 167.719 -18.000
v 126.193 167.478 -18.000
v 126.870 167.016 -18.000
v 127.382 166.375 -18.000
v 127.681 165.612 -18.000
v 127.742 164.794 -18.000
v 127.560 163.995 -18.000
v 127.150 163.285 -18.000
v 126.549 162.728 -18.000
v 125.811 162.372 -18.000
v 102.000 87.250 -18.000
v 101.189 87.372 -18.000
v 100.451 87.728 -18.000
v 99.850 88.285 -18.000
v 99.440 88.995 -18.000
v 99.258 89.794 -18.000
v 99.319 90.612 -18.000
v 99.618 91.375 -18.000
v 100.130 92.016 -18.000
v 100.807 92.478 -18.000
v 101.590 92.719 -18.000
v 102.410 92.719 -18.000
v 103.193 92.478 -18.000
v 103.870 92.016 -18.000
v 104.382 91.375 -18.000
v 104.681 90.612 -18.000
v 104.742 89.794 -18.000
v 104.560 88.995 -18.000
v 104.150 88.285 -18.000
v 103.549 87.728 -18.000
v 102.811 87.372 -18.000
v 125.000 7.750 -18.000
v 124.189 7.872 -18.000
v 123.451 8.228 -18.000
v 122.850 8.785 -18.000
v 122.440 9.495 -18.000
v 122.258 10.294 -18.000
v 122.319 11.112 -18.000
v 122.618 11.875 -18.000
v 123.130 12.516 -18.000
v 123.807 12.978 -18.000
v 124.590 13.219 -18.000
v 125.410 13.219 -18.000
v 126.193 12.978 -18.000
v 126.870 12.516 -18.000
v 127.382 11.875 -18.000
v 127.681 11.112 -18.000
v 127.742 10.294 -18.000
v 127.560 9.495 -18.000
v 127.150 8.785 -18.000
v 126.549 8.228 -18.000
v 125.811 7.872 -18.000
v 125.000 27.250 -18.000
v 124.189 27.372 -18.000
v 123.451 27.728 -18.000
v 122.850 28.285 -18.000
v 122.440 28.995 -18.000
v 122.258 29.794 -18.000
v 122.319 30.612 -18.000
v 122.618 31.375 -18.000
v 123.130 32.016 -18.000
v 123.807 32.478 -18.000
v 124.590 32.719 -18.000
v 125.410 32.719 -18.000
v 126.193 32.478 -18.000
v 126.870 32.016 -18.000
v 127.382 31.375 -18.000
v 127.681 30.612 -18.000
v 127.742 29.794 -18.000
v 127.560 28.995 -18.000
v 127.150 28.285 -18.000
v 126.549 27.728 -18.000
v 125.811 27.372 -18.000
v 135.000 54.250 -18.000
v 134.189 54.372 -18.000
v 133.451 54.728 -18.000
v 132.850 55.285 -18.000
v 132.440 55.995 -18.000
v 132.258 56.794 -18.000
v 132.319 57.612 -18.000
v 132.618 58.375 -18.000
v 133.130 59.016 -18.000
v 133.807 59.478 -18.000
v 134.590 59.719 -18.000
v 135.410 59.719 -18.000
v 136.193 59.478 -18.000
v 136.870 59.016 -18.000
v 137.382 58.375 -18.000
v 137.681 57.612 -18.000
v 137.742 56.794 -18.000
v 137.560 55.995 -18.000
v 137.150 55.285 -18.000
v 136.549 54.728 -18.000
v 135.811 54.372 -18.000
v 125.000 72.250 -18.000
v 124.189 72.372 -18.000
v 123.451 72.728 -18.000
v 122.850 73.285 -18.000
v 122.440 73.995 -18.000
v 122.258 74.794 -18.000
v 122.319 75.612 -18.000
v 122.618 76.375 -18.000
v 123.130 77.016 -18.000
v 123.807 77.478 -18.000
v 124.590 77.719 -18.000
v 125.410 77.719 -18.000
v 126.193 77.478 -18.000
v 126.870 77.016 -18.000
v 127.382 76.375 -18.000
v 127.681 75.612 -18.000
v 127.742 74.794 -18.000
v 127.560 73.995 -18.000
v 127.150 73.285 -18.000
v 126.549 72.728 -18.000
v 125.811 72.372 -18.000
v 125.000 117.250 -18.000
v 124.189 117.372 -18.000
v 123.451 117.728 -18.000
v 122.850 118.285 -18.000
v 122.440 118.995 -18.000
v 122.258 119.794 -18.000
v 122.319 120.612 -18.000
v 122.618 121.375 -18.000
v 123.130 122.016 -18.000
v 123.807 122.478 -18.000
v 124.590 122.719 -18.000
v 125.410 122.719 -18.000
v 126.193 122.478 -18.000
v 126.870 122.016 -18.000
v 127.382 121.375 -18.000
v 127.681 120.612 -18.000
v 127.742 119.794 -18.000
v 127.560 118.995 -18.000
v 127.150 118.285 -18.000
v 126.549 117.728 -18.000
v 125.811 117.372 -18.000
v 170.000 207.250 -18.000
v 169.189 207.372 -18.000
v 168.451 207.728 -18.000
v 167.850 208.285 -18.000
v 167.440 208.995 -18.000
v 167.258 209.794 -18.000
v 167.319 210.612 -18.000
v 167.618 211.375 -18.000
v 168.130 212.016 -18.000
v 168.807 212.478 -18.000
v 169.590 212.719 -18.000
v 170.410 212.719 -18.000
v 171.193 212.478 -18.000
v 171.870 212.016 -18.000
v 172.382 211.375 -18.000
v 172.681 210.612 -18.000
v 172.742 209.794 -18.000
v 172.560 208.995 -18.000
v 172.150 208.285 -18.000
v 171.549 207.728 -18.000
v 170.811 207.372 -18.000
v 170.000 162.250 -18.000
v 169.189 162.372 -18.000
v 168.451 162.728 -18.000
v 167.850 163.285 -18.000
v 167.440 163.995 -18.000
v 167.258 164.794 -18.000
v 167.319 165.612 -18.000
v 167.618 166.375 -18.000
v 168.130 167.016 -18.000
v 168.807 167.478 -18.000
v 169.590 167.719 -18.000
v 170.410 167.719 -18.000
v 171.193 167.478 -18.000
v 171.870 167.016 -18.000
v 172.382 166.375 -18.000
v 172.681 165.612 -18.000
v 172.742 164.794 -18.000
v 172.560 163.995 -18.000
v 172.150 163.285 -18.000
v 171.549 162.728 -18.000
v 170.811 162.372 -18.000
v 170.000 117.250 -18.000
v 169.189 117.372 -18.000
v 168.451 117.728 -18.000
v 167.850 118.285 -18.000
v 167.440 118.995 -18.000
v 167.258 119.794 -18.000
v 167.319 120.612 -18.000
v 167.618 121.375 -18.000
v 168.130 122.016 -18.000
v 168.807 122.478 -18.000
v 169.590 122.719 -18.000
v 170.410 122.719 -18.000
v 171.193 122.478 -18.000
v 171.870 122.016 -18.000
v 172.382 121.375 -18.000
v 172.681 120.612 -18.000
v 172.742 119.794 -18.000
v 172.560 118.995 -18.000
v 172.150 118.285 -18.000
v 171.549 117.728 -18.000
v 170.811 117.372 -18.000
v 170.000 72.250 -18.000
v 169.189 72.372 -18.000
v 168.451 72.728 -18.000
v 167.850 73.285 -18.000
v 167.440 73.995 -18.000
v 167.258 74.794 -18.000
v 167.319 75.612 -18.000
v 167.618 76.375 -18.000
v 168.130 77.016 -18.000
v 168.807 77.478 -18.000
v 169.590 77.719 -18.000
v 170.410 77.719 -18.000
v 171.193 77.478 -18.000
v 171.870 77.016 -18.000
v 172.382 76.375 -18.000
v 172.681 75.612 -18.000
v 172.742 74.794 -18.000
v 172.560 73.995 -18.000
v 172.150 73.285 -18.000
v 171.549 72.728 -18.000
v 170.811 72.372 -18.000
v 170.000 27.250 -18.000
v 169.189 27.372 -18.000
v 168.451 27.728 -18.000
v 167.850 28.285 -18.000
v 167.440 28.995 -18.000
v 167.258 29.794 -18.000
v 167.319 30.612 -18.000
v 167.618 31.375 -18.000
v 168.130 32.016 -18.000
v 168.807 32.478 -18.000
v 169.590 32.719 -18.000
v 170.410 32.719 -18.000
v 171.193 32.478 -18.000
v 171.870 32.016 -18.000
v 172.382 31.375 -18.000
v 172.681 30.612 -18.000
v 172.742 29.794 -18.000
v 172.560 28.995 -18.000
v 172.150 28.285 -18.000
v 171.549 27.728 -18.000
v 170.811 27.372 -18.000
v 215.000 7.750 -18.000
v 214.189 7.872 -18.000
v 213.451 8.228 -18.000
v 212.850 8.785 -18.000
v 212.440 9.495 -18.000
v 212.258 10.294 -18.000
v 212.319 11.112 -18.000
v 212.618 11.875 -18.000
v 213.130 12.516 -18.000
v 213.807 12.978 -18.000
v 214.590 13.219 -18.000
v 215.410 13.219 -18.000
v 216.193 12.978 -18.000
v 216.870 12.516 -18.000
v 217.382 11.875 -18.000
v 217.681 11.112 -18.000
v 217.742 10.294 -18.000
v 217.560 9.495 -18.000
v 217.150 8.785 -18.000
v 216.549 8.228 -18.000
v 215.811 7.872 -18.000
v 215.000 27.250 -18.000
v 214.189 27.372 -18.000
v 213.451 27.728 -18.000
v 212.850 28.285 -18.000
v 212.440 28.995 -18.000
v 212.258 29.794 -18.000
v 212.319 30.612 -18.000
v 212.618 31.375 -18.000
v 213.130 32.016 -18.000
v 213.807 32.478 -18.000
v 214.590 32.719 -18.000
v 215.410 32.719 -18.000
v 216.193 32.478 -18.000
v 216.870 32.016 -18.000
v 217.382 31.375 -18.000
v 217.681 30.612 -18.000
v 217.742 29.794 -18.000
v 217.560 28.995 -18.000
v 217.150 28.285 -18.000
v 216.549 27.728 -18.000
v 215.811 27.372 -18.000
v 215.000 72.250 -18.000
v 214.189 72.372 -18.000
v 213.451 72.728 -18.000
v 212.850 73.285 -18.000
v 212.440 73.995 -18.000
v 212.258 74.794 -18.000
v 212.319 75.612 -18.000
v 212.618 76.375 -18.000
v 213.130 77.016 -18.000
v 213.807 77.478 -18.000
v 214.590 77.719 -18.000
v 215.410 77.719 -18.000
v 216.193 77.478 -18.000
v 216.870 77.016 -18.000
v 217.382 76.375 -18.000
v 217.681 75.612 -18.000
v 217.742 74.794 -18.000
v 217.560 73.995 -18.000
v 217.150 73.285 -18.000
v 216.549 72.728 -18.000
v 215.811 72.372 -18.000
v 215.000 117.250 -18.000
v 214.189 117.372 -18.000
v 213.451 117.728 -18.000
v 212.850 118.285 -18.000
v 212.440 118.995 -18.000
v 212.258 119.794 -18.000
v 212.319 120.612 -18.000
v 212.618 121.375 -18.000
v 213.130 122.016 -18.000
v 213.807 122.478 -18.000
v 214.590 122.719 -18.000
v 215.410 122.719 -18.000
v 216.193 122.478 -18.000
v 216.870 122.016 -18.000
v 217.382 121.375 -18.000
v 217.681 120.612 -18.000
v 217.742 119.794 -18.000
v 217.560 118.995 -18.000
v 217.150 118.285 -18.000
v 216.549 117.728 -18.000
v 215.811 117.372 -18.000
v 215.000 162.250 -18.000
v 214.189 162.372 -18.000
v 213.451 162.728 -18.000
v 212.850 163.285 -18.000
v 212.440 163.995 -18.000
v 212.258 164.794 -18.000
v 212.319 165.612 -18.000
v 212.618 166.375 -18.000
v 213.130 167.016 -18.000
v 213.807 167.478 -18.000
v 214.590 167.719 -18.000
v 215.410 167.719 -18.000
v 216.193 167.478 -18.000
v 216.870 167.016 -18.000
v 217.382 166.375 -18.000
v 217.681 165.612 -18.000
v 217.742 164.794 -18.000
v 217.560 163.995 -18.000
v 217.150 163.285 -18.000
v 216.549 162.728 -18.000
v 215.811 162.372 -18.000
v 215.000 207.250 -18.000
v 214.189 207.372 -18.000
v 213.451 207.728 -18.000
v 212.850 208.285 -18.000
v 212.440 208.995 -18.000
v 212.258 209.794 -18.000
v 212.319 210.612 -18.000
v 212.618 211.375 -18.000
v 213.130 212.016 -18.000
v 213.807 212.478 -18.000
v 214.590 212.719 -18.000
v 215.410 212.719 -18.000
v 216.193 212.478 -18.000
v 216.870 212.016 -18.000
v 217.382 211.375 -18.000
v 217.681 210.612 -18.000
v 217.742 209.794 -18.000
v 217.560 208.995 -18.000
v 217.150 208.285 -18.000
v 216.549 207.728 -18.000
v 215.811 207.372 -18.000
v 260.000 207.250 -18.000
v 259.189 207.372 -18.000
v 258.451 207.728 -18.000
v 257.850 208.285 -18.000
v 257.440 208.995 -18.000
v 257.258 209.794 -18.000
v 257.319 210.612 -18.000
v 257.618 211.375 -18.000
v 258.130 212.016 -18.000
v 258.807 212.478 -18.000
v 259.590 212.719 -18.000
v 260.410 212.719 -18.000
v 261.193 212.478 -18.000
v 261.870 212.016 -18.000
v 262.382 211.375 -18.000
v 262.681 210.612 -18.000
v 262.742 209.794 -18.000
v 262.560 208.995 -18.000
v 262.150 208.285 -18.000
v 261.549 207.728 -18.000
v 260.811 207.372 -18.000
v 260.000 162.250 -18.000
v 259.189 162.372 -18.000
v 258.451 162.728 -18.000
v 257.850 163.285 -18.000
v 257.440 163.995 -18.000
v 257.258 164.794 -18.000
v 257.319 165.612 -18.000
v 257.618 166.375 -18.000
v 258.130 167.016 -18.000
v 258.807 167.478 -18.000
v 259.590 167.719 -18.000
v 260.410 167.719 -18.000
v 261.193 167.478 -18.000
v 261.870 167.016 -18.000
v 262.382 166.375 -18.000
v 262.681 165.612 -18.000
v 262.742 164.794 -18.000
v 262.560 163.995 -18.000
v 262.150 163.285 -18.000
v 261.549 162.728 -18.000
v 260.811 162.372 -18.000
v 260.000 117.250 -18.000
v 259.189 117.372 -18.000
v 258.451 117.728 -18.000
v 257.850 118.285 -18.000
v 257.440 118.995 -18.000
v 257.258 119.794 -18.000
v 257.319 120.612 -18.000
v 257.618 121.375 -18.000
v 258.130 122.016 -18.000
v 258.807 122.478 -18.000
v 259.590 122.719 -18.000
v 260.410 122.719 -18.000
v 261.193 122.478 -18.000
v 261.870 122.016 -18.000
v 262.382 121.375 -18.000
v 262.681 120.612 -18.000
v 262.742 119.794 -18.000
v 262.560 118.995 -18.000
v 262.150 118.285 -18.000
v 261.549 117.728 -18.000
v 260.811 117.372 -18.000
v 260.000 72.250 -18.000
v 259.189 72.372 -18.000
v 258.451 72.728 -18.000
v 257.850 73.285 -18.000
v 257.440 73.995 -18.000
v 257.258 74.794 -18.000
v 257.319 75.612 -18.000
v 257.618 76.375 -18.000
v 258.130 77.016 -18.000
v 258.807 77.478 -18.000
v 259.590 77.719 -18.000
v 260.410 77.719 -18.000
v 261.193 77.478 -18.000
v 261.870 77.016 -18.000
v 262.382 76.375 -18.000
v 262.681 75.612 -18.000
v 262.742 74.794 -18.000
v 262.560 73.995 -18.000
v 262.150 73.285 -18.000
v 261.549 72.728 -18.000
v 260.811 72.372 -18.000
v 260.000 27.250 -18.000
v 259.189 27.372 -18.000
v 258.451 27.728 -18.000
v 257.850 28.285 -18.000
v 257.440 28.995 -18.000
v 257.258 29.794 -18.000
v 257.319 30.612 -18.000
v 257.618 31.375 -18.000
v 258.130 32.016 -18.000
v 258.807 32.478 -18.000
v 259.590 32.719 -18.000
v 260.410 32.719 -18.000
v 261.193 32.478 -18.000
v 261.870 32.016 -18.000
v 262.382 31.375 -18.000
v 262.681 30.612 -18.000
v 262.742 29.794 -18.000
v 262.560 28.995 -18.000
v 262.150 28.285 -18.000
v 261.549 27.728 -18.000
v 260.811 27.372 -18.000
v 260.000 7.750 -18.000
v 259.189 7.872 -18.000
v 258.451 8.228 -18.000
v 257.850 8.785 -18.000
v 257.440 9.495 -18.000
v 257.258 10.294 -18.000
v 257.319 11.112 -18.000
v 257.618 11.875 -18.000
v 258.130 12.516 -18.000
v 258.807 12.978 -18.000
v 259.590 13.219 -18.000
v 260.410 13.219 -18.000
v 261.193 12.978 -18.000
v 261.870 12.516 -18.000
v 262.382 11.875 -18.000
v 262.681 11.112 -18.000
v 262.742 10.294 -18.000
v 262.560 9.495 -18.000
v 262.150 8.785 -18.000
v 261.549 8.228 -18.000
v 260.811 7.872 -18.000
v 305.000 27.250 -18.000
v 304.189 27.372 -18.000
v 303.451 27.728 -18.000
v 302.850 28.285 -18.000
v 302.440 28.995 -18.000
v 302.258 29.794 -18.000
v 302.319 30.612 -18.000
v 302.618 31.375 -18.000
v 303.130 32.016 -18.000
v 303.807 32.478 -18.000
v 304.590 32.719 -18.000
v 305.410 32.719 -18.000
v 306.193 32.478 -18.000
v 306.870 32.016 -18.000
v 307.382 31.375 -18.000
v 307.681 30.612 -18.000
v 307.742 29.794 -18.000
v 307.560 28.995 -18.000
v 307.150 28.285 -18.000
v 306.549 27.728 -18.000
v 305.811 27.372 -18.000
v 305.000 72.250 -18.000
v 304.189 72.372 -18.000
v 303.451 72.728 -18.000
v 302.850 73.285 -18.000
v 302.440 73.995 -18.000
v 302.258 74.794 -18.000
v 302.319 75.612 -18.000
v 302.618 76.375 -18.000
v 303.130 77.016 -18.000
v 303.807 77.478 -18.000
v 304.590 77.719 -18.000
v 305.410 77.719 -18.000
v 306.193 77.478 -18.000
v 306.870 77.016 -18.000
v 307.382 76.375 -18.000
v 307.681 75.612 -18.000
v 307.742 74.794 -18.000
v 307.560 73.995 -18.000
v 307.150 73.285 -18.000
v 306.549 72.728 -18.000
v 305.811 72.372 -18.000
v 305.000 117.250 -18.000
v 304.189 117.372 -18.000
v 303.451 117.728 -18.000
v 302.850 118.285 -18.000
v 302.440 118.995 -18.000
v 302.258 119.794 -18.000
v 302.319 120.612 -18.000
v 302.618 121.375 -18.000
v 303.130 122.016 -18.000
v 303.807 122.478 -18.000
v 304.590 122.719 -18.000
v 305.410 122.719 -18.000
v 306.193 122.478 -18.000
v 306.870 122.016 -18.000
v 307.382 121.375 -18.000
v 307.681 120.612 -18.000
v 307.742 119.794 -18.000
v 307.560 118.995 -18.000
v 307.150 118.285 -18.000
v 306.549 117.728 -18.000
v 305.811 117.372 -18.000
v 305.000 162.250 -18.000
v 304.189 162.372 -18.000
v 303.451 162.728 -18.000
v 302.850 163.285 -18.000
v 302.440 163.995 -18.000
v 302.258 164.794 -18.000
v 302.319 165.612 -18.000
v 302.618 166.375 -18.000
v 303.130 167.016 -18.000
v 303.807 167.478 -18.000
v 304.590 167.719 -18.000
v 305.410 167.719 -18.000
v 306.193 167.478 -18.000
v 306.870 167.016 -18.000
v 307.382 166.375 -18.000
v 307.681 165.612 -18.000
v 307.742 164.794 -18.000
v 307.560 163.995 -18.000
v 307.150 163.285 -18.000
v 306.549 162.728 -18.000
v 305.811 162.372 -18.000
v 305.000 207.250 -18.000
v 304.189 207.372 -18.000
v 303.451 207.728 -18.000
v 302.850 208.285 -18.000
v 302.440 208.995 -18.000
v 302.258 209.794 -18.000
v 302.319 210.612 -18.000
v 302.618 211.375 -18.000
v 303.130 212.016 -18.000
v 303.807 212.478 -18.000
v 304.590 212.719 -18.000
v 305.410 212.719 -18.000
v 306.193 212.478 -18.000
v 306.870 212.016 -18.000
v 307.382 211.375 -18.000
v 307.681 210.612 -18.000
v 307.742 209.794 -18.000
v 307.560 208.995 -18.000
v 307.150 208.285 -18.000
v 306.549 207.728 -18.000
v 305.811 207.372 -18.000
v 342.000 207.250 -18.000
v 341.189 207.372 -18.000
v 340.451 207.728 -18.000
v 339.850 208.285 -18.000
v 339.440 208.995 -18.000
v 339.258 209.794 -18.000
v 339.319 210.612 -18.000
v 339.618 211.375 -18.000
v 340.130 212.016 -18.000
v 340.807 212.478 -18.000
v 341.590 212.719 -18.000
v 342.410 212.719 -18.000
v 343.193 212.478 -18.000
v 343.870 212.016 -18.000
v 344.382 211.375 -18.000
v 344.681 210.612 -18.000
v 344.742 209.794 -18.000
v 344.560 208.995 -18.000
v 344.150 208.285 -18.000
v 343.549 207.728 -18.000
v 342.811 207.372 -18.000
v 342.000 162.250 -18.000
v 341.189 162.372 -18.000
v 340.451 162.728 -18.000
v 339.850 163.285 -18.000
v 339.440 163.995 -18.000
v 339.258 164.794 -18.000
v 339.319 165.612 -18.000
v 339.618 166.375 -18.000
v 340.130 167.016 -18.000
v 340.807 167.478 -18.000
v 341.590 167.719 -18.000
v 342.410 167.719 -18.000
v 343.193 167.478 -18.000
v 343.870 167.016 -18.000
v 344.382 166.375 -18.000
v 344.681 165.612 -18.000
v 344.742 164.794 -18.000
v 344.560 163.995 -18.000
v 344.150 163.285 -18.000
v 343.549 162.728 -18.000
v 342.811 162.372 -18.000
v 342.000 117.250 -18.000
v 341.189 117.372 -18.000
v 340.451 117.728 -18.000
v 339.850 118.285 -18.000
v 339.440 118.995 -18.000
v 339.258 119.794 -18.000
v 339.319 120.612 -18.000
v 339.618 121.375 -18.000
v 340.130 122.016 -18.000
v 340.807 122.478 -18.000
v 341.590 122.719 -18.000
v 342.410 122.719 -18.000
v 343.193 122.478 -18.000
v 343.870 122.016 -18.000
v 344.382 121.375 -18.000
v 344.681 120.612 -18.000
v 344.742 119.794 -18.000
v 344.560 118.995 -18.000
v 344.150 118.285 -18.000
v 343.549 117.728 -18.000
v 342.811 117.372 -18.000
v 342.000 72.250 -18.000
v 341.189 72.372 -18.000
v 340.451 72.728 -18.000
v 339.850 73.285 -18.000
v 339.440 73.995 -18.000
v 339.258 74.794 -18.000
v 339.319 75.612 -18.000
v 339.618 76.375 -18.000
v 340.130 77.016 -18.000
v 340.807 77.478 -18.000
v 341.590 77.719 -18.000
v 342.410 77.719 -18.000
v 343.193 77.478 -18.000
v 343.870 77.016 -18.000
v 344.382 76.375 -18.000
v 344.681 75.612 -18.000
v 344.742 74.794 -18.000
v 344.560 73.995 -18.000
v 344.150 73.285 -18.000
v 343.549 72.728 -18.000
v 342.811 72.372 -18.000
v 342.000 27.250 -18.000
v 341.189 27.372 -18.000
v 340.451 27.728 -18.000
v 339.850 28.285 -18.000
v 339.440 28.995 -18.000
v 339.258 29.794 -18.000
v 339.319 30.612 -18.000
v 339.618 31.375 -18.000
v 340.130 32.016 -18.000
v 340.807 32.478 -18.000
v 341.590 32.719 -18.000
v 342.410 32.719 -18.000
v 343.193 32.478 -18.000
v 343.870 32.016 -18.000
v 344.382 31.375 -18.000
v 344.681 30.612 -18.000
v 344.742 29.794 -18.000
v 344.560 28.995 -18.000
v 344.150 28.285 -18.000
v 343.549 27.728 -18.000
v 342.811 27.372 -18.000
v 96.000 4.750 -18.000
v 95.189 4.872 -18.000
v 94.451 5.228 -18.000
v 93.850 5.785 -18.000
v 93.440 6.495 -18.000
v 93.258 7.294 -18.000
v 93.319 8.112 -18.000
v 93.618 8.875 -18.000
v 94.130 9.516 -18.000
v 94.807 9.978 -18.000
v 95.590 10.219 -18.000
v 96.410 10.219 -18.000
v 97.193 9.978 -18.000
v 97.870 9.516 -18.000
v 98.382 8.875 -18.000
v 98.681 8.112 -18.000
v 98.742 7.294 -18.000
v 98.560 6.495 -18.000
v 98.150 5.785 -18.000
v 97.549 5.228 -18.000
v 96.811 4.872 -18.000
v 40.000 49.750 -18.000
v 39.189 49.872 -18.000
v 38.451 50.228 -18.000
v 37.850 50.785 -18.000
v 37.440 51.495 -18.000
v 37.258 52.294 -18.000
v 37.319 53.112 -18.000
v 37.618 53.875 -18.000
v 38.130 54.516 -18.000
v 38.807 54.978 -18.000
v 39.590 55.219 -18.000
v 40.410 55.219 -18.000
v 41.193 54.978 -18.000
v 41.870 54.516 -18.000
v 42.382 53.875 -18.000
v 42.681 53.112 -18.000
v 42.742 52.294 -18.000
v 42.560 51.495 -18.000
v 42.150 50.785 -18.000
v 41.549 50.228 -18.000
v 40.811 49.872 -18.000
v 7.500 93.250 -18.000
v 6.689 93.372 -18.000
v 5.951 93.728 -18.000
v 5.350 94.285 -18.000
v 4.940 94.995 -18.000
v 4.758 95.794 -18.000
v 4.819 96.612 -18.000
v 5.118 97.375 -18.000
v 5.630 98.016 -18.000
v 6.307 98.478 -18.000
v 7.090 98.719 -18.000
v 7.910 98.719 -18.000
v 8.693 98.478 -18.000
v 9.370 98.016 -18.000
v 9.882 97.375 -18.000
v 10.181 96.612 -18.000
v 10.242 95.794 -18.000
v 10.060 94.995 -18.000
v 9.650 94.285 -18.000
v 9.049 93.728 -18.000
v 8.311 93.372 -18.000
v 97.500 138.250 -18.000
v 96.689 138.372 -18.000
v 95.951 138.728 -18.000
v 95.350 139.285 -18.000
v 94.940 139.995 -18.000
v 94.758 140.794 -18.000
v 94.819 141.612 -18.000
v 95.118 142.375 -18.000
v 95.630 143.016 -18.000
v 96.307 143.478 -18.000
v 97.090 143.719 -18.000
v 97.910 143.719 -18.000
v 98.693 143.478 -18.000
v 99.370 143.016 -18.000
v 99.882 142.375 -18.000
v 100.181 141.612 -18.000
v 100.242 140.794 -18.000
v 100.060 139.995 -18.000
v 99.650 139.285 -18.000
v 99.049 138.728 -18.000
v 98.311 138.372 -18.000
v 186.000 49.750 -18.000
v 185.189 49.872 -18.000
v 184.451 50.228 -18.000
v 183.850 50.785 -18.000
v 183.440 51.495 -18.000
v 183.258 52.294 -18.000
v 183.319 53.112 -18.000
v 183.618 53.875 -18.000
v 184.130 54.516 -18.000
v 184.807 54.978 -18.000
v 185.590 55.219 -18.000
v 186.410 55.219 -18.000
v 187.193 54.978 -18.000
v 187.870 54.516 -18.000
v 188.382 53.875 -18.000
v 188.681 53.112 -18.000
v 188.742 52.294 -18.000
v 188.560 51.495 -18.000
v 188.150 50.785 -18.000
v 187.549 50.228 -18.000
v 186.811 49.872 -18.000
v 323.500 49.750 -18.000
v 322.689 49.872 -18.000
v 321.951 50.228 -18.000
v 321.350 50.785 -18.000
v 320.940 51.495 -18.000
v 320.758 52.294 -18.000
v 320.819 53.112 -18.000
v 321.118 53.875 -18.000
v 321.630 54.516 -18.000
v 322.307 54.978 -18.000
v 323.090 55.219 -18.000
v 323.910 55.219 -18.000
v 324.693 54.978 -18.000
v 325.370 54.516 -18.000
v 325.882 53.875 -18.000
v 326.181 53.112 -18.000
v 326.242 52.294 -18.000
v 326.060 51.495 -18.000
v 325.650 50.785 -18.000
v 325.049 50.228 -18.000
v 324.311 49.872 -18.000
f 2 42 1
f 3 41 42
f 3 42 2
f 4 40 41
f 4 41 3
f 5 39 40
f 5 40 4
f 6 38 39
f 6 39 5
f 7 37 38
f 7 38 6
f 8 37 7
f 9 35 36
f 9 36 37
f 9 37 8
f 10 35 9
f 11 33 34
f 11 34 35
f 11 35 10
f 12 32 33
f 12 33 11
f 13 31 32
f 13 32 12
f 14 30 31
f 14 31 13
f 15 30 14
f 16 30 15
f 16 28 29
f 16 29 30
f 17 28 16
f 18 28 17
f 18 27 28
f 19 27 18
f 19 25 26
f 19 26 27
f 20 25 19
f 20 24 25
f 21 24 20
f 22 23 24
f 22 24 21
f 2 1 23
f 2 23 22
f 44 84 43
f 45 83 84
f 45 84 44
f 46 82 83
f 46 83 45
f 47 81 82
f 47 82 46
f 48 80 81
f 48 81 47
f 49 79 80
f 49 80 48
f 50 79 49
f 51 77 78
f 51 78 79
f 51 79 50
f 52 77 51
f 53 75 76
f 53 76 77
f 53 77 52
f 54 74 75
f 54 75 53
f 55 73 74
f 55 74 54
f 56 72 73
f 56 73 55
f 57 72 56
f 58 72 57
f 58 70 71
f 58 71 72
f 59 70 58
f 60 70 59
f 60 69 70
f 61 69 60
f 61 67 68
f 61 68 69
f 62 67 61
f 62 66 67
f 63 66 62
f 64 65 66
f 64 66 63
f 44 43 65
f 44 65 64
f 86 126 85
f 87 125 126
f 87 126 86
f 88 124 125
f 88 125 87
f 89 123 124
f 89 124 88
f 90 122 123
f 90 123 89
f 91 121 122
f 91 122 90
f 92 121 91
f 93 119 120
f 93 120 121
f 93 121 92
f 94 119 93
f 95 117 118
f 95 118 119
f 95 119 94
f 96 116 117
f 96 117 95
f 97 115 116
f 97 116 96
f 98 114 115
f 98 115 97
f 99 114 98
f 100 114 99
f 100 112 113
f 100 113 114
f 101 112 100
f 102 112 101
f 102 111 112
f 103 111 102
f 103 109 110
f 103 110 111
f 104 109 103
f 104 108 109
f 105 108 104
f 106 107 108
f 106 108 105
f 86 85 107
f 86 107 106
f 135 136 131
f 137 131 136
f 134 135 131
f 138 131 137
f 133 134 131
f 139 132 131
f 139 131 138
f 140 132 139
f 157 149 150
f 219 220 132
f 156 157 150
f 156 150 151
f 221 132 220
f 158 149 157
f 158 148 149
f 218 219 132
f 155 151 152
f 155 156 151
f 222 132 221
f 159 148 158
f 159 147 148
f 217 218 132
f 217 140 141
f 217 132 140
f 154 152 153
f 154 155 152
f 160 147 159
f 160 146 147
f 237 217 141
f 237 141 142
f 174 154 153
f 161 146 160
f 161 145 146
f 236 142 143
f 236 237 142
f 162 144 145
f 162 145 161
f 235 143 144
f 235 236 143
f 262 223 224
f 178 172 173
f 1249 233 234
f 261 262 224
f 261 224 225
f 177 173 174
f 177 178 173
f 1248 234 235
f 1248 1249 234
f 179 171 172
f 179 172 178
f 263 132 222
f 263 223 262
f 263 222 223
f 1250 232 233
f 1250 233 1249
f 260 261 225
f 260 225 226
f 176 153 133
f 176 174 153
f 176 177 174
f 1247 1248 235
f 1247 162 163
f 1247 144 162
f 1247 235 144
f 264 132 263
f 180 170 171
f 180 171 179
f 1251 231 232
f 1251 232 1250
f 259 260 226
f 259 226 227
f 175 176 133
f 175 133 131
f 1246 163 164
f 1246 1247 163
f 181 170 180
f 181 169 170
f 1252 230 231
f 1252 231 1251
f 279 227 228
f 279 259 227
f 1266 1246 164
f 1266 164 165
f 1253 229 230
f 1253 230 1252
f 278 228 229
f 278 279 228
f 1265 1266 165
f 1265 165 166
f 1270 266 267
f 1228 192 193
f 1269 267 268
f 1269 1270 267
f 1227 1228 193
f 1227 193 194
f 1271 265 266
f 1271 266 1270
f 1229 192 1228
f 1229 191 192
f 1268 1269 268
f 1268 268 269
f 1226 1227 194
f 1226 194 195
f 1272 132 264
f 1272 264 265
f 1272 265 1271
f 1230 191 1229
f 1230 190 191
f 1267 1268 269
f 1267 269 270
f 1225 1226 195
f 1225 195 175
f 1231 190 1230
f 1231 189 190
f 1287 270 271
f 1287 1267 270
f 1232 189 1231
f 1232 188 189
f 1286 1287 271
f 1286 271 272
f 1233 187 188
f 1233 188 1232
f 1285 1286 272
f 1285 272 273
f 1234 187 1233
f 1284 273 274
f 1284 1285 273
f 199 168 169
f 199 169 181
f 199 181 182
f 198 199 182
f 198 182 183
f 200 167 168
f 200 168 199
f 197 198 183
f 197 183 184
f 201 167 200
f 201 166 167
f 196 197 184
f 196 184 185
f 202 1265 166
f 202 166 201
f 202 1264 1265
f 216 196 185
f 216 185 186
f 203 1264 202
f 203 1263 1264
f 215 216 186
f 215 186 187
f 204 1263 203
f 204 1262 1263
f 214 215 187
f 214 187 1234
f 214 1234 1235
f 241 229 1253
f 241 1253 1254
f 240 241 1254
f 240 1254 1255
f 205 1262 204
f 242 278 229
f 242 277 278
f 242 229 241
f 213 214 1235
f 213 1235 1236
f 239 240 1255
f 239 1255 1256
f 243 276 277
f 243 277 242
f 238 239 1256
f 238 1256 1257
f 212 213 1236
f 244 275 276
f 244 276 243
f 258 238 1257
f 258 1257 1258
f 245 274 275
f 245 275 244
f 257 258 1258
f 257 1258 1259
f 246 1283 1284
f 246 1284 274
f 246 274 245
f 256 257 1259
f 256 1259 1260
f 247 1283 246
f 255 256 1260
f 283 1275 1276
f 282 1276 1277
f 282 283 1276
f 284 1275 283
f 284 1274 1275
f 281 1277 1278
f 281 282 1277
f 285 1274 284
f 285 1273 1274
f 280 281 1278
f 280 1278 1279
f 286 1273 285
f 300 1279 1280
f 300 280 1279
f 299 1280 1281
f 299 300 1280
f 298 299 1281
f 556 1242 1243
f 555 556 1243
f 555 1243 1244
f 557 1241 1242
f 557 1242 556
f 554 555 1244
f 554 1244 1245
f 558 1241 557
f 558 1240 1241
f 553 554 1245
f 553 1245 1225
f 559 1239 1240
f 559 1240 558
f 560 1238 1239
f 560 1239 559
f 409 1260 1261
f 577 1238 560
f 577 560 561
f 408 1262 205
f 408 409 1261
f 408 1261 1262
f 576 561 562
f 576 577 561
f 410 255 1260
f 410 1260 409
f 578 1238 577
f 578 1237 1238
f 407 205 206
f 407 408 205
f 575 576 562
f 575 562 563
f 411 254 255
f 411 255 410
f 579 212 1236
f 579 1236 1237
f 579 1237 578
f 406 407 206
f 406 206 207
f 574 563 564
f 574 575 563
f 412 253 254
f 412 254 411
f 580 211 212
f 580 212 579
f 426 207 208
f 426 406 207
f 594 564 565
f 594 574 564
f 413 252 253
f 413 253 412
f 425 426 208
f 593 565 566
f 593 594 565
f 414 251 252
f 414 252 413
f 592 566 567
f 592 593 566
f 388 298 1281
f 388 297 298
f 387 1281 1282
f 387 388 1281
f 389 297 388
f 389 296 297
f 591 592 567
f 386 1282 1283
f 386 247 248
f 386 387 1282
f 386 1283 247
f 390 296 389
f 385 248 249
f 385 386 248
f 391 296 390
f 391 295 296
f 405 385 249
f 405 249 250
f 392 295 391
f 392 293 294
f 392 294 295
f 404 250 251
f 404 405 250
f 393 293 392
f 394 293 393
f 394 292 293
f 10 211 580
f 10 580 581
f 9 210 211
f 9 211 10
f 11 10 581
f 11 581 582
f 8 210 9
f 8 209 210
f 12 11 582
f 12 582 583
f 7 209 8
f 7 425 208
f 7 208 209
f 7 424 425
f 13 12 583
f 13 583 584
f 6 424 7
f 6 423 424
f 14 13 584
f 14 584 585
f 304 287 288
f 303 288 289
f 303 304 288
f 305 287 304
f 305 286 287
f 302 303 289
f 302 289 290
f 5 423 6
f 15 14 585
f 15 585 586
f 306 1273 286
f 306 286 305
f 301 302 290
f 301 290 291
f 321 291 292
f 321 301 291
f 320 321 292
f 535 419 420
f 598 18 17
f 534 420 421
f 534 535 420
f 597 598 17
f 597 17 16
f 536 418 419
f 536 419 535
f 599 19 18
f 599 18 598
f 533 534 421
f 533 421 422
f 596 15 586
f 596 16 15
f 596 597 16
f 537 418 536
f 537 417 418
f 600 20 19
f 600 19 599
f 532 533 422
f 532 422 423
f 532 423 5
f 595 586 587
f 595 596 586
f 538 417 537
f 601 21 20
f 601 20 600
f 615 595 587
f 615 587 588
f 602 22 21
f 602 21 601
f 614 615 588
f 614 588 589
f 619 4 3
f 745 568 569
f 618 619 3
f 618 3 2
f 744 569 570
f 744 745 569
f 429 251 414
f 429 404 251
f 429 403 404
f 429 430 403
f 429 414 415
f 620 532 5
f 620 552 532
f 620 4 619
f 620 5 4
f 746 591 567
f 746 568 745
f 746 567 568
f 431 401 402
f 431 402 403
f 431 403 430
f 617 2 22
f 617 618 2
f 743 744 570
f 743 570 571
f 428 429 415
f 428 415 416
f 621 551 552
f 621 552 620
f 747 591 746
f 747 590 591
f 432 400 401
f 432 401 431
f 616 602 603
f 616 22 602
f 616 617 22
f 742 743 571
f 427 417 538
f 427 538 539
f 427 416 417
f 427 428 416
f 622 551 621
f 622 550 551
f 748 590 747
f 748 614 589
f 748 589 590
f 433 400 432
f 636 603 604
f 636 616 603
f 447 539 540
f 447 427 539
f 623 550 622
f 623 549 550
f 749 613 614
f 749 614 748
f 434 398 399
f 434 399 400
f 434 400 433
f 635 636 604
f 635 604 605
f 446 540 541
f 446 447 540
f 624 549 623
f 624 548 549
f 750 613 749
f 435 398 434
f 634 605 606
f 634 635 605
f 445 446 541
f 445 541 542
f 367 318 319
f 367 319 320
f 366 320 292
f 366 367 320
f 366 292 394
f 625 548 624
f 625 547 548
f 368 318 367
f 368 317 318
f 633 606 607
f 633 634 606
f 365 366 394
f 365 394 395
f 369 317 368
f 369 316 317
f 364 365 395
f 364 395 396
f 626 547 625
f 632 633 607
f 370 316 369
f 370 315 316
f 384 364 396
f 384 396 397
f 371 315 370
f 383 397 398
f 383 384 397
f 372 315 371
f 372 314 315
f 373 314 372
f 373 313 314
f 325 308 309
f 324 325 309
f 324 309 310
f 326 308 325
f 326 307 308
f 323 324 310
f 323 310 311
f 327 307 326
f 322 323 311
f 322 311 312
f 342 322 312
f 342 312 313
f 341 342 313
f 766 742 571
f 766 571 572
f 766 762 742
f 765 766 572
f 767 762 766
f 767 761 762
f 764 572 573
f 764 765 572
f 768 761 767
f 768 760 761
f 763 573 553
f 763 764 573
f 769 760 768
f 769 759 760
f 52 751 752
f 94 442 443
f 51 751 52
f 51 750 751
f 93 441 442
f 93 442 94
f 53 52 752
f 53 752 753
f 95 443 444
f 95 94 443
f 50 613 750
f 50 750 51
f 50 612 613
f 92 441 93
f 92 440 441
f 54 753 754
f 54 53 753
f 96 444 445
f 96 445 542
f 96 95 444
f 770 759 769
f 49 611 612
f 49 612 50
f 91 439 440
f 91 440 92
f 55 54 754
f 55 754 755
f 97 542 543
f 97 96 542
f 48 611 49
f 48 610 611
f 90 438 439
f 90 439 91
f 56 55 755
f 98 97 543
f 1291 90 89
f 1312 58 57
f 1290 89 88
f 1290 1291 89
f 1311 1312 57
f 1311 57 56
f 1292 438 90
f 1292 90 1291
f 1313 58 1312
f 1313 59 58
f 1289 88 87
f 1289 1290 88
f 1310 1311 56
f 1310 56 755
f 1310 755 756
f 1293 438 1292
f 1293 437 438
f 1314 59 1313
f 1314 60 59
f 1288 87 86
f 1288 1289 87
f 1309 1310 756
f 1309 756 757
f 1315 60 1314
f 1315 61 60
f 1308 86 106
f 1308 1288 86
f 1329 1309 757
f 1329 757 758
f 1316 61 1315
f 1316 62 61
f 1307 1308 106
f 1307 106 105
f 128 328 329
f 128 329 330
f 128 330 331
f 128 331 332
f 128 332 333
f 128 1273 306
f 128 307 327
f 128 306 307
f 128 1272 1273
f 128 327 328
f 1317 63 62
f 1317 62 1316
f 1306 1307 105
f 1306 105 104
f 1318 64 63
f 1318 63 1317
f 1305 104 103
f 1305 1306 104
f 724 610 48
f 724 609 610
f 787 770 771
f 640 543 544
f 451 381 382
f 723 48 47
f 723 724 48
f 786 771 772
f 786 787 771
f 639 640 544
f 639 544 545
f 450 435 436
f 450 383 398
f 450 382 383
f 450 398 435
f 450 451 382
f 725 608 609
f 725 609 724
f 788 770 787
f 788 759 770
f 641 99 98
f 641 98 543
f 641 543 640
f 452 381 451
f 722 47 46
f 722 723 47
f 785 772 773
f 785 786 772
f 638 545 546
f 638 639 545
f 449 436 437
f 449 1293 1294
f 449 437 1293
f 449 450 436
f 127 333 334
f 127 128 333
f 726 607 608
f 726 631 632
f 726 632 607
f 726 608 725
f 789 1329 758
f 789 758 759
f 789 759 788
f 642 100 99
f 642 99 641
f 453 379 380
f 453 380 381
f 453 381 452
f 721 722 46
f 721 46 45
f 784 773 774
f 784 785 773
f 637 547 626
f 637 546 547
f 637 626 627
f 637 638 546
f 448 1294 1295
f 448 449 1294
f 727 631 726
f 790 1328 1329
f 790 1329 789
f 643 101 100
f 643 100 642
f 454 379 453
f 741 45 44
f 741 721 45
f 804 774 775
f 804 784 774
f 657 627 628
f 657 637 627
f 468 1295 1296
f 468 448 1295
f 728 631 727
f 728 630 631
f 791 1328 790
f 791 1327 1328
f 644 102 101
f 644 101 643
f 455 377 378
f 455 378 379
f 455 379 454
f 740 44 64
f 740 741 44
f 803 775 776
f 803 804 775
f 656 628 629
f 656 657 628
f 467 1296 1297
f 467 468 1296
f 729 629 630
f 729 630 728
f 792 1327 791
f 792 1326 1327
f 645 103 102
f 645 102 644
f 456 377 455
f 739 1318 1319
f 739 740 64
f 739 64 1318
f 802 776 777
f 802 803 776
f 655 629 729
f 655 656 629
f 466 1297 1298
f 466 467 1297
f 345 340 341
f 345 313 373
f 345 341 313
f 345 346 340
f 793 1325 1326
f 793 1326 792
f 646 1304 1305
f 646 1305 103
f 646 103 645
f 347 338 339
f 347 339 340
f 347 340 346
f 738 739 1319
f 738 1319 1320
f 801 802 777
f 465 1298 1299
f 465 466 1298
f 344 373 374
f 344 345 373
f 348 337 338
f 348 338 347
f 343 374 375
f 343 344 374
f 794 1325 793
f 647 1304 646
f 737 738 1320
f 464 465 1299
f 349 337 348
f 363 343 375
f 363 375 376
f 350 336 337
f 350 337 349
f 362 363 376
f 362 376 377
f 351 334 335
f 351 335 336
f 351 336 350
f 352 127 334
f 352 334 351
f 353 127 352
f 354 127 353
f 355 127 354
f 997 781 782
f 996 997 782
f 998 780 781
f 998 781 997
f 995 782 783
f 995 783 763
f 995 996 782
f 999 779 780
f 999 780 998
f 994 995 763
f 1000 777 778
f 1000 778 779
f 1000 779 999
f 1001 801 777
f 1001 777 1000
f 472 377 456
f 471 456 457
f 471 472 456
f 473 361 362
f 473 377 472
f 473 362 377
f 470 457 458
f 470 471 457
f 474 360 361
f 474 361 473
f 469 458 459
f 469 470 458
f 475 359 360
f 475 360 474
f 489 459 460
f 489 469 459
f 476 358 359
f 476 359 475
f 488 460 461
f 488 489 460
f 477 357 358
f 477 358 476
f 487 461 462
f 487 488 461
f 478 356 357
f 478 357 477
f 479 355 356
f 479 356 478
f 480 355 479
f 808 1322 1323
f 976 1001 1002
f 703 655 729
f 703 654 655
f 514 1301 1302
f 807 808 1323
f 807 1323 1324
f 975 1002 1003
f 975 976 1002
f 702 729 730
f 702 703 729
f 513 1302 1303
f 513 514 1302
f 809 1321 1322
f 809 1322 808
f 977 801 1001
f 977 1001 976
f 704 654 703
f 515 1300 1301
f 515 1301 514
f 806 1325 794
f 806 1324 1325
f 806 807 1324
f 974 1003 1004
f 974 975 1003
f 701 702 730
f 701 730 731
f 512 1304 647
f 512 513 1303
f 512 1303 1304
f 810 737 1320
f 810 1320 1321
f 810 736 737
f 810 1321 809
f 978 799 800
f 978 800 801
f 978 801 977
f 705 654 704
f 705 653 654
f 516 1300 515
f 516 1299 1300
f 516 464 1299
f 805 806 794
f 805 794 795
f 973 1004 1005
f 973 974 1004
f 700 731 732
f 700 701 731
f 511 512 647
f 511 647 648
f 811 736 810
f 979 799 978
f 706 653 705
f 706 652 653
f 517 463 464
f 517 464 516
f 825 805 795
f 825 795 796
f 993 973 1005
f 993 1005 1006
f 720 700 732
f 720 732 733
f 531 648 649
f 531 511 648
f 812 736 811
f 812 735 736
f 980 798 799
f 980 799 979
f 707 652 706
f 707 650 651
f 707 651 652
f 518 462 463
f 518 487 462
f 518 463 517
f 824 825 796
f 824 796 797
f 992 993 1006
f 992 1006 1007
f 719 733 734
f 719 720 733
f 530 531 649
f 530 649 650
f 813 734 735
f 813 735 812
f 981 797 798
f 981 798 980
f 708 650 707
f 519 487 518
f 519 486 487
f 823 797 981
f 823 824 797
f 991 992 1007
f 991 1007 1008
f 718 719 734
f 529 530 650
f 990 991 1008
f 493 485 486
f 955 822 823
f 955 823 981
f 1018 1009 1010
f 829 734 813
f 829 717 718
f 829 718 734
f 682 529 650
f 682 650 708
f 682 528 529
f 492 486 519
f 492 519 520
f 492 493 486
f 954 981 982
f 954 955 981
f 1017 1018 1010
f 1017 1010 1011
f 828 829 813
f 828 813 814
f 681 708 709
f 681 682 708
f 494 485 493
f 494 484 485
f 956 821 822
f 956 822 955
f 1019 1009 1018
f 1019 1008 1009
f 1019 990 1008
f 830 716 717
f 830 717 829
f 683 528 682
f 683 527 528
f 491 492 520
f 491 520 521
f 953 982 983
f 953 954 982
f 1016 1017 1011
f 1016 1011 1012
f 827 814 815
f 827 828 814
f 680 709 710
f 680 681 709
f 495 484 494
f 495 483 484
f 957 821 956
f 1020 989 990
f 1020 990 1019
f 831 716 830
f 831 715 716
f 684 527 683
f 490 491 521
f 490 521 522
f 952 983 984
f 952 953 983
f 1015 1016 1012
f 826 815 816
f 826 827 815
f 679 710 711
f 679 680 710
f 496 483 495
f 496 482 483
f 958 819 820
f 958 820 821
f 958 821 957
f 1021 988 989
f 1021 989 1020
f 832 715 831
f 685 527 684
f 685 526 527
f 510 490 522
f 510 522 523
f 972 984 985
f 972 952 984
f 846 816 817
f 846 826 816
f 699 711 712
f 699 679 711
f 497 481 482
f 497 482 496
f 959 818 819
f 959 819 958
f 1022 987 988
f 1022 988 1021
f 833 715 832
f 833 713 714
f 833 714 715
f 686 526 685
f 686 525 526
f 509 510 523
f 509 523 524
f 971 985 986
f 971 972 985
f 845 846 817
f 845 817 818
f 698 712 713
f 698 699 712
f 498 481 497
f 498 480 481
f 960 818 959
f 1023 986 987
f 1023 987 1022
f 834 713 833
f 687 525 686
f 687 524 525
f 508 509 524
f 970 986 1023
f 970 971 986
f 844 845 818
f 697 698 713
f 499 480 498
f 499 355 480
f 499 127 355
f 500 127 499
f 501 127 500
f 130 1015 1012
f 130 1012 1013
f 130 1013 1014
f 130 1014 994
f 130 1034 1035
f 130 1035 1015
f 1207 1032 1033
f 1206 1207 1033
f 1206 1033 1034
f 1206 1034 130
f 1208 1032 1207
f 1205 1206 130
f 1209 1032 1208
f 1209 1030 1031
f 1209 1031 1032
f 1204 1205 130
f 1210 1030 1209
f 1224 1204 130
f 1223 1224 130
f 1333 1027 1028
f 1332 1028 1029
f 1332 1333 1028
f 1334 1027 1333
f 1334 1026 1027
f 1222 1223 130
f 1331 1332 1029
f 1331 1029 1030
f 1335 1025 1026
f 1335 1026 1334
f 1330 1030 1210
f 1330 1331 1030
f 1221 1222 130
f 1350 1210 1211
f 1350 1330 1210
f 1220 1221 130
f 1349 1211 1212
f 1349 1350 1211
f 1219 1220 130
f 661 524 687
f 661 508 524
f 1039 970 1023
f 1039 969 970
f 934 818 960
f 934 844 818
f 850 696 697
f 850 697 713
f 850 713 834
f 660 661 687
f 660 687 688
f 1038 1039 1023
f 1038 1023 1024
f 933 960 961
f 933 934 960
f 849 850 834
f 849 834 835
f 662 508 661
f 662 506 507
f 662 507 508
f 1040 969 1039
f 1040 968 969
f 935 842 843
f 935 843 844
f 935 844 934
f 851 695 696
f 851 696 850
f 1348 1349 1212
f 1348 1212 1213
f 659 660 688
f 659 688 689
f 1037 1024 1025
f 1037 1025 1335
f 1037 1038 1024
f 932 933 961
f 932 961 962
f 848 849 835
f 848 835 836
f 663 506 662
f 663 505 506
f 1041 968 1040
f 1041 967 968
f 936 842 935
f 852 694 695
f 852 695 851
f 658 659 689
f 658 689 690
f 1036 1037 1335
f 1036 1335 1336
f 931 932 962
f 931 962 963
f 847 848 836
f 847 836 837
f 1347 1213 1214
f 1347 1348 1213
f 664 505 663
f 664 504 505
f 1042 967 1041
f 937 842 936
f 937 841 842
f 853 694 852
f 678 690 691
f 678 658 690
f 1056 1336 1337
f 1056 1036 1336
f 951 931 963
f 951 963 964
f 867 837 838
f 867 847 837
f 1346 1214 1215
f 1346 1347 1214
f 665 504 664
f 1043 967 1042
f 1043 966 967
f 938 839 840
f 938 840 841
f 938 841 937
f 854 693 694
f 854 694 853
f 677 691 692
f 677 678 691
f 1055 1056 1337
f 1055 1337 1338
f 950 964 965
f 950 951 964
f 866 867 838
f 866 838 839
f 666 504 665
f 666 503 504
f 1044 966 1043
f 1044 965 966
f 939 839 938
f 855 692 693
f 855 693 854
f 676 677 692
f 1054 1338 1339
f 1054 1055 1338
f 949 950 965
f 949 965 1044
f 865 866 839
f 667 503 666
f 667 501 502
f 667 502 503
f 1053 1339 1340
f 1053 1054 1339
f 668 501 667
f 668 127 501
f 1052 1340 1341
f 1052 1053 1340
f 1186 1342 1343
f 1185 1186 1343
f 1185 1343 1344
f 1187 1342 1186
f 1187 1341 1342
f 1184 1185 1344
f 1184 1344 1345
f 1188 1341 1187
f 1188 1052 1341
f 1188 1051 1052
f 1183 1184 1345
f 1183 1345 1346
f 1189 1051 1188
f 1189 1050 1051
f 1203 1183 1346
f 1203 1215 1216
f 1203 1346 1215
f 1190 1050 1189
f 1190 1049 1050
f 1202 1203 1216
f 1202 1216 1217
f 1191 1049 1190
f 1201 1202 1217
f 1201 1217 1218
f 1200 1201 1218
f 1200 1218 1219
f 1199 1219 130
f 1199 1200 1219
f 871 676 692
f 871 692 855
f 1060 949 1044
f 913 865 839
f 913 839 939
f 913 864 865
f 870 855 856
f 870 871 855
f 1059 1060 1044
f 1059 1044 1045
f 912 939 940
f 912 913 939
f 872 676 871
f 872 674 675
f 872 675 676
f 1061 949 1060
f 1061 948 949
f 914 864 913
f 914 863 864
f 869 870 856
f 869 856 857
f 1058 1059 1045
f 1058 1045 1046
f 911 940 941
f 911 912 940
f 873 674 872
f 873 673 674
f 1062 948 1061
f 1062 946 947
f 1062 947 948
f 915 863 914
f 868 869 857
f 868 857 858
f 1057 1058 1046
f 1057 1046 1047
f 910 911 941
f 910 941 942
f 874 673 873
f 874 672 673
f 1063 946 1062
f 1063 945 946
f 916 863 915
f 916 862 863
f 888 868 858
f 888 858 859
f 1077 1047 1048
f 1077 1057 1047
f 930 942 943
f 930 910 942
f 875 672 874
f 1064 945 1063
f 917 861 862
f 917 862 916
f 887 859 860
f 887 888 859
f 1076 1077 1048
f 1076 1049 1191
f 1076 1048 1049
f 929 930 943
f 929 943 944
f 876 672 875
f 876 671 672
f 1065 945 1064
f 1065 944 945
f 918 861 917
f 918 860 861
f 886 887 860
f 928 929 944
f 928 944 1065
f 877 671 876
f 877 669 670
f 877 670 671
f 878 669 877
f 1164 1076 1191
f 1164 1075 1076
f 1164 1191 1192
f 1164 1165 1075
f 1166 1073 1074
f 1166 1074 1075
f 1166 1075 1165
f 1163 1192 1193
f 1163 1164 1192
f 1167 1073 1166
f 1162 1193 1194
f 1162 1163 1193
f 1168 1073 1167
f 1168 1072 1073
f 1182 1194 1195
f 1182 1162 1194
f 1169 1072 1168
f 1169 1070 1071
f 1169 1071 1072
f 1181 1195 1196
f 1181 1182 1195
f 1170 1070 1169
f 1180 1196 1197
f 1180 1181 1196
f 1179 1197 1198
f 1179 1180 1197
f 1178 1179 1198
f 892 860 918
f 892 886 860
f 1081 928 1065
f 891 918 919
f 891 892 918
f 1080 1081 1065
f 1080 1065 1066
f 893 884 885
f 893 885 886
f 893 886 892
f 1082 928 1081
f 1082 927 928
f 890 891 919
f 890 919 920
f 1079 1080 1066
f 1079 1066 1067
f 894 884 893
f 1083 927 1082
f 1083 926 927
f 889 890 920
f 889 920 921
f 1078 1079 1067
f 1078 1067 1068
f 895 883 884
f 895 884 894
f 1084 926 1083
f 1084 925 926
f 909 889 921
f 909 921 922
f 1098 1078 1068
f 1098 1068 1069
f 896 881 882
f 896 882 883
f 896 883 895
f 1085 925 1084
f 1085 924 925
f 908 909 922
f 908 922 923
f 1097 1098 1069
f 1097 1069 1070
f 1097 1070 1170
f 897 881 896
f 1086 923 924
f 1086 924 1085
f 907 908 923
f 898 879 880
f 898 880 881
f 898 881 897
f 899 879 898
f 1144 1095 1096
f 1143 1096 1097
f 1143 1097 1170
f 1143 1144 1096
f 1143 1170 1171
f 1145 1095 1144
f 1142 1143 1171
f 1142 1171 1172
f 1146 1093 1094
f 1146 1094 1095
f 1146 1095 1145
f 1141 1142 1172
f 1141 1172 1173
f 1147 1093 1146
f 1147 1092 1093
f 1161 1141 1173
f 1161 1173 1174
f 1148 1092 1147
f 1160 1174 1175
f 1160 1161 1174
f 1149 1092 1148
f 1149 1091 1092
f 1159 1175 1176
f 1159 1160 1175
f 1158 1176 1177
f 1158 1159 1176
f 1157 1158 1177
f 1102 923 1086
f 1102 907 923
f 1101 1086 1087
f 1101 1102 1086
f 1103 906 907
f 1103 907 1102
f 1100 1087 1088
f 1100 1101 1087
f 1104 906 1103
f 1104 905 906
f 1099 1088 1089
f 1099 1100 1088
f 1105 905 1104
f 1105 903 904
f 1105 904 905
f 1119 1089 1090
f 1119 1099 1089
f 1106 902 903
f 1106 903 1105
f 1118 1090 1091
f 1118 1091 1149
f 1118 1119 1090
f 1107 901 902
f 1107 902 1106
f 1108 901 1107
f 1109 900 901
f 1109 901 1108
f 1123 1116 1117
f 1122 1117 1118
f 1122 1118 1149
f 1122 1123 1117
f 1122 1149 1150
f 1124 1115 1116
f 1124 1116 1123
f 1121 1122 1150
f 1121 1150 1151
f 1125 1114 1115
f 1125 1115 1124
f 1120 1121 1151
f 1120 1151 1152
f 1126 1113 1114
f 1126 1114 1125
f 1140 1120 1152
f 1140 1152 1153
f 1127 1112 1113
f 1127 1113 1126
f 1139 1140 1153
f 1139 1153 1154
f 1128 1111 1112
f 1128 1112 1127
f 1138 1139 1154
f 1138 1154 1155
f 1129 1111 1128
f 1137 1138 1155
f 1137 1155 1156
f 1136 1137 1156
f 129 878 879
f 129 1111 1129
f 129 1136 1156
f 129 899 900
f 129 1109 1110
f 129 1110 1111
f 129 1129 1130
f 129 1130 1131
f 129 1131 1132
f 129 1132 1133
f 129 1133 1134
f 129 1134 1135
f 129 1135 1136
f 129 879 899
f 129 900 1109
f 129 1156 1157
f 127 878 129
f 127 669 878
f 127 668 669
f 129 1199 130
f 129 1198 1199
f 129 1178 1198
f 129 1177 1178
f 129 1157 1177
f 130 175 131
f 130 1225 175
f 130 553 1225
f 130 763 553
f 130 994 763
f 132 1272 128
f 1359 1352 1360
f 1361 1360 1352
f 1358 1352 1359
f 1362 1361 1352
f 1357 1352 1358
f 1363 1352 1353
f 1363 1362 1352
f 1364 1363 1353
f 1381 1374 1373
f 1380 1375 1374
f 1380 1374 1381
f 1443 1353 1444
f 1382 1381 1373
f 1382 1373 1372
f 1445 1444 1353
f 1379 1376 1375
f 1379 1375 1380
f 1442 1353 1443
f 1383 1382 1372
f 1383 1372 1371
f 1446 1445 1353
f 1378 1377 1376
f 1378 1376 1379
f 1441 1364 1353
f 1441 1365 1364
f 1441 1353 1442
f 1384 1371 1370
f 1384 1383 1371
f 1398 1377 1378
f 1461 1365 1441
f 1461 1366 1365
f 1385 1384 1370
f 1385 1370 1369
f 1460 1367 1366
f 1460 1366 1461
f 1386 1369 1368
f 1386 1385 1369
f 1459 1368 1367
f 1459 1367 1460
f 1402 1397 1396
f 1486 1448 1447
f 2473 1458 1457
f 1401 1398 1397
f 1401 1397 1402
f 1485 1448 1486
f 1485 1449 1448
f 2472 1459 1458
f 2472 1458 2473
f 1403 1396 1395
f 1403 1402 1396
f 1487 1446 1353
f 1487 1486 1447
f 1487 1447 1446
f 2474 1457 1456
f 2474 2473 1457
f 1400 1377 1398
f 1400 1398 1401
f 1484 1449 1485
f 1484 1450 1449
f 2471 1459 2472
f 2471 1386 1368
f 2471 1387 1386
f 2471 1368 1459
f 1404 1395 1394
f 1404 1403 1395
f 1488 1487 1353
f 2475 1456 1455
f 2475 2474 1456
f 1399 1377 1400
f 1399 1357 1377
f 1399 1352 1357
f 1483 1450 1484
f 1483 1451 1450
f 2470 1388 1387
f 2470 1387 2471
f 1405 1394 1393
f 1405 1404 1394
f 2476 1455 1454
f 2476 2475 1455
f 1503 1452 1451
f 1503 1451 1483
f 2490 1389 1388
f 2490 1388 2470
f 2477 1454 1453
f 2477 2476 1454
f 1502 1453 1452
f 1502 1452 1503
f 2489 1389 2490
f 2489 1390 1389
f 2494 1491 1490
f 2452 1417 1416
f 2493 1491 2494
f 2493 1492 1491
f 2451 1417 2452
f 2451 1418 1417
f 2495 2494 1490
f 2495 1490 1489
f 2453 1416 1415
f 2453 2452 1416
f 2492 1493 1492
f 2492 1492 2493
f 2450 1418 2451
f 2450 1419 1418
f 2496 1488 1353
f 2496 1489 1488
f 2496 2495 1489
f 2454 2453 1415
f 2454 1415 1414
f 2491 1493 2492
f 2491 1494 1493
f 2449 1419 2450
f 2449 1399 1419
f 2455 2454 1414
f 2455 1414 1413
f 2511 1495 1494
f 2511 1494 2491
f 2456 2455 1413
f 2456 1413 1412
f 2510 1496 1495
f 2510 1495 2511
f 2457 2456 1412
f 2457 1412 1411
f 2509 1496 2510
f 2509 1497 1496
f 2458 2457 1411
f 2508 1498 1497
f 2508 1497 2509
f 1423 1405 1393
f 1423 1393 1392
f 1423 1406 1405
f 1422 1406 1423
f 1422 1407 1406
f 1424 1392 1391
f 1424 1423 1392
f 1421 1408 1407
f 1421 1407 1422
f 1425 1391 1390
f 1425 1424 1391
f 1420 1409 1408
f 1420 1408 1421
f 1426 1390 2489
f 1426 1425 1390
f 1426 2489 2488
f 1440 1410 1409
f 1440 1409 1420
f 1427 1426 2488
f 1427 2488 2487
f 1439 1410 1440
f 1439 1411 1410
f 1428 1427 2487
f 1428 2487 2486
f 1438 1411 1439
f 1438 2459 2458
f 1438 2458 1411
f 1465 2477 1453
f 1465 2478 2477
f 1464 2478 1465
f 1464 2479 2478
f 1429 1428 2486
f 1466 1465 1453
f 1466 1502 1501
f 1466 1453 1502
f 1437 2460 2459
f 1437 2459 1438
f 1463 2479 1464
f 1463 2480 2479
f 1467 1466 1501
f 1467 1501 1500
f 1462 2480 1463
f 1462 2481 2480
f 1436 2460 1437
f 1468 1500 1499
f 1468 1467 1500
f 1482 2482 2481
f 1482 2481 1462
f 1469 1499 1498
f 1469 1468 1499
f 1481 2482 1482
f 1481 2483 2482
f 1470 2508 2507
f 1470 1498 2508
f 1470 1469 1498
f 1480 2483 1481
f 1480 2484 2483
f 1471 1470 2507
f 1479 2484 1480
f 1507 2500 2499
f 1506 2501 2500
f 1506 2500 1507
f 1508 1507 2499
f 1508 2499 2498
f 1505 2502 2501
f 1505 2501 1506
f 1509 1508 2498
f 1509 2498 2497
f 1504 2503 2502
f 1504 2502 1505
f 1510 1509 2497
f 1524 2504 2503
f 1524 2503 1504
f 1523 2505 2504
f 1523 2504 1524
f 1522 2505 1523
f 1780 2467 2466
f 1779 2467 1780
f 1779 2468 2467
f 1781 2466 2465
f 1781 1780 2466
f 1778 2468 1779
f 1778 2469 2468
f 1782 1781 2465
f 1782 2465 2464
f 1777 2469 1778
f 1777 2449 2469
f 1783 2464 2463
f 1783 1782 2464
f 1784 2463 2462
f 1784 1783 2463
f 1633 2485 2484
f 1801 1784 2462
f 1801 1785 1784
f 1632 1429 2486
f 1632 2485 1633
f 1632 2486 2485
f 1800 1785 1801
f 1800 1786 1785
f 1634 1633 2484
f 1634 2484 1479
f 1802 2462 2461
f 1802 1801 2462
f 1631 1429 1632
f 1631 1430 1429
f 1799 1787 1786
f 1799 1786 1800
f 1635 1479 1478
f 1635 1634 1479
f 1803 2460 1436
f 1803 2461 2460
f 1803 1802 2461
f 1630 1430 1631
f 1630 1431 1430
f 1798 1788 1787
f 1798 1787 1799
f 1636 1478 1477
f 1636 1635 1478
f 1804 1803 1436
f 1804 1436 1435
f 1650 1431 1630
f 1650 1432 1431
f 1818 1789 1788
f 1818 1788 1798
f 1637 1477 1476
f 1637 1636 1477
f 1649 1432 1650
f 1817 1790 1789
f 1817 1789 1818
f 1638 1476 1475
f 1638 1637 1476
f 1816 1790 1817
f 1816 1791 1790
f 1612 2505 1522
f 1611 2506 2505
f 1611 2505 1612
f 1613 1612 1522
f 1613 1522 1521
f 1815 1791 1816
f 1610 2506 1611
f 1610 2507 2506
f 1610 1472 1471
f 1610 1471 2507
f 1614 1613 1521
f 1614 1521 1520
f 1609 1473 1472
f 1609 1472 1610
f 1615 1614 1520
f 1615 1519 1518
f 1615 1520 1519
f 1629 1474 1473
f 1629 1473 1609
f 1616 1615 1518
f 1616 1518 1517
f 1628 1474 1629
f 1628 1475 1474
f 1617 1616 1517
f 1618 1517 1516
f 1618 1617 1517
f 35 1804 1435
f 35 1805 1804
f 36 35 1435
f 36 1435 1434
f 34 1805 35
f 34 1806 1805
f 37 36 1434
f 37 1434 1433
f 33 1807 1806
f 33 1806 34
f 38 1432 1649
f 38 37 1433
f 38 1433 1432
f 38 1649 1648
f 32 1807 33
f 32 1808 1807
f 39 38 1648
f 39 1648 1647
f 31 1808 32
f 31 1809 1808
f 1528 1512 1511
f 1527 1512 1528
f 1527 1513 1512
f 1529 1511 1510
f 1529 1528 1511
f 1526 1513 1527
f 1526 1514 1513
f 40 39 1647
f 30 1809 31
f 30 1810 1809
f 1530 1510 2497
f 1530 1529 1510
f 1525 1514 1526
f 1525 1515 1514
f 1545 1515 1525
f 1545 1516 1515
f 1544 1516 1545
f 1544 1618 1516
f 1822 28 27
f 1759 1644 1643
f 1821 29 28
f 1821 28 1822
f 1758 1645 1644
f 1758 1644 1759
f 1823 27 26
f 1823 1822 27
f 1760 1643 1642
f 1760 1759 1643
f 1820 1810 30
f 1820 30 29
f 1820 29 1821
f 1757 1646 1645
f 1757 1645 1758
f 1824 1823 26
f 1824 26 25
f 1761 1760 1642
f 1761 1642 1641
f 1819 1810 1820
f 1819 1811 1810
f 1756 1646 1757
f 1756 40 1647
f 1756 1647 1646
f 1825 1824 25
f 1825 25 24
f 1762 1761 1641
f 1839 1812 1811
f 1839 1811 1819
f 1826 1825 24
f 1826 24 23
f 1838 1812 1839
f 1838 1813 1812
f 1843 42 41
f 1969 1793 1792
f 1842 1 42
f 1842 42 1843
f 1968 1794 1793
f 1968 1793 1969
f 1653 1638 1475
f 1653 1627 1654
f 1653 1475 1628
f 1653 1628 1627
f 1653 1639 1638
f 1844 41 40
f 1844 1756 1776
f 1844 1843 41
f 1844 40 1756
f 1970 1791 1815
f 1970 1792 1791
f 1970 1969 1792
f 1655 1654 1627
f 1655 1626 1625
f 1655 1627 1626
f 1841 1 1842
f 1841 23 1
f 1967 1795 1794
f 1967 1794 1968
f 1652 1639 1653
f 1652 1640 1639
f 1845 1776 1775
f 1845 1844 1776
f 1971 1970 1815
f 1971 1815 1814
f 1656 1655 1625
f 1840 1827 1826
f 1840 1826 23
f 1840 23 1841
f 1966 1795 1967
f 1651 1762 1641
f 1651 1763 1762
f 1651 1641 1640
f 1651 1640 1652
f 1846 1775 1774
f 1846 1845 1775
f 1972 1971 1814
f 1972 1813 1838
f 1972 1814 1813
f 1657 1625 1624
f 1657 1656 1625
f 1860 1828 1827
f 1860 1827 1840
f 1671 1764 1763
f 1671 1763 1651
f 1847 1846 1774
f 1847 1774 1773
f 1973 1972 1838
f 1973 1838 1837
f 1658 1624 1623
f 1658 1657 1624
f 1859 1828 1860
f 1859 1829 1828
f 1670 1765 1764
f 1670 1764 1671
f 1848 1773 1772
f 1848 1847 1773
f 1974 1973 1837
f 1659 1623 1622
f 1659 1658 1623
f 1858 1830 1829
f 1858 1829 1859
f 1669 1765 1670
f 1669 1766 1765
f 1590 1618 1544
f 1590 1543 1591
f 1590 1544 1543
f 1849 1772 1771
f 1849 1848 1772
f 1592 1591 1543
f 1592 1542 1541
f 1592 1543 1542
f 1857 1831 1830
f 1857 1830 1858
f 1589 1618 1590
f 1589 1619 1618
f 1593 1592 1541
f 1588 1620 1619
f 1588 1619 1589
f 1850 1849 1771
f 1856 1831 1857
f 1594 1593 1541
f 1594 1541 1540
f 1608 1620 1588
f 1608 1621 1620
f 1595 1594 1540
f 1595 1539 1538
f 1595 1540 1539
f 1607 1659 1622
f 1607 1622 1621
f 1607 1621 1608
f 1596 1595 1538
f 1597 1596 1538
f 1597 1538 1537
f 1549 1533 1532
f 1548 1533 1549
f 1548 1534 1533
f 1550 1549 1532
f 1550 1532 1531
f 1547 1534 1548
f 1547 1535 1534
f 1551 1550 1531
f 1546 1535 1547
f 1546 1536 1535
f 1566 1536 1546
f 1566 1537 1536
f 1565 1537 1566
f 1990 1795 1966
f 1990 1796 1795
f 1990 1966 1986
f 1989 1796 1990
f 1991 1990 1986
f 1991 1986 1985
f 1988 1797 1796
f 1988 1796 1989
f 1992 1991 1985
f 1992 1985 1984
f 1987 1777 1797
f 1987 1797 1988
f 1993 1992 1984
f 1993 1984 1983
f 77 1976 1975
f 119 1667 1666
f 78 1975 1974
f 78 77 1975
f 120 1666 1665
f 120 119 1666
f 76 1976 77
f 76 1977 1976
f 118 1668 1667
f 118 1667 119
f 79 1974 1837
f 79 1837 1836
f 79 78 1974
f 121 1665 1664
f 121 120 1665
f 75 1978 1977
f 75 1977 76
f 117 1766 1669
f 117 1669 1668
f 117 1668 118
f 1994 1993 1983
f 80 1836 1835
f 80 79 1836
f 122 1664 1663
f 122 121 1664
f 74 1978 75
f 74 1979 1978
f 116 1766 117
f 116 1767 1766
f 81 1835 1834
f 81 80 1835
f 123 1663 1662
f 123 122 1663
f 73 1979 74
f 115 1767 116
f 2515 124 123
f 2536 72 71
f 2514 125 124
f 2514 124 2515
f 2535 73 72
f 2535 72 2536
f 2516 2515 123
f 2516 123 1662
f 2537 2536 71
f 2537 71 70
f 2513 126 125
f 2513 125 2514
f 2534 73 2535
f 2534 1980 1979
f 2534 1979 73
f 2517 2516 1662
f 2517 1662 1661
f 2538 2537 70
f 2538 70 69
f 2512 85 126
f 2512 126 2513
f 2533 1980 2534
f 2533 1981 1980
f 2539 2538 69
f 2539 69 68
f 2532 107 85
f 2532 85 2512
f 2553 1981 2533
f 2553 1982 1981
f 2540 2539 68
f 2540 68 67
f 2531 108 107
f 2531 107 2532
f 1354 1553 1552
f 1354 1554 1553
f 1354 1555 1554
f 1354 1556 1555
f 1354 1557 1556
f 1354 1551 1531
f 1354 1530 2497
f 1354 1531 1530
f 1354 2497 2496
f 1354 1552 1551
f 2541 2540 67
f 2541 67 66
f 2530 109 108
f 2530 108 2531
f 2542 66 65
f 2542 2541 66
f 2529 110 109
f 2529 109 2530
f 1948 1834 1833
f 1948 81 1834
f 2011 1995 1994
f 1864 1768 1767
f 1947 81 1948
f 1947 82 81
f 2010 1996 1995
f 2010 1995 2011
f 1863 1769 1768
f 1863 1768 1864
f 1674 1659 1607
f 1674 1660 1659
f 1674 1607 1606
f 1674 1606 1675
f 1949 1833 1832
f 1949 1948 1833
f 2012 2011 1994
f 2012 1994 1983
f 2012 1983 1982
f 1865 115 114
f 1865 1767 115
f 1865 1864 1767
f 1676 1605 1604
f 1676 1606 1605
f 1676 1675 1606
f 1946 83 82
f 1946 82 1947
f 2009 1997 1996
f 2009 1996 2010
f 1862 1770 1769
f 1862 1769 1863
f 1673 1661 1660
f 1673 2518 2517
f 1673 1660 1674
f 1673 2517 1661
f 1355 1558 1557
f 1355 1557 1354
f 1950 1832 1831
f 1950 1831 1856
f 1950 1949 1832
f 2013 1982 2553
f 2013 2012 1982
f 1866 114 113
f 1866 1865 114
f 1677 1676 1604
f 1945 83 1946
f 1945 84 83
f 2008 1998 1997
f 2008 1997 2009
f 1861 1771 1770
f 1861 1851 1850
f 1861 1850 1771
f 1861 1770 1862
f 1672 2519 2518
f 1672 2518 1673
f 1951 1950 1856
f 1951 1856 1855
f 2014 2013 2553
f 2014 2553 2552
f 1867 113 112
f 1867 1866 113
f 1678 1604 1603
f 1678 1677 1604
f 1965 84 1945
f 1965 43 84
f 2028 1998 2008
f 2028 1999 1998
f 1881 1852 1851
f 1881 1851 1861
f 1692 2520 2519
f 1692 2519 1672
f 1952 1855 1854
f 1952 1951 1855
f 2015 2014 2552
f 2015 2552 2551
f 1868 112 111
f 1868 1867 112
f 1679 1603 1602
f 1679 1678 1603
f 1964 65 43
f 1964 43 1965
f 2027 2000 1999
f 2027 1999 2028
f 1880 1852 1881
f 1880 1853 1852
f 1691 2521 2520
f 1691 2520 1692
f 1953 1854 1853
f 1953 1952 1854
f 2016 2551 2550
f 2016 2015 2551
f 1869 111 110
f 1869 1868 111
f 1680 1679 1602
f 1680 1602 1601
f 1963 65 1964
f 1963 2543 2542
f 1963 2542 65
f 2026 2001 2000
f 2026 2000 2027
f 1879 1853 1880
f 1879 1953 1853
f 1690 2522 2521
f 1690 2521 1691
f 1570 1565 1564
f 1569 1597 1537
f 1569 1537 1565
f 1569 1565 1570
f 2017 2016 2550
f 2017 2550 2549
f 1870 1869 110
f 1870 110 2529
f 1870 2529 2528
f 1571 1563 1562
f 1571 1564 1563
f 1571 1570 1564
f 1962 2544 2543
f 1962 2543 1963
f 2025 2001 2026
f 1689 2523 2522
f 1689 2522 1690
f 1568 1597 1569
f 1568 1598 1597
f 1572 1571 1562
f 1567 1598 1568
f 1567 1599 1598
f 2018 2017 2549
f 1871 1870 2528
f 1961 2544 1962
f 1688 2523 1689
f 1573 1572 1562
f 1573 1561 1560
f 1573 1562 1561
f 1587 1599 1567
f 1587 1600 1599
f 1574 1573 1560
f 1586 1600 1587
f 1586 1601 1600
f 1575 1560 1559
f 1575 1574 1560
f 1576 1559 1558
f 1576 1575 1559
f 1576 1558 1355
f 1577 1576 1355
f 1578 1577 1355
f 1579 1578 1355
f 2221 2006 2005
f 2220 2007 2006
f 2220 2006 2221
f 2222 2005 2004
f 2222 2221 2005
f 2219 2007 2220
f 2223 2003 2002
f 2223 2004 2003
f 2223 2222 2004
f 2218 2007 2219
f 2218 1987 2007
f 2224 2223 2002
f 2225 2002 2001
f 2225 2224 2002
f 1696 1680 1601
f 1695 1680 1696
f 1695 1681 1680
f 1697 1586 1585
f 1697 1696 1601
f 1697 1601 1586
f 1694 1682 1681
f 1694 1681 1695
f 1698 1697 1585
f 1698 1585 1584
f 1693 1683 1682
f 1693 1682 1694
f 1699 1584 1583
f 1699 1698 1584
f 1713 1684 1683
f 1713 1683 1693
f 1700 1583 1582
f 1700 1699 1583
f 1712 1685 1684
f 1712 1684 1713
f 1701 1582 1581
f 1701 1700 1582
f 1711 1686 1685
f 1711 1685 1712
f 1702 1581 1580
f 1702 1701 1581
f 1703 1580 1579
f 1703 1702 1580
f 1704 1703 1579
f 2032 2547 2546
f 2200 2226 2225
f 1927 1953 1879
f 1738 2526 2525
f 2031 2548 2547
f 2031 2547 2032
f 2199 2226 2200
f 2199 2227 2226
f 1926 1954 1953
f 1926 1953 1927
f 1737 2527 2526
f 1737 2526 1738
f 2033 2032 2546
f 2033 2546 2545
f 2201 2225 2001
f 2201 2200 2225
f 2201 2001 2025
f 1928 1878 1877
f 1928 1879 1878
f 1928 1927 1879
f 1739 2525 2524
f 1739 1738 2525
f 2030 2018 2549
f 2030 2548 2031
f 2030 2549 2548
f 2198 2227 2199
f 2198 2228 2227
f 1925 1955 1954
f 1925 1954 1926
f 1736 2528 2527
f 1736 1871 2528
f 1736 2527 1737
f 2034 2033 2545
f 2034 2544 1961
f 2034 2545 2544
f 2202 2025 2024
f 2202 2201 2025
f 1929 1928 1877
f 1740 2524 2523
f 1740 2523 1688
f 1740 1688 1687
f 1740 1739 2524
f 2029 2019 2018
f 2029 2018 2030
f 2197 2228 2198
f 2197 2229 2228
f 1924 1955 1925
f 1924 1956 1955
f 1735 1871 1736
f 1735 1872 1871
f 2035 1961 1960
f 2035 2034 1961
f 2203 2023 2022
f 2203 2024 2023
f 2203 2202 2024
f 1930 1929 1877
f 1930 1877 1876
f 1741 1740 1687
f 2049 2019 2029
f 2049 2020 2019
f 2217 2229 2197
f 2217 2230 2229
f 1944 1956 1924
f 1944 1957 1956
f 1755 1872 1735
f 1755 1873 1872
f 2036 2035 1960
f 2036 1960 1959
f 2204 2203 2022
f 1931 1930 1876
f 1931 1875 1874
f 1931 1876 1875
f 1742 1741 1687
f 1742 1687 1686
f 1742 1686 1711
f 2048 2020 2049
f 2048 2021 2020
f 2216 2230 2217
f 2216 2231 2230
f 1943 1958 1957
f 1943 1957 1944
f 1754 1873 1755
f 1754 1874 1873
f 2037 2036 1959
f 2037 1959 1958
f 2205 2022 2021
f 2205 2204 2022
f 1932 1931 1874
f 1743 1711 1710
f 1743 1742 1711
f 2047 2021 2048
f 2047 2205 2021
f 2215 2232 2231
f 2215 2231 2216
f 1942 1958 1943
f 1753 1874 1754
f 2214 2232 2215
f 1717 1710 1709
f 2179 2205 2047
f 2242 2234 2233
f 2053 1958 1942
f 2053 2037 1958
f 1906 1874 1753
f 1906 1932 1874
f 1716 1710 1717
f 1716 1743 1710
f 1716 1744 1743
f 2178 2206 2205
f 2178 2205 2179
f 2241 2234 2242
f 2241 2235 2234
f 2052 2037 2053
f 2052 2038 2037
f 1905 1933 1932
f 1905 1932 1906
f 1718 1717 1709
f 1718 1709 1708
f 2180 2047 2046
f 2180 2179 2047
f 2243 2242 2233
f 2243 2233 2232
f 2243 2232 2214
f 2054 2053 1942
f 2054 1942 1941
f 1907 1753 1752
f 1907 1906 1753
f 1715 1744 1716
f 1715 1745 1744
f 2177 2207 2206
f 2177 2206 2178
f 2240 2235 2241
f 2240 2236 2235
f 2051 2039 2038
f 2051 2038 2052
f 1904 1934 1933
f 1904 1933 1905
f 1719 1718 1708
f 1719 1708 1707
f 2181 2046 2045
f 2181 2180 2046
f 2244 2214 2213
f 2244 2243 2214
f 2055 1941 1940
f 2055 2054 1941
f 1908 1907 1752
f 1908 1751 1750
f 1908 1752 1751
f 1714 1745 1715
f 1714 1746 1745
f 2176 2208 2207
f 2176 2207 2177
f 2239 2236 2240
f 2050 2039 2051
f 2050 2040 2039
f 1903 1935 1934
f 1903 1934 1904
f 1720 1719 1707
f 1720 1707 1706
f 2182 2045 2044
f 2182 2181 2045
f 2245 2213 2212
f 2245 2244 2213
f 2056 2055 1940
f 2056 1940 1939
f 1909 1908 1750
f 1734 1746 1714
f 1734 1747 1746
f 2196 2208 2176
f 2196 2209 2208
f 2070 2041 2040
f 2070 2040 2050
f 1923 1936 1935
f 1923 1935 1903
f 1721 1720 1706
f 1721 1706 1705
f 2183 2182 2044
f 2183 2044 2043
f 2246 2212 2211
f 2246 2245 2212
f 2057 1938 1937
f 2057 1939 1938
f 2057 2056 1939
f 1910 1909 1750
f 1910 1749 1748
f 1910 1750 1749
f 1733 1747 1734
f 1733 1748 1747
f 2195 2210 2209
f 2195 2209 2196
f 2069 2041 2070
f 2069 2042 2041
f 1922 1936 1923
f 1922 1937 1936
f 1722 1721 1705
f 1722 1705 1704
f 2184 2183 2043
f 2184 2043 2042
f 2247 2211 2210
f 2247 2246 2211
f 2058 2057 1937
f 1911 1910 1748
f 1732 1748 1733
f 2194 2210 2195
f 2194 2247 2210
f 2068 2042 2069
f 2068 2184 2042
f 1921 2058 1937
f 1921 1937 1922
f 1723 1722 1704
f 1723 1704 1579
f 1723 1579 1355
f 1724 1723 1355
f 1725 1724 1355
f 1351 2236 2239
f 1351 2237 2236
f 1351 2238 2237
f 1351 2218 2238
f 1351 2259 2258
f 1351 2239 2259
f 2431 2257 2256
f 2430 2258 2257
f 2430 1351 2258
f 2430 2257 2431
f 2432 2431 2256
f 2432 2256 2255
f 2429 1351 2430
f 2433 2255 2254
f 2433 2432 2255
f 2428 1351 2429
f 2434 2433 2254
f 2448 1351 2428
f 2447 1351 2448
f 2557 2252 2251
f 2556 2252 2557
f 2556 2253 2252
f 2558 2251 2250
f 2558 2557 2251
f 2446 1351 2447
f 2555 2254 2253
f 2555 2253 2556
f 2559 2250 2249
f 2559 2558 2250
f 2554 2434 2254
f 2554 2254 2555
f 2445 1351 2446
f 2574 2435 2434
f 2574 2434 2554
f 2444 1351 2445
f 2573 2436 2435
f 2573 2435 2574
f 2443 1351 2444
f 1885 1911 1748
f 1885 1748 1732
f 2263 2247 2194
f 2158 2184 2068
f 2074 2058 1921
f 1884 1911 1885
f 1884 1912 1911
f 2262 2247 2263
f 2262 2248 2247
f 2157 2184 2158
f 2157 2185 2184
f 2073 2059 2058
f 2073 2058 2074
f 1886 1885 1732
f 1886 1732 1731
f 2264 2263 2194
f 2264 2193 2192
f 2264 2194 2193
f 2159 2158 2068
f 2159 2068 2067
f 2075 1921 1920
f 2075 2074 1921
f 2572 2436 2573
f 2572 2437 2436
f 1883 1912 1884
f 1883 1913 1912
f 2261 2249 2248
f 2261 2559 2249
f 2261 2248 2262
f 2156 2185 2157
f 2156 2186 2185
f 2072 2059 2073
f 2072 2060 2059
f 1887 1886 1731
f 1887 1731 1730
f 2265 2264 2192
f 2160 2159 2067
f 2160 2067 2066
f 2076 1919 1918
f 2076 1920 1919
f 2076 2075 1920
f 1882 1913 1883
f 1882 1914 1913
f 2260 2559 2261
f 2260 2560 2559
f 2155 2186 2156
f 2155 2187 2186
f 2071 2060 2072
f 2071 2061 2060
f 2571 2437 2572
f 2571 2438 2437
f 1888 1887 1730
f 1888 1729 1728
f 1888 1730 1729
f 2266 2265 2192
f 2266 2192 2191
f 2161 2160 2066
f 2161 2065 2064
f 2161 2066 2065
f 2077 1918 1917
f 2077 2076 1918
f 1902 1915 1914
f 1902 1914 1882
f 2280 2561 2560
f 2280 2560 2260
f 2175 2187 2155
f 2175 2188 2187
f 2091 2061 2071
f 2091 2062 2061
f 2570 2439 2438
f 2570 2438 2571
f 1889 1728 1727
f 1889 1888 1728
f 2267 2266 2191
f 2267 2191 2190
f 2162 2161 2064
f 2078 2077 1917
f 1901 1916 1915
f 1901 1915 1902
f 2279 2561 2280
f 2279 2562 2561
f 2174 2189 2188
f 2174 2188 2175
f 2090 2063 2062
f 2090 2062 2091
f 1890 1889 1727
f 2268 2267 2190
f 2268 2190 2189
f 2163 2064 2063
f 2163 2162 2064
f 2079 2078 1917
f 2079 1917 1916
f 1900 1916 1901
f 2278 2562 2279
f 2278 2563 2562
f 2173 2189 2174
f 2089 2063 2090
f 1891 1890 1727
f 1891 1727 1726
f 2277 2563 2278
f 2277 2564 2563
f 1892 1891 1726
f 1892 1726 1725
f 1892 1725 1355
f 2276 2565 2564
f 2276 2564 2277
f 2410 2567 2566
f 2409 2567 2410
f 2409 2568 2567
f 2411 2566 2565
f 2411 2410 2566
f 2408 2569 2568
f 2408 2568 2409
f 2412 2411 2565
f 2412 2565 2276
f 2412 2276 2275
f 2407 2569 2408
f 2407 2570 2569
f 2413 2412 2275
f 2413 2275 2274
f 2427 2570 2407
f 2427 2440 2439
f 2427 2439 2570
f 2414 2413 2274
f 2414 2274 2273
f 2426 2441 2440
f 2426 2440 2427
f 2415 2414 2273
f 2425 2441 2426
f 2425 2442 2441
f 2424 2442 2425
f 2424 2443 2442
f 2423 1351 2443
f 2423 2443 2424
f 2095 1916 1900
f 2095 2079 1916
f 2284 2268 2189
f 2284 2189 2173
f 2137 2063 2089
f 2137 2163 2063
f 2094 2079 2095
f 2094 2080 2079
f 2283 2268 2284
f 2283 2269 2268
f 2136 2163 2137
f 2136 2164 2163
f 2096 2095 1900
f 2096 1900 1899
f 2285 2284 2173
f 2285 2172 2171
f 2285 2173 2172
f 2138 2137 2089
f 2138 2089 2088
f 2093 2081 2080
f 2093 2080 2094
f 2282 2269 2283
f 2282 2270 2269
f 2135 2164 2136
f 2135 2165 2164
f 2097 2096 1899
f 2097 1898 1897
f 2097 1899 1898
f 2286 2285 2171
f 2139 2138 2088
f 2139 2087 2086
f 2139 2088 2087
f 2092 2081 2093
f 2092 2082 2081
f 2281 2270 2282
f 2281 2271 2270
f 2134 2165 2135
f 2134 2166 2165
f 2098 2097 1897
f 2287 2286 2171
f 2287 2171 2170
f 2140 2139 2086
f 2112 2082 2092
f 2112 2083 2082
f 2301 2271 2281
f 2301 2272 2271
f 2154 2167 2166
f 2154 2166 2134
f 2099 2098 1897
f 2099 1897 1896
f 2288 2170 2169
f 2288 2287 2170
f 2141 2086 2085
f 2141 2140 2086
f 2111 2084 2083
f 2111 2083 2112
f 2300 2272 2301
f 2300 2415 2273
f 2300 2273 2272
f 2153 2168 2167
f 2153 2167 2154
f 2100 2099 1896
f 2100 1896 1895
f 2289 2169 2168
f 2289 2288 2169
f 2142 2141 2085
f 2142 2085 2084
f 2110 2084 2111
f 2152 2168 2153
f 2152 2289 2168
f 2101 2100 1895
f 2101 1895 1894
f 2102 2101 1894
f 2102 1894 1893
f 2389 2299 2298
f 2388 2300 2299
f 2388 2416 2415
f 2388 2415 2300
f 2388 2299 2389
f 2390 2298 2297
f 2390 2389 2298
f 2387 2417 2416
f 2387 2416 2388
f 2391 2390 2297
f 2391 2297 2296
f 2386 2417 2387
f 2386 2418 2417
f 2392 2391 2296
f 2406 2419 2418
f 2406 2418 2386
f 2393 2392 2296
f 2393 2295 2294
f 2393 2296 2295
f 2405 2420 2419
f 2405 2419 2406
f 2394 2393 2294
f 2404 2421 2420
f 2404 2420 2405
f 2403 2422 2421
f 2403 2421 2404
f 2402 2422 2403
f 2116 2142 2084
f 2116 2084 2110
f 2305 2289 2152
f 2115 2143 2142
f 2115 2142 2116
f 2304 2289 2305
f 2304 2290 2289
f 2117 2109 2108
f 2117 2110 2109
f 2117 2116 2110
f 2306 2305 2152
f 2306 2152 2151
f 2114 2144 2143
f 2114 2143 2115
f 2303 2290 2304
f 2303 2291 2290
f 2118 2117 2108
f 2118 2108 2107
f 2307 2306 2151
f 2307 2150 2149
f 2307 2151 2150
f 2113 2144 2114
f 2113 2145 2144
f 2302 2291 2303
f 2302 2292 2291
f 2119 2107 2106
f 2119 2118 2107
f 2308 2307 2149
f 2133 2145 2113
f 2133 2146 2145
f 2322 2292 2302
f 2322 2293 2292
f 2120 2106 2105
f 2120 2119 2106
f 2309 2308 2149
f 2309 2149 2148
f 2132 2146 2133
f 2132 2147 2146
f 2321 2293 2322
f 2321 2294 2293
f 2321 2394 2294
f 2121 2120 2105
f 2310 2148 2147
f 2310 2309 2148
f 2131 2147 2132
f 2131 2310 2147
f 2122 2105 2104
f 2122 2121 2105
f 2123 2104 2103
f 2123 2122 2104
f 2368 2320 2319
f 2368 2321 2320
f 2367 2394 2321
f 2367 2321 2368
f 2367 2395 2394
f 2369 2319 2318
f 2369 2368 2319
f 2366 2395 2367
f 2366 2396 2395
f 2370 2318 2317
f 2370 2369 2318
f 2365 2396 2366
f 2365 2397 2396
f 2371 2370 2317
f 2385 2397 2365
f 2385 2398 2397
f 2372 2371 2317
f 2372 2316 2315
f 2372 2317 2316
f 2384 2399 2398
f 2384 2398 2385
f 2373 2372 2315
f 2383 2400 2399
f 2383 2399 2384
f 2382 2401 2400
f 2382 2400 2383
f 2381 2401 2382
f 2326 2310 2131
f 2325 2311 2310
f 2325 2310 2326
f 2327 2131 2130
f 2327 2326 2131
f 2324 2312 2311
f 2324 2311 2325
f 2328 2327 2130
f 2328 2129 2128
f 2328 2130 2129
f 2323 2313 2312
f 2323 2312 2324
f 2329 2328 2128
f 2343 2314 2313
f 2343 2313 2323
f 2330 2127 2126
f 2330 2128 2127
f 2330 2329 2128
f 2342 2315 2314
f 2342 2373 2315
f 2342 2314 2343
f 2331 2330 2126
f 2332 2126 2125
f 2332 2331 2126
f 2333 2125 2124
f 2333 2332 2125
f 2347 2341 2340
f 2346 2342 2341
f 2346 2373 2342
f 2346 2341 2347
f 2346 2374 2373
f 2348 2340 2339
f 2348 2347 2340
f 2345 2374 2346
f 2345 2375 2374
f 2349 2339 2338
f 2349 2348 2339
f 2344 2376 2375
f 2344 2375 2345
f 2350 2338 2337
f 2350 2349 2338
f 2364 2377 2376
f 2364 2376 2344
f 2351 2337 2336
f 2351 2350 2337
f 2363 2377 2364
f 2363 2378 2377
f 2352 2336 2335
f 2352 2351 2336
f 2362 2378 2363
f 2362 2379 2378
f 2353 2352 2335
f 2361 2379 2362
f 2361 2380 2379
f 2360 2380 2361
f 1356 2103 2102
f 1356 2353 2335
f 1356 2380 2360
f 1356 2124 2123
f 1356 2334 2333
f 1356 2335 2334
f 1356 2354 2353
f 1356 2355 2354
f 1356 2356 2355
f 1356 2333 2124
f 1356 2357 2356
f 1356 2358 2357
f 1356 2359 2358
f 1356 2360 2359
f 1356 2123 2103
f 1356 2381 2380
f 1351 1352 1399
f 1351 1399 2449
f 1351 2449 1777
f 1351 1777 1987
f 1351 1987 2218
f 1353 1354 2496
f 1355 1356 1893
f 1893 1356 2102
f 1355 1893 1892
f 1356 1351 2402
f 2402 1351 2422
f 2422 1351 2423
f 1356 2402 2401
f 1356 2401 2381
f 1351 130 131
f 1351 131 1352
f 129 1356 1355
f 129 1355 127
f 132 1354 1353
f 132 128 1354
f 1421 196 1420
f 1421 197 196
f 1422 198 197
f 1422 199 198
f 1422 197 1421
f 1423 199 1422
f 1424 200 199
f 1424 201 200
f 1424 199 1423
f 1425 201 1424
f 1426 202 201
f 1426 201 1425
f 1427 203 202
f 1427 202 1426
f 1428 204 203
f 1428 203 1427
f 1429 205 204
f 1429 204 1428
f 1430 206 205
f 1430 205 1429
f 1431 207 206
f 1431 206 1430
f 1432 208 207
f 1432 207 1431
f 1433 208 1432
f 1433 209 208
f 1434 209 1433
f 1434 210 209
f 1435 210 1434
f 1435 211 210
f 1436 211 1435
f 1436 212 211
f 1437 212 1436
f 1437 213 212
f 1437 214 213
f 1438 214 1437
f 1439 214 1438
f 1439 215 214
f 1439 216 215
f 1440 216 1439
f 1420 216 1440
f 1420 196 216
f 1547 322 1546
f 1547 323 322
f 1548 324 323
f 1548 325 324
f 1548 323 1547
f 1549 325 1548
f 1550 326 325
f 1550 327 326
f 1550 325 1549
f 1551 327 1550
f 1552 328 327
f 1552 327 1551
f 1553 329 328
f 1553 328 1552
f 1554 330 329
f 1554 329 1553
f 1555 331 330
f 1555 330 1554
f 1556 332 331
f 1556 331 1555
f 1557 333 332
f 1557 332 1556
f 1558 334 333
f 1558 333 1557
f 1559 334 1558
f 1559 335 334
f 1560 335 1559
f 1560 336 335
f 1561 336 1560
f 1561 337 336
f 1562 337 1561
f 1562 338 337
f 1563 338 1562
f 1563 339 338
f 1563 340 339
f 1564 340 1563
f 1565 340 1564
f 1565 341 340
f 1565 342 341
f 1566 342 1565
f 1546 342 1566
f 1546 322 342
f 1526 301 1525
f 1526 302 301
f 1527 303 302
f 1527 304 303
f 1527 302 1526
f 1528 304 1527
f 1529 305 304
f 1529 306 305
f 1529 304 1528
f 1530 306 1529
f 1531 307 306
f 1531 306 1530
f 1532 308 307
f 1532 307 1531
f 1533 309 308
f 1533 308 1532
f 1534 310 309
f 1534 309 1533
f 1535 311 310
f 1535 310 1534
f 1536 312 311
f 1536 311 1535
f 1537 313 312
f 1537 312 1536
f 1538 313 1537
f 1538 314 313
f 1539 314 1538
f 1539 315 314
f 1540 315 1539
f 1540 316 315
f 1541 316 1540
f 1541 317 316
f 1542 317 1541
f 1542 318 317
f 1542 319 318
f 1543 319 1542
f 1544 319 1543
f 1544 320 319
f 1544 321 320
f 1545 321 1544
f 1525 321 1545
f 1525 301 321
f 1505 280 1504
f 1505 281 280
f 1506 282 281
f 1506 283 282
f 1506 281 1505
f 1507 283 1506
f 1508 284 283
f 1508 285 284
f 1508 283 1507
f 1509 285 1508
f 1510 286 285
f 1510 285 1509
f 1511 287 286
f 1511 286 1510
f 1512 288 287
f 1512 287 1511
f 1513 289 288
f 1513 288 1512
f 1514 290 289
f 1514 289 1513
f 1515 291 290
f 1515 290 1514
f 1516 292 291
f 1516 291 1515
f 1517 292 1516
f 1517 293 292
f 1518 293 1517
f 1518 294 293
f 1519 294 1518
f 1519 295 294
f 1520 295 1519
f 1520 296 295
f 1521 296 1520
f 1521 297 296
f 1521 298 297
f 1522 298 1521
f 1523 298 1522
f 1523 299 298
f 1523 300 299
f 1524 300 1523
f 1504 300 1524
f 1504 280 300
f 1610 385 1609
f 1610 386 385
f 1611 387 386
f 1611 388 387
f 1611 386 1610
f 1612 388 1611
f 1613 389 388
f 1613 390 389
f 1613 388 1612
f 1614 390 1613
f 1615 391 390
f 1615 390 1614
f 1616 392 391
f 1616 391 1615
f 1617 393 392
f 1617 392 1616
f 1618 394 393
f 1618 393 1617
f 1619 395 394
f 1619 394 1618
f 1620 396 395
f 1620 395 1619
f 1621 397 396
f 1621 396 1620
f 1622 397 1621
f 1622 398 397
f 1623 398 1622
f 1623 399 398
f 1624 399 1623
f 1624 400 399
f 1625 400 1624
f 1625 401 400
f 1626 401 1625
f 1626 402 401
f 1626 403 402
f 1627 403 1626
f 1628 403 1627
f 1628 404 403
f 1628 405 404
f 1629 405 1628
f 1609 405 1629
f 1609 385 405
f 1589 364 1588
f 1589 365 364
f 1590 366 365
f 1590 367 366
f 1590 365 1589
f 1591 367 1590
f 1592 368 367
f 1592 369 368
f 1592 367 1591
f 1593 369 1592
f 1594 370 369
f 1594 369 1593
f 1595 371 370
f 1595 370 1594
f 1596 372 371
f 1596 371 1595
f 1597 373 372
f 1597 372 1596
f 1598 374 373
f 1598 373 1597
f 1599 375 374
f 1599 374 1598
f 1600 376 375
f 1600 375 1599
f 1601 376 1600
f 1601 377 376
f 1602 377 1601
f 1602 378 377
f 1603 378 1602
f 1603 379 378
f 1604 379 1603
f 1604 380 379
f 1605 380 1604
f 1605 381 380
f 1605 382 381
f 1606 382 1605
f 1607 382 1606
f 1607 383 382
f 1607 384 383
f 1608 384 1607
f 1588 384 1608
f 1588 364 384
f 1568 343 1567
f 1568 344 343
f 1569 345 344
f 1569 346 345
f 1569 344 1568
f 1570 346 1569
f 1571 347 346
f 1571 348 347
f 1571 346 1570
f 1572 348 1571
f 1573 349 348
f 1573 348 1572
f 1574 350 349
f 1574 349 1573
f 1575 351 350
f 1575 350 1574
f 1576 352 351
f 1576 351 1575
f 1577 353 352
f 1577 352 1576
f 1578 354 353
f 1578 353 1577
f 1579 355 354
f 1579 354 1578
f 1580 355 1579
f 1580 356 355
f 1581 356 1580
f 1581 357 356
f 1582 357 1581
f 1582 358 357
f 1583 358 1582
f 1583 359 358
f 1584 359 1583
f 1584 360 359
f 1584 361 360
f 1585 361 1584
f 1586 361 1585
f 1586 362 361
f 1586 363 362
f 1587 363 1586
f 1567 363 1587
f 1567 343 363
f 1652 427 1651
f 1652 428 427
f 1653 429 428
f 1653 430 429
f 1653 428 1652
f 1654 430 1653
f 1655 431 430
f 1655 432 431
f 1655 430 1654
f 1656 432 1655
f 1657 433 432
f 1657 432 1656
f 1658 434 433
f 1658 433 1657
f 1659 435 434
f 1659 434 1658
f 1660 436 435
f 1660 435 1659
f 1661 437 436
f 1661 436 1660
f 1662 438 437
f 1662 437 1661
f 1663 439 438
f 1663 438 1662
f 1664 439 1663
f 1664 440 439
f 1665 440 1664
f 1665 441 440
f 1666 441 1665
f 1666 442 441
f 1667 442 1666
f 1667 443 442
f 1668 443 1667
f 1668 444 443
f 1668 445 444
f 1669 445 1668
f 1670 445 1669
f 1670 446 445
f 1670 447 446
f 1671 447 1670
f 1651 447 1671
f 1651 427 447
f 1673 448 1672
f 1673 449 448
f 1674 450 449
f 1674 451 450
f 1674 449 1673
f 1675 451 1674
f 1676 452 451
f 1676 453 452
f 1676 451 1675
f 1677 453 1676
f 1678 454 453
f 1678 453 1677
f 1679 455 454
f 1679 454 1678
f 1680 456 455
f 1680 455 1679
f 1681 457 456
f 1681 456 1680
f 1682 458 457
f 1682 457 1681
f 1683 459 458
f 1683 458 1682
f 1684 460 459
f 1684 459 1683
f 1685 460 1684
f 1685 461 460
f 1686 461 1685
f 1686 462 461
f 1687 462 1686
f 1687 463 462
f 1688 463 1687
f 1688 464 463
f 1689 464 1688
f 1689 465 464
f 1689 466 465
f 1690 466 1689
f 1691 466 1690
f 1691 467 466
f 1691 468 467
f 1692 468 1691
f 1672 468 1692
f 1672 448 468
f 1715 490 1714
f 1715 491 490
f 1716 492 491
f 1716 493 492
f 1716 491 1715
f 1717 493 1716
f 1718 494 493
f 1718 495 494
f 1718 493 1717
f 1719 495 1718
f 1720 496 495
f 1720 495 1719
f 1721 497 496
f 1721 496 1720
f 1722 498 497
f 1722 497 1721
f 1723 499 498
f 1723 498 1722
f 1724 500 499
f 1724 499 1723
f 1725 501 500
f 1725 500 1724
f 1726 502 501
f 1726 501 1725
f 1727 502 1726
f 1727 503 502
f 1728 503 1727
f 1728 504 503
f 1729 504 1728
f 1729 505 504
f 1730 505 1729
f 1730 506 505
f 1731 506 1730
f 1731 507 506
f 1731 508 507
f 1732 508 1731
f 1733 508 1732
f 1733 509 508
f 1733 510 509
f 1734 510 1733
f 1714 510 1734
f 1714 490 510
f 1736 511 1735
f 1736 512 511
f 1737 513 512
f 1737 514 513
f 1737 512 1736
f 1738 514 1737
f 1739 515 514
f 1739 516 515
f 1739 514 1738
f 1740 516 1739
f 1741 517 516
f 1741 516 1740
f 1742 518 517
f 1742 517 1741
f 1743 519 518
f 1743 518 1742
f 1744 520 519
f 1744 519 1743
f 1745 521 520
f 1745 520 1744
f 1746 522 521
f 1746 521 1745
f 1747 523 522
f 1747 522 1746
f 1748 523 1747
f 1748 524 523
f 1749 524 1748
f 1749 525 524
f 1750 525 1749
f 1750 526 525
f 1751 526 1750
f 1751 527 526
f 1752 527 1751
f 1752 528 527
f 1752 529 528
f 1753 529 1752
f 1754 529 1753
f 1754 530 529
f 1754 531 530
f 1755 531 1754
f 1735 531 1755
f 1735 511 531
f 1862 637 1861
f 1862 638 637
f 1863 639 638
f 1863 640 639
f 1863 638 1862
f 1864 640 1863
f 1865 641 640
f 1865 642 641
f 1865 640 1864
f 1866 642 1865
f 1867 643 642
f 1867 642 1866
f 1868 644 643
f 1868 643 1867
f 1869 645 644
f 1869 644 1868
f 1870 646 645
f 1870 645 1869
f 1871 647 646
f 1871 646 1870
f 1872 648 647
f 1872 647 1871
f 1873 649 648
f 1873 648 1872
f 1874 649 1873
f 1874 650 649
f 1875 650 1874
f 1875 651 650
f 1876 651 1875
f 1876 652 651
f 1877 652 1876
f 1877 653 652
f 1878 653 1877
f 1878 654 653
f 1878 655 654
f 1879 655 1878
f 1880 655 1879
f 1880 656 655
f 1880 657 656
f 1881 657 1880
f 1861 657 1881
f 1861 637 657
f 1925 700 1924
f 1925 701 700
f 1926 702 701
f 1926 703 702
f 1926 701 1925
f 1927 703 1926
f 1928 704 703
f 1928 705 704
f 1928 703 1927
f 1929 705 1928
f 1930 706 705
f 1930 705 1929
f 1931 707 706
f 1931 706 1930
f 1932 708 707
f 1932 707 1931
f 1933 709 708
f 1933 708 1932
f 1934 710 709
f 1934 709 1933
f 1935 711 710
f 1935 710 1934
f 1936 712 711
f 1936 711 1935
f 1937 712 1936
f 1937 713 712
f 1938 713 1937
f 1938 714 713
f 1939 714 1938
f 1939 715 714
f 1940 715 1939
f 1940 716 715
f 1941 716 1940
f 1941 717 716
f 1941 718 717
f 1942 718 1941
f 1943 718 1942
f 1943 719 718
f 1943 720 719
f 1944 720 1943
f 1924 720 1944
f 1924 700 720
f 1904 679 1903
f 1904 680 679
f 1905 681 680
f 1905 682 681
f 1905 680 1904
f 1906 682 1905
f 1907 683 682
f 1907 684 683
f 1907 682 1906
f 1908 684 1907
f 1909 685 684
f 1909 684 1908
f 1910 686 685
f 1910 685 1909
f 1911 687 686
f 1911 686 1910
f 1912 688 687
f 1912 687 1911
f 1913 689 688
f 1913 688 1912
f 1914 690 689
f 1914 689 1913
f 1915 691 690
f 1915 690 1914
f 1916 691 1915
f 1916 692 691
f 1917 692 1916
f 1917 693 692
f 1918 693 1917
f 1918 694 693
f 1919 694 1918
f 1919 695 694
f 1920 695 1919
f 1920 696 695
f 1920 697 696
f 1921 697 1920
f 1922 697 1921
f 1922 698 697
f 1922 699 698
f 1923 699 1922
f 1903 699 1923
f 1903 679 699
f 1883 658 1882
f 1883 659 658
f 1884 660 659
f 1884 661 660
f 1884 659 1883
f 1885 661 1884
f 1886 662 661
f 1886 663 662
f 1886 661 1885
f 1887 663 1886
f 1888 664 663
f 1888 663 1887
f 1889 665 664
f 1889 664 1888
f 1890 666 665
f 1890 665 1889
f 1891 667 666
f 1891 666 1890
f 1892 668 667
f 1892 667 1891
f 1893 669 668
f 1893 668 1892
f 1894 670 669
f 1894 669 1893
f 1895 670 1894
f 1895 671 670
f 1896 671 1895
f 1896 672 671
f 1897 672 1896
f 1897 673 672
f 1898 673 1897
f 1898 674 673
f 1899 674 1898
f 1899 675 674
f 1899 676 675
f 1900 676 1899
f 1901 676 1900
f 1901 677 676
f 1901 678 677
f 1902 678 1901
f 1882 678 1902
f 1882 658 678
f 2093 868 2092
f 2093 869 868
f 2094 870 869
f 2094 871 870
f 2094 869 2093
f 2095 871 2094
f 2096 872 871
f 2096 873 872
f 2096 871 2095
f 2097 873 2096
f 2098 874 873
f 2098 873 2097
f 2099 875 874
f 2099 874 2098
f 2100 876 875
f 2100 875 2099
f 2101 877 876
f 2101 876 2100
f 2102 878 877
f 2102 877 2101
f 2103 879 878
f 2103 878 2102
f 2104 880 879
f 2104 879 2103
f 2105 880 2104
f 2105 881 880
f 2106 881 2105
f 2106 882 881
f 2107 882 2106
f 2107 883 882
f 2108 883 2107
f 2108 884 883
f 2109 884 2108
f 2109 885 884
f 2109 886 885
f 2110 886 2109
f 2111 886 2110
f 2111 887 886
f 2111 888 887
f 2112 888 2111
f 2092 888 2112
f 2092 868 888
f 2072 847 2071
f 2072 848 847
f 2073 849 848
f 2073 850 849
f 2073 848 2072
f 2074 850 2073
f 2075 851 850
f 2075 852 851
f 2075 850 2074
f 2076 852 2075
f 2077 853 852
f 2077 852 2076
f 2078 854 853
f 2078 853 2077
f 2079 855 854
f 2079 854 2078
f 2080 856 855
f 2080 855 2079
f 2081 857 856
f 2081 856 2080
f 2082 858 857
f 2082 857 2081
f 2083 859 858
f 2083 858 2082
f 2084 859 2083
f 2084 860 859
f 2085 860 2084
f 2085 861 860
f 2086 861 2085
f 2086 862 861
f 2087 862 2086
f 2087 863 862
f 2088 863 2087
f 2088 864 863
f 2088 865 864
f 2089 865 2088
f 2090 865 2089
f 2090 866 865
f 2090 867 866
f 2091 867 2090
f 2071 867 2091
f 2071 847 867
f 2051 826 2050
f 2051 827 826
f 2052 828 827
f 2052 829 828
f 2052 827 2051
f 2053 829 2052
f 2054 830 829
f 2054 831 830
f 2054 829 2053
f 2055 831 2054
f 2056 832 831
f 2056 831 2055
f 2057 833 832
f 2057 832 2056
f 2058 834 833
f 2058 833 2057
f 2059 835 834
f 2059 834 2058
f 2060 836 835
f 2060 835 2059
f 2061 837 836
f 2061 836 2060
f 2062 838 837
f 2062 837 2061
f 2063 838 2062
f 2063 839 838
f 2064 839 2063
f 2064 840 839
f 2065 840 2064
f 2065 841 840
f 2066 841 2065
f 2066 842 841
f 2067 842 2066
f 2067 843 842
f 2067 844 843
f 2068 844 2067
f 2069 844 2068
f 2069 845 844
f 2069 846 845
f 2070 846 2069
f 2050 846 2070
f 2050 826 846
f 2114 889 2113
f 2114 890 889
f 2115 891 890
f 2115 892 891
f 2115 890 2114
f 2116 892 2115
f 2117 893 892
f 2117 894 893
f 2117 892 2116
f 2118 894 2117
f 2119 895 894
f 2119 894 2118
f 2120 896 895
f 2120 895 2119
f 2121 897 896
f 2121 896 2120
f 2122 898 897
f 2122 897 2121
f 2123 899 898
f 2123 898 2122
f 2124 900 899
f 2124 899 2123
f 2125 901 900
f 2125 900 2124
f 2126 901 2125
f 2126 902 901
f 2127 902 2126
f 2127 903 902
f 2128 903 2127
f 2128 904 903
f 2129 904 2128
f 2129 905 904
f 2130 905 2129
f 2130 906 905
f 2130 907 906
f 2131 907 2130
f 2132 907 2131
f 2132 908 907
f 2132 909 908
f 2133 909 2132
f 2113 909 2133
f 2113 889 909
f 2135 910 2134
f 2135 911 910
f 2136 912 911
f 2136 913 912
f 2136 911 2135
f 2137 913 2136
f 2138 914 913
f 2138 915 914
f 2138 913 2137
f 2139 915 2138
f 2140 916 915
f 2140 915 2139
f 2141 917 916
f 2141 916 2140
f 2142 918 917
f 2142 917 2141
f 2143 919 918
f 2143 918 2142
f 2144 920 919
f 2144 919 2143
f 2145 921 920
f 2145 920 2144
f 2146 922 921
f 2146 921 2145
f 2147 922 2146
f 2147 923 922
f 2148 923 2147
f 2148 924 923
f 2149 924 2148
f 2149 925 924
f 2150 925 2149
f 2150 926 925
f 2151 926 2150
f 2151 927 926
f 2151 928 927
f 2152 928 2151
f 2153 928 2152
f 2153 929 928
f 2153 930 929
f 2154 930 2153
f 2134 930 2154
f 2134 910 930
f 2156 931 2155
f 2156 932 931
f 2157 933 932
f 2157 934 933
f 2157 932 2156
f 2158 934 2157
f 2159 935 934
f 2159 936 935
f 2159 934 2158
f 2160 936 2159
f 2161 937 936
f 2161 936 2160
f 2162 938 937
f 2162 937 2161
f 2163 939 938
f 2163 938 2162
f 2164 940 939
f 2164 939 2163
f 2165 941 940
f 2165 940 2164
f 2166 942 941
f 2166 941 2165
f 2167 943 942
f 2167 942 2166
f 2168 943 2167
f 2168 944 943
f 2169 944 2168
f 2169 945 944
f 2170 945 2169
f 2170 946 945
f 2171 946 2170
f 2171 947 946
f 2172 947 2171
f 2172 948 947
f 2172 949 948
f 2173 949 2172
f 2174 949 2173
f 2174 950 949
f 2174 951 950
f 2175 951 2174
f 2155 951 2175
f 2155 931 951
f 1694 469 1693
f 1694 470 469
f 1695 471 470
f 1695 472 471
f 1695 470 1694
f 1696 472 1695
f 1697 473 472
f 1697 474 473
f 1697 472 1696
f 1698 474 1697
f 1699 475 474
f 1699 474 1698
f 1700 476 475
f 1700 475 1699
f 1701 477 476
f 1701 476 1700
f 1702 478 477
f 1702 477 1701
f 1703 479 478
f 1703 478 1702
f 1704 480 479
f 1704 479 1703
f 1705 481 480
f 1705 480 1704
f 1706 481 1705
f 1706 482 481
f 1707 482 1706
f 1707 483 482
f 1708 483 1707
f 1708 484 483
f 1709 484 1708
f 1709 485 484
f 1710 485 1709
f 1710 486 485
f 1710 487 486
f 1711 487 1710
f 1712 487 1711
f 1712 488 487
f 1712 489 488
f 1713 489 1712
f 1693 489 1713
f 1693 469 489
f 2198 973 2197
f 2198 974 973
f 2199 975 974
f 2199 976 975
f 2199 974 2198
f 2200 976 2199
f 2201 977 976
f 2201 978 977
f 2201 976 2200
f 2202 978 2201
f 2203 979 978
f 2203 978 2202
f 2204 980 979
f 2204 979 2203
f 2205 981 980
f 2205 980 2204
f 2206 982 981
f 2206 981 2205
f 2207 983 982
f 2207 982 2206
f 2208 984 983
f 2208 983 2207
f 2209 985 984
f 2209 984 2208
f 2210 985 2209
f 2210 986 985
f 2211 986 2210
f 2211 987 986
f 2212 987 2211
f 2212 988 987
f 2213 988 2212
f 2213 989 988
f 2214 989 2213
f 2214 990 989
f 2214 991 990
f 2215 991 2214
f 2216 991 2215
f 2216 992 991
f 2216 993 992
f 2217 993 2216
f 2197 993 2217
f 2197 973 993
f 1400 175 1399
f 1400 176 175
f 1401 177 176
f 1401 178 177
f 1401 176 1400
f 1402 178 1401
f 1403 179 178
f 1403 180 179
f 1403 178 1402
f 1404 180 1403
f 1405 181 180
f 1405 180 1404
f 1406 182 181
f 1406 181 1405
f 1407 183 182
f 1407 182 1406
f 1408 184 183
f 1408 183 1407
f 1409 185 184
f 1409 184 1408
f 1410 186 185
f 1410 185 1409
f 1411 187 186
f 1411 186 1410
f 1412 187 1411
f 1412 188 187
f 1413 188 1412
f 1413 189 188
f 1414 189 1413
f 1414 190 189
f 1415 190 1414
f 1415 191 190
f 1416 191 1415
f 1416 192 191
f 1416 193 192
f 1417 193 1416
f 1418 193 1417
f 1418 194 193
f 1418 195 194
f 1419 195 1418
f 1399 195 1419
f 1399 175 195
f 1358 133 1357
f 1358 134 133
f 1359 135 134
f 1359 136 135
f 1359 134 1358
f 1360 136 1359
f 1361 137 136
f 1361 138 137
f 1361 136 1360
f 1362 138 1361
f 1363 139 138
f 1363 138 1362
f 1364 140 139
f 1364 139 1363
f 1365 141 140
f 1365 140 1364
f 1366 142 141
f 1366 141 1365
f 1367 143 142
f 1367 142 1366
f 1368 144 143
f 1368 143 1367
f 1369 145 144
f 1369 144 1368
f 1370 145 1369
f 1370 146 145
f 1371 146 1370
f 1371 147 146
f 1372 147 1371
f 1372 148 147
f 1373 148 1372
f 1373 149 148
f 1374 149 1373
f 1374 150 149
f 1374 151 150
f 1375 151 1374
f 1376 151 1375
f 1376 152 151
f 1376 153 152
f 1377 153 1376
f 1357 153 1377
f 1357 133 153
f 2177 952 2176
f 2177 953 952
f 2178 954 953
f 2178 955 954
f 2178 953 2177
f 2179 955 2178
f 2180 956 955
f 2180 957 956
f 2180 955 2179
f 2181 957 2180
f 2182 958 957
f 2182 957 2181
f 2183 959 958
f 2183 958 2182
f 2184 960 959
f 2184 959 2183
f 2185 961 960
f 2185 960 2184
f 2186 962 961
f 2186 961 2185
f 2187 963 962
f 2187 962 2186
f 2188 964 963
f 2188 963 2187
f 2189 964 2188
f 2189 965 964
f 2190 965 2189
f 2190 966 965
f 2191 966 2190
f 2191 967 966
f 2192 967 2191
f 2192 968 967
f 2193 968 2192
f 2193 969 968
f 2193 970 969
f 2194 970 2193
f 2195 970 2194
f 2195 971 970
f 2195 972 971
f 2196 972 2195
f 2176 972 2196
f 2176 952 972
f 1484 259 1483
f 1484 260 259
f 1485 261 260
f 1485 262 261
f 1485 260 1484
f 1486 262 1485
f 1487 263 262
f 1487 264 263
f 1487 262 1486
f 1488 264 1487
f 1489 265 264
f 1489 264 1488
f 1490 266 265
f 1490 265 1489
f 1491 267 266
f 1491 266 1490
f 1492 268 267
f 1492 267 1491
f 1493 269 268
f 1493 268 1492
f 1494 270 269
f 1494 269 1493
f 1495 271 270
f 1495 270 1494
f 1496 271 1495
f 1496 272 271
f 1497 272 1496
f 1497 273 272
f 1498 273 1497
f 1498 274 273
f 1499 274 1498
f 1499 275 274
f 1500 275 1499
f 1500 276 275
f 1500 277 276
f 1501 277 1500
f 1502 277 1501
f 1502 278 277
f 1502 279 278
f 1503 279 1502
f 1483 279 1503
f 1483 259 279
f 2030 805 2029
f 2030 806 805
f 2031 807 806
f 2031 808 807
f 2031 806 2030
f 2032 808 2031
f 2033 809 808
f 2033 810 809
f 2033 808 2032
f 2034 810 2033
f 2035 811 810
f 2035 810 2034
f 2036 812 811
f 2036 811 2035
f 2037 813 812
f 2037 812 2036
f 2038 814 813
f 2038 813 2037
f 2039 815 814
f 2039 814 2038
f 2040 816 815
f 2040 815 2039
f 2041 817 816
f 2041 816 2040
f 2042 817 2041
f 2042 818 817
f 2043 818 2042
f 2043 819 818
f 2044 819 2043
f 2044 820 819
f 2045 820 2044
f 2045 821 820
f 2046 821 2045
f 2046 822 821
f 2046 823 822
f 2047 823 2046
f 2048 823 2047
f 2048 824 823
f 2048 825 824
f 2049 825 2048
f 2029 825 2049
f 2029 805 825
f 2009 784 2008
f 2009 785 784
f 2010 786 785
f 2010 787 786
f 2010 785 2009
f 2011 787 2010
f 2012 788 787
f 2012 789 788
f 2012 787 2011
f 2013 789 2012
f 2014 790 789
f 2014 789 2013
f 2015 791 790
f 2015 790 2014
f 2016 792 791
f 2016 791 2015
f 2017 793 792
f 2017 792 2016
f 2018 794 793
f 2018 793 2017
f 2019 795 794
f 2019 794 2018
f 2020 796 795
f 2020 795 2019
f 2021 796 2020
f 2021 797 796
f 2022 797 2021
f 2022 798 797
f 2023 798 2022
f 2023 799 798
f 2024 799 2023
f 2024 800 799
f 2025 800 2024
f 2025 801 800
f 2025 802 801
f 2026 802 2025
f 2027 802 2026
f 2027 803 802
f 2027 804 803
f 2028 804 2027
f 2008 804 2028
f 2008 784 804
f 1946 721 1945
f 1946 722 721
f 1947 723 722
f 1947 724 723
f 1947 722 1946
f 1948 724 1947
f 1949 725 724
f 1949 726 725
f 1949 724 1948
f 1950 726 1949
f 1951 727 726
f 1951 726 1950
f 1952 728 727
f 1952 727 1951
f 1953 729 728
f 1953 728 1952
f 1954 730 729
f 1954 729 1953
f 1955 731 730
f 1955 730 1954
f 1956 732 731
f 1956 731 1955
f 1957 733 732
f 1957 732 1956
f 1958 733 1957
f 1958 734 733
f 1959 734 1958
f 1959 735 734
f 1960 735 1959
f 1960 736 735
f 1961 736 1960
f 1961 737 736
f 1962 737 1961
f 1962 738 737
f 1962 739 738
f 1963 739 1962
f 1964 739 1963
f 1964 740 739
f 1964 741 740
f 1965 741 1964
f 1945 741 1965
f 1945 721 741
f 1967 742 1966
f 1967 743 742
f 1968 744 743
f 1968 745 744
f 1968 743 1967
f 1969 745 1968
f 1970 746 745
f 1970 747 746
f 1970 745 1969
f 1971 747 1970
f 1972 748 747
f 1972 747 1971
f 1973 749 748
f 1973 748 1972
f 1974 750 749
f 1974 749 1973
f 1975 751 750
f 1975 750 1974
f 1976 752 751
f 1976 751 1975
f 1977 753 752
f 1977 752 1976
f 1978 754 753
f 1978 753 1977
f 1979 754 1978
f 1979 755 754
f 1980 755 1979
f 1980 756 755
f 1981 756 1980
f 1981 757 756
f 1982 757 1981
f 1982 758 757
f 1983 758 1982
f 1983 759 758
f 1983 760 759
f 1984 760 1983
f 1985 760 1984
f 1985 761 760
f 1985 762 761
f 1986 762 1985
f 1966 762 1986
f 1966 742 762
f 1841 616 1840
f 1841 617 616
f 1842 618 617
f 1842 619 618
f 1842 617 1841
f 1843 619 1842
f 1844 620 619
f 1844 621 620
f 1844 619 1843
f 1845 621 1844
f 1846 622 621
f 1846 621 1845
f 1847 623 622
f 1847 622 1846
f 1848 624 623
f 1848 623 1847
f 1849 625 624
f 1849 624 1848
f 1850 626 625
f 1850 625 1849
f 1851 627 626
f 1851 626 1850
f 1852 628 627
f 1852 627 1851
f 1853 628 1852
f 1853 629 628
f 1854 629 1853
f 1854 630 629
f 1855 630 1854
f 1855 631 630
f 1856 631 1855
f 1856 632 631
f 1857 632 1856
f 1857 633 632
f 1857 634 633
f 1858 634 1857
f 1859 634 1858
f 1859 635 634
f 1859 636 635
f 1860 636 1859
f 1840 636 1860
f 1840 616 636
f 1799 574 1798
f 1799 575 574
f 1800 576 575
f 1800 577 576
f 1800 575 1799
f 1801 577 1800
f 1802 578 577
f 1802 579 578
f 1802 577 1801
f 1803 579 1802
f 1804 580 579
f 1804 579 1803
f 1805 581 580
f 1805 580 1804
f 1806 582 581
f 1806 581 1805
f 1807 583 582
f 1807 582 1806
f 1808 584 583
f 1808 583 1807
f 1809 585 584
f 1809 584 1808
f 1810 586 585
f 1810 585 1809
f 1811 586 1810
f 1811 587 586
f 1812 587 1811
f 1812 588 587
f 1813 588 1812
f 1813 589 588
f 1814 589 1813
f 1814 590 589
f 1815 590 1814
f 1815 591 590
f 1815 592 591
f 1816 592 1815
f 1817 592 1816
f 1817 593 592
f 1817 594 593
f 1818 594 1817
f 1798 594 1818
f 1798 574 594
f 1631 406 1630
f 1631 407 406
f 1632 408 407
f 1632 409 408
f 1632 407 1631
f 1633 409 1632
f 1634 410 409
f 1634 411 410
f 1634 409 1633
f 1635 411 1634
f 1636 412 411
f 1636 411 1635
f 1637 413 412
f 1637 412 1636
f 1638 414 413
f 1638 413 1637
f 1639 415 414
f 1639 414 1638
f 1640 416 415
f 1640 415 1639
f 1641 417 416
f 1641 416 1640
f 1642 418 417
f 1642 417 1641
f 1643 418 1642
f 1643 419 418
f 1644 419 1643
f 1644 420 419
f 1645 420 1644
f 1645 421 420
f 1646 421 1645
f 1646 422 421
f 1647 422 1646
f 1647 423 422
f 1647 424 423
f 1648 424 1647
f 1649 424 1648
f 1649 425 424
f 1649 426 425
f 1650 426 1649
f 1630 426 1650
f 1630 406 426
f 1463 238 1462
f 1463 239 238
f 1464 240 239
f 1464 241 240
f 1464 239 1463
f 1465 241 1464
f 1466 242 241
f 1466 243 242
f 1466 241 1465
f 1467 243 1466
f 1468 244 243
f 1468 243 1467
f 1469 245 244
f 1469 244 1468
f 1470 246 245
f 1470 245 1469
f 1471 247 246
f 1471 246 1470
f 1472 248 247
f 1472 247 1471
f 1473 249 248
f 1473 248 1472
f 1474 250 249
f 1474 249 1473
f 1475 250 1474
f 1475 251 250
f 1476 251 1475
f 1476 252 251
f 1477 252 1476
f 1477 253 252
f 1478 253 1477
f 1478 254 253
f 1479 254 1478
f 1479 255 254
f 1479 256 255
f 1480 256 1479
f 1481 256 1480
f 1481 257 256
f 1481 258 257
f 1482 258 1481
f 1462 258 1482
f 1462 238 258
f 1778 553 1777
f 1778 554 553
f 1779 555 554
f 1779 556 555
f 1779 554 1778
f 1780 556 1779
f 1781 557 556
f 1781 558 557
f 1781 556 1780
f 1782 558 1781
f 1783 559 558
f 1783 558 1782
f 1784 560 559
f 1784 559 1783
f 1785 561 560
f 1785 560 1784
f 1786 562 561
f 1786 561 1785
f 1787 563 562
f 1787 562 1786
f 1788 564 563
f 1788 563 1787
f 1789 565 564
f 1789 564 1788
f 1790 565 1789
f 1790 566 565
f 1791 566 1790
f 1791 567 566
f 1792 567 1791
f 1792 568 567
f 1793 568 1792
f 1793 569 568
f 1794 569 1793
f 1794 570 569
f 1794 571 570
f 1795 571 1794
f 1796 571 1795
f 1796 572 571
f 1796 573 572
f 1797 573 1796
f 1777 573 1797
f 1777 553 573
f 2324 1099 2323
f 2324 1100 1099
f 2325 1101 1100
f 2325 1102 1101
f 2325 1100 2324
f 2326 1102 2325
f 2327 1103 1102
f 2327 1104 1103
f 2327 1102 2326
f 2328 1104 2327
f 2329 1105 1104
f 2329 1104 2328
f 2330 1106 1105
f 2330 1105 2329
f 2331 1107 1106
f 2331 1106 2330
f 2332 1108 1107
f 2332 1107 2331
f 2333 1109 1108
f 2333 1108 2332
f 2334 1110 1109
f 2334 1109 2333
f 2335 1111 1110
f 2335 1110 2334
f 2336 1111 2335
f 2336 1112 1111
f 2337 1112 2336
f 2337 1113 1112
f 2338 1113 2337
f 2338 1114 1113
f 2339 1114 2338
f 2339 1115 1114
f 2340 1115 2339
f 2340 1116 1115
f 2340 1117 1116
f 2341 1117 2340
f 2342 1117 2341
f 2342 1118 1117
f 2342 1119 1118
f 2343 1119 2342
f 2323 1119 2343
f 2323 1099 1119
f 1988 763 1987
f 1988 764 763
f 1989 765 764
f 1989 766 765
f 1989 764 1988
f 1990 766 1989
f 1991 767 766
f 1991 768 767
f 1991 766 1990
f 1992 768 1991
f 1993 769 768
f 1993 768 1992
f 1994 770 769
f 1994 769 1993
f 1995 771 770
f 1995 770 1994
f 1996 772 771
f 1996 771 1995
f 1997 773 772
f 1997 772 1996
f 1998 774 773
f 1998 773 1997
f 1999 775 774
f 1999 774 1998
f 2000 775 1999
f 2000 776 775
f 2001 776 2000
f 2001 777 776
f 2002 777 2001
f 2002 778 777
f 2003 778 2002
f 2003 779 778
f 2004 779 2003
f 2004 780 779
f 2004 781 780
f 2005 781 2004
f 2006 781 2005
f 2006 782 781
f 2006 783 782
f 2007 783 2006
f 1987 783 2007
f 1987 763 783
f 2219 994 2218
f 2219 995 994
f 2220 996 995
f 2220 997 996
f 2220 995 2219
f 2221 997 2220
f 2222 998 997
f 2222 999 998
f 2222 997 2221
f 2223 999 2222
f 2224 1000 999
f 2224 999 2223
f 2225 1001 1000
f 2225 1000 2224
f 2226 1002 1001
f 2226 1001 2225
f 2227 1003 1002
f 2227 1002 2226
f 2228 1004 1003
f 2228 1003 2227
f 2229 1005 1004
f 2229 1004 2228
f 2230 1006 1005
f 2230 1005 2229
f 2231 1006 2230
f 2231 1007 1006
f 2232 1007 2231
f 2232 1008 1007
f 2233 1008 2232
f 2233 1009 1008
f 2234 1009 2233
f 2234 1010 1009
f 2235 1010 2234
f 2235 1011 1010
f 2235 1012 1011
f 2236 1012 2235
f 2237 1012 2236
f 2237 1013 1012
f 2237 1014 1013
f 2238 1014 2237
f 2218 1014 2238
f 2218 994 1014
f 2303 1078 2302
f 2303 1079 1078
f 2304 1080 1079
f 2304 1081 1080
f 2304 1079 2303
f 2305 1081 2304
f 2306 1082 1081
f 2306 1083 1082
f 2306 1081 2305
f 2307 1083 2306
f 2308 1084 1083
f 2308 1083 2307
f 2309 1085 1084
f 2309 1084 2308
f 2310 1086 1085
f 2310 1085 2309
f 2311 1087 1086
f 2311 1086 2310
f 2312 1088 1087
f 2312 1087 2311
f 2313 1089 1088
f 2313 1088 2312
f 2314 1090 1089
f 2314 1089 2313
f 2315 1090 2314
f 2315 1091 1090
f 2316 1091 2315
f 2316 1092 1091
f 2317 1092 2316
f 2317 1093 1092
f 2318 1093 2317
f 2318 1094 1093
f 2319 1094 2318
f 2319 1095 1094
f 2319 1096 1095
f 2320 1096 2319
f 2321 1096 2320
f 2321 1097 1096
f 2321 1098 1097
f 2322 1098 2321
f 2302 1098 2322
f 2302 1078 1098
f 2282 1057 2281
f 2282 1058 1057
f 2283 1059 1058
f 2283 1060 1059
f 2283 1058 2282
f 2284 1060 2283
f 2285 1061 1060
f 2285 1062 1061
f 2285 1060 2284
f 2286 1062 2285
f 2287 1063 1062
f 2287 1062 2286
f 2288 1064 1063
f 2288 1063 2287
f 2289 1065 1064
f 2289 1064 2288
f 2290 1066 1065
f 2290 1065 2289
f 2291 1067 1066
f 2291 1066 2290
f 2292 1068 1067
f 2292 1067 2291
f 2293 1069 1068
f 2293 1068 2292
f 2294 1069 2293
f 2294 1070 1069
f 2295 1070 2294
f 2295 1071 1070
f 2296 1071 2295
f 2296 1072 1071
f 2297 1072 2296
f 2297 1073 1072
f 2298 1073 2297
f 2298 1074 1073
f 2298 1075 1074
f 2299 1075 2298
f 2300 1075 2299
f 2300 1076 1075
f 2300 1077 1076
f 2301 1077 2300
f 2281 1077 2301
f 2281 1057 1077
f 2261 1036 2260
f 2261 1037 1036
f 2262 1038 1037
f 2262 1039 1038
f 2262 1037 2261
f 2263 1039 2262
f 2264 1040 1039
f 2264 1041 1040
f 2264 1039 2263
f 2265 1041 2264
f 2266 1042 1041
f 2266 1041 2265
f 2267 1043 1042
f 2267 1042 2266
f 2268 1044 1043
f 2268 1043 2267
f 2269 1045 1044
f 2269 1044 2268
f 2270 1046 1045
f 2270 1045 2269
f 2271 1047 1046
f 2271 1046 2270
f 2272 1048 1047
f 2272 1047 2271
f 2273 1048 2272
f 2273 1049 1048
f 2274 1049 2273
f 2274 1050 1049
f 2275 1050 2274
f 2275 1051 1050
f 2276 1051 2275
f 2276 1052 1051
f 2277 1052 2276
f 2277 1053 1052
f 2277 1054 1053
f 2278 1054 2277
f 2279 1054 2278
f 2279 1055 1054
f 2279 1056 1055
f 2280 1056 2279
f 2260 1056 2280
f 2260 1036 1056
f 2240 1015 2239
f 2240 1016 1015
f 2241 1017 1016
f 2241 1018 1017
f 2241 1016 2240
f 2242 1018 2241
f 2243 1019 1018
f 2243 1020 1019
f 2243 1018 2242
f 2244 1020 2243
f 2245 1021 1020
f 2245 1020 2244
f 2246 1022 1021
f 2246 1021 2245
f 2247 1023 1022
f 2247 1022 2246
f 2248 1024 1023
f 2248 1023 2247
f 2249 1025 1024
f 2249 1024 2248
f 2250 1026 1025
f 2250 1025 2249
f 2251 1027 1026
f 2251 1026 2250
f 2252 1027 2251
f 2252 1028 1027
f 2253 1028 2252
f 2253 1029 1028
f 2254 1029 2253
f 2254 1030 1029
f 2255 1030 2254
f 2255 1031 1030
f 2256 1031 2255
f 2256 1032 1031
f 2256 1033 1032
f 2257 1033 2256
f 2258 1033 2257
f 2258 1034 1033
f 2258 1035 1034
f 2259 1035 2258
f 2239 1035 2259
f 2239 1015 1035
f 1353 1352 131
f 1353 131 132
f 1354 128 127
f 1355 1354 127
f 129 130 1351
f 129 1351 1356
f 1757 532 1756
f 1757 533 532
f 1757 534 533
f 1758 535 534
f 1758 534 1757
f 1759 535 1758
f 1760 536 535
f 1760 535 1759
f 1761 537 536
f 1761 538 537
f 1761 536 1760
f 1762 538 1761
f 1763 539 538
f 1763 540 539
f 1763 538 1762
f 1764 540 1763
f 1765 541 540
f 1765 540 1764
f 1766 542 541
f 1766 541 1765
f 1767 543 542
f 1767 542 1766
f 1768 544 543
f 1768 543 1767
f 1769 544 1768
f 1769 545 544
f 1769 546 545
f 1770 546 1769
f 1771 546 1770
f 1771 547 546
f 1772 547 1771
f 1772 548 547
f 1773 548 1772
f 1773 549 548
f 1773 550 549
f 1774 550 1773
f 1774 551 550
f 1775 551 1774
f 1776 551 1775
f 1776 552 551
f 1756 552 1776
f 1756 532 552
f 1820 595 1819
f 1820 596 595
f 1820 597 596
f 1821 598 597
f 1821 597 1820
f 1822 598 1821
f 1823 599 598
f 1823 598 1822
f 1824 600 599
f 1824 601 600
f 1824 599 1823
f 1825 601 1824
f 1826 602 601
f 1826 603 602
f 1826 601 1825
f 1827 603 1826
f 1828 604 603
f 1828 603 1827
f 1829 605 604
f 1829 604 1828
f 1830 606 605
f 1830 605 1829
f 1831 607 606
f 1831 606 1830
f 1832 607 1831
f 1832 608 607
f 1832 609 608
f 1833 609 1832
f 1834 609 1833
f 1834 610 609
f 1835 610 1834
f 1835 611 610
f 1836 611 1835
f 1836 612 611
f 1836 613 612
f 1837 613 1836
f 1837 614 613
f 1838 614 1837
f 1839 614 1838
f 1839 615 614
f 1819 615 1839
f 1819 595 615
f 1379 154 1378
f 1379 155 154
f 1379 156 155
f 1380 157 156
f 1380 156 1379
f 1381 157 1380
f 1382 158 157
f 1382 157 1381
f 1383 159 158
f 1383 160 159
f 1383 158 1382
f 1384 160 1383
f 1385 161 160
f 1385 162 161
f 1385 160 1384
f 1386 162 1385
f 1387 163 162
f 1387 162 1386
f 1388 164 163
f 1388 163 1387
f 1389 165 164
f 1389 164 1388
f 1390 166 165
f 1390 165 1389
f 1391 166 1390
f 1391 167 166
f 1391 168 167
f 1392 168 1391
f 1393 168 1392
f 1393 169 168
f 1394 169 1393
f 1394 170 169
f 1395 170 1394
f 1395 171 170
f 1395 172 171
f 1396 172 1395
f 1396 173 172
f 1397 173 1396
f 1398 173 1397
f 1398 174 173
f 1378 174 1398
f 1378 154 174
f 1442 217 1441
f 1442 218 217
f 1442 219 218
f 1443 220 219
f 1443 219 1442
f 1444 220 1443
f 1445 221 220
f 1445 220 1444
f 1446 222 221
f 1446 223 222
f 1446 221 1445
f 1447 223 1446
f 1448 224 223
f 1448 225 224
f 1448 223 1447
f 1449 225 1448
f 1450 226 225
f 1450 225 1449
f 1451 227 226
f 1451 226 1450
f 1452 228 227
f 1452 227 1451
f 1453 229 228
f 1453 228 1452
f 1454 229 1453
f 1454 230 229
f 1454 231 230
f 1455 231 1454
f 1456 231 1455
f 1456 232 231
f 1457 232 1456
f 1457 233 232
f 1458 233 1457
f 1458 234 233
f 1458 235 234
f 1459 235 1458
f 1459 236 235
f 1460 236 1459
f 1461 236 1460
f 1461 237 236
f 1441 237 1461
f 1441 217 237
f 2429 1204 2428
f 2429 1205 1204
f 2430 1206 1205
f 2430 1207 1206
f 2430 1205 2429
f 2431 1207 2430
f 2432 1208 1207
f 2432 1209 1208
f 2432 1207 2431
f 2433 1209 2432
f 2434 1210 1209
f 2434 1209 2433
f 2435 1211 1210
f 2435 1210 2434
f 2436 1212 1211
f 2436 1211 2435
f 2437 1213 1212
f 2437 1212 2436
f 2438 1214 1213
f 2438 1213 2437
f 2439 1215 1214
f 2439 1214 2438
f 2440 1216 1215
f 2440 1215 2439
f 2441 1216 2440
f 2441 1217 1216
f 2442 1217 2441
f 2442 1218 1217
f 2443 1218 2442
f 2443 1219 1218
f 2444 1219 2443
f 2444 1220 1219
f 2445 1220 2444
f 2445 1221 1220
f 2445 1222 1221
f 2446 1222 2445
f 2447 1222 2446
f 2447 1223 1222
f 2447 1224 1223
f 2448 1224 2447
f 2428 1224 2448
f 2428 1204 1224
f 2408 1183 2407
f 2408 1184 1183
f 2409 1185 1184
f 2409 1186 1185
f 2409 1184 2408
f 2410 1186 2409
f 2411 1187 1186
f 2411 1188 1187
f 2411 1186 2410
f 2412 1188 2411
f 2413 1189 1188
f 2413 1188 2412
f 2414 1190 1189
f 2414 1189 2413
f 2415 1191 1190
f 2415 1190 2414
f 2416 1192 1191
f 2416 1191 2415
f 2417 1193 1192
f 2417 1192 2416
f 2418 1194 1193
f 2418 1193 2417
f 2419 1195 1194
f 2419 1194 2418
f 2420 1195 2419
f 2420 1196 1195
f 2421 1196 2420
f 2421 1197 1196
f 2422 1197 2421
f 2422 1198 1197
f 2423 1198 2422
f 2423 1199 1198
f 2424 1199 2423
f 2424 1200 1199
f 2424 1201 1200
f 2425 1201 2424
f 2426 1201 2425
f 2426 1202 1201
f 2426 1203 1202
f 2427 1203 2426
f 2407 1203 2427
f 2407 1183 1203
f 2387 1162 2386
f 2387 1163 1162
f 2388 1164 1163
f 2388 1165 1164
f 2388 1163 2387
f 2389 1165 2388
f 2390 1166 1165
f 2390 1167 1166
f 2390 1165 2389
f 2391 1167 2390
f 2392 1168 1167
f 2392 1167 2391
f 2393 1169 1168
f 2393 1168 2392
f 2394 1170 1169
f 2394 1169 2393
f 2395 1171 1170
f 2395 1170 2394
f 2396 1172 1171
f 2396 1171 2395
f 2397 1173 1172
f 2397 1172 2396
f 2398 1174 1173
f 2398 1173 2397
f 2399 1174 2398
f 2399 1175 1174
f 2400 1175 2399
f 2400 1176 1175
f 2401 1176 2400
f 2401 1177 1176
f 2402 1177 2401
f 2402 1178 1177
f 2403 1178 2402
f 2403 1179 1178
f 2403 1180 1179
f 2404 1180 2403
f 2405 1180 2404
f 2405 1181 1180
f 2405 1182 1181
f 2406 1182 2405
f 2386 1182 2406
f 2386 1162 1182
f 2366 1141 2365
f 2366 1142 1141
f 2367 1143 1142
f 2367 1144 1143
f 2367 1142 2366
f 2368 1144 2367
f 2369 1145 1144
f 2369 1146 1145
f 2369 1144 2368
f 2370 1146 2369
f 2371 1147 1146
f 2371 1146 2370
f 2372 1148 1147
f 2372 1147 2371
f 2373 1149 1148
f 2373 1148 2372
f 2374 1150 1149
f 2374 1149 2373
f 2375 1151 1150
f 2375 1150 2374
f 2376 1152 1151
f 2376 1151 2375
f 2377 1153 1152
f 2377 1152 2376
f 2378 1153 2377
f 2378 1154 1153
f 2379 1154 2378
f 2379 1155 1154
f 2380 1155 2379
f 2380 1156 1155
f 2381 1156 2380
f 2381 1157 1156
f 2382 1157 2381
f 2382 1158 1157
f 2382 1159 1158
f 2383 1159 2382
f 2384 1159 2383
f 2384 1160 1159
f 2384 1161 1160
f 2385 1161 2384
f 2365 1161 2385
f 2365 1141 1161
f 2345 1120 2344
f 2345 1121 1120
f 2346 1122 1121
f 2346 1123 1122
f 2346 1121 2345
f 2347 1123 2346
f 2348 1124 1123
f 2348 1125 1124
f 2348 1123 2347
f 2349 1125 2348
f 2350 1126 1125
f 2350 1125 2349
f 2351 1127 1126
f 2351 1126 2350
f 2352 1128 1127
f 2352 1127 2351
f 2353 1129 1128
f 2353 1128 2352
f 2354 1130 1129
f 2354 1129 2353
f 2355 1131 1130
f 2355 1130 2354
f 2356 1132 1131
f 2356 1131 2355
f 2357 1132 2356
f 2357 1133 1132
f 2358 1133 2357
f 2358 1134 1133
f 2359 1134 2358
f 2359 1135 1134
f 2360 1135 2359
f 2360 1136 1135
f 2361 1136 2360
f 2361 1137 1136
f 2361 1138 1137
f 2362 1138 2361
f 2363 1138 2362
f 2363 1139 1138
f 2363 1140 1139
f 2364 1140 2363
f 2344 1140 2364
f 2344 1120 1140
f 2491 1268 1267
f 2492 1269 1268
f 2492 1268 2491
f 2493 1270 1269
f 2493 1269 2492
f 2494 1271 1270
f 2494 1270 2493
f 2495 1272 1271
f 2495 1271 2494
f 2496 1273 1272
f 2496 1272 2495
f 2497 1274 1273
f 2497 1273 2496
f 2498 1275 1274
f 2498 1274 2497
f 2499 1276 1275
f 2499 1275 2498
f 2500 1277 1276
f 2500 1276 2499
f 2501 1278 1277
f 2501 1277 2500
f 2502 1279 1278
f 2502 1278 2501
f 2503 1280 1279
f 2503 1279 2502
f 2504 1280 2503
f 2504 1281 1280
f 2505 1281 2504
f 2505 1282 1281
f 2506 1282 2505
f 2506 1283 1282
f 2507 1283 2506
f 2507 1284 1283
f 2508 1284 2507
f 2508 1285 1284
f 2509 1285 2508
f 2509 1286 1285
f 2510 1286 2509
f 2511 1286 2510
f 2511 1287 1286
f 2511 1267 1287
f 2491 1267 2511
f 2450 1225 2449
f 2450 1226 1225
f 2450 1227 1226
f 2451 1228 1227
f 2451 1227 2450
f 2452 1228 2451
f 2453 1229 1228
f 2453 1228 2452
f 2454 1230 1229
f 2454 1231 1230
f 2454 1229 2453
f 2455 1231 2454
f 2456 1232 1231
f 2456 1233 1232
f 2456 1231 2455
f 2457 1233 2456
f 2458 1234 1233
f 2458 1233 2457
f 2459 1235 1234
f 2459 1234 2458
f 2460 1236 1235
f 2460 1235 2459
f 2461 1237 1236
f 2461 1236 2460
f 2462 1237 2461
f 2462 1238 1237
f 2462 1239 1238
f 2463 1239 2462
f 2464 1239 2463
f 2464 1240 1239
f 2465 1240 2464
f 2465 1241 1240
f 2466 1241 2465
f 2466 1242 1241
f 2466 1243 1242
f 2467 1243 2466
f 2467 1244 1243
f 2468 1244 2467
f 2469 1244 2468
f 2469 1245 1244
f 2449 1245 2469
f 2449 1225 1245
f 2534 1309 2533
f 2534 1310 1309
f 2534 1311 1310
f 2535 1312 1311
f 2535 1311 2534
f 2536 1312 2535
f 2537 1313 1312
f 2537 1312 2536
f 2538 1314 1313
f 2538 1315 1314
f 2538 1313 2537
f 2539 1315 2538
f 2540 1316 1315
f 2540 1317 1316
f 2540 1315 2539
f 2541 1317 2540
f 2542 1318 1317
f 2542 1317 2541
f 2543 1319 1318
f 2543 1318 2542
f 2544 1320 1319
f 2544 1319 2543
f 2545 1321 1320
f 2545 1320 2544
f 2546 1321 2545
f 2546 1322 1321
f 2546 1323 1322
f 2547 1323 2546
f 2548 1323 2547
f 2548 1324 1323
f 2549 1324 2548
f 2549 1325 1324
f 2550 1325 2549
f 2550 1326 1325
f 2550 1327 1326
f 2551 1327 2550
f 2551 1328 1327
f 2552 1328 2551
f 2553 1328 2552
f 2553 1329 1328
f 2533 1329 2553
f 2533 1309 1329
f 2513 1288 2512
f 2513 1289 1288
f 2513 1290 1289
f 2514 1291 1290
f 2514 1290 2513
f 2515 1291 2514
f 2516 1292 1291
f 2516 1291 2515
f 2517 1293 1292
f 2517 1294 1293
f 2517 1292 2516
f 2518 1294 2517
f 2519 1295 1294
f 2519 1296 1295
f 2519 1294 2518
f 2520 1296 2519
f 2521 1297 1296
f 2521 1296 2520
f 2522 1298 1297
f 2522 1297 2521
f 2523 1299 1298
f 2523 1298 2522
f 2524 1300 1299
f 2524 1299 2523
f 2525 1300 2524
f 2525 1301 1300
f 2525 1302 1301
f 2526 1302 2525
f 2527 1302 2526
f 2527 1303 1302
f 2528 1303 2527
f 2528 1304 1303
f 2529 1304 2528
f 2529 1305 1304
f 2529 1306 1305
f 2530 1306 2529
f 2530 1307 1306
f 2531 1307 2530
f 2532 1307 2531
f 2532 1308 1307
f 2512 1308 2532
f 2512 1288 1308
f 2555 1330 2554
f 2555 1331 1330
f 2555 1332 1331
f 2556 1333 1332
f 2556 1332 2555
f 2557 1333 2556
f 2558 1334 1333
f 2558 1333 2557
f 2559 1335 1334
f 2559 1336 1335
f 2559 1334 2558
f 2560 1336 2559
f 2561 1337 1336
f 2561 1338 1337
f 2561 1336 2560
f 2562 1338 2561
f 2563 1339 1338
f 2563 1338 2562
f 2564 1340 1339
f 2564 1339 2563
f 2565 1341 1340
f 2565 1340 2564
f 2566 1342 1341
f 2566 1341 2565
f 2567 1342 2566
f 2567 1343 1342
f 2567 1344 1343
f 2568 1344 2567
f 2569 1344 2568
f 2569 1345 1344
f 2570 1345 2569
f 2570 1346 1345
f 2571 1346 2570
f 2571 1347 1346
f 2571 1348 1347
f 2572 1348 2571
f 2572 1349 1348
f 2573 1349 2572
f 2574 1349 2573
f 2574 1350 1349
f 2554 1350 2574
f 2554 1330 1350
f 2470 1247 1246
f 2471 1248 1247
f 2471 1247 2470
f 2472 1249 1248
f 2472 1248 2471
f 2473 1250 1249
f 2473 1249 2472
f 2474 1251 1250
f 2474 1250 2473
f 2475 1252 1251
f 2475 1251 2474
f 2476 1253 1252
f 2476 1252 2475
f 2477 1254 1253
f 2477 1253 2476
f 2478 1255 1254
f 2478 1254 2477
f 2479 1256 1255
f 2479 1255 2478
f 2480 1257 1256
f 2480 1256 2479
f 2481 1258 1257
f 2481 1257 2480
f 2482 1259 1258
f 2482 1258 2481
f 2483 1259 2482
f 2483 1260 1259
f 2484 1260 2483
f 2484 1261 1260
f 2485 1261 2484
f 2485 1262 1261
f 2486 1262 2485
f 2486 1263 1262
f 2487 1263 2486
f 2487 1264 1263
f 2488 1264 2487
f 2488 1265 1264
f 2489 1265 2488
f 2490 1265 2489
f 2490 1266 1265
f 2490 1246 1266
f 2470 1246 2490
