# Bed mesh (millimetres)
# bbox_min 0.00000 0.00000 -17.78000
# bbox_max 306.00000 222.00000 0.00000
# thickness_mm 17.78000
o CA1_SMW_Metric
v 250.482 71.000 0.000
v 250.482 71.000 -17.780
v 250.594 71.742 -17.780
v 250.920 72.418 -17.780
v 251.430 72.968 -17.780
v 252.080 73.343 -17.780
v 252.812 73.510 -17.780
v 253.560 73.454 -17.780
v 254.259 73.180 -17.780
v 254.845 72.712 -17.780
v 255.268 72.092 -17.780
v 255.489 71.375 -17.780
v 255.489 70.625 -17.780
v 255.268 69.908 -17.780
v 254.845 69.288 -17.780
v 254.259 68.820 -17.780
v 253.560 68.546 -17.780
v 252.812 68.490 -17.780
v 252.080 68.657 -17.780
v 251.430 69.032 -17.780
v 250.920 69.582 -17.780
v 250.594 70.258 -17.780
v 250.594 71.742 0.000
v 250.920 72.418 0.000
v 251.430 72.968 0.000
v 252.080 73.343 0.000
v 252.812 73.510 0.000
v 253.560 73.454 0.000
v 254.259 73.180 0.000
v 254.845 72.712 0.000
v 255.268 72.092 0.000
v 255.489 71.375 0.000
v 255.489 70.625 0.000
v 255.268 69.908 0.000
v 254.845 69.288 0.000
v 254.259 68.820 0.000
v 253.560 68.546 0.000
v 252.812 68.490 0.000
v 252.080 68.657 0.000
v 251.430 69.032 0.000
v 250.920 69.582 0.000
v 250.594 70.258 0.000
v 95.365 90.137 0.000
v 95.036 89.519 0.000
v 94.549 89.015 0.000
v 93.942 88.665 0.000
v 93.262 88.496 0.000
v 92.562 88.521 0.000
v 91.896 88.738 0.000
v 91.315 89.130 0.000
v 90.865 89.666 0.000
v 90.580 90.306 0.000
v 90.482 91.000 0.000
v 90.482 91.000 -17.780
v 90.594 91.742 -17.780
v 90.920 92.418 -17.780
v 91.430 92.968 -17.780
v 92.080 93.343 -17.780
v 92.812 93.510 -17.780
v 93.560 93.454 -17.780
v 94.259 93.180 -17.780
v 94.845 92.712 -17.780
v 95.268 92.092 -17.780
v 95.489 91.375 -17.780
v 95.489 90.625 -17.780
v 95.268 89.908 -17.780
v 94.845 89.288 -17.780
v 94.259 88.820 -17.780
v 93.560 88.546 -17.780
v 92.812 88.490 -17.780
v 92.080 88.657 -17.780
v 91.430 89.032 -17.780
v 90.920 89.582 -17.780
v 90.594 90.258 -17.780
v 90.580 91.694 0.000
v 90.865 92.334 0.000
v 91.315 92.870 0.000
v 91.896 93.262 0.000
v 92.562 93.479 0.000
v 93.262 93.504 0.000
v 93.942 93.335 0.000
v 94.549 92.985 0.000
v 95.036 92.481 0.000
v 95.365 91.863 0.000
v 95.365 91.863 -0.254
v 95.500 91.293 -0.254
v 95.500 90.707 -0.254
v 95.365 90.137 -0.254
v 160.509 120.635 0.000
v 160.494 120.756 0.000
v 160.485 120.878 0.000
v 160.482 121.000 0.000
v 160.482 121.000 -17.780
v 160.594 121.742 -17.780
v 160.920 122.418 -17.780
v 161.430 122.968 -17.780
v 162.080 123.343 -17.780
v 162.812 123.510 -17.780
v 163.560 123.454 -17.780
v 164.259 123.180 -17.780
v 164.845 122.712 -17.780
v 165.268 122.092 -17.780
v 165.489 121.375 -17.780
v 165.489 120.625 -17.780
v 165.268 119.908 -17.780
v 164.845 119.288 -17.780
v 164.259 118.820 -17.780
v 163.560 118.546 -17.780
v 162.812 118.490 -17.780
v 162.080 118.657 -17.780
v 161.430 119.032 -17.780
v 160.920 119.582 -17.780
v 160.594 120.258 -17.780
v 160.594 121.741 0.000
v 160.919 122.417 0.000
v 161.428 122.967 0.000
v 162.077 123.342 0.000
v 162.807 123.510 0.000
v 163.555 123.456 0.000
v 164.253 123.183 0.000
v 164.840 122.718 0.000
v 165.265 122.100 0.000
v 165.488 121.384 0.000
v 165.491 120.635 0.000
v 165.491 120.635 -0.254
v 165.380 120.178 -0.254
v 165.185 119.750 -0.254
v 164.914 119.365 -0.254
v 164.914 119.365 0.000
v 164.371 118.889 0.000
v 163.715 118.586 0.000
v 163.000 118.483 0.000
v 162.285 118.586 0.000
v 161.629 118.889 0.000
v 161.086 119.365 0.000
v 161.086 119.365 -0.254
v 160.815 119.750 -0.254
v 160.620 120.178 -0.254
v 160.509 120.635 -0.254
v 131.666 53.135 0.000
v 132.306 53.420 0.000
v 133.000 53.518 0.000
v 133.694 53.420 0.000
v 134.334 53.135 0.000
v 134.334 53.135 -0.254
v 134.769 52.791 -0.254
v 135.118 52.361 -0.254
v 135.364 51.865 -0.254
v 135.364 51.865 0.000
v 135.513 51.150 0.000
v 135.450 50.423 0.000
v 135.182 49.744 0.000
v 134.730 49.171 0.000
v 134.132 48.751 0.000
v 133.439 48.521 0.000
v 132.709 48.499 0.000
v 132.004 48.688 0.000
v 131.383 49.071 0.000
v 130.897 49.616 0.000
v 130.588 50.278 0.000
v 130.483 51.000 0.000
v 130.483 51.000 -17.780
v 130.594 51.742 -17.780
v 130.920 52.418 -17.780
v 131.430 52.968 -17.780
v 132.080 53.343 -17.780
v 132.812 53.510 -17.780
v 133.560 53.454 -17.780
v 134.259 53.180 -17.780
v 134.845 52.712 -17.780
v 135.268 52.092 -17.780
v 135.489 51.375 -17.780
v 135.489 50.625 -17.780
v 135.268 49.908 -17.780
v 134.845 49.288 -17.780
v 134.259 48.820 -17.780
v 133.560 48.546 -17.780
v 132.812 48.490 -17.780
v 132.080 48.657 -17.780
v 131.430 49.032 -17.780
v 130.920 49.582 -17.780
v 130.594 50.258 -17.780
v 130.500 51.294 0.000
v 130.551 51.583 0.000
v 130.636 51.865 0.000
v 130.636 51.865 -0.254
v 130.882 52.361 -0.254
v 131.231 52.791 -0.254
v 131.666 53.135 -0.254
v 50.482 11.000 0.000
v 50.482 11.000 -17.780
v 50.594 11.742 -17.780
v 50.920 12.418 -17.780
v 51.430 12.968 -17.780
v 52.080 13.343 -17.780
v 52.812 13.510 -17.780
v 53.560 13.454 -17.780
v 54.259 13.180 -17.780
v 54.845 12.712 -17.780
v 55.268 12.092 -17.780
v 55.489 11.375 -17.780
v 55.489 10.625 -17.780
v 55.268 9.908 -17.780
v 54.845 9.288 -17.780
v 54.259 8.820 -17.780
v 53.560 8.546 -17.780
v 52.812 8.490 -17.780
v 52.080 8.657 -17.780
v 51.430 9.032 -17.780
v 50.920 9.582 -17.780
v 50.594 10.258 -17.780
v 50.594 11.742 0.000
v 50.920 12.418 0.000
v 51.430 12.968 0.000
v 52.080 13.343 0.000
v 52.812 13.510 0.000
v 53.560 13.454 0.000
v 54.259 13.180 0.000
v 54.845 12.712 0.000
v 55.268 12.092 0.000
v 55.489 11.375 0.000
v 55.489 10.625 0.000
v 55.268 9.908 0.000
v 54.845 9.288 0.000
v 54.259 8.820 0.000
v 53.560 8.546 0.000
v 52.812 8.490 0.000
v 52.080 8.657 0.000
v 51.430 9.032 0.000
v 50.920 9.582 0.000
v 50.594 10.258 0.000
v 40.482 21.000 0.000
v 40.482 21.000 -17.780
v 40.594 21.742 -17.780
v 40.920 22.418 -17.780
v 41.430 22.968 -17.780
v 42.080 23.343 -17.780
v 42.812 23.510 -17.780
v 43.560 23.454 -17.780
v 44.259 23.180 -17.780
v 44.845 22.712 -17.780
v 45.268 22.092 -17.780
v 45.489 21.375 -17.780
v 45.489 20.625 -17.780
v 45.268 19.908 -17.780
v 44.845 19.288 -17.780
v 44.259 18.820 -17.780
v 43.560 18.546 -17.780
v 42.812 18.490 -17.780
v 42.080 18.657 -17.780
v 41.430 19.032 -17.780
v 40.920 19.582 -17.780
v 40.594 20.258 -17.780
v 40.594 21.742 0.000
v 40.920 22.418 0.000
v 41.430 22.968 0.000
v 42.080 23.343 0.000
v 42.812 23.510 0.000
v 43.560 23.454 0.000
v 44.259 23.180 0.000
v 44.845 22.712 0.000
v 45.268 22.092 0.000
v 45.489 21.375 0.000
v 45.489 20.625 0.000
v 45.268 19.908 0.000
v 44.845 19.288 0.000
v 44.259 18.820 0.000
v 43.560 18.546 0.000
v 42.812 18.490 0.000
v 42.080 18.657 0.000
v 41.430 19.032 0.000
v 40.920 19.582 0.000
v 40.594 20.258 0.000
v 160.482 81.000 0.000
v 160.482 81.000 -17.780
v 160.594 81.742 -17.780
v 160.920 82.418 -17.780
v 161.430 82.968 -17.780
v 162.080 83.343 -17.780
v 162.812 83.510 -17.780
v 163.560 83.454 -17.780
v 164.259 83.180 -17.780
v 164.845 82.712 -17.780
v 165.268 82.092 -17.780
v 165.489 81.375 -17.780
v 165.489 80.625 -17.780
v 165.268 79.908 -17.780
v 164.845 79.288 -17.780
v 164.259 78.820 -17.780
v 163.560 78.546 -17.780
v 162.812 78.490 -17.780
v 162.080 78.657 -17.780
v 161.430 79.032 -17.780
v 160.920 79.582 -17.780
v 160.594 80.258 -17.780
v 160.594 81.742 0.000
v 160.920 82.418 0.000
v 161.430 82.968 0.000
v 162.080 83.343 0.000
v 162.812 83.510 0.000
v 163.560 83.454 0.000
v 164.259 83.180 0.000
v 164.845 82.712 0.000
v 165.268 82.092 0.000
v 165.489 81.375 0.000
v 165.489 80.625 0.000
v 165.268 79.908 0.000
v 164.845 79.288 0.000
v 164.259 78.820 0.000
v 163.560 78.546 0.000
v 162.812 78.490 0.000
v 162.080 78.657 0.000
v 161.430 79.032 0.000
v 160.920 79.582 0.000
v 160.594 80.258 0.000
v 80.635 81.863 0.000
v 80.986 82.511 0.000
v 81.510 83.029 0.000
v 82.162 83.374 0.000
v 82.886 83.515 0.000
v 83.619 83.440 0.000
v 84.299 83.156 0.000
v 84.868 82.688 0.000
v 85.277 82.074 0.000
v 85.490 81.369 0.000
v 85.490 80.631 0.000
v 85.277 79.926 0.000
v 84.868 79.312 0.000
v 84.299 78.844 0.000
v 83.619 78.560 0.000
v 82.886 78.485 0.000
v 82.162 78.626 0.000
v 81.510 78.971 0.000
v 80.986 79.489 0.000
v 80.635 80.137 0.000
v 80.635 80.137 -0.254
v 80.551 80.418 -0.254
v 80.500 80.707 -0.254
v 80.482 81.000 -0.254
v 80.482 81.000 -17.780
v 80.594 81.742 -17.780
v 80.920 82.418 -17.780
v 81.430 82.968 -17.780
v 82.080 83.343 -17.780
v 82.812 83.510 -17.780
v 83.560 83.454 -17.780
v 84.259 83.180 -17.780
v 84.845 82.712 -17.780
v 85.268 82.092 -17.780
v 85.489 81.375 -17.780
v 85.489 80.625 -17.780
v 85.268 79.908 -17.780
v 84.845 79.288 -17.780
v 84.259 78.820 -17.780
v 83.560 78.546 -17.780
v 82.812 78.490 -17.780
v 82.080 78.657 -17.780
v 81.430 79.032 -17.780
v 80.920 79.582 -17.780
v 80.594 80.258 -17.780
v 80.500 81.293 -0.254
v 80.551 81.582 -0.254
v 80.635 81.863 -0.254
v 70.482 71.000 0.000
v 70.482 71.000 -17.780
v 70.594 71.742 -17.780
v 70.920 72.418 -17.780
v 71.430 72.968 -17.780
v 72.080 73.343 -17.780
v 72.812 73.510 -17.780
v 73.560 73.454 -17.780
v 74.259 73.180 -17.780
v 74.845 72.712 -17.780
v 75.268 72.092 -17.780
v 75.489 71.375 -17.780
v 75.489 70.625 -17.780
v 75.268 69.908 -17.780
v 74.845 69.288 -17.780
v 74.259 68.820 -17.780
v 73.560 68.546 -17.780
v 72.812 68.490 -17.780
v 72.080 68.657 -17.780
v 71.430 69.032 -17.780
v 70.920 69.582 -17.780
v 70.594 70.258 -17.780
v 70.594 71.742 0.000
v 70.920 72.418 0.000
v 71.430 72.968 0.000
v 72.080 73.343 0.000
v 72.812 73.510 0.000
v 73.560 73.454 0.000
v 74.259 73.180 0.000
v 74.845 72.712 0.000
v 75.268 72.092 0.000
v 75.489 71.375 0.000
v 75.489 70.625 0.000
v 75.268 69.908 0.000
v 74.845 69.288 0.000
v 74.259 68.820 0.000
v 73.560 68.546 0.000
v 72.812 68.490 0.000
v 72.080 68.657 0.000
v 71.430 69.032 0.000
v 70.920 69.582 0.000
v 70.594 70.258 0.000
v 260.635 81.863 0.000
v 260.986 82.511 0.000
v 261.510 83.029 0.000
v 262.162 83.374 0.000
v 262.886 83.515 0.000
v 263.619 83.440 0.000
v 264.299 83.156 0.000
v 264.868 82.688 0.000
v 265.277 82.074 0.000
v 265.490 81.369 0.000
v 265.490 80.631 0.000
v 265.277 79.926 0.000
v 264.868 79.312 0.000
v 264.299 78.844 0.000
v 263.619 78.560 0.000
v 262.886 78.485 0.000
v 262.162 78.626 0.000
v 261.510 78.971 0.000
v 260.986 79.489 0.000
v 260.635 80.137 0.000
v 260.635 80.137 -0.254
v 260.551 80.418 -0.254
v 260.500 80.707 -0.254
v 260.482 81.000 -0.254
v 260.482 81.000 -17.780
v 260.594 81.742 -17.780
v 260.920 82.418 -17.780
v 261.430 82.968 -17.780
v 262.080 83.343 -17.780
v 262.812 83.510 -17.780
v 263.560 83.454 -17.780
v 264.259 83.180 -17.780
v 264.845 82.712 -17.780
v 265.268 82.092 -17.780
v 265.489 81.375 -17.780
v 265.489 80.625 -17.780
v 265.268 79.908 -17.780
v 264.845 79.288 -17.780
v 264.259 78.820 -17.780
v 263.560 78.546 -17.780
v 262.812 78.490 -17.780
v 262.080 78.657 -17.780
v 261.430 79.032 -17.780
v 260.920 79.582 -17.780
v 260.594 80.258 -17.780
v 260.500 81.293 -0.254
v 260.551 81.582 -0.254
v 260.635 81.863 -0.254
v 95.365 110.137 0.000
v 95.365 110.137 -0.254
v 167.980 120.635 0.000
v 167.980 120.635 -0.254
v 167.980 119.365 -0.254
v 167.894 119.785 -0.254
v 167.894 120.215 -0.254
v 167.980 119.365 0.000
v 151.666 53.135 0.000
v 151.666 53.135 -0.254
v 150.636 51.865 -0.254
v 151.231 52.791 -0.254
v 150.882 52.361 -0.254
v 150.636 51.865 0.000
v 80.635 77.020 0.000
v 80.635 77.020 -0.254
v 260.635 77.020 0.000
v 260.635 77.020 -0.254
v 291.982 198.419 0.000
v 290.094 197.653 0.000
v 288.065 197.464 0.000
v 286.068 197.869 0.000
v 284.273 198.832 0.000
v 282.832 200.273 0.000
v 281.869 202.068 0.000
v 281.464 204.065 0.000
v 281.653 206.094 0.000
v 282.419 207.982 0.000
v 283.297 211.203 0.000
v 283.197 210.083 0.000
v 282.902 208.998 0.000
v 283.297 220.677 0.000
v 283.260 220.767 0.000
v 283.280 220.741 0.000
v 283.292 220.710 0.000
v 282.064 221.963 0.000
v 281.974 222.000 0.000
v 282.007 221.996 0.000
v 282.038 221.983 0.000
v 1.323 222.000 0.000
v 1.233 221.963 0.000
v 1.259 221.983 0.000
v 1.290 221.996 0.000
v 0.037 220.767 0.000
v 0.000 220.677 0.000
v 0.004 220.710 0.000
v 0.017 220.741 0.000
v 0.000 1.323 0.000
v 0.037 1.233 0.000
v 0.017 1.259 0.000
v 0.004 1.290 0.000
v 1.233 0.037 0.000
v 1.323 0.000 0.000
v 1.290 0.004 0.000
v 1.259 0.017 0.000
v 304.677 0.000 0.000
v 304.767 0.037 0.000
v 304.741 0.017 0.000
v 304.710 0.004 0.000
v 305.963 1.233 0.000
v 306.000 1.323 0.000
v 305.996 1.290 0.000
v 305.983 1.259 0.000
v 306.000 197.974 0.000
v 305.963 198.064 0.000
v 305.983 198.038 0.000
v 305.996 198.007 0.000
v 304.767 199.260 0.000
v 304.677 199.297 0.000
v 304.710 199.292 0.000
v 304.741 199.280 0.000
v 295.203 199.297 0.000
v 292.998 198.902 0.000
v 294.083 199.197 0.000
v 156.055 8.337 0.000
v 156.091 8.390 0.000
v 167.181 8.390 0.000
v 163.517 9.363 0.000
v 159.755 9.363 0.000
v 167.217 8.337 0.000
v 167.217 4.363 0.000
v 167.181 4.310 0.000
v 156.091 4.310 0.000
v 159.755 3.337 0.000
v 163.517 3.337 0.000
v 156.055 4.363 0.000
v 14.117 45.000 0.000
v 14.023 44.376 0.000
v 13.749 43.807 0.000
v 13.320 43.345 0.000
v 12.773 43.029 0.000
v 12.158 42.889 0.000
v 11.529 42.936 0.000
v 10.941 43.167 0.000
v 10.448 43.560 0.000
v 10.093 44.081 0.000
v 9.907 44.684 0.000
v 9.907 45.316 0.000
v 10.093 45.919 0.000
v 10.448 46.440 0.000
v 10.941 46.833 0.000
v 11.529 47.064 0.000
v 12.158 47.111 0.000
v 12.773 46.971 0.000
v 13.320 46.655 0.000
v 13.749 46.193 0.000
v 14.023 45.624 0.000
v 11.310 96.635 0.000
v 11.506 96.604 0.000
v 11.683 96.514 0.000
v 11.824 96.373 0.000
v 11.914 96.196 0.000
v 11.945 96.000 0.000
v 11.914 95.804 0.000
v 11.824 95.627 0.000
v 11.683 95.486 0.000
v 11.506 95.396 0.000
v 11.310 95.365 0.000
v 9.857 95.365 0.000
v 9.613 94.778 0.000
v 9.226 94.274 0.000
v 8.722 93.887 0.000
v 8.135 93.643 0.000
v 8.135 87.020 0.000
v 8.621 86.796 0.000
v 9.035 86.458 0.000
v 9.351 86.027 0.000
v 9.549 85.530 0.000
v 9.617 85.000 0.000
v 9.549 84.470 0.000
v 9.351 83.973 0.000
v 9.035 83.542 0.000
v 8.621 83.204 0.000
v 8.135 82.980 0.000
v 8.135 15.047 0.000
v 9.489 15.524 0.000
v 10.923 15.608 0.000
v 12.323 15.290 0.000
v 13.580 14.596 0.000
v 14.596 13.580 0.000
v 15.290 12.323 0.000
v 15.608 10.923 0.000
v 15.524 9.489 0.000
v 15.047 8.135 0.000
v 27.980 8.135 0.000
v 28.236 8.671 0.000
v 28.631 9.115 0.000
v 29.133 9.431 0.000
v 29.703 9.596 0.000
v 30.297 9.596 0.000
v 30.867 9.431 0.000
v 31.369 9.115 0.000
v 31.764 8.671 0.000
v 32.020 8.135 0.000
v 82.980 8.135 0.000
v 83.236 8.671 0.000
v 83.631 9.115 0.000
v 84.133 9.431 0.000
v 84.703 9.596 0.000
v 85.297 9.596 0.000
v 85.867 9.431 0.000
v 86.369 9.115 0.000
v 86.764 8.671 0.000
v 87.020 8.135 0.000
v 93.643 8.135 0.000
v 93.887 8.722 0.000
v 94.274 9.226 0.000
v 94.778 9.613 0.000
v 95.365 9.857 0.000
v 95.365 11.310 0.000
v 95.396 11.506 0.000
v 95.486 11.683 0.000
v 95.627 11.824 0.000
v 95.804 11.914 0.000
v 96.000 11.945 0.000
v 96.196 11.914 0.000
v 96.373 11.824 0.000
v 96.514 11.683 0.000
v 96.604 11.506 0.000
v 96.635 11.310 0.000
v 96.635 9.857 0.000
v 97.222 9.613 0.000
v 97.726 9.226 0.000
v 98.113 8.722 0.000
v 98.357 8.135 0.000
v 99.810 8.135 0.000
v 100.006 8.104 0.000
v 100.183 8.014 0.000
v 100.324 7.873 0.000
v 100.414 7.696 0.000
v 100.445 7.500 0.000
v 100.414 7.304 0.000
v 100.324 7.127 0.000
v 100.183 6.986 0.000
v 100.006 6.896 0.000
v 99.810 6.865 0.000
v 98.357 6.865 0.000
v 98.113 6.278 0.000
v 97.726 5.774 0.000
v 97.222 5.387 0.000
v 96.635 5.143 0.000
v 96.635 3.690 0.000
v 96.604 3.494 0.000
v 96.514 3.317 0.000
v 96.373 3.176 0.000
v 96.196 3.086 0.000
v 96.000 3.055 0.000
v 95.804 3.086 0.000
v 95.627 3.176 0.000
v 95.486 3.317 0.000
v 95.396 3.494 0.000
v 95.365 3.690 0.000
v 95.365 5.143 0.000
v 94.778 5.387 0.000
v 94.274 5.774 0.000
v 93.887 6.278 0.000
v 93.643 6.865 0.000
v 87.020 6.865 0.000
v 86.764 6.329 0.000
v 86.369 5.885 0.000
v 85.867 5.569 0.000
v 85.297 5.404 0.000
v 84.703 5.404 0.000
v 84.133 5.569 0.000
v 83.631 5.885 0.000
v 83.236 6.329 0.000
v 82.980 6.865 0.000
v 32.020 6.865 0.000
v 31.764 6.329 0.000
v 31.369 5.885 0.000
v 30.867 5.569 0.000
v 30.297 5.404 0.000
v 29.703 5.404 0.000
v 29.133 5.569 0.000
v 28.631 5.885 0.000
v 28.236 6.329 0.000
v 27.980 6.865 0.000
v 14.113 6.865 0.000
v 12.904 5.974 0.000
v 11.488 5.471 0.000
v 9.988 5.401 0.000
v 8.531 5.768 0.000
v 7.244 6.542 0.000
v 6.237 7.656 0.000
v 5.595 9.014 0.000
v 5.375 10.500 0.000
v 5.548 11.821 0.000
v 6.056 13.053 0.000
v 6.865 14.113 0.000
v 6.865 82.980 0.000
v 6.329 83.236 0.000
v 5.885 83.631 0.000
v 5.569 84.133 0.000
v 5.404 84.703 0.000
v 5.404 85.297 0.000
v 5.569 85.867 0.000
v 5.885 86.369 0.000
v 6.329 86.764 0.000
v 6.865 87.020 0.000
v 6.865 93.643 0.000
v 6.278 93.887 0.000
v 5.774 94.274 0.000
v 5.387 94.778 0.000
v 5.143 95.365 0.000
v 3.690 95.365 0.000
v 3.494 95.396 0.000
v 3.317 95.486 0.000
v 3.176 95.627 0.000
v 3.086 95.804 0.000
v 3.055 96.000 0.000
v 3.086 96.196 0.000
v 3.176 96.373 0.000
v 3.317 96.514 0.000
v 3.494 96.604 0.000
v 3.690 96.635 0.000
v 5.143 96.635 0.000
v 5.387 97.222 0.000
v 5.774 97.726 0.000
v 6.278 98.113 0.000
v 6.865 98.357 0.000
v 6.865 99.810 0.000
v 6.896 100.006 0.000
v 6.986 100.183 0.000
v 7.127 100.324 0.000
v 7.304 100.414 0.000
v 7.500 100.445 0.000
v 7.696 100.414 0.000
v 7.873 100.324 0.000
v 8.014 100.183 0.000
v 8.104 100.006 0.000
v 8.135 99.810 0.000
v 8.135 98.357 0.000
v 8.722 98.113 0.000
v 9.226 97.726 0.000
v 9.613 97.222 0.000
v 9.857 96.635 0.000
v 135.617 57.000 0.000
v 135.523 56.376 0.000
v 135.249 55.807 0.000
v 134.820 55.345 0.000
v 134.273 55.029 0.000
v 133.658 54.889 0.000
v 133.029 54.936 0.000
v 132.441 55.167 0.000
v 131.948 55.560 0.000
v 131.593 56.081 0.000
v 131.407 56.684 0.000
v 131.407 57.316 0.000
v 131.593 57.919 0.000
v 131.948 58.440 0.000
v 132.441 58.833 0.000
v 133.029 59.064 0.000
v 133.658 59.111 0.000
v 134.273 58.971 0.000
v 134.820 58.655 0.000
v 135.249 58.193 0.000
v 135.523 57.624 0.000
v 142.375 185.000 0.000
v 142.603 186.511 0.000
v 143.266 187.887 0.000
v 144.305 189.007 0.000
v 145.628 189.771 0.000
v 147.117 190.111 0.000
v 148.640 189.997 0.000
v 150.062 189.438 0.000
v 151.257 188.486 0.000
v 152.117 187.224 0.000
v 152.568 185.764 0.000
v 152.568 184.236 0.000
v 152.117 182.776 0.000
v 151.257 181.514 0.000
v 150.062 180.562 0.000
v 148.640 180.003 0.000
v 147.117 179.889 0.000
v 145.628 180.229 0.000
v 144.305 180.993 0.000
v 143.266 182.113 0.000
v 142.603 183.489 0.000
v 280.482 21.000 0.000
v 280.594 21.742 0.000
v 280.920 22.418 0.000
v 281.430 22.968 0.000
v 282.080 23.343 0.000
v 282.812 23.510 0.000
v 283.560 23.454 0.000
v 284.259 23.180 0.000
v 284.845 22.712 0.000
v 285.268 22.092 0.000
v 285.489 21.375 0.000
v 285.489 20.625 0.000
v 285.268 19.908 0.000
v 284.845 19.288 0.000
v 284.259 18.820 0.000
v 283.560 18.546 0.000
v 282.812 18.490 0.000
v 282.080 18.657 0.000
v 281.430 19.032 0.000
v 280.920 19.582 0.000
v 280.594 20.258 0.000
v 260.482 21.000 0.000
v 260.594 21.742 0.000
v 260.920 22.418 0.000
v 261.430 22.968 0.000
v 262.080 23.343 0.000
v 262.812 23.510 0.000
v 263.560 23.454 0.000
v 264.259 23.180 0.000
v 264.845 22.712 0.000
v 265.268 22.092 0.000
v 265.489 21.375 0.000
v 265.489 20.625 0.000
v 265.268 19.908 0.000
v 264.845 19.288 0.000
v 264.259 18.820 0.000
v 263.560 18.546 0.000
v 262.812 18.490 0.000
v 262.080 18.657 0.000
v 261.430 19.032 0.000
v 260.920 19.582 0.000
v 260.594 20.258 0.000
v 240.482 21.000 0.000
v 240.594 21.742 0.000
v 240.920 22.418 0.000
v 241.430 22.968 0.000
v 242.080 23.343 0.000
v 242.812 23.510 0.000
v 243.560 23.454 0.000
v 244.259 23.180 0.000
v 244.845 22.712 0.000
v 245.268 22.092 0.000
v 245.489 21.375 0.000
v 245.489 20.625 0.000
v 245.268 19.908 0.000
v 244.845 19.288 0.000
v 244.259 18.820 0.000
v 243.560 18.546 0.000
v 242.812 18.490 0.000
v 242.080 18.657 0.000
v 241.430 19.032 0.000
v 240.920 19.582 0.000
v 240.594 20.258 0.000
v 220.482 21.000 0.000
v 220.594 21.742 0.000
v 220.920 22.418 0.000
v 221.430 22.968 0.000
v 222.080 23.343 0.000
v 222.812 23.510 0.000
v 223.560 23.454 0.000
v 224.259 23.180 0.000
v 224.845 22.712 0.000
v 225.268 22.092 0.000
v 225.489 21.375 0.000
v 225.489 20.625 0.000
v 225.268 19.908 0.000
v 224.845 19.288 0.000
v 224.259 18.820 0.000
v 223.560 18.546 0.000
v 222.812 18.490 0.000
v 222.080 18.657 0.000
v 221.430 19.032 0.000
v 220.920 19.582 0.000
v 220.594 20.258 0.000
v 200.482 21.000 0.000
v 200.594 21.742 0.000
v 200.920 22.418 0.000
v 201.430 22.968 0.000
v 202.080 23.343 0.000
v 202.812 23.510 0.000
v 203.560 23.454 0.000
v 204.259 23.180 0.000
v 204.845 22.712 0.000
v 205.268 22.092 0.000
v 205.489 21.375 0.000
v 205.489 20.625 0.000
v 205.268 19.908 0.000
v 204.845 19.288 0.000
v 204.259 18.820 0.000
v 203.560 18.546 0.000
v 202.812 18.490 0.000
v 202.080 18.657 0.000
v 201.430 19.032 0.000
v 200.920 19.582 0.000
v 200.594 20.258 0.000
v 180.483 21.000 0.000
v 180.594 21.742 0.000
v 180.920 22.418 0.000
v 181.430 22.968 0.000
v 182.080 23.343 0.000
v 182.812 23.510 0.000
v 183.560 23.454 0.000
v 184.259 23.180 0.000
v 184.845 22.712 0.000
v 185.268 22.092 0.000
v 185.489 21.375 0.000
v 185.489 20.625 0.000
v 185.268 19.908 0.000
v 184.845 19.288 0.000
v 184.259 18.820 0.000
v 183.560 18.546 0.000
v 182.812 18.490 0.000
v 182.080 18.657 0.000
v 181.430 19.032 0.000
v 180.920 19.582 0.000
v 180.594 20.258 0.000
v 160.482 21.000 0.000
v 160.594 21.742 0.000
v 160.920 22.418 0.000
v 161.430 22.968 0.000
v 162.080 23.343 0.000
v 162.812 23.510 0.000
v 163.560 23.454 0.000
v 164.259 23.180 0.000
v 164.845 22.712 0.000
v 165.268 22.092 0.000
v 165.489 21.375 0.000
v 165.489 20.625 0.000
v 165.268 19.908 0.000
v 164.845 19.288 0.000
v 164.259 18.820 0.000
v 163.560 18.546 0.000
v 162.812 18.490 0.000
v 162.080 18.657 0.000
v 161.430 19.032 0.000
v 160.920 19.582 0.000
v 160.594 20.258 0.000
v 140.482 21.000 0.000
v 140.594 21.742 0.000
v 140.920 22.418 0.000
v 141.430 22.968 0.000
v 142.080 23.343 0.000
v 142.812 23.510 0.000
v 143.560 23.454 0.000
v 144.259 23.180 0.000
v 144.845 22.712 0.000
v 145.268 22.092 0.000
v 145.489 21.375 0.000
v 145.489 20.625 0.000
v 145.268 19.908 0.000
v 144.845 19.288 0.000
v 144.259 18.820 0.000
v 143.560 18.546 0.000
v 142.812 18.490 0.000
v 142.080 18.657 0.000
v 141.430 19.032 0.000
v 140.920 19.582 0.000
v 140.594 20.258 0.000
v 120.482 21.000 0.000
v 120.594 21.742 0.000
v 120.920 22.418 0.000
v 121.430 22.968 0.000
v 122.080 23.343 0.000
v 122.812 23.510 0.000
v 123.560 23.454 0.000
v 124.259 23.180 0.000
v 124.845 22.712 0.000
v 125.268 22.092 0.000
v 125.489 21.375 0.000
v 125.489 20.625 0.000
v 125.268 19.908 0.000
v 124.845 19.288 0.000
v 124.259 18.820 0.000
v 123.560 18.546 0.000
v 122.812 18.490 0.000
v 122.080 18.657 0.000
v 121.430 19.032 0.000
v 120.920 19.582 0.000
v 120.594 20.258 0.000
v 100.482 21.000 0.000
v 100.594 21.742 0.000
v 100.920 22.418 0.000
v 101.430 22.968 0.000
v 102.080 23.343 0.000
v 102.812 23.510 0.000
v 103.560 23.454 0.000
v 104.259 23.180 0.000
v 104.845 22.712 0.000
v 105.268 22.092 0.000
v 105.489 21.375 0.000
v 105.489 20.625 0.000
v 105.268 19.908 0.000
v 104.845 19.288 0.000
v 104.259 18.820 0.000
v 103.560 18.546 0.000
v 102.812 18.490 0.000
v 102.080 18.657 0.000
v 101.430 19.032 0.000
v 100.920 19.582 0.000
v 100.594 20.258 0.000
v 80.482 21.000 0.000
v 80.594 21.742 0.000
v 80.920 22.418 0.000
v 81.430 22.968 0.000
v 82.080 23.343 0.000
v 82.812 23.510 0.000
v 83.560 23.454 0.000
v 84.259 23.180 0.000
v 84.845 22.712 0.000
v 85.268 22.092 0.000
v 85.489 21.375 0.000
v 85.489 20.625 0.000
v 85.268 19.908 0.000
v 84.845 19.288 0.000
v 84.259 18.820 0.000
v 83.560 18.546 0.000
v 82.812 18.490 0.000
v 82.080 18.657 0.000
v 81.430 19.032 0.000
v 80.920 19.582 0.000
v 80.594 20.258 0.000
v 60.482 21.000 0.000
v 60.594 21.742 0.000
v 60.920 22.418 0.000
v 61.430 22.968 0.000
v 62.080 23.343 0.000
v 62.812 23.510 0.000
v 63.560 23.454 0.000
v 64.259 23.180 0.000
v 64.845 22.712 0.000
v 65.268 22.092 0.000
v 65.489 21.375 0.000
v 65.489 20.625 0.000
v 65.268 19.908 0.000
v 64.845 19.288 0.000
v 64.259 18.820 0.000
v 63.560 18.546 0.000
v 62.812 18.490 0.000
v 62.080 18.657 0.000
v 61.430 19.032 0.000
v 60.920 19.582 0.000
v 60.594 20.258 0.000
v 20.482 21.000 0.000
v 20.594 21.742 0.000
v 20.920 22.418 0.000
v 21.430 22.968 0.000
v 22.080 23.343 0.000
v 22.812 23.510 0.000
v 23.560 23.454 0.000
v 24.259 23.180 0.000
v 24.845 22.712 0.000
v 25.268 22.092 0.000
v 25.489 21.375 0.000
v 25.489 20.625 0.000
v 25.268 19.908 0.000
v 24.845 19.288 0.000
v 24.259 18.820 0.000
v 23.560 18.546 0.000
v 22.812 18.490 0.000
v 22.080 18.657 0.000
v 21.430 19.032 0.000
v 20.920 19.582 0.000
v 20.594 20.258 0.000
v 280.482 41.000 0.000
v 280.594 41.742 0.000
v 280.920 42.418 0.000
v 281.430 42.968 0.000
v 282.080 43.343 0.000
v 282.812 43.510 0.000
v 283.560 43.454 0.000
v 284.259 43.180 0.000
v 284.845 42.712 0.000
v 285.268 42.092 0.000
v 285.489 41.375 0.000
v 285.489 40.625 0.000
v 285.268 39.908 0.000
v 284.845 39.288 0.000
v 284.259 38.820 0.000
v 283.560 38.546 0.000
v 282.812 38.490 0.000
v 282.080 38.657 0.000
v 281.430 39.032 0.000
v 280.920 39.582 0.000
v 280.594 40.258 0.000
v 260.482 41.000 0.000
v 260.594 41.742 0.000
v 260.920 42.418 0.000
v 261.430 42.968 0.000
v 262.080 43.343 0.000
v 262.812 43.510 0.000
v 263.560 43.454 0.000
v 264.259 43.180 0.000
v 264.845 42.712 0.000
v 265.268 42.092 0.000
v 265.489 41.375 0.000
v 265.489 40.625 0.000
v 265.268 39.908 0.000
v 264.845 39.288 0.000
v 264.259 38.820 0.000
v 263.560 38.546 0.000
v 262.812 38.490 0.000
v 262.080 38.657 0.000
v 261.430 39.032 0.000
v 260.920 39.582 0.000
v 260.594 40.258 0.000
v 240.482 41.000 0.000
v 240.594 41.742 0.000
v 240.920 42.418 0.000
v 241.430 42.968 0.000
v 242.080 43.343 0.000
v 242.812 43.510 0.000
v 243.560 43.454 0.000
v 244.259 43.180 0.000
v 244.845 42.712 0.000
v 245.268 42.092 0.000
v 245.489 41.375 0.000
v 245.489 40.625 0.000
v 245.268 39.908 0.000
v 244.845 39.288 0.000
v 244.259 38.820 0.000
v 243.560 38.546 0.000
v 242.812 38.490 0.000
v 242.080 38.657 0.000
v 241.430 39.032 0.000
v 240.920 39.582 0.000
v 240.594 40.258 0.000
v 220.482 41.000 0.000
v 220.594 41.742 0.000
v 220.920 42.418 0.000
v 221.430 42.968 0.000
v 222.080 43.343 0.000
v 222.812 43.510 0.000
v 223.560 43.454 0.000
v 224.259 43.180 0.000
v 224.845 42.712 0.000
v 225.268 42.092 0.000
v 225.489 41.375 0.000
v 225.489 40.625 0.000
v 225.268 39.908 0.000
v 224.845 39.288 0.000
v 224.259 38.820 0.000
v 223.560 38.546 0.000
v 222.812 38.490 0.000
v 222.080 38.657 0.000
v 221.430 39.032 0.000
v 220.920 39.582 0.000
v 220.594 40.258 0.000
v 200.482 41.000 0.000
v 200.594 41.742 0.000
v 200.920 42.418 0.000
v 201.430 42.968 0.000
v 202.080 43.343 0.000
v 202.812 43.510 0.000
v 203.560 43.454 0.000
v 204.259 43.180 0.000
v 204.845 42.712 0.000
v 205.268 42.092 0.000
v 205.489 41.375 0.000
v 205.489 40.625 0.000
v 205.268 39.908 0.000
v 204.845 39.288 0.000
v 204.259 38.820 0.000
v 203.560 38.546 0.000
v 202.812 38.490 0.000
v 202.080 38.657 0.000
v 201.430 39.032 0.000
v 200.920 39.582 0.000
v 200.594 40.258 0.000
v 180.483 41.000 0.000
v 180.594 41.742 0.000
v 180.920 42.418 0.000
v 181.430 42.968 0.000
v 182.080 43.343 0.000
v 182.812 43.510 0.000
v 183.560 43.454 0.000
v 184.259 43.180 0.000
v 184.845 42.712 0.000
v 185.268 42.092 0.000
v 185.489 41.375 0.000
v 185.489 40.625 0.000
v 185.268 39.908 0.000
v 184.845 39.288 0.000
v 184.259 38.820 0.000
v 183.560 38.546 0.000
v 182.812 38.490 0.000
v 182.080 38.657 0.000
v 181.430 39.032 0.000
v 180.920 39.582 0.000
v 180.594 40.258 0.000
v 160.482 41.000 0.000
v 160.594 41.742 0.000
v 160.920 42.418 0.000
v 161.430 42.968 0.000
v 162.080 43.343 0.000
v 162.812 43.510 0.000
v 163.560 43.454 0.000
v 164.259 43.180 0.000
v 164.845 42.712 0.000
v 165.268 42.092 0.000
v 165.489 41.375 0.000
v 165.489 40.625 0.000
v 165.268 39.908 0.000
v 164.845 39.288 0.000
v 164.259 38.820 0.000
v 163.560 38.546 0.000
v 162.812 38.490 0.000
v 162.080 38.657 0.000
v 161.430 39.032 0.000
v 160.920 39.582 0.000
v 160.594 40.258 0.000
v 140.482 41.000 0.000
v 140.594 41.742 0.000
v 140.920 42.418 0.000
v 141.430 42.968 0.000
v 142.080 43.343 0.000
v 142.812 43.510 0.000
v 143.560 43.454 0.000
v 144.259 43.180 0.000
v 144.845 42.712 0.000
v 145.268 42.092 0.000
v 145.489 41.375 0.000
v 145.489 40.625 0.000
v 145.268 39.908 0.000
v 144.845 39.288 0.000
v 144.259 38.820 0.000
v 143.560 38.546 0.000
v 142.812 38.490 0.000
v 142.080 38.657 0.000
v 141.430 39.032 0.000
v 140.920 39.582 0.000
v 140.594 40.258 0.000
v 120.482 41.000 0.000
v 120.594 41.742 0.000
v 120.920 42.418 0.000
v 121.430 42.968 0.000
v 122.080 43.343 0.000
v 122.812 43.510 0.000
v 123.560 43.454 0.000
v 124.259 43.180 0.000
v 124.845 42.712 0.000
v 125.268 42.092 0.000
v 125.489 41.375 0.000
v 125.489 40.625 0.000
v 125.268 39.908 0.000
v 124.845 39.288 0.000
v 124.259 38.820 0.000
v 123.560 38.546 0.000
v 122.812 38.490 0.000
v 122.080 38.657 0.000
v 121.430 39.032 0.000
v 120.920 39.582 0.000
v 120.594 40.258 0.000
v 100.482 41.000 0.000
v 100.594 41.742 0.000
v 100.920 42.418 0.000
v 101.430 42.968 0.000
v 102.080 43.343 0.000
v 102.812 43.510 0.000
v 103.560 43.454 0.000
v 104.259 43.180 0.000
v 104.845 42.712 0.000
v 105.268 42.092 0.000
v 105.489 41.375 0.000
v 105.489 40.625 0.000
v 105.268 39.908 0.000
v 104.845 39.288 0.000
v 104.259 38.820 0.000
v 103.560 38.546 0.000
v 102.812 38.490 0.000
v 102.080 38.657 0.000
v 101.430 39.032 0.000
v 100.920 39.582 0.000
v 100.594 40.258 0.000
v 80.482 41.000 0.000
v 80.594 41.742 0.000
v 80.920 42.418 0.000
v 81.430 42.968 0.000
v 82.080 43.343 0.000
v 82.812 43.510 0.000
v 83.560 43.454 0.000
v 84.259 43.180 0.000
v 84.845 42.712 0.000
v 85.268 42.092 0.000
v 85.489 41.375 0.000
v 85.489 40.625 0.000
v 85.268 39.908 0.000
v 84.845 39.288 0.000
v 84.259 38.820 0.000
v 83.560 38.546 0.000
v 82.812 38.490 0.000
v 82.080 38.657 0.000
v 81.430 39.032 0.000
v 80.920 39.582 0.000
v 80.594 40.258 0.000
v 60.482 41.000 0.000
v 60.594 41.742 0.000
v 60.920 42.418 0.000
v 61.430 42.968 0.000
v 62.080 43.343 0.000
v 62.812 43.510 0.000
v 63.560 43.454 0.000
v 64.259 43.180 0.000
v 64.845 42.712 0.000
v 65.268 42.092 0.000
v 65.489 41.375 0.000
v 65.489 40.625 0.000
v 65.268 39.908 0.000
v 64.845 39.288 0.000
v 64.259 38.820 0.000
v 63.560 38.546 0.000
v 62.812 38.490 0.000
v 62.080 38.657 0.000
v 61.430 39.032 0.000
v 60.920 39.582 0.000
v 60.594 40.258 0.000
v 40.482 41.000 0.000
v 40.594 41.742 0.000
v 40.920 42.418 0.000
v 41.430 42.968 0.000
v 42.080 43.343 0.000
v 42.812 43.510 0.000
v 43.560 43.454 0.000
v 44.259 43.180 0.000
v 44.845 42.712 0.000
v 45.268 42.092 0.000
v 45.489 41.375 0.000
v 45.489 40.625 0.000
v 45.268 39.908 0.000
v 44.845 39.288 0.000
v 44.259 38.820 0.000
v 43.560 38.546 0.000
v 42.812 38.490 0.000
v 42.080 38.657 0.000
v 41.430 39.032 0.000
v 40.920 39.582 0.000
v 40.594 40.258 0.000
v 20.482 41.000 0.000
v 20.594 41.742 0.000
v 20.920 42.418 0.000
v 21.430 42.968 0.000
v 22.080 43.343 0.000
v 22.812 43.510 0.000
v 23.560 43.454 0.000
v 24.259 43.180 0.000
v 24.845 42.712 0.000
v 25.268 42.092 0.000
v 25.489 41.375 0.000
v 25.489 40.625 0.000
v 25.268 39.908 0.000
v 24.845 39.288 0.000
v 24.259 38.820 0.000
v 23.560 38.546 0.000
v 22.812 38.490 0.000
v 22.080 38.657 0.000
v 21.430 39.032 0.000
v 20.920 39.582 0.000
v 20.594 40.258 0.000
v 280.482 61.000 0.000
v 280.594 61.742 0.000
v 280.920 62.418 0.000
v 281.430 62.968 0.000
v 282.080 63.343 0.000
v 282.812 63.510 0.000
v 283.560 63.454 0.000
v 284.259 63.180 0.000
v 284.845 62.712 0.000
v 285.268 62.092 0.000
v 285.489 61.375 0.000
v 285.489 60.625 0.000
v 285.268 59.908 0.000
v 284.845 59.288 0.000
v 284.259 58.820 0.000
v 283.560 58.546 0.000
v 282.812 58.490 0.000
v 282.080 58.657 0.000
v 281.430 59.032 0.000
v 280.920 59.582 0.000
v 280.594 60.258 0.000
v 260.482 61.000 0.000
v 260.594 61.742 0.000
v 260.920 62.418 0.000
v 261.430 62.968 0.000
v 262.080 63.343 0.000
v 262.812 63.510 0.000
v 263.560 63.454 0.000
v 264.259 63.180 0.000
v 264.845 62.712 0.000
v 265.268 62.092 0.000
v 265.489 61.375 0.000
v 265.489 60.625 0.000
v 265.268 59.908 0.000
v 264.845 59.288 0.000
v 264.259 58.820 0.000
v 263.560 58.546 0.000
v 262.812 58.490 0.000
v 262.080 58.657 0.000
v 261.430 59.032 0.000
v 260.920 59.582 0.000
v 260.594 60.258 0.000
v 240.482 61.000 0.000
v 240.594 61.742 0.000
v 240.920 62.418 0.000
v 241.430 62.968 0.000
v 242.080 63.343 0.000
v 242.812 63.510 0.000
v 243.560 63.454 0.000
v 244.259 63.180 0.000
v 244.845 62.712 0.000
v 245.268 62.092 0.000
v 245.489 61.375 0.000
v 245.489 60.625 0.000
v 245.268 59.908 0.000
v 244.845 59.288 0.000
v 244.259 58.820 0.000
v 243.560 58.546 0.000
v 242.812 58.490 0.000
v 242.080 58.657 0.000
v 241.430 59.032 0.000
v 240.920 59.582 0.000
v 240.594 60.258 0.000
v 220.482 61.000 0.000
v 220.594 61.742 0.000
v 220.920 62.418 0.000
v 221.430 62.968 0.000
v 222.080 63.343 0.000
v 222.812 63.510 0.000
v 223.560 63.454 0.000
v 224.259 63.180 0.000
v 224.845 62.712 0.000
v 225.268 62.092 0.000
v 225.489 61.375 0.000
v 225.489 60.625 0.000
v 225.268 59.908 0.000
v 224.845 59.288 0.000
v 224.259 58.820 0.000
v 223.560 58.546 0.000
v 222.812 58.490 0.000
v 222.080 58.657 0.000
v 221.430 59.032 0.000
v 220.920 59.582 0.000
v 220.594 60.258 0.000
v 200.482 61.000 0.000
v 200.594 61.742 0.000
v 200.920 62.418 0.000
v 201.430 62.968 0.000
v 202.080 63.343 0.000
v 202.812 63.510 0.000
v 203.560 63.454 0.000
v 204.259 63.180 0.000
v 204.845 62.712 0.000
v 205.268 62.092 0.000
v 205.489 61.375 0.000
v 205.489 60.625 0.000
v 205.268 59.908 0.000
v 204.845 59.288 0.000
v 204.259 58.820 0.000
v 203.560 58.546 0.000
v 202.812 58.490 0.000
v 202.080 58.657 0.000
v 201.430 59.032 0.000
v 200.920 59.582 0.000
v 200.594 60.258 0.000
v 180.483 61.000 0.000
v 180.594 61.742 0.000
v 180.920 62.418 0.000
v 181.430 62.968 0.000
v 182.080 63.343 0.000
v 182.812 63.510 0.000
v 183.560 63.454 0.000
v 184.259 63.180 0.000
v 184.845 62.712 0.000
v 185.268 62.092 0.000
v 185.489 61.375 0.000
v 185.489 60.625 0.000
v 185.268 59.908 0.000
v 184.845 59.288 0.000
v 184.259 58.820 0.000
v 183.560 58.546 0.000
v 182.812 58.490 0.000
v 182.080 58.657 0.000
v 181.430 59.032 0.000
v 180.920 59.582 0.000
v 180.594 60.258 0.000
v 160.482 61.000 0.000
v 160.594 61.742 0.000
v 160.920 62.418 0.000
v 161.430 62.968 0.000
v 162.080 63.343 0.000
v 162.812 63.510 0.000
v 163.560 63.454 0.000
v 164.259 63.180 0.000
v 164.845 62.712 0.000
v 165.268 62.092 0.000
v 165.489 61.375 0.000
v 165.489 60.625 0.000
v 165.268 59.908 0.000
v 164.845 59.288 0.000
v 164.259 58.820 0.000
v 163.560 58.546 0.000
v 162.812 58.490 0.000
v 162.080 58.657 0.000
v 161.430 59.032 0.000
v 160.920 59.582 0.000
v 160.594 60.258 0.000
v 140.482 61.000 0.000
v 140.594 61.742 0.000
v 140.920 62.418 0.000
v 141.430 62.968 0.000
v 142.080 63.343 0.000
v 142.812 63.510 0.000
v 143.560 63.454 0.000
v 144.259 63.180 0.000
v 144.845 62.712 0.000
v 145.268 62.092 0.000
v 145.489 61.375 0.000
v 145.489 60.625 0.000
v 145.268 59.908 0.000
v 144.845 59.288 0.000
v 144.259 58.820 0.000
v 143.560 58.546 0.000
v 142.812 58.490 0.000
v 142.080 58.657 0.000
v 141.430 59.032 0.000
v 140.920 59.582 0.000
v 140.594 60.258 0.000
v 120.482 61.000 0.000
v 120.594 61.742 0.000
v 120.920 62.418 0.000
v 121.430 62.968 0.000
v 122.080 63.343 0.000
v 122.812 63.510 0.000
v 123.560 63.454 0.000
v 124.259 63.180 0.000
v 124.845 62.712 0.000
v 125.268 62.092 0.000
v 125.489 61.375 0.000
v 125.489 60.625 0.000
v 125.268 59.908 0.000
v 124.845 59.288 0.000
v 124.259 58.820 0.000
v 123.560 58.546 0.000
v 122.812 58.490 0.000
v 122.080 58.657 0.000
v 121.430 59.032 0.000
v 120.920 59.582 0.000
v 120.594 60.258 0.000
v 100.482 61.000 0.000
v 100.594 61.742 0.000
v 100.920 62.418 0.000
v 101.430 62.968 0.000
v 102.080 63.343 0.000
v 102.812 63.510 0.000
v 103.560 63.454 0.000
v 104.259 63.180 0.000
v 104.845 62.712 0.000
v 105.268 62.092 0.000
v 105.489 61.375 0.000
v 105.489 60.625 0.000
v 105.268 59.908 0.000
v 104.845 59.288 0.000
v 104.259 58.820 0.000
v 103.560 58.546 0.000
v 102.812 58.490 0.000
v 102.080 58.657 0.000
v 101.430 59.032 0.000
v 100.920 59.582 0.000
v 100.594 60.258 0.000
v 80.482 61.000 0.000
v 80.594 61.742 0.000
v 80.920 62.418 0.000
v 81.430 62.968 0.000
v 82.080 63.343 0.000
v 82.812 63.510 0.000
v 83.560 63.454 0.000
v 84.259 63.180 0.000
v 84.845 62.712 0.000
v 85.268 62.092 0.000
v 85.489 61.375 0.000
v 85.489 60.625 0.000
v 85.268 59.908 0.000
v 84.845 59.288 0.000
v 84.259 58.820 0.000
v 83.560 58.546 0.000
v 82.812 58.490 0.000
v 82.080 58.657 0.000
v 81.430 59.032 0.000
v 80.920 59.582 0.000
v 80.594 60.258 0.000
v 60.482 61.000 0.000
v 60.594 61.742 0.000
v 60.920 62.418 0.000
v 61.430 62.968 0.000
v 62.080 63.343 0.000
v 62.812 63.510 0.000
v 63.560 63.454 0.000
v 64.259 63.180 0.000
v 64.845 62.712 0.000
v 65.268 62.092 0.000
v 65.489 61.375 0.000
v 65.489 60.625 0.000
v 65.268 59.908 0.000
v 64.845 59.288 0.000
v 64.259 58.820 0.000
v 63.560 58.546 0.000
v 62.812 58.490 0.000
v 62.080 58.657 0.000
v 61.430 59.032 0.000
v 60.920 59.582 0.000
v 60.594 60.258 0.000
v 40.482 61.000 0.000
v 40.594 61.742 0.000
v 40.920 62.418 0.000
v 41.430 62.968 0.000
v 42.080 63.343 0.000
v 42.812 63.510 0.000
v 43.560 63.454 0.000
v 44.259 63.180 0.000
v 44.845 62.712 0.000
v 45.268 62.092 0.000
v 45.489 61.375 0.000
v 45.489 60.625 0.000
v 45.268 59.908 0.000
v 44.845 59.288 0.000
v 44.259 58.820 0.000
v 43.560 58.546 0.000
v 42.812 58.490 0.000
v 42.080 58.657 0.000
v 41.430 59.032 0.000
v 40.920 59.582 0.000
v 40.594 60.258 0.000
v 20.482 61.000 0.000
v 20.594 61.742 0.000
v 20.920 62.418 0.000
v 21.430 62.968 0.000
v 22.080 63.343 0.000
v 22.812 63.510 0.000
v 23.560 63.454 0.000
v 24.259 63.180 0.000
v 24.845 62.712 0.000
v 25.268 62.092 0.000
v 25.489 61.375 0.000
v 25.489 60.625 0.000
v 25.268 59.908 0.000
v 24.845 59.288 0.000
v 24.259 58.820 0.000
v 23.560 58.546 0.000
v 22.812 58.490 0.000
v 22.080 58.657 0.000
v 21.430 59.032 0.000
v 20.920 59.582 0.000
v 20.594 60.258 0.000
v 280.482 81.000 0.000
v 280.594 81.742 0.000
v 280.920 82.418 0.000
v 281.430 82.968 0.000
v 282.080 83.343 0.000
v 282.812 83.510 0.000
v 283.560 83.454 0.000
v 284.259 83.180 0.000
v 284.845 82.712 0.000
v 285.268 82.092 0.000
v 285.489 81.375 0.000
v 285.489 80.625 0.000
v 285.268 79.908 0.000
v 284.845 79.288 0.000
v 284.259 78.820 0.000
v 283.560 78.546 0.000
v 282.812 78.490 0.000
v 282.080 78.657 0.000
v 281.430 79.032 0.000
v 280.920 79.582 0.000
v 280.594 80.258 0.000
v 240.482 81.000 0.000
v 240.594 81.742 0.000
v 240.920 82.418 0.000
v 241.430 82.968 0.000
v 242.080 83.343 0.000
v 242.812 83.510 0.000
v 243.560 83.454 0.000
v 244.259 83.180 0.000
v 244.845 82.712 0.000
v 245.268 82.092 0.000
v 245.489 81.375 0.000
v 245.489 80.625 0.000
v 245.268 79.908 0.000
v 244.845 79.288 0.000
v 244.259 78.820 0.000
v 243.560 78.546 0.000
v 242.812 78.490 0.000
v 242.080 78.657 0.000
v 241.430 79.032 0.000
v 240.920 79.582 0.000
v 240.594 80.258 0.000
v 220.482 81.000 0.000
v 220.594 81.742 0.000
v 220.920 82.418 0.000
v 221.430 82.968 0.000
v 222.080 83.343 0.000
v 222.812 83.510 0.000
v 223.560 83.454 0.000
v 224.259 83.180 0.000
v 224.845 82.712 0.000
v 225.268 82.092 0.000
v 225.489 81.375 0.000
v 225.489 80.625 0.000
v 225.268 79.908 0.000
v 224.845 79.288 0.000
v 224.259 78.820 0.000
v 223.560 78.546 0.000
v 222.812 78.490 0.000
v 222.080 78.657 0.000
v 221.430 79.032 0.000
v 220.920 79.582 0.000
v 220.594 80.258 0.000
v 200.482 81.000 0.000
v 200.594 81.742 0.000
v 200.920 82.418 0.000
v 201.430 82.968 0.000
v 202.080 83.343 0.000
v 202.812 83.510 0.000
v 203.560 83.454 0.000
v 204.259 83.180 0.000
v 204.845 82.712 0.000
v 205.268 82.092 0.000
v 205.489 81.375 0.000
v 205.489 80.625 0.000
v 205.268 79.908 0.000
v 204.845 79.288 0.000
v 204.259 78.820 0.000
v 203.560 78.546 0.000
v 202.812 78.490 0.000
v 202.080 78.657 0.000
v 201.430 79.032 0.000
v 200.920 79.582 0.000
v 200.594 80.258 0.000
v 180.483 81.000 0.000
v 180.594 81.742 0.000
v 180.920 82.418 0.000
v 181.430 82.968 0.000
v 182.080 83.343 0.000
v 182.812 83.510 0.000
v 183.560 83.454 0.000
v 184.259 83.180 0.000
v 184.845 82.712 0.000
v 185.268 82.092 0.000
v 185.489 81.375 0.000
v 185.489 80.625 0.000
v 185.268 79.908 0.000
v 184.845 79.288 0.000
v 184.259 78.820 0.000
v 183.560 78.546 0.000
v 182.812 78.490 0.000
v 182.080 78.657 0.000
v 181.430 79.032 0.000
v 180.920 79.582 0.000
v 180.594 80.258 0.000
v 140.482 81.000 0.000
v 140.594 81.742 0.000
v 140.920 82.418 0.000
v 141.430 82.968 0.000
v 142.080 83.343 0.000
v 142.812 83.510 0.000
v 143.560 83.454 0.000
v 144.259 83.180 0.000
v 144.845 82.712 0.000
v 145.268 82.092 0.000
v 145.489 81.375 0.000
v 145.489 80.625 0.000
v 145.268 79.908 0.000
v 144.845 79.288 0.000
v 144.259 78.820 0.000
v 143.560 78.546 0.000
v 142.812 78.490 0.000
v 142.080 78.657 0.000
v 141.430 79.032 0.000
v 140.920 79.582 0.000
v 140.594 80.258 0.000
v 120.482 81.000 0.000
v 120.594 81.742 0.000
v 120.920 82.418 0.000
v 121.430 82.968 0.000
v 122.080 83.343 0.000
v 122.812 83.510 0.000
v 123.560 83.454 0.000
v 124.259 83.180 0.000
v 124.845 82.712 0.000
v 125.268 82.092 0.000
v 125.489 81.375 0.000
v 125.489 80.625 0.000
v 125.268 79.908 0.000
v 124.845 79.288 0.000
v 124.259 78.820 0.000
v 123.560 78.546 0.000
v 122.812 78.490 0.000
v 122.080 78.657 0.000
v 121.430 79.032 0.000
v 120.920 79.582 0.000
v 120.594 80.258 0.000
v 60.482 81.000 0.000
v 60.594 81.742 0.000
v 60.920 82.418 0.000
v 61.430 82.968 0.000
v 62.080 83.343 0.000
v 62.812 83.510 0.000
v 63.560 83.454 0.000
v 64.259 83.180 0.000
v 64.845 82.712 0.000
v 65.268 82.092 0.000
v 65.489 81.375 0.000
v 65.489 80.625 0.000
v 65.268 79.908 0.000
v 64.845 79.288 0.000
v 64.259 78.820 0.000
v 63.560 78.546 0.000
v 62.812 78.490 0.000
v 62.080 78.657 0.000
v 61.430 79.032 0.000
v 60.920 79.582 0.000
v 60.594 80.258 0.000
v 40.482 81.000 0.000
v 40.594 81.742 0.000
v 40.920 82.418 0.000
v 41.430 82.968 0.000
v 42.080 83.343 0.000
v 42.812 83.510 0.000
v 43.560 83.454 0.000
v 44.259 83.180 0.000
v 44.845 82.712 0.000
v 45.268 82.092 0.000
v 45.489 81.375 0.000
v 45.489 80.625 0.000
v 45.268 79.908 0.000
v 44.845 79.288 0.000
v 44.259 78.820 0.000
v 43.560 78.546 0.000
v 42.812 78.490 0.000
v 42.080 78.657 0.000
v 41.430 79.032 0.000
v 40.920 79.582 0.000
v 40.594 80.258 0.000
v 20.482 81.000 0.000
v 20.594 81.742 0.000
v 20.920 82.418 0.000
v 21.430 82.968 0.000
v 22.080 83.343 0.000
v 22.812 83.510 0.000
v 23.560 83.454 0.000
v 24.259 83.180 0.000
v 24.845 82.712 0.000
v 25.268 82.092 0.000
v 25.489 81.375 0.000
v 25.489 80.625 0.000
v 25.268 79.908 0.000
v 24.845 79.288 0.000
v 24.259 78.820 0.000
v 23.560 78.546 0.000
v 22.812 78.490 0.000
v 22.080 78.657 0.000
v 21.430 79.032 0.000
v 20.920 79.582 0.000
v 20.594 80.258 0.000
v 240.482 101.000 0.000
v 240.594 101.742 0.000
v 240.920 102.418 0.000
v 241.430 102.968 0.000
v 242.080 103.343 0.000
v 242.812 103.510 0.000
v 243.560 103.454 0.000
v 244.259 103.180 0.000
v 244.845 102.712 0.000
v 245.268 102.092 0.000
v 245.489 101.375 0.000
v 245.489 100.625 0.000
v 245.268 99.908 0.000
v 244.845 99.288 0.000
v 244.259 98.820 0.000
v 243.560 98.546 0.000
v 242.812 98.490 0.000
v 242.080 98.657 0.000
v 241.430 99.032 0.000
v 240.920 99.582 0.000
v 240.594 100.258 0.000
v 220.482 101.000 0.000
v 220.594 101.742 0.000
v 220.920 102.418 0.000
v 221.430 102.968 0.000
v 222.080 103.343 0.000
v 222.812 103.510 0.000
v 223.560 103.454 0.000
v 224.259 103.180 0.000
v 224.845 102.712 0.000
v 225.268 102.092 0.000
v 225.489 101.375 0.000
v 225.489 100.625 0.000
v 225.268 99.908 0.000
v 224.845 99.288 0.000
v 224.259 98.820 0.000
v 223.560 98.546 0.000
v 222.812 98.490 0.000
v 222.080 98.657 0.000
v 221.430 99.032 0.000
v 220.920 99.582 0.000
v 220.594 100.258 0.000
v 200.482 101.000 0.000
v 200.594 101.742 0.000
v 200.920 102.418 0.000
v 201.430 102.968 0.000
v 202.080 103.343 0.000
v 202.812 103.510 0.000
v 203.560 103.454 0.000
v 204.259 103.180 0.000
v 204.845 102.712 0.000
v 205.268 102.092 0.000
v 205.489 101.375 0.000
v 205.489 100.625 0.000
v 205.268 99.908 0.000
v 204.845 99.288 0.000
v 204.259 98.820 0.000
v 203.560 98.546 0.000
v 202.812 98.490 0.000
v 202.080 98.657 0.000
v 201.430 99.032 0.000
v 200.920 99.582 0.000
v 200.594 100.258 0.000
v 180.483 101.000 0.000
v 180.594 101.742 0.000
v 180.920 102.418 0.000
v 181.430 102.968 0.000
v 182.080 103.343 0.000
v 182.812 103.510 0.000
v 183.560 103.454 0.000
v 184.259 103.180 0.000
v 184.845 102.712 0.000
v 185.268 102.092 0.000
v 185.489 101.375 0.000
v 185.489 100.625 0.000
v 185.268 99.908 0.000
v 184.845 99.288 0.000
v 184.259 98.820 0.000
v 183.560 98.546 0.000
v 182.812 98.490 0.000
v 182.080 98.657 0.000
v 181.430 99.032 0.000
v 180.920 99.582 0.000
v 180.594 100.258 0.000
v 160.482 101.000 0.000
v 160.594 101.742 0.000
v 160.920 102.418 0.000
v 161.430 102.968 0.000
v 162.080 103.343 0.000
v 162.812 103.510 0.000
v 163.560 103.454 0.000
v 164.259 103.180 0.000
v 164.845 102.712 0.000
v 165.268 102.092 0.000
v 165.489 101.375 0.000
v 165.489 100.625 0.000
v 165.268 99.908 0.000
v 164.845 99.288 0.000
v 164.259 98.820 0.000
v 163.560 98.546 0.000
v 162.812 98.490 0.000
v 162.080 98.657 0.000
v 161.430 99.032 0.000
v 160.920 99.582 0.000
v 160.594 100.258 0.000
v 120.482 101.000 0.000
v 120.594 101.742 0.000
v 120.920 102.418 0.000
v 121.430 102.968 0.000
v 122.080 103.343 0.000
v 122.812 103.510 0.000
v 123.560 103.454 0.000
v 124.259 103.180 0.000
v 124.845 102.712 0.000
v 125.268 102.092 0.000
v 125.489 101.375 0.000
v 125.489 100.625 0.000
v 125.268 99.908 0.000
v 124.845 99.288 0.000
v 124.259 98.820 0.000
v 123.560 98.546 0.000
v 122.812 98.490 0.000
v 122.080 98.657 0.000
v 121.430 99.032 0.000
v 120.920 99.582 0.000
v 120.594 100.258 0.000
v 100.482 101.000 0.000
v 100.594 101.742 0.000
v 100.920 102.418 0.000
v 101.430 102.968 0.000
v 102.080 103.343 0.000
v 102.812 103.510 0.000
v 103.560 103.454 0.000
v 104.259 103.180 0.000
v 104.845 102.712 0.000
v 105.268 102.092 0.000
v 105.489 101.375 0.000
v 105.489 100.625 0.000
v 105.268 99.908 0.000
v 104.845 99.288 0.000
v 104.259 98.820 0.000
v 103.560 98.546 0.000
v 102.812 98.490 0.000
v 102.080 98.657 0.000
v 101.430 99.032 0.000
v 100.920 99.582 0.000
v 100.594 100.258 0.000
v 60.482 101.000 0.000
v 60.594 101.742 0.000
v 60.920 102.418 0.000
v 61.430 102.968 0.000
v 62.080 103.343 0.000
v 62.812 103.510 0.000
v 63.560 103.454 0.000
v 64.259 103.180 0.000
v 64.845 102.712 0.000
v 65.268 102.092 0.000
v 65.489 101.375 0.000
v 65.489 100.625 0.000
v 65.268 99.908 0.000
v 64.845 99.288 0.000
v 64.259 98.820 0.000
v 63.560 98.546 0.000
v 62.812 98.490 0.000
v 62.080 98.657 0.000
v 61.430 99.032 0.000
v 60.920 99.582 0.000
v 60.594 100.258 0.000
v 40.482 101.000 0.000
v 40.594 101.742 0.000
v 40.920 102.418 0.000
v 41.430 102.968 0.000
v 42.080 103.343 0.000
v 42.812 103.510 0.000
v 43.560 103.454 0.000
v 44.259 103.180 0.000
v 44.845 102.712 0.000
v 45.268 102.092 0.000
v 45.489 101.375 0.000
v 45.489 100.625 0.000
v 45.268 99.908 0.000
v 44.845 99.288 0.000
v 44.259 98.820 0.000
v 43.560 98.546 0.000
v 42.812 98.490 0.000
v 42.080 98.657 0.000
v 41.430 99.032 0.000
v 40.920 99.582 0.000
v 40.594 100.258 0.000
v 20.482 101.000 0.000
v 20.594 101.742 0.000
v 20.920 102.418 0.000
v 21.430 102.968 0.000
v 22.080 103.343 0.000
v 22.812 103.510 0.000
v 23.560 103.454 0.000
v 24.259 103.180 0.000
v 24.845 102.712 0.000
v 25.268 102.092 0.000
v 25.489 101.375 0.000
v 25.489 100.625 0.000
v 25.268 99.908 0.000
v 24.845 99.288 0.000
v 24.259 98.820 0.000
v 23.560 98.546 0.000
v 22.812 98.490 0.000
v 22.080 98.657 0.000
v 21.430 99.032 0.000
v 20.920 99.582 0.000
v 20.594 100.258 0.000
v 280.482 121.000 0.000
v 280.594 121.742 0.000
v 280.920 122.418 0.000
v 281.430 122.968 0.000
v 282.080 123.343 0.000
v 282.812 123.510 0.000
v 283.560 123.454 0.000
v 284.259 123.180 0.000
v 284.845 122.712 0.000
v 285.268 122.092 0.000
v 285.489 121.375 0.000
v 285.489 120.625 0.000
v 285.268 119.908 0.000
v 284.845 119.288 0.000
v 284.259 118.820 0.000
v 283.560 118.546 0.000
v 282.812 118.490 0.000
v 282.080 118.657 0.000
v 281.430 119.032 0.000
v 280.920 119.582 0.000
v 280.594 120.258 0.000
v 60.482 121.000 0.000
v 60.594 121.742 0.000
v 60.920 122.418 0.000
v 61.430 122.968 0.000
v 62.080 123.343 0.000
v 62.812 123.510 0.000
v 63.560 123.454 0.000
v 64.259 123.180 0.000
v 64.845 122.712 0.000
v 65.268 122.092 0.000
v 65.489 121.375 0.000
v 65.489 120.625 0.000
v 65.268 119.908 0.000
v 64.845 119.288 0.000
v 64.259 118.820 0.000
v 63.560 118.546 0.000
v 62.812 118.490 0.000
v 62.080 118.657 0.000
v 61.430 119.032 0.000
v 60.920 119.582 0.000
v 60.594 120.258 0.000
v 40.482 121.000 0.000
v 40.594 121.742 0.000
v 40.920 122.418 0.000
v 41.430 122.968 0.000
v 42.080 123.343 0.000
v 42.812 123.510 0.000
v 43.560 123.454 0.000
v 44.259 123.180 0.000
v 44.845 122.712 0.000
v 45.268 122.092 0.000
v 45.489 121.375 0.000
v 45.489 120.625 0.000
v 45.268 119.908 0.000
v 44.845 119.288 0.000
v 44.259 118.820 0.000
v 43.560 118.546 0.000
v 42.812 118.490 0.000
v 42.080 118.657 0.000
v 41.430 119.032 0.000
v 40.920 119.582 0.000
v 40.594 120.258 0.000
v 20.482 121.000 0.000
v 20.594 121.742 0.000
v 20.920 122.418 0.000
v 21.430 122.968 0.000
v 22.080 123.343 0.000
v 22.812 123.510 0.000
v 23.560 123.454 0.000
v 24.259 123.180 0.000
v 24.845 122.712 0.000
v 25.268 122.092 0.000
v 25.489 121.375 0.000
v 25.489 120.625 0.000
v 25.268 119.908 0.000
v 24.845 119.288 0.000
v 24.259 118.820 0.000
v 23.560 118.546 0.000
v 22.812 118.490 0.000
v 22.080 118.657 0.000
v 21.430 119.032 0.000
v 20.920 119.582 0.000
v 20.594 120.258 0.000
v 280.482 141.000 0.000
v 280.594 141.742 0.000
v 280.920 142.418 0.000
v 281.430 142.968 0.000
v 282.080 143.343 0.000
v 282.812 143.510 0.000
v 283.560 143.454 0.000
v 284.259 143.180 0.000
v 284.845 142.712 0.000
v 285.268 142.092 0.000
v 285.489 141.375 0.000
v 285.489 140.625 0.000
v 285.268 139.908 0.000
v 284.845 139.288 0.000
v 284.259 138.820 0.000
v 283.560 138.546 0.000
v 282.812 138.490 0.000
v 282.080 138.657 0.000
v 281.430 139.032 0.000
v 280.920 139.582 0.000
v 280.594 140.258 0.000
v 260.482 141.000 0.000
v 260.594 141.742 0.000
v 260.920 142.418 0.000
v 261.430 142.968 0.000
v 262.080 143.343 0.000
v 262.812 143.510 0.000
v 263.560 143.454 0.000
v 264.259 143.180 0.000
v 264.845 142.712 0.000
v 265.268 142.092 0.000
v 265.489 141.375 0.000
v 265.489 140.625 0.000
v 265.268 139.908 0.000
v 264.845 139.288 0.000
v 264.259 138.820 0.000
v 263.560 138.546 0.000
v 262.812 138.490 0.000
v 262.080 138.657 0.000
v 261.430 139.032 0.000
v 260.920 139.582 0.000
v 260.594 140.258 0.000
v 240.482 141.000 0.000
v 240.594 141.742 0.000
v 240.920 142.418 0.000
v 241.430 142.968 0.000
v 242.080 143.343 0.000
v 242.812 143.510 0.000
v 243.560 143.454 0.000
v 244.259 143.180 0.000
v 244.845 142.712 0.000
v 245.268 142.092 0.000
v 245.489 141.375 0.000
v 245.489 140.625 0.000
v 245.268 139.908 0.000
v 244.845 139.288 0.000
v 244.259 138.820 0.000
v 243.560 138.546 0.000
v 242.812 138.490 0.000
v 242.080 138.657 0.000
v 241.430 139.032 0.000
v 240.920 139.582 0.000
v 240.594 140.258 0.000
v 220.482 141.000 0.000
v 220.594 141.742 0.000
v 220.920 142.418 0.000
v 221.430 142.968 0.000
v 222.080 143.343 0.000
v 222.812 143.510 0.000
v 223.560 143.454 0.000
v 224.259 143.180 0.000
v 224.845 142.712 0.000
v 225.268 142.092 0.000
v 225.489 141.375 0.000
v 225.489 140.625 0.000
v 225.268 139.908 0.000
v 224.845 139.288 0.000
v 224.259 138.820 0.000
v 223.560 138.546 0.000
v 222.812 138.490 0.000
v 222.080 138.657 0.000
v 221.430 139.032 0.000
v 220.920 139.582 0.000
v 220.594 140.258 0.000
v 200.482 141.000 0.000
v 200.594 141.742 0.000
v 200.920 142.418 0.000
v 201.430 142.968 0.000
v 202.080 143.343 0.000
v 202.812 143.510 0.000
v 203.560 143.454 0.000
v 204.259 143.180 0.000
v 204.845 142.712 0.000
v 205.268 142.092 0.000
v 205.489 141.375 0.000
v 205.489 140.625 0.000
v 205.268 139.908 0.000
v 204.845 139.288 0.000
v 204.259 138.820 0.000
v 203.560 138.546 0.000
v 202.812 138.490 0.000
v 202.080 138.657 0.000
v 201.430 139.032 0.000
v 200.920 139.582 0.000
v 200.594 140.258 0.000
v 180.483 141.000 0.000
v 180.594 141.742 0.000
v 180.920 142.418 0.000
v 181.430 142.968 0.000
v 182.080 143.343 0.000
v 182.812 143.510 0.000
v 183.560 143.454 0.000
v 184.259 143.180 0.000
v 184.845 142.712 0.000
v 185.268 142.092 0.000
v 185.489 141.375 0.000
v 185.489 140.625 0.000
v 185.268 139.908 0.000
v 184.845 139.288 0.000
v 184.259 138.820 0.000
v 183.560 138.546 0.000
v 182.812 138.490 0.000
v 182.080 138.657 0.000
v 181.430 139.032 0.000
v 180.920 139.582 0.000
v 180.594 140.258 0.000
v 160.482 141.000 0.000
v 160.594 141.742 0.000
v 160.920 142.418 0.000
v 161.430 142.968 0.000
v 162.080 143.343 0.000
v 162.812 143.510 0.000
v 163.560 143.454 0.000
v 164.259 143.180 0.000
v 164.845 142.712 0.000
v 165.268 142.092 0.000
v 165.489 141.375 0.000
v 165.489 140.625 0.000
v 165.268 139.908 0.000
v 164.845 139.288 0.000
v 164.259 138.820 0.000
v 163.560 138.546 0.000
v 162.812 138.490 0.000
v 162.080 138.657 0.000
v 161.430 139.032 0.000
v 160.920 139.582 0.000
v 160.594 140.258 0.000
v 140.482 141.000 0.000
v 140.594 141.742 0.000
v 140.920 142.418 0.000
v 141.430 142.968 0.000
v 142.080 143.343 0.000
v 142.812 143.510 0.000
v 143.560 143.454 0.000
v 144.259 143.180 0.000
v 144.845 142.712 0.000
v 145.268 142.092 0.000
v 145.489 141.375 0.000
v 145.489 140.625 0.000
v 145.268 139.908 0.000
v 144.845 139.288 0.000
v 144.259 138.820 0.000
v 143.560 138.546 0.000
v 142.812 138.490 0.000
v 142.080 138.657 0.000
v 141.430 139.032 0.000
v 140.920 139.582 0.000
v 140.594 140.258 0.000
v 120.482 141.000 0.000
v 120.594 141.742 0.000
v 120.920 142.418 0.000
v 121.430 142.968 0.000
v 122.080 143.343 0.000
v 122.812 143.510 0.000
v 123.560 143.454 0.000
v 124.259 143.180 0.000
v 124.845 142.712 0.000
v 125.268 142.092 0.000
v 125.489 141.375 0.000
v 125.489 140.625 0.000
v 125.268 139.908 0.000
v 124.845 139.288 0.000
v 124.259 138.820 0.000
v 123.560 138.546 0.000
v 122.812 138.490 0.000
v 122.080 138.657 0.000
v 121.430 139.032 0.000
v 120.920 139.582 0.000
v 120.594 140.258 0.000
v 80.482 141.000 0.000
v 80.594 141.742 0.000
v 80.920 142.418 0.000
v 81.430 142.968 0.000
v 82.080 143.343 0.000
v 82.812 143.510 0.000
v 83.560 143.454 0.000
v 84.259 143.180 0.000
v 84.845 142.712 0.000
v 85.268 142.092 0.000
v 85.489 141.375 0.000
v 85.489 140.625 0.000
v 85.268 139.908 0.000
v 84.845 139.288 0.000
v 84.259 138.820 0.000
v 83.560 138.546 0.000
v 82.812 138.490 0.000
v 82.080 138.657 0.000
v 81.430 139.032 0.000
v 80.920 139.582 0.000
v 80.594 140.258 0.000
v 60.482 141.000 0.000
v 60.594 141.742 0.000
v 60.920 142.418 0.000
v 61.430 142.968 0.000
v 62.080 143.343 0.000
v 62.812 143.510 0.000
v 63.560 143.454 0.000
v 64.259 143.180 0.000
v 64.845 142.712 0.000
v 65.268 142.092 0.000
v 65.489 141.375 0.000
v 65.489 140.625 0.000
v 65.268 139.908 0.000
v 64.845 139.288 0.000
v 64.259 138.820 0.000
v 63.560 138.546 0.000
v 62.812 138.490 0.000
v 62.080 138.657 0.000
v 61.430 139.032 0.000
v 60.920 139.582 0.000
v 60.594 140.258 0.000
v 40.482 141.000 0.000
v 40.594 141.742 0.000
v 40.920 142.418 0.000
v 41.430 142.968 0.000
v 42.080 143.343 0.000
v 42.812 143.510 0.000
v 43.560 143.454 0.000
v 44.259 143.180 0.000
v 44.845 142.712 0.000
v 45.268 142.092 0.000
v 45.489 141.375 0.000
v 45.489 140.625 0.000
v 45.268 139.908 0.000
v 44.845 139.288 0.000
v 44.259 138.820 0.000
v 43.560 138.546 0.000
v 42.812 138.490 0.000
v 42.080 138.657 0.000
v 41.430 139.032 0.000
v 40.920 139.582 0.000
v 40.594 140.258 0.000
v 20.482 141.000 0.000
v 20.594 141.742 0.000
v 20.920 142.418 0.000
v 21.430 142.968 0.000
v 22.080 143.343 0.000
v 22.812 143.510 0.000
v 23.560 143.454 0.000
v 24.259 143.180 0.000
v 24.845 142.712 0.000
v 25.268 142.092 0.000
v 25.489 141.375 0.000
v 25.489 140.625 0.000
v 25.268 139.908 0.000
v 24.845 139.288 0.000
v 24.259 138.820 0.000
v 23.560 138.546 0.000
v 22.812 138.490 0.000
v 22.080 138.657 0.000
v 21.430 139.032 0.000
v 20.920 139.582 0.000
v 20.594 140.258 0.000
v 280.482 161.000 0.000
v 280.594 161.742 0.000
v 280.920 162.418 0.000
v 281.430 162.968 0.000
v 282.080 163.343 0.000
v 282.812 163.510 0.000
v 283.560 163.454 0.000
v 284.259 163.180 0.000
v 284.845 162.712 0.000
v 285.268 162.092 0.000
v 285.489 161.375 0.000
v 285.489 160.625 0.000
v 285.268 159.908 0.000
v 284.845 159.288 0.000
v 284.259 158.820 0.000
v 283.560 158.546 0.000
v 282.812 158.490 0.000
v 282.080 158.657 0.000
v 281.430 159.032 0.000
v 280.920 159.582 0.000
v 280.594 160.258 0.000
v 260.482 161.000 0.000
v 260.594 161.742 0.000
v 260.920 162.418 0.000
v 261.430 162.968 0.000
v 262.080 163.343 0.000
v 262.812 163.510 0.000
v 263.560 163.454 0.000
v 264.259 163.180 0.000
v 264.845 162.712 0.000
v 265.268 162.092 0.000
v 265.489 161.375 0.000
v 265.489 160.625 0.000
v 265.268 159.908 0.000
v 264.845 159.288 0.000
v 264.259 158.820 0.000
v 263.560 158.546 0.000
v 262.812 158.490 0.000
v 262.080 158.657 0.000
v 261.430 159.032 0.000
v 260.920 159.582 0.000
v 260.594 160.258 0.000
v 240.482 161.000 0.000
v 240.594 161.742 0.000
v 240.920 162.418 0.000
v 241.430 162.968 0.000
v 242.080 163.343 0.000
v 242.812 163.510 0.000
v 243.560 163.454 0.000
v 244.259 163.180 0.000
v 244.845 162.712 0.000
v 245.268 162.092 0.000
v 245.489 161.375 0.000
v 245.489 160.625 0.000
v 245.268 159.908 0.000
v 244.845 159.288 0.000
v 244.259 158.820 0.000
v 243.560 158.546 0.000
v 242.812 158.490 0.000
v 242.080 158.657 0.000
v 241.430 159.032 0.000
v 240.920 159.582 0.000
v 240.594 160.258 0.000
v 220.482 161.000 0.000
v 220.594 161.742 0.000
v 220.920 162.418 0.000
v 221.430 162.968 0.000
v 222.080 163.343 0.000
v 222.812 163.510 0.000
v 223.560 163.454 0.000
v 224.259 163.180 0.000
v 224.845 162.712 0.000
v 225.268 162.092 0.000
v 225.489 161.375 0.000
v 225.489 160.625 0.000
v 225.268 159.908 0.000
v 224.845 159.288 0.000
v 224.259 158.820 0.000
v 223.560 158.546 0.000
v 222.812 158.490 0.000
v 222.080 158.657 0.000
v 221.430 159.032 0.000
v 220.920 159.582 0.000
v 220.594 160.258 0.000
v 200.482 161.000 0.000
v 200.594 161.742 0.000
v 200.920 162.418 0.000
v 201.430 162.968 0.000
v 202.080 163.343 0.000
v 202.812 163.510 0.000
v 203.560 163.454 0.000
v 204.259 163.180 0.000
v 204.845 162.712 0.000
v 205.268 162.092 0.000
v 205.489 161.375 0.000
v 205.489 160.625 0.000
v 205.268 159.908 0.000
v 204.845 159.288 0.000
v 204.259 158.820 0.000
v 203.560 158.546 0.000
v 202.812 158.490 0.000
v 202.080 158.657 0.000
v 201.430 159.032 0.000
v 200.920 159.582 0.000
v 200.594 160.258 0.000
v 180.483 161.000 0.000
v 180.594 161.742 0.000
v 180.920 162.418 0.000
v 181.430 162.968 0.000
v 182.080 163.343 0.000
v 182.812 163.510 0.000
v 183.560 163.454 0.000
v 184.259 163.180 0.000
v 184.845 162.712 0.000
v 185.268 162.092 0.000
v 185.489 161.375 0.000
v 185.489 160.625 0.000
v 185.268 159.908 0.000
v 184.845 159.288 0.000
v 184.259 158.820 0.000
v 183.560 158.546 0.000
v 182.812 158.490 0.000
v 182.080 158.657 0.000
v 181.430 159.032 0.000
v 180.920 159.582 0.000
v 180.594 160.258 0.000
v 160.482 161.000 0.000
v 160.594 161.742 0.000
v 160.920 162.418 0.000
v 161.430 162.968 0.000
v 162.080 163.343 0.000
v 162.812 163.510 0.000
v 163.560 163.454 0.000
v 164.259 163.180 0.000
v 164.845 162.712 0.000
v 165.268 162.092 0.000
v 165.489 161.375 0.000
v 165.489 160.625 0.000
v 165.268 159.908 0.000
v 164.845 159.288 0.000
v 164.259 158.820 0.000
v 163.560 158.546 0.000
v 162.812 158.490 0.000
v 162.080 158.657 0.000
v 161.430 159.032 0.000
v 160.920 159.582 0.000
v 160.594 160.258 0.000
v 140.482 161.000 0.000
v 140.594 161.742 0.000
v 140.920 162.418 0.000
v 141.430 162.968 0.000
v 142.080 163.343 0.000
v 142.812 163.510 0.000
v 143.560 163.454 0.000
v 144.259 163.180 0.000
v 144.845 162.712 0.000
v 145.268 162.092 0.000
v 145.489 161.375 0.000
v 145.489 160.625 0.000
v 145.268 159.908 0.000
v 144.845 159.288 0.000
v 144.259 158.820 0.000
v 143.560 158.546 0.000
v 142.812 158.490 0.000
v 142.080 158.657 0.000
v 141.430 159.032 0.000
v 140.920 159.582 0.000
v 140.594 160.258 0.000
v 120.482 161.000 0.000
v 120.594 161.742 0.000
v 120.920 162.418 0.000
v 121.430 162.968 0.000
v 122.080 163.343 0.000
v 122.812 163.510 0.000
v 123.560 163.454 0.000
v 124.259 163.180 0.000
v 124.845 162.712 0.000
v 125.268 162.092 0.000
v 125.489 161.375 0.000
v 125.489 160.625 0.000
v 125.268 159.908 0.000
v 124.845 159.288 0.000
v 124.259 158.820 0.000
v 123.560 158.546 0.000
v 122.812 158.490 0.000
v 122.080 158.657 0.000
v 121.430 159.032 0.000
v 120.920 159.582 0.000
v 120.594 160.258 0.000
v 100.482 161.000 0.000
v 100.594 161.742 0.000
v 100.920 162.418 0.000
v 101.430 162.968 0.000
v 102.080 163.343 0.000
v 102.812 163.510 0.000
v 103.560 163.454 0.000
v 104.259 163.180 0.000
v 104.845 162.712 0.000
v 105.268 162.092 0.000
v 105.489 161.375 0.000
v 105.489 160.625 0.000
v 105.268 159.908 0.000
v 104.845 159.288 0.000
v 104.259 158.820 0.000
v 103.560 158.546 0.000
v 102.812 158.490 0.000
v 102.080 158.657 0.000
v 101.430 159.032 0.000
v 100.920 159.582 0.000
v 100.594 160.258 0.000
v 80.482 161.000 0.000
v 80.594 161.742 0.000
v 80.920 162.418 0.000
v 81.430 162.968 0.000
v 82.080 163.343 0.000
v 82.812 163.510 0.000
v 83.560 163.454 0.000
v 84.259 163.180 0.000
v 84.845 162.712 0.000
v 85.268 162.092 0.000
v 85.489 161.375 0.000
v 85.489 160.625 0.000
v 85.268 159.908 0.000
v 84.845 159.288 0.000
v 84.259 158.820 0.000
v 83.560 158.546 0.000
v 82.812 158.490 0.000
v 82.080 158.657 0.000
v 81.430 159.032 0.000
v 80.920 159.582 0.000
v 80.594 160.258 0.000
v 60.482 161.000 0.000
v 60.594 161.742 0.000
v 60.920 162.418 0.000
v 61.430 162.968 0.000
v 62.080 163.343 0.000
v 62.812 163.510 0.000
v 63.560 163.454 0.000
v 64.259 163.180 0.000
v 64.845 162.712 0.000
v 65.268 162.092 0.000
v 65.489 161.375 0.000
v 65.489 160.625 0.000
v 65.268 159.908 0.000
v 64.845 159.288 0.000
v 64.259 158.820 0.000
v 63.560 158.546 0.000
v 62.812 158.490 0.000
v 62.080 158.657 0.000
v 61.430 159.032 0.000
v 60.920 159.582 0.000
v 60.594 160.258 0.000
v 40.482 161.000 0.000
v 40.594 161.742 0.000
v 40.920 162.418 0.000
v 41.430 162.968 0.000
v 42.080 163.343 0.000
v 42.812 163.510 0.000
v 43.560 163.454 0.000
v 44.259 163.180 0.000
v 44.845 162.712 0.000
v 45.268 162.092 0.000
v 45.489 161.375 0.000
v 45.489 160.625 0.000
v 45.268 159.908 0.000
v 44.845 159.288 0.000
v 44.259 158.820 0.000
v 43.560 158.546 0.000
v 42.812 158.490 0.000
v 42.080 158.657 0.000
v 41.430 159.032 0.000
v 40.920 159.582 0.000
v 40.594 160.258 0.000
v 20.482 161.000 0.000
v 20.594 161.742 0.000
v 20.920 162.418 0.000
v 21.430 162.968 0.000
v 22.080 163.343 0.000
v 22.812 163.510 0.000
v 23.560 163.454 0.000
v 24.259 163.180 0.000
v 24.845 162.712 0.000
v 25.268 162.092 0.000
v 25.489 161.375 0.000
v 25.489 160.625 0.000
v 25.268 159.908 0.000
v 24.845 159.288 0.000
v 24.259 158.820 0.000
v 23.560 158.546 0.000
v 22.812 158.490 0.000
v 22.080 158.657 0.000
v 21.430 159.032 0.000
v 20.920 159.582 0.000
v 20.594 160.258 0.000
v 260.482 181.000 0.000
v 260.594 181.742 0.000
v 260.920 182.418 0.000
v 261.430 182.968 0.000
v 262.080 183.343 0.000
v 262.812 183.510 0.000
v 263.560 183.454 0.000
v 264.259 183.180 0.000
v 264.845 182.712 0.000
v 265.268 182.092 0.000
v 265.489 181.375 0.000
v 265.489 180.625 0.000
v 265.268 179.908 0.000
v 264.845 179.288 0.000
v 264.259 178.820 0.000
v 263.560 178.546 0.000
v 262.812 178.490 0.000
v 262.080 178.657 0.000
v 261.430 179.032 0.000
v 260.920 179.582 0.000
v 260.594 180.258 0.000
v 240.482 181.000 0.000
v 240.594 181.742 0.000
v 240.920 182.418 0.000
v 241.430 182.968 0.000
v 242.080 183.343 0.000
v 242.812 183.510 0.000
v 243.560 183.454 0.000
v 244.259 183.180 0.000
v 244.845 182.712 0.000
v 245.268 182.092 0.000
v 245.489 181.375 0.000
v 245.489 180.625 0.000
v 245.268 179.908 0.000
v 244.845 179.288 0.000
v 244.259 178.820 0.000
v 243.560 178.546 0.000
v 242.812 178.490 0.000
v 242.080 178.657 0.000
v 241.430 179.032 0.000
v 240.920 179.582 0.000
v 240.594 180.258 0.000
v 220.482 181.000 0.000
v 220.594 181.742 0.000
v 220.920 182.418 0.000
v 221.430 182.968 0.000
v 222.080 183.343 0.000
v 222.812 183.510 0.000
v 223.560 183.454 0.000
v 224.259 183.180 0.000
v 224.845 182.712 0.000
v 225.268 182.092 0.000
v 225.489 181.375 0.000
v 225.489 180.625 0.000
v 225.268 179.908 0.000
v 224.845 179.288 0.000
v 224.259 178.820 0.000
v 223.560 178.546 0.000
v 222.812 178.490 0.000
v 222.080 178.657 0.000
v 221.430 179.032 0.000
v 220.920 179.582 0.000
v 220.594 180.258 0.000
v 200.482 181.000 0.000
v 200.594 181.742 0.000
v 200.920 182.418 0.000
v 201.430 182.968 0.000
v 202.080 183.343 0.000
v 202.812 183.510 0.000
v 203.560 183.454 0.000
v 204.259 183.180 0.000
v 204.845 182.712 0.000
v 205.268 182.092 0.000
v 205.489 181.375 0.000
v 205.489 180.625 0.000
v 205.268 179.908 0.000
v 204.845 179.288 0.000
v 204.259 178.820 0.000
v 203.560 178.546 0.000
v 202.812 178.490 0.000
v 202.080 178.657 0.000
v 201.430 179.032 0.000
v 200.920 179.582 0.000
v 200.594 180.258 0.000
v 180.483 181.000 0.000
v 180.594 181.742 0.000
v 180.920 182.418 0.000
v 181.430 182.968 0.000
v 182.080 183.343 0.000
v 182.812 183.510 0.000
v 183.560 183.454 0.000
v 184.259 183.180 0.000
v 184.845 182.712 0.000
v 185.268 182.092 0.000
v 185.489 181.375 0.000
v 185.489 180.625 0.000
v 185.268 179.908 0.000
v 184.845 179.288 0.000
v 184.259 178.820 0.000
v 183.560 178.546 0.000
v 182.812 178.490 0.000
v 182.080 178.657 0.000
v 181.430 179.032 0.000
v 180.920 179.582 0.000
v 180.594 180.258 0.000
v 160.482 181.000 0.000
v 160.594 181.742 0.000
v 160.920 182.418 0.000
v 161.430 182.968 0.000
v 162.080 183.343 0.000
v 162.812 183.510 0.000
v 163.560 183.454 0.000
v 164.259 183.180 0.000
v 164.845 182.712 0.000
v 165.268 182.092 0.000
v 165.489 181.375 0.000
v 165.489 180.625 0.000
v 165.268 179.908 0.000
v 164.845 179.288 0.000
v 164.259 178.820 0.000
v 163.560 178.546 0.000
v 162.812 178.490 0.000
v 162.080 178.657 0.000
v 161.430 179.032 0.000
v 160.920 179.582 0.000
v 160.594 180.258 0.000
v 120.482 181.000 0.000
v 120.594 181.742 0.000
v 120.920 182.418 0.000
v 121.430 182.968 0.000
v 122.080 183.343 0.000
v 122.812 183.510 0.000
v 123.560 183.454 0.000
v 124.259 183.180 0.000
v 124.845 182.712 0.000
v 125.268 182.092 0.000
v 125.489 181.375 0.000
v 125.489 180.625 0.000
v 125.268 179.908 0.000
v 124.845 179.288 0.000
v 124.259 178.820 0.000
v 123.560 178.546 0.000
v 122.812 178.490 0.000
v 122.080 178.657 0.000
v 121.430 179.032 0.000
v 120.920 179.582 0.000
v 120.594 180.258 0.000
v 100.482 181.000 0.000
v 100.594 181.742 0.000
v 100.920 182.418 0.000
v 101.430 182.968 0.000
v 102.080 183.343 0.000
v 102.812 183.510 0.000
v 103.560 183.454 0.000
v 104.259 183.180 0.000
v 104.845 182.712 0.000
v 105.268 182.092 0.000
v 105.489 181.375 0.000
v 105.489 180.625 0.000
v 105.268 179.908 0.000
v 104.845 179.288 0.000
v 104.259 178.820 0.000
v 103.560 178.546 0.000
v 102.812 178.490 0.000
v 102.080 178.657 0.000
v 101.430 179.032 0.000
v 100.920 179.582 0.000
v 100.594 180.258 0.000
v 80.482 181.000 0.000
v 80.594 181.742 0.000
v 80.920 182.418 0.000
v 81.430 182.968 0.000
v 82.080 183.343 0.000
v 82.812 183.510 0.000
v 83.560 183.454 0.000
v 84.259 183.180 0.000
v 84.845 182.712 0.000
v 85.268 182.092 0.000
v 85.489 181.375 0.000
v 85.489 180.625 0.000
v 85.268 179.908 0.000
v 84.845 179.288 0.000
v 84.259 178.820 0.000
v 83.560 178.546 0.000
v 82.812 178.490 0.000
v 82.080 178.657 0.000
v 81.430 179.032 0.000
v 80.920 179.582 0.000
v 80.594 180.258 0.000
v 60.482 181.000 0.000
v 60.594 181.742 0.000
v 60.920 182.418 0.000
v 61.430 182.968 0.000
v 62.080 183.343 0.000
v 62.812 183.510 0.000
v 63.560 183.454 0.000
v 64.259 183.180 0.000
v 64.845 182.712 0.000
v 65.268 182.092 0.000
v 65.489 181.375 0.000
v 65.489 180.625 0.000
v 65.268 179.908 0.000
v 64.845 179.288 0.000
v 64.259 178.820 0.000
v 63.560 178.546 0.000
v 62.812 178.490 0.000
v 62.080 178.657 0.000
v 61.430 179.032 0.000
v 60.920 179.582 0.000
v 60.594 180.258 0.000
v 40.482 181.000 0.000
v 40.594 181.742 0.000
v 40.920 182.418 0.000
v 41.430 182.968 0.000
v 42.080 183.343 0.000
v 42.812 183.510 0.000
v 43.560 183.454 0.000
v 44.259 183.180 0.000
v 44.845 182.712 0.000
v 45.268 182.092 0.000
v 45.489 181.375 0.000
v 45.489 180.625 0.000
v 45.268 179.908 0.000
v 44.845 179.288 0.000
v 44.259 178.820 0.000
v 43.560 178.546 0.000
v 42.812 178.490 0.000
v 42.080 178.657 0.000
v 41.430 179.032 0.000
v 40.920 179.582 0.000
v 40.594 180.258 0.000
v 20.482 181.000 0.000
v 20.594 181.742 0.000
v 20.920 182.418 0.000
v 21.430 182.968 0.000
v 22.080 183.343 0.000
v 22.812 183.510 0.000
v 23.560 183.454 0.000
v 24.259 183.180 0.000
v 24.845 182.712 0.000
v 25.268 182.092 0.000
v 25.489 181.375 0.000
v 25.489 180.625 0.000
v 25.268 179.908 0.000
v 24.845 179.288 0.000
v 24.259 178.820 0.000
v 23.560 178.546 0.000
v 22.812 178.490 0.000
v 22.080 178.657 0.000
v 21.430 179.032 0.000
v 20.920 179.582 0.000
v 20.594 180.258 0.000
v 260.482 201.000 0.000
v 260.594 201.742 0.000
v 260.920 202.418 0.000
v 261.430 202.968 0.000
v 262.080 203.343 0.000
v 262.812 203.510 0.000
v 263.560 203.454 0.000
v 264.259 203.180 0.000
v 264.845 202.712 0.000
v 265.268 202.092 0.000
v 265.489 201.375 0.000
v 265.489 200.625 0.000
v 265.268 199.908 0.000
v 264.845 199.288 0.000
v 264.259 198.820 0.000
v 263.560 198.546 0.000
v 262.812 198.490 0.000
v 262.080 198.657 0.000
v 261.430 199.032 0.000
v 260.920 199.582 0.000
v 260.594 200.258 0.000
v 240.482 201.000 0.000
v 240.594 201.742 0.000
v 240.920 202.418 0.000
v 241.430 202.968 0.000
v 242.080 203.343 0.000
v 242.812 203.510 0.000
v 243.560 203.454 0.000
v 244.259 203.180 0.000
v 244.845 202.712 0.000
v 245.268 202.092 0.000
v 245.489 201.375 0.000
v 245.489 200.625 0.000
v 245.268 199.908 0.000
v 244.845 199.288 0.000
v 244.259 198.820 0.000
v 243.560 198.546 0.000
v 242.812 198.490 0.000
v 242.080 198.657 0.000
v 241.430 199.032 0.000
v 240.920 199.582 0.000
v 240.594 200.258 0.000
v 220.482 201.000 0.000
v 220.594 201.742 0.000
v 220.920 202.418 0.000
v 221.430 202.968 0.000
v 222.080 203.343 0.000
v 222.812 203.510 0.000
v 223.560 203.454 0.000
v 224.259 203.180 0.000
v 224.845 202.712 0.000
v 225.268 202.092 0.000
v 225.489 201.375 0.000
v 225.489 200.625 0.000
v 225.268 199.908 0.000
v 224.845 199.288 0.000
v 224.259 198.820 0.000
v 223.560 198.546 0.000
v 222.812 198.490 0.000
v 222.080 198.657 0.000
v 221.430 199.032 0.000
v 220.920 199.582 0.000
v 220.594 200.258 0.000
v 200.482 201.000 0.000
v 200.594 201.742 0.000
v 200.920 202.418 0.000
v 201.430 202.968 0.000
v 202.080 203.343 0.000
v 202.812 203.510 0.000
v 203.560 203.454 0.000
v 204.259 203.180 0.000
v 204.845 202.712 0.000
v 205.268 202.092 0.000
v 205.489 201.375 0.000
v 205.489 200.625 0.000
v 205.268 199.908 0.000
v 204.845 199.288 0.000
v 204.259 198.820 0.000
v 203.560 198.546 0.000
v 202.812 198.490 0.000
v 202.080 198.657 0.000
v 201.430 199.032 0.000
v 200.920 199.582 0.000
v 200.594 200.258 0.000
v 180.483 201.000 0.000
v 180.594 201.742 0.000
v 180.920 202.418 0.000
v 181.430 202.968 0.000
v 182.080 203.343 0.000
v 182.812 203.510 0.000
v 183.560 203.454 0.000
v 184.259 203.180 0.000
v 184.845 202.712 0.000
v 185.268 202.092 0.000
v 185.489 201.375 0.000
v 185.489 200.625 0.000
v 185.268 199.908 0.000
v 184.845 199.288 0.000
v 184.259 198.820 0.000
v 183.560 198.546 0.000
v 182.812 198.490 0.000
v 182.080 198.657 0.000
v 181.430 199.032 0.000
v 180.920 199.582 0.000
v 180.594 200.258 0.000
v 160.482 201.000 0.000
v 160.594 201.742 0.000
v 160.920 202.418 0.000
v 161.430 202.968 0.000
v 162.080 203.343 0.000
v 162.812 203.510 0.000
v 163.560 203.454 0.000
v 164.259 203.180 0.000
v 164.845 202.712 0.000
v 165.268 202.092 0.000
v 165.489 201.375 0.000
v 165.489 200.625 0.000
v 165.268 199.908 0.000
v 164.845 199.288 0.000
v 164.259 198.820 0.000
v 163.560 198.546 0.000
v 162.812 198.490 0.000
v 162.080 198.657 0.000
v 161.430 199.032 0.000
v 160.920 199.582 0.000
v 160.594 200.258 0.000
v 140.482 201.000 0.000
v 140.594 201.742 0.000
v 140.920 202.418 0.000
v 141.430 202.968 0.000
v 142.080 203.343 0.000
v 142.812 203.510 0.000
v 143.560 203.454 0.000
v 144.259 203.180 0.000
v 144.845 202.712 0.000
v 145.268 202.092 0.000
v 145.489 201.375 0.000
v 145.489 200.625 0.000
v 145.268 199.908 0.000
v 144.845 199.288 0.000
v 144.259 198.820 0.000
v 143.560 198.546 0.000
v 142.812 198.490 0.000
v 142.080 198.657 0.000
v 141.430 199.032 0.000
v 140.920 199.582 0.000
v 140.594 200.258 0.000
v 120.482 201.000 0.000
v 120.594 201.742 0.000
v 120.920 202.418 0.000
v 121.430 202.968 0.000
v 122.080 203.343 0.000
v 122.812 203.510 0.000
v 123.560 203.454 0.000
v 124.259 203.180 0.000
v 124.845 202.712 0.000
v 125.268 202.092 0.000
v 125.489 201.375 0.000
v 125.489 200.625 0.000
v 125.268 199.908 0.000
v 124.845 199.288 0.000
v 124.259 198.820 0.000
v 123.560 198.546 0.000
v 122.812 198.490 0.000
v 122.080 198.657 0.000
v 121.430 199.032 0.000
v 120.920 199.582 0.000
v 120.594 200.258 0.000
v 100.482 201.000 0.000
v 100.594 201.742 0.000
v 100.920 202.418 0.000
v 101.430 202.968 0.000
v 102.080 203.343 0.000
v 102.812 203.510 0.000
v 103.560 203.454 0.000
v 104.259 203.180 0.000
v 104.845 202.712 0.000
v 105.268 202.092 0.000
v 105.489 201.375 0.000
v 105.489 200.625 0.000
v 105.268 199.908 0.000
v 104.845 199.288 0.000
v 104.259 198.820 0.000
v 103.560 198.546 0.000
v 102.812 198.490 0.000
v 102.080 198.657 0.000
v 101.430 199.032 0.000
v 100.920 199.582 0.000
v 100.594 200.258 0.000
v 80.482 201.000 0.000
v 80.594 201.742 0.000
v 80.920 202.418 0.000
v 81.430 202.968 0.000
v 82.080 203.343 0.000
v 82.812 203.510 0.000
v 83.560 203.454 0.000
v 84.259 203.180 0.000
v 84.845 202.712 0.000
v 85.268 202.092 0.000
v 85.489 201.375 0.000
v 85.489 200.625 0.000
v 85.268 199.908 0.000
v 84.845 199.288 0.000
v 84.259 198.820 0.000
v 83.560 198.546 0.000
v 82.812 198.490 0.000
v 82.080 198.657 0.000
v 81.430 199.032 0.000
v 80.920 199.582 0.000
v 80.594 200.258 0.000
v 60.482 201.000 0.000
v 60.594 201.742 0.000
v 60.920 202.418 0.000
v 61.430 202.968 0.000
v 62.080 203.343 0.000
v 62.812 203.510 0.000
v 63.560 203.454 0.000
v 64.259 203.180 0.000
v 64.845 202.712 0.000
v 65.268 202.092 0.000
v 65.489 201.375 0.000
v 65.489 200.625 0.000
v 65.268 199.908 0.000
v 64.845 199.288 0.000
v 64.259 198.820 0.000
v 63.560 198.546 0.000
v 62.812 198.490 0.000
v 62.080 198.657 0.000
v 61.430 199.032 0.000
v 60.920 199.582 0.000
v 60.594 200.258 0.000
v 40.482 201.000 0.000
v 40.594 201.742 0.000
v 40.920 202.418 0.000
v 41.430 202.968 0.000
v 42.080 203.343 0.000
v 42.812 203.510 0.000
v 43.560 203.454 0.000
v 44.259 203.180 0.000
v 44.845 202.712 0.000
v 45.268 202.092 0.000
v 45.489 201.375 0.000
v 45.489 200.625 0.000
v 45.268 199.908 0.000
v 44.845 199.288 0.000
v 44.259 198.820 0.000
v 43.560 198.546 0.000
v 42.812 198.490 0.000
v 42.080 198.657 0.000
v 41.430 199.032 0.000
v 40.920 199.582 0.000
v 40.594 200.258 0.000
v 20.482 201.000 0.000
v 20.594 201.742 0.000
v 20.920 202.418 0.000
v 21.430 202.968 0.000
v 22.080 203.343 0.000
v 22.812 203.510 0.000
v 23.560 203.454 0.000
v 24.259 203.180 0.000
v 24.845 202.712 0.000
v 25.268 202.092 0.000
v 25.489 201.375 0.000
v 25.489 200.625 0.000
v 25.268 199.908 0.000
v 24.845 199.288 0.000
v 24.259 198.820 0.000
v 23.560 198.546 0.000
v 22.812 198.490 0.000
v 22.080 198.657 0.000
v 21.430 199.032 0.000
v 20.920 199.582 0.000
v 20.594 200.258 0.000
v 5.375 185.000 0.000
v 5.603 186.511 0.000
v 6.266 187.887 0.000
v 7.305 189.007 0.000
v 8.628 189.771 0.000
v 10.117 190.111 0.000
v 11.640 189.997 0.000
v 13.062 189.438 0.000
v 14.257 188.486 0.000
v 15.117 187.224 0.000
v 15.568 185.764 0.000
v 15.568 184.236 0.000
v 15.117 182.776 0.000
v 14.257 181.514 0.000
v 13.062 180.562 0.000
v 11.640 180.003 0.000
v 10.117 179.889 0.000
v 8.628 180.229 0.000
v 7.305 180.993 0.000
v 6.266 182.113 0.000
v 5.603 183.489 0.000
v 290.482 11.000 0.000
v 290.594 11.742 0.000
v 290.920 12.418 0.000
v 291.430 12.968 0.000
v 292.080 13.343 0.000
v 292.812 13.510 0.000
v 293.560 13.454 0.000
v 294.259 13.180 0.000
v 294.845 12.712 0.000
v 295.268 12.092 0.000
v 295.489 11.375 0.000
v 295.489 10.625 0.000
v 295.268 9.908 0.000
v 294.845 9.288 0.000
v 294.259 8.820 0.000
v 293.560 8.546 0.000
v 292.812 8.490 0.000
v 292.080 8.657 0.000
v 291.430 9.032 0.000
v 290.920 9.582 0.000
v 290.594 10.258 0.000
v 270.482 11.000 0.000
v 270.594 11.742 0.000
v 270.920 12.418 0.000
v 271.430 12.968 0.000
v 272.080 13.343 0.000
v 272.812 13.510 0.000
v 273.560 13.454 0.000
v 274.259 13.180 0.000
v 274.845 12.712 0.000
v 275.268 12.092 0.000
v 275.489 11.375 0.000
v 275.489 10.625 0.000
v 275.268 9.908 0.000
v 274.845 9.288 0.000
v 274.259 8.820 0.000
v 273.560 8.546 0.000
v 272.812 8.490 0.000
v 272.080 8.657 0.000
v 271.430 9.032 0.000
v 270.920 9.582 0.000
v 270.594 10.258 0.000
v 250.482 11.000 0.000
v 250.594 11.742 0.000
v 250.920 12.418 0.000
v 251.430 12.968 0.000
v 252.080 13.343 0.000
v 252.812 13.510 0.000
v 253.560 13.454 0.000
v 254.259 13.180 0.000
v 254.845 12.712 0.000
v 255.268 12.092 0.000
v 255.489 11.375 0.000
v 255.489 10.625 0.000
v 255.268 9.908 0.000
v 254.845 9.288 0.000
v 254.259 8.820 0.000
v 253.560 8.546 0.000
v 252.812 8.490 0.000
v 252.080 8.657 0.000
v 251.430 9.032 0.000
v 250.920 9.582 0.000
v 250.594 10.258 0.000
v 230.482 11.000 0.000
v 230.594 11.742 0.000
v 230.920 12.418 0.000
v 231.430 12.968 0.000
v 232.080 13.343 0.000
v 232.812 13.510 0.000
v 233.560 13.454 0.000
v 234.259 13.180 0.000
v 234.845 12.712 0.000
v 235.268 12.092 0.000
v 235.489 11.375 0.000
v 235.489 10.625 0.000
v 235.268 9.908 0.000
v 234.845 9.288 0.000
v 234.259 8.820 0.000
v 233.560 8.546 0.000
v 232.812 8.490 0.000
v 232.080 8.657 0.000
v 231.430 9.032 0.000
v 230.920 9.582 0.000
v 230.594 10.258 0.000
v 210.482 11.000 0.000
v 210.594 11.742 0.000
v 210.920 12.418 0.000
v 211.430 12.968 0.000
v 212.080 13.343 0.000
v 212.812 13.510 0.000
v 213.560 13.454 0.000
v 214.259 13.180 0.000
v 214.845 12.712 0.000
v 215.268 12.092 0.000
v 215.489 11.375 0.000
v 215.489 10.625 0.000
v 215.268 9.908 0.000
v 214.845 9.288 0.000
v 214.259 8.820 0.000
v 213.560 8.546 0.000
v 212.812 8.490 0.000
v 212.080 8.657 0.000
v 211.430 9.032 0.000
v 210.920 9.582 0.000
v 210.594 10.258 0.000
v 190.482 11.000 0.000
v 190.594 11.742 0.000
v 190.920 12.418 0.000
v 191.430 12.968 0.000
v 192.080 13.343 0.000
v 192.812 13.510 0.000
v 193.560 13.454 0.000
v 194.259 13.180 0.000
v 194.845 12.712 0.000
v 195.268 12.092 0.000
v 195.489 11.375 0.000
v 195.489 10.625 0.000
v 195.268 9.908 0.000
v 194.845 9.288 0.000
v 194.259 8.820 0.000
v 193.560 8.546 0.000
v 192.812 8.490 0.000
v 192.080 8.657 0.000
v 191.430 9.032 0.000
v 190.920 9.582 0.000
v 190.594 10.258 0.000
v 170.483 11.000 0.000
v 170.594 11.742 0.000
v 170.920 12.418 0.000
v 171.430 12.968 0.000
v 172.080 13.343 0.000
v 172.812 13.510 0.000
v 173.560 13.454 0.000
v 174.259 13.180 0.000
v 174.845 12.712 0.000
v 175.268 12.092 0.000
v 175.489 11.375 0.000
v 175.489 10.625 0.000
v 175.268 9.908 0.000
v 174.845 9.288 0.000
v 174.259 8.820 0.000
v 173.560 8.546 0.000
v 172.812 8.490 0.000
v 172.080 8.657 0.000
v 171.430 9.032 0.000
v 170.920 9.582 0.000
v 170.594 10.258 0.000
v 130.483 11.000 0.000
v 130.594 11.742 0.000
v 130.920 12.418 0.000
v 131.430 12.968 0.000
v 132.080 13.343 0.000
v 132.812 13.510 0.000
v 133.560 13.454 0.000
v 134.259 13.180 0.000
v 134.845 12.712 0.000
v 135.268 12.092 0.000
v 135.489 11.375 0.000
v 135.489 10.625 0.000
v 135.268 9.908 0.000
v 134.845 9.288 0.000
v 134.259 8.820 0.000
v 133.560 8.546 0.000
v 132.812 8.490 0.000
v 132.080 8.657 0.000
v 131.430 9.032 0.000
v 130.920 9.582 0.000
v 130.594 10.258 0.000
v 110.482 11.000 0.000
v 110.594 11.742 0.000
v 110.920 12.418 0.000
v 111.430 12.968 0.000
v 112.080 13.343 0.000
v 112.812 13.510 0.000
v 113.560 13.454 0.000
v 114.259 13.180 0.000
v 114.845 12.712 0.000
v 115.268 12.092 0.000
v 115.489 11.375 0.000
v 115.489 10.625 0.000
v 115.268 9.908 0.000
v 114.845 9.288 0.000
v 114.259 8.820 0.000
v 113.560 8.546 0.000
v 112.812 8.490 0.000
v 112.080 8.657 0.000
v 111.430 9.032 0.000
v 110.920 9.582 0.000
v 110.594 10.258 0.000
v 70.482 11.000 0.000
v 70.594 11.742 0.000
v 70.920 12.418 0.000
v 71.430 12.968 0.000
v 72.080 13.343 0.000
v 72.812 13.510 0.000
v 73.560 13.454 0.000
v 74.259 13.180 0.000
v 74.845 12.712 0.000
v 75.268 12.092 0.000
v 75.489 11.375 0.000
v 75.489 10.625 0.000
v 75.268 9.908 0.000
v 74.845 9.288 0.000
v 74.259 8.820 0.000
v 73.560 8.546 0.000
v 72.812 8.490 0.000
v 72.080 8.657 0.000
v 71.430 9.032 0.000
v 70.920 9.582 0.000
v 70.594 10.258 0.000
v 290.482 31.000 0.000
v 290.594 31.742 0.000
v 290.920 32.418 0.000
v 291.430 32.968 0.000
v 292.080 33.343 0.000
v 292.812 33.510 0.000
v 293.560 33.454 0.000
v 294.259 33.180 0.000
v 294.845 32.712 0.000
v 295.268 32.092 0.000
v 295.489 31.375 0.000
v 295.489 30.625 0.000
v 295.268 29.908 0.000
v 294.845 29.288 0.000
v 294.259 28.820 0.000
v 293.560 28.546 0.000
v 292.812 28.490 0.000
v 292.080 28.657 0.000
v 291.430 29.032 0.000
v 290.920 29.582 0.000
v 290.594 30.258 0.000
v 270.482 31.000 0.000
v 270.594 31.742 0.000
v 270.920 32.418 0.000
v 271.430 32.968 0.000
v 272.080 33.343 0.000
v 272.812 33.510 0.000
v 273.560 33.454 0.000
v 274.259 33.180 0.000
v 274.845 32.712 0.000
v 275.268 32.092 0.000
v 275.489 31.375 0.000
v 275.489 30.625 0.000
v 275.268 29.908 0.000
v 274.845 29.288 0.000
v 274.259 28.820 0.000
v 273.560 28.546 0.000
v 272.812 28.490 0.000
v 272.080 28.657 0.000
v 271.430 29.032 0.000
v 270.920 29.582 0.000
v 270.594 30.258 0.000
v 250.482 31.000 0.000
v 250.594 31.742 0.000
v 250.920 32.418 0.000
v 251.430 32.968 0.000
v 252.080 33.343 0.000
v 252.812 33.510 0.000
v 253.560 33.454 0.000
v 254.259 33.180 0.000
v 254.845 32.712 0.000
v 255.268 32.092 0.000
v 255.489 31.375 0.000
v 255.489 30.625 0.000
v 255.268 29.908 0.000
v 254.845 29.288 0.000
v 254.259 28.820 0.000
v 253.560 28.546 0.000
v 252.812 28.490 0.000
v 252.080 28.657 0.000
v 251.430 29.032 0.000
v 250.920 29.582 0.000
v 250.594 30.258 0.000
v 230.482 31.000 0.000
v 230.594 31.742 0.000
v 230.920 32.418 0.000
v 231.430 32.968 0.000
v 232.080 33.343 0.000
v 232.812 33.510 0.000
v 233.560 33.454 0.000
v 234.259 33.180 0.000
v 234.845 32.712 0.000
v 235.268 32.092 0.000
v 235.489 31.375 0.000
v 235.489 30.625 0.000
v 235.268 29.908 0.000
v 234.845 29.288 0.000
v 234.259 28.820 0.000
v 233.560 28.546 0.000
v 232.812 28.490 0.000
v 232.080 28.657 0.000
v 231.430 29.032 0.000
v 230.920 29.582 0.000
v 230.594 30.258 0.000
v 210.482 31.000 0.000
v 210.594 31.742 0.000
v 210.920 32.418 0.000
v 211.430 32.968 0.000
v 212.080 33.343 0.000
v 212.812 33.510 0.000
v 213.560 33.454 0.000
v 214.259 33.180 0.000
v 214.845 32.712 0.000
v 215.268 32.092 0.000
v 215.489 31.375 0.000
v 215.489 30.625 0.000
v 215.268 29.908 0.000
v 214.845 29.288 0.000
v 214.259 28.820 0.000
v 213.560 28.546 0.000
v 212.812 28.490 0.000
v 212.080 28.657 0.000
v 211.430 29.032 0.000
v 210.920 29.582 0.000
v 210.594 30.258 0.000
v 190.482 31.000 0.000
v 190.594 31.742 0.000
v 190.920 32.418 0.000
v 191.430 32.968 0.000
v 192.080 33.343 0.000
v 192.812 33.510 0.000
v 193.560 33.454 0.000
v 194.259 33.180 0.000
v 194.845 32.712 0.000
v 195.268 32.092 0.000
v 195.489 31.375 0.000
v 195.489 30.625 0.000
v 195.268 29.908 0.000
v 194.845 29.288 0.000
v 194.259 28.820 0.000
v 193.560 28.546 0.000
v 192.812 28.490 0.000
v 192.080 28.657 0.000
v 191.430 29.032 0.000
v 190.920 29.582 0.000
v 190.594 30.258 0.000
v 170.483 31.000 0.000
v 170.594 31.742 0.000
v 170.920 32.418 0.000
v 171.430 32.968 0.000
v 172.080 33.343 0.000
v 172.812 33.510 0.000
v 173.560 33.454 0.000
v 174.259 33.180 0.000
v 174.845 32.712 0.000
v 175.268 32.092 0.000
v 175.489 31.375 0.000
v 175.489 30.625 0.000
v 175.268 29.908 0.000
v 174.845 29.288 0.000
v 174.259 28.820 0.000
v 173.560 28.546 0.000
v 172.812 28.490 0.000
v 172.080 28.657 0.000
v 171.430 29.032 0.000
v 170.920 29.582 0.000
v 170.594 30.258 0.000
v 150.482 31.000 0.000
v 150.594 31.742 0.000
v 150.920 32.418 0.000
v 151.430 32.968 0.000
v 152.080 33.343 0.000
v 152.812 33.510 0.000
v 153.560 33.454 0.000
v 154.259 33.180 0.000
v 154.845 32.712 0.000
v 155.268 32.092 0.000
v 155.489 31.375 0.000
v 155.489 30.625 0.000
v 155.268 29.908 0.000
v 154.845 29.288 0.000
v 154.259 28.820 0.000
v 153.560 28.546 0.000
v 152.812 28.490 0.000
v 152.080 28.657 0.000
v 151.430 29.032 0.000
v 150.920 29.582 0.000
v 150.594 30.258 0.000
v 130.483 31.000 0.000
v 130.594 31.742 0.000
v 130.920 32.418 0.000
v 131.430 32.968 0.000
v 132.080 33.343 0.000
v 132.812 33.510 0.000
v 133.560 33.454 0.000
v 134.259 33.180 0.000
v 134.845 32.712 0.000
v 135.268 32.092 0.000
v 135.489 31.375 0.000
v 135.489 30.625 0.000
v 135.268 29.908 0.000
v 134.845 29.288 0.000
v 134.259 28.820 0.000
v 133.560 28.546 0.000
v 132.812 28.490 0.000
v 132.080 28.657 0.000
v 131.430 29.032 0.000
v 130.920 29.582 0.000
v 130.594 30.258 0.000
v 110.482 31.000 0.000
v 110.594 31.742 0.000
v 110.920 32.418 0.000
v 111.430 32.968 0.000
v 112.080 33.343 0.000
v 112.812 33.510 0.000
v 113.560 33.454 0.000
v 114.259 33.180 0.000
v 114.845 32.712 0.000
v 115.268 32.092 0.000
v 115.489 31.375 0.000
v 115.489 30.625 0.000
v 115.268 29.908 0.000
v 114.845 29.288 0.000
v 114.259 28.820 0.000
v 113.560 28.546 0.000
v 112.812 28.490 0.000
v 112.080 28.657 0.000
v 111.430 29.032 0.000
v 110.920 29.582 0.000
v 110.594 30.258 0.000
v 90.482 31.000 0.000
v 90.594 31.742 0.000
v 90.920 32.418 0.000
v 91.430 32.968 0.000
v 92.080 33.343 0.000
v 92.812 33.510 0.000
v 93.560 33.454 0.000
v 94.259 33.180 0.000
v 94.845 32.712 0.000
v 95.268 32.092 0.000
v 95.489 31.375 0.000
v 95.489 30.625 0.000
v 95.268 29.908 0.000
v 94.845 29.288 0.000
v 94.259 28.820 0.000
v 93.560 28.546 0.000
v 92.812 28.490 0.000
v 92.080 28.657 0.000
v 91.430 29.032 0.000
v 90.920 29.582 0.000
v 90.594 30.258 0.000
v 70.482 31.000 0.000
v 70.594 31.742 0.000
v 70.920 32.418 0.000
v 71.430 32.968 0.000
v 72.080 33.343 0.000
v 72.812 33.510 0.000
v 73.560 33.454 0.000
v 74.259 33.180 0.000
v 74.845 32.712 0.000
v 75.268 32.092 0.000
v 75.489 31.375 0.000
v 75.489 30.625 0.000
v 75.268 29.908 0.000
v 74.845 29.288 0.000
v 74.259 28.820 0.000
v 73.560 28.546 0.000
v 72.812 28.490 0.000
v 72.080 28.657 0.000
v 71.430 29.032 0.000
v 70.920 29.582 0.000
v 70.594 30.258 0.000
v 50.482 31.000 0.000
v 50.594 31.742 0.000
v 50.920 32.418 0.000
v 51.430 32.968 0.000
v 52.080 33.343 0.000
v 52.812 33.510 0.000
v 53.560 33.454 0.000
v 54.259 33.180 0.000
v 54.845 32.712 0.000
v 55.268 32.092 0.000
v 55.489 31.375 0.000
v 55.489 30.625 0.000
v 55.268 29.908 0.000
v 54.845 29.288 0.000
v 54.259 28.820 0.000
v 53.560 28.546 0.000
v 52.812 28.490 0.000
v 52.080 28.657 0.000
v 51.430 29.032 0.000
v 50.920 29.582 0.000
v 50.594 30.258 0.000
v 30.482 31.000 0.000
v 30.594 31.742 0.000
v 30.920 32.418 0.000
v 31.430 32.968 0.000
v 32.080 33.343 0.000
v 32.812 33.510 0.000
v 33.560 33.454 0.000
v 34.259 33.180 0.000
v 34.845 32.712 0.000
v 35.268 32.092 0.000
v 35.489 31.375 0.000
v 35.489 30.625 0.000
v 35.268 29.908 0.000
v 34.845 29.288 0.000
v 34.259 28.820 0.000
v 33.560 28.546 0.000
v 32.812 28.490 0.000
v 32.080 28.657 0.000
v 31.430 29.032 0.000
v 30.920 29.582 0.000
v 30.594 30.258 0.000
v 10.482 31.000 0.000
v 10.594 31.742 0.000
v 10.920 32.418 0.000
v 11.430 32.968 0.000
v 12.080 33.343 0.000
v 12.812 33.510 0.000
v 13.560 33.454 0.000
v 14.259 33.180 0.000
v 14.845 32.712 0.000
v 15.268 32.092 0.000
v 15.489 31.375 0.000
v 15.489 30.625 0.000
v 15.268 29.908 0.000
v 14.845 29.288 0.000
v 14.259 28.820 0.000
v 13.560 28.546 0.000
v 12.812 28.490 0.000
v 12.080 28.657 0.000
v 11.430 29.032 0.000
v 10.920 29.582 0.000
v 10.594 30.258 0.000
v 290.482 51.000 0.000
v 290.594 51.742 0.000
v 290.920 52.418 0.000
v 291.430 52.968 0.000
v 292.080 53.343 0.000
v 292.812 53.510 0.000
v 293.560 53.454 0.000
v 294.259 53.180 0.000
v 294.845 52.712 0.000
v 295.268 52.092 0.000
v 295.489 51.375 0.000
v 295.489 50.625 0.000
v 295.268 49.908 0.000
v 294.845 49.288 0.000
v 294.259 48.820 0.000
v 293.560 48.546 0.000
v 292.812 48.490 0.000
v 292.080 48.657 0.000
v 291.430 49.032 0.000
v 290.920 49.582 0.000
v 290.594 50.258 0.000
v 270.482 51.000 0.000
v 270.594 51.742 0.000
v 270.920 52.418 0.000
v 271.430 52.968 0.000
v 272.080 53.343 0.000
v 272.812 53.510 0.000
v 273.560 53.454 0.000
v 274.259 53.180 0.000
v 274.845 52.712 0.000
v 275.268 52.092 0.000
v 275.489 51.375 0.000
v 275.489 50.625 0.000
v 275.268 49.908 0.000
v 274.845 49.288 0.000
v 274.259 48.820 0.000
v 273.560 48.546 0.000
v 272.812 48.490 0.000
v 272.080 48.657 0.000
v 271.430 49.032 0.000
v 270.920 49.582 0.000
v 270.594 50.258 0.000
v 250.482 51.000 0.000
v 250.594 51.742 0.000
v 250.920 52.418 0.000
v 251.430 52.968 0.000
v 252.080 53.343 0.000
v 252.812 53.510 0.000
v 253.560 53.454 0.000
v 254.259 53.180 0.000
v 254.845 52.712 0.000
v 255.268 52.092 0.000
v 255.489 51.375 0.000
v 255.489 50.625 0.000
v 255.268 49.908 0.000
v 254.845 49.288 0.000
v 254.259 48.820 0.000
v 253.560 48.546 0.000
v 252.812 48.490 0.000
v 252.080 48.657 0.000
v 251.430 49.032 0.000
v 250.920 49.582 0.000
v 250.594 50.258 0.000
v 230.482 51.000 0.000
v 230.594 51.742 0.000
v 230.920 52.418 0.000
v 231.430 52.968 0.000
v 232.080 53.343 0.000
v 232.812 53.510 0.000
v 233.560 53.454 0.000
v 234.259 53.180 0.000
v 234.845 52.712 0.000
v 235.268 52.092 0.000
v 235.489 51.375 0.000
v 235.489 50.625 0.000
v 235.268 49.908 0.000
v 234.845 49.288 0.000
v 234.259 48.820 0.000
v 233.560 48.546 0.000
v 232.812 48.490 0.000
v 232.080 48.657 0.000
v 231.430 49.032 0.000
v 230.920 49.582 0.000
v 230.594 50.258 0.000
v 210.482 51.000 0.000
v 210.594 51.742 0.000
v 210.920 52.418 0.000
v 211.430 52.968 0.000
v 212.080 53.343 0.000
v 212.812 53.510 0.000
v 213.560 53.454 0.000
v 214.259 53.180 0.000
v 214.845 52.712 0.000
v 215.268 52.092 0.000
v 215.489 51.375 0.000
v 215.489 50.625 0.000
v 215.268 49.908 0.000
v 214.845 49.288 0.000
v 214.259 48.820 0.000
v 213.560 48.546 0.000
v 212.812 48.490 0.000
v 212.080 48.657 0.000
v 211.430 49.032 0.000
v 210.920 49.582 0.000
v 210.594 50.258 0.000
v 190.482 51.000 0.000
v 190.594 51.742 0.000
v 190.920 52.418 0.000
v 191.430 52.968 0.000
v 192.080 53.343 0.000
v 192.812 53.510 0.000
v 193.560 53.454 0.000
v 194.259 53.180 0.000
v 194.845 52.712 0.000
v 195.268 52.092 0.000
v 195.489 51.375 0.000
v 195.489 50.625 0.000
v 195.268 49.908 0.000
v 194.845 49.288 0.000
v 194.259 48.820 0.000
v 193.560 48.546 0.000
v 192.812 48.490 0.000
v 192.080 48.657 0.000
v 191.430 49.032 0.000
v 190.920 49.582 0.000
v 190.594 50.258 0.000
v 90.482 51.000 0.000
v 90.594 51.742 0.000
v 90.920 52.418 0.000
v 91.430 52.968 0.000
v 92.080 53.343 0.000
v 92.812 53.510 0.000
v 93.560 53.454 0.000
v 94.259 53.180 0.000
v 94.845 52.712 0.000
v 95.268 52.092 0.000
v 95.489 51.375 0.000
v 95.489 50.625 0.000
v 95.268 49.908 0.000
v 94.845 49.288 0.000
v 94.259 48.820 0.000
v 93.560 48.546 0.000
v 92.812 48.490 0.000
v 92.080 48.657 0.000
v 91.430 49.032 0.000
v 90.920 49.582 0.000
v 90.594 50.258 0.000
v 70.482 51.000 0.000
v 70.594 51.742 0.000
v 70.920 52.418 0.000
v 71.430 52.968 0.000
v 72.080 53.343 0.000
v 72.812 53.510 0.000
v 73.560 53.454 0.000
v 74.259 53.180 0.000
v 74.845 52.712 0.000
v 75.268 52.092 0.000
v 75.489 51.375 0.000
v 75.489 50.625 0.000
v 75.268 49.908 0.000
v 74.845 49.288 0.000
v 74.259 48.820 0.000
v 73.560 48.546 0.000
v 72.812 48.490 0.000
v 72.080 48.657 0.000
v 71.430 49.032 0.000
v 70.920 49.582 0.000
v 70.594 50.258 0.000
v 50.482 51.000 0.000
v 50.594 51.742 0.000
v 50.920 52.418 0.000
v 51.430 52.968 0.000
v 52.080 53.343 0.000
v 52.812 53.510 0.000
v 53.560 53.454 0.000
v 54.259 53.180 0.000
v 54.845 52.712 0.000
v 55.268 52.092 0.000
v 55.489 51.375 0.000
v 55.489 50.625 0.000
v 55.268 49.908 0.000
v 54.845 49.288 0.000
v 54.259 48.820 0.000
v 53.560 48.546 0.000
v 52.812 48.490 0.000
v 52.080 48.657 0.000
v 51.430 49.032 0.000
v 50.920 49.582 0.000
v 50.594 50.258 0.000
v 30.482 51.000 0.000
v 30.594 51.742 0.000
v 30.920 52.418 0.000
v 31.430 52.968 0.000
v 32.080 53.343 0.000
v 32.812 53.510 0.000
v 33.560 53.454 0.000
v 34.259 53.180 0.000
v 34.845 52.712 0.000
v 35.268 52.092 0.000
v 35.489 51.375 0.000
v 35.489 50.625 0.000
v 35.268 49.908 0.000
v 34.845 49.288 0.000
v 34.259 48.820 0.000
v 33.560 48.546 0.000
v 32.812 48.490 0.000
v 32.080 48.657 0.000
v 31.430 49.032 0.000
v 30.920 49.582 0.000
v 30.594 50.258 0.000
v 290.482 71.000 0.000
v 290.594 71.742 0.000
v 290.920 72.418 0.000
v 291.430 72.968 0.000
v 292.080 73.343 0.000
v 292.812 73.510 0.000
v 293.560 73.454 0.000
v 294.259 73.180 0.000
v 294.845 72.712 0.000
v 295.268 72.092 0.000
v 295.489 71.375 0.000
v 295.489 70.625 0.000
v 295.268 69.908 0.000
v 294.845 69.288 0.000
v 294.259 68.820 0.000
v 293.560 68.546 0.000
v 292.812 68.490 0.000
v 292.080 68.657 0.000
v 291.430 69.032 0.000
v 290.920 69.582 0.000
v 290.594 70.258 0.000
v 270.482 71.000 0.000
v 270.594 71.742 0.000
v 270.920 72.418 0.000
v 271.430 72.968 0.000
v 272.080 73.343 0.000
v 272.812 73.510 0.000
v 273.560 73.454 0.000
v 274.259 73.180 0.000
v 274.845 72.712 0.000
v 275.268 72.092 0.000
v 275.489 71.375 0.000
v 275.489 70.625 0.000
v 275.268 69.908 0.000
v 274.845 69.288 0.000
v 274.259 68.820 0.000
v 273.560 68.546 0.000
v 272.812 68.490 0.000
v 272.080 68.657 0.000
v 271.430 69.032 0.000
v 270.920 69.582 0.000
v 270.594 70.258 0.000
v 230.482 71.000 0.000
v 230.594 71.742 0.000
v 230.920 72.418 0.000
v 231.430 72.968 0.000
v 232.080 73.343 0.000
v 232.812 73.510 0.000
v 233.560 73.454 0.000
v 234.259 73.180 0.000
v 234.845 72.712 0.000
v 235.268 72.092 0.000
v 235.489 71.375 0.000
v 235.489 70.625 0.000
v 235.268 69.908 0.000
v 234.845 69.288 0.000
v 234.259 68.820 0.000
v 233.560 68.546 0.000
v 232.812 68.490 0.000
v 232.080 68.657 0.000
v 231.430 69.032 0.000
v 230.920 69.582 0.000
v 230.594 70.258 0.000
v 210.482 71.000 0.000
v 210.594 71.742 0.000
v 210.920 72.418 0.000
v 211.430 72.968 0.000
v 212.080 73.343 0.000
v 212.812 73.510 0.000
v 213.560 73.454 0.000
v 214.259 73.180 0.000
v 214.845 72.712 0.000
v 215.268 72.092 0.000
v 215.489 71.375 0.000
v 215.489 70.625 0.000
v 215.268 69.908 0.000
v 214.845 69.288 0.000
v 214.259 68.820 0.000
v 213.560 68.546 0.000
v 212.812 68.490 0.000
v 212.080 68.657 0.000
v 211.430 69.032 0.000
v 210.920 69.582 0.000
v 210.594 70.258 0.000
v 190.482 71.000 0.000
v 190.594 71.742 0.000
v 190.920 72.418 0.000
v 191.430 72.968 0.000
v 192.080 73.343 0.000
v 192.812 73.510 0.000
v 193.560 73.454 0.000
v 194.259 73.180 0.000
v 194.845 72.712 0.000
v 195.268 72.092 0.000
v 195.489 71.375 0.000
v 195.489 70.625 0.000
v 195.268 69.908 0.000
v 194.845 69.288 0.000
v 194.259 68.820 0.000
v 193.560 68.546 0.000
v 192.812 68.490 0.000
v 192.080 68.657 0.000
v 191.430 69.032 0.000
v 190.920 69.582 0.000
v 190.594 70.258 0.000
v 150.482 71.000 0.000
v 150.594 71.742 0.000
v 150.920 72.418 0.000
v 151.430 72.968 0.000
v 152.080 73.343 0.000
v 152.812 73.510 0.000
v 153.560 73.454 0.000
v 154.259 73.180 0.000
v 154.845 72.712 0.000
v 155.268 72.092 0.000
v 155.489 71.375 0.000
v 155.489 70.625 0.000
v 155.268 69.908 0.000
v 154.845 69.288 0.000
v 154.259 68.820 0.000
v 153.560 68.546 0.000
v 152.812 68.490 0.000
v 152.080 68.657 0.000
v 151.430 69.032 0.000
v 150.920 69.582 0.000
v 150.594 70.258 0.000
v 130.483 71.000 0.000
v 130.594 71.742 0.000
v 130.920 72.418 0.000
v 131.430 72.968 0.000
v 132.080 73.343 0.000
v 132.812 73.510 0.000
v 133.560 73.454 0.000
v 134.259 73.180 0.000
v 134.845 72.712 0.000
v 135.268 72.092 0.000
v 135.489 71.375 0.000
v 135.489 70.625 0.000
v 135.268 69.908 0.000
v 134.845 69.288 0.000
v 134.259 68.820 0.000
v 133.560 68.546 0.000
v 132.812 68.490 0.000
v 132.080 68.657 0.000
v 131.430 69.032 0.000
v 130.920 69.582 0.000
v 130.594 70.258 0.000
v 110.482 71.000 0.000
v 110.594 71.742 0.000
v 110.920 72.418 0.000
v 111.430 72.968 0.000
v 112.080 73.343 0.000
v 112.812 73.510 0.000
v 113.560 73.454 0.000
v 114.259 73.180 0.000
v 114.845 72.712 0.000
v 115.268 72.092 0.000
v 115.489 71.375 0.000
v 115.489 70.625 0.000
v 115.268 69.908 0.000
v 114.845 69.288 0.000
v 114.259 68.820 0.000
v 113.560 68.546 0.000
v 112.812 68.490 0.000
v 112.080 68.657 0.000
v 111.430 69.032 0.000
v 110.920 69.582 0.000
v 110.594 70.258 0.000
v 50.482 71.000 0.000
v 50.594 71.742 0.000
v 50.920 72.418 0.000
v 51.430 72.968 0.000
v 52.080 73.343 0.000
v 52.812 73.510 0.000
v 53.560 73.454 0.000
v 54.259 73.180 0.000
v 54.845 72.712 0.000
v 55.268 72.092 0.000
v 55.489 71.375 0.000
v 55.489 70.625 0.000
v 55.268 69.908 0.000
v 54.845 69.288 0.000
v 54.259 68.820 0.000
v 53.560 68.546 0.000
v 52.812 68.490 0.000
v 52.080 68.657 0.000
v 51.430 69.032 0.000
v 50.920 69.582 0.000
v 50.594 70.258 0.000
v 30.482 71.000 0.000
v 30.594 71.742 0.000
v 30.920 72.418 0.000
v 31.430 72.968 0.000
v 32.080 73.343 0.000
v 32.812 73.510 0.000
v 33.560 73.454 0.000
v 34.259 73.180 0.000
v 34.845 72.712 0.000
v 35.268 72.092 0.000
v 35.489 71.375 0.000
v 35.489 70.625 0.000
v 35.268 69.908 0.000
v 34.845 69.288 0.000
v 34.259 68.820 0.000
v 33.560 68.546 0.000
v 32.812 68.490 0.000
v 32.080 68.657 0.000
v 31.430 69.032 0.000
v 30.920 69.582 0.000
v 30.594 70.258 0.000
v 10.482 71.000 0.000
v 10.594 71.742 0.000
v 10.920 72.418 0.000
v 11.430 72.968 0.000
v 12.080 73.343 0.000
v 12.812 73.510 0.000
v 13.560 73.454 0.000
v 14.259 73.180 0.000
v 14.845 72.712 0.000
v 15.268 72.092 0.000
v 15.489 71.375 0.000
v 15.489 70.625 0.000
v 15.268 69.908 0.000
v 14.845 69.288 0.000
v 14.259 68.820 0.000
v 13.560 68.546 0.000
v 12.812 68.490 0.000
v 12.080 68.657 0.000
v 11.430 69.032 0.000
v 10.920 69.582 0.000
v 10.594 70.258 0.000
v 270.482 91.000 0.000
v 270.594 91.742 0.000
v 270.920 92.418 0.000
v 271.430 92.968 0.000
v 272.080 93.343 0.000
v 272.812 93.510 0.000
v 273.560 93.454 0.000
v 274.259 93.180 0.000
v 274.845 92.712 0.000
v 275.268 92.092 0.000
v 275.489 91.375 0.000
v 275.489 90.625 0.000
v 275.268 89.908 0.000
v 274.845 89.288 0.000
v 274.259 88.820 0.000
v 273.560 88.546 0.000
v 272.812 88.490 0.000
v 272.080 88.657 0.000
v 271.430 89.032 0.000
v 270.920 89.582 0.000
v 270.594 90.258 0.000
v 250.482 91.000 0.000
v 250.594 91.742 0.000
v 250.920 92.418 0.000
v 251.430 92.968 0.000
v 252.080 93.343 0.000
v 252.812 93.510 0.000
v 253.560 93.454 0.000
v 254.259 93.180 0.000
v 254.845 92.712 0.000
v 255.268 92.092 0.000
v 255.489 91.375 0.000
v 255.489 90.625 0.000
v 255.268 89.908 0.000
v 254.845 89.288 0.000
v 254.259 88.820 0.000
v 253.560 88.546 0.000
v 252.812 88.490 0.000
v 252.080 88.657 0.000
v 251.430 89.032 0.000
v 250.920 89.582 0.000
v 250.594 90.258 0.000
v 230.482 91.000 0.000
v 230.594 91.742 0.000
v 230.920 92.418 0.000
v 231.430 92.968 0.000
v 232.080 93.343 0.000
v 232.812 93.510 0.000
v 233.560 93.454 0.000
v 234.259 93.180 0.000
v 234.845 92.712 0.000
v 235.268 92.092 0.000
v 235.489 91.375 0.000
v 235.489 90.625 0.000
v 235.268 89.908 0.000
v 234.845 89.288 0.000
v 234.259 88.820 0.000
v 233.560 88.546 0.000
v 232.812 88.490 0.000
v 232.080 88.657 0.000
v 231.430 89.032 0.000
v 230.920 89.582 0.000
v 230.594 90.258 0.000
v 210.482 91.000 0.000
v 210.594 91.742 0.000
v 210.920 92.418 0.000
v 211.430 92.968 0.000
v 212.080 93.343 0.000
v 212.812 93.510 0.000
v 213.560 93.454 0.000
v 214.259 93.180 0.000
v 214.845 92.712 0.000
v 215.268 92.092 0.000
v 215.489 91.375 0.000
v 215.489 90.625 0.000
v 215.268 89.908 0.000
v 214.845 89.288 0.000
v 214.259 88.820 0.000
v 213.560 88.546 0.000
v 212.812 88.490 0.000
v 212.080 88.657 0.000
v 211.430 89.032 0.000
v 210.920 89.582 0.000
v 210.594 90.258 0.000
v 190.482 91.000 0.000
v 190.594 91.742 0.000
v 190.920 92.418 0.000
v 191.430 92.968 0.000
v 192.080 93.343 0.000
v 192.812 93.510 0.000
v 193.560 93.454 0.000
v 194.259 93.180 0.000
v 194.845 92.712 0.000
v 195.268 92.092 0.000
v 195.489 91.375 0.000
v 195.489 90.625 0.000
v 195.268 89.908 0.000
v 194.845 89.288 0.000
v 194.259 88.820 0.000
v 193.560 88.546 0.000
v 192.812 88.490 0.000
v 192.080 88.657 0.000
v 191.430 89.032 0.000
v 190.920 89.582 0.000
v 190.594 90.258 0.000
v 170.483 91.000 0.000
v 170.594 91.742 0.000
v 170.920 92.418 0.000
v 171.430 92.968 0.000
v 172.080 93.343 0.000
v 172.812 93.510 0.000
v 173.560 93.454 0.000
v 174.259 93.180 0.000
v 174.845 92.712 0.000
v 175.268 92.092 0.000
v 175.489 91.375 0.000
v 175.489 90.625 0.000
v 175.268 89.908 0.000
v 174.845 89.288 0.000
v 174.259 88.820 0.000
v 173.560 88.546 0.000
v 172.812 88.490 0.000
v 172.080 88.657 0.000
v 171.430 89.032 0.000
v 170.920 89.582 0.000
v 170.594 90.258 0.000
v 150.482 91.000 0.000
v 150.594 91.742 0.000
v 150.920 92.418 0.000
v 151.430 92.968 0.000
v 152.080 93.343 0.000
v 152.812 93.510 0.000
v 153.560 93.454 0.000
v 154.259 93.180 0.000
v 154.845 92.712 0.000
v 155.268 92.092 0.000
v 155.489 91.375 0.000
v 155.489 90.625 0.000
v 155.268 89.908 0.000
v 154.845 89.288 0.000
v 154.259 88.820 0.000
v 153.560 88.546 0.000
v 152.812 88.490 0.000
v 152.080 88.657 0.000
v 151.430 89.032 0.000
v 150.920 89.582 0.000
v 150.594 90.258 0.000
v 130.483 91.000 0.000
v 130.594 91.742 0.000
v 130.920 92.418 0.000
v 131.430 92.968 0.000
v 132.080 93.343 0.000
v 132.812 93.510 0.000
v 133.560 93.454 0.000
v 134.259 93.180 0.000
v 134.845 92.712 0.000
v 135.268 92.092 0.000
v 135.489 91.375 0.000
v 135.489 90.625 0.000
v 135.268 89.908 0.000
v 134.845 89.288 0.000
v 134.259 88.820 0.000
v 133.560 88.546 0.000
v 132.812 88.490 0.000
v 132.080 88.657 0.000
v 131.430 89.032 0.000
v 130.920 89.582 0.000
v 130.594 90.258 0.000
v 110.482 91.000 0.000
v 110.594 91.742 0.000
v 110.920 92.418 0.000
v 111.430 92.968 0.000
v 112.080 93.343 0.000
v 112.812 93.510 0.000
v 113.560 93.454 0.000
v 114.259 93.180 0.000
v 114.845 92.712 0.000
v 115.268 92.092 0.000
v 115.489 91.375 0.000
v 115.489 90.625 0.000
v 115.268 89.908 0.000
v 114.845 89.288 0.000
v 114.259 88.820 0.000
v 113.560 88.546 0.000
v 112.812 88.490 0.000
v 112.080 88.657 0.000
v 111.430 89.032 0.000
v 110.920 89.582 0.000
v 110.594 90.258 0.000
v 70.482 91.000 0.000
v 70.594 91.742 0.000
v 70.920 92.418 0.000
v 71.430 92.968 0.000
v 72.080 93.343 0.000
v 72.812 93.510 0.000
v 73.560 93.454 0.000
v 74.259 93.180 0.000
v 74.845 92.712 0.000
v 75.268 92.092 0.000
v 75.489 91.375 0.000
v 75.489 90.625 0.000
v 75.268 89.908 0.000
v 74.845 89.288 0.000
v 74.259 88.820 0.000
v 73.560 88.546 0.000
v 72.812 88.490 0.000
v 72.080 88.657 0.000
v 71.430 89.032 0.000
v 70.920 89.582 0.000
v 70.594 90.258 0.000
v 50.482 91.000 0.000
v 50.594 91.742 0.000
v 50.920 92.418 0.000
v 51.430 92.968 0.000
v 52.080 93.343 0.000
v 52.812 93.510 0.000
v 53.560 93.454 0.000
v 54.259 93.180 0.000
v 54.845 92.712 0.000
v 55.268 92.092 0.000
v 55.489 91.375 0.000
v 55.489 90.625 0.000
v 55.268 89.908 0.000
v 54.845 89.288 0.000
v 54.259 88.820 0.000
v 53.560 88.546 0.000
v 52.812 88.490 0.000
v 52.080 88.657 0.000
v 51.430 89.032 0.000
v 50.920 89.582 0.000
v 50.594 90.258 0.000
v 30.482 91.000 0.000
v 30.594 91.742 0.000
v 30.920 92.418 0.000
v 31.430 92.968 0.000
v 32.080 93.343 0.000
v 32.812 93.510 0.000
v 33.560 93.454 0.000
v 34.259 93.180 0.000
v 34.845 92.712 0.000
v 35.268 92.092 0.000
v 35.489 91.375 0.000
v 35.489 90.625 0.000
v 35.268 89.908 0.000
v 34.845 89.288 0.000
v 34.259 88.820 0.000
v 33.560 88.546 0.000
v 32.812 88.490 0.000
v 32.080 88.657 0.000
v 31.430 89.032 0.000
v 30.920 89.582 0.000
v 30.594 90.258 0.000
v 290.482 111.000 0.000
v 290.594 111.742 0.000
v 290.920 112.418 0.000
v 291.430 112.968 0.000
v 292.080 113.343 0.000
v 292.812 113.510 0.000
v 293.560 113.454 0.000
v 294.259 113.180 0.000
v 294.845 112.712 0.000
v 295.268 112.092 0.000
v 295.489 111.375 0.000
v 295.489 110.625 0.000
v 295.268 109.908 0.000
v 294.845 109.288 0.000
v 294.259 108.820 0.000
v 293.560 108.546 0.000
v 292.812 108.490 0.000
v 292.080 108.657 0.000
v 291.430 109.032 0.000
v 290.920 109.582 0.000
v 290.594 110.258 0.000
v 270.482 111.000 0.000
v 270.594 111.742 0.000
v 270.920 112.418 0.000
v 271.430 112.968 0.000
v 272.080 113.343 0.000
v 272.812 113.510 0.000
v 273.560 113.454 0.000
v 274.259 113.180 0.000
v 274.845 112.712 0.000
v 275.268 112.092 0.000
v 275.489 111.375 0.000
v 275.489 110.625 0.000
v 275.268 109.908 0.000
v 274.845 109.288 0.000
v 274.259 108.820 0.000
v 273.560 108.546 0.000
v 272.812 108.490 0.000
v 272.080 108.657 0.000
v 271.430 109.032 0.000
v 270.920 109.582 0.000
v 270.594 110.258 0.000
v 250.482 111.000 0.000
v 250.594 111.742 0.000
v 250.920 112.418 0.000
v 251.430 112.968 0.000
v 252.080 113.343 0.000
v 252.812 113.510 0.000
v 253.560 113.454 0.000
v 254.259 113.180 0.000
v 254.845 112.712 0.000
v 255.268 112.092 0.000
v 255.489 111.375 0.000
v 255.489 110.625 0.000
v 255.268 109.908 0.000
v 254.845 109.288 0.000
v 254.259 108.820 0.000
v 253.560 108.546 0.000
v 252.812 108.490 0.000
v 252.080 108.657 0.000
v 251.430 109.032 0.000
v 250.920 109.582 0.000
v 250.594 110.258 0.000
v 230.482 111.000 0.000
v 230.594 111.742 0.000
v 230.920 112.418 0.000
v 231.430 112.968 0.000
v 232.080 113.343 0.000
v 232.812 113.510 0.000
v 233.560 113.454 0.000
v 234.259 113.180 0.000
v 234.845 112.712 0.000
v 235.268 112.092 0.000
v 235.489 111.375 0.000
v 235.489 110.625 0.000
v 235.268 109.908 0.000
v 234.845 109.288 0.000
v 234.259 108.820 0.000
v 233.560 108.546 0.000
v 232.812 108.490 0.000
v 232.080 108.657 0.000
v 231.430 109.032 0.000
v 230.920 109.582 0.000
v 230.594 110.258 0.000
v 210.482 111.000 0.000
v 210.594 111.742 0.000
v 210.920 112.418 0.000
v 211.430 112.968 0.000
v 212.080 113.343 0.000
v 212.812 113.510 0.000
v 213.560 113.454 0.000
v 214.259 113.180 0.000
v 214.845 112.712 0.000
v 215.268 112.092 0.000
v 215.489 111.375 0.000
v 215.489 110.625 0.000
v 215.268 109.908 0.000
v 214.845 109.288 0.000
v 214.259 108.820 0.000
v 213.560 108.546 0.000
v 212.812 108.490 0.000
v 212.080 108.657 0.000
v 211.430 109.032 0.000
v 210.920 109.582 0.000
v 210.594 110.258 0.000
v 190.482 111.000 0.000
v 190.594 111.742 0.000
v 190.920 112.418 0.000
v 191.430 112.968 0.000
v 192.080 113.343 0.000
v 192.812 113.510 0.000
v 193.560 113.454 0.000
v 194.259 113.180 0.000
v 194.845 112.712 0.000
v 195.268 112.092 0.000
v 195.489 111.375 0.000
v 195.489 110.625 0.000
v 195.268 109.908 0.000
v 194.845 109.288 0.000
v 194.259 108.820 0.000
v 193.560 108.546 0.000
v 192.812 108.490 0.000
v 192.080 108.657 0.000
v 191.430 109.032 0.000
v 190.920 109.582 0.000
v 190.594 110.258 0.000
v 170.483 111.000 0.000
v 170.594 111.742 0.000
v 170.920 112.418 0.000
v 171.430 112.968 0.000
v 172.080 113.343 0.000
v 172.812 113.510 0.000
v 173.560 113.454 0.000
v 174.259 113.180 0.000
v 174.845 112.712 0.000
v 175.268 112.092 0.000
v 175.489 111.375 0.000
v 175.489 110.625 0.000
v 175.268 109.908 0.000
v 174.845 109.288 0.000
v 174.259 108.820 0.000
v 173.560 108.546 0.000
v 172.812 108.490 0.000
v 172.080 108.657 0.000
v 171.430 109.032 0.000
v 170.920 109.582 0.000
v 170.594 110.258 0.000
v 150.482 111.000 0.000
v 150.594 111.742 0.000
v 150.920 112.418 0.000
v 151.430 112.968 0.000
v 152.080 113.343 0.000
v 152.812 113.510 0.000
v 153.560 113.454 0.000
v 154.259 113.180 0.000
v 154.845 112.712 0.000
v 155.268 112.092 0.000
v 155.489 111.375 0.000
v 155.489 110.625 0.000
v 155.268 109.908 0.000
v 154.845 109.288 0.000
v 154.259 108.820 0.000
v 153.560 108.546 0.000
v 152.812 108.490 0.000
v 152.080 108.657 0.000
v 151.430 109.032 0.000
v 150.920 109.582 0.000
v 150.594 110.258 0.000
v 130.483 111.000 0.000
v 130.594 111.742 0.000
v 130.920 112.418 0.000
v 131.430 112.968 0.000
v 132.080 113.343 0.000
v 132.812 113.510 0.000
v 133.560 113.454 0.000
v 134.259 113.180 0.000
v 134.845 112.712 0.000
v 135.268 112.092 0.000
v 135.489 111.375 0.000
v 135.489 110.625 0.000
v 135.268 109.908 0.000
v 134.845 109.288 0.000
v 134.259 108.820 0.000
v 133.560 108.546 0.000
v 132.812 108.490 0.000
v 132.080 108.657 0.000
v 131.430 109.032 0.000
v 130.920 109.582 0.000
v 130.594 110.258 0.000
v 110.482 111.000 0.000
v 110.594 111.742 0.000
v 110.920 112.418 0.000
v 111.430 112.968 0.000
v 112.080 113.343 0.000
v 112.812 113.510 0.000
v 113.560 113.454 0.000
v 114.259 113.180 0.000
v 114.845 112.712 0.000
v 115.268 112.092 0.000
v 115.489 111.375 0.000
v 115.489 110.625 0.000
v 115.268 109.908 0.000
v 114.845 109.288 0.000
v 114.259 108.820 0.000
v 113.560 108.546 0.000
v 112.812 108.490 0.000
v 112.080 108.657 0.000
v 111.430 109.032 0.000
v 110.920 109.582 0.000
v 110.594 110.258 0.000
v 70.482 111.000 0.000
v 70.594 111.742 0.000
v 70.920 112.418 0.000
v 71.430 112.968 0.000
v 72.080 113.343 0.000
v 72.812 113.510 0.000
v 73.560 113.454 0.000
v 74.259 113.180 0.000
v 74.845 112.712 0.000
v 75.268 112.092 0.000
v 75.489 111.375 0.000
v 75.489 110.625 0.000
v 75.268 109.908 0.000
v 74.845 109.288 0.000
v 74.259 108.820 0.000
v 73.560 108.546 0.000
v 72.812 108.490 0.000
v 72.080 108.657 0.000
v 71.430 109.032 0.000
v 70.920 109.582 0.000
v 70.594 110.258 0.000
v 50.482 111.000 0.000
v 50.594 111.742 0.000
v 50.920 112.418 0.000
v 51.430 112.968 0.000
v 52.080 113.343 0.000
v 52.812 113.510 0.000
v 53.560 113.454 0.000
v 54.259 113.180 0.000
v 54.845 112.712 0.000
v 55.268 112.092 0.000
v 55.489 111.375 0.000
v 55.489 110.625 0.000
v 55.268 109.908 0.000
v 54.845 109.288 0.000
v 54.259 108.820 0.000
v 53.560 108.546 0.000
v 52.812 108.490 0.000
v 52.080 108.657 0.000
v 51.430 109.032 0.000
v 50.920 109.582 0.000
v 50.594 110.258 0.000
v 30.482 111.000 0.000
v 30.594 111.742 0.000
v 30.920 112.418 0.000
v 31.430 112.968 0.000
v 32.080 113.343 0.000
v 32.812 113.510 0.000
v 33.560 113.454 0.000
v 34.259 113.180 0.000
v 34.845 112.712 0.000
v 35.268 112.092 0.000
v 35.489 111.375 0.000
v 35.489 110.625 0.000
v 35.268 109.908 0.000
v 34.845 109.288 0.000
v 34.259 108.820 0.000
v 33.560 108.546 0.000
v 32.812 108.490 0.000
v 32.080 108.657 0.000
v 31.430 109.032 0.000
v 30.920 109.582 0.000
v 30.594 110.258 0.000
v 290.482 131.000 0.000
v 290.594 131.742 0.000
v 290.920 132.418 0.000
v 291.430 132.968 0.000
v 292.080 133.343 0.000
v 292.812 133.510 0.000
v 293.560 133.454 0.000
v 294.259 133.180 0.000
v 294.845 132.712 0.000
v 295.268 132.092 0.000
v 295.489 131.375 0.000
v 295.489 130.625 0.000
v 295.268 129.908 0.000
v 294.845 129.288 0.000
v 294.259 128.820 0.000
v 293.560 128.546 0.000
v 292.812 128.490 0.000
v 292.080 128.657 0.000
v 291.430 129.032 0.000
v 290.920 129.582 0.000
v 290.594 130.258 0.000
v 270.482 131.000 0.000
v 270.594 131.742 0.000
v 270.920 132.418 0.000
v 271.430 132.968 0.000
v 272.080 133.343 0.000
v 272.812 133.510 0.000
v 273.560 133.454 0.000
v 274.259 133.180 0.000
v 274.845 132.712 0.000
v 275.268 132.092 0.000
v 275.489 131.375 0.000
v 275.489 130.625 0.000
v 275.268 129.908 0.000
v 274.845 129.288 0.000
v 274.259 128.820 0.000
v 273.560 128.546 0.000
v 272.812 128.490 0.000
v 272.080 128.657 0.000
v 271.430 129.032 0.000
v 270.920 129.582 0.000
v 270.594 130.258 0.000
v 250.482 131.000 0.000
v 250.594 131.742 0.000
v 250.920 132.418 0.000
v 251.430 132.968 0.000
v 252.080 133.343 0.000
v 252.812 133.510 0.000
v 253.560 133.454 0.000
v 254.259 133.180 0.000
v 254.845 132.712 0.000
v 255.268 132.092 0.000
v 255.489 131.375 0.000
v 255.489 130.625 0.000
v 255.268 129.908 0.000
v 254.845 129.288 0.000
v 254.259 128.820 0.000
v 253.560 128.546 0.000
v 252.812 128.490 0.000
v 252.080 128.657 0.000
v 251.430 129.032 0.000
v 250.920 129.582 0.000
v 250.594 130.258 0.000
v 230.482 131.000 0.000
v 230.594 131.742 0.000
v 230.920 132.418 0.000
v 231.430 132.968 0.000
v 232.080 133.343 0.000
v 232.812 133.510 0.000
v 233.560 133.454 0.000
v 234.259 133.180 0.000
v 234.845 132.712 0.000
v 235.268 132.092 0.000
v 235.489 131.375 0.000
v 235.489 130.625 0.000
v 235.268 129.908 0.000
v 234.845 129.288 0.000
v 234.259 128.820 0.000
v 233.560 128.546 0.000
v 232.812 128.490 0.000
v 232.080 128.657 0.000
v 231.430 129.032 0.000
v 230.920 129.582 0.000
v 230.594 130.258 0.000
v 210.482 131.000 0.000
v 210.594 131.742 0.000
v 210.920 132.418 0.000
v 211.430 132.968 0.000
v 212.080 133.343 0.000
v 212.812 133.510 0.000
v 213.560 133.454 0.000
v 214.259 133.180 0.000
v 214.845 132.712 0.000
v 215.268 132.092 0.000
v 215.489 131.375 0.000
v 215.489 130.625 0.000
v 215.268 129.908 0.000
v 214.845 129.288 0.000
v 214.259 128.820 0.000
v 213.560 128.546 0.000
v 212.812 128.490 0.000
v 212.080 128.657 0.000
v 211.430 129.032 0.000
v 210.920 129.582 0.000
v 210.594 130.258 0.000
v 190.482 131.000 0.000
v 190.594 131.742 0.000
v 190.920 132.418 0.000
v 191.430 132.968 0.000
v 192.080 133.343 0.000
v 192.812 133.510 0.000
v 193.560 133.454 0.000
v 194.259 133.180 0.000
v 194.845 132.712 0.000
v 195.268 132.092 0.000
v 195.489 131.375 0.000
v 195.489 130.625 0.000
v 195.268 129.908 0.000
v 194.845 129.288 0.000
v 194.259 128.820 0.000
v 193.560 128.546 0.000
v 192.812 128.490 0.000
v 192.080 128.657 0.000
v 191.430 129.032 0.000
v 190.920 129.582 0.000
v 190.594 130.258 0.000
v 170.483 131.000 0.000
v 170.594 131.742 0.000
v 170.920 132.418 0.000
v 171.430 132.968 0.000
v 172.080 133.343 0.000
v 172.812 133.510 0.000
v 173.560 133.454 0.000
v 174.259 133.180 0.000
v 174.845 132.712 0.000
v 175.268 132.092 0.000
v 175.489 131.375 0.000
v 175.489 130.625 0.000
v 175.268 129.908 0.000
v 174.845 129.288 0.000
v 174.259 128.820 0.000
v 173.560 128.546 0.000
v 172.812 128.490 0.000
v 172.080 128.657 0.000
v 171.430 129.032 0.000
v 170.920 129.582 0.000
v 170.594 130.258 0.000
v 150.482 131.000 0.000
v 150.594 131.742 0.000
v 150.920 132.418 0.000
v 151.430 132.968 0.000
v 152.080 133.343 0.000
v 152.812 133.510 0.000
v 153.560 133.454 0.000
v 154.259 133.180 0.000
v 154.845 132.712 0.000
v 155.268 132.092 0.000
v 155.489 131.375 0.000
v 155.489 130.625 0.000
v 155.268 129.908 0.000
v 154.845 129.288 0.000
v 154.259 128.820 0.000
v 153.560 128.546 0.000
v 152.812 128.490 0.000
v 152.080 128.657 0.000
v 151.430 129.032 0.000
v 150.920 129.582 0.000
v 150.594 130.258 0.000
v 130.483 131.000 0.000
v 130.594 131.742 0.000
v 130.920 132.418 0.000
v 131.430 132.968 0.000
v 132.080 133.343 0.000
v 132.812 133.510 0.000
v 133.560 133.454 0.000
v 134.259 133.180 0.000
v 134.845 132.712 0.000
v 135.268 132.092 0.000
v 135.489 131.375 0.000
v 135.489 130.625 0.000
v 135.268 129.908 0.000
v 134.845 129.288 0.000
v 134.259 128.820 0.000
v 133.560 128.546 0.000
v 132.812 128.490 0.000
v 132.080 128.657 0.000
v 131.430 129.032 0.000
v 130.920 129.582 0.000
v 130.594 130.258 0.000
v 110.482 131.000 0.000
v 110.594 131.742 0.000
v 110.920 132.418 0.000
v 111.430 132.968 0.000
v 112.080 133.343 0.000
v 112.812 133.510 0.000
v 113.560 133.454 0.000
v 114.259 133.180 0.000
v 114.845 132.712 0.000
v 115.268 132.092 0.000
v 115.489 131.375 0.000
v 115.489 130.625 0.000
v 115.268 129.908 0.000
v 114.845 129.288 0.000
v 114.259 128.820 0.000
v 113.560 128.546 0.000
v 112.812 128.490 0.000
v 112.080 128.657 0.000
v 111.430 129.032 0.000
v 110.920 129.582 0.000
v 110.594 130.258 0.000
v 70.482 131.000 0.000
v 70.594 131.742 0.000
v 70.920 132.418 0.000
v 71.430 132.968 0.000
v 72.080 133.343 0.000
v 72.812 133.510 0.000
v 73.560 133.454 0.000
v 74.259 133.180 0.000
v 74.845 132.712 0.000
v 75.268 132.092 0.000
v 75.489 131.375 0.000
v 75.489 130.625 0.000
v 75.268 129.908 0.000
v 74.845 129.288 0.000
v 74.259 128.820 0.000
v 73.560 128.546 0.000
v 72.812 128.490 0.000
v 72.080 128.657 0.000
v 71.430 129.032 0.000
v 70.920 129.582 0.000
v 70.594 130.258 0.000
v 50.482 131.000 0.000
v 50.594 131.742 0.000
v 50.920 132.418 0.000
v 51.430 132.968 0.000
v 52.080 133.343 0.000
v 52.812 133.510 0.000
v 53.560 133.454 0.000
v 54.259 133.180 0.000
v 54.845 132.712 0.000
v 55.268 132.092 0.000
v 55.489 131.375 0.000
v 55.489 130.625 0.000
v 55.268 129.908 0.000
v 54.845 129.288 0.000
v 54.259 128.820 0.000
v 53.560 128.546 0.000
v 52.812 128.490 0.000
v 52.080 128.657 0.000
v 51.430 129.032 0.000
v 50.920 129.582 0.000
v 50.594 130.258 0.000
v 30.482 131.000 0.000
v 30.594 131.742 0.000
v 30.920 132.418 0.000
v 31.430 132.968 0.000
v 32.080 133.343 0.000
v 32.812 133.510 0.000
v 33.560 133.454 0.000
v 34.259 133.180 0.000
v 34.845 132.712 0.000
v 35.268 132.092 0.000
v 35.489 131.375 0.000
v 35.489 130.625 0.000
v 35.268 129.908 0.000
v 34.845 129.288 0.000
v 34.259 128.820 0.000
v 33.560 128.546 0.000
v 32.812 128.490 0.000
v 32.080 128.657 0.000
v 31.430 129.032 0.000
v 30.920 129.582 0.000
v 30.594 130.258 0.000
v 10.482 131.000 0.000
v 10.594 131.742 0.000
v 10.920 132.418 0.000
v 11.430 132.968 0.000
v 12.080 133.343 0.000
v 12.812 133.510 0.000
v 13.560 133.454 0.000
v 14.259 133.180 0.000
v 14.845 132.712 0.000
v 15.268 132.092 0.000
v 15.489 131.375 0.000
v 15.489 130.625 0.000
v 15.268 129.908 0.000
v 14.845 129.288 0.000
v 14.259 128.820 0.000
v 13.560 128.546 0.000
v 12.812 128.490 0.000
v 12.080 128.657 0.000
v 11.430 129.032 0.000
v 10.920 129.582 0.000
v 10.594 130.258 0.000
v 290.482 151.000 0.000
v 290.594 151.742 0.000
v 290.920 152.418 0.000
v 291.430 152.968 0.000
v 292.080 153.343 0.000
v 292.812 153.510 0.000
v 293.560 153.454 0.000
v 294.259 153.180 0.000
v 294.845 152.712 0.000
v 295.268 152.092 0.000
v 295.489 151.375 0.000
v 295.489 150.625 0.000
v 295.268 149.908 0.000
v 294.845 149.288 0.000
v 294.259 148.820 0.000
v 293.560 148.546 0.000
v 292.812 148.490 0.000
v 292.080 148.657 0.000
v 291.430 149.032 0.000
v 290.920 149.582 0.000
v 290.594 150.258 0.000
v 270.482 151.000 0.000
v 270.594 151.742 0.000
v 270.920 152.418 0.000
v 271.430 152.968 0.000
v 272.080 153.343 0.000
v 272.812 153.510 0.000
v 273.560 153.454 0.000
v 274.259 153.180 0.000
v 274.845 152.712 0.000
v 275.268 152.092 0.000
v 275.489 151.375 0.000
v 275.489 150.625 0.000
v 275.268 149.908 0.000
v 274.845 149.288 0.000
v 274.259 148.820 0.000
v 273.560 148.546 0.000
v 272.812 148.490 0.000
v 272.080 148.657 0.000
v 271.430 149.032 0.000
v 270.920 149.582 0.000
v 270.594 150.258 0.000
v 250.482 151.000 0.000
v 250.594 151.742 0.000
v 250.920 152.418 0.000
v 251.430 152.968 0.000
v 252.080 153.343 0.000
v 252.812 153.510 0.000
v 253.560 153.454 0.000
v 254.259 153.180 0.000
v 254.845 152.712 0.000
v 255.268 152.092 0.000
v 255.489 151.375 0.000
v 255.489 150.625 0.000
v 255.268 149.908 0.000
v 254.845 149.288 0.000
v 254.259 148.820 0.000
v 253.560 148.546 0.000
v 252.812 148.490 0.000
v 252.080 148.657 0.000
v 251.430 149.032 0.000
v 250.920 149.582 0.000
v 250.594 150.258 0.000
v 230.482 151.000 0.000
v 230.594 151.742 0.000
v 230.920 152.418 0.000
v 231.430 152.968 0.000
v 232.080 153.343 0.000
v 232.812 153.510 0.000
v 233.560 153.454 0.000
v 234.259 153.180 0.000
v 234.845 152.712 0.000
v 235.268 152.092 0.000
v 235.489 151.375 0.000
v 235.489 150.625 0.000
v 235.268 149.908 0.000
v 234.845 149.288 0.000
v 234.259 148.820 0.000
v 233.560 148.546 0.000
v 232.812 148.490 0.000
v 232.080 148.657 0.000
v 231.430 149.032 0.000
v 230.920 149.582 0.000
v 230.594 150.258 0.000
v 210.482 151.000 0.000
v 210.594 151.742 0.000
v 210.920 152.418 0.000
v 211.430 152.968 0.000
v 212.080 153.343 0.000
v 212.812 153.510 0.000
v 213.560 153.454 0.000
v 214.259 153.180 0.000
v 214.845 152.712 0.000
v 215.268 152.092 0.000
v 215.489 151.375 0.000
v 215.489 150.625 0.000
v 215.268 149.908 0.000
v 214.845 149.288 0.000
v 214.259 148.820 0.000
v 213.560 148.546 0.000
v 212.812 148.490 0.000
v 212.080 148.657 0.000
v 211.430 149.032 0.000
v 210.920 149.582 0.000
v 210.594 150.258 0.000
v 190.482 151.000 0.000
v 190.594 151.742 0.000
v 190.920 152.418 0.000
v 191.430 152.968 0.000
v 192.080 153.343 0.000
v 192.812 153.510 0.000
v 193.560 153.454 0.000
v 194.259 153.180 0.000
v 194.845 152.712 0.000
v 195.268 152.092 0.000
v 195.489 151.375 0.000
v 195.489 150.625 0.000
v 195.268 149.908 0.000
v 194.845 149.288 0.000
v 194.259 148.820 0.000
v 193.560 148.546 0.000
v 192.812 148.490 0.000
v 192.080 148.657 0.000
v 191.430 149.032 0.000
v 190.920 149.582 0.000
v 190.594 150.258 0.000
v 170.483 151.000 0.000
v 170.594 151.742 0.000
v 170.920 152.418 0.000
v 171.430 152.968 0.000
v 172.080 153.343 0.000
v 172.812 153.510 0.000
v 173.560 153.454 0.000
v 174.259 153.180 0.000
v 174.845 152.712 0.000
v 175.268 152.092 0.000
v 175.489 151.375 0.000
v 175.489 150.625 0.000
v 175.268 149.908 0.000
v 174.845 149.288 0.000
v 174.259 148.820 0.000
v 173.560 148.546 0.000
v 172.812 148.490 0.000
v 172.080 148.657 0.000
v 171.430 149.032 0.000
v 170.920 149.582 0.000
v 170.594 150.258 0.000
v 150.482 151.000 0.000
v 150.594 151.742 0.000
v 150.920 152.418 0.000
v 151.430 152.968 0.000
v 152.080 153.343 0.000
v 152.812 153.510 0.000
v 153.560 153.454 0.000
v 154.259 153.180 0.000
v 154.845 152.712 0.000
v 155.268 152.092 0.000
v 155.489 151.375 0.000
v 155.489 150.625 0.000
v 155.268 149.908 0.000
v 154.845 149.288 0.000
v 154.259 148.820 0.000
v 153.560 148.546 0.000
v 152.812 148.490 0.000
v 152.080 148.657 0.000
v 151.430 149.032 0.000
v 150.920 149.582 0.000
v 150.594 150.258 0.000
v 130.483 151.000 0.000
v 130.594 151.742 0.000
v 130.920 152.418 0.000
v 131.430 152.968 0.000
v 132.080 153.343 0.000
v 132.812 153.510 0.000
v 133.560 153.454 0.000
v 134.259 153.180 0.000
v 134.845 152.712 0.000
v 135.268 152.092 0.000
v 135.489 151.375 0.000
v 135.489 150.625 0.000
v 135.268 149.908 0.000
v 134.845 149.288 0.000
v 134.259 148.820 0.000
v 133.560 148.546 0.000
v 132.812 148.490 0.000
v 132.080 148.657 0.000
v 131.430 149.032 0.000
v 130.920 149.582 0.000
v 130.594 150.258 0.000
v 110.482 151.000 0.000
v 110.594 151.742 0.000
v 110.920 152.418 0.000
v 111.430 152.968 0.000
v 112.080 153.343 0.000
v 112.812 153.510 0.000
v 113.560 153.454 0.000
v 114.259 153.180 0.000
v 114.845 152.712 0.000
v 115.268 152.092 0.000
v 115.489 151.375 0.000
v 115.489 150.625 0.000
v 115.268 149.908 0.000
v 114.845 149.288 0.000
v 114.259 148.820 0.000
v 113.560 148.546 0.000
v 112.812 148.490 0.000
v 112.080 148.657 0.000
v 111.430 149.032 0.000
v 110.920 149.582 0.000
v 110.594 150.258 0.000
v 90.482 151.000 0.000
v 90.594 151.742 0.000
v 90.920 152.418 0.000
v 91.430 152.968 0.000
v 92.080 153.343 0.000
v 92.812 153.510 0.000
v 93.560 153.454 0.000
v 94.259 153.180 0.000
v 94.845 152.712 0.000
v 95.268 152.092 0.000
v 95.489 151.375 0.000
v 95.489 150.625 0.000
v 95.268 149.908 0.000
v 94.845 149.288 0.000
v 94.259 148.820 0.000
v 93.560 148.546 0.000
v 92.812 148.490 0.000
v 92.080 148.657 0.000
v 91.430 149.032 0.000
v 90.920 149.582 0.000
v 90.594 150.258 0.000
v 70.482 151.000 0.000
v 70.594 151.742 0.000
v 70.920 152.418 0.000
v 71.430 152.968 0.000
v 72.080 153.343 0.000
v 72.812 153.510 0.000
v 73.560 153.454 0.000
v 74.259 153.180 0.000
v 74.845 152.712 0.000
v 75.268 152.092 0.000
v 75.489 151.375 0.000
v 75.489 150.625 0.000
v 75.268 149.908 0.000
v 74.845 149.288 0.000
v 74.259 148.820 0.000
v 73.560 148.546 0.000
v 72.812 148.490 0.000
v 72.080 148.657 0.000
v 71.430 149.032 0.000
v 70.920 149.582 0.000
v 70.594 150.258 0.000
v 50.482 151.000 0.000
v 50.594 151.742 0.000
v 50.920 152.418 0.000
v 51.430 152.968 0.000
v 52.080 153.343 0.000
v 52.812 153.510 0.000
v 53.560 153.454 0.000
v 54.259 153.180 0.000
v 54.845 152.712 0.000
v 55.268 152.092 0.000
v 55.489 151.375 0.000
v 55.489 150.625 0.000
v 55.268 149.908 0.000
v 54.845 149.288 0.000
v 54.259 148.820 0.000
v 53.560 148.546 0.000
v 52.812 148.490 0.000
v 52.080 148.657 0.000
v 51.430 149.032 0.000
v 50.920 149.582 0.000
v 50.594 150.258 0.000
v 30.482 151.000 0.000
v 30.594 151.742 0.000
v 30.920 152.418 0.000
v 31.430 152.968 0.000
v 32.080 153.343 0.000
v 32.812 153.510 0.000
v 33.560 153.454 0.000
v 34.259 153.180 0.000
v 34.845 152.712 0.000
v 35.268 152.092 0.000
v 35.489 151.375 0.000
v 35.489 150.625 0.000
v 35.268 149.908 0.000
v 34.845 149.288 0.000
v 34.259 148.820 0.000
v 33.560 148.546 0.000
v 32.812 148.490 0.000
v 32.080 148.657 0.000
v 31.430 149.032 0.000
v 30.920 149.582 0.000
v 30.594 150.258 0.000
v 10.482 151.000 0.000
v 10.594 151.742 0.000
v 10.920 152.418 0.000
v 11.430 152.968 0.000
v 12.080 153.343 0.000
v 12.812 153.510 0.000
v 13.560 153.454 0.000
v 14.259 153.180 0.000
v 14.845 152.712 0.000
v 15.268 152.092 0.000
v 15.489 151.375 0.000
v 15.489 150.625 0.000
v 15.268 149.908 0.000
v 14.845 149.288 0.000
v 14.259 148.820 0.000
v 13.560 148.546 0.000
v 12.812 148.490 0.000
v 12.080 148.657 0.000
v 11.430 149.032 0.000
v 10.920 149.582 0.000
v 10.594 150.258 0.000
v 290.482 171.000 0.000
v 290.594 171.742 0.000
v 290.920 172.418 0.000
v 291.430 172.968 0.000
v 292.080 173.343 0.000
v 292.812 173.510 0.000
v 293.560 173.454 0.000
v 294.259 173.180 0.000
v 294.845 172.712 0.000
v 295.268 172.092 0.000
v 295.489 171.375 0.000
v 295.489 170.625 0.000
v 295.268 169.908 0.000
v 294.845 169.288 0.000
v 294.259 168.820 0.000
v 293.560 168.546 0.000
v 292.812 168.490 0.000
v 292.080 168.657 0.000
v 291.430 169.032 0.000
v 290.920 169.582 0.000
v 290.594 170.258 0.000
v 270.482 171.000 0.000
v 270.594 171.742 0.000
v 270.920 172.418 0.000
v 271.430 172.968 0.000
v 272.080 173.343 0.000
v 272.812 173.510 0.000
v 273.560 173.454 0.000
v 274.259 173.180 0.000
v 274.845 172.712 0.000
v 275.268 172.092 0.000
v 275.489 171.375 0.000
v 275.489 170.625 0.000
v 275.268 169.908 0.000
v 274.845 169.288 0.000
v 274.259 168.820 0.000
v 273.560 168.546 0.000
v 272.812 168.490 0.000
v 272.080 168.657 0.000
v 271.430 169.032 0.000
v 270.920 169.582 0.000
v 270.594 170.258 0.000
v 250.482 171.000 0.000
v 250.594 171.742 0.000
v 250.920 172.418 0.000
v 251.430 172.968 0.000
v 252.080 173.343 0.000
v 252.812 173.510 0.000
v 253.560 173.454 0.000
v 254.259 173.180 0.000
v 254.845 172.712 0.000
v 255.268 172.092 0.000
v 255.489 171.375 0.000
v 255.489 170.625 0.000
v 255.268 169.908 0.000
v 254.845 169.288 0.000
v 254.259 168.820 0.000
v 253.560 168.546 0.000
v 252.812 168.490 0.000
v 252.080 168.657 0.000
v 251.430 169.032 0.000
v 250.920 169.582 0.000
v 250.594 170.258 0.000
v 230.482 171.000 0.000
v 230.594 171.742 0.000
v 230.920 172.418 0.000
v 231.430 172.968 0.000
v 232.080 173.343 0.000
v 232.812 173.510 0.000
v 233.560 173.454 0.000
v 234.259 173.180 0.000
v 234.845 172.712 0.000
v 235.268 172.092 0.000
v 235.489 171.375 0.000
v 235.489 170.625 0.000
v 235.268 169.908 0.000
v 234.845 169.288 0.000
v 234.259 168.820 0.000
v 233.560 168.546 0.000
v 232.812 168.490 0.000
v 232.080 168.657 0.000
v 231.430 169.032 0.000
v 230.920 169.582 0.000
v 230.594 170.258 0.000
v 210.482 171.000 0.000
v 210.594 171.742 0.000
v 210.920 172.418 0.000
v 211.430 172.968 0.000
v 212.080 173.343 0.000
v 212.812 173.510 0.000
v 213.560 173.454 0.000
v 214.259 173.180 0.000
v 214.845 172.712 0.000
v 215.268 172.092 0.000
v 215.489 171.375 0.000
v 215.489 170.625 0.000
v 215.268 169.908 0.000
v 214.845 169.288 0.000
v 214.259 168.820 0.000
v 213.560 168.546 0.000
v 212.812 168.490 0.000
v 212.080 168.657 0.000
v 211.430 169.032 0.000
v 210.920 169.582 0.000
v 210.594 170.258 0.000
v 190.482 171.000 0.000
v 190.594 171.742 0.000
v 190.920 172.418 0.000
v 191.430 172.968 0.000
v 192.080 173.343 0.000
v 192.812 173.510 0.000
v 193.560 173.454 0.000
v 194.259 173.180 0.000
v 194.845 172.712 0.000
v 195.268 172.092 0.000
v 195.489 171.375 0.000
v 195.489 170.625 0.000
v 195.268 169.908 0.000
v 194.845 169.288 0.000
v 194.259 168.820 0.000
v 193.560 168.546 0.000
v 192.812 168.490 0.000
v 192.080 168.657 0.000
v 191.430 169.032 0.000
v 190.920 169.582 0.000
v 190.594 170.258 0.000
v 170.483 171.000 0.000
v 170.594 171.742 0.000
v 170.920 172.418 0.000
v 171.430 172.968 0.000
v 172.080 173.343 0.000
v 172.812 173.510 0.000
v 173.560 173.454 0.000
v 174.259 173.180 0.000
v 174.845 172.712 0.000
v 175.268 172.092 0.000
v 175.489 171.375 0.000
v 175.489 170.625 0.000
v 175.268 169.908 0.000
v 174.845 169.288 0.000
v 174.259 168.820 0.000
v 173.560 168.546 0.000
v 172.812 168.490 0.000
v 172.080 168.657 0.000
v 171.430 169.032 0.000
v 170.920 169.582 0.000
v 170.594 170.258 0.000
v 150.482 171.000 0.000
v 150.594 171.742 0.000
v 150.920 172.418 0.000
v 151.430 172.968 0.000
v 152.080 173.343 0.000
v 152.812 173.510 0.000
v 153.560 173.454 0.000
v 154.259 173.180 0.000
v 154.845 172.712 0.000
v 155.268 172.092 0.000
v 155.489 171.375 0.000
v 155.489 170.625 0.000
v 155.268 169.908 0.000
v 154.845 169.288 0.000
v 154.259 168.820 0.000
v 153.560 168.546 0.000
v 152.812 168.490 0.000
v 152.080 168.657 0.000
v 151.430 169.032 0.000
v 150.920 169.582 0.000
v 150.594 170.258 0.000
v 130.483 171.000 0.000
v 130.594 171.742 0.000
v 130.920 172.418 0.000
v 131.430 172.968 0.000
v 132.080 173.343 0.000
v 132.812 173.510 0.000
v 133.560 173.454 0.000
v 134.259 173.180 0.000
v 134.845 172.712 0.000
v 135.268 172.092 0.000
v 135.489 171.375 0.000
v 135.489 170.625 0.000
v 135.268 169.908 0.000
v 134.845 169.288 0.000
v 134.259 168.820 0.000
v 133.560 168.546 0.000
v 132.812 168.490 0.000
v 132.080 168.657 0.000
v 131.430 169.032 0.000
v 130.920 169.582 0.000
v 130.594 170.258 0.000
v 110.482 171.000 0.000
v 110.594 171.742 0.000
v 110.920 172.418 0.000
v 111.430 172.968 0.000
v 112.080 173.343 0.000
v 112.812 173.510 0.000
v 113.560 173.454 0.000
v 114.259 173.180 0.000
v 114.845 172.712 0.000
v 115.268 172.092 0.000
v 115.489 171.375 0.000
v 115.489 170.625 0.000
v 115.268 169.908 0.000
v 114.845 169.288 0.000
v 114.259 168.820 0.000
v 113.560 168.546 0.000
v 112.812 168.490 0.000
v 112.080 168.657 0.000
v 111.430 169.032 0.000
v 110.920 169.582 0.000
v 110.594 170.258 0.000
v 90.482 171.000 0.000
v 90.594 171.742 0.000
v 90.920 172.418 0.000
v 91.430 172.968 0.000
v 92.080 173.343 0.000
v 92.812 173.510 0.000
v 93.560 173.454 0.000
v 94.259 173.180 0.000
v 94.845 172.712 0.000
v 95.268 172.092 0.000
v 95.489 171.375 0.000
v 95.489 170.625 0.000
v 95.268 169.908 0.000
v 94.845 169.288 0.000
v 94.259 168.820 0.000
v 93.560 168.546 0.000
v 92.812 168.490 0.000
v 92.080 168.657 0.000
v 91.430 169.032 0.000
v 90.920 169.582 0.000
v 90.594 170.258 0.000
v 70.482 171.000 0.000
v 70.594 171.742 0.000
v 70.920 172.418 0.000
v 71.430 172.968 0.000
v 72.080 173.343 0.000
v 72.812 173.510 0.000
v 73.560 173.454 0.000
v 74.259 173.180 0.000
v 74.845 172.712 0.000
v 75.268 172.092 0.000
v 75.489 171.375 0.000
v 75.489 170.625 0.000
v 75.268 169.908 0.000
v 74.845 169.288 0.000
v 74.259 168.820 0.000
v 73.560 168.546 0.000
v 72.812 168.490 0.000
v 72.080 168.657 0.000
v 71.430 169.032 0.000
v 70.920 169.582 0.000
v 70.594 170.258 0.000
v 50.482 171.000 0.000
v 50.594 171.742 0.000
v 50.920 172.418 0.000
v 51.430 172.968 0.000
v 52.080 173.343 0.000
v 52.812 173.510 0.000
v 53.560 173.454 0.000
v 54.259 173.180 0.000
v 54.845 172.712 0.000
v 55.268 172.092 0.000
v 55.489 171.375 0.000
v 55.489 170.625 0.000
v 55.268 169.908 0.000
v 54.845 169.288 0.000
v 54.259 168.820 0.000
v 53.560 168.546 0.000
v 52.812 168.490 0.000
v 52.080 168.657 0.000
v 51.430 169.032 0.000
v 50.920 169.582 0.000
v 50.594 170.258 0.000
v 30.482 171.000 0.000
v 30.594 171.742 0.000
v 30.920 172.418 0.000
v 31.430 172.968 0.000
v 32.080 173.343 0.000
v 32.812 173.510 0.000
v 33.560 173.454 0.000
v 34.259 173.180 0.000
v 34.845 172.712 0.000
v 35.268 172.092 0.000
v 35.489 171.375 0.000
v 35.489 170.625 0.000
v 35.268 169.908 0.000
v 34.845 169.288 0.000
v 34.259 168.820 0.000
v 33.560 168.546 0.000
v 32.812 168.490 0.000
v 32.080 168.657 0.000
v 31.430 169.032 0.000
v 30.920 169.582 0.000
v 30.594 170.258 0.000
v 10.482 171.000 0.000
v 10.594 171.742 0.000
v 10.920 172.418 0.000
v 11.430 172.968 0.000
v 12.080 173.343 0.000
v 12.812 173.510 0.000
v 13.560 173.454 0.000
v 14.259 173.180 0.000
v 14.845 172.712 0.000
v 15.268 172.092 0.000
v 15.489 171.375 0.000
v 15.489 170.625 0.000
v 15.268 169.908 0.000
v 14.845 169.288 0.000
v 14.259 168.820 0.000
v 13.560 168.546 0.000
v 12.812 168.490 0.000
v 12.080 168.657 0.000
v 11.430 169.032 0.000
v 10.920 169.582 0.000
v 10.594 170.258 0.000
v 290.482 191.000 0.000
v 290.594 191.742 0.000
v 290.920 192.418 0.000
v 291.430 192.968 0.000
v 292.080 193.343 0.000
v 292.812 193.510 0.000
v 293.560 193.454 0.000
v 294.259 193.180 0.000
v 294.845 192.712 0.000
v 295.268 192.092 0.000
v 295.489 191.375 0.000
v 295.489 190.625 0.000
v 295.268 189.908 0.000
v 294.845 189.288 0.000
v 294.259 188.820 0.000
v 293.560 188.546 0.000
v 292.812 188.490 0.000
v 292.080 188.657 0.000
v 291.430 189.032 0.000
v 290.920 189.582 0.000
v 290.594 190.258 0.000
v 270.482 191.000 0.000
v 270.594 191.742 0.000
v 270.920 192.418 0.000
v 271.430 192.968 0.000
v 272.080 193.343 0.000
v 272.812 193.510 0.000
v 273.560 193.454 0.000
v 274.259 193.180 0.000
v 274.845 192.712 0.000
v 275.268 192.092 0.000
v 275.489 191.375 0.000
v 275.489 190.625 0.000
v 275.268 189.908 0.000
v 274.845 189.288 0.000
v 274.259 188.820 0.000
v 273.560 188.546 0.000
v 272.812 188.490 0.000
v 272.080 188.657 0.000
v 271.430 189.032 0.000
v 270.920 189.582 0.000
v 270.594 190.258 0.000
v 250.482 191.000 0.000
v 250.594 191.742 0.000
v 250.920 192.418 0.000
v 251.430 192.968 0.000
v 252.080 193.343 0.000
v 252.812 193.510 0.000
v 253.560 193.454 0.000
v 254.259 193.180 0.000
v 254.845 192.712 0.000
v 255.268 192.092 0.000
v 255.489 191.375 0.000
v 255.489 190.625 0.000
v 255.268 189.908 0.000
v 254.845 189.288 0.000
v 254.259 188.820 0.000
v 253.560 188.546 0.000
v 252.812 188.490 0.000
v 252.080 188.657 0.000
v 251.430 189.032 0.000
v 250.920 189.582 0.000
v 250.594 190.258 0.000
v 230.482 191.000 0.000
v 230.594 191.742 0.000
v 230.920 192.418 0.000
v 231.430 192.968 0.000
v 232.080 193.343 0.000
v 232.812 193.510 0.000
v 233.560 193.454 0.000
v 234.259 193.180 0.000
v 234.845 192.712 0.000
v 235.268 192.092 0.000
v 235.489 191.375 0.000
v 235.489 190.625 0.000
v 235.268 189.908 0.000
v 234.845 189.288 0.000
v 234.259 188.820 0.000
v 233.560 188.546 0.000
v 232.812 188.490 0.000
v 232.080 188.657 0.000
v 231.430 189.032 0.000
v 230.920 189.582 0.000
v 230.594 190.258 0.000
v 210.482 191.000 0.000
v 210.594 191.742 0.000
v 210.920 192.418 0.000
v 211.430 192.968 0.000
v 212.080 193.343 0.000
v 212.812 193.510 0.000
v 213.560 193.454 0.000
v 214.259 193.180 0.000
v 214.845 192.712 0.000
v 215.268 192.092 0.000
v 215.489 191.375 0.000
v 215.489 190.625 0.000
v 215.268 189.908 0.000
v 214.845 189.288 0.000
v 214.259 188.820 0.000
v 213.560 188.546 0.000
v 212.812 188.490 0.000
v 212.080 188.657 0.000
v 211.430 189.032 0.000
v 210.920 189.582 0.000
v 210.594 190.258 0.000
v 190.482 191.000 0.000
v 190.594 191.742 0.000
v 190.920 192.418 0.000
v 191.430 192.968 0.000
v 192.080 193.343 0.000
v 192.812 193.510 0.000
v 193.560 193.454 0.000
v 194.259 193.180 0.000
v 194.845 192.712 0.000
v 195.268 192.092 0.000
v 195.489 191.375 0.000
v 195.489 190.625 0.000
v 195.268 189.908 0.000
v 194.845 189.288 0.000
v 194.259 188.820 0.000
v 193.560 188.546 0.000
v 192.812 188.490 0.000
v 192.080 188.657 0.000
v 191.430 189.032 0.000
v 190.920 189.582 0.000
v 190.594 190.258 0.000
v 170.483 191.000 0.000
v 170.594 191.742 0.000
v 170.920 192.418 0.000
v 171.430 192.968 0.000
v 172.080 193.343 0.000
v 172.812 193.510 0.000
v 173.560 193.454 0.000
v 174.259 193.180 0.000
v 174.845 192.712 0.000
v 175.268 192.092 0.000
v 175.489 191.375 0.000
v 175.489 190.625 0.000
v 175.268 189.908 0.000
v 174.845 189.288 0.000
v 174.259 188.820 0.000
v 173.560 188.546 0.000
v 172.812 188.490 0.000
v 172.080 188.657 0.000
v 171.430 189.032 0.000
v 170.920 189.582 0.000
v 170.594 190.258 0.000
v 130.483 191.000 0.000
v 130.594 191.742 0.000
v 130.920 192.418 0.000
v 131.430 192.968 0.000
v 132.080 193.343 0.000
v 132.812 193.510 0.000
v 133.560 193.454 0.000
v 134.259 193.180 0.000
v 134.845 192.712 0.000
v 135.268 192.092 0.000
v 135.489 191.375 0.000
v 135.489 190.625 0.000
v 135.268 189.908 0.000
v 134.845 189.288 0.000
v 134.259 188.820 0.000
v 133.560 188.546 0.000
v 132.812 188.490 0.000
v 132.080 188.657 0.000
v 131.430 189.032 0.000
v 130.920 189.582 0.000
v 130.594 190.258 0.000
v 110.482 191.000 0.000
v 110.594 191.742 0.000
v 110.920 192.418 0.000
v 111.430 192.968 0.000
v 112.080 193.343 0.000
v 112.812 193.510 0.000
v 113.560 193.454 0.000
v 114.259 193.180 0.000
v 114.845 192.712 0.000
v 115.268 192.092 0.000
v 115.489 191.375 0.000
v 115.489 190.625 0.000
v 115.268 189.908 0.000
v 114.845 189.288 0.000
v 114.259 188.820 0.000
v 113.560 188.546 0.000
v 112.812 188.490 0.000
v 112.080 188.657 0.000
v 111.430 189.032 0.000
v 110.920 189.582 0.000
v 110.594 190.258 0.000
v 90.482 191.000 0.000
v 90.594 191.742 0.000
v 90.920 192.418 0.000
v 91.430 192.968 0.000
v 92.080 193.343 0.000
v 92.812 193.510 0.000
v 93.560 193.454 0.000
v 94.259 193.180 0.000
v 94.845 192.712 0.000
v 95.268 192.092 0.000
v 95.489 191.375 0.000
v 95.489 190.625 0.000
v 95.268 189.908 0.000
v 94.845 189.288 0.000
v 94.259 188.820 0.000
v 93.560 188.546 0.000
v 92.812 188.490 0.000
v 92.080 188.657 0.000
v 91.430 189.032 0.000
v 90.920 189.582 0.000
v 90.594 190.258 0.000
v 70.482 191.000 0.000
v 70.594 191.742 0.000
v 70.920 192.418 0.000
v 71.430 192.968 0.000
v 72.080 193.343 0.000
v 72.812 193.510 0.000
v 73.560 193.454 0.000
v 74.259 193.180 0.000
v 74.845 192.712 0.000
v 75.268 192.092 0.000
v 75.489 191.375 0.000
v 75.489 190.625 0.000
v 75.268 189.908 0.000
v 74.845 189.288 0.000
v 74.259 188.820 0.000
v 73.560 188.546 0.000
v 72.812 188.490 0.000
v 72.080 188.657 0.000
v 71.430 189.032 0.000
v 70.920 189.582 0.000
v 70.594 190.258 0.000
v 50.482 191.000 0.000
v 50.594 191.742 0.000
v 50.920 192.418 0.000
v 51.430 192.968 0.000
v 52.080 193.343 0.000
v 52.812 193.510 0.000
v 53.560 193.454 0.000
v 54.259 193.180 0.000
v 54.845 192.712 0.000
v 55.268 192.092 0.000
v 55.489 191.375 0.000
v 55.489 190.625 0.000
v 55.268 189.908 0.000
v 54.845 189.288 0.000
v 54.259 188.820 0.000
v 53.560 188.546 0.000
v 52.812 188.490 0.000
v 52.080 188.657 0.000
v 51.430 189.032 0.000
v 50.920 189.582 0.000
v 50.594 190.258 0.000
v 30.482 191.000 0.000
v 30.594 191.742 0.000
v 30.920 192.418 0.000
v 31.430 192.968 0.000
v 32.080 193.343 0.000
v 32.812 193.510 0.000
v 33.560 193.454 0.000
v 34.259 193.180 0.000
v 34.845 192.712 0.000
v 35.268 192.092 0.000
v 35.489 191.375 0.000
v 35.489 190.625 0.000
v 35.268 189.908 0.000
v 34.845 189.288 0.000
v 34.259 188.820 0.000
v 33.560 188.546 0.000
v 32.812 188.490 0.000
v 32.080 188.657 0.000
v 31.430 189.032 0.000
v 30.920 189.582 0.000
v 30.594 190.258 0.000
v 270.482 211.000 0.000
v 270.594 211.742 0.000
v 270.920 212.418 0.000
v 271.430 212.968 0.000
v 272.080 213.343 0.000
v 272.812 213.510 0.000
v 273.560 213.454 0.000
v 274.259 213.180 0.000
v 274.845 212.712 0.000
v 275.268 212.092 0.000
v 275.489 211.375 0.000
v 275.489 210.625 0.000
v 275.268 209.908 0.000
v 274.845 209.288 0.000
v 274.259 208.820 0.000
v 273.560 208.546 0.000
v 272.812 208.490 0.000
v 272.080 208.657 0.000
v 271.430 209.032 0.000
v 270.920 209.582 0.000
v 270.594 210.258 0.000
v 250.482 211.000 0.000
v 250.594 211.742 0.000
v 250.920 212.418 0.000
v 251.430 212.968 0.000
v 252.080 213.343 0.000
v 252.812 213.510 0.000
v 253.560 213.454 0.000
v 254.259 213.180 0.000
v 254.845 212.712 0.000
v 255.268 212.092 0.000
v 255.489 211.375 0.000
v 255.489 210.625 0.000
v 255.268 209.908 0.000
v 254.845 209.288 0.000
v 254.259 208.820 0.000
v 253.560 208.546 0.000
v 252.812 208.490 0.000
v 252.080 208.657 0.000
v 251.430 209.032 0.000
v 250.920 209.582 0.000
v 250.594 210.258 0.000
v 230.482 211.000 0.000
v 230.594 211.742 0.000
v 230.920 212.418 0.000
v 231.430 212.968 0.000
v 232.080 213.343 0.000
v 232.812 213.510 0.000
v 233.560 213.454 0.000
v 234.259 213.180 0.000
v 234.845 212.712 0.000
v 235.268 212.092 0.000
v 235.489 211.375 0.000
v 235.489 210.625 0.000
v 235.268 209.908 0.000
v 234.845 209.288 0.000
v 234.259 208.820 0.000
v 233.560 208.546 0.000
v 232.812 208.490 0.000
v 232.080 208.657 0.000
v 231.430 209.032 0.000
v 230.920 209.582 0.000
v 230.594 210.258 0.000
v 210.482 211.000 0.000
v 210.594 211.742 0.000
v 210.920 212.418 0.000
v 211.430 212.968 0.000
v 212.080 213.343 0.000
v 212.812 213.510 0.000
v 213.560 213.454 0.000
v 214.259 213.180 0.000
v 214.845 212.712 0.000
v 215.268 212.092 0.000
v 215.489 211.375 0.000
v 215.489 210.625 0.000
v 215.268 209.908 0.000
v 214.845 209.288 0.000
v 214.259 208.820 0.000
v 213.560 208.546 0.000
v 212.812 208.490 0.000
v 212.080 208.657 0.000
v 211.430 209.032 0.000
v 210.920 209.582 0.000
v 210.594 210.258 0.000
v 190.482 211.000 0.000
v 190.594 211.742 0.000
v 190.920 212.418 0.000
v 191.430 212.968 0.000
v 192.080 213.343 0.000
v 192.812 213.510 0.000
v 193.560 213.454 0.000
v 194.259 213.180 0.000
v 194.845 212.712 0.000
v 195.268 212.092 0.000
v 195.489 211.375 0.000
v 195.489 210.625 0.000
v 195.268 209.908 0.000
v 194.845 209.288 0.000
v 194.259 208.820 0.000
v 193.560 208.546 0.000
v 192.812 208.490 0.000
v 192.080 208.657 0.000
v 191.430 209.032 0.000
v 190.920 209.582 0.000
v 190.594 210.258 0.000
v 170.483 211.000 0.000
v 170.594 211.742 0.000
v 170.920 212.418 0.000
v 171.430 212.968 0.000
v 172.080 213.343 0.000
v 172.812 213.510 0.000
v 173.560 213.454 0.000
v 174.259 213.180 0.000
v 174.845 212.712 0.000
v 175.268 212.092 0.000
v 175.489 211.375 0.000
v 175.489 210.625 0.000
v 175.268 209.908 0.000
v 174.845 209.288 0.000
v 174.259 208.820 0.000
v 173.560 208.546 0.000
v 172.812 208.490 0.000
v 172.080 208.657 0.000
v 171.430 209.032 0.000
v 170.920 209.582 0.000
v 170.594 210.258 0.000
v 150.482 211.000 0.000
v 150.594 211.742 0.000
v 150.920 212.418 0.000
v 151.430 212.968 0.000
v 152.080 213.343 0.000
v 152.812 213.510 0.000
v 153.560 213.454 0.000
v 154.259 213.180 0.000
v 154.845 212.712 0.000
v 155.268 212.092 0.000
v 155.489 211.375 0.000
v 155.489 210.625 0.000
v 155.268 209.908 0.000
v 154.845 209.288 0.000
v 154.259 208.820 0.000
v 153.560 208.546 0.000
v 152.812 208.490 0.000
v 152.080 208.657 0.000
v 151.430 209.032 0.000
v 150.920 209.582 0.000
v 150.594 210.258 0.000
v 130.483 211.000 0.000
v 130.594 211.742 0.000
v 130.920 212.418 0.000
v 131.430 212.968 0.000
v 132.080 213.343 0.000
v 132.812 213.510 0.000
v 133.560 213.454 0.000
v 134.259 213.180 0.000
v 134.845 212.712 0.000
v 135.268 212.092 0.000
v 135.489 211.375 0.000
v 135.489 210.625 0.000
v 135.268 209.908 0.000
v 134.845 209.288 0.000
v 134.259 208.820 0.000
v 133.560 208.546 0.000
v 132.812 208.490 0.000
v 132.080 208.657 0.000
v 131.430 209.032 0.000
v 130.920 209.582 0.000
v 130.594 210.258 0.000
v 110.482 211.000 0.000
v 110.594 211.742 0.000
v 110.920 212.418 0.000
v 111.430 212.968 0.000
v 112.080 213.343 0.000
v 112.812 213.510 0.000
v 113.560 213.454 0.000
v 114.259 213.180 0.000
v 114.845 212.712 0.000
v 115.268 212.092 0.000
v 115.489 211.375 0.000
v 115.489 210.625 0.000
v 115.268 209.908 0.000
v 114.845 209.288 0.000
v 114.259 208.820 0.000
v 113.560 208.546 0.000
v 112.812 208.490 0.000
v 112.080 208.657 0.000
v 111.430 209.032 0.000
v 110.920 209.582 0.000
v 110.594 210.258 0.000
v 90.482 211.000 0.000
v 90.594 211.742 0.000
v 90.920 212.418 0.000
v 91.430 212.968 0.000
v 92.080 213.343 0.000
v 92.812 213.510 0.000
v 93.560 213.454 0.000
v 94.259 213.180 0.000
v 94.845 212.712 0.000
v 95.268 212.092 0.000
v 95.489 211.375 0.000
v 95.489 210.625 0.000
v 95.268 209.908 0.000
v 94.845 209.288 0.000
v 94.259 208.820 0.000
v 93.560 208.546 0.000
v 92.812 208.490 0.000
v 92.080 208.657 0.000
v 91.430 209.032 0.000
v 90.920 209.582 0.000
v 90.594 210.258 0.000
v 70.482 211.000 0.000
v 70.594 211.742 0.000
v 70.920 212.418 0.000
v 71.430 212.968 0.000
v 72.080 213.343 0.000
v 72.812 213.510 0.000
v 73.560 213.454 0.000
v 74.259 213.180 0.000
v 74.845 212.712 0.000
v 75.268 212.092 0.000
v 75.489 211.375 0.000
v 75.489 210.625 0.000
v 75.268 209.908 0.000
v 74.845 209.288 0.000
v 74.259 208.820 0.000
v 73.560 208.546 0.000
v 72.812 208.490 0.000
v 72.080 208.657 0.000
v 71.430 209.032 0.000
v 70.920 209.582 0.000
v 70.594 210.258 0.000
v 50.482 211.000 0.000
v 50.594 211.742 0.000
v 50.920 212.418 0.000
v 51.430 212.968 0.000
v 52.080 213.343 0.000
v 52.812 213.510 0.000
v 53.560 213.454 0.000
v 54.259 213.180 0.000
v 54.845 212.712 0.000
v 55.268 212.092 0.000
v 55.489 211.375 0.000
v 55.489 210.625 0.000
v 55.268 209.908 0.000
v 54.845 209.288 0.000
v 54.259 208.820 0.000
v 53.560 208.546 0.000
v 52.812 208.490 0.000
v 52.080 208.657 0.000
v 51.430 209.032 0.000
v 50.920 209.582 0.000
v 50.594 210.258 0.000
v 30.482 211.000 0.000
v 30.594 211.742 0.000
v 30.920 212.418 0.000
v 31.430 212.968 0.000
v 32.080 213.343 0.000
v 32.812 213.510 0.000
v 33.560 213.454 0.000
v 34.259 213.180 0.000
v 34.845 212.712 0.000
v 35.268 212.092 0.000
v 35.489 211.375 0.000
v 35.489 210.625 0.000
v 35.268 209.908 0.000
v 34.845 209.288 0.000
v 34.259 208.820 0.000
v 33.560 208.546 0.000
v 32.812 208.490 0.000
v 32.080 208.657 0.000
v 31.430 209.032 0.000
v 30.920 209.582 0.000
v 30.594 210.258 0.000
v 10.482 211.000 0.000
v 10.594 211.742 0.000
v 10.920 212.418 0.000
v 11.430 212.968 0.000
v 12.080 213.343 0.000
v 12.812 213.510 0.000
v 13.560 213.454 0.000
v 14.259 213.180 0.000
v 14.845 212.712 0.000
v 15.268 212.092 0.000
v 15.489 211.375 0.000
v 15.489 210.625 0.000
v 15.268 209.908 0.000
v 14.845 209.288 0.000
v 14.259 208.820 0.000
v 13.560 208.546 0.000
v 12.812 208.490 0.000
v 12.080 208.657 0.000
v 11.430 209.032 0.000
v 10.920 209.582 0.000
v 10.594 210.258 0.000
v 41.190 53.135 0.000
v 42.643 53.135 0.000
v 42.887 53.722 0.000
v 43.274 54.226 0.000
v 43.778 54.613 0.000
v 44.365 54.857 0.000
v 44.365 56.310 0.000
v 44.396 56.506 0.000
v 44.486 56.683 0.000
v 44.627 56.824 0.000
v 44.804 56.914 0.000
v 45.000 56.945 0.000
v 45.196 56.914 0.000
v 45.373 56.824 0.000
v 45.514 56.683 0.000
v 45.604 56.506 0.000
v 45.635 56.310 0.000
v 45.635 54.857 0.000
v 46.222 54.613 0.000
v 46.726 54.226 0.000
v 47.113 53.722 0.000
v 47.357 53.135 0.000
v 48.810 53.135 0.000
v 49.006 53.104 0.000
v 49.183 53.014 0.000
v 49.324 52.873 0.000
v 49.414 52.696 0.000
v 49.445 52.500 0.000
v 49.414 52.304 0.000
v 49.324 52.127 0.000
v 49.183 51.986 0.000
v 49.006 51.896 0.000
v 48.810 51.865 0.000
v 47.357 51.865 0.000
v 47.113 51.278 0.000
v 46.726 50.774 0.000
v 46.222 50.387 0.000
v 45.635 50.143 0.000
v 45.635 48.690 0.000
v 45.604 48.494 0.000
v 45.514 48.317 0.000
v 45.373 48.176 0.000
v 45.196 48.086 0.000
v 45.000 48.055 0.000
v 44.804 48.086 0.000
v 44.627 48.176 0.000
v 44.486 48.317 0.000
v 44.396 48.494 0.000
v 44.365 48.690 0.000
v 44.365 50.143 0.000
v 43.778 50.387 0.000
v 43.274 50.774 0.000
v 42.887 51.278 0.000
v 42.643 51.865 0.000
v 41.190 51.865 0.000
v 40.994 51.896 0.000
v 40.817 51.986 0.000
v 40.676 52.127 0.000
v 40.586 52.304 0.000
v 40.555 52.500 0.000
v 40.586 52.696 0.000
v 40.676 52.873 0.000
v 40.817 53.014 0.000
v 40.994 53.104 0.000
v 47.117 12.000 0.000
v 47.023 11.376 0.000
v 46.749 10.807 0.000
v 46.320 10.345 0.000
v 45.773 10.029 0.000
v 45.158 9.889 0.000
v 44.529 9.936 0.000
v 43.941 10.167 0.000
v 43.448 10.560 0.000
v 43.093 11.081 0.000
v 42.907 11.684 0.000
v 42.907 12.316 0.000
v 43.093 12.919 0.000
v 43.448 13.440 0.000
v 43.941 13.833 0.000
v 44.529 14.064 0.000
v 45.158 14.111 0.000
v 45.773 13.971 0.000
v 46.320 13.655 0.000
v 46.749 13.193 0.000
v 47.023 12.624 0.000
v 102.617 90.000 0.000
v 102.523 89.376 0.000
v 102.249 88.807 0.000
v 101.820 88.345 0.000
v 101.273 88.029 0.000
v 100.658 87.889 0.000
v 100.029 87.936 0.000
v 99.442 88.167 0.000
v 98.948 88.560 0.000
v 98.593 89.081 0.000
v 98.407 89.684 0.000
v 98.407 90.316 0.000
v 98.593 90.919 0.000
v 98.948 91.440 0.000
v 99.442 91.833 0.000
v 100.029 92.064 0.000
v 100.658 92.111 0.000
v 101.273 91.971 0.000
v 101.820 91.655 0.000
v 102.249 91.193 0.000
v 102.523 90.624 0.000
v 277.375 104.250 0.000
v 277.603 105.761 0.000
v 278.266 107.137 0.000
v 279.305 108.257 0.000
v 280.628 109.021 0.000
v 282.117 109.361 0.000
v 283.640 109.247 0.000
v 285.062 108.688 0.000
v 286.257 107.736 0.000
v 287.117 106.474 0.000
v 287.568 105.014 0.000
v 287.568 103.486 0.000
v 287.117 102.026 0.000
v 286.257 100.764 0.000
v 285.062 99.812 0.000
v 283.640 99.253 0.000
v 282.117 99.139 0.000
v 280.628 99.479 0.000
v 279.305 100.243 0.000
v 278.266 101.363 0.000
v 277.603 102.739 0.000
v 142.375 104.250 0.000
v 142.603 105.761 0.000
v 143.266 107.137 0.000
v 144.305 108.257 0.000
v 145.628 109.021 0.000
v 147.117 109.361 0.000
v 148.640 109.247 0.000
v 150.062 108.688 0.000
v 151.257 107.736 0.000
v 152.117 106.474 0.000
v 152.568 105.014 0.000
v 152.568 103.486 0.000
v 152.117 102.026 0.000
v 151.257 100.764 0.000
v 150.062 99.812 0.000
v 148.640 99.253 0.000
v 147.117 99.139 0.000
v 145.628 99.479 0.000
v 144.305 100.243 0.000
v 143.266 101.363 0.000
v 142.603 102.739 0.000
v 142.375 10.500 0.000
v 142.603 12.011 0.000
v 143.266 13.387 0.000
v 144.305 14.507 0.000
v 145.628 15.271 0.000
v 147.117 15.611 0.000
v 148.640 15.497 0.000
v 150.062 14.938 0.000
v 151.257 13.986 0.000
v 152.117 12.724 0.000
v 152.568 11.264 0.000
v 152.568 9.736 0.000
v 152.117 8.276 0.000
v 151.257 7.014 0.000
v 150.062 6.062 0.000
v 148.640 5.503 0.000
v 147.117 5.389 0.000
v 145.628 5.729 0.000
v 144.305 6.493 0.000
v 143.266 7.613 0.000
v 142.603 8.989 0.000
v 277.375 185.000 0.000
v 277.603 186.511 0.000
v 278.266 187.887 0.000
v 279.305 189.007 0.000
v 280.628 189.771 0.000
v 282.117 190.111 0.000
v 283.640 189.997 0.000
v 285.062 189.438 0.000
v 286.257 188.486 0.000
v 287.117 187.224 0.000
v 287.568 185.764 0.000
v 287.568 184.236 0.000
v 287.117 182.776 0.000
v 286.257 181.514 0.000
v 285.062 180.562 0.000
v 283.640 180.003 0.000
v 282.117 179.889 0.000
v 280.628 180.229 0.000
v 279.305 180.993 0.000
v 278.266 182.113 0.000
v 277.603 183.489 0.000
v 277.375 10.500 0.000
v 277.603 12.011 0.000
v 278.266 13.387 0.000
v 279.305 14.507 0.000
v 280.628 15.271 0.000
v 282.117 15.611 0.000
v 283.640 15.497 0.000
v 285.062 14.938 0.000
v 286.257 13.986 0.000
v 287.117 12.724 0.000
v 287.568 11.264 0.000
v 287.568 9.736 0.000
v 287.117 8.276 0.000
v 286.257 7.014 0.000
v 285.062 6.062 0.000
v 283.640 5.503 0.000
v 282.117 5.389 0.000
v 280.628 5.729 0.000
v 279.305 6.493 0.000
v 278.266 7.613 0.000
v 277.603 8.989 0.000
v 5.375 106.606 0.000
v 5.603 108.117 0.000
v 6.266 109.493 0.000
v 7.305 110.613 0.000
v 8.628 111.377 0.000
v 10.117 111.717 0.000
v 11.640 111.602 0.000
v 13.062 111.044 0.000
v 14.257 110.092 0.000
v 15.117 108.830 0.000
v 15.568 107.370 0.000
v 15.568 105.842 0.000
v 15.117 104.382 0.000
v 14.257 103.120 0.000
v 13.062 102.168 0.000
v 11.640 101.609 0.000
v 10.117 101.495 0.000
v 8.628 101.835 0.000
v 7.305 102.599 0.000
v 6.266 103.719 0.000
v 5.603 105.095 0.000
v 81.098 76.810 0.000
v 81.497 76.497 0.000
v 81.810 76.098 0.000
v 82.020 75.635 0.000
v 92.825 75.635 0.000
v 93.021 75.604 0.000
v 93.198 75.514 0.000
v 93.339 75.373 0.000
v 93.429 75.196 0.000
v 93.460 75.000 0.000
v 93.429 74.804 0.000
v 93.339 74.627 0.000
v 93.198 74.486 0.000
v 93.021 74.396 0.000
v 92.825 74.365 0.000
v 82.020 74.365 0.000
v 81.750 73.809 0.000
v 81.331 73.354 0.000
v 80.799 73.039 0.000
v 80.198 72.892 0.000
v 79.581 72.925 0.000
v 78.999 73.134 0.000
v 78.503 73.503 0.000
v 78.134 73.999 0.000
v 77.925 74.581 0.000
v 77.892 75.198 0.000
v 78.039 75.799 0.000
v 78.354 76.331 0.000
v 78.809 76.750 0.000
v 79.365 77.020 0.000
v 79.365 117.980 0.000
v 78.809 118.250 0.000
v 78.354 118.669 0.000
v 78.039 119.201 0.000
v 77.892 119.802 0.000
v 77.925 120.419 0.000
v 78.134 121.001 0.000
v 78.503 121.497 0.000
v 78.999 121.866 0.000
v 79.581 122.075 0.000
v 80.198 122.108 0.000
v 80.799 121.961 0.000
v 81.331 121.646 0.000
v 81.750 121.191 0.000
v 82.020 120.635 0.000
v 92.825 120.635 0.000
v 93.021 120.604 0.000
v 93.198 120.514 0.000
v 93.339 120.373 0.000
v 93.429 120.196 0.000
v 93.460 120.000 0.000
v 93.429 119.804 0.000
v 93.339 119.627 0.000
v 93.198 119.486 0.000
v 93.021 119.396 0.000
v 92.825 119.365 0.000
v 82.020 119.365 0.000
v 81.810 118.902 0.000
v 81.497 118.503 0.000
v 81.098 118.190 0.000
v 80.635 117.980 0.000
v 80.635 101.863 0.000
v 80.635 100.137 0.000
v 80.986 99.489 0.000
v 81.510 98.971 0.000
v 82.162 98.626 0.000
v 82.886 98.485 0.000
v 83.619 98.560 0.000
v 84.299 98.844 0.000
v 84.868 99.312 0.000
v 85.277 99.926 0.000
v 85.490 100.631 0.000
v 85.490 101.369 0.000
v 85.277 102.074 0.000
v 84.868 102.688 0.000
v 84.299 103.156 0.000
v 83.619 103.440 0.000
v 82.886 103.515 0.000
v 82.162 103.374 0.000
v 81.510 103.029 0.000
v 80.986 102.511 0.000
v 294.365 99.810 0.000
v 294.396 100.006 0.000
v 294.486 100.183 0.000
v 294.627 100.324 0.000
v 294.804 100.414 0.000
v 295.000 100.445 0.000
v 295.196 100.414 0.000
v 295.373 100.324 0.000
v 295.514 100.183 0.000
v 295.604 100.006 0.000
v 295.635 99.810 0.000
v 295.635 98.357 0.000
v 296.222 98.113 0.000
v 296.726 97.726 0.000
v 297.113 97.222 0.000
v 297.357 96.635 0.000
v 298.810 96.635 0.000
v 299.006 96.604 0.000
v 299.183 96.514 0.000
v 299.324 96.373 0.000
v 299.414 96.196 0.000
v 299.445 96.000 0.000
v 299.414 95.804 0.000
v 299.324 95.627 0.000
v 299.183 95.486 0.000
v 299.006 95.396 0.000
v 298.810 95.365 0.000
v 297.357 95.365 0.000
v 297.113 94.778 0.000
v 296.726 94.274 0.000
v 296.222 93.887 0.000
v 295.635 93.643 0.000
v 295.635 92.190 0.000
v 295.604 91.994 0.000
v 295.514 91.817 0.000
v 295.373 91.676 0.000
v 295.196 91.586 0.000
v 295.000 91.555 0.000
v 294.804 91.586 0.000
v 294.627 91.676 0.000
v 294.486 91.817 0.000
v 294.396 91.994 0.000
v 294.365 92.190 0.000
v 294.365 93.643 0.000
v 293.778 93.887 0.000
v 293.274 94.274 0.000
v 292.887 94.778 0.000
v 292.643 95.365 0.000
v 291.190 95.365 0.000
v 290.994 95.396 0.000
v 290.817 95.486 0.000
v 290.676 95.627 0.000
v 290.586 95.804 0.000
v 290.555 96.000 0.000
v 290.586 96.196 0.000
v 290.676 96.373 0.000
v 290.817 96.514 0.000
v 290.994 96.604 0.000
v 291.190 96.635 0.000
v 292.643 96.635 0.000
v 292.887 97.222 0.000
v 293.274 97.726 0.000
v 293.778 98.113 0.000
v 294.365 98.357 0.000
v 90.482 111.000 0.000
v 90.580 110.306 0.000
v 90.865 109.666 0.000
v 91.315 109.130 0.000
v 91.896 108.738 0.000
v 92.562 108.521 0.000
v 93.262 108.496 0.000
v 93.942 108.665 0.000
v 94.549 109.015 0.000
v 95.036 109.519 0.000
v 95.365 111.863 0.000
v 95.036 112.481 0.000
v 94.549 112.985 0.000
v 93.942 113.335 0.000
v 93.262 113.504 0.000
v 92.562 113.479 0.000
v 91.896 113.262 0.000
v 91.315 112.870 0.000
v 90.865 112.334 0.000
v 90.580 111.694 0.000
v 95.365 127.980 0.000
v 94.829 128.236 0.000
v 94.386 128.631 0.000
v 94.069 129.133 0.000
v 93.904 129.703 0.000
v 93.904 130.297 0.000
v 94.069 130.867 0.000
v 94.386 131.369 0.000
v 94.829 131.764 0.000
v 95.365 132.020 0.000
v 95.365 138.643 0.000
v 94.778 138.887 0.000
v 94.274 139.274 0.000
v 93.887 139.778 0.000
v 93.643 140.365 0.000
v 92.190 140.365 0.000
v 91.994 140.396 0.000
v 91.817 140.486 0.000
v 91.676 140.627 0.000
v 91.586 140.804 0.000
v 91.555 141.000 0.000
v 91.586 141.196 0.000
v 91.676 141.373 0.000
v 91.817 141.514 0.000
v 91.994 141.604 0.000
v 92.190 141.635 0.000
v 93.643 141.635 0.000
v 93.887 142.222 0.000
v 94.274 142.726 0.000
v 94.778 143.113 0.000
v 95.365 143.357 0.000
v 95.365 144.810 0.000
v 95.396 145.006 0.000
v 95.486 145.183 0.000
v 95.627 145.324 0.000
v 95.804 145.414 0.000
v 96.000 145.445 0.000
v 96.196 145.414 0.000
v 96.373 145.324 0.000
v 96.514 145.183 0.000
v 96.604 145.006 0.000
v 96.635 144.810 0.000
v 96.635 143.357 0.000
v 97.222 143.113 0.000
v 97.726 142.726 0.000
v 98.113 142.222 0.000
v 98.357 141.635 0.000
v 99.810 141.635 0.000
v 100.006 141.604 0.000
v 100.183 141.514 0.000
v 100.324 141.373 0.000
v 100.414 141.196 0.000
v 100.445 141.000 0.000
v 100.414 140.804 0.000
v 100.324 140.627 0.000
v 100.183 140.486 0.000
v 100.006 140.396 0.000
v 99.810 140.365 0.000
v 98.357 140.365 0.000
v 98.113 139.778 0.000
v 97.726 139.274 0.000
v 97.222 138.887 0.000
v 96.635 138.643 0.000
v 96.635 132.020 0.000
v 97.121 131.796 0.000
v 97.535 131.458 0.000
v 97.851 131.027 0.000
v 98.049 130.530 0.000
v 98.117 130.000 0.000
v 98.049 129.470 0.000
v 97.851 128.973 0.000
v 97.535 128.542 0.000
v 97.121 128.204 0.000
v 96.635 127.980 0.000
v 96.635 54.405 0.000
v 96.678 54.076 0.000
v 96.805 53.770 0.000
v 97.007 53.507 0.000
v 97.270 53.305 0.000
v 97.576 53.178 0.000
v 97.905 53.135 0.000
v 116.480 53.135 0.000
v 116.736 53.671 0.000
v 117.131 54.114 0.000
v 117.633 54.431 0.000
v 118.203 54.596 0.000
v 118.797 54.596 0.000
v 119.367 54.431 0.000
v 119.869 54.114 0.000
v 120.264 53.671 0.000
v 120.520 53.135 0.000
v 154.334 53.135 0.000
v 153.694 53.420 0.000
v 153.000 53.518 0.000
v 152.306 53.420 0.000
v 171.480 53.135 0.000
v 171.736 53.671 0.000
v 172.131 54.114 0.000
v 172.633 54.431 0.000
v 173.203 54.596 0.000
v 173.797 54.596 0.000
v 174.367 54.431 0.000
v 174.869 54.114 0.000
v 175.264 53.671 0.000
v 175.520 53.135 0.000
v 182.143 53.135 0.000
v 182.387 53.722 0.000
v 182.774 54.226 0.000
v 183.278 54.613 0.000
v 183.865 54.857 0.000
v 183.865 56.310 0.000
v 183.896 56.506 0.000
v 183.986 56.683 0.000
v 184.127 56.824 0.000
v 184.304 56.914 0.000
v 184.500 56.945 0.000
v 184.696 56.914 0.000
v 184.873 56.824 0.000
v 185.014 56.683 0.000
v 185.104 56.506 0.000
v 185.135 56.310 0.000
v 185.135 54.857 0.000
v 185.722 54.613 0.000
v 186.226 54.226 0.000
v 186.613 53.722 0.000
v 186.857 53.135 0.000
v 188.310 53.135 0.000
v 188.506 53.104 0.000
v 188.683 53.014 0.000
v 188.824 52.873 0.000
v 188.914 52.696 0.000
v 188.945 52.500 0.000
v 188.914 52.304 0.000
v 188.824 52.127 0.000
v 188.683 51.986 0.000
v 188.506 51.896 0.000
v 188.310 51.865 0.000
v 186.857 51.865 0.000
v 186.613 51.278 0.000
v 186.226 50.774 0.000
v 185.722 50.387 0.000
v 185.135 50.143 0.000
v 185.135 48.690 0.000
v 185.104 48.494 0.000
v 185.014 48.317 0.000
v 184.873 48.176 0.000
v 184.696 48.086 0.000
v 184.500 48.055 0.000
v 184.304 48.086 0.000
v 184.127 48.176 0.000
v 183.986 48.317 0.000
v 183.896 48.494 0.000
v 183.865 48.690 0.000
v 183.865 50.143 0.000
v 183.278 50.387 0.000
v 182.774 50.774 0.000
v 182.387 51.278 0.000
v 182.143 51.865 0.000
v 175.520 51.865 0.000
v 175.264 51.329 0.000
v 174.869 50.886 0.000
v 174.367 50.569 0.000
v 173.797 50.404 0.000
v 173.203 50.404 0.000
v 172.633 50.569 0.000
v 172.131 50.886 0.000
v 171.736 51.329 0.000
v 171.480 51.865 0.000
v 155.364 51.865 0.000
v 150.482 51.000 0.000
v 150.588 50.278 0.000
v 150.897 49.616 0.000
v 151.383 49.071 0.000
v 152.004 48.688 0.000
v 152.709 48.499 0.000
v 153.439 48.521 0.000
v 154.132 48.751 0.000
v 154.730 49.171 0.000
v 155.182 49.744 0.000
v 155.450 50.423 0.000
v 155.513 51.150 0.000
v 150.551 51.583 0.000
v 150.500 51.294 0.000
v 120.520 51.865 0.000
v 120.264 51.329 0.000
v 119.869 50.886 0.000
v 119.367 50.569 0.000
v 118.797 50.404 0.000
v 118.203 50.404 0.000
v 117.633 50.569 0.000
v 117.131 50.886 0.000
v 116.736 51.329 0.000
v 116.480 51.865 0.000
v 96.635 51.865 0.000
v 96.306 51.908 0.000
v 96.000 52.035 0.000
v 95.737 52.237 0.000
v 95.535 52.500 0.000
v 95.408 52.806 0.000
v 95.365 53.135 0.000
v 95.365 70.137 0.000
v 90.482 71.000 0.000
v 90.580 70.306 0.000
v 90.865 69.666 0.000
v 91.315 69.130 0.000
v 91.896 68.738 0.000
v 92.562 68.521 0.000
v 93.262 68.496 0.000
v 93.942 68.665 0.000
v 94.549 69.015 0.000
v 95.036 69.519 0.000
v 95.365 71.863 0.000
v 95.036 72.481 0.000
v 94.549 72.985 0.000
v 93.942 73.335 0.000
v 93.262 73.504 0.000
v 92.562 73.479 0.000
v 91.896 73.262 0.000
v 91.315 72.870 0.000
v 90.865 72.334 0.000
v 90.580 71.694 0.000
v 168.236 121.171 0.000
v 168.631 121.614 0.000
v 169.133 121.931 0.000
v 169.703 122.096 0.000
v 170.297 122.096 0.000
v 170.867 121.931 0.000
v 171.369 121.614 0.000
v 171.764 121.171 0.000
v 172.020 120.635 0.000
v 180.509 120.635 0.000
v 180.483 121.000 0.000
v 180.485 120.878 0.000
v 180.494 120.756 0.000
v 185.491 120.635 0.000
v 185.488 121.384 0.000
v 185.265 122.100 0.000
v 184.840 122.718 0.000
v 184.253 123.183 0.000
v 183.555 123.456 0.000
v 182.807 123.510 0.000
v 182.077 123.342 0.000
v 181.428 122.967 0.000
v 180.919 122.417 0.000
v 180.594 121.741 0.000
v 200.509 120.635 0.000
v 200.482 121.000 0.000
v 200.485 120.878 0.000
v 200.494 120.756 0.000
v 205.491 120.635 0.000
v 205.488 121.384 0.000
v 205.265 122.100 0.000
v 204.840 122.718 0.000
v 204.253 123.183 0.000
v 203.555 123.456 0.000
v 202.807 123.510 0.000
v 202.077 123.342 0.000
v 201.428 122.967 0.000
v 200.919 122.417 0.000
v 200.594 121.741 0.000
v 220.509 120.635 0.000
v 220.482 121.000 0.000
v 220.485 120.878 0.000
v 220.494 120.756 0.000
v 225.491 120.635 0.000
v 225.488 121.384 0.000
v 225.265 122.100 0.000
v 224.840 122.718 0.000
v 224.253 123.183 0.000
v 223.555 123.456 0.000
v 222.807 123.510 0.000
v 222.077 123.342 0.000
v 221.428 122.967 0.000
v 220.919 122.417 0.000
v 220.594 121.741 0.000
v 240.509 120.635 0.000
v 240.482 121.000 0.000
v 240.485 120.878 0.000
v 240.494 120.756 0.000
v 245.491 120.635 0.000
v 245.488 121.384 0.000
v 245.265 122.100 0.000
v 244.840 122.718 0.000
v 244.253 123.183 0.000
v 243.555 123.456 0.000
v 242.807 123.510 0.000
v 242.077 123.342 0.000
v 241.428 122.967 0.000
v 240.919 122.417 0.000
v 240.594 121.741 0.000
v 257.980 120.635 0.000
v 258.239 121.175 0.000
v 258.638 121.621 0.000
v 259.146 121.937 0.000
v 259.723 122.099 0.000
v 260.321 122.092 0.000
v 260.894 121.919 0.000
v 261.395 121.592 0.000
v 261.785 121.138 0.000
v 262.032 120.593 0.000
v 262.117 120.000 0.000
v 262.049 119.470 0.000
v 261.851 118.973 0.000
v 261.535 118.542 0.000
v 261.121 118.204 0.000
v 260.635 117.980 0.000
v 260.635 101.863 0.000
v 260.635 100.137 0.000
v 260.986 99.489 0.000
v 261.510 98.971 0.000
v 262.162 98.626 0.000
v 262.886 98.485 0.000
v 263.619 98.560 0.000
v 264.299 98.844 0.000
v 264.868 99.312 0.000
v 265.277 99.926 0.000
v 265.490 100.631 0.000
v 265.490 101.369 0.000
v 265.277 102.074 0.000
v 264.868 102.688 0.000
v 264.299 103.156 0.000
v 263.619 103.440 0.000
v 262.886 103.515 0.000
v 262.162 103.374 0.000
v 261.510 103.029 0.000
v 260.986 102.511 0.000
v 261.121 76.796 0.000
v 261.535 76.458 0.000
v 261.851 76.027 0.000
v 262.049 75.530 0.000
v 262.117 75.000 0.000
v 262.032 74.407 0.000
v 261.785 73.862 0.000
v 261.395 73.408 0.000
v 260.894 73.081 0.000
v 260.321 72.908 0.000
v 259.723 72.901 0.000
v 259.146 73.063 0.000
v 258.638 73.379 0.000
v 258.239 73.825 0.000
v 257.980 74.365 0.000
v 172.020 74.365 0.000
v 171.764 73.829 0.000
v 171.369 73.386 0.000
v 170.867 73.069 0.000
v 170.297 72.904 0.000
v 169.703 72.904 0.000
v 169.133 73.069 0.000
v 168.631 73.386 0.000
v 168.236 73.829 0.000
v 167.980 74.365 0.000
v 99.175 74.365 0.000
v 98.979 74.396 0.000
v 98.802 74.486 0.000
v 98.661 74.627 0.000
v 98.571 74.804 0.000
v 98.540 75.000 0.000
v 98.571 75.196 0.000
v 98.661 75.373 0.000
v 98.802 75.514 0.000
v 98.979 75.604 0.000
v 99.175 75.635 0.000
v 167.980 75.635 0.000
v 168.236 76.171 0.000
v 168.631 76.614 0.000
v 169.133 76.931 0.000
v 169.703 77.096 0.000
v 170.297 77.096 0.000
v 170.867 76.931 0.000
v 171.369 76.614 0.000
v 171.764 76.171 0.000
v 172.020 75.635 0.000
v 257.980 75.635 0.000
v 258.190 76.098 0.000
v 258.503 76.497 0.000
v 258.902 76.810 0.000
v 259.365 77.020 0.000
v 259.365 117.980 0.000
v 258.902 118.190 0.000
v 258.503 118.503 0.000
v 258.190 118.902 0.000
v 257.980 119.365 0.000
v 244.914 119.365 0.000
v 241.086 119.365 0.000
v 241.629 118.889 0.000
v 242.285 118.586 0.000
v 243.000 118.483 0.000
v 243.715 118.586 0.000
v 244.371 118.889 0.000
v 224.914 119.365 0.000
v 221.086 119.365 0.000
v 221.629 118.889 0.000
v 222.285 118.586 0.000
v 223.000 118.483 0.000
v 223.715 118.586 0.000
v 224.371 118.889 0.000
v 204.914 119.365 0.000
v 201.086 119.365 0.000
v 201.629 118.889 0.000
v 202.285 118.586 0.000
v 203.000 118.483 0.000
v 203.715 118.586 0.000
v 204.371 118.889 0.000
v 184.914 119.365 0.000
v 181.086 119.365 0.000
v 181.629 118.889 0.000
v 182.285 118.586 0.000
v 183.000 118.483 0.000
v 183.715 118.586 0.000
v 184.371 118.889 0.000
v 172.020 119.365 0.000
v 171.764 118.829 0.000
v 171.369 118.386 0.000
v 170.867 118.069 0.000
v 170.297 117.904 0.000
v 169.703 117.904 0.000
v 169.133 118.069 0.000
v 168.631 118.386 0.000
v 168.236 118.829 0.000
v 144.914 119.365 0.000
v 141.086 119.365 0.000
v 141.629 118.889 0.000
v 142.285 118.586 0.000
v 143.000 118.483 0.000
v 143.715 118.586 0.000
v 144.371 118.889 0.000
v 124.914 119.365 0.000
v 121.086 119.365 0.000
v 121.629 118.889 0.000
v 122.285 118.586 0.000
v 123.000 118.483 0.000
v 123.715 118.586 0.000
v 124.371 118.889 0.000
v 104.914 119.365 0.000
v 101.086 119.365 0.000
v 101.629 118.889 0.000
v 102.285 118.586 0.000
v 103.000 118.483 0.000
v 103.715 118.586 0.000
v 104.371 118.889 0.000
v 99.175 119.365 0.000
v 98.979 119.396 0.000
v 98.802 119.486 0.000
v 98.661 119.627 0.000
v 98.571 119.804 0.000
v 98.540 120.000 0.000
v 98.571 120.196 0.000
v 98.661 120.373 0.000
v 98.802 120.514 0.000
v 98.979 120.604 0.000
v 99.175 120.635 0.000
v 100.509 120.635 0.000
v 100.482 121.000 0.000
v 100.485 120.878 0.000
v 100.494 120.756 0.000
v 105.491 120.635 0.000
v 105.488 121.384 0.000
v 105.265 122.100 0.000
v 104.840 122.718 0.000
v 104.253 123.183 0.000
v 103.555 123.456 0.000
v 102.807 123.510 0.000
v 102.077 123.342 0.000
v 101.428 122.967 0.000
v 100.919 122.417 0.000
v 100.594 121.741 0.000
v 120.509 120.635 0.000
v 120.482 121.000 0.000
v 120.485 120.878 0.000
v 120.494 120.756 0.000
v 125.491 120.635 0.000
v 125.488 121.384 0.000
v 125.265 122.100 0.000
v 124.840 122.718 0.000
v 124.253 123.183 0.000
v 123.555 123.456 0.000
v 122.807 123.510 0.000
v 122.077 123.342 0.000
v 121.428 122.967 0.000
v 120.919 122.417 0.000
v 120.594 121.741 0.000
v 140.509 120.635 0.000
v 140.482 121.000 0.000
v 140.485 120.878 0.000
v 140.494 120.756 0.000
v 145.491 120.635 0.000
v 145.488 121.384 0.000
v 145.265 122.100 0.000
v 144.840 122.718 0.000
v 144.253 123.183 0.000
v 143.555 123.456 0.000
v 142.807 123.510 0.000
v 142.077 123.342 0.000
v 141.428 122.967 0.000
v 140.919 122.417 0.000
v 140.594 121.741 0.000
v 282.419 207.982 -17.780
v 282.902 208.998 -17.780
v 283.197 210.083 -17.780
v 283.297 211.203 -17.780
v 283.297 220.677 -17.780
v 283.292 220.710 -17.780
v 283.280 220.741 -17.780
v 283.260 220.767 -17.780
v 282.064 221.963 -17.780
v 282.038 221.983 -17.780
v 282.007 221.996 -17.780
v 281.974 222.000 -17.780
v 1.323 222.000 -17.780
v 1.290 221.996 -17.780
v 1.259 221.983 -17.780
v 1.233 221.963 -17.780
v 0.037 220.767 -17.780
v 0.017 220.741 -17.780
v 0.004 220.710 -17.780
v 0.000 220.677 -17.780
v 0.000 1.323 -17.780
v 0.004 1.290 -17.780
v 0.017 1.259 -17.780
v 0.037 1.233 -17.780
v 1.233 0.037 -17.780
v 1.259 0.017 -17.780
v 1.290 0.004 -17.780
v 1.323 0.000 -17.780
v 304.677 0.000 -17.780
v 304.710 0.004 -17.780
v 304.741 0.017 -17.780
v 304.767 0.037 -17.780
v 305.963 1.233 -17.780
v 305.983 1.259 -17.780
v 305.996 1.290 -17.780
v 306.000 1.323 -17.780
v 306.000 197.974 -17.780
v 305.996 198.007 -17.780
v 305.983 198.038 -17.780
v 305.963 198.064 -17.780
v 304.767 199.260 -17.780
v 304.741 199.280 -17.780
v 304.710 199.292 -17.780
v 304.677 199.297 -17.780
v 295.203 199.297 -17.780
v 294.083 199.197 -17.780
v 292.998 198.902 -17.780
v 291.982 198.419 -17.780
v 281.653 206.094 -17.780
v 281.464 204.065 -17.780
v 281.869 202.068 -17.780
v 282.832 200.273 -17.780
v 284.273 198.832 -17.780
v 286.068 197.869 -17.780
v 288.065 197.464 -17.780
v 290.094 197.653 -17.780
v 262.117 120.000 -17.780
v 262.023 119.376 -17.780
v 261.749 118.807 -17.780
v 261.320 118.345 -17.780
v 260.773 118.029 -17.780
v 260.158 117.889 -17.780
v 259.529 117.936 -17.780
v 258.941 118.167 -17.780
v 258.448 118.560 -17.780
v 258.093 119.081 -17.780
v 257.907 119.684 -17.780
v 257.907 120.316 -17.780
v 258.093 120.919 -17.780
v 258.448 121.440 -17.780
v 258.941 121.833 -17.780
v 259.529 122.064 -17.780
v 260.158 122.111 -17.780
v 260.773 121.971 -17.780
v 261.320 121.655 -17.780
v 261.749 121.193 -17.780
v 262.023 120.624 -17.780
v 175.617 52.500 -17.780
v 175.523 51.876 -17.780
v 175.249 51.307 -17.780
v 174.820 50.845 -17.780
v 174.273 50.529 -17.780
v 173.658 50.389 -17.780
v 173.029 50.436 -17.780
v 172.441 50.667 -17.780
v 171.948 51.060 -17.780
v 171.593 51.581 -17.780
v 171.407 52.184 -17.780
v 171.407 52.816 -17.780
v 171.593 53.419 -17.780
v 171.948 53.940 -17.780
v 172.441 54.333 -17.780
v 173.029 54.564 -17.780
v 173.658 54.611 -17.780
v 174.273 54.471 -17.780
v 174.820 54.155 -17.780
v 175.249 53.693 -17.780
v 175.523 53.124 -17.780
v 172.117 120.000 -17.780
v 172.023 119.376 -17.780
v 171.749 118.807 -17.780
v 171.320 118.345 -17.780
v 170.773 118.029 -17.780
v 170.158 117.889 -17.780
v 169.529 117.936 -17.780
v 168.941 118.167 -17.780
v 168.448 118.560 -17.780
v 168.093 119.081 -17.780
v 167.907 119.684 -17.780
v 167.907 120.316 -17.780
v 168.093 120.919 -17.780
v 168.448 121.440 -17.780
v 168.941 121.833 -17.780
v 169.529 122.064 -17.780
v 170.158 122.111 -17.780
v 170.773 121.971 -17.780
v 171.320 121.655 -17.780
v 171.749 121.193 -17.780
v 172.023 120.624 -17.780
v 82.117 120.000 -17.780
v 82.023 119.376 -17.780
v 81.749 118.807 -17.780
v 81.320 118.345 -17.780
v 80.773 118.029 -17.780
v 80.158 117.889 -17.780
v 79.529 117.936 -17.780
v 78.941 118.167 -17.780
v 78.448 118.560 -17.780
v 78.093 119.081 -17.780
v 77.907 119.684 -17.780
v 77.907 120.316 -17.780
v 78.093 120.919 -17.780
v 78.448 121.440 -17.780
v 78.941 121.833 -17.780
v 79.529 122.064 -17.780
v 80.158 122.111 -17.780
v 80.773 121.971 -17.780
v 81.320 121.655 -17.780
v 81.749 121.193 -17.780
v 82.023 120.624 -17.780
v 120.617 52.500 -17.780
v 120.523 51.876 -17.780
v 120.249 51.307 -17.780
v 119.820 50.845 -17.780
v 119.273 50.529 -17.780
v 118.658 50.389 -17.780
v 118.029 50.436 -17.780
v 117.442 50.667 -17.780
v 116.948 51.060 -17.780
v 116.593 51.581 -17.780
v 116.407 52.184 -17.780
v 116.407 52.816 -17.780
v 116.593 53.419 -17.780
v 116.948 53.940 -17.780
v 117.442 54.333 -17.780
v 118.029 54.564 -17.780
v 118.658 54.611 -17.780
v 119.273 54.471 -17.780
v 119.820 54.155 -17.780
v 120.249 53.693 -17.780
v 120.523 53.124 -17.780
v 82.117 75.000 -17.780
v 82.023 74.376 -17.780
v 81.749 73.807 -17.780
v 81.320 73.345 -17.780
v 80.773 73.029 -17.780
v 80.158 72.889 -17.780
v 79.529 72.936 -17.780
v 78.941 73.167 -17.780
v 78.448 73.560 -17.780
v 78.093 74.081 -17.780
v 77.907 74.684 -17.780
v 77.907 75.316 -17.780
v 78.093 75.919 -17.780
v 78.448 76.440 -17.780
v 78.941 76.833 -17.780
v 79.529 77.064 -17.780
v 80.158 77.111 -17.780
v 80.773 76.971 -17.780
v 81.320 76.655 -17.780
v 81.749 76.193 -17.780
v 82.023 75.624 -17.780
v 47.117 12.000 -17.780
v 47.023 11.376 -17.780
v 46.749 10.807 -17.780
v 46.320 10.345 -17.780
v 45.773 10.029 -17.780
v 45.158 9.889 -17.780
v 44.529 9.936 -17.780
v 43.941 10.167 -17.780
v 43.448 10.560 -17.780
v 43.093 11.081 -17.780
v 42.907 11.684 -17.780
v 42.907 12.316 -17.780
v 43.093 12.919 -17.780
v 43.448 13.440 -17.780
v 43.941 13.833 -17.780
v 44.529 14.064 -17.780
v 45.158 14.111 -17.780
v 45.773 13.971 -17.780
v 46.320 13.655 -17.780
v 46.749 13.193 -17.780
v 47.023 12.624 -17.780
v 14.117 45.000 -17.780
v 14.023 44.376 -17.780
v 13.749 43.807 -17.780
v 13.320 43.345 -17.780
v 12.773 43.029 -17.780
v 12.158 42.889 -17.780
v 11.529 42.936 -17.780
v 10.941 43.167 -17.780
v 10.448 43.560 -17.780
v 10.093 44.081 -17.780
v 9.907 44.684 -17.780
v 9.907 45.316 -17.780
v 10.093 45.919 -17.780
v 10.448 46.440 -17.780
v 10.941 46.833 -17.780
v 11.529 47.064 -17.780
v 12.158 47.111 -17.780
v 12.773 46.971 -17.780
v 13.320 46.655 -17.780
v 13.749 46.193 -17.780
v 14.023 45.624 -17.780
v 9.617 85.000 -17.780
v 9.523 84.376 -17.780
v 9.249 83.807 -17.780
v 8.820 83.345 -17.780
v 8.273 83.029 -17.780
v 7.658 82.889 -17.780
v 7.029 82.936 -17.780
v 6.441 83.167 -17.780
v 5.948 83.560 -17.780
v 5.593 84.081 -17.780
v 5.407 84.684 -17.780
v 5.407 85.316 -17.780
v 5.593 85.919 -17.780
v 5.948 86.440 -17.780
v 6.441 86.833 -17.780
v 7.029 87.064 -17.780
v 7.658 87.111 -17.780
v 8.273 86.971 -17.780
v 8.820 86.655 -17.780
v 9.249 86.193 -17.780
v 9.523 85.624 -17.780
v 32.117 7.500 -17.780
v 32.023 6.876 -17.780
v 31.749 6.307 -17.780
v 31.320 5.845 -17.780
v 30.773 5.529 -17.780
v 30.158 5.389 -17.780
v 29.529 5.436 -17.780
v 28.941 5.667 -17.780
v 28.448 6.060 -17.780
v 28.093 6.581 -17.780
v 27.907 7.184 -17.780
v 27.907 7.816 -17.780
v 28.093 8.419 -17.780
v 28.448 8.940 -17.780
v 28.941 9.333 -17.780
v 29.529 9.564 -17.780
v 30.158 9.611 -17.780
v 30.773 9.471 -17.780
v 31.320 9.155 -17.780
v 31.749 8.693 -17.780
v 32.023 8.124 -17.780
v 87.117 7.500 -17.780
v 87.023 6.876 -17.780
v 86.749 6.307 -17.780
v 86.320 5.845 -17.780
v 85.773 5.529 -17.780
v 85.158 5.389 -17.780
v 84.529 5.436 -17.780
v 83.941 5.667 -17.780
v 83.448 6.060 -17.780
v 83.093 6.581 -17.780
v 82.907 7.184 -17.780
v 82.907 7.816 -17.780
v 83.093 8.419 -17.780
v 83.448 8.940 -17.780
v 83.941 9.333 -17.780
v 84.529 9.564 -17.780
v 85.158 9.611 -17.780
v 85.773 9.471 -17.780
v 86.320 9.155 -17.780
v 86.749 8.693 -17.780
v 87.023 8.124 -17.780
v 102.617 90.000 -17.780
v 102.523 89.376 -17.780
v 102.249 88.807 -17.780
v 101.820 88.345 -17.780
v 101.273 88.029 -17.780
v 100.658 87.889 -17.780
v 100.029 87.936 -17.780
v 99.442 88.167 -17.780
v 98.948 88.560 -17.780
v 98.593 89.081 -17.780
v 98.407 89.684 -17.780
v 98.407 90.316 -17.780
v 98.593 90.919 -17.780
v 98.948 91.440 -17.780
v 99.442 91.833 -17.780
v 100.029 92.064 -17.780
v 100.658 92.111 -17.780
v 101.273 91.971 -17.780
v 101.820 91.655 -17.780
v 102.249 91.193 -17.780
v 102.523 90.624 -17.780
v 135.617 57.000 -17.780
v 135.523 56.376 -17.780
v 135.249 55.807 -17.780
v 134.820 55.345 -17.780
v 134.273 55.029 -17.780
v 133.658 54.889 -17.780
v 133.029 54.936 -17.780
v 132.441 55.167 -17.780
v 131.948 55.560 -17.780
v 131.593 56.081 -17.780
v 131.407 56.684 -17.780
v 131.407 57.316 -17.780
v 131.593 57.919 -17.780
v 131.948 58.440 -17.780
v 132.441 58.833 -17.780
v 133.029 59.064 -17.780
v 133.658 59.111 -17.780
v 134.273 58.971 -17.780
v 134.820 58.655 -17.780
v 135.249 58.193 -17.780
v 135.523 57.624 -17.780
v 98.117 130.000 -17.780
v 98.023 129.376 -17.780
v 97.749 128.807 -17.780
v 97.320 128.345 -17.780
v 96.773 128.029 -17.780
v 96.158 127.889 -17.780
v 95.529 127.936 -17.780
v 94.942 128.167 -17.780
v 94.448 128.560 -17.780
v 94.093 129.081 -17.780
v 93.907 129.684 -17.780
v 93.907 130.316 -17.780
v 94.093 130.919 -17.780
v 94.448 131.440 -17.780
v 94.942 131.833 -17.780
v 95.529 132.064 -17.780
v 96.158 132.111 -17.780
v 96.773 131.971 -17.780
v 97.320 131.655 -17.780
v 97.749 131.193 -17.780
v 98.023 130.624 -17.780
v 172.117 75.000 -17.780
v 172.023 74.376 -17.780
v 171.749 73.807 -17.780
v 171.320 73.345 -17.780
v 170.773 73.029 -17.780
v 170.158 72.889 -17.780
v 169.529 72.936 -17.780
v 168.941 73.167 -17.780
v 168.448 73.560 -17.780
v 168.093 74.081 -17.780
v 167.907 74.684 -17.780
v 167.907 75.316 -17.780
v 168.093 75.919 -17.780
v 168.448 76.440 -17.780
v 168.941 76.833 -17.780
v 169.529 77.064 -17.780
v 170.158 77.111 -17.780
v 170.773 76.971 -17.780
v 171.320 76.655 -17.780
v 171.749 76.193 -17.780
v 172.023 75.624 -17.780
v 262.117 75.000 -17.780
v 262.023 74.376 -17.780
v 261.749 73.807 -17.780
v 261.320 73.345 -17.780
v 260.773 73.029 -17.780
v 260.158 72.889 -17.780
v 259.529 72.936 -17.780
v 258.941 73.167 -17.780
v 258.448 73.560 -17.780
v 258.093 74.081 -17.780
v 257.907 74.684 -17.780
v 257.907 75.316 -17.780
v 258.093 75.919 -17.780
v 258.448 76.440 -17.780
v 258.941 76.833 -17.780
v 259.529 77.064 -17.780
v 260.158 77.111 -17.780
v 260.773 76.971 -17.780
v 261.320 76.655 -17.780
v 261.749 76.193 -17.780
v 262.023 75.624 -17.780
v 144.375 185.000 -17.780
v 144.514 184.079 -17.780
v 144.918 183.240 -17.780
v 145.552 182.557 -17.780
v 146.358 182.091 -17.780
v 147.266 181.884 -17.780
v 148.195 181.953 -17.780
v 149.062 182.294 -17.780
v 149.791 182.874 -17.780
v 150.316 183.644 -17.780
v 150.590 184.534 -17.780
v 150.590 185.466 -17.780
v 150.316 186.356 -17.780
v 149.791 187.126 -17.780
v 149.062 187.706 -17.780
v 148.195 188.047 -17.780
v 147.266 188.116 -17.780
v 146.358 187.909 -17.780
v 145.552 187.443 -17.780
v 144.918 186.760 -17.780
v 144.514 185.921 -17.780
v 7.375 185.000 -17.780
v 7.514 184.079 -17.780
v 7.918 183.240 -17.780
v 8.552 182.557 -17.780
v 9.358 182.091 -17.780
v 10.266 181.884 -17.780
v 11.195 181.953 -17.780
v 12.062 182.294 -17.780
v 12.791 182.874 -17.780
v 13.316 183.644 -17.780
v 13.590 184.534 -17.780
v 13.590 185.466 -17.780
v 13.316 186.356 -17.780
v 12.791 187.126 -17.780
v 12.062 187.706 -17.780
v 11.195 188.047 -17.780
v 10.266 188.116 -17.780
v 9.358 187.909 -17.780
v 8.552 187.443 -17.780
v 7.918 186.760 -17.780
v 7.514 185.921 -17.780
v 299.250 96.000 -17.780
v 299.061 97.253 -17.780
v 298.512 98.394 -17.780
v 297.650 99.323 -17.780
v 296.553 99.956 -17.780
v 295.318 100.238 -17.780
v 294.054 100.143 -17.780
v 292.875 99.681 -17.780
v 291.885 98.891 -17.780
v 291.171 97.844 -17.780
v 290.797 96.633 -17.780
v 290.797 95.367 -17.780
v 291.171 94.156 -17.780
v 291.885 93.109 -17.780
v 292.875 92.319 -17.780
v 294.054 91.857 -17.780
v 295.318 91.762 -17.780
v 296.553 92.044 -17.780
v 297.650 92.677 -17.780
v 298.512 93.606 -17.780
v 299.061 94.747 -17.780
v 150.482 51.000 -17.780
v 150.594 51.742 -17.780
v 150.920 52.418 -17.780
v 151.430 52.968 -17.780
v 152.080 53.343 -17.780
v 152.812 53.510 -17.780
v 153.560 53.454 -17.780
v 154.259 53.180 -17.780
v 154.845 52.712 -17.780
v 155.268 52.092 -17.780
v 155.489 51.375 -17.780
v 155.489 50.625 -17.780
v 155.268 49.908 -17.780
v 154.845 49.288 -17.780
v 154.259 48.820 -17.780
v 153.560 48.546 -17.780
v 152.812 48.490 -17.780
v 152.080 48.657 -17.780
v 151.430 49.032 -17.780
v 150.920 49.582 -17.780
v 150.594 50.258 -17.780
v 144.375 10.500 -17.780
v 144.514 9.579 -17.780
v 144.918 8.740 -17.780
v 145.552 8.057 -17.780
v 146.358 7.591 -17.780
v 147.266 7.384 -17.780
v 148.195 7.453 -17.780
v 149.062 7.794 -17.780
v 149.791 8.374 -17.780
v 150.316 9.144 -17.780
v 150.590 10.034 -17.780
v 150.590 10.966 -17.780
v 150.316 11.856 -17.780
v 149.791 12.626 -17.780
v 149.062 13.206 -17.780
v 148.195 13.547 -17.780
v 147.266 13.616 -17.780
v 146.358 13.409 -17.780
v 145.552 12.943 -17.780
v 144.918 12.260 -17.780
v 144.514 11.421 -17.780
v 220.482 121.000 -17.780
v 220.594 121.742 -17.780
v 220.920 122.418 -17.780
v 221.430 122.968 -17.780
v 222.080 123.343 -17.780
v 222.812 123.510 -17.780
v 223.560 123.454 -17.780
v 224.259 123.180 -17.780
v 224.845 122.712 -17.780
v 225.268 122.092 -17.780
v 225.489 121.375 -17.780
v 225.489 120.625 -17.780
v 225.268 119.908 -17.780
v 224.845 119.288 -17.780
v 224.259 118.820 -17.780
v 223.560 118.546 -17.780
v 222.812 118.490 -17.780
v 222.080 118.657 -17.780
v 221.430 119.032 -17.780
v 220.920 119.582 -17.780
v 220.594 120.258 -17.780
v 180.483 121.000 -17.780
v 180.594 121.742 -17.780
v 180.920 122.418 -17.780
v 181.430 122.968 -17.780
v 182.080 123.343 -17.780
v 182.812 123.510 -17.780
v 183.560 123.454 -17.780
v 184.259 123.180 -17.780
v 184.845 122.712 -17.780
v 185.268 122.092 -17.780
v 185.489 121.375 -17.780
v 185.489 120.625 -17.780
v 185.268 119.908 -17.780
v 184.845 119.288 -17.780
v 184.259 118.820 -17.780
v 183.560 118.546 -17.780
v 182.812 118.490 -17.780
v 182.080 118.657 -17.780
v 181.430 119.032 -17.780
v 180.920 119.582 -17.780
v 180.594 120.258 -17.780
v 140.482 121.000 -17.780
v 140.594 121.742 -17.780
v 140.920 122.418 -17.780
v 141.430 122.968 -17.780
v 142.080 123.343 -17.780
v 142.812 123.510 -17.780
v 143.560 123.454 -17.780
v 144.259 123.180 -17.780
v 144.845 122.712 -17.780
v 145.268 122.092 -17.780
v 145.489 121.375 -17.780
v 145.489 120.625 -17.780
v 145.268 119.908 -17.780
v 144.845 119.288 -17.780
v 144.259 118.820 -17.780
v 143.560 118.546 -17.780
v 142.812 118.490 -17.780
v 142.080 118.657 -17.780
v 141.430 119.032 -17.780
v 140.920 119.582 -17.780
v 140.594 120.258 -17.780
v 120.482 121.000 -17.780
v 120.594 121.742 -17.780
v 120.920 122.418 -17.780
v 121.430 122.968 -17.780
v 122.080 123.343 -17.780
v 122.812 123.510 -17.780
v 123.560 123.454 -17.780
v 124.259 123.180 -17.780
v 124.845 122.712 -17.780
v 125.268 122.092 -17.780
v 125.489 121.375 -17.780
v 125.489 120.625 -17.780
v 125.268 119.908 -17.780
v 124.845 119.288 -17.780
v 124.259 118.820 -17.780
v 123.560 118.546 -17.780
v 122.812 118.490 -17.780
v 122.080 118.657 -17.780
v 121.430 119.032 -17.780
v 120.920 119.582 -17.780
v 120.594 120.258 -17.780
v 7.375 10.500 -17.780
v 7.514 9.579 -17.780
v 7.918 8.740 -17.780
v 8.552 8.057 -17.780
v 9.358 7.591 -17.780
v 10.266 7.384 -17.780
v 11.195 7.453 -17.780
v 12.062 7.794 -17.780
v 12.791 8.374 -17.780
v 13.316 9.144 -17.780
v 13.590 10.034 -17.780
v 13.590 10.966 -17.780
v 13.316 11.856 -17.780
v 12.791 12.626 -17.780
v 12.062 13.206 -17.780
v 11.195 13.547 -17.780
v 10.266 13.616 -17.780
v 9.358 13.409 -17.780
v 8.552 12.943 -17.780
v 7.918 12.260 -17.780
v 7.514 11.421 -17.780
v 290.482 11.000 -17.780
v 290.594 11.742 -17.780
v 290.920 12.418 -17.780
v 291.430 12.968 -17.780
v 292.080 13.343 -17.780
v 292.812 13.510 -17.780
v 293.560 13.454 -17.780
v 294.259 13.180 -17.780
v 294.845 12.712 -17.780
v 295.268 12.092 -17.780
v 295.489 11.375 -17.780
v 295.489 10.625 -17.780
v 295.268 9.908 -17.780
v 294.845 9.288 -17.780
v 294.259 8.820 -17.780
v 293.560 8.546 -17.780
v 292.812 8.490 -17.780
v 292.080 8.657 -17.780
v 291.430 9.032 -17.780
v 290.920 9.582 -17.780
v 290.594 10.258 -17.780
v 270.482 11.000 -17.780
v 270.594 11.742 -17.780
v 270.920 12.418 -17.780
v 271.430 12.968 -17.780
v 272.080 13.343 -17.780
v 272.812 13.510 -17.780
v 273.560 13.454 -17.780
v 274.259 13.180 -17.780
v 274.845 12.712 -17.780
v 275.268 12.092 -17.780
v 275.489 11.375 -17.780
v 275.489 10.625 -17.780
v 275.268 9.908 -17.780
v 274.845 9.288 -17.780
v 274.259 8.820 -17.780
v 273.560 8.546 -17.780
v 272.812 8.490 -17.780
v 272.080 8.657 -17.780
v 271.430 9.032 -17.780
v 270.920 9.582 -17.780
v 270.594 10.258 -17.780
v 250.482 11.000 -17.780
v 250.594 11.742 -17.780
v 250.920 12.418 -17.780
v 251.430 12.968 -17.780
v 252.080 13.343 -17.780
v 252.812 13.510 -17.780
v 253.560 13.454 -17.780
v 254.259 13.180 -17.780
v 254.845 12.712 -17.780
v 255.268 12.092 -17.780
v 255.489 11.375 -17.780
v 255.489 10.625 -17.780
v 255.268 9.908 -17.780
v 254.845 9.288 -17.780
v 254.259 8.820 -17.780
v 253.560 8.546 -17.780
v 252.812 8.490 -17.780
v 252.080 8.657 -17.780
v 251.430 9.032 -17.780
v 250.920 9.582 -17.780
v 250.594 10.258 -17.780
v 230.482 11.000 -17.780
v 230.594 11.742 -17.780
v 230.920 12.418 -17.780
v 231.430 12.968 -17.780
v 232.080 13.343 -17.780
v 232.812 13.510 -17.780
v 233.560 13.454 -17.780
v 234.259 13.180 -17.780
v 234.845 12.712 -17.780
v 235.268 12.092 -17.780
v 235.489 11.375 -17.780
v 235.489 10.625 -17.780
v 235.268 9.908 -17.780
v 234.845 9.288 -17.780
v 234.259 8.820 -17.780
v 233.560 8.546 -17.780
v 232.812 8.490 -17.780
v 232.080 8.657 -17.780
v 231.430 9.032 -17.780
v 230.920 9.582 -17.780
v 230.594 10.258 -17.780
v 210.482 11.000 -17.780
v 210.594 11.742 -17.780
v 210.920 12.418 -17.780
v 211.430 12.968 -17.780
v 212.080 13.343 -17.780
v 212.812 13.510 -17.780
v 213.560 13.454 -17.780
v 214.259 13.180 -17.780
v 214.845 12.712 -17.780
v 215.268 12.092 -17.780
v 215.489 11.375 -17.780
v 215.489 10.625 -17.780
v 215.268 9.908 -17.780
v 214.845 9.288 -17.780
v 214.259 8.820 -17.780
v 213.560 8.546 -17.780
v 212.812 8.490 -17.780
v 212.080 8.657 -17.780
v 211.430 9.032 -17.780
v 210.920 9.582 -17.780
v 210.594 10.258 -17.780
v 190.482 11.000 -17.780
v 190.594 11.742 -17.780
v 190.920 12.418 -17.780
v 191.430 12.968 -17.780
v 192.080 13.343 -17.780
v 192.812 13.510 -17.780
v 193.560 13.454 -17.780
v 194.259 13.180 -17.780
v 194.845 12.712 -17.780
v 195.268 12.092 -17.780
v 195.489 11.375 -17.780
v 195.489 10.625 -17.780
v 195.268 9.908 -17.780
v 194.845 9.288 -17.780
v 194.259 8.820 -17.780
v 193.560 8.546 -17.780
v 192.812 8.490 -17.780
v 192.080 8.657 -17.780
v 191.430 9.032 -17.780
v 190.920 9.582 -17.780
v 190.594 10.258 -17.780
v 170.483 11.000 -17.780
v 170.594 11.742 -17.780
v 170.920 12.418 -17.780
v 171.430 12.968 -17.780
v 172.080 13.343 -17.780
v 172.812 13.510 -17.780
v 173.560 13.454 -17.780
v 174.259 13.180 -17.780
v 174.845 12.712 -17.780
v 175.268 12.092 -17.780
v 175.489 11.375 -17.780
v 175.489 10.625 -17.780
v 175.268 9.908 -17.780
v 174.845 9.288 -17.780
v 174.259 8.820 -17.780
v 173.560 8.546 -17.780
v 172.812 8.490 -17.780
v 172.080 8.657 -17.780
v 171.430 9.032 -17.780
v 170.920 9.582 -17.780
v 170.594 10.258 -17.780
v 130.483 11.000 -17.780
v 130.594 11.742 -17.780
v 130.920 12.418 -17.780
v 131.430 12.968 -17.780
v 132.080 13.343 -17.780
v 132.812 13.510 -17.780
v 133.560 13.454 -17.780
v 134.259 13.180 -17.780
v 134.845 12.712 -17.780
v 135.268 12.092 -17.780
v 135.489 11.375 -17.780
v 135.489 10.625 -17.780
v 135.268 9.908 -17.780
v 134.845 9.288 -17.780
v 134.259 8.820 -17.780
v 133.560 8.546 -17.780
v 132.812 8.490 -17.780
v 132.080 8.657 -17.780
v 131.430 9.032 -17.780
v 130.920 9.582 -17.780
v 130.594 10.258 -17.780
v 110.482 11.000 -17.780
v 110.594 11.742 -17.780
v 110.920 12.418 -17.780
v 111.430 12.968 -17.780
v 112.080 13.343 -17.780
v 112.812 13.510 -17.780
v 113.560 13.454 -17.780
v 114.259 13.180 -17.780
v 114.845 12.712 -17.780
v 115.268 12.092 -17.780
v 115.489 11.375 -17.780
v 115.489 10.625 -17.780
v 115.268 9.908 -17.780
v 114.845 9.288 -17.780
v 114.259 8.820 -17.780
v 113.560 8.546 -17.780
v 112.812 8.490 -17.780
v 112.080 8.657 -17.780
v 111.430 9.032 -17.780
v 110.920 9.582 -17.780
v 110.594 10.258 -17.780
v 70.482 11.000 -17.780
v 70.594 11.742 -17.780
v 70.920 12.418 -17.780
v 71.430 12.968 -17.780
v 72.080 13.343 -17.780
v 72.812 13.510 -17.780
v 73.560 13.454 -17.780
v 74.259 13.180 -17.780
v 74.845 12.712 -17.780
v 75.268 12.092 -17.780
v 75.489 11.375 -17.780
v 75.489 10.625 -17.780
v 75.268 9.908 -17.780
v 74.845 9.288 -17.780
v 74.259 8.820 -17.780
v 73.560 8.546 -17.780
v 72.812 8.490 -17.780
v 72.080 8.657 -17.780
v 71.430 9.032 -17.780
v 70.920 9.582 -17.780
v 70.594 10.258 -17.780
v 290.482 31.000 -17.780
v 290.594 31.742 -17.780
v 290.920 32.418 -17.780
v 291.430 32.968 -17.780
v 292.080 33.343 -17.780
v 292.812 33.510 -17.780
v 293.560 33.454 -17.780
v 294.259 33.180 -17.780
v 294.845 32.712 -17.780
v 295.268 32.092 -17.780
v 295.489 31.375 -17.780
v 295.489 30.625 -17.780
v 295.268 29.908 -17.780
v 294.845 29.288 -17.780
v 294.259 28.820 -17.780
v 293.560 28.546 -17.780
v 292.812 28.490 -17.780
v 292.080 28.657 -17.780
v 291.430 29.032 -17.780
v 290.920 29.582 -17.780
v 290.594 30.258 -17.780
v 270.482 31.000 -17.780
v 270.594 31.742 -17.780
v 270.920 32.418 -17.780
v 271.430 32.968 -17.780
v 272.080 33.343 -17.780
v 272.812 33.510 -17.780
v 273.560 33.454 -17.780
v 274.259 33.180 -17.780
v 274.845 32.712 -17.780
v 275.268 32.092 -17.780
v 275.489 31.375 -17.780
v 275.489 30.625 -17.780
v 275.268 29.908 -17.780
v 274.845 29.288 -17.780
v 274.259 28.820 -17.780
v 273.560 28.546 -17.780
v 272.812 28.490 -17.780
v 272.080 28.657 -17.780
v 271.430 29.032 -17.780
v 270.920 29.582 -17.780
v 270.594 30.258 -17.780
v 250.482 31.000 -17.780
v 250.594 31.742 -17.780
v 250.920 32.418 -17.780
v 251.430 32.968 -17.780
v 252.080 33.343 -17.780
v 252.812 33.510 -17.780
v 253.560 33.454 -17.780
v 254.259 33.180 -17.780
v 254.845 32.712 -17.780
v 255.268 32.092 -17.780
v 255.489 31.375 -17.780
v 255.489 30.625 -17.780
v 255.268 29.908 -17.780
v 254.845 29.288 -17.780
v 254.259 28.820 -17.780
v 253.560 28.546 -17.780
v 252.812 28.490 -17.780
v 252.080 28.657 -17.780
v 251.430 29.032 -17.780
v 250.920 29.582 -17.780
v 250.594 30.258 -17.780
v 230.482 31.000 -17.780
v 230.594 31.742 -17.780
v 230.920 32.418 -17.780
v 231.430 32.968 -17.780
v 232.080 33.343 -17.780
v 232.812 33.510 -17.780
v 233.560 33.454 -17.780
v 234.259 33.180 -17.780
v 234.845 32.712 -17.780
v 235.268 32.092 -17.780
v 235.489 31.375 -17.780
v 235.489 30.625 -17.780
v 235.268 29.908 -17.780
v 234.845 29.288 -17.780
v 234.259 28.820 -17.780
v 233.560 28.546 -17.780
v 232.812 28.490 -17.780
v 232.080 28.657 -17.780
v 231.430 29.032 -17.780
v 230.920 29.582 -17.780
v 230.594 30.258 -17.780
v 210.482 31.000 -17.780
v 210.594 31.742 -17.780
v 210.920 32.418 -17.780
v 211.430 32.968 -17.780
v 212.080 33.343 -17.780
v 212.812 33.510 -17.780
v 213.560 33.454 -17.780
v 214.259 33.180 -17.780
v 214.845 32.712 -17.780
v 215.268 32.092 -17.780
v 215.489 31.375 -17.780
v 215.489 30.625 -17.780
v 215.268 29.908 -17.780
v 214.845 29.288 -17.780
v 214.259 28.820 -17.780
v 213.560 28.546 -17.780
v 212.812 28.490 -17.780
v 212.080 28.657 -17.780
v 211.430 29.032 -17.780
v 210.920 29.582 -17.780
v 210.594 30.258 -17.780
v 190.482 31.000 -17.780
v 190.594 31.742 -17.780
v 190.920 32.418 -17.780
v 191.430 32.968 -17.780
v 192.080 33.343 -17.780
v 192.812 33.510 -17.780
v 193.560 33.454 -17.780
v 194.259 33.180 -17.780
v 194.845 32.712 -17.780
v 195.268 32.092 -17.780
v 195.489 31.375 -17.780
v 195.489 30.625 -17.780
v 195.268 29.908 -17.780
v 194.845 29.288 -17.780
v 194.259 28.820 -17.780
v 193.560 28.546 -17.780
v 192.812 28.490 -17.780
v 192.080 28.657 -17.780
v 191.430 29.032 -17.780
v 190.920 29.582 -17.780
v 190.594 30.258 -17.780
v 170.483 31.000 -17.780
v 170.594 31.742 -17.780
v 170.920 32.418 -17.780
v 171.430 32.968 -17.780
v 172.080 33.343 -17.780
v 172.812 33.510 -17.780
v 173.560 33.454 -17.780
v 174.259 33.180 -17.780
v 174.845 32.712 -17.780
v 175.268 32.092 -17.780
v 175.489 31.375 -17.780
v 175.489 30.625 -17.780
v 175.268 29.908 -17.780
v 174.845 29.288 -17.780
v 174.259 28.820 -17.780
v 173.560 28.546 -17.780
v 172.812 28.490 -17.780
v 172.080 28.657 -17.780
v 171.430 29.032 -17.780
v 170.920 29.582 -17.780
v 170.594 30.258 -17.780
v 150.482 31.000 -17.780
v 150.594 31.742 -17.780
v 150.920 32.418 -17.780
v 151.430 32.968 -17.780
v 152.080 33.343 -17.780
v 152.812 33.510 -17.780
v 153.560 33.454 -17.780
v 154.259 33.180 -17.780
v 154.845 32.712 -17.780
v 155.268 32.092 -17.780
v 155.489 31.375 -17.780
v 155.489 30.625 -17.780
v 155.268 29.908 -17.780
v 154.845 29.288 -17.780
v 154.259 28.820 -17.780
v 153.560 28.546 -17.780
v 152.812 28.490 -17.780
v 152.080 28.657 -17.780
v 151.430 29.032 -17.780
v 150.920 29.582 -17.780
v 150.594 30.258 -17.780
v 130.483 31.000 -17.780
v 130.594 31.742 -17.780
v 130.920 32.418 -17.780
v 131.430 32.968 -17.780
v 132.080 33.343 -17.780
v 132.812 33.510 -17.780
v 133.560 33.454 -17.780
v 134.259 33.180 -17.780
v 134.845 32.712 -17.780
v 135.268 32.092 -17.780
v 135.489 31.375 -17.780
v 135.489 30.625 -17.780
v 135.268 29.908 -17.780
v 134.845 29.288 -17.780
v 134.259 28.820 -17.780
v 133.560 28.546 -17.780
v 132.812 28.490 -17.780
v 132.080 28.657 -17.780
v 131.430 29.032 -17.780
v 130.920 29.582 -17.780
v 130.594 30.258 -17.780
v 110.482 31.000 -17.780
v 110.594 31.742 -17.780
v 110.920 32.418 -17.780
v 111.430 32.968 -17.780
v 112.080 33.343 -17.780
v 112.812 33.510 -17.780
v 113.560 33.454 -17.780
v 114.259 33.180 -17.780
v 114.845 32.712 -17.780
v 115.268 32.092 -17.780
v 115.489 31.375 -17.780
v 115.489 30.625 -17.780
v 115.268 29.908 -17.780
v 114.845 29.288 -17.780
v 114.259 28.820 -17.780
v 113.560 28.546 -17.780
v 112.812 28.490 -17.780
v 112.080 28.657 -17.780
v 111.430 29.032 -17.780
v 110.920 29.582 -17.780
v 110.594 30.258 -17.780
v 90.482 31.000 -17.780
v 90.594 31.742 -17.780
v 90.920 32.418 -17.780
v 91.430 32.968 -17.780
v 92.080 33.343 -17.780
v 92.812 33.510 -17.780
v 93.560 33.454 -17.780
v 94.259 33.180 -17.780
v 94.845 32.712 -17.780
v 95.268 32.092 -17.780
v 95.489 31.375 -17.780
v 95.489 30.625 -17.780
v 95.268 29.908 -17.780
v 94.845 29.288 -17.780
v 94.259 28.820 -17.780
v 93.560 28.546 -17.780
v 92.812 28.490 -17.780
v 92.080 28.657 -17.780
v 91.430 29.032 -17.780
v 90.920 29.582 -17.780
v 90.594 30.258 -17.780
v 70.482 31.000 -17.780
v 70.594 31.742 -17.780
v 70.920 32.418 -17.780
v 71.430 32.968 -17.780
v 72.080 33.343 -17.780
v 72.812 33.510 -17.780
v 73.560 33.454 -17.780
v 74.259 33.180 -17.780
v 74.845 32.712 -17.780
v 75.268 32.092 -17.780
v 75.489 31.375 -17.780
v 75.489 30.625 -17.780
v 75.268 29.908 -17.780
v 74.845 29.288 -17.780
v 74.259 28.820 -17.780
v 73.560 28.546 -17.780
v 72.812 28.490 -17.780
v 72.080 28.657 -17.780
v 71.430 29.032 -17.780
v 70.920 29.582 -17.780
v 70.594 30.258 -17.780
v 50.482 31.000 -17.780
v 50.594 31.742 -17.780
v 50.920 32.418 -17.780
v 51.430 32.968 -17.780
v 52.080 33.343 -17.780
v 52.812 33.510 -17.780
v 53.560 33.454 -17.780
v 54.259 33.180 -17.780
v 54.845 32.712 -17.780
v 55.268 32.092 -17.780
v 55.489 31.375 -17.780
v 55.489 30.625 -17.780
v 55.268 29.908 -17.780
v 54.845 29.288 -17.780
v 54.259 28.820 -17.780
v 53.560 28.546 -17.780
v 52.812 28.490 -17.780
v 52.080 28.657 -17.780
v 51.430 29.032 -17.780
v 50.920 29.582 -17.780
v 50.594 30.258 -17.780
v 30.482 31.000 -17.780
v 30.594 31.742 -17.780
v 30.920 32.418 -17.780
v 31.430 32.968 -17.780
v 32.080 33.343 -17.780
v 32.812 33.510 -17.780
v 33.560 33.454 -17.780
v 34.259 33.180 -17.780
v 34.845 32.712 -17.780
v 35.268 32.092 -17.780
v 35.489 31.375 -17.780
v 35.489 30.625 -17.780
v 35.268 29.908 -17.780
v 34.845 29.288 -17.780
v 34.259 28.820 -17.780
v 33.560 28.546 -17.780
v 32.812 28.490 -17.780
v 32.080 28.657 -17.780
v 31.430 29.032 -17.780
v 30.920 29.582 -17.780
v 30.594 30.258 -17.780
v 10.482 31.000 -17.780
v 10.594 31.742 -17.780
v 10.920 32.418 -17.780
v 11.430 32.968 -17.780
v 12.080 33.343 -17.780
v 12.812 33.510 -17.780
v 13.560 33.454 -17.780
v 14.259 33.180 -17.780
v 14.845 32.712 -17.780
v 15.268 32.092 -17.780
v 15.489 31.375 -17.780
v 15.489 30.625 -17.780
v 15.268 29.908 -17.780
v 14.845 29.288 -17.780
v 14.259 28.820 -17.780
v 13.560 28.546 -17.780
v 12.812 28.490 -17.780
v 12.080 28.657 -17.780
v 11.430 29.032 -17.780
v 10.920 29.582 -17.780
v 10.594 30.258 -17.780
v 290.482 51.000 -17.780
v 290.594 51.742 -17.780
v 290.920 52.418 -17.780
v 291.430 52.968 -17.780
v 292.080 53.343 -17.780
v 292.812 53.510 -17.780
v 293.560 53.454 -17.780
v 294.259 53.180 -17.780
v 294.845 52.712 -17.780
v 295.268 52.092 -17.780
v 295.489 51.375 -17.780
v 295.489 50.625 -17.780
v 295.268 49.908 -17.780
v 294.845 49.288 -17.780
v 294.259 48.820 -17.780
v 293.560 48.546 -17.780
v 292.812 48.490 -17.780
v 292.080 48.657 -17.780
v 291.430 49.032 -17.780
v 290.920 49.582 -17.780
v 290.594 50.258 -17.780
v 270.482 51.000 -17.780
v 270.594 51.742 -17.780
v 270.920 52.418 -17.780
v 271.430 52.968 -17.780
v 272.080 53.343 -17.780
v 272.812 53.510 -17.780
v 273.560 53.454 -17.780
v 274.259 53.180 -17.780
v 274.845 52.712 -17.780
v 275.268 52.092 -17.780
v 275.489 51.375 -17.780
v 275.489 50.625 -17.780
v 275.268 49.908 -17.780
v 274.845 49.288 -17.780
v 274.259 48.820 -17.780
v 273.560 48.546 -17.780
v 272.812 48.490 -17.780
v 272.080 48.657 -17.780
v 271.430 49.032 -17.780
v 270.920 49.582 -17.780
v 270.594 50.258 -17.780
v 250.482 51.000 -17.780
v 250.594 51.742 -17.780
v 250.920 52.418 -17.780
v 251.430 52.968 -17.780
v 252.080 53.343 -17.780
v 252.812 53.510 -17.780
v 253.560 53.454 -17.780
v 254.259 53.180 -17.780
v 254.845 52.712 -17.780
v 255.268 52.092 -17.780
v 255.489 51.375 -17.780
v 255.489 50.625 -17.780
v 255.268 49.908 -17.780
v 254.845 49.288 -17.780
v 254.259 48.820 -17.780
v 253.560 48.546 -17.780
v 252.812 48.490 -17.780
v 252.080 48.657 -17.780
v 251.430 49.032 -17.780
v 250.920 49.582 -17.780
v 250.594 50.258 -17.780
v 230.482 51.000 -17.780
v 230.594 51.742 -17.780
v 230.920 52.418 -17.780
v 231.430 52.968 -17.780
v 232.080 53.343 -17.780
v 232.812 53.510 -17.780
v 233.560 53.454 -17.780
v 234.259 53.180 -17.780
v 234.845 52.712 -17.780
v 235.268 52.092 -17.780
v 235.489 51.375 -17.780
v 235.489 50.625 -17.780
v 235.268 49.908 -17.780
v 234.845 49.288 -17.780
v 234.259 48.820 -17.780
v 233.560 48.546 -17.780
v 232.812 48.490 -17.780
v 232.080 48.657 -17.780
v 231.430 49.032 -17.780
v 230.920 49.582 -17.780
v 230.594 50.258 -17.780
v 210.482 51.000 -17.780
v 210.594 51.742 -17.780
v 210.920 52.418 -17.780
v 211.430 52.968 -17.780
v 212.080 53.343 -17.780
v 212.812 53.510 -17.780
v 213.560 53.454 -17.780
v 214.259 53.180 -17.780
v 214.845 52.712 -17.780
v 215.268 52.092 -17.780
v 215.489 51.375 -17.780
v 215.489 50.625 -17.780
v 215.268 49.908 -17.780
v 214.845 49.288 -17.780
v 214.259 48.820 -17.780
v 213.560 48.546 -17.780
v 212.812 48.490 -17.780
v 212.080 48.657 -17.780
v 211.430 49.032 -17.780
v 210.920 49.582 -17.780
v 210.594 50.258 -17.780
v 190.482 51.000 -17.780
v 190.594 51.742 -17.780
v 190.920 52.418 -17.780
v 191.430 52.968 -17.780
v 192.080 53.343 -17.780
v 192.812 53.510 -17.780
v 193.560 53.454 -17.780
v 194.259 53.180 -17.780
v 194.845 52.712 -17.780
v 195.268 52.092 -17.780
v 195.489 51.375 -17.780
v 195.489 50.625 -17.780
v 195.268 49.908 -17.780
v 194.845 49.288 -17.780
v 194.259 48.820 -17.780
v 193.560 48.546 -17.780
v 192.812 48.490 -17.780
v 192.080 48.657 -17.780
v 191.430 49.032 -17.780
v 190.920 49.582 -17.780
v 190.594 50.258 -17.780
v 90.482 51.000 -17.780
v 90.594 51.742 -17.780
v 90.920 52.418 -17.780
v 91.430 52.968 -17.780
v 92.080 53.343 -17.780
v 92.812 53.510 -17.780
v 93.560 53.454 -17.780
v 94.259 53.180 -17.780
v 94.845 52.712 -17.780
v 95.268 52.092 -17.780
v 95.489 51.375 -17.780
v 95.489 50.625 -17.780
v 95.268 49.908 -17.780
v 94.845 49.288 -17.780
v 94.259 48.820 -17.780
v 93.560 48.546 -17.780
v 92.812 48.490 -17.780
v 92.080 48.657 -17.780
v 91.430 49.032 -17.780
v 90.920 49.582 -17.780
v 90.594 50.258 -17.780
v 70.482 51.000 -17.780
v 70.594 51.742 -17.780
v 70.920 52.418 -17.780
v 71.430 52.968 -17.780
v 72.080 53.343 -17.780
v 72.812 53.510 -17.780
v 73.560 53.454 -17.780
v 74.259 53.180 -17.780
v 74.845 52.712 -17.780
v 75.268 52.092 -17.780
v 75.489 51.375 -17.780
v 75.489 50.625 -17.780
v 75.268 49.908 -17.780
v 74.845 49.288 -17.780
v 74.259 48.820 -17.780
v 73.560 48.546 -17.780
v 72.812 48.490 -17.780
v 72.080 48.657 -17.780
v 71.430 49.032 -17.780
v 70.920 49.582 -17.780
v 70.594 50.258 -17.780
v 50.482 51.000 -17.780
v 50.594 51.742 -17.780
v 50.920 52.418 -17.780
v 51.430 52.968 -17.780
v 52.080 53.343 -17.780
v 52.812 53.510 -17.780
v 53.560 53.454 -17.780
v 54.259 53.180 -17.780
v 54.845 52.712 -17.780
v 55.268 52.092 -17.780
v 55.489 51.375 -17.780
v 55.489 50.625 -17.780
v 55.268 49.908 -17.780
v 54.845 49.288 -17.780
v 54.259 48.820 -17.780
v 53.560 48.546 -17.780
v 52.812 48.490 -17.780
v 52.080 48.657 -17.780
v 51.430 49.032 -17.780
v 50.920 49.582 -17.780
v 50.594 50.258 -17.780
v 30.482 51.000 -17.780
v 30.594 51.742 -17.780
v 30.920 52.418 -17.780
v 31.430 52.968 -17.780
v 32.080 53.343 -17.780
v 32.812 53.510 -17.780
v 33.560 53.454 -17.780
v 34.259 53.180 -17.780
v 34.845 52.712 -17.780
v 35.268 52.092 -17.780
v 35.489 51.375 -17.780
v 35.489 50.625 -17.780
v 35.268 49.908 -17.780
v 34.845 49.288 -17.780
v 34.259 48.820 -17.780
v 33.560 48.546 -17.780
v 32.812 48.490 -17.780
v 32.080 48.657 -17.780
v 31.430 49.032 -17.780
v 30.920 49.582 -17.780
v 30.594 50.258 -17.780
v 290.482 71.000 -17.780
v 290.594 71.742 -17.780
v 290.920 72.418 -17.780
v 291.430 72.968 -17.780
v 292.080 73.343 -17.780
v 292.812 73.510 -17.780
v 293.560 73.454 -17.780
v 294.259 73.180 -17.780
v 294.845 72.712 -17.780
v 295.268 72.092 -17.780
v 295.489 71.375 -17.780
v 295.489 70.625 -17.780
v 295.268 69.908 -17.780
v 294.845 69.288 -17.780
v 294.259 68.820 -17.780
v 293.560 68.546 -17.780
v 292.812 68.490 -17.780
v 292.080 68.657 -17.780
v 291.430 69.032 -17.780
v 290.920 69.582 -17.780
v 290.594 70.258 -17.780
v 270.482 71.000 -17.780
v 270.594 71.742 -17.780
v 270.920 72.418 -17.780
v 271.430 72.968 -17.780
v 272.080 73.343 -17.780
v 272.812 73.510 -17.780
v 273.560 73.454 -17.780
v 274.259 73.180 -17.780
v 274.845 72.712 -17.780
v 275.268 72.092 -17.780
v 275.489 71.375 -17.780
v 275.489 70.625 -17.780
v 275.268 69.908 -17.780
v 274.845 69.288 -17.780
v 274.259 68.820 -17.780
v 273.560 68.546 -17.780
v 272.812 68.490 -17.780
v 272.080 68.657 -17.780
v 271.430 69.032 -17.780
v 270.920 69.582 -17.780
v 270.594 70.258 -17.780
v 230.482 71.000 -17.780
v 230.594 71.742 -17.780
v 230.920 72.418 -17.780
v 231.430 72.968 -17.780
v 232.080 73.343 -17.780
v 232.812 73.510 -17.780
v 233.560 73.454 -17.780
v 234.259 73.180 -17.780
v 234.845 72.712 -17.780
v 235.268 72.092 -17.780
v 235.489 71.375 -17.780
v 235.489 70.625 -17.780
v 235.268 69.908 -17.780
v 234.845 69.288 -17.780
v 234.259 68.820 -17.780
v 233.560 68.546 -17.780
v 232.812 68.490 -17.780
v 232.080 68.657 -17.780
v 231.430 69.032 -17.780
v 230.920 69.582 -17.780
v 230.594 70.258 -17.780
v 210.482 71.000 -17.780
v 210.594 71.742 -17.780
v 210.920 72.418 -17.780
v 211.430 72.968 -17.780
v 212.080 73.343 -17.780
v 212.812 73.510 -17.780
v 213.560 73.454 -17.780
v 214.259 73.180 -17.780
v 214.845 72.712 -17.780
v 215.268 72.092 -17.780
v 215.489 71.375 -17.780
v 215.489 70.625 -17.780
v 215.268 69.908 -17.780
v 214.845 69.288 -17.780
v 214.259 68.820 -17.780
v 213.560 68.546 -17.780
v 212.812 68.490 -17.780
v 212.080 68.657 -17.780
v 211.430 69.032 -17.780
v 210.920 69.582 -17.780
v 210.594 70.258 -17.780
v 190.482 71.000 -17.780
v 190.594 71.742 -17.780
v 190.920 72.418 -17.780
v 191.430 72.968 -17.780
v 192.080 73.343 -17.780
v 192.812 73.510 -17.780
v 193.560 73.454 -17.780
v 194.259 73.180 -17.780
v 194.845 72.712 -17.780
v 195.268 72.092 -17.780
v 195.489 71.375 -17.780
v 195.489 70.625 -17.780
v 195.268 69.908 -17.780
v 194.845 69.288 -17.780
v 194.259 68.820 -17.780
v 193.560 68.546 -17.780
v 192.812 68.490 -17.780
v 192.080 68.657 -17.780
v 191.430 69.032 -17.780
v 190.920 69.582 -17.780
v 190.594 70.258 -17.780
v 150.482 71.000 -17.780
v 150.594 71.742 -17.780
v 150.920 72.418 -17.780
v 151.430 72.968 -17.780
v 152.080 73.343 -17.780
v 152.812 73.510 -17.780
v 153.560 73.454 -17.780
v 154.259 73.180 -17.780
v 154.845 72.712 -17.780
v 155.268 72.092 -17.780
v 155.489 71.375 -17.780
v 155.489 70.625 -17.780
v 155.268 69.908 -17.780
v 154.845 69.288 -17.780
v 154.259 68.820 -17.780
v 153.560 68.546 -17.780
v 152.812 68.490 -17.780
v 152.080 68.657 -17.780
v 151.430 69.032 -17.780
v 150.920 69.582 -17.780
v 150.594 70.258 -17.780
v 130.483 71.000 -17.780
v 130.594 71.742 -17.780
v 130.920 72.418 -17.780
v 131.430 72.968 -17.780
v 132.080 73.343 -17.780
v 132.812 73.510 -17.780
v 133.560 73.454 -17.780
v 134.259 73.180 -17.780
v 134.845 72.712 -17.780
v 135.268 72.092 -17.780
v 135.489 71.375 -17.780
v 135.489 70.625 -17.780
v 135.268 69.908 -17.780
v 134.845 69.288 -17.780
v 134.259 68.820 -17.780
v 133.560 68.546 -17.780
v 132.812 68.490 -17.780
v 132.080 68.657 -17.780
v 131.430 69.032 -17.780
v 130.920 69.582 -17.780
v 130.594 70.258 -17.780
v 110.482 71.000 -17.780
v 110.594 71.742 -17.780
v 110.920 72.418 -17.780
v 111.430 72.968 -17.780
v 112.080 73.343 -17.780
v 112.812 73.510 -17.780
v 113.560 73.454 -17.780
v 114.259 73.180 -17.780
v 114.845 72.712 -17.780
v 115.268 72.092 -17.780
v 115.489 71.375 -17.780
v 115.489 70.625 -17.780
v 115.268 69.908 -17.780
v 114.845 69.288 -17.780
v 114.259 68.820 -17.780
v 113.560 68.546 -17.780
v 112.812 68.490 -17.780
v 112.080 68.657 -17.780
v 111.430 69.032 -17.780
v 110.920 69.582 -17.780
v 110.594 70.258 -17.780
v 50.482 71.000 -17.780
v 50.594 71.742 -17.780
v 50.920 72.418 -17.780
v 51.430 72.968 -17.780
v 52.080 73.343 -17.780
v 52.812 73.510 -17.780
v 53.560 73.454 -17.780
v 54.259 73.180 -17.780
v 54.845 72.712 -17.780
v 55.268 72.092 -17.780
v 55.489 71.375 -17.780
v 55.489 70.625 -17.780
v 55.268 69.908 -17.780
v 54.845 69.288 -17.780
v 54.259 68.820 -17.780
v 53.560 68.546 -17.780
v 52.812 68.490 -17.780
v 52.080 68.657 -17.780
v 51.430 69.032 -17.780
v 50.920 69.582 -17.780
v 50.594 70.258 -17.780
v 30.482 71.000 -17.780
v 30.594 71.742 -17.780
v 30.920 72.418 -17.780
v 31.430 72.968 -17.780
v 32.080 73.343 -17.780
v 32.812 73.510 -17.780
v 33.560 73.454 -17.780
v 34.259 73.180 -17.780
v 34.845 72.712 -17.780
v 35.268 72.092 -17.780
v 35.489 71.375 -17.780
v 35.489 70.625 -17.780
v 35.268 69.908 -17.780
v 34.845 69.288 -17.780
v 34.259 68.820 -17.780
v 33.560 68.546 -17.780
v 32.812 68.490 -17.780
v 32.080 68.657 -17.780
v 31.430 69.032 -17.780
v 30.920 69.582 -17.780
v 30.594 70.258 -17.780
v 10.482 71.000 -17.780
v 10.594 71.742 -17.780
v 10.920 72.418 -17.780
v 11.430 72.968 -17.780
v 12.080 73.343 -17.780
v 12.812 73.510 -17.780
v 13.560 73.454 -17.780
v 14.259 73.180 -17.780
v 14.845 72.712 -17.780
v 15.268 72.092 -17.780
v 15.489 71.375 -17.780
v 15.489 70.625 -17.780
v 15.268 69.908 -17.780
v 14.845 69.288 -17.780
v 14.259 68.820 -17.780
v 13.560 68.546 -17.780
v 12.812 68.490 -17.780
v 12.080 68.657 -17.780
v 11.430 69.032 -17.780
v 10.920 69.582 -17.780
v 10.594 70.258 -17.780
v 270.482 91.000 -17.780
v 270.594 91.742 -17.780
v 270.920 92.418 -17.780
v 271.430 92.968 -17.780
v 272.080 93.343 -17.780
v 272.812 93.510 -17.780
v 273.560 93.454 -17.780
v 274.259 93.180 -17.780
v 274.845 92.712 -17.780
v 275.268 92.092 -17.780
v 275.489 91.375 -17.780
v 275.489 90.625 -17.780
v 275.268 89.908 -17.780
v 274.845 89.288 -17.780
v 274.259 88.820 -17.780
v 273.560 88.546 -17.780
v 272.812 88.490 -17.780
v 272.080 88.657 -17.780
v 271.430 89.032 -17.780
v 270.920 89.582 -17.780
v 270.594 90.258 -17.780
v 250.482 91.000 -17.780
v 250.594 91.742 -17.780
v 250.920 92.418 -17.780
v 251.430 92.968 -17.780
v 252.080 93.343 -17.780
v 252.812 93.510 -17.780
v 253.560 93.454 -17.780
v 254.259 93.180 -17.780
v 254.845 92.712 -17.780
v 255.268 92.092 -17.780
v 255.489 91.375 -17.780
v 255.489 90.625 -17.780
v 255.268 89.908 -17.780
v 254.845 89.288 -17.780
v 254.259 88.820 -17.780
v 253.560 88.546 -17.780
v 252.812 88.490 -17.780
v 252.080 88.657 -17.780
v 251.430 89.032 -17.780
v 250.920 89.582 -17.780
v 250.594 90.258 -17.780
v 230.482 91.000 -17.780
v 230.594 91.742 -17.780
v 230.920 92.418 -17.780
v 231.430 92.968 -17.780
v 232.080 93.343 -17.780
v 232.812 93.510 -17.780
v 233.560 93.454 -17.780
v 234.259 93.180 -17.780
v 234.845 92.712 -17.780
v 235.268 92.092 -17.780
v 235.489 91.375 -17.780
v 235.489 90.625 -17.780
v 235.268 89.908 -17.780
v 234.845 89.288 -17.780
v 234.259 88.820 -17.780
v 233.560 88.546 -17.780
v 232.812 88.490 -17.780
v 232.080 88.657 -17.780
v 231.430 89.032 -17.780
v 230.920 89.582 -17.780
v 230.594 90.258 -17.780
v 210.482 91.000 -17.780
v 210.594 91.742 -17.780
v 210.920 92.418 -17.780
v 211.430 92.968 -17.780
v 212.080 93.343 -17.780
v 212.812 93.510 -17.780
v 213.560 93.454 -17.780
v 214.259 93.180 -17.780
v 214.845 92.712 -17.780
v 215.268 92.092 -17.780
v 215.489 91.375 -17.780
v 215.489 90.625 -17.780
v 215.268 89.908 -17.780
v 214.845 89.288 -17.780
v 214.259 88.820 -17.780
v 213.560 88.546 -17.780
v 212.812 88.490 -17.780
v 212.080 88.657 -17.780
v 211.430 89.032 -17.780
v 210.920 89.582 -17.780
v 210.594 90.258 -17.780
v 190.482 91.000 -17.780
v 190.594 91.742 -17.780
v 190.920 92.418 -17.780
v 191.430 92.968 -17.780
v 192.080 93.343 -17.780
v 192.812 93.510 -17.780
v 193.560 93.454 -17.780
v 194.259 93.180 -17.780
v 194.845 92.712 -17.780
v 195.268 92.092 -17.780
v 195.489 91.375 -17.780
v 195.489 90.625 -17.780
v 195.268 89.908 -17.780
v 194.845 89.288 -17.780
v 194.259 88.820 -17.780
v 193.560 88.546 -17.780
v 192.812 88.490 -17.780
v 192.080 88.657 -17.780
v 191.430 89.032 -17.780
v 190.920 89.582 -17.780
v 190.594 90.258 -17.780
v 170.483 91.000 -17.780
v 170.594 91.742 -17.780
v 170.920 92.418 -17.780
v 171.430 92.968 -17.780
v 172.080 93.343 -17.780
v 172.812 93.510 -17.780
v 173.560 93.454 -17.780
v 174.259 93.180 -17.780
v 174.845 92.712 -17.780
v 175.268 92.092 -17.780
v 175.489 91.375 -17.780
v 175.489 90.625 -17.780
v 175.268 89.908 -17.780
v 174.845 89.288 -17.780
v 174.259 88.820 -17.780
v 173.560 88.546 -17.780
v 172.812 88.490 -17.780
v 172.080 88.657 -17.780
v 171.430 89.032 -17.780
v 170.920 89.582 -17.780
v 170.594 90.258 -17.780
v 150.482 91.000 -17.780
v 150.594 91.742 -17.780
v 150.920 92.418 -17.780
v 151.430 92.968 -17.780
v 152.080 93.343 -17.780
v 152.812 93.510 -17.780
v 153.560 93.454 -17.780
v 154.259 93.180 -17.780
v 154.845 92.712 -17.780
v 155.268 92.092 -17.780
v 155.489 91.375 -17.780
v 155.489 90.625 -17.780
v 155.268 89.908 -17.780
v 154.845 89.288 -17.780
v 154.259 88.820 -17.780
v 153.560 88.546 -17.780
v 152.812 88.490 -17.780
v 152.080 88.657 -17.780
v 151.430 89.032 -17.780
v 150.920 89.582 -17.780
v 150.594 90.258 -17.780
v 130.483 91.000 -17.780
v 130.594 91.742 -17.780
v 130.920 92.418 -17.780
v 131.430 92.968 -17.780
v 132.080 93.343 -17.780
v 132.812 93.510 -17.780
v 133.560 93.454 -17.780
v 134.259 93.180 -17.780
v 134.845 92.712 -17.780
v 135.268 92.092 -17.780
v 135.489 91.375 -17.780
v 135.489 90.625 -17.780
v 135.268 89.908 -17.780
v 134.845 89.288 -17.780
v 134.259 88.820 -17.780
v 133.560 88.546 -17.780
v 132.812 88.490 -17.780
v 132.080 88.657 -17.780
v 131.430 89.032 -17.780
v 130.920 89.582 -17.780
v 130.594 90.258 -17.780
v 110.482 91.000 -17.780
v 110.594 91.742 -17.780
v 110.920 92.418 -17.780
v 111.430 92.968 -17.780
v 112.080 93.343 -17.780
v 112.812 93.510 -17.780
v 113.560 93.454 -17.780
v 114.259 93.180 -17.780
v 114.845 92.712 -17.780
v 115.268 92.092 -17.780
v 115.489 91.375 -17.780
v 115.489 90.625 -17.780
v 115.268 89.908 -17.780
v 114.845 89.288 -17.780
v 114.259 88.820 -17.780
v 113.560 88.546 -17.780
v 112.812 88.490 -17.780
v 112.080 88.657 -17.780
v 111.430 89.032 -17.780
v 110.920 89.582 -17.780
v 110.594 90.258 -17.780
v 70.482 91.000 -17.780
v 70.594 91.742 -17.780
v 70.920 92.418 -17.780
v 71.430 92.968 -17.780
v 72.080 93.343 -17.780
v 72.812 93.510 -17.780
v 73.560 93.454 -17.780
v 74.259 93.180 -17.780
v 74.845 92.712 -17.780
v 75.268 92.092 -17.780
v 75.489 91.375 -17.780
v 75.489 90.625 -17.780
v 75.268 89.908 -17.780
v 74.845 89.288 -17.780
v 74.259 88.820 -17.780
v 73.560 88.546 -17.780
v 72.812 88.490 -17.780
v 72.080 88.657 -17.780
v 71.430 89.032 -17.780
v 70.920 89.582 -17.780
v 70.594 90.258 -17.780
v 50.482 91.000 -17.780
v 50.594 91.742 -17.780
v 50.920 92.418 -17.780
v 51.430 92.968 -17.780
v 52.080 93.343 -17.780
v 52.812 93.510 -17.780
v 53.560 93.454 -17.780
v 54.259 93.180 -17.780
v 54.845 92.712 -17.780
v 55.268 92.092 -17.780
v 55.489 91.375 -17.780
v 55.489 90.625 -17.780
v 55.268 89.908 -17.780
v 54.845 89.288 -17.780
v 54.259 88.820 -17.780
v 53.560 88.546 -17.780
v 52.812 88.490 -17.780
v 52.080 88.657 -17.780
v 51.430 89.032 -17.780
v 50.920 89.582 -17.780
v 50.594 90.258 -17.780
v 30.482 91.000 -17.780
v 30.594 91.742 -17.780
v 30.920 92.418 -17.780
v 31.430 92.968 -17.780
v 32.080 93.343 -17.780
v 32.812 93.510 -17.780
v 33.560 93.454 -17.780
v 34.259 93.180 -17.780
v 34.845 92.712 -17.780
v 35.268 92.092 -17.780
v 35.489 91.375 -17.780
v 35.489 90.625 -17.780
v 35.268 89.908 -17.780
v 34.845 89.288 -17.780
v 34.259 88.820 -17.780
v 33.560 88.546 -17.780
v 32.812 88.490 -17.780
v 32.080 88.657 -17.780
v 31.430 89.032 -17.780
v 30.920 89.582 -17.780
v 30.594 90.258 -17.780
v 290.482 111.000 -17.780
v 290.594 111.742 -17.780
v 290.920 112.418 -17.780
v 291.430 112.968 -17.780
v 292.080 113.343 -17.780
v 292.812 113.510 -17.780
v 293.560 113.454 -17.780
v 294.259 113.180 -17.780
v 294.845 112.712 -17.780
v 295.268 112.092 -17.780
v 295.489 111.375 -17.780
v 295.489 110.625 -17.780
v 295.268 109.908 -17.780
v 294.845 109.288 -17.780
v 294.259 108.820 -17.780
v 293.560 108.546 -17.780
v 292.812 108.490 -17.780
v 292.080 108.657 -17.780
v 291.430 109.032 -17.780
v 290.920 109.582 -17.780
v 290.594 110.258 -17.780
v 270.482 111.000 -17.780
v 270.594 111.742 -17.780
v 270.920 112.418 -17.780
v 271.430 112.968 -17.780
v 272.080 113.343 -17.780
v 272.812 113.510 -17.780
v 273.560 113.454 -17.780
v 274.259 113.180 -17.780
v 274.845 112.712 -17.780
v 275.268 112.092 -17.780
v 275.489 111.375 -17.780
v 275.489 110.625 -17.780
v 275.268 109.908 -17.780
v 274.845 109.288 -17.780
v 274.259 108.820 -17.780
v 273.560 108.546 -17.780
v 272.812 108.490 -17.780
v 272.080 108.657 -17.780
v 271.430 109.032 -17.780
v 270.920 109.582 -17.780
v 270.594 110.258 -17.780
v 250.482 111.000 -17.780
v 250.594 111.742 -17.780
v 250.920 112.418 -17.780
v 251.430 112.968 -17.780
v 252.080 113.343 -17.780
v 252.812 113.510 -17.780
v 253.560 113.454 -17.780
v 254.259 113.180 -17.780
v 254.845 112.712 -17.780
v 255.268 112.092 -17.780
v 255.489 111.375 -17.780
v 255.489 110.625 -17.780
v 255.268 109.908 -17.780
v 254.845 109.288 -17.780
v 254.259 108.820 -17.780
v 253.560 108.546 -17.780
v 252.812 108.490 -17.780
v 252.080 108.657 -17.780
v 251.430 109.032 -17.780
v 250.920 109.582 -17.780
v 250.594 110.258 -17.780
v 230.482 111.000 -17.780
v 230.594 111.742 -17.780
v 230.920 112.418 -17.780
v 231.430 112.968 -17.780
v 232.080 113.343 -17.780
v 232.812 113.510 -17.780
v 233.560 113.454 -17.780
v 234.259 113.180 -17.780
v 234.845 112.712 -17.780
v 235.268 112.092 -17.780
v 235.489 111.375 -17.780
v 235.489 110.625 -17.780
v 235.268 109.908 -17.780
v 234.845 109.288 -17.780
v 234.259 108.820 -17.780
v 233.560 108.546 -17.780
v 232.812 108.490 -17.780
v 232.080 108.657 -17.780
v 231.430 109.032 -17.780
v 230.920 109.582 -17.780
v 230.594 110.258 -17.780
v 210.482 111.000 -17.780
v 210.594 111.742 -17.780
v 210.920 112.418 -17.780
v 211.430 112.968 -17.780
v 212.080 113.343 -17.780
v 212.812 113.510 -17.780
v 213.560 113.454 -17.780
v 214.259 113.180 -17.780
v 214.845 112.712 -17.780
v 215.268 112.092 -17.780
v 215.489 111.375 -17.780
v 215.489 110.625 -17.780
v 215.268 109.908 -17.780
v 214.845 109.288 -17.780
v 214.259 108.820 -17.780
v 213.560 108.546 -17.780
v 212.812 108.490 -17.780
v 212.080 108.657 -17.780
v 211.430 109.032 -17.780
v 210.920 109.582 -17.780
v 210.594 110.258 -17.780
v 190.482 111.000 -17.780
v 190.594 111.742 -17.780
v 190.920 112.418 -17.780
v 191.430 112.968 -17.780
v 192.080 113.343 -17.780
v 192.812 113.510 -17.780
v 193.560 113.454 -17.780
v 194.259 113.180 -17.780
v 194.845 112.712 -17.780
v 195.268 112.092 -17.780
v 195.489 111.375 -17.780
v 195.489 110.625 -17.780
v 195.268 109.908 -17.780
v 194.845 109.288 -17.780
v 194.259 108.820 -17.780
v 193.560 108.546 -17.780
v 192.812 108.490 -17.780
v 192.080 108.657 -17.780
v 191.430 109.032 -17.780
v 190.920 109.582 -17.780
v 190.594 110.258 -17.780
v 170.483 111.000 -17.780
v 170.594 111.742 -17.780
v 170.920 112.418 -17.780
v 171.430 112.968 -17.780
v 172.080 113.343 -17.780
v 172.812 113.510 -17.780
v 173.560 113.454 -17.780
v 174.259 113.180 -17.780
v 174.845 112.712 -17.780
v 175.268 112.092 -17.780
v 175.489 111.375 -17.780
v 175.489 110.625 -17.780
v 175.268 109.908 -17.780
v 174.845 109.288 -17.780
v 174.259 108.820 -17.780
v 173.560 108.546 -17.780
v 172.812 108.490 -17.780
v 172.080 108.657 -17.780
v 171.430 109.032 -17.780
v 170.920 109.582 -17.780
v 170.594 110.258 -17.780
v 150.482 111.000 -17.780
v 150.594 111.742 -17.780
v 150.920 112.418 -17.780
v 151.430 112.968 -17.780
v 152.080 113.343 -17.780
v 152.812 113.510 -17.780
v 153.560 113.454 -17.780
v 154.259 113.180 -17.780
v 154.845 112.712 -17.780
v 155.268 112.092 -17.780
v 155.489 111.375 -17.780
v 155.489 110.625 -17.780
v 155.268 109.908 -17.780
v 154.845 109.288 -17.780
v 154.259 108.820 -17.780
v 153.560 108.546 -17.780
v 152.812 108.490 -17.780
v 152.080 108.657 -17.780
v 151.430 109.032 -17.780
v 150.920 109.582 -17.780
v 150.594 110.258 -17.780
v 130.483 111.000 -17.780
v 130.594 111.742 -17.780
v 130.920 112.418 -17.780
v 131.430 112.968 -17.780
v 132.080 113.343 -17.780
v 132.812 113.510 -17.780
v 133.560 113.454 -17.780
v 134.259 113.180 -17.780
v 134.845 112.712 -17.780
v 135.268 112.092 -17.780
v 135.489 111.375 -17.780
v 135.489 110.625 -17.780
v 135.268 109.908 -17.780
v 134.845 109.288 -17.780
v 134.259 108.820 -17.780
v 133.560 108.546 -17.780
v 132.812 108.490 -17.780
v 132.080 108.657 -17.780
v 131.430 109.032 -17.780
v 130.920 109.582 -17.780
v 130.594 110.258 -17.780
v 110.482 111.000 -17.780
v 110.594 111.742 -17.780
v 110.920 112.418 -17.780
v 111.430 112.968 -17.780
v 112.080 113.343 -17.780
v 112.812 113.510 -17.780
v 113.560 113.454 -17.780
v 114.259 113.180 -17.780
v 114.845 112.712 -17.780
v 115.268 112.092 -17.780
v 115.489 111.375 -17.780
v 115.489 110.625 -17.780
v 115.268 109.908 -17.780
v 114.845 109.288 -17.780
v 114.259 108.820 -17.780
v 113.560 108.546 -17.780
v 112.812 108.490 -17.780
v 112.080 108.657 -17.780
v 111.430 109.032 -17.780
v 110.920 109.582 -17.780
v 110.594 110.258 -17.780
v 70.482 111.000 -17.780
v 70.594 111.742 -17.780
v 70.920 112.418 -17.780
v 71.430 112.968 -17.780
v 72.080 113.343 -17.780
v 72.812 113.510 -17.780
v 73.560 113.454 -17.780
v 74.259 113.180 -17.780
v 74.845 112.712 -17.780
v 75.268 112.092 -17.780
v 75.489 111.375 -17.780
v 75.489 110.625 -17.780
v 75.268 109.908 -17.780
v 74.845 109.288 -17.780
v 74.259 108.820 -17.780
v 73.560 108.546 -17.780
v 72.812 108.490 -17.780
v 72.080 108.657 -17.780
v 71.430 109.032 -17.780
v 70.920 109.582 -17.780
v 70.594 110.258 -17.780
v 50.482 111.000 -17.780
v 50.594 111.742 -17.780
v 50.920 112.418 -17.780
v 51.430 112.968 -17.780
v 52.080 113.343 -17.780
v 52.812 113.510 -17.780
v 53.560 113.454 -17.780
v 54.259 113.180 -17.780
v 54.845 112.712 -17.780
v 55.268 112.092 -17.780
v 55.489 111.375 -17.780
v 55.489 110.625 -17.780
v 55.268 109.908 -17.780
v 54.845 109.288 -17.780
v 54.259 108.820 -17.780
v 53.560 108.546 -17.780
v 52.812 108.490 -17.780
v 52.080 108.657 -17.780
v 51.430 109.032 -17.780
v 50.920 109.582 -17.780
v 50.594 110.258 -17.780
v 30.482 111.000 -17.780
v 30.594 111.742 -17.780
v 30.920 112.418 -17.780
v 31.430 112.968 -17.780
v 32.080 113.343 -17.780
v 32.812 113.510 -17.780
v 33.560 113.454 -17.780
v 34.259 113.180 -17.780
v 34.845 112.712 -17.780
v 35.268 112.092 -17.780
v 35.489 111.375 -17.780
v 35.489 110.625 -17.780
v 35.268 109.908 -17.780
v 34.845 109.288 -17.780
v 34.259 108.820 -17.780
v 33.560 108.546 -17.780
v 32.812 108.490 -17.780
v 32.080 108.657 -17.780
v 31.430 109.032 -17.780
v 30.920 109.582 -17.780
v 30.594 110.258 -17.780
v 290.482 131.000 -17.780
v 290.594 131.742 -17.780
v 290.920 132.418 -17.780
v 291.430 132.968 -17.780
v 292.080 133.343 -17.780
v 292.812 133.510 -17.780
v 293.560 133.454 -17.780
v 294.259 133.180 -17.780
v 294.845 132.712 -17.780
v 295.268 132.092 -17.780
v 295.489 131.375 -17.780
v 295.489 130.625 -17.780
v 295.268 129.908 -17.780
v 294.845 129.288 -17.780
v 294.259 128.820 -17.780
v 293.560 128.546 -17.780
v 292.812 128.490 -17.780
v 292.080 128.657 -17.780
v 291.430 129.032 -17.780
v 290.920 129.582 -17.780
v 290.594 130.258 -17.780
v 270.482 131.000 -17.780
v 270.594 131.742 -17.780
v 270.920 132.418 -17.780
v 271.430 132.968 -17.780
v 272.080 133.343 -17.780
v 272.812 133.510 -17.780
v 273.560 133.454 -17.780
v 274.259 133.180 -17.780
v 274.845 132.712 -17.780
v 275.268 132.092 -17.780
v 275.489 131.375 -17.780
v 275.489 130.625 -17.780
v 275.268 129.908 -17.780
v 274.845 129.288 -17.780
v 274.259 128.820 -17.780
v 273.560 128.546 -17.780
v 272.812 128.490 -17.780
v 272.080 128.657 -17.780
v 271.430 129.032 -17.780
v 270.920 129.582 -17.780
v 270.594 130.258 -17.780
v 250.482 131.000 -17.780
v 250.594 131.742 -17.780
v 250.920 132.418 -17.780
v 251.430 132.968 -17.780
v 252.080 133.343 -17.780
v 252.812 133.510 -17.780
v 253.560 133.454 -17.780
v 254.259 133.180 -17.780
v 254.845 132.712 -17.780
v 255.268 132.092 -17.780
v 255.489 131.375 -17.780
v 255.489 130.625 -17.780
v 255.268 129.908 -17.780
v 254.845 129.288 -17.780
v 254.259 128.820 -17.780
v 253.560 128.546 -17.780
v 252.812 128.490 -17.780
v 252.080 128.657 -17.780
v 251.430 129.032 -17.780
v 250.920 129.582 -17.780
v 250.594 130.258 -17.780
v 230.482 131.000 -17.780
v 230.594 131.742 -17.780
v 230.920 132.418 -17.780
v 231.430 132.968 -17.780
v 232.080 133.343 -17.780
v 232.812 133.510 -17.780
v 233.560 133.454 -17.780
v 234.259 133.180 -17.780
v 234.845 132.712 -17.780
v 235.268 132.092 -17.780
v 235.489 131.375 -17.780
v 235.489 130.625 -17.780
v 235.268 129.908 -17.780
v 234.845 129.288 -17.780
v 234.259 128.820 -17.780
v 233.560 128.546 -17.780
v 232.812 128.490 -17.780
v 232.080 128.657 -17.780
v 231.430 129.032 -17.780
v 230.920 129.582 -17.780
v 230.594 130.258 -17.780
v 210.482 131.000 -17.780
v 210.594 131.742 -17.780
v 210.920 132.418 -17.780
v 211.430 132.968 -17.780
v 212.080 133.343 -17.780
v 212.812 133.510 -17.780
v 213.560 133.454 -17.780
v 214.259 133.180 -17.780
v 214.845 132.712 -17.780
v 215.268 132.092 -17.780
v 215.489 131.375 -17.780
v 215.489 130.625 -17.780
v 215.268 129.908 -17.780
v 214.845 129.288 -17.780
v 214.259 128.820 -17.780
v 213.560 128.546 -17.780
v 212.812 128.490 -17.780
v 212.080 128.657 -17.780
v 211.430 129.032 -17.780
v 210.920 129.582 -17.780
v 210.594 130.258 -17.780
v 190.482 131.000 -17.780
v 190.594 131.742 -17.780
v 190.920 132.418 -17.780
v 191.430 132.968 -17.780
v 192.080 133.343 -17.780
v 192.812 133.510 -17.780
v 193.560 133.454 -17.780
v 194.259 133.180 -17.780
v 194.845 132.712 -17.780
v 195.268 132.092 -17.780
v 195.489 131.375 -17.780
v 195.489 130.625 -17.780
v 195.268 129.908 -17.780
v 194.845 129.288 -17.780
v 194.259 128.820 -17.780
v 193.560 128.546 -17.780
v 192.812 128.490 -17.780
v 192.080 128.657 -17.780
v 191.430 129.032 -17.780
v 190.920 129.582 -17.780
v 190.594 130.258 -17.780
v 170.483 131.000 -17.780
v 170.594 131.742 -17.780
v 170.920 132.418 -17.780
v 171.430 132.968 -17.780
v 172.080 133.343 -17.780
v 172.812 133.510 -17.780
v 173.560 133.454 -17.780
v 174.259 133.180 -17.780
v 174.845 132.712 -17.780
v 175.268 132.092 -17.780
v 175.489 131.375 -17.780
v 175.489 130.625 -17.780
v 175.268 129.908 -17.780
v 174.845 129.288 -17.780
v 174.259 128.820 -17.780
v 173.560 128.546 -17.780
v 172.812 128.490 -17.780
v 172.080 128.657 -17.780
v 171.430 129.032 -17.780
v 170.920 129.582 -17.780
v 170.594 130.258 -17.780
v 150.482 131.000 -17.780
v 150.594 131.742 -17.780
v 150.920 132.418 -17.780
v 151.430 132.968 -17.780
v 152.080 133.343 -17.780
v 152.812 133.510 -17.780
v 153.560 133.454 -17.780
v 154.259 133.180 -17.780
v 154.845 132.712 -17.780
v 155.268 132.092 -17.780
v 155.489 131.375 -17.780
v 155.489 130.625 -17.780
v 155.268 129.908 -17.780
v 154.845 129.288 -17.780
v 154.259 128.820 -17.780
v 153.560 128.546 -17.780
v 152.812 128.490 -17.780
v 152.080 128.657 -17.780
v 151.430 129.032 -17.780
v 150.920 129.582 -17.780
v 150.594 130.258 -17.780
v 130.483 131.000 -17.780
v 130.594 131.742 -17.780
v 130.920 132.418 -17.780
v 131.430 132.968 -17.780
v 132.080 133.343 -17.780
v 132.812 133.510 -17.780
v 133.560 133.454 -17.780
v 134.259 133.180 -17.780
v 134.845 132.712 -17.780
v 135.268 132.092 -17.780
v 135.489 131.375 -17.780
v 135.489 130.625 -17.780
v 135.268 129.908 -17.780
v 134.845 129.288 -17.780
v 134.259 128.820 -17.780
v 133.560 128.546 -17.780
v 132.812 128.490 -17.780
v 132.080 128.657 -17.780
v 131.430 129.032 -17.780
v 130.920 129.582 -17.780
v 130.594 130.258 -17.780
v 110.482 131.000 -17.780
v 110.594 131.742 -17.780
v 110.920 132.418 -17.780
v 111.430 132.968 -17.780
v 112.080 133.343 -17.780
v 112.812 133.510 -17.780
v 113.560 133.454 -17.780
v 114.259 133.180 -17.780
v 114.845 132.712 -17.780
v 115.268 132.092 -17.780
v 115.489 131.375 -17.780
v 115.489 130.625 -17.780
v 115.268 129.908 -17.780
v 114.845 129.288 -17.780
v 114.259 128.820 -17.780
v 113.560 128.546 -17.780
v 112.812 128.490 -17.780
v 112.080 128.657 -17.780
v 111.430 129.032 -17.780
v 110.920 129.582 -17.780
v 110.594 130.258 -17.780
v 70.482 131.000 -17.780
v 70.594 131.742 -17.780
v 70.920 132.418 -17.780
v 71.430 132.968 -17.780
v 72.080 133.343 -17.780
v 72.812 133.510 -17.780
v 73.560 133.454 -17.780
v 74.259 133.180 -17.780
v 74.845 132.712 -17.780
v 75.268 132.092 -17.780
v 75.489 131.375 -17.780
v 75.489 130.625 -17.780
v 75.268 129.908 -17.780
v 74.845 129.288 -17.780
v 74.259 128.820 -17.780
v 73.560 128.546 -17.780
v 72.812 128.490 -17.780
v 72.080 128.657 -17.780
v 71.430 129.032 -17.780
v 70.920 129.582 -17.780
v 70.594 130.258 -17.780
v 50.482 131.000 -17.780
v 50.594 131.742 -17.780
v 50.920 132.418 -17.780
v 51.430 132.968 -17.780
v 52.080 133.343 -17.780
v 52.812 133.510 -17.780
v 53.560 133.454 -17.780
v 54.259 133.180 -17.780
v 54.845 132.712 -17.780
v 55.268 132.092 -17.780
v 55.489 131.375 -17.780
v 55.489 130.625 -17.780
v 55.268 129.908 -17.780
v 54.845 129.288 -17.780
v 54.259 128.820 -17.780
v 53.560 128.546 -17.780
v 52.812 128.490 -17.780
v 52.080 128.657 -17.780
v 51.430 129.032 -17.780
v 50.920 129.582 -17.780
v 50.594 130.258 -17.780
v 30.482 131.000 -17.780
v 30.594 131.742 -17.780
v 30.920 132.418 -17.780
v 31.430 132.968 -17.780
v 32.080 133.343 -17.780
v 32.812 133.510 -17.780
v 33.560 133.454 -17.780
v 34.259 133.180 -17.780
v 34.845 132.712 -17.780
v 35.268 132.092 -17.780
v 35.489 131.375 -17.780
v 35.489 130.625 -17.780
v 35.268 129.908 -17.780
v 34.845 129.288 -17.780
v 34.259 128.820 -17.780
v 33.560 128.546 -17.780
v 32.812 128.490 -17.780
v 32.080 128.657 -17.780
v 31.430 129.032 -17.780
v 30.920 129.582 -17.780
v 30.594 130.258 -17.780
v 10.482 131.000 -17.780
v 10.594 131.742 -17.780
v 10.920 132.418 -17.780
v 11.430 132.968 -17.780
v 12.080 133.343 -17.780
v 12.812 133.510 -17.780
v 13.560 133.454 -17.780
v 14.259 133.180 -17.780
v 14.845 132.712 -17.780
v 15.268 132.092 -17.780
v 15.489 131.375 -17.780
v 15.489 130.625 -17.780
v 15.268 129.908 -17.780
v 14.845 129.288 -17.780
v 14.259 128.820 -17.780
v 13.560 128.546 -17.780
v 12.812 128.490 -17.780
v 12.080 128.657 -17.780
v 11.430 129.032 -17.780
v 10.920 129.582 -17.780
v 10.594 130.258 -17.780
v 290.482 151.000 -17.780
v 290.594 151.742 -17.780
v 290.920 152.418 -17.780
v 291.430 152.968 -17.780
v 292.080 153.343 -17.780
v 292.812 153.510 -17.780
v 293.560 153.454 -17.780
v 294.259 153.180 -17.780
v 294.845 152.712 -17.780
v 295.268 152.092 -17.780
v 295.489 151.375 -17.780
v 295.489 150.625 -17.780
v 295.268 149.908 -17.780
v 294.845 149.288 -17.780
v 294.259 148.820 -17.780
v 293.560 148.546 -17.780
v 292.812 148.490 -17.780
v 292.080 148.657 -17.780
v 291.430 149.032 -17.780
v 290.920 149.582 -17.780
v 290.594 150.258 -17.780
v 270.482 151.000 -17.780
v 270.594 151.742 -17.780
v 270.920 152.418 -17.780
v 271.430 152.968 -17.780
v 272.080 153.343 -17.780
v 272.812 153.510 -17.780
v 273.560 153.454 -17.780
v 274.259 153.180 -17.780
v 274.845 152.712 -17.780
v 275.268 152.092 -17.780
v 275.489 151.375 -17.780
v 275.489 150.625 -17.780
v 275.268 149.908 -17.780
v 274.845 149.288 -17.780
v 274.259 148.820 -17.780
v 273.560 148.546 -17.780
v 272.812 148.490 -17.780
v 272.080 148.657 -17.780
v 271.430 149.032 -17.780
v 270.920 149.582 -17.780
v 270.594 150.258 -17.780
v 250.482 151.000 -17.780
v 250.594 151.742 -17.780
v 250.920 152.418 -17.780
v 251.430 152.968 -17.780
v 252.080 153.343 -17.780
v 252.812 153.510 -17.780
v 253.560 153.454 -17.780
v 254.259 153.180 -17.780
v 254.845 152.712 -17.780
v 255.268 152.092 -17.780
v 255.489 151.375 -17.780
v 255.489 150.625 -17.780
v 255.268 149.908 -17.780
v 254.845 149.288 -17.780
v 254.259 148.820 -17.780
v 253.560 148.546 -17.780
v 252.812 148.490 -17.780
v 252.080 148.657 -17.780
v 251.430 149.032 -17.780
v 250.920 149.582 -17.780
v 250.594 150.258 -17.780
v 230.482 151.000 -17.780
v 230.594 151.742 -17.780
v 230.920 152.418 -17.780
v 231.430 152.968 -17.780
v 232.080 153.343 -17.780
v 232.812 153.510 -17.780
v 233.560 153.454 -17.780
v 234.259 153.180 -17.780
v 234.845 152.712 -17.780
v 235.268 152.092 -17.780
v 235.489 151.375 -17.780
v 235.489 150.625 -17.780
v 235.268 149.908 -17.780
v 234.845 149.288 -17.780
v 234.259 148.820 -17.780
v 233.560 148.546 -17.780
v 232.812 148.490 -17.780
v 232.080 148.657 -17.780
v 231.430 149.032 -17.780
v 230.920 149.582 -17.780
v 230.594 150.258 -17.780
v 210.482 151.000 -17.780
v 210.594 151.742 -17.780
v 210.920 152.418 -17.780
v 211.430 152.968 -17.780
v 212.080 153.343 -17.780
v 212.812 153.510 -17.780
v 213.560 153.454 -17.780
v 214.259 153.180 -17.780
v 214.845 152.712 -17.780
v 215.268 152.092 -17.780
v 215.489 151.375 -17.780
v 215.489 150.625 -17.780
v 215.268 149.908 -17.780
v 214.845 149.288 -17.780
v 214.259 148.820 -17.780
v 213.560 148.546 -17.780
v 212.812 148.490 -17.780
v 212.080 148.657 -17.780
v 211.430 149.032 -17.780
v 210.920 149.582 -17.780
v 210.594 150.258 -17.780
v 190.482 151.000 -17.780
v 190.594 151.742 -17.780
v 190.920 152.418 -17.780
v 191.430 152.968 -17.780
v 192.080 153.343 -17.780
v 192.812 153.510 -17.780
v 193.560 153.454 -17.780
v 194.259 153.180 -17.780
v 194.845 152.712 -17.780
v 195.268 152.092 -17.780
v 195.489 151.375 -17.780
v 195.489 150.625 -17.780
v 195.268 149.908 -17.780
v 194.845 149.288 -17.780
v 194.259 148.820 -17.780
v 193.560 148.546 -17.780
v 192.812 148.490 -17.780
v 192.080 148.657 -17.780
v 191.430 149.032 -17.780
v 190.920 149.582 -17.780
v 190.594 150.258 -17.780
v 170.483 151.000 -17.780
v 170.594 151.742 -17.780
v 170.920 152.418 -17.780
v 171.430 152.968 -17.780
v 172.080 153.343 -17.780
v 172.812 153.510 -17.780
v 173.560 153.454 -17.780
v 174.259 153.180 -17.780
v 174.845 152.712 -17.780
v 175.268 152.092 -17.780
v 175.489 151.375 -17.780
v 175.489 150.625 -17.780
v 175.268 149.908 -17.780
v 174.845 149.288 -17.780
v 174.259 148.820 -17.780
v 173.560 148.546 -17.780
v 172.812 148.490 -17.780
v 172.080 148.657 -17.780
v 171.430 149.032 -17.780
v 170.920 149.582 -17.780
v 170.594 150.258 -17.780
v 150.482 151.000 -17.780
v 150.594 151.742 -17.780
v 150.920 152.418 -17.780
v 151.430 152.968 -17.780
v 152.080 153.343 -17.780
v 152.812 153.510 -17.780
v 153.560 153.454 -17.780
v 154.259 153.180 -17.780
v 154.845 152.712 -17.780
v 155.268 152.092 -17.780
v 155.489 151.375 -17.780
v 155.489 150.625 -17.780
v 155.268 149.908 -17.780
v 154.845 149.288 -17.780
v 154.259 148.820 -17.780
v 153.560 148.546 -17.780
v 152.812 148.490 -17.780
v 152.080 148.657 -17.780
v 151.430 149.032 -17.780
v 150.920 149.582 -17.780
v 150.594 150.258 -17.780
v 130.483 151.000 -17.780
v 130.594 151.742 -17.780
v 130.920 152.418 -17.780
v 131.430 152.968 -17.780
v 132.080 153.343 -17.780
v 132.812 153.510 -17.780
v 133.560 153.454 -17.780
v 134.259 153.180 -17.780
v 134.845 152.712 -17.780
v 135.268 152.092 -17.780
v 135.489 151.375 -17.780
v 135.489 150.625 -17.780
v 135.268 149.908 -17.780
v 134.845 149.288 -17.780
v 134.259 148.820 -17.780
v 133.560 148.546 -17.780
v 132.812 148.490 -17.780
v 132.080 148.657 -17.780
v 131.430 149.032 -17.780
v 130.920 149.582 -17.780
v 130.594 150.258 -17.780
v 110.482 151.000 -17.780
v 110.594 151.742 -17.780
v 110.920 152.418 -17.780
v 111.430 152.968 -17.780
v 112.080 153.343 -17.780
v 112.812 153.510 -17.780
v 113.560 153.454 -17.780
v 114.259 153.180 -17.780
v 114.845 152.712 -17.780
v 115.268 152.092 -17.780
v 115.489 151.375 -17.780
v 115.489 150.625 -17.780
v 115.268 149.908 -17.780
v 114.845 149.288 -17.780
v 114.259 148.820 -17.780
v 113.560 148.546 -17.780
v 112.812 148.490 -17.780
v 112.080 148.657 -17.780
v 111.430 149.032 -17.780
v 110.920 149.582 -17.780
v 110.594 150.258 -17.780
v 90.482 151.000 -17.780
v 90.594 151.742 -17.780
v 90.920 152.418 -17.780
v 91.430 152.968 -17.780
v 92.080 153.343 -17.780
v 92.812 153.510 -17.780
v 93.560 153.454 -17.780
v 94.259 153.180 -17.780
v 94.845 152.712 -17.780
v 95.268 152.092 -17.780
v 95.489 151.375 -17.780
v 95.489 150.625 -17.780
v 95.268 149.908 -17.780
v 94.845 149.288 -17.780
v 94.259 148.820 -17.780
v 93.560 148.546 -17.780
v 92.812 148.490 -17.780
v 92.080 148.657 -17.780
v 91.430 149.032 -17.780
v 90.920 149.582 -17.780
v 90.594 150.258 -17.780
v 70.482 151.000 -17.780
v 70.594 151.742 -17.780
v 70.920 152.418 -17.780
v 71.430 152.968 -17.780
v 72.080 153.343 -17.780
v 72.812 153.510 -17.780
v 73.560 153.454 -17.780
v 74.259 153.180 -17.780
v 74.845 152.712 -17.780
v 75.268 152.092 -17.780
v 75.489 151.375 -17.780
v 75.489 150.625 -17.780
v 75.268 149.908 -17.780
v 74.845 149.288 -17.780
v 74.259 148.820 -17.780
v 73.560 148.546 -17.780
v 72.812 148.490 -17.780
v 72.080 148.657 -17.780
v 71.430 149.032 -17.780
v 70.920 149.582 -17.780
v 70.594 150.258 -17.780
v 50.482 151.000 -17.780
v 50.594 151.742 -17.780
v 50.920 152.418 -17.780
v 51.430 152.968 -17.780
v 52.080 153.343 -17.780
v 52.812 153.510 -17.780
v 53.560 153.454 -17.780
v 54.259 153.180 -17.780
v 54.845 152.712 -17.780
v 55.268 152.092 -17.780
v 55.489 151.375 -17.780
v 55.489 150.625 -17.780
v 55.268 149.908 -17.780
v 54.845 149.288 -17.780
v 54.259 148.820 -17.780
v 53.560 148.546 -17.780
v 52.812 148.490 -17.780
v 52.080 148.657 -17.780
v 51.430 149.032 -17.780
v 50.920 149.582 -17.780
v 50.594 150.258 -17.780
v 30.482 151.000 -17.780
v 30.594 151.742 -17.780
v 30.920 152.418 -17.780
v 31.430 152.968 -17.780
v 32.080 153.343 -17.780
v 32.812 153.510 -17.780
v 33.560 153.454 -17.780
v 34.259 153.180 -17.780
v 34.845 152.712 -17.780
v 35.268 152.092 -17.780
v 35.489 151.375 -17.780
v 35.489 150.625 -17.780
v 35.268 149.908 -17.780
v 34.845 149.288 -17.780
v 34.259 148.820 -17.780
v 33.560 148.546 -17.780
v 32.812 148.490 -17.780
v 32.080 148.657 -17.780
v 31.430 149.032 -17.780
v 30.920 149.582 -17.780
v 30.594 150.258 -17.780
v 10.482 151.000 -17.780
v 10.594 151.742 -17.780
v 10.920 152.418 -17.780
v 11.430 152.968 -17.780
v 12.080 153.343 -17.780
v 12.812 153.510 -17.780
v 13.560 153.454 -17.780
v 14.259 153.180 -17.780
v 14.845 152.712 -17.780
v 15.268 152.092 -17.780
v 15.489 151.375 -17.780
v 15.489 150.625 -17.780
v 15.268 149.908 -17.780
v 14.845 149.288 -17.780
v 14.259 148.820 -17.780
v 13.560 148.546 -17.780
v 12.812 148.490 -17.780
v 12.080 148.657 -17.780
v 11.430 149.032 -17.780
v 10.920 149.582 -17.780
v 10.594 150.258 -17.780
v 290.482 171.000 -17.780
v 290.594 171.742 -17.780
v 290.920 172.418 -17.780
v 291.430 172.968 -17.780
v 292.080 173.343 -17.780
v 292.812 173.510 -17.780
v 293.560 173.454 -17.780
v 294.259 173.180 -17.780
v 294.845 172.712 -17.780
v 295.268 172.092 -17.780
v 295.489 171.375 -17.780
v 295.489 170.625 -17.780
v 295.268 169.908 -17.780
v 294.845 169.288 -17.780
v 294.259 168.820 -17.780
v 293.560 168.546 -17.780
v 292.812 168.490 -17.780
v 292.080 168.657 -17.780
v 291.430 169.032 -17.780
v 290.920 169.582 -17.780
v 290.594 170.258 -17.780
v 270.482 171.000 -17.780
v 270.594 171.742 -17.780
v 270.920 172.418 -17.780
v 271.430 172.968 -17.780
v 272.080 173.343 -17.780
v 272.812 173.510 -17.780
v 273.560 173.454 -17.780
v 274.259 173.180 -17.780
v 274.845 172.712 -17.780
v 275.268 172.092 -17.780
v 275.489 171.375 -17.780
v 275.489 170.625 -17.780
v 275.268 169.908 -17.780
v 274.845 169.288 -17.780
v 274.259 168.820 -17.780
v 273.560 168.546 -17.780
v 272.812 168.490 -17.780
v 272.080 168.657 -17.780
v 271.430 169.032 -17.780
v 270.920 169.582 -17.780
v 270.594 170.258 -17.780
v 250.482 171.000 -17.780
v 250.594 171.742 -17.780
v 250.920 172.418 -17.780
v 251.430 172.968 -17.780
v 252.080 173.343 -17.780
v 252.812 173.510 -17.780
v 253.560 173.454 -17.780
v 254.259 173.180 -17.780
v 254.845 172.712 -17.780
v 255.268 172.092 -17.780
v 255.489 171.375 -17.780
v 255.489 170.625 -17.780
v 255.268 169.908 -17.780
v 254.845 169.288 -17.780
v 254.259 168.820 -17.780
v 253.560 168.546 -17.780
v 252.812 168.490 -17.780
v 252.080 168.657 -17.780
v 251.430 169.032 -17.780
v 250.920 169.582 -17.780
v 250.594 170.258 -17.780
v 230.482 171.000 -17.780
v 230.594 171.742 -17.780
v 230.920 172.418 -17.780
v 231.430 172.968 -17.780
v 232.080 173.343 -17.780
v 232.812 173.510 -17.780
v 233.560 173.454 -17.780
v 234.259 173.180 -17.780
v 234.845 172.712 -17.780
v 235.268 172.092 -17.780
v 235.489 171.375 -17.780
v 235.489 170.625 -17.780
v 235.268 169.908 -17.780
v 234.845 169.288 -17.780
v 234.259 168.820 -17.780
v 233.560 168.546 -17.780
v 232.812 168.490 -17.780
v 232.080 168.657 -17.780
v 231.430 169.032 -17.780
v 230.920 169.582 -17.780
v 230.594 170.258 -17.780
v 210.482 171.000 -17.780
v 210.594 171.742 -17.780
v 210.920 172.418 -17.780
v 211.430 172.968 -17.780
v 212.080 173.343 -17.780
v 212.812 173.510 -17.780
v 213.560 173.454 -17.780
v 214.259 173.180 -17.780
v 214.845 172.712 -17.780
v 215.268 172.092 -17.780
v 215.489 171.375 -17.780
v 215.489 170.625 -17.780
v 215.268 169.908 -17.780
v 214.845 169.288 -17.780
v 214.259 168.820 -17.780
v 213.560 168.546 -17.780
v 212.812 168.490 -17.780
v 212.080 168.657 -17.780
v 211.430 169.032 -17.780
v 210.920 169.582 -17.780
v 210.594 170.258 -17.780
v 190.482 171.000 -17.780
v 190.594 171.742 -17.780
v 190.920 172.418 -17.780
v 191.430 172.968 -17.780
v 192.080 173.343 -17.780
v 192.812 173.510 -17.780
v 193.560 173.454 -17.780
v 194.259 173.180 -17.780
v 194.845 172.712 -17.780
v 195.268 172.092 -17.780
v 195.489 171.375 -17.780
v 195.489 170.625 -17.780
v 195.268 169.908 -17.780
v 194.845 169.288 -17.780
v 194.259 168.820 -17.780
v 193.560 168.546 -17.780
v 192.812 168.490 -17.780
v 192.080 168.657 -17.780
v 191.430 169.032 -17.780
v 190.920 169.582 -17.780
v 190.594 170.258 -17.780
v 170.483 171.000 -17.780
v 170.594 171.742 -17.780
v 170.920 172.418 -17.780
v 171.430 172.968 -17.780
v 172.080 173.343 -17.780
v 172.812 173.510 -17.780
v 173.560 173.454 -17.780
v 174.259 173.180 -17.780
v 174.845 172.712 -17.780
v 175.268 172.092 -17.780
v 175.489 171.375 -17.780
v 175.489 170.625 -17.780
v 175.268 169.908 -17.780
v 174.845 169.288 -17.780
v 174.259 168.820 -17.780
v 173.560 168.546 -17.780
v 172.812 168.490 -17.780
v 172.080 168.657 -17.780
v 171.430 169.032 -17.780
v 170.920 169.582 -17.780
v 170.594 170.258 -17.780
v 150.482 171.000 -17.780
v 150.594 171.742 -17.780
v 150.920 172.418 -17.780
v 151.430 172.968 -17.780
v 152.080 173.343 -17.780
v 152.812 173.510 -17.780
v 153.560 173.454 -17.780
v 154.259 173.180 -17.780
v 154.845 172.712 -17.780
v 155.268 172.092 -17.780
v 155.489 171.375 -17.780
v 155.489 170.625 -17.780
v 155.268 169.908 -17.780
v 154.845 169.288 -17.780
v 154.259 168.820 -17.780
v 153.560 168.546 -17.780
v 152.812 168.490 -17.780
v 152.080 168.657 -17.780
v 151.430 169.032 -17.780
v 150.920 169.582 -17.780
v 150.594 170.258 -17.780
v 130.483 171.000 -17.780
v 130.594 171.742 -17.780
v 130.920 172.418 -17.780
v 131.430 172.968 -17.780
v 132.080 173.343 -17.780
v 132.812 173.510 -17.780
v 133.560 173.454 -17.780
v 134.259 173.180 -17.780
v 134.845 172.712 -17.780
v 135.268 172.092 -17.780
v 135.489 171.375 -17.780
v 135.489 170.625 -17.780
v 135.268 169.908 -17.780
v 134.845 169.288 -17.780
v 134.259 168.820 -17.780
v 133.560 168.546 -17.780
v 132.812 168.490 -17.780
v 132.080 168.657 -17.780
v 131.430 169.032 -17.780
v 130.920 169.582 -17.780
v 130.594 170.258 -17.780
v 110.482 171.000 -17.780
v 110.594 171.742 -17.780
v 110.920 172.418 -17.780
v 111.430 172.968 -17.780
v 112.080 173.343 -17.780
v 112.812 173.510 -17.780
v 113.560 173.454 -17.780
v 114.259 173.180 -17.780
v 114.845 172.712 -17.780
v 115.268 172.092 -17.780
v 115.489 171.375 -17.780
v 115.489 170.625 -17.780
v 115.268 169.908 -17.780
v 114.845 169.288 -17.780
v 114.259 168.820 -17.780
v 113.560 168.546 -17.780
v 112.812 168.490 -17.780
v 112.080 168.657 -17.780
v 111.430 169.032 -17.780
v 110.920 169.582 -17.780
v 110.594 170.258 -17.780
v 90.482 171.000 -17.780
v 90.594 171.742 -17.780
v 90.920 172.418 -17.780
v 91.430 172.968 -17.780
v 92.080 173.343 -17.780
v 92.812 173.510 -17.780
v 93.560 173.454 -17.780
v 94.259 173.180 -17.780
v 94.845 172.712 -17.780
v 95.268 172.092 -17.780
v 95.489 171.375 -17.780
v 95.489 170.625 -17.780
v 95.268 169.908 -17.780
v 94.845 169.288 -17.780
v 94.259 168.820 -17.780
v 93.560 168.546 -17.780
v 92.812 168.490 -17.780
v 92.080 168.657 -17.780
v 91.430 169.032 -17.780
v 90.920 169.582 -17.780
v 90.594 170.258 -17.780
v 70.482 171.000 -17.780
v 70.594 171.742 -17.780
v 70.920 172.418 -17.780
v 71.430 172.968 -17.780
v 72.080 173.343 -17.780
v 72.812 173.510 -17.780
v 73.560 173.454 -17.780
v 74.259 173.180 -17.780
v 74.845 172.712 -17.780
v 75.268 172.092 -17.780
v 75.489 171.375 -17.780
v 75.489 170.625 -17.780
v 75.268 169.908 -17.780
v 74.845 169.288 -17.780
v 74.259 168.820 -17.780
v 73.560 168.546 -17.780
v 72.812 168.490 -17.780
v 72.080 168.657 -17.780
v 71.430 169.032 -17.780
v 70.920 169.582 -17.780
v 70.594 170.258 -17.780
v 50.482 171.000 -17.780
v 50.594 171.742 -17.780
v 50.920 172.418 -17.780
v 51.430 172.968 -17.780
v 52.080 173.343 -17.780
v 52.812 173.510 -17.780
v 53.560 173.454 -17.780
v 54.259 173.180 -17.780
v 54.845 172.712 -17.780
v 55.268 172.092 -17.780
v 55.489 171.375 -17.780
v 55.489 170.625 -17.780
v 55.268 169.908 -17.780
v 54.845 169.288 -17.780
v 54.259 168.820 -17.780
v 53.560 168.546 -17.780
v 52.812 168.490 -17.780
v 52.080 168.657 -17.780
v 51.430 169.032 -17.780
v 50.920 169.582 -17.780
v 50.594 170.258 -17.780
v 30.482 171.000 -17.780
v 30.594 171.742 -17.780
v 30.920 172.418 -17.780
v 31.430 172.968 -17.780
v 32.080 173.343 -17.780
v 32.812 173.510 -17.780
v 33.560 173.454 -17.780
v 34.259 173.180 -17.780
v 34.845 172.712 -17.780
v 35.268 172.092 -17.780
v 35.489 171.375 -17.780
v 35.489 170.625 -17.780
v 35.268 169.908 -17.780
v 34.845 169.288 -17.780
v 34.259 168.820 -17.780
v 33.560 168.546 -17.780
v 32.812 168.490 -17.780
v 32.080 168.657 -17.780
v 31.430 169.032 -17.780
v 30.920 169.582 -17.780
v 30.594 170.258 -17.780
v 10.482 171.000 -17.780
v 10.594 171.742 -17.780
v 10.920 172.418 -17.780
v 11.430 172.968 -17.780
v 12.080 173.343 -17.780
v 12.812 173.510 -17.780
v 13.560 173.454 -17.780
v 14.259 173.180 -17.780
v 14.845 172.712 -17.780
v 15.268 172.092 -17.780
v 15.489 171.375 -17.780
v 15.489 170.625 -17.780
v 15.268 169.908 -17.780
v 14.845 169.288 -17.780
v 14.259 168.820 -17.780
v 13.560 168.546 -17.780
v 12.812 168.490 -17.780
v 12.080 168.657 -17.780
v 11.430 169.032 -17.780
v 10.920 169.582 -17.780
v 10.594 170.258 -17.780
v 290.482 191.000 -17.780
v 290.594 191.742 -17.780
v 290.920 192.418 -17.780
v 291.430 192.968 -17.780
v 292.080 193.343 -17.780
v 292.812 193.510 -17.780
v 293.560 193.454 -17.780
v 294.259 193.180 -17.780
v 294.845 192.712 -17.780
v 295.268 192.092 -17.780
v 295.489 191.375 -17.780
v 295.489 190.625 -17.780
v 295.268 189.908 -17.780
v 294.845 189.288 -17.780
v 294.259 188.820 -17.780
v 293.560 188.546 -17.780
v 292.812 188.490 -17.780
v 292.080 188.657 -17.780
v 291.430 189.032 -17.780
v 290.920 189.582 -17.780
v 290.594 190.258 -17.780
v 270.482 191.000 -17.780
v 270.594 191.742 -17.780
v 270.920 192.418 -17.780
v 271.430 192.968 -17.780
v 272.080 193.343 -17.780
v 272.812 193.510 -17.780
v 273.560 193.454 -17.780
v 274.259 193.180 -17.780
v 274.845 192.712 -17.780
v 275.268 192.092 -17.780
v 275.489 191.375 -17.780
v 275.489 190.625 -17.780
v 275.268 189.908 -17.780
v 274.845 189.288 -17.780
v 274.259 188.820 -17.780
v 273.560 188.546 -17.780
v 272.812 188.490 -17.780
v 272.080 188.657 -17.780
v 271.430 189.032 -17.780
v 270.920 189.582 -17.780
v 270.594 190.258 -17.780
v 250.482 191.000 -17.780
v 250.594 191.742 -17.780
v 250.920 192.418 -17.780
v 251.430 192.968 -17.780
v 252.080 193.343 -17.780
v 252.812 193.510 -17.780
v 253.560 193.454 -17.780
v 254.259 193.180 -17.780
v 254.845 192.712 -17.780
v 255.268 192.092 -17.780
v 255.489 191.375 -17.780
v 255.489 190.625 -17.780
v 255.268 189.908 -17.780
v 254.845 189.288 -17.780
v 254.259 188.820 -17.780
v 253.560 188.546 -17.780
v 252.812 188.490 -17.780
v 252.080 188.657 -17.780
v 251.430 189.032 -17.780
v 250.920 189.582 -17.780
v 250.594 190.258 -17.780
v 230.482 191.000 -17.780
v 230.594 191.742 -17.780
v 230.920 192.418 -17.780
v 231.430 192.968 -17.780
v 232.080 193.343 -17.780
v 232.812 193.510 -17.780
v 233.560 193.454 -17.780
v 234.259 193.180 -17.780
v 234.845 192.712 -17.780
v 235.268 192.092 -17.780
v 235.489 191.375 -17.780
v 235.489 190.625 -17.780
v 235.268 189.908 -17.780
v 234.845 189.288 -17.780
v 234.259 188.820 -17.780
v 233.560 188.546 -17.780
v 232.812 188.490 -17.780
v 232.080 188.657 -17.780
v 231.430 189.032 -17.780
v 230.920 189.582 -17.780
v 230.594 190.258 -17.780
v 210.482 191.000 -17.780
v 210.594 191.742 -17.780
v 210.920 192.418 -17.780
v 211.430 192.968 -17.780
v 212.080 193.343 -17.780
v 212.812 193.510 -17.780
v 213.560 193.454 -17.780
v 214.259 193.180 -17.780
v 214.845 192.712 -17.780
v 215.268 192.092 -17.780
v 215.489 191.375 -17.780
v 215.489 190.625 -17.780
v 215.268 189.908 -17.780
v 214.845 189.288 -17.780
v 214.259 188.820 -17.780
v 213.560 188.546 -17.780
v 212.812 188.490 -17.780
v 212.080 188.657 -17.780
v 211.430 189.032 -17.780
v 210.920 189.582 -17.780
v 210.594 190.258 -17.780
v 190.482 191.000 -17.780
v 190.594 191.742 -17.780
v 190.920 192.418 -17.780
v 191.430 192.968 -17.780
v 192.080 193.343 -17.780
v 192.812 193.510 -17.780
v 193.560 193.454 -17.780
v 194.259 193.180 -17.780
v 194.845 192.712 -17.780
v 195.268 192.092 -17.780
v 195.489 191.375 -17.780
v 195.489 190.625 -17.780
v 195.268 189.908 -17.780
v 194.845 189.288 -17.780
v 194.259 188.820 -17.780
v 193.560 188.546 -17.780
v 192.812 188.490 -17.780
v 192.080 188.657 -17.780
v 191.430 189.032 -17.780
v 190.920 189.582 -17.780
v 190.594 190.258 -17.780
v 170.483 191.000 -17.780
v 170.594 191.742 -17.780
v 170.920 192.418 -17.780
v 171.430 192.968 -17.780
v 172.080 193.343 -17.780
v 172.812 193.510 -17.780
v 173.560 193.454 -17.780
v 174.259 193.180 -17.780
v 174.845 192.712 -17.780
v 175.268 192.092 -17.780
v 175.489 191.375 -17.780
v 175.489 190.625 -17.780
v 175.268 189.908 -17.780
v 174.845 189.288 -17.780
v 174.259 188.820 -17.780
v 173.560 188.546 -17.780
v 172.812 188.490 -17.780
v 172.080 188.657 -17.780
v 171.430 189.032 -17.780
v 170.920 189.582 -17.780
v 170.594 190.258 -17.780
v 130.483 191.000 -17.780
v 130.594 191.742 -17.780
v 130.920 192.418 -17.780
v 131.430 192.968 -17.780
v 132.080 193.343 -17.780
v 132.812 193.510 -17.780
v 133.560 193.454 -17.780
v 134.259 193.180 -17.780
v 134.845 192.712 -17.780
v 135.268 192.092 -17.780
v 135.489 191.375 -17.780
v 135.489 190.625 -17.780
v 135.268 189.908 -17.780
v 134.845 189.288 -17.780
v 134.259 188.820 -17.780
v 133.560 188.546 -17.780
v 132.812 188.490 -17.780
v 132.080 188.657 -17.780
v 131.430 189.032 -17.780
v 130.920 189.582 -17.780
v 130.594 190.258 -17.780
v 110.482 191.000 -17.780
v 110.594 191.742 -17.780
v 110.920 192.418 -17.780
v 111.430 192.968 -17.780
v 112.080 193.343 -17.780
v 112.812 193.510 -17.780
v 113.560 193.454 -17.780
v 114.259 193.180 -17.780
v 114.845 192.712 -17.780
v 115.268 192.092 -17.780
v 115.489 191.375 -17.780
v 115.489 190.625 -17.780
v 115.268 189.908 -17.780
v 114.845 189.288 -17.780
v 114.259 188.820 -17.780
v 113.560 188.546 -17.780
v 112.812 188.490 -17.780
v 112.080 188.657 -17.780
v 111.430 189.032 -17.780
v 110.920 189.582 -17.780
v 110.594 190.258 -17.780
v 90.482 191.000 -17.780
v 90.594 191.742 -17.780
v 90.920 192.418 -17.780
v 91.430 192.968 -17.780
v 92.080 193.343 -17.780
v 92.812 193.510 -17.780
v 93.560 193.454 -17.780
v 94.259 193.180 -17.780
v 94.845 192.712 -17.780
v 95.268 192.092 -17.780
v 95.489 191.375 -17.780
v 95.489 190.625 -17.780
v 95.268 189.908 -17.780
v 94.845 189.288 -17.780
v 94.259 188.820 -17.780
v 93.560 188.546 -17.780
v 92.812 188.490 -17.780
v 92.080 188.657 -17.780
v 91.430 189.032 -17.780
v 90.920 189.582 -17.780
v 90.594 190.258 -17.780
v 70.482 191.000 -17.780
v 70.594 191.742 -17.780
v 70.920 192.418 -17.780
v 71.430 192.968 -17.780
v 72.080 193.343 -17.780
v 72.812 193.510 -17.780
v 73.560 193.454 -17.780
v 74.259 193.180 -17.780
v 74.845 192.712 -17.780
v 75.268 192.092 -17.780
v 75.489 191.375 -17.780
v 75.489 190.625 -17.780
v 75.268 189.908 -17.780
v 74.845 189.288 -17.780
v 74.259 188.820 -17.780
v 73.560 188.546 -17.780
v 72.812 188.490 -17.780
v 72.080 188.657 -17.780
v 71.430 189.032 -17.780
v 70.920 189.582 -17.780
v 70.594 190.258 -17.780
v 50.482 191.000 -17.780
v 50.594 191.742 -17.780
v 50.920 192.418 -17.780
v 51.430 192.968 -17.780
v 52.080 193.343 -17.780
v 52.812 193.510 -17.780
v 53.560 193.454 -17.780
v 54.259 193.180 -17.780
v 54.845 192.712 -17.780
v 55.268 192.092 -17.780
v 55.489 191.375 -17.780
v 55.489 190.625 -17.780
v 55.268 189.908 -17.780
v 54.845 189.288 -17.780
v 54.259 188.820 -17.780
v 53.560 188.546 -17.780
v 52.812 188.490 -17.780
v 52.080 188.657 -17.780
v 51.430 189.032 -17.780
v 50.920 189.582 -17.780
v 50.594 190.258 -17.780
v 30.482 191.000 -17.780
v 30.594 191.742 -17.780
v 30.920 192.418 -17.780
v 31.430 192.968 -17.780
v 32.080 193.343 -17.780
v 32.812 193.510 -17.780
v 33.560 193.454 -17.780
v 34.259 193.180 -17.780
v 34.845 192.712 -17.780
v 35.268 192.092 -17.780
v 35.489 191.375 -17.780
v 35.489 190.625 -17.780
v 35.268 189.908 -17.780
v 34.845 189.288 -17.780
v 34.259 188.820 -17.780
v 33.560 188.546 -17.780
v 32.812 188.490 -17.780
v 32.080 188.657 -17.780
v 31.430 189.032 -17.780
v 30.920 189.582 -17.780
v 30.594 190.258 -17.780
v 270.482 211.000 -17.780
v 270.594 211.742 -17.780
v 270.920 212.418 -17.780
v 271.430 212.968 -17.780
v 272.080 213.343 -17.780
v 272.812 213.510 -17.780
v 273.560 213.454 -17.780
v 274.259 213.180 -17.780
v 274.845 212.712 -17.780
v 275.268 212.092 -17.780
v 275.489 211.375 -17.780
v 275.489 210.625 -17.780
v 275.268 209.908 -17.780
v 274.845 209.288 -17.780
v 274.259 208.820 -17.780
v 273.560 208.546 -17.780
v 272.812 208.490 -17.780
v 272.080 208.657 -17.780
v 271.430 209.032 -17.780
v 270.920 209.582 -17.780
v 270.594 210.258 -17.780
v 250.482 211.000 -17.780
v 250.594 211.742 -17.780
v 250.920 212.418 -17.780
v 251.430 212.968 -17.780
v 252.080 213.343 -17.780
v 252.812 213.510 -17.780
v 253.560 213.454 -17.780
v 254.259 213.180 -17.780
v 254.845 212.712 -17.780
v 255.268 212.092 -17.780
v 255.489 211.375 -17.780
v 255.489 210.625 -17.780
v 255.268 209.908 -17.780
v 254.845 209.288 -17.780
v 254.259 208.820 -17.780
v 253.560 208.546 -17.780
v 252.812 208.490 -17.780
v 252.080 208.657 -17.780
v 251.430 209.032 -17.780
v 250.920 209.582 -17.780
v 250.594 210.258 -17.780
v 230.482 211.000 -17.780
v 230.594 211.742 -17.780
v 230.920 212.418 -17.780
v 231.430 212.968 -17.780
v 232.080 213.343 -17.780
v 232.812 213.510 -17.780
v 233.560 213.454 -17.780
v 234.259 213.180 -17.780
v 234.845 212.712 -17.780
v 235.268 212.092 -17.780
v 235.489 211.375 -17.780
v 235.489 210.625 -17.780
v 235.268 209.908 -17.780
v 234.845 209.288 -17.780
v 234.259 208.820 -17.780
v 233.560 208.546 -17.780
v 232.812 208.490 -17.780
v 232.080 208.657 -17.780
v 231.430 209.032 -17.780
v 230.920 209.582 -17.780
v 230.594 210.258 -17.780
v 210.482 211.000 -17.780
v 210.594 211.742 -17.780
v 210.920 212.418 -17.780
v 211.430 212.968 -17.780
v 212.080 213.343 -17.780
v 212.812 213.510 -17.780
v 213.560 213.454 -17.780
v 214.259 213.180 -17.780
v 214.845 212.712 -17.780
v 215.268 212.092 -17.780
v 215.489 211.375 -17.780
v 215.489 210.625 -17.780
v 215.268 209.908 -17.780
v 214.845 209.288 -17.780
v 214.259 208.820 -17.780
v 213.560 208.546 -17.780
v 212.812 208.490 -17.780
v 212.080 208.657 -17.780
v 211.430 209.032 -17.780
v 210.920 209.582 -17.780
v 210.594 210.258 -17.780
v 190.482 211.000 -17.780
v 190.594 211.742 -17.780
v 190.920 212.418 -17.780
v 191.430 212.968 -17.780
v 192.080 213.343 -17.780
v 192.812 213.510 -17.780
v 193.560 213.454 -17.780
v 194.259 213.180 -17.780
v 194.845 212.712 -17.780
v 195.268 212.092 -17.780
v 195.489 211.375 -17.780
v 195.489 210.625 -17.780
v 195.268 209.908 -17.780
v 194.845 209.288 -17.780
v 194.259 208.820 -17.780
v 193.560 208.546 -17.780
v 192.812 208.490 -17.780
v 192.080 208.657 -17.780
v 191.430 209.032 -17.780
v 190.920 209.582 -17.780
v 190.594 210.258 -17.780
v 170.483 211.000 -17.780
v 170.594 211.742 -17.780
v 170.920 212.418 -17.780
v 171.430 212.968 -17.780
v 172.080 213.343 -17.780
v 172.812 213.510 -17.780
v 173.560 213.454 -17.780
v 174.259 213.180 -17.780
v 174.845 212.712 -17.780
v 175.268 212.092 -17.780
v 175.489 211.375 -17.780
v 175.489 210.625 -17.780
v 175.268 209.908 -17.780
v 174.845 209.288 -17.780
v 174.259 208.820 -17.780
v 173.560 208.546 -17.780
v 172.812 208.490 -17.780
v 172.080 208.657 -17.780
v 171.430 209.032 -17.780
v 170.920 209.582 -17.780
v 170.594 210.258 -17.780
v 150.482 211.000 -17.780
v 150.594 211.742 -17.780
v 150.920 212.418 -17.780
v 151.430 212.968 -17.780
v 152.080 213.343 -17.780
v 152.812 213.510 -17.780
v 153.560 213.454 -17.780
v 154.259 213.180 -17.780
v 154.845 212.712 -17.780
v 155.268 212.092 -17.780
v 155.489 211.375 -17.780
v 155.489 210.625 -17.780
v 155.268 209.908 -17.780
v 154.845 209.288 -17.780
v 154.259 208.820 -17.780
v 153.560 208.546 -17.780
v 152.812 208.490 -17.780
v 152.080 208.657 -17.780
v 151.430 209.032 -17.780
v 150.920 209.582 -17.780
v 150.594 210.258 -17.780
v 130.483 211.000 -17.780
v 130.594 211.742 -17.780
v 130.920 212.418 -17.780
v 131.430 212.968 -17.780
v 132.080 213.343 -17.780
v 132.812 213.510 -17.780
v 133.560 213.454 -17.780
v 134.259 213.180 -17.780
v 134.845 212.712 -17.780
v 135.268 212.092 -17.780
v 135.489 211.375 -17.780
v 135.489 210.625 -17.780
v 135.268 209.908 -17.780
v 134.845 209.288 -17.780
v 134.259 208.820 -17.780
v 133.560 208.546 -17.780
v 132.812 208.490 -17.780
v 132.080 208.657 -17.780
v 131.430 209.032 -17.780
v 130.920 209.582 -17.780
v 130.594 210.258 -17.780
v 110.482 211.000 -17.780
v 110.594 211.742 -17.780
v 110.920 212.418 -17.780
v 111.430 212.968 -17.780
v 112.080 213.343 -17.780
v 112.812 213.510 -17.780
v 113.560 213.454 -17.780
v 114.259 213.180 -17.780
v 114.845 212.712 -17.780
v 115.268 212.092 -17.780
v 115.489 211.375 -17.780
v 115.489 210.625 -17.780
v 115.268 209.908 -17.780
v 114.845 209.288 -17.780
v 114.259 208.820 -17.780
v 113.560 208.546 -17.780
v 112.812 208.490 -17.780
v 112.080 208.657 -17.780
v 111.430 209.032 -17.780
v 110.920 209.582 -17.780
v 110.594 210.258 -17.780
v 90.482 211.000 -17.780
v 90.594 211.742 -17.780
v 90.920 212.418 -17.780
v 91.430 212.968 -17.780
v 92.080 213.343 -17.780
v 92.812 213.510 -17.780
v 93.560 213.454 -17.780
v 94.259 213.180 -17.780
v 94.845 212.712 -17.780
v 95.268 212.092 -17.780
v 95.489 211.375 -17.780
v 95.489 210.625 -17.780
v 95.268 209.908 -17.780
v 94.845 209.288 -17.780
v 94.259 208.820 -17.780
v 93.560 208.546 -17.780
v 92.812 208.490 -17.780
v 92.080 208.657 -17.780
v 91.430 209.032 -17.780
v 90.920 209.582 -17.780
v 90.594 210.258 -17.780
v 70.482 211.000 -17.780
v 70.594 211.742 -17.780
v 70.920 212.418 -17.780
v 71.430 212.968 -17.780
v 72.080 213.343 -17.780
v 72.812 213.510 -17.780
v 73.560 213.454 -17.780
v 74.259 213.180 -17.780
v 74.845 212.712 -17.780
v 75.268 212.092 -17.780
v 75.489 211.375 -17.780
v 75.489 210.625 -17.780
v 75.268 209.908 -17.780
v 74.845 209.288 -17.780
v 74.259 208.820 -17.780
v 73.560 208.546 -17.780
v 72.812 208.490 -17.780
v 72.080 208.657 -17.780
v 71.430 209.032 -17.780
v 70.920 209.582 -17.780
v 70.594 210.258 -17.780
v 50.482 211.000 -17.780
v 50.594 211.742 -17.780
v 50.920 212.418 -17.780
v 51.430 212.968 -17.780
v 52.080 213.343 -17.780
v 52.812 213.510 -17.780
v 53.560 213.454 -17.780
v 54.259 213.180 -17.780
v 54.845 212.712 -17.780
v 55.268 212.092 -17.780
v 55.489 211.375 -17.780
v 55.489 210.625 -17.780
v 55.268 209.908 -17.780
v 54.845 209.288 -17.780
v 54.259 208.820 -17.780
v 53.560 208.546 -17.780
v 52.812 208.490 -17.780
v 52.080 208.657 -17.780
v 51.430 209.032 -17.780
v 50.920 209.582 -17.780
v 50.594 210.258 -17.780
v 30.482 211.000 -17.780
v 30.594 211.742 -17.780
v 30.920 212.418 -17.780
v 31.430 212.968 -17.780
v 32.080 213.343 -17.780
v 32.812 213.510 -17.780
v 33.560 213.454 -17.780
v 34.259 213.180 -17.780
v 34.845 212.712 -17.780
v 35.268 212.092 -17.780
v 35.489 211.375 -17.780
v 35.489 210.625 -17.780
v 35.268 209.908 -17.780
v 34.845 209.288 -17.780
v 34.259 208.820 -17.780
v 33.560 208.546 -17.780
v 32.812 208.490 -17.780
v 32.080 208.657 -17.780
v 31.430 209.032 -17.780
v 30.920 209.582 -17.780
v 30.594 210.258 -17.780
v 10.482 211.000 -17.780
v 10.594 211.742 -17.780
v 10.920 212.418 -17.780
v 11.430 212.968 -17.780
v 12.080 213.343 -17.780
v 12.812 213.510 -17.780
v 13.560 213.454 -17.780
v 14.259 213.180 -17.780
v 14.845 212.712 -17.780
v 15.268 212.092 -17.780
v 15.489 211.375 -17.780
v 15.489 210.625 -17.780
v 15.268 209.908 -17.780
v 14.845 209.288 -17.780
v 14.259 208.820 -17.780
v 13.560 208.546 -17.780
v 12.812 208.490 -17.780
v 12.080 208.657 -17.780
v 11.430 209.032 -17.780
v 10.920 209.582 -17.780
v 10.594 210.258 -17.780
v 279.375 10.500 -17.780
v 279.514 9.579 -17.780
v 279.918 8.740 -17.780
v 280.552 8.057 -17.780
v 281.358 7.591 -17.780
v 282.266 7.384 -17.780
v 283.195 7.453 -17.780
v 284.062 7.794 -17.780
v 284.791 8.374 -17.780
v 285.316 9.144 -17.780
v 285.590 10.034 -17.780
v 285.590 10.966 -17.780
v 285.316 11.856 -17.780
v 284.791 12.626 -17.780
v 284.062 13.206 -17.780
v 283.195 13.547 -17.780
v 282.266 13.616 -17.780
v 281.358 13.409 -17.780
v 280.552 12.943 -17.780
v 279.918 12.260 -17.780
v 279.514 11.421 -17.780
v 188.750 52.500 -17.780
v 188.561 53.753 -17.780
v 188.012 54.894 -17.780
v 187.150 55.823 -17.780
v 186.053 56.456 -17.780
v 184.818 56.738 -17.780
v 183.554 56.643 -17.780
v 182.375 56.181 -17.780
v 181.385 55.391 -17.780
v 180.671 54.344 -17.780
v 180.297 53.133 -17.780
v 180.297 51.867 -17.780
v 180.671 50.656 -17.780
v 181.385 49.609 -17.780
v 182.375 48.819 -17.780
v 183.554 48.357 -17.780
v 184.818 48.262 -17.780
v 186.053 48.544 -17.780
v 187.150 49.177 -17.780
v 188.012 50.106 -17.780
v 188.561 51.247 -17.780
v 100.250 141.000 -17.780
v 100.061 142.253 -17.780
v 99.512 143.394 -17.780
v 98.650 144.323 -17.780
v 97.553 144.956 -17.780
v 96.318 145.238 -17.780
v 95.054 145.143 -17.780
v 93.875 144.681 -17.780
v 92.885 143.891 -17.780
v 92.171 142.844 -17.780
v 91.797 141.633 -17.780
v 91.797 140.367 -17.780
v 92.171 139.156 -17.780
v 92.885 138.109 -17.780
v 93.875 137.319 -17.780
v 95.054 136.857 -17.780
v 96.318 136.762 -17.780
v 97.553 137.044 -17.780
v 98.650 137.677 -17.780
v 99.512 138.606 -17.780
v 100.061 139.747 -17.780
v 49.250 52.500 -17.780
v 49.061 53.753 -17.780
v 48.512 54.894 -17.780
v 47.650 55.823 -17.780
v 46.553 56.456 -17.780
v 45.318 56.738 -17.780
v 44.054 56.643 -17.780
v 42.875 56.181 -17.780
v 41.885 55.391 -17.780
v 41.171 54.344 -17.780
v 40.797 53.133 -17.780
v 40.797 51.867 -17.780
v 41.171 50.656 -17.780
v 41.885 49.609 -17.780
v 42.875 48.819 -17.780
v 44.054 48.357 -17.780
v 45.318 48.262 -17.780
v 46.553 48.544 -17.780
v 47.650 49.177 -17.780
v 48.512 50.106 -17.780
v 49.061 51.247 -17.780
v 11.750 96.000 -17.780
v 11.561 97.253 -17.780
v 11.012 98.394 -17.780
v 10.150 99.323 -17.780
v 9.053 99.956 -17.780
v 7.818 100.238 -17.780
v 6.554 100.143 -17.780
v 5.375 99.681 -17.780
v 4.385 98.891 -17.780
v 3.671 97.844 -17.780
v 3.297 96.633 -17.780
v 3.297 95.367 -17.780
v 3.671 94.156 -17.780
v 4.385 93.109 -17.780
v 5.375 92.319 -17.780
v 6.554 91.857 -17.780
v 7.818 91.762 -17.780
v 9.053 92.044 -17.780
v 10.150 92.677 -17.780
v 11.012 93.606 -17.780
v 11.561 94.747 -17.780
v 90.482 111.000 -17.780
v 90.594 111.742 -17.780
v 90.920 112.418 -17.780
v 91.430 112.968 -17.780
v 92.080 113.343 -17.780
v 92.812 113.510 -17.780
v 93.560 113.454 -17.780
v 94.259 113.180 -17.780
v 94.845 112.712 -17.780
v 95.268 112.092 -17.780
v 95.489 111.375 -17.780
v 95.489 110.625 -17.780
v 95.268 109.908 -17.780
v 94.845 109.288 -17.780
v 94.259 108.820 -17.780
v 93.560 108.546 -17.780
v 92.812 108.490 -17.780
v 92.080 108.657 -17.780
v 91.430 109.032 -17.780
v 90.920 109.582 -17.780
v 90.594 110.258 -17.780
v 90.482 71.000 -17.780
v 90.594 71.742 -17.780
v 90.920 72.418 -17.780
v 91.430 72.968 -17.780
v 92.080 73.343 -17.780
v 92.812 73.510 -17.780
v 93.560 73.454 -17.780
v 94.259 73.180 -17.780
v 94.845 72.712 -17.780
v 95.268 72.092 -17.780
v 95.489 71.375 -17.780
v 95.489 70.625 -17.780
v 95.268 69.908 -17.780
v 94.845 69.288 -17.780
v 94.259 68.820 -17.780
v 93.560 68.546 -17.780
v 92.812 68.490 -17.780
v 92.080 68.657 -17.780
v 91.430 69.032 -17.780
v 90.920 69.582 -17.780
v 90.594 70.258 -17.780
v 20.482 201.000 -17.780
v 20.594 201.742 -17.780
v 20.920 202.418 -17.780
v 21.430 202.968 -17.780
v 22.080 203.343 -17.780
v 22.812 203.510 -17.780
v 23.560 203.454 -17.780
v 24.259 203.180 -17.780
v 24.845 202.712 -17.780
v 25.268 202.092 -17.780
v 25.489 201.375 -17.780
v 25.489 200.625 -17.780
v 25.268 199.908 -17.780
v 24.845 199.288 -17.780
v 24.259 198.820 -17.780
v 23.560 198.546 -17.780
v 22.812 198.490 -17.780
v 22.080 198.657 -17.780
v 21.430 199.032 -17.780
v 20.920 199.582 -17.780
v 20.594 200.258 -17.780
v 40.482 201.000 -17.780
v 40.594 201.742 -17.780
v 40.920 202.418 -17.780
v 41.430 202.968 -17.780
v 42.080 203.343 -17.780
v 42.812 203.510 -17.780
v 43.560 203.454 -17.780
v 44.259 203.180 -17.780
v 44.845 202.712 -17.780
v 45.268 202.092 -17.780
v 45.489 201.375 -17.780
v 45.489 200.625 -17.780
v 45.268 199.908 -17.780
v 44.845 199.288 -17.780
v 44.259 198.820 -17.780
v 43.560 198.546 -17.780
v 42.812 198.490 -17.780
v 42.080 198.657 -17.780
v 41.430 199.032 -17.780
v 40.920 199.582 -17.780
v 40.594 200.258 -17.780
v 60.482 201.000 -17.780
v 60.594 201.742 -17.780
v 60.920 202.418 -17.780
v 61.430 202.968 -17.780
v 62.080 203.343 -17.780
v 62.812 203.510 -17.780
v 63.560 203.454 -17.780
v 64.259 203.180 -17.780
v 64.845 202.712 -17.780
v 65.268 202.092 -17.780
v 65.489 201.375 -17.780
v 65.489 200.625 -17.780
v 65.268 199.908 -17.780
v 64.845 199.288 -17.780
v 64.259 198.820 -17.780
v 63.560 198.546 -17.780
v 62.812 198.490 -17.780
v 62.080 198.657 -17.780
v 61.430 199.032 -17.780
v 60.920 199.582 -17.780
v 60.594 200.258 -17.780
v 80.482 201.000 -17.780
v 80.594 201.742 -17.780
v 80.920 202.418 -17.780
v 81.430 202.968 -17.780
v 82.080 203.343 -17.780
v 82.812 203.510 -17.780
v 83.560 203.454 -17.780
v 84.259 203.180 -17.780
v 84.845 202.712 -17.780
v 85.268 202.092 -17.780
v 85.489 201.375 -17.780
v 85.489 200.625 -17.780
v 85.268 199.908 -17.780
v 84.845 199.288 -17.780
v 84.259 198.820 -17.780
v 83.560 198.546 -17.780
v 82.812 198.490 -17.780
v 82.080 198.657 -17.780
v 81.430 199.032 -17.780
v 80.920 199.582 -17.780
v 80.594 200.258 -17.780
v 100.482 201.000 -17.780
v 100.594 201.742 -17.780
v 100.920 202.418 -17.780
v 101.430 202.968 -17.780
v 102.080 203.343 -17.780
v 102.812 203.510 -17.780
v 103.560 203.454 -17.780
v 104.259 203.180 -17.780
v 104.845 202.712 -17.780
v 105.268 202.092 -17.780
v 105.489 201.375 -17.780
v 105.489 200.625 -17.780
v 105.268 199.908 -17.780
v 104.845 199.288 -17.780
v 104.259 198.820 -17.780
v 103.560 198.546 -17.780
v 102.812 198.490 -17.780
v 102.080 198.657 -17.780
v 101.430 199.032 -17.780
v 100.920 199.582 -17.780
v 100.594 200.258 -17.780
v 120.482 201.000 -17.780
v 120.594 201.742 -17.780
v 120.920 202.418 -17.780
v 121.430 202.968 -17.780
v 122.080 203.343 -17.780
v 122.812 203.510 -17.780
v 123.560 203.454 -17.780
v 124.259 203.180 -17.780
v 124.845 202.712 -17.780
v 125.268 202.092 -17.780
v 125.489 201.375 -17.780
v 125.489 200.625 -17.780
v 125.268 199.908 -17.780
v 124.845 199.288 -17.780
v 124.259 198.820 -17.780
v 123.560 198.546 -17.780
v 122.812 198.490 -17.780
v 122.080 198.657 -17.780
v 121.430 199.032 -17.780
v 120.920 199.582 -17.780
v 120.594 200.258 -17.780
v 140.482 201.000 -17.780
v 140.594 201.742 -17.780
v 140.920 202.418 -17.780
v 141.430 202.968 -17.780
v 142.080 203.343 -17.780
v 142.812 203.510 -17.780
v 143.560 203.454 -17.780
v 144.259 203.180 -17.780
v 144.845 202.712 -17.780
v 145.268 202.092 -17.780
v 145.489 201.375 -17.780
v 145.489 200.625 -17.780
v 145.268 199.908 -17.780
v 144.845 199.288 -17.780
v 144.259 198.820 -17.780
v 143.560 198.546 -17.780
v 142.812 198.490 -17.780
v 142.080 198.657 -17.780
v 141.430 199.032 -17.780
v 140.920 199.582 -17.780
v 140.594 200.258 -17.780
v 160.482 201.000 -17.780
v 160.594 201.742 -17.780
v 160.920 202.418 -17.780
v 161.430 202.968 -17.780
v 162.080 203.343 -17.780
v 162.812 203.510 -17.780
v 163.560 203.454 -17.780
v 164.259 203.180 -17.780
v 164.845 202.712 -17.780
v 165.268 202.092 -17.780
v 165.489 201.375 -17.780
v 165.489 200.625 -17.780
v 165.268 199.908 -17.780
v 164.845 199.288 -17.780
v 164.259 198.820 -17.780
v 163.560 198.546 -17.780
v 162.812 198.490 -17.780
v 162.080 198.657 -17.780
v 161.430 199.032 -17.780
v 160.920 199.582 -17.780
v 160.594 200.258 -17.780
v 180.483 201.000 -17.780
v 180.594 201.742 -17.780
v 180.920 202.418 -17.780
v 181.430 202.968 -17.780
v 182.080 203.343 -17.780
v 182.812 203.510 -17.780
v 183.560 203.454 -17.780
v 184.259 203.180 -17.780
v 184.845 202.712 -17.780
v 185.268 202.092 -17.780
v 185.489 201.375 -17.780
v 185.489 200.625 -17.780
v 185.268 199.908 -17.780
v 184.845 199.288 -17.780
v 184.259 198.820 -17.780
v 183.560 198.546 -17.780
v 182.812 198.490 -17.780
v 182.080 198.657 -17.780
v 181.430 199.032 -17.780
v 180.920 199.582 -17.780
v 180.594 200.258 -17.780
v 200.482 201.000 -17.780
v 200.594 201.742 -17.780
v 200.920 202.418 -17.780
v 201.430 202.968 -17.780
v 202.080 203.343 -17.780
v 202.812 203.510 -17.780
v 203.560 203.454 -17.780
v 204.259 203.180 -17.780
v 204.845 202.712 -17.780
v 205.268 202.092 -17.780
v 205.489 201.375 -17.780
v 205.489 200.625 -17.780
v 205.268 199.908 -17.780
v 204.845 199.288 -17.780
v 204.259 198.820 -17.780
v 203.560 198.546 -17.780
v 202.812 198.490 -17.780
v 202.080 198.657 -17.780
v 201.430 199.032 -17.780
v 200.920 199.582 -17.780
v 200.594 200.258 -17.780
v 220.482 201.000 -17.780
v 220.594 201.742 -17.780
v 220.920 202.418 -17.780
v 221.430 202.968 -17.780
v 222.080 203.343 -17.780
v 222.812 203.510 -17.780
v 223.560 203.454 -17.780
v 224.259 203.180 -17.780
v 224.845 202.712 -17.780
v 225.268 202.092 -17.780
v 225.489 201.375 -17.780
v 225.489 200.625 -17.780
v 225.268 199.908 -17.780
v 224.845 199.288 -17.780
v 224.259 198.820 -17.780
v 223.560 198.546 -17.780
v 222.812 198.490 -17.780
v 222.080 198.657 -17.780
v 221.430 199.032 -17.780
v 220.920 199.582 -17.780
v 220.594 200.258 -17.780
v 240.482 201.000 -17.780
v 240.594 201.742 -17.780
v 240.920 202.418 -17.780
v 241.430 202.968 -17.780
v 242.080 203.343 -17.780
v 242.812 203.510 -17.780
v 243.560 203.454 -17.780
v 244.259 203.180 -17.780
v 244.845 202.712 -17.780
v 245.268 202.092 -17.780
v 245.489 201.375 -17.780
v 245.489 200.625 -17.780
v 245.268 199.908 -17.780
v 244.845 199.288 -17.780
v 244.259 198.820 -17.780
v 243.560 198.546 -17.780
v 242.812 198.490 -17.780
v 242.080 198.657 -17.780
v 241.430 199.032 -17.780
v 240.920 199.582 -17.780
v 240.594 200.258 -17.780
v 260.482 201.000 -17.780
v 260.594 201.742 -17.780
v 260.920 202.418 -17.780
v 261.430 202.968 -17.780
v 262.080 203.343 -17.780
v 262.812 203.510 -17.780
v 263.560 203.454 -17.780
v 264.259 203.180 -17.780
v 264.845 202.712 -17.780
v 265.268 202.092 -17.780
v 265.489 201.375 -17.780
v 265.489 200.625 -17.780
v 265.268 199.908 -17.780
v 264.845 199.288 -17.780
v 264.259 198.820 -17.780
v 263.560 198.546 -17.780
v 262.812 198.490 -17.780
v 262.080 198.657 -17.780
v 261.430 199.032 -17.780
v 260.920 199.582 -17.780
v 260.594 200.258 -17.780
v 20.482 181.000 -17.780
v 20.594 181.742 -17.780
v 20.920 182.418 -17.780
v 21.430 182.968 -17.780
v 22.080 183.343 -17.780
v 22.812 183.510 -17.780
v 23.560 183.454 -17.780
v 24.259 183.180 -17.780
v 24.845 182.712 -17.780
v 25.268 182.092 -17.780
v 25.489 181.375 -17.780
v 25.489 180.625 -17.780
v 25.268 179.908 -17.780
v 24.845 179.288 -17.780
v 24.259 178.820 -17.780
v 23.560 178.546 -17.780
v 22.812 178.490 -17.780
v 22.080 178.657 -17.780
v 21.430 179.032 -17.780
v 20.920 179.582 -17.780
v 20.594 180.258 -17.780
v 40.482 181.000 -17.780
v 40.594 181.742 -17.780
v 40.920 182.418 -17.780
v 41.430 182.968 -17.780
v 42.080 183.343 -17.780
v 42.812 183.510 -17.780
v 43.560 183.454 -17.780
v 44.259 183.180 -17.780
v 44.845 182.712 -17.780
v 45.268 182.092 -17.780
v 45.489 181.375 -17.780
v 45.489 180.625 -17.780
v 45.268 179.908 -17.780
v 44.845 179.288 -17.780
v 44.259 178.820 -17.780
v 43.560 178.546 -17.780
v 42.812 178.490 -17.780
v 42.080 178.657 -17.780
v 41.430 179.032 -17.780
v 40.920 179.582 -17.780
v 40.594 180.258 -17.780
v 60.482 181.000 -17.780
v 60.594 181.742 -17.780
v 60.920 182.418 -17.780
v 61.430 182.968 -17.780
v 62.080 183.343 -17.780
v 62.812 183.510 -17.780
v 63.560 183.454 -17.780
v 64.259 183.180 -17.780
v 64.845 182.712 -17.780
v 65.268 182.092 -17.780
v 65.489 181.375 -17.780
v 65.489 180.625 -17.780
v 65.268 179.908 -17.780
v 64.845 179.288 -17.780
v 64.259 178.820 -17.780
v 63.560 178.546 -17.780
v 62.812 178.490 -17.780
v 62.080 178.657 -17.780
v 61.430 179.032 -17.780
v 60.920 179.582 -17.780
v 60.594 180.258 -17.780
v 80.482 181.000 -17.780
v 80.594 181.742 -17.780
v 80.920 182.418 -17.780
v 81.430 182.968 -17.780
v 82.080 183.343 -17.780
v 82.812 183.510 -17.780
v 83.560 183.454 -17.780
v 84.259 183.180 -17.780
v 84.845 182.712 -17.780
v 85.268 182.092 -17.780
v 85.489 181.375 -17.780
v 85.489 180.625 -17.780
v 85.268 179.908 -17.780
v 84.845 179.288 -17.780
v 84.259 178.820 -17.780
v 83.560 178.546 -17.780
v 82.812 178.490 -17.780
v 82.080 178.657 -17.780
v 81.430 179.032 -17.780
v 80.920 179.582 -17.780
v 80.594 180.258 -17.780
v 100.482 181.000 -17.780
v 100.594 181.742 -17.780
v 100.920 182.418 -17.780
v 101.430 182.968 -17.780
v 102.080 183.343 -17.780
v 102.812 183.510 -17.780
v 103.560 183.454 -17.780
v 104.259 183.180 -17.780
v 104.845 182.712 -17.780
v 105.268 182.092 -17.780
v 105.489 181.375 -17.780
v 105.489 180.625 -17.780
v 105.268 179.908 -17.780
v 104.845 179.288 -17.780
v 104.259 178.820 -17.780
v 103.560 178.546 -17.780
v 102.812 178.490 -17.780
v 102.080 178.657 -17.780
v 101.430 179.032 -17.780
v 100.920 179.582 -17.780
v 100.594 180.258 -17.780
v 120.482 181.000 -17.780
v 120.594 181.742 -17.780
v 120.920 182.418 -17.780
v 121.430 182.968 -17.780
v 122.080 183.343 -17.780
v 122.812 183.510 -17.780
v 123.560 183.454 -17.780
v 124.259 183.180 -17.780
v 124.845 182.712 -17.780
v 125.268 182.092 -17.780
v 125.489 181.375 -17.780
v 125.489 180.625 -17.780
v 125.268 179.908 -17.780
v 124.845 179.288 -17.780
v 124.259 178.820 -17.780
v 123.560 178.546 -17.780
v 122.812 178.490 -17.780
v 122.080 178.657 -17.780
v 121.430 179.032 -17.780
v 120.920 179.582 -17.780
v 120.594 180.258 -17.780
v 160.482 181.000 -17.780
v 160.594 181.742 -17.780
v 160.920 182.418 -17.780
v 161.430 182.968 -17.780
v 162.080 183.343 -17.780
v 162.812 183.510 -17.780
v 163.560 183.454 -17.780
v 164.259 183.180 -17.780
v 164.845 182.712 -17.780
v 165.268 182.092 -17.780
v 165.489 181.375 -17.780
v 165.489 180.625 -17.780
v 165.268 179.908 -17.780
v 164.845 179.288 -17.780
v 164.259 178.820 -17.780
v 163.560 178.546 -17.780
v 162.812 178.490 -17.780
v 162.080 178.657 -17.780
v 161.430 179.032 -17.780
v 160.920 179.582 -17.780
v 160.594 180.258 -17.780
v 180.483 181.000 -17.780
v 180.594 181.742 -17.780
v 180.920 182.418 -17.780
v 181.430 182.968 -17.780
v 182.080 183.343 -17.780
v 182.812 183.510 -17.780
v 183.560 183.454 -17.780
v 184.259 183.180 -17.780
v 184.845 182.712 -17.780
v 185.268 182.092 -17.780
v 185.489 181.375 -17.780
v 185.489 180.625 -17.780
v 185.268 179.908 -17.780
v 184.845 179.288 -17.780
v 184.259 178.820 -17.780
v 183.560 178.546 -17.780
v 182.812 178.490 -17.780
v 182.080 178.657 -17.780
v 181.430 179.032 -17.780
v 180.920 179.582 -17.780
v 180.594 180.258 -17.780
v 200.482 181.000 -17.780
v 200.594 181.742 -17.780
v 200.920 182.418 -17.780
v 201.430 182.968 -17.780
v 202.080 183.343 -17.780
v 202.812 183.510 -17.780
v 203.560 183.454 -17.780
v 204.259 183.180 -17.780
v 204.845 182.712 -17.780
v 205.268 182.092 -17.780
v 205.489 181.375 -17.780
v 205.489 180.625 -17.780
v 205.268 179.908 -17.780
v 204.845 179.288 -17.780
v 204.259 178.820 -17.780
v 203.560 178.546 -17.780
v 202.812 178.490 -17.780
v 202.080 178.657 -17.780
v 201.430 179.032 -17.780
v 200.920 179.582 -17.780
v 200.594 180.258 -17.780
v 220.482 181.000 -17.780
v 220.594 181.742 -17.780
v 220.920 182.418 -17.780
v 221.430 182.968 -17.780
v 222.080 183.343 -17.780
v 222.812 183.510 -17.780
v 223.560 183.454 -17.780
v 224.259 183.180 -17.780
v 224.845 182.712 -17.780
v 225.268 182.092 -17.780
v 225.489 181.375 -17.780
v 225.489 180.625 -17.780
v 225.268 179.908 -17.780
v 224.845 179.288 -17.780
v 224.259 178.820 -17.780
v 223.560 178.546 -17.780
v 222.812 178.490 -17.780
v 222.080 178.657 -17.780
v 221.430 179.032 -17.780
v 220.920 179.582 -17.780
v 220.594 180.258 -17.780
v 240.482 181.000 -17.780
v 240.594 181.742 -17.780
v 240.920 182.418 -17.780
v 241.430 182.968 -17.780
v 242.080 183.343 -17.780
v 242.812 183.510 -17.780
v 243.560 183.454 -17.780
v 244.259 183.180 -17.780
v 244.845 182.712 -17.780
v 245.268 182.092 -17.780
v 245.489 181.375 -17.780
v 245.489 180.625 -17.780
v 245.268 179.908 -17.780
v 244.845 179.288 -17.780
v 244.259 178.820 -17.780
v 243.560 178.546 -17.780
v 242.812 178.490 -17.780
v 242.080 178.657 -17.780
v 241.430 179.032 -17.780
v 240.920 179.582 -17.780
v 240.594 180.258 -17.780
v 260.482 181.000 -17.780
v 260.594 181.742 -17.780
v 260.920 182.418 -17.780
v 261.430 182.968 -17.780
v 262.080 183.343 -17.780
v 262.812 183.510 -17.780
v 263.560 183.454 -17.780
v 264.259 183.180 -17.780
v 264.845 182.712 -17.780
v 265.268 182.092 -17.780
v 265.489 181.375 -17.780
v 265.489 180.625 -17.780
v 265.268 179.908 -17.780
v 264.845 179.288 -17.780
v 264.259 178.820 -17.780
v 263.560 178.546 -17.780
v 262.812 178.490 -17.780
v 262.080 178.657 -17.780
v 261.430 179.032 -17.780
v 260.920 179.582 -17.780
v 260.594 180.258 -17.780
v 20.482 161.000 -17.780
v 20.594 161.742 -17.780
v 20.920 162.418 -17.780
v 21.430 162.968 -17.780
v 22.080 163.343 -17.780
v 22.812 163.510 -17.780
v 23.560 163.454 -17.780
v 24.259 163.180 -17.780
v 24.845 162.712 -17.780
v 25.268 162.092 -17.780
v 25.489 161.375 -17.780
v 25.489 160.625 -17.780
v 25.268 159.908 -17.780
v 24.845 159.288 -17.780
v 24.259 158.820 -17.780
v 23.560 158.546 -17.780
v 22.812 158.490 -17.780
v 22.080 158.657 -17.780
v 21.430 159.032 -17.780
v 20.920 159.582 -17.780
v 20.594 160.258 -17.780
v 40.482 161.000 -17.780
v 40.594 161.742 -17.780
v 40.920 162.418 -17.780
v 41.430 162.968 -17.780
v 42.080 163.343 -17.780
v 42.812 163.510 -17.780
v 43.560 163.454 -17.780
v 44.259 163.180 -17.780
v 44.845 162.712 -17.780
v 45.268 162.092 -17.780
v 45.489 161.375 -17.780
v 45.489 160.625 -17.780
v 45.268 159.908 -17.780
v 44.845 159.288 -17.780
v 44.259 158.820 -17.780
v 43.560 158.546 -17.780
v 42.812 158.490 -17.780
v 42.080 158.657 -17.780
v 41.430 159.032 -17.780
v 40.920 159.582 -17.780
v 40.594 160.258 -17.780
v 60.482 161.000 -17.780
v 60.594 161.742 -17.780
v 60.920 162.418 -17.780
v 61.430 162.968 -17.780
v 62.080 163.343 -17.780
v 62.812 163.510 -17.780
v 63.560 163.454 -17.780
v 64.259 163.180 -17.780
v 64.845 162.712 -17.780
v 65.268 162.092 -17.780
v 65.489 161.375 -17.780
v 65.489 160.625 -17.780
v 65.268 159.908 -17.780
v 64.845 159.288 -17.780
v 64.259 158.820 -17.780
v 63.560 158.546 -17.780
v 62.812 158.490 -17.780
v 62.080 158.657 -17.780
v 61.430 159.032 -17.780
v 60.920 159.582 -17.780
v 60.594 160.258 -17.780
v 80.482 161.000 -17.780
v 80.594 161.742 -17.780
v 80.920 162.418 -17.780
v 81.430 162.968 -17.780
v 82.080 163.343 -17.780
v 82.812 163.510 -17.780
v 83.560 163.454 -17.780
v 84.259 163.180 -17.780
v 84.845 162.712 -17.780
v 85.268 162.092 -17.780
v 85.489 161.375 -17.780
v 85.489 160.625 -17.780
v 85.268 159.908 -17.780
v 84.845 159.288 -17.780
v 84.259 158.820 -17.780
v 83.560 158.546 -17.780
v 82.812 158.490 -17.780
v 82.080 158.657 -17.780
v 81.430 159.032 -17.780
v 80.920 159.582 -17.780
v 80.594 160.258 -17.780
v 100.482 161.000 -17.780
v 100.594 161.742 -17.780
v 100.920 162.418 -17.780
v 101.430 162.968 -17.780
v 102.080 163.343 -17.780
v 102.812 163.510 -17.780
v 103.560 163.454 -17.780
v 104.259 163.180 -17.780
v 104.845 162.712 -17.780
v 105.268 162.092 -17.780
v 105.489 161.375 -17.780
v 105.489 160.625 -17.780
v 105.268 159.908 -17.780
v 104.845 159.288 -17.780
v 104.259 158.820 -17.780
v 103.560 158.546 -17.780
v 102.812 158.490 -17.780
v 102.080 158.657 -17.780
v 101.430 159.032 -17.780
v 100.920 159.582 -17.780
v 100.594 160.258 -17.780
v 120.482 161.000 -17.780
v 120.594 161.742 -17.780
v 120.920 162.418 -17.780
v 121.430 162.968 -17.780
v 122.080 163.343 -17.780
v 122.812 163.510 -17.780
v 123.560 163.454 -17.780
v 124.259 163.180 -17.780
v 124.845 162.712 -17.780
v 125.268 162.092 -17.780
v 125.489 161.375 -17.780
v 125.489 160.625 -17.780
v 125.268 159.908 -17.780
v 124.845 159.288 -17.780
v 124.259 158.820 -17.780
v 123.560 158.546 -17.780
v 122.812 158.490 -17.780
v 122.080 158.657 -17.780
v 121.430 159.032 -17.780
v 120.920 159.582 -17.780
v 120.594 160.258 -17.780
v 140.482 161.000 -17.780
v 140.594 161.742 -17.780
v 140.920 162.418 -17.780
v 141.430 162.968 -17.780
v 142.080 163.343 -17.780
v 142.812 163.510 -17.780
v 143.560 163.454 -17.780
v 144.259 163.180 -17.780
v 144.845 162.712 -17.780
v 145.268 162.092 -17.780
v 145.489 161.375 -17.780
v 145.489 160.625 -17.780
v 145.268 159.908 -17.780
v 144.845 159.288 -17.780
v 144.259 158.820 -17.780
v 143.560 158.546 -17.780
v 142.812 158.490 -17.780
v 142.080 158.657 -17.780
v 141.430 159.032 -17.780
v 140.920 159.582 -17.780
v 140.594 160.258 -17.780
v 160.482 161.000 -17.780
v 160.594 161.742 -17.780
v 160.920 162.418 -17.780
v 161.430 162.968 -17.780
v 162.080 163.343 -17.780
v 162.812 163.510 -17.780
v 163.560 163.454 -17.780
v 164.259 163.180 -17.780
v 164.845 162.712 -17.780
v 165.268 162.092 -17.780
v 165.489 161.375 -17.780
v 165.489 160.625 -17.780
v 165.268 159.908 -17.780
v 164.845 159.288 -17.780
v 164.259 158.820 -17.780
v 163.560 158.546 -17.780
v 162.812 158.490 -17.780
v 162.080 158.657 -17.780
v 161.430 159.032 -17.780
v 160.920 159.582 -17.780
v 160.594 160.258 -17.780
v 180.483 161.000 -17.780
v 180.594 161.742 -17.780
v 180.920 162.418 -17.780
v 181.430 162.968 -17.780
v 182.080 163.343 -17.780
v 182.812 163.510 -17.780
v 183.560 163.454 -17.780
v 184.259 163.180 -17.780
v 184.845 162.712 -17.780
v 185.268 162.092 -17.780
v 185.489 161.375 -17.780
v 185.489 160.625 -17.780
v 185.268 159.908 -17.780
v 184.845 159.288 -17.780
v 184.259 158.820 -17.780
v 183.560 158.546 -17.780
v 182.812 158.490 -17.780
v 182.080 158.657 -17.780
v 181.430 159.032 -17.780
v 180.920 159.582 -17.780
v 180.594 160.258 -17.780
v 200.482 161.000 -17.780
v 200.594 161.742 -17.780
v 200.920 162.418 -17.780
v 201.430 162.968 -17.780
v 202.080 163.343 -17.780
v 202.812 163.510 -17.780
v 203.560 163.454 -17.780
v 204.259 163.180 -17.780
v 204.845 162.712 -17.780
v 205.268 162.092 -17.780
v 205.489 161.375 -17.780
v 205.489 160.625 -17.780
v 205.268 159.908 -17.780
v 204.845 159.288 -17.780
v 204.259 158.820 -17.780
v 203.560 158.546 -17.780
v 202.812 158.490 -17.780
v 202.080 158.657 -17.780
v 201.430 159.032 -17.780
v 200.920 159.582 -17.780
v 200.594 160.258 -17.780
v 220.482 161.000 -17.780
v 220.594 161.742 -17.780
v 220.920 162.418 -17.780
v 221.430 162.968 -17.780
v 222.080 163.343 -17.780
v 222.812 163.510 -17.780
v 223.560 163.454 -17.780
v 224.259 163.180 -17.780
v 224.845 162.712 -17.780
v 225.268 162.092 -17.780
v 225.489 161.375 -17.780
v 225.489 160.625 -17.780
v 225.268 159.908 -17.780
v 224.845 159.288 -17.780
v 224.259 158.820 -17.780
v 223.560 158.546 -17.780
v 222.812 158.490 -17.780
v 222.080 158.657 -17.780
v 221.430 159.032 -17.780
v 220.920 159.582 -17.780
v 220.594 160.258 -17.780
v 240.482 161.000 -17.780
v 240.594 161.742 -17.780
v 240.920 162.418 -17.780
v 241.430 162.968 -17.780
v 242.080 163.343 -17.780
v 242.812 163.510 -17.780
v 243.560 163.454 -17.780
v 244.259 163.180 -17.780
v 244.845 162.712 -17.780
v 245.268 162.092 -17.780
v 245.489 161.375 -17.780
v 245.489 160.625 -17.780
v 245.268 159.908 -17.780
v 244.845 159.288 -17.780
v 244.259 158.820 -17.780
v 243.560 158.546 -17.780
v 242.812 158.490 -17.780
v 242.080 158.657 -17.780
v 241.430 159.032 -17.780
v 240.920 159.582 -17.780
v 240.594 160.258 -17.780
v 260.482 161.000 -17.780
v 260.594 161.742 -17.780
v 260.920 162.418 -17.780
v 261.430 162.968 -17.780
v 262.080 163.343 -17.780
v 262.812 163.510 -17.780
v 263.560 163.454 -17.780
v 264.259 163.180 -17.780
v 264.845 162.712 -17.780
v 265.268 162.092 -17.780
v 265.489 161.375 -17.780
v 265.489 160.625 -17.780
v 265.268 159.908 -17.780
v 264.845 159.288 -17.780
v 264.259 158.820 -17.780
v 263.560 158.546 -17.780
v 262.812 158.490 -17.780
v 262.080 158.657 -17.780
v 261.430 159.032 -17.780
v 260.920 159.582 -17.780
v 260.594 160.258 -17.780
v 280.482 161.000 -17.780
v 280.594 161.742 -17.780
v 280.920 162.418 -17.780
v 281.430 162.968 -17.780
v 282.080 163.343 -17.780
v 282.812 163.510 -17.780
v 283.560 163.454 -17.780
v 284.259 163.180 -17.780
v 284.845 162.712 -17.780
v 285.268 162.092 -17.780
v 285.489 161.375 -17.780
v 285.489 160.625 -17.780
v 285.268 159.908 -17.780
v 284.845 159.288 -17.780
v 284.259 158.820 -17.780
v 283.560 158.546 -17.780
v 282.812 158.490 -17.780
v 282.080 158.657 -17.780
v 281.430 159.032 -17.780
v 280.920 159.582 -17.780
v 280.594 160.258 -17.780
v 20.482 141.000 -17.780
v 20.594 141.742 -17.780
v 20.920 142.418 -17.780
v 21.430 142.968 -17.780
v 22.080 143.343 -17.780
v 22.812 143.510 -17.780
v 23.560 143.454 -17.780
v 24.259 143.180 -17.780
v 24.845 142.712 -17.780
v 25.268 142.092 -17.780
v 25.489 141.375 -17.780
v 25.489 140.625 -17.780
v 25.268 139.908 -17.780
v 24.845 139.288 -17.780
v 24.259 138.820 -17.780
v 23.560 138.546 -17.780
v 22.812 138.490 -17.780
v 22.080 138.657 -17.780
v 21.430 139.032 -17.780
v 20.920 139.582 -17.780
v 20.594 140.258 -17.780
v 40.482 141.000 -17.780
v 40.594 141.742 -17.780
v 40.920 142.418 -17.780
v 41.430 142.968 -17.780
v 42.080 143.343 -17.780
v 42.812 143.510 -17.780
v 43.560 143.454 -17.780
v 44.259 143.180 -17.780
v 44.845 142.712 -17.780
v 45.268 142.092 -17.780
v 45.489 141.375 -17.780
v 45.489 140.625 -17.780
v 45.268 139.908 -17.780
v 44.845 139.288 -17.780
v 44.259 138.820 -17.780
v 43.560 138.546 -17.780
v 42.812 138.490 -17.780
v 42.080 138.657 -17.780
v 41.430 139.032 -17.780
v 40.920 139.582 -17.780
v 40.594 140.258 -17.780
v 60.482 141.000 -17.780
v 60.594 141.742 -17.780
v 60.920 142.418 -17.780
v 61.430 142.968 -17.780
v 62.080 143.343 -17.780
v 62.812 143.510 -17.780
v 63.560 143.454 -17.780
v 64.259 143.180 -17.780
v 64.845 142.712 -17.780
v 65.268 142.092 -17.780
v 65.489 141.375 -17.780
v 65.489 140.625 -17.780
v 65.268 139.908 -17.780
v 64.845 139.288 -17.780
v 64.259 138.820 -17.780
v 63.560 138.546 -17.780
v 62.812 138.490 -17.780
v 62.080 138.657 -17.780
v 61.430 139.032 -17.780
v 60.920 139.582 -17.780
v 60.594 140.258 -17.780
v 80.482 141.000 -17.780
v 80.594 141.742 -17.780
v 80.920 142.418 -17.780
v 81.430 142.968 -17.780
v 82.080 143.343 -17.780
v 82.812 143.510 -17.780
v 83.560 143.454 -17.780
v 84.259 143.180 -17.780
v 84.845 142.712 -17.780
v 85.268 142.092 -17.780
v 85.489 141.375 -17.780
v 85.489 140.625 -17.780
v 85.268 139.908 -17.780
v 84.845 139.288 -17.780
v 84.259 138.820 -17.780
v 83.560 138.546 -17.780
v 82.812 138.490 -17.780
v 82.080 138.657 -17.780
v 81.430 139.032 -17.780
v 80.920 139.582 -17.780
v 80.594 140.258 -17.780
v 120.482 141.000 -17.780
v 120.594 141.742 -17.780
v 120.920 142.418 -17.780
v 121.430 142.968 -17.780
v 122.080 143.343 -17.780
v 122.812 143.510 -17.780
v 123.560 143.454 -17.780
v 124.259 143.180 -17.780
v 124.845 142.712 -17.780
v 125.268 142.092 -17.780
v 125.489 141.375 -17.780
v 125.489 140.625 -17.780
v 125.268 139.908 -17.780
v 124.845 139.288 -17.780
v 124.259 138.820 -17.780
v 123.560 138.546 -17.780
v 122.812 138.490 -17.780
v 122.080 138.657 -17.780
v 121.430 139.032 -17.780
v 120.920 139.582 -17.780
v 120.594 140.258 -17.780
v 140.482 141.000 -17.780
v 140.594 141.742 -17.780
v 140.920 142.418 -17.780
v 141.430 142.968 -17.780
v 142.080 143.343 -17.780
v 142.812 143.510 -17.780
v 143.560 143.454 -17.780
v 144.259 143.180 -17.780
v 144.845 142.712 -17.780
v 145.268 142.092 -17.780
v 145.489 141.375 -17.780
v 145.489 140.625 -17.780
v 145.268 139.908 -17.780
v 144.845 139.288 -17.780
v 144.259 138.820 -17.780
v 143.560 138.546 -17.780
v 142.812 138.490 -17.780
v 142.080 138.657 -17.780
v 141.430 139.032 -17.780
v 140.920 139.582 -17.780
v 140.594 140.258 -17.780
v 160.482 141.000 -17.780
v 160.594 141.742 -17.780
v 160.920 142.418 -17.780
v 161.430 142.968 -17.780
v 162.080 143.343 -17.780
v 162.812 143.510 -17.780
v 163.560 143.454 -17.780
v 164.259 143.180 -17.780
v 164.845 142.712 -17.780
v 165.268 142.092 -17.780
v 165.489 141.375 -17.780
v 165.489 140.625 -17.780
v 165.268 139.908 -17.780
v 164.845 139.288 -17.780
v 164.259 138.820 -17.780
v 163.560 138.546 -17.780
v 162.812 138.490 -17.780
v 162.080 138.657 -17.780
v 161.430 139.032 -17.780
v 160.920 139.582 -17.780
v 160.594 140.258 -17.780
v 180.483 141.000 -17.780
v 180.594 141.742 -17.780
v 180.920 142.418 -17.780
v 181.430 142.968 -17.780
v 182.080 143.343 -17.780
v 182.812 143.510 -17.780
v 183.560 143.454 -17.780
v 184.259 143.180 -17.780
v 184.845 142.712 -17.780
v 185.268 142.092 -17.780
v 185.489 141.375 -17.780
v 185.489 140.625 -17.780
v 185.268 139.908 -17.780
v 184.845 139.288 -17.780
v 184.259 138.820 -17.780
v 183.560 138.546 -17.780
v 182.812 138.490 -17.780
v 182.080 138.657 -17.780
v 181.430 139.032 -17.780
v 180.920 139.582 -17.780
v 180.594 140.258 -17.780
v 200.482 141.000 -17.780
v 200.594 141.742 -17.780
v 200.920 142.418 -17.780
v 201.430 142.968 -17.780
v 202.080 143.343 -17.780
v 202.812 143.510 -17.780
v 203.560 143.454 -17.780
v 204.259 143.180 -17.780
v 204.845 142.712 -17.780
v 205.268 142.092 -17.780
v 205.489 141.375 -17.780
v 205.489 140.625 -17.780
v 205.268 139.908 -17.780
v 204.845 139.288 -17.780
v 204.259 138.820 -17.780
v 203.560 138.546 -17.780
v 202.812 138.490 -17.780
v 202.080 138.657 -17.780
v 201.430 139.032 -17.780
v 200.920 139.582 -17.780
v 200.594 140.258 -17.780
v 220.482 141.000 -17.780
v 220.594 141.742 -17.780
v 220.920 142.418 -17.780
v 221.430 142.968 -17.780
v 222.080 143.343 -17.780
v 222.812 143.510 -17.780
v 223.560 143.454 -17.780
v 224.259 143.180 -17.780
v 224.845 142.712 -17.780
v 225.268 142.092 -17.780
v 225.489 141.375 -17.780
v 225.489 140.625 -17.780
v 225.268 139.908 -17.780
v 224.845 139.288 -17.780
v 224.259 138.820 -17.780
v 223.560 138.546 -17.780
v 222.812 138.490 -17.780
v 222.080 138.657 -17.780
v 221.430 139.032 -17.780
v 220.920 139.582 -17.780
v 220.594 140.258 -17.780
v 240.482 141.000 -17.780
v 240.594 141.742 -17.780
v 240.920 142.418 -17.780
v 241.430 142.968 -17.780
v 242.080 143.343 -17.780
v 242.812 143.510 -17.780
v 243.560 143.454 -17.780
v 244.259 143.180 -17.780
v 244.845 142.712 -17.780
v 245.268 142.092 -17.780
v 245.489 141.375 -17.780
v 245.489 140.625 -17.780
v 245.268 139.908 -17.780
v 244.845 139.288 -17.780
v 244.259 138.820 -17.780
v 243.560 138.546 -17.780
v 242.812 138.490 -17.780
v 242.080 138.657 -17.780
v 241.430 139.032 -17.780
v 240.920 139.582 -17.780
v 240.594 140.258 -17.780
v 260.482 141.000 -17.780
v 260.594 141.742 -17.780
v 260.920 142.418 -17.780
v 261.430 142.968 -17.780
v 262.080 143.343 -17.780
v 262.812 143.510 -17.780
v 263.560 143.454 -17.780
v 264.259 143.180 -17.780
v 264.845 142.712 -17.780
v 265.268 142.092 -17.780
v 265.489 141.375 -17.780
v 265.489 140.625 -17.780
v 265.268 139.908 -17.780
v 264.845 139.288 -17.780
v 264.259 138.820 -17.780
v 263.560 138.546 -17.780
v 262.812 138.490 -17.780
v 262.080 138.657 -17.780
v 261.430 139.032 -17.780
v 260.920 139.582 -17.780
v 260.594 140.258 -17.780
v 280.482 141.000 -17.780
v 280.594 141.742 -17.780
v 280.920 142.418 -17.780
v 281.430 142.968 -17.780
v 282.080 143.343 -17.780
v 282.812 143.510 -17.780
v 283.560 143.454 -17.780
v 284.259 143.180 -17.780
v 284.845 142.712 -17.780
v 285.268 142.092 -17.780
v 285.489 141.375 -17.780
v 285.489 140.625 -17.780
v 285.268 139.908 -17.780
v 284.845 139.288 -17.780
v 284.259 138.820 -17.780
v 283.560 138.546 -17.780
v 282.812 138.490 -17.780
v 282.080 138.657 -17.780
v 281.430 139.032 -17.780
v 280.920 139.582 -17.780
v 280.594 140.258 -17.780
v 20.482 121.000 -17.780
v 20.594 121.742 -17.780
v 20.920 122.418 -17.780
v 21.430 122.968 -17.780
v 22.080 123.343 -17.780
v 22.812 123.510 -17.780
v 23.560 123.454 -17.780
v 24.259 123.180 -17.780
v 24.845 122.712 -17.780
v 25.268 122.092 -17.780
v 25.489 121.375 -17.780
v 25.489 120.625 -17.780
v 25.268 119.908 -17.780
v 24.845 119.288 -17.780
v 24.259 118.820 -17.780
v 23.560 118.546 -17.780
v 22.812 118.490 -17.780
v 22.080 118.657 -17.780
v 21.430 119.032 -17.780
v 20.920 119.582 -17.780
v 20.594 120.258 -17.780
v 40.482 121.000 -17.780
v 40.594 121.742 -17.780
v 40.920 122.418 -17.780
v 41.430 122.968 -17.780
v 42.080 123.343 -17.780
v 42.812 123.510 -17.780
v 43.560 123.454 -17.780
v 44.259 123.180 -17.780
v 44.845 122.712 -17.780
v 45.268 122.092 -17.780
v 45.489 121.375 -17.780
v 45.489 120.625 -17.780
v 45.268 119.908 -17.780
v 44.845 119.288 -17.780
v 44.259 118.820 -17.780
v 43.560 118.546 -17.780
v 42.812 118.490 -17.780
v 42.080 118.657 -17.780
v 41.430 119.032 -17.780
v 40.920 119.582 -17.780
v 40.594 120.258 -17.780
v 60.482 121.000 -17.780
v 60.594 121.742 -17.780
v 60.920 122.418 -17.780
v 61.430 122.968 -17.780
v 62.080 123.343 -17.780
v 62.812 123.510 -17.780
v 63.560 123.454 -17.780
v 64.259 123.180 -17.780
v 64.845 122.712 -17.780
v 65.268 122.092 -17.780
v 65.489 121.375 -17.780
v 65.489 120.625 -17.780
v 65.268 119.908 -17.780
v 64.845 119.288 -17.780
v 64.259 118.820 -17.780
v 63.560 118.546 -17.780
v 62.812 118.490 -17.780
v 62.080 118.657 -17.780
v 61.430 119.032 -17.780
v 60.920 119.582 -17.780
v 60.594 120.258 -17.780
v 280.482 121.000 -17.780
v 280.594 121.742 -17.780
v 280.920 122.418 -17.780
v 281.430 122.968 -17.780
v 282.080 123.343 -17.780
v 282.812 123.510 -17.780
v 283.560 123.454 -17.780
v 284.259 123.180 -17.780
v 284.845 122.712 -17.780
v 285.268 122.092 -17.780
v 285.489 121.375 -17.780
v 285.489 120.625 -17.780
v 285.268 119.908 -17.780
v 284.845 119.288 -17.780
v 284.259 118.820 -17.780
v 283.560 118.546 -17.780
v 282.812 118.490 -17.780
v 282.080 118.657 -17.780
v 281.430 119.032 -17.780
v 280.920 119.582 -17.780
v 280.594 120.258 -17.780
v 20.482 101.000 -17.780
v 20.594 101.742 -17.780
v 20.920 102.418 -17.780
v 21.430 102.968 -17.780
v 22.080 103.343 -17.780
v 22.812 103.510 -17.780
v 23.560 103.454 -17.780
v 24.259 103.180 -17.780
v 24.845 102.712 -17.780
v 25.268 102.092 -17.780
v 25.489 101.375 -17.780
v 25.489 100.625 -17.780
v 25.268 99.908 -17.780
v 24.845 99.288 -17.780
v 24.259 98.820 -17.780
v 23.560 98.546 -17.780
v 22.812 98.490 -17.780
v 22.080 98.657 -17.780
v 21.430 99.032 -17.780
v 20.920 99.582 -17.780
v 20.594 100.258 -17.780
v 40.482 101.000 -17.780
v 40.594 101.742 -17.780
v 40.920 102.418 -17.780
v 41.430 102.968 -17.780
v 42.080 103.343 -17.780
v 42.812 103.510 -17.780
v 43.560 103.454 -17.780
v 44.259 103.180 -17.780
v 44.845 102.712 -17.780
v 45.268 102.092 -17.780
v 45.489 101.375 -17.780
v 45.489 100.625 -17.780
v 45.268 99.908 -17.780
v 44.845 99.288 -17.780
v 44.259 98.820 -17.780
v 43.560 98.546 -17.780
v 42.812 98.490 -17.780
v 42.080 98.657 -17.780
v 41.430 99.032 -17.780
v 40.920 99.582 -17.780
v 40.594 100.258 -17.780
v 60.482 101.000 -17.780
v 60.594 101.742 -17.780
v 60.920 102.418 -17.780
v 61.430 102.968 -17.780
v 62.080 103.343 -17.780
v 62.812 103.510 -17.780
v 63.560 103.454 -17.780
v 64.259 103.180 -17.780
v 64.845 102.712 -17.780
v 65.268 102.092 -17.780
v 65.489 101.375 -17.780
v 65.489 100.625 -17.780
v 65.268 99.908 -17.780
v 64.845 99.288 -17.780
v 64.259 98.820 -17.780
v 63.560 98.546 -17.780
v 62.812 98.490 -17.780
v 62.080 98.657 -17.780
v 61.430 99.032 -17.780
v 60.920 99.582 -17.780
v 60.594 100.258 -17.780
v 100.482 101.000 -17.780
v 100.594 101.742 -17.780
v 100.920 102.418 -17.780
v 101.430 102.968 -17.780
v 102.080 103.343 -17.780
v 102.812 103.510 -17.780
v 103.560 103.454 -17.780
v 104.259 103.180 -17.780
v 104.845 102.712 -17.780
v 105.268 102.092 -17.780
v 105.489 101.375 -17.780
v 105.489 100.625 -17.780
v 105.268 99.908 -17.780
v 104.845 99.288 -17.780
v 104.259 98.820 -17.780
v 103.560 98.546 -17.780
v 102.812 98.490 -17.780
v 102.080 98.657 -17.780
v 101.430 99.032 -17.780
v 100.920 99.582 -17.780
v 100.594 100.258 -17.780
v 120.482 101.000 -17.780
v 120.594 101.742 -17.780
v 120.920 102.418 -17.780
v 121.430 102.968 -17.780
v 122.080 103.343 -17.780
v 122.812 103.510 -17.780
v 123.560 103.454 -17.780
v 124.259 103.180 -17.780
v 124.845 102.712 -17.780
v 125.268 102.092 -17.780
v 125.489 101.375 -17.780
v 125.489 100.625 -17.780
v 125.268 99.908 -17.780
v 124.845 99.288 -17.780
v 124.259 98.820 -17.780
v 123.560 98.546 -17.780
v 122.812 98.490 -17.780
v 122.080 98.657 -17.780
v 121.430 99.032 -17.780
v 120.920 99.582 -17.780
v 120.594 100.258 -17.780
v 160.482 101.000 -17.780
v 160.594 101.742 -17.780
v 160.920 102.418 -17.780
v 161.430 102.968 -17.780
v 162.080 103.343 -17.780
v 162.812 103.510 -17.780
v 163.560 103.454 -17.780
v 164.259 103.180 -17.780
v 164.845 102.712 -17.780
v 165.268 102.092 -17.780
v 165.489 101.375 -17.780
v 165.489 100.625 -17.780
v 165.268 99.908 -17.780
v 164.845 99.288 -17.780
v 164.259 98.820 -17.780
v 163.560 98.546 -17.780
v 162.812 98.490 -17.780
v 162.080 98.657 -17.780
v 161.430 99.032 -17.780
v 160.920 99.582 -17.780
v 160.594 100.258 -17.780
v 180.483 101.000 -17.780
v 180.594 101.742 -17.780
v 180.920 102.418 -17.780
v 181.430 102.968 -17.780
v 182.080 103.343 -17.780
v 182.812 103.510 -17.780
v 183.560 103.454 -17.780
v 184.259 103.180 -17.780
v 184.845 102.712 -17.780
v 185.268 102.092 -17.780
v 185.489 101.375 -17.780
v 185.489 100.625 -17.780
v 185.268 99.908 -17.780
v 184.845 99.288 -17.780
v 184.259 98.820 -17.780
v 183.560 98.546 -17.780
v 182.812 98.490 -17.780
v 182.080 98.657 -17.780
v 181.430 99.032 -17.780
v 180.920 99.582 -17.780
v 180.594 100.258 -17.780
v 200.482 101.000 -17.780
v 200.594 101.742 -17.780
v 200.920 102.418 -17.780
v 201.430 102.968 -17.780
v 202.080 103.343 -17.780
v 202.812 103.510 -17.780
v 203.560 103.454 -17.780
v 204.259 103.180 -17.780
v 204.845 102.712 -17.780
v 205.268 102.092 -17.780
v 205.489 101.375 -17.780
v 205.489 100.625 -17.780
v 205.268 99.908 -17.780
v 204.845 99.288 -17.780
v 204.259 98.820 -17.780
v 203.560 98.546 -17.780
v 202.812 98.490 -17.780
v 202.080 98.657 -17.780
v 201.430 99.032 -17.780
v 200.920 99.582 -17.780
v 200.594 100.258 -17.780
v 220.482 101.000 -17.780
v 220.594 101.742 -17.780
v 220.920 102.418 -17.780
v 221.430 102.968 -17.780
v 222.080 103.343 -17.780
v 222.812 103.510 -17.780
v 223.560 103.454 -17.780
v 224.259 103.180 -17.780
v 224.845 102.712 -17.780
v 225.268 102.092 -17.780
v 225.489 101.375 -17.780
v 225.489 100.625 -17.780
v 225.268 99.908 -17.780
v 224.845 99.288 -17.780
v 224.259 98.820 -17.780
v 223.560 98.546 -17.780
v 222.812 98.490 -17.780
v 222.080 98.657 -17.780
v 221.430 99.032 -17.780
v 220.920 99.582 -17.780
v 220.594 100.258 -17.780
v 240.482 101.000 -17.780
v 240.594 101.742 -17.780
v 240.920 102.418 -17.780
v 241.430 102.968 -17.780
v 242.080 103.343 -17.780
v 242.812 103.510 -17.780
v 243.560 103.454 -17.780
v 244.259 103.180 -17.780
v 244.845 102.712 -17.780
v 245.268 102.092 -17.780
v 245.489 101.375 -17.780
v 245.489 100.625 -17.780
v 245.268 99.908 -17.780
v 244.845 99.288 -17.780
v 244.259 98.820 -17.780
v 243.560 98.546 -17.780
v 242.812 98.490 -17.780
v 242.080 98.657 -17.780
v 241.430 99.032 -17.780
v 240.920 99.582 -17.780
v 240.594 100.258 -17.780
v 20.482 81.000 -17.780
v 20.594 81.742 -17.780
v 20.920 82.418 -17.780
v 21.430 82.968 -17.780
v 22.080 83.343 -17.780
v 22.812 83.510 -17.780
v 23.560 83.454 -17.780
v 24.259 83.180 -17.780
v 24.845 82.712 -17.780
v 25.268 82.092 -17.780
v 25.489 81.375 -17.780
v 25.489 80.625 -17.780
v 25.268 79.908 -17.780
v 24.845 79.288 -17.780
v 24.259 78.820 -17.780
v 23.560 78.546 -17.780
v 22.812 78.490 -17.780
v 22.080 78.657 -17.780
v 21.430 79.032 -17.780
v 20.920 79.582 -17.780
v 20.594 80.258 -17.780
v 40.482 81.000 -17.780
v 40.594 81.742 -17.780
v 40.920 82.418 -17.780
v 41.430 82.968 -17.780
v 42.080 83.343 -17.780
v 42.812 83.510 -17.780
v 43.560 83.454 -17.780
v 44.259 83.180 -17.780
v 44.845 82.712 -17.780
v 45.268 82.092 -17.780
v 45.489 81.375 -17.780
v 45.489 80.625 -17.780
v 45.268 79.908 -17.780
v 44.845 79.288 -17.780
v 44.259 78.820 -17.780
v 43.560 78.546 -17.780
v 42.812 78.490 -17.780
v 42.080 78.657 -17.780
v 41.430 79.032 -17.780
v 40.920 79.582 -17.780
v 40.594 80.258 -17.780
v 60.482 81.000 -17.780
v 60.594 81.742 -17.780
v 60.920 82.418 -17.780
v 61.430 82.968 -17.780
v 62.080 83.343 -17.780
v 62.812 83.510 -17.780
v 63.560 83.454 -17.780
v 64.259 83.180 -17.780
v 64.845 82.712 -17.780
v 65.268 82.092 -17.780
v 65.489 81.375 -17.780
v 65.489 80.625 -17.780
v 65.268 79.908 -17.780
v 64.845 79.288 -17.780
v 64.259 78.820 -17.780
v 63.560 78.546 -17.780
v 62.812 78.490 -17.780
v 62.080 78.657 -17.780
v 61.430 79.032 -17.780
v 60.920 79.582 -17.780
v 60.594 80.258 -17.780
v 120.482 81.000 -17.780
v 120.594 81.742 -17.780
v 120.920 82.418 -17.780
v 121.430 82.968 -17.780
v 122.080 83.343 -17.780
v 122.812 83.510 -17.780
v 123.560 83.454 -17.780
v 124.259 83.180 -17.780
v 124.845 82.712 -17.780
v 125.268 82.092 -17.780
v 125.489 81.375 -17.780
v 125.489 80.625 -17.780
v 125.268 79.908 -17.780
v 124.845 79.288 -17.780
v 124.259 78.820 -17.780
v 123.560 78.546 -17.780
v 122.812 78.490 -17.780
v 122.080 78.657 -17.780
v 121.430 79.032 -17.780
v 120.920 79.582 -17.780
v 120.594 80.258 -17.780
v 140.482 81.000 -17.780
v 140.594 81.742 -17.780
v 140.920 82.418 -17.780
v 141.430 82.968 -17.780
v 142.080 83.343 -17.780
v 142.812 83.510 -17.780
v 143.560 83.454 -17.780
v 144.259 83.180 -17.780
v 144.845 82.712 -17.780
v 145.268 82.092 -17.780
v 145.489 81.375 -17.780
v 145.489 80.625 -17.780
v 145.268 79.908 -17.780
v 144.845 79.288 -17.780
v 144.259 78.820 -17.780
v 143.560 78.546 -17.780
v 142.812 78.490 -17.780
v 142.080 78.657 -17.780
v 141.430 79.032 -17.780
v 140.920 79.582 -17.780
v 140.594 80.258 -17.780
v 180.483 81.000 -17.780
v 180.594 81.742 -17.780
v 180.920 82.418 -17.780
v 181.430 82.968 -17.780
v 182.080 83.343 -17.780
v 182.812 83.510 -17.780
v 183.560 83.454 -17.780
v 184.259 83.180 -17.780
v 184.845 82.712 -17.780
v 185.268 82.092 -17.780
v 185.489 81.375 -17.780
v 185.489 80.625 -17.780
v 185.268 79.908 -17.780
v 184.845 79.288 -17.780
v 184.259 78.820 -17.780
v 183.560 78.546 -17.780
v 182.812 78.490 -17.780
v 182.080 78.657 -17.780
v 181.430 79.032 -17.780
v 180.920 79.582 -17.780
v 180.594 80.258 -17.780
v 200.482 81.000 -17.780
v 200.594 81.742 -17.780
v 200.920 82.418 -17.780
v 201.430 82.968 -17.780
v 202.080 83.343 -17.780
v 202.812 83.510 -17.780
v 203.560 83.454 -17.780
v 204.259 83.180 -17.780
v 204.845 82.712 -17.780
v 205.268 82.092 -17.780
v 205.489 81.375 -17.780
v 205.489 80.625 -17.780
v 205.268 79.908 -17.780
v 204.845 79.288 -17.780
v 204.259 78.820 -17.780
v 203.560 78.546 -17.780
v 202.812 78.490 -17.780
v 202.080 78.657 -17.780
v 201.430 79.032 -17.780
v 200.920 79.582 -17.780
v 200.594 80.258 -17.780
v 220.482 81.000 -17.780
v 220.594 81.742 -17.780
v 220.920 82.418 -17.780
v 221.430 82.968 -17.780
v 222.080 83.343 -17.780
v 222.812 83.510 -17.780
v 223.560 83.454 -17.780
v 224.259 83.180 -17.780
v 224.845 82.712 -17.780
v 225.268 82.092 -17.780
v 225.489 81.375 -17.780
v 225.489 80.625 -17.780
v 225.268 79.908 -17.780
v 224.845 79.288 -17.780
v 224.259 78.820 -17.780
v 223.560 78.546 -17.780
v 222.812 78.490 -17.780
v 222.080 78.657 -17.780
v 221.430 79.032 -17.780
v 220.920 79.582 -17.780
v 220.594 80.258 -17.780
v 240.482 81.000 -17.780
v 240.594 81.742 -17.780
v 240.920 82.418 -17.780
v 241.430 82.968 -17.780
v 242.080 83.343 -17.780
v 242.812 83.510 -17.780
v 243.560 83.454 -17.780
v 244.259 83.180 -17.780
v 244.845 82.712 -17.780
v 245.268 82.092 -17.780
v 245.489 81.375 -17.780
v 245.489 80.625 -17.780
v 245.268 79.908 -17.780
v 244.845 79.288 -17.780
v 244.259 78.820 -17.780
v 243.560 78.546 -17.780
v 242.812 78.490 -17.780
v 242.080 78.657 -17.780
v 241.430 79.032 -17.780
v 240.920 79.582 -17.780
v 240.594 80.258 -17.780
v 280.482 81.000 -17.780
v 280.594 81.742 -17.780
v 280.920 82.418 -17.780
v 281.430 82.968 -17.780
v 282.080 83.343 -17.780
v 282.812 83.510 -17.780
v 283.560 83.454 -17.780
v 284.259 83.180 -17.780
v 284.845 82.712 -17.780
v 285.268 82.092 -17.780
v 285.489 81.375 -17.780
v 285.489 80.625 -17.780
v 285.268 79.908 -17.780
v 284.845 79.288 -17.780
v 284.259 78.820 -17.780
v 283.560 78.546 -17.780
v 282.812 78.490 -17.780
v 282.080 78.657 -17.780
v 281.430 79.032 -17.780
v 280.920 79.582 -17.780
v 280.594 80.258 -17.780
v 20.482 61.000 -17.780
v 20.594 61.742 -17.780
v 20.920 62.418 -17.780
v 21.430 62.968 -17.780
v 22.080 63.343 -17.780
v 22.812 63.510 -17.780
v 23.560 63.454 -17.780
v 24.259 63.180 -17.780
v 24.845 62.712 -17.780
v 25.268 62.092 -17.780
v 25.489 61.375 -17.780
v 25.489 60.625 -17.780
v 25.268 59.908 -17.780
v 24.845 59.288 -17.780
v 24.259 58.820 -17.780
v 23.560 58.546 -17.780
v 22.812 58.490 -17.780
v 22.080 58.657 -17.780
v 21.430 59.032 -17.780
v 20.920 59.582 -17.780
v 20.594 60.258 -17.780
v 40.482 61.000 -17.780
v 40.594 61.742 -17.780
v 40.920 62.418 -17.780
v 41.430 62.968 -17.780
v 42.080 63.343 -17.780
v 42.812 63.510 -17.780
v 43.560 63.454 -17.780
v 44.259 63.180 -17.780
v 44.845 62.712 -17.780
v 45.268 62.092 -17.780
v 45.489 61.375 -17.780
v 45.489 60.625 -17.780
v 45.268 59.908 -17.780
v 44.845 59.288 -17.780
v 44.259 58.820 -17.780
v 43.560 58.546 -17.780
v 42.812 58.490 -17.780
v 42.080 58.657 -17.780
v 41.430 59.032 -17.780
v 40.920 59.582 -17.780
v 40.594 60.258 -17.780
v 60.482 61.000 -17.780
v 60.594 61.742 -17.780
v 60.920 62.418 -17.780
v 61.430 62.968 -17.780
v 62.080 63.343 -17.780
v 62.812 63.510 -17.780
v 63.560 63.454 -17.780
v 64.259 63.180 -17.780
v 64.845 62.712 -17.780
v 65.268 62.092 -17.780
v 65.489 61.375 -17.780
v 65.489 60.625 -17.780
v 65.268 59.908 -17.780
v 64.845 59.288 -17.780
v 64.259 58.820 -17.780
v 63.560 58.546 -17.780
v 62.812 58.490 -17.780
v 62.080 58.657 -17.780
v 61.430 59.032 -17.780
v 60.920 59.582 -17.780
v 60.594 60.258 -17.780
v 80.482 61.000 -17.780
v 80.594 61.742 -17.780
v 80.920 62.418 -17.780
v 81.430 62.968 -17.780
v 82.080 63.343 -17.780
v 82.812 63.510 -17.780
v 83.560 63.454 -17.780
v 84.259 63.180 -17.780
v 84.845 62.712 -17.780
v 85.268 62.092 -17.780
v 85.489 61.375 -17.780
v 85.489 60.625 -17.780
v 85.268 59.908 -17.780
v 84.845 59.288 -17.780
v 84.259 58.820 -17.780
v 83.560 58.546 -17.780
v 82.812 58.490 -17.780
v 82.080 58.657 -17.780
v 81.430 59.032 -17.780
v 80.920 59.582 -17.780
v 80.594 60.258 -17.780
v 100.482 61.000 -17.780
v 100.594 61.742 -17.780
v 100.920 62.418 -17.780
v 101.430 62.968 -17.780
v 102.080 63.343 -17.780
v 102.812 63.510 -17.780
v 103.560 63.454 -17.780
v 104.259 63.180 -17.780
v 104.845 62.712 -17.780
v 105.268 62.092 -17.780
v 105.489 61.375 -17.780
v 105.489 60.625 -17.780
v 105.268 59.908 -17.780
v 104.845 59.288 -17.780
v 104.259 58.820 -17.780
v 103.560 58.546 -17.780
v 102.812 58.490 -17.780
v 102.080 58.657 -17.780
v 101.430 59.032 -17.780
v 100.920 59.582 -17.780
v 100.594 60.258 -17.780
v 120.482 61.000 -17.780
v 120.594 61.742 -17.780
v 120.920 62.418 -17.780
v 121.430 62.968 -17.780
v 122.080 63.343 -17.780
v 122.812 63.510 -17.780
v 123.560 63.454 -17.780
v 124.259 63.180 -17.780
v 124.845 62.712 -17.780
v 125.268 62.092 -17.780
v 125.489 61.375 -17.780
v 125.489 60.625 -17.780
v 125.268 59.908 -17.780
v 124.845 59.288 -17.780
v 124.259 58.820 -17.780
v 123.560 58.546 -17.780
v 122.812 58.490 -17.780
v 122.080 58.657 -17.780
v 121.430 59.032 -17.780
v 120.920 59.582 -17.780
v 120.594 60.258 -17.780
v 140.482 61.000 -17.780
v 140.594 61.742 -17.780
v 140.920 62.418 -17.780
v 141.430 62.968 -17.780
v 142.080 63.343 -17.780
v 142.812 63.510 -17.780
v 143.560 63.454 -17.780
v 144.259 63.180 -17.780
v 144.845 62.712 -17.780
v 145.268 62.092 -17.780
v 145.489 61.375 -17.780
v 145.489 60.625 -17.780
v 145.268 59.908 -17.780
v 144.845 59.288 -17.780
v 144.259 58.820 -17.780
v 143.560 58.546 -17.780
v 142.812 58.490 -17.780
v 142.080 58.657 -17.780
v 141.430 59.032 -17.780
v 140.920 59.582 -17.780
v 140.594 60.258 -17.780
v 160.482 61.000 -17.780
v 160.594 61.742 -17.780
v 160.920 62.418 -17.780
v 161.430 62.968 -17.780
v 162.080 63.343 -17.780
v 162.812 63.510 -17.780
v 163.560 63.454 -17.780
v 164.259 63.180 -17.780
v 164.845 62.712 -17.780
v 165.268 62.092 -17.780
v 165.489 61.375 -17.780
v 165.489 60.625 -17.780
v 165.268 59.908 -17.780
v 164.845 59.288 -17.780
v 164.259 58.820 -17.780
v 163.560 58.546 -17.780
v 162.812 58.490 -17.780
v 162.080 58.657 -17.780
v 161.430 59.032 -17.780
v 160.920 59.582 -17.780
v 160.594 60.258 -17.780
v 180.483 61.000 -17.780
v 180.594 61.742 -17.780
v 180.920 62.418 -17.780
v 181.430 62.968 -17.780
v 182.080 63.343 -17.780
v 182.812 63.510 -17.780
v 183.560 63.454 -17.780
v 184.259 63.180 -17.780
v 184.845 62.712 -17.780
v 185.268 62.092 -17.780
v 185.489 61.375 -17.780
v 185.489 60.625 -17.780
v 185.268 59.908 -17.780
v 184.845 59.288 -17.780
v 184.259 58.820 -17.780
v 183.560 58.546 -17.780
v 182.812 58.490 -17.780
v 182.080 58.657 -17.780
v 181.430 59.032 -17.780
v 180.920 59.582 -17.780
v 180.594 60.258 -17.780
v 200.482 61.000 -17.780
v 200.594 61.742 -17.780
v 200.920 62.418 -17.780
v 201.430 62.968 -17.780
v 202.080 63.343 -17.780
v 202.812 63.510 -17.780
v 203.560 63.454 -17.780
v 204.259 63.180 -17.780
v 204.845 62.712 -17.780
v 205.268 62.092 -17.780
v 205.489 61.375 -17.780
v 205.489 60.625 -17.780
v 205.268 59.908 -17.780
v 204.845 59.288 -17.780
v 204.259 58.820 -17.780
v 203.560 58.546 -17.780
v 202.812 58.490 -17.780
v 202.080 58.657 -17.780
v 201.430 59.032 -17.780
v 200.920 59.582 -17.780
v 200.594 60.258 -17.780
v 220.482 61.000 -17.780
v 220.594 61.742 -17.780
v 220.920 62.418 -17.780
v 221.430 62.968 -17.780
v 222.080 63.343 -17.780
v 222.812 63.510 -17.780
v 223.560 63.454 -17.780
v 224.259 63.180 -17.780
v 224.845 62.712 -17.780
v 225.268 62.092 -17.780
v 225.489 61.375 -17.780
v 225.489 60.625 -17.780
v 225.268 59.908 -17.780
v 224.845 59.288 -17.780
v 224.259 58.820 -17.780
v 223.560 58.546 -17.780
v 222.812 58.490 -17.780
v 222.080 58.657 -17.780
v 221.430 59.032 -17.780
v 220.920 59.582 -17.780
v 220.594 60.258 -17.780
v 240.482 61.000 -17.780
v 240.594 61.742 -17.780
v 240.920 62.418 -17.780
v 241.430 62.968 -17.780
v 242.080 63.343 -17.780
v 242.812 63.510 -17.780
v 243.560 63.454 -17.780
v 244.259 63.180 -17.780
v 244.845 62.712 -17.780
v 245.268 62.092 -17.780
v 245.489 61.375 -17.780
v 245.489 60.625 -17.780
v 245.268 59.908 -17.780
v 244.845 59.288 -17.780
v 244.259 58.820 -17.780
v 243.560 58.546 -17.780
v 242.812 58.490 -17.780
v 242.080 58.657 -17.780
v 241.430 59.032 -17.780
v 240.920 59.582 -17.780
v 240.594 60.258 -17.780
v 260.482 61.000 -17.780
v 260.594 61.742 -17.780
v 260.920 62.418 -17.780
v 261.430 62.968 -17.780
v 262.080 63.343 -17.780
v 262.812 63.510 -17.780
v 263.560 63.454 -17.780
v 264.259 63.180 -17.780
v 264.845 62.712 -17.780
v 265.268 62.092 -17.780
v 265.489 61.375 -17.780
v 265.489 60.625 -17.780
v 265.268 59.908 -17.780
v 264.845 59.288 -17.780
v 264.259 58.820 -17.780
v 263.560 58.546 -17.780
v 262.812 58.490 -17.780
v 262.080 58.657 -17.780
v 261.430 59.032 -17.780
v 260.920 59.582 -17.780
v 260.594 60.258 -17.780
v 280.482 61.000 -17.780
v 280.594 61.742 -17.780
v 280.920 62.418 -17.780
v 281.430 62.968 -17.780
v 282.080 63.343 -17.780
v 282.812 63.510 -17.780
v 283.560 63.454 -17.780
v 284.259 63.180 -17.780
v 284.845 62.712 -17.780
v 285.268 62.092 -17.780
v 285.489 61.375 -17.780
v 285.489 60.625 -17.780
v 285.268 59.908 -17.780
v 284.845 59.288 -17.780
v 284.259 58.820 -17.780
v 283.560 58.546 -17.780
v 282.812 58.490 -17.780
v 282.080 58.657 -17.780
v 281.430 59.032 -17.780
v 280.920 59.582 -17.780
v 280.594 60.258 -17.780
v 20.482 41.000 -17.780
v 20.594 41.742 -17.780
v 20.920 42.418 -17.780
v 21.430 42.968 -17.780
v 22.080 43.343 -17.780
v 22.812 43.510 -17.780
v 23.560 43.454 -17.780
v 24.259 43.180 -17.780
v 24.845 42.712 -17.780
v 25.268 42.092 -17.780
v 25.489 41.375 -17.780
v 25.489 40.625 -17.780
v 25.268 39.908 -17.780
v 24.845 39.288 -17.780
v 24.259 38.820 -17.780
v 23.560 38.546 -17.780
v 22.812 38.490 -17.780
v 22.080 38.657 -17.780
v 21.430 39.032 -17.780
v 20.920 39.582 -17.780
v 20.594 40.258 -17.780
v 40.482 41.000 -17.780
v 40.594 41.742 -17.780
v 40.920 42.418 -17.780
v 41.430 42.968 -17.780
v 42.080 43.343 -17.780
v 42.812 43.510 -17.780
v 43.560 43.454 -17.780
v 44.259 43.180 -17.780
v 44.845 42.712 -17.780
v 45.268 42.092 -17.780
v 45.489 41.375 -17.780
v 45.489 40.625 -17.780
v 45.268 39.908 -17.780
v 44.845 39.288 -17.780
v 44.259 38.820 -17.780
v 43.560 38.546 -17.780
v 42.812 38.490 -17.780
v 42.080 38.657 -17.780
v 41.430 39.032 -17.780
v 40.920 39.582 -17.780
v 40.594 40.258 -17.780
v 60.482 41.000 -17.780
v 60.594 41.742 -17.780
v 60.920 42.418 -17.780
v 61.430 42.968 -17.780
v 62.080 43.343 -17.780
v 62.812 43.510 -17.780
v 63.560 43.454 -17.780
v 64.259 43.180 -17.780
v 64.845 42.712 -17.780
v 65.268 42.092 -17.780
v 65.489 41.375 -17.780
v 65.489 40.625 -17.780
v 65.268 39.908 -17.780
v 64.845 39.288 -17.780
v 64.259 38.820 -17.780
v 63.560 38.546 -17.780
v 62.812 38.490 -17.780
v 62.080 38.657 -17.780
v 61.430 39.032 -17.780
v 60.920 39.582 -17.780
v 60.594 40.258 -17.780
v 80.482 41.000 -17.780
v 80.594 41.742 -17.780
v 80.920 42.418 -17.780
v 81.430 42.968 -17.780
v 82.080 43.343 -17.780
v 82.812 43.510 -17.780
v 83.560 43.454 -17.780
v 84.259 43.180 -17.780
v 84.845 42.712 -17.780
v 85.268 42.092 -17.780
v 85.489 41.375 -17.780
v 85.489 40.625 -17.780
v 85.268 39.908 -17.780
v 84.845 39.288 -17.780
v 84.259 38.820 -17.780
v 83.560 38.546 -17.780
v 82.812 38.490 -17.780
v 82.080 38.657 -17.780
v 81.430 39.032 -17.780
v 80.920 39.582 -17.780
v 80.594 40.258 -17.780
v 100.482 41.000 -17.780
v 100.594 41.742 -17.780
v 100.920 42.418 -17.780
v 101.430 42.968 -17.780
v 102.080 43.343 -17.780
v 102.812 43.510 -17.780
v 103.560 43.454 -17.780
v 104.259 43.180 -17.780
v 104.845 42.712 -17.780
v 105.268 42.092 -17.780
v 105.489 41.375 -17.780
v 105.489 40.625 -17.780
v 105.268 39.908 -17.780
v 104.845 39.288 -17.780
v 104.259 38.820 -17.780
v 103.560 38.546 -17.780
v 102.812 38.490 -17.780
v 102.080 38.657 -17.780
v 101.430 39.032 -17.780
v 100.920 39.582 -17.780
v 100.594 40.258 -17.780
v 120.482 41.000 -17.780
v 120.594 41.742 -17.780
v 120.920 42.418 -17.780
v 121.430 42.968 -17.780
v 122.080 43.343 -17.780
v 122.812 43.510 -17.780
v 123.560 43.454 -17.780
v 124.259 43.180 -17.780
v 124.845 42.712 -17.780
v 125.268 42.092 -17.780
v 125.489 41.375 -17.780
v 125.489 40.625 -17.780
v 125.268 39.908 -17.780
v 124.845 39.288 -17.780
v 124.259 38.820 -17.780
v 123.560 38.546 -17.780
v 122.812 38.490 -17.780
v 122.080 38.657 -17.780
v 121.430 39.032 -17.780
v 120.920 39.582 -17.780
v 120.594 40.258 -17.780
v 140.482 41.000 -17.780
v 140.594 41.742 -17.780
v 140.920 42.418 -17.780
v 141.430 42.968 -17.780
v 142.080 43.343 -17.780
v 142.812 43.510 -17.780
v 143.560 43.454 -17.780
v 144.259 43.180 -17.780
v 144.845 42.712 -17.780
v 145.268 42.092 -17.780
v 145.489 41.375 -17.780
v 145.489 40.625 -17.780
v 145.268 39.908 -17.780
v 144.845 39.288 -17.780
v 144.259 38.820 -17.780
v 143.560 38.546 -17.780
v 142.812 38.490 -17.780
v 142.080 38.657 -17.780
v 141.430 39.032 -17.780
v 140.920 39.582 -17.780
v 140.594 40.258 -17.780
v 160.482 41.000 -17.780
v 160.594 41.742 -17.780
v 160.920 42.418 -17.780
v 161.430 42.968 -17.780
v 162.080 43.343 -17.780
v 162.812 43.510 -17.780
v 163.560 43.454 -17.780
v 164.259 43.180 -17.780
v 164.845 42.712 -17.780
v 165.268 42.092 -17.780
v 165.489 41.375 -17.780
v 165.489 40.625 -17.780
v 165.268 39.908 -17.780
v 164.845 39.288 -17.780
v 164.259 38.820 -17.780
v 163.560 38.546 -17.780
v 162.812 38.490 -17.780
v 162.080 38.657 -17.780
v 161.430 39.032 -17.780
v 160.920 39.582 -17.780
v 160.594 40.258 -17.780
v 180.483 41.000 -17.780
v 180.594 41.742 -17.780
v 180.920 42.418 -17.780
v 181.430 42.968 -17.780
v 182.080 43.343 -17.780
v 182.812 43.510 -17.780
v 183.560 43.454 -17.780
v 184.259 43.180 -17.780
v 184.845 42.712 -17.780
v 185.268 42.092 -17.780
v 185.489 41.375 -17.780
v 185.489 40.625 -17.780
v 185.268 39.908 -17.780
v 184.845 39.288 -17.780
v 184.259 38.820 -17.780
v 183.560 38.546 -17.780
v 182.812 38.490 -17.780
v 182.080 38.657 -17.780
v 181.430 39.032 -17.780
v 180.920 39.582 -17.780
v 180.594 40.258 -17.780
v 200.482 41.000 -17.780
v 200.594 41.742 -17.780
v 200.920 42.418 -17.780
v 201.430 42.968 -17.780
v 202.080 43.343 -17.780
v 202.812 43.510 -17.780
v 203.560 43.454 -17.780
v 204.259 43.180 -17.780
v 204.845 42.712 -17.780
v 205.268 42.092 -17.780
v 205.489 41.375 -17.780
v 205.489 40.625 -17.780
v 205.268 39.908 -17.780
v 204.845 39.288 -17.780
v 204.259 38.820 -17.780
v 203.560 38.546 -17.780
v 202.812 38.490 -17.780
v 202.080 38.657 -17.780
v 201.430 39.032 -17.780
v 200.920 39.582 -17.780
v 200.594 40.258 -17.780
v 220.482 41.000 -17.780
v 220.594 41.742 -17.780
v 220.920 42.418 -17.780
v 221.430 42.968 -17.780
v 222.080 43.343 -17.780
v 222.812 43.510 -17.780
v 223.560 43.454 -17.780
v 224.259 43.180 -17.780
v 224.845 42.712 -17.780
v 225.268 42.092 -17.780
v 225.489 41.375 -17.780
v 225.489 40.625 -17.780
v 225.268 39.908 -17.780
v 224.845 39.288 -17.780
v 224.259 38.820 -17.780
v 223.560 38.546 -17.780
v 222.812 38.490 -17.780
v 222.080 38.657 -17.780
v 221.430 39.032 -17.780
v 220.920 39.582 -17.780
v 220.594 40.258 -17.780
v 240.482 41.000 -17.780
v 240.594 41.742 -17.780
v 240.920 42.418 -17.780
v 241.430 42.968 -17.780
v 242.080 43.343 -17.780
v 242.812 43.510 -17.780
v 243.560 43.454 -17.780
v 244.259 43.180 -17.780
v 244.845 42.712 -17.780
v 245.268 42.092 -17.780
v 245.489 41.375 -17.780
v 245.489 40.625 -17.780
v 245.268 39.908 -17.780
v 244.845 39.288 -17.780
v 244.259 38.820 -17.780
v 243.560 38.546 -17.780
v 242.812 38.490 -17.780
v 242.080 38.657 -17.780
v 241.430 39.032 -17.780
v 240.920 39.582 -17.780
v 240.594 40.258 -17.780
v 260.482 41.000 -17.780
v 260.594 41.742 -17.780
v 260.920 42.418 -17.780
v 261.430 42.968 -17.780
v 262.080 43.343 -17.780
v 262.812 43.510 -17.780
v 263.560 43.454 -17.780
v 264.259 43.180 -17.780
v 264.845 42.712 -17.780
v 265.268 42.092 -17.780
v 265.489 41.375 -17.780
v 265.489 40.625 -17.780
v 265.268 39.908 -17.780
v 264.845 39.288 -17.780
v 264.259 38.820 -17.780
v 263.560 38.546 -17.780
v 262.812 38.490 -17.780
v 262.080 38.657 -17.780
v 261.430 39.032 -17.780
v 260.920 39.582 -17.780
v 260.594 40.258 -17.780
v 280.482 41.000 -17.780
v 280.594 41.742 -17.780
v 280.920 42.418 -17.780
v 281.430 42.968 -17.780
v 282.080 43.343 -17.780
v 282.812 43.510 -17.780
v 283.560 43.454 -17.780
v 284.259 43.180 -17.780
v 284.845 42.712 -17.780
v 285.268 42.092 -17.780
v 285.489 41.375 -17.780
v 285.489 40.625 -17.780
v 285.268 39.908 -17.780
v 284.845 39.288 -17.780
v 284.259 38.820 -17.780
v 283.560 38.546 -17.780
v 282.812 38.490 -17.780
v 282.080 38.657 -17.780
v 281.430 39.032 -17.780
v 280.920 39.582 -17.780
v 280.594 40.258 -17.780
v 20.482 21.000 -17.780
v 20.594 21.742 -17.780
v 20.920 22.418 -17.780
v 21.430 22.968 -17.780
v 22.080 23.343 -17.780
v 22.812 23.510 -17.780
v 23.560 23.454 -17.780
v 24.259 23.180 -17.780
v 24.845 22.712 -17.780
v 25.268 22.092 -17.780
v 25.489 21.375 -17.780
v 25.489 20.625 -17.780
v 25.268 19.908 -17.780
v 24.845 19.288 -17.780
v 24.259 18.820 -17.780
v 23.560 18.546 -17.780
v 22.812 18.490 -17.780
v 22.080 18.657 -17.780
v 21.430 19.032 -17.780
v 20.920 19.582 -17.780
v 20.594 20.258 -17.780
v 60.482 21.000 -17.780
v 60.594 21.742 -17.780
v 60.920 22.418 -17.780
v 61.430 22.968 -17.780
v 62.080 23.343 -17.780
v 62.812 23.510 -17.780
v 63.560 23.454 -17.780
v 64.259 23.180 -17.780
v 64.845 22.712 -17.780
v 65.268 22.092 -17.780
v 65.489 21.375 -17.780
v 65.489 20.625 -17.780
v 65.268 19.908 -17.780
v 64.845 19.288 -17.780
v 64.259 18.820 -17.780
v 63.560 18.546 -17.780
v 62.812 18.490 -17.780
v 62.080 18.657 -17.780
v 61.430 19.032 -17.780
v 60.920 19.582 -17.780
v 60.594 20.258 -17.780
v 80.482 21.000 -17.780
v 80.594 21.742 -17.780
v 80.920 22.418 -17.780
v 81.430 22.968 -17.780
v 82.080 23.343 -17.780
v 82.812 23.510 -17.780
v 83.560 23.454 -17.780
v 84.259 23.180 -17.780
v 84.845 22.712 -17.780
v 85.268 22.092 -17.780
v 85.489 21.375 -17.780
v 85.489 20.625 -17.780
v 85.268 19.908 -17.780
v 84.845 19.288 -17.780
v 84.259 18.820 -17.780
v 83.560 18.546 -17.780
v 82.812 18.490 -17.780
v 82.080 18.657 -17.780
v 81.430 19.032 -17.780
v 80.920 19.582 -17.780
v 80.594 20.258 -17.780
v 100.482 21.000 -17.780
v 100.594 21.742 -17.780
v 100.920 22.418 -17.780
v 101.430 22.968 -17.780
v 102.080 23.343 -17.780
v 102.812 23.510 -17.780
v 103.560 23.454 -17.780
v 104.259 23.180 -17.780
v 104.845 22.712 -17.780
v 105.268 22.092 -17.780
v 105.489 21.375 -17.780
v 105.489 20.625 -17.780
v 105.268 19.908 -17.780
v 104.845 19.288 -17.780
v 104.259 18.820 -17.780
v 103.560 18.546 -17.780
v 102.812 18.490 -17.780
v 102.080 18.657 -17.780
v 101.430 19.032 -17.780
v 100.920 19.582 -17.780
v 100.594 20.258 -17.780
v 120.482 21.000 -17.780
v 120.594 21.742 -17.780
v 120.920 22.418 -17.780
v 121.430 22.968 -17.780
v 122.080 23.343 -17.780
v 122.812 23.510 -17.780
v 123.560 23.454 -17.780
v 124.259 23.180 -17.780
v 124.845 22.712 -17.780
v 125.268 22.092 -17.780
v 125.489 21.375 -17.780
v 125.489 20.625 -17.780
v 125.268 19.908 -17.780
v 124.845 19.288 -17.780
v 124.259 18.820 -17.780
v 123.560 18.546 -17.780
v 122.812 18.490 -17.780
v 122.080 18.657 -17.780
v 121.430 19.032 -17.780
v 120.920 19.582 -17.780
v 120.594 20.258 -17.780
v 140.482 21.000 -17.780
v 140.594 21.742 -17.780
v 140.920 22.418 -17.780
v 141.430 22.968 -17.780
v 142.080 23.343 -17.780
v 142.812 23.510 -17.780
v 143.560 23.454 -17.780
v 144.259 23.180 -17.780
v 144.845 22.712 -17.780
v 145.268 22.092 -17.780
v 145.489 21.375 -17.780
v 145.489 20.625 -17.780
v 145.268 19.908 -17.780
v 144.845 19.288 -17.780
v 144.259 18.820 -17.780
v 143.560 18.546 -17.780
v 142.812 18.490 -17.780
v 142.080 18.657 -17.780
v 141.430 19.032 -17.780
v 140.920 19.582 -17.780
v 140.594 20.258 -17.780
v 160.482 21.000 -17.780
v 160.594 21.742 -17.780
v 160.920 22.418 -17.780
v 161.430 22.968 -17.780
v 162.080 23.343 -17.780
v 162.812 23.510 -17.780
v 163.560 23.454 -17.780
v 164.259 23.180 -17.780
v 164.845 22.712 -17.780
v 165.268 22.092 -17.780
v 165.489 21.375 -17.780
v 165.489 20.625 -17.780
v 165.268 19.908 -17.780
v 164.845 19.288 -17.780
v 164.259 18.820 -17.780
v 163.560 18.546 -17.780
v 162.812 18.490 -17.780
v 162.080 18.657 -17.780
v 161.430 19.032 -17.780
v 160.920 19.582 -17.780
v 160.594 20.258 -17.780
v 180.483 21.000 -17.780
v 180.594 21.742 -17.780
v 180.920 22.418 -17.780
v 181.430 22.968 -17.780
v 182.080 23.343 -17.780
v 182.812 23.510 -17.780
v 183.560 23.454 -17.780
v 184.259 23.180 -17.780
v 184.845 22.712 -17.780
v 185.268 22.092 -17.780
v 185.489 21.375 -17.780
v 185.489 20.625 -17.780
v 185.268 19.908 -17.780
v 184.845 19.288 -17.780
v 184.259 18.820 -17.780
v 183.560 18.546 -17.780
v 182.812 18.490 -17.780
v 182.080 18.657 -17.780
v 181.430 19.032 -17.780
v 180.920 19.582 -17.780
v 180.594 20.258 -17.780
v 200.482 21.000 -17.780
v 200.594 21.742 -17.780
v 200.920 22.418 -17.780
v 201.430 22.968 -17.780
v 202.080 23.343 -17.780
v 202.812 23.510 -17.780
v 203.560 23.454 -17.780
v 204.259 23.180 -17.780
v 204.845 22.712 -17.780
v 205.268 22.092 -17.780
v 205.489 21.375 -17.780
v 205.489 20.625 -17.780
v 205.268 19.908 -17.780
v 204.845 19.288 -17.780
v 204.259 18.820 -17.780
v 203.560 18.546 -17.780
v 202.812 18.490 -17.780
v 202.080 18.657 -17.780
v 201.430 19.032 -17.780
v 200.920 19.582 -17.780
v 200.594 20.258 -17.780
v 220.482 21.000 -17.780
v 220.594 21.742 -17.780
v 220.920 22.418 -17.780
v 221.430 22.968 -17.780
v 222.080 23.343 -17.780
v 222.812 23.510 -17.780
v 223.560 23.454 -17.780
v 224.259 23.180 -17.780
v 224.845 22.712 -17.780
v 225.268 22.092 -17.780
v 225.489 21.375 -17.780
v 225.489 20.625 -17.780
v 225.268 19.908 -17.780
v 224.845 19.288 -17.780
v 224.259 18.820 -17.780
v 223.560 18.546 -17.780
v 222.812 18.490 -17.780
v 222.080 18.657 -17.780
v 221.430 19.032 -17.780
v 220.920 19.582 -17.780
v 220.594 20.258 -17.780
v 240.482 21.000 -17.780
v 240.594 21.742 -17.780
v 240.920 22.418 -17.780
v 241.430 22.968 -17.780
v 242.080 23.343 -17.780
v 242.812 23.510 -17.780
v 243.560 23.454 -17.780
v 244.259 23.180 -17.780
v 244.845 22.712 -17.780
v 245.268 22.092 -17.780
v 245.489 21.375 -17.780
v 245.489 20.625 -17.780
v 245.268 19.908 -17.780
v 244.845 19.288 -17.780
v 244.259 18.820 -17.780
v 243.560 18.546 -17.780
v 242.812 18.490 -17.780
v 242.080 18.657 -17.780
v 241.430 19.032 -17.780
v 240.920 19.582 -17.780
v 240.594 20.258 -17.780
v 260.482 21.000 -17.780
v 260.594 21.742 -17.780
v 260.920 22.418 -17.780
v 261.430 22.968 -17.780
v 262.080 23.343 -17.780
v 262.812 23.510 -17.780
v 263.560 23.454 -17.780
v 264.259 23.180 -17.780
v 264.845 22.712 -17.780
v 265.268 22.092 -17.780
v 265.489 21.375 -17.780
v 265.489 20.625 -17.780
v 265.268 19.908 -17.780
v 264.845 19.288 -17.780
v 264.259 18.820 -17.780
v 263.560 18.546 -17.780
v 262.812 18.490 -17.780
v 262.080 18.657 -17.780
v 261.430 19.032 -17.780
v 260.920 19.582 -17.780
v 260.594 20.258 -17.780
v 280.482 21.000 -17.780
v 280.594 21.742 -17.780
v 280.920 22.418 -17.780
v 281.430 22.968 -17.780
v 282.080 23.343 -17.780
v 282.812 23.510 -17.780
v 283.560 23.454 -17.780
v 284.259 23.180 -17.780
v 284.845 22.712 -17.780
v 285.268 22.092 -17.780
v 285.489 21.375 -17.780
v 285.489 20.625 -17.780
v 285.268 19.908 -17.780
v 284.845 19.288 -17.780
v 284.259 18.820 -17.780
v 283.560 18.546 -17.780
v 282.812 18.490 -17.780
v 282.080 18.657 -17.780
v 281.430 19.032 -17.780
v 280.920 19.582 -17.780
v 280.594 20.258 -17.780
v 100.482 121.000 -17.780
v 100.594 121.742 -17.780
v 100.920 122.418 -17.780
v 101.430 122.968 -17.780
v 102.080 123.343 -17.780
v 102.812 123.510 -17.780
v 103.560 123.454 -17.780
v 104.259 123.180 -17.780
v 104.845 122.712 -17.780
v 105.268 122.092 -17.780
v 105.489 121.375 -17.780
v 105.489 120.625 -17.780
v 105.268 119.908 -17.780
v 104.845 119.288 -17.780
v 104.259 118.820 -17.780
v 103.560 118.546 -17.780
v 102.812 118.490 -17.780
v 102.080 118.657 -17.780
v 101.430 119.032 -17.780
v 100.920 119.582 -17.780
v 100.594 120.258 -17.780
v 200.482 121.000 -17.780
v 200.594 121.742 -17.780
v 200.920 122.418 -17.780
v 201.430 122.968 -17.780
v 202.080 123.343 -17.780
v 202.812 123.510 -17.780
v 203.560 123.454 -17.780
v 204.259 123.180 -17.780
v 204.845 122.712 -17.780
v 205.268 122.092 -17.780
v 205.489 121.375 -17.780
v 205.489 120.625 -17.780
v 205.268 119.908 -17.780
v 204.845 119.288 -17.780
v 204.259 118.820 -17.780
v 203.560 118.546 -17.780
v 202.812 118.490 -17.780
v 202.080 118.657 -17.780
v 201.430 119.032 -17.780
v 200.920 119.582 -17.780
v 200.594 120.258 -17.780
v 240.482 121.000 -17.780
v 240.594 121.742 -17.780
v 240.920 122.418 -17.780
v 241.430 122.968 -17.780
v 242.080 123.343 -17.780
v 242.812 123.510 -17.780
v 243.560 123.454 -17.780
v 244.259 123.180 -17.780
v 244.845 122.712 -17.780
v 245.268 122.092 -17.780
v 245.489 121.375 -17.780
v 245.489 120.625 -17.780
v 245.268 119.908 -17.780
v 244.845 119.288 -17.780
v 244.259 118.820 -17.780
v 243.560 118.546 -17.780
v 242.812 118.490 -17.780
v 242.080 118.657 -17.780
v 241.430 119.032 -17.780
v 240.920 119.582 -17.780
v 240.594 120.258 -17.780
v 80.482 101.000 -17.780
v 80.594 101.742 -17.780
v 80.920 102.418 -17.780
v 81.430 102.968 -17.780
v 82.080 103.343 -17.780
v 82.812 103.510 -17.780
v 83.560 103.454 -17.780
v 84.259 103.180 -17.780
v 84.845 102.712 -17.780
v 85.268 102.092 -17.780
v 85.489 101.375 -17.780
v 85.489 100.625 -17.780
v 85.268 99.908 -17.780
v 84.845 99.288 -17.780
v 84.259 98.820 -17.780
v 83.560 98.546 -17.780
v 82.812 98.490 -17.780
v 82.080 98.657 -17.780
v 81.430 99.032 -17.780
v 80.920 99.582 -17.780
v 80.594 100.258 -17.780
v 7.375 106.606 -17.780
v 7.514 105.685 -17.780
v 7.918 104.846 -17.780
v 8.552 104.163 -17.780
v 9.358 103.697 -17.780
v 10.266 103.490 -17.780
v 11.195 103.559 -17.780
v 12.062 103.900 -17.780
v 12.791 104.480 -17.780
v 13.316 105.250 -17.780
v 13.590 106.140 -17.780
v 13.590 107.072 -17.780
v 13.316 107.962 -17.780
v 12.791 108.732 -17.780
v 12.062 109.312 -17.780
v 11.195 109.653 -17.780
v 10.266 109.722 -17.780
v 9.358 109.515 -17.780
v 8.552 109.049 -17.780
v 7.918 108.366 -17.780
v 7.514 107.527 -17.780
v 144.375 104.250 -17.780
v 144.514 103.329 -17.780
v 144.918 102.490 -17.780
v 145.552 101.807 -17.780
v 146.358 101.341 -17.780
v 147.266 101.134 -17.780
v 148.195 101.203 -17.780
v 149.062 101.544 -17.780
v 149.791 102.124 -17.780
v 150.316 102.894 -17.780
v 150.590 103.784 -17.780
v 150.590 104.716 -17.780
v 150.316 105.606 -17.780
v 149.791 106.376 -17.780
v 149.062 106.956 -17.780
v 148.195 107.297 -17.780
v 147.266 107.366 -17.780
v 146.358 107.159 -17.780
v 145.552 106.693 -17.780
v 144.918 106.010 -17.780
v 144.514 105.171 -17.780
v 279.375 104.250 -17.780
v 279.514 103.329 -17.780
v 279.918 102.490 -17.780
v 280.552 101.807 -17.780
v 281.358 101.341 -17.780
v 282.266 101.134 -17.780
v 283.195 101.203 -17.780
v 284.062 101.544 -17.780
v 284.791 102.124 -17.780
v 285.316 102.894 -17.780
v 285.590 103.784 -17.780
v 285.590 104.716 -17.780
v 285.316 105.606 -17.780
v 284.791 106.376 -17.780
v 284.062 106.956 -17.780
v 283.195 107.297 -17.780
v 282.266 107.366 -17.780
v 281.358 107.159 -17.780
v 280.552 106.693 -17.780
v 279.918 106.010 -17.780
v 279.514 105.171 -17.780
v 260.482 101.000 -17.780
v 260.594 101.742 -17.780
v 260.920 102.418 -17.780
v 261.430 102.968 -17.780
v 262.080 103.343 -17.780
v 262.812 103.510 -17.780
v 263.560 103.454 -17.780
v 264.259 103.180 -17.780
v 264.845 102.712 -17.780
v 265.268 102.092 -17.780
v 265.489 101.375 -17.780
v 265.489 100.625 -17.780
v 265.268 99.908 -17.780
v 264.845 99.288 -17.780
v 264.259 98.820 -17.780
v 263.560 98.546 -17.780
v 262.812 98.490 -17.780
v 262.080 98.657 -17.780
v 261.430 99.032 -17.780
v 260.920 99.582 -17.780
v 260.594 100.258 -17.780
v 279.375 185.000 -17.780
v 279.514 184.079 -17.780
v 279.918 183.240 -17.780
v 280.552 182.557 -17.780
v 281.358 182.091 -17.780
v 282.266 181.884 -17.780
v 283.195 181.953 -17.780
v 284.062 182.294 -17.780
v 284.791 182.874 -17.780
v 285.316 183.644 -17.780
v 285.590 184.534 -17.780
v 285.590 185.466 -17.780
v 285.316 186.356 -17.780
v 284.791 187.126 -17.780
v 284.062 187.706 -17.780
v 283.195 188.047 -17.780
v 282.266 188.116 -17.780
v 281.358 187.909 -17.780
v 280.552 187.443 -17.780
v 279.918 186.760 -17.780
v 279.514 185.921 -17.780
v 100.250 7.500 -17.780
v 100.061 8.753 -17.780
v 99.512 9.894 -17.780
v 98.650 10.823 -17.780
v 97.553 11.456 -17.780
v 96.318 11.738 -17.780
v 95.054 11.643 -17.780
v 93.875 11.181 -17.780
v 92.885 10.391 -17.780
v 92.171 9.344 -17.780
v 91.797 8.133 -17.780
v 91.797 6.867 -17.780
v 92.171 5.656 -17.780
v 92.885 4.609 -17.780
v 93.875 3.819 -17.780
v 95.054 3.357 -17.780
v 96.318 3.262 -17.780
v 97.553 3.544 -17.780
v 98.650 4.177 -17.780
v 99.512 5.106 -17.780
v 100.061 6.247 -17.780
v 100.250 141.000 -1.651
v 100.061 142.253 -1.651
v 99.512 143.394 -1.651
v 98.650 144.323 -1.651
v 97.553 144.956 -1.651
v 96.318 145.238 -1.651
v 95.054 145.143 -1.651
v 93.875 144.681 -1.651
v 92.885 143.891 -1.651
v 92.171 142.844 -1.651
v 91.797 141.633 -1.651
v 91.797 140.367 -1.651
v 92.171 139.156 -1.651
v 92.885 138.109 -1.651
v 93.875 137.319 -1.651
v 95.054 136.857 -1.651
v 96.318 136.762 -1.651
v 97.553 137.044 -1.651
v 98.650 137.677 -1.651
v 99.512 138.606 -1.651
v 100.061 139.747 -1.651
v 98.441 141.000 -1.651
v 98.332 141.719 -1.651
v 98.017 142.375 -1.651
v 97.522 142.908 -1.651
v 96.892 143.272 -1.651
v 96.182 143.434 -1.651
v 95.457 143.380 -1.651
v 94.780 143.114 -1.651
v 94.211 142.660 -1.651
v 93.801 142.059 -1.651
v 93.586 141.364 -1.651
v 93.586 140.636 -1.651
v 93.801 139.941 -1.651
v 94.211 139.340 -1.651
v 94.780 138.886 -1.651
v 95.457 138.620 -1.651
v 96.182 138.566 -1.651
v 96.892 138.728 -1.651
v 97.522 139.092 -1.651
v 98.017 139.625 -1.651
v 98.332 140.281 -1.651
v 188.750 52.500 -1.651
v 188.561 53.753 -1.651
v 188.012 54.894 -1.651
v 187.150 55.823 -1.651
v 186.053 56.456 -1.651
v 184.818 56.738 -1.651
v 183.554 56.643 -1.651
v 182.375 56.181 -1.651
v 181.385 55.391 -1.651
v 180.671 54.344 -1.651
v 180.297 53.133 -1.651
v 180.297 51.867 -1.651
v 180.671 50.656 -1.651
v 181.385 49.609 -1.651
v 182.375 48.819 -1.651
v 183.554 48.357 -1.651
v 184.818 48.262 -1.651
v 186.053 48.544 -1.651
v 187.150 49.177 -1.651
v 188.012 50.106 -1.651
v 188.561 51.247 -1.651
v 186.941 52.500 -1.651
v 186.832 53.219 -1.651
v 186.517 53.875 -1.651
v 186.022 54.408 -1.651
v 185.392 54.772 -1.651
v 184.682 54.934 -1.651
v 183.957 54.880 -1.651
v 183.280 54.614 -1.651
v 182.711 54.160 -1.651
v 182.301 53.559 -1.651
v 182.086 52.864 -1.651
v 182.086 52.136 -1.651
v 182.301 51.441 -1.651
v 182.711 50.840 -1.651
v 183.280 50.386 -1.651
v 183.957 50.120 -1.651
v 184.682 50.066 -1.651
v 185.392 50.228 -1.651
v 186.022 50.592 -1.651
v 186.517 51.125 -1.651
v 186.832 51.781 -1.651
v 11.750 96.000 -1.651
v 11.561 97.253 -1.651
v 11.012 98.394 -1.651
v 10.150 99.323 -1.651
v 9.053 99.956 -1.651
v 7.818 100.238 -1.651
v 6.554 100.143 -1.651
v 5.375 99.681 -1.651
v 4.385 98.891 -1.651
v 3.671 97.844 -1.651
v 3.297 96.633 -1.651
v 3.297 95.367 -1.651
v 3.671 94.156 -1.651
v 4.385 93.109 -1.651
v 5.375 92.319 -1.651
v 6.554 91.857 -1.651
v 7.818 91.762 -1.651
v 9.053 92.044 -1.651
v 10.150 92.677 -1.651
v 11.012 93.606 -1.651
v 11.561 94.747 -1.651
v 9.941 96.000 -1.651
v 9.832 96.719 -1.651
v 9.517 97.375 -1.651
v 9.022 97.908 -1.651
v 8.392 98.272 -1.651
v 7.682 98.434 -1.651
v 6.957 98.380 -1.651
v 6.280 98.114 -1.651
v 5.711 97.660 -1.651
v 5.301 97.059 -1.651
v 5.086 96.364 -1.651
v 5.086 95.636 -1.651
v 5.301 94.941 -1.651
v 5.711 94.340 -1.651
v 6.280 93.886 -1.651
v 6.957 93.620 -1.651
v 7.682 93.566 -1.651
v 8.392 93.728 -1.651
v 9.022 94.092 -1.651
v 9.517 94.625 -1.651
v 9.832 95.281 -1.651
v 100.250 7.500 -1.651
v 100.061 8.753 -1.651
v 99.512 9.894 -1.651
v 98.650 10.823 -1.651
v 97.553 11.456 -1.651
v 96.318 11.738 -1.651
v 95.054 11.643 -1.651
v 93.875 11.181 -1.651
v 92.885 10.391 -1.651
v 92.171 9.344 -1.651
v 91.797 8.133 -1.651
v 91.797 6.867 -1.651
v 92.171 5.656 -1.651
v 92.885 4.609 -1.651
v 93.875 3.819 -1.651
v 95.054 3.357 -1.651
v 96.318 3.262 -1.651
v 97.553 3.544 -1.651
v 98.650 4.177 -1.651
v 99.512 5.106 -1.651
v 100.061 6.247 -1.651
v 164.499 6.435 0.000
v 164.611 6.435 0.000
v 164.499 6.435 -1.150
v 164.611 6.435 -1.150
v 164.591 6.467 -0.863
v 164.519 6.467 -0.863
v 164.555 6.480 -0.575
v 164.519 6.467 -0.288
v 164.591 6.467 -0.288
v 167.217 8.337 -1.150
v 167.181 8.390 -1.150
v 163.517 9.363 -1.150
v 159.755 9.363 -1.150
v 156.091 8.390 -1.150
v 156.055 8.337 -1.150
v 156.055 4.363 -1.150
v 156.091 4.310 -1.150
v 159.755 3.337 -1.150
v 163.517 3.337 -1.150
v 167.181 4.310 -1.150
v 167.217 4.363 -1.150
v 160.531 6.432 -1.150
v 160.642 6.431 -1.150
v 161.200 8.705 -1.150
v 161.254 8.749 -1.150
v 161.918 8.751 -1.150
v 161.974 8.699 -1.150
v 162.405 4.041 -1.150
v 162.351 3.978 -1.150
v 161.703 3.960 -1.150
v 161.646 4.013 -1.150
v 161.461 6.375 -1.150
v 161.348 6.385 -1.150
v 160.739 4.035 -1.150
v 160.680 3.992 -1.150
v 160.467 4.009 -1.150
v 160.416 4.052 -1.150
v 159.836 6.381 -1.150
v 159.723 6.372 -1.150
v 159.514 4.183 -1.150
v 159.447 4.132 -1.150
v 158.811 4.248 -1.150
v 158.765 4.311 -1.150
v 159.244 8.505 -1.150
v 159.292 8.555 -1.150
v 159.945 8.651 -1.150
v 160.007 8.608 -1.150
v 164.013 4.200 -1.150
v 163.966 4.155 -1.150
v 163.291 4.058 -1.150
v 163.227 4.104 -1.150
v 162.380 8.663 -1.150
v 162.440 8.731 -1.150
v 162.666 8.716 -1.150
v 162.892 8.698 -1.150
v 163.117 8.675 -1.150
v 163.168 8.627 -1.150
v 163.614 5.994 -1.150
v 163.727 5.992 -1.150
v 164.265 8.447 -1.150
v 164.333 8.490 -1.150
v 164.836 8.381 -1.150
v 164.879 8.337 -1.150
v 165.374 6.056 -1.150
v 165.487 6.057 -1.150
v 165.950 8.003 -1.150
v 166.024 8.043 -1.150
v 166.668 7.810 -1.150
v 166.701 7.737 -1.150
v 165.837 4.636 -1.150
v 165.798 4.594 -1.150
v 165.135 4.405 -1.150
v 165.065 4.447 -1.150
v 157.730 7.486 -1.150
v 157.519 7.370 -1.150
v 157.414 7.107 -1.150
v 157.552 6.901 -1.150
v 157.926 6.762 -1.150
v 158.262 6.588 -1.150
v 158.486 6.327 -1.150
v 158.595 6.030 -1.150
v 158.632 5.656 -1.150
v 158.561 5.046 -1.150
v 158.472 4.815 -1.150
v 158.348 4.636 -1.150
v 158.188 4.510 -1.150
v 157.996 4.442 -1.150
v 157.769 4.431 -1.150
v 157.523 4.482 -1.150
v 157.088 4.700 -1.150
v 156.834 4.895 -1.150
v 156.583 5.135 -1.150
v 156.575 5.204 -1.150
v 156.822 5.647 -1.150
v 156.916 5.659 -1.150
v 157.223 5.382 -1.150
v 157.504 5.257 -1.150
v 157.746 5.299 -1.150
v 157.862 5.573 -1.150
v 157.734 5.851 -1.150
v 157.413 6.035 -1.150
v 157.071 6.184 -1.150
v 156.884 6.314 -1.150
v 156.717 6.563 -1.150
v 156.662 6.904 -1.150
v 156.719 7.294 -1.150
v 156.891 7.657 -1.150
v 157.167 7.986 -1.150
v 157.379 8.142 -1.150
v 157.614 8.247 -1.150
v 157.832 8.296 -1.150
v 158.045 8.305 -1.150
v 158.261 8.270 -1.150
v 158.471 8.190 -1.150
v 158.500 8.120 -1.150
v 158.247 7.385 -1.150
v 158.157 7.359 -1.150
v 157.947 7.474 -1.150
v 165.065 4.447 0.000
v 163.227 4.104 0.000
v 163.291 4.058 0.000
v 163.250 4.068 -0.575
v 162.380 8.663 0.000
v 163.966 4.155 0.000
v 164.013 4.200 0.000
v 165.135 4.405 0.000
v 165.091 4.411 -0.575
v 165.798 4.594 0.000
v 165.837 4.636 0.000
v 165.829 4.618 -0.767
v 165.487 6.057 0.000
v 165.374 6.056 0.000
v 165.395 6.024 -0.863
v 165.467 6.025 -0.863
v 165.431 6.012 -0.575
v 165.467 6.025 -0.288
v 165.395 6.024 -0.288
v 165.950 8.003 0.000
v 163.727 5.992 0.000
v 163.614 5.994 0.000
v 163.633 5.960 -0.863
v 163.706 5.959 -0.863
v 163.670 5.947 -0.575
v 163.706 5.959 -0.288
v 163.633 5.960 -0.288
v 164.265 8.447 0.000
v 162.351 3.978 0.000
v 162.405 4.041 0.000
v 162.387 3.993 -0.767
v 161.703 3.960 0.000
v 160.642 6.431 0.000
v 160.531 6.432 0.000
v 160.617 6.396 -0.767
v 160.565 6.392 -0.383
v 161.200 8.705 0.000
v 161.348 6.385 0.000
v 161.461 6.375 0.000
v 161.444 6.411 -0.863
v 161.370 6.418 -0.863
v 161.408 6.428 -0.575
v 161.370 6.418 -0.288
v 161.444 6.411 -0.288
v 160.739 4.035 0.000
v 159.723 6.372 0.000
v 159.836 6.381 0.000
v 159.814 6.414 -0.863
v 159.740 6.408 -0.863
v 159.776 6.424 -0.575
v 159.740 6.408 -0.288
v 159.814 6.414 -0.288
v 160.416 4.052 0.000
v 161.646 4.013 0.000
v 161.660 3.980 -0.767
v 160.680 3.992 0.000
v 160.717 4.003 -0.575
v 160.467 4.009 0.000
v 160.435 4.022 -0.575
v 159.447 4.132 0.000
v 159.514 4.183 0.000
v 159.492 4.143 -0.575
v 158.811 4.248 0.000
v 158.765 4.311 0.000
v 158.776 4.271 -0.575
v 159.244 8.505 0.000
v 156.575 5.204 0.000
v 156.583 5.135 0.000
v 156.567 5.174 -0.767
v 156.822 5.647 0.000
v 156.916 5.659 0.000
v 156.866 5.677 -0.575
v 157.504 5.257 0.000
v 157.223 5.382 0.000
v 158.157 7.359 0.000
v 158.247 7.385 0.000
v 158.209 7.349 -0.575
v 157.730 7.486 0.000
v 157.947 7.474 0.000
v 158.500 8.120 0.000
v 158.471 8.190 0.000
v 158.499 8.160 -0.575
v 159.292 8.555 0.000
v 159.264 8.542 -0.767
v 159.945 8.651 0.000
v 160.007 8.608 0.000
v 159.984 8.641 -0.575
v 161.254 8.749 0.000
v 161.224 8.739 -0.767
v 161.918 8.751 0.000
v 161.974 8.699 0.000
v 161.956 8.736 -0.575
v 162.440 8.731 0.000
v 162.394 8.712 -0.575
v 163.117 8.675 0.000
v 162.892 8.698 0.000
v 162.666 8.716 0.000
v 163.168 8.627 0.000
v 163.150 8.660 -0.575
v 164.333 8.490 0.000
v 164.290 8.482 -0.575
v 164.836 8.381 0.000
v 164.879 8.337 0.000
v 164.867 8.362 -0.767
v 166.024 8.043 0.000
v 165.978 8.039 -0.575
v 166.668 7.810 0.000
v 166.701 7.737 0.000
v 166.699 7.780 -0.575
v 156.063 4.335 -0.767
v 157.614 8.247 0.000
v 157.832 8.296 0.000
v 158.045 8.305 0.000
v 158.261 8.270 0.000
v 157.282 8.079 0.000
v 157.071 7.891 0.000
v 156.891 7.657 0.000
v 156.719 7.294 0.000
v 156.662 6.904 0.000
v 156.717 6.563 0.000
v 156.884 6.314 0.000
v 157.071 6.184 0.000
v 157.413 6.035 0.000
v 157.734 5.851 0.000
v 157.862 5.573 0.000
v 157.746 5.299 0.000
v 157.523 4.482 0.000
v 157.088 4.700 0.000
v 156.834 4.895 0.000
v 157.769 4.431 0.000
v 157.996 4.442 0.000
v 158.272 4.566 0.000
v 158.472 4.815 0.000
v 158.592 5.180 0.000
v 158.632 5.656 0.000
v 158.595 6.030 0.000
v 158.486 6.327 0.000
v 158.262 6.588 0.000
v 157.926 6.762 0.000
v 157.552 6.901 0.000
v 157.414 7.107 0.000
v 157.519 7.370 0.000
v 142.375 185.000 -6.250
v 142.603 186.511 -6.250
v 143.266 187.887 -6.250
v 144.305 189.007 -6.250
v 145.628 189.771 -6.250
v 147.117 190.111 -6.250
v 148.640 189.997 -6.250
v 150.062 189.438 -6.250
v 151.257 188.486 -6.250
v 152.117 187.224 -6.250
v 152.568 185.764 -6.250
v 152.568 184.236 -6.250
v 152.117 182.776 -6.250
v 151.257 181.514 -6.250
v 150.062 180.562 -6.250
v 148.640 180.003 -6.250
v 147.117 179.889 -6.250
v 145.628 180.229 -6.250
v 144.305 180.993 -6.250
v 143.266 182.113 -6.250
v 142.603 183.489 -6.250
v 5.375 185.000 -6.250
v 5.603 186.511 -6.250
v 6.266 187.887 -6.250
v 7.305 189.007 -6.250
v 8.628 189.771 -6.250
v 10.117 190.111 -6.250
v 11.640 189.997 -6.250
v 13.062 189.438 -6.250
v 14.257 188.486 -6.250
v 15.117 187.224 -6.250
v 15.568 185.764 -6.250
v 15.568 184.236 -6.250
v 15.117 182.776 -6.250
v 14.257 181.514 -6.250
v 13.062 180.562 -6.250
v 11.640 180.003 -6.250
v 10.117 179.889 -6.250
v 8.628 180.229 -6.250
v 7.305 180.993 -6.250
v 6.266 182.113 -6.250
v 5.603 183.489 -6.250
v 277.375 185.000 -6.250
v 277.603 186.511 -6.250
v 278.266 187.887 -6.250
v 279.305 189.007 -6.250
v 280.628 189.771 -6.250
v 282.117 190.111 -6.250
v 283.640 189.997 -6.250
v 285.062 189.438 -6.250
v 286.257 188.486 -6.250
v 287.117 187.224 -6.250
v 287.568 185.764 -6.250
v 287.568 184.236 -6.250
v 287.117 182.776 -6.250
v 286.257 181.514 -6.250
v 285.062 180.562 -6.250
v 283.640 180.003 -6.250
v 282.117 179.889 -6.250
v 280.628 180.229 -6.250
v 279.305 180.993 -6.250
v 278.266 182.113 -6.250
v 277.603 183.489 -6.250
v 279.375 185.000 -6.250
v 279.514 185.921 -6.250
v 279.918 186.760 -6.250
v 280.552 187.443 -6.250
v 281.358 187.909 -6.250
v 282.266 188.116 -6.250
v 283.195 188.047 -6.250
v 284.062 187.706 -6.250
v 284.791 187.126 -6.250
v 285.316 186.356 -6.250
v 285.590 185.466 -6.250
v 285.590 184.534 -6.250
v 285.316 183.644 -6.250
v 284.791 182.874 -6.250
v 284.062 182.294 -6.250
v 283.195 181.953 -6.250
v 282.266 181.884 -6.250
v 281.358 182.091 -6.250
v 280.552 182.557 -6.250
v 279.918 183.240 -6.250
v 279.514 184.079 -6.250
v 172.117 75.000 -0.254
v 172.106 74.785 -0.254
v 172.073 74.573 -0.254
v 172.020 74.365 -0.254
v 167.980 74.365 -0.254
v 167.894 74.785 -0.254
v 167.894 75.215 -0.254
v 167.980 75.635 -0.254
v 172.020 75.635 -0.254
v 172.073 75.427 -0.254
v 172.106 75.215 -0.254
v 260.635 100.137 -0.254
v 260.482 101.000 -0.254
v 260.500 100.707 -0.254
v 260.551 100.418 -0.254
v 260.635 101.863 -0.254
v 260.551 101.582 -0.254
v 260.500 101.293 -0.254
v 260.635 117.980 -0.254
v 260.215 117.894 -0.254
v 259.785 117.894 -0.254
v 259.365 117.980 -0.254
v 259.365 77.020 -0.254
v 259.785 77.106 -0.254
v 260.215 77.106 -0.254
v 299.250 96.000 -1.651
v 299.061 97.253 -1.651
v 298.512 98.394 -1.651
v 297.650 99.323 -1.651
v 296.553 99.956 -1.651
v 295.318 100.238 -1.651
v 294.054 100.143 -1.651
v 292.875 99.681 -1.651
v 291.885 98.891 -1.651
v 291.171 97.844 -1.651
v 290.797 96.633 -1.651
v 290.797 95.367 -1.651
v 291.171 94.156 -1.651
v 291.885 93.109 -1.651
v 292.875 92.319 -1.651
v 294.054 91.857 -1.651
v 295.318 91.762 -1.651
v 296.553 92.044 -1.651
v 297.650 92.677 -1.651
v 298.512 93.606 -1.651
v 299.061 94.747 -1.651
v 297.441 96.000 -1.651
v 297.332 96.719 -1.651
v 297.017 97.375 -1.651
v 296.522 97.908 -1.651
v 295.892 98.272 -1.651
v 295.182 98.434 -1.651
v 294.457 98.380 -1.651
v 293.780 98.114 -1.651
v 293.211 97.660 -1.651
v 292.801 97.059 -1.651
v 292.586 96.364 -1.651
v 292.586 95.636 -1.651
v 292.801 94.941 -1.651
v 293.211 94.340 -1.651
v 293.780 93.886 -1.651
v 294.457 93.620 -1.651
v 295.182 93.566 -1.651
v 295.892 93.728 -1.651
v 296.522 94.092 -1.651
v 297.017 94.625 -1.651
v 297.332 95.281 -1.651
v 294.365 92.190 -0.254
v 295.635 92.190 -0.254
v 295.604 91.994 -0.254
v 295.514 91.817 -0.254
v 295.373 91.676 -0.254
v 295.196 91.586 -0.254
v 295.000 91.555 -0.254
v 294.804 91.586 -0.254
v 294.627 91.676 -0.254
v 294.486 91.817 -0.254
v 294.396 91.994 -0.254
v 295.635 93.643 -0.254
v 294.365 93.643 -0.254
v 294.786 93.568 -0.254
v 295.214 93.568 -0.254
v 277.375 104.250 -6.250
v 277.603 105.761 -6.250
v 278.266 107.137 -6.250
v 279.305 108.257 -6.250
v 280.628 109.021 -6.250
v 282.117 109.361 -6.250
v 283.640 109.247 -6.250
v 285.062 108.688 -6.250
v 286.257 107.736 -6.250
v 287.117 106.474 -6.250
v 287.568 105.014 -6.250
v 287.568 103.486 -6.250
v 287.117 102.026 -6.250
v 286.257 100.764 -6.250
v 285.062 99.812 -6.250
v 283.640 99.253 -6.250
v 282.117 99.139 -6.250
v 280.628 99.479 -6.250
v 279.305 100.243 -6.250
v 278.266 101.363 -6.250
v 277.603 102.739 -6.250
v 279.375 104.250 -6.250
v 279.514 105.171 -6.250
v 279.918 106.010 -6.250
v 280.552 106.693 -6.250
v 281.358 107.159 -6.250
v 282.266 107.366 -6.250
v 283.195 107.297 -6.250
v 284.062 106.956 -6.250
v 284.791 106.376 -6.250
v 285.316 105.606 -6.250
v 285.590 104.716 -6.250
v 285.590 103.784 -6.250
v 285.316 102.894 -6.250
v 284.791 102.124 -6.250
v 284.062 101.544 -6.250
v 283.195 101.203 -6.250
v 282.266 101.134 -6.250
v 281.358 101.341 -6.250
v 280.552 101.807 -6.250
v 279.918 102.490 -6.250
v 279.514 103.329 -6.250
v 257.980 119.365 -0.254
v 257.894 119.785 -0.254
v 257.894 120.215 -0.254
v 257.980 120.635 -0.254
v 144.375 104.250 -6.250
v 144.514 105.171 -6.250
v 144.918 106.010 -6.250
v 145.552 106.693 -6.250
v 146.358 107.159 -6.250
v 147.266 107.366 -6.250
v 148.195 107.297 -6.250
v 149.062 106.956 -6.250
v 149.791 106.376 -6.250
v 150.316 105.606 -6.250
v 150.590 104.716 -6.250
v 150.590 103.784 -6.250
v 150.316 102.894 -6.250
v 149.791 102.124 -6.250
v 149.062 101.544 -6.250
v 148.195 101.203 -6.250
v 147.266 101.134 -6.250
v 146.358 101.341 -6.250
v 145.552 101.807 -6.250
v 144.918 102.490 -6.250
v 144.514 103.329 -6.250
v 142.375 104.250 -6.250
v 142.603 105.761 -6.250
v 143.266 107.137 -6.250
v 144.305 108.257 -6.250
v 145.628 109.021 -6.250
v 147.117 109.361 -6.250
v 148.640 109.247 -6.250
v 150.062 108.688 -6.250
v 151.257 107.736 -6.250
v 152.117 106.474 -6.250
v 152.568 105.014 -6.250
v 152.568 103.486 -6.250
v 152.117 102.026 -6.250
v 151.257 100.764 -6.250
v 150.062 99.812 -6.250
v 148.640 99.253 -6.250
v 147.117 99.139 -6.250
v 145.628 99.479 -6.250
v 144.305 100.243 -6.250
v 143.266 101.363 -6.250
v 142.603 102.739 -6.250
v 82.020 120.635 -0.254
v 92.825 120.635 -0.254
v 82.073 120.427 -0.254
v 82.106 120.215 -0.254
v 82.117 120.000 -0.254
v 82.106 119.785 -0.254
v 82.073 119.573 -0.254
v 82.020 119.365 -0.254
v 92.825 119.365 -0.254
v 93.021 120.604 -0.254
v 93.198 120.514 -0.254
v 93.339 120.373 -0.254
v 93.429 120.196 -0.254
v 93.460 120.000 -0.254
v 93.429 119.804 -0.254
v 93.339 119.627 -0.254
v 93.198 119.486 -0.254
v 93.021 119.396 -0.254
v 80.635 117.980 -0.254
v 80.215 117.894 -0.254
v 79.785 117.894 -0.254
v 79.365 117.980 -0.254
v 96.635 127.980 -0.254
v 96.215 127.894 -0.254
v 95.785 127.894 -0.254
v 95.365 127.980 -0.254
v 95.365 132.020 -0.254
v 95.785 132.106 -0.254
v 96.215 132.106 -0.254
v 96.635 132.020 -0.254
v 5.375 106.606 -6.250
v 5.603 108.117 -6.250
v 6.266 109.493 -6.250
v 7.305 110.613 -6.250
v 8.628 111.377 -6.250
v 10.117 111.717 -6.250
v 11.640 111.602 -6.250
v 13.062 111.044 -6.250
v 14.257 110.092 -6.250
v 15.117 108.830 -6.250
v 15.568 107.370 -6.250
v 15.568 105.842 -6.250
v 15.117 104.382 -6.250
v 14.257 103.120 -6.250
v 13.062 102.168 -6.250
v 11.640 101.609 -6.250
v 10.117 101.495 -6.250
v 8.628 101.835 -6.250
v 7.305 102.599 -6.250
v 6.266 103.719 -6.250
v 5.603 105.095 -6.250
v 7.375 106.606 -6.250
v 7.514 107.527 -6.250
v 7.918 108.366 -6.250
v 8.552 109.049 -6.250
v 9.358 109.515 -6.250
v 10.266 109.722 -6.250
v 11.195 109.653 -6.250
v 12.062 109.312 -6.250
v 12.791 108.732 -6.250
v 13.316 107.962 -6.250
v 13.590 107.072 -6.250
v 13.590 106.140 -6.250
v 13.316 105.250 -6.250
v 12.791 104.480 -6.250
v 12.062 103.900 -6.250
v 11.195 103.559 -6.250
v 10.266 103.490 -6.250
v 9.358 103.697 -6.250
v 8.552 104.163 -6.250
v 7.918 104.846 -6.250
v 7.514 105.685 -6.250
v 80.635 100.137 -0.254
v 80.482 101.000 -0.254
v 80.500 100.707 -0.254
v 80.551 100.418 -0.254
v 80.635 101.863 -0.254
v 80.551 101.582 -0.254
v 80.500 101.293 -0.254
v 79.365 77.020 -0.254
v 79.785 77.106 -0.254
v 80.215 77.106 -0.254
v 171.480 51.865 -0.254
v 155.364 51.865 -0.254
v 144.375 10.500 -6.250
v 144.514 11.421 -6.250
v 144.918 12.260 -6.250
v 145.552 12.943 -6.250
v 146.358 13.409 -6.250
v 147.266 13.616 -6.250
v 148.195 13.547 -6.250
v 149.062 13.206 -6.250
v 149.791 12.626 -6.250
v 150.316 11.856 -6.250
v 150.590 10.966 -6.250
v 150.590 10.034 -6.250
v 150.316 9.144 -6.250
v 149.791 8.374 -6.250
v 149.062 7.794 -6.250
v 148.195 7.453 -6.250
v 147.266 7.384 -6.250
v 146.358 7.591 -6.250
v 145.552 8.057 -6.250
v 144.918 8.740 -6.250
v 144.514 9.579 -6.250
v 142.375 10.500 -6.250
v 142.603 12.011 -6.250
v 143.266 13.387 -6.250
v 144.305 14.507 -6.250
v 145.628 15.271 -6.250
v 147.117 15.611 -6.250
v 148.640 15.497 -6.250
v 150.062 14.938 -6.250
v 151.257 13.986 -6.250
v 152.117 12.724 -6.250
v 152.568 11.264 -6.250
v 152.568 9.736 -6.250
v 152.117 8.276 -6.250
v 151.257 7.014 -6.250
v 150.062 6.062 -6.250
v 148.640 5.503 -6.250
v 147.117 5.389 -6.250
v 145.628 5.729 -6.250
v 144.305 6.493 -6.250
v 143.266 7.613 -6.250
v 142.603 8.989 -6.250
v 95.365 9.857 -0.254
v 95.365 11.310 -0.254
v 96.635 9.857 -0.254
v 96.214 9.932 -0.254
v 95.786 9.932 -0.254
v 96.635 11.310 -0.254
v 95.396 11.506 -0.254
v 95.486 11.683 -0.254
v 95.627 11.824 -0.254
v 95.804 11.914 -0.254
v 96.000 11.945 -0.254
v 96.196 11.914 -0.254
v 96.373 11.824 -0.254
v 96.514 11.683 -0.254
v 96.604 11.506 -0.254
v 98.441 7.500 -1.651
v 98.441 7.500 -0.254
v 98.357 6.865 -0.254
v 98.403 7.074 -0.254
v 98.432 7.286 -0.254
v 96.635 5.143 -0.254
v 95.365 5.143 -0.254
v 95.786 5.068 -0.254
v 96.214 5.068 -0.254
v 93.643 6.865 -0.254
v 93.643 8.135 -0.254
v 93.568 7.714 -0.254
v 93.568 7.286 -0.254
v 98.357 8.135 -0.254
v 98.432 7.714 -0.254
v 98.403 7.926 -0.254
v 98.332 8.219 -1.651
v 98.017 8.875 -1.651
v 97.522 9.408 -1.651
v 96.892 9.772 -1.651
v 96.182 9.934 -1.651
v 95.457 9.880 -1.651
v 94.780 9.614 -1.651
v 94.211 9.160 -1.651
v 93.801 8.559 -1.651
v 93.586 7.864 -1.651
v 93.586 7.136 -1.651
v 93.801 6.441 -1.651
v 94.211 5.840 -1.651
v 94.780 5.386 -1.651
v 95.457 5.120 -1.651
v 96.182 5.066 -1.651
v 96.892 5.228 -1.651
v 97.522 5.592 -1.651
v 98.017 6.125 -1.651
v 98.332 6.781 -1.651
v 5.375 10.500 -6.250
v 5.603 12.011 -6.250
v 6.266 13.387 -6.250
v 7.305 14.507 -6.250
v 8.628 15.271 -6.250
v 10.117 15.611 -6.250
v 11.640 15.497 -6.250
v 13.062 14.938 -6.250
v 14.257 13.986 -6.250
v 15.117 12.724 -6.250
v 15.568 11.264 -6.250
v 15.568 9.736 -6.250
v 15.117 8.276 -6.250
v 14.257 7.014 -6.250
v 13.062 6.062 -6.250
v 11.640 5.503 -6.250
v 10.117 5.389 -6.250
v 8.628 5.729 -6.250
v 7.305 6.493 -6.250
v 6.266 7.613 -6.250
v 5.603 8.989 -6.250
v 7.375 10.500 -6.250
v 7.514 11.421 -6.250
v 7.918 12.260 -6.250
v 8.552 12.943 -6.250
v 9.358 13.409 -6.250
v 10.266 13.616 -6.250
v 11.195 13.547 -6.250
v 12.062 13.206 -6.250
v 12.791 12.626 -6.250
v 13.316 11.856 -6.250
v 13.590 10.966 -6.250
v 13.590 10.034 -6.250
v 13.316 9.144 -6.250
v 12.791 8.374 -6.250
v 12.062 7.794 -6.250
v 11.195 7.453 -6.250
v 10.266 7.384 -6.250
v 9.358 7.591 -6.250
v 8.552 8.057 -6.250
v 7.918 8.740 -6.250
v 7.514 9.579 -6.250
v 244.914 119.365 -0.254
v 245.185 119.750 -0.254
v 245.380 120.178 -0.254
v 245.491 120.635 -0.254
v 241.086 119.365 -0.254
v 240.509 120.635 -0.254
v 240.620 120.178 -0.254
v 240.815 119.750 -0.254
v 225.491 120.635 -0.254
v 224.914 119.365 -0.254
v 225.185 119.750 -0.254
v 225.380 120.178 -0.254
v 221.086 119.365 -0.254
v 220.509 120.635 -0.254
v 220.620 120.178 -0.254
v 220.815 119.750 -0.254
v 205.491 120.635 -0.254
v 204.914 119.365 -0.254
v 205.185 119.750 -0.254
v 205.380 120.178 -0.254
v 201.086 119.365 -0.254
v 200.509 120.635 -0.254
v 200.620 120.178 -0.254
v 200.815 119.750 -0.254
v 185.491 120.635 -0.254
v 184.914 119.365 -0.254
v 185.185 119.750 -0.254
v 185.380 120.178 -0.254
v 181.086 119.365 -0.254
v 180.509 120.635 -0.254
v 180.620 120.178 -0.254
v 180.815 119.750 -0.254
v 172.020 120.635 -0.254
v 172.073 120.427 -0.254
v 172.106 120.215 -0.254
v 172.117 120.000 -0.254
v 172.106 119.785 -0.254
v 172.073 119.573 -0.254
v 172.020 119.365 -0.254
v 145.491 120.635 -0.254
v 144.914 119.365 -0.254
v 145.185 119.750 -0.254
v 145.380 120.178 -0.254
v 141.086 119.365 -0.254
v 140.509 120.635 -0.254
v 140.620 120.178 -0.254
v 140.815 119.750 -0.254
v 125.491 120.635 -0.254
v 124.914 119.365 -0.254
v 125.185 119.750 -0.254
v 125.380 120.178 -0.254
v 121.086 119.365 -0.254
v 120.509 120.635 -0.254
v 120.620 120.178 -0.254
v 120.815 119.750 -0.254
v 105.491 120.635 -0.254
v 104.914 119.365 -0.254
v 105.185 119.750 -0.254
v 105.380 120.178 -0.254
v 101.086 119.365 -0.254
v 100.509 120.635 -0.254
v 100.620 120.178 -0.254
v 100.815 119.750 -0.254
v 99.175 120.635 -0.254
v 99.175 119.365 -0.254
v 98.979 119.396 -0.254
v 98.802 119.486 -0.254
v 98.661 119.627 -0.254
v 98.571 119.804 -0.254
v 98.540 120.000 -0.254
v 98.571 120.196 -0.254
v 98.661 120.373 -0.254
v 98.802 120.514 -0.254
v 98.979 120.604 -0.254
v 144.375 185.000 -6.250
v 144.514 185.921 -6.250
v 144.918 186.760 -6.250
v 145.552 187.443 -6.250
v 146.358 187.909 -6.250
v 147.266 188.116 -6.250
v 148.195 188.047 -6.250
v 149.062 187.706 -6.250
v 149.791 187.126 -6.250
v 150.316 186.356 -6.250
v 150.590 185.466 -6.250
v 150.590 184.534 -6.250
v 150.316 183.644 -6.250
v 149.791 182.874 -6.250
v 149.062 182.294 -6.250
v 148.195 181.953 -6.250
v 147.266 181.884 -6.250
v 146.358 182.091 -6.250
v 145.552 182.557 -6.250
v 144.918 183.240 -6.250
v 144.514 184.079 -6.250
v 171.394 52.285 -0.254
v 171.394 52.715 -0.254
v 171.480 53.135 -0.254
v 154.334 53.135 -0.254
v 155.118 52.361 -0.254
v 154.769 52.791 -0.254
v 175.617 52.500 -0.254
v 175.606 52.285 -0.254
v 175.573 52.073 -0.254
v 175.520 51.865 -0.254
v 175.520 53.135 -0.254
v 175.573 52.927 -0.254
v 175.606 52.715 -0.254
v 120.520 51.865 -0.254
v 120.520 53.135 -0.254
v 120.573 52.927 -0.254
v 120.606 52.715 -0.254
v 120.617 52.500 -0.254
v 120.606 52.285 -0.254
v 120.573 52.073 -0.254
v 116.480 51.865 -0.254
v 96.635 51.865 -0.254
v 116.480 53.135 -0.254
v 97.905 53.135 -0.254
v 95.365 71.863 -0.254
v 95.365 70.137 -0.254
v 95.500 70.707 -0.254
v 95.500 71.293 -0.254
v 95.365 53.135 -0.254
v 96.306 51.908 -0.254
v 96.000 52.035 -0.254
v 95.737 52.237 -0.254
v 95.535 52.500 -0.254
v 95.408 52.806 -0.254
v 116.394 52.285 -0.254
v 116.394 52.715 -0.254
v 96.635 54.405 -0.254
v 96.678 54.076 -0.254
v 96.805 53.770 -0.254
v 97.007 53.507 -0.254
v 97.270 53.305 -0.254
v 97.576 53.178 -0.254
v 95.365 111.863 -0.254
v 95.500 110.707 -0.254
v 95.500 111.293 -0.254
v 7.375 185.000 -6.250
v 7.514 185.921 -6.250
v 7.918 186.760 -6.250
v 8.552 187.443 -6.250
v 9.358 187.909 -6.250
v 10.266 188.116 -6.250
v 11.195 188.047 -6.250
v 12.062 187.706 -6.250
v 12.791 187.126 -6.250
v 13.316 186.356 -6.250
v 13.590 185.466 -6.250
v 13.590 184.534 -6.250
v 13.316 183.644 -6.250
v 12.791 182.874 -6.250
v 12.062 182.294 -6.250
v 11.195 181.953 -6.250
v 10.266 181.884 -6.250
v 9.358 182.091 -6.250
v 8.552 182.557 -6.250
v 7.918 183.240 -6.250
v 7.514 184.079 -6.250
v 277.375 10.500 -6.250
v 277.603 12.011 -6.250
v 278.266 13.387 -6.250
v 279.305 14.507 -6.250
v 280.628 15.271 -6.250
v 282.117 15.611 -6.250
v 283.640 15.497 -6.250
v 285.062 14.938 -6.250
v 286.257 13.986 -6.250
v 287.117 12.724 -6.250
v 287.568 11.264 -6.250
v 287.568 9.736 -6.250
v 287.117 8.276 -6.250
v 286.257 7.014 -6.250
v 285.062 6.062 -6.250
v 283.640 5.503 -6.250
v 282.117 5.389 -6.250
v 280.628 5.729 -6.250
v 279.305 6.493 -6.250
v 278.266 7.613 -6.250
v 277.603 8.989 -6.250
v 279.375 10.500 -6.250
v 279.514 11.421 -6.250
v 279.918 12.260 -6.250
v 280.552 12.943 -6.250
v 281.358 13.409 -6.250
v 282.266 13.616 -6.250
v 283.195 13.547 -6.250
v 284.062 13.206 -6.250
v 284.791 12.626 -6.250
v 285.316 11.856 -6.250
v 285.590 10.966 -6.250
v 285.590 10.034 -6.250
v 285.316 9.144 -6.250
v 284.791 8.374 -6.250
v 284.062 7.794 -6.250
v 283.195 7.453 -6.250
v 282.266 7.384 -6.250
v 281.358 7.591 -6.250
v 280.552 8.057 -6.250
v 279.918 8.740 -6.250
v 279.514 9.579 -6.250
v 15.047 8.135 -0.254
v 14.780 7.680 -0.254
v 14.467 7.255 -0.254
v 14.113 6.865 -0.254
v 6.865 14.113 -0.254
v 7.255 14.467 -0.254
v 7.680 14.780 -0.254
v 8.135 15.047 -0.254
v 8.135 82.980 -0.254
v 27.980 8.135 -0.254
v 27.980 6.865 -0.254
v 27.894 7.285 -0.254
v 27.894 7.715 -0.254
v 7.715 82.894 -0.254
v 7.285 82.894 -0.254
v 6.865 82.980 -0.254
v 82.980 6.865 -0.254
v 82.894 7.285 -0.254
v 82.894 7.715 -0.254
v 82.980 8.135 -0.254
v 32.020 8.135 -0.254
v 32.073 7.927 -0.254
v 32.106 7.715 -0.254
v 32.117 7.500 -0.254
v 32.106 7.285 -0.254
v 32.073 7.073 -0.254
v 32.020 6.865 -0.254
v 5.143 96.635 -0.254
v 5.068 96.214 -0.254
v 5.068 95.786 -0.254
v 5.143 95.365 -0.254
v 3.690 96.635 -0.254
v 3.690 95.365 -0.254
v 3.494 95.396 -0.254
v 3.317 95.486 -0.254
v 3.176 95.627 -0.254
v 3.086 95.804 -0.254
v 3.055 96.000 -0.254
v 3.086 96.196 -0.254
v 3.176 96.373 -0.254
v 3.317 96.514 -0.254
v 3.494 96.604 -0.254
v 6.865 93.643 -0.254
v 7.286 93.568 -0.254
v 7.714 93.568 -0.254
v 8.135 93.643 -0.254
v 6.865 87.020 -0.254
v 7.285 87.106 -0.254
v 7.715 87.106 -0.254
v 8.135 87.020 -0.254
v 9.857 95.365 -0.254
v 9.903 95.574 -0.254
v 9.932 95.786 -0.254
v 9.941 96.000 -0.254
v 11.310 95.365 -0.254
v 11.310 96.635 -0.254
v 11.506 96.604 -0.254
v 11.683 96.514 -0.254
v 11.824 96.373 -0.254
v 11.914 96.196 -0.254
v 11.945 96.000 -0.254
v 11.914 95.804 -0.254
v 11.824 95.627 -0.254
v 11.683 95.486 -0.254
v 11.506 95.396 -0.254
v 9.857 96.635 -0.254
v 9.932 96.214 -0.254
v 9.903 96.426 -0.254
v 8.135 98.357 -0.254
v 7.714 98.432 -0.254
v 7.286 98.432 -0.254
v 6.865 98.357 -0.254
v 8.135 99.810 -0.254
v 6.865 99.810 -0.254
v 6.896 100.006 -0.254
v 6.986 100.183 -0.254
v 7.127 100.324 -0.254
v 7.304 100.414 -0.254
v 7.500 100.445 -0.254
v 7.696 100.414 -0.254
v 7.873 100.324 -0.254
v 8.014 100.183 -0.254
v 8.104 100.006 -0.254
v 87.020 8.135 -0.254
v 87.073 7.927 -0.254
v 87.106 7.715 -0.254
v 87.117 7.500 -0.254
v 87.106 7.285 -0.254
v 87.073 7.073 -0.254
v 87.020 6.865 -0.254
v 95.365 3.690 -0.254
v 96.635 3.690 -0.254
v 96.604 3.494 -0.254
v 96.514 3.317 -0.254
v 96.373 3.176 -0.254
v 96.196 3.086 -0.254
v 96.000 3.055 -0.254
v 95.804 3.086 -0.254
v 95.627 3.176 -0.254
v 95.486 3.317 -0.254
v 95.396 3.494 -0.254
v 99.810 6.865 -0.254
v 99.810 8.135 -0.254
v 100.006 8.104 -0.254
v 100.183 8.014 -0.254
v 100.324 7.873 -0.254
v 100.414 7.696 -0.254
v 100.445 7.500 -0.254
v 100.414 7.304 -0.254
v 100.324 7.127 -0.254
v 100.183 6.986 -0.254
v 100.006 6.896 -0.254
v 292.643 96.635 -0.254
v 292.568 96.214 -0.254
v 292.568 95.786 -0.254
v 292.643 95.365 -0.254
v 291.190 96.635 -0.254
v 291.190 95.365 -0.254
v 290.994 95.396 -0.254
v 290.817 95.486 -0.254
v 290.676 95.627 -0.254
v 290.586 95.804 -0.254
v 290.555 96.000 -0.254
v 290.586 96.196 -0.254
v 290.676 96.373 -0.254
v 290.817 96.514 -0.254
v 290.994 96.604 -0.254
v 297.357 95.365 -0.254
v 297.403 95.574 -0.254
v 297.432 95.786 -0.254
v 297.441 96.000 -0.254
v 298.810 95.365 -0.254
v 298.810 96.635 -0.254
v 299.006 96.604 -0.254
v 299.183 96.514 -0.254
v 299.324 96.373 -0.254
v 299.414 96.196 -0.254
v 299.445 96.000 -0.254
v 299.414 95.804 -0.254
v 299.324 95.627 -0.254
v 299.183 95.486 -0.254
v 299.006 95.396 -0.254
v 297.357 96.635 -0.254
v 297.432 96.214 -0.254
v 297.403 96.426 -0.254
v 295.635 98.357 -0.254
v 295.214 98.432 -0.254
v 294.786 98.432 -0.254
v 294.365 98.357 -0.254
v 295.635 99.810 -0.254
v 294.365 99.810 -0.254
v 294.396 100.006 -0.254
v 294.486 100.183 -0.254
v 294.627 100.324 -0.254
v 294.804 100.414 -0.254
v 295.000 100.445 -0.254
v 295.196 100.414 -0.254
v 295.373 100.324 -0.254
v 295.514 100.183 -0.254
v 295.604 100.006 -0.254
v 44.365 50.143 -0.254
v 44.786 50.068 -0.254
v 45.214 50.068 -0.254
v 45.635 50.143 -0.254
v 44.365 48.690 -0.254
v 45.635 48.690 -0.254
v 45.604 48.494 -0.254
v 45.514 48.317 -0.254
v 45.373 48.176 -0.254
v 45.196 48.086 -0.254
v 45.000 48.055 -0.254
v 44.804 48.086 -0.254
v 44.627 48.176 -0.254
v 44.486 48.317 -0.254
v 44.396 48.494 -0.254
v 47.357 51.865 -0.254
v 47.403 52.074 -0.254
v 47.432 52.286 -0.254
v 47.441 52.500 -0.254
v 48.810 51.865 -0.254
v 48.810 53.135 -0.254
v 49.006 53.104 -0.254
v 49.183 53.014 -0.254
v 49.324 52.873 -0.254
v 49.414 52.696 -0.254
v 49.445 52.500 -0.254
v 49.414 52.304 -0.254
v 49.324 52.127 -0.254
v 49.183 51.986 -0.254
v 49.006 51.896 -0.254
v 47.357 53.135 -0.254
v 47.432 52.714 -0.254
v 47.403 52.926 -0.254
v 45.635 54.857 -0.254
v 45.214 54.932 -0.254
v 44.786 54.932 -0.254
v 44.365 54.857 -0.254
v 45.635 56.310 -0.254
v 44.365 56.310 -0.254
v 44.396 56.506 -0.254
v 44.486 56.683 -0.254
v 44.627 56.824 -0.254
v 44.804 56.914 -0.254
v 45.000 56.945 -0.254
v 45.196 56.914 -0.254
v 45.373 56.824 -0.254
v 45.514 56.683 -0.254
v 45.604 56.506 -0.254
v 42.643 53.135 -0.254
v 42.568 52.714 -0.254
v 42.568 52.286 -0.254
v 42.643 51.865 -0.254
v 41.190 53.135 -0.254
v 41.190 51.865 -0.254
v 40.994 51.896 -0.254
v 40.817 51.986 -0.254
v 40.676 52.127 -0.254
v 40.586 52.304 -0.254
v 40.555 52.500 -0.254
v 40.586 52.696 -0.254
v 40.676 52.873 -0.254
v 40.817 53.014 -0.254
v 40.994 53.104 -0.254
v 92.825 75.635 -0.254
v 82.020 75.635 -0.254
v 82.020 74.365 -0.254
v 92.825 74.365 -0.254
v 93.021 75.604 -0.254
v 93.198 75.514 -0.254
v 93.339 75.373 -0.254
v 93.429 75.196 -0.254
v 93.460 75.000 -0.254
v 93.429 74.804 -0.254
v 93.339 74.627 -0.254
v 93.198 74.486 -0.254
v 93.021 74.396 -0.254
v 82.073 75.427 -0.254
v 82.106 75.215 -0.254
v 82.117 75.000 -0.254
v 82.106 74.785 -0.254
v 82.073 74.573 -0.254
v 257.980 74.365 -0.254
v 257.980 75.635 -0.254
v 257.894 74.785 -0.254
v 257.894 75.215 -0.254
v 99.175 74.365 -0.254
v 99.175 75.635 -0.254
v 98.979 74.396 -0.254
v 98.802 74.486 -0.254
v 98.661 74.627 -0.254
v 98.571 74.804 -0.254
v 98.540 75.000 -0.254
v 98.571 75.196 -0.254
v 98.661 75.373 -0.254
v 98.802 75.514 -0.254
v 98.979 75.604 -0.254
v 93.643 141.635 -0.254
v 93.568 141.214 -0.254
v 93.568 140.786 -0.254
v 93.643 140.365 -0.254
v 92.190 141.635 -0.254
v 92.190 140.365 -0.254
v 91.994 140.396 -0.254
v 91.817 140.486 -0.254
v 91.676 140.627 -0.254
v 91.586 140.804 -0.254
v 91.555 141.000 -0.254
v 91.586 141.196 -0.254
v 91.676 141.373 -0.254
v 91.817 141.514 -0.254
v 91.994 141.604 -0.254
v 95.365 138.643 -0.254
v 95.786 138.568 -0.254
v 96.214 138.568 -0.254
v 96.635 138.643 -0.254
v 98.357 140.365 -0.254
v 98.403 140.574 -0.254
v 98.432 140.786 -0.254
v 98.441 141.000 -0.254
v 99.810 140.365 -0.254
v 99.810 141.635 -0.254
v 100.006 141.604 -0.254
v 100.183 141.514 -0.254
v 100.324 141.373 -0.254
v 100.414 141.196 -0.254
v 100.445 141.000 -0.254
v 100.414 140.804 -0.254
v 100.324 140.627 -0.254
v 100.183 140.486 -0.254
v 100.006 140.396 -0.254
v 98.357 141.635 -0.254
v 98.432 141.214 -0.254
v 98.403 141.426 -0.254
v 96.635 143.357 -0.254
v 96.214 143.432 -0.254
v 95.786 143.432 -0.254
v 95.365 143.357 -0.254
v 96.635 144.810 -0.254
v 95.365 144.810 -0.254
v 95.396 145.006 -0.254
v 95.486 145.183 -0.254
v 95.627 145.324 -0.254
v 95.804 145.414 -0.254
v 96.000 145.445 -0.254
v 96.196 145.414 -0.254
v 96.373 145.324 -0.254
v 96.514 145.183 -0.254
v 96.604 145.006 -0.254
v 182.143 53.135 -0.254
v 182.068 52.714 -0.254
v 182.068 52.286 -0.254
v 182.143 51.865 -0.254
v 185.135 54.857 -0.254
v 184.714 54.932 -0.254
v 184.286 54.932 -0.254
v 183.865 54.857 -0.254
v 185.135 56.310 -0.254
v 183.865 56.310 -0.254
v 183.896 56.506 -0.254
v 183.986 56.683 -0.254
v 184.127 56.824 -0.254
v 184.304 56.914 -0.254
v 184.500 56.945 -0.254
v 184.696 56.914 -0.254
v 184.873 56.824 -0.254
v 185.014 56.683 -0.254
v 185.104 56.506 -0.254
v 183.865 50.143 -0.254
v 184.286 50.068 -0.254
v 184.714 50.068 -0.254
v 185.135 50.143 -0.254
v 183.865 48.690 -0.254
v 185.135 48.690 -0.254
v 185.104 48.494 -0.254
v 185.014 48.317 -0.254
v 184.873 48.176 -0.254
v 184.696 48.086 -0.254
v 184.500 48.055 -0.254
v 184.304 48.086 -0.254
v 184.127 48.176 -0.254
v 183.986 48.317 -0.254
v 183.896 48.494 -0.254
v 186.857 51.865 -0.254
v 188.310 51.865 -0.254
v 188.310 53.135 -0.254
v 188.506 53.104 -0.254
v 188.683 53.014 -0.254
v 188.824 52.873 -0.254
v 188.914 52.696 -0.254
v 188.945 52.500 -0.254
v 188.914 52.304 -0.254
v 188.824 52.127 -0.254
v 188.683 51.986 -0.254
v 188.506 51.896 -0.254
v 186.857 53.135 -0.254
v 186.903 52.074 -0.254
v 186.932 52.286 -0.254
v 186.941 52.500 -0.254
v 186.932 52.714 -0.254
v 186.903 52.926 -0.254
v 49.250 52.500 -1.651
v 49.061 53.753 -1.651
v 48.512 54.894 -1.651
v 47.650 55.823 -1.651
v 46.553 56.456 -1.651
v 45.318 56.738 -1.651
v 44.054 56.643 -1.651
v 42.875 56.181 -1.651
v 41.885 55.391 -1.651
v 41.171 54.344 -1.651
v 40.797 53.133 -1.651
v 40.797 51.867 -1.651
v 41.171 50.656 -1.651
v 41.885 49.609 -1.651
v 42.875 48.819 -1.651
v 44.054 48.357 -1.651
v 45.318 48.262 -1.651
v 46.553 48.544 -1.651
v 47.650 49.177 -1.651
v 48.512 50.106 -1.651
v 49.061 51.247 -1.651
v 47.441 52.500 -1.651
v 47.332 53.219 -1.651
v 47.017 53.875 -1.651
v 46.522 54.408 -1.651
v 45.892 54.772 -1.651
v 45.182 54.934 -1.651
v 44.457 54.880 -1.651
v 43.780 54.614 -1.651
v 43.211 54.160 -1.651
v 42.801 53.559 -1.651
v 42.586 52.864 -1.651
v 42.586 52.136 -1.651
v 42.801 51.441 -1.651
v 43.211 50.840 -1.651
v 43.780 50.386 -1.651
v 44.457 50.120 -1.651
v 45.182 50.066 -1.651
v 45.892 50.228 -1.651
v 46.522 50.592 -1.651
v 47.017 51.125 -1.651
v 47.332 51.781 -1.651
f 3 1 2
f 3 23 1
f 4 24 23
f 4 23 3
f 5 25 24
f 5 24 4
f 6 26 25
f 6 25 5
f 7 27 26
f 7 26 6
f 8 28 27
f 8 27 7
f 9 29 28
f 9 28 8
f 10 30 29
f 10 31 30
f 10 29 9
f 11 32 31
f 11 31 10
f 12 32 11
f 13 33 32
f 13 32 12
f 14 34 33
f 14 33 13
f 15 34 14
f 15 35 34
f 15 36 35
f 16 36 15
f 17 36 16
f 17 37 36
f 18 37 17
f 18 38 37
f 19 38 18
f 19 39 38
f 20 39 19
f 20 40 39
f 21 40 20
f 21 41 40
f 22 41 21
f 22 42 41
f 22 1 42
f 2 1 22
f 54 75 53
f 55 76 75
f 55 75 54
f 56 77 76
f 56 76 55
f 57 78 77
f 57 77 56
f 58 79 78
f 58 78 57
f 59 80 79
f 59 79 58
f 60 81 80
f 60 80 59
f 61 82 81
f 61 81 60
f 85 84 83
f 62 83 82
f 62 82 61
f 63 83 62
f 63 85 83
f 64 86 85
f 64 85 63
f 44 43 88
f 65 86 64
f 65 87 86
f 65 88 87
f 66 88 65
f 66 44 88
f 67 45 44
f 67 44 66
f 68 46 45
f 68 45 67
f 69 47 46
f 69 46 68
f 70 48 47
f 70 47 69
f 71 49 48
f 71 48 70
f 72 50 49
f 72 49 71
f 73 51 50
f 73 50 72
f 74 52 51
f 74 51 73
f 54 52 74
f 54 53 52
f 93 114 92
f 94 115 114
f 94 114 93
f 95 116 115
f 95 115 94
f 96 117 116
f 96 116 95
f 97 118 117
f 97 117 96
f 98 119 118
f 98 118 97
f 99 120 119
f 99 119 98
f 100 121 120
f 100 120 99
f 101 122 121
f 101 121 100
f 102 123 122
f 102 122 101
f 125 124 123
f 103 125 123
f 103 123 102
f 104 125 103
f 104 126 125
f 130 129 128
f 105 126 104
f 105 127 126
f 106 130 128
f 106 127 105
f 106 128 127
f 107 130 106
f 107 131 130
f 108 131 107
f 108 132 131
f 109 132 108
f 109 133 132
f 136 135 134
f 110 133 109
f 110 134 133
f 111 136 134
f 111 134 110
f 90 89 139
f 91 90 139
f 112 136 111
f 112 137 136
f 113 137 112
f 113 138 137
f 113 139 138
f 93 92 91
f 93 139 113
f 93 91 139
f 186 185 184
f 162 183 161
f 163 184 183
f 163 183 162
f 163 186 184
f 164 187 186
f 164 188 187
f 164 186 163
f 141 140 189
f 165 189 188
f 165 188 164
f 166 141 189
f 166 189 165
f 167 142 141
f 167 141 166
f 145 144 143
f 168 143 142
f 168 142 167
f 169 146 145
f 169 145 143
f 169 143 168
f 170 147 146
f 170 146 169
f 150 149 148
f 171 148 147
f 171 147 170
f 172 148 171
f 172 150 148
f 173 150 172
f 173 151 150
f 174 152 151
f 174 151 173
f 175 153 152
f 175 152 174
f 176 154 153
f 176 153 175
f 177 155 154
f 177 154 176
f 178 156 155
f 178 155 177
f 179 157 156
f 179 156 178
f 180 158 157
f 180 157 179
f 181 159 158
f 181 158 180
f 182 160 159
f 182 159 181
f 162 160 182
f 162 161 160
f 192 190 191
f 192 212 190
f 193 213 212
f 193 212 192
f 194 214 213
f 194 213 193
f 195 215 214
f 195 214 194
f 196 216 215
f 196 215 195
f 197 217 216
f 197 216 196
f 198 218 217
f 198 217 197
f 199 219 218
f 199 220 219
f 199 218 198
f 200 221 220
f 200 220 199
f 201 221 200
f 202 222 221
f 202 221 201
f 203 223 222
f 203 222 202
f 204 223 203
f 204 224 223
f 204 225 224
f 205 225 204
f 206 225 205
f 206 226 225
f 207 226 206
f 207 227 226
f 208 227 207
f 208 228 227
f 209 228 208
f 209 229 228
f 210 229 209
f 210 230 229
f 211 230 210
f 211 231 230
f 211 190 231
f 191 190 211
f 234 232 233
f 234 254 232
f 235 255 254
f 235 254 234
f 236 256 255
f 236 255 235
f 237 257 256
f 237 256 236
f 238 258 257
f 238 257 237
f 239 259 258
f 239 258 238
f 240 260 259
f 240 259 239
f 241 261 260
f 241 262 261
f 241 260 240
f 242 263 262
f 242 262 241
f 243 263 242
f 244 264 263
f 244 263 243
f 245 265 264
f 245 264 244
f 246 265 245
f 246 266 265
f 246 267 266
f 247 267 246
f 248 267 247
f 248 268 267
f 249 268 248
f 249 269 268
f 250 269 249
f 250 270 269
f 251 270 250
f 251 271 270
f 252 271 251
f 252 272 271
f 253 272 252
f 253 273 272
f 253 232 273
f 233 232 253
f 276 274 275
f 276 296 274
f 277 297 296
f 277 296 276
f 278 298 297
f 278 297 277
f 279 299 298
f 279 298 278
f 280 300 299
f 280 299 279
f 281 301 300
f 281 300 280
f 282 302 301
f 282 301 281
f 283 303 302
f 283 304 303
f 283 302 282
f 284 305 304
f 284 304 283
f 285 305 284
f 286 306 305
f 286 305 285
f 287 307 306
f 287 306 286
f 288 307 287
f 288 308 307
f 288 309 308
f 289 309 288
f 290 309 289
f 290 310 309
f 291 310 290
f 291 311 310
f 292 311 291
f 292 312 311
f 293 312 292
f 293 313 312
f 294 313 293
f 294 314 313
f 295 314 294
f 295 315 314
f 295 274 315
f 275 274 295
f 340 361 339
f 317 316 363
f 341 362 361
f 341 363 362
f 341 361 340
f 342 363 341
f 342 317 363
f 343 318 317
f 343 317 342
f 344 319 318
f 344 318 343
f 345 320 319
f 345 319 344
f 346 321 320
f 346 320 345
f 347 322 321
f 347 321 346
f 348 323 322
f 348 322 347
f 349 324 323
f 349 323 348
f 350 324 349
f 350 325 324
f 351 325 350
f 351 326 325
f 351 327 326
f 352 327 351
f 352 328 327
f 353 329 328
f 353 328 352
f 354 330 329
f 354 329 353
f 355 331 330
f 355 330 354
f 356 332 331
f 356 331 355
f 357 333 332
f 357 332 356
f 336 335 334
f 358 334 333
f 358 333 357
f 359 334 358
f 359 336 334
f 360 337 336
f 360 338 337
f 360 336 359
f 340 339 338
f 340 338 360
f 366 364 365
f 366 386 364
f 367 387 386
f 367 386 366
f 368 388 387
f 368 387 367
f 369 389 388
f 369 388 368
f 370 390 389
f 370 389 369
f 371 391 390
f 371 390 370
f 372 392 391
f 372 391 371
f 373 393 392
f 373 394 393
f 373 392 372
f 374 395 394
f 374 394 373
f 375 395 374
f 376 396 395
f 376 395 375
f 377 397 396
f 377 396 376
f 378 397 377
f 378 398 397
f 378 399 398
f 379 399 378
f 380 399 379
f 380 400 399
f 381 400 380
f 381 401 400
f 382 401 381
f 382 402 401
f 383 402 382
f 383 403 402
f 384 403 383
f 384 404 403
f 385 404 384
f 385 405 404
f 385 364 405
f 365 364 385
f 430 451 429
f 407 406 453
f 431 452 451
f 431 453 452
f 431 451 430
f 432 453 431
f 432 407 453
f 433 408 407
f 433 407 432
f 434 409 408
f 434 408 433
f 435 410 409
f 435 409 434
f 436 411 410
f 436 410 435
f 437 412 411
f 437 411 436
f 438 413 412
f 438 412 437
f 439 414 413
f 439 413 438
f 440 414 439
f 440 415 414
f 441 415 440
f 441 416 415
f 441 417 416
f 442 417 441
f 442 418 417
f 443 419 418
f 443 418 442
f 444 420 419
f 444 419 443
f 445 421 420
f 445 420 444
f 446 422 421
f 446 421 445
f 447 423 422
f 447 422 446
f 426 425 424
f 448 424 423
f 448 423 447
f 449 424 448
f 449 426 424
f 450 427 426
f 450 428 427
f 450 426 449
f 430 429 428
f 430 428 450
f 455 454 84
f 455 84 85
f 457 456 124
f 457 124 125
f 125 460 457
f 126 459 460
f 126 460 125
f 127 458 459
f 127 459 126
f 128 458 127
f 128 461 458
f 128 129 461
f 462 144 145
f 463 462 145
f 147 466 465
f 147 465 146
f 145 465 463
f 145 146 465
f 148 464 466
f 148 466 147
f 148 467 464
f 148 149 467
f 469 468 335
f 469 335 336
f 471 470 425
f 471 425 426
f 504 503 502
f 507 505 508
f 506 502 505
f 506 505 507
f 501 504 502
f 501 502 506
f 696 501 506
f 697 501 696
f 695 696 506
f 698 501 697
f 694 695 506
f 699 501 698
f 693 694 506
f 700 501 699
f 688 691 692
f 689 691 688
f 687 692 693
f 687 693 506
f 687 688 692
f 686 687 506
f 685 686 506
f 598 595 596
f 599 595 598
f 3792 588 589
f 1062 593 594
f 3793 588 3792
f 1063 593 1062
f 1063 592 593
f 3791 589 590
f 3791 3792 589
f 1061 1062 594
f 1061 594 595
f 1064 591 592
f 1064 592 1063
f 3790 590 591
f 3790 3791 590
f 1060 595 599
f 1060 1061 595
f 1044 591 1064
f 3789 3790 591
f 3789 591 1044
f 1059 599 600
f 1059 1060 599
f 1045 3789 1044
f 3788 3789 1045
f 1058 600 601
f 1058 601 602
f 1058 1059 600
f 1046 3788 1045
f 3787 3788 1046
f 1057 602 603
f 1057 1058 602
f 1047 3787 1046
f 3786 3787 1047
f 1056 603 604
f 1056 1057 603
f 1048 3786 1047
f 3785 3786 1048
f 1049 3785 1048
f 3784 3785 1049
f 548 3776 3777
f 547 548 3777
f 547 3777 3778
f 549 3776 548
f 549 3775 3776
f 546 547 3778
f 546 3778 3779
f 550 3775 549
f 550 3774 3775
f 6326 607 6325
f 6326 606 607
f 545 546 3779
f 6327 606 6326
f 6327 605 606
f 544 545 3779
f 544 3779 3780
f 3771 1052 1053
f 229 6320 6321
f 1356 3782 3783
f 271 605 6327
f 271 6327 6328
f 230 6320 229
f 230 6319 6320
f 3772 1052 3771
f 3772 1051 1052
f 1357 3782 1356
f 1357 3781 3782
f 272 604 605
f 272 605 271
f 228 229 6321
f 3770 3771 1053
f 3770 1053 1054
f 270 271 6328
f 270 6328 6329
f 1355 1356 3783
f 1355 3783 3784
f 3773 1051 3772
f 3773 1050 1051
f 231 6319 230
f 231 6317 6318
f 231 6318 6319
f 1358 544 3780
f 1358 543 544
f 1358 3780 3781
f 1358 3781 1357
f 273 604 272
f 273 1056 604
f 273 1055 1056
f 3769 3770 1054
f 3769 1054 1055
f 269 6329 6330
f 269 270 6329
f 1354 1355 3784
f 1354 3784 1049
f 190 6317 231
f 190 6316 6317
f 3753 1050 3773
f 3753 1354 1049
f 3753 1049 1050
f 1338 542 543
f 1338 543 1358
f 232 1055 273
f 232 3769 1055
f 3768 3769 232
f 268 6330 6331
f 268 6331 6332
f 268 269 6330
f 1353 1354 3753
f 212 6336 6316
f 212 6316 190
f 3754 1353 3753
f 254 3768 232
f 1339 542 1338
f 1339 541 542
f 3767 3768 254
f 1352 1353 3754
f 267 6332 6333
f 267 268 6332
f 3755 1352 3754
f 213 6335 6336
f 213 6336 212
f 255 3767 254
f 1340 541 1339
f 1340 540 541
f 3766 3767 255
f 266 6333 6334
f 266 267 6333
f 1351 1352 3755
f 214 6334 6335
f 214 6335 213
f 3756 1351 3755
f 256 3766 255
f 1341 540 1340
f 1341 560 540
f 3765 3766 256
f 265 266 6334
f 1350 1351 3756
f 3757 1350 3756
f 215 6334 214
f 215 265 6334
f 257 3765 256
f 1342 559 560
f 1342 560 1341
f 3764 3765 257
f 264 265 215
f 1349 1350 3757
f 216 264 215
f 3758 1349 3757
f 258 3764 257
f 4233 553 554
f 3750 261 262
f 4002 1346 1347
f 3477 224 225
f 1650 557 558
f 1335 3761 3762
f 1041 219 220
f 4234 553 4233
f 4234 552 553
f 4003 1345 1346
f 4003 1346 4002
f 3751 261 3750
f 3751 260 261
f 3478 224 3477
f 3478 223 224
f 1651 557 1650
f 1651 556 557
f 1336 3760 3761
f 1336 3761 1335
f 1042 219 1041
f 1042 218 219
f 4232 4233 554
f 4232 554 555
f 4001 1347 1348
f 4001 4002 1347
f 3749 3750 262
f 3749 262 263
f 3476 3477 225
f 3476 225 226
f 1649 559 1342
f 1649 1650 558
f 1649 558 559
f 1334 3762 3763
f 1334 1335 3762
f 1040 1041 220
f 1040 220 221
f 4235 551 552
f 4235 552 4234
f 4004 1344 1345
f 4004 1345 4003
f 3752 259 260
f 3752 260 3751
f 3479 223 3478
f 3479 222 223
f 1652 555 556
f 1652 556 1651
f 1652 4232 555
f 1043 217 218
f 1043 218 1042
f 1337 3759 3760
f 1337 3760 1336
f 4231 4232 1652
f 4000 1349 3758
f 4000 4001 1348
f 4000 1348 1349
f 3748 3749 263
f 3748 263 264
f 3748 264 216
f 3475 3476 226
f 1648 1342 1343
f 1648 1649 1342
f 1333 1334 3763
f 1333 3764 258
f 1333 3763 3764
f 1039 1040 221
f 1039 221 222
f 3984 1648 1343
f 3984 1343 1344
f 3984 1344 4004
f 3732 259 3752
f 3732 1333 258
f 3732 258 259
f 3459 222 3479
f 3459 1039 222
f 1632 4231 1652
f 1317 3759 1337
f 1317 4000 3758
f 1317 3758 3759
f 1023 3748 216
f 1023 216 217
f 1023 217 1043
f 4230 4231 1632
f 3999 4000 1317
f 3747 3748 1023
f 1647 1648 3984
f 1332 1333 3732
f 1038 1039 3459
f 3733 1332 3732
f 3985 1647 3984
f 3460 1038 3459
f 1633 4230 1632
f 1024 3747 1023
f 1318 3999 1317
f 4229 4230 1633
f 3998 3999 1318
f 3746 3747 1024
f 1331 1332 3733
f 1646 1647 3985
f 1037 1038 3460
f 3986 1646 3985
f 3734 1331 3733
f 3461 1037 3460
f 1634 4229 1633
f 1319 3998 1318
f 1025 3746 1024
f 4228 4229 1634
f 3997 3998 1319
f 3745 3746 1025
f 1645 1646 3986
f 1330 1331 3734
f 1036 1037 3461
f 3735 1330 3734
f 3987 1645 3986
f 3462 1036 3461
f 1635 4228 1634
f 1026 3745 1025
f 1320 3997 1319
f 4227 4228 1635
f 3996 3997 1320
f 3744 3745 1026
f 1644 1645 3987
f 1329 1330 3735
f 1035 1036 3462
f 3736 1329 3735
f 3988 1644 3987
f 3463 1035 3462
f 1636 4227 1635
f 1027 3744 1026
f 1321 3996 1320
f 4226 4227 1636
f 3743 3744 1027
f 1643 1644 3988
f 1328 1329 3736
f 1034 1035 3463
f 3989 1643 3988
f 3737 1328 3736
f 3464 1034 3463
f 1637 4226 1636
f 1028 3743 1027
f 1642 1643 3989
f 1033 1034 3464
f 587 4218 4219
f 608 3470 3471
f 586 4219 4220
f 586 587 4219
f 609 3469 3470
f 609 3470 608
f 585 4220 4221
f 585 586 4220
f 610 3468 3469
f 610 3469 609
f 6297 1322 1323
f 6308 6309 3995
f 6308 3995 3996
f 6298 1321 1322
f 6298 1322 6297
f 6310 3995 6309
f 6310 3994 3995
f 6307 3996 1321
f 6307 6308 3996
f 6299 6307 1321
f 6299 1321 6298
f 6296 6297 1323
f 6311 3994 6310
f 6311 3993 3994
f 6300 6307 6299
f 6300 6306 6307
f 6295 1323 1324
f 6295 6296 1323
f 6294 1324 1325
f 6294 6295 1324
f 6312 3993 6311
f 6312 3992 3993
f 6313 3992 6312
f 6293 6294 1325
f 6292 6293 1325
f 6314 3992 6313
f 6303 6306 6300
f 6304 6306 6303
f 6302 6303 6300
f 6305 6306 6304
f 6301 6302 6300
f 6254 6252 6253
f 6288 6289 6290
f 6287 6288 6290
f 6255 6252 6254
f 720 709 710
f 721 709 720
f 721 708 709
f 662 674 675
f 663 673 674
f 663 674 662
f 719 720 710
f 722 708 721
f 722 707 708
f 722 501 707
f 664 673 663
f 661 675 676
f 661 676 685
f 661 662 675
f 661 685 506
f 723 501 722
f 660 661 506
f 715 719 710
f 715 710 711
f 715 718 719
f 668 673 664
f 668 664 665
f 668 672 673
f 716 718 715
f 714 715 711
f 714 711 712
f 667 668 665
f 669 672 668
f 669 671 672
f 4212 1640 1641
f 3981 1325 1326
f 3981 6292 1325
f 3981 6291 6292
f 1860 4223 4224
f 3729 1031 1032
f 1629 6314 6315
f 1314 3740 3741
f 1020 3467 3468
f 1861 4222 4223
f 1861 4223 1860
f 4213 1640 4212
f 4213 1639 1640
f 3982 6290 6291
f 3982 6287 6290
f 3982 6291 3981
f 3730 1031 3729
f 3730 1030 1031
f 1630 6314 1629
f 1630 3992 6314
f 1630 3991 3992
f 1315 3739 3740
f 1315 3740 1314
f 1021 3466 3467
f 1021 3467 1020
f 713 714 712
f 717 718 716
f 670 671 669
f 666 667 665
f 6258 6255 6256
f 6258 6256 6257
f 6284 6285 6286
f 3980 3981 1326
f 3980 1326 1327
f 1859 4224 4225
f 1859 1860 4224
f 4211 4212 1641
f 4211 1641 1642
f 3728 1032 1033
f 3728 3729 1032
f 1628 6252 6255
f 1628 1629 6315
f 1628 6315 6252
f 1313 3741 3742
f 1313 1314 3741
f 1019 610 611
f 1019 1020 3468
f 1019 3468 610
f 4214 1638 1639
f 4214 1639 4213
f 3983 6287 3982
f 3983 6284 6286
f 3983 6286 6287
f 1862 4221 4222
f 1862 4222 1861
f 3731 1030 3730
f 3731 1029 1030
f 1631 3991 1630
f 1631 3990 3991
f 1316 3738 3739
f 1316 3739 1315
f 1022 3466 1021
f 1022 3465 3466
f 1858 1859 4225
f 1858 4225 4226
f 1858 4226 1637
f 3979 3980 1327
f 3979 1327 1328
f 3979 1328 3737
f 4210 4211 1642
f 4210 1642 3989
f 3727 1033 3464
f 3727 3728 1033
f 1627 6258 6259
f 1627 6259 6260
f 1627 1628 6255
f 1627 6255 6258
f 1312 3743 1028
f 1312 1313 3742
f 1312 3742 3743
f 1018 611 612
f 1018 1019 611
f 1842 583 584
f 1842 584 585
f 1842 4221 1862
f 1842 585 4221
f 4194 1638 4214
f 4194 1637 1638
f 4194 1858 1637
f 3963 6282 6283
f 3963 6284 3983
f 3963 6283 6284
f 3711 1312 1028
f 3711 1029 3731
f 3711 1028 1029
f 1611 3990 1631
f 1611 4210 3989
f 1611 3989 3990
f 1296 3737 3738
f 1296 3979 3737
f 1296 3738 1316
f 1002 3727 3464
f 1002 3465 1022
f 1002 3464 3465
f 6268 6269 6270
f 6268 6270 6271
f 6274 6271 6272
f 6274 6272 6273
f 6274 6268 6271
f 1857 1858 4194
f 4209 4210 1611
f 3978 3979 1296
f 3726 3727 1002
f 1626 6260 6261
f 1626 6261 6262
f 1626 1627 6260
f 1311 1312 3711
f 1017 612 613
f 1017 1018 612
f 6275 6267 6268
f 6275 6268 6274
f 4195 1857 4194
f 3964 6279 6280
f 3964 6280 6281
f 3964 6281 6282
f 3964 6282 3963
f 1843 582 583
f 1843 583 1842
f 3712 1311 3711
f 1612 4209 1611
f 1297 3978 1296
f 1003 3726 1002
f 575 576 577
f 575 577 578
f 575 578 579
f 730 728 729
f 619 616 617
f 619 617 618
f 653 654 655
f 1856 1857 4195
f 4208 4209 1612
f 3977 3978 1297
f 3725 3726 1003
f 1625 1626 6262
f 1625 6262 6263
f 1310 1311 3712
f 1016 613 614
f 1016 1017 613
f 1844 581 582
f 1844 582 1843
f 3965 6277 6278
f 3965 6278 6279
f 3965 6279 3964
f 4196 1856 4195
f 3713 1310 3712
f 1613 4208 1612
f 1298 3977 1297
f 1004 3725 1003
f 731 728 730
f 574 575 579
f 620 615 616
f 620 616 619
f 652 653 655
f 1855 1856 4196
f 3976 3977 1298
f 4207 4208 1613
f 3724 3725 1004
f 1624 1625 6263
f 1624 6263 6264
f 1624 6264 6265
f 1309 1310 3713
f 1015 1016 614
f 1015 614 615
f 4197 1855 4196
f 3966 6277 3965
f 3966 6275 6276
f 3966 6276 6277
f 1845 580 581
f 1845 581 1844
f 3714 1309 3713
f 1614 4207 1613
f 1299 3976 1298
f 1005 3724 1004
f 4206 4207 1614
f 3975 3976 1299
f 1854 1855 4197
f 3723 3724 1005
f 1623 6265 6266
f 1623 6266 6267
f 1623 1624 6265
f 1308 1309 3714
f 4198 1854 4197
f 3967 6267 6275
f 3967 6275 3966
f 3715 1308 3714
f 1615 4206 1614
f 1006 3723 1005
f 1300 3975 1299
f 1853 1854 4198
f 3974 3975 1300
f 4205 4206 1615
f 3722 3723 1006
f 1622 1623 6267
f 1622 6267 3967
f 1307 1308 3715
f 3968 1622 3967
f 4199 1853 4198
f 3716 1307 3715
f 1616 4205 1615
f 1301 3974 1300
f 1007 3722 1006
f 734 731 732
f 734 732 733
f 734 728 731
f 571 572 573
f 571 573 574
f 623 620 621
f 623 621 622
f 649 652 655
f 649 650 651
f 649 651 652
f 1852 1853 4199
f 3721 3722 1007
f 1306 1307 3716
f 735 727 728
f 735 728 734
f 570 579 580
f 570 571 574
f 570 574 579
f 624 620 623
f 624 615 620
f 648 649 655
f 648 655 656
f 648 656 657
f 569 570 580
f 569 580 1845
f 625 1015 615
f 625 1014 1015
f 625 615 624
f 647 648 657
f 568 569 1845
f 568 1845 1846
f 626 1013 1014
f 626 1014 625
f 627 1013 626
f 561 747 748
f 561 748 749
f 744 745 746
f 639 636 637
f 639 637 638
f 633 636 639
f 633 634 635
f 633 635 636
f 640 633 639
f 632 633 640
f 6481 736 737
f 6481 737 738
f 6481 738 739
f 6482 727 735
f 6482 736 6481
f 6482 726 727
f 6482 735 736
f 6480 6481 739
f 6480 739 740
f 6480 740 741
f 6480 741 742
f 6483 725 726
f 6483 726 6482
f 6479 744 746
f 6479 6480 742
f 6479 742 743
f 6479 743 744
f 6479 746 747
f 6463 724 725
f 6463 725 6483
f 6478 747 561
f 6478 6479 747
f 6478 561 562
f 6478 562 563
f 6464 724 6463
f 6477 6478 563
f 6477 563 564
f 1839 4202 4203
f 4191 1619 1620
f 4485 1850 1851
f 3960 1304 1305
f 3708 1010 1011
f 3456 645 646
f 2070 566 567
f 1608 3971 3972
f 999 629 630
f 1293 3719 3720
f 1840 4202 1839
f 1840 4201 4202
f 4192 1619 4191
f 4192 1618 1619
f 4486 1849 1850
f 4486 1850 4485
f 3961 1303 1304
f 3961 1304 3960
f 3709 1010 3708
f 3709 1009 1010
f 3457 645 3456
f 3457 644 645
f 2071 566 2070
f 2071 565 566
f 1609 3971 1608
f 1609 3970 3971
f 1000 629 999
f 1000 628 629
f 1294 3719 1293
f 1294 3718 3719
f 4190 4191 1620
f 4190 1620 1621
f 1838 1839 4203
f 1838 4203 4204
f 4484 4485 1851
f 4484 1851 1852
f 3959 1305 1306
f 3959 3960 1305
f 3707 1011 1012
f 3707 3708 1011
f 3455 647 657
f 3455 3456 646
f 3455 646 647
f 2069 568 1846
f 2069 2070 567
f 2069 1846 1847
f 2069 567 568
f 1607 1608 3972
f 1607 3972 3973
f 1292 3720 3721
f 1292 1293 3720
f 998 999 630
f 998 630 631
f 998 631 632
f 1841 4201 1840
f 1841 4200 4201
f 4193 1617 1618
f 4193 1618 4192
f 4487 1848 1849
f 4487 1849 4486
f 3710 1008 1009
f 3710 1009 3709
f 3962 1302 1303
f 3962 1303 3961
f 3458 644 3457
f 3458 643 644
f 2072 565 2071
f 2072 6476 6477
f 2072 6477 564
f 2072 564 565
f 1610 3970 1609
f 1610 3969 3970
f 1001 628 1000
f 1001 627 628
f 1001 1013 627
f 1295 3717 3718
f 1295 3718 1294
f 1837 1838 4204
f 1837 4205 1616
f 1837 4204 4205
f 4483 1852 4199
f 4483 4484 1852
f 4189 4190 1621
f 4189 1621 1622
f 4189 1622 3968
f 3958 3959 1306
f 3958 1306 3716
f 3454 3455 657
f 3454 657 658
f 3706 1012 1013
f 3706 3707 1012
f 2068 2069 1847
f 1606 1607 3973
f 1606 3973 3974
f 1606 3974 1301
f 1291 3721 1007
f 1291 1292 3721
f 997 632 640
f 997 998 632
f 997 640 641
f 1821 4200 1841
f 1821 4199 4200
f 1821 4483 4199
f 4173 1616 1617
f 4173 1837 1616
f 4173 1617 4193
f 4467 2068 1847
f 4467 1847 1848
f 4467 1848 4487
f 3942 1301 1302
f 3942 1302 3962
f 3942 1606 1301
f 3690 1007 1008
f 3690 1008 3710
f 3690 1291 1007
f 3438 641 642
f 3438 642 643
f 3438 643 3458
f 2052 6476 2072
f 1590 4189 3968
f 1590 3968 3969
f 1590 3969 1610
f 1275 3716 3717
f 1275 3717 1295
f 1275 3958 3716
f 981 3706 1013
f 981 1013 1001
f 1836 1837 4173
f 4482 4483 1821
f 4188 4189 1590
f 3957 3958 1275
f 3705 3706 981
f 3453 658 659
f 3453 3454 658
f 2067 2068 4467
f 1605 1606 3942
f 996 997 641
f 1290 1291 3690
f 4174 1836 4173
f 1822 4482 1821
f 3691 1290 3690
f 4468 2067 4467
f 3943 1605 3942
f 3439 996 641
f 3439 641 3438
f 2053 6476 2052
f 2053 6475 6476
f 1591 4188 1590
f 982 3705 981
f 1276 3957 1275
f 1835 1836 4174
f 4187 4188 1591
f 4481 4482 1822
f 3956 3957 1276
f 3704 3705 982
f 2066 2067 4468
f 1604 1605 3943
f 995 996 3439
f 1289 1290 3691
f 4175 1835 4174
f 1823 4481 1822
f 4469 2066 4468
f 3944 1604 3943
f 3692 1289 3691
f 3440 995 3439
f 2054 6474 6475
f 2054 6475 2053
f 1592 4187 1591
f 1277 3956 1276
f 983 3704 982
f 1834 1835 4175
f 4480 4481 1823
f 3703 3704 983
f 3955 3956 1277
f 4186 4187 1592
f 2065 2066 4469
f 1603 1604 3944
f 1288 1289 3692
f 994 995 3440
f 1824 4480 1823
f 4176 1834 4175
f 3945 1603 3944
f 4470 2065 4469
f 3693 1288 3692
f 3441 994 3440
f 2055 6474 2054
f 2055 6473 6474
f 1593 4186 1592
f 1278 3955 1277
f 984 3703 983
f 1833 1834 4176
f 4185 4186 1593
f 4479 4480 1824
f 3702 3703 984
f 3954 3955 1278
f 2064 2065 4470
f 1602 1603 3945
f 1287 1288 3693
f 993 994 3441
f 4177 1833 4176
f 1825 4479 1824
f 4471 2064 4470
f 3694 1287 3693
f 3946 1602 3945
f 3442 993 3441
f 2056 6473 2055
f 1594 4185 1593
f 985 3702 984
f 1279 3954 1278
f 1832 1833 4177
f 4184 4185 1594
f 3953 3954 1279
f 4478 4479 1825
f 3701 3702 985
f 2063 2064 4471
f 1601 1602 3946
f 992 993 3442
f 1286 1287 3694
f 4178 1832 4177
f 1826 4478 1825
f 4472 2063 4471
f 3947 1601 3946
f 3695 1286 3694
f 3443 992 3442
f 2057 6472 6473
f 2057 6473 2056
f 1595 4184 1594
f 986 3701 985
f 1280 3953 1279
f 3952 3953 1280
f 2062 2063 4472
f 1600 1601 3947
f 991 992 3443
f 1285 1286 3695
f 4758 2060 2061
f 403 1598 1599
f 4464 1829 1830
f 1818 4181 4182
f 3939 1283 1284
f 3687 989 990
f 2049 4475 4476
f 3435 3451 3452
f 2154 6470 6471
f 1587 3950 3951
f 1272 3698 3699
f 978 3446 3447
f 5053 6466 6467
f 5053 6467 5052
f 4759 2060 4758
f 4759 2059 2060
f 4465 1828 1829
f 4465 1829 4464
f 1819 4181 1818
f 1819 4180 4181
f 3940 1282 1283
f 3940 1283 3939
f 404 1597 1598
f 404 1598 403
f 3688 988 989
f 3688 989 3687
f 2155 6470 2154
f 2050 4475 2049
f 2050 4474 4475
f 3436 3451 3435
f 3436 3450 3451
f 1273 3698 1272
f 1273 3697 3698
f 979 3445 3446
f 979 3446 978
f 1588 3949 3950
f 1588 3950 1587
f 4757 4758 2061
f 4757 2061 2062
f 5051 6467 6468
f 5051 5052 6467
f 1817 1818 4182
f 1817 4182 4183
f 3938 3939 1284
f 3938 1284 1285
f 402 1599 1600
f 402 403 1599
f 4463 4464 1830
f 4463 1830 1831
f 3686 3687 990
f 3686 990 991
f 3434 3435 3452
f 3434 3452 3453
f 2153 2154 6471
f 2153 6471 6472
f 2048 2049 4476
f 2048 4476 4477
f 1271 1272 3699
f 1271 3699 3700
f 1586 3951 3952
f 1586 1587 3951
f 977 3447 3448
f 977 978 3447
f 4760 2059 4759
f 4760 2058 2059
f 5054 6465 6466
f 5054 6466 5053
f 1820 4180 1819
f 1820 4179 4180
f 3941 1282 3940
f 3941 1281 1282
f 405 1596 1597
f 405 1597 404
f 4466 1827 1828
f 4466 1828 4465
f 3689 987 988
f 3689 988 3688
f 3437 3449 3450
f 3437 3450 3436
f 2051 4473 4474
f 2051 4474 2050
f 2156 6469 6470
f 2156 6470 2155
f 1274 3697 1273
f 1274 3696 3697
f 1589 3948 3949
f 1589 3949 1588
f 980 3445 979
f 980 3444 3445
f 5050 6468 6469
f 5050 5051 6468
f 4756 4757 2062
f 4756 2062 4472
f 1816 4184 1595
f 1816 1817 4183
f 1816 4183 4184
f 4462 1832 4178
f 4462 4463 1831
f 4462 1831 1832
f 3937 1285 3695
f 3937 3938 1285
f 401 402 1600
f 401 1600 3947
f 2047 4478 1826
f 2047 2048 4477
f 2047 4477 4478
f 3685 3686 991
f 3685 991 3443
f 2152 2153 6472
f 2152 6472 2057
f 3433 3434 3453
f 3433 3453 659
f 1585 3952 1280
f 1585 1586 3952
f 1270 3701 986
f 1270 3700 3701
f 1270 1271 3700
f 976 3448 3449
f 976 977 3448
f 5034 6464 6465
f 5034 6465 5054
f 4740 2058 4760
f 4740 2057 2058
f 4740 2152 2057
f 4446 1827 4466
f 4446 1826 1827
f 4446 2047 1826
f 1800 4179 1820
f 1800 4178 4179
f 1800 4462 4178
f 364 1595 1596
f 364 1816 1595
f 364 1596 405
f 3921 1280 1281
f 3921 1585 1280
f 3921 1281 3941
f 3669 986 987
f 3669 987 3689
f 3669 1270 986
f 2136 5050 6469
f 2136 6469 2156
f 2031 4473 2051
f 2031 4756 4472
f 2031 4472 4473
f 3417 976 3449
f 3417 3449 3437
f 1569 3948 1589
f 1569 3947 3948
f 1569 401 3947
f 1254 3937 3695
f 1254 3696 1274
f 1254 3695 3696
f 960 3444 980
f 960 3443 3444
f 960 3685 3443
f 5049 5050 2136
f 4755 4756 2031
f 4461 4462 1800
f 1815 1816 364
f 400 401 1569
f 3936 3937 1254
f 3684 3685 960
f 2151 2152 4740
f 2046 2047 4446
f 1584 1585 3921
f 1269 1270 3669
f 975 976 3417
f 4741 2151 4740
f 386 1815 364
f 1801 4461 1800
f 4447 2046 4446
f 3922 1584 3921
f 3670 1269 3669
f 2137 5049 2136
f 2032 4755 2031
f 3418 975 3417
f 1255 3936 1254
f 1570 400 1569
f 961 3684 960
f 5048 5049 2137
f 4754 4755 2032
f 4460 4461 1801
f 1814 1815 386
f 3935 3936 1255
f 399 400 1570
f 3683 3684 961
f 2045 2046 4447
f 2150 2151 4741
f 1583 1584 3922
f 1268 1269 3670
f 974 975 3418
f 4742 2150 4741
f 1802 4460 1801
f 4448 2045 4447
f 3923 1583 3922
f 387 1814 386
f 3671 1268 3670
f 3419 974 3418
f 2138 5048 2137
f 2033 4754 2032
f 1571 399 1570
f 1256 3935 1255
f 962 3683 961
f 5047 5048 2138
f 4753 4754 2033
f 1813 1814 387
f 3934 3935 1256
f 4459 4460 1802
f 3682 3683 962
f 398 399 1571
f 2044 2045 4448
f 2149 2150 4742
f 1582 1583 3923
f 973 974 3419
f 1267 1268 3671
f 4743 2149 4742
f 4449 2044 4448
f 388 1813 387
f 1803 4459 1802
f 3924 1582 3923
f 3672 1267 3671
f 2034 4753 2033
f 3420 973 3419
f 2139 5047 2138
f 1572 398 1571
f 1257 3934 1256
f 963 3682 962
f 4752 4753 2034
f 5046 5047 2139
f 397 398 1572
f 4458 4459 1803
f 1812 1813 388
f 3933 3934 1257
f 3681 3682 963
f 2148 2149 4743
f 2043 2044 4449
f 1581 1582 3924
f 1266 1267 3672
f 972 973 3420
f 4744 2148 4743
f 4450 2043 4449
f 1804 4458 1803
f 389 1812 388
f 3925 1581 3924
f 3673 1266 3672
f 2140 5046 2139
f 2035 4752 2034
f 3421 972 3420
f 1573 397 1572
f 964 3681 963
f 1258 3933 1257
f 4751 4752 2035
f 5045 5046 2140
f 4457 4458 1804
f 1811 1812 389
f 3680 3681 964
f 2147 2148 4744
f 2042 2043 4450
f 1580 1581 3925
f 1265 1266 3673
f 971 972 3421
f 4745 2147 4744
f 1805 4457 1804
f 390 1811 389
f 3926 1580 3925
f 4451 2042 4450
f 3674 1265 3673
f 2141 5045 2140
f 2036 4751 2035
f 3422 971 3421
f 965 3680 964
f 3679 3680 965
f 2041 2042 4451
f 2146 2147 4745
f 1579 1580 3926
f 1264 1265 3674
f 970 971 3422
f 6845 3930 3931
f 6844 6845 3931
f 6846 3929 3930
f 6846 3930 6845
f 6847 3929 6846
f 6843 3931 3932
f 6843 6844 3931
f 6842 3932 3933
f 6842 6843 3932
f 6842 3933 1258
f 6848 3928 3929
f 6848 3929 6847
f 6725 6726 6727
f 6724 6725 6727
f 6728 6724 6727
f 6418 3431 3432
f 6419 3431 6418
f 6419 3430 3431
f 6723 6724 6728
f 6729 6723 6728
f 6417 3432 3433
f 6417 6418 3432
f 6417 3433 659
f 6420 3430 6419
f 6420 3428 3429
f 6420 3429 3430
f 6506 394 395
f 6507 393 394
f 6507 394 6506
f 6505 395 396
f 6505 6506 395
f 6508 392 393
f 6508 393 6507
f 6504 6505 396
f 6504 396 397
f 6416 6417 659
f 6400 3427 3428
f 6400 3428 6420
f 6509 391 392
f 6509 392 6508
f 6503 6504 397
f 6503 397 1573
f 6503 1573 1574
f 6510 391 6509
f 6502 6503 1574
f 6502 1574 1575
f 6401 3426 3427
f 6401 3427 6400
f 6511 391 6510
f 6511 390 391
f 6511 1810 1811
f 6511 1811 390
f 6501 6502 1575
f 6402 3426 6401
f 6402 3425 3426
f 536 6414 6415
f 536 6415 6416
f 539 6414 536
f 539 6412 6413
f 539 6413 6414
f 6853 1577 1578
f 4737 2039 2040
f 5031 2144 2145
f 2427 5042 5043
f 4443 1808 1809
f 2133 4748 4749
f 3666 968 969
f 2028 4454 4455
f 1566 6723 6729
f 1251 3677 3678
f 957 3425 6402
f 333 468 6484
f 333 334 468
f 5032 2143 2144
f 5032 2144 5031
f 4738 2038 2039
f 4738 2039 4737
f 2428 5041 5042
f 2428 5042 2427
f 5368 5037 5367
f 5368 5036 5037
f 4444 1808 4443
f 4444 1807 1808
f 3667 968 3666
f 3667 967 968
f 2134 4747 4748
f 2134 4748 2133
f 2029 4453 4454
f 2029 4454 2028
f 1567 6723 1566
f 958 3424 3425
f 958 3425 957
f 1252 3677 1251
f 1252 3676 3677
f 6852 1577 6853
f 6852 1576 1577
f 6854 6853 1578
f 4736 2040 2041
f 4736 4737 2040
f 5030 2145 2146
f 5030 5031 2145
f 5366 5367 5037
f 5366 5037 5038
f 5366 5038 5039
f 2426 5043 5044
f 2426 2427 5043
f 4442 4443 1809
f 4442 1809 1810
f 2132 4749 4750
f 2132 2133 4749
f 2027 4455 4456
f 2027 2028 4455
f 3665 3666 969
f 3665 969 970
f 1565 1566 6729
f 1250 1251 3678
f 1250 3678 3679
f 956 6402 6403
f 956 957 6402
f 332 333 6484
f 332 6484 6485
f 5033 2142 2143
f 5033 2143 5032
f 4739 2037 2038
f 4739 2038 4738
f 2429 5041 2428
f 2429 5040 5041
f 5369 5035 5036
f 5369 5036 5368
f 4445 1806 1807
f 4445 1807 4444
f 2135 4746 4747
f 2135 4747 2134
f 2030 4453 2029
f 2030 4452 4453
f 3668 967 3667
f 3668 966 967
f 1568 6723 1567
f 1253 3676 1252
f 1253 3675 3676
f 959 3424 958
f 959 3423 3424
f 6851 6501 1575
f 6851 1576 6852
f 6851 1575 1576
f 6855 6854 1578
f 6855 1578 1579
f 4735 4736 2041
f 4735 2041 4451
f 5029 2146 4745
f 5029 5030 2146
f 5365 5366 5039
f 4441 4442 1810
f 4441 1810 6511
f 2425 5044 5045
f 2425 5045 2141
f 2425 2426 5044
f 2131 4750 4751
f 2131 2132 4750
f 2131 4751 2036
f 2026 4457 1805
f 2026 2027 4456
f 2026 4456 4457
f 3664 970 3422
f 3664 3665 970
f 1564 1565 6729
f 1249 3679 965
f 1249 1250 3679
f 955 956 6403
f 331 332 6485
f 331 6485 6486
f 2409 5039 5040
f 2409 5040 2429
f 2409 5365 5039
f 5013 2142 5033
f 5013 2141 2142
f 5013 2425 2141
f 4719 2037 4739
f 4719 2036 2037
f 4719 2131 2036
f 5349 5034 5035
f 5349 6464 5034
f 5349 5035 5369
f 6850 6501 6851
f 6850 6500 6501
f 4425 1805 1806
f 4425 1806 4445
f 4425 2026 1805
f 2010 4735 4451
f 2010 4452 2030
f 2010 4451 4452
f 2115 4745 4746
f 2115 4746 2135
f 2115 5029 4745
f 3648 1249 965
f 3648 966 3668
f 3648 965 966
f 1548 6723 1568
f 939 3422 3423
f 939 3664 3422
f 939 3423 959
f 1233 3675 1253
f 1233 3674 3675
f 1233 1264 3674
f 6856 1579 3926
f 6856 6855 1579
f 2424 2425 5013
f 4734 4735 2010
f 5028 5029 2115
f 5364 5365 2409
f 3663 3664 939
f 2130 2131 4719
f 2025 2026 4425
f 1563 1564 6729
f 954 6403 6404
f 954 955 6403
f 1248 1249 3648
f 330 331 6486
f 330 6486 6487
f 6869 6500 6850
f 6869 6499 6500
f 5014 2424 5013
f 4720 2130 4719
f 2410 5364 2409
f 4426 2025 4425
f 2116 5028 2115
f 3649 1248 3648
f 2011 4734 2010
f 1234 1264 1233
f 1234 1263 1264
f 940 3663 939
f 5027 5028 2116
f 5363 5364 2410
f 2423 2424 5014
f 4733 4734 2011
f 3662 3663 940
f 2129 2130 4720
f 2024 2025 4426
f 953 954 6404
f 1247 1248 3649
f 537 536 6416
f 537 659 660
f 537 6416 659
f 329 330 6487
f 6868 6499 6869
f 4721 2129 4720
f 5015 2423 5014
f 2411 5363 2410
f 4427 2024 4426
f 2117 5027 2116
f 2012 4733 2011
f 3650 1247 3649
f 941 3662 940
f 5026 5027 2117
f 4732 4733 2012
f 2422 2423 5015
f 5362 5363 2411
f 3661 3662 941
f 2023 2024 4427
f 2128 2129 4721
f 1246 1247 3650
f 952 953 6404
f 952 6404 6405
f 528 6412 539
f 528 6411 6412
f 4722 2128 4721
f 5016 2422 5015
f 2412 5362 2411
f 4428 2023 4427
f 2013 4732 2012
f 2118 5026 2117
f 3651 1246 3650
f 942 3661 941
f 529 6411 528
f 529 6410 6411
f 5025 5026 2118
f 5361 5362 2412
f 4731 4732 2013
f 2421 2422 5016
f 2127 2128 4722
f 3660 3661 942
f 2022 2023 4428
f 1245 1246 3651
f 951 952 6405
f 951 6405 6406
f 4723 2127 4722
f 2413 5361 2412
f 5017 2421 5016
f 4429 2022 4428
f 3652 1245 3651
f 2014 4731 2013
f 2119 5025 2118
f 943 3660 942
f 5024 5025 2119
f 4730 4731 2014
f 2420 2421 5017
f 5360 5361 2413
f 2021 2022 4429
f 2126 2127 4723
f 3659 3660 943
f 950 951 6406
f 950 6406 6407
f 1244 1245 3652
f 5018 2420 5017
f 2414 5360 2413
f 4724 2126 4723
f 4430 2021 4429
f 2120 5024 2119
f 2015 4730 2014
f 3653 1244 3652
f 944 3659 943
f 5023 5024 2120
f 2419 2420 5018
f 2125 2126 4724
f 2020 2021 4430
f 3658 3659 944
f 949 950 6407
f 1243 1244 3653
f 6498 6865 6864
f 6498 6866 6865
f 6497 6498 6864
f 6496 6497 6864
f 6496 6864 6863
f 6495 6496 6863
f 6839 1263 1234
f 6840 1263 6839
f 6840 1262 1263
f 6838 1234 1235
f 6838 6839 1234
f 6494 6495 6863
f 6494 6863 6862
f 6841 1262 6840
f 6841 1261 1262
f 6493 6494 6862
f 6488 325 326
f 6488 326 327
f 6488 327 328
f 6837 6838 1235
f 6837 1235 1236
f 532 6410 529
f 532 6409 6410
f 6836 6837 1236
f 6836 1236 1237
f 6730 1560 1561
f 6730 1561 1562
f 6835 6836 1237
f 6835 1237 1238
f 6731 1560 6730
f 6731 1559 1560
f 6834 6835 1238
f 6732 1559 6731
f 6833 1238 1239
f 6833 6834 1238
f 7000 1552 1553
f 7000 1553 1554
f 158 1241 1242
f 5010 2123 2124
f 2721 5357 5358
f 2406 5021 5022
f 5346 2417 2418
f 4716 2018 2019
f 4170 1556 1557
f 3414 533 534
f 3645 947 948
f 2112 4727 4728
f 1545 6735 6736
f 936 6409 532
f 1230 3656 3657
f 2722 5356 5357
f 2722 5357 2721
f 4717 2017 2018
f 4717 2018 4716
f 2407 5020 5021
f 2407 5021 2406
f 5011 2123 5010
f 5011 2122 2123
f 5683 5352 5682
f 5683 5350 5351
f 5683 5351 5352
f 5347 2416 2417
f 5347 2417 5346
f 4171 1556 4170
f 4171 1555 1556
f 3415 533 3414
f 3646 947 3645
f 3646 946 947
f 2113 4726 4727
f 2113 4727 2112
f 1546 6735 1545
f 1546 6734 6735
f 937 6409 936
f 937 6408 6409
f 1231 3655 3656
f 1231 3656 1230
f 159 1241 158
f 159 1240 1241
f 51 322 323
f 51 323 50
f 49 323 324
f 49 50 323
f 157 158 1242
f 157 1242 1243
f 5009 5010 2124
f 5009 2124 2125
f 2720 2721 5358
f 2720 5358 5359
f 5681 5682 5352
f 5681 5352 5353
f 4715 2019 2020
f 4715 4716 2019
f 5345 2418 2419
f 5345 5346 2418
f 2405 5022 5023
f 2405 2406 5022
f 4169 4170 1557
f 4169 1557 1558
f 3413 3414 534
f 3644 3645 948
f 3644 948 949
f 2111 4728 4729
f 2111 2112 4728
f 1544 1545 6736
f 1544 6736 6737
f 935 936 532
f 1229 3657 3658
f 1229 1230 3657
f 5012 2122 5011
f 5012 2121 2122
f 2723 5355 5356
f 2723 5356 2722
f 4718 2016 2017
f 4718 2017 4717
f 5348 2415 2416
f 5348 2416 5347
f 5684 5350 5683
f 2408 5019 5020
f 2408 5020 2407
f 4172 1554 1555
f 4172 1555 4171
f 3416 533 3415
f 3416 530 533
f 3647 945 946
f 3647 946 3646
f 2114 4725 4726
f 2114 4726 2113
f 1547 6733 6734
f 1547 6734 1546
f 938 6407 6408
f 938 6408 937
f 1232 3654 3655
f 1232 3655 1231
f 160 1240 159
f 160 1239 1240
f 160 6833 1239
f 160 6832 6833
f 52 322 51
f 52 321 322
f 48 324 325
f 48 325 6488
f 48 49 324
f 156 1243 3653
f 156 157 1243
f 5008 2125 4724
f 5008 5009 2125
f 5680 5353 5354
f 5680 5681 5353
f 4714 4715 2020
f 4714 2020 4430
f 5344 2419 5018
f 5344 5345 2419
f 2719 2720 5359
f 2719 5359 5360
f 2719 5360 2414
f 2404 5023 2120
f 2404 2405 5023
f 3643 949 6407
f 3643 3644 949
f 4168 4169 1558
f 4168 1558 1559
f 3412 3413 534
f 2110 4729 4730
f 2110 2111 4729
f 2110 4730 2015
f 1543 1544 6737
f 1543 6737 6738
f 934 935 532
f 934 532 531
f 1228 3658 944
f 1228 1229 3658
f 2703 5355 2723
f 2703 5354 5355
f 2703 5680 5354
f 4992 2120 2121
f 4992 2404 2120
f 4992 2121 5012
f 5328 2414 2415
f 5328 2719 2414
f 5328 2415 5348
f 4698 2015 2016
f 4698 2110 2015
f 4698 2016 4718
f 2388 5018 5019
f 2388 5019 2408
f 2388 5344 5018
f 53 321 52
f 53 320 321
f 53 6550 320
f 161 6832 160
f 4152 1554 4172
f 4152 7000 1554
f 3396 530 3416
f 3627 1228 944
f 3627 945 3647
f 3627 944 945
f 2094 4725 2114
f 2094 4724 4725
f 2094 5008 4724
f 1527 4168 1559
f 1527 6732 6733
f 1527 1559 6732
f 1527 6733 1547
f 1212 156 3653
f 1212 3654 1232
f 1212 3653 3654
f 918 6407 938
f 918 3643 6407
f 47 6488 6489
f 47 48 6488
f 183 6832 161
f 155 156 1212
f 2403 2404 4992
f 5007 5008 2094
f 5679 5680 2703
f 2718 2719 5328
f 5343 5344 2388
f 4167 4168 1527
f 3642 3643 918
f 3411 3412 534
f 3411 534 535
f 2109 2110 4698
f 933 934 531
f 1542 6738 6739
f 1542 1543 6738
f 1227 1228 3627
f 184 6832 183
f 6551 6550 53
f 75 6551 53
f 4993 2403 4992
f 2704 5679 2703
f 4699 2109 4698
f 5329 2718 5328
f 2389 5343 2388
f 4153 7000 4152
f 3397 530 3396
f 3397 531 530
f 2095 5007 2094
f 3628 1227 3627
f 1528 4167 1527
f 919 3642 918
f 1213 155 1212
f 46 47 6489
f 154 155 1213
f 2402 2403 4993
f 2717 2718 5329
f 5006 5007 2095
f 5678 5679 2704
f 4166 4167 1528
f 5342 5343 2389
f 3410 3411 535
f 3641 3642 919
f 2108 2109 4699
f 932 531 3397
f 932 933 531
f 1226 1227 3628
f 6552 6551 75
f 76 6552 75
f 4994 2402 4993
f 2390 5342 2389
f 2705 5678 2704
f 5330 2717 5329
f 4700 2108 4699
f 4154 7000 4153
f 3629 1226 3628
f 3398 932 3397
f 2096 5006 2095
f 920 3641 919
f 1529 4166 1528
f 1214 154 1213
f 153 154 1214
f 5005 5006 2096
f 2401 2402 4994
f 5341 5342 2390
f 2716 2717 5330
f 5677 5678 2705
f 4165 4166 1529
f 3640 3641 920
f 2107 2108 4700
f 931 932 3398
f 1225 1226 3629
f 6553 6552 76
f 77 6553 76
f 4995 2401 4994
f 2706 5677 2705
f 4701 2107 4700
f 5331 2716 5330
f 2391 5341 2390
f 3399 931 3398
f 3630 1225 3629
f 2097 5005 2096
f 921 3640 920
f 1530 4165 1529
f 1215 153 1214
f 152 153 1215
f 78 6553 77
f 2715 2716 5331
f 5676 5677 2706
f 5004 5005 2097
f 5340 5341 2391
f 2400 2401 4995
f 4164 4165 1530
f 3639 3640 921
f 2106 2107 4701
f 930 931 3399
f 1224 1225 3630
f 6554 6553 78
f 2707 5676 2706
f 4996 2400 4995
f 4702 2106 4701
f 2392 5340 2391
f 5332 2715 5331
f 3400 930 3399
f 3631 1224 3630
f 2098 5004 2097
f 1531 4164 1530
f 922 3639 921
f 1216 152 1215
f 151 152 1216
f 79 6554 78
f 5003 5004 2098
f 2714 2715 5332
f 5675 5676 2707
f 5339 5340 2392
f 2399 2400 4996
f 4163 4164 1531
f 3638 3639 922
f 2105 2106 4702
f 1223 1224 3631
f 929 930 3400
f 6555 6554 79
f 4997 2399 4996
f 2708 5675 2707
f 2393 5339 2392
f 4703 2105 4702
f 5333 2714 5332
f 3632 1223 3631
f 3401 929 3400
f 2099 5003 2098
f 923 3638 922
f 1532 4163 1531
f 1217 151 1216
f 150 151 1217
f 80 6555 79
f 5002 5003 2099
f 5338 5339 2393
f 2398 2399 4997
f 5674 5675 2708
f 4162 4163 1532
f 1222 1223 3632
f 757 758 140
f 757 140 141
f 759 140 758
f 6343 6344 7009
f 6343 7009 7010
f 756 757 141
f 756 141 142
f 760 1540 1541
f 760 1541 759
f 3267 5664 5665
f 3268 5350 5684
f 3268 5684 5664
f 3268 5664 3267
f 6342 6343 7010
f 755 756 142
f 755 142 143
f 761 1540 760
f 761 1539 1540
f 3266 3267 5665
f 3266 5665 5666
f 3266 5666 5667
f 3269 6464 5349
f 3269 5349 5350
f 3269 724 6464
f 3269 5350 3268
f 6341 6342 7010
f 754 755 143
f 754 143 144
f 762 1538 1539
f 762 1539 761
f 3265 3266 5667
f 3265 5667 5668
f 6340 6341 7010
f 753 754 144
f 3249 724 3269
f 3249 723 724
f 763 1538 762
f 763 1537 1538
f 764 1536 1537
f 764 1537 763
f 3264 5668 5669
f 3264 5669 5670
f 3264 3265 5668
f 3263 3264 5670
f 3263 5670 5671
f 3262 3263 5671
f 6516 4704 4705
f 6515 6516 4705
f 6515 4705 4706
f 6517 4704 6516
f 6517 4703 4704
f 6514 6515 4706
f 6514 4706 4707
f 6518 2105 4703
f 6518 4703 6517
f 6519 2104 2105
f 6519 2105 6518
f 6821 1220 1221
f 4989 2102 2103
f 2700 5336 5337
f 5325 2396 2397
f 2973 5672 5673
f 5661 2711 2712
f 2385 5000 5001
f 4149 1535 1536
f 3393 3409 3410
f 4422 6339 6340
f 3624 926 927
f 2007 6351 6352
f 1209 3635 3636
f 1524 750 751
f 915 3404 3405
f 2701 5335 5336
f 2701 5336 2700
f 5662 2710 2711
f 5662 2711 5661
f 2974 3262 5671
f 2974 5671 5672
f 2974 5672 2973
f 5326 2395 2396
f 5326 2396 5325
f 4990 2101 2102
f 4990 2102 4989
f 2386 5000 2385
f 2386 4999 5000
f 4423 6338 6339
f 4423 6339 4422
f 3394 3408 3409
f 3394 3409 3393
f 4150 1534 1535
f 4150 1535 4149
f 3625 925 926
f 3625 926 3624
f 1210 3634 3635
f 1210 3635 1209
f 1525 750 1524
f 1525 770 750
f 916 3403 3404
f 916 3404 915
f 6820 1219 1220
f 6820 1220 6821
f 6631 6558 6632
f 6631 6559 6558
f 6633 6632 6558
f 6633 6558 6557
f 6822 1221 1222
f 6822 6821 1221
f 2699 2700 5337
f 2699 5337 5338
f 5324 2397 2398
f 5324 5325 2397
f 2972 2973 5673
f 2972 5673 5674
f 5660 2712 2713
f 5660 5661 2712
f 4988 2103 2104
f 4988 4989 2103
f 2384 2385 5001
f 2384 5001 5002
f 3392 3410 535
f 3392 3393 3410
f 4148 1536 764
f 4148 4149 1536
f 4148 764 765
f 3623 927 928
f 3623 3624 927
f 2006 2007 6352
f 2006 6352 6353
f 1208 3636 3637
f 1208 1209 3636
f 1523 1524 751
f 914 3405 3406
f 914 915 3405
f 4991 2100 2101
f 4991 2101 4990
f 5327 2394 2395
f 5327 2395 5326
f 2975 3262 2974
f 5663 2709 2710
f 5663 2710 5662
f 2702 5335 2701
f 2702 5334 5335
f 2387 4998 4999
f 2387 4999 2386
f 3395 3407 3408
f 3395 3408 3394
f 4151 1534 4150
f 4151 1533 1534
f 4424 6337 6338
f 4424 6338 4423
f 3626 924 925
f 3626 925 3625
f 1211 3633 3634
f 1211 3634 1210
f 1526 770 1525
f 1526 769 770
f 917 3402 3403
f 917 3403 916
f 6819 1218 1219
f 6819 1219 6820
f 6630 6559 6631
f 6630 6560 6559
f 6634 6633 6557
f 6634 6557 6556
f 6823 6822 1222
f 6823 1222 3632
f 4987 6519 6520
f 4987 4988 2104
f 4987 2104 6519
f 5323 2398 4997
f 5323 5324 2398
f 5659 5660 2713
f 5659 2713 2714
f 5659 2714 5333
f 2698 2699 5338
f 2698 5338 2393
f 2971 2972 5674
f 2971 5674 2708
f 2383 5002 2099
f 2383 2384 5002
f 3391 3392 535
f 4147 4148 765
f 4147 765 766
f 3622 3623 928
f 3622 928 929
f 3622 929 3401
f 2005 6353 6354
f 2005 6354 6355
f 2005 2006 6353
f 1207 3638 923
f 1207 3637 3638
f 1207 1208 3637
f 913 3406 3407
f 913 914 3406
f 5307 2393 2394
f 5307 2394 5327
f 5307 2698 2393
f 2955 3261 3262
f 2955 3262 2975
f 2682 5333 5334
f 2682 5334 2702
f 2682 5659 5333
f 4971 2099 2100
f 4971 2383 2099
f 4971 2100 4991
f 6629 6560 6630
f 6629 6543 6544
f 6629 6561 6560
f 6629 6544 6561
f 5643 2709 5663
f 5643 2708 2709
f 5643 2971 2708
f 2367 4998 2387
f 2367 4997 4998
f 2367 5323 4997
f 4404 6357 6337
f 4404 6337 4424
f 3606 1207 923
f 3606 923 924
f 3606 924 3626
f 4131 1532 1533
f 4131 1533 4151
f 6818 1218 6819
f 6818 150 1217
f 6818 1217 1218
f 3375 913 3407
f 3375 3407 3395
f 1506 769 1526
f 1506 768 769
f 1191 6823 3632
f 1191 3632 3633
f 1191 3633 1211
f 897 3401 3402
f 897 3402 917
f 897 3622 3401
f 6635 6634 6556
f 6824 6823 1191
f 2970 2971 5643
f 2382 2383 4971
f 5322 5323 2367
f 4986 6520 6521
f 4986 4987 6520
f 2697 2698 5307
f 5658 5659 2682
f 4419 4420 1779
f 4146 4147 766
f 4146 766 767
f 3621 3622 897
f 2004 2005 6355
f 2004 6355 6356
f 1206 1207 3606
f 912 913 3375
f 6648 6542 6543
f 6648 6543 6629
f 2683 5658 2682
f 4972 2382 4971
f 5308 2697 5307
f 2956 3261 2955
f 2956 3260 3261
f 5644 2970 5643
f 2368 5322 2367
f 4405 6356 6357
f 4405 6357 4404
f 1780 4419 1779
f 3376 912 3375
f 3607 1206 3606
f 1192 6824 1191
f 1507 768 1506
f 1507 767 768
f 898 3621 897
f 6825 6824 1192
f 2696 2697 5308
f 4985 6521 6522
f 4985 4986 6521
f 5321 5322 2368
f 2969 2970 5644
f 5657 5658 2683
f 2381 2382 4972
f 4418 4419 1780
f 3620 3621 898
f 4145 767 1507
f 4145 4146 767
f 2003 2004 6356
f 2003 6356 4405
f 1205 1206 3607
f 911 912 3376
f 6647 6542 6648
f 6647 6541 6542
f 2684 5657 2683
f 5645 2969 5644
f 2369 5321 2368
f 4973 2381 4972
f 5309 2696 5308
f 2957 3260 2956
f 4406 2003 4405
f 1781 4418 1780
f 3608 1205 3607
f 3377 911 3376
f 1508 4145 1507
f 1193 6825 1192
f 899 3620 898
f 6826 6825 1193
f 2695 2696 5309
f 4984 6522 6523
f 4984 4985 6522
f 5320 5321 2369
f 2380 2381 4973
f 5656 5657 2684
f 2968 2969 5645
f 4417 4418 1781
f 3619 3620 899
f 4144 4145 1508
f 2002 2003 4406
f 1204 1205 3608
f 910 911 3377
f 6646 6540 6541
f 6646 6541 6647
f 2685 5656 2684
f 4974 2380 4973
f 5646 2968 5645
f 2958 3260 2957
f 2958 3259 3260
f 5310 2695 5309
f 2370 5320 2369
f 4407 2002 4406
f 1782 4417 1781
f 3378 910 3377
f 3609 1204 3608
f 1509 4144 1508
f 1194 6826 1193
f 900 3619 899
f 6827 6826 1194
f 4983 6523 6524
f 4983 4984 6523
f 5319 5320 2370
f 2967 2968 5646
f 5655 5656 2685
f 2694 2695 5310
f 2379 2380 4974
f 4416 4417 1782
f 4143 4144 1509
f 3618 3619 900
f 2001 2002 4407
f 1203 1204 3609
f 1518 1519 462
f 909 910 3378
f 2686 5655 2685
f 4975 2379 4974
f 2959 3259 2958
f 2959 3258 3259
f 5311 2694 5310
f 2371 5319 2370
f 5647 2967 5646
f 1783 4416 1782
f 4408 2001 4407
f 3610 1203 3609
f 3379 909 3378
f 1510 4143 1509
f 1195 6827 1194
f 901 3618 900
f 6743 1518 462
f 6828 6827 1195
f 2693 2694 5311
f 5654 5655 2686
f 5318 5319 2371
f 4982 6524 6525
f 4982 4983 6524
f 2966 2967 5647
f 2378 2379 4975
f 4415 4416 1783
f 4142 4143 1510
f 2000 2001 4408
f 3617 3618 901
f 1517 1518 6743
f 1202 1203 3610
f 908 909 3379
f 2687 5654 2686
f 4976 2378 4975
f 2372 5318 2371
f 5312 2693 5311
f 5648 2966 5647
f 2960 3258 2959
f 1784 4415 1783
f 4409 2000 4408
f 3611 1202 3610
f 3380 908 3379
f 1511 4142 1510
f 1196 6828 1195
f 902 3617 901
f 6742 1517 6743
f 6829 6828 1196
f 5317 5318 2372
f 2692 2693 5312
f 2965 2966 5648
f 2377 2378 4976
f 4414 4415 1784
f 4141 4142 1511
f 1999 2000 4409
f 1201 1202 3611
f 1516 1517 6742
f 907 908 3380
f 6539 6540 6646
f 6539 6644 6643
f 6539 6645 6644
f 6539 6646 6645
f 6538 6539 6643
f 6538 6643 6642
f 6537 6538 6642
f 6529 6527 6528
f 3246 3256 3257
f 4695 1997 1998
f 2679 5315 5316
f 2952 5651 5652
f 5955 2963 2964
f 5640 2690 2691
f 2364 4979 4980
f 5304 2375 2376
f 4128 1514 1515
f 4401 1787 1788
f 3372 3388 3389
f 3603 905 906
f 1986 4412 4413
f 1188 3614 3615
f 894 3383 3384
f 3247 3255 3256
f 3247 3256 3246
f 2953 5650 5651
f 2953 5651 2952
f 5641 2690 5640
f 5641 2689 2690
f 6250 3253 6249
f 6250 3252 3253
f 4696 1996 1997
f 4696 1997 4695
f 2680 5315 2679
f 2680 5314 5315
f 5956 2963 5955
f 5956 2962 2963
f 5305 2375 5304
f 5305 2374 2375
f 2365 4979 2364
f 2365 4978 4979
f 3604 904 905
f 3604 905 3603
f 3373 3388 3372
f 3373 3387 3388
f 4129 1513 1514
f 4129 1514 4128
f 4402 1786 1787
f 4402 1787 4401
f 1987 4411 4412
f 1987 4412 1986
f 1504 6740 1503
f 895 3383 894
f 895 3382 3383
f 1189 3613 3614
f 1189 3614 1188
f 7084 7083 7089
f 498 723 3249
f 498 3249 3250
f 498 3250 3251
f 498 3251 3252
f 6248 6249 3253
f 6248 3253 3254
f 3245 3246 3257
f 3245 3257 3258
f 2678 2679 5316
f 2678 5316 5317
f 4694 1998 1999
f 4694 4695 1998
f 2951 5652 5653
f 2951 2952 5652
f 5639 5640 2691
f 5639 2691 2692
f 5954 5955 2964
f 5954 2964 2965
f 2363 2364 4980
f 2363 4980 4981
f 5303 5304 2376
f 5303 2376 2377
f 4127 1515 1516
f 4127 4128 1515
f 4400 1788 1789
f 4400 4401 1788
f 3371 3372 3389
f 3371 3389 3390
f 3602 3603 906
f 3602 906 907
f 1985 4413 4414
f 1985 1986 4413
f 1187 3615 3616
f 1187 1188 3615
f 893 894 3384
f 893 3384 3385
f 497 499 498
f 497 500 499
f 6251 498 3252
f 6251 3252 6250
f 3248 3254 3255
f 3248 3255 3247
f 4697 1996 4696
f 4697 1995 1996
f 2681 5314 2680
f 2681 5313 5314
f 2954 5649 5650
f 2954 5650 2953
f 5642 2689 5641
f 5642 2688 2689
f 5957 2961 2962
f 5957 2962 5956
f 2366 4977 4978
f 2366 4978 2365
f 5306 2374 5305
f 5306 2373 2374
f 4130 1513 4129
f 4130 1512 1513
f 3374 3386 3387
f 3374 3387 3373
f 3605 903 904
f 3605 904 3604
f 4403 1785 1786
f 4403 1786 4402
f 1988 4410 4411
f 1988 4411 1987
f 1505 6741 6740
f 1505 6740 1504
f 1190 3613 1189
f 1190 3612 3613
f 896 3382 895
f 896 3381 3382
f 7103 7099 7100
f 6247 6248 3254
f 5638 5639 2692
f 5638 2692 5312
f 3244 3245 3258
f 3244 3258 2960
f 5302 5303 2377
f 5302 2377 4976
f 4693 1999 4409
f 4693 4694 1999
f 2677 2678 5317
f 2677 5317 2372
f 2950 2951 5653
f 2950 5654 2687
f 2950 5653 5654
f 5953 5954 2965
f 5953 2965 5648
f 2362 2363 4981
f 2362 4981 4982
f 4126 4127 1516
f 4126 1516 6742
f 3370 3371 3390
f 3370 3391 535
f 3370 535 538
f 3370 3390 3391
f 3601 3602 907
f 3601 907 3380
f 4399 1789 1790
f 4399 4400 1789
f 1984 4414 1784
f 1984 1985 4414
f 892 893 3385
f 892 3385 3386
f 1186 3616 3617
f 1186 3617 902
f 1186 1187 3616
f 7102 7099 7103
f 3228 6247 3254
f 3228 3254 3248
f 6231 498 6251
f 2661 5313 2681
f 2661 5638 5312
f 2661 5312 5313
f 5286 2677 2372
f 5286 2373 5306
f 5286 2372 2373
f 2934 5953 5648
f 2934 5648 5649
f 2934 5649 2954
f 5622 2950 2687
f 5622 2688 5642
f 5622 2687 2688
f 4677 1994 1995
f 4677 1995 4697
f 2346 5302 4976
f 2346 4977 2366
f 2346 4976 4977
f 5937 3244 2960
f 5937 2961 5957
f 5937 2960 2961
f 3354 892 3386
f 3354 3386 3374
f 4110 1511 1512
f 4110 1512 4130
f 4383 1784 1785
f 4383 1984 1784
f 4383 1785 4403
f 3585 902 903
f 3585 1186 902
f 3585 903 3605
f 7101 7099 7102
f 7086 1994 4677
f 1968 4693 4409
f 1968 4410 1988
f 1968 4409 4410
f 1485 4126 6742
f 1485 6742 6741
f 1485 6741 1505
f 1170 3611 3612
f 1170 3612 1190
f 1170 1201 3611
f 876 3601 3380
f 876 3380 3381
f 876 3381 896
f 3243 3244 5937
f 6246 6247 3228
f 4692 4693 1968
f 2676 2677 5286
f 5301 5302 2346
f 2949 2950 5622
f 5637 5638 2661
f 2361 4982 6525
f 2361 2362 4982
f 5952 5953 2934
f 4398 4399 1758
f 3600 3601 876
f 4125 4126 1485
f 1983 1984 4383
f 1185 1186 3585
f 891 892 3354
f 7087 7086 4677
f 7114 7098 7099
f 7114 7099 7101
f 3229 6246 3228
f 4678 7087 4677
f 2662 5637 2661
f 6232 498 6231
f 2935 5952 2934
f 5623 2949 5622
f 5938 3243 5937
f 2347 5301 2346
f 5287 2676 5286
f 1759 4398 1758
f 3586 1185 3585
f 3355 891 3354
f 4384 1983 4383
f 1969 4692 1968
f 1486 4125 1485
f 1171 1201 1170
f 877 3600 876
f 6814 1198 1199
f 6650 6651 6529
f 6815 1198 6814
f 6815 1197 1198
f 3242 3243 5938
f 6245 6246 3229
f 4691 4692 1969
f 2675 2676 5287
f 5636 5637 2662
f 5300 5301 2347
f 2948 2949 5623
f 5951 5952 2935
f 3599 3600 877
f 4124 4125 1486
f 4397 4398 1759
f 1982 1983 4384
f 890 891 3355
f 1184 1185 3586
f 494 497 498
f 6813 1199 1200
f 6813 6814 1199
f 6652 6529 6651
f 6652 6526 6527
f 6652 6527 6529
f 7088 7087 4678
f 496 495 494
f 493 494 498
f 493 496 494
f 7113 7098 7114
f 2663 5636 2662
f 5939 3242 5938
f 3230 6245 3229
f 6233 493 498
f 6233 498 6232
f 5288 2675 5287
f 2936 5951 2935
f 5624 2948 5623
f 2348 5300 2347
f 4679 7088 4678
f 1760 4397 1759
f 4385 1982 4384
f 3587 1184 3586
f 3356 890 3355
f 1970 4691 1969
f 1487 4124 1486
f 878 3599 877
f 6649 6650 6529
f 6649 6529 6530
f 6649 6530 6531
f 6816 1197 6815
f 6812 1201 1171
f 6812 1200 1201
f 6812 6813 1200
f 6653 6526 6652
f 6653 6525 6526
f 6653 2361 6525
f 3241 3242 5939
f 6244 6245 3230
f 5950 5951 2936
f 4690 4691 1970
f 2674 2675 5288
f 5299 5300 2348
f 2947 2948 5624
f 5635 5636 2663
f 3598 3599 878
f 4123 4124 1487
f 4396 4397 1760
f 1981 1982 4385
f 889 890 3356
f 1183 1184 3587
f 6654 2361 6653
f 6654 2360 2361
f 6811 6812 1171
f 6811 1171 1172
f 7082 7088 4679
f 3231 6244 3230
f 5940 3241 5939
f 4680 7082 4679
f 2664 5635 2663
f 2937 5950 2936
f 5625 2947 5624
f 6234 493 6233
f 2349 5299 2348
f 5289 2674 5288
f 1761 4396 1760
f 3357 889 3356
f 3588 1183 3587
f 4386 1981 4385
f 1971 4690 1970
f 1488 4123 1487
f 879 3598 878
f 6722 7097 7098
f 6722 7098 7113
f 6744 1499 1500
f 6655 2359 2360
f 6655 2360 6654
f 6810 6811 1172
f 6810 1172 1173
f 3240 3241 5940
f 4689 4690 1971
f 2673 2674 5289
f 2946 2947 5625
f 6243 6244 3231
f 5298 5299 2349
f 5634 5635 2664
f 5949 5950 2937
f 4122 4123 1488
f 3597 3598 879
f 4395 4396 1761
f 1980 1981 4386
f 888 889 3357
f 1182 1183 3588
f 6721 6722 7113
f 6721 7113 7112
f 6745 1498 1499
f 6745 1499 6744
f 3232 6243 3231
f 6235 493 6234
f 4681 7082 4680
f 2665 5634 2664
f 2938 5949 2937
f 5941 3240 5940
f 5626 2946 5625
f 5290 2673 5289
f 1762 4395 1761
f 2350 5298 2349
f 4387 1980 4386
f 3358 888 3357
f 3589 1182 3588
f 1972 4689 1971
f 1489 4122 1488
f 880 3597 879
f 6656 2359 6655
f 6809 6810 1173
f 6720 6721 7112
f 6720 7112 7111
f 5633 5634 2665
f 3239 3240 5941
f 4688 4689 1972
f 2672 2673 5290
f 6242 6243 3232
f 5297 5298 2350
f 2945 2946 5626
f 5948 5949 2938
f 4394 4395 1762
f 4121 4122 1489
f 3596 3597 880
f 1979 1980 4387
f 887 888 3358
f 1181 1182 3589
f 6746 1497 1498
f 6746 1498 6745
f 2666 5633 2665
f 3233 6242 3232
f 6236 493 6235
f 2939 5948 2938
f 5942 3239 5941
f 5291 2672 5290
f 5627 2945 5626
f 2351 5297 2350
f 1763 4394 1762
f 3590 1181 3589
f 4388 1979 4387
f 3359 887 3358
f 1973 4688 1972
f 1490 4121 1489
f 881 3596 880
f 6719 6720 7111
f 6719 7111 7110
f 3238 3239 5942
f 6241 6242 3233
f 4393 4394 1763
f 886 887 3359
f 6237 493 6236
f 6747 1496 1497
f 6747 1497 6746
f 6718 6719 7110
f 6718 7110 7109
f 6748 1495 1496
f 6748 1496 6747
f 6717 6718 7109
f 6666 6667 2358
f 6666 2358 2359
f 6799 1175 6798
f 6799 1174 1175
f 6668 2358 6667
f 6668 2357 2358
f 6665 2359 6656
f 6665 6666 2359
f 6797 6798 1175
f 6797 1175 1176
f 6800 1174 6799
f 6800 1173 1174
f 6669 2357 6668
f 6669 2356 2357
f 6796 6797 1176
f 6796 1176 1177
f 6670 2356 6669
f 6670 2355 2356
f 6795 6796 1177
f 6671 2355 6670
f 6794 6795 1177
f 6794 1177 1178
f 6672 2354 2355
f 6672 2355 6671
f 6793 6794 1178
f 6661 6665 6656
f 6661 6656 6657
f 6661 6664 6665
f 6804 6809 1173
f 6804 6800 6801
f 6804 6808 6809
f 6804 1173 6800
f 6662 6664 6661
f 6660 6661 6657
f 6660 6657 6658
f 6803 6804 6801
f 6805 6807 6808
f 6805 6808 6804
f 6663 6664 6662
f 6659 6660 6658
f 6802 6803 6801
f 6806 6807 6805
f 6676 6674 6675
f 6710 6711 6712
f 6710 6712 6713
f 6710 6713 6714
f 6789 6790 6791
f 6755 6752 6753
f 6755 6753 6754
f 6677 6674 6676
f 6709 6710 6714
f 6788 6789 6791
f 6680 6677 6678
f 6680 6678 6679
f 6706 6707 6708
f 6706 6708 6709
f 6759 6756 6757
f 6759 6757 6758
f 6785 6786 6787
f 6785 6787 6788
f 6705 6706 6709
f 6705 6714 6715
f 6705 6709 6714
f 7076 4684 4685
f 6228 3236 3237
f 4968 7107 7106
f 3225 5945 5946
f 5934 2942 2943
f 2658 5294 5295
f 2931 5630 5631
f 5283 2354 6672
f 4674 1976 1977
f 5619 2669 2670
f 3918 1178 1179
f 3918 6793 1178
f 3918 6792 6793
f 4380 1766 1767
f 3351 3367 3368
f 3582 884 885
f 1167 3593 3594
f 1482 6755 6756
f 1482 6752 6755
f 873 3362 3363
f 3226 5945 3225
f 3226 5944 5945
f 6229 3235 3236
f 6229 3236 6228
f 2932 5629 5630
f 2932 5630 2931
f 4675 1976 4674
f 4675 1975 1976
f 2659 5294 2658
f 2659 5293 5294
f 4969 7107 4968
f 4969 7108 7107
f 5284 2354 5283
f 5284 2353 2354
f 5620 2668 2669
f 5620 2669 5619
f 5935 2942 5934
f 5935 2941 2942
f 3919 6792 3918
f 3919 6791 6792
f 3919 6788 6791
f 3583 883 884
f 3583 884 3582
f 4381 1766 4380
f 4381 1765 1766
f 3352 3366 3367
f 3352 3367 3351
f 874 3361 3362
f 874 3362 873
f 1168 3592 3593
f 1168 3593 1167
f 1483 6750 6751
f 1483 6751 6752
f 1483 6752 1482
f 7077 7076 4685
f 7077 4685 4686
f 6704 6705 6715
f 4967 7106 7105
f 4967 4968 7106
f 3224 5946 5947
f 3224 3225 5946
f 5933 2943 2944
f 5933 5934 2943
f 6227 3237 3238
f 6227 6228 3237
f 2657 2658 5295
f 2657 5295 5296
f 2930 5631 5632
f 2930 2931 5631
f 4673 4674 1977
f 4673 1977 1978
f 5282 6672 6673
f 5282 6673 6674
f 5282 5283 6672
f 5618 2670 2671
f 5618 5619 2670
f 3917 1179 1180
f 3917 3918 1179
f 4379 1767 1768
f 4379 4380 1767
f 3350 3368 3369
f 3350 3351 3368
f 3581 885 886
f 3581 3582 885
f 1166 3594 3595
f 1166 1167 3594
f 1481 6756 6759
f 1481 1482 6756
f 1481 6759 6760
f 872 3363 3364
f 872 873 3363
f 6230 3235 6229
f 6230 3234 3235
f 4970 7108 4969
f 4970 7109 7108
f 4970 6717 7109
f 5936 2941 5935
f 5936 2940 2941
f 3227 5943 5944
f 3227 5944 3226
f 2933 5628 5629
f 2933 5629 2932
f 2660 5293 2659
f 2660 5292 5293
f 4676 1975 4675
f 4676 1974 1975
f 5285 2352 2353
f 5285 2353 5284
f 5621 2668 5620
f 5621 2667 2668
f 3920 6784 6785
f 3920 6788 3919
f 3920 6785 6788
f 4382 1765 4381
f 4382 1764 1765
f 3353 3366 3352
f 3353 3365 3366
f 3584 883 3583
f 3584 882 883
f 1169 3592 1168
f 1169 3591 3592
f 1484 6750 1483
f 1484 6749 6750
f 875 3361 874
f 875 3360 3361
f 7078 7077 4686
f 7078 4686 4687
f 6226 3238 5942
f 6226 6227 3238
f 3223 5947 5948
f 3223 3224 5947
f 3223 5948 2939
f 5281 6677 6680
f 5281 5282 6674
f 5281 6674 6677
f 5281 6680 6681
f 5281 6681 6682
f 5617 2672 5291
f 5617 5618 2671
f 5617 2671 2672
f 4966 7105 7104
f 4966 4967 7105
f 5932 2944 2945
f 5932 5933 2944
f 5932 2945 5627
f 4672 1979 4388
f 4672 4673 1978
f 4672 1978 1979
f 2656 2657 5296
f 2656 5297 2351
f 2656 5296 5297
f 4378 4379 1768
f 4378 1768 1769
f 2929 5632 5633
f 2929 2930 5632
f 2929 5633 2666
f 3916 1180 1181
f 3916 1181 3590
f 3916 3917 1180
f 3580 886 3359
f 3580 3581 886
f 3349 3370 538
f 3349 3369 3370
f 3349 3350 3369
f 1165 1166 3595
f 1165 3595 3596
f 1165 3596 881
f 1480 1481 6760
f 1480 6760 6761
f 871 3364 3365
f 871 872 3364
f 6696 6693 6694
f 6696 6694 6695
f 6690 6691 6692
f 6690 6692 6693
f 6690 6693 6696
f 6769 6770 6771
f 6769 6771 6772
f 6775 6769 6772
f 6775 6772 6773
f 6775 6773 6774
f 3207 5942 5943
f 3207 6226 5942
f 3207 5943 3227
f 2640 5291 5292
f 2640 5292 2660
f 2640 5617 5291
f 4950 6717 4970
f 4950 6716 6717
f 5265 2351 2352
f 5265 2656 2351
f 5265 2352 5285
f 6210 6241 3233
f 6210 3233 3234
f 6210 3234 6230
f 2913 5627 5628
f 2913 5932 5627
f 2913 5628 2933
f 5601 2929 2666
f 5601 2667 5621
f 5601 2666 2667
f 5916 2940 5936
f 5916 3223 2939
f 5916 2939 2940
f 4656 1973 1974
f 4656 1974 4676
f 4362 1764 4382
f 4362 1763 1764
f 4362 4393 1763
f 3900 6782 6783
f 3900 6783 6784
f 3900 6784 3920
f 3333 3365 3353
f 3333 871 3365
f 3564 882 3584
f 3564 881 882
f 3564 1165 881
f 7079 1973 4656
f 7079 7078 4687
f 7079 4688 1973
f 7079 4687 4688
f 1149 3916 3590
f 1149 3591 1169
f 1149 3590 3591
f 1464 1495 6748
f 1464 6748 6749
f 1464 6749 1484
f 855 3360 875
f 855 3580 3359
f 855 3359 3360
f 6689 6690 6696
f 6697 6689 6696
f 6776 6769 6775
f 6776 6768 6769
f 6998 1490 1491
f 6998 4120 4121
f 6998 4121 1490
f 6998 1491 6997
f 3222 3223 5916
f 4965 4966 7116
f 5616 5617 2640
f 5280 5281 6682
f 5280 6682 6683
f 6225 6226 3207
f 2928 2929 5601
f 2655 2656 5265
f 5931 5932 2913
f 4671 4388 4389
f 4671 4672 4388
f 3915 3916 1149
f 4377 4378 274
f 3579 3580 855
f 1479 1480 6761
f 1479 6761 6762
f 1479 6762 6763
f 1164 1165 3564
f 870 871 3333
f 6996 1491 1492
f 6996 6997 1491
f 7080 7079 4656
f 7129 4965 7116
f 6211 6241 6210
f 6211 6240 6241
f 4951 6715 6716
f 4951 6704 6715
f 4951 6716 4950
f 3208 6225 3207
f 296 4377 274
f 5917 3222 5916
f 2641 5616 2640
f 2914 5931 2913
f 4657 7080 4656
f 5266 2655 5265
f 5602 2928 5601
f 3901 6781 6782
f 3901 6782 3900
f 3901 6780 6781
f 3334 870 3333
f 3565 1164 3564
f 1150 3915 1149
f 1465 1494 1495
f 1465 1495 1464
f 856 3579 855
f 6999 4120 6998
f 6995 1492 1493
f 6995 6996 1492
f 2654 2655 5266
f 4964 4965 7129
f 5279 5280 6683
f 5279 6683 6684
f 5279 6684 6685
f 5615 5616 2641
f 3221 3222 5917
f 6224 6225 3208
f 5930 5931 2914
f 3914 3915 1150
f 2927 2928 5602
f 4376 4377 296
f 3578 3579 856
f 1163 1164 3565
f 869 870 3334
f 1478 1479 6763
f 1478 6763 6764
f 1478 6764 6765
f 6994 1493 1494
f 6994 6995 1493
f 7081 7080 4657
f 7128 4964 7129
f 6212 6239 6240
f 6212 6240 6211
f 2642 5615 2641
f 5603 2927 5602
f 4952 6703 6704
f 4952 6704 4951
f 5918 3221 5917
f 3209 6224 3208
f 5267 2654 5266
f 2915 5930 2914
f 297 4376 296
f 4658 7081 4657
f 3566 1163 3565
f 3902 6780 3901
f 3902 6778 6779
f 3902 6779 6780
f 3335 869 3334
f 857 3578 856
f 1151 3914 1150
f 7011 309 310
f 6993 6994 1494
f 6993 1465 1466
f 6993 1494 1465
f 3220 3221 5918
f 6223 6224 3209
f 2653 2654 5267
f 4963 4964 7128
f 5278 5279 6685
f 5278 6685 6686
f 5929 5930 2915
f 5614 5615 2642
f 2926 2927 5603
f 3913 3914 1151
f 4375 4376 297
f 3577 3578 857
f 1162 1163 3566
f 1477 1478 6765
f 1477 6765 6766
f 1477 6766 6767
f 868 869 3335
f 7075 7081 4658
f 7127 4963 7128
f 6213 6238 6239
f 6213 6239 6212
f 4953 6701 6702
f 4953 6702 6703
f 4953 6703 4952
f 3210 6223 3209
f 5919 3220 5918
f 2643 5614 2642
f 2916 5929 2915
f 4659 7075 4658
f 5268 2653 5267
f 5604 2926 5603
f 298 4375 297
f 3903 6777 6778
f 3903 6778 3902
f 3567 1162 3566
f 3336 868 3335
f 1152 3913 1151
f 858 3577 857
f 7012 309 7011
f 7012 308 309
f 6397 4391 4392
f 6398 4390 4391
f 6398 4391 6397
f 6992 6993 1466
f 6992 1466 1467
f 6396 4362 4363
f 6396 4392 4393
f 6396 6397 4392
f 6396 4393 4362
f 5277 6686 6687
f 5277 6687 6688
f 5277 5278 6686
f 3219 3220 5919
f 6222 6223 3210
f 4962 4963 7127
f 2652 2653 5268
f 2925 2926 5604
f 5613 5614 2643
f 5928 5929 2916
f 3912 3913 1152
f 4374 4375 298
f 3576 3577 858
f 1161 1162 3567
f 1476 1477 6767
f 1476 6767 6768
f 867 868 3336
f 7013 308 7012
f 7013 307 308
f 6399 4671 4389
f 6399 4389 4390
f 6399 4390 6398
f 7126 4962 7127
f 3211 6222 3210
f 6214 6237 6238
f 6214 493 6237
f 6214 6238 6213
f 4954 6701 4953
f 5920 3219 5919
f 2644 5613 2643
f 2917 5928 2916
f 299 4374 298
f 5269 2652 5268
f 5605 2925 5604
f 4660 7075 4659
f 3904 1476 6768
f 3904 6768 6776
f 3904 6777 3903
f 3904 6776 6777
f 3568 1161 3567
f 3337 867 3336
f 1153 3912 1152
f 859 3576 858
f 6991 6992 1467
f 6991 1467 1468
f 7014 307 7013
f 3218 3219 5920
f 2651 2652 5269
f 4961 4962 7126
f 6221 6222 3211
f 306 307 7014
f 5612 5613 2644
f 5276 5277 6688
f 5927 5928 2917
f 2924 2925 5605
f 3911 3912 1153
f 4373 4374 299
f 3575 3576 859
f 1160 1161 3568
f 1475 1476 3904
f 866 867 3337
f 6395 6396 4363
f 6395 4363 4364
f 7125 4961 7126
f 2645 5612 2644
f 6215 493 6214
f 5606 2924 5605
f 5270 2651 5269
f 3212 6221 3211
f 300 4373 299
f 5921 3218 5920
f 2918 5927 2917
f 3905 1475 3904
f 3569 1160 3568
f 3338 866 3337
f 1154 3911 1153
f 860 3575 859
f 6990 6991 1468
f 6379 4669 4670
f 6379 4670 4671
f 6379 4671 6399
f 7015 306 7014
f 3217 3218 5921
f 5611 5612 2645
f 6220 6221 3212
f 305 306 7015
f 2923 2924 5606
f 1474 1475 3905
f 865 866 3338
f 6216 493 6215
f 7016 305 7015
f 6394 6395 4364
f 6394 4364 4365
f 6394 4365 4366
f 6380 4669 6379
f 6380 4668 4669
f 6393 6394 4366
f 6393 4366 4367
f 6381 4668 6380
f 6381 4667 4668
f 6392 6393 4367
f 6392 4367 4368
f 6382 4667 6381
f 6382 4666 4667
f 7069 4663 4664
f 3204 5924 5925
f 6207 3215 3216
f 2637 5273 5274
f 2910 5609 5610
f 4359 303 304
f 4107 1472 1473
f 5598 2648 2649
f 5913 2921 2922
f 5262 6699 6700
f 5262 6700 6701
f 2343 4958 4959
f 4947 7122 7121
f 4653 6386 6387
f 1965 4370 4371
f 3561 863 864
f 3897 1157 1158
f 3330 3346 3347
f 852 3341 3342
f 1461 3908 3909
f 1146 3572 3573
f 3205 5924 3204
f 3205 5923 5924
f 6208 3214 3215
f 6208 3215 6207
f 4654 6386 4653
f 2638 5272 5273
f 2638 5273 2637
f 2911 5609 2910
f 2911 5608 5609
f 5263 6698 6699
f 5263 6699 5262
f 5599 2647 2648
f 5599 2648 5598
f 5914 2920 2921
f 5914 2921 5913
f 2344 4957 4958
f 2344 4958 2343
f 4948 7122 4947
f 4948 7123 7122
f 1756 7020 1755
f 3331 3346 3330
f 3331 3345 3346
f 3898 1156 1157
f 3898 1157 3897
f 4108 1472 4107
f 4108 1471 1472
f 4360 303 4359
f 4360 302 303
f 1966 4370 1965
f 1966 4369 4370
f 3562 862 863
f 3562 863 3561
f 1462 3907 3908
f 1462 3908 1461
f 1147 3571 3572
f 1147 3572 1146
f 853 3340 3341
f 853 3341 852
f 7070 7069 4664
f 7070 4664 4665
f 3203 5925 5926
f 3203 3204 5925
f 6206 3216 3217
f 6206 6207 3216
f 4652 4653 6387
f 2636 5274 5275
f 2636 2637 5274
f 2909 2910 5610
f 2909 5610 5611
f 4946 4947 7121
f 4946 7121 7120
f 5597 2649 2650
f 5597 5598 2649
f 5261 4954 4955
f 5261 5262 6701
f 5261 6701 4954
f 4358 304 305
f 4358 305 7016
f 4358 4359 304
f 5912 2922 2923
f 5912 5913 2922
f 4106 4107 1473
f 4106 1473 1474
f 2342 2343 4959
f 2342 4959 4960
f 1964 4371 4372
f 1964 1965 4371
f 3560 864 865
f 3560 3561 864
f 3896 3897 1158
f 3896 1158 1159
f 3329 3330 3347
f 3329 3347 3348
f 851 3342 3343
f 851 852 3342
f 1460 3909 3910
f 1460 1461 3909
f 1145 3573 3574
f 1145 1146 3573
f 2639 5272 2638
f 2639 5271 5272
f 3206 5923 3205
f 3206 5922 5923
f 6209 3213 3214
f 6209 3214 6208
f 4655 6386 4654
f 4655 6385 6386
f 4949 7123 4948
f 4949 7124 7123
f 2912 5608 2911
f 2912 5607 5608
f 5600 2647 5599
f 5600 2646 2647
f 5915 2919 2920
f 5915 2920 5914
f 5264 6688 6689
f 5264 6689 6697
f 5264 6697 6698
f 5264 6698 5263
f 5264 5276 6688
f 4109 1471 4108
f 4109 1470 1471
f 2345 4957 2344
f 2345 4956 4957
f 1757 7020 1756
f 1757 7018 7019
f 1757 7019 7020
f 1967 6392 4368
f 1967 4368 4369
f 1967 6391 6392
f 1967 4369 1966
f 3563 862 3562
f 3563 861 862
f 3899 1156 3898
f 3899 1155 1156
f 4361 302 4360
f 4361 301 302
f 3332 3345 3331
f 3332 3344 3345
f 854 3340 853
f 854 3339 3340
f 1463 3906 3907
f 1463 3907 1462
f 1148 3571 1147
f 1148 3570 3571
f 7071 4666 6382
f 7071 4665 4666
f 7071 7070 4665
f 5596 2651 5270
f 5596 2650 2651
f 5596 5597 2650
f 3202 5926 5927
f 3202 3203 5926
f 3202 5927 2918
f 6205 3217 5921
f 6205 6206 3217
f 4651 6387 6388
f 4651 4652 6387
f 2635 5275 5276
f 2635 2636 5275
f 5911 2923 5606
f 5911 5912 2923
f 2908 2909 5611
f 2908 5611 2645
f 5260 5261 4955
f 2341 4961 7125
f 2341 4960 4961
f 2341 2342 4960
f 4945 4946 7120
f 4945 7120 7119
f 3895 1160 3569
f 3895 3896 1159
f 3895 1159 1160
f 3328 3348 3349
f 3328 3329 3348
f 4105 1474 3905
f 4105 4106 1474
f 4357 4358 7016
f 4357 7016 7017
f 1963 4372 4373
f 1963 1964 4372
f 1963 4373 300
f 3559 865 3338
f 3559 3560 865
f 1459 3910 3911
f 1459 3911 1154
f 1459 1460 3910
f 1144 3575 860
f 1144 3574 3575
f 1144 1145 3574
f 850 3343 3344
f 850 851 3343
f 3186 6205 5921
f 3186 5921 5922
f 3186 5922 3206
f 6189 3212 3213
f 6189 3213 6209
f 6189 6220 3212
f 2619 5596 5270
f 2619 5270 5271
f 2619 5271 2639
f 2892 5607 2912
f 2892 5911 5606
f 2892 5606 5607
f 5580 2908 2645
f 5580 2646 5600
f 5580 2645 2646
f 4635 6385 4655
f 4635 6384 6385
f 4929 7125 7124
f 4929 7124 4949
f 4929 2341 7125
f 1737 7018 1757
f 1737 7017 7018
f 3879 1155 3899
f 3879 1459 1154
f 3879 1154 1155
f 5244 5276 5264
f 5244 2635 5276
f 4089 1470 4109
f 4089 1469 1470
f 2325 4955 4956
f 2325 5260 4955
f 2325 4956 2345
f 5895 2918 2919
f 5895 3202 2918
f 5895 2919 5915
f 4341 1963 300
f 4341 301 4361
f 4341 300 301
f 3312 3344 3332
f 3312 850 3344
f 1947 6391 1967
f 1947 6390 6391
f 3543 860 861
f 3543 1144 860
f 3543 861 3563
f 7072 6382 6383
f 7072 7071 6382
f 1443 3905 3906
f 1443 3906 1463
f 1443 4105 3905
f 834 3339 854
f 834 3338 3339
f 834 3559 3338
f 1128 3570 1148
f 1128 3569 3570
f 1128 3895 3569
f 2634 2635 5244
f 2907 2908 5580
f 5595 5596 2619
f 3201 3202 5895
f 6204 6205 3186
f 2340 2341 4929
f 4944 4945 7131
f 5259 5260 2325
f 5910 5911 2892
f 4650 4651 6388
f 4650 6388 6389
f 4104 4105 1443
f 4356 4357 7017
f 4356 7017 1737
f 1962 1963 4341
f 3558 3559 834
f 3894 3895 1128
f 1458 1459 3879
f 849 850 3312
f 1143 1144 3543
f 7073 7072 6383
f 7073 6383 6384
f 7144 4944 7131
f 3187 6204 3186
f 6190 6219 6220
f 6190 6220 6189
f 4636 6384 4635
f 2620 5595 2619
f 4930 2340 4929
f 2893 5910 2892
f 5896 3201 5895
f 5581 2907 5580
f 2326 5259 2325
f 5245 2634 5244
f 3313 849 3312
f 3544 1143 3543
f 1738 4356 1737
f 3880 1458 3879
f 4342 1962 4341
f 1948 6390 1947
f 835 3558 834
f 1444 4104 1443
f 1129 3894 1128
f 2633 2634 5245
f 3200 3201 5896
f 5594 5595 2620
f 6203 6204 3187
f 4649 4650 6389
f 4943 4944 7144
f 2906 2907 5581
f 5909 5910 2893
f 5258 5259 2326
f 4103 4104 1444
f 2339 2340 4930
f 4355 4356 1738
f 1961 1962 4342
f 3557 3558 835
f 3893 3894 1129
f 848 849 3313
f 1457 1458 3880
f 1142 1143 3544
f 7074 7073 6384
f 7143 4943 7144
f 2621 5594 2620
f 6191 6219 6190
f 6191 6218 6219
f 5897 3200 5896
f 3188 6203 3187
f 4343 1961 4342
f 4931 2339 4930
f 4637 7074 6384
f 4637 6384 4636
f 5582 2906 5581
f 1739 4355 1738
f 5246 2633 5245
f 2894 5909 2893
f 3881 1457 3880
f 2327 5258 2326
f 3314 848 3313
f 3545 1142 3544
f 1949 4649 6389
f 1949 6390 1948
f 1949 6389 6390
f 1130 3893 1129
f 836 3557 835
f 1445 4103 1444
f 2632 2633 5246
f 5908 5909 2894
f 5257 5258 2327
f 5593 5594 2621
f 3199 3200 5897
f 6202 6203 3188
f 2338 2339 4931
f 4648 4649 1949
f 4942 4943 7143
f 2905 2906 5582
f 4354 4355 1739
f 4102 4103 1445
f 3556 3557 836
f 1960 1961 4343
f 3892 3893 1130
f 1456 1457 3881
f 1141 1142 3545
f 847 848 3314
f 7068 7074 4637
f 7142 4942 7143
f 3189 6202 3188
f 5898 3199 5897
f 6192 6218 6191
f 6192 6217 6218
f 4638 7068 4637
f 2622 5593 2621
f 5583 2905 5582
f 4932 2338 4931
f 2895 5908 2894
f 5247 2632 5246
f 2328 5257 2327
f 3546 1141 3545
f 1740 4354 1739
f 1950 4648 1949
f 3315 847 3314
f 3882 1456 3881
f 4344 1960 4343
f 837 3556 836
f 1446 4102 1445
f 1131 3892 1130
f 3198 3199 5898
f 6201 6202 3189
f 4647 4648 1950
f 2631 2632 5247
f 4941 4942 7142
f 2904 2905 5583
f 5592 5593 2622
f 5907 5908 2895
f 5256 5257 2328
f 4101 4102 1446
f 2337 2338 4932
f 4353 4354 1740
f 3555 3556 837
f 3891 3892 1131
f 1959 1960 4344
f 1455 1456 3882
f 846 847 3315
f 1140 1141 3546
f 7141 4941 7142
f 3190 6201 3189
f 6193 6217 6192
f 6193 6216 6217
f 2623 5592 2622
f 4639 7068 4638
f 2896 5907 2895
f 5584 2904 5583
f 5899 3198 5898
f 2329 5256 2328
f 4933 2337 4932
f 3547 1140 3546
f 5248 2631 5247
f 1741 4353 1740
f 3883 1455 3882
f 4345 1959 4344
f 1951 4647 1950
f 3316 846 3315
f 1447 4101 1446
f 1132 3891 1131
f 838 3555 837
f 2630 2631 5248
f 5255 5256 2329
f 5591 5592 2623
f 3197 3198 5899
f 6200 6201 3190
f 4940 4941 7141
f 5906 5907 2896
f 2903 2904 5584
f 4646 4647 1951
f 4100 4101 1447
f 2336 2337 4933
f 4352 4353 1741
f 1958 1959 4345
f 3554 3555 838
f 3890 3891 1132
f 1454 1455 3883
f 845 846 3316
f 1139 1140 3547
f 7140 4940 7141
f 2624 5591 2623
f 5585 2903 5584
f 5900 3197 5899
f 3191 6200 3190
f 6194 493 6216
f 6194 6216 6193
f 4934 2336 4933
f 5249 2630 5248
f 2897 5906 2896
f 1742 4352 1741
f 3884 1454 3883
f 2330 5255 2329
f 4346 1958 4345
f 1952 4646 1951
f 3548 1139 3547
f 3317 845 3316
f 1133 3890 1132
f 839 3554 838
f 1448 4100 1447
f 3196 3197 5900
f 6199 6200 3191
f 5254 5255 2330
f 2902 2903 5585
f 4099 4100 1448
f 2335 2336 4934
f 4351 4352 1742
f 3889 3890 1133
f 1453 1454 3884
f 844 845 3317
f 135 4642 4643
f 6186 3194 3195
f 4632 1955 1956
f 2616 5252 5253
f 5892 2900 2901
f 2889 5588 5589
f 3183 5903 5904
f 5577 2627 2628
f 2322 4937 4938
f 5241 2333 2334
f 4926 7137 7136
f 4338 1745 1746
f 3876 1136 1137
f 3540 842 843
f 4086 1451 1452
f 1944 4349 4350
f 3309 3325 3326
f 1125 3551 3552
f 831 3320 3321
f 1440 3887 3888
f 3184 5902 5903
f 3184 5903 3183
f 5893 2899 2900
f 5893 2900 5892
f 4633 1955 4632
f 4633 1954 1955
f 2890 5588 2889
f 2890 5587 5588
f 5578 2626 2627
f 5578 2627 5577
f 6187 3194 6186
f 6187 3193 3194
f 2617 5252 2616
f 2617 5251 5252
f 4927 7138 7137
f 4927 7137 4926
f 5242 2332 2333
f 5242 2333 5241
f 4087 1451 4086
f 4087 1450 1451
f 2323 4936 4937
f 2323 4937 2322
f 4339 1745 4338
f 4339 1744 1745
f 3541 841 842
f 3541 842 3540
f 3877 1136 3876
f 3877 1135 1136
f 3310 3324 3325
f 3310 3325 3309
f 1945 4348 4349
f 1945 4349 1944
f 1126 3550 3551
f 1126 3551 1125
f 832 3319 3320
f 832 3320 831
f 1441 3886 3887
f 1441 3887 1440
f 134 4643 4644
f 134 135 4643
f 6185 6186 3195
f 6185 3195 3196
f 3182 3183 5904
f 3182 5904 5905
f 4631 4632 1956
f 4631 1956 1957
f 2615 5253 5254
f 2615 2616 5253
f 4925 7136 7135
f 4925 4926 7136
f 2888 2889 5589
f 2888 5589 5590
f 5576 5577 2628
f 5576 2628 2629
f 5240 2334 2335
f 5240 5241 2334
f 5891 2901 2902
f 5891 5892 2901
f 2321 2322 4938
f 2321 4938 4939
f 4337 4338 1746
f 4337 1746 1747
f 3875 3876 1137
f 3875 1137 1138
f 3539 843 844
f 3539 3540 843
f 4085 1452 1453
f 4085 4086 1452
f 3308 3326 3327
f 3308 3309 3326
f 1943 1944 4350
f 1943 4350 4351
f 1124 3552 3553
f 1124 1125 3552
f 830 3321 3322
f 830 831 3321
f 1439 3888 3889
f 1439 1440 3888
f 3185 5902 3184
f 3185 5901 5902
f 6188 3193 6187
f 6188 3192 3193
f 4634 1953 1954
f 4634 1954 4633
f 2618 5250 5251
f 2618 5251 2617
f 4928 7139 7138
f 4928 7138 4927
f 2891 5586 5587
f 2891 5587 2890
f 5579 2625 2626
f 5579 2626 5578
f 5894 2898 2899
f 5894 2899 5893
f 5243 2331 2332
f 5243 2332 5242
f 3542 840 841
f 3542 841 3541
f 3878 1135 3877
f 3878 1134 1135
f 4088 1450 4087
f 4088 1449 1450
f 2324 4935 4936
f 2324 4936 2323
f 4340 1744 4339
f 4340 1743 1744
f 3311 3324 3310
f 3311 3323 3324
f 1946 4348 1945
f 1946 4347 4348
f 1442 3886 1441
f 1442 3885 3886
f 1127 3550 1126
f 1127 3549 3550
f 833 3318 3319
f 833 3319 832
f 133 134 4644
f 133 4644 4645
f 6184 3196 5900
f 6184 6185 3196
f 2614 2615 5254
f 2614 5254 2330
f 4924 7135 7134
f 4924 4925 7135
f 5575 5576 2629
f 5575 2630 5249
f 5575 2629 2630
f 4630 4631 1957
f 4630 1958 4346
f 4630 1957 1958
f 3181 3182 5905
f 3181 5905 5906
f 3181 5906 2897
f 5890 5891 2902
f 5890 2902 5585
f 5239 2335 4934
f 5239 5240 2335
f 2887 5591 2624
f 2887 5590 5591
f 2887 2888 5590
f 4084 4085 1453
f 4084 1453 3884
f 2320 4940 7140
f 2320 4939 4940
f 2320 2321 4939
f 4336 4337 1747
f 4336 1747 1748
f 3874 3875 1138
f 3874 1138 1139
f 3874 1139 3548
f 1942 1943 4351
f 1942 4351 1742
f 3538 3539 844
f 3538 844 3317
f 1123 3553 3554
f 1123 3554 839
f 1123 1124 3553
f 829 3322 3323
f 829 830 3322
f 1438 1439 3889
f 1438 3889 1133
f 3165 5901 3185
f 3165 5900 5901
f 3165 6184 5900
f 4614 1952 1953
f 4614 1953 4634
f 2598 5575 5249
f 2598 5249 5250
f 2598 5250 2618
f 4908 7140 7139
f 4908 7139 4928
f 4908 2320 7140
f 5559 2624 2625
f 5559 2625 5579
f 5559 2887 2624
f 2871 5890 5585
f 2871 5586 2891
f 2871 5585 5586
f 5874 2897 2898
f 5874 3181 2897
f 5874 2898 5894
f 6168 6199 3191
f 6168 3192 6188
f 6168 3191 3192
f 5223 2330 2331
f 5223 2331 5243
f 5223 2614 2330
f 4068 1449 4088
f 4068 1448 1449
f 2304 4934 4935
f 2304 4935 2324
f 2304 5239 4934
f 4320 1942 1742
f 4320 1742 1743
f 4320 1743 4340
f 3291 829 3323
f 3291 3323 3311
f 3858 1133 1134
f 3858 1438 1133
f 3858 1134 3878
f 3522 1123 839
f 3522 839 840
f 3522 840 3542
f 1926 4347 1946
f 1926 4630 4346
f 1926 4346 4347
f 132 4645 4646
f 132 133 4645
f 132 1952 4614
f 132 4646 1952
f 813 3318 833
f 813 3317 3318
f 813 3538 3317
f 1107 3548 3549
f 1107 3549 1127
f 1107 3874 3548
f 1422 3885 1442
f 1422 4084 3884
f 1422 3884 3885
f 2886 2887 5559
f 6183 6184 3165
f 3180 3181 5874
f 4629 4630 1926
f 2613 2614 5223
f 4923 4924 92
f 5889 5890 2871
f 5574 5575 2598
f 2319 2320 4908
f 4335 4336 1716
f 3873 3874 1107
f 5238 5239 2304
f 4083 4084 1422
f 1941 1942 4320
f 3537 3538 813
f 1122 1123 3522
f 828 829 3291
f 1437 1438 3858
f 131 132 4614
f 114 4923 92
f 6169 6198 6199
f 6169 6199 6168
f 3166 6183 3165
f 4615 131 4614
f 2599 5574 2598
f 4909 2319 4908
f 5875 3180 5874
f 2872 5889 2871
f 5560 2886 5559
f 2305 5238 2304
f 5224 2613 5223
f 1717 4335 1716
f 3859 1437 3858
f 3523 1122 3522
f 4321 1941 4320
f 3292 828 3291
f 1927 4629 1926
f 814 3537 813
f 1108 3873 1107
f 1423 4083 1422
f 6182 6183 3166
f 3179 3180 5875
f 4628 4629 1927
f 2612 2613 5224
f 4922 4923 114
f 2885 2886 5560
f 5573 5574 2599
f 5888 5889 2872
f 2318 2319 4909
f 4334 4335 1717
f 5237 5238 2305
f 3872 3873 1108
f 3536 3537 814
f 4082 4083 1423
f 1940 1941 4321
f 1121 1122 3523
f 1436 1437 3859
f 827 828 3292
f 115 4922 114
f 6170 6198 6169
f 6170 6197 6198
f 2600 5573 2599
f 4910 2318 4909
f 5225 2612 5224
f 2873 5888 2872
f 1718 4334 1717
f 5561 2885 5560
f 3167 6182 3166
f 5876 3179 5875
f 2306 5237 2305
f 3524 1121 3523
f 3860 1436 3859
f 4322 1940 4321
f 3293 827 3292
f 1928 4628 1927
f 1109 3872 1108
f 1424 4082 1423
f 815 3536 814
f 2611 2612 5225
f 3178 3179 5876
f 5887 5888 2873
f 6181 6182 3167
f 4627 4628 1928
f 4921 4922 115
f 2884 2885 5561
f 5572 5573 2600
f 2317 2318 4910
f 4333 4334 1718
f 5236 5237 2306
f 3871 3872 1109
f 3535 3536 815
f 4081 4082 1424
f 1939 1940 4322
f 1120 1121 3524
f 1435 1436 3860
f 826 827 3293
f 116 4921 115
f 6171 6197 6170
f 6171 6196 6197
f 5877 3178 5876
f 3168 6181 3167
f 2601 5572 2600
f 4911 2317 4910
f 2874 5887 2873
f 5562 2884 5561
f 5226 2611 5225
f 1719 4333 1718
f 3525 1120 3524
f 3861 1435 3860
f 2307 5236 2306
f 4323 1939 4322
f 3294 826 3293
f 1929 4627 1928
f 1110 3871 1109
f 816 3535 815
f 1425 4081 1424
f 4626 4627 1929
f 2610 2611 5226
f 4920 4921 116
f 5235 5236 2307
f 2883 2884 5562
f 5571 5572 2601
f 6180 6181 3168
f 3177 3178 5877
f 2316 2317 4911
f 4332 4333 1719
f 5886 5887 2874
f 3870 3871 1110
f 4080 4081 1425
f 1938 1939 4323
f 3534 3535 816
f 825 826 3294
f 1119 1120 3525
f 1434 1435 3861
f 117 4920 116
f 4912 2316 4911
f 5878 3177 5877
f 6172 6196 6171
f 6172 6195 6196
f 3169 6180 3168
f 2602 5571 2601
f 2875 5886 2874
f 1720 4332 1719
f 3862 1434 3861
f 5563 2883 5562
f 5227 2610 5226
f 2308 5235 2307
f 4324 1938 4323
f 3526 1119 3525
f 1930 4626 1929
f 3295 825 3294
f 1111 3870 1110
f 1426 4080 1425
f 817 3534 816
f 6460 3306 3307
f 6461 3304 3305
f 6461 3305 3306
f 6461 3306 6460
f 5570 5571 2602
f 3176 3177 5878
f 4625 4626 1930
f 2609 2610 5227
f 4919 4920 117
f 2882 2883 5563
f 5885 5886 2875
f 6179 6180 3169
f 5234 5235 2308
f 2315 2316 4912
f 4331 4332 1720
f 3533 3534 817
f 4079 4080 1426
f 3869 3870 1111
f 1937 1938 4324
f 1433 1434 3862
f 1118 1119 3526
f 824 825 3295
f 118 4919 117
f 6173 6195 6172
f 6173 6194 6195
f 5879 3176 5878
f 2603 5570 2602
f 4913 2315 4912
f 3170 6179 3169
f 5228 2609 5227
f 2876 5885 2875
f 1721 4331 1720
f 5564 2882 5563
f 2309 5234 2308
f 4325 1937 4324
f 3863 1433 3862
f 3527 1118 3526
f 3296 824 3295
f 1931 4625 1930
f 1112 3869 1111
f 1427 4079 1426
f 818 3533 817
f 6459 3307 3308
f 6459 3308 3327
f 6459 3327 3328
f 6459 6460 3307
f 6462 3303 3304
f 6462 3304 6461
f 3175 3176 5879
f 2608 2609 5228
f 5233 5234 2309
f 6178 6179 3170
f 4330 4331 1721
f 1936 1937 4325
f 1432 1433 3863
f 7066 130 131
f 7066 131 4615
f 7067 129 130
f 7067 130 7066
f 7065 4615 4616
f 7065 7066 4615
f 461 129 7067
f 6458 6459 3328
f 7064 4616 4617
f 7064 7065 4616
f 6442 3301 3302
f 6442 3302 3303
f 6442 3303 6462
f 7063 4617 4618
f 7063 7064 4617
f 456 123 124
f 7062 4618 4619
f 7062 7063 4618
f 6870 122 123
f 6870 123 456
f 6443 3299 3300
f 6443 3300 3301
f 6443 3301 6442
f 7061 4619 4620
f 7061 7062 4619
f 6871 122 6870
f 6871 121 122
f 7060 4620 4621
f 7060 7061 4620
f 6872 121 6871
f 7059 7060 4621
f 6444 3299 6443
f 6444 3298 3299
f 6445 3298 6444
f 6445 3297 3298
f 7053 4621 4622
f 7053 7059 4621
f 6165 3173 3174
f 4611 1934 1935
f 2595 5231 5232
f 4905 6872 6873
f 3162 5882 5883
f 2868 5567 5568
f 5871 2879 2880
f 5220 2312 2313
f 2301 4916 4917
f 3288 6454 6455
f 3855 1115 1116
f 5556 2606 2607
f 4065 1430 1431
f 4317 1724 1725
f 1923 4328 4329
f 3519 821 822
f 1104 3530 3531
f 1419 3866 3867
f 3163 5881 5882
f 3163 5882 3162
f 4612 1933 1934
f 4612 1934 4611
f 6166 3172 3173
f 6166 3173 6165
f 2302 4915 4916
f 2302 4916 2301
f 2596 5230 5231
f 2596 5231 2595
f 4906 6872 4905
f 4906 120 121
f 4906 121 6872
f 5221 2311 2312
f 5221 2312 5220
f 2869 5566 5567
f 2869 5567 2868
f 5557 2605 2606
f 5557 2606 5556
f 5872 2879 5871
f 5872 2878 2879
f 4318 1724 4317
f 4318 1723 1724
f 3289 6454 3288
f 3289 6453 6454
f 3856 1115 3855
f 3856 1114 1115
f 3520 821 3519
f 3520 820 821
f 4066 1429 1430
f 4066 1430 4065
f 1924 4327 4328
f 1924 4328 1923
f 1105 3529 3530
f 1105 3530 1104
f 811 6445 6446
f 811 6446 810
f 1420 3866 1419
f 1420 3865 3866
f 7054 4622 4623
f 7054 7053 4622
f 6164 3174 3175
f 6164 6165 3174
f 4610 1935 1936
f 4610 4611 1935
f 2594 5232 5233
f 2594 2595 5232
f 4904 6873 6874
f 4904 4905 6873
f 4904 6874 6875
f 5219 2313 2314
f 5219 5220 2313
f 3161 5883 5884
f 3161 3162 5883
f 2300 4917 4918
f 2300 2301 4917
f 5870 5871 2880
f 5870 2880 2881
f 2867 2868 5568
f 2867 5568 5569
f 5555 2607 2608
f 5555 5556 2607
f 3854 1116 1117
f 3854 3855 1116
f 4064 4065 1431
f 4064 1431 1432
f 4316 4317 1725
f 4316 1725 1726
f 1922 4329 4330
f 1922 1923 4329
f 3518 3519 822
f 3518 822 823
f 3287 3288 6455
f 1103 3531 3532
f 1103 1104 3531
f 1418 1419 3867
f 1418 3867 3868
f 809 6446 6447
f 809 810 6446
f 3164 5881 3163
f 3164 5880 5881
f 6167 3171 3172
f 6167 3172 6166
f 4613 1932 1933
f 4613 1933 4612
f 4907 119 120
f 4907 120 4906
f 5873 2878 5872
f 5873 2877 2878
f 2303 4915 2302
f 2303 4914 4915
f 2597 5229 5230
f 2597 5230 2596
f 5222 2310 2311
f 5222 2311 5221
f 2870 5566 2869
f 2870 5565 5566
f 3857 1113 1114
f 3857 1114 3856
f 5558 2604 2605
f 5558 2605 5557
f 4067 1428 1429
f 4067 1429 4066
f 4319 1722 1723
f 4319 1723 4318
f 3290 6453 3289
f 1925 4326 4327
f 1925 4327 1924
f 3521 819 820
f 3521 820 3520
f 1421 3864 3865
f 1421 3865 1420
f 812 3297 6445
f 812 6445 811
f 1106 3529 1105
f 1106 3528 3529
f 7055 4623 4624
f 7055 7054 4623
f 6882 6878 6879
f 6163 3175 5879
f 6163 6164 3175
f 3160 5884 5885
f 3160 5885 2876
f 3160 3161 5884
f 2866 5569 5570
f 2866 2867 5569
f 2866 5570 2603
f 4609 1936 4325
f 4609 4610 1936
f 2593 2594 5233
f 2593 5233 2309
f 4903 6875 6876
f 4903 4904 6875
f 5554 5555 2608
f 5554 2608 5228
f 5869 2882 5564
f 5869 5870 2881
f 5869 2881 2882
f 2299 4918 4919
f 2299 4919 118
f 2299 2300 4918
f 5218 5219 2314
f 5218 2314 2315
f 5218 2315 4913
f 4315 4316 1726
f 3853 3854 1117
f 3853 1118 3527
f 3853 1117 1118
f 1921 1922 4330
f 1921 4330 1721
f 3517 824 3296
f 3517 823 824
f 3517 3518 823
f 4063 1432 3863
f 4063 4064 1432
f 3286 6455 6456
f 3286 3287 6455
f 1102 1103 3532
f 1102 3532 3533
f 1102 3533 818
f 1417 1418 3868
f 1417 3868 3869
f 1417 3869 1112
f 808 809 6447
f 808 6447 6448
f 6881 6878 6882
f 4593 1931 1932
f 4593 1932 4613
f 2577 5228 5229
f 2577 5554 5228
f 2577 5229 2597
f 4887 2299 118
f 4887 118 119
f 4887 119 4907
f 5202 2309 2310
f 5202 2593 2309
f 5202 2310 5222
f 2850 5564 5565
f 2850 5869 5564
f 2850 5565 2870
f 3144 5880 3164
f 3144 5879 5880
f 3144 6163 5879
f 5853 2877 5873
f 5853 3160 2876
f 5853 2876 2877
f 2283 4914 2303
f 2283 5218 4913
f 2283 4913 4914
f 6147 3170 3171
f 6147 3171 6167
f 6147 6178 3170
f 4299 1721 1722
f 4299 1722 4319
f 4299 1921 1721
f 5538 2603 2604
f 5538 2866 2603
f 5538 2604 5558
f 3270 6452 6453
f 3270 6453 3290
f 3501 1102 818
f 3501 818 819
f 3501 819 3521
f 3837 1417 1112
f 3837 1112 1113
f 3837 1113 3857
f 4047 1427 1428
f 4047 1428 4067
f 1905 4325 4326
f 1905 4326 1925
f 1905 4609 4325
f 6880 6878 6881
f 7056 4624 4625
f 7056 7055 4624
f 7056 4625 1931
f 7056 1931 4593
f 792 3517 3296
f 792 3297 812
f 792 3296 3297
f 1086 3527 3528
f 1086 3853 3527
f 1086 3528 1106
f 1401 3864 1421
f 1401 3863 3864
f 1401 4063 3863
f 6162 6163 3144
f 3159 3160 5853
f 2298 2299 4887
f 4608 4609 1905
f 4902 6876 6877
f 4902 4903 6876
f 2865 2866 5538
f 5868 5869 2850
f 2592 2593 5202
f 5217 5218 2283
f 5553 5554 2577
f 3852 3853 1086
f 4062 4063 1401
f 4314 4315 1695
f 1920 1921 4299
f 3516 3517 792
f 1101 1102 3501
f 807 808 6448
f 1416 1417 3837
f 7057 7056 4593
f 6893 6877 6878
f 6893 6878 6880
f 6148 6177 6178
f 6148 6178 6147
f 4594 7057 4593
f 2578 5553 2577
f 4888 2298 4887
f 2851 5868 2850
f 3145 6162 3144
f 5854 3159 5853
f 2284 5217 2283
f 5203 2592 5202
f 1696 4314 1695
f 5539 2865 5538
f 3838 1416 3837
f 4300 1920 4299
f 3271 6451 6452
f 3271 6452 3270
f 1906 4608 1905
f 3502 1101 3501
f 1087 3852 1086
f 793 3516 792
f 1402 4062 1401
f 3158 3159 5854
f 6161 6162 3145
f 2297 2298 4888
f 4607 4608 1906
f 2591 2592 5203
f 4901 4902 6877
f 4901 6877 6893
f 5867 5868 2851
f 5216 5217 2284
f 2864 2865 5539
f 5552 5553 2578
f 3851 3852 1087
f 4061 4062 1402
f 4313 4314 1696
f 1919 1920 4300
f 3515 3516 793
f 806 6448 6449
f 806 807 6448
f 1415 1416 3838
f 1100 1101 3502
f 7058 7057 4594
f 6892 4901 6893
f 4595 7058 4594
f 2579 5552 2578
f 4889 2297 4888
f 5204 2591 5203
f 5540 2864 5539
f 3146 6161 3145
f 6149 6177 6148
f 6149 6176 6177
f 2285 5216 2284
f 5855 3158 5854
f 2852 5867 2851
f 1697 4313 1696
f 3272 6451 3271
f 3839 1415 3838
f 4301 1919 4300
f 1907 4607 1906
f 3503 1100 3502
f 1403 4061 1402
f 1088 3851 1087
f 794 3515 793
f 3157 3158 5855
f 6160 6161 3146
f 2296 2297 4889
f 4606 4607 1907
f 4900 4901 6892
f 2863 2864 5540
f 5866 5867 2852
f 2590 2591 5204
f 5215 5216 2285
f 5551 5552 2579
f 3850 3851 1088
f 4060 4061 1403
f 4312 4313 1697
f 1918 1919 4301
f 3514 3515 794
f 1414 1415 3839
f 1099 1100 3503
f 805 6449 6450
f 805 806 6449
f 7052 7058 4595
f 6891 4900 6892
f 6150 6175 6176
f 6150 6176 6149
f 4890 2296 4889
f 3147 6160 3146
f 5856 3157 5855
f 2286 5215 2285
f 4596 7052 4595
f 2580 5551 2579
f 5205 2590 5204
f 2853 5866 2852
f 1698 4312 1697
f 5541 2863 5540
f 3840 1414 3839
f 4302 1918 4301
f 3273 6450 6451
f 3273 6451 3272
f 3504 1099 3503
f 1908 4606 1907
f 1089 3850 1088
f 795 3514 794
f 1404 4060 1403
f 509 6456 6457
f 509 6457 6458
f 509 3286 6456
f 509 3328 3349
f 509 6458 3328
f 509 3283 3284
f 509 3284 3285
f 509 3285 3286
f 509 3349 538
f 511 509 512
f 510 509 511
f 4605 4606 1908
f 2589 2590 5205
f 4899 4900 6891
f 5214 5215 2286
f 2862 2863 5541
f 3156 3157 5856
f 6159 6160 3147
f 2295 2296 4890
f 5865 5866 2853
f 5550 5551 2580
f 4059 4060 1404
f 4311 4312 1698
f 1917 1918 4302
f 3513 3514 795
f 3849 3850 1089
f 804 805 6450
f 1413 1414 3840
f 1098 1099 3504
f 6890 4899 6891
f 4891 2295 4890
f 3148 6159 3147
f 6151 6174 6175
f 6151 6175 6150
f 4597 7052 4596
f 2581 5550 2580
f 5206 2589 5205
f 2854 5865 2853
f 5542 2862 5541
f 5857 3156 5856
f 2287 5214 2286
f 4303 1917 4302
f 1699 4311 1698
f 3841 1413 3840
f 3274 804 6450
f 3274 6450 3273
f 1909 4605 1908
f 3505 1098 3504
f 1405 4059 1404
f 1090 3849 1089
f 796 3513 795
f 3155 3156 5857
f 4604 4605 1909
f 2588 2589 5206
f 4898 4899 6890
f 5213 5214 2287
f 2861 2862 5542
f 5549 5550 2581
f 5864 5865 2854
f 6158 6159 3148
f 2294 2295 4891
f 3848 3849 1090
f 4058 4059 1405
f 4310 4311 1699
f 1916 1917 4303
f 3512 3513 796
f 1412 1413 3841
f 803 804 3274
f 1097 1098 3505
f 6889 4898 6890
f 6152 6173 6174
f 6152 6174 6151
f 2582 5549 2581
f 4892 2294 4891
f 5207 2588 5206
f 2855 5864 2854
f 5543 2861 5542
f 3149 6158 3148
f 5858 3155 5857
f 2288 5213 2287
f 1700 4310 1699
f 3842 1412 3841
f 4304 1916 4303
f 1910 4604 1909
f 3506 1097 3505
f 3275 803 3274
f 1406 4058 1405
f 1091 3848 1090
f 797 3512 796
f 2587 2588 5207
f 5212 5213 2288
f 2860 2861 5543
f 5548 5549 2582
f 3154 3155 5858
f 6157 6158 3149
f 4309 4310 1700
f 1915 1916 4304
f 3511 3512 797
f 1411 1412 3842
f 514 509 510
f 514 510 513
f 514 3283 509
f 514 516 515
f 514 513 516
f 514 3280 3281
f 514 3281 3282
f 514 3282 3283
f 3279 3280 514
f 7046 4600 4601
f 4590 1913 1914
f 2574 5210 5211
f 4884 6886 6885
f 5199 2291 2292
f 3141 5861 5862
f 6144 3152 3153
f 5535 2585 2586
f 5850 2858 2859
f 40 1409 1410
f 2280 4895 4896
f 3498 800 801
f 3834 1094 1095
f 4296 1703 1704
f 1902 4307 4308
f 1083 3509 3510
f 1398 3845 3846
f 3142 5860 5861
f 3142 5861 3141
f 6145 3152 6144
f 6145 3151 3152
f 4591 1912 1913
f 4591 1913 4590
f 2575 5210 2574
f 2575 5209 5210
f 4885 6887 6886
f 4885 6886 4884
f 5200 2290 2291
f 5200 2291 5199
f 5536 2585 5535
f 5536 2584 2585
f 5851 2858 5850
f 5851 2857 2858
f 2281 4895 2280
f 2281 4894 4895
f 3499 800 3498
f 3499 799 800
f 41 1408 1409
f 41 1409 40
f 3835 1093 1094
f 3835 1094 3834
f 4297 1702 1703
f 4297 1703 4296
f 1903 4307 1902
f 1903 4306 4307
f 1084 3508 3509
f 1084 3509 1083
f 1399 3845 1398
f 1399 3844 3845
f 7047 7046 4601
f 7047 4601 4602
f 4589 1914 1915
f 4589 4590 1914
f 2573 2574 5211
f 2573 5211 5212
f 4883 4884 6885
f 4883 6885 6884
f 5198 2292 2293
f 5198 5199 2292
f 3140 5862 5863
f 3140 3141 5862
f 6143 3153 3154
f 6143 6144 3153
f 5534 5535 2586
f 5534 2586 2587
f 5849 5850 2859
f 5849 2859 2860
f 39 1410 1411
f 39 40 1410
f 2279 2280 4896
f 2279 4896 4897
f 3833 1095 1096
f 3833 3834 1095
f 4295 1704 1705
f 4295 4296 1704
f 1901 1902 4308
f 1901 4308 4309
f 3497 801 802
f 3497 3498 801
f 1397 1398 3846
f 1397 3846 3847
f 1082 3510 3511
f 1082 1083 3510
f 2576 5209 2575
f 2576 5208 5209
f 4886 6888 6887
f 4886 6887 4885
f 3143 5860 3142
f 3143 5859 5860
f 6146 3151 6145
f 6146 3150 3151
f 4592 1911 1912
f 4592 1912 4591
f 5201 2289 2290
f 5201 2290 5200
f 5537 2584 5536
f 5537 2583 2584
f 5852 2857 5851
f 5852 2856 2857
f 42 1407 1408
f 42 1408 41
f 2282 4894 2281
f 2282 4893 4894
f 4298 1701 1702
f 4298 1702 4297
f 3500 799 3499
f 3500 798 799
f 3836 1093 3835
f 3836 1092 1093
f 1904 4306 1903
f 1904 4305 4306
f 1085 3507 3508
f 1085 3508 1084
f 1400 3843 3844
f 1400 3844 1399
f 7048 7047 4602
f 7048 4602 4603
f 6142 6143 3154
f 6142 3154 5858
f 3139 5863 5864
f 3139 5864 2855
f 3139 3140 5863
f 4588 1915 4304
f 4588 4589 1915
f 2572 5212 2288
f 2572 2573 5212
f 4882 6884 6883
f 4882 4883 6884
f 5197 2293 2294
f 5197 2294 4892
f 5197 5198 2293
f 5533 2587 5207
f 5533 5534 2587
f 5848 2860 5543
f 5848 5849 2860
f 2278 4898 6889
f 2278 4897 4898
f 2278 2279 4897
f 3832 1096 1097
f 3832 3833 1096
f 3832 1097 3506
f 38 39 1411
f 38 1411 3842
f 4294 1705 1706
f 4294 4295 1705
f 1900 4309 1700
f 1900 1901 4309
f 3496 802 803
f 3496 803 3275
f 3496 3497 802
f 1396 3847 3848
f 1396 3848 1091
f 1396 1397 3847
f 1081 3511 797
f 1081 1082 3511
f 4572 1910 1911
f 4572 1911 4592
f 2556 5208 2576
f 2556 5533 5207
f 2556 5207 5208
f 4866 2278 6889
f 4866 6889 6888
f 4866 6888 4886
f 5181 2572 2288
f 5181 2289 5201
f 5181 2288 2289
f 5517 2583 5537
f 5517 2582 2583
f 5517 5548 2582
f 6126 3150 6146
f 6126 3149 3150
f 6126 6157 3149
f 3123 5858 5859
f 3123 6142 5858
f 3123 5859 3143
f 2262 5197 4892
f 2262 4893 2282
f 2262 4892 4893
f 3480 1081 797
f 3480 797 798
f 3480 798 3500
f 1 1406 1407
f 1 1407 42
f 3816 1091 1092
f 3816 1396 1091
f 3816 1092 3836
f 4278 1700 1701
f 4278 1900 1700
f 4278 1701 4298
f 5832 3139 2855
f 5832 2856 5852
f 5832 2855 2856
f 7049 7048 4603
f 7049 4604 1910
f 7049 1910 4572
f 7049 4603 4604
f 1884 4305 1904
f 1884 4588 4304
f 1884 4304 4305
f 1065 3506 3507
f 1065 3832 3506
f 1065 3507 1085
f 1380 38 3842
f 1380 3843 1400
f 1380 3842 3843
f 3138 3139 5832
f 2571 2572 5181
f 4881 4882 6895
f 6141 6142 3123
f 2277 2278 4866
f 4587 4588 1884
f 5196 5197 2262
f 5532 5533 2556
f 5847 5543 5544
f 5847 5848 5543
f 37 38 1380
f 4293 4294 1674
f 3495 3275 3276
f 3495 3496 3275
f 3831 3832 1065
f 1899 1900 4278
f 1080 1081 3480
f 1395 1396 3816
f 7050 7049 4572
f 6908 4881 6895
f 4573 7050 4572
f 2557 5532 2556
f 4867 2277 4866
f 6127 6156 6157
f 6127 6157 6126
f 3124 6141 3123
f 5182 2571 5181
f 1675 4293 1674
f 5518 5548 5517
f 5833 3138 5832
f 2263 5196 2262
f 3817 1395 3816
f 3481 1080 3480
f 4279 1899 4278
f 1885 4587 1884
f 1066 3831 1065
f 1381 37 1380
f 2570 2571 5182
f 6140 6141 3124
f 4880 4881 6908
f 3137 3138 5833
f 4586 4587 1885
f 5195 5196 2263
f 5531 5532 2557
f 3830 3831 1066
f 3494 3495 3276
f 3494 3276 3277
f 3494 3277 3278
f 36 37 1381
f 2276 2277 4867
f 4292 4293 1675
f 1898 1899 4279
f 1079 1080 3481
f 1394 1395 3817
f 7051 7050 4573
f 6907 4880 6908
f 4574 7051 4573
f 2558 5531 2557
f 4868 2276 4867
f 5183 2570 5182
f 3125 6140 3124
f 5834 3137 5833
f 6128 6155 6156
f 6128 6156 6127
f 2264 5195 2263
f 1676 4292 1675
f 4280 1898 4279
f 3818 1394 3817
f 1886 4586 1885
f 3482 1079 3481
f 1067 3830 1066
f 1382 36 1381
f 6139 6140 3125
f 4585 4586 1886
f 2569 2570 5183
f 4879 4880 6907
f 3136 3137 5834
f 2275 2276 4868
f 5194 5195 2264
f 5530 5531 2558
f 35 36 1382
f 4291 4292 1676
f 3829 3830 1067
f 1897 1898 4280
f 3493 3494 3278
f 3493 3278 3279
f 1393 1394 3818
f 1078 1079 3482
f 7045 7051 4574
f 6906 4879 6907
f 2559 5530 2558
f 3126 6139 3125
f 6129 6154 6155
f 6129 6155 6128
f 4575 7045 4574
f 4869 2275 4868
f 5184 2569 5183
f 1677 4291 1676
f 5835 3136 5834
f 2265 5194 2264
f 3483 1078 3482
f 4281 1897 4280
f 3819 1393 3818
f 1887 4585 1886
f 1068 3829 1067
f 1383 35 1382
f 4584 4585 1887
f 2568 2569 5184
f 4878 4879 6906
f 5193 5194 2265
f 3135 3136 5835
f 6138 6139 3126
f 2274 2275 4869
f 5529 5530 2559
f 3492 3279 514
f 3492 3493 3279
f 3828 3829 1068
f 34 35 1383
f 4290 4291 1677
f 1896 1897 4281
f 1392 1393 3819
f 1077 1078 3483
f 789 5546 5547
f 790 5546 789
f 790 5545 5546
f 6905 4878 6906
f 3127 6138 3126
f 4576 7045 4575
f 2560 5529 2559
f 4870 2274 4869
f 5185 2568 5184
f 5836 3135 5835
f 6130 6154 6129
f 6130 6153 6154
f 2266 5193 2265
f 1678 4290 1677
f 4282 1896 4281
f 3820 1392 3819
f 1888 4584 1887
f 3484 1077 3483
f 1069 3828 1068
f 1384 34 1383
f 788 5547 5548
f 788 789 5547
f 788 5548 5518
f 791 5846 5847
f 791 5544 5545
f 791 5847 5544
f 791 5545 790
f 4583 4584 1888
f 2567 2568 5185
f 4877 4878 6905
f 5192 5193 2266
f 5528 5529 2560
f 3134 3135 5836
f 6137 6138 3127
f 2273 2274 4870
f 4289 4290 1678
f 3491 3492 514
f 3827 3828 1069
f 1895 1896 4282
f 1391 1392 3820
f 1076 1077 3484
f 6904 4877 6905
f 2561 5528 2560
f 4871 2273 4870
f 5186 2567 5185
f 6131 6152 6153
f 6131 6153 6130
f 3128 6137 3127
f 5837 3134 5836
f 2267 5192 2266
f 3821 1391 3820
f 1679 4289 1678
f 4283 1895 4282
f 1889 4583 1888
f 3485 1076 3484
f 1070 3827 1069
f 2566 2567 5186
f 5191 5192 2267
f 5527 5528 2561
f 3133 3134 5837
f 6136 6137 3128
f 2272 2273 4871
f 4288 4289 1679
f 3490 3491 514
f 1894 1895 4283
f 787 788 5518
f 787 5518 5519
f 787 5519 5520
f 771 5845 5846
f 771 5846 791
f 786 787 5520
f 786 5520 5521
f 772 5844 5845
f 772 5845 771
f 785 5521 5522
f 785 786 5521
f 773 5842 5843
f 773 5843 5844
f 773 5844 772
f 6987 31 32
f 6988 31 6987
f 6986 32 33
f 6986 6987 32
f 6989 29 30
f 6989 30 31
f 6989 31 6988
f 6985 34 1384
f 6985 33 34
f 6985 6986 33
f 784 5522 5523
f 784 785 5522
f 6984 1384 1385
f 6984 6985 1384
f 774 5842 773
f 6983 1385 1386
f 6983 6984 1385
f 6982 6983 1386
f 7023 1684 1685
f 7023 1685 7022
f 7039 4579 4580
f 4863 6901 6900
f 2847 5525 5526
f 3120 5840 5841
f 6123 3131 3132
f 4569 1892 1893
f 2553 5189 5190
f 5178 2270 2271
f 5514 2564 2565
f 2259 4874 4875
f 3813 1073 1074
f 4044 1388 1389
f 4275 1682 1683
f 1881 4286 4287
f 1377 3824 3825
f 423 470 6975
f 423 424 470
f 4570 1891 1892
f 4570 1892 4569
f 2554 5189 2553
f 2554 5188 5189
f 4864 6902 6901
f 4864 6901 4863
f 5179 2270 5178
f 5179 2269 2270
f 2848 5524 5525
f 2848 5525 2847
f 5515 2564 5514
f 5515 2563 2564
f 3121 5839 5840
f 3121 5840 3120
f 6124 3131 6123
f 6124 3130 3131
f 2260 4874 2259
f 2260 4873 4874
f 3814 1073 3813
f 3814 1072 1073
f 4045 1387 1388
f 4045 1388 4044
f 4276 1682 4275
f 4276 1681 1682
f 1882 4286 1881
f 1882 4285 4286
f 1378 3823 3824
f 1378 3824 1377
f 7040 7039 4580
f 7040 4580 4581
f 4862 6900 6899
f 4862 4863 6900
f 2846 5526 5527
f 2846 2847 5526
f 3119 5841 5842
f 3119 3120 5841
f 3119 5842 774
f 6122 6123 3132
f 6122 3132 3133
f 4568 1893 1894
f 4568 4569 1893
f 2552 2553 5190
f 2552 5190 5191
f 5177 5178 2271
f 5177 2271 2272
f 5513 5514 2565
f 5513 2565 2566
f 2258 2259 4875
f 2258 4875 4876
f 3812 3813 1074
f 3812 1074 1075
f 4043 1389 1390
f 4043 4044 1389
f 4274 1683 1684
f 4274 4275 1683
f 1880 1881 4287
f 1880 4287 4288
f 1376 3825 3826
f 1376 1377 3825
f 422 6975 6976
f 422 423 6975
f 4571 1890 1891
f 4571 1891 4570
f 2555 5188 2554
f 2555 5187 5188
f 4865 6902 4864
f 4865 6903 6902
f 5180 2269 5179
f 5180 2268 2269
f 2849 5523 5524
f 2849 783 784
f 2849 5524 2848
f 2849 784 5523
f 5516 2562 2563
f 5516 2563 5515
f 3122 5838 5839
f 3122 5839 3121
f 6125 3129 3130
f 6125 3130 6124
f 2261 4873 2260
f 2261 4872 4873
f 4277 1681 4276
f 4277 1680 1681
f 3815 1072 3814
f 3815 1071 1072
f 4046 1386 1387
f 4046 6982 1386
f 4046 1387 4045
f 1883 4284 4285
f 1883 4285 1882
f 1379 3822 3823
f 1379 3823 1378
f 7041 4581 4582
f 7041 7040 4581
f 4567 1894 4283
f 4567 4568 1894
f 2551 2552 5191
f 2551 5191 2267
f 4861 6899 6898
f 4861 4862 6899
f 5176 5177 2272
f 5176 2272 4871
f 2845 2846 5527
f 2845 5527 2561
f 5512 5513 2566
f 5512 2566 5186
f 3118 774 775
f 3118 3119 774
f 6121 6122 3133
f 6121 3133 5837
f 2257 2258 4876
f 2257 4877 6904
f 2257 4876 4877
f 4042 4043 1390
f 4042 1390 1391
f 4042 1391 3821
f 4273 1684 7023
f 4273 4274 1684
f 3811 1076 3485
f 3811 3812 1075
f 3811 1075 1076
f 1879 1880 4288
f 1879 4288 1679
f 1375 3826 3827
f 1375 1376 3826
f 1375 3827 1070
f 421 6976 6977
f 421 422 6976
f 2535 5187 2555
f 2535 5512 5186
f 2535 5186 5187
f 4845 2257 6904
f 4845 6903 4865
f 4845 6904 6903
f 5160 2551 2267
f 5160 2268 5180
f 5160 2267 2268
f 2829 783 2849
f 5496 2561 2562
f 5496 2845 2561
f 5496 2562 5516
f 3102 5837 5838
f 3102 6121 5837
f 3102 5838 3122
f 2241 4872 2261
f 2241 4871 4872
f 2241 5176 4871
f 4551 1889 1890
f 4551 1890 4571
f 6105 3128 3129
f 6105 6136 3128
f 6105 3129 6125
f 3795 1071 3815
f 3795 1375 1070
f 3795 1070 1071
f 4026 6982 4046
f 4026 6981 6982
f 4257 1879 1679
f 4257 1680 4277
f 4257 1679 1680
f 1863 4567 4283
f 1863 4283 4284
f 1863 4284 1883
f 7042 4583 1889
f 7042 7041 4582
f 7042 4582 4583
f 7042 1889 4551
f 1359 3821 3822
f 1359 4042 3821
f 1359 3822 1379
f 2844 2845 5496
f 3117 775 776
f 3117 3118 775
f 2550 2551 5160
f 4860 4861 6910
f 5175 5176 2241
f 5511 5512 2535
f 6120 6121 3102
f 2256 2257 4845
f 4566 4567 1863
f 3810 3485 3486
f 3810 3486 3487
f 3810 3811 3485
f 4041 4042 1359
f 1878 1879 4257
f 1374 1375 3795
f 420 6977 6978
f 420 421 6977
f 7043 7042 4551
f 6923 4860 6910
f 4846 2256 4845
f 2830 783 2829
f 2830 782 783
f 3103 6120 3102
f 6106 6136 6105
f 6106 6135 6136
f 2536 5511 2535
f 5161 2550 5160
f 5497 2844 5496
f 2242 5175 2241
f 4552 7043 4551
f 3796 1374 3795
f 4027 6981 4026
f 4027 6979 6980
f 4027 6980 6981
f 4258 1878 4257
f 1864 4566 1863
f 1360 4041 1359
f 2549 2550 5161
f 4859 4860 6923
f 5174 5175 2242
f 2843 2844 5497
f 5510 5511 2536
f 3809 3810 3487
f 3116 3117 776
f 6119 6120 3103
f 2255 2256 4846
f 4040 4041 1360
f 4565 4566 1864
f 1877 1878 4258
f 1373 1374 3796
f 419 6978 6979
f 419 420 6978
f 7044 7043 4552
f 6922 4859 6923
f 2537 5510 2536
f 4847 2255 4846
f 2831 781 782
f 2831 782 2830
f 5498 2843 5497
f 3104 6119 3103
f 6107 6134 6135
f 6107 6135 6106
f 2243 5174 2242
f 5162 2549 5161
f 4259 1877 4258
f 4553 7044 4552
f 1865 4565 1864
f 4028 419 6979
f 4028 6979 4027
f 3797 1373 3796
f 1361 4040 1360
f 2254 2255 4847
f 2548 2549 5162
f 4858 4859 6922
f 5173 5174 2243
f 2842 2843 5498
f 5509 5510 2537
f 3115 776 777
f 3115 3116 776
f 6118 6119 3104
f 4564 4565 1865
f 3808 3809 3487
f 3808 3487 3488
f 3808 3488 3489
f 4039 4040 1361
f 1876 1877 4259
f 1372 1373 3797
f 418 419 4028
f 7038 7044 4553
f 6921 4858 6922
f 2538 5509 2537
f 4848 2254 4847
f 5163 2548 5162
f 2832 780 781
f 2832 781 2831
f 5499 2842 5498
f 3105 6118 3104
f 6108 6133 6134
f 6108 6134 6107
f 2244 5173 2243
f 4554 7038 4553
f 3798 1372 3797
f 4029 418 4028
f 4260 1876 4259
f 1866 4564 1865
f 1362 4039 1361
f 2547 2548 5163
f 4857 4858 6921
f 5172 5173 2244
f 2841 2842 5499
f 3114 3115 777
f 3114 777 778
f 2253 2254 4848
f 5508 5509 2538
f 6117 6118 3105
f 4563 4564 1866
f 3807 3808 3489
f 3807 3489 3490
f 4038 4039 1362
f 1875 1876 4260
f 1371 1372 3798
f 417 418 4029
f 6920 4857 6921
f 2539 5508 2538
f 4849 2253 4848
f 5164 2547 5163
f 2833 780 2832
f 5500 2841 5499
f 3106 6117 3105
f 6109 6132 6133
f 6109 6133 6108
f 2245 5172 2244
f 4555 7038 4554
f 4261 1875 4260
f 3799 1371 3798
f 1867 4563 1866
f 4030 417 4029
f 1363 4038 1362
f 2546 2547 5164
f 4856 4857 6920
f 5171 5172 2245
f 2840 2841 5500
f 5507 5508 2539
f 2252 2253 4849
f 4562 4563 1867
f 6116 6117 3106
f 3806 3807 3490
f 3806 3490 514
f 4037 4038 1363
f 1874 1875 4261
f 1370 1371 3799
f 416 417 4030
f 6919 4856 6920
f 2540 5507 2539
f 4850 2252 4849
f 5165 2546 5164
f 5501 2840 5500
f 3107 6116 3106
f 6110 6131 6132
f 6110 6132 6109
f 2246 5171 2245
f 4031 416 4030
f 4262 1874 4261
f 1868 4562 1867
f 3800 1370 3799
f 1364 4037 1363
f 415 416 4031
f 5170 5171 2246
f 2839 2840 5501
f 5506 5507 2540
f 6115 6116 3107
f 3805 3806 514
f 1873 1874 4262
f 7032 4558 4559
f 6102 3110 3111
f 2532 5168 5169
f 4842 6916 6915
f 5493 2543 2544
f 5829 2837 2838
f 4548 1871 1872
f 5157 2249 2250
f 2826 5504 5505
f 1671 4034 4035
f 2238 4853 4854
f 4023 1367 1368
f 4254 413 414
f 3100 778 779
f 3100 779 3099
f 2533 5167 5168
f 2533 5168 2532
f 4843 6917 6916
f 4843 6916 4842
f 5158 2249 5157
f 5158 2248 2249
f 2827 5504 2826
f 2827 5503 5504
f 5494 2542 2543
f 5494 2543 5493
f 5830 2836 2837
f 5830 2837 5829
f 6103 3109 3110
f 6103 3110 6102
f 4549 1871 4548
f 4549 1870 1871
f 1672 4034 1671
f 1672 4033 4034
f 2239 4852 4853
f 2239 4853 2238
f 4024 1367 4023
f 4024 1366 1367
f 4255 412 413
f 4255 413 4254
f 7033 4559 4560
f 7033 7032 4559
f 3098 779 780
f 3098 2833 2834
f 3098 780 2833
f 3098 3099 779
f 6101 6102 3111
f 6101 3111 3112
f 2531 5169 5170
f 2531 2532 5169
f 4841 4842 6915
f 4841 6915 6914
f 5492 5493 2544
f 5492 2544 2545
f 5828 2838 2839
f 5828 5829 2838
f 4547 4548 1872
f 4547 1872 1873
f 5156 5157 2250
f 5156 2250 2251
f 2825 2826 5505
f 2825 5505 5506
f 1670 4035 4036
f 1670 1671 4035
f 2237 2238 4854
f 2237 4854 4855
f 4022 4023 1368
f 4022 1368 1369
f 4253 4254 414
f 4253 414 415
f 3101 3113 3114
f 3101 3114 778
f 3101 778 3100
f 2534 5167 2533
f 2534 5166 5167
f 4844 6917 4843
f 4844 6918 6917
f 5159 2248 5158
f 5159 2247 2248
f 2828 5503 2827
f 2828 5502 5503
f 1673 4032 4033
f 1673 4033 1672
f 5495 2542 5494
f 5495 2541 2542
f 5831 2835 2836
f 5831 2836 5830
f 6104 3108 3109
f 6104 3109 6103
f 2240 4851 4852
f 2240 4852 2239
f 4550 1870 4549
f 4550 1869 1870
f 4025 1366 4024
f 4025 1365 1366
f 4256 411 412
f 4256 412 4255
f 7034 4560 4561
f 7034 7033 4560
f 3097 3098 2834
f 2530 5170 2246
f 2530 2531 5170
f 4840 6914 6913
f 4840 4841 6914
f 5155 2252 4850
f 5155 5156 2251
f 5155 2251 2252
f 2824 2825 5506
f 2824 5506 2540
f 5491 5492 2545
f 5491 2545 2546
f 5491 2546 5165
f 5827 5828 2839
f 5827 2839 5501
f 6100 3112 3113
f 6100 6101 3112
f 4546 4547 1873
f 4546 1873 4262
f 2236 4856 6919
f 2236 2237 4855
f 2236 4855 4856
f 4252 415 4031
f 4252 4253 415
f 1669 4036 4037
f 1669 1670 4036
f 1669 4037 1364
f 4021 4022 1369
f 4021 1370 3800
f 4021 1369 1370
f 4824 2236 6919
f 4824 6919 6918
f 4824 6918 4844
f 5139 2530 2246
f 5139 2246 2247
f 5139 2247 5159
f 3081 3113 3101
f 3081 6100 3113
f 6084 3107 3108
f 6084 6115 3107
f 6084 3108 6104
f 2514 5165 5166
f 2514 5491 5165
f 2514 5166 2534
f 2808 5827 5501
f 2808 5501 5502
f 2808 5502 2828
f 1653 4252 4031
f 1653 4031 4032
f 1653 4032 1673
f 5475 2540 2541
f 5475 2824 2540
f 5475 2541 5495
f 5811 3097 2834
f 5811 2834 2835
f 5811 2835 5831
f 4005 1365 4025
f 4005 1669 1364
f 4005 1364 1365
f 4530 1869 4550
f 4530 1868 1869
f 2220 4850 4851
f 2220 4851 2240
f 2220 5155 4850
f 4236 410 411
f 4236 411 4256
f 4236 6960 410
f 7035 4562 1868
f 7035 4561 4562
f 7035 1868 4530
f 7035 7034 4561
f 3096 3097 5811
f 2529 2530 5139
f 4839 4840 6925
f 5154 5155 2220
f 2823 2824 5475
f 5490 5491 2514
f 5826 5827 2808
f 6099 6100 3081
f 2235 2236 4824
f 1668 1669 4005
f 4020 4021 3800
f 4020 3800 3801
f 4251 4252 1653
f 6961 6960 4236
f 7036 7035 4530
f 6938 4839 6925
f 3082 6099 3081
f 6085 6115 6084
f 6085 6114 6115
f 4825 2235 4824
f 5476 2823 5475
f 5812 3096 5811
f 4531 7036 4530
f 2515 5490 2514
f 5140 2529 5139
f 2809 5826 2808
f 1654 4251 1653
f 2221 5154 2220
f 4006 1668 4005
f 4237 6961 4236
f 3095 3096 5812
f 2528 2529 5140
f 4838 4839 6938
f 5153 5154 2221
f 2822 2823 5476
f 1667 1668 4006
f 5489 5490 2515
f 5825 5826 2809
f 6098 6099 3082
f 2234 2235 4825
f 4019 4020 3801
f 4019 3801 3802
f 4019 3802 3803
f 4250 4251 1654
f 6962 6961 4237
f 7037 7036 4531
f 6937 4838 6938
f 3083 6098 3082
f 5813 3095 5812
f 6086 6114 6085
f 6086 6113 6114
f 2516 5489 2515
f 4826 2234 4825
f 5141 2528 5140
f 5477 2822 5476
f 2222 5153 2221
f 4532 7037 4531
f 2810 5825 2809
f 1655 4250 1654
f 4007 1667 4006
f 4238 6962 4237
f 3094 3095 5813
f 2527 2528 5141
f 4837 4838 6937
f 5152 5153 2222
f 2821 2822 5477
f 5488 5489 2516
f 5824 5825 2810
f 6097 6098 3083
f 2233 2234 4826
f 1666 1667 4007
f 4018 4019 3803
f 4249 4250 1655
f 6963 6962 4238
f 7031 7037 4532
f 6936 4837 6937
f 3084 6097 3083
f 4827 2233 4826
f 5142 2527 5141
f 2811 5824 2810
f 5478 2821 5477
f 5814 3094 5813
f 6087 6113 6086
f 6087 6112 6113
f 2223 5152 2222
f 4533 7031 4532
f 2517 5488 2516
f 1656 4249 1655
f 4008 1666 4007
f 4239 6963 4238
f 2526 2527 5142
f 3093 3094 5814
f 4836 4837 6936
f 5151 5152 2223
f 2820 2821 5478
f 5487 5488 2517
f 6096 6097 3084
f 1665 1666 4008
f 5823 5824 2811
f 2232 2233 4827
f 4017 4018 3803
f 4017 3803 3804
f 4248 4249 1656
f 6964 6963 4239
f 6935 4836 6936
f 4828 2232 4827
f 5143 2526 5142
f 2812 5823 2811
f 5479 2820 5478
f 3085 6096 3084
f 5815 3093 5814
f 6088 6112 6087
f 6088 6111 6112
f 4534 7031 4533
f 2518 5487 2517
f 2224 5151 2223
f 1657 4248 1656
f 4009 1665 4008
f 4240 6964 4239
f 2525 2526 5143
f 4835 4836 6935
f 5486 5487 2518
f 3092 3093 5815
f 6095 6096 3085
f 5150 5151 2224
f 2819 2820 5479
f 1664 1665 4009
f 5822 5823 2812
f 2231 2232 4828
f 4016 3804 3805
f 4016 4017 3804
f 4247 4248 1657
f 6965 6964 4240
f 6934 4835 6935
f 2519 5486 2518
f 4829 2231 4828
f 5480 2819 5479
f 3086 6095 3085
f 5816 3092 5815
f 6089 6111 6088
f 6089 6110 6111
f 5144 2525 5143
f 2225 5150 2224
f 2813 5822 2812
f 1658 4247 1657
f 4241 6965 4240
f 4010 1664 4009
f 2524 2525 5144
f 5485 5486 2519
f 6094 6095 3086
f 2818 2819 5480
f 1663 1664 4010
f 5821 5822 2813
f 4246 4247 1658
f 4011 1663 4010
f 7027 7028 4537
f 7027 4537 4538
f 7029 4537 7028
f 7029 4536 4537
f 7030 4536 7029
f 7030 4535 4536
f 7026 4538 4539
f 7026 7027 4538
f 6939 6929 6928
f 6376 4242 4243
f 6376 4243 4244
f 6377 4241 4242
f 6377 4242 6376
f 6375 6376 4244
f 6375 4244 4245
f 6378 6966 6965
f 6378 4241 6377
f 6378 6965 4241
f 6081 3089 3090
f 4821 6931 6930
f 3078 5819 5820
f 5808 2816 2817
f 5136 2228 2229
f 2805 5483 5484
f 5472 2522 2523
f 2217 4832 4833
f 4527 6968 6967
f 2511 5147 5148
f 4822 6931 4821
f 4822 6932 6931
f 2806 5483 2805
f 2806 5482 5483
f 5473 2522 5472
f 5473 2521 2522
f 3079 5819 3078
f 3079 5818 5819
f 5809 2815 2816
f 5809 2816 5808
f 6082 3089 6081
f 6082 3088 3089
f 5137 2228 5136
f 5137 2227 2228
f 2218 4831 4832
f 2218 4832 2217
f 4528 6969 6968
f 4528 6968 4527
f 2512 5146 5147
f 2512 5147 2511
f 6080 6081 3090
f 6080 3090 3091
f 4820 4821 6930
f 4820 6930 6929
f 3077 3078 5820
f 3077 5820 5821
f 5807 2817 2818
f 5807 5808 2817
f 5135 5136 2229
f 5135 2229 2230
f 2804 2805 5484
f 2804 5484 5485
f 5471 2523 2524
f 5471 5472 2523
f 2216 2217 4833
f 2216 4833 4834
f 4526 6967 6966
f 4526 4527 6967
f 2510 5148 5149
f 2510 2511 5148
f 4823 6932 4822
f 4823 6933 6932
f 2807 5482 2806
f 2807 5481 5482
f 5474 2520 2521
f 5474 2521 5473
f 3080 5818 3079
f 3080 5817 5818
f 5810 2814 2815
f 5810 2815 5809
f 6083 3088 6082
f 6083 3087 3088
f 2219 4830 4831
f 2219 4831 2218
f 4529 6970 6969
f 4529 6969 4528
f 2513 5145 5146
f 2513 5146 2512
f 5138 2226 2227
f 5138 2227 5137
f 6374 6375 4245
f 6374 4245 4246
f 6374 4246 1658
f 4819 4820 6929
f 4819 6939 6940
f 4819 6929 6939
f 2803 2804 5485
f 2803 5485 2519
f 5470 5471 2524
f 5470 2524 5144
f 3076 3077 5821
f 3076 5821 2813
f 5806 2818 5480
f 5806 5807 2818
f 6079 3092 5816
f 6079 6080 3091
f 6079 3091 3092
f 5134 2230 2231
f 5134 2231 4829
f 5134 5135 2230
f 2215 4834 4835
f 2215 4835 6934
f 2215 2216 4834
f 4525 6966 6378
f 4525 4526 6966
f 2509 2510 5149
f 2509 5150 2225
f 2509 5149 5150
f 3060 5817 3080
f 3060 6079 5816
f 3060 5816 5817
f 6063 3087 6083
f 6063 6094 3086
f 6063 3086 3087
f 4803 2215 6934
f 4803 6933 4823
f 4803 6934 6933
f 2787 5481 2807
f 2787 5806 5480
f 2787 5480 5481
f 5118 2225 2226
f 5118 2509 2225
f 5118 2226 5138
f 5454 2803 2519
f 5454 2519 2520
f 5454 2520 5474
f 4509 6953 6954
f 4509 6954 6971
f 4509 6971 6970
f 4509 6970 4529
f 5790 2813 2814
f 5790 3076 2813
f 5790 2814 5810
f 2199 4829 4830
f 2199 5134 4829
f 2199 4830 2219
f 2493 5144 5145
f 2493 5145 2513
f 2493 5470 5144
f 6358 4525 6378
f 3075 3076 5790
f 4818 4819 6940
f 4818 6940 6941
f 2802 2803 5454
f 5133 5134 2199
f 5469 5470 2493
f 5805 5806 2787
f 6078 6079 3060
f 2214 2215 4803
f 4524 4525 6358
f 2508 2509 5118
f 6064 6093 6094
f 6064 6094 6063
f 4804 2214 4803
f 3061 6078 3060
f 5791 3075 5790
f 2788 5805 2787
f 5119 2508 5118
f 5455 2802 5454
f 2200 5133 2199
f 4510 6952 6953
f 4510 6953 4509
f 2494 5469 2493
f 6373 6374 1658
f 6373 1658 1659
f 4817 4818 6941
f 4817 6941 6942
f 2801 2802 5455
f 5132 5133 2200
f 5468 5469 2494
f 3074 3075 5791
f 5804 5805 2788
f 6077 6078 3061
f 2213 2214 4804
f 2507 2508 5119
f 6065 6093 6064
f 6065 6092 6093
f 4805 2213 4804
f 5456 2801 5455
f 3062 6077 3061
f 5792 3074 5791
f 2201 5132 2200
f 4511 6951 6952
f 4511 6952 4510
f 2495 5468 2494
f 2789 5804 2788
f 5120 2507 5119
f 6359 4523 4524
f 6359 4524 6358
f 4816 4817 6942
f 4816 6942 6943
f 2800 2801 5456
f 5131 5132 2201
f 5467 5468 2495
f 3073 3074 5792
f 5803 5804 2789
f 6076 6077 3062
f 2212 2213 4805
f 4522 4523 6359
f 2506 2507 5120
f 4806 2212 4805
f 2790 5803 2789
f 5457 2800 5456
f 3063 6076 3062
f 5793 3073 5792
f 6066 6092 6065
f 6066 6091 6092
f 2202 5131 2201
f 4512 6950 6951
f 4512 6951 4511
f 2496 5467 2495
f 5121 2506 5120
f 3072 3073 5793
f 2799 2800 5457
f 6075 6076 3063
f 4815 4816 6943
f 4815 6943 6944
f 5130 5131 2202
f 5466 5467 2496
f 5802 5803 2790
f 2211 2212 4806
f 2505 2506 5121
f 6360 4521 4522
f 6360 4522 6359
f 4807 2211 4806
f 2791 5802 2790
f 5458 2799 5457
f 3064 6075 3063
f 5794 3072 5793
f 6067 6091 6066
f 6067 6090 6091
f 5122 2505 5121
f 2203 5130 2202
f 2497 5466 2496
f 4513 6950 4512
f 4513 6949 6950
f 3071 3072 5794
f 4814 4815 6944
f 4814 6944 6945
f 2798 2799 5458
f 5129 5130 2203
f 5465 5466 2497
f 6074 6075 3064
f 5801 5802 2791
f 2210 2211 4807
f 2504 2505 5122
f 6615 1659 1660
f 6604 1661 1662
f 6605 1660 1661
f 6605 1661 6604
f 6616 6373 1659
f 6616 1659 6615
f 4808 2210 4807
f 5795 3071 5794
f 6068 6090 6067
f 6068 6089 6090
f 5459 2798 5458
f 3065 6074 3064
f 2204 5129 2203
f 2498 5465 2497
f 2792 5801 2791
f 5123 2504 5122
f 6606 1660 6605
f 6603 1662 1663
f 6603 6604 1662
f 6614 1660 6606
f 6614 6615 1660
f 6617 6373 6616
f 6602 6603 1663
f 6602 1663 4011
f 6618 6373 6617
f 6618 6372 6373
f 6613 6614 6606
f 6613 6606 6607
f 6601 4011 4012
f 6601 6602 4011
f 6619 6372 6618
f 6073 6074 3065
f 5800 5801 2792
f 2503 2504 5123
f 6371 6372 6619
f 6600 4012 4013
f 6600 6601 4012
f 6620 6371 6619
f 6599 4013 4014
f 6599 6600 4013
f 6621 6371 6620
f 6610 6613 6607
f 6361 4519 4520
f 6361 4520 4521
f 6361 4521 6360
f 6622 6371 6621
f 6609 6610 6607
f 6611 6613 6610
f 6612 6613 6611
f 6608 6609 6607
f 6370 6622 6623
f 6370 6371 6622
f 6362 4518 4519
f 6362 4519 6361
f 6595 6596 6597
f 6625 6623 6624
f 6626 6623 6625
f 6626 6370 6623
f 6594 6595 6597
f 6565 6626 6627
f 6565 6627 6628
f 6565 6370 6626
f 6591 6594 6597
f 6591 6592 6593
f 6591 6593 6594
f 6566 6369 6370
f 6566 6370 6565
f 6590 6591 6597
f 6590 6597 6598
f 6567 6369 6566
f 6589 6590 6598
f 6589 6599 4014
f 6589 6598 6599
f 6568 6369 6567
f 6588 4014 4015
f 6588 6589 4014
f 6587 4015 4016
f 6587 3805 514
f 6587 4016 3805
f 6587 6588 4015
f 6575 6576 6577
f 6575 6577 6578
f 6581 6575 6578
f 6581 6578 6579
f 6581 6579 6580
f 6586 6587 514
f 6574 6575 6581
f 6582 6574 6581
f 6583 6573 6574
f 6583 6574 6582
f 6060 3068 3069
f 3057 5798 5799
f 4506 6367 6368
f 4800 6947 6948
f 2784 5462 5463
f 5115 2207 2208
f 5451 2501 2502
f 5787 2795 2796
f 2196 4811 4812
f 2490 5126 5127
f 2091 4517 4518
f 3058 5797 5798
f 3058 5798 3057
f 6061 3068 6060
f 6061 3067 3068
f 4801 6947 4800
f 4801 6946 6947
f 2785 5461 5462
f 2785 5462 2784
f 5116 2206 2207
f 5116 2207 5115
f 5452 2501 5451
f 5452 2500 2501
f 5788 2794 2795
f 5788 2795 5787
f 4507 6366 6367
f 4507 6367 4506
f 2491 5125 5126
f 2491 5126 2490
f 2197 4811 2196
f 2197 4810 4811
f 2092 4516 4517
f 2092 4517 2091
f 6059 6060 3069
f 6059 3069 3070
f 3056 3057 5799
f 3056 5799 5800
f 4799 4800 6948
f 4799 6949 4513
f 4799 6948 6949
f 2783 5463 5464
f 2783 2784 5463
f 5114 2208 2209
f 5114 5115 2208
f 5450 2502 2503
f 5450 5451 2502
f 5786 2796 2797
f 5786 5787 2796
f 2195 2196 4812
f 2195 4812 4813
f 4505 4506 6368
f 2489 5127 5128
f 2489 2490 5127
f 2090 6362 6363
f 2090 4518 6362
f 2090 2091 4518
f 4802 4814 6945
f 4802 6946 4801
f 4802 6945 6946
f 3059 5797 3058
f 3059 5796 5797
f 5789 2794 5788
f 5789 2793 2794
f 6062 3066 3067
f 6062 3067 6061
f 4508 6366 4507
f 2492 5124 5125
f 2492 5125 2491
f 2786 5460 5461
f 2786 5461 2785
f 5117 2205 2206
f 5117 2206 5116
f 5453 2499 2500
f 5453 2500 5452
f 2198 4810 2197
f 2198 4809 4810
f 2093 4515 4516
f 2093 4516 2092
f 3055 3056 5800
f 3055 5800 2792
f 5785 2797 2798
f 5785 5786 2797
f 5785 2798 5459
f 6058 6059 3070
f 6058 3071 5795
f 6058 3070 3071
f 4798 4513 4514
f 4798 4799 4513
f 5113 2209 2210
f 5113 5114 2209
f 5113 2210 4808
f 5449 5450 2503
f 5449 2503 5123
f 2488 5129 2204
f 2488 5128 5129
f 2488 2489 5128
f 2782 5465 2498
f 2782 5464 5465
f 2782 2783 5464
f 2194 2195 4813
f 2194 4813 4814
f 4504 6368 6369
f 4504 6369 6568
f 4504 4505 6368
f 4504 6568 6569
f 2089 6363 6364
f 2089 2090 6363
f 3039 5796 3059
f 3039 5795 5796
f 3039 6058 5795
f 4782 2194 4814
f 4782 4814 4802
f 6042 3066 6062
f 6042 6073 3065
f 6042 3065 3066
f 4488 6366 4508
f 4488 6365 6366
f 2766 5459 5460
f 2766 5785 5459
f 2766 5460 2786
f 5097 2204 2205
f 5097 2488 2204
f 5097 2205 5117
f 5433 2498 2499
f 5433 2782 2498
f 5433 2499 5453
f 5769 2793 5789
f 5769 3055 2792
f 5769 2792 2793
f 2178 4809 2198
f 2178 5113 4808
f 2178 4808 4809
f 2472 5123 5124
f 2472 5449 5123
f 2472 5124 2492
f 2073 4514 4515
f 2073 4798 4514
f 2073 4515 2093
f 5448 5449 2472
f 3054 3055 5769
f 6057 6058 3039
f 4503 6569 6570
f 4503 4504 6569
f 4797 4798 2073
f 2781 2782 5433
f 5112 5113 2178
f 5784 5785 2766
f 2193 2194 4782
f 2487 2488 5097
f 2088 2089 6364
f 6043 6072 6073
f 6043 6073 6042
f 3040 6057 3039
f 4783 2193 4782
f 2767 5784 2766
f 5098 2487 5097
f 5434 2781 5433
f 5770 3054 5769
f 2179 5112 2178
f 2473 5448 2472
f 4489 6364 6365
f 4489 6365 4488
f 2074 4797 2073
f 4796 4797 2074
f 5111 5112 2179
f 5447 5448 2473
f 3053 3054 5770
f 6056 6057 3040
f 2192 2193 4783
f 2486 2487 5098
f 4502 4503 6570
f 4502 6570 6571
f 4502 6571 6572
f 2780 2781 5434
f 5783 5784 2767
f 2087 2088 6364
f 2087 6364 4489
f 3041 6056 3040
f 5771 3053 5770
f 6044 6071 6072
f 6044 6072 6043
f 2474 5447 2473
f 4784 2192 4783
f 2768 5783 2767
f 5099 2486 5098
f 5435 2780 5434
f 2180 5111 2179
f 4490 2087 4489
f 2075 4796 2074
f 4795 4796 2075
f 5110 5111 2180
f 3052 3053 5771
f 5782 5783 2768
f 6055 6056 3041
f 2191 2192 4784
f 2485 2486 5099
f 2779 2780 5435
f 5446 5447 2474
f 4501 6572 6573
f 4501 4502 6572
f 2086 2087 4490
f 4785 2191 4784
f 3042 6055 3041
f 5772 3052 5771
f 6045 6071 6044
f 6045 6070 6071
f 2475 5446 2474
f 2769 5782 2768
f 5100 2485 5099
f 5436 2779 5435
f 2181 5110 2180
f 4491 2086 4490
f 2076 4795 2075
f 3051 3052 5772
f 6054 6055 3042
f 4794 4795 2076
f 2778 2779 5436
f 5109 5110 2181
f 5445 5446 2475
f 5781 5782 2769
f 2190 2191 4785
f 2484 2485 5100
f 4500 6573 6583
f 4500 4501 6573
f 2085 2086 4491
f 3043 6054 3042
f 5773 3051 5772
f 6046 6069 6070
f 6046 6070 6045
f 5437 2778 5436
f 2476 5445 2475
f 4786 2190 4785
f 2770 5781 2769
f 5101 2484 5100
f 2182 5109 2181
f 4492 2085 4491
f 2077 4794 2076
f 3050 3051 5773
f 5444 5445 2476
f 6053 6054 3043
f 4793 4794 2077
f 2777 2778 5437
f 5108 5109 2182
f 5780 5781 2770
f 2189 2190 4786
f 2483 2484 5101
f 4499 6583 6584
f 4499 4500 6583
f 2084 2085 4492
f 6047 6069 6046
f 6047 6068 6069
f 4787 2189 4786
f 3044 6053 3043
f 5774 3050 5773
f 2477 5444 2476
f 2771 5780 2770
f 5102 2483 5101
f 5438 2777 5437
f 2183 5108 2182
f 4493 2084 4492
f 2078 4793 2077
f 3049 3050 5774
f 6052 6053 3044
f 5107 5108 2183
f 2188 2189 4787
f 2482 2483 5102
f 4498 4499 6584
f 4498 6584 6585
f 6039 3047 3048
f 4779 2081 2082
f 2763 5441 5442
f 5094 2186 2187
f 5430 2480 2481
f 3036 5777 5778
f 5766 2774 2775
f 2175 4790 4791
f 2469 5105 5106
f 4780 2080 2081
f 4780 2081 4779
f 3037 5776 5777
f 3037 5777 3036
f 6040 3046 3047
f 6040 3047 6039
f 2764 5440 5441
f 2764 5441 2763
f 5431 2480 5430
f 5431 2479 2480
f 2176 4790 2175
f 2176 4789 4790
f 5095 2186 5094
f 5095 2185 2186
f 5767 2774 5766
f 5767 2773 2774
f 2470 5105 2469
f 2470 5104 5105
f 6038 6039 3048
f 6038 3048 3049
f 4778 4779 2082
f 4778 2082 2083
f 2762 5442 5443
f 2762 2763 5442
f 5093 5094 2187
f 5093 2187 2188
f 5429 5430 2481
f 5429 2481 2482
f 3035 3036 5778
f 3035 5778 5779
f 5765 5766 2775
f 5765 2775 2776
f 2174 2175 4791
f 2174 4791 4792
f 2468 2469 5106
f 2468 5106 5107
f 4781 2080 4780
f 4781 2079 2080
f 3038 5775 5776
f 3038 5776 3037
f 6041 3046 6040
f 6041 3045 3046
f 2177 4789 2176
f 2177 4788 4789
f 2765 5440 2764
f 2765 5439 5440
f 5432 2479 5431
f 5432 2478 2479
f 5768 2773 5767
f 5768 2772 2773
f 2471 5104 2470
f 2471 5103 5104
f 5096 2185 5095
f 5096 2184 2185
f 6037 6038 3049
f 6037 3049 5774
f 5428 5429 2482
f 5428 2482 5102
f 3034 3035 5779
f 3034 5779 5780
f 3034 5780 2771
f 4777 2084 4493
f 4777 4778 2083
f 4777 2083 2084
f 2761 5444 2477
f 2761 5443 5444
f 2761 2762 5443
f 5092 5093 2188
f 5092 2188 4787
f 5764 5765 2776
f 5764 2776 2777
f 5764 2777 5438
f 2173 2174 4792
f 2173 4792 4793
f 2173 4793 2078
f 2467 2468 5107
f 2467 5107 2183
f 4761 2079 4781
f 4761 2173 2078
f 4761 2078 2079
f 6021 6052 3044
f 6021 3044 3045
f 6021 3045 6041
f 2745 5438 5439
f 2745 5439 2765
f 2745 5764 5438
f 5076 2467 2183
f 5076 2184 5096
f 5076 2183 2184
f 5412 2478 5432
f 5412 2761 2477
f 5412 2477 2478
f 3018 5775 3038
f 3018 6037 5774
f 3018 5774 5775
f 5748 2772 5768
f 5748 2771 2772
f 5748 3034 2771
f 2157 4788 2177
f 2157 5092 4787
f 2157 4787 4788
f 2451 5103 2471
f 2451 5428 5102
f 2451 5102 5103
f 4776 4777 4493
f 4776 4493 4494
f 3033 3034 5748
f 6036 6037 3018
f 2760 2761 5412
f 5427 5428 2451
f 5763 5764 2745
f 2172 2173 4761
f 5091 5092 2157
f 2466 2467 5076
f 6022 6051 6052
f 6022 6052 6021
f 4762 2172 4761
f 2746 5763 2745
f 5077 2466 5076
f 5413 2760 5412
f 3019 6036 3018
f 5749 3033 5748
f 2158 5091 2157
f 2452 5427 2451
f 4775 4776 4494
f 4775 4494 4495
f 5426 5427 2452
f 3032 3033 5749
f 6035 6036 3019
f 2171 2172 4762
f 2465 2466 5077
f 2759 2760 5413
f 5090 5091 2158
f 5762 5763 2746
f 6023 6050 6051
f 6023 6051 6022
f 4763 2171 4762
f 2747 5762 2746
f 5078 2465 5077
f 5414 2759 5413
f 3020 6035 3019
f 5750 3032 5749
f 2159 5090 2158
f 2453 5426 2452
f 3031 3032 5750
f 6034 6035 3020
f 2758 2759 5414
f 5089 5090 2159
f 5425 5426 2453
f 5761 5762 2747
f 2464 2465 5078
f 4774 4775 4495
f 4774 4495 4496
f 2170 2171 4763
f 3021 6034 3020
f 5751 3031 5750
f 6024 6049 6050
f 6024 6050 6023
f 4764 2170 4763
f 2748 5761 2747
f 5415 2758 5414
f 2160 5089 2159
f 2454 5425 2453
f 5079 2464 5078
f 4773 4496 4497
f 4773 4774 4496
f 2757 2758 5415
f 5088 5089 2160
f 5424 5425 2454
f 3030 3031 5751
f 5760 5761 2748
f 6033 6034 3021
f 2169 2170 4764
f 2463 2464 5079
f 6025 6049 6024
f 6025 6048 6049
f 3022 6033 3021
f 5752 3030 5751
f 4765 2169 4764
f 2749 5760 2748
f 5080 2463 5079
f 5416 2757 5415
f 2161 5088 2160
f 2455 5424 2454
f 4772 4773 4497
f 4772 4497 4498
f 4772 4498 6585
f 2756 2757 5416
f 5087 5088 2161
f 5423 5424 2455
f 3029 3030 5752
f 5759 5760 2749
f 6032 6033 3022
f 2168 2169 4765
f 2462 2463 5080
f 6026 6047 6048
f 6026 6048 6025
f 4766 2168 4765
f 2750 5759 2749
f 5081 2462 5080
f 5417 2756 5416
f 3023 6032 3022
f 5753 3029 5752
f 2162 5087 2161
f 2456 5423 2455
f 4771 4772 6585
f 6031 6032 3023
f 2461 2462 5081
f 2742 5420 5421
f 5073 2165 2166
f 5409 2459 2460
f 3015 5756 5757
f 5745 2753 2754
f 6018 3026 3027
f 2448 5084 5085
f 3016 5755 5756
f 3016 5756 3015
f 6019 3025 3026
f 6019 3026 6018
f 2743 5420 2742
f 2743 5419 5420
f 5074 2165 5073
f 5074 2164 2165
f 5410 2458 2459
f 5410 2459 5409
f 5746 2753 5745
f 5746 2752 2753
f 2449 5084 2448
f 2449 5083 5084
f 2741 5421 5422
f 2741 2742 5421
f 5408 2460 2461
f 5408 5409 2460
f 3014 5757 5758
f 3014 3015 5757
f 5744 2754 2755
f 5744 5745 2754
f 6017 3027 3028
f 6017 6018 3027
f 2447 5085 5086
f 2447 2448 5085
f 5072 5073 2166
f 5072 2166 2167
f 3017 5755 3016
f 3017 5754 5755
f 6020 3025 6019
f 6020 3024 3025
f 5075 2163 2164
f 5075 2164 5074
f 5747 2752 5746
f 5747 2751 2752
f 2450 5083 2449
f 2450 5082 5083
f 2744 5419 2743
f 2744 5418 5419
f 5411 2458 5410
f 5411 2457 2458
f 3013 3014 5758
f 3013 5759 2750
f 3013 5758 5759
f 6016 3029 5753
f 6016 3028 3029
f 6016 6017 3028
f 2740 5422 5423
f 2740 5423 2456
f 2740 2741 5422
f 5071 2168 4766
f 5071 5072 2167
f 5071 2167 2168
f 5407 2461 5081
f 5407 5408 2461
f 5743 5744 2755
f 5743 2755 2756
f 5743 2756 5417
f 2446 2447 5086
f 2446 5087 2162
f 2446 5086 5087
f 2724 5418 2744
f 2724 5743 5417
f 2724 5417 5418
f 5055 2446 2162
f 5055 2163 5075
f 5055 2162 2163
f 5391 2456 2457
f 5391 2740 2456
f 5391 2457 5411
f 2997 5753 5754
f 2997 6016 5753
f 2997 5754 3017
f 5727 2751 5747
f 5727 2750 2751
f 5727 3013 2750
f 6000 3023 3024
f 6000 3024 6020
f 6000 6031 3023
f 2430 5407 5081
f 2430 5081 5082
f 2430 5082 2450
f 3012 3013 5727
f 6015 6016 2997
f 2445 2446 5055
f 2739 2740 5391
f 5070 5071 4766
f 5070 4766 4767
f 5406 5407 2430
f 5742 5743 2724
f 2725 5742 2724
f 5056 2445 5055
f 5392 2739 5391
f 2998 6015 2997
f 5728 3012 5727
f 6001 6030 6031
f 6001 6031 6000
f 2431 5406 2430
f 5069 4767 4768
f 5069 4768 4769
f 5069 5070 4767
f 3011 3012 5728
f 6014 6015 2998
f 2444 2445 5056
f 5405 5406 2431
f 5741 5742 2725
f 2738 2739 5392
f 2726 5741 2725
f 5057 2444 5056
f 5393 2738 5392
f 2999 6014 2998
f 5729 3011 5728
f 6002 6029 6030
f 6002 6030 6001
f 2432 5405 2431
f 3010 3011 5729
f 6013 6014 2999
f 5740 5741 2726
f 2737 2738 5393
f 5068 5069 4769
f 5404 5405 2432
f 2443 2444 5057
f 3000 6013 2999
f 5730 3010 5729
f 6003 6028 6029
f 6003 6029 6002
f 2727 5740 2726
f 5058 2443 5057
f 5394 2737 5393
f 2433 5404 2432
f 5067 4769 4770
f 5067 5068 4769
f 3009 3010 5730
f 6012 6013 3000
f 2442 2443 5058
f 2736 2737 5394
f 5403 5404 2433
f 5739 5740 2727
f 3001 6012 3000
f 6004 6027 6028
f 6004 6028 6003
f 2728 5739 2727
f 5059 2442 5058
f 5395 2736 5394
f 5731 3009 5730
f 2434 5403 2433
f 5066 4770 4771
f 5066 5067 4770
f 5402 5403 2434
f 3008 3009 5731
f 5738 5739 2728
f 6011 6012 3001
f 2441 2442 5059
f 2735 2736 5395
f 2729 5738 2728
f 5396 2735 5395
f 3002 6011 3001
f 5732 3008 5731
f 6005 6026 6027
f 6005 6027 6004
f 5060 2441 5059
f 2435 5402 2434
f 5401 5402 2435
f 3007 3008 5732
f 5737 5738 2729
f 6010 6011 3002
f 2440 2441 5060
f 6439 5397 5398
f 6439 5398 5399
f 6440 5397 6439
f 6440 5396 5397
f 5388 2438 2439
f 2994 5735 5736
f 5724 2732 2733
f 5997 3005 3006
f 2995 5734 5735
f 2995 5735 2994
f 5998 3004 3005
f 5998 3005 5997
f 5389 2438 5388
f 5389 2437 2438
f 5725 2731 2732
f 5725 2732 5724
f 2993 5736 5737
f 2993 2994 5736
f 5723 2733 2734
f 5723 5724 2733
f 5996 3006 3007
f 5996 5997 3006
f 5387 2439 2440
f 5387 5388 2439
f 5999 3003 3004
f 5999 3004 5998
f 2996 5733 5734
f 2996 5734 2995
f 5390 2436 2437
f 5390 2437 5389
f 5726 2731 5725
f 5726 2730 2731
f 6438 6439 5399
f 6438 5399 5400
f 6441 2734 2735
f 6441 5396 6440
f 6441 2735 5396
f 5995 3007 5732
f 5995 5996 3007
f 5386 2440 5060
f 5386 5387 2440
f 2992 5737 2729
f 2992 2993 5737
f 5722 5723 2734
f 5722 2734 6441
f 5370 5401 2435
f 5370 2435 2436
f 5370 2436 5390
f 2976 5733 2996
f 2976 5732 5733
f 2976 5995 5732
f 5706 2729 2730
f 5706 2730 5726
f 5706 2992 2729
f 5979 3003 5999
f 5979 3002 3003
f 5979 6010 3002
f 6437 6438 5400
f 6437 5401 5370
f 6437 5400 5401
f 2991 2992 5706
f 5994 5995 2976
f 5385 5060 5061
f 5385 5386 5060
f 5371 6437 5370
f 2977 5994 2976
f 5707 2991 5706
f 5980 6010 5979
f 5980 6009 6010
f 6421 5722 6441
f 6421 5721 5722
f 5993 5994 2977
f 5384 5061 5062
f 5384 5062 5063
f 5384 5385 5061
f 2990 2991 5707
f 2978 5993 2977
f 5708 2990 5707
f 5981 6009 5980
f 5981 6008 6009
f 6436 6437 5371
f 6436 5371 5372
f 6422 5721 6421
f 6422 5720 5721
f 5992 5993 2978
f 2989 2990 5708
f 5383 5384 5063
f 5719 5720 6422
f 5982 6008 5981
f 5982 6007 6008
f 2979 5992 2978
f 5709 2989 5708
f 5382 5383 5063
f 5382 5063 5064
f 2988 2989 5709
f 5991 5992 2979
f 2980 5991 2979
f 5710 2988 5709
f 5983 6007 5982
f 5983 6006 6007
f 6435 5372 5373
f 6435 6436 5372
f 5381 5382 5064
f 5381 5064 5065
f 2987 2988 5710
f 5990 5991 2980
f 6423 5719 6422
f 6423 5717 5718
f 6423 5718 5719
f 2981 5990 2980
f 5711 2987 5710
f 5984 6006 5983
f 2986 2987 5711
f 5989 5990 2981
f 6434 5373 5374
f 6434 5374 5375
f 6434 6435 5373
f 6424 5717 6423
f 6424 5716 5717
f 6433 6434 5375
f 6433 5375 5376
f 6425 5716 6424
f 6425 5715 5716
f 5703 6430 6431
f 5976 2984 2985
f 5704 6430 5703
f 5977 2984 5976
f 5977 2983 2984
f 5975 5976 2985
f 5975 2985 2986
f 5702 6431 6432
f 5702 5703 6431
f 5978 2983 5977
f 5978 2982 2983
f 5705 6430 5704
f 5705 6429 6430
f 5974 2986 5711
f 5974 5975 2986
f 5701 5702 6432
f 5685 6429 5705
f 5685 6428 6429
f 5958 5989 2981
f 5958 2982 5978
f 5958 2981 2982
f 5700 6432 6433
f 5700 5701 6432
f 5700 6433 5376
f 5973 5974 5711
f 5973 5711 5712
f 5959 5988 5989
f 5959 5989 5958
f 5686 6428 5685
f 5699 5376 5377
f 5699 5377 5378
f 5699 5700 5376
f 476 5715 6425
f 476 5714 5715
f 476 6425 6426
f 477 5714 476
f 477 5713 5714
f 5960 5988 5959
f 5960 5987 5988
f 475 476 6426
f 475 6426 6427
f 475 6427 6428
f 478 5713 477
f 478 5973 5712
f 478 5712 5713
f 5698 5699 5378
f 5961 5987 5960
f 5961 5986 5987
f 5697 5698 5378
f 5697 5378 5379
f 5962 5986 5961
f 474 6428 5686
f 474 475 6428
f 474 5686 5687
f 474 5687 5688
f 479 5973 478
f 479 5972 5973
f 473 474 5688
f 473 5688 5689
f 473 5689 5690
f 480 5972 479
f 480 5970 5971
f 480 5971 5972
f 472 473 5690
f 472 5690 5691
f 481 5969 5970
f 481 5970 480
f 526 472 5691
f 484 5969 481
f 527 526 5691
f 483 5969 484
f 525 527 5691
f 525 5691 5692
f 525 5692 5693
f 482 5969 483
f 482 5966 5967
f 482 5967 5968
f 482 5968 5969
f 522 5693 5694
f 522 525 5693
f 517 5066 4771
f 517 5065 5066
f 517 5379 5380
f 517 5380 5381
f 517 5697 5379
f 517 5694 5695
f 517 5695 5696
f 517 5696 5697
f 517 6585 6586
f 517 522 5694
f 517 4771 6585
f 517 5381 5065
f 485 5966 482
f 490 6006 5984
f 490 5962 5963
f 490 5963 5964
f 490 5964 5965
f 490 5965 5966
f 490 5966 485
f 490 5984 5985
f 490 5985 5986
f 490 6005 6006
f 490 5986 5962
f 492 491 490
f 518 520 519
f 518 517 520
f 521 517 518
f 521 523 522
f 521 524 523
f 521 522 517
f 486 488 487
f 486 485 488
f 489 492 490
f 489 485 486
f 489 490 485
f 490 493 6194
f 490 6194 6173
f 490 6173 6152
f 490 6152 6131
f 490 6131 6110
f 490 6110 6089
f 490 6089 6068
f 490 6068 6047
f 490 6047 6026
f 490 6026 6005
f 498 501 723
f 506 509 660
f 660 509 537
f 537 509 538
f 514 517 6586
f 587 588 550
f 550 588 3774
f 3774 588 3794
f 3794 588 3793
f 587 550 551
f 587 551 4215
f 4215 551 4235
f 587 4215 4216
f 587 4216 4217
f 587 4217 4218
f 597 598 596
f 607 608 3475
f 3475 608 3474
f 3474 608 3473
f 3473 608 3472
f 3472 608 3471
f 607 3475 227
f 227 3475 226
f 607 227 228
f 607 228 6321
f 607 6321 6322
f 607 6322 6323
f 607 6323 6324
f 607 6324 6325
f 676 677 685
f 685 677 684
f 684 677 678
f 684 678 683
f 683 678 682
f 682 678 679
f 682 679 681
f 681 679 680
f 690 691 689
f 700 701 501
f 501 701 707
f 707 701 706
f 706 701 705
f 705 701 704
f 704 701 703
f 703 701 702
f 335 468 334
f 6487 6488 329
f 329 6488 328
f 6498 6499 6866
f 6866 6499 6867
f 6867 6499 6868
f 6513 6514 6512
f 6512 6514 6511
f 6511 6514 4436
f 4436 6514 4435
f 4435 6514 4434
f 4434 6514 4433
f 4433 6514 4432
f 4432 6514 4431
f 4431 6514 4430
f 4430 6514 4709
f 4709 6514 4708
f 4708 6514 4707
f 6511 4436 4437
f 6511 4437 4438
f 6511 4438 4439
f 6511 4439 4440
f 6511 4440 4441
f 4430 4709 4710
f 4430 4710 4711
f 4430 4711 4712
f 4430 4712 4713
f 4430 4713 4714
f 6544 6545 6564
f 6544 6564 6563
f 6544 6563 6562
f 6544 6562 6561
f 6547 6546 320
f 320 6546 319
f 319 6546 318
f 318 6546 317
f 317 6546 316
f 6547 320 6548
f 6548 320 6549
f 6549 320 6550
f 84 454 6638
f 84 6638 83
f 83 6638 6637
f 83 6637 82
f 82 6637 6636
f 82 6636 81
f 81 6636 6635
f 81 6635 80
f 80 6635 6556
f 80 6556 6555
f 6639 6649 6640
f 6640 6649 6641
f 6641 6649 6642
f 6642 6649 6534
f 6534 6649 6533
f 6533 6649 6532
f 6532 6649 6531
f 6642 6534 6535
f 6642 6535 6536
f 6642 6536 6537
f 6722 6723 6347
f 6347 6723 6346
f 6346 6723 6345
f 6345 6723 7005
f 7005 6723 7004
f 7004 6723 7003
f 7003 6723 7002
f 7002 6723 7001
f 7001 6723 7000
f 7000 6723 1548
f 7000 1548 1549
f 7000 1549 1550
f 7000 1550 1551
f 7000 1551 1552
f 6722 6347 6348
f 6722 6348 6349
f 6722 6349 6350
f 6722 6350 6351
f 6722 6351 7094
f 7094 6351 7093
f 7093 6351 7092
f 7092 6351 7091
f 7091 6351 7090
f 7090 6351 7089
f 7089 6351 1989
f 1989 6351 2009
f 2009 6351 2008
f 2008 6351 2007
f 6345 7005 7006
f 6345 7006 7007
f 6345 7007 7008
f 6345 7008 7009
f 6345 7009 6344
f 6722 7094 7095
f 6722 7095 7096
f 6722 7096 7097
f 7089 1989 1990
f 7089 1990 1991
f 7089 1991 1992
f 7089 1992 1993
f 7089 1993 1994
f 7089 1994 7084
f 7084 1994 7085
f 7085 1994 7086
f 6729 6730 1563
f 1563 6730 1562
f 6739 140 759
f 6739 759 1542
f 1542 759 1541
f 144 462 753
f 753 462 752
f 752 462 751
f 751 462 1522
f 1522 462 1521
f 1521 462 1520
f 1520 462 1519
f 751 1522 1523
f 6740 6744 1501
f 1501 6744 1500
f 6740 1501 1502
f 6740 1502 1503
f 6816 6817 6829
f 6816 6829 1196
f 6816 1196 1197
f 6830 467 150
f 150 467 149
f 6830 150 6831
f 6831 150 6818
f 185 6832 184
f 6841 6842 1259
f 1259 6842 1258
f 6841 1259 1260
f 6841 1260 1261
f 6848 6849 6859
f 6848 6859 6858
f 6848 6858 6857
f 6848 6857 6856
f 6848 6856 3928
f 3928 6856 3927
f 3927 6856 3926
f 6861 6860 46
f 46 6860 45
f 45 6860 44
f 44 6860 43
f 6861 46 6862
f 6862 46 6493
f 6493 46 6492
f 6492 46 6491
f 6491 46 6490
f 6490 46 6489
f 6883 6894 6897
f 6883 6897 6896
f 6883 6896 6895
f 6883 6895 4882
f 6898 6909 6912
f 6898 6912 6911
f 6898 6911 6910
f 6898 6910 4861
f 6913 6924 6927
f 6913 6927 6926
f 6913 6926 6925
f 6913 6925 4840
f 6954 6955 6974
f 6954 6974 6973
f 6954 6973 6972
f 6954 6972 6971
f 6956 406 407
f 6956 407 6957
f 6957 407 6958
f 6958 407 408
f 6958 408 6959
f 6959 408 409
f 6959 409 6960
f 6960 409 410
f 425 470 424
f 6989 6990 4094
f 4094 6990 4093
f 4093 6990 4092
f 4092 6990 4091
f 4091 6990 4090
f 4090 6990 4089
f 4089 6990 1469
f 1469 6990 1468
f 6989 4094 4095
f 6989 4095 4073
f 4073 4095 4072
f 4072 4095 4096
f 4072 4096 4071
f 4071 4096 4097
f 4071 4097 4070
f 4070 4097 4098
f 4070 4098 4069
f 4069 4098 4099
f 4069 4099 4068
f 4068 4099 1448
f 6989 4073 4074
f 6989 4074 4075
f 6989 4075 4052
f 4052 4075 4051
f 4051 4075 4050
f 4050 4075 4076
f 4050 4076 4049
f 4049 4076 4077
f 4049 4077 4048
f 4048 4077 4078
f 4048 4078 4047
f 4047 4078 4079
f 4047 4079 1427
f 6989 4052 4053
f 6989 4053 4054
f 6989 4054 4055
f 6989 4055 27
f 27 4055 26
f 26 4055 25
f 25 4055 24
f 24 4055 4056
f 24 4056 23
f 23 4056 4057
f 23 4057 1
f 1 4057 4058
f 1 4058 1406
f 6989 27 28
f 6989 28 29
f 6999 7000 4136
f 4136 7000 4135
f 4135 7000 4134
f 4134 7000 4157
f 4157 7000 4156
f 4156 7000 4155
f 4155 7000 4154
f 6999 4136 4137
f 6999 4137 4138
f 6999 4138 4115
f 4115 4138 4114
f 4114 4138 4113
f 4113 4138 4139
f 4113 4139 4112
f 4112 4139 4140
f 4112 4140 4111
f 4111 4140 4141
f 4111 4141 4110
f 4110 4141 1511
f 4134 4157 4158
f 4134 4158 4159
f 4134 4159 4160
f 4134 4160 4133
f 4133 4160 4161
f 4133 4161 4132
f 4132 4161 4162
f 4132 4162 4131
f 4131 4162 1532
f 6999 4115 4116
f 6999 4116 4117
f 6999 4117 4118
f 6999 4118 4119
f 6999 4119 4120
f 7010 7011 311
f 311 7011 310
f 7010 311 312
f 7010 312 313
f 7010 313 1774
f 1774 313 1773
f 1773 313 1772
f 1772 313 1771
f 1771 313 314
f 1771 314 1770
f 1770 314 315
f 1770 315 1769
f 1769 315 274
f 1769 274 4378
f 7010 1774 1775
f 7010 1775 1776
f 7010 1776 1777
f 7010 1777 1794
f 1794 1777 1793
f 1793 1777 1792
f 1792 1777 1791
f 1791 1777 1778
f 1791 1778 1790
f 1790 1778 1758
f 1790 1758 4399
f 7010 1794 1795
f 7010 1795 1796
f 7010 1796 1797
f 7010 1797 1798
f 7010 1798 1799
f 7010 1799 1779
f 7010 1779 4420
f 7010 4420 4421
f 7010 4421 4422
f 7010 4422 6340
f 7020 7021 7022
f 7020 7022 1690
f 1690 7022 1689
f 1689 7022 1688
f 1688 7022 1687
f 1687 7022 1686
f 1686 7022 1685
f 7020 1690 1691
f 7020 1691 1692
f 7020 1692 1711
f 1711 1692 1710
f 1710 1692 1709
f 1709 1692 1708
f 1708 1692 1693
f 1708 1693 1707
f 1707 1693 1694
f 1707 1694 1706
f 1706 1694 1674
f 1706 1674 4294
f 7020 1711 1712
f 7020 1712 1713
f 7020 1713 1714
f 7020 1714 1731
f 1731 1714 1730
f 1730 1714 1729
f 1729 1714 1728
f 1728 1714 1715
f 1728 1715 1727
f 1727 1715 1695
f 1727 1695 1726
f 1726 1695 4315
f 7020 1731 1732
f 7020 1732 1733
f 7020 1733 1734
f 7020 1734 1735
f 7020 1735 1736
f 7020 1736 1716
f 7020 1716 1752
f 1752 1716 1751
f 1751 1716 1750
f 1750 1716 1749
f 1749 1716 1748
f 1748 1716 4336
f 7020 1752 1753
f 7020 1753 1754
f 7020 1754 1755
f 7025 7026 7024
f 7024 7026 7023
f 7023 7026 4268
f 4268 7026 4267
f 4267 7026 4266
f 4266 7026 4265
f 4265 7026 4264
f 4264 7026 4263
f 4263 7026 4262
f 4262 7026 4541
f 4541 7026 4540
f 4540 7026 4539
f 7023 4268 4269
f 7023 4269 4270
f 7023 4270 4271
f 7023 4271 4272
f 7023 4272 4273
f 4262 4541 4542
f 4262 4542 4543
f 4262 4543 4544
f 4262 4544 4545
f 4262 4545 4546
f 7030 7031 4535
f 4535 7031 4534
f 7032 7038 4556
f 4556 7038 4555
f 7032 4556 4557
f 7032 4557 4558
f 7039 7045 4577
f 4577 7045 4576
f 7039 4577 4578
f 7039 4578 4579
f 7046 7052 4598
f 4598 7052 4597
f 7046 4598 4599
f 7046 4599 4600
f 135 7068 4640
f 4640 7068 4639
f 135 4640 4641
f 135 4641 4642
f 7069 7075 4661
f 4661 7075 4660
f 7069 4661 4662
f 7069 4662 4663
f 7076 7082 4682
f 4682 7082 4681
f 7076 4682 4683
f 7076 4683 4684
f 7104 7115 7118
f 7104 7118 7117
f 7104 7117 7116
f 7104 7116 4966
f 7119 7130 7133
f 7119 7133 7132
f 7119 7132 7131
f 7119 7131 4945
f 7134 89 90
f 7134 90 91
f 7134 91 92
f 7134 92 4924
f 7166 7168 7167
f 7171 7170 7169
f 7172 7169 7168
f 7172 7171 7169
f 7165 7168 7166
f 7165 7172 7168
f 7729 7172 7165
f 7728 7729 7165
f 7730 7172 7729
f 7727 7728 7165
f 7731 7172 7730
f 7726 7727 7165
f 7732 7172 7731
f 7746 7726 7165
f 7398 7733 7734
f 7397 7172 7732
f 7397 7733 7398
f 7397 7732 7733
f 7399 7398 7734
f 7399 7734 7735
f 7396 7172 7397
f 7400 7399 7735
f 7400 7735 7736
f 7395 7172 7396
f 7401 7400 7736
f 7402 7401 7736
f 7402 7736 7737
f 8269 7743 7744
f 13078 7738 7739
f 8270 7744 7745
f 8270 8269 7744
f 13079 13078 7739
f 13079 7739 7740
f 8268 7742 7743
f 8268 7743 8269
f 13077 7738 13078
f 13077 7737 7738
f 8271 7745 7746
f 8271 8270 7745
f 13080 13079 7740
f 13080 7740 7741
f 8267 7742 8268
f 8267 7741 7742
f 13076 7402 7737
f 13076 7737 13077
f 13076 7403 7402
f 8251 7746 7165
f 8251 8271 7746
f 13060 13080 7741
f 13060 7741 8267
f 8266 13060 8267
f 13075 7403 13076
f 13075 7404 7403
f 13061 13060 8266
f 8265 13061 8266
f 13074 7405 7404
f 13074 7404 13075
f 13062 13061 8265
f 8264 13062 8265
f 13073 7406 7405
f 13073 7405 13074
f 13063 13062 8264
f 8263 13063 8264
f 13072 7406 13073
f 13072 7407 7406
f 13064 13063 8263
f 8262 13064 8263
f 13065 13064 8262
f 8261 13065 8262
f 7335 7391 7390
f 7356 8254 8253
f 7355 8255 8254
f 7355 8254 7356
f 7334 7391 7335
f 7334 7392 7391
f 7357 8253 8252
f 7357 7356 8253
f 7336 7335 7390
f 7336 7390 7410
f 7354 8256 8255
f 7354 8255 7355
f 7333 7392 7334
f 7333 7393 7392
f 7358 8252 8251
f 7358 7357 8252
f 7358 8251 7165
f 7337 7336 7410
f 7337 7410 7409
f 7353 8256 7354
f 7332 7393 7333
f 7359 7358 7165
f 7338 7337 7409
f 7338 7409 7408
f 7352 8257 8256
f 7352 8256 7353
f 8248 13069 13068
f 209 7332 7331
f 12784 8260 8259
f 251 7339 7338
f 251 7338 7408
f 8249 8248 13068
f 8249 13068 13067
f 210 209 7331
f 210 7331 7330
f 12785 8259 8258
f 12785 12784 8259
f 252 251 7408
f 252 7408 7407
f 208 7393 7332
f 208 7332 209
f 208 7394 7393
f 8247 13069 8248
f 8247 13070 13069
f 12783 8261 8260
f 12783 8260 12784
f 250 7340 7339
f 250 7339 251
f 211 210 7330
f 211 7329 7328
f 211 7330 7329
f 8250 8249 13067
f 8250 13067 13066
f 253 252 7407
f 253 13072 13071
f 253 7407 13072
f 12786 8258 8257
f 12786 7352 7351
f 12786 8257 7352
f 12786 12785 8258
f 207 7394 208
f 8246 13070 8247
f 8246 13071 13070
f 249 7341 7340
f 249 7340 250
f 12782 13065 8261
f 12782 8261 12783
f 8230 13065 12782
f 8230 8250 13066
f 8230 13066 13065
f 191 211 7328
f 191 7328 7327
f 12766 7351 7350
f 12766 12786 7351
f 233 253 13071
f 233 13071 8246
f 8245 233 8246
f 248 7342 7341
f 248 7343 7342
f 248 7341 249
f 12781 8230 12782
f 192 7327 7347
f 192 191 7327
f 8231 8230 12781
f 12767 7350 7349
f 12767 12766 7350
f 234 233 8245
f 8244 234 8245
f 12780 8231 12781
f 247 7344 7343
f 247 7343 248
f 193 7347 7346
f 193 192 7347
f 8232 8231 12780
f 235 234 8244
f 12768 7349 7348
f 12768 12767 7349
f 8243 235 8244
f 246 7345 7344
f 246 7344 247
f 12779 8232 12780
f 194 7346 7345
f 194 193 7346
f 8233 8232 12779
f 236 235 8243
f 12769 12768 7348
f 12769 7348 7368
f 8242 236 8243
f 12778 8233 12779
f 245 7345 246
f 195 7345 245
f 195 194 7345
f 8234 8233 12778
f 237 236 8242
f 12770 7368 7367
f 12770 12769 7368
f 8241 237 8242
f 12777 8234 12778
f 244 195 245
f 196 195 244
f 8235 8234 12777
f 238 237 8241
f 8710 7362 7361
f 8227 242 241
f 8479 12775 12774
f 7954 205 204
f 12490 7366 7365
f 13099 200 199
f 12805 8239 8238
f 8711 8710 7361
f 8711 7361 7360
f 8480 8479 12774
f 8480 12774 12773
f 8228 8227 241
f 8228 241 240
f 7955 204 203
f 7955 7954 204
f 12806 8238 8237
f 12806 12805 8238
f 12491 12490 7365
f 12491 7365 7364
f 13100 199 198
f 13100 13099 199
f 8709 7363 7362
f 8709 7362 8710
f 8478 12775 8479
f 8478 12776 12775
f 8226 243 242
f 8226 242 8227
f 7953 205 7954
f 7953 206 205
f 12489 12770 7367
f 12489 7367 7366
f 12489 7366 12490
f 13098 201 200
f 13098 200 13099
f 12804 8240 8239
f 12804 8239 12805
f 8712 7360 7359
f 8712 8711 7360
f 8229 8228 240
f 8229 240 239
f 8481 8480 12773
f 8481 12773 12772
f 7956 7955 203
f 7956 203 202
f 12492 7363 8709
f 12492 7364 7363
f 12492 12491 7364
f 13101 13100 198
f 13101 198 197
f 12807 12806 8237
f 12807 8237 8236
f 8708 12492 8709
f 8477 8235 12777
f 8477 12776 8478
f 8477 12777 12776
f 7952 206 7953
f 8225 196 244
f 8225 243 8226
f 8225 244 243
f 12488 12771 12770
f 12488 12770 12489
f 12803 238 8241
f 12803 8240 12804
f 12803 8241 8240
f 13097 201 13098
f 13097 202 201
f 8461 8481 12772
f 8461 12771 12488
f 8461 12772 12771
f 8209 8229 239
f 8209 239 238
f 8209 238 12803
f 7936 7956 202
f 7936 202 13097
f 12472 12492 8708
f 12787 8235 8477
f 12787 12807 8236
f 12787 8236 8235
f 13081 197 196
f 13081 196 8225
f 13081 13101 197
f 8707 12472 8708
f 8476 12787 8477
f 8224 13081 8225
f 12487 8461 12488
f 12802 8209 12803
f 13096 7936 13097
f 8462 8461 12487
f 8210 8209 12802
f 7937 7936 13096
f 12473 12472 8707
f 12788 12787 8476
f 13082 13081 8224
f 8706 12473 8707
f 8475 12788 8476
f 8223 13082 8224
f 12486 8462 12487
f 12801 8210 12802
f 13095 7937 13096
f 8463 8462 12486
f 8211 8210 12801
f 7938 7937 13095
f 12474 12473 8706
f 12789 12788 8475
f 13083 13082 8223
f 8705 12474 8706
f 8474 12789 8475
f 8222 13083 8223
f 12800 8211 12801
f 12485 8463 12486
f 13094 7938 13095
f 8464 8463 12485
f 8212 8211 12800
f 7939 7938 13094
f 12475 12474 8705
f 13084 13083 8222
f 12790 12789 8474
f 8704 12475 8705
f 8221 13084 8222
f 12484 8464 12485
f 12799 8212 12800
f 13093 7939 13094
f 8465 8464 12484
f 8213 8212 12799
f 7940 7939 13093
f 12476 12475 8704
f 13085 13084 8221
f 8703 12476 8704
f 8220 13085 8221
f 12483 8465 12484
f 12798 8213 12799
f 13092 7940 13093
f 8466 8465 12483
f 8214 8213 12798
f 7941 7940 13092
f 12477 12476 8703
f 13086 13085 8220
f 12482 8466 12483
f 13091 7941 13092
f 7377 8693 8692
f 7419 7951 7950
f 7376 8694 8693
f 7376 8693 7377
f 7418 7952 7951
f 7418 7951 7419
f 7378 8692 8712
f 7378 8712 7359
f 7378 7377 8692
f 7420 7950 7949
f 7420 7419 7950
f 7375 8694 7376
f 7375 8695 8694
f 7417 206 7952
f 7417 7394 207
f 7417 207 206
f 7417 7395 7394
f 7417 7952 7418
f 7379 7359 7165
f 7379 7378 7359
f 7421 7949 7948
f 7421 7420 7949
f 7374 8695 7375
f 7374 8696 8695
f 7422 7948 7947
f 7422 7421 7948
f 7373 8696 7374
f 10805 8474 8473
f 10805 12790 8474
f 10805 12791 12790
f 7423 7947 7946
f 7423 7422 7947
f 10806 12791 10805
f 10806 12792 12791
f 10804 8473 8472
f 10804 10805 8473
f 7372 8697 8696
f 7372 8696 7373
f 7424 7423 7946
f 10807 12793 12792
f 10807 12792 10806
f 10803 10804 8472
f 10803 8472 8471
f 7371 8698 8697
f 7371 8697 7372
f 7425 7946 7945
f 7425 7424 7946
f 10808 12794 12793
f 10808 12795 12794
f 10808 12793 10807
f 10802 8470 8469
f 10802 8471 8470
f 10802 10803 8471
f 10809 12796 12795
f 10809 12795 10808
f 10801 10802 8469
f 10801 8469 8468
f 10826 7381 7380
f 10826 7382 7381
f 13535 7415 7414
f 10827 7383 7382
f 10827 7382 10826
f 13536 7416 7415
f 13536 7415 13535
f 10825 10826 7380
f 10825 7380 7379
f 13534 7413 7412
f 13534 7414 7413
f 13534 13535 7414
f 10828 7384 7383
f 10828 7383 10827
f 13537 7416 13536
f 13537 7417 7416
f 13537 7395 7417
f 13537 7172 7395
f 10824 10825 7379
f 10824 7379 7165
f 13533 13534 7412
f 13533 7412 7411
f 10829 7384 10828
f 10829 7385 7384
f 10829 7386 7385
f 13538 7172 13537
f 13532 13533 7411
f 13532 7411 7431
f 8458 10809 10810
f 12280 8701 8700
f 8689 12481 12480
f 8206 13090 13089
f 12511 10800 10801
f 12826 8218 8217
f 13120 7945 7944
f 12281 12280 8700
f 12281 8700 8699
f 8459 10810 10811
f 8459 8458 10810
f 8690 8689 12480
f 8690 12480 12479
f 8207 8206 13089
f 8207 13089 13088
f 12512 12511 10801
f 12512 10801 8468
f 12827 8217 8216
f 12827 12826 8217
f 13121 13120 7944
f 13121 7944 7943
f 12279 8702 8701
f 12279 8701 12280
f 8688 12481 8689
f 8688 12482 12481
f 8457 10809 8458
f 8457 12797 12796
f 8457 12796 10809
f 8205 13090 8206
f 8205 13091 13090
f 12510 10800 12511
f 12510 10799 10800
f 12825 8218 12826
f 12825 8219 8218
f 13119 7425 7945
f 13119 7945 13120
f 12282 12281 8699
f 12282 8699 8698
f 8691 8690 12479
f 8691 12479 12478
f 8460 8459 10811
f 8460 10811 10812
f 8208 8207 13088
f 8208 13088 13087
f 12513 8468 8467
f 12513 12512 8468
f 12828 12827 8216
f 12828 8216 8215
f 13122 13121 7943
f 13122 7943 7942
f 10830 7387 7386
f 10830 7386 10829
f 8456 12798 12797
f 8456 12797 8457
f 8456 8214 12798
f 12278 8703 8702
f 12278 12477 8703
f 12278 8702 12279
f 8687 12482 8688
f 8687 8466 12482
f 8204 13091 8205
f 8204 7941 13091
f 12509 10798 10799
f 12509 10799 12510
f 12824 8219 12825
f 12824 13086 8220
f 12824 8220 8219
f 13118 7425 13119
f 13118 7426 7425
f 12262 8698 7371
f 12262 7371 7370
f 12262 12282 8698
f 8440 8460 10812
f 8671 12477 12278
f 8671 8691 12478
f 8671 12478 12477
f 8188 8208 13087
f 8188 13087 13086
f 8188 13086 12824
f 12493 8467 8466
f 12493 12513 8467
f 12493 8466 8687
f 12808 8215 8214
f 12808 12828 8215
f 12808 8214 8456
f 13102 13122 7942
f 13102 7941 8204
f 13102 7942 7941
f 13531 13532 7431
f 13531 7430 7429
f 13531 7431 7430
f 12277 8671 12278
f 8686 12493 8687
f 8455 12808 8456
f 8203 13102 8204
f 12508 10798 12509
f 12823 8188 12824
f 13117 7427 7426
f 13117 7426 13118
f 8441 10812 10792
f 8441 8440 10812
f 8672 8671 12277
f 12263 7370 7369
f 12263 12262 7370
f 8189 8188 12823
f 12494 12493 8686
f 12809 12808 8455
f 13103 13102 8203
f 10831 7388 7387
f 10831 7389 7388
f 10831 7387 10830
f 12276 8672 12277
f 8685 12494 8686
f 8454 12809 8455
f 8202 13103 8203
f 12507 10797 10798
f 12507 10798 12508
f 12822 8189 12823
f 13116 7427 13117
f 13116 7428 7427
f 13530 13531 7429
f 13530 7429 7428
f 12264 7369 7389
f 12264 12263 7369
f 8442 8441 10792
f 8442 10792 10793
f 8673 8672 12276
f 8190 8189 12822
f 12495 12494 8685
f 12810 12809 8454
f 13104 13103 8202
f 12275 8673 12276
f 8453 12810 8454
f 8684 12495 8685
f 8201 13104 8202
f 12506 10796 10797
f 12506 10797 12507
f 13115 7428 13116
f 13115 13530 7428
f 12821 8190 12822
f 12265 12264 7389
f 8674 8673 12275
f 8443 8442 10793
f 8191 8190 12821
f 12496 12495 8684
f 12811 12810 8453
f 13105 13104 8201
f 10832 7389 10831
f 10832 12265 7389
f 13529 13530 13115
f 8683 12496 8684
f 8452 12811 8453
f 12274 8674 12275
f 8200 13105 8201
f 12505 10796 12506
f 12820 8191 12821
f 13114 13529 13115
f 12266 12265 10832
f 8675 8674 12274
f 8444 10793 10794
f 8444 8443 10793
f 8192 8191 12820
f 12497 12496 8683
f 13106 13105 8200
f 12812 12811 8452
f 12273 8675 12274
f 8682 12497 8683
f 8451 12812 8452
f 8199 13106 8200
f 12504 10796 12505
f 12504 10795 10796
f 12819 8192 12820
f 10833 12266 10832
f 8445 10794 10795
f 8445 8444 10794
f 8676 8675 12273
f 8193 8192 12819
f 12498 12497 8682
f 12813 12812 8451
f 13107 13106 8199
f 13528 13114 13113
f 13528 13529 13114
f 12272 8676 12273
f 8198 13107 8199
f 12503 10795 12504
f 12818 8193 12819
f 13420 10818 10819
f 13419 13420 10819
f 13419 10819 10820
f 13421 10818 13420
f 13421 10817 10818
f 13418 10820 10821
f 13418 13419 10820
f 13422 10816 10817
f 13422 10817 13421
f 13417 10821 10822
f 13417 13418 10821
f 13423 10816 13422
f 13437 13417 10822
f 13424 10815 10816
f 13424 10816 13423
f 13425 10815 13424
f 8668 12502 12501
f 12301 8680 8679
f 8962 12271 12270
f 8185 13111 13110
f 8437 12817 12816
f 7933 13541 13542
f 12070 10833 10813
f 12532 8449 8448
f 12847 8197 8196
f 13141 13526 13527
f 12302 8679 8678
f 12302 12301 8679
f 8669 12501 12500
f 8669 8668 12501
f 8963 8962 12270
f 8963 12270 12269
f 8438 8437 12816
f 8438 12816 12815
f 8186 13110 13109
f 8186 8185 13110
f 7934 7933 13542
f 7934 13542 13522
f 12071 10813 10814
f 12071 12070 10813
f 12533 12532 8448
f 12533 8448 8447
f 13142 13141 13527
f 12848 12847 8196
f 12848 8196 8195
f 8667 12503 12502
f 8667 12502 8668
f 12300 8681 8680
f 12300 8680 12301
f 8961 12271 8962
f 8961 12272 12271
f 8436 12818 12817
f 8436 12817 8437
f 8184 13112 13111
f 8184 13111 8185
f 7932 13540 13541
f 7932 13541 7933
f 12069 10833 12070
f 12069 12266 10833
f 12069 12267 12266
f 12531 8450 8449
f 12531 8449 12532
f 13140 13525 13526
f 13140 13526 13141
f 12846 8197 12847
f 12846 8198 8197
f 12303 8678 8677
f 12303 12302 8678
f 8670 12500 12499
f 8670 8669 12500
f 8964 8963 12269
f 8964 12269 12268
f 8439 12815 12814
f 8439 8438 12815
f 8187 13109 13108
f 8187 8186 13109
f 7935 13522 13523
f 7935 7934 13522
f 12072 12071 10814
f 12534 12533 8447
f 12534 8447 8446
f 13143 13527 13528
f 13143 13528 13113
f 13143 13142 13527
f 12849 8195 8194
f 12849 12848 8195
f 12299 8682 8681
f 12299 8681 12300
f 12299 12498 8682
f 8960 12272 8961
f 8960 8676 12272
f 8666 12503 8667
f 8666 10795 12503
f 8435 12818 8436
f 8435 8193 12818
f 7931 13540 7932
f 8183 13113 13112
f 8183 13112 8184
f 12068 12267 12069
f 12530 8451 8450
f 12530 8450 12531
f 12530 12813 8451
f 12845 8198 12846
f 12845 13107 8198
f 13139 13524 13525
f 13139 13525 13140
f 8650 12499 12498
f 8650 8670 12499
f 8650 12498 12299
f 12283 12303 8677
f 12283 8677 8676
f 12283 8676 8960
f 8944 12267 12068
f 8944 8964 12268
f 8944 12268 12267
f 8419 12813 12530
f 8419 12814 12813
f 8419 8439 12814
f 8167 13108 13107
f 8167 8187 13108
f 8167 13107 12845
f 7915 13523 13524
f 7915 7935 13523
f 12052 10814 10815
f 12052 10815 13425
f 12052 12072 10814
f 12514 10795 8666
f 12514 8445 10795
f 12514 12534 8446
f 12514 8446 8445
f 13123 13113 8183
f 13123 13143 13113
f 12829 8194 8193
f 12829 12849 8194
f 12829 8193 8435
f 12298 8650 12299
f 8665 12514 8666
f 8959 12283 8960
f 8434 12829 8435
f 8182 13123 8183
f 7930 13539 13540
f 7930 13540 7931
f 12067 8944 12068
f 12529 8419 12530
f 13138 13524 13139
f 12844 8167 12845
f 12284 12283 8959
f 8651 8650 12298
f 8945 8944 12067
f 8420 8419 12529
f 8168 8167 12844
f 7916 7915 13524
f 7916 13524 13138
f 12053 13425 13426
f 12053 12052 13425
f 12515 12514 8665
f 13124 13123 8182
f 12830 12829 8434
f 12297 8651 12298
f 8958 12284 8959
f 8664 12515 8665
f 8433 12830 8434
f 8181 13124 8182
f 12066 8945 12067
f 12528 8420 12529
f 13137 7916 13138
f 12843 8168 12844
f 12285 12284 8958
f 8652 8651 12297
f 8946 8945 12066
f 8421 8420 12528
f 8169 8168 12843
f 7917 7916 13137
f 12054 13426 13427
f 12054 12053 13426
f 12516 12515 8664
f 13125 13124 8181
f 12831 12830 8433
f 12296 8652 12297
f 8957 12285 8958
f 8432 12831 8433
f 8663 12516 8664
f 8180 13125 8181
f 12065 8946 12066
f 12842 8169 12843
f 12527 8421 12528
f 13136 7917 13137
f 8653 8652 12296
f 12286 12285 8957
f 8422 8421 12527
f 8947 8946 12065
f 8170 8169 12842
f 7918 7917 13136
f 12055 12054 13427
f 12055 13427 13428
f 12517 12516 8663
f 12832 12831 8432
f 13126 13125 8180
f 12295 8653 12296
f 8662 12517 8663
f 8956 12286 8957
f 8431 12832 8432
f 8179 13126 8180
f 12064 8947 12065
f 12526 8422 12527
f 12841 8170 12842
f 13135 7918 13136
f 12287 12286 8956
f 8654 8653 12295
f 8948 8947 12064
f 8171 8170 12841
f 8423 8422 12526
f 12056 13428 13429
f 12056 12055 13428
f 7919 7918 13135
f 12518 12517 8662
f 13127 13126 8179
f 12833 12832 8431
f 12294 8654 12295
f 8661 12518 8662
f 8955 12287 8956
f 8430 12833 8431
f 8178 13127 8179
f 12063 8948 12064
f 12525 8423 12526
f 13134 7919 13135
f 12840 8171 12841
f 12288 12287 8955
f 8655 8654 12294
f 8949 8948 12063
f 8424 8423 12525
f 8172 8171 12840
f 7920 7919 13134
f 12519 12518 8661
f 13128 13127 8178
f 12834 12833 8430
f 8429 12834 8430
f 12062 8949 12063
f 12524 8424 12525
f 13133 7920 13134
f 12839 8172 12840
f 9529 13434 13435
f 9235 12061 12060
f 8416 12838 12837
f 12322 8659 8658
f 8941 12292 12291
f 383 12523 12522
f 8164 13132 13131
f 7912 7929 7928
f 11986 13430 13431
f 12091 8953 8952
f 12868 8176 8175
f 12553 8428 8427
f 13162 7924 7923
f 9530 13435 13436
f 9530 9529 13435
f 9236 9235 12060
f 9236 12060 12059
f 8942 12291 12290
f 8942 8941 12291
f 12323 8658 8657
f 12323 12322 8658
f 8417 12837 12836
f 8417 8416 12837
f 384 12522 12521
f 384 383 12522
f 8165 13131 13130
f 8165 8164 13131
f 11987 13431 13432
f 11987 11986 13431
f 7913 7912 7928
f 7913 7928 7927
f 12092 12091 8952
f 12092 8952 8951
f 13163 13162 7923
f 13163 7923 7922
f 12554 12553 8427
f 12554 8427 8426
f 12869 8175 8174
f 12869 12868 8175
f 9234 12061 9235
f 9234 12062 12061
f 9528 13434 9529
f 9528 13433 13434
f 8415 12838 8416
f 8415 12839 12838
f 382 12524 12523
f 382 12523 383
f 8940 12293 12292
f 8940 12292 8941
f 12321 8660 8659
f 12321 8659 12322
f 8163 13133 13132
f 8163 13132 8164
f 7911 7929 7912
f 7911 7930 7929
f 11985 13429 13430
f 11985 12056 13429
f 11985 13430 11986
f 11985 12057 12056
f 12090 8953 12091
f 12090 8954 8953
f 12552 8428 12553
f 12552 8429 8428
f 12867 8177 8176
f 12867 8176 12868
f 13161 7924 13162
f 13161 7925 7924
f 9237 9236 12059
f 9237 12059 12058
f 9531 13436 13437
f 9531 9530 13436
f 8943 12290 12289
f 8943 8942 12290
f 385 12521 12520
f 385 384 12521
f 8418 12836 12835
f 8418 8417 12836
f 12324 8657 8656
f 12324 12323 8657
f 8166 8165 13130
f 8166 13130 13129
f 7914 7913 7927
f 7914 7927 7926
f 12093 12092 8951
f 12093 8951 8950
f 11988 13432 13433
f 11988 11987 13432
f 12870 12869 8174
f 12870 8174 8173
f 12555 8426 8425
f 12555 12554 8426
f 13164 7922 7921
f 13164 13163 7922
f 9527 11988 13433
f 9527 13433 9528
f 9233 8949 12062
f 9233 12062 9234
f 381 8424 12524
f 381 12524 382
f 12320 8661 8660
f 12320 8660 12321
f 12320 12519 8661
f 8414 8172 12839
f 8414 12839 8415
f 8939 12294 12293
f 8939 8655 12294
f 8939 12293 8940
f 12089 8955 8954
f 12089 8954 12090
f 12089 12288 8955
f 8162 7920 13133
f 8162 13133 8163
f 7910 13539 7930
f 7910 7930 7911
f 11984 12057 11985
f 12551 12834 8429
f 12551 8429 12552
f 13160 7925 13161
f 13160 7926 7925
f 12866 8178 8177
f 12866 8177 12867
f 12866 13128 8178
f 9511 9531 13437
f 9511 13437 10822
f 9217 9237 12058
f 9217 12057 11984
f 9217 12058 12057
f 8923 12289 12288
f 8923 12288 12089
f 8923 8943 12289
f 12304 8656 8655
f 12304 12324 8656
f 12304 8655 8939
f 8398 8418 12835
f 8398 12835 12834
f 8398 12834 12551
f 365 12520 12519
f 365 12519 12320
f 365 385 12520
f 8146 8166 13129
f 8146 13129 13128
f 8146 13128 12866
f 11968 11988 9527
f 12073 12093 8950
f 12073 8949 9233
f 12073 8950 8949
f 7894 7914 7926
f 7894 7926 13160
f 12535 12555 8425
f 12535 8424 381
f 12535 8425 8424
f 13144 7920 8162
f 13144 13164 7921
f 13144 7921 7920
f 12850 12870 8173
f 12850 8173 8172
f 12850 8172 8414
f 9526 11968 9527
f 9232 12073 9233
f 12319 365 12320
f 8938 12304 8939
f 8413 12850 8414
f 380 12535 381
f 8161 13144 8162
f 11983 9217 11984
f 12088 8923 12089
f 12550 8398 12551
f 12865 8146 12866
f 13159 7894 13160
f 9218 9217 11983
f 8924 8923 12088
f 12305 12304 8938
f 366 365 12319
f 8399 8398 12550
f 8147 8146 12865
f 11969 11968 9526
f 7895 7894 13159
f 12074 12073 9232
f 12536 12535 380
f 12851 12850 8413
f 13145 13144 8161
f 9525 11969 9526
f 9231 12074 9232
f 12318 366 12319
f 8937 12305 8938
f 8412 12851 8413
f 379 12536 380
f 8160 13145 8161
f 12087 8924 12088
f 11982 9218 11983
f 12549 8399 12550
f 12864 8147 12865
f 13158 7895 13159
f 9219 9218 11982
f 12306 12305 8937
f 8925 8924 12087
f 8400 8399 12549
f 367 366 12318
f 8148 8147 12864
f 11970 11969 9525
f 12075 12074 9231
f 7896 7895 13158
f 12537 12536 379
f 12852 12851 8412
f 13146 13145 8160
f 9524 11970 9525
f 9230 12075 9231
f 12317 367 12318
f 8411 12852 8412
f 8936 12306 8937
f 8159 13146 8160
f 378 12537 379
f 12086 8925 12087
f 11981 9219 11982
f 12548 8400 12549
f 13157 7896 13158
f 12863 8148 12864
f 9220 9219 11981
f 8926 8925 12086
f 12307 12306 8936
f 368 367 12317
f 8401 8400 12548
f 8149 8148 12863
f 12076 12075 9230
f 11971 11970 9524
f 7897 7896 13157
f 12538 12537 378
f 12853 12852 8411
f 13147 13146 8159
f 9523 11971 9524
f 9229 12076 9230
f 12316 368 12317
f 377 12538 378
f 8935 12307 8936
f 8410 12853 8411
f 8158 13147 8159
f 11980 9220 11981
f 12085 8926 12086
f 12862 8149 12863
f 12547 8401 12548
f 13156 7897 13157
f 9221 9220 11980
f 369 368 12316
f 8927 8926 12085
f 12308 12307 8935
f 8402 8401 12547
f 8150 8149 12862
f 11972 11971 9523
f 12077 12076 9229
f 7898 7897 13156
f 12539 12538 377
f 13148 13147 8158
f 12854 12853 8410
f 9228 12077 9229
f 9522 11972 9523
f 8409 12854 8410
f 8934 12308 8935
f 12315 369 12316
f 8157 13148 8158
f 11979 9221 11980
f 12084 8927 12085
f 12546 8402 12547
f 13155 7898 13156
f 12861 8150 12862
f 9222 9221 11979
f 8928 8927 12084
f 8403 8402 12546
f 370 369 12315
f 12309 12308 8934
f 8151 8150 12861
f 11973 11972 9522
f 12078 12077 9228
f 7899 7898 13155
f 13149 13148 8157
f 12855 12854 8409
f 8156 13149 8157
f 12083 8928 12084
f 11978 9222 11979
f 12860 8151 12861
f 13154 7899 13155
f 7314 375 374
f 7313 376 375
f 7313 375 7314
f 7315 7314 374
f 7315 374 373
f 7312 377 376
f 7312 376 7313
f 7316 373 372
f 7316 7315 373
f 7311 12540 12539
f 7311 12539 377
f 7311 377 7312
f 7317 372 371
f 7317 7316 372
f 7624 7908 7907
f 7623 7907 7906
f 7623 7624 7907
f 7310 12541 12540
f 7310 12540 7311
f 7625 7909 7908
f 7625 7910 7909
f 7625 7908 7624
f 7318 371 370
f 7318 7317 371
f 7622 7623 7906
f 7622 7906 7905
f 7626 7910 7625
f 7626 13539 7910
f 7626 13538 13539
f 7309 12541 7310
f 7621 7905 7904
f 7621 7622 7905
f 7319 12315 12314
f 7319 7318 370
f 7319 370 12315
f 7641 7904 7903
f 7641 7621 7904
f 9214 12082 12081
f 9508 11977 11976
f 11713 9520 9519
f 10873 12544 12543
f 358 7323 7322
f 8920 12313 12312
f 12007 9226 9225
f 12112 8932 8931
f 8143 13153 13152
f 12574 8407 8406
f 12889 8155 8154
f 13183 7903 7902
f 9509 9508 11976
f 9509 11976 11975
f 9215 9214 12081
f 9215 12081 12080
f 11714 11713 9519
f 11714 9519 9518
f 9845 9514 9513
f 9845 9844 9514
f 8921 12312 12311
f 8921 8920 12312
f 359 358 7322
f 359 7322 7321
f 10874 10873 12543
f 10874 12543 12542
f 8144 13152 13151
f 8144 8143 13152
f 12008 12007 9225
f 12008 9225 9224
f 12113 12112 8931
f 12113 8931 8930
f 12575 8406 8405
f 12575 12574 8406
f 12890 8154 8153
f 12890 12889 8154
f 13184 13183 7902
f 13184 7902 7901
f 9213 12082 9214
f 9213 12083 12082
f 9507 11977 9508
f 9507 11978 11977
f 9843 9515 9514
f 9843 9516 9515
f 9843 9514 9844
f 11712 9520 11713
f 11712 9521 9520
f 10872 12544 10873
f 10872 12545 12544
f 357 7323 358
f 357 7324 7323
f 8919 12314 12313
f 8919 12313 8920
f 12006 9226 12007
f 12006 9227 9226
f 8142 13154 13153
f 8142 13153 8143
f 12111 8932 12112
f 12111 8933 8932
f 12573 8407 12574
f 12573 8408 8407
f 12888 8156 8155
f 12888 8155 12889
f 13182 7903 13183
f 13182 7641 7903
f 13182 7640 7641
f 9216 9215 12080
f 9216 12080 12079
f 9510 9509 11975
f 9510 11975 11974
f 9846 9513 9512
f 9846 9845 9513
f 11715 9518 9517
f 11715 11714 9518
f 360 7321 7320
f 360 359 7321
f 10875 12541 7309
f 10875 10874 12542
f 10875 12542 12541
f 8922 12311 12310
f 8922 8921 12311
f 12009 9224 9223
f 12009 12008 9224
f 8145 8144 13151
f 8145 13151 13150
f 12114 8930 8929
f 12114 12113 8930
f 12576 8405 8404
f 12576 12575 8405
f 12891 8153 8152
f 12891 12890 8153
f 13185 13184 7901
f 13185 7901 7900
f 9506 11978 9507
f 9506 9222 11978
f 9212 8928 12083
f 9212 12083 9213
f 10871 12545 10872
f 10871 8403 12546
f 10871 12546 12545
f 9842 9516 9843
f 11711 9521 11712
f 11711 11973 9522
f 11711 9522 9521
f 8918 7319 12314
f 8918 12314 8919
f 356 7324 357
f 356 7325 7324
f 8141 13154 8142
f 8141 7899 13154
f 12110 8933 12111
f 12110 12309 8934
f 12110 8934 8933
f 12005 9227 12006
f 12005 12078 9228
f 12005 9228 9227
f 12887 8156 12888
f 12887 13149 8156
f 12572 12855 8409
f 12572 8409 8408
f 12572 12856 12855
f 12572 8408 12573
f 13181 7640 13182
f 13181 7639 7640
f 9490 11973 11711
f 9490 9510 11974
f 9490 11974 11973
f 9826 9846 9512
f 9826 10822 10823
f 9826 9512 9511
f 9826 9511 10822
f 9196 9216 12079
f 9196 12078 12005
f 9196 12079 12078
f 11695 9517 9516
f 11695 9516 9842
f 11695 11715 9517
f 10855 7309 7308
f 10855 10875 7309
f 340 360 7320
f 340 7319 8918
f 340 7320 7319
f 8902 12310 12309
f 8902 12309 12110
f 8902 8922 12310
f 12094 8928 9212
f 12094 12114 8929
f 12094 8929 8928
f 11989 12009 9223
f 11989 9222 9506
f 11989 9223 9222
f 8125 13150 13149
f 8125 8145 13150
f 8125 13149 12887
f 12556 8403 10871
f 12556 12576 8404
f 12556 8404 8403
f 13165 7900 7899
f 13165 13185 7900
f 13165 7899 8141
f 12871 8152 8151
f 12871 8151 12860
f 12871 12891 8152
f 11710 9490 11711
f 9211 12094 9212
f 9505 11989 9506
f 9841 11695 9842
f 355 7325 356
f 355 7326 7325
f 10870 12556 10871
f 8917 340 8918
f 8140 13165 8141
f 12004 9196 12005
f 12109 8902 12110
f 12571 12856 12572
f 12886 8125 12887
f 13180 7639 13181
f 13180 7638 7639
f 9491 9490 11710
f 9197 9196 12004
f 11696 11695 9841
f 10856 7307 7306
f 10856 7308 7307
f 10856 10855 7308
f 341 340 8917
f 8903 8902 12109
f 11990 11989 9505
f 8126 8125 12886
f 12095 12094 9211
f 12557 12556 10870
f 12872 12871 12860
f 13166 13165 8140
f 9210 12095 9211
f 9504 11990 9505
f 9840 11696 9841
f 11709 9491 11710
f 8916 341 8917
f 354 7326 355
f 354 7306 7326
f 10869 12557 10870
f 8139 13166 8140
f 12003 9197 12004
f 12108 8903 12109
f 12570 12856 12571
f 12570 12857 12856
f 13179 7638 13180
f 13179 7637 7638
f 12885 8126 12886
f 9492 9491 11709
f 11697 11696 9840
f 9198 9197 12003
f 8904 8903 12108
f 342 341 8916
f 10857 10856 7306
f 10857 7306 354
f 8127 8126 12885
f 12096 12095 9210
f 11991 11990 9504
f 12558 12557 10869
f 13167 13166 8139
f 9503 11991 9504
f 11708 9492 11709
f 9209 12096 9210
f 9839 11697 9840
f 10868 12558 10869
f 8915 342 8916
f 353 10857 354
f 12002 9198 12003
f 8138 13167 8139
f 12107 8904 12108
f 12884 8127 12885
f 13178 7637 13179
f 13178 7636 7637
f 9199 9198 12002
f 9493 9492 11708
f 11698 11697 9839
f 10858 10857 353
f 343 342 8915
f 8905 8904 12107
f 8128 8127 12884
f 11992 11991 9503
f 12097 12096 9209
f 12559 12558 10868
f 13168 13167 8138
f 9502 11992 9503
f 9208 12097 9209
f 11707 9493 11708
f 9838 11698 9839
f 10867 12559 10868
f 352 10858 353
f 8914 343 8915
f 12001 9199 12002
f 8137 13168 8138
f 12106 8905 12107
f 12883 8128 12884
f 13177 7636 13178
f 13177 7635 7636
f 11699 11698 9838
f 9494 9493 11707
f 9200 9199 12001
f 10859 10858 352
f 344 343 8914
f 8906 8905 12106
f 11993 11992 9502
f 12098 12097 9208
f 8129 8128 12883
f 12560 12559 10867
f 13169 13168 8137
f 9207 12098 9208
f 9501 11993 9502
f 11706 9494 11707
f 9837 11699 9838
f 8913 344 8914
f 10866 12560 10867
f 351 10859 352
f 12000 9200 12001
f 12105 8906 12106
f 8136 13169 8137
f 12882 8129 12883
f 13176 7635 13177
f 9495 9494 11706
f 11700 11699 9837
f 9201 9200 12000
f 10860 10859 351
f 8907 8906 12105
f 345 344 8913
f 8130 8129 12882
f 11994 11993 9501
f 12099 12098 9207
f 12561 12560 10866
f 13170 13169 8136
f 9500 11994 9501
f 11705 9495 11706
f 10865 12561 10866
f 350 10860 351
f 11999 9201 12000
f 12104 8907 12105
f 8135 13170 8136
f 12881 8130 12882
f 7293 12859 12858
f 7292 12872 12860
f 7292 12860 12859
f 7292 12859 7293
f 7292 12873 12872
f 7294 12858 12857
f 7294 7293 12858
f 7291 12874 12873
f 7291 12873 7292
f 7295 7294 12857
f 7295 12857 12570
f 7290 12875 12874
f 7290 12874 7291
f 7296 12570 12569
f 7296 7295 12570
f 7289 12875 7290
f 7297 7296 12569
f 7297 12569 12568
f 7288 12875 7289
f 7288 12876 12875
f 7298 7297 12568
f 7298 12568 12567
f 7287 12876 7288
f 7287 12877 12876
f 7299 7298 12567
f 9487 11998 11997
f 11419 9835 9834
f 180 12880 12879
f 9193 12103 12102
f 11734 9499 9498
f 72 349 348
f 9823 11704 11703
f 8647 12565 12564
f 7891 7628 7629
f 8122 13174 13173
f 12028 9205 9204
f 13414 8911 8910
f 13204 7632 7633
f 12595 7302 7301
f 12910 8134 8133
f 11735 11734 9498
f 11735 9498 9497
f 9488 11997 11996
f 9488 9487 11997
f 11420 11419 9834
f 11420 9834 9833
f 10160 10159 9829
f 10160 9828 9827
f 10160 9829 9828
f 9194 12102 12101
f 9194 9193 12102
f 9824 11703 11702
f 9824 9823 11703
f 181 180 12879
f 181 12879 12878
f 73 348 347
f 73 72 348
f 8648 8647 12564
f 8648 12564 12563
f 8123 13173 13172
f 8123 8122 13173
f 7892 7891 7629
f 7892 7629 7630
f 13415 8910 8909
f 13415 13414 8910
f 12029 9204 9203
f 12029 12028 9204
f 12596 7301 7300
f 12596 12595 7301
f 13205 13204 7633
f 13205 7633 7634
f 12911 12910 8133
f 12911 8133 8132
f 9486 11999 11998
f 9486 11998 9487
f 10158 9829 10159
f 10158 9830 9829
f 11418 9835 11419
f 11418 9836 9835
f 11733 9499 11734
f 11733 9500 9499
f 71 350 349
f 71 349 72
f 9192 12104 12103
f 9192 12103 9193
f 9822 11705 11704
f 9822 11704 9823
f 179 12880 180
f 179 12881 12880
f 8646 12565 8647
f 8646 12566 12565
f 7890 7628 7891
f 7890 7627 7628
f 8121 13174 8122
f 8121 13175 13174
f 12027 9206 9205
f 12027 9205 12028
f 13413 8912 8911
f 13413 8911 13414
f 12594 7303 7302
f 12594 7302 12595
f 13203 7632 13204
f 13203 7631 7632
f 12909 8134 12910
f 12909 8135 8134
f 9489 11996 11995
f 9489 9488 11996
f 11421 9833 9832
f 11421 11420 9833
f 9825 11702 11701
f 9825 9824 11702
f 182 7287 7286
f 182 12878 12877
f 182 12877 7287
f 182 181 12878
f 10161 10160 9827
f 11736 9497 9496
f 11736 11735 9497
f 9195 9194 12101
f 9195 12101 12100
f 74 347 346
f 74 73 347
f 8649 12563 12562
f 8649 8648 12563
f 7893 7892 7630
f 7893 7630 7631
f 8124 13172 13171
f 8124 8123 13172
f 12030 12029 9203
f 12030 9203 9202
f 13416 13415 8909
f 13416 8909 8908
f 13206 13205 7634
f 13206 7634 7635
f 12597 12596 7300
f 12597 7300 7299
f 12912 12911 8132
f 12912 8132 8131
f 9485 11999 9486
f 9485 9201 11999
f 70 10860 350
f 70 350 71
f 178 8130 12881
f 178 12881 179
f 9191 8907 12104
f 9191 12104 9192
f 11417 9836 11418
f 11417 11700 9837
f 11417 9837 9836
f 11732 9500 11733
f 11732 11994 9500
f 10157 9830 10158
f 10157 9831 9830
f 9821 11705 9822
f 9821 9495 11705
f 8120 13175 8121
f 8120 13176 13175
f 8645 12566 8646
f 8645 12567 12566
f 7889 7627 7890
f 7889 7626 7627
f 12026 9206 12027
f 12026 9207 9206
f 12026 12099 9207
f 13412 345 8913
f 13412 8912 13413
f 13412 8913 8912
f 13202 7893 7631
f 13202 7631 13203
f 12593 7303 12594
f 12593 7304 7303
f 12908 13170 8135
f 12908 8135 12909
f 9469 11995 11994
f 9469 9489 11995
f 9469 11994 11732
f 11401 9832 9831
f 11401 11421 9832
f 11401 9831 10157
f 11716 11736 9496
f 11716 9496 9495
f 11716 9495 9821
f 10141 10161 9827
f 10141 9827 9826
f 9805 11701 11700
f 9805 9825 11701
f 9805 11700 11417
f 9175 12100 12099
f 9175 9195 12100
f 9175 12099 12026
f 162 182 7286
f 162 7286 7285
f 54 346 345
f 54 74 346
f 54 345 13412
f 8629 12561 10865
f 8629 8649 12562
f 8629 12562 12561
f 7873 7893 13202
f 8104 13170 12908
f 8104 13171 13170
f 8104 8124 13171
f 12010 9202 9201
f 12010 12030 9202
f 12010 9201 9485
f 13396 8907 9191
f 13396 8908 8907
f 13396 13416 8908
f 13186 7635 13176
f 13186 13176 8120
f 13186 13206 7635
f 12577 12597 7299
f 12577 7299 12567
f 12577 12567 8645
f 12892 8130 178
f 12892 12912 8131
f 12892 8131 8130
f 11731 9469 11732
f 10156 11401 10157
f 11416 9805 11417
f 9190 13396 9191
f 9484 12010 9485
f 9820 11716 9821
f 177 12892 178
f 8644 12577 8645
f 69 10860 70
f 69 10861 10860
f 8119 13186 8120
f 12025 9175 12026
f 13411 54 13412
f 13201 7873 13202
f 12592 7304 12593
f 12592 7305 7304
f 12907 8104 12908
f 9470 9469 11731
f 11402 11401 10156
f 9806 9805 11416
f 11717 11716 9820
f 9176 9175 12025
f 163 162 7285
f 163 7305 12592
f 163 7285 7305
f 55 54 13411
f 8630 8629 10865
f 8630 10865 10864
f 7874 7873 13201
f 8105 8104 12907
f 12011 12010 9484
f 13397 13396 9190
f 13187 13186 8119
f 12578 12577 8644
f 12893 12892 177
f 11415 9806 11416
f 11730 9470 11731
f 9189 13397 9190
f 9483 12011 9484
f 10155 11402 10156
f 9819 11717 9820
f 8643 12578 8644
f 176 12893 177
f 8118 13187 8119
f 13410 55 13411
f 12024 9176 12025
f 13200 7874 13201
f 12591 163 12592
f 12906 8105 12907
f 11718 11717 9819
f 11403 11402 10155
f 9471 9470 11730
f 9177 9176 12024
f 9807 9806 11415
f 56 55 13410
f 8631 8630 10864
f 8631 10864 10863
f 164 163 12591
f 7875 7874 13200
f 8106 8105 12906
f 13398 13397 9189
f 12012 12011 9483
f 13188 13187 8118
f 12579 12578 8643
f 12894 12893 176
f 9188 13398 9189
f 9482 12012 9483
f 11729 9471 11730
f 11414 9807 11415
f 10154 11403 10155
f 175 12894 176
f 9818 11718 9819
f 8642 12579 8643
f 8117 13188 8118
f 12023 9177 12024
f 13409 56 13410
f 13199 7875 13200
f 12905 8106 12906
f 9472 9471 11729
f 11404 11403 10154
f 11719 11718 9818
f 9808 9807 11414
f 9178 9177 12023
f 57 56 13409
f 8107 8106 12905
f 7876 7875 13199
f 13399 13398 9188
f 12013 12012 9482
f 13189 13188 8117
f 12580 12579 8642
f 12895 12894 175
f 11413 9808 11414
f 10153 11404 10154
f 9481 12013 9482
f 174 12895 175
f 9187 13399 9188
f 11728 9472 11729
f 9817 11719 9818
f 8641 12580 8642
f 8116 13189 8117
f 12022 9178 12023
f 13408 57 13409
f 13198 7876 13199
f 12904 8107 12905
f 9473 9472 11728
f 11405 11404 10153
f 9179 9178 12022
f 11720 11719 9817
f 9809 9808 11413
f 58 57 13408
f 7877 7876 13198
f 8108 8107 12904
f 13400 13399 9187
f 12014 12013 9481
f 12581 12580 8641
f 13190 13189 8116
f 12896 12895 174
f 9480 12014 9481
f 9186 13400 9187
f 9816 11720 9817
f 11727 9473 11728
f 173 12896 174
f 11412 9809 11413
f 10152 11405 10153
f 8640 12581 8641
f 8115 13190 8116
f 12021 9179 12022
f 13407 58 13408
f 13197 7877 13198
f 12903 8108 12904
f 11721 11720 9816
f 11406 11405 10152
f 9474 9473 11727
f 9180 9179 12021
f 9810 9809 11412
f 59 58 13407
f 8109 8108 12903
f 7878 7877 13197
f 12015 12014 9480
f 13401 13400 9186
f 13191 13190 8115
f 12582 12581 8640
f 12897 12896 173
f 9479 12015 9480
f 172 12897 173
f 11726 9474 11727
f 9815 11721 9816
f 8639 12582 8640
f 10151 11406 10152
f 13406 59 13407
f 12902 8109 12903
f 7440 68 67
f 7461 166 165
f 7439 10861 69
f 7439 68 7440
f 7439 10862 10861
f 7439 69 68
f 7460 167 166
f 7460 166 7461
f 7441 7440 67
f 7441 67 66
f 7462 7461 165
f 7462 165 164
f 7438 10862 7439
f 7459 168 167
f 7459 167 7460
f 7442 7441 66
f 7442 66 65
f 7463 12591 12590
f 7463 164 12591
f 7463 7462 164
f 7437 8631 10863
f 7437 10862 7438
f 7437 10863 10862
f 7458 168 7459
f 7443 7442 65
f 7443 65 64
f 7464 7463 12590
f 7464 12590 12589
f 7436 8632 8631
f 7436 8631 7437
f 7457 169 168
f 7457 168 7458
f 7444 7443 64
f 7465 7464 12589
f 7465 12589 12588
f 7435 8632 7436
f 7456 169 7457
f 7456 170 169
f 7445 7444 64
f 7445 64 63
f 7466 7465 12588
f 7466 12588 12587
f 7455 170 7456
f 7455 171 170
f 7561 10143 10142
f 7560 7561 10142
f 7560 10142 10141
f 7446 7445 63
f 7446 63 62
f 7467 7466 12587
f 7467 12587 12586
f 7562 10143 7561
f 7562 10144 10143
f 7559 9826 10823
f 7559 10141 9826
f 7559 7560 10141
f 7454 171 7455
f 7563 10144 7562
f 7563 10145 10144
f 7558 7559 10823
f 7564 10145 7563
f 7564 10146 10145
f 7565 10146 7564
f 7565 10147 10146
f 7272 9182 9181
f 7271 9183 9182
f 7271 9182 7272
f 7273 7272 9181
f 7270 9183 7271
f 7270 9184 9183
f 7274 9180 12021
f 7274 9181 9180
f 7274 7273 9181
f 7269 9184 7270
f 7269 9185 9184
f 7275 7274 12021
f 7275 12021 12020
f 7268 9185 7269
f 7268 9186 9185
f 7268 13401 9186
f 11167 10150 10149
f 10852 13405 13404
f 10138 11410 11409
f 9802 11725 11724
f 11440 9814 9813
f 9466 12019 12018
f 11755 9478 9477
f 7618 12901 12900
f 12343 8638 8637
f 7870 7887 7886
f 8626 12586 12585
f 8899 8632 7435
f 8899 8633 8632
f 8899 7435 7434
f 8101 13195 13194
f 12133 7447 7446
f 12133 7446 62
f 12931 8113 8112
f 12616 7454 7453
f 13225 7882 7881
f 11441 9813 9812
f 11441 11440 9813
f 10139 11409 11408
f 10139 10138 11409
f 9467 12018 12017
f 9467 9466 12018
f 10853 13404 13403
f 10853 10852 13404
f 11168 11167 10149
f 11168 10149 10148
f 9803 9802 11724
f 9803 11724 11723
f 11756 9477 9476
f 11756 11755 9477
f 12344 12343 8637
f 12344 8637 8636
f 8900 8899 7434
f 8900 7434 7433
f 8102 8101 13194
f 8102 13194 13193
f 7619 12900 12899
f 7619 7618 12900
f 8627 8626 12585
f 8627 12585 12584
f 7871 7886 7885
f 7871 7870 7886
f 12134 62 61
f 12134 12133 62
f 12932 8112 8111
f 12932 12931 8112
f 12617 12616 7453
f 12617 7453 7473
f 13226 7881 7880
f 13226 13225 7881
f 11166 10150 11167
f 11166 10151 10150
f 11754 9479 9478
f 11754 9478 11755
f 10851 13406 13405
f 10851 13405 10852
f 9465 12020 12019
f 9465 12019 9466
f 10137 11410 10138
f 10137 11411 11410
f 9801 11726 11725
f 9801 11725 9802
f 11439 9815 9814
f 11439 9814 11440
f 12342 8638 12343
f 12342 8639 8638
f 7869 7888 7887
f 7869 7887 7870
f 7617 12902 12901
f 7617 12901 7618
f 8625 7468 7467
f 8625 7467 12586
f 8625 12586 8626
f 8898 8633 8899
f 8100 13195 8101
f 8100 13196 13195
f 12132 7448 7447
f 12132 7447 12133
f 12930 8114 8113
f 12930 8113 12931
f 12615 172 171
f 12615 171 7454
f 12615 7454 12616
f 13224 7883 7882
f 13224 7882 13225
f 11169 11168 10148
f 11169 7565 7566
f 11169 10147 7565
f 11169 10148 10147
f 11757 9476 9475
f 11757 11756 9476
f 9468 9467 12017
f 9468 12017 12016
f 10140 10139 11408
f 10140 11408 11407
f 11442 11441 9812
f 11442 9812 9811
f 10854 13403 13402
f 10854 10853 13403
f 9804 11723 11722
f 9804 9803 11723
f 7620 12899 12898
f 7620 7619 12899
f 12345 12344 8636
f 12345 8636 8635
f 7872 7871 7885
f 7872 7885 7884
f 8628 8627 12584
f 8628 12584 12583
f 8901 8900 7433
f 8901 7433 7432
f 8103 8102 13193
f 8103 13193 13192
f 12135 12134 61
f 12135 61 60
f 12933 12932 8111
f 12933 8111 8110
f 12618 7473 7472
f 12618 12617 7473
f 13227 7880 7879
f 13227 13226 7880
f 11438 9815 11439
f 11438 11721 9815
f 9800 9474 11726
f 9800 11726 9801
f 9464 7275 12020
f 9464 7276 7275
f 9464 12020 9465
f 10136 11412 11411
f 10136 9810 11412
f 10136 11411 10137
f 10850 13406 10851
f 10850 59 13406
f 11753 9479 11754
f 11753 12015 9479
f 11165 11406 10151
f 11165 10151 11166
f 7616 8109 12902
f 7616 12902 7617
f 12341 8639 12342
f 12341 12582 8639
f 8897 8634 8633
f 8897 8633 8898
f 7868 7889 7888
f 7868 7888 7869
f 7868 7626 7889
f 8624 7468 8625
f 8624 7469 7468
f 8099 13197 13196
f 8099 7878 13197
f 8099 13196 8100
f 12131 7449 7448
f 12131 7450 7449
f 12131 7448 12132
f 12929 8114 12930
f 12929 8115 8114
f 12929 13191 8115
f 12614 12897 172
f 12614 172 12615
f 13223 7884 7883
f 13223 7883 13224
f 9784 11721 11438
f 9784 11722 11721
f 9784 9804 11722
f 11149 11169 7566
f 11149 7566 7567
f 9448 12015 11753
f 9448 12016 12015
f 9448 9468 12016
f 10834 13402 13401
f 10834 13401 7268
f 10834 10854 13402
f 11422 9810 10136
f 11422 9811 9810
f 11422 11442 9811
f 11737 9474 9800
f 11737 11757 9475
f 11737 9475 9474
f 10120 10140 11407
f 10120 11407 11406
f 10120 11406 11165
f 12325 8634 8897
f 12325 8635 8634
f 12325 12345 8635
f 8881 7432 7452
f 8881 8901 7432
f 8083 13191 12929
f 8083 8103 13192
f 8083 13192 13191
f 7600 12898 12897
f 7600 12897 12614
f 7600 7620 12898
f 8608 12582 12341
f 8608 8628 12583
f 8608 12583 12582
f 7852 7884 13223
f 7852 7872 7884
f 12115 59 10850
f 12115 60 59
f 12115 12135 60
f 12913 8110 8109
f 12913 12933 8110
f 12913 8109 7616
f 12598 7472 7471
f 12598 12618 7472
f 13207 7879 7878
f 13207 13227 7879
f 13207 7878 8099
f 11164 10120 11165
f 11752 9448 11753
f 10849 12115 10850
f 9799 11737 9800
f 11437 9784 11438
f 9463 7276 9464
f 9463 7277 7276
f 12340 8608 12341
f 10135 11422 10136
f 8896 12325 8897
f 8623 7469 8624
f 8623 7470 7469
f 7615 12913 7616
f 8098 13207 8099
f 12130 7451 7450
f 12130 7450 12131
f 12613 7600 12614
f 13222 7852 13223
f 12928 8083 12929
f 11150 7567 7568
f 11150 11149 7567
f 11423 11422 10135
f 9449 9448 11752
f 10121 10120 11164
f 11738 11737 9799
f 10835 7268 7267
f 10835 10834 7268
f 9785 9784 11437
f 12326 12325 8896
f 8609 8608 12340
f 7853 7852 13222
f 8882 7452 7451
f 8882 8881 7452
f 8084 8083 12928
f 7601 7600 12613
f 12116 12115 10849
f 12914 12913 7615
f 12599 7471 7470
f 12599 12598 7471
f 13208 13207 8098
f 11436 9785 11437
f 10848 12116 10849
f 11163 10121 11164
f 11751 9449 11752
f 9462 7278 7277
f 9462 7277 9463
f 10134 11423 10135
f 9798 11738 9799
f 12339 8609 12340
f 8895 12326 8896
f 8097 13208 8098
f 7614 12914 7615
f 8622 12599 7470
f 8622 7470 8623
f 12129 8882 7451
f 12129 7451 12130
f 12612 7601 12613
f 12927 8084 12928
f 13221 7853 13222
f 11424 11423 10134
f 11739 11738 9798
f 10122 10121 11163
f 11151 7568 7569
f 11151 11150 7568
f 9450 9449 11751
f 9786 9785 11436
f 10836 7267 7266
f 10836 10835 7267
f 8883 8882 12129
f 7602 7601 12612
f 8085 8084 12927
f 8610 8609 12339
f 12327 12326 8895
f 7854 7853 13221
f 12117 12116 10848
f 12600 12599 8622
f 12915 12914 7614
f 13209 13208 8097
f 10847 12117 10848
f 11435 9786 11436
f 11750 9450 11751
f 9797 11739 9798
f 9461 7278 9462
f 9461 7279 7278
f 11162 10122 11163
f 10133 11424 10134
f 12338 8610 12339
f 8894 12327 8895
f 8096 13209 8097
f 7613 12915 7614
f 8621 12600 8622
f 12128 8883 12129
f 13220 7854 13221
f 12926 8085 12927
f 12611 7602 12612
f 10123 10122 11162
f 11152 7569 7570
f 11152 11151 7569
f 11425 11424 10133
f 11740 11739 9797
f 9451 9450 11750
f 9787 9786 11435
f 10837 10836 7266
f 10837 7265 7264
f 10837 7266 7265
f 12328 12327 8894
f 8611 8610 12338
f 8884 8883 12128
f 7603 7602 12611
f 8086 8085 12926
f 7855 7854 13220
f 12118 12117 10847
f 12601 12600 8621
f 12916 12915 7613
f 13210 13209 8096
f 10846 12118 10847
f 11434 9787 11435
f 10132 11425 10133
f 9460 7279 9461
f 9460 7280 7279
f 9796 11740 9797
f 11161 10123 11162
f 11749 9451 11750
f 7612 12916 7613
f 8620 12601 8621
f 12337 8611 12338
f 8893 12328 8894
f 8095 13210 8096
f 12127 8884 12128
f 12925 8086 12926
f 12610 7603 12611
f 13219 7855 13220
f 11153 11152 7570
f 9452 9451 11749
f 11426 11425 10132
f 10838 10837 7264
f 11741 11740 9796
f 9788 9787 11434
f 10124 10123 11161
f 12329 12328 8893
f 8885 8884 12127
f 8087 8086 12925
f 7604 7603 12610
f 8612 8611 12337
f 7856 7855 13219
f 12119 12118 10846
f 12602 12601 8620
f 12917 12916 7612
f 13211 13210 8095
f 9795 11741 9796
f 10845 12119 10846
f 9459 7281 7280
f 9459 7280 9460
f 10131 11426 10132
f 11433 9788 11434
f 11160 10124 11161
f 12336 8612 12337
f 11748 9452 11749
f 8892 12329 8893
f 7611 12917 7612
f 8619 12602 8620
f 8094 13211 8095
f 12126 8885 12127
f 12609 7604 12610
f 12924 8087 12925
f 13218 7856 13219
f 11427 11426 10131
f 9453 9452 11748
f 11742 11741 9795
f 9789 9788 11433
f 12330 12329 8892
f 10125 10124 11160
f 8886 8885 12126
f 8088 8087 12924
f 7605 7604 12609
f 8613 8612 12336
f 7857 7856 13218
f 12120 12119 10845
f 12603 12602 8619
f 12918 12917 7611
f 13212 13211 8094
f 9794 11742 9795
f 11432 9789 11433
f 11159 10125 11160
f 11747 9453 11748
f 8891 12330 8892
f 8618 12603 8619
f 12125 8886 12126
f 12923 8088 12924
f 13217 7857 13218
f 10894 7571 7572
f 10726 7575 7576
f 10117 11431 11430
f 9172 12124 12123
f 11461 9793 9792
f 10432 11158 11157
f 11188 10129 10128
f 11776 9457 9456
f 12364 8617 8616
f 9781 11746 11745
f 8605 12607 12606
f 8080 13216 13215
f 7849 7866 7865
f 8878 12334 12333
f 12154 8890 8889
f 13351 10843 10842
f 12637 7609 7608
f 12952 8092 8091
f 13246 7861 7860
f 10895 7572 7573
f 10895 10894 7572
f 11189 10128 10127
f 11189 11188 10128
f 10118 10117 11430
f 10118 11430 11429
f 10727 10726 7576
f 10727 7576 7577
f 9173 9172 12123
f 9173 12123 12122
f 10433 11157 11156
f 10433 10432 11157
f 11462 9792 9791
f 11462 11461 9792
f 11777 11776 9456
f 11777 9456 9455
f 9782 11745 11744
f 9782 9781 11745
f 12365 8616 8615
f 12365 12364 8616
f 8081 8080 13215
f 8081 13215 13214
f 8606 12606 12605
f 8606 8605 12606
f 7850 7865 7864
f 7850 7849 7865
f 8879 8878 12333
f 8879 12333 12332
f 13352 13351 10842
f 13352 10842 10841
f 12155 8889 8888
f 12155 12154 8889
f 12638 12637 7608
f 12638 7608 7607
f 13247 7860 7859
f 13247 13246 7860
f 12953 12952 8091
f 12953 8091 8090
f 7164 7577 7578
f 7164 7578 7558
f 7164 7558 10823
f 10893 7570 7571
f 10893 11153 7570
f 10893 7571 10894
f 10725 7574 7575
f 10725 7575 10726
f 9171 12125 12124
f 9171 12124 9172
f 11460 9794 9793
f 11460 9793 11461
f 11187 10130 10129
f 11187 10129 11188
f 10431 11159 11158
f 10431 11158 10432
f 10116 11431 10117
f 10116 11432 11431
f 11775 9457 11776
f 11775 9458 9457
f 12363 8618 8617
f 12363 8617 12364
f 9780 11746 9781
f 9780 11747 11746
f 8604 12608 12607
f 8604 12607 8605
f 8877 12334 8878
f 8877 12335 12334
f 8079 13216 8080
f 8079 13217 13216
f 7848 7867 7866
f 7848 7866 7849
f 13350 10843 13351
f 13350 10844 10843
f 12153 8891 8890
f 12153 8890 12154
f 12636 7609 12637
f 12636 7610 7609
f 13245 7862 7861
f 13245 7861 13246
f 12951 8092 12952
f 12951 8093 8092
f 7161 7163 7162
f 7161 7164 7163
f 10728 10727 7577
f 10728 7577 7164
f 10896 7573 7574
f 10896 10895 7573
f 11190 11189 10127
f 11190 10127 10126
f 9174 12122 12121
f 9174 9173 12122
f 11463 9791 9790
f 11463 11462 9791
f 10434 10433 11156
f 10434 11156 11155
f 10119 11429 11428
f 10119 10118 11429
f 11778 11777 9455
f 11778 9455 9454
f 9783 9782 11744
f 9783 11744 11743
f 12366 12365 8615
f 12366 8615 8614
f 8607 12605 12604
f 8607 8606 12605
f 8082 13214 13213
f 8082 8081 13214
f 7851 7864 7863
f 7851 7850 7864
f 8880 12332 12331
f 8880 8879 12332
f 12156 12155 8888
f 12156 8888 8887
f 13353 13352 10841
f 13353 10841 10840
f 12639 12638 7607
f 12639 7607 7606
f 13248 7859 7858
f 13248 13247 7859
f 12954 8090 8089
f 12954 12953 8090
f 10724 10896 7574
f 10724 7574 10725
f 10115 9789 11432
f 10115 11432 10116
f 10892 11153 10893
f 10892 11154 11153
f 9170 12125 9171
f 9170 8886 12125
f 11186 11427 10131
f 11186 10131 10130
f 11186 10130 11187
f 9779 9453 11747
f 9779 11747 9780
f 10430 10125 11159
f 10430 11159 10431
f 11459 9794 11460
f 11459 11742 9794
f 11774 9458 11775
f 11774 9459 9458
f 8603 12608 8604
f 8603 7605 12609
f 8603 12609 12608
f 12362 12603 8618
f 12362 8618 12363
f 7847 7867 7848
f 7847 7868 7867
f 8078 7857 13217
f 8078 13217 8079
f 8876 8613 12336
f 8876 12335 8877
f 8876 12336 12335
f 12152 12330 8891
f 12152 8891 12153
f 13349 10844 13350
f 13349 10845 10844
f 13349 12120 10845
f 12635 7610 12636
f 12635 7611 7610
f 12635 12918 7611
f 13244 7863 7862
f 13244 7862 13245
f 12950 13212 8094
f 12950 8093 12951
f 12950 8094 8093
f 10876 10896 10724
f 10708 10728 7164
f 9154 12120 13349
f 9154 12121 12120
f 9154 9174 12121
f 11443 11463 9790
f 11443 9790 9789
f 11443 9789 10115
f 11758 9453 9779
f 11758 11778 9454
f 11758 9454 9453
f 11170 11190 10126
f 11170 10125 10430
f 11170 10126 10125
f 9763 9783 11743
f 9763 11743 11742
f 9763 11742 11459
f 10099 11428 11427
f 10099 10119 11428
f 10099 11427 11186
f 10414 10434 11155
f 10414 11154 10892
f 10414 11155 11154
f 8587 8607 12604
f 8587 12604 12603
f 8587 12603 12362
f 12346 12366 8614
f 12346 8614 8613
f 12346 8613 8876
f 7831 7851 7863
f 7831 7863 13244
f 8062 13213 13212
f 8062 8082 13213
f 8062 13212 12950
f 8860 8880 12331
f 8860 12331 12330
f 8860 12330 12152
f 12136 12156 8887
f 12136 8887 8886
f 12136 8886 9170
f 13333 13353 10840
f 13333 10840 10839
f 12619 7605 8603
f 12619 12639 7606
f 12619 7606 7605
f 12934 8088 12923
f 12934 12954 8089
f 12934 8089 8088
f 13228 7858 7857
f 13228 13248 7858
f 13228 7857 8078
f 10723 10876 10724
f 10891 10414 10892
f 9169 12136 9170
f 11458 9763 11459
f 10114 11443 10115
f 11773 7281 9459
f 11773 9459 11774
f 9778 11758 9779
f 11185 10099 11186
f 10429 11170 10430
f 12361 8587 12362
f 8077 13228 8078
f 8602 12619 8603
f 8875 12346 8876
f 12151 8860 12152
f 13348 9154 13349
f 12634 12919 12918
f 12634 12918 12635
f 12949 8062 12950
f 13243 7831 13244
f 10877 10876 10723
f 11171 11170 10429
f 9155 9154 13348
f 11444 11443 10114
f 10415 10414 10891
f 10100 10099 11185
f 10709 10708 7164
f 11759 11758 9778
f 12347 12346 8875
f 9764 9763 11458
f 8588 8587 12361
f 8063 8062 12949
f 7832 7831 13243
f 8861 8860 12151
f 12137 12136 9169
f 12620 12619 8602
f 13229 13228 8077
f 12935 12934 12923
f 7230 12921 12920
f 7482 7284 7283
f 10722 10877 10723
f 10890 10415 10891
f 10113 11444 10114
f 11184 10100 11185
f 9168 12137 9169
f 11457 9764 11458
f 9777 11759 9778
f 10428 11171 10429
f 12360 8588 12361
f 8076 13229 8077
f 8601 12620 8602
f 8874 12347 8875
f 13347 9155 13348
f 12150 8861 12151
f 13242 7832 13243
f 12948 8063 12949
f 7229 12922 12921
f 7229 12921 7230
f 7481 7264 7284
f 7481 10838 7264
f 7481 7284 7482
f 7481 10839 10838
f 7231 12920 12919
f 7231 7230 12920
f 7483 7482 7283
f 7483 7283 7282
f 7160 7164 7161
f 7158 7160 7159
f 7157 7160 7158
f 7157 7164 7160
f 11445 11444 10113
f 10878 10877 10722
f 10416 10415 10890
f 10710 7164 7157
f 10710 10709 7164
f 11172 11171 10428
f 9156 9155 13347
f 11760 11759 9777
f 9765 9764 11457
f 10101 10100 11184
f 8589 8588 12360
f 12348 12347 8874
f 8862 8861 12150
f 8064 8063 12948
f 7833 7832 13242
f 12138 12137 9168
f 12621 12620 8601
f 13230 13229 8076
f 7228 12923 12922
f 7228 12922 7229
f 7480 10839 7481
f 7480 13333 10839
f 7480 13334 13333
f 7232 12919 12634
f 7232 7231 12919
f 7484 7281 11773
f 7484 7282 7281
f 7484 7483 7282
f 7479 13335 13334
f 7479 13334 7480
f 7227 12935 12923
f 7227 12923 7228
f 10889 10416 10890
f 10721 10878 10722
f 11456 9765 11457
f 10112 11445 10113
f 11183 10101 11184
f 9776 11760 9777
f 9167 12138 9168
f 10427 11172 10428
f 8600 12621 8601
f 12359 8589 12360
f 8075 13230 8076
f 8873 12348 8874
f 12149 8862 12150
f 13346 9156 13347
f 13241 7833 13242
f 12947 8064 12948
f 7233 12634 12633
f 7233 7232 12634
f 7485 7484 11773
f 7485 11773 11772
f 10417 10416 10889
f 10879 10878 10721
f 11173 11172 10427
f 9157 9156 13346
f 11446 11445 10112
f 10102 10101 11183
f 10711 10710 7157
f 11761 11760 9776
f 9766 9765 11456
f 12349 12348 8873
f 8590 8589 12359
f 7834 7833 13241
f 8065 8064 12947
f 8863 8862 12149
f 12139 12138 9167
f 12622 12621 8600
f 13231 13230 8075
f 7478 13335 7479
f 7478 13336 13335
f 7226 12936 12935
f 7226 12935 7227
f 7486 7485 11772
f 7234 12633 12632
f 7234 7233 12633
f 10888 10417 10889
f 11182 10102 11183
f 11455 9766 11456
f 9775 11761 9776
f 9166 12139 9167
f 10720 10879 10721
f 10111 11446 10112
f 12358 8590 12359
f 8599 12622 8600
f 10426 11173 10427
f 8074 13231 8075
f 8872 12349 8873
f 13345 9157 13346
f 12148 8863 12149
f 12946 8065 12947
f 13240 7834 13241
f 10880 10879 10720
f 10712 10711 7157
f 9158 9157 13345
f 11447 11446 10111
f 11174 11173 10426
f 10418 10417 10888
f 10103 10102 11182
f 12350 12349 8872
f 11762 11761 9775
f 9767 9766 11455
f 8591 8590 12358
f 8066 8065 12946
f 7835 7834 13240
f 8864 8863 12148
f 12140 12139 9166
f 12623 12622 8599
f 13232 13231 8074
f 7477 13337 13336
f 7477 13336 7478
f 7225 12937 12936
f 7225 12936 7226
f 7235 12632 12631
f 7235 7234 12632
f 10110 11447 10111
f 10887 10418 10888
f 11181 10103 11182
f 9165 12140 9166
f 11454 9767 11455
f 9774 11762 9775
f 10719 10880 10720
f 10425 11174 10426
f 8598 12623 8599
f 12357 8591 12358
f 8871 12350 8872
f 8073 13232 8074
f 12147 8864 12148
f 13344 9158 13345
f 13239 7835 13240
f 12945 8066 12946
f 11448 11447 10110
f 10713 10712 7157
f 10881 10880 10719
f 11175 11174 10425
f 9159 9158 13344
f 10104 10103 11181
f 11763 11762 9774
f 9768 9767 11454
f 10419 10418 10887
f 12351 12350 8871
f 8592 8591 12357
f 8067 8066 12945
f 8865 8864 12147
f 7836 7835 13239
f 12141 12140 9165
f 12624 12623 8598
f 13233 13232 8073
f 7476 13337 7477
f 7236 12631 12630
f 7236 7235 12631
f 10886 10419 10887
f 10718 10881 10719
f 8870 12351 8871
f 13238 7836 13239
f 10714 10713 7157
f 7475 13337 7476
f 7475 13338 13337
f 7237 7236 12630
f 7237 12630 12629
f 7474 13339 13338
f 7474 13338 7475
f 7238 7237 12629
f 10784 7487 7486
f 10784 11772 11771
f 10784 7486 11772
f 10763 12937 7225
f 10785 7488 7487
f 10785 7487 10784
f 10764 12938 12937
f 10764 12939 12938
f 10764 12937 10763
f 10783 10784 11771
f 10783 11771 11770
f 10762 10763 7225
f 10762 7224 7223
f 10762 7225 7224
f 10786 7488 10785
f 10786 7489 7488
f 10765 12940 12939
f 10765 12939 10764
f 10782 10783 11770
f 10782 11770 11769
f 10761 10762 7223
f 10761 7223 7222
f 10787 7489 10786
f 10787 7490 7489
f 10787 7491 7490
f 10766 12941 12940
f 10766 12940 10765
f 10781 10782 11769
f 10781 11768 11767
f 10781 11769 11768
f 10760 7222 7242
f 10760 10761 7222
f 10788 7492 7491
f 10788 7491 10787
f 10767 12942 12941
f 10767 12943 12942
f 10767 12941 10766
f 10780 10781 11767
f 10780 11767 11766
f 10759 7241 7240
f 10759 7242 7241
f 10759 10760 7242
f 10789 7493 7492
f 10789 7494 7493
f 10789 7492 10788
f 10768 12943 10767
f 10790 7494 10789
f 10705 10885 10884
f 9445 13342 13341
f 10411 11179 11178
f 10915 10423 10422
f 293 8596 8595
f 11209 10108 10107
f 11482 9772 9771
f 9151 12145 12144
f 9760 10779 10780
f 9760 10780 11766
f 8395 12943 10768
f 10096 11452 11451
f 8857 12355 12354
f 8059 13237 13236
f 7828 7845 7844
f 7723 9163 9162
f 12658 10757 10758
f 12973 8071 8070
f 13267 7840 7839
f 10706 10884 10883
f 10706 10705 10884
f 10916 10915 10422
f 10916 10422 10421
f 11210 11209 10107
f 11210 10107 10106
f 294 8595 8594
f 294 293 8595
f 9152 9151 12144
f 9152 12144 12143
f 11483 9771 9770
f 11483 11482 9771
f 9446 9445 13341
f 9446 13341 13340
f 9761 9760 11766
f 9761 11766 11765
f 10097 10096 11451
f 10097 11451 11450
f 10412 11178 11177
f 10412 10411 11178
f 8396 8395 10768
f 8396 10768 10769
f 8060 13236 13235
f 8060 8059 13236
f 8858 8857 12354
f 8858 12354 12353
f 7829 7844 7843
f 7829 7828 7844
f 7724 9162 9161
f 7724 7723 9162
f 13268 13267 7839
f 13268 7839 7838
f 12974 12973 8070
f 12974 8070 8069
f 12659 12658 10758
f 12659 10758 10759
f 12659 10759 7240
f 9444 13342 9445
f 9444 13343 13342
f 10410 11180 11179
f 10410 11179 10411
f 10704 10885 10705
f 10704 10886 10885
f 10914 10423 10915
f 10914 10424 10423
f 11208 10109 10108
f 11208 10108 11209
f 11481 9773 9772
f 11481 9772 11482
f 9150 12145 9151
f 9150 12146 12145
f 9759 10778 10779
f 9759 10779 9760
f 8394 12943 8395
f 8394 12944 12943
f 292 8597 8596
f 292 8596 293
f 10095 11452 10096
f 10095 11453 11452
f 8856 12355 8857
f 8856 12356 12355
f 8058 13238 13237
f 8058 13237 8059
f 7827 7846 7845
f 7827 7845 7828
f 7722 9164 9163
f 7722 9163 7723
f 12972 8071 12973
f 12972 8072 8071
f 12657 10757 12658
f 13266 7840 13267
f 13266 7841 7840
f 10707 10883 10882
f 10707 10706 10883
f 9447 9446 13340
f 9447 13340 13339
f 9447 13339 7474
f 10413 11177 11176
f 10413 10412 11177
f 295 294 8594
f 295 8594 8593
f 10917 10421 10420
f 10917 10916 10421
f 11211 10106 10105
f 11211 11210 10106
f 11484 9770 9769
f 11484 11483 9770
f 9153 12143 12142
f 9153 9152 12143
f 10098 11450 11449
f 10098 10097 11450
f 9762 11765 11764
f 9762 9761 11765
f 8397 8396 10769
f 8397 10769 10770
f 8859 8858 12353
f 8859 12353 12352
f 8061 13235 13234
f 8061 8060 13235
f 7830 7829 7843
f 7830 7843 7842
f 7725 7724 9161
f 7725 9161 9160
f 12975 8069 8068
f 12975 12974 8069
f 12660 7240 7239
f 12660 12659 7240
f 13269 13268 7838
f 13269 7838 7837
f 10703 10886 10704
f 10703 10419 10886
f 10913 11175 10425
f 10913 10425 10424
f 10913 10424 10914
f 10094 9768 11454
f 10094 11453 10095
f 10094 11454 11453
f 9443 9159 13344
f 9443 13343 9444
f 9443 13344 13343
f 9758 10778 9759
f 291 8597 292
f 10409 11181 11180
f 10409 11180 10410
f 10409 10104 11181
f 11480 9774 9773
f 11480 11763 9774
f 11480 9773 11481
f 9149 8865 12147
f 9149 12146 9150
f 9149 12147 12146
f 11207 11448 10110
f 11207 10109 11208
f 11207 10110 10109
f 8855 12356 8856
f 8855 8592 12357
f 8855 12357 12356
f 8393 12944 8394
f 8393 12945 12944
f 8393 8067 12945
f 8057 13238 8058
f 8057 7836 13238
f 7721 9165 9164
f 7721 9164 7722
f 7721 12141 9165
f 7826 7847 7846
f 7826 7846 7827
f 12971 8073 8072
f 12971 8072 12972
f 12971 13233 8073
f 12656 10757 12657
f 12656 10756 10757
f 13265 7841 13266
f 13265 7842 7841
f 10897 10419 10703
f 10897 10420 10419
f 10897 10917 10420
f 11464 9769 9768
f 11464 9768 10094
f 11464 11484 9769
f 9427 9447 7474
f 9427 7474 7494
f 9742 11763 11480
f 9742 11764 11763
f 9742 9762 11764
f 275 8593 8592
f 275 295 8593
f 275 8592 8855
f 10687 10882 10881
f 10687 10707 10882
f 10687 10881 10718
f 11191 10104 10409
f 11191 10105 10104
f 11191 11211 10105
f 10078 11448 11207
f 10078 10098 11449
f 10078 11449 11448
f 10393 10413 11176
f 10393 11175 10913
f 10393 11176 11175
f 9133 12141 7721
f 9133 12142 12141
f 9133 9153 12142
f 8377 8397 10770
f 8839 12351 8870
f 8839 12352 12351
f 8839 8859 12352
f 8041 13233 12971
f 8041 13234 13233
f 8041 8061 13234
f 7810 7842 13265
f 7810 7830 7842
f 7705 9160 9159
f 7705 7725 9160
f 7705 9159 9443
f 12955 8068 8067
f 12955 12975 8068
f 12955 8067 8393
f 12640 7239 7238
f 12640 12660 7239
f 12640 7238 12629
f 13249 7836 8057
f 13249 13269 7837
f 13249 7837 7836
f 7503 12625 12624
f 10912 10393 10913
f 11206 10078 11207
f 9442 7705 9443
f 10702 10897 10703
f 9757 10777 10778
f 9757 10778 9758
f 10093 11464 10094
f 11479 9742 11480
f 10408 11191 10409
f 9148 8866 8865
f 9148 8865 9149
f 8392 12955 8393
f 8854 275 8855
f 8056 13249 8057
f 7720 9133 7721
f 12655 10756 12656
f 12655 10755 10756
f 12970 8041 12971
f 13264 7810 13265
f 7502 12625 7503
f 7502 12626 12625
f 7504 8598 8597
f 7504 12624 8598
f 7504 7503 12624
f 7504 8597 291
f 10688 10687 10718
f 10688 10718 10717
f 9428 9427 7494
f 9428 7494 10790
f 10394 10393 10912
f 276 275 8854
f 10898 10897 10702
f 11192 11191 10408
f 11465 11464 10093
f 9743 9742 11479
f 9134 9133 7720
f 10079 10078 11206
f 8378 8377 10770
f 8378 10770 10750
f 8042 8041 12970
f 7811 7810 13264
f 8840 8870 8869
f 8840 8839 8870
f 7706 7705 9442
f 12956 12955 8392
f 12641 12640 12629
f 12641 12629 12628
f 13250 13249 8056
f 7501 12627 12626
f 7501 12626 7502
f 7505 7504 291
f 7505 291 290
f 7500 12628 12627
f 7500 12627 7501
f 11478 9743 11479
f 9441 7706 9442
f 9756 10776 10777
f 9756 10777 9757
f 10701 10898 10702
f 10092 11465 10093
f 10911 10394 10912
f 10407 11192 10408
f 8391 12956 8392
f 11205 10079 11206
f 8853 276 8854
f 8055 13250 8056
f 7719 9134 7720
f 12969 8042 12970
f 12654 10755 12655
f 13263 7811 13264
f 7506 7505 290
f 7506 290 289
f 10689 10688 10717
f 10689 10717 10716
f 11466 11465 10092
f 9429 10790 10791
f 9429 9428 10790
f 10080 10079 11205
f 10395 10394 10911
f 10899 10898 10701
f 11193 11192 10407
f 9744 9743 11478
f 277 276 8853
f 9135 9134 7719
f 8043 8042 12969
f 8379 8378 10750
f 8379 10750 10751
f 7812 7811 13263
f 7707 7706 9441
f 12957 12956 8391
f 13251 13250 8055
f 7499 12641 12628
f 7499 12642 12641
f 7499 12628 7500
f 7507 7506 289
f 10700 10899 10701
f 10910 10395 10911
f 11477 9744 11478
f 9440 7707 9441
f 9755 10776 9756
f 288 7507 289
f 10406 11193 10407
f 11204 10080 11205
f 10091 11466 10092
f 8390 12957 8391
f 8852 277 8853
f 8054 13251 8055
f 7718 9135 7719
f 12653 10754 10755
f 12653 10755 12654
f 12968 8043 12969
f 13262 7812 13263
f 10690 10716 10715
f 10690 10689 10716
f 9430 10791 10771
f 9430 9429 10791
f 10396 10395 10910
f 10900 10899 10700
f 11467 11466 10091
f 11194 11193 10406
f 9136 9135 7718
f 9745 9744 11477
f 278 277 8852
f 10081 10080 11204
f 8044 8043 12968
f 8380 8379 10751
f 7813 7812 13262
f 7708 7707 9440
f 12958 12957 8390
f 13252 13251 8054
f 7498 12643 12642
f 7498 12642 7499
f 7508 7507 288
f 10909 10396 10910
f 9439 7708 9440
f 9754 10775 10776
f 9754 10776 9755
f 10699 10900 10700
f 287 7508 288
f 11476 9745 11477
f 11203 10081 11204
f 10405 11194 10406
f 8389 12958 8390
f 10090 11467 10091
f 8851 278 8852
f 8053 13252 8054
f 7717 9136 7718
f 12652 10754 12653
f 12652 10753 10754
f 12967 8044 12968
f 13261 7813 13262
f 10901 10900 10699
f 9431 9430 10771
f 10397 10396 10909
f 10691 10714 7157
f 10691 10690 10715
f 10691 10715 10714
f 11195 11194 10405
f 11468 11467 10090
f 9746 9745 11476
f 279 278 8851
f 10082 10081 11203
f 8381 8380 10751
f 8381 10751 10752
f 8045 8044 12967
f 9137 9136 7717
f 7814 7813 13261
f 7709 7708 9439
f 12959 12958 8389
f 13253 13252 8053
f 7497 12644 12643
f 7497 12643 7498
f 7509 7508 287
f 10908 10397 10909
f 11475 9746 11476
f 9438 7709 9439
f 9753 10774 10775
f 9753 10775 9754
f 286 7509 287
f 10089 11468 10090
f 10698 10901 10699
f 11202 10082 11203
f 10404 11195 10405
f 8388 12959 8389
f 8850 279 8851
f 8052 13253 8053
f 7716 9137 7717
f 12651 10753 12652
f 12966 8045 12967
f 13260 7814 13261
f 11469 11468 10089
f 9747 9746 11475
f 280 279 8850
f 10083 10082 11202
f 10398 10397 10908
f 10692 10691 7157
f 10902 10901 10698
f 11196 11195 10404
f 9138 9137 7716
f 8382 8381 10752
f 8382 10752 10753
f 8382 10753 12651
f 8046 8045 12966
f 7710 7709 9438
f 7815 7814 13260
f 13254 13253 8052
f 12960 12959 8388
f 7496 12644 7497
f 7510 7509 286
f 10907 10398 10908
f 9437 7710 9438
f 285 7510 286
f 10088 11469 10089
f 10697 10902 10698
f 11201 10083 11202
f 7715 9138 7716
f 12650 8382 12651
f 13259 7815 13260
f 10693 10692 7157
f 7511 7510 285
f 13441 8869 8868
f 13440 13441 8868
f 13440 8868 8867
f 13442 8840 8869
f 13442 8869 13441
f 13442 8841 8840
f 13439 13440 8867
f 13439 8867 8866
f 13439 8866 9148
f 13439 9148 9147
f 13443 8841 13442
f 13443 8842 8841
f 13438 13439 9147
f 13438 9147 9146
f 13444 8842 13443
f 13444 8843 8842
f 13458 13438 9146
f 13458 9146 9145
f 13445 8843 13444
f 13445 8844 8843
f 13457 13458 9145
f 13457 9145 9144
f 13446 8844 13445
f 13446 8845 8844
f 13456 13457 9144
f 13456 9144 9143
f 10936 10402 10401
f 10684 10906 10905
f 11230 10087 10086
f 9130 13451 13452
f 9424 7714 7713
f 9739 10771 10772
f 10075 11473 11472
f 8584 12649 12648
f 11797 9436 9435
f 11503 9751 9750
f 10390 11200 11199
f 8836 284 283
f 8038 13258 13257
f 12385 7496 7495
f 12175 8848 8847
f 8374 12964 12963
f 7807 7824 7823
f 7702 9142 9141
f 12679 8386 8385
f 13288 7819 7818
f 12994 8050 8049
f 10685 10905 10904
f 10685 10684 10905
f 10937 10401 10400
f 10937 10936 10401
f 11231 10086 10085
f 11231 11230 10086
f 9131 13452 13453
f 9131 9130 13452
f 11504 9750 9749
f 11504 11503 9750
f 9740 10772 10773
f 9740 9739 10772
f 10076 11472 11471
f 10076 10075 11472
f 10391 10390 11199
f 10391 11199 11198
f 11798 11797 9435
f 11798 9435 9434
f 9425 9424 7713
f 9425 7713 7712
f 8585 8584 12648
f 8585 12648 12647
f 8375 8374 12963
f 8375 12963 12962
f 7808 7807 7823
f 7808 7823 7822
f 8837 8836 283
f 8837 283 282
f 12386 12385 7495
f 12386 7495 7515
f 8039 8038 13257
f 8039 13257 13256
f 12176 12175 8847
f 12176 8847 8846
f 7703 7702 9141
f 7703 9141 9140
f 12680 12679 8385
f 12680 8385 8384
f 12995 8049 8048
f 12995 12994 8049
f 13289 13288 7818
f 13289 7818 7817
f 10683 10907 10906
f 10683 10906 10684
f 10935 10402 10936
f 10935 10403 10402
f 9129 13451 9130
f 9129 13450 13451
f 11502 9751 11503
f 11502 9752 9751
f 10389 11200 10390
f 10389 11201 11200
f 11796 9436 11797
f 11796 9437 9436
f 9423 7714 9424
f 9423 7715 7714
f 11229 10088 10087
f 11229 10087 11230
f 9738 9431 10771
f 9738 9432 9431
f 9738 10771 9739
f 10074 11474 11473
f 10074 11473 10075
f 8583 12650 12649
f 8583 12649 8584
f 8835 284 8836
f 8835 7511 285
f 8835 285 284
f 8037 13259 13258
f 8037 13258 8038
f 12174 8848 12175
f 12174 8849 8848
f 8373 12964 8374
f 8373 12965 12964
f 12384 7496 12385
f 12384 12644 7496
f 7806 7824 7807
f 7806 7825 7824
f 7701 9142 7702
f 7701 9143 9142
f 12678 8387 8386
f 12678 8386 12679
f 13287 7819 13288
f 13287 7820 7819
f 12993 8051 8050
f 12993 8050 12994
f 11505 11504 9749
f 11505 9749 9748
f 10938 10400 10399
f 10938 10937 10400
f 10686 10904 10903
f 10686 10685 10904
f 11799 11798 9434
f 11799 9434 9433
f 9132 9131 13453
f 9132 13453 13454
f 9426 9425 7712
f 9426 7712 7711
f 9741 10773 10774
f 9741 9740 10773
f 10077 10076 11471
f 10077 11471 11470
f 8586 12647 12646
f 8586 8585 12647
f 10392 11198 11197
f 10392 10391 11198
f 11232 10085 10084
f 11232 11231 10085
f 8040 13256 13255
f 8040 8039 13256
f 12177 13446 13447
f 12177 8845 13446
f 12177 12176 8846
f 12177 8846 8845
f 8376 8375 12962
f 8376 12962 12961
f 12387 12386 7515
f 12387 7515 7514
f 7809 7808 7822
f 7809 7822 7821
f 8838 8837 282
f 8838 282 281
f 7704 7703 9140
f 7704 9140 9139
f 12681 8384 8383
f 12681 12680 8384
f 13290 7817 7816
f 13290 13289 7817
f 12996 8048 8047
f 12996 12995 8048
f 10073 9747 11475
f 10073 11474 10074
f 10073 11475 11474
f 10682 10398 10907
f 10682 10907 10683
f 10934 11196 10404
f 10934 10403 10935
f 10934 10404 10403
f 11228 11469 10088
f 11228 10088 11229
f 9128 13449 13450
f 9128 13450 9129
f 11501 9752 11502
f 11501 9753 9752
f 11795 7710 9437
f 11795 9437 11796
f 9737 9432 9738
f 10388 11201 10389
f 10388 10083 11201
f 8372 12965 8373
f 8372 12966 12965
f 8372 8046 12966
f 9422 9138 7715
f 9422 7715 9423
f 8582 12650 8583
f 8582 8382 12650
f 7805 7825 7806
f 7805 7826 7825
f 12383 12644 12384
f 12383 12645 12644
f 8834 7511 8835
f 8834 7512 7511
f 8036 13259 8037
f 8036 7815 13259
f 7700 9143 7701
f 7700 13455 13456
f 7700 13456 9143
f 12173 8849 12174
f 12173 280 8850
f 12173 8850 8849
f 12677 8387 12678
f 12677 8388 8387
f 12677 12960 8388
f 12992 8052 8051
f 12992 13254 8052
f 12992 8051 12993
f 13286 7821 7820
f 13286 7820 13287
f 10918 10399 10398
f 10918 10398 10682
f 10918 10938 10399
f 10666 10686 10903
f 10666 10903 10902
f 10666 10902 10697
f 9112 9132 13454
f 9112 13454 13455
f 11485 9747 10073
f 11485 11505 9748
f 11485 9748 9747
f 11779 11799 9433
f 11779 9433 9432
f 11779 9432 9737
f 9406 9426 7711
f 9406 7711 7710
f 9406 7710 11795
f 12367 12387 7514
f 12367 7514 7513
f 11212 11232 10084
f 11212 10084 10083
f 11212 10083 10388
f 9721 9741 10774
f 9721 9753 11501
f 9721 10774 9753
f 8356 8376 12961
f 8356 12961 12960
f 8356 12960 12677
f 10057 11469 11228
f 10057 10077 11470
f 10057 11470 11469
f 10372 11197 11196
f 10372 11196 10934
f 10372 10392 11197
f 8566 12645 12383
f 8566 8586 12646
f 8566 12646 12645
f 8818 8838 281
f 8818 280 12173
f 8818 281 280
f 8020 13254 12992
f 8020 8040 13255
f 8020 13255 13254
f 12157 13447 13448
f 12157 12177 13447
f 7789 7809 7821
f 7789 7821 13286
f 7684 7704 9139
f 7684 9139 9138
f 7684 9138 9422
f 12661 8383 8382
f 12661 12681 8383
f 12661 8382 8582
f 13270 13290 7816
f 13270 7816 7815
f 13270 7815 8036
f 12976 8047 8046
f 12976 8046 8372
f 12976 12996 8047
f 11227 10057 11228
f 11500 9721 11501
f 10933 10372 10934
f 11794 9406 11795
f 10072 11485 10073
f 10681 10918 10682
f 9127 13448 13449
f 9127 13449 9128
f 9421 7684 9422
f 12382 8566 12383
f 9736 11779 9737
f 8581 12661 8582
f 10387 11212 10388
f 8833 7512 8834
f 8833 12367 7513
f 8833 7513 7512
f 8035 13270 8036
f 12172 8818 12173
f 8371 12976 8372
f 7699 13455 7700
f 12676 8356 12677
f 12991 8020 12992
f 13285 7789 13286
f 10667 10697 10696
f 10667 10666 10697
f 10919 10918 10681
f 11486 11485 10072
f 11213 11212 10387
f 9113 13455 7699
f 9113 9112 13455
f 11780 11779 9736
f 9407 9406 11794
f 9722 9721 11500
f 10058 10057 11227
f 8567 8566 12382
f 10373 10372 10933
f 8021 8020 12991
f 8357 8356 12676
f 12368 12367 8833
f 7790 7789 13285
f 8819 8818 12172
f 12158 12157 13448
f 12158 13448 9127
f 7685 7684 9421
f 12662 12661 8581
f 13271 13270 8035
f 12977 12976 8371
f 11499 9722 11500
f 10071 11486 10072
f 10680 10919 10681
f 10932 10373 10933
f 11226 10058 11227
f 9126 12158 9127
f 12381 8567 12382
f 9420 7685 9421
f 11793 9407 11794
f 9735 11780 9736
f 10386 11213 10387
f 8580 12662 8581
f 8832 12368 8833
f 8034 13271 8035
f 12171 8819 12172
f 8370 12977 8371
f 7698 9113 7699
f 12675 8357 12676
f 12990 8021 12991
f 13284 7790 13285
f 11487 11486 10071
f 10374 10373 10932
f 10668 10667 10696
f 10668 10696 10695
f 10920 10919 10680
f 11214 11213 10386
f 9114 9113 7698
f 11781 11780 9735
f 9408 9407 11793
f 12369 12368 8832
f 9723 9722 11499
f 8358 8357 12675
f 10059 10058 11226
f 8568 8567 12381
f 8820 8819 12171
f 8022 8021 12990
f 12159 12158 9126
f 7791 7790 13284
f 7686 7685 9420
f 12978 12977 8370
f 12663 12662 8580
f 13272 13271 8034
f 11498 9723 11499
f 11792 9408 11793
f 9734 11781 9735
f 10070 11487 10071
f 10385 11214 10386
f 10679 10920 10680
f 10931 10374 10932
f 9125 12159 9126
f 9419 7686 9420
f 12380 8568 12381
f 11225 10059 11226
f 8579 12663 8580
f 8831 12369 8832
f 8033 13272 8034
f 12170 8820 12171
f 8369 12978 8370
f 7697 9114 7698
f 12674 8358 12675
f 12989 8022 12990
f 13283 7791 13284
f 10375 10374 10931
f 10669 10695 10694
f 10669 10668 10695
f 10921 10920 10679
f 11215 11214 10385
f 9115 9114 7697
f 11488 11487 10070
f 9409 9408 11792
f 9724 9723 11498
f 11782 11781 9734
f 10060 10059 11225
f 8023 8022 12989
f 12160 12159 9125
f 12370 12369 8831
f 8359 8358 12674
f 7792 7791 13283
f 8569 8568 12380
f 8821 8820 12170
f 7687 7686 9419
f 12664 12663 8579
f 13273 13272 8033
f 12979 12978 8369
f 10678 10921 10679
f 10930 10375 10931
f 12379 8569 12380
f 11224 10060 11225
f 9124 12160 9125
f 11497 9724 11498
f 9418 7687 9419
f 9733 11782 9734
f 11791 9409 11792
f 10069 11488 10070
f 8578 12664 8579
f 10384 11215 10385
f 8830 12370 8831
f 8032 13273 8033
f 8368 12979 8369
f 7696 9115 7697
f 12169 8821 12170
f 12673 8359 12674
f 12988 8023 12989
f 13282 7792 13283
f 10670 10694 10693
f 10670 10669 10694
f 10922 10921 10678
f 9116 9115 7696
f 11489 11488 10069
f 11783 11782 9733
f 10061 10060 11224
f 10376 10375 10930
f 11216 11215 10384
f 8024 8023 12988
f 9410 9409 11791
f 9725 9724 11497
f 8360 8359 12673
f 8570 8569 12379
f 8822 8821 12169
f 12371 12370 8830
f 12161 12160 9124
f 7688 7687 9418
f 7793 7792 13282
f 12665 12664 8578
f 12980 12979 8368
f 13274 13273 8032
f 11496 9725 11497
f 9732 11783 9733
f 10677 10922 10678
f 10068 11489 10069
f 10929 10376 10930
f 9123 12161 9124
f 9417 7688 9418
f 11790 9410 11791
f 11223 10061 11224
f 12378 8570 12379
f 10383 11216 10384
f 8577 12665 8578
f 8829 12371 8830
f 8031 13274 8032
f 12168 8822 12169
f 8367 12980 8368
f 7695 9116 7696
f 12672 8360 12673
f 13281 7793 13282
f 12987 8024 12988
f 11490 11489 10068
f 10062 10061 11223
f 10377 10376 10929
f 10671 10693 7157
f 10671 10670 10693
f 10923 10922 10677
f 11217 11216 10383
f 9117 9116 7695
f 9411 9410 11790
f 9726 9725 11496
f 8361 8360 12672
f 11784 11783 9732
f 8571 8570 12378
f 12372 12371 8829
f 8823 8822 12168
f 8025 8024 12987
f 12162 12161 9123
f 7794 7793 13281
f 7689 7688 9417
f 12666 12665 8577
f 12981 12980 8367
f 13275 13274 8031
f 10676 10923 10677
f 10928 10377 10929
f 11222 10062 11223
f 11789 9411 11790
f 9416 7689 9417
f 9731 11784 9732
f 8576 12666 8577
f 8828 12372 8829
f 8366 12981 8367
f 7694 9117 7695
f 12671 8361 12672
f 13280 7794 13281
f 10663 10927 10926
f 9109 12166 12165
f 10957 10381 10380
f 9403 7693 7692
f 11524 9730 9729
f 9718 11788 11787
f 10054 11494 11493
f 11818 9415 9414
f 10369 11221 11220
f 8815 12376 12375
f 11251 10066 10065
f 12406 8575 8574
f 8353 12985 12984
f 8563 12670 12669
f 8017 13279 13278
f 7786 7803 7802
f 12196 8827 8826
f 111 9121 9120
f 13309 7798 7797
f 12700 8365 8364
f 13015 8029 8028
f 10958 10380 10379
f 10958 10957 10380
f 11252 11251 10065
f 11252 10065 10064
f 9110 9109 12165
f 9110 12165 12164
f 10055 11493 11492
f 10055 10054 11493
f 10370 10369 11220
f 10370 11220 11219
f 10664 10663 10926
f 10664 10926 10925
f 11525 11524 9729
f 11525 9729 9728
f 11819 9414 9413
f 11819 11818 9414
f 9404 9403 7692
f 9404 7692 7691
f 12407 12406 8574
f 12407 8574 8573
f 9719 11787 11786
f 9719 9718 11787
f 8564 12669 12668
f 8564 8563 12669
f 8816 8815 12375
f 8816 12375 12374
f 8354 8353 12984
f 8354 12984 12983
f 8018 8017 13278
f 8018 13278 13277
f 7787 7802 7801
f 7787 7786 7802
f 12197 8826 8825
f 12197 12196 8826
f 112 111 9120
f 112 9120 9119
f 12701 8364 8363
f 12701 12700 8364
f 13310 13309 7797
f 13310 7797 7796
f 13016 13015 8028
f 13016 8028 8027
f 10662 10927 10663
f 10662 10928 10927
f 11250 10067 10066
f 11250 10066 11251
f 9108 12166 9109
f 9108 12167 12166
f 11523 9730 11524
f 11523 9731 9730
f 9402 7693 9403
f 9402 7694 7693
f 9717 11789 11788
f 9717 11788 9718
f 10053 11495 11494
f 10053 11494 10054
f 11817 9416 9415
f 11817 9415 11818
f 10368 11221 10369
f 10368 11222 11221
f 8814 12376 8815
f 8814 12377 12376
f 10956 10382 10381
f 10956 10381 10957
f 8016 13280 13279
f 8016 13279 8017
f 8352 12985 8353
f 8352 12986 12985
f 12405 8576 8575
f 12405 8575 12406
f 8562 12671 12670
f 8562 12670 8563
f 12195 8828 8827
f 12195 8827 12196
f 7785 7804 7803
f 7785 7803 7786
f 110 9121 111
f 110 9122 9121
f 12699 8366 8365
f 12699 8365 12700
f 13308 7798 13309
f 13308 7799 7798
f 13014 8029 13015
f 13014 8030 8029
f 10665 10664 10925
f 10665 10925 10924
f 10959 10958 10379
f 10959 10379 10378
f 9111 9110 12164
f 9111 12164 12163
f 9405 9404 7691
f 9405 7691 7690
f 11253 11252 10064
f 11253 10064 10063
f 10056 11492 11491
f 10056 10055 11492
f 10371 10370 11219
f 10371 11219 11218
f 11526 11525 9728
f 11526 9728 9727
f 12408 8573 8572
f 12408 12407 8573
f 11820 9413 9412
f 11820 11819 9413
f 9720 11786 11785
f 9720 9719 11786
f 8355 8354 12983
f 8355 12983 12982
f 8019 8018 13277
f 8019 13277 13276
f 8565 12668 12667
f 8565 8564 12668
f 8817 8816 12374
f 8817 12374 12373
f 12198 12197 8825
f 12198 8825 8824
f 7788 7787 7801
f 7788 7801 7800
f 113 112 9119
f 113 9119 9118
f 12702 8363 8362
f 12702 12701 8363
f 13017 13016 8027
f 13017 8027 8026
f 13311 7796 7795
f 13311 13310 7796
f 10661 10928 10662
f 10661 10377 10928
f 9107 8823 12168
f 9107 12167 9108
f 9107 12168 12167
f 11522 9731 11523
f 11522 11784 9731
f 9401 7694 9402
f 9401 9117 7694
f 10052 11496 11495
f 10052 11495 10053
f 10052 9726 11496
f 10367 10062 11222
f 10367 11222 10368
f 10955 10383 10382
f 10955 11217 10383
f 10955 10382 10956
f 11816 7689 9416
f 11816 9416 11817
f 9716 11789 9717
f 9716 9411 11789
f 11249 10068 10067
f 11249 10067 11250
f 11249 11490 10068
f 8561 8361 12671
f 8561 12671 8562
f 12404 12666 8576
f 12404 8576 12405
f 8813 8571 12378
f 8813 12377 8814
f 8813 12378 12377
f 8015 13280 8016
f 8015 7794 13280
f 12194 8828 12195
f 12194 12372 8828
f 8351 8025 12987
f 8351 12986 8352
f 8351 12987 12986
f 7784 7804 7785
f 109 12162 9123
f 109 9122 110
f 109 9123 9122
f 12698 12981 8366
f 12698 8366 12699
f 13013 13275 8031
f 13013 8031 8030
f 13013 8030 13014
f 13307 7800 7799
f 13307 7799 13308
f 10939 10378 10377
f 10939 10959 10378
f 10939 10377 10661
f 11233 11253 10063
f 11233 10062 10367
f 11233 10063 10062
f 11506 11526 9727
f 11506 9727 9726
f 11506 9726 10052
f 9700 11785 11784
f 9700 9720 11785
f 9700 11784 11522
f 9385 9405 7690
f 9385 7690 7689
f 9385 7689 11816
f 11800 9412 9411
f 11800 9411 9716
f 11800 11820 9412
f 9091 9111 12163
f 9091 12162 109
f 9091 12163 12162
f 10036 11491 11490
f 10036 11490 11249
f 10036 10056 11491
f 8545 12666 12404
f 8545 12667 12666
f 8545 8565 12667
f 12388 8572 8571
f 12388 8571 8813
f 12388 12408 8572
f 10351 10371 11218
f 10351 11218 11217
f 10351 11217 10955
f 10645 10924 10923
f 10645 10923 10676
f 10645 10665 10924
f 8797 8817 12373
f 8797 12372 12194
f 8797 12373 12372
f 7999 8019 13276
f 7999 13275 13013
f 7999 13276 13275
f 8335 8355 12982
f 8335 12982 12981
f 8335 12981 12698
f 7768 7800 13307
f 7768 7788 7800
f 12178 12198 8824
f 12178 8824 8823
f 12178 8823 9107
f 93 9117 9401
f 93 113 9118
f 93 9118 9117
f 13291 13311 7795
f 13291 7794 8015
f 13291 7795 7794
f 12682 8362 8361
f 12682 8361 8561
f 12682 12702 8362
f 12997 13017 8026
f 12997 8026 8025
f 12997 8025 8351
f 11248 10036 11249
f 10660 10939 10661
f 10954 10351 10955
f 11815 9385 11816
f 9106 12178 9107
f 11521 9700 11522
f 9400 93 9401
f 10051 11506 10052
f 10366 11233 10367
f 8812 12388 8813
f 9715 11800 9716
f 8350 12997 8351
f 8560 12682 8561
f 12403 8545 12404
f 12193 8797 12194
f 8014 13291 8015
f 108 9091 109
f 13012 7999 13013
f 13306 7768 13307
f 12697 8335 12698
f 10646 10676 10675
f 10646 10645 10676
f 9092 9091 108
f 11507 11506 10051
f 9386 9385 11815
f 11801 11800 9715
f 11234 11233 10366
f 10037 10036 11248
f 10352 10351 10954
f 10940 10939 10660
f 8000 7999 13012
f 12389 12388 8812
f 8336 8335 12697
f 8546 8545 12403
f 9701 9700 11521
f 8798 8797 12193
f 12179 12178 9106
f 94 93 9400
f 7769 7768 13306
f 12998 12997 8350
f 12683 12682 8560
f 13292 13291 8014
f 10659 10940 10660
f 10953 10352 10954
f 9105 12179 9106
f 11520 9701 11521
f 11814 9386 11815
f 9399 94 9400
f 12402 8546 12403
f 11247 10037 11248
f 10050 11507 10051
f 10365 11234 10366
f 8811 12389 8812
f 8013 13292 8014
f 9714 11801 9715
f 8349 12998 8350
f 8559 12683 8560
f 12192 8798 12193
f 107 9092 108
f 13011 8000 13012
f 12696 8336 12697
f 13305 7769 13306
f 10647 10675 10674
f 10647 10646 10675
f 11235 11234 10365
f 11508 11507 10050
f 11802 11801 9714
f 9387 9386 11814
f 9702 9701 11520
f 12390 12389 8811
f 10038 10037 11247
f 10353 10352 10953
f 8547 8546 12402
f 10941 10940 10659
f 8001 8000 13011
f 8337 8336 12696
f 7770 7769 13305
f 8799 8798 12192
f 12180 12179 9105
f 95 94 9399
f 12684 12683 8559
f 12999 12998 8349
f 13293 13292 8013
f 11519 9702 11520
f 10364 11235 10365
f 10658 10941 10659
f 10952 10353 10953
f 11246 10038 11247
f 9104 12180 9105
f 9398 95 9399
f 10049 11508 10050
f 12401 8547 12402
f 11813 9387 11814
f 8810 12390 8811
f 8012 13293 8013
f 9713 11802 9714
f 8348 12999 8349
f 8558 12684 8559
f 12191 8799 12192
f 12695 8337 12696
f 13010 8001 13011
f 13304 7770 13305
f 10354 10353 10952
f 10648 10674 10673
f 10648 10647 10674
f 10942 10941 10658
f 11509 11508 10049
f 10039 10038 11246
f 11236 11235 10364
f 9388 9387 11813
f 8002 8001 13010
f 12391 12390 8810
f 11803 11802 9713
f 9703 9702 11519
f 8338 8337 12695
f 8548 8547 12401
f 8800 8799 12191
f 7771 7770 13304
f 96 95 9398
f 12181 12180 9104
f 12685 12684 8558
f 13294 13293 8012
f 13000 12999 8348
f 9103 12181 9104
f 11518 9703 11519
f 11812 9388 11813
f 9397 96 9398
f 9712 11803 9713
f 10048 11509 10049
f 11245 10039 11246
f 10363 11236 10364
f 12400 8548 12401
f 10657 10942 10658
f 8809 12391 8810
f 10951 10354 10952
f 8347 13000 8348
f 8557 12685 8558
f 12190 8800 12191
f 8011 13294 8012
f 13009 8002 13010
f 13303 7771 13304
f 12694 8338 12695
f 9389 9388 11812
f 10355 10354 10951
f 10649 10673 10672
f 10649 10648 10673
f 10943 10942 10657
f 11237 11236 10363
f 12392 12391 8809
f 11804 11803 9712
f 9704 9703 11518
f 8339 8338 12694
f 11510 11509 10048
f 10040 10039 11245
f 8549 8548 12400
f 8801 8800 12190
f 8003 8002 13009
f 12182 12181 9103
f 97 96 9397
f 7772 7771 13303
f 12686 12685 8557
f 13001 13000 8347
f 13295 13294 8011
f 10047 11510 10048
f 10950 10355 10951
f 11811 9389 11812
f 11244 10040 11245
f 9102 12182 9103
f 12399 8549 12400
f 9396 97 9397
f 9711 11804 9712
f 10362 11237 10363
f 11517 9704 11518
f 10656 10943 10657
f 8808 12392 8809
f 8346 13001 8347
f 8556 12686 8557
f 8010 13295 8011
f 12189 8801 12190
f 12693 8339 12694
f 13008 8003 13009
f 13302 7772 13303
f 10356 10355 10950
f 10650 10672 10671
f 10650 10649 10672
f 11238 11237 10362
f 11511 11510 10047
f 9390 9389 11811
f 11805 11804 9711
f 12393 12392 8808
f 9705 9704 11517
f 10041 10040 11244
f 8550 8549 12399
f 8802 8801 12189
f 10944 10943 10656
f 8004 8003 13008
f 8340 8339 12693
f 7773 7772 13302
f 12183 12182 9102
f 98 97 9396
f 13002 13001 8346
f 12687 12686 8556
f 13296 13295 8010
f 10949 10356 10950
f 11516 9705 11517
f 12398 8550 12399
f 9710 11805 9711
f 10655 10944 10656
f 8807 12393 8808
f 12188 8802 12189
f 12692 8340 12693
f 7251 107 106
f 7250 9092 107
f 7250 9093 9092
f 7250 107 7251
f 7252 106 105
f 7252 7251 106
f 7249 9094 9093
f 7249 9093 7250
f 7253 105 104
f 7253 7252 105
f 7248 9094 7249
f 7248 9095 9094
f 7254 7253 104
f 10732 7783 7782
f 10731 10732 7782
f 10731 7782 7781
f 7247 9095 7248
f 7247 9096 9095
f 10733 7783 10732
f 10733 7784 7783
f 7255 104 103
f 7255 7254 104
f 10730 7780 7779
f 10730 7781 7780
f 10730 10731 7781
f 10734 7784 10733
f 7246 9096 7247
f 7246 9097 9096
f 10729 7779 7778
f 10729 10730 7779
f 7256 103 102
f 7256 7255 103
f 7245 9098 9097
f 7245 9097 7246
f 7257 102 101
f 7257 7256 102
f 10749 10729 7778
f 10749 7778 7777
f 7244 9098 7245
f 7258 7257 101
f 10748 10749 7777
f 10748 7777 7776
f 10747 10748 7776
f 10642 10948 10947
f 9088 12187 12186
f 11545 9709 9708
f 9382 7259 7258
f 11839 9394 9393
f 9697 11809 11808
f 11272 10045 10044
f 10348 11242 11241
f 10978 10360 10359
f 12427 8554 8553
f 8332 13006 13005
f 10033 11515 11514
f 8542 12691 12690
f 7765 10737 10738
f 8794 12397 12396
f 7996 13300 13299
f 12217 8806 8805
f 7681 9100 9099
f 13330 10746 10747
f 13036 8008 8007
f 12721 8344 8343
f 10979 10978 10359
f 10979 10359 10358
f 9089 9088 12186
f 9089 12186 12185
f 11840 11839 9393
f 11840 9393 9392
f 10643 10947 10946
f 10643 10642 10947
f 11273 11272 10044
f 11273 10044 10043
f 11546 9708 9707
f 11546 11545 9708
f 9698 11808 11807
f 9698 9697 11808
f 12428 8553 8552
f 12428 12427 8553
f 9383 101 100
f 9383 7258 101
f 9383 9382 7258
f 10034 11514 11513
f 10034 10033 11514
f 10349 10348 11241
f 10349 11241 11240
f 8795 12396 12395
f 8795 8794 12396
f 7997 13299 13298
f 7997 7996 13299
f 8543 8542 12690
f 8543 12690 12689
f 8333 13005 13004
f 8333 8332 13005
f 7766 7765 10738
f 12218 8805 8804
f 12218 12217 8805
f 7682 9098 7244
f 7682 9099 9098
f 7682 7681 9099
f 12722 12721 8343
f 12722 8343 8342
f 13331 7776 7775
f 13331 13330 10747
f 13331 10747 7776
f 13037 8007 8006
f 13037 13036 8007
f 10641 10949 10948
f 10641 10948 10642
f 9087 12188 12187
f 9087 12187 9088
f 11544 9709 11545
f 11544 9710 9709
f 9381 7260 7259
f 9381 7259 9382
f 11838 9394 11839
f 11838 9395 9394
f 9696 11809 9697
f 9696 11810 11809
f 10347 11243 11242
f 10347 11242 10348
f 10977 10360 10978
f 10977 10361 10360
f 11271 10045 11272
f 11271 10046 10045
f 12426 8555 8554
f 12426 8554 12427
f 8331 13007 13006
f 8331 13006 8332
f 10032 11516 11515
f 10032 11515 10033
f 8541 12692 12691
f 8541 12691 8542
f 8793 12398 12397
f 8793 12397 8794
f 7995 13301 13300
f 7995 13300 7996
f 12216 8807 8806
f 12216 8806 12217
f 7680 9101 9100
f 7680 9100 7681
f 7764 10737 7765
f 7764 10736 10737
f 13035 8009 8008
f 13035 8008 13036
f 12720 8344 12721
f 12720 8345 8344
f 13329 10746 13330
f 13329 10745 10746
f 10644 10643 10946
f 10644 10946 10945
f 10980 10979 10358
f 10980 10358 10357
f 9090 9089 12185
f 9090 12185 12184
f 11841 9392 9391
f 11841 11840 9392
f 9384 100 99
f 9384 9383 100
f 10350 11240 11239
f 10350 10349 11240
f 12429 8552 8551
f 12429 12428 8552
f 8544 8543 12689
f 8544 12689 12688
f 11274 11273 10043
f 11274 10043 10042
f 11547 9707 9706
f 11547 11546 9707
f 9699 11807 11806
f 9699 9698 11807
f 8334 13004 13003
f 8334 8333 13004
f 10035 10034 11513
f 10035 11513 11512
f 8796 12395 12394
f 8796 8795 12395
f 7998 13298 13297
f 7998 7997 13298
f 12219 8804 8803
f 12219 12218 8804
f 7767 7766 10738
f 7767 10738 10739
f 7683 7244 7243
f 7683 7682 7244
f 12723 12722 8342
f 12723 8342 8341
f 13038 8006 8005
f 13038 13037 8006
f 13332 7775 7774
f 13332 13331 7775
f 10640 10949 10641
f 10640 10356 10949
f 11270 11511 10047
f 11270 10046 11271
f 11270 10047 10046
f 10976 10361 10977
f 10976 11238 10362
f 10976 10362 10361
f 9695 9390 11811
f 9695 11810 9696
f 9695 11811 11810
f 9086 12188 9087
f 9086 8802 12188
f 11543 9710 11544
f 11543 11805 9710
f 11837 9395 11838
f 11837 98 9396
f 11837 9396 9395
f 12425 8556 8555
f 12425 12687 8556
f 12425 8555 12426
f 10031 11516 10032
f 10031 9705 11516
f 9380 7260 9381
f 9380 7261 7260
f 10346 10041 11244
f 10346 11244 11243
f 10346 11243 10347
f 8792 8550 12398
f 8792 12398 8793
f 7994 7773 13302
f 7994 13302 13301
f 7994 13301 7995
f 12215 8807 12216
f 12215 12393 8807
f 8330 13008 13007
f 8330 8004 13008
f 8330 13007 8331
f 8540 12692 8541
f 8540 8340 12692
f 7679 12183 9102
f 7679 9101 7680
f 7679 9102 9101
f 7763 10736 7764
f 7763 10735 10736
f 12719 8345 12720
f 12719 13002 8346
f 12719 8346 8345
f 13034 8009 13035
f 13034 8010 8009
f 13034 13296 8010
f 13328 10745 13329
f 13328 10744 10745
f 9070 12183 7679
f 9070 9090 12184
f 9070 12184 12183
f 11254 10041 10346
f 11254 11274 10042
f 11254 10042 10041
f 11527 9706 9705
f 11527 11547 9706
f 11527 9705 10031
f 11821 9391 9390
f 11821 9390 9695
f 11821 11841 9391
f 9364 99 98
f 9364 98 11837
f 9364 9384 99
f 9679 11805 11543
f 9679 11806 11805
f 9679 9699 11806
f 10330 10350 11239
f 10330 11239 11238
f 10330 11238 10976
f 8776 12394 12393
f 8776 12393 12215
f 8776 8796 12394
f 10624 10944 10655
f 10624 10945 10944
f 10624 10644 10945
f 10960 10356 10640
f 10960 10980 10357
f 10960 10357 10356
f 7978 13296 13034
f 7978 7998 13297
f 7978 13297 13296
f 12409 8551 8550
f 12409 12429 8551
f 12409 8550 8792
f 8314 13002 12719
f 8314 13003 13002
f 8314 8334 13003
f 10015 11512 11511
f 10015 11511 11270
f 10015 10035 11512
f 8524 12687 12425
f 8524 8544 12688
f 8524 12688 12687
f 7747 10739 10740
f 7747 7767 10739
f 12199 8803 8802
f 12199 8802 9086
f 12199 12219 8803
f 7663 7243 7263
f 7663 7683 7243
f 13312 7773 7994
f 13312 7774 7773
f 13312 13332 7774
f 12703 8340 8540
f 12703 12723 8341
f 12703 8341 8340
f 13018 8004 8330
f 13018 8005 8004
f 13018 13038 8005
f 11836 9364 11837
f 10639 10960 10640
f 10975 10330 10976
f 9085 12199 9086
f 11269 10015 11270
f 9379 7261 9380
f 9379 7262 7261
f 10345 11254 10346
f 11542 9679 11543
f 12424 8524 12425
f 9694 11821 9695
f 8329 13018 8330
f 10030 11527 10031
f 8539 12703 8540
f 8791 12409 8792
f 7993 13312 7994
f 12214 8776 12215
f 7678 9070 7679
f 13033 7978 13034
f 12718 8314 12719
f 13327 10744 13328
f 13327 10743 10744
f 10625 10624 10655
f 10625 10655 10654
f 11822 11821 9694
f 9071 9070 7678
f 11255 11254 10345
f 11528 11527 10030
f 9365 9364 11836
f 10331 10330 10975
f 10961 10960 10639
f 9680 9679 11542
f 8315 8314 12718
f 12410 12409 8791
f 10016 10015 11269
f 8525 8524 12424
f 8777 8776 12214
f 7979 7978 13033
f 12200 12199 9085
f 7664 7263 7262
f 7664 7663 7263
f 7748 10740 10741
f 7748 7747 10740
f 12704 12703 8539
f 13019 13018 8329
f 13313 13312 7993
f 11835 9365 11836
f 10638 10961 10639
f 10974 10331 10975
f 9084 12200 9085
f 9378 7262 9379
f 9378 7664 7262
f 10344 11255 10345
f 11541 9680 11542
f 11268 10016 11269
f 12423 8525 12424
f 9693 11822 9694
f 8328 13019 8329
f 10029 11528 10030
f 8538 12704 8539
f 8790 12410 8791
f 7992 13313 7993
f 12213 8777 12214
f 7677 9071 7678
f 12717 8315 12718
f 13326 10743 13327
f 13326 10742 10743
f 13032 7979 13033
f 9072 9071 7677
f 11529 11528 10029
f 9366 9365 11835
f 11823 11822 9693
f 9681 9680 11541
f 10017 10016 11268
f 10332 10331 10974
f 10626 10625 10654
f 10626 10654 10653
f 10962 10961 10638
f 11256 11255 10344
f 12411 12410 8790
f 8316 8315 12717
f 8526 8525 12423
f 7749 7748 10741
f 7749 10741 10742
f 8778 8777 12213
f 7980 7979 13032
f 12201 12200 9084
f 7665 7664 9378
f 12705 12704 8538
f 13020 13019 8328
f 13314 13313 7992
f 11834 9366 11835
f 10637 10962 10638
f 10973 10332 10974
f 9083 12201 9084
f 11267 10017 11268
f 9377 7665 9378
f 10343 11256 10344
f 9692 11823 9693
f 11540 9681 11541
f 12422 8526 12423
f 8327 13020 8328
f 10028 11529 10029
f 8537 12705 8538
f 8789 12411 8790
f 7991 13314 7992
f 12212 8778 12213
f 7676 9072 7677
f 12716 8316 12717
f 13031 7980 13032
f 13325 10742 13326
f 10627 10626 10653
f 10627 10653 10652
f 9367 9366 11834
f 11824 11823 9692
f 10333 10332 10973
f 10963 10962 10637
f 11530 11529 10028
f 9073 9072 7676
f 11257 11256 10343
f 10018 10017 11267
f 8317 8316 12716
f 8527 8526 12422
f 12412 12411 8789
f 9682 9681 11540
f 8779 8778 12212
f 7981 7980 13031
f 7750 10742 13325
f 7750 7749 10742
f 12202 12201 9083
f 7666 7665 9377
f 12706 12705 8537
f 13021 13020 8327
f 13315 13314 7991
f 7173 7868 7847
f 7173 7761 7760
f 7173 7762 7761
f 7173 7763 7762
f 7173 7626 7868
f 7173 7826 7805
f 7173 10735 7763
f 7173 7784 10734
f 7173 7805 7804
f 7173 10734 10735
f 7173 7804 7784
f 7173 7847 7826
f 7173 13538 7626
f 7175 7174 7173
f 7176 7175 7173
f 11833 9367 11834
f 9082 12202 9083
f 11266 10018 11267
f 11539 9682 11540
f 9376 7666 9377
f 9691 11824 9692
f 10636 10963 10637
f 10972 10333 10973
f 10027 11530 10028
f 8536 12706 8537
f 10342 11257 10343
f 8788 12412 8789
f 7990 13315 7991
f 12421 8527 12422
f 12211 8779 12212
f 8326 13021 8327
f 7675 9073 7676
f 12715 8317 12716
f 13324 7750 13325
f 13030 7981 13031
f 9368 9367 11833
f 10628 10652 10651
f 10628 10627 10652
f 10964 10963 10636
f 9074 9073 7675
f 11258 11257 10342
f 11531 11530 10027
f 11825 11824 9691
f 10019 10018 11266
f 8528 8527 12421
f 10334 10333 10972
f 9683 9682 11539
f 8780 8779 12211
f 8318 8317 12715
f 12413 12412 8788
f 7982 7981 13030
f 12203 12202 9082
f 7667 7666 9376
f 7751 7750 13324
f 12707 12706 8536
f 13022 13021 8326
f 13316 13315 7990
f 10971 10334 10972
f 9081 12203 9082
f 11265 10019 11266
f 11538 9683 11539
f 9375 7667 9376
f 11832 9368 11833
f 10026 11531 10027
f 10341 11258 10342
f 9690 11825 9691
f 10635 10964 10636
f 8325 13022 8326
f 12420 8528 12421
f 8535 12707 8536
f 8787 12413 8788
f 7989 13316 7990
f 12210 8780 12211
f 7674 9074 7675
f 12714 8318 12715
f 13323 7751 13324
f 13029 7982 13030
f 10629 10628 10651
f 10629 10651 10650
f 9075 9074 7674
f 11259 11258 10341
f 11532 11531 10026
f 9369 9368 11832
f 11826 11825 9690
f 9684 9683 11538
f 10020 10019 11265
f 10335 10334 10971
f 10965 10964 10635
f 12414 12413 8787
f 8319 8318 12714
f 8529 8528 12420
f 8781 8780 12210
f 7983 7982 13029
f 12204 12203 9081
f 7668 7667 9375
f 7752 7751 13323
f 12708 12707 8535
f 13023 13022 8325
f 13317 13316 7989
f 11264 10020 11265
f 11537 9684 11538
f 9689 11826 9690
f 10025 11532 10026
f 10634 10965 10635
f 10970 10335 10971
f 8786 12414 8787
f 7988 13317 7989
f 12209 8781 12210
f 12713 8319 12714
f 7180 7758 7757
f 7180 7759 7758
f 7180 7760 7759
f 7180 7177 7176
f 7180 7178 7177
f 7180 7179 7178
f 7180 7173 7760
f 7180 7176 7173
f 7756 7180 7757
f 9067 12208 12207
f 11566 9688 9687
f 9361 7672 7671
f 9676 11830 11829
f 10621 10969 10968
f 10999 10339 10338
f 20 12712 12711
f 11860 9373 9372
f 10012 11536 11535
f 12448 8533 8532
f 10327 11263 11262
f 7975 13321 13320
f 8311 13027 13026
f 13372 9079 9078
f 8773 12418 12417
f 12238 8785 8784
f 13057 7987 7986
f 12742 8323 8322
f 10622 10621 10968
f 10622 10968 10967
f 11000 10999 10338
f 11000 10338 10337
f 9068 12207 12206
f 9068 9067 12207
f 11567 9687 9686
f 11567 11566 9687
f 9362 7671 7670
f 9362 9361 7671
f 11861 9372 9371
f 11861 11860 9372
f 9677 9676 11829
f 9677 11829 11828
f 12449 12448 8532
f 12449 8532 8531
f 10013 10012 11535
f 10013 11535 11534
f 10328 10327 11262
f 10328 11262 11261
f 7976 13320 13319
f 7976 7975 13320
f 21 20 12711
f 21 12711 12710
f 8312 13026 13025
f 8312 8311 13026
f 8774 8773 12417
f 8774 12417 12416
f 12239 8784 8783
f 12239 12238 8784
f 13373 9078 9077
f 13373 13372 9078
f 13058 13057 7986
f 13058 7986 7985
f 12743 12742 8322
f 12743 8322 8321
f 9066 12209 12208
f 9066 12208 9067
f 11565 9689 9688
f 11565 9688 11566
f 9360 7672 9361
f 9360 7673 7672
f 9675 11830 9676
f 9675 11831 11830
f 10620 10969 10621
f 10620 10970 10969
f 10998 10339 10999
f 10998 10340 10339
f 19 12713 12712
f 19 12712 20
f 11859 9374 9373
f 11859 9373 11860
f 12447 8533 12448
f 12447 8534 8533
f 10011 11537 11536
f 10011 11536 10012
f 10326 11263 10327
f 10326 11264 11263
f 8310 13028 13027
f 8310 13027 8311
f 13371 9080 9079
f 13371 9079 13372
f 8772 12419 12418
f 8772 12418 8773
f 7974 13322 13321
f 7974 13321 7975
f 12237 8785 12238
f 12237 8786 8785
f 12741 8323 12742
f 12741 8324 8323
f 13056 7988 7987
f 13056 7987 13057
f 11568 9686 9685
f 11568 11567 9686
f 9363 7670 7669
f 9363 9362 7670
f 10623 10622 10967
f 10623 10967 10966
f 11001 11000 10337
f 11001 10337 10336
f 9069 12206 12205
f 9069 9068 12206
f 11862 9371 9370
f 11862 11861 9371
f 22 12710 12709
f 22 21 12710
f 9678 9677 11828
f 9678 11828 11827
f 12450 12449 8531
f 12450 8531 8530
f 10014 10013 11534
f 10014 11534 11533
f 10329 10328 11261
f 10329 11261 11260
f 8775 12416 12415
f 8775 8774 12416
f 7977 13319 13318
f 7977 7976 13319
f 8313 13025 13024
f 8313 8312 13025
f 12240 12239 8783
f 12240 8783 8782
f 13374 9077 9076
f 13374 13373 9077
f 12744 12743 8321
f 12744 8321 8320
f 13059 13058 7985
f 13059 7985 7984
f 10619 10335 10970
f 10619 10970 10620
f 10997 10340 10998
f 10997 11259 10341
f 10997 10341 10340
f 9065 8781 12209
f 9065 12209 9066
f 11564 11826 9689
f 11564 9689 11565
f 9359 9075 7674
f 9359 7674 7673
f 9359 7673 9360
f 11858 9375 9374
f 11858 9374 11859
f 11858 7668 9375
f 9674 11831 9675
f 9674 11832 11831
f 9674 9369 11832
f 12446 8534 12447
f 12446 12708 8535
f 12446 8535 8534
f 10010 11537 10011
f 10010 9684 11537
f 10325 11264 10326
f 10325 10020 11264
f 18 12713 19
f 18 8319 12713
f 8309 13029 13028
f 8309 7983 13029
f 8309 13028 8310
f 8771 12420 12419
f 8771 12419 8772
f 8771 8529 12420
f 7973 13322 7974
f 7973 13323 13322
f 7973 7752 13323
f 12236 12414 8786
f 12236 8786 12237
f 13370 9081 9080
f 13370 9080 13371
f 13370 12204 9081
f 12740 8324 12741
f 12740 13023 8325
f 12740 8325 8324
f 13055 7988 13056
f 13055 13317 7988
f 9049 12205 12204
f 9049 9069 12205
f 9049 12204 13370
f 11548 9684 10010
f 11548 9685 9684
f 11548 11568 9685
f 9343 9363 7669
f 9343 7669 7668
f 9343 7668 11858
f 11842 11862 9370
f 11842 9370 9369
f 11842 9369 9674
f 9658 11826 11564
f 9658 11827 11826
f 9658 9678 11827
f 9994 11533 11532
f 9994 10014 11533
f 9994 11532 10025
f 10603 10965 10634
f 10603 10623 10966
f 10603 10966 10965
f 10981 11001 10336
f 10981 10336 10335
f 10981 10335 10619
f 8293 13024 13023
f 8293 8313 13024
f 8293 13023 12740
f 8755 12415 12414
f 8755 12414 12236
f 8755 8775 12415
f 2 12709 12708
f 2 22 12709
f 2 12708 12446
f 12430 12450 8530
f 12430 8530 8529
f 12430 8529 8771
f 7957 13318 13317
f 7957 13317 13055
f 7957 7977 13318
f 13354 9076 9075
f 13354 9075 9359
f 13354 13374 9076
f 10309 10329 11260
f 10309 11259 10997
f 10309 11260 11259
f 12220 8782 8781
f 12220 8781 9065
f 12220 12240 8782
f 12724 8319 18
f 12724 12744 8320
f 12724 8320 8319
f 13039 7983 8309
f 13039 7984 7983
f 13039 13059 7984
f 10996 10309 10997
f 11563 9658 11564
f 9358 13354 9359
f 11857 9343 11858
f 10618 10981 10619
f 9064 12220 9065
f 17 12724 18
f 12445 2 12446
f 9673 11842 9674
f 10009 11548 10010
f 10324 10021 10020
f 10324 10020 10325
f 8770 12430 8771
f 7972 7753 7752
f 7972 7752 7973
f 13369 9049 13370
f 8308 13039 8309
f 12235 8755 12236
f 12739 8293 12740
f 13054 7957 13055
f 9050 9049 13369
f 11549 11548 10009
f 9344 9343 11857
f 10604 10603 10634
f 10604 10634 10633
f 10982 10981 10618
f 11843 11842 9673
f 9659 9658 11563
f 12431 12430 8770
f 9995 9994 10025
f 9995 10025 10024
f 10310 10309 10996
f 3 2 12445
f 7958 7957 13054
f 8294 8293 12739
f 13355 13354 9358
f 8756 8755 12235
f 12221 12220 9064
f 12725 12724 17
f 13040 13039 8308
f 11562 9659 11563
f 9357 13355 9358
f 10617 10982 10618
f 10995 10310 10996
f 7971 7754 7753
f 7971 7755 7754
f 7971 7753 7972
f 9063 12221 9064
f 16 12725 17
f 11856 9344 11857
f 9672 11843 9673
f 8307 13040 8308
f 12444 3 12445
f 10008 11549 10009
f 8769 12431 8770
f 13368 9050 13369
f 12234 8756 12235
f 13053 7958 13054
f 12738 8294 12739
f 9051 9050 13368
f 11550 11549 10008
f 9345 9344 11856
f 11844 11843 9672
f 9660 9659 11562
f 10311 10310 10995
f 10605 10633 10632
f 10605 10604 10633
f 10983 10982 10617
f 12432 12431 8769
f 8757 8756 12234
f 4 3 12444
f 7959 7958 13053
f 8295 8294 12738
f 13356 13355 9357
f 12222 12221 9063
f 13041 13040 8307
f 12726 12725 16
f 10616 10983 10617
f 9062 12222 9063
f 11561 9660 11562
f 9356 13356 9357
f 11855 9345 11856
f 10994 10311 10995
f 15 12726 16
f 9671 11844 9672
f 12443 4 12444
f 10007 11550 10008
f 8768 12432 8769
f 8306 13041 8307
f 13367 9051 13368
f 7970 7756 7755
f 7970 7755 7971
f 12233 8757 12234
f 12737 8295 12738
f 13052 7959 13053
f 11551 11550 10007
f 10606 10605 10632
f 10606 10632 10631
f 10984 10983 10616
f 9052 9051 13367
f 9346 9345 11855
f 11845 11844 9671
f 9661 9660 11561
f 12433 12432 8768
f 10312 10311 10994
f 5 4 12443
f 7960 7959 13052
f 8296 8295 12737
f 8758 8757 12233
f 12223 12222 9062
f 13357 13356 9356
f 13042 13041 8306
f 12727 12726 15
f 9061 12223 9062
f 11560 9661 11561
f 9355 13357 9356
f 11854 9346 11855
f 9670 11845 9671
f 10615 10984 10616
f 10993 10312 10994
f 10006 11551 10007
f 7969 7180 7756
f 7969 7756 7970
f 14 12727 15
f 8305 13042 8306
f 12442 5 12443
f 13366 9052 13367
f 8767 12433 8768
f 12232 8758 12233
f 12736 8296 12737
f 13051 7960 13052
f 10985 10984 10615
f 9053 9052 13366
f 11846 11845 9670
f 11552 11551 10006
f 9347 9346 11854
f 9662 9661 11560
f 10313 10312 10993
f 10607 10606 10631
f 10607 10631 10630
f 12434 12433 8767
f 8759 8758 12232
f 6 5 12442
f 7961 7960 13051
f 12224 12223 9061
f 8297 8296 12736
f 13358 13357 9355
f 12728 12727 14
f 13043 13042 8305
f 9060 12224 9061
f 11559 9662 11560
f 9354 13358 9355
f 11853 9347 11854
f 9669 11846 9670
f 10005 11552 10006
f 10614 10985 10615
f 10992 10313 10993
f 12441 6 12442
f 8766 12434 8767
f 7968 7180 7969
f 8304 13043 8305
f 13365 9053 13366
f 12231 8759 12232
f 12735 8297 12736
f 13050 7961 13051
f 9054 9053 13365
f 11553 11552 10005
f 9348 9347 11853
f 11847 11846 9669
f 9663 9662 11559
f 10314 10313 10992
f 10608 10630 10629
f 10608 10607 10630
f 10986 10985 10614
f 8298 8297 12735
f 12435 12434 8766
f 8760 8759 12231
f 7 6 12441
f 12225 12224 9060
f 13359 13358 9354
f 7962 7961 13050
f 13044 13043 8304
f 9059 12225 9060
f 11558 9663 11559
f 9353 13359 9354
f 11852 9348 11853
f 9668 11847 9669
f 10004 11553 10005
f 10613 10986 10614
f 10991 10314 10992
f 8765 12435 8766
f 7967 7180 7968
f 13364 9054 13365
f 12230 8760 12231
f 7540 10024 10023
f 7539 7540 10023
f 7539 10023 10022
f 7541 9996 9995
f 7541 10024 7540
f 7541 9995 10024
f 7538 7539 10022
f 7538 10021 10324
f 7538 10324 10323
f 7538 10022 10021
f 7542 9996 7541
f 7542 9997 9996
f 7537 7538 10323
f 7537 10323 10322
f 7543 9998 9997
f 7543 9997 7542
f 7557 10322 10321
f 7557 7537 10322
f 7544 9998 7543
f 7544 9999 9998
f 7556 7557 10321
f 7556 10321 10320
f 7524 12 11
f 7523 13 12
f 7523 12 7524
f 7525 11 10
f 7525 7524 11
f 7522 14 13
f 7522 13 7523
f 7526 10 9
f 7526 7525 10
f 7545 10000 9999
f 7545 9999 7544
f 7555 7556 10320
f 7555 10320 10319
f 7521 14 7522
f 7521 12728 14
f 7521 12729 12728
f 7527 9 8
f 7527 7526 9
f 7520 12730 12729
f 7520 12729 7521
f 7528 7527 8
f 7528 8 7
f 7519 12730 7520
f 7529 12441 12440
f 7529 7528 7
f 7529 7 12441
f 11293 10003 10002
f 9340 13363 13362
f 10600 10990 10989
f 11020 10318 10317
f 9046 12229 12228
f 11587 9667 9666
f 11881 9352 9351
f 9655 11851 11850
f 9991 11557 11556
f 448 7533 7532
f 8290 13048 13047
f 8521 12733 12732
f 8752 12439 12438
f 12259 8764 8763
f 7660 9058 9057
f 12763 8302 8301
f 9047 9046 12228
f 9047 12228 12227
f 11294 10002 10001
f 11294 11293 10002
f 11588 9666 9665
f 11588 11587 9666
f 9341 13362 13361
f 9341 9340 13362
f 11882 11881 9351
f 11882 9351 9350
f 9656 9655 11850
f 9656 11850 11849
f 9992 9991 11556
f 9992 11556 11555
f 10601 10989 10988
f 10601 10600 10989
f 11021 11020 10317
f 11021 10317 10316
f 449 448 7532
f 449 7532 7531
f 8291 8290 13047
f 8291 13047 13046
f 8522 8521 12732
f 8522 12732 12731
f 8753 8752 12438
f 8753 12438 12437
f 12260 12259 8763
f 12260 8763 8762
f 7661 9057 9056
f 7661 7660 9057
f 12764 8301 8300
f 12764 12763 8301
f 11292 10004 10003
f 11292 10003 11293
f 9339 13363 9340
f 9339 13364 13363
f 10599 10991 10990
f 10599 10990 10600
f 11019 10318 11020
f 11019 10319 10318
f 9045 12229 9046
f 9045 12230 12229
f 11586 9668 9667
f 11586 9667 11587
f 11880 9352 11881
f 11880 9353 9352
f 9654 11851 9655
f 9654 11852 11851
f 9990 11557 9991
f 9990 11558 11557
f 447 7533 448
f 447 7534 7533
f 8289 13048 8290
f 8289 13049 13048
f 8520 12733 8521
f 8520 12734 12733
f 8751 12440 12439
f 8751 12439 8752
f 12258 8765 8764
f 12258 8764 12259
f 7659 9059 9058
f 7659 9058 7660
f 12762 8303 8302
f 12762 8302 12763
f 9048 12227 12226
f 9048 9047 12227
f 11295 11294 10001
f 11295 10001 10000
f 11295 10000 7545
f 11589 9665 9664
f 11589 11588 9665
f 9342 13361 13360
f 9342 9341 13361
f 11883 11882 9350
f 11883 9350 9349
f 9657 11849 11848
f 9657 9656 11849
f 9993 11555 11554
f 9993 9992 11555
f 8754 12437 12436
f 8754 8753 12437
f 10602 10988 10987
f 10602 10601 10988
f 11022 10316 10315
f 11022 11021 10316
f 450 7531 7530
f 450 449 7531
f 8292 13046 13045
f 8292 8291 13046
f 8523 12731 12730
f 8523 8522 12731
f 8523 12730 7519
f 12261 8762 8761
f 12261 12260 8762
f 7662 9056 9055
f 7662 7661 9056
f 12765 8300 8299
f 12765 12764 8300
f 9044 8760 12230
f 9044 12230 9045
f 11291 10004 11292
f 11291 11553 10004
f 11585 9668 11586
f 11585 11847 9668
f 9338 13364 9339
f 9338 9054 13364
f 11879 13359 9353
f 11879 9353 11880
f 9653 9348 11852
f 9653 11852 9654
f 9989 11558 9990
f 9989 9663 11558
f 10598 10314 10991
f 10598 10991 10599
f 11018 10319 11019
f 11018 7554 7555
f 11018 7555 10319
f 446 7534 447
f 446 7535 7534
f 8519 8298 12735
f 8519 12734 8520
f 8519 12735 12734
f 8750 12440 8751
f 8750 7529 12440
f 12257 8765 12258
f 12257 12435 8765
f 8288 13049 8289
f 8288 7962 13050
f 8288 13050 13049
f 7658 9059 7659
f 7658 12225 9059
f 12761 8303 12762
f 12761 8304 8303
f 12761 13044 8304
f 9028 12225 7658
f 9028 9048 12226
f 9028 12226 12225
f 11275 7545 7546
f 11275 11295 7545
f 11569 9664 9663
f 11569 11589 9664
f 11569 9663 9989
f 9322 13359 11879
f 9322 13360 13359
f 9322 9342 13360
f 11863 9348 9653
f 11863 11883 9349
f 11863 9349 9348
f 9637 9657 11848
f 9637 11848 11847
f 9637 11847 11585
f 9973 11553 11291
f 9973 9993 11554
f 9973 11554 11553
f 11002 11022 10315
f 11002 10315 10314
f 11002 10314 10598
f 8272 13045 13044
f 8272 8292 13045
f 8272 13044 12761
f 8503 8523 7519
f 8503 7519 7518
f 10582 10602 10987
f 10582 10987 10986
f 10582 10986 10613
f 430 7529 8750
f 430 450 7530
f 430 7530 7529
f 8734 12436 12435
f 8734 8754 12436
f 8734 12435 12257
f 12241 8761 8760
f 12241 8760 9044
f 12241 12261 8761
f 7642 7662 9055
f 7642 9054 9338
f 7642 9055 9054
f 12745 12765 8299
f 12745 8298 8519
f 12745 8299 8298
f 11290 9973 11291
f 11017 7553 7554
f 11017 7554 11018
f 9043 12241 9044
f 11584 9637 11585
f 9337 7642 9338
f 11878 9322 11879
f 9652 11863 9653
f 9988 11569 9989
f 10597 11002 10598
f 445 7535 446
f 445 7536 7535
f 8287 7963 7962
f 8287 7964 7963
f 8287 7962 8288
f 8518 12745 8519
f 8749 430 8750
f 12256 8734 12257
f 7657 9028 7658
f 12760 8272 12761
f 11276 11275 7546
f 11276 7546 7547
f 9323 9322 11878
f 10583 10582 10613
f 10583 10613 10612
f 11003 11002 10597
f 9029 9028 7657
f 11570 11569 9988
f 11864 11863 9652
f 9638 9637 11584
f 9974 9973 11290
f 8273 8272 12760
f 8504 8503 7518
f 8504 7517 7516
f 8504 7518 7517
f 8735 8734 12256
f 431 430 8749
f 12242 12241 9043
f 7643 7642 9337
f 12746 12745 8518
f 444 7536 445
f 444 7516 7536
f 9042 12242 9043
f 11289 9974 11290
f 11583 9638 11584
f 9336 7643 9337
f 11877 9323 11878
f 8286 7964 8287
f 9651 11864 9652
f 9987 11570 9988
f 8517 12746 8518
f 8748 431 8749
f 10596 11003 10597
f 11016 7552 7553
f 11016 7553 11017
f 12255 8735 12256
f 7656 9029 7657
f 12759 8273 12760
f 11277 11276 7547
f 11277 7547 7548
f 11571 11570 9987
f 9324 9323 11877
f 11865 11864 9651
f 9975 9974 11289
f 10584 10612 10611
f 10584 10583 10612
f 11004 11003 10596
f 9030 9029 7656
f 9639 9638 11583
f 8736 8735 12255
f 12243 12242 9042
f 8274 8273 12759
f 8505 8504 7516
f 8505 7516 444
f 432 431 8748
f 7644 7643 9336
f 12747 12746 8517
f 11876 9324 11877
f 443 8505 444
f 9041 12243 9042
f 11288 9975 11289
f 11582 9639 11583
f 9335 7644 9336
f 9650 11865 9651
f 9986 11571 9987
f 8747 432 8748
f 10595 11004 10596
f 11015 7551 7552
f 11015 7552 11016
f 8285 7965 7964
f 8285 7966 7965
f 8285 7964 8286
f 8516 12747 8517
f 12254 8736 12255
f 7655 9030 7656
f 12758 8274 12759
f 9031 9030 7655
f 11278 7548 7549
f 11278 11277 7548
f 11572 11571 9986
f 9325 9324 11876
f 11866 11865 9650
f 9640 9639 11582
f 9976 9975 11288
f 10585 10584 10611
f 10585 10611 10610
f 11005 11004 10595
f 8275 8274 12758
f 8506 8505 443
f 8737 8736 12254
f 433 432 8747
f 12244 12243 9041
f 7645 7644 9335
f 12748 12747 8516
f 11287 9976 11288
f 11581 9640 11582
f 9334 7645 9335
f 11875 9325 11876
f 9649 11866 9650
f 11014 7551 11015
f 9040 12244 9041
f 9985 11572 9986
f 10594 11005 10595
f 442 8506 443
f 8284 7967 7966
f 8284 7966 8285
f 8515 12748 8516
f 8746 433 8747
f 12253 8737 12254
f 7654 9031 7655
f 12757 8275 12758
f 9032 9031 7654
f 11279 11278 7549
f 11573 11572 9985
f 9326 9325 11875
f 11867 11866 9649
f 9641 9640 11581
f 9977 9976 11287
f 10586 10585 10610
f 10586 10610 10609
f 11006 11005 10594
f 8738 8737 12253
f 12245 12244 9040
f 8276 8275 12757
f 8507 8506 442
f 434 433 8746
f 7646 7645 9334
f 12749 12748 8515
f 9039 12245 9040
f 11286 9977 11287
f 11580 9641 11581
f 9333 7646 9334
f 11874 9326 11875
f 9648 11867 9649
f 9984 11573 9985
f 10593 11006 10594
f 441 8507 442
f 8283 7180 7967
f 8283 7967 8284
f 8514 12749 8515
f 8745 434 8746
f 12252 8738 12253
f 7653 9032 7654
f 12756 8276 12757
f 11574 11573 9984
f 9327 9326 11874
f 11868 11867 9648
f 9642 9641 11580
f 9978 9977 11286
f 10587 10609 10608
f 10587 10586 10609
f 11007 11006 10593
f 9033 9032 7653
f 8508 8507 441
f 8739 8738 12252
f 435 434 8745
f 12246 12245 9039
f 8277 8276 12756
f 7647 7646 9333
f 12750 12749 8514
f 11285 9978 11286
f 9647 11868 9648
f 9983 11574 9984
f 10592 11007 10593
f 8282 7180 8283
f 12251 8739 12252
f 7652 9033 7653
f 11041 7549 7550
f 10579 11011 11010
f 9025 12250 12249
f 11608 9646 9645
f 9319 7651 7650
f 9970 11578 11577
f 10306 11284 11283
f 11314 9982 9981
f 11902 9331 9330
f 9634 11872 11871
f 8500 12754 12753
f 8731 439 438
f 12469 8512 8511
f 13393 9037 9036
f 13498 8743 8742
f 11042 7550 7551
f 11042 11041 7550
f 11042 7551 11014
f 9026 9025 12249
f 9026 12249 12248
f 11315 11314 9981
f 11315 9981 9980
f 11609 11608 9645
f 11609 9645 9644
f 9320 7650 7649
f 9320 9319 7650
f 9635 9634 11871
f 9635 11871 11870
f 9971 9970 11577
f 9971 11577 11576
f 10307 11283 11282
f 10307 10306 11283
f 10580 11010 11009
f 10580 10579 11010
f 11903 11902 9330
f 11903 9330 9329
f 12470 12469 8511
f 12470 8511 8510
f 8501 8500 12753
f 8501 12753 12752
f 8732 8731 438
f 8732 438 437
f 13394 13393 9036
f 13394 9036 9035
f 13499 13498 8742
f 13499 8742 8741
f 11040 11280 11279
f 11040 11279 7549
f 11040 7549 11041
f 10578 11011 10579
f 10578 11012 11011
f 9024 12251 12250
f 9024 12250 9025
f 11607 9646 11608
f 11607 9647 9646
f 9318 7652 7651
f 9318 7651 9319
f 9969 11578 9970
f 9969 11579 11578
f 10305 11285 11284
f 10305 11284 10306
f 11313 9982 11314
f 11313 9983 9982
f 11901 9331 11902
f 11901 9332 9331
f 9633 11872 9634
f 9633 11873 11872
f 12468 8512 12469
f 12468 8513 8512
f 8499 12754 8500
f 8499 12755 12754
f 8730 439 8731
f 8730 440 439
f 13392 9037 13393
f 13392 9038 9037
f 13497 8743 13498
f 13497 8744 8743
f 11043 11042 11014
f 11043 11014 11013
f 9027 9026 12248
f 9027 12248 12247
f 11316 9980 9979
f 11316 11315 9980
f 11610 11609 9644
f 11610 9644 9643
f 9321 7649 7648
f 9321 9320 7649
f 11904 11903 9329
f 11904 9329 9328
f 9636 9635 11870
f 9636 11870 11869
f 12471 12470 8510
f 12471 8510 8509
f 9972 9971 11576
f 9972 11576 11575
f 10308 11282 11281
f 10308 10307 11282
f 10581 11009 11008
f 10581 10580 11009
f 8502 12752 12751
f 8502 8501 12752
f 8733 437 436
f 8733 8732 437
f 13395 13394 9035
f 13395 9035 9034
f 13500 13499 8741
f 13500 8741 8740
f 11039 11280 11040
f 9023 12251 9024
f 9023 8739 12251
f 11312 9983 11313
f 11312 11574 9983
f 11606 11868 9647
f 11606 9647 11607
f 9317 7652 9318
f 9317 9033 7652
f 9632 11873 9633
f 9632 11874 11873
f 9632 9327 11874
f 9968 9642 11580
f 9968 11579 9969
f 9968 11580 11579
f 10304 11285 10305
f 10304 9978 11285
f 10577 11013 11012
f 10577 11012 10578
f 11900 7647 9333
f 11900 9332 11901
f 11900 9333 9332
f 8729 8508 441
f 8729 441 440
f 8729 440 8730
f 12467 12750 8514
f 12467 8513 12468
f 12467 8514 8513
f 8498 12756 12755
f 8498 8277 12756
f 8498 12755 8499
f 13391 12246 9039
f 13391 9039 9038
f 13391 9038 13392
f 13496 435 8745
f 13496 8744 13497
f 13496 8745 8744
f 11590 11610 9643
f 11590 9642 9968
f 11590 9643 9642
f 9301 7648 7647
f 9301 7647 11900
f 9301 9321 7648
f 9616 9636 11869
f 9616 11868 11606
f 9616 11869 11868
f 10561 10581 11008
f 10561 11008 11007
f 10561 11007 10592
f 11023 11013 10577
f 11023 11043 11013
f 9007 12246 13391
f 9007 9027 12247
f 9007 12247 12246
f 11296 9979 9978
f 11296 11316 9979
f 11296 9978 10304
f 12451 12471 8509
f 12451 8509 8508
f 12451 8508 8729
f 9952 9972 11575
f 9952 11574 11312
f 9952 11575 11574
f 8482 8502 12751
f 8482 12751 12750
f 8482 12750 12467
f 10288 11281 11280
f 10288 11280 11039
f 10288 10308 11281
f 11884 11904 9328
f 11884 9327 9632
f 11884 9328 9327
f 8713 436 435
f 8713 435 13496
f 8713 8733 436
f 13375 9033 9317
f 13375 13395 9034
f 13375 9034 9033
f 13480 13500 8740
f 13480 8740 8739
f 13480 8739 9023
f 11038 10288 11039
f 9022 13480 9023
f 11311 9952 11312
f 11605 9616 11606
f 9316 13375 9317
f 11899 9301 11900
f 9631 11884 9632
f 9967 11590 9968
f 10303 11296 10304
f 10576 11023 10577
f 12466 8482 12467
f 8497 8277 8498
f 8497 8278 8277
f 8728 12451 8729
f 13390 9007 13391
f 13495 8713 13496
f 10562 10592 10591
f 10562 10561 10592
f 11024 11023 10576
f 9008 9007 13390
f 11591 11590 9967
f 9302 9301 11899
f 9953 9952 11311
f 10289 10288 11038
f 11297 11296 10303
f 11885 11884 9631
f 9617 9616 11605
f 12452 12451 8728
f 8483 8482 12466
f 8714 8713 13495
f 13376 13375 9316
f 13481 13480 9022
f 11037 10289 11038
f 9021 13481 9022
f 11310 9953 11311
f 11604 9617 11605
f 9315 13376 9316
f 11898 9302 11899
f 9630 11885 9631
f 12465 8483 12466
f 9966 11591 9967
f 8496 8279 8278
f 8496 8280 8279
f 8496 8278 8497
f 10302 11297 10303
f 10575 11024 10576
f 8727 12452 8728
f 13389 9008 13390
f 13494 8714 13495
f 11592 11591 9966
f 10290 10289 11037
f 10563 10562 10591
f 10563 10591 10590
f 11025 11024 10575
f 9009 9008 13389
f 9303 9302 11898
f 11886 11885 9630
f 9618 9617 11604
f 9954 9953 11310
f 11298 11297 10302
f 12453 12452 8727
f 8484 8483 12465
f 8715 8714 13494
f 13377 13376 9315
f 13482 13481 9021
f 11036 10290 11037
f 9020 13482 9021
f 11309 9954 11310
f 11603 9618 11604
f 9314 13377 9315
f 11897 9303 11898
f 9629 11886 9630
f 9965 11592 9966
f 10301 11298 10302
f 10574 11025 10575
f 12464 8484 12465
f 8495 8280 8496
f 8726 12453 8727
f 13388 9009 13389
f 13493 8715 13494
f 11026 11025 10574
f 9010 9009 13388
f 11299 11298 10301
f 11593 11592 9965
f 9304 9303 11897
f 11887 11886 9629
f 9619 9618 11603
f 9955 9954 11309
f 10291 10290 11036
f 10564 10590 10589
f 10564 10563 10590
f 12454 12453 8726
f 8485 8484 12464
f 8716 8715 13493
f 13378 13377 9314
f 13483 13482 9020
f 11035 10291 11036
f 11602 9619 11603
f 11308 9955 11309
f 9313 13378 9314
f 9628 11887 9629
f 9964 11593 9965
f 10573 11026 10574
f 9019 13483 9020
f 11896 9304 11897
f 12463 8485 12464
f 8494 8280 8495
f 8494 8281 8280
f 10300 11299 10301
f 8725 12454 8726
f 13387 9010 13388
f 13492 8716 13493
f 9011 9010 13387
f 11300 11299 10300
f 11594 11593 9964
f 9305 9304 11896
f 9620 9619 11602
f 9956 9955 11308
f 10292 10291 11035
f 10565 10589 10588
f 10565 10564 10589
f 11027 11026 10573
f 11888 11887 9628
f 12455 12454 8725
f 8486 8485 12463
f 8717 8716 13492
f 13379 13378 9313
f 13484 13483 9019
f 11034 10292 11035
f 11601 9620 11602
f 9312 13379 9313
f 9963 11594 9964
f 10572 11027 10573
f 9018 13484 9019
f 11307 9956 11308
f 9627 11888 9628
f 11895 9305 11896
f 12462 8486 12463
f 8493 8281 8494
f 8493 8282 8281
f 10299 11300 10300
f 8724 12455 8725
f 13386 9011 13387
f 13491 8717 13492
f 11595 11594 9963
f 9306 9305 11895
f 9957 9956 11307
f 10293 10292 11034
f 10566 10588 10587
f 10566 10565 10588
f 11028 11027 10572
f 9012 9011 13386
f 11889 11888 9627
f 9621 9620 11601
f 11301 11300 10299
f 12456 12455 8724
f 8718 8717 13491
f 8487 8486 12462
f 13380 13379 9312
f 13485 13484 9018
f 11600 9621 11601
f 9962 11595 9963
f 10571 11028 10572
f 11306 9957 11307
f 12461 8487 12462
f 10298 11301 10299
f 8723 12456 8724
f 8488 8487 12461
f 7209 9014 9013
f 7208 9014 7209
f 7208 9015 9014
f 7210 7209 9013
f 7207 9016 9015
f 7207 9015 7208
f 7211 7210 9013
f 7211 9012 13386
f 7211 9013 9012
f 7206 9016 7207
f 7206 9017 9016
f 7212 7211 13386
f 7212 13386 13385
f 7205 9017 7206
f 7205 9018 9017
f 7205 13485 9018
f 10558 11032 11031
f 11062 10297 10296
f 9298 13384 13383
f 10285 11305 11304
f 9004 13489 13488
f 11335 9961 9960
f 11629 9625 9624
f 11923 9310 9309
f 9613 11893 11892
f 9949 11599 11598
f 11063 10296 10295
f 11063 11062 10296
f 11336 11335 9960
f 11336 9960 9959
f 9299 9298 13383
f 9299 13383 13382
f 9950 9949 11598
f 9950 11598 11597
f 10286 11304 11303
f 10286 10285 11304
f 10559 10558 11031
f 10559 11031 11030
f 9005 9004 13488
f 9005 13488 13487
f 11630 11629 9624
f 11630 9624 9623
f 11924 11923 9309
f 11924 9309 9308
f 9614 11892 11891
f 9614 9613 11892
f 10557 11032 10558
f 10557 11033 11032
f 11061 10298 10297
f 11061 10297 11062
f 9297 13384 9298
f 9297 13385 13384
f 10284 11306 11305
f 10284 11305 10285
f 9003 13489 9004
f 9003 13490 13489
f 11334 9961 11335
f 11334 9962 9961
f 11628 9625 11629
f 11628 9626 9625
f 11922 9311 9310
f 11922 9310 11923
f 9612 11894 11893
f 9612 11893 9613
f 9948 11600 11599
f 9948 11599 9949
f 11064 11063 10295
f 11064 10295 10294
f 9006 9005 13487
f 9006 13487 13486
f 11337 11336 9959
f 11337 9959 9958
f 11631 9623 9622
f 11631 11630 9623
f 9300 9299 13382
f 9300 13382 13381
f 11925 9308 9307
f 11925 11924 9308
f 9951 11597 11596
f 9951 9950 11597
f 10287 11303 11302
f 10287 10286 11303
f 10560 11030 11029
f 10560 10559 11030
f 9615 11891 11890
f 9615 9614 11891
f 11060 10298 11061
f 11060 11301 10298
f 11333 9962 11334
f 11333 11595 9962
f 9296 7212 13385
f 9296 13385 9297
f 9296 7213 7212
f 9947 11600 9948
f 9947 9621 11600
f 10283 9957 11306
f 10283 11306 10284
f 10556 11034 11033
f 10556 11033 10557
f 10556 10293 11034
f 9002 13490 9003
f 11627 9626 11628
f 11627 9627 9626
f 11627 11889 9627
f 11921 13380 9312
f 11921 9312 9311
f 11921 9311 11922
f 9611 9306 11895
f 9611 11895 11894
f 9611 11894 9612
f 11044 10293 10556
f 11044 10294 10293
f 11044 11064 10294
f 10540 11028 10571
f 10540 11029 11028
f 10540 10560 11029
f 8986 9006 13486
f 8986 13485 7205
f 8986 13486 13485
f 11317 11337 9958
f 11317 9957 10283
f 11317 9958 9957
f 9280 9300 13381
f 9280 13381 13380
f 9280 13380 11921
f 9595 11890 11889
f 9595 9615 11890
f 9595 11889 11627
f 9931 9951 11596
f 9931 11596 11595
f 9931 11595 11333
f 11611 9621 9947
f 11611 11631 9622
f 11611 9622 9621
f 11905 11925 9307
f 11905 9307 9306
f 11905 9306 9611
f 10267 10287 11302
f 10267 11302 11301
f 10267 11301 11060
f 11059 10267 11060
f 11332 9931 11333
f 9295 7213 9296
f 9295 7214 7213
f 11920 9280 11921
f 9610 11905 9611
f 9946 11611 9947
f 10282 11317 10283
f 10555 11044 10556
f 11626 9595 11627
f 10541 10571 10570
f 10541 10540 10571
f 11045 11044 10555
f 9281 9280 11920
f 10268 10267 11059
f 8987 8986 7205
f 8987 7205 7204
f 11318 11317 10282
f 11612 11611 9946
f 11906 11905 9610
f 9596 9595 11626
f 9932 9931 11332
f 13462 8721 8720
f 13461 13462 8720
f 13461 8720 8719
f 13463 8722 8721
f 13463 8721 13462
f 13460 13461 8719
f 13460 13490 9002
f 13460 9002 9001
f 13460 8718 13491
f 13460 8719 8718
f 13460 13491 13490
f 11058 10268 11059
f 11331 9932 11332
f 11625 9596 11626
f 9294 7215 7214
f 9294 7214 9295
f 11919 9281 11920
f 9609 11906 9610
f 9945 11612 9946
f 10281 11318 10282
f 10554 11045 10555
f 10542 10541 10570
f 10542 10570 10569
f 8988 8987 7204
f 8988 7204 7203
f 11046 11045 10554
f 11613 11612 9945
f 9282 9281 11919
f 11907 11906 9609
f 9933 9932 11331
f 10269 10268 11058
f 11319 11318 10281
f 9597 9596 11625
f 13464 8723 8722
f 13464 8722 13463
f 13459 13460 9001
f 13459 9001 9000
f 11057 10269 11058
f 11330 9933 11331
f 11624 9597 11625
f 9293 7216 7215
f 9293 7215 9294
f 11918 9282 11919
f 9608 11907 9609
f 9944 11613 9945
f 10280 11319 10281
f 10553 11046 10554
f 8989 8988 7203
f 8989 7202 7201
f 8989 7203 7202
f 11047 11046 10553
f 11320 11319 10280
f 11614 11613 9944
f 9283 9282 11918
f 11908 11907 9608
f 9934 9933 11330
f 10270 10269 11057
f 10543 10542 10569
f 10543 10569 10568
f 9598 9597 11624
f 13479 9000 8999
f 13479 13459 9000
f 7592 12458 12457
f 7592 12459 12458
f 11056 10270 11057
f 11329 9934 11330
f 10552 11047 10553
f 11623 9598 11624
f 9292 7217 7216
f 9292 7216 9293
f 11917 9283 11918
f 9607 11908 9608
f 9943 11614 9944
f 10279 11320 10280
f 7593 12459 7592
f 7593 12460 12459
f 7591 12456 8723
f 7591 12457 12456
f 7591 7592 12457
f 11048 11047 10552
f 11321 11320 10279
f 9284 9283 11917
f 9935 9934 11329
f 10271 10270 11056
f 10544 10543 10568
f 10544 10568 10567
f 11615 11614 9943
f 11909 11908 9607
f 9599 9598 11623
f 8990 8989 7201
f 7594 12460 7593
f 7594 12461 12460
f 13478 13479 8999
f 13478 8999 8998
f 11055 10271 11056
f 11328 9935 11329
f 9291 7218 7217
f 9291 7217 9292
f 9606 11909 9607
f 9942 11615 9943
f 10551 11048 10552
f 11622 9599 11623
f 11916 9284 11917
f 10278 11321 10279
f 7590 7591 8723
f 7590 13464 13465
f 7590 8723 13464
f 9285 9284 11916
f 10272 10271 11055
f 10545 10544 10567
f 10545 10567 10566
f 11049 11048 10551
f 11616 11615 9942
f 11910 11909 9606
f 9936 9935 11328
f 11322 11321 10278
f 9600 9599 11622
f 10550 11049 10551
f 11621 9600 11622
f 10277 11322 10278
f 7595 8488 12461
f 7595 12461 7594
f 7595 8489 8488
f 13477 13478 8998
f 13477 8998 8997
f 7589 7590 13465
f 7589 13465 13466
f 13476 13477 8997
f 13476 8997 8996
f 7596 8489 7595
f 7596 8490 8489
f 7588 13466 13467
f 7588 13467 13468
f 7588 7589 13466
f 13475 13476 8996
f 7597 8491 8490
f 7597 8490 7596
f 7587 7588 13468
f 7587 13468 13469
f 7598 8491 7597
f 7598 8492 8491
f 7586 7587 13469
f 7599 8282 8493
f 7599 8493 8492
f 7599 8492 7598
f 7599 7180 8282
f 7579 7180 7599
f 10537 11053 11052
f 8983 13470 13471
f 11083 10276 10275
f 11356 9940 9939
f 9277 7221 7220
f 11650 9604 9603
f 11944 9289 9288
f 9592 11914 11913
f 9928 11620 11619
f 10264 11326 11325
f 12049 8995 8994
f 11084 10275 10274
f 11084 11083 10275
f 10538 10537 11052
f 10538 11052 11051
f 8984 8983 13471
f 8984 13471 13472
f 11357 11356 9939
f 11357 9939 9938
f 9278 9277 7220
f 9278 7220 7219
f 11651 9603 9602
f 11651 11650 9603
f 9593 11913 11912
f 9593 9592 11913
f 9929 9928 11619
f 9929 11619 11618
f 10265 11325 11324
f 10265 10264 11325
f 11945 9288 9287
f 11945 11944 9288
f 12050 12049 8994
f 12050 8994 8993
f 10536 11053 10537
f 10536 11054 11053
f 11082 10277 10276
f 11082 10276 11083
f 8982 7586 13469
f 8982 13469 13470
f 8982 13470 8983
f 11355 9940 11356
f 11355 9941 9940
f 9276 8990 7201
f 9276 7221 9277
f 9276 7201 7221
f 11649 9604 11650
f 11649 9605 9604
f 11943 9290 9289
f 11943 9289 11944
f 9591 11915 11914
f 9591 11914 9592
f 9927 11621 11620
f 9927 11620 9928
f 10263 11327 11326
f 10263 11326 10264
f 12048 13475 8996
f 12048 8996 8995
f 12048 8995 12049
f 8985 8984 13472
f 8985 13472 13473
f 11085 10274 10273
f 11085 11084 10274
f 9279 7218 9291
f 9279 7219 7218
f 9279 9278 7219
f 11652 9602 9601
f 11652 11651 9602
f 10266 11324 11323
f 10266 10265 11324
f 10539 10538 11051
f 10539 11051 11050
f 11358 9938 9937
f 11358 11357 9938
f 11946 11945 9287
f 11946 9287 9286
f 9594 11912 11911
f 9594 9593 11912
f 9930 11618 11617
f 9930 9929 11618
f 12051 12050 8993
f 12051 8993 8992
f 11081 10277 11082
f 11081 11322 10277
f 10262 11327 10263
f 10262 9936 11328
f 10262 11328 11327
f 10535 11054 10536
f 10535 11055 11054
f 10535 10272 11055
f 9275 8990 9276
f 9275 8991 8990
f 11648 9605 11649
f 11648 11910 9606
f 11648 9606 9605
f 9590 11915 9591
f 9590 11916 11915
f 9590 9285 11916
f 9926 11621 9927
f 9926 9600 11621
f 11354 11616 9942
f 11354 9941 11355
f 11354 9942 9941
f 11942 9291 9290
f 11942 9290 11943
f 8981 7586 8982
f 8981 7585 7586
f 12047 13475 12048
f 12047 13474 13475
f 11065 10273 10272
f 11065 11085 10273
f 11065 10272 10535
f 9259 9291 11942
f 9259 9279 9291
f 10519 11049 10550
f 10519 10539 11050
f 10519 11050 11049
f 8965 8985 13473
f 8965 13473 13474
f 11338 11358 9937
f 11338 9937 9936
f 11338 9936 10262
f 11632 9601 9600
f 11632 9600 9926
f 11632 11652 9601
f 11926 9286 9285
f 11926 11946 9286
f 11926 9285 9590
f 9574 9594 11911
f 9574 11911 11910
f 9574 11910 11648
f 9910 11616 11354
f 9910 11617 11616
f 9910 9930 11617
f 10246 11323 11322
f 10246 11322 11081
f 10246 10266 11323
f 12031 8992 8991
f 12031 8991 9275
f 12031 12051 8992
f 11080 10246 11081
f 9925 11632 9926
f 10534 11065 10535
f 8980 7585 8981
f 8980 7584 7585
f 11353 9910 11354
f 9274 12031 9275
f 11647 9574 11648
f 11941 9259 11942
f 9589 11926 9590
f 10261 11338 10262
f 12046 13474 12047
f 10520 10519 10550
f 10520 10550 10549
f 11066 11065 10534
f 11339 11338 10261
f 9260 9259 11941
f 11633 11632 9925
f 11927 11926 9589
f 9575 9574 11647
f 9911 9910 11353
f 10247 10246 11080
f 8966 13474 12046
f 8966 8965 13474
f 12032 12031 9274
f 11079 10247 11080
f 9273 12032 9274
f 11646 9575 11647
f 11940 9260 11941
f 9588 11927 9589
f 9924 11633 9925
f 10533 11066 10534
f 8979 7584 8980
f 8979 7583 7584
f 11352 9911 11353
f 10260 11339 10261
f 12045 8966 12046
f 11067 11066 10533
f 11634 11633 9924
f 10248 10247 11079
f 10521 10520 10549
f 10521 10549 10548
f 11340 11339 10260
f 9261 9260 11940
f 11928 11927 9588
f 9576 9575 11646
f 9912 9911 11352
f 8967 8966 12045
f 12033 12032 9273
f 11078 10248 11079
f 9272 12033 9273
f 11645 9576 11646
f 11939 9261 11940
f 9587 11928 9588
f 10259 11340 10260
f 10532 11067 10533
f 11351 9912 11352
f 9923 11634 9924
f 8978 7582 7583
f 8978 7583 8979
f 12044 8967 12045
f 11068 11067 10532
f 9262 9261 11939
f 11635 11634 9923
f 10249 10248 11078
f 10522 10521 10548
f 10522 10548 10547
f 11341 11340 10259
f 11929 11928 9587
f 9577 9576 11645
f 9913 9912 11351
f 8968 8967 12044
f 12034 12033 9272
f 11077 10249 11078
f 10531 11068 10532
f 11350 9913 11351
f 9271 12034 9272
f 11644 9577 11645
f 11938 9262 11939
f 9586 11929 9587
f 9922 11635 9923
f 10258 11341 10259
f 8977 7582 8978
f 12043 8968 12044
f 11069 11068 10531
f 10250 10249 11077
f 10523 10522 10547
f 10523 10547 10546
f 11636 11635 9922
f 9914 9913 11350
f 11342 11341 10258
f 9263 9262 11938
f 11930 11929 9586
f 9578 9577 11644
f 8969 8968 12043
f 12035 12034 9271
f 11076 10250 11077
f 9921 11636 9922
f 10530 11069 10531
f 11349 9914 11350
f 9270 12035 9271
f 11643 9578 11644
f 11937 9263 11938
f 9585 11930 9586
f 10257 11342 10258
f 8976 7581 7582
f 8976 7582 8977
f 12042 8969 12043
f 10524 10523 10546
f 10524 10546 10545
f 11070 11069 10530
f 9264 9263 11937
f 11637 11636 9921
f 10251 10250 11076
f 11343 11342 10257
f 11931 11930 9585
f 9579 9578 11643
f 9915 9914 11349
f 8970 8969 12042
f 12036 12035 9270
f 11075 10251 11076
f 10529 11070 10530
f 11642 9579 11643
f 11936 9264 11937
f 9584 11931 9585
f 8975 7580 7581
f 8975 7581 8976
f 10516 11074 11073
f 11104 10255 10254
f 11377 9919 9918
f 9256 12040 12039
f 11671 9583 9582
f 11965 9268 9267
f 9571 11935 11934
f 9907 11641 11640
f 10243 11347 11346
f 11105 11104 10254
f 11105 10254 10253
f 9257 12039 12038
f 9257 9256 12039
f 10517 10516 11073
f 10517 11073 11072
f 11378 9918 9917
f 11378 11377 9918
f 11966 9267 9266
f 11966 11965 9267
f 9908 9907 11640
f 9908 11640 11639
f 11672 9582 9581
f 11672 11671 9582
f 9572 11934 11933
f 9572 9571 11934
f 10244 10243 11346
f 10244 11346 11345
f 10515 11074 10516
f 10515 11075 11074
f 11103 10255 11104
f 11103 10256 10255
f 11376 9920 9919
f 11376 9919 11377
f 9255 12040 9256
f 9255 12041 12040
f 11670 9583 11671
f 11670 9584 9583
f 11964 9269 9268
f 11964 9268 11965
f 9570 11935 9571
f 9570 11936 11935
f 9906 11641 9907
f 9906 11642 11641
f 10242 11347 10243
f 10242 11348 11347
f 11106 11105 10253
f 11106 10253 10252
f 9258 9257 12038
f 9258 12038 12037
f 11967 9266 9265
f 11967 11966 9266
f 10518 10517 11072
f 10518 11072 11071
f 11379 11378 9917
f 11379 9917 9916
f 11673 9581 9580
f 11673 11672 9581
f 9909 9908 11639
f 9909 11639 11638
f 10245 10244 11345
f 10245 11345 11344
f 9573 11933 11932
f 9573 9572 11933
f 10514 10251 11075
f 10514 11075 10515
f 11102 11343 10257
f 11102 10256 11103
f 11102 10257 10256
f 9905 11642 9906
f 9905 9579 11642
f 11375 9921 9920
f 11375 9920 11376
f 11375 11637 9921
f 9254 8970 12042
f 9254 12041 9255
f 9254 12042 12041
f 11669 9584 11670
f 11669 11931 9584
f 11963 9270 9269
f 11963 12036 9270
f 11963 9269 11964
f 9569 11936 9570
f 9569 9264 11936
f 10241 9915 11349
f 10241 11348 10242
f 10241 11349 11348
f 9238 12037 12036
f 9238 9258 12037
f 9238 12036 11963
f 10498 11070 10529
f 10498 10518 11071
f 10498 11071 11070
f 11086 11106 10252
f 11086 10251 10514
f 11086 10252 10251
f 11359 11379 9916
f 11359 9916 9915
f 11359 9915 10241
f 11653 11673 9580
f 11653 9580 9579
f 11653 9579 9905
f 11947 9265 9264
f 11947 9264 9569
f 11947 11967 9265
f 9553 11932 11931
f 9553 9573 11932
f 9553 11931 11669
f 9889 9909 11638
f 9889 11638 11637
f 9889 11637 11375
f 10225 11343 11102
f 10225 11344 11343
f 10225 10245 11344
f 11101 10225 11102
f 9253 8971 8970
f 9253 8970 9254
f 10513 11086 10514
f 11374 9889 11375
f 11962 9238 11963
f 9904 11653 9905
f 10240 11359 10241
f 11668 9553 11669
f 9568 11947 9569
f 10499 10498 10529
f 10499 10529 10528
f 11087 11086 10513
f 11360 11359 10240
f 9239 9238 11962
f 11654 11653 9904
f 11948 11947 9568
f 9554 9553 11668
f 9890 9889 11374
f 10226 10225 11101
f 11100 10226 11101
f 9252 8971 9253
f 9252 8972 8971
f 11667 9554 11668
f 11961 9239 11962
f 9903 11654 9904
f 10512 11087 10513
f 11373 9890 11374
f 9567 11948 9568
f 10239 11360 10240
f 10500 10499 10528
f 10500 10528 10527
f 11088 11087 10512
f 11361 11360 10239
f 9240 9239 11961
f 11655 11654 9903
f 11949 11948 9567
f 9555 9554 11667
f 9891 9890 11373
f 10227 10226 11100
f 11099 10227 11100
f 10511 11088 10512
f 11372 9891 11373
f 11666 9555 11667
f 9566 11949 9567
f 9902 11655 9903
f 10238 11361 10239
f 9251 8973 8972
f 9251 8972 9252
f 11960 9240 11961
f 11089 11088 10511
f 10228 10227 11099
f 10501 10527 10526
f 10501 10500 10527
f 11362 11361 10238
f 9241 9240 11960
f 11656 11655 9902
f 11950 11949 9566
f 9892 9891 11372
f 9556 9555 11666
f 11098 10228 11099
f 11371 9892 11372
f 9250 8974 8973
f 9250 8973 9251
f 11665 9556 11666
f 11959 9241 11960
f 9565 11950 9566
f 9901 11656 9902
f 10237 11362 10238
f 10510 11089 10511
f 10502 10501 10526
f 10502 10526 10525
f 11090 11089 10510
f 10229 10228 11098
f 11363 11362 10237
f 9242 9241 11959
f 11657 11656 9901
f 11951 11950 9565
f 9557 9556 11665
f 9893 9892 11371
f 11097 10229 11098
f 11370 9893 11371
f 9249 8974 9250
f 9249 8975 8974
f 9249 7580 8975
f 11664 9557 11665
f 11958 9242 11959
f 9564 11951 9565
f 9900 11657 9901
f 10236 11363 10237
f 10509 11090 10510
f 10503 10525 10524
f 10503 10502 10525
f 11091 11090 10509
f 11364 11363 10236
f 9243 9242 11958
f 11658 11657 9900
f 11952 11951 9564
f 9558 9557 11664
f 9894 9893 11370
f 10230 10229 11097
f 9248 7580 9249
f 11663 9558 11664
f 10508 11091 10509
f 11125 10234 10233
f 11398 9898 9897
f 11692 9562 9561
f 9550 11956 11955
f 9886 11662 11661
f 10222 11368 11367
f 10495 11095 11094
f 11126 10233 10232
f 11126 11125 10233
f 10496 11094 11093
f 10496 10495 11094
f 11399 9897 9896
f 11399 11398 9897
f 11693 9561 9560
f 11693 11692 9561
f 9551 9550 11955
f 9551 11955 11954
f 9887 9886 11661
f 9887 11661 11660
f 10223 10222 11367
f 10223 11367 11366
f 11124 10234 11125
f 11124 10235 10234
f 11397 9899 9898
f 11397 9898 11398
f 11691 9563 9562
f 11691 9562 11692
f 9885 11662 9886
f 9885 11663 11662
f 10221 11368 10222
f 10221 11369 11368
f 10494 11096 11095
f 10494 11095 10495
f 9549 11956 9550
f 9549 11957 11956
f 11127 11126 10232
f 11127 10232 10231
f 10497 11093 11092
f 10497 10496 11093
f 11694 11693 9560
f 11694 9560 9559
f 9552 9551 11954
f 9552 11954 11953
f 10224 10223 11366
f 10224 11366 11365
f 11400 9896 9895
f 11400 11399 9896
f 9888 9887 11660
f 9888 11660 11659
f 11123 10235 11124
f 11123 10236 10235
f 11123 11364 10236
f 10493 11096 10494
f 10493 11097 11096
f 10493 10230 11097
f 11396 9900 9899
f 11396 9899 11397
f 11396 11658 9900
f 11690 9564 9563
f 11690 9563 11691
f 11690 11952 9564
f 9548 9243 11958
f 9548 11958 11957
f 9548 11957 9549
f 9884 11663 9885
f 9884 9558 11663
f 10220 9894 11370
f 10220 11369 10221
f 10220 11370 11369
f 11107 11127 10231
f 11107 10230 10493
f 11107 10231 10230
f 11380 9895 9894
f 11380 11400 9895
f 11380 9894 10220
f 11674 11694 9559
f 11674 9558 9884
f 11674 9559 9558
f 9532 11952 11690
f 9532 9552 11953
f 9532 11953 11952
f 9868 11658 11396
f 9868 9888 11659
f 9868 11659 11658
f 10204 10224 11365
f 10204 11365 11364
f 10204 11364 11123
f 10477 11091 10508
f 10477 11092 11091
f 10477 10497 11092
f 11122 10204 11123
f 10492 11107 10493
f 11689 9532 11690
f 11395 9868 11396
f 9547 9243 9548
f 9547 9244 9243
f 9883 11674 9884
f 10219 11380 10220
f 11108 11107 10492
f 11381 11380 10219
f 11675 11674 9883
f 9533 9532 11689
f 9869 9868 11395
f 10205 10204 11122
f 10478 10508 10507
f 10478 10477 10508
f 11121 10205 11122
f 11688 9533 11689
f 9546 9244 9547
f 9546 9245 9244
f 9546 9246 9245
f 10491 11108 10492
f 9882 11675 9883
f 10218 11381 10219
f 11394 9869 11395
f 11109 11108 10491
f 11382 11381 10218
f 11676 11675 9882
f 9534 9533 11688
f 9870 9869 11394
f 10206 10205 11121
f 10479 10507 10506
f 10479 10478 10507
f 11120 10206 11121
f 10490 11109 10491
f 10217 11382 10218
f 11393 9870 11394
f 11687 9534 11688
f 9545 9246 9546
f 9881 11676 9882
f 11110 11109 10490
f 10207 10206 11120
f 10480 10479 10506
f 10480 10506 10505
f 11383 11382 10217
f 11677 11676 9881
f 9535 9534 11687
f 9871 9870 11393
f 11119 10207 11120
f 11686 9535 11687
f 9544 9246 9545
f 9544 9247 9246
f 10489 11110 10490
f 11392 9871 11393
f 9880 11677 9881
f 10216 11383 10217
f 11111 11110 10489
f 10481 10480 10505
f 10481 10505 10504
f 11384 11383 10216
f 11678 11677 9880
f 9536 9535 11686
f 9872 9871 11392
f 10208 10207 11119
f 11118 10208 11119
f 11685 9536 11686
f 9543 9247 9544
f 9543 9248 9247
f 9879 11678 9880
f 10215 11384 10216
f 10488 11111 10489
f 11391 9872 11392
f 11112 11111 10488
f 11385 11384 10215
f 9873 9872 11391
f 10209 10208 11118
f 10482 10504 10503
f 10482 10481 10504
f 11679 11678 9879
f 9537 9536 11685
f 11117 10209 11118
f 11684 9537 11685
f 9878 11679 9879
f 10214 11385 10215
f 10487 11112 10488
f 11146 10213 10212
f 9865 11683 11682
f 10201 11389 11388
f 10474 11116 11115
f 11147 11146 10212
f 11147 10212 10211
f 10475 11115 11114
f 10475 10474 11115
f 9866 11682 11681
f 9866 9865 11682
f 10202 11388 11387
f 10202 10201 11388
f 11145 10213 11146
f 11145 10214 10213
f 10200 11390 11389
f 10200 11389 10201
f 10473 11116 10474
f 10473 11117 11116
f 9864 11684 11683
f 9864 11683 9865
f 10476 11114 11113
f 10476 10475 11114
f 11148 10211 10210
f 11148 11147 10211
f 9867 9866 11681
f 9867 11681 11680
f 10203 11387 11386
f 10203 10202 11387
f 10472 10209 11117
f 10472 11117 10473
f 11144 11385 10214
f 11144 10214 11145
f 9863 9537 11684
f 9863 11684 9864
f 10199 11390 10200
f 11128 11148 10210
f 11128 10210 10209
f 11128 10209 10472
f 9847 9867 11680
f 9847 11679 9878
f 9847 11680 11679
f 10183 11386 11385
f 10183 10203 11386
f 10183 11385 11144
f 10456 10476 11113
f 10456 11113 11112
f 10456 11112 10487
f 11143 10183 11144
f 10471 11128 10472
f 9862 9537 9863
f 9862 9538 9537
f 11129 11128 10471
f 9848 9847 9878
f 10184 10183 11143
f 10457 10487 10486
f 10457 10456 10487
f 10470 11129 10471
f 11142 10184 11143
f 9861 9539 9538
f 9861 9540 9539
f 9861 9538 9862
f 13504 9875 9874
f 13504 9876 9875
f 13503 9874 9873
f 13503 13504 9874
f 11130 11129 10470
f 10185 10184 11142
f 10458 10486 10485
f 10458 10457 10486
f 13505 9877 9876
f 13505 9876 13504
f 13502 11390 10199
f 13502 11391 11390
f 13502 9873 11391
f 13502 10199 10198
f 13502 13503 9873
f 10469 11130 10470
f 11141 10185 11142
f 9860 9540 9861
f 13506 9878 9877
f 13506 9877 13505
f 13506 9848 9878
f 13501 10198 10197
f 13501 13502 10198
f 10459 10485 10484
f 10459 10458 10485
f 11131 11130 10469
f 10186 10185 11141
f 13507 9848 13506
f 13507 9849 9848
f 11140 10186 11141
f 9859 9540 9860
f 9859 9541 9540
f 10468 11131 10469
f 11132 11131 10468
f 10187 10186 11140
f 10460 10484 10483
f 10460 10459 10484
f 13521 10197 10196
f 13521 13501 10197
f 11139 10187 11140
f 9858 9541 9859
f 9858 9542 9541
f 10467 11132 10468
f 11133 11132 10467
f 10188 10187 11139
f 10461 10460 10483
f 13508 9850 9849
f 13508 9849 13507
f 13520 10196 10195
f 13520 13521 10196
f 11138 10188 11139
f 10466 11133 10467
f 13509 9850 13508
f 13509 9851 9850
f 13519 10195 10194
f 13519 13520 10195
f 13510 9851 13509
f 13510 9852 9851
f 13518 10194 10193
f 13518 13519 10194
f 13517 10193 10192
f 13517 13518 10193
f 10180 13512 13513
f 10453 11137 11136
f 10181 10180 13513
f 10454 10453 11136
f 10454 11136 11135
f 10452 11137 10453
f 10452 11138 11137
f 10179 13511 13512
f 10179 13512 10180
f 10455 10454 11135
f 10455 11135 11134
f 10182 13513 13514
f 10182 10181 13513
f 10451 10188 11138
f 10451 11138 10452
f 10178 13510 13511
f 10178 9852 13510
f 10178 13511 10179
f 10162 13514 13515
f 10162 10182 13514
f 10435 11134 11133
f 10435 11133 10466
f 10435 10455 11134
f 10177 9852 10178
f 10177 9853 9852
f 10450 10189 10188
f 10450 10188 10451
f 10436 10435 10466
f 10436 10466 10465
f 10163 10162 13515
f 10163 13515 13516
f 10176 9854 9853
f 10176 9855 9854
f 10176 9853 10177
f 7197 10192 10191
f 7197 13517 10192
f 7196 10191 10190
f 7196 7197 10191
f 10437 10436 10465
f 10437 10465 10464
f 7198 10163 13516
f 7198 13516 13517
f 7198 13517 7197
f 7195 10189 10450
f 7195 7196 10190
f 7195 10190 10189
f 10175 9855 10176
f 10438 10437 10464
f 10438 10464 10463
f 10174 9855 10175
f 10174 9856 9855
f 10439 10438 10463
f 7199 10163 7198
f 7199 10164 10163
f 7199 10165 10164
f 7194 7195 10450
f 7194 10450 10449
f 7200 10167 10166
f 7200 10165 7199
f 7200 10166 10165
f 7193 7194 10449
f 7193 10448 10447
f 7193 10449 10448
f 7192 10168 10167
f 7192 10167 7200
f 7145 7193 10447
f 7145 10447 10446
f 7191 10168 7192
f 7146 7145 10446
f 7190 10168 7191
f 7147 7146 10446
f 7189 10169 10168
f 7189 10170 10169
f 7189 10168 7190
f 7148 10444 10443
f 7148 10445 10444
f 7148 10446 10445
f 7148 7147 10446
f 7188 10171 10170
f 7188 10170 7189
f 7181 10172 10171
f 7181 10173 10172
f 7181 10174 10173
f 7181 9542 9858
f 7181 7579 7580
f 7181 9856 10174
f 7181 9248 9543
f 7181 7580 9248
f 7181 9543 9542
f 7181 10171 7188
f 7181 9857 9856
f 7181 9858 9857
f 7149 7148 10443
f 7156 7149 10443
f 7156 10483 10482
f 7156 10461 10483
f 7156 10439 10463
f 7156 10440 10439
f 7156 10441 10440
f 7156 10442 10441
f 7156 10443 10442
f 7156 10462 10461
f 7156 10463 10462
f 7154 7156 7155
f 7184 7182 7181
f 7184 7183 7182
f 7185 7184 7181
f 7185 7187 7186
f 7185 7188 7187
f 7185 7181 7188
f 7152 7150 7149
f 7152 7151 7150
f 7153 7156 7154
f 7153 7152 7149
f 7153 7149 7156
f 7156 10671 7157
f 7156 10650 10671
f 7156 10629 10650
f 7156 10608 10629
f 7156 10587 10608
f 7156 10566 10587
f 7156 10545 10566
f 7156 10524 10545
f 7156 10503 10524
f 7156 10482 10503
f 7164 10823 7165
f 10823 10824 7165
f 7172 13538 7173
f 7180 7579 7181
f 13567 13547 13546
f 13566 13546 13545
f 13566 13567 13546
f 13568 13547 13567
f 13565 13545 13544
f 13565 13566 13545
f 13569 13548 13547
f 13569 13547 13568
f 13564 13544 13543
f 13564 13565 13544
f 13570 13549 13548
f 13570 13548 13569
f 13584 13543 13563
f 13584 13564 13543
f 13571 13550 13549
f 13571 13549 13570
f 13583 13563 13562
f 13583 13584 13563
f 13572 13550 13571
f 13551 13550 13572
f 13582 13583 13562
f 13561 13582 13562
f 13552 13572 13573
f 13552 13551 13572
f 13560 13581 13582
f 13560 13582 13561
f 13553 13573 13574
f 13553 13552 13573
f 13559 13581 13560
f 13559 13580 13581
f 13554 13553 13574
f 13554 13574 13575
f 13558 13580 13559
f 13558 13579 13580
f 13555 13554 13575
f 13555 13575 13576
f 13557 13579 13558
f 13557 13577 13578
f 13557 13578 13579
f 13556 13555 13576
f 13556 13577 13557
f 13556 13576 13577
f 13608 13587 13586
f 13608 13588 13587
f 13608 13609 13588
f 13610 13589 13588
f 13610 13588 13609
f 13607 13608 13586
f 13611 13590 13589
f 13611 13589 13610
f 13606 13586 13585
f 13606 13607 13586
f 13612 13591 13590
f 13612 13590 13611
f 13626 13585 13605
f 13626 13606 13585
f 13613 13592 13591
f 13613 13591 13612
f 13625 13605 13604
f 13625 13626 13605
f 13593 13613 13614
f 13593 13592 13613
f 13603 13624 13625
f 13603 13625 13604
f 13623 13624 13603
f 13594 13614 13615
f 13594 13593 13614
f 13616 13594 13615
f 13602 13622 13623
f 13602 13623 13603
f 13595 13594 13616
f 13601 13622 13602
f 13596 13616 13617
f 13596 13617 13618
f 13596 13595 13616
f 13600 13622 13601
f 13600 13620 13621
f 13600 13621 13622
f 13597 13596 13618
f 13599 13620 13600
f 13598 13597 13618
f 13598 13620 13599
f 13598 13618 13619
f 13598 13619 13620
f 13651 13631 13630
f 13650 13630 13629
f 13650 13651 13630
f 13652 13631 13651
f 13649 13629 13628
f 13649 13650 13629
f 13653 13632 13631
f 13653 13633 13632
f 13653 13631 13652
f 13648 13628 13627
f 13648 13649 13628
f 13654 13633 13653
f 13668 13627 13647
f 13668 13648 13627
f 13655 13634 13633
f 13655 13633 13654
f 13667 13647 13646
f 13667 13668 13647
f 13656 13634 13655
f 13635 13634 13656
f 13645 13666 13667
f 13645 13667 13646
f 13636 13656 13657
f 13636 13635 13656
f 13644 13665 13666
f 13644 13666 13645
f 13637 13657 13658
f 13637 13658 13659
f 13637 13636 13657
f 13643 13665 13644
f 13643 13664 13665
f 13638 13637 13659
f 13642 13664 13643
f 13642 13663 13664
f 13639 13659 13660
f 13639 13638 13659
f 13641 13663 13642
f 13641 13662 13663
f 13640 13639 13660
f 13640 13662 13641
f 13640 13660 13661
f 13640 13661 13662
f 13670 13522 13669
f 13670 13523 13522
f 13671 13524 13523
f 13671 13525 13524
f 13671 13523 13670
f 13672 13525 13671
f 13673 13526 13525
f 13673 13527 13526
f 13673 13525 13672
f 13674 13527 13673
f 13675 13528 13527
f 13675 13527 13674
f 13676 13529 13528
f 13676 13528 13675
f 13677 13530 13529
f 13677 13531 13530
f 13677 13529 13676
f 13678 13532 13531
f 13678 13531 13677
f 13679 13532 13678
f 13680 13533 13532
f 13680 13532 13679
f 13681 13534 13533
f 13681 13533 13680
f 13682 13534 13681
f 13682 13535 13534
f 13683 13535 13682
f 13683 13536 13535
f 13684 13536 13683
f 13684 13537 13536
f 13685 13537 13684
f 13685 13538 13537
f 13685 13539 13538
f 13686 13539 13685
f 13687 13539 13686
f 13687 13540 13539
f 13688 13540 13687
f 13688 13541 13540
f 13688 13542 13541
f 13689 13542 13688
f 13669 13542 13689
f 13669 13522 13542
f 13694 13692 13693
f 13694 13695 13692
f 13694 13696 13695
f 13697 13690 13692
f 13697 13692 13695
f 13697 13695 13696
f 13698 13691 13690
f 13698 13693 13691
f 13698 13690 13697
f 13698 13696 13694
f 13698 13694 13693
f 13698 13697 13696
f 13780 13705 13706
f 13780 13781 13705
f 13782 13705 13781
f 13779 13780 13706
f 13778 13779 13706
f 13777 13778 13706
f 13731 13775 13776
f 13731 13776 13777
f 13732 13775 13731
f 13732 13774 13775
f 13707 13777 13706
f 13707 13731 13777
f 13791 13792 13783
f 13791 13783 13784
f 13793 13705 13782
f 13793 13783 13792
f 13793 13782 13783
f 13773 13774 13732
f 13788 13786 13787
f 13790 13791 13784
f 13790 13784 13785
f 13794 13705 13793
f 13730 13731 13707
f 13789 13790 13785
f 13789 13786 13788
f 13789 13785 13786
f 13772 13773 13732
f 13729 13730 13707
f 13704 13705 13794
f 13704 13794 13795
f 13726 13729 13707
f 13725 13726 13707
f 13796 13703 13704
f 13796 13704 13795
f 13724 13725 13707
f 13764 13765 13766
f 13797 13703 13796
f 13763 13764 13766
f 13807 13763 13766
f 13807 13766 13767
f 13806 13807 13767
f 13806 13767 13768
f 13798 13703 13797
f 13805 13806 13768
f 13805 13768 13769
f 13719 13720 13723
f 13719 13723 13724
f 13719 13724 13707
f 13799 13703 13798
f 13800 13703 13799
f 13727 13728 13729
f 13727 13729 13726
f 13708 13718 13719
f 13708 13719 13707
f 13740 13717 13718
f 13739 13718 13708
f 13739 13740 13718
f 13722 13723 13720
f 13733 13802 13803
f 13733 13803 13804
f 13733 13804 13805
f 13721 13722 13720
f 13734 13802 13733
f 13738 13739 13708
f 13736 13711 13712
f 13702 13800 13801
f 13702 13801 13802
f 13702 13703 13800
f 13702 13734 13735
f 13702 13735 13736
f 13702 13802 13734
f 13761 13737 13738
f 13761 13738 13708
f 13761 13762 13737
f 13713 13736 13712
f 13713 13702 13736
f 13714 13702 13713
f 13715 13702 13714
f 13742 13715 13716
f 13742 13716 13741
f 13709 13759 13760
f 13709 13760 13761
f 13709 13761 13708
f 13710 13759 13709
f 13701 13715 13742
f 13701 13746 13749
f 13701 13742 13743
f 13701 13743 13744
f 13701 13744 13745
f 13701 13745 13746
f 13701 13749 13750
f 13701 13702 13715
f 13751 13701 13750
f 13755 13753 13754
f 13756 13752 13755
f 13756 13751 13752
f 13699 13757 13758
f 13699 13758 13710
f 13700 13701 13751
f 13700 13751 13756
f 13700 13757 13699
f 13700 13756 13757
f 13716 13717 13741
f 13732 13733 13771
f 13771 13733 13770
f 13770 13733 13769
f 13769 13733 13805
f 13732 13771 13772
f 13692 13737 13693
f 13693 13737 13762
f 13740 13741 13717
f 13748 13749 13747
f 13747 13749 13746
f 13752 13753 13755
f 13758 13759 13710
f 13693 13762 13808
f 13691 13693 13808
f 13811 13809 13740
f 13811 13810 13809
f 13811 13739 13810
f 13811 13740 13739
f 13812 13741 13740
f 13812 13740 13809
f 13813 13737 13814
f 13813 13738 13737
f 13810 13738 13813
f 13810 13739 13738
f 13816 13808 13762
f 13816 13815 13808
f 13816 13761 13815
f 13816 13762 13761
f 13819 13759 13818
f 13819 13817 13760
f 13819 13818 13817
f 13819 13760 13759
f 13817 13761 13760
f 13815 13761 13817
f 13822 13754 13753
f 13822 13823 13754
f 13822 13824 13823
f 13825 13820 13754
f 13825 13754 13823
f 13825 13823 13824
f 13826 13821 13820
f 13826 13753 13821
f 13826 13820 13825
f 13826 13824 13822
f 13826 13822 13753
f 13826 13825 13824
f 13755 13754 13820
f 13827 13755 13820
f 13830 13748 13747
f 13830 13831 13748
f 13830 13832 13831
f 13833 13828 13748
f 13833 13748 13831
f 13833 13831 13832
f 13834 13829 13828
f 13834 13747 13829
f 13834 13828 13833
f 13834 13832 13830
f 13834 13830 13747
f 13834 13833 13832
f 13749 13748 13828
f 13835 13749 13828
f 13838 13836 13718
f 13838 13837 13836
f 13838 13717 13837
f 13838 13718 13717
f 13839 13719 13718
f 13839 13718 13836
f 13842 13840 13712
f 13842 13712 13711
f 13843 13841 13840
f 13843 13711 13841
f 13843 13840 13842
f 13843 13842 13711
f 13844 13713 13712
f 13844 13712 13840
f 13847 13722 13721
f 13847 13848 13722
f 13847 13849 13848
f 13850 13845 13722
f 13850 13722 13848
f 13850 13848 13849
f 13851 13846 13845
f 13851 13721 13846
f 13851 13845 13850
f 13851 13849 13847
f 13851 13847 13721
f 13851 13850 13849
f 13723 13722 13845
f 13852 13723 13845
f 13855 13728 13727
f 13855 13856 13728
f 13855 13857 13856
f 13858 13853 13728
f 13858 13728 13856
f 13858 13856 13857
f 13859 13854 13853
f 13859 13727 13854
f 13859 13853 13858
f 13859 13857 13855
f 13859 13855 13727
f 13859 13858 13857
f 13854 13726 13860
f 13854 13727 13726
f 13862 13861 13720
f 13862 13839 13861
f 13862 13719 13839
f 13862 13720 13719
f 13721 13720 13861
f 13846 13721 13861
f 13864 13863 13724
f 13864 13852 13863
f 13864 13723 13852
f 13864 13724 13723
f 13865 13725 13724
f 13865 13724 13863
f 13866 13860 13726
f 13866 13865 13860
f 13866 13725 13865
f 13866 13726 13725
f 13869 13867 13730
f 13869 13868 13867
f 13869 13729 13868
f 13869 13730 13729
f 13870 13731 13730
f 13870 13730 13867
f 13872 13871 13732
f 13872 13870 13871
f 13872 13731 13870
f 13872 13732 13731
f 13873 13733 13732
f 13873 13732 13871
f 13876 13874 13782
f 13876 13875 13874
f 13876 13781 13875
f 13876 13782 13781
f 13877 13783 13782
f 13877 13782 13874
f 13879 13878 13784
f 13879 13877 13878
f 13879 13783 13877
f 13879 13784 13783
f 13881 13785 13784
f 13881 13784 13878
f 13880 13786 13785
f 13880 13785 13881
f 13884 13882 13806
f 13884 13883 13882
f 13884 13805 13883
f 13884 13806 13805
f 13886 13807 13806
f 13886 13806 13882
f 13885 13763 13807
f 13885 13807 13886
f 13889 13887 13804
f 13889 13888 13887
f 13889 13803 13888
f 13889 13804 13803
f 13883 13804 13887
f 13883 13805 13804
f 13891 13890 13734
f 13891 13873 13890
f 13891 13733 13873
f 13891 13734 13733
f 13890 13735 13734
f 13892 13735 13890
f 13894 13893 13736
f 13894 13892 13893
f 13894 13735 13892
f 13894 13736 13735
f 13841 13736 13893
f 13841 13711 13736
f 13896 13895 13714
f 13896 13844 13895
f 13896 13713 13844
f 13896 13714 13713
f 13895 13715 13714
f 13897 13715 13895
f 13899 13898 13716
f 13899 13897 13898
f 13899 13715 13897
f 13899 13716 13715
f 13837 13716 13898
f 13837 13717 13716
f 13901 13900 13742
f 13901 13812 13900
f 13901 13741 13812
f 13901 13742 13741
f 13903 13902 13745
f 13903 13745 13744
f 13904 13744 13743
f 13904 13903 13744
f 13900 13743 13742
f 13900 13904 13743
f 13906 13905 13746
f 13906 13902 13905
f 13906 13745 13902
f 13906 13746 13745
f 13829 13746 13905
f 13829 13747 13746
f 13908 13907 13750
f 13908 13835 13907
f 13908 13749 13835
f 13908 13750 13749
f 13909 13751 13750
f 13909 13750 13907
f 13911 13910 13752
f 13911 13909 13910
f 13911 13751 13909
f 13911 13752 13751
f 13753 13752 13910
f 13821 13753 13910
f 13913 13912 13756
f 13913 13827 13912
f 13913 13755 13827
f 13913 13756 13755
f 13912 13757 13756
f 13914 13757 13912
f 13916 13915 13758
f 13916 13914 13915
f 13916 13757 13914
f 13916 13758 13757
f 13818 13758 13915
f 13818 13759 13758
f 533 530 13700
f 533 13700 13699
f 533 13710 534
f 533 13699 13710
f 535 534 13710
f 535 13710 13709
f 529 528 13704
f 529 13704 13703
f 539 13705 13704
f 539 13704 528
f 13917 539 536
f 13917 536 13706
f 13917 13706 13705
f 13917 13705 539
f 13919 13799 13918
f 13919 13800 13799
f 13920 13801 13800
f 13920 13800 13919
f 13921 13802 13801
f 13921 13801 13920
f 13888 13803 13802
f 13888 13802 13921
f 13923 13796 13924
f 13923 13797 13796
f 13922 13798 13797
f 13922 13797 13923
f 13918 13799 13798
f 13918 13798 13922
f 13926 13795 13794
f 13925 13796 13795
f 13925 13795 13926
f 13924 13796 13925
f 13927 13792 13928
f 13927 13793 13792
f 13926 13794 13793
f 13926 13793 13927
f 13928 13791 13929
f 13928 13792 13791
f 13929 13790 13930
f 13929 13791 13790
f 13930 13789 13931
f 13930 13790 13789
f 13933 13788 13787
f 13932 13789 13788
f 13932 13788 13933
f 13931 13789 13932
f 13933 13786 13880
f 13933 13787 13786
f 13935 13778 13934
f 13935 13779 13778
f 13936 13780 13779
f 13936 13779 13935
f 13875 13781 13780
f 13875 13780 13936
f 13937 13776 13938
f 13937 13777 13776
f 13934 13778 13777
f 13934 13777 13937
f 13941 13771 13942
f 13941 13772 13771
f 13940 13773 13772
f 13940 13774 13773
f 13940 13772 13941
f 13939 13775 13774
f 13939 13774 13940
f 13938 13776 13775
f 13938 13775 13939
f 13943 13769 13944
f 13943 13770 13769
f 13942 13771 13770
f 13942 13770 13943
f 13945 13767 13946
f 13945 13768 13767
f 13944 13769 13768
f 13944 13768 13945
f 13946 13766 13947
f 13946 13767 13766
f 13948 13764 13949
f 13948 13765 13764
f 13947 13766 13765
f 13947 13765 13948
f 13885 13764 13763
f 13949 13764 13885
f 13814 13737 13692
f 13814 13692 13690
f 13729 13728 13853
f 13868 13729 13853
f 13707 13706 536
f 537 13707 536
f 13708 13707 537
f 538 13708 537
f 13709 13708 538
f 535 13709 538
f 531 13701 13700
f 531 13700 530
f 532 13702 13701
f 532 13701 531
f 529 13703 13702
f 529 13702 532
f 13874 13875 13936
f 13881 13878 13877
f 13881 13877 13874
f 13881 13936 13935
f 13881 13874 13936
f 13880 13935 13934
f 13880 13881 13935
f 13933 13934 13937
f 13933 13937 13938
f 13933 13938 13939
f 13933 13880 13934
f 13940 13933 13939
f 13941 13932 13933
f 13941 13933 13940
f 13942 13932 13941
f 13947 13927 13928
f 13947 13928 13929
f 13947 13929 13930
f 13948 13925 13926
f 13948 13926 13927
f 13948 13927 13947
f 13924 13925 13948
f 13943 13931 13932
f 13943 13932 13942
f 13946 13930 13931
f 13946 13947 13930
f 13944 13931 13943
f 13945 13946 13931
f 13945 13931 13944
f 13949 13924 13948
f 13923 13924 13949
f 13922 13923 13949
f 13922 13949 13885
f 13883 13886 13882
f 13918 13922 13885
f 13919 13918 13885
f 13919 13885 13886
f 13920 13919 13886
f 13921 13920 13886
f 13887 13886 13883
f 13887 13921 13886
f 13888 13921 13887
f 13868 13871 13870
f 13868 13870 13867
f 13852 13860 13865
f 13852 13865 13863
f 13853 13871 13868
f 13837 13861 13839
f 13837 13839 13836
f 13841 13854 13860
f 13840 13860 13852
f 13840 13841 13860
f 13845 13840 13852
f 13873 13853 13854
f 13873 13871 13853
f 13846 13861 13837
f 13893 13892 13890
f 13893 13890 13873
f 13893 13873 13854
f 13893 13854 13841
f 13844 13845 13846
f 13844 13840 13845
f 13898 13897 13895
f 13898 13895 13844
f 13898 13846 13837
f 13898 13844 13846
f 13951 771 13950
f 13951 772 771
f 13952 773 772
f 13952 772 13951
f 13953 774 773
f 13953 773 13952
f 13954 775 774
f 13954 774 13953
f 13955 776 775
f 13955 777 776
f 13955 775 13954
f 13956 777 13955
f 13957 778 777
f 13957 779 778
f 13957 777 13956
f 13958 779 13957
f 13959 780 779
f 13959 779 13958
f 13960 781 780
f 13960 780 13959
f 13961 782 781
f 13961 781 13960
f 13962 783 782
f 13962 782 13961
f 13963 783 13962
f 13963 784 783
f 13963 785 784
f 13964 785 13963
f 13964 786 785
f 13965 786 13964
f 13965 787 786
f 13966 787 13965
f 13967 787 13966
f 13967 788 787
f 13968 788 13967
f 13968 789 788
f 13969 789 13968
f 13969 790 789
f 13970 790 13969
f 13970 791 790
f 13950 791 13970
f 13950 771 791
f 13813 13809 13810
f 13814 13809 13813
f 13817 13808 13815
f 13818 13808 13817
f 13812 13809 13829
f 13904 13900 13812
f 13821 13808 13818
f 13820 13821 13818
f 13903 13904 13812
f 13905 13902 13903
f 13905 13812 13829
f 13905 13903 13812
f 13910 13690 13691
f 13910 13835 13690
f 13909 13907 13835
f 13909 13835 13910
f 13915 13827 13820
f 13915 13820 13818
f 13914 13912 13827
f 13914 13827 13915
f 13814 13690 13828
f 13691 13808 13821
f 13821 13910 13691
f 13835 13828 13690
f 13828 13829 13814
f 13814 13829 13809
f 13972 3249 13971
f 13972 3250 3249
f 13973 3251 3250
f 13973 3250 13972
f 13974 3252 3251
f 13974 3251 13973
f 13975 3253 3252
f 13975 3252 13974
f 13976 3254 3253
f 13976 3255 3254
f 13976 3253 13975
f 13977 3255 13976
f 13978 3256 3255
f 13978 3257 3256
f 13978 3255 13977
f 13979 3257 13978
f 13980 3258 3257
f 13980 3257 13979
f 13981 3259 3258
f 13981 3258 13980
f 13982 3260 3259
f 13982 3259 13981
f 13983 3261 3260
f 13983 3260 13982
f 13984 3261 13983
f 13984 3262 3261
f 13984 3263 3262
f 13985 3263 13984
f 13985 3264 3263
f 13986 3264 13985
f 13986 3265 3264
f 13987 3265 13986
f 13988 3265 13987
f 13988 3266 3265
f 13989 3266 13988
f 13989 3267 3266
f 13990 3267 13989
f 13990 3268 3267
f 13991 3268 13990
f 13991 3269 3268
f 13971 3269 13991
f 13971 3249 3269
f 14016 13996 13995
f 14015 13995 13994
f 14015 14016 13995
f 14017 13996 14016
f 14014 13994 13993
f 14014 14015 13994
f 14018 13997 13996
f 14018 13998 13997
f 14018 13996 14017
f 14013 13993 13992
f 14013 14014 13993
f 14019 13998 14018
f 14033 13992 14012
f 14033 14013 13992
f 14011 14033 14012
f 14020 13999 13998
f 14020 13998 14019
f 14032 14033 14011
f 14021 13999 14020
f 14000 13999 14021
f 14031 14032 14011
f 14010 14031 14011
f 14022 14000 14021
f 14001 14000 14022
f 14009 14030 14031
f 14009 14031 14010
f 14002 14001 14022
f 14002 14022 14023
f 14002 14023 14024
f 14008 14030 14009
f 14008 14028 14029
f 14008 14029 14030
f 14003 14002 14024
f 14007 14028 14008
f 14004 14003 14024
f 14004 14024 14025
f 14006 14027 14028
f 14006 14028 14007
f 14005 14027 14006
f 14005 14025 14026
f 14005 14026 14027
f 14005 14004 14025
f 13993 6421 13992
f 13993 6422 6421
f 13994 6423 6422
f 13994 6424 6423
f 13994 6422 13993
f 13995 6424 13994
f 13996 6425 6424
f 13996 6426 6425
f 13996 6424 13995
f 13997 6426 13996
f 13998 6427 6426
f 13998 6428 6427
f 13998 6426 13997
f 13999 6428 13998
f 14000 6429 6428
f 14000 6430 6429
f 14000 6428 13999
f 14001 6430 14000
f 14002 6431 6430
f 14002 6430 14001
f 14003 6432 6431
f 14003 6431 14002
f 14004 6433 6432
f 14004 6432 14003
f 14005 6433 14004
f 14005 6434 6433
f 14006 6434 14005
f 14006 6435 6434
f 14007 6435 14006
f 14007 6436 6435
f 14008 6436 14007
f 14008 6437 6436
f 14009 6437 14008
f 14009 6438 6437
f 14009 6439 6438
f 14010 6439 14009
f 14010 6440 6439
f 14011 6440 14010
f 14012 6440 14011
f 14012 6441 6440
f 13992 6441 14012
f 13992 6421 6441
f 14044 7495 14034
f 14044 7515 7495
f 14043 7515 14044
f 14042 7514 7515
f 14042 7515 14043
f 7019 14042 7020
f 7019 7514 14042
f 7018 7513 7514
f 7018 7514 7019
f 7017 7512 7513
f 7017 7513 7018
f 7016 7511 7512
f 7016 7512 7017
f 7015 7510 7511
f 7015 7511 7016
f 7014 7509 7510
f 7014 7510 7015
f 7013 7508 7509
f 7013 7509 7014
f 7012 7507 7508
f 7012 7508 7013
f 14041 7506 7507
f 14041 7507 7012
f 7011 14041 7012
f 14040 7506 14041
f 14039 7506 14040
f 14039 7505 7506
f 14038 7505 14039
f 14038 7504 7505
f 6998 14038 6999
f 6998 7504 14038
f 6998 7503 7504
f 6997 7503 6998
f 6997 7502 7503
f 6996 7502 6997
f 6996 7501 7502
f 6995 7501 6996
f 6995 7500 7501
f 6994 7499 7500
f 6994 7500 6995
f 6993 7498 7499
f 6993 7499 6994
f 6992 7497 7498
f 6992 7498 6993
f 6991 7497 6992
f 14037 7496 7497
f 14037 7497 6991
f 6990 14037 6991
f 14036 7496 14037
f 14035 7495 7496
f 14035 7496 14036
f 14034 7495 14035
f 14049 14052 14053
f 14049 14053 14054
f 14049 14054 14055
f 14050 14049 14055
f 14058 471 426
f 14057 14058 426
f 14056 426 427
f 14056 427 428
f 14056 428 429
f 14056 429 451
f 14056 451 452
f 14056 14057 426
f 14055 14056 14046
f 14046 14056 14047
f 14047 14056 14048
f 14048 14056 14045
f 14045 14056 452
f 14045 452 453
f 14055 14046 14051
f 14055 14051 14050
f 14083 14063 14062
f 14082 14062 14061
f 14082 14083 14062
f 14084 14063 14083
f 14081 14061 14060
f 14081 14082 14061
f 14085 14064 14063
f 14085 14063 14084
f 14080 14060 14059
f 14080 14081 14060
f 14086 14065 14064
f 14086 14064 14085
f 14100 14059 14079
f 14100 14080 14059
f 14087 14066 14065
f 14087 14065 14086
f 14099 14079 14078
f 14099 14100 14079
f 14067 14087 14088
f 14067 14066 14087
f 14077 14098 14099
f 14077 14099 14078
f 14068 14088 14089
f 14068 14067 14088
f 14090 14068 14089
f 14076 14097 14098
f 14076 14098 14077
f 14069 14068 14090
f 14075 14097 14076
f 14075 14096 14097
f 14070 14069 14090
f 14070 14090 14091
f 14074 14096 14075
f 14074 14095 14096
f 14071 14070 14091
f 14071 14091 14092
f 14073 14095 14074
f 14073 14094 14095
f 14072 14071 14092
f 14072 14094 14073
f 14072 14092 14093
f 14072 14093 14094
f 14059 7580 7579
f 14060 7580 14059
f 14061 7581 7580
f 14061 7582 7581
f 14061 7580 14060
f 14062 7582 14061
f 14063 7583 7582
f 14063 7584 7583
f 14063 7582 14062
f 14064 7584 14063
f 14065 7585 7584
f 14065 7584 14064
f 14066 7586 7585
f 14066 7587 7586
f 14066 7585 14065
f 14067 7587 14066
f 14068 7588 7587
f 14068 7589 7588
f 14068 7587 14067
f 14069 7589 14068
f 14070 7590 7589
f 14070 7591 7590
f 14070 7589 14069
f 14071 7591 14070
f 14072 7591 14071
f 14072 7592 7591
f 14073 7592 14072
f 14073 7593 7592
f 14074 7593 14073
f 14074 7594 7593
f 14075 7594 14074
f 14075 7595 7594
f 14076 7595 14075
f 14076 7596 7595
f 14077 7596 14076
f 14077 7597 7596
f 14078 7597 14077
f 14078 7598 7597
f 14079 7598 14078
f 14079 7599 7598
f 14059 7599 14079
f 14059 7579 7599
f 14103 6597 14102
f 14103 6598 6597
f 14104 6599 6598
f 14104 6598 14103
f 14105 6600 6599
f 14105 6599 14104
f 14106 6601 6600
f 14106 6600 14105
f 14107 6602 6601
f 14107 6601 14106
f 14108 6603 6602
f 14108 6602 14107
f 14109 6604 6603
f 14109 6603 14108
f 14110 6605 6604
f 14110 6604 14109
f 14111 6606 6605
f 14111 6605 14110
f 14101 6607 6606
f 14101 6606 14111
f 14102 14112 14115
f 14101 14114 14113
f 14101 14115 14114
f 14101 14102 14115
f 14108 14107 14106
f 14111 14103 14102
f 14111 14102 14101
f 14109 14108 14106
f 14110 14104 14103
f 14110 14105 14104
f 14110 14106 14105
f 14110 14109 14106
f 14110 14103 14111
f 14113 6607 14101
f 14113 6608 6607
f 14139 14119 14118
f 14139 14140 14119
f 14141 14120 14119
f 14141 14121 14120
f 14141 14119 14140
f 14138 14118 14117
f 14138 14139 14118
f 14142 14121 14141
f 14137 14117 14116
f 14137 14138 14117
f 14143 14122 14121
f 14143 14121 14142
f 14157 14116 14136
f 14157 14137 14116
f 14123 14122 14143
f 14144 14123 14143
f 14156 14136 14135
f 14156 14157 14136
f 14145 14123 14144
f 14124 14123 14145
f 14134 14155 14156
f 14134 14156 14135
f 14125 14145 14146
f 14125 14124 14145
f 14133 14154 14155
f 14133 14155 14134
f 14126 14146 14147
f 14126 14125 14146
f 14132 14154 14133
f 14132 14152 14153
f 14132 14153 14154
f 14127 14126 14147
f 14127 14147 14148
f 14131 14152 14132
f 14128 14148 14149
f 14128 14127 14148
f 14130 14152 14131
f 14130 14151 14152
f 14129 14151 14130
f 14129 14149 14150
f 14129 14150 14151
f 14129 14128 14149
f 14117 6358 14116
f 14117 6359 6358
f 14118 6360 6359
f 14118 6361 6360
f 14118 6359 14117
f 14119 6361 14118
f 14120 6362 6361
f 14120 6363 6362
f 14120 6361 14119
f 14121 6363 14120
f 14122 6364 6363
f 14122 6365 6364
f 14122 6363 14121
f 14123 6365 14122
f 14124 6366 6365
f 14124 6367 6366
f 14124 6365 14123
f 14125 6367 14124
f 14126 6368 6367
f 14126 6367 14125
f 14127 6369 6368
f 14127 6368 14126
f 14128 6370 6369
f 14128 6369 14127
f 14129 6370 14128
f 14129 6371 6370
f 14130 6371 14129
f 14130 6372 6371
f 14131 6372 14130
f 14131 6373 6372
f 14132 6373 14131
f 14132 6374 6373
f 14133 6374 14132
f 14133 6375 6374
f 14133 6376 6375
f 14134 6376 14133
f 14134 6377 6376
f 14135 6377 14134
f 14136 6377 14135
f 14136 6378 6377
f 14116 6378 14136
f 14116 6358 6378
f 6948 7201 6949
f 6948 7221 7201
f 6947 7220 7221
f 6947 7221 6948
f 6946 7219 7220
f 6946 7220 6947
f 6945 7218 7219
f 6945 7219 6946
f 6944 7217 7218
f 6944 7218 6945
f 6943 7216 7217
f 6943 7217 6944
f 6942 7215 7216
f 6942 7216 6943
f 6941 7214 7215
f 6941 7215 6942
f 6940 7213 7214
f 6940 7214 6941
f 14161 7212 7213
f 14161 7213 6940
f 6939 14161 6940
f 14160 7211 7212
f 14160 7212 14161
f 14159 7211 14160
f 14158 7211 14159
f 14158 7210 7211
f 7029 7210 14158
f 7029 14158 7030
f 7029 7209 7210
f 7028 7209 7029
f 7028 7208 7209
f 7027 7208 7028
f 14055 7208 7027
f 14055 7207 7208
f 7026 14055 7027
f 14054 7207 14055
f 14054 7206 7207
f 14053 7206 14054
f 14052 7205 7206
f 14052 7206 14053
f 6953 14052 6954
f 6953 7204 7205
f 6953 7205 14052
f 6952 7203 7204
f 6952 7204 6953
f 6951 7202 7203
f 6951 7203 6952
f 6950 7201 7202
f 6950 7202 6951
f 6949 7201 6950
f 13458 14162 13438
f 13458 14163 14162
f 13457 14164 14163
f 13457 14163 13458
f 13456 14165 14164
f 13456 14164 13457
f 13455 14166 14165
f 13455 14165 13456
f 13454 14167 14166
f 13454 14166 13455
f 13453 14168 14167
f 13453 14167 13454
f 13452 14169 14168
f 13452 14168 13453
f 13451 14170 14169
f 13451 14169 13452
f 13450 14171 14170
f 13450 14170 13451
f 13449 14172 14171
f 13449 14171 13450
f 13448 14173 14172
f 13448 14172 13449
f 13447 14174 14173
f 13447 14173 13448
f 13446 14174 13447
f 13446 14175 14174
f 13445 14175 13446
f 13445 14176 14175
f 13444 14176 13445
f 13444 14177 14176
f 13443 14177 13444
f 13443 14178 14177
f 13443 14179 14178
f 13442 14179 13443
f 13441 14179 13442
f 13441 14180 14179
f 13440 14180 13441
f 13440 14181 14180
f 13439 14181 13440
f 13439 14182 14181
f 13439 14162 14182
f 13438 14162 13439
f 14184 6379 14183
f 14184 6380 6379
f 14185 6381 6380
f 14185 6382 6381
f 14185 6380 14184
f 14186 6382 14185
f 14187 6383 6382
f 14187 6384 6383
f 14187 6382 14186
f 14188 6384 14187
f 14189 6385 6384
f 14189 6386 6385
f 14189 6384 14188
f 14190 6386 14189
f 14191 6387 6386
f 14191 6388 6387
f 14191 6386 14190
f 14192 6388 14191
f 14193 6389 6388
f 14193 6388 14192
f 14194 6390 6389
f 14194 6389 14193
f 14195 6391 6390
f 14195 6390 14194
f 14196 6391 14195
f 14196 6392 6391
f 14197 6392 14196
f 14197 6393 6392
f 14198 6393 14197
f 14198 6394 6393
f 14199 6394 14198
f 14199 6395 6394
f 14200 6395 14199
f 14200 6396 6395
f 14200 6397 6396
f 14201 6397 14200
f 14201 6398 6397
f 14202 6398 14201
f 14203 6398 14202
f 14203 6399 6398
f 14183 6399 14203
f 14183 6379 6399
f 14213 14215 14214
f 14213 14216 14215
f 14205 14216 14213
f 14219 14217 14216
f 14219 14218 14217
f 14212 14220 14219
f 14212 14221 14220
f 14212 14219 14216
f 14212 14216 14205
f 14206 14205 14204
f 14207 14205 14206
f 14208 14212 14205
f 14208 14205 14207
f 14209 14212 14208
f 14210 14212 14209
f 14211 14212 14210
f 14211 6539 14212
f 14211 6540 6539
f 14205 6528 14204
f 14205 6529 6528
f 14207 7264 14208
f 14207 7284 7264
f 14206 7284 14207
f 14204 7283 7284
f 14204 7284 14206
f 6527 14204 6528
f 6527 7283 14204
f 6526 7282 7283
f 6526 7283 6527
f 6525 7281 7282
f 6525 7282 6526
f 6524 7280 7281
f 6524 7281 6525
f 6523 7279 7280
f 6523 7280 6524
f 6522 7278 7279
f 6522 7279 6523
f 6521 7277 7278
f 6521 7278 6522
f 6520 7276 7277
f 6520 7277 6521
f 6519 7275 7276
f 6519 7276 6520
f 6518 7275 6519
f 6518 7274 7275
f 6517 7274 6518
f 6517 7273 7274
f 6516 7273 6517
f 6516 7272 7273
f 6515 7272 6516
f 6515 7271 7272
f 14225 7271 6515
f 14225 7270 7271
f 6514 14225 6515
f 14224 7270 14225
f 14224 7269 7270
f 14223 7269 14224
f 14222 7269 14223
f 14222 7268 7269
f 6543 14222 6544
f 6543 7268 14222
f 6543 7267 7268
f 6542 7266 7267
f 6542 7267 6543
f 6541 7265 7266
f 6541 7266 6542
f 14211 7265 6541
f 6540 14211 6541
f 14210 7265 14211
f 14209 7264 7265
f 14209 7265 14210
f 14208 7264 14209
f 6716 7474 6717
f 6716 7494 7474
f 6715 7493 7494
f 6715 7494 6716
f 6714 7492 7493
f 6714 7493 6715
f 6713 7491 7492
f 6713 7492 6714
f 14233 7490 7491
f 14233 7491 6713
f 6712 14233 6713
f 14232 7490 14233
f 14231 7489 7490
f 14231 7490 14232
f 14230 7488 7489
f 14230 7489 14231
f 6657 14230 6658
f 6657 7487 7488
f 6657 7488 14230
f 6656 7486 7487
f 6656 7487 6657
f 6655 7486 6656
f 6655 7485 7486
f 6654 7485 6655
f 6653 7485 6654
f 6653 7484 7485
f 6652 7484 6653
f 6652 7483 7484
f 6651 7483 6652
f 6651 7482 7483
f 6650 7482 6651
f 6650 7481 7482
f 14229 7481 6650
f 14229 7480 7481
f 6649 14229 6650
f 14228 7480 14229
f 14228 7479 7480
f 14227 7479 14228
f 14226 7478 7479
f 14226 7479 14227
f 6721 14226 6722
f 6721 7477 7478
f 6721 7478 14226
f 6720 7476 7477
f 6720 7477 6721
f 6719 7475 7476
f 6719 7476 6720
f 6718 7474 7475
f 6718 7475 6719
f 6717 7474 6718
f 14258 14237 14236
f 14257 14258 14236
f 14259 14238 14237
f 14259 14239 14238
f 14259 14237 14258
f 14256 14236 14235
f 14256 14257 14236
f 14260 14239 14259
f 14255 14235 14234
f 14255 14256 14235
f 14261 14240 14239
f 14261 14239 14260
f 14275 14234 14254
f 14275 14255 14234
f 14262 14241 14240
f 14262 14240 14261
f 14274 14254 14253
f 14274 14275 14254
f 14263 14241 14262
f 14242 14241 14263
f 14273 14274 14253
f 14252 14273 14253
f 14243 14263 14264
f 14243 14242 14263
f 14265 14243 14264
f 14251 14271 14272
f 14251 14272 14273
f 14251 14273 14252
f 14244 14243 14265
f 14250 14270 14271
f 14250 14271 14251
f 14245 14244 14265
f 14245 14265 14266
f 14249 14270 14250
f 14246 14266 14267
f 14246 14267 14268
f 14246 14245 14266
f 14248 14270 14249
f 14248 14269 14270
f 14247 14246 14268
f 14247 14269 14248
f 14247 14268 14269
f 14235 6463 14234
f 14235 6464 6463
f 14236 6465 6464
f 14236 6464 14235
f 14237 6466 6465
f 14237 6465 14236
f 14238 6467 6466
f 14238 6466 14237
f 14239 6468 6467
f 14239 6469 6468
f 14239 6467 14238
f 14240 6469 14239
f 14241 6470 6469
f 14241 6471 6470
f 14241 6469 14240
f 14242 6471 14241
f 14243 6472 6471
f 14243 6471 14242
f 14244 6473 6472
f 14244 6472 14243
f 14245 6474 6473
f 14245 6473 14244
f 14246 6475 6474
f 14246 6474 14245
f 14247 6475 14246
f 14247 6476 6475
f 14247 6477 6476
f 14248 6477 14247
f 14248 6478 6477
f 14249 6478 14248
f 14249 6479 6478
f 14250 6479 14249
f 14251 6479 14250
f 14251 6480 6479
f 14252 6480 14251
f 14252 6481 6480
f 14253 6481 14252
f 14253 6482 6481
f 14254 6482 14253
f 14254 6483 6482
f 14234 6483 14254
f 14234 6463 6483
f 14280 14222 14223
f 14280 14223 14224
f 14280 14224 14225
f 14281 14280 14225
f 14285 469 336
f 14284 14285 336
f 14283 336 337
f 14283 337 338
f 14283 338 339
f 14283 339 361
f 14283 361 362
f 14283 14284 336
f 14225 14283 14277
f 14277 14283 14278
f 14278 14283 14279
f 14279 14283 14276
f 14276 14283 362
f 14276 362 363
f 14225 14277 14282
f 14225 14282 14281
f 6817 6816 14286
f 14287 6817 14286
f 7641 14288 7621
f 7641 14289 14288
f 7640 14290 14289
f 7640 14289 7641
f 7639 14291 14290
f 7639 14290 7640
f 7638 14292 14291
f 7638 14291 7639
f 7637 14293 14292
f 7637 14292 7638
f 7636 14294 14293
f 7636 14293 7637
f 7635 14295 14294
f 7635 14294 7636
f 7634 14296 14295
f 7634 14295 7635
f 7633 14297 14296
f 7633 14296 7634
f 7632 14298 14297
f 7632 14297 7633
f 7631 14299 14298
f 7631 14298 7632
f 7630 14300 14299
f 7630 14299 7631
f 7629 14300 7630
f 7629 14301 14300
f 7628 14301 7629
f 7628 14302 14301
f 7627 14302 7628
f 7627 14303 14302
f 7626 14303 7627
f 7626 14304 14303
f 7626 14305 14304
f 7625 14305 7626
f 7624 14305 7625
f 7624 14306 14305
f 7623 14306 7624
f 7623 14307 14306
f 7622 14307 7623
f 7622 14308 14307
f 7622 14288 14308
f 7621 14288 7622
f 14310 6400 14309
f 14310 6401 6400
f 14311 6402 6401
f 14311 6403 6402
f 14311 6401 14310
f 14312 6403 14311
f 14313 6404 6403
f 14313 6405 6404
f 14313 6403 14312
f 14314 6405 14313
f 14315 6406 6405
f 14315 6407 6406
f 14315 6405 14314
f 14316 6407 14315
f 14317 6408 6407
f 14317 6409 6408
f 14317 6407 14316
f 14318 6409 14317
f 14319 6410 6409
f 14319 6409 14318
f 14320 6411 6410
f 14320 6410 14319
f 14321 6412 6411
f 14321 6411 14320
f 14322 6412 14321
f 14322 6413 6412
f 14323 6413 14322
f 14323 6414 6413
f 14324 6414 14323
f 14324 6415 6414
f 14325 6415 14324
f 14325 6416 6415
f 14326 6416 14325
f 14326 6417 6416
f 14326 6418 6417
f 14327 6418 14326
f 14327 6419 6418
f 14328 6419 14327
f 14329 6419 14328
f 14329 6420 6419
f 14309 6420 14329
f 14309 6400 6420
f 14335 14343 14342
f 14335 14344 14343
f 14340 14342 14341
f 14340 14335 14342
f 14338 14340 14339
f 14331 14337 14336
f 14331 14338 14337
f 14331 14335 14340
f 14331 14340 14338
f 14333 14332 14335
f 14333 14335 14331
f 14334 14333 14331
f 14330 14334 14331
f 14331 622 14330
f 14331 623 622
f 14359 14345 14346
f 14360 14361 14345
f 14360 14345 14359
f 14358 14362 14361
f 14358 14361 14360
f 637 14358 638
f 637 14362 14358
f 636 14363 14362
f 636 14362 637
f 635 14364 14363
f 635 14363 636
f 14332 14365 14364
f 14332 14364 635
f 634 14332 635
f 14333 14365 14332
f 14334 14366 14365
f 14334 14365 14333
f 14330 14366 14334
f 14330 14367 14366
f 621 14367 14330
f 621 14330 622
f 620 14367 621
f 620 14368 14367
f 619 14368 620
f 619 14369 14368
f 14355 14369 619
f 14355 14370 14369
f 618 14355 619
f 14356 14370 14355
f 14357 14370 14356
f 14357 14371 14370
f 14354 14371 14357
f 14354 14372 14371
f 669 14354 670
f 669 14372 14354
f 669 14373 14372
f 668 14373 669
f 668 14374 14373
f 667 14374 668
f 14351 14374 667
f 14351 14375 14374
f 666 14351 667
f 14352 14375 14351
f 14352 14376 14375
f 14353 14376 14352
f 14350 14377 14376
f 14350 14376 14353
f 653 14350 654
f 653 14377 14350
f 653 14378 14377
f 652 14379 14378
f 652 14378 653
f 651 14379 652
f 14347 14380 14379
f 14347 14379 651
f 14348 14345 14380
f 14348 14380 14347
f 650 14347 651
f 14349 14345 14348
f 14346 14345 14349
f 14405 14385 14384
f 14404 14384 14383
f 14404 14405 14384
f 14406 14385 14405
f 14403 14383 14382
f 14403 14404 14383
f 14407 14386 14385
f 14407 14387 14386
f 14407 14385 14406
f 14402 14382 14381
f 14402 14403 14382
f 14408 14387 14407
f 14422 14381 14401
f 14422 14402 14381
f 14400 14422 14401
f 14409 14388 14387
f 14409 14387 14408
f 14421 14422 14400
f 14410 14388 14409
f 14389 14388 14410
f 14420 14421 14400
f 14399 14420 14400
f 14411 14389 14410
f 14390 14389 14411
f 14398 14419 14420
f 14398 14420 14399
f 14391 14390 14411
f 14391 14411 14412
f 14391 14412 14413
f 14397 14419 14398
f 14397 14417 14418
f 14397 14418 14419
f 14392 14391 14413
f 14396 14417 14397
f 14393 14392 14413
f 14393 14413 14414
f 14395 14416 14417
f 14395 14417 14396
f 14394 14416 14395
f 14394 14414 14415
f 14394 14415 14416
f 14394 14393 14414
f 453 6956 14045
f 453 406 6956
f 316 6546 14276
f 363 316 14276
f 13480 14051 14046
f 6974 6955 14049
f 13481 14049 14050
f 13481 14050 14051
f 13481 14051 13480
f 13482 14049 13481
f 13482 6974 14049
f 13483 6973 6974
f 13483 6974 13482
f 13484 6972 6973
f 13484 6973 13483
f 13485 6971 6972
f 13485 6972 13484
f 13486 6970 6971
f 13486 6971 13485
f 13487 6969 6970
f 13487 6970 13486
f 13488 6968 6969
f 13488 6969 13487
f 13489 6967 6968
f 13489 6968 13488
f 13490 6967 13489
f 13490 6966 6967
f 13491 6966 13490
f 13491 6964 6965
f 13491 6965 6966
f 13492 6964 13491
f 13492 6963 6964
f 13493 6963 13492
f 13493 6962 6963
f 13494 6961 6962
f 13494 6962 13493
f 13495 6960 6961
f 13495 6961 13494
f 13496 6959 6960
f 13496 6960 13495
f 13497 6958 6959
f 13497 6959 13496
f 14045 6956 6957
f 13498 6957 6958
f 13498 6958 13497
f 13499 6957 13498
f 13499 14045 6957
f 13500 14047 14048
f 13500 14048 14045
f 13500 14045 13499
f 13480 14046 14047
f 13480 14047 13500
f 14049 6954 14052
f 14049 6955 6954
f 13396 14282 14277
f 6564 6545 14280
f 13397 14280 14281
f 13397 14281 14282
f 13397 14282 13396
f 13398 14280 13397
f 13398 6564 14280
f 13399 6563 6564
f 13399 6564 13398
f 13400 6562 6563
f 13400 6563 13399
f 13401 6561 6562
f 13401 6562 13400
f 13402 6560 6561
f 13402 6561 13401
f 13403 6559 6560
f 13403 6560 13402
f 13404 6558 6559
f 13404 6559 13403
f 13405 6557 6558
f 13405 6558 13404
f 13406 6557 13405
f 13406 6556 6557
f 13407 6556 13406
f 13407 6554 6555
f 13407 6555 6556
f 13408 6554 13407
f 13408 6553 6554
f 13409 6553 13408
f 13409 6552 6553
f 13410 6551 6552
f 13410 6552 13409
f 13411 6550 6551
f 13411 6551 13410
f 13412 6549 6550
f 13412 6550 13411
f 13413 6548 6549
f 13413 6549 13412
f 14276 6546 6547
f 13414 6547 6548
f 13414 6548 13413
f 13415 6547 13414
f 13415 14276 6547
f 13416 14278 14279
f 13416 14279 14276
f 13416 14276 13415
f 13396 14277 14278
f 13396 14278 13416
f 14280 6544 14222
f 14280 6545 6544
f 13375 6938 6925
f 13376 6937 6938
f 13376 6938 13375
f 13377 6936 6937
f 13377 6937 13376
f 13378 6935 6936
f 13378 6936 13377
f 13379 6934 6935
f 13379 6935 13378
f 13380 6933 6934
f 13380 6934 13379
f 13381 6932 6933
f 13381 6933 13380
f 13382 6931 6932
f 13382 6932 13381
f 13383 6930 6931
f 13383 6931 13382
f 13384 6929 6930
f 13384 6930 13383
f 14426 6928 6929
f 13385 14426 6929
f 13385 6929 13384
f 13386 14425 14426
f 13386 14426 13385
f 7037 7031 14423
f 13387 14424 14425
f 13387 14425 13386
f 13388 14423 14424
f 13388 14424 13387
f 13388 7037 14423
f 13389 7037 13388
f 13389 7036 7037
f 13390 7035 7036
f 13390 7036 13389
f 13391 7034 7035
f 13391 7035 13390
f 14427 7032 7033
f 13392 7033 7034
f 13392 7034 13391
f 13393 7033 13392
f 13393 14427 7033
f 6927 6924 14428
f 6926 6927 14428
f 13394 14430 14427
f 13394 14427 13393
f 13395 14428 14429
f 13395 14429 14430
f 13395 14430 13394
f 13375 6925 6926
f 13375 14428 13395
f 13375 6926 14428
f 14428 6913 14431
f 14428 6924 6913
f 14161 6939 6928
f 14161 6928 14426
f 14431 14429 14428
f 14434 14429 14431
f 14433 14430 14429
f 14433 14427 14430
f 14433 14429 14434
f 14432 14427 14433
f 14426 14159 14160
f 14426 14160 14161
f 14425 14158 14159
f 14425 14159 14426
f 14424 14158 14425
f 14423 14158 14424
f 14432 7038 7032
f 14432 7032 14427
f 14423 7030 14158
f 14423 7031 7030
f 7642 6923 6910
f 7643 6922 6923
f 7643 6923 7642
f 7644 6921 6922
f 7644 6922 7643
f 7645 6920 6921
f 7645 6921 7644
f 7646 6919 6920
f 7646 6920 7645
f 7647 6918 6919
f 7647 6919 7646
f 7648 6917 6918
f 7648 6918 7647
f 7649 6916 6917
f 7649 6917 7648
f 7650 6915 6916
f 7650 6916 7649
f 7651 6914 6915
f 7651 6915 7650
f 14431 6913 6914
f 7652 14431 6914
f 7652 6914 7651
f 7653 14434 14431
f 7653 14431 7652
f 7044 7038 14432
f 7654 14433 14434
f 7654 14434 7653
f 7655 14432 14433
f 7655 14433 7654
f 7655 7044 14432
f 7656 7044 7655
f 7656 7043 7044
f 7657 7042 7043
f 7657 7043 7656
f 7658 7041 7042
f 7658 7042 7657
f 14435 7039 7040
f 7659 7040 7041
f 7659 7041 7658
f 7660 7040 7659
f 7660 14435 7040
f 6912 6909 14436
f 6911 6912 14436
f 7661 14438 14435
f 7661 14435 7660
f 7662 14436 14437
f 7662 14437 14438
f 7662 14438 7661
f 7642 6910 6911
f 7642 14436 7662
f 7642 6911 14436
f 6909 6898 14439
f 14436 6909 14439
f 14442 14437 14436
f 14442 14436 14439
f 14441 14438 14437
f 14441 14437 14442
f 14440 14435 14438
f 14440 14438 14441
f 14440 7045 7039
f 14440 7039 14435
f 13354 6908 6895
f 13355 6907 6908
f 13355 6908 13354
f 13356 6906 6907
f 13356 6907 13355
f 13357 6905 6906
f 13357 6906 13356
f 13358 6904 6905
f 13358 6905 13357
f 13359 6903 6904
f 13359 6904 13358
f 13360 6902 6903
f 13360 6903 13359
f 13361 6901 6902
f 13361 6902 13360
f 13362 6900 6901
f 13362 6901 13361
f 13363 6899 6900
f 13363 6900 13362
f 14439 6898 6899
f 13364 14439 6899
f 13364 6899 13363
f 13365 14442 14439
f 13365 14439 13364
f 7051 7045 14440
f 13366 14441 14442
f 13366 14442 13365
f 13367 14440 14441
f 13367 14441 13366
f 13367 7051 14440
f 13368 7051 13367
f 13368 7050 7051
f 13369 7049 7050
f 13369 7050 13368
f 13370 7048 7049
f 13370 7049 13369
f 14443 7046 7047
f 13371 7047 7048
f 13371 7048 13370
f 13372 7047 13371
f 13372 14443 7047
f 6897 6894 14444
f 6896 6897 14444
f 13373 14446 14443
f 13373 14443 13372
f 13374 14444 14445
f 13374 14445 14446
f 13374 14446 13373
f 13354 6895 6896
f 13354 14444 13374
f 13354 6896 14444
f 6894 6883 14447
f 14444 6894 14447
f 14447 14445 14444
f 14450 14446 14445
f 14450 14445 14447
f 14449 14446 14450
f 14448 14443 14446
f 14448 14446 14449
f 7052 7046 14443
f 14448 7052 14443
f 7663 6893 6880
f 7664 6892 6893
f 7664 6893 7663
f 7665 6891 6892
f 7665 6892 7664
f 7666 6890 6891
f 7666 6891 7665
f 7667 6889 6890
f 7667 6890 7666
f 7668 6888 6889
f 7668 6889 7667
f 7669 6887 6888
f 7669 6888 7668
f 7670 6886 6887
f 7670 6887 7669
f 7671 6885 6886
f 7671 6886 7670
f 7672 6884 6885
f 7672 6885 7671
f 14447 6883 6884
f 7673 14447 6884
f 7673 6884 7672
f 7674 14450 14447
f 7674 14447 7673
f 7058 7052 14448
f 7675 14449 14450
f 7675 14450 7674
f 7676 14448 14449
f 7676 14449 7675
f 7676 7058 14448
f 7677 7058 7676
f 7677 7057 7058
f 7678 7056 7057
f 7678 7057 7677
f 7679 7055 7056
f 7679 7056 7678
f 14451 7053 7054
f 7680 7054 7055
f 7680 7055 7679
f 7681 7054 7680
f 7681 14451 7054
f 6882 6879 14452
f 6881 6882 14452
f 7682 14454 14451
f 7682 14451 7681
f 7683 14452 14453
f 7683 14453 14454
f 7683 14454 7682
f 7663 6880 6881
f 7663 14452 7683
f 7663 6881 14452
f 14452 6878 14455
f 14452 6879 6878
f 14456 14452 14455
f 14457 14452 14456
f 14458 14452 14457
f 14459 14453 14452
f 14459 14452 14458
f 14460 14453 14459
f 14461 14454 14453
f 14461 14451 14454
f 14461 14453 14460
f 14461 7059 7053
f 14461 7053 14451
f 89 7134 14462
f 139 89 14462
f 14465 137 138
f 14465 138 139
f 14465 139 14462
f 14464 136 137
f 14464 137 14465
f 14463 136 14464
f 14463 7068 135
f 14463 135 136
f 7684 7144 7131
f 7685 7143 7144
f 7685 7144 7684
f 7686 7142 7143
f 7686 7143 7685
f 7687 7141 7142
f 7687 7142 7686
f 7688 7140 7141
f 7688 7141 7687
f 7689 7139 7140
f 7689 7140 7688
f 7690 7138 7139
f 7690 7139 7689
f 7691 7137 7138
f 7691 7138 7690
f 7692 7136 7137
f 7692 7137 7691
f 7693 7135 7136
f 7693 7136 7692
f 14462 7134 7135
f 7694 14462 7135
f 7694 7135 7693
f 7695 14465 14462
f 7695 14462 7694
f 7074 7068 14463
f 7696 14464 14465
f 7696 14465 7695
f 7697 14463 14464
f 7697 14464 7696
f 7697 7074 14463
f 7698 7074 7697
f 7698 7073 7074
f 7699 7072 7073
f 7699 7073 7698
f 7700 7071 7072
f 7700 7072 7699
f 14466 7069 7070
f 7701 7070 7071
f 7701 7071 7700
f 7702 7070 7701
f 7702 14466 7070
f 7133 7130 14467
f 7132 7133 14467
f 7703 14469 14466
f 7703 14466 7702
f 7704 14467 14468
f 7704 14468 14469
f 7704 14469 7703
f 7684 7131 7132
f 7684 14467 7704
f 7684 7132 14467
f 14467 7119 14470
f 14467 7130 7119
f 14473 14468 14467
f 14473 14467 14470
f 14472 14469 14468
f 14472 14466 14469
f 14472 14468 14473
f 14471 14466 14472
f 14471 7075 7069
f 14471 7069 14466
f 7705 7129 7116
f 7706 7128 7129
f 7706 7129 7705
f 7707 7127 7128
f 7707 7128 7706
f 7708 7126 7127
f 7708 7127 7707
f 7709 7125 7126
f 7709 7126 7708
f 7710 7124 7125
f 7710 7125 7709
f 7711 7123 7124
f 7711 7124 7710
f 7712 7122 7123
f 7712 7123 7711
f 7713 7121 7122
f 7713 7122 7712
f 7714 7120 7121
f 7714 7121 7713
f 14470 7119 7120
f 7715 14470 7120
f 7715 7120 7714
f 7716 14473 14470
f 7716 14470 7715
f 7081 7075 14471
f 7717 14472 14473
f 7717 14473 7716
f 7718 14471 14472
f 7718 14472 7717
f 7718 7081 14471
f 7719 7081 7718
f 7719 7080 7081
f 7720 7079 7080
f 7720 7080 7719
f 7721 7078 7079
f 7721 7079 7720
f 14474 7076 7077
f 7722 7077 7078
f 7722 7078 7721
f 7723 7077 7722
f 7723 14474 7077
f 7118 7115 14475
f 7117 7118 14475
f 7724 14477 14474
f 7724 14474 7723
f 7725 14475 14476
f 7725 14476 14477
f 7725 14477 7724
f 7705 7116 7117
f 7705 14475 7725
f 7705 7117 14475
f 14475 7104 14478
f 14475 7115 7104
f 14478 14476 14475
f 14481 14477 14476
f 14481 14476 14478
f 14480 14474 14477
f 14480 14477 14481
f 14479 14474 14480
f 14479 7082 7076
f 14479 7076 14474
f 13333 7114 7101
f 13334 7113 7114
f 13334 7114 13333
f 13335 7112 7113
f 13335 7113 13334
f 13336 7111 7112
f 13336 7112 13335
f 13337 7110 7111
f 13337 7111 13336
f 13338 7109 7110
f 13338 7110 13337
f 13339 7108 7109
f 13339 7109 13338
f 13340 7107 7108
f 13340 7108 13339
f 13341 7106 7107
f 13341 7107 13340
f 13342 7105 7106
f 13342 7106 13341
f 14478 7104 7105
f 13343 14478 7105
f 13343 7105 13342
f 13344 14481 14478
f 13344 14478 13343
f 7088 7082 14479
f 13345 14480 14481
f 13345 14481 13344
f 13346 14479 14480
f 13346 14480 13345
f 13346 7088 14479
f 13347 7088 13346
f 13347 7087 7088
f 13348 7086 7087
f 13348 7087 13347
f 13349 7085 7086
f 13349 7086 13348
f 14482 7083 7084
f 13350 7084 7085
f 13350 7085 13349
f 13351 7084 13350
f 13351 14482 7084
f 7103 7100 14483
f 7102 7103 14483
f 13352 14485 14482
f 13352 14482 13351
f 13353 14483 14484
f 13353 14484 14485
f 13353 14485 13352
f 13333 7101 7102
f 13333 14483 13353
f 13333 7102 14483
f 14483 7099 14486
f 14483 7100 7099
f 14486 14484 14483
f 14493 14495 14494
f 14493 14496 14495
f 14487 14485 14484
f 14487 14482 14485
f 14487 14484 14486
f 14491 14493 14492
f 14488 14486 14496
f 14488 14487 14486
f 14490 14496 14493
f 14490 14488 14496
f 14490 14493 14491
f 14489 14488 14490
f 14487 7089 7083
f 14487 7083 14482
f 14500 13953 13952
f 14499 14500 13952
f 14501 13954 13953
f 14501 13955 13954
f 14501 13953 14500
f 14498 13952 13951
f 14498 14499 13952
f 14502 13956 13955
f 14502 13955 14501
f 14497 13951 13950
f 14497 14498 13951
f 14503 13956 14502
f 14517 13950 13970
f 14517 14497 13950
f 13957 13956 14503
f 14504 13957 14503
f 14516 13970 13969
f 14516 14517 13970
f 13958 14504 14505
f 13958 13957 14504
f 13968 14515 14516
f 13968 14516 13969
f 14514 14515 13968
f 13959 14505 14506
f 13959 13958 14505
f 14507 13959 14506
f 13967 14514 13968
f 13960 13959 14507
f 13966 14514 13967
f 13966 14513 14514
f 13961 13960 14507
f 13961 14507 14508
f 13961 14508 14509
f 13965 14513 13966
f 13965 14512 14513
f 13962 13961 14509
f 13964 14512 13965
f 13964 14510 14511
f 13964 14511 14512
f 13963 13962 14509
f 13963 14510 13964
f 13963 14509 14510
f 7200 472 7192
f 7200 473 472
f 7199 474 473
f 7199 473 7200
f 7198 475 474
f 7198 474 7199
f 7197 476 475
f 7197 475 7198
f 7196 477 476
f 7196 476 7197
f 7195 478 477
f 7195 477 7196
f 7194 479 478
f 7194 478 7195
f 7193 480 479
f 7193 481 480
f 7193 479 7194
f 7145 481 7193
f 10877 3228 10876
f 10877 3229 3228
f 10878 3230 3229
f 10878 3229 10877
f 10879 3231 3230
f 10879 3230 10878
f 10880 3232 3231
f 10880 3231 10879
f 10881 3233 3232
f 10881 3232 10880
f 10882 3234 3233
f 10882 3233 10881
f 10883 3235 3234
f 10883 3234 10882
f 10884 3236 3235
f 10884 3237 3236
f 10884 3235 10883
f 10885 3238 3237
f 10885 3237 10884
f 10886 3238 10885
f 10887 3239 3238
f 10887 3238 10886
f 10888 3240 3239
f 10888 3239 10887
f 10889 3240 10888
f 10889 3241 3240
f 10889 3242 3241
f 10890 3242 10889
f 10891 3242 10890
f 10891 3243 3242
f 10892 3243 10891
f 10892 3244 3243
f 10893 3244 10892
f 10893 3245 3244
f 10894 3245 10893
f 10894 3246 3245
f 10895 3246 10894
f 10895 3247 3246
f 10896 3247 10895
f 10896 3248 3247
f 10896 3228 3248
f 10876 3228 10896
f 14363 13673 13672
f 14362 13672 13671
f 14362 14363 13672
f 14364 13673 14363
f 14361 13671 13670
f 14361 14362 13671
f 14365 13674 13673
f 14365 13673 14364
f 14345 13670 13669
f 14345 14361 13670
f 14366 13675 13674
f 14366 13674 14365
f 14380 13669 13689
f 14380 14345 13669
f 13688 14380 13689
f 14367 13676 13675
f 14367 13675 14366
f 14379 14380 13688
f 13677 14367 14368
f 13677 13676 14367
f 13687 14378 14379
f 13687 14379 13688
f 14369 13677 14368
f 14377 14378 13687
f 13678 13677 14369
f 14370 13678 14369
f 13686 14377 13687
f 13679 13678 14370
f 13685 14377 13686
f 13685 14375 14376
f 13685 14376 14377
f 13680 13679 14370
f 13680 14370 14371
f 13684 14375 13685
f 13681 14371 14372
f 13681 13680 14371
f 13683 14375 13684
f 13683 14373 14374
f 13683 14374 14375
f 13682 13681 14372
f 13682 14373 13683
f 13682 14372 14373
f 14336 623 14331
f 14336 624 623
f 14337 625 624
f 14337 624 14336
f 14338 626 625
f 14338 625 14337
f 14339 627 626
f 14339 626 14338
f 14340 628 627
f 14340 627 14339
f 14341 629 628
f 14341 628 14340
f 14342 630 629
f 14342 629 14341
f 14343 631 630
f 14343 630 14342
f 14344 632 631
f 14344 631 14343
f 14335 633 632
f 14335 632 14344
f 7746 14402 7726
f 7746 14403 14402
f 7745 14404 14403
f 7745 14403 7746
f 7744 14405 14404
f 7744 14404 7745
f 7743 14406 14405
f 7743 14405 7744
f 7742 14407 14406
f 7742 14406 7743
f 7741 14408 14407
f 7741 14407 7742
f 7740 14409 14408
f 7740 14408 7741
f 7739 14410 14409
f 7739 14409 7740
f 7738 14411 14410
f 7738 14410 7739
f 7737 14412 14411
f 7737 14411 7738
f 7736 14413 14412
f 7736 14412 7737
f 7735 14414 14413
f 7735 14413 7736
f 7734 14414 7735
f 7734 14415 14414
f 7733 14415 7734
f 7733 14416 14415
f 7733 14417 14416
f 7732 14417 7733
f 7731 14417 7732
f 7731 14418 14417
f 7730 14418 7731
f 7730 14419 14418
f 7729 14419 7730
f 7729 14420 14419
f 7729 14421 14420
f 7728 14421 7729
f 7727 14421 7728
f 7727 14422 14421
f 7726 14422 7727
f 7726 14402 14422
f 14522 14520 14523
f 14521 14523 14520
f 14287 14286 14518
f 14287 14518 14519
f 14287 14519 14520
f 14287 14520 14522
f 14530 7222 14524
f 14530 7242 7222
f 14529 7242 14530
f 14528 7241 7242
f 14528 7242 14529
f 6752 14528 6753
f 6752 7241 14528
f 6751 7240 7241
f 6751 7241 6752
f 6750 7239 7240
f 6750 7240 6751
f 6749 7238 7239
f 6749 7239 6750
f 6748 7237 7238
f 6748 7238 6749
f 6747 7236 7237
f 6747 7237 6748
f 6746 7235 7236
f 6746 7236 6747
f 6745 7234 7235
f 6745 7235 6746
f 14520 7233 7234
f 14520 7234 6745
f 6744 14520 6745
f 14519 7233 14520
f 14518 7233 14519
f 14518 7232 7233
f 14286 7232 14518
f 14286 7231 7232
f 6815 14286 6816
f 6815 7231 14286
f 6815 7230 7231
f 6814 7230 6815
f 6814 7229 7230
f 6813 7229 6814
f 6813 7228 7229
f 6812 7228 6813
f 6812 7227 7228
f 6811 7226 7227
f 6811 7227 6812
f 6810 7225 7226
f 6810 7226 6811
f 6809 7224 7225
f 6809 7225 6810
f 6808 7224 6809
f 14527 7223 7224
f 14527 7224 6808
f 6807 14527 6808
f 14526 7223 14527
f 14525 7222 7223
f 14525 7223 14526
f 14524 7222 14525
f 464 467 6830
f 7600 6831 6818
f 7601 6830 6831
f 7601 464 6830
f 7601 6831 7600
f 7602 465 466
f 7602 466 464
f 7602 464 7601
f 6743 462 463
f 7603 463 465
f 7603 465 7602
f 7604 463 7603
f 7604 6743 463
f 7605 6742 6743
f 7605 6743 7604
f 14521 6740 6741
f 7606 6741 6742
f 7606 6742 7605
f 7607 14523 14521
f 7607 14521 6741
f 7607 6741 7606
f 7608 14523 7607
f 7608 14522 14523
f 6829 6817 14287
f 7609 14522 7608
f 7609 14287 14522
f 7610 6829 14287
f 7610 14287 7609
f 7611 6829 7610
f 7611 6828 6829
f 7612 6828 7611
f 7612 6827 6828
f 7613 6826 6827
f 7613 6827 7612
f 7614 6825 6826
f 7614 6826 7613
f 7615 6824 6825
f 7615 6825 7614
f 7616 6823 6824
f 7616 6824 7615
f 7617 6822 6823
f 7617 6823 7616
f 7618 6821 6822
f 7618 6822 7617
f 7619 6820 6821
f 7619 6821 7618
f 7620 6819 6820
f 7620 6820 7619
f 7600 6818 6819
f 7600 6819 7620
f 14531 6832 185
f 14531 185 186
f 14520 6744 6740
f 14520 6740 14521
f 140 6739 14532
f 189 140 14532
f 14532 186 187
f 14532 187 188
f 14532 188 189
f 14533 186 14532
f 14534 186 14533
f 14535 186 14534
f 14536 186 14535
f 14537 186 14536
f 14531 186 14537
f 14539 6841 14538
f 14539 6842 6841
f 6730 6729 14541
f 14540 6730 14541
f 14560 14226 14227
f 14560 14227 14228
f 14560 14228 14229
f 14562 14226 14560
f 86 14561 455
f 86 455 85
f 14541 14538 14552
f 14541 14552 14553
f 14541 14553 14540
f 14546 14555 14554
f 14546 14556 14555
f 14546 14557 14556
f 14546 14554 14543
f 14539 14558 14557
f 14539 14559 14558
f 14539 14541 14559
f 14539 14538 14541
f 14547 14539 14557
f 14551 14557 14546
f 14548 14547 14557
f 14550 14557 14551
f 14549 14548 14557
f 14549 14557 14550
f 14554 14226 14562
f 14554 14562 14561
f 14554 14561 86
f 14554 86 87
f 14554 87 88
f 14554 88 14545
f 14545 88 14542
f 14554 14545 14544
f 14554 14544 14543
f 10855 6869 6850
f 10856 6868 6869
f 10856 6869 10855
f 10857 6867 6868
f 10857 6868 10856
f 10858 6866 6867
f 10858 6867 10857
f 10859 6865 6866
f 10859 6866 10858
f 10860 6864 6865
f 10860 6865 10859
f 10861 6863 6864
f 10861 6864 10860
f 10862 6862 6863
f 10862 6863 10861
f 14542 6860 6861
f 10863 6861 6862
f 10863 6862 10862
f 10864 6861 10863
f 10864 14542 6861
f 10865 14544 14545
f 10865 14545 14542
f 10865 14542 10864
f 6859 6849 14543
f 10866 14543 14544
f 10866 14544 10865
f 10867 6859 14543
f 10867 14543 10866
f 10868 6859 10867
f 10868 6858 6859
f 10869 6857 6858
f 10869 6858 10868
f 10870 6856 6857
f 10870 6857 10869
f 10871 6855 6856
f 10871 6856 10870
f 10872 6854 6855
f 10872 6855 10871
f 10873 6853 6854
f 10873 6854 10872
f 10874 6852 6853
f 10874 6853 10873
f 10875 6851 6852
f 10875 6852 10874
f 10855 6850 6851
f 10855 6851 10875
f 14543 6848 14546
f 14543 6849 6848
f 88 6860 14542
f 88 43 6860
f 10834 6648 6629
f 10835 6647 6648
f 10835 6648 10834
f 10836 6646 6647
f 10836 6647 10835
f 10837 6645 6646
f 10837 6646 10836
f 10838 6644 6645
f 10838 6645 10837
f 10839 6643 6644
f 10839 6644 10838
f 10840 6642 6643
f 10840 6643 10839
f 10841 6641 6642
f 10841 6642 10840
f 14560 6639 6640
f 10842 6640 6641
f 10842 6641 10841
f 10843 6640 10842
f 10843 14560 6640
f 10844 14561 14562
f 10844 14562 14560
f 10844 14560 10843
f 6638 454 455
f 10845 455 14561
f 10845 14561 10844
f 10846 6638 455
f 10846 455 10845
f 10847 6638 10846
f 10847 6637 6638
f 10848 6636 6637
f 10848 6637 10847
f 10849 6635 6636
f 10849 6636 10848
f 10850 6634 6635
f 10850 6635 10849
f 10851 6633 6634
f 10851 6634 10850
f 10852 6632 6633
f 10852 6633 10851
f 10853 6631 6632
f 10853 6632 10852
f 10854 6630 6631
f 10854 6631 10853
f 10834 6629 6630
f 10834 6630 10854
f 14229 6649 6639
f 14229 6639 14560
f 14566 13975 13974
f 14565 13974 13973
f 14565 14566 13974
f 14567 13975 14566
f 14564 13973 13972
f 14564 14565 13973
f 14568 13976 13975
f 14568 13977 13976
f 14568 13975 14567
f 14563 13972 13971
f 14563 14564 13972
f 14569 13977 14568
f 14583 13971 13991
f 14583 14563 13971
f 13990 14583 13991
f 14570 13978 13977
f 14570 13977 14569
f 14582 14583 13990
f 14571 13978 14570
f 13979 13978 14571
f 14581 14582 13990
f 13989 14581 13990
f 14572 13979 14571
f 13980 13979 14572
f 13988 14580 14581
f 13988 14581 13989
f 13981 13980 14572
f 13981 14572 14573
f 13981 14573 14574
f 13987 14580 13988
f 13987 14578 14579
f 13987 14579 14580
f 13982 13981 14574
f 13986 14578 13987
f 13983 13982 14574
f 13983 14574 14575
f 13985 14577 14578
f 13985 14578 13986
f 13984 14577 13985
f 13984 14575 14576
f 13984 14576 14577
f 13984 13983 14575
f 10709 6231 10708
f 10709 6232 6231
f 10710 6233 6232
f 10710 6232 10709
f 10711 6234 6233
f 10711 6233 10710
f 10712 6235 6234
f 10712 6234 10711
f 10713 6236 6235
f 10713 6235 10712
f 10714 6237 6236
f 10714 6236 10713
f 10715 6238 6237
f 10715 6237 10714
f 10716 6239 6238
f 10716 6240 6239
f 10716 6238 10715
f 10717 6241 6240
f 10717 6240 10716
f 10718 6241 10717
f 10719 6242 6241
f 10719 6241 10718
f 10720 6243 6242
f 10720 6242 10719
f 10721 6243 10720
f 10721 6244 6243
f 10721 6245 6244
f 10722 6245 10721
f 10723 6245 10722
f 10723 6246 6245
f 10724 6246 10723
f 10724 6247 6246
f 10725 6247 10724
f 10725 6248 6247
f 10726 6248 10725
f 10726 6249 6248
f 10727 6249 10726
f 10727 6250 6249
f 10728 6250 10727
f 10728 6251 6250
f 10728 6231 6251
f 10708 6231 10728
f 13437 14255 13417
f 13437 14256 14255
f 13436 14257 14256
f 13436 14256 13437
f 13435 14258 14257
f 13435 14257 13436
f 13434 14259 14258
f 13434 14258 13435
f 13433 14260 14259
f 13433 14259 13434
f 13432 14261 14260
f 13432 14260 13433
f 13431 14262 14261
f 13431 14261 13432
f 13430 14263 14262
f 13430 14262 13431
f 13429 14264 14263
f 13429 14263 13430
f 13428 14265 14264
f 13428 14264 13429
f 13427 14266 14265
f 13427 14265 13428
f 13426 14267 14266
f 13426 14266 13427
f 13425 14267 13426
f 13425 14268 14267
f 13424 14268 13425
f 13424 14269 14268
f 13424 14270 14269
f 13423 14270 13424
f 13422 14270 13423
f 13422 14271 14270
f 13421 14271 13422
f 13421 14272 14271
f 13420 14272 13421
f 13420 14273 14272
f 13420 14274 14273
f 13419 14274 13420
f 13418 14274 13419
f 13418 14275 14274
f 13417 14275 13418
f 13417 14255 14275
f 14608 14588 14587
f 14607 14587 14586
f 14607 14608 14587
f 14609 14588 14608
f 14606 14586 14585
f 14606 14607 14586
f 14610 14589 14588
f 14610 14590 14589
f 14610 14588 14609
f 14605 14585 14584
f 14605 14606 14585
f 14611 14590 14610
f 14625 14584 14604
f 14625 14605 14584
f 14603 14625 14604
f 14612 14591 14590
f 14612 14590 14611
f 14624 14625 14603
f 14613 14591 14612
f 14592 14591 14613
f 14623 14624 14603
f 14602 14623 14603
f 14614 14592 14613
f 14593 14592 14614
f 14601 14622 14623
f 14601 14623 14602
f 14594 14593 14614
f 14594 14614 14615
f 14594 14615 14616
f 14600 14622 14601
f 14600 14620 14621
f 14600 14621 14622
f 14595 14594 14616
f 14599 14620 14600
f 14596 14595 14616
f 14596 14616 14617
f 14598 14619 14620
f 14598 14620 14599
f 14597 14619 14598
f 14597 14617 14618
f 14597 14618 14619
f 14597 14596 14617
f 14585 6442 14584
f 14585 6443 6442
f 14586 6444 6443
f 14586 6445 6444
f 14586 6443 14585
f 14587 6445 14586
f 14588 6446 6445
f 14588 6447 6446
f 14588 6445 14587
f 14589 6447 14588
f 14590 6448 6447
f 14590 6449 6448
f 14590 6447 14589
f 14591 6449 14590
f 14592 6450 6449
f 14592 6451 6450
f 14592 6449 14591
f 14593 6451 14592
f 14594 6452 6451
f 14594 6451 14593
f 14595 6453 6452
f 14595 6452 14594
f 14596 6454 6453
f 14596 6453 14595
f 14597 6454 14596
f 14597 6455 6454
f 14598 6455 14597
f 14598 6456 6455
f 14599 6456 14598
f 14599 6457 6456
f 14600 6457 14599
f 14600 6458 6457
f 14601 6458 14600
f 14601 6459 6458
f 14601 6460 6459
f 14602 6460 14601
f 14602 6461 6460
f 14603 6461 14602
f 14604 6461 14603
f 14604 6462 6461
f 14584 6462 14604
f 14584 6442 6462
f 10749 14605 10729
f 10749 14606 14605
f 10748 14607 14606
f 10748 14606 10749
f 10747 14608 14607
f 10747 14607 10748
f 10746 14609 14608
f 10746 14608 10747
f 10745 14610 14609
f 10745 14609 10746
f 10744 14611 14610
f 10744 14610 10745
f 10743 14612 14611
f 10743 14611 10744
f 10742 14613 14612
f 10742 14612 10743
f 10741 14614 14613
f 10741 14613 10742
f 10740 14615 14614
f 10740 14614 10741
f 10739 14616 14615
f 10739 14615 10740
f 10738 14617 14616
f 10738 14616 10739
f 10737 14617 10738
f 10737 14618 14617
f 10736 14618 10737
f 10736 14619 14618
f 10735 14619 10736
f 10735 14620 14619
f 10734 14620 10735
f 10734 14621 14620
f 10734 14622 14621
f 10733 14622 10734
f 10732 14622 10733
f 10732 14623 14622
f 10731 14623 10732
f 10731 14624 14623
f 10730 14624 10731
f 10730 14625 14624
f 10730 14605 14625
f 10729 14605 10730
f 13521 14013 13501
f 13521 14014 14013
f 13520 14015 14014
f 13520 14014 13521
f 13519 14016 14015
f 13519 14015 13520
f 13518 14017 14016
f 13518 14016 13519
f 13517 14018 14017
f 13517 14017 13518
f 13516 14019 14018
f 13516 14018 13517
f 13515 14020 14019
f 13515 14019 13516
f 13514 14021 14020
f 13514 14020 13515
f 13513 14022 14021
f 13513 14021 13514
f 13512 14023 14022
f 13512 14022 13513
f 13511 14024 14023
f 13511 14023 13512
f 13510 14025 14024
f 13510 14024 13511
f 13509 14025 13510
f 13509 14026 14025
f 13508 14026 13509
f 13508 14027 14026
f 13507 14027 13508
f 13507 14028 14027
f 13506 14028 13507
f 13506 14029 14028
f 13505 14029 13506
f 13505 14030 14029
f 13504 14030 13505
f 13504 14031 14030
f 13503 14031 13504
f 13503 14032 14031
f 13502 14032 13503
f 13502 14033 14032
f 13501 14033 13502
f 13501 14013 14033
f 7557 14497 7537
f 7557 14498 14497
f 7556 14499 14498
f 7556 14498 7557
f 7555 14500 14499
f 7555 14499 7556
f 7554 14501 14500
f 7554 14500 7555
f 7553 14502 14501
f 7553 14501 7554
f 7552 14503 14502
f 7552 14502 7553
f 7551 14504 14503
f 7551 14503 7552
f 7550 14505 14504
f 7550 14504 7551
f 7549 14506 14505
f 7549 14505 7550
f 7548 14507 14506
f 7548 14506 7549
f 7547 14508 14507
f 7547 14507 7548
f 7546 14509 14508
f 7546 14508 7547
f 7545 14509 7546
f 7545 14510 14509
f 7544 14510 7545
f 7544 14511 14510
f 7543 14511 7544
f 7543 14512 14511
f 7542 14512 7543
f 7542 14513 14512
f 7541 14513 7542
f 7541 14514 14513
f 7541 14515 14514
f 7540 14515 7541
f 7540 14516 14515
f 7539 14516 7540
f 7538 14516 7539
f 7538 14517 14516
f 7537 14517 7538
f 7537 14497 14517
f 14291 14313 14312
f 14290 14312 14311
f 14290 14291 14312
f 14292 14313 14291
f 14289 14311 14310
f 14289 14290 14311
f 14293 14314 14313
f 14293 14313 14292
f 14288 14310 14309
f 14288 14289 14310
f 14294 14315 14314
f 14294 14314 14293
f 14308 14309 14329
f 14308 14288 14309
f 14295 14316 14315
f 14295 14315 14294
f 14307 14329 14328
f 14307 14308 14329
f 14317 14295 14296
f 14317 14316 14295
f 14327 14306 14307
f 14327 14307 14328
f 14318 14296 14297
f 14318 14317 14296
f 14326 14304 14305
f 14326 14305 14306
f 14326 14306 14327
f 14319 14297 14298
f 14319 14318 14297
f 14325 14304 14326
f 14320 14319 14298
f 14320 14298 14299
f 14324 14304 14325
f 14324 14302 14303
f 14324 14303 14304
f 14321 14320 14299
f 14321 14299 14300
f 14323 14302 14324
f 14322 14321 14300
f 14322 14302 14323
f 14322 14300 14301
f 14322 14301 14302
f 14164 14186 14185
f 14164 14165 14186
f 14166 14187 14186
f 14166 14186 14165
f 14163 14184 14183
f 14163 14185 14184
f 14163 14164 14185
f 14167 14188 14187
f 14167 14187 14166
f 14162 14163 14183
f 14168 14189 14188
f 14168 14188 14167
f 14182 14183 14203
f 14182 14162 14183
f 14169 14190 14189
f 14169 14189 14168
f 14181 14203 14202
f 14181 14182 14203
f 14191 14169 14170
f 14191 14190 14169
f 14201 14180 14181
f 14201 14181 14202
f 14192 14170 14171
f 14192 14191 14170
f 14200 14178 14179
f 14200 14179 14180
f 14200 14180 14201
f 14193 14171 14172
f 14193 14192 14171
f 14199 14178 14200
f 14194 14193 14172
f 14194 14172 14173
f 14198 14178 14199
f 14198 14177 14178
f 14195 14194 14173
f 14195 14173 14174
f 14197 14177 14198
f 14197 14176 14177
f 14196 14195 14174
f 14196 14176 14197
f 14196 14174 14175
f 14196 14175 14176
f 13479 14137 13459
f 13479 14138 14137
f 13478 14139 14138
f 13478 14138 13479
f 13477 14140 14139
f 13477 14139 13478
f 13476 14141 14140
f 13476 14140 13477
f 13475 14142 14141
f 13475 14141 13476
f 13474 14143 14142
f 13474 14142 13475
f 13473 14144 14143
f 13473 14143 13474
f 13472 14145 14144
f 13472 14144 13473
f 13471 14146 14145
f 13471 14145 13472
f 13470 14147 14146
f 13470 14146 13471
f 13469 14148 14147
f 13469 14147 13470
f 13468 14149 14148
f 13468 14148 13469
f 13467 14149 13468
f 13467 14150 14149
f 13466 14150 13467
f 13466 14151 14150
f 13465 14151 13466
f 13465 14152 14151
f 13464 14152 13465
f 13464 14153 14152
f 13464 14154 14153
f 13463 14154 13464
f 13462 14154 13463
f 13462 14155 14154
f 13461 14155 13462
f 13461 14156 14155
f 13460 14156 13461
f 13460 14157 14156
f 13460 14137 14157
f 13459 14137 13460
f 14381 700 699
f 14630 702 701
f 14382 701 700
f 14382 700 14381
f 14383 701 14382
f 14383 14630 701
f 589 588 14633
f 14384 14631 14630
f 14384 14632 14631
f 14384 14633 14632
f 14384 14630 14383
f 14385 14633 14384
f 14385 589 14633
f 14386 590 589
f 14386 589 14385
f 14387 591 590
f 14387 590 14386
f 14388 592 591
f 14388 591 14387
f 14389 593 592
f 14389 592 14388
f 14390 593 14389
f 14390 594 593
f 14391 594 14390
f 14391 595 594
f 14626 597 596
f 14392 596 595
f 14392 595 14391
f 14393 14627 14626
f 14393 14626 596
f 14393 596 14392
f 692 691 14629
f 14394 14628 14627
f 14394 14629 14628
f 14394 14627 14393
f 14395 14629 14394
f 14395 692 14629
f 14396 693 692
f 14396 692 14395
f 14397 694 693
f 14397 693 14396
f 14398 695 694
f 14398 694 14397
f 14399 696 695
f 14399 695 14398
f 14400 697 696
f 14400 696 14399
f 14401 698 697
f 14401 697 14400
f 14381 698 14401
f 14381 699 698
f 7578 14563 7558
f 7578 14564 14563
f 7577 14565 14564
f 7577 14564 7578
f 7576 14566 14565
f 7576 14565 7577
f 7575 14567 14566
f 7575 14566 7576
f 7574 14568 14567
f 7574 14567 7575
f 7573 14569 14568
f 7573 14568 7574
f 7572 14570 14569
f 7572 14569 7573
f 7571 14571 14570
f 7571 14570 7572
f 7570 14572 14571
f 7570 14571 7571
f 7569 14573 14572
f 7569 14572 7570
f 7568 14574 14573
f 7568 14573 7569
f 7567 14575 14574
f 7567 14574 7568
f 7566 14575 7567
f 7566 14576 14575
f 7565 14576 7566
f 7565 14577 14576
f 7565 14578 14577
f 7564 14578 7565
f 7563 14578 7564
f 7563 14579 14578
f 7562 14579 7563
f 7562 14580 14579
f 7561 14580 7562
f 7561 14581 14580
f 7561 14582 14581
f 7560 14582 7561
f 7559 14582 7560
f 7559 14583 14582
f 7558 14583 7559
f 7558 14563 14583
f 14633 587 14634
f 14633 588 587
f 14635 598 597
f 14635 597 14626
f 14626 14636 14637
f 14626 14637 14638
f 14626 14638 14635
f 14627 14636 14626
f 14628 14636 14627
f 14629 14636 14628
f 14225 6513 14283
f 14225 6514 6513
f 14633 14634 14639
f 14633 14639 14640
f 14633 14640 14641
f 14632 14633 14641
f 14631 14632 14641
f 14630 14631 14641
f 14647 14644 14645
f 14647 14645 14646
f 14648 14644 14647
f 14649 14643 14644
f 14649 14644 14648
f 14650 14643 14649
f 14651 14642 14643
f 14651 14643 14650
f 14652 14642 14651
f 14657 14654 14653
f 14657 14655 14654
f 14666 14657 14667
f 14665 14657 14666
f 14663 14665 14664
f 14663 14657 14665
f 14658 14656 14655
f 14658 14655 14657
f 14658 14657 14663
f 14661 14663 14662
f 14661 14658 14663
f 14660 14659 14658
f 14660 14658 14661
f 14674 14671 14670
f 14674 14675 14671
f 14673 14669 14668
f 14673 14670 14669
f 14673 14674 14670
f 14672 14673 14668
f 14686 14684 14683
f 14686 14685 14684
f 14688 14687 14686
f 14689 14686 14683
f 14689 14688 14686
f 14690 14683 14682
f 14690 14689 14683
f 14680 14682 14681
f 14680 14690 14682
f 14693 14681 14691
f 14692 14681 14693
f 14679 14680 14681
f 14679 14681 14692
f 14678 14680 14679
f 14677 14680 14678
f 14676 14680 14677
f 14705 14707 14706
f 14703 14705 14704
f 14702 14707 14705
f 14702 14705 14703
f 14700 14702 14701
f 14700 14708 14707
f 14700 14698 14708
f 14700 14707 14702
f 14699 14698 14700
f 14695 14694 14698
f 14696 14698 14699
f 14696 14695 14698
f 14697 14696 14699
f 14710 14356 14355
f 14710 14355 14709
f 14711 14356 14710
f 14712 14357 14356
f 14712 14356 14711
f 14713 14357 14712
f 14714 14354 14357
f 14714 14357 14713
f 14715 14354 14714
f 14717 14353 14352
f 14717 14350 14353
f 14719 14718 14717
f 14716 14352 14351
f 14716 14717 14352
f 14722 14721 14720
f 14725 14716 14726
f 14725 14717 14716
f 14724 14720 14719
f 14724 14723 14722
f 14724 14719 14717
f 14724 14722 14720
f 14724 14717 14725
f 14675 576 14671
f 14675 577 576
f 14676 571 14680
f 14676 572 571
f 14682 561 14681
f 14682 562 561
f 14683 563 562
f 14683 562 14682
f 14684 564 563
f 14684 563 14683
f 14685 565 564
f 14685 564 14684
f 14686 566 565
f 14686 565 14685
f 14687 567 566
f 14687 566 14686
f 14688 568 567
f 14688 567 14687
f 14689 569 568
f 14689 568 14688
f 14690 570 569
f 14690 569 14689
f 14680 571 570
f 14680 570 14690
f 14681 749 14691
f 14681 561 749
f 14694 744 14698
f 14694 745 744
f 14699 735 734
f 14700 735 14699
f 14701 736 735
f 14701 735 14700
f 14702 737 736
f 14702 736 14701
f 14703 738 737
f 14703 737 14702
f 14704 739 738
f 14704 738 14703
f 14705 740 739
f 14705 739 14704
f 14706 741 740
f 14706 740 14705
f 14707 742 741
f 14707 741 14706
f 14708 743 742
f 14708 742 14707
f 14698 744 743
f 14698 743 14708
f 14699 733 14697
f 14699 734 733
f 14653 728 14657
f 14653 729 728
f 14659 718 14658
f 14659 719 718
f 14660 720 719
f 14660 719 14659
f 14661 721 720
f 14661 720 14660
f 14662 722 721
f 14662 721 14661
f 14663 723 722
f 14663 722 14662
f 14664 724 723
f 14664 723 14663
f 14665 725 724
f 14665 724 14664
f 14666 726 725
f 14666 725 14665
f 14667 727 726
f 14667 726 14666
f 14657 728 727
f 14657 727 14667
f 14658 717 14656
f 14658 718 717
f 14668 712 14672
f 14668 713 712
f 14641 703 702
f 14641 702 14630
f 14629 690 14636
f 14629 691 690
f 14652 680 14642
f 14652 681 680
f 14715 670 14354
f 14715 671 670
f 14351 665 14716
f 14351 666 665
f 14718 655 14717
f 14718 656 655
f 14719 657 656
f 14719 656 14718
f 14720 658 657
f 14720 657 14719
f 14721 659 658
f 14721 658 14720
f 14722 660 659
f 14722 659 14721
f 14723 661 660
f 14723 660 14722
f 14724 662 661
f 14724 661 14723
f 14725 663 662
f 14725 662 14724
f 14726 664 663
f 14726 663 14725
f 14716 665 664
f 14716 664 14726
f 14717 654 14350
f 14717 655 654
f 14347 649 14727
f 14347 650 649
f 14728 640 639
f 14729 640 14728
f 14730 641 640
f 14730 640 14729
f 14731 642 641
f 14731 641 14730
f 14732 643 642
f 14732 642 14731
f 14733 644 643
f 14733 643 14732
f 14734 645 644
f 14734 644 14733
f 14735 646 645
f 14735 645 14734
f 14736 647 646
f 14736 646 14735
f 14737 648 647
f 14737 647 14736
f 14727 649 648
f 14727 648 14737
f 14728 638 14358
f 14728 639 638
f 14332 633 14335
f 14332 634 633
f 14355 617 14709
f 14355 618 617
f 608 607 14646
f 14645 608 14646
f 14732 14731 14730
f 14734 14733 14732
f 14735 14732 14730
f 14735 14734 14732
f 14737 14730 14729
f 14737 14736 14735
f 14737 14735 14730
f 14727 14729 14728
f 14727 14737 14729
f 14360 14728 14358
f 14359 14728 14360
f 14346 14727 14728
f 14346 14728 14359
f 14349 14727 14346
f 14348 14727 14349
f 14347 14727 14348
f 14488 7089 14487
f 14488 7090 7089
f 14489 7091 7090
f 14489 7090 14488
f 14490 7092 7091
f 14490 7091 14489
f 14491 7093 7092
f 14491 7092 14490
f 14492 7094 7093
f 14492 7093 14491
f 14493 7095 7094
f 14493 7094 14492
f 14494 7096 7095
f 14494 7095 14493
f 14495 7097 7096
f 14495 7096 14494
f 14496 7098 7097
f 14496 7097 14495
f 14486 7099 7098
f 14486 7098 14496
f 14213 6529 14205
f 14213 6530 6529
f 14214 6531 6530
f 14214 6530 14213
f 14215 6532 6531
f 14215 6531 14214
f 14216 6533 6532
f 14216 6532 14215
f 14217 6534 6533
f 14217 6533 14216
f 14218 6535 6534
f 14218 6534 14217
f 14219 6536 6535
f 14219 6535 14218
f 14220 6537 6536
f 14220 6536 14219
f 14221 6538 6537
f 14221 6537 14220
f 14212 6539 6538
f 14212 6538 14221
f 14742 14739 14738
f 14742 14740 14739
f 14751 14742 14752
f 14748 14750 14749
f 14748 14751 14750
f 14748 14742 14751
f 14743 14741 14740
f 14743 14740 14742
f 14746 14748 14747
f 14746 14743 14742
f 14746 14742 14748
f 14745 14744 14743
f 14745 14743 14746
f 14759 14761 14760
f 14763 14762 14761
f 14757 14759 14758
f 14757 14764 14763
f 14757 14765 14764
f 14757 14766 14765
f 14757 14767 14766
f 14757 14761 14759
f 14757 14763 14761
f 14770 14758 14768
f 14769 14758 14770
f 14756 14757 14758
f 14756 14758 14769
f 14755 14757 14756
f 14754 14757 14755
f 14753 14757 14754
f 14775 14784 14783
f 14775 14785 14784
f 14779 14781 14780
f 14779 14782 14781
f 14779 14783 14782
f 14777 14779 14778
f 14777 14775 14783
f 14777 14783 14779
f 14776 14775 14777
f 14772 14771 14775
f 14772 14775 14776
f 14773 14772 14776
f 14774 14773 14776
f 14102 6596 14112
f 14102 6597 6596
f 14753 6591 14757
f 14753 6592 6591
f 14759 6581 14758
f 14759 6582 6581
f 14760 6583 6582
f 14760 6582 14759
f 14761 6584 6583
f 14761 6583 14760
f 14762 6585 6584
f 14762 6584 14761
f 14763 6586 6585
f 14763 6585 14762
f 14764 6587 6586
f 14764 6586 14763
f 14765 6588 6587
f 14765 6587 14764
f 14766 6589 6588
f 14766 6588 14765
f 14767 6590 6589
f 14767 6589 14766
f 14757 6591 6590
f 14757 6590 14767
f 14758 6580 14768
f 14758 6581 6580
f 14771 6575 14775
f 14771 6576 6575
f 14777 6565 14776
f 14777 6566 6565
f 14778 6567 6566
f 14778 6566 14777
f 14779 6568 6567
f 14779 6567 14778
f 14780 6569 6568
f 14780 6568 14779
f 14781 6570 6569
f 14781 6569 14780
f 14782 6571 6570
f 14782 6570 14781
f 14783 6572 6571
f 14783 6571 14782
f 14784 6573 6572
f 14784 6572 14783
f 14785 6574 6573
f 14785 6573 14784
f 14775 6575 6574
f 14775 6574 14785
f 14776 6628 14774
f 14776 6565 6628
f 14738 6623 14742
f 14738 6624 6623
f 14744 6613 14743
f 14744 6614 6613
f 14745 6615 6614
f 14745 6614 14744
f 14746 6616 6615
f 14746 6615 14745
f 14747 6617 6616
f 14747 6616 14746
f 14748 6618 6617
f 14748 6617 14747
f 14749 6619 6618
f 14749 6618 14748
f 14750 6620 6619
f 14750 6619 14749
f 14751 6621 6620
f 14751 6620 14750
f 14752 6622 6621
f 14752 6621 14751
f 14742 6623 6622
f 14742 6622 14752
f 14743 6612 14741
f 14743 6613 6612
f 14791 14788 14787
f 14791 14789 14788
f 14790 14787 14786
f 14790 14792 14791
f 14790 14791 14787
f 14798 14796 14795
f 14798 14797 14796
f 14799 14793 14792
f 14799 14794 14793
f 14799 14795 14794
f 14799 14790 14800
f 14799 14792 14790
f 14799 14798 14795
f 14806 14808 14807
f 14806 14809 14808
f 14806 14810 14809
f 14812 14811 14810
f 14812 14810 14806
f 14815 14813 14812
f 14815 14814 14813
f 14815 14812 14806
f 14805 14815 14806
f 14818 14806 14816
f 14817 14806 14818
f 14804 14805 14806
f 14804 14806 14817
f 14803 14805 14804
f 14802 14805 14803
f 14801 14805 14802
f 14824 14826 14825
f 14824 14827 14826
f 14824 14828 14827
f 14824 14829 14828
f 14824 14830 14829
f 14824 14831 14830
f 14824 14832 14831
f 14824 14833 14832
f 14824 14823 14833
f 14820 14819 14823
f 14821 14823 14824
f 14821 14820 14823
f 14822 14821 14824
f 14838 14835 14834
f 14847 14838 14848
f 14839 14836 14835
f 14839 14837 14836
f 14839 14847 14846
f 14839 14838 14847
f 14839 14835 14838
f 14844 14846 14845
f 14844 14839 14846
f 14841 14840 14839
f 14842 14844 14843
f 14842 14841 14839
f 14842 14839 14844
f 14801 6284 14805
f 14801 6285 6284
f 14807 6274 14806
f 14807 6275 6274
f 14808 6276 6275
f 14808 6275 14807
f 14809 6277 6276
f 14809 6276 14808
f 14810 6278 6277
f 14810 6277 14809
f 14811 6279 6278
f 14811 6278 14810
f 14812 6280 6279
f 14812 6279 14811
f 14813 6281 6280
f 14813 6280 14812
f 14814 6282 6281
f 14814 6281 14813
f 14815 6283 6282
f 14815 6282 14814
f 14805 6284 6283
f 14805 6283 14815
f 14806 6273 14816
f 14806 6274 6273
f 14819 6268 14823
f 14819 6269 6268
f 14824 6259 6258
f 14825 6259 14824
f 14826 6260 6259
f 14826 6259 14825
f 14827 6261 6260
f 14827 6260 14826
f 14828 6262 6261
f 14828 6261 14827
f 14829 6263 6262
f 14829 6262 14828
f 14830 6264 6263
f 14830 6263 14829
f 14831 6265 6264
f 14831 6264 14830
f 14832 6266 6265
f 14832 6265 14831
f 14833 6267 6266
f 14833 6266 14832
f 14823 6268 6267
f 14823 6267 14833
f 14824 6257 14822
f 14824 6258 6257
f 14834 6252 14838
f 14834 6253 6252
f 14840 6306 14839
f 14840 6307 6306
f 14841 6308 6307
f 14841 6307 14840
f 14842 6309 6308
f 14842 6308 14841
f 14843 6310 6309
f 14843 6309 14842
f 14844 6311 6310
f 14844 6310 14843
f 14845 6312 6311
f 14845 6311 14844
f 14846 6313 6312
f 14846 6312 14845
f 14847 6314 6313
f 14847 6313 14846
f 14848 6315 6314
f 14848 6314 14847
f 14838 6252 6315
f 14838 6315 14848
f 14839 6305 14837
f 14839 6306 6305
f 14786 6300 14790
f 14786 6301 6300
f 14791 6291 6290
f 14792 6291 14791
f 14793 6292 6291
f 14793 6291 14792
f 14794 6293 6292
f 14794 6292 14793
f 14795 6294 6293
f 14795 6293 14794
f 14796 6295 6294
f 14796 6294 14795
f 14797 6296 6295
f 14797 6295 14796
f 14798 6297 6296
f 14798 6296 14797
f 14799 6298 6297
f 14799 6297 14798
f 14800 6299 6298
f 14800 6298 14799
f 14790 6300 6299
f 14790 6299 14800
f 14791 6289 14789
f 14791 6290 6289
f 6488 6487 14850
f 14849 6488 14850
f 14851 6498 14852
f 14851 6499 6498
f 14853 6488 14849
f 14853 6489 6488
f 14854 6490 6489
f 14854 6489 14853
f 14855 6491 6490
f 14855 6490 14854
f 14856 6492 6491
f 14856 6491 14855
f 14857 6493 6492
f 14857 6492 14856
f 14858 6494 6493
f 14858 6493 14857
f 14859 6495 6494
f 14859 6494 14858
f 14860 6496 6495
f 14860 6495 14859
f 14861 6497 6496
f 14861 6496 14860
f 14852 6498 6497
f 14852 6497 14861
f 14853 14855 14854
f 14857 14856 14855
f 14857 14855 14853
f 14852 14853 14849
f 14852 14858 14857
f 14852 14859 14858
f 14852 14860 14859
f 14852 14861 14860
f 14852 14857 14853
f 14862 14849 14850
f 14863 14849 14862
f 14864 14852 14849
f 14864 14849 14863
f 14865 14852 14864
f 14866 14852 14865
f 14851 14852 14866
f 14055 7025 14056
f 14055 7026 7025
f 6990 6989 14867
f 14037 6990 14867
f 14868 7020 14042
f 14868 7021 7020
f 14043 14870 14868
f 14043 14868 14042
f 14044 14870 14043
f 14034 14869 14870
f 14034 14870 14044
f 14035 14869 14034
f 14036 14867 14869
f 14036 14869 14035
f 14037 14867 14036
f 14871 6999 14038
f 14871 7000 6999
f 14041 7010 14872
f 14041 7011 7010
f 14873 7000 14871
f 14873 7001 7000
f 14874 7002 7001
f 14874 7001 14873
f 14875 7003 7002
f 14875 7002 14874
f 14876 7004 7003
f 14876 7003 14875
f 14877 7005 7004
f 14877 7004 14876
f 14878 7006 7005
f 14878 7005 14877
f 14879 7007 7006
f 14879 7006 14878
f 14880 7008 7007
f 14880 7007 14879
f 14881 7009 7008
f 14881 7008 14880
f 14872 7010 7009
f 14872 7009 14881
f 14872 14040 14041
f 14880 14872 14881
f 14877 14879 14878
f 14871 14038 14039
f 14871 14039 14040
f 14871 14040 14872
f 14874 14873 14871
f 14874 14876 14875
f 14874 14877 14876
f 14874 14880 14879
f 14874 14872 14880
f 14874 14879 14877
f 14874 14871 14872
f 14886 14883 14882
f 14887 14884 14883
f 14887 14885 14884
f 14887 14886 14896
f 14887 14883 14886
f 14888 14887 14896
f 14891 14893 14892
f 14891 14894 14893
f 14889 14896 14895
f 14889 14888 14896
f 14890 14895 14894
f 14890 14894 14891
f 14890 14889 14895
f 14232 14899 14898
f 14232 14900 14899
f 14232 14233 14900
f 14231 14898 14897
f 14231 14232 14898
f 14230 14231 14897
f 14911 14909 14908
f 14911 14910 14909
f 14906 14908 14907
f 14906 14911 14908
f 14913 14912 14911
f 14914 14911 14906
f 14914 14913 14911
f 14915 14914 14906
f 14905 14915 14906
f 14918 14906 14916
f 14917 14906 14918
f 14904 14905 14906
f 14904 14906 14917
f 14903 14905 14904
f 14902 14905 14903
f 14901 14905 14902
f 14924 14926 14925
f 14924 14927 14926
f 14924 14928 14927
f 14924 14929 14928
f 14924 14930 14929
f 14924 14931 14930
f 14924 14932 14931
f 14924 14933 14932
f 14924 14923 14933
f 14920 14919 14923
f 14921 14923 14924
f 14921 14920 14923
f 14922 14921 14924
f 14529 14935 14934
f 14529 14934 14528
f 14530 14935 14529
f 14524 14936 14935
f 14524 14935 14530
f 14525 14936 14524
f 14526 14937 14936
f 14526 14936 14525
f 14527 14937 14526
f 14952 14951 14950
f 14947 14949 14948
f 14947 14950 14949
f 14945 14947 14946
f 14945 14952 14950
f 14945 14950 14947
f 14944 14942 14952
f 14944 14952 14945
f 14943 14942 14944
f 14939 14938 14942
f 14939 14942 14943
f 14940 14939 14943
f 14941 14940 14943
f 14958 14955 14954
f 14958 14956 14955
f 14960 14959 14958
f 14957 14954 14953
f 14957 14958 14954
f 14963 14961 14960
f 14963 14962 14961
f 14967 14960 14958
f 14967 14958 14957
f 14965 14964 14963
f 14966 14963 14960
f 14966 14960 14967
f 14966 14965 14963
f 14901 6706 14905
f 14901 6707 6706
f 14906 6697 6696
f 14907 6697 14906
f 14908 6698 6697
f 14908 6697 14907
f 14909 6699 6698
f 14909 6698 14908
f 14910 6700 6699
f 14910 6699 14909
f 14911 6701 6700
f 14911 6700 14910
f 14912 6702 6701
f 14912 6701 14911
f 14913 6703 6702
f 14913 6702 14912
f 14914 6704 6703
f 14914 6703 14913
f 14915 6705 6704
f 14915 6704 14914
f 14905 6706 6705
f 14905 6705 14915
f 14906 6695 14916
f 14906 6696 6695
f 14919 6690 14923
f 14919 6691 6690
f 14924 6681 6680
f 14925 6681 14924
f 14926 6682 6681
f 14926 6681 14925
f 14927 6683 6682
f 14927 6682 14926
f 14928 6684 6683
f 14928 6683 14927
f 14929 6685 6684
f 14929 6684 14928
f 14930 6686 6685
f 14930 6685 14929
f 14931 6687 6686
f 14931 6686 14930
f 14932 6688 6687
f 14932 6687 14931
f 14933 6689 6688
f 14933 6688 14932
f 14923 6690 6689
f 14923 6689 14933
f 14924 6679 14922
f 14924 6680 6679
f 14882 6674 14886
f 14882 6675 6674
f 14887 6665 6664
f 14888 6665 14887
f 14889 6666 6665
f 14889 6665 14888
f 14890 6667 6666
f 14890 6666 14889
f 14891 6668 6667
f 14891 6667 14890
f 14892 6669 6668
f 14892 6668 14891
f 14893 6670 6669
f 14893 6669 14892
f 14894 6671 6670
f 14894 6670 14893
f 14895 6672 6671
f 14895 6671 14894
f 14896 6673 6672
f 14896 6672 14895
f 14886 6674 6673
f 14886 6673 14896
f 14887 6663 14885
f 14887 6664 6663
f 6659 6658 14230
f 14897 6659 14230
f 14547 6842 14539
f 14547 6843 6842
f 14548 6844 6843
f 14548 6843 14547
f 14549 6845 6844
f 14549 6844 14548
f 14550 6846 6845
f 14550 6845 14549
f 14551 6847 6846
f 14551 6846 14550
f 14546 6848 6847
f 14546 6847 14551
f 14527 6806 14937
f 14527 6807 6806
f 14953 6801 14957
f 14953 6802 6801
f 14959 6791 14958
f 14959 6792 6791
f 14960 6793 6792
f 14960 6792 14959
f 14961 6794 6793
f 14961 6793 14960
f 14962 6795 6794
f 14962 6794 14961
f 14963 6796 6795
f 14963 6795 14962
f 14964 6797 6796
f 14964 6796 14963
f 14965 6798 6797
f 14965 6797 14964
f 14966 6799 6798
f 14966 6798 14965
f 14967 6800 6799
f 14967 6799 14966
f 14957 6801 6800
f 14957 6800 14967
f 6791 6790 14956
f 14958 6791 14956
f 14968 6785 14969
f 14968 6786 6785
f 14971 6775 14970
f 14971 6776 6775
f 14972 6777 6776
f 14972 6776 14971
f 14973 6778 6777
f 14973 6777 14972
f 14974 6779 6778
f 14974 6778 14973
f 14975 6780 6779
f 14975 6779 14974
f 14976 6781 6780
f 14976 6780 14975
f 14977 6782 6781
f 14977 6781 14976
f 14978 6783 6782
f 14978 6782 14977
f 14979 6784 6783
f 14979 6783 14978
f 14969 6785 6784
f 14969 6784 14979
f 14970 6774 14980
f 14970 6775 6774
f 14938 6769 14942
f 14938 6770 6769
f 14943 6760 6759
f 14944 6760 14943
f 14945 6761 6760
f 14945 6760 14944
f 14946 6762 6761
f 14946 6761 14945
f 14947 6763 6762
f 14947 6762 14946
f 14948 6764 6763
f 14948 6763 14947
f 14949 6765 6764
f 14949 6764 14948
f 14950 6766 6765
f 14950 6765 14949
f 14951 6767 6766
f 14951 6766 14950
f 14952 6768 6767
f 14952 6767 14951
f 14942 6769 6768
f 14942 6768 14952
f 14943 6758 14941
f 14943 6759 6758
f 6754 6753 14528
f 14934 6754 14528
f 14559 6729 6728
f 14559 14541 6729
f 14558 6728 6727
f 14558 14559 6728
f 14557 6727 6726
f 14557 14558 6727
f 14556 6726 6725
f 14556 14557 6726
f 14555 6725 6724
f 14555 14556 6725
f 14554 6724 6723
f 14554 14555 6724
f 14554 6722 14226
f 14554 6723 6722
f 14233 6711 14900
f 14233 6712 6711
f 14975 14974 14973
f 14977 14976 14975
f 14977 14975 14973
f 14978 14973 14972
f 14978 14977 14973
f 14969 14971 14970
f 14969 14972 14971
f 14969 14979 14978
f 14969 14978 14972
f 14985 14970 14980
f 14984 14970 14985
f 14983 14969 14970
f 14983 14970 14984
f 14982 14969 14983
f 14981 14969 14982
f 14968 14969 14981
f 14457 7243 14458
f 14457 7263 7243
f 14456 7263 14457
f 14455 7262 7263
f 14455 7263 14456
f 6877 14455 6878
f 6877 7262 14455
f 6876 7261 7262
f 6876 7262 6877
f 6875 7260 7261
f 6875 7261 6876
f 6874 7259 7260
f 6874 7260 6875
f 6873 7258 7259
f 6873 7259 6874
f 6872 7257 7258
f 6872 7258 6873
f 6871 7256 7257
f 6871 7257 6872
f 6870 7255 7256
f 6870 7256 6871
f 457 7254 7255
f 457 7255 6870
f 456 457 6870
f 460 7254 457
f 460 7253 7254
f 459 7253 460
f 458 7253 459
f 458 7252 7253
f 7067 458 461
f 7067 7252 458
f 7067 7251 7252
f 7066 7251 7067
f 7066 7250 7251
f 7065 7250 7066
f 7065 7249 7250
f 7064 7249 7065
f 7064 7248 7249
f 7063 7247 7248
f 7063 7248 7064
f 7062 7246 7247
f 7062 7247 7063
f 7061 7245 7246
f 7061 7246 7062
f 7060 7245 7061
f 14461 7244 7245
f 14461 7245 7060
f 7059 14461 7060
f 14460 7244 14461
f 14459 7243 7244
f 14459 7244 14460
f 14458 7243 14459
f 6978 7516 6979
f 6978 7536 7516
f 6977 7535 7536
f 6977 7536 6978
f 6976 7534 7535
f 6976 7535 6977
f 6975 7533 7534
f 6975 7534 6976
f 471 7532 7533
f 471 7533 6975
f 470 471 6975
f 14058 7532 471
f 14057 7531 7532
f 14057 7532 14058
f 14056 7530 7531
f 14056 7531 14057
f 7024 14056 7025
f 7024 7530 14056
f 7023 7529 7530
f 7023 7530 7024
f 7022 7528 7529
f 7022 7529 7023
f 14868 7527 7528
f 14868 7528 7022
f 7021 14868 7022
f 14870 7527 14868
f 14869 7527 14870
f 14869 7526 7527
f 14867 7526 14869
f 14867 7525 7526
f 6988 14867 6989
f 6988 7525 14867
f 6988 7524 7525
f 6987 7524 6988
f 6987 7523 7524
f 6986 7523 6987
f 6986 7522 7523
f 6985 7522 6986
f 6985 7521 7522
f 6984 7521 6985
f 6984 7520 7521
f 6983 7519 7520
f 6983 7520 6984
f 6982 7518 7519
f 6982 7519 6983
f 6981 7517 7518
f 6981 7518 6982
f 6980 7516 7517
f 6980 7517 6981
f 6979 7516 6980
f 508 505 7169
f 508 7169 7170
f 507 7170 7171
f 507 508 7170
f 506 7171 7172
f 506 507 7171
f 509 506 7172
f 509 7172 7173
f 7167 7168 502
f 7167 502 503
f 7166 503 504
f 7166 7167 503
f 7165 504 501
f 7165 7166 504
f 501 498 7164
f 501 7164 7165
f 516 513 7177
f 516 7177 7178
f 515 7178 7179
f 515 516 7178
f 514 7179 7180
f 514 515 7179
f 7181 514 7180
f 517 514 7181
f 7176 510 511
f 7175 511 512
f 7175 7176 511
f 7174 512 509
f 7174 7175 512
f 7173 7174 509
f 521 7185 7186
f 524 7186 7187
f 524 521 7186
f 523 7187 7188
f 523 524 7187
f 522 523 7188
f 7189 525 522
f 7189 522 7188
f 7184 518 519
f 7183 519 520
f 7183 7184 519
f 7182 520 517
f 7182 7183 520
f 7181 7182 517
f 7151 7152 486
f 7151 486 487
f 7151 487 488
f 7150 488 485
f 7150 7151 488
f 7149 7150 485
f 7153 486 7152
f 7153 489 486
f 492 489 7153
f 492 7153 7154
f 491 7154 7155
f 491 492 7154
f 490 7155 7156
f 490 491 7155
f 493 490 7156
f 493 7156 7157
f 7159 7160 494
f 7159 494 495
f 7158 495 496
f 7158 7159 495
f 7157 496 493
f 7157 7158 496
f 500 497 7161
f 500 7161 7162
f 499 7162 7163
f 499 500 7162
f 498 7163 7164
f 498 499 7163
f 494 7160 7161
f 494 7161 497
f 502 7169 505
f 502 7168 7169
f 7177 513 510
f 7177 510 7176
f 7185 521 518
f 7185 518 7184
f 7191 7192 472
f 7191 472 526
f 7190 526 527
f 7190 7191 526
f 7189 527 525
f 7189 7190 527
f 7148 482 483
f 7147 483 484
f 7147 7148 483
f 7146 484 481
f 7146 7147 484
f 7145 7146 481
f 7149 482 7148
f 7149 485 482
f 13586 10750 13585
f 13586 10751 10750
f 13587 10752 10751
f 13587 10753 10752
f 13587 10751 13586
f 13588 10753 13587
f 13589 10754 10753
f 13589 10755 10754
f 13589 10753 13588
f 13590 10755 13589
f 13591 10756 10755
f 13591 10755 13590
f 13592 10757 10756
f 13592 10756 13591
f 13593 10758 10757
f 13593 10759 10758
f 13593 10757 13592
f 13594 10760 10759
f 13594 10759 13593
f 13595 10760 13594
f 13596 10761 10760
f 13596 10760 13595
f 13597 10762 10761
f 13597 10761 13596
f 13598 10762 13597
f 13598 10763 10762
f 13599 10763 13598
f 13599 10764 10763
f 13600 10764 13599
f 13600 10765 10764
f 13601 10765 13600
f 13601 10766 10765
f 13601 10767 10766
f 13602 10767 13601
f 13603 10767 13602
f 13603 10768 10767
f 13604 10768 13603
f 13604 10769 10768
f 13604 10770 10769
f 13605 10770 13604
f 13585 10770 13605
f 13585 10750 10770
f 14984 13606 14983
f 14985 13607 13606
f 14985 13606 14984
f 14980 13608 13607
f 14980 13607 14985
f 6773 14980 6774
f 6773 13608 14980
f 6772 13609 13608
f 6772 13608 6773
f 6771 13610 13609
f 6771 13609 6772
f 14938 13611 13610
f 14938 13610 6771
f 6770 14938 6771
f 14939 13611 14938
f 14940 13612 13611
f 14940 13611 14939
f 14941 13612 14940
f 14941 13613 13612
f 6757 13613 14941
f 6757 14941 6758
f 6756 13613 6757
f 6756 13614 13613
f 6755 13614 6756
f 6755 13615 13614
f 14934 13615 6755
f 14934 13616 13615
f 6754 14934 6755
f 14935 13616 14934
f 14936 13616 14935
f 14936 13617 13616
f 14937 13617 14936
f 14937 13618 13617
f 6805 14937 6806
f 6805 13618 14937
f 6805 13619 13618
f 6804 13619 6805
f 6804 13620 13619
f 6803 13620 6804
f 14953 13620 6803
f 14953 13621 13620
f 6802 14953 6803
f 14954 13621 14953
f 14954 13622 13621
f 14955 13622 14954
f 14956 13623 13622
f 14956 13622 14955
f 6789 14956 6790
f 6789 13623 14956
f 6789 13624 13623
f 6788 13625 13624
f 6788 13624 6789
f 6787 13625 6788
f 14968 13626 13625
f 14968 13625 6787
f 14981 13606 13626
f 14981 13626 14968
f 6786 14968 6787
f 14982 13606 14981
f 14983 13606 14982
f 15009 14989 14988
f 15009 15010 14989
f 15011 14990 14989
f 15011 14989 15010
f 15008 14988 14987
f 15008 15009 14988
f 15012 14991 14990
f 15012 14990 15011
f 15007 14987 14986
f 15007 15008 14987
f 15013 14992 14991
f 15013 14991 15012
f 15027 14986 15006
f 15027 15007 14986
f 15014 14993 14992
f 15014 14992 15013
f 15026 15006 15005
f 15026 15027 15006
f 14994 15014 15015
f 14994 14993 15014
f 15004 15025 15026
f 15004 15026 15005
f 15024 15025 15004
f 14995 15015 15016
f 14995 14994 15015
f 15017 14995 15016
f 15003 15023 15024
f 15003 15024 15004
f 14996 14995 15017
f 15002 15023 15003
f 15002 15022 15023
f 14997 15017 15018
f 14997 14996 15017
f 15001 15022 15002
f 14998 14997 15018
f 14998 15018 15019
f 15000 15022 15001
f 15000 15020 15021
f 15000 15021 15022
f 14999 14998 15019
f 14999 15020 15000
f 14999 15019 15020
f 14987 10792 14986
f 14987 10793 10792
f 14988 10794 10793
f 14988 10795 10794
f 14988 10793 14987
f 14989 10795 14988
f 14990 10796 10795
f 14990 10797 10796
f 14990 10795 14989
f 14991 10797 14990
f 14992 10798 10797
f 14992 10797 14991
f 14993 10799 10798
f 14993 10798 14992
f 14994 10800 10799
f 14994 10801 10800
f 14994 10799 14993
f 14995 10802 10801
f 14995 10801 14994
f 14996 10802 14995
f 14997 10803 10802
f 14997 10802 14996
f 14998 10804 10803
f 14998 10803 14997
f 14999 10804 14998
f 14999 10805 10804
f 15000 10805 14999
f 15000 10806 10805
f 15001 10806 15000
f 15001 10807 10806
f 15002 10807 15001
f 15002 10808 10807
f 15002 10809 10808
f 15003 10809 15002
f 15004 10809 15003
f 15004 10810 10809
f 15005 10810 15004
f 15005 10811 10810
f 15005 10812 10811
f 15006 10812 15005
f 14986 10812 15006
f 14986 10792 10812
f 14817 15007 14804
f 14818 15008 15007
f 14818 15007 14817
f 14816 15009 15008
f 14816 15008 14818
f 6272 14816 6273
f 6272 15009 14816
f 6271 15010 15009
f 6271 15009 6272
f 6270 15011 15010
f 6270 15010 6271
f 14819 15012 15011
f 14819 15011 6270
f 6269 14819 6270
f 14820 15012 14819
f 14821 15013 15012
f 14821 15012 14820
f 14822 15013 14821
f 14822 15014 15013
f 6256 15014 14822
f 6256 14822 6257
f 6255 15014 6256
f 6255 15015 15014
f 6254 15015 6255
f 6254 15016 15015
f 14834 15016 6254
f 14834 15017 15016
f 6253 14834 6254
f 14835 15017 14834
f 14836 15017 14835
f 14836 15018 15017
f 14837 15018 14836
f 14837 15019 15018
f 6304 14837 6305
f 6304 15019 14837
f 6304 15020 15019
f 6303 15020 6304
f 6303 15021 15020
f 6302 15021 6303
f 14786 15021 6302
f 14786 15022 15021
f 6301 14786 6302
f 14787 15022 14786
f 14787 15023 15022
f 14788 15023 14787
f 14789 15024 15023
f 14789 15023 14788
f 6288 14789 6289
f 6288 15024 14789
f 6288 15025 15024
f 6287 15026 15025
f 6287 15025 6288
f 6286 15026 6287
f 14801 15027 15026
f 14801 15026 6286
f 14802 15007 15027
f 14802 15027 14801
f 6285 14801 6286
f 14803 15007 14802
f 14804 15007 14803
f 13628 10813 13627
f 13628 10814 10813
f 13629 10815 10814
f 13629 10816 10815
f 13629 10814 13628
f 13630 10816 13629
f 13631 10817 10816
f 13631 10818 10817
f 13631 10816 13630
f 13632 10818 13631
f 13633 10819 10818
f 13633 10818 13632
f 13634 10820 10819
f 13634 10819 13633
f 13635 10821 10820
f 13635 10822 10821
f 13635 10820 13634
f 13636 10823 10822
f 13636 10822 13635
f 13637 10823 13636
f 13638 10824 10823
f 13638 10823 13637
f 13639 10825 10824
f 13639 10824 13638
f 13640 10825 13639
f 13640 10826 10825
f 13641 10826 13640
f 13641 10827 10826
f 13642 10827 13641
f 13642 10828 10827
f 13643 10828 13642
f 13643 10829 10828
f 13643 10830 10829
f 13644 10830 13643
f 13645 10830 13644
f 13645 10831 10830
f 13646 10831 13645
f 13646 10832 10831
f 13646 10833 10832
f 13647 10833 13646
f 13627 10833 13647
f 13627 10813 10833
f 14692 13648 14679
f 14693 13649 13648
f 14693 13648 14692
f 14691 13650 13649
f 14691 13649 14693
f 748 14691 749
f 748 13650 14691
f 747 13651 13650
f 747 13650 748
f 746 13652 13651
f 746 13651 747
f 14694 13653 13652
f 14694 13652 746
f 745 14694 746
f 14695 13653 14694
f 14696 13654 13653
f 14696 13653 14695
f 14697 13654 14696
f 14697 13655 13654
f 732 13655 14697
f 732 14697 733
f 731 13655 732
f 731 13656 13655
f 730 13656 731
f 730 13657 13656
f 14653 13657 730
f 14653 13658 13657
f 729 14653 730
f 14654 13658 14653
f 14655 13658 14654
f 14655 13659 13658
f 14656 13659 14655
f 14656 13660 13659
f 716 14656 717
f 716 13660 14656
f 716 13661 13660
f 715 13661 716
f 715 13662 13661
f 714 13662 715
f 14668 13662 714
f 14668 13663 13662
f 713 14668 714
f 14669 13663 14668
f 14669 13664 13663
f 14670 13664 14669
f 14671 13665 13664
f 14671 13664 14670
f 575 14671 576
f 575 13665 14671
f 575 13666 13665
f 574 13667 13666
f 574 13666 575
f 573 13667 574
f 14676 13668 13667
f 14676 13667 573
f 14677 13648 13668
f 14677 13668 14676
f 572 14676 573
f 14678 13648 14677
f 14679 13648 14678
f 13544 10771 13543
f 13544 10772 10771
f 13545 10773 10772
f 13545 10774 10773
f 13545 10772 13544
f 13546 10774 13545
f 13547 10775 10774
f 13547 10776 10775
f 13547 10774 13546
f 13548 10776 13547
f 13549 10777 10776
f 13549 10776 13548
f 13550 10778 10777
f 13550 10777 13549
f 13551 10779 10778
f 13551 10780 10779
f 13551 10778 13550
f 13552 10781 10780
f 13552 10780 13551
f 13553 10781 13552
f 13554 10782 10781
f 13554 10781 13553
f 13555 10783 10782
f 13555 10782 13554
f 13556 10783 13555
f 13556 10784 10783
f 13557 10784 13556
f 13557 10785 10784
f 13558 10785 13557
f 13558 10786 10785
f 13559 10786 13558
f 13559 10787 10786
f 13559 10788 10787
f 13560 10788 13559
f 13561 10788 13560
f 13561 10789 10788
f 13562 10789 13561
f 13562 10790 10789
f 13562 10791 10790
f 13563 10791 13562
f 13543 10791 13563
f 13543 10771 10791
f 14917 13564 14904
f 14918 13565 13564
f 14918 13564 14917
f 14916 13566 13565
f 14916 13565 14918
f 6694 14916 6695
f 6694 13566 14916
f 6693 13567 13566
f 6693 13566 6694
f 6692 13568 13567
f 6692 13567 6693
f 14919 13569 13568
f 14919 13568 6692
f 6691 14919 6692
f 14920 13569 14919
f 14921 13570 13569
f 14921 13569 14920
f 14922 13570 14921
f 14922 13571 13570
f 6678 13571 14922
f 6678 14922 6679
f 6677 13571 6678
f 6677 13572 13571
f 6676 13572 6677
f 6676 13573 13572
f 14882 13573 6676
f 14882 13574 13573
f 6675 14882 6676
f 14883 13574 14882
f 14883 13575 13574
f 14884 13575 14883
f 14885 13575 14884
f 14885 13576 13575
f 6662 14885 6663
f 6662 13576 14885
f 6662 13577 13576
f 6661 13577 6662
f 6661 13578 13577
f 6660 13578 6661
f 14897 13578 6660
f 14897 13579 13578
f 6659 14897 6660
f 14898 13579 14897
f 14898 13580 13579
f 14899 13580 14898
f 14900 13581 13580
f 14900 13580 14899
f 6710 14900 6711
f 6710 13581 14900
f 6710 13582 13581
f 6709 13583 13582
f 6709 13582 6710
f 6708 13583 6709
f 14901 13584 13583
f 14901 13583 6708
f 14902 13564 13584
f 14902 13584 14901
f 6707 14901 6708
f 14903 13564 14902
f 14904 13564 14903
f 14769 14080 14756
f 14770 14081 14080
f 14770 14080 14769
f 14768 14082 14081
f 14768 14081 14770
f 6579 14768 6580
f 6579 14082 14768
f 6578 14083 14082
f 6578 14082 6579
f 6577 14084 14083
f 6577 14083 6578
f 14771 14085 14084
f 14771 14084 6577
f 6576 14771 6577
f 14772 14085 14771
f 14773 14086 14085
f 14773 14085 14772
f 14774 14086 14773
f 14774 14087 14086
f 6627 14087 14774
f 6627 14774 6628
f 6626 14087 6627
f 6626 14088 14087
f 6625 14088 6626
f 6625 14089 14088
f 14738 14089 6625
f 14738 14090 14089
f 6624 14738 6625
f 14739 14090 14738
f 14740 14090 14739
f 14740 14091 14090
f 14741 14091 14740
f 14741 14092 14091
f 6611 14741 6612
f 6611 14092 14741
f 6611 14093 14092
f 6610 14093 6611
f 6610 14094 14093
f 6609 14094 6610
f 14113 14094 6609
f 14113 14095 14094
f 6608 14113 6609
f 14114 14095 14113
f 14114 14096 14095
f 14115 14096 14114
f 14112 14097 14096
f 14112 14096 14115
f 6595 14112 6596
f 6595 14097 14112
f 6595 14098 14097
f 6594 14099 14098
f 6594 14098 6595
f 6593 14099 6594
f 14753 14100 14099
f 14753 14099 6593
f 14754 14080 14100
f 14754 14100 14753
f 6592 14753 6593
f 14755 14080 14754
f 14756 14080 14755
f 770 7453 750
f 770 7472 7473
f 770 7473 7453
f 769 7472 770
f 768 7471 7472
f 768 7472 769
f 767 7469 7470
f 767 7470 7471
f 767 7471 768
f 766 7468 7469
f 766 7469 767
f 765 7468 766
f 764 7466 7467
f 764 7467 7468
f 764 7468 765
f 763 7466 764
f 762 7465 7466
f 762 7466 763
f 761 7464 7465
f 761 7465 762
f 760 7462 7463
f 760 7463 7464
f 760 7464 761
f 759 7462 760
f 758 7462 759
f 758 7461 7462
f 757 7461 758
f 757 7460 7461
f 756 7460 757
f 756 7459 7460
f 755 7459 756
f 755 7458 7459
f 754 7458 755
f 754 7457 7458
f 753 7457 754
f 753 7456 7457
f 752 7455 7456
f 752 7456 753
f 751 7455 752
f 751 7454 7455
f 750 7453 7454
f 750 7454 751
f 14711 7411 14712
f 14711 7431 7411
f 14710 7431 14711
f 14709 7430 7431
f 14709 7431 14710
f 616 14709 617
f 616 7430 14709
f 615 7429 7430
f 615 7430 616
f 614 7428 7429
f 614 7429 615
f 613 7427 7428
f 613 7428 614
f 612 7426 7427
f 612 7427 613
f 611 7425 7426
f 611 7426 612
f 610 7424 7425
f 610 7425 611
f 609 7423 7424
f 609 7424 610
f 14645 7422 7423
f 14645 7423 609
f 608 14645 609
f 14644 7422 14645
f 14643 7422 14644
f 14643 7421 7422
f 14642 7421 14643
f 14642 7420 7421
f 679 14642 680
f 679 7420 14642
f 679 7419 7420
f 678 7419 679
f 678 7418 7419
f 677 7418 678
f 677 7417 7418
f 676 7417 677
f 676 7416 7417
f 675 7415 7416
f 675 7416 676
f 674 7414 7415
f 674 7415 675
f 673 7413 7414
f 673 7414 674
f 672 7413 673
f 14715 7412 7413
f 14715 7413 672
f 671 14715 672
f 14714 7412 14715
f 14713 7411 7412
f 14713 7412 14714
f 14712 7411 14713
f 6336 7327 6316
f 6336 7346 7347
f 6336 7347 7327
f 6335 7346 6336
f 6334 7345 7346
f 6334 7346 6335
f 6333 7343 7344
f 6333 7344 7345
f 6333 7345 6334
f 6332 7342 7343
f 6332 7343 6333
f 6331 7342 6332
f 6330 7340 7341
f 6330 7341 7342
f 6330 7342 6331
f 6329 7340 6330
f 6328 7339 7340
f 6328 7340 6329
f 6327 7338 7339
f 6327 7339 6328
f 6326 7336 7337
f 6326 7337 7338
f 6326 7338 6327
f 6325 7336 6326
f 6324 7336 6325
f 6324 7335 7336
f 6323 7335 6324
f 6323 7334 7335
f 6322 7334 6323
f 6322 7333 7334
f 6321 7333 6322
f 6321 7332 7333
f 6320 7332 6321
f 6320 7331 7332
f 6319 7331 6320
f 6319 7330 7331
f 6318 7329 7330
f 6318 7330 6319
f 6317 7329 6318
f 6317 7328 7329
f 6316 7327 7328
f 6316 7328 6317
f 560 7348 540
f 560 7367 7368
f 560 7368 7348
f 559 7367 560
f 558 7366 7367
f 558 7367 559
f 557 7364 7365
f 557 7365 7366
f 557 7366 558
f 556 7363 7364
f 556 7364 557
f 555 7363 556
f 554 7361 7362
f 554 7362 7363
f 554 7363 555
f 553 7361 554
f 552 7360 7361
f 552 7361 553
f 551 7359 7360
f 551 7360 552
f 550 7357 7358
f 550 7358 7359
f 550 7359 551
f 549 7357 550
f 548 7357 549
f 548 7356 7357
f 547 7356 548
f 547 7355 7356
f 546 7355 547
f 546 7354 7355
f 545 7354 546
f 545 7353 7354
f 544 7353 545
f 544 7352 7353
f 543 7352 544
f 543 7351 7352
f 542 7350 7351
f 542 7351 543
f 541 7350 542
f 541 7349 7350
f 540 7348 7349
f 540 7349 541
f 581 7369 582
f 581 7389 7369
f 580 7388 7389
f 580 7389 581
f 579 7387 7388
f 579 7388 580
f 578 7386 7387
f 578 7387 579
f 14675 7385 7386
f 14675 7386 578
f 577 14675 578
f 14674 7385 14675
f 14673 7384 7385
f 14673 7385 14674
f 14672 7383 7384
f 14672 7384 14673
f 711 14672 712
f 711 7382 7383
f 711 7383 14672
f 710 7381 7382
f 710 7382 711
f 709 7381 710
f 709 7380 7381
f 708 7380 709
f 707 7380 708
f 707 7379 7380
f 706 7379 707
f 706 7378 7379
f 705 7378 706
f 705 7377 7378
f 704 7377 705
f 704 7376 7377
f 14641 7376 704
f 14641 7375 7376
f 703 14641 704
f 14640 7375 14641
f 14640 7374 7375
f 14639 7374 14640
f 14634 7373 7374
f 14634 7374 14639
f 586 14634 587
f 586 7372 7373
f 586 7373 14634
f 585 7371 7372
f 585 7372 586
f 584 7370 7371
f 584 7371 585
f 583 7369 7370
f 583 7370 584
f 582 7369 583
f 14648 7390 14649
f 14648 7410 7390
f 14647 7410 14648
f 14646 7409 7410
f 14646 7410 14647
f 606 14646 607
f 606 7409 14646
f 605 7408 7409
f 605 7409 606
f 604 7407 7408
f 604 7408 605
f 603 7406 7407
f 603 7407 604
f 602 7405 7406
f 602 7406 603
f 601 7404 7405
f 601 7405 602
f 600 7403 7404
f 600 7404 601
f 599 7402 7403
f 599 7403 600
f 14635 7401 7402
f 14635 7402 599
f 598 14635 599
f 14638 7401 14635
f 14637 7401 14638
f 14637 7400 7401
f 14636 7400 14637
f 14636 7399 7400
f 689 14636 690
f 689 7399 14636
f 689 7398 7399
f 688 7398 689
f 688 7397 7398
f 687 7397 688
f 687 7396 7397
f 686 7396 687
f 686 7395 7396
f 685 7394 7395
f 685 7395 686
f 684 7393 7394
f 684 7394 685
f 683 7392 7393
f 683 7393 684
f 682 7392 683
f 14652 7391 7392
f 14652 7392 682
f 681 14652 682
f 14651 7391 14652
f 14650 7390 7391
f 14650 7391 14651
f 14649 7390 14650
f 14534 7285 14535
f 14534 7305 7285
f 14533 7305 14534
f 14532 7304 7305
f 14532 7305 14533
f 6738 14532 6739
f 6738 7304 14532
f 6737 7303 7304
f 6737 7304 6738
f 6736 7302 7303
f 6736 7303 6737
f 6735 7301 7302
f 6735 7302 6736
f 6734 7300 7301
f 6734 7301 6735
f 6733 7299 7300
f 6733 7300 6734
f 6732 7298 7299
f 6732 7299 6733
f 6731 7297 7298
f 6731 7298 6732
f 14540 7296 7297
f 14540 7297 6731
f 6730 14540 6731
f 14553 7296 14540
f 14552 7296 14553
f 14552 7295 7296
f 14538 7295 14552
f 14538 7294 7295
f 6840 14538 6841
f 6840 7294 14538
f 6840 7293 7294
f 6839 7293 6840
f 6839 7292 7293
f 6838 7292 6839
f 6838 7291 7292
f 6837 7291 6838
f 6837 7290 7291
f 6836 7289 7290
f 6836 7290 6837
f 6835 7288 7289
f 6835 7289 6836
f 6834 7287 7288
f 6834 7288 6835
f 6833 7287 6834
f 14531 7286 7287
f 14531 7287 6833
f 6832 14531 6833
f 14537 7286 14531
f 14536 7285 7286
f 14536 7286 14537
f 14535 7285 14536
f 6357 7432 6337
f 6357 7451 7452
f 6357 7452 7432
f 6356 7451 6357
f 6355 7450 7451
f 6355 7451 6356
f 6354 7448 7449
f 6354 7449 7450
f 6354 7450 6355
f 6353 7447 7448
f 6353 7448 6354
f 6352 7447 6353
f 6351 7445 7446
f 6351 7446 7447
f 6351 7447 6352
f 6350 7445 6351
f 6349 7444 7445
f 6349 7445 6350
f 6348 7443 7444
f 6348 7444 6349
f 6347 7441 7442
f 6347 7442 7443
f 6347 7443 6348
f 6346 7441 6347
f 6345 7441 6346
f 6345 7440 7441
f 6344 7440 6345
f 6344 7439 7440
f 6343 7439 6344
f 6343 7438 7439
f 6342 7438 6343
f 6342 7437 7438
f 6341 7437 6342
f 6341 7436 7437
f 6340 7436 6341
f 6340 7435 7436
f 6339 7434 7435
f 6339 7435 6340
f 6338 7434 6339
f 6338 7433 7434
f 6337 7432 7433
f 6337 7433 6338
f 14863 7306 14864
f 14863 7326 7306
f 14862 7326 14863
f 14850 7326 14862
f 6486 14850 6487
f 6486 7325 7326
f 6486 7326 14850
f 6485 7324 7325
f 6485 7325 6486
f 6484 7323 7324
f 6484 7324 6485
f 469 7322 7323
f 469 7323 6484
f 468 469 6484
f 14285 7322 469
f 14284 7321 7322
f 14284 7322 14285
f 14283 7320 7321
f 14283 7321 14284
f 6512 14283 6513
f 6512 7319 7320
f 6512 7320 14283
f 6511 7318 7319
f 6511 7319 6512
f 6510 7318 6511
f 6510 7317 7318
f 6509 7317 6510
f 6509 7316 7317
f 6508 7316 6509
f 6508 7315 7316
f 6507 7315 6508
f 6507 7314 7315
f 6506 7314 6507
f 6506 7313 7314
f 6505 7313 6506
f 6505 7312 7313
f 6504 7312 6505
f 6504 7311 7312
f 6503 7310 7311
f 6503 7311 6504
f 6502 7309 7310
f 6502 7310 6503
f 6501 7308 7309
f 6501 7309 6502
f 6500 7308 6501
f 14851 7307 7308
f 14851 7308 6500
f 6499 14851 6500
f 14866 7307 14851
f 14865 7306 7307
f 14865 7307 14866
f 14864 7306 14865
f 10688 6210 10687
f 10688 6211 6210
f 10689 6212 6211
f 10689 6211 10688
f 10690 6213 6212
f 10690 6212 10689
f 10691 6214 6213
f 10691 6213 10690
f 10692 6215 6214
f 10692 6214 10691
f 10693 6216 6215
f 10693 6215 10692
f 10694 6217 6216
f 10694 6216 10693
f 10695 6218 6217
f 10695 6219 6218
f 10695 6217 10694
f 10696 6220 6219
f 10696 6219 10695
f 10697 6220 10696
f 10698 6221 6220
f 10698 6220 10697
f 10699 6222 6221
f 10699 6221 10698
f 10700 6222 10699
f 10700 6223 6222
f 10700 6224 6223
f 10701 6224 10700
f 10702 6224 10701
f 10702 6225 6224
f 10703 6225 10702
f 10703 6226 6225
f 10704 6226 10703
f 10704 6227 6226
f 10705 6227 10704
f 10705 6228 6227
f 10706 6228 10705
f 10706 6229 6228
f 10707 6229 10706
f 10707 6230 6229
f 10707 6210 6230
f 10687 6210 10707
f 10667 6189 10666
f 10667 6190 6189
f 10668 6191 6190
f 10668 6190 10667
f 10669 6192 6191
f 10669 6191 10668
f 10670 6193 6192
f 10670 6192 10669
f 10671 6194 6193
f 10671 6193 10670
f 10672 6195 6194
f 10672 6194 10671
f 10673 6196 6195
f 10673 6195 10672
f 10674 6197 6196
f 10674 6198 6197
f 10674 6196 10673
f 10675 6199 6198
f 10675 6198 10674
f 10676 6199 10675
f 10677 6200 6199
f 10677 6199 10676
f 10678 6201 6200
f 10678 6200 10677
f 10679 6201 10678
f 10679 6202 6201
f 10679 6203 6202
f 10680 6203 10679
f 10681 6203 10680
f 10681 6204 6203
f 10682 6204 10681
f 10682 6205 6204
f 10683 6205 10682
f 10683 6206 6205
f 10684 6206 10683
f 10684 6207 6206
f 10685 6207 10684
f 10685 6208 6207
f 10686 6208 10685
f 10686 6209 6208
f 10686 6189 6209
f 10666 6189 10686
f 10646 6168 10645
f 10646 6169 6168
f 10647 6170 6169
f 10647 6169 10646
f 10648 6171 6170
f 10648 6170 10647
f 10649 6172 6171
f 10649 6171 10648
f 10650 6173 6172
f 10650 6172 10649
f 10651 6174 6173
f 10651 6173 10650
f 10652 6175 6174
f 10652 6174 10651
f 10653 6176 6175
f 10653 6177 6176
f 10653 6175 10652
f 10654 6178 6177
f 10654 6177 10653
f 10655 6178 10654
f 10656 6179 6178
f 10656 6178 10655
f 10657 6180 6179
f 10657 6179 10656
f 10658 6180 10657
f 10658 6181 6180
f 10658 6182 6181
f 10659 6182 10658
f 10660 6182 10659
f 10660 6183 6182
f 10661 6183 10660
f 10661 6184 6183
f 10662 6184 10661
f 10662 6185 6184
f 10663 6185 10662
f 10663 6186 6185
f 10664 6186 10663
f 10664 6187 6186
f 10665 6187 10664
f 10665 6188 6187
f 10665 6168 6188
f 10645 6168 10665
f 10625 6147 10624
f 10625 6148 6147
f 10626 6149 6148
f 10626 6148 10625
f 10627 6150 6149
f 10627 6149 10626
f 10628 6151 6150
f 10628 6150 10627
f 10629 6152 6151
f 10629 6151 10628
f 10630 6153 6152
f 10630 6152 10629
f 10631 6154 6153
f 10631 6153 10630
f 10632 6155 6154
f 10632 6156 6155
f 10632 6154 10631
f 10633 6157 6156
f 10633 6156 10632
f 10634 6157 10633
f 10635 6158 6157
f 10635 6157 10634
f 10636 6159 6158
f 10636 6158 10635
f 10637 6159 10636
f 10637 6160 6159
f 10637 6161 6160
f 10638 6161 10637
f 10639 6161 10638
f 10639 6162 6161
f 10640 6162 10639
f 10640 6163 6162
f 10641 6163 10640
f 10641 6164 6163
f 10642 6164 10641
f 10642 6165 6164
f 10643 6165 10642
f 10643 6166 6165
f 10644 6166 10643
f 10644 6167 6166
f 10644 6147 6167
f 10624 6147 10644
f 10604 6126 10603
f 10604 6127 6126
f 10605 6128 6127
f 10605 6127 10604
f 10606 6129 6128
f 10606 6128 10605
f 10607 6130 6129
f 10607 6129 10606
f 10608 6131 6130
f 10608 6130 10607
f 10609 6132 6131
f 10609 6131 10608
f 10610 6133 6132
f 10610 6132 10609
f 10611 6134 6133
f 10611 6135 6134
f 10611 6133 10610
f 10612 6136 6135
f 10612 6135 10611
f 10613 6136 10612
f 10614 6137 6136
f 10614 6136 10613
f 10615 6138 6137
f 10615 6137 10614
f 10616 6138 10615
f 10616 6139 6138
f 10616 6140 6139
f 10617 6140 10616
f 10618 6140 10617
f 10618 6141 6140
f 10619 6141 10618
f 10619 6142 6141
f 10620 6142 10619
f 10620 6143 6142
f 10621 6143 10620
f 10621 6144 6143
f 10622 6144 10621
f 10622 6145 6144
f 10623 6145 10622
f 10623 6146 6145
f 10623 6126 6146
f 10603 6126 10623
f 10583 6105 10582
f 10583 6106 6105
f 10584 6107 6106
f 10584 6106 10583
f 10585 6108 6107
f 10585 6107 10584
f 10586 6109 6108
f 10586 6108 10585
f 10587 6110 6109
f 10587 6109 10586
f 10588 6111 6110
f 10588 6110 10587
f 10589 6112 6111
f 10589 6111 10588
f 10590 6113 6112
f 10590 6114 6113
f 10590 6112 10589
f 10591 6115 6114
f 10591 6114 10590
f 10592 6115 10591
f 10593 6116 6115
f 10593 6115 10592
f 10594 6117 6116
f 10594 6116 10593
f 10595 6117 10594
f 10595 6118 6117
f 10595 6119 6118
f 10596 6119 10595
f 10597 6119 10596
f 10597 6120 6119
f 10598 6120 10597
f 10598 6121 6120
f 10599 6121 10598
f 10599 6122 6121
f 10600 6122 10599
f 10600 6123 6122
f 10601 6123 10600
f 10601 6124 6123
f 10602 6124 10601
f 10602 6125 6124
f 10602 6105 6125
f 10582 6105 10602
f 10562 6084 10561
f 10562 6085 6084
f 10563 6086 6085
f 10563 6085 10562
f 10564 6087 6086
f 10564 6086 10563
f 10565 6088 6087
f 10565 6087 10564
f 10566 6089 6088
f 10566 6088 10565
f 10567 6090 6089
f 10567 6089 10566
f 10568 6091 6090
f 10568 6090 10567
f 10569 6092 6091
f 10569 6093 6092
f 10569 6091 10568
f 10570 6094 6093
f 10570 6093 10569
f 10571 6094 10570
f 10572 6095 6094
f 10572 6094 10571
f 10573 6096 6095
f 10573 6095 10572
f 10574 6096 10573
f 10574 6097 6096
f 10574 6098 6097
f 10575 6098 10574
f 10576 6098 10575
f 10576 6099 6098
f 10577 6099 10576
f 10577 6100 6099
f 10578 6100 10577
f 10578 6101 6100
f 10579 6101 10578
f 10579 6102 6101
f 10580 6102 10579
f 10580 6103 6102
f 10581 6103 10580
f 10581 6104 6103
f 10581 6084 6104
f 10561 6084 10581
f 10541 6063 10540
f 10541 6064 6063
f 10542 6065 6064
f 10542 6064 10541
f 10543 6066 6065
f 10543 6065 10542
f 10544 6067 6066
f 10544 6066 10543
f 10545 6068 6067
f 10545 6067 10544
f 10546 6069 6068
f 10546 6068 10545
f 10547 6070 6069
f 10547 6069 10546
f 10548 6071 6070
f 10548 6072 6071
f 10548 6070 10547
f 10549 6073 6072
f 10549 6072 10548
f 10550 6073 10549
f 10551 6074 6073
f 10551 6073 10550
f 10552 6075 6074
f 10552 6074 10551
f 10553 6075 10552
f 10553 6076 6075
f 10553 6077 6076
f 10554 6077 10553
f 10555 6077 10554
f 10555 6078 6077
f 10556 6078 10555
f 10556 6079 6078
f 10557 6079 10556
f 10557 6080 6079
f 10558 6080 10557
f 10558 6081 6080
f 10559 6081 10558
f 10559 6082 6081
f 10560 6082 10559
f 10560 6083 6082
f 10560 6063 6083
f 10540 6063 10560
f 10520 6042 10519
f 10520 6043 6042
f 10521 6044 6043
f 10521 6043 10520
f 10522 6045 6044
f 10522 6044 10521
f 10523 6046 6045
f 10523 6045 10522
f 10524 6047 6046
f 10524 6046 10523
f 10525 6048 6047
f 10525 6047 10524
f 10526 6049 6048
f 10526 6048 10525
f 10527 6050 6049
f 10527 6051 6050
f 10527 6049 10526
f 10528 6052 6051
f 10528 6051 10527
f 10529 6052 10528
f 10530 6053 6052
f 10530 6052 10529
f 10531 6054 6053
f 10531 6053 10530
f 10532 6054 10531
f 10532 6055 6054
f 10532 6056 6055
f 10533 6056 10532
f 10534 6056 10533
f 10534 6057 6056
f 10535 6057 10534
f 10535 6058 6057
f 10536 6058 10535
f 10536 6059 6058
f 10537 6059 10536
f 10537 6060 6059
f 10538 6060 10537
f 10538 6061 6060
f 10539 6061 10538
f 10539 6062 6061
f 10539 6042 6062
f 10519 6042 10539
f 10499 6021 10498
f 10499 6022 6021
f 10500 6023 6022
f 10500 6022 10499
f 10501 6024 6023
f 10501 6023 10500
f 10502 6025 6024
f 10502 6024 10501
f 10503 6026 6025
f 10503 6025 10502
f 10504 6027 6026
f 10504 6026 10503
f 10505 6028 6027
f 10505 6027 10504
f 10506 6029 6028
f 10506 6030 6029
f 10506 6028 10505
f 10507 6031 6030
f 10507 6030 10506
f 10508 6031 10507
f 10509 6032 6031
f 10509 6031 10508
f 10510 6033 6032
f 10510 6032 10509
f 10511 6033 10510
f 10511 6034 6033
f 10511 6035 6034
f 10512 6035 10511
f 10513 6035 10512
f 10513 6036 6035
f 10514 6036 10513
f 10514 6037 6036
f 10515 6037 10514
f 10515 6038 6037
f 10516 6038 10515
f 10516 6039 6038
f 10517 6039 10516
f 10517 6040 6039
f 10518 6040 10517
f 10518 6041 6040
f 10518 6021 6041
f 10498 6021 10518
f 10478 6000 10477
f 10478 6001 6000
f 10479 6002 6001
f 10479 6001 10478
f 10480 6003 6002
f 10480 6002 10479
f 10481 6004 6003
f 10481 6003 10480
f 10482 6005 6004
f 10482 6004 10481
f 10483 6006 6005
f 10483 6005 10482
f 10484 6007 6006
f 10484 6006 10483
f 10485 6008 6007
f 10485 6009 6008
f 10485 6007 10484
f 10486 6010 6009
f 10486 6009 10485
f 10487 6010 10486
f 10488 6011 6010
f 10488 6010 10487
f 10489 6012 6011
f 10489 6011 10488
f 10490 6012 10489
f 10490 6013 6012
f 10490 6014 6013
f 10491 6014 10490
f 10492 6014 10491
f 10492 6015 6014
f 10493 6015 10492
f 10493 6016 6015
f 10494 6016 10493
f 10494 6017 6016
f 10495 6017 10494
f 10495 6018 6017
f 10496 6018 10495
f 10496 6019 6018
f 10497 6019 10496
f 10497 6020 6019
f 10497 6000 6020
f 10477 6000 10497
f 10457 5979 10456
f 10457 5980 5979
f 10458 5981 5980
f 10458 5980 10457
f 10459 5982 5981
f 10459 5981 10458
f 10460 5983 5982
f 10460 5982 10459
f 10461 5984 5983
f 10461 5983 10460
f 10462 5985 5984
f 10462 5984 10461
f 10463 5986 5985
f 10463 5985 10462
f 10464 5987 5986
f 10464 5988 5987
f 10464 5986 10463
f 10465 5989 5988
f 10465 5988 10464
f 10466 5989 10465
f 10467 5990 5989
f 10467 5989 10466
f 10468 5991 5990
f 10468 5990 10467
f 10469 5991 10468
f 10469 5992 5991
f 10469 5993 5992
f 10470 5993 10469
f 10471 5993 10470
f 10471 5994 5993
f 10472 5994 10471
f 10472 5995 5994
f 10473 5995 10472
f 10473 5996 5995
f 10474 5996 10473
f 10474 5997 5996
f 10475 5997 10474
f 10475 5998 5997
f 10476 5998 10475
f 10476 5999 5998
f 10476 5979 5999
f 10456 5979 10476
f 10436 5958 10435
f 10436 5959 5958
f 10437 5960 5959
f 10437 5959 10436
f 10438 5961 5960
f 10438 5960 10437
f 10439 5962 5961
f 10439 5961 10438
f 10440 5963 5962
f 10440 5962 10439
f 10441 5964 5963
f 10441 5963 10440
f 10442 5965 5964
f 10442 5964 10441
f 10443 5966 5965
f 10443 5967 5966
f 10443 5965 10442
f 10444 5968 5967
f 10444 5967 10443
f 10445 5968 10444
f 10446 5969 5968
f 10446 5968 10445
f 10447 5970 5969
f 10447 5969 10446
f 10448 5970 10447
f 10448 5971 5970
f 10448 5972 5971
f 10449 5972 10448
f 10450 5972 10449
f 10450 5973 5972
f 10451 5973 10450
f 10451 5974 5973
f 10452 5974 10451
f 10452 5975 5974
f 10453 5975 10452
f 10453 5976 5975
f 10454 5976 10453
f 10454 5977 5976
f 10455 5977 10454
f 10455 5978 5977
f 10455 5958 5978
f 10435 5958 10455
f 10415 5937 10414
f 10415 5938 5937
f 10416 5939 5938
f 10416 5938 10415
f 10417 5940 5939
f 10417 5939 10416
f 10418 5941 5940
f 10418 5940 10417
f 10419 5942 5941
f 10419 5941 10418
f 10420 5943 5942
f 10420 5942 10419
f 10421 5944 5943
f 10421 5943 10420
f 10422 5945 5944
f 10422 5946 5945
f 10422 5944 10421
f 10423 5947 5946
f 10423 5946 10422
f 10424 5947 10423
f 10425 5948 5947
f 10425 5947 10424
f 10426 5949 5948
f 10426 5948 10425
f 10427 5949 10426
f 10427 5950 5949
f 10427 5951 5950
f 10428 5951 10427
f 10429 5951 10428
f 10429 5952 5951
f 10430 5952 10429
f 10430 5953 5952
f 10431 5953 10430
f 10431 5954 5953
f 10432 5954 10431
f 10432 5955 5954
f 10433 5955 10432
f 10433 5956 5955
f 10434 5956 10433
f 10434 5957 5956
f 10434 5937 5957
f 10414 5937 10434
f 10394 5916 10393
f 10394 5917 5916
f 10395 5918 5917
f 10395 5917 10394
f 10396 5919 5918
f 10396 5918 10395
f 10397 5920 5919
f 10397 5919 10396
f 10398 5921 5920
f 10398 5920 10397
f 10399 5922 5921
f 10399 5921 10398
f 10400 5923 5922
f 10400 5922 10399
f 10401 5924 5923
f 10401 5925 5924
f 10401 5923 10400
f 10402 5926 5925
f 10402 5925 10401
f 10403 5926 10402
f 10404 5927 5926
f 10404 5926 10403
f 10405 5928 5927
f 10405 5927 10404
f 10406 5928 10405
f 10406 5929 5928
f 10406 5930 5929
f 10407 5930 10406
f 10408 5930 10407
f 10408 5931 5930
f 10409 5931 10408
f 10409 5932 5931
f 10410 5932 10409
f 10410 5933 5932
f 10411 5933 10410
f 10411 5934 5933
f 10412 5934 10411
f 10412 5935 5934
f 10413 5935 10412
f 10413 5936 5935
f 10413 5916 5936
f 10393 5916 10413
f 10373 5895 10372
f 10373 5896 5895
f 10374 5897 5896
f 10374 5896 10373
f 10375 5898 5897
f 10375 5897 10374
f 10376 5899 5898
f 10376 5898 10375
f 10377 5900 5899
f 10377 5899 10376
f 10378 5901 5900
f 10378 5900 10377
f 10379 5902 5901
f 10379 5901 10378
f 10380 5903 5902
f 10380 5904 5903
f 10380 5902 10379
f 10381 5905 5904
f 10381 5904 10380
f 10382 5905 10381
f 10383 5906 5905
f 10383 5905 10382
f 10384 5907 5906
f 10384 5906 10383
f 10385 5907 10384
f 10385 5908 5907
f 10385 5909 5908
f 10386 5909 10385
f 10387 5909 10386
f 10387 5910 5909
f 10388 5910 10387
f 10388 5911 5910
f 10389 5911 10388
f 10389 5912 5911
f 10390 5912 10389
f 10390 5913 5912
f 10391 5913 10390
f 10391 5914 5913
f 10392 5914 10391
f 10392 5915 5914
f 10392 5895 5915
f 10372 5895 10392
f 10352 5874 10351
f 10352 5875 5874
f 10353 5876 5875
f 10353 5875 10352
f 10354 5877 5876
f 10354 5876 10353
f 10355 5878 5877
f 10355 5877 10354
f 10356 5879 5878
f 10356 5878 10355
f 10357 5880 5879
f 10357 5879 10356
f 10358 5881 5880
f 10358 5880 10357
f 10359 5882 5881
f 10359 5883 5882
f 10359 5881 10358
f 10360 5884 5883
f 10360 5883 10359
f 10361 5884 10360
f 10362 5885 5884
f 10362 5884 10361
f 10363 5886 5885
f 10363 5885 10362
f 10364 5886 10363
f 10364 5887 5886
f 10364 5888 5887
f 10365 5888 10364
f 10366 5888 10365
f 10366 5889 5888
f 10367 5889 10366
f 10367 5890 5889
f 10368 5890 10367
f 10368 5891 5890
f 10369 5891 10368
f 10369 5892 5891
f 10370 5892 10369
f 10370 5893 5892
f 10371 5893 10370
f 10371 5894 5893
f 10371 5874 5894
f 10351 5874 10371
f 10331 5853 10330
f 10331 5854 5853
f 10332 5855 5854
f 10332 5854 10331
f 10333 5856 5855
f 10333 5855 10332
f 10334 5857 5856
f 10334 5856 10333
f 10335 5858 5857
f 10335 5857 10334
f 10336 5859 5858
f 10336 5858 10335
f 10337 5860 5859
f 10337 5859 10336
f 10338 5861 5860
f 10338 5862 5861
f 10338 5860 10337
f 10339 5863 5862
f 10339 5862 10338
f 10340 5863 10339
f 10341 5864 5863
f 10341 5863 10340
f 10342 5865 5864
f 10342 5864 10341
f 10343 5865 10342
f 10343 5866 5865
f 10343 5867 5866
f 10344 5867 10343
f 10345 5867 10344
f 10345 5868 5867
f 10346 5868 10345
f 10346 5869 5868
f 10347 5869 10346
f 10347 5870 5869
f 10348 5870 10347
f 10348 5871 5870
f 10349 5871 10348
f 10349 5872 5871
f 10350 5872 10349
f 10350 5873 5872
f 10350 5853 5873
f 10330 5853 10350
f 10310 5832 10309
f 10310 5833 5832
f 10311 5834 5833
f 10311 5833 10310
f 10312 5835 5834
f 10312 5834 10311
f 10313 5836 5835
f 10313 5835 10312
f 10314 5837 5836
f 10314 5836 10313
f 10315 5838 5837
f 10315 5837 10314
f 10316 5839 5838
f 10316 5838 10315
f 10317 5840 5839
f 10317 5841 5840
f 10317 5839 10316
f 10318 5842 5841
f 10318 5841 10317
f 10319 5842 10318
f 10320 5843 5842
f 10320 5842 10319
f 10321 5844 5843
f 10321 5843 10320
f 10322 5844 10321
f 10322 5845 5844
f 10322 5846 5845
f 10323 5846 10322
f 10324 5846 10323
f 10324 5847 5846
f 10325 5847 10324
f 10325 5848 5847
f 10326 5848 10325
f 10326 5849 5848
f 10327 5849 10326
f 10327 5850 5849
f 10328 5850 10327
f 10328 5851 5850
f 10329 5851 10328
f 10329 5852 5851
f 10329 5832 5852
f 10309 5832 10329
f 10289 5811 10288
f 10289 5812 5811
f 10290 5813 5812
f 10290 5812 10289
f 10291 5814 5813
f 10291 5813 10290
f 10292 5815 5814
f 10292 5814 10291
f 10293 5816 5815
f 10293 5815 10292
f 10294 5817 5816
f 10294 5816 10293
f 10295 5818 5817
f 10295 5817 10294
f 10296 5819 5818
f 10296 5820 5819
f 10296 5818 10295
f 10297 5821 5820
f 10297 5820 10296
f 10298 5821 10297
f 10299 5822 5821
f 10299 5821 10298
f 10300 5823 5822
f 10300 5822 10299
f 10301 5823 10300
f 10301 5824 5823
f 10301 5825 5824
f 10302 5825 10301
f 10303 5825 10302
f 10303 5826 5825
f 10304 5826 10303
f 10304 5827 5826
f 10305 5827 10304
f 10305 5828 5827
f 10306 5828 10305
f 10306 5829 5828
f 10307 5829 10306
f 10307 5830 5829
f 10308 5830 10307
f 10308 5831 5830
f 10308 5811 5831
f 10288 5811 10308
f 10268 5790 10267
f 10268 5791 5790
f 10269 5792 5791
f 10269 5791 10268
f 10270 5793 5792
f 10270 5792 10269
f 10271 5794 5793
f 10271 5793 10270
f 10272 5795 5794
f 10272 5794 10271
f 10273 5796 5795
f 10273 5795 10272
f 10274 5797 5796
f 10274 5796 10273
f 10275 5798 5797
f 10275 5799 5798
f 10275 5797 10274
f 10276 5800 5799
f 10276 5799 10275
f 10277 5800 10276
f 10278 5801 5800
f 10278 5800 10277
f 10279 5802 5801
f 10279 5801 10278
f 10280 5802 10279
f 10280 5803 5802
f 10280 5804 5803
f 10281 5804 10280
f 10282 5804 10281
f 10282 5805 5804
f 10283 5805 10282
f 10283 5806 5805
f 10284 5806 10283
f 10284 5807 5806
f 10285 5807 10284
f 10285 5808 5807
f 10286 5808 10285
f 10286 5809 5808
f 10287 5809 10286
f 10287 5810 5809
f 10287 5790 5810
f 10267 5790 10287
f 10247 5769 10246
f 10247 5770 5769
f 10248 5771 5770
f 10248 5770 10247
f 10249 5772 5771
f 10249 5771 10248
f 10250 5773 5772
f 10250 5772 10249
f 10251 5774 5773
f 10251 5773 10250
f 10252 5775 5774
f 10252 5774 10251
f 10253 5776 5775
f 10253 5775 10252
f 10254 5777 5776
f 10254 5778 5777
f 10254 5776 10253
f 10255 5779 5778
f 10255 5778 10254
f 10256 5779 10255
f 10257 5780 5779
f 10257 5779 10256
f 10258 5781 5780
f 10258 5780 10257
f 10259 5781 10258
f 10259 5782 5781
f 10259 5783 5782
f 10260 5783 10259
f 10261 5783 10260
f 10261 5784 5783
f 10262 5784 10261
f 10262 5785 5784
f 10263 5785 10262
f 10263 5786 5785
f 10264 5786 10263
f 10264 5787 5786
f 10265 5787 10264
f 10265 5788 5787
f 10266 5788 10265
f 10266 5789 5788
f 10266 5769 5789
f 10246 5769 10266
f 10226 5748 10225
f 10226 5749 5748
f 10227 5750 5749
f 10227 5749 10226
f 10228 5751 5750
f 10228 5750 10227
f 10229 5752 5751
f 10229 5751 10228
f 10230 5753 5752
f 10230 5752 10229
f 10231 5754 5753
f 10231 5753 10230
f 10232 5755 5754
f 10232 5754 10231
f 10233 5756 5755
f 10233 5757 5756
f 10233 5755 10232
f 10234 5758 5757
f 10234 5757 10233
f 10235 5758 10234
f 10236 5759 5758
f 10236 5758 10235
f 10237 5760 5759
f 10237 5759 10236
f 10238 5760 10237
f 10238 5761 5760
f 10238 5762 5761
f 10239 5762 10238
f 10240 5762 10239
f 10240 5763 5762
f 10241 5763 10240
f 10241 5764 5763
f 10242 5764 10241
f 10242 5765 5764
f 10243 5765 10242
f 10243 5766 5765
f 10244 5766 10243
f 10244 5767 5766
f 10245 5767 10244
f 10245 5768 5767
f 10245 5748 5768
f 10225 5748 10245
f 10205 5727 10204
f 10205 5728 5727
f 10206 5729 5728
f 10206 5728 10205
f 10207 5730 5729
f 10207 5729 10206
f 10208 5731 5730
f 10208 5730 10207
f 10209 5732 5731
f 10209 5731 10208
f 10210 5733 5732
f 10210 5732 10209
f 10211 5734 5733
f 10211 5733 10210
f 10212 5735 5734
f 10212 5736 5735
f 10212 5734 10211
f 10213 5737 5736
f 10213 5736 10212
f 10214 5737 10213
f 10215 5738 5737
f 10215 5737 10214
f 10216 5739 5738
f 10216 5738 10215
f 10217 5739 10216
f 10217 5740 5739
f 10217 5741 5740
f 10218 5741 10217
f 10219 5741 10218
f 10219 5742 5741
f 10220 5742 10219
f 10220 5743 5742
f 10221 5743 10220
f 10221 5744 5743
f 10222 5744 10221
f 10222 5745 5744
f 10223 5745 10222
f 10223 5746 5745
f 10224 5746 10223
f 10224 5747 5746
f 10224 5727 5747
f 10204 5727 10224
f 10184 5706 10183
f 10184 5707 5706
f 10185 5708 5707
f 10185 5707 10184
f 10186 5709 5708
f 10186 5708 10185
f 10187 5710 5709
f 10187 5709 10186
f 10188 5711 5710
f 10188 5710 10187
f 10189 5712 5711
f 10189 5711 10188
f 10190 5713 5712
f 10190 5712 10189
f 10191 5714 5713
f 10191 5715 5714
f 10191 5713 10190
f 10192 5716 5715
f 10192 5715 10191
f 10193 5716 10192
f 10194 5717 5716
f 10194 5716 10193
f 10195 5718 5717
f 10195 5717 10194
f 10196 5718 10195
f 10196 5719 5718
f 10196 5720 5719
f 10197 5720 10196
f 10198 5720 10197
f 10198 5721 5720
f 10199 5721 10198
f 10199 5722 5721
f 10200 5722 10199
f 10200 5723 5722
f 10201 5723 10200
f 10201 5724 5723
f 10202 5724 10201
f 10202 5725 5724
f 10203 5725 10202
f 10203 5726 5725
f 10203 5706 5726
f 10183 5706 10203
f 10163 5685 10162
f 10163 5686 5685
f 10164 5687 5686
f 10164 5686 10163
f 10165 5688 5687
f 10165 5687 10164
f 10166 5689 5688
f 10166 5688 10165
f 10167 5690 5689
f 10167 5689 10166
f 10168 5691 5690
f 10168 5690 10167
f 10169 5692 5691
f 10169 5691 10168
f 10170 5693 5692
f 10170 5694 5693
f 10170 5692 10169
f 10171 5695 5694
f 10171 5694 10170
f 10172 5695 10171
f 10173 5696 5695
f 10173 5695 10172
f 10174 5697 5696
f 10174 5696 10173
f 10175 5697 10174
f 10175 5698 5697
f 10175 5699 5698
f 10176 5699 10175
f 10177 5699 10176
f 10177 5700 5699
f 10178 5700 10177
f 10178 5701 5700
f 10179 5701 10178
f 10179 5702 5701
f 10180 5702 10179
f 10180 5703 5702
f 10181 5703 10180
f 10181 5704 5703
f 10182 5704 10181
f 10182 5705 5704
f 10182 5685 5705
f 10162 5685 10182
f 10142 5664 10141
f 10142 5665 5664
f 10143 5666 5665
f 10143 5665 10142
f 10144 5667 5666
f 10144 5666 10143
f 10145 5668 5667
f 10145 5667 10144
f 10146 5669 5668
f 10146 5668 10145
f 10147 5670 5669
f 10147 5669 10146
f 10148 5671 5670
f 10148 5670 10147
f 10149 5672 5671
f 10149 5673 5672
f 10149 5671 10148
f 10150 5674 5673
f 10150 5673 10149
f 10151 5674 10150
f 10152 5675 5674
f 10152 5674 10151
f 10153 5676 5675
f 10153 5675 10152
f 10154 5676 10153
f 10154 5677 5676
f 10154 5678 5677
f 10155 5678 10154
f 10156 5678 10155
f 10156 5679 5678
f 10157 5679 10156
f 10157 5680 5679
f 10158 5680 10157
f 10158 5681 5680
f 10159 5681 10158
f 10159 5682 5681
f 10160 5682 10159
f 10160 5683 5682
f 10161 5683 10160
f 10161 5684 5683
f 10161 5664 5684
f 10141 5664 10161
f 10121 5643 10120
f 10121 5644 5643
f 10122 5645 5644
f 10122 5644 10121
f 10123 5646 5645
f 10123 5645 10122
f 10124 5647 5646
f 10124 5646 10123
f 10125 5648 5647
f 10125 5647 10124
f 10126 5649 5648
f 10126 5648 10125
f 10127 5650 5649
f 10127 5649 10126
f 10128 5651 5650
f 10128 5652 5651
f 10128 5650 10127
f 10129 5653 5652
f 10129 5652 10128
f 10130 5653 10129
f 10131 5654 5653
f 10131 5653 10130
f 10132 5655 5654
f 10132 5654 10131
f 10133 5655 10132
f 10133 5656 5655
f 10133 5657 5656
f 10134 5657 10133
f 10135 5657 10134
f 10135 5658 5657
f 10136 5658 10135
f 10136 5659 5658
f 10137 5659 10136
f 10137 5660 5659
f 10138 5660 10137
f 10138 5661 5660
f 10139 5661 10138
f 10139 5662 5661
f 10140 5662 10139
f 10140 5663 5662
f 10140 5643 5663
f 10120 5643 10140
f 10100 5622 10099
f 10100 5623 5622
f 10101 5624 5623
f 10101 5623 10100
f 10102 5625 5624
f 10102 5624 10101
f 10103 5626 5625
f 10103 5625 10102
f 10104 5627 5626
f 10104 5626 10103
f 10105 5628 5627
f 10105 5627 10104
f 10106 5629 5628
f 10106 5628 10105
f 10107 5630 5629
f 10107 5631 5630
f 10107 5629 10106
f 10108 5632 5631
f 10108 5631 10107
f 10109 5632 10108
f 10110 5633 5632
f 10110 5632 10109
f 10111 5634 5633
f 10111 5633 10110
f 10112 5634 10111
f 10112 5635 5634
f 10112 5636 5635
f 10113 5636 10112
f 10114 5636 10113
f 10114 5637 5636
f 10115 5637 10114
f 10115 5638 5637
f 10116 5638 10115
f 10116 5639 5638
f 10117 5639 10116
f 10117 5640 5639
f 10118 5640 10117
f 10118 5641 5640
f 10119 5641 10118
f 10119 5642 5641
f 10119 5622 5642
f 10099 5622 10119
f 10079 5601 10078
f 10079 5602 5601
f 10080 5603 5602
f 10080 5602 10079
f 10081 5604 5603
f 10081 5603 10080
f 10082 5605 5604
f 10082 5604 10081
f 10083 5606 5605
f 10083 5605 10082
f 10084 5607 5606
f 10084 5606 10083
f 10085 5608 5607
f 10085 5607 10084
f 10086 5609 5608
f 10086 5610 5609
f 10086 5608 10085
f 10087 5611 5610
f 10087 5610 10086
f 10088 5611 10087
f 10089 5612 5611
f 10089 5611 10088
f 10090 5613 5612
f 10090 5612 10089
f 10091 5613 10090
f 10091 5614 5613
f 10091 5615 5614
f 10092 5615 10091
f 10093 5615 10092
f 10093 5616 5615
f 10094 5616 10093
f 10094 5617 5616
f 10095 5617 10094
f 10095 5618 5617
f 10096 5618 10095
f 10096 5619 5618
f 10097 5619 10096
f 10097 5620 5619
f 10098 5620 10097
f 10098 5621 5620
f 10098 5601 5621
f 10078 5601 10098
f 10058 5580 10057
f 10058 5581 5580
f 10059 5582 5581
f 10059 5581 10058
f 10060 5583 5582
f 10060 5582 10059
f 10061 5584 5583
f 10061 5583 10060
f 10062 5585 5584
f 10062 5584 10061
f 10063 5586 5585
f 10063 5585 10062
f 10064 5587 5586
f 10064 5586 10063
f 10065 5588 5587
f 10065 5589 5588
f 10065 5587 10064
f 10066 5590 5589
f 10066 5589 10065
f 10067 5590 10066
f 10068 5591 5590
f 10068 5590 10067
f 10069 5592 5591
f 10069 5591 10068
f 10070 5592 10069
f 10070 5593 5592
f 10070 5594 5593
f 10071 5594 10070
f 10072 5594 10071
f 10072 5595 5594
f 10073 5595 10072
f 10073 5596 5595
f 10074 5596 10073
f 10074 5597 5596
f 10075 5597 10074
f 10075 5598 5597
f 10076 5598 10075
f 10076 5599 5598
f 10077 5599 10076
f 10077 5600 5599
f 10077 5580 5600
f 10057 5580 10077
f 10037 5559 10036
f 10037 5560 5559
f 10038 5561 5560
f 10038 5560 10037
f 10039 5562 5561
f 10039 5561 10038
f 10040 5563 5562
f 10040 5562 10039
f 10041 5564 5563
f 10041 5563 10040
f 10042 5565 5564
f 10042 5564 10041
f 10043 5566 5565
f 10043 5565 10042
f 10044 5567 5566
f 10044 5568 5567
f 10044 5566 10043
f 10045 5569 5568
f 10045 5568 10044
f 10046 5569 10045
f 10047 5570 5569
f 10047 5569 10046
f 10048 5571 5570
f 10048 5570 10047
f 10049 5571 10048
f 10049 5572 5571
f 10049 5573 5572
f 10050 5573 10049
f 10051 5573 10050
f 10051 5574 5573
f 10052 5574 10051
f 10052 5575 5574
f 10053 5575 10052
f 10053 5576 5575
f 10054 5576 10053
f 10054 5577 5576
f 10055 5577 10054
f 10055 5578 5577
f 10056 5578 10055
f 10056 5579 5578
f 10056 5559 5579
f 10036 5559 10056
f 10016 5538 10015
f 10016 5539 5538
f 10017 5540 5539
f 10017 5539 10016
f 10018 5541 5540
f 10018 5540 10017
f 10019 5542 5541
f 10019 5541 10018
f 10020 5543 5542
f 10020 5542 10019
f 10021 5544 5543
f 10021 5543 10020
f 10022 5545 5544
f 10022 5544 10021
f 10023 5546 5545
f 10023 5547 5546
f 10023 5545 10022
f 10024 5548 5547
f 10024 5547 10023
f 10025 5548 10024
f 10026 5549 5548
f 10026 5548 10025
f 10027 5550 5549
f 10027 5549 10026
f 10028 5550 10027
f 10028 5551 5550
f 10028 5552 5551
f 10029 5552 10028
f 10030 5552 10029
f 10030 5553 5552
f 10031 5553 10030
f 10031 5554 5553
f 10032 5554 10031
f 10032 5555 5554
f 10033 5555 10032
f 10033 5556 5555
f 10034 5556 10033
f 10034 5557 5556
f 10035 5557 10034
f 10035 5558 5557
f 10035 5538 5558
f 10015 5538 10035
f 9995 5517 9994
f 9995 5518 5517
f 9996 5519 5518
f 9996 5518 9995
f 9997 5520 5519
f 9997 5519 9996
f 9998 5521 5520
f 9998 5520 9997
f 9999 5522 5521
f 9999 5521 9998
f 10000 5523 5522
f 10000 5522 9999
f 10001 5524 5523
f 10001 5523 10000
f 10002 5525 5524
f 10002 5526 5525
f 10002 5524 10001
f 10003 5527 5526
f 10003 5526 10002
f 10004 5527 10003
f 10005 5528 5527
f 10005 5527 10004
f 10006 5529 5528
f 10006 5528 10005
f 10007 5529 10006
f 10007 5530 5529
f 10007 5531 5530
f 10008 5531 10007
f 10009 5531 10008
f 10009 5532 5531
f 10010 5532 10009
f 10010 5533 5532
f 10011 5533 10010
f 10011 5534 5533
f 10012 5534 10011
f 10012 5535 5534
f 10013 5535 10012
f 10013 5536 5535
f 10014 5536 10013
f 10014 5537 5536
f 10014 5517 5537
f 9994 5517 10014
f 9974 5496 9973
f 9974 5497 5496
f 9975 5498 5497
f 9975 5497 9974
f 9976 5499 5498
f 9976 5498 9975
f 9977 5500 5499
f 9977 5499 9976
f 9978 5501 5500
f 9978 5500 9977
f 9979 5502 5501
f 9979 5501 9978
f 9980 5503 5502
f 9980 5502 9979
f 9981 5504 5503
f 9981 5505 5504
f 9981 5503 9980
f 9982 5506 5505
f 9982 5505 9981
f 9983 5506 9982
f 9984 5507 5506
f 9984 5506 9983
f 9985 5508 5507
f 9985 5507 9984
f 9986 5508 9985
f 9986 5509 5508
f 9986 5510 5509
f 9987 5510 9986
f 9988 5510 9987
f 9988 5511 5510
f 9989 5511 9988
f 9989 5512 5511
f 9990 5512 9989
f 9990 5513 5512
f 9991 5513 9990
f 9991 5514 5513
f 9992 5514 9991
f 9992 5515 5514
f 9993 5515 9992
f 9993 5516 5515
f 9993 5496 5516
f 9973 5496 9993
f 9953 5475 9952
f 9953 5476 5475
f 9954 5477 5476
f 9954 5476 9953
f 9955 5478 5477
f 9955 5477 9954
f 9956 5479 5478
f 9956 5478 9955
f 9957 5480 5479
f 9957 5479 9956
f 9958 5481 5480
f 9958 5480 9957
f 9959 5482 5481
f 9959 5481 9958
f 9960 5483 5482
f 9960 5484 5483
f 9960 5482 9959
f 9961 5485 5484
f 9961 5484 9960
f 9962 5485 9961
f 9963 5486 5485
f 9963 5485 9962
f 9964 5487 5486
f 9964 5486 9963
f 9965 5487 9964
f 9965 5488 5487
f 9965 5489 5488
f 9966 5489 9965
f 9967 5489 9966
f 9967 5490 5489
f 9968 5490 9967
f 9968 5491 5490
f 9969 5491 9968
f 9969 5492 5491
f 9970 5492 9969
f 9970 5493 5492
f 9971 5493 9970
f 9971 5494 5493
f 9972 5494 9971
f 9972 5495 5494
f 9972 5475 5495
f 9952 5475 9972
f 9932 5454 9931
f 9932 5455 5454
f 9933 5456 5455
f 9933 5455 9932
f 9934 5457 5456
f 9934 5456 9933
f 9935 5458 5457
f 9935 5457 9934
f 9936 5459 5458
f 9936 5458 9935
f 9937 5460 5459
f 9937 5459 9936
f 9938 5461 5460
f 9938 5460 9937
f 9939 5462 5461
f 9939 5463 5462
f 9939 5461 9938
f 9940 5464 5463
f 9940 5463 9939
f 9941 5464 9940
f 9942 5465 5464
f 9942 5464 9941
f 9943 5466 5465
f 9943 5465 9942
f 9944 5466 9943
f 9944 5467 5466
f 9944 5468 5467
f 9945 5468 9944
f 9946 5468 9945
f 9946 5469 5468
f 9947 5469 9946
f 9947 5470 5469
f 9948 5470 9947
f 9948 5471 5470
f 9949 5471 9948
f 9949 5472 5471
f 9950 5472 9949
f 9950 5473 5472
f 9951 5473 9950
f 9951 5474 5473
f 9951 5454 5474
f 9931 5454 9951
f 9911 5433 9910
f 9911 5434 5433
f 9912 5435 5434
f 9912 5434 9911
f 9913 5436 5435
f 9913 5435 9912
f 9914 5437 5436
f 9914 5436 9913
f 9915 5438 5437
f 9915 5437 9914
f 9916 5439 5438
f 9916 5438 9915
f 9917 5440 5439
f 9917 5439 9916
f 9918 5441 5440
f 9918 5442 5441
f 9918 5440 9917
f 9919 5443 5442
f 9919 5442 9918
f 9920 5443 9919
f 9921 5444 5443
f 9921 5443 9920
f 9922 5445 5444
f 9922 5444 9921
f 9923 5445 9922
f 9923 5446 5445
f 9923 5447 5446
f 9924 5447 9923
f 9925 5447 9924
f 9925 5448 5447
f 9926 5448 9925
f 9926 5449 5448
f 9927 5449 9926
f 9927 5450 5449
f 9928 5450 9927
f 9928 5451 5450
f 9929 5451 9928
f 9929 5452 5451
f 9930 5452 9929
f 9930 5453 5452
f 9930 5433 5453
f 9910 5433 9930
f 9890 5412 9889
f 9890 5413 5412
f 9891 5414 5413
f 9891 5413 9890
f 9892 5415 5414
f 9892 5414 9891
f 9893 5416 5415
f 9893 5415 9892
f 9894 5417 5416
f 9894 5416 9893
f 9895 5418 5417
f 9895 5417 9894
f 9896 5419 5418
f 9896 5418 9895
f 9897 5420 5419
f 9897 5421 5420
f 9897 5419 9896
f 9898 5422 5421
f 9898 5421 9897
f 9899 5422 9898
f 9900 5423 5422
f 9900 5422 9899
f 9901 5424 5423
f 9901 5423 9900
f 9902 5424 9901
f 9902 5425 5424
f 9902 5426 5425
f 9903 5426 9902
f 9904 5426 9903
f 9904 5427 5426
f 9905 5427 9904
f 9905 5428 5427
f 9906 5428 9905
f 9906 5429 5428
f 9907 5429 9906
f 9907 5430 5429
f 9908 5430 9907
f 9908 5431 5430
f 9909 5431 9908
f 9909 5432 5431
f 9909 5412 5432
f 9889 5412 9909
f 9869 5391 9868
f 9869 5392 5391
f 9870 5393 5392
f 9870 5392 9869
f 9871 5394 5393
f 9871 5393 9870
f 9872 5395 5394
f 9872 5394 9871
f 9873 5396 5395
f 9873 5395 9872
f 9874 5397 5396
f 9874 5396 9873
f 9875 5398 5397
f 9875 5397 9874
f 9876 5399 5398
f 9876 5400 5399
f 9876 5398 9875
f 9877 5401 5400
f 9877 5400 9876
f 9878 5401 9877
f 9879 5402 5401
f 9879 5401 9878
f 9880 5403 5402
f 9880 5402 9879
f 9881 5403 9880
f 9881 5404 5403
f 9881 5405 5404
f 9882 5405 9881
f 9883 5405 9882
f 9883 5406 5405
f 9884 5406 9883
f 9884 5407 5406
f 9885 5407 9884
f 9885 5408 5407
f 9886 5408 9885
f 9886 5409 5408
f 9887 5409 9886
f 9887 5410 5409
f 9888 5410 9887
f 9888 5411 5410
f 9888 5391 5411
f 9868 5391 9888
f 9848 5370 9847
f 9848 5371 5370
f 9849 5372 5371
f 9849 5371 9848
f 9850 5373 5372
f 9850 5372 9849
f 9851 5374 5373
f 9851 5373 9850
f 9852 5375 5374
f 9852 5374 9851
f 9853 5376 5375
f 9853 5375 9852
f 9854 5377 5376
f 9854 5376 9853
f 9855 5378 5377
f 9855 5379 5378
f 9855 5377 9854
f 9856 5380 5379
f 9856 5379 9855
f 9857 5380 9856
f 9858 5381 5380
f 9858 5380 9857
f 9859 5382 5381
f 9859 5381 9858
f 9860 5382 9859
f 9860 5383 5382
f 9860 5384 5383
f 9861 5384 9860
f 9862 5384 9861
f 9862 5385 5384
f 9863 5385 9862
f 9863 5386 5385
f 9864 5386 9863
f 9864 5387 5386
f 9865 5387 9864
f 9865 5388 5387
f 9866 5388 9865
f 9866 5389 5388
f 9867 5389 9866
f 9867 5390 5389
f 9867 5370 5390
f 9847 5370 9867
f 9827 5349 9826
f 9827 5350 5349
f 9828 5351 5350
f 9828 5350 9827
f 9829 5352 5351
f 9829 5351 9828
f 9830 5353 5352
f 9830 5352 9829
f 9831 5354 5353
f 9831 5353 9830
f 9832 5355 5354
f 9832 5354 9831
f 9833 5356 5355
f 9833 5355 9832
f 9834 5357 5356
f 9834 5358 5357
f 9834 5356 9833
f 9835 5359 5358
f 9835 5358 9834
f 9836 5359 9835
f 9837 5360 5359
f 9837 5359 9836
f 9838 5361 5360
f 9838 5360 9837
f 9839 5361 9838
f 9839 5362 5361
f 9839 5363 5362
f 9840 5363 9839
f 9841 5363 9840
f 9841 5364 5363
f 9842 5364 9841
f 9842 5365 5364
f 9843 5365 9842
f 9843 5366 5365
f 9844 5366 9843
f 9844 5367 5366
f 9845 5367 9844
f 9845 5368 5367
f 9846 5368 9845
f 9846 5369 5368
f 9846 5349 5369
f 9826 5349 9846
f 9806 5328 9805
f 9806 5329 5328
f 9807 5330 5329
f 9807 5329 9806
f 9808 5331 5330
f 9808 5330 9807
f 9809 5332 5331
f 9809 5331 9808
f 9810 5333 5332
f 9810 5332 9809
f 9811 5334 5333
f 9811 5333 9810
f 9812 5335 5334
f 9812 5334 9811
f 9813 5336 5335
f 9813 5337 5336
f 9813 5335 9812
f 9814 5338 5337
f 9814 5337 9813
f 9815 5338 9814
f 9816 5339 5338
f 9816 5338 9815
f 9817 5340 5339
f 9817 5339 9816
f 9818 5340 9817
f 9818 5341 5340
f 9818 5342 5341
f 9819 5342 9818
f 9820 5342 9819
f 9820 5343 5342
f 9821 5343 9820
f 9821 5344 5343
f 9822 5344 9821
f 9822 5345 5344
f 9823 5345 9822
f 9823 5346 5345
f 9824 5346 9823
f 9824 5347 5346
f 9825 5347 9824
f 9825 5348 5347
f 9825 5328 5348
f 9805 5328 9825
f 9785 5307 9784
f 9785 5308 5307
f 9786 5309 5308
f 9786 5308 9785
f 9787 5310 5309
f 9787 5309 9786
f 9788 5311 5310
f 9788 5310 9787
f 9789 5312 5311
f 9789 5311 9788
f 9790 5313 5312
f 9790 5312 9789
f 9791 5314 5313
f 9791 5313 9790
f 9792 5315 5314
f 9792 5316 5315
f 9792 5314 9791
f 9793 5317 5316
f 9793 5316 9792
f 9794 5317 9793
f 9795 5318 5317
f 9795 5317 9794
f 9796 5319 5318
f 9796 5318 9795
f 9797 5319 9796
f 9797 5320 5319
f 9797 5321 5320
f 9798 5321 9797
f 9799 5321 9798
f 9799 5322 5321
f 9800 5322 9799
f 9800 5323 5322
f 9801 5323 9800
f 9801 5324 5323
f 9802 5324 9801
f 9802 5325 5324
f 9803 5325 9802
f 9803 5326 5325
f 9804 5326 9803
f 9804 5327 5326
f 9804 5307 5327
f 9784 5307 9804
f 9764 5286 9763
f 9764 5287 5286
f 9765 5288 5287
f 9765 5287 9764
f 9766 5289 5288
f 9766 5288 9765
f 9767 5290 5289
f 9767 5289 9766
f 9768 5291 5290
f 9768 5290 9767
f 9769 5292 5291
f 9769 5291 9768
f 9770 5293 5292
f 9770 5292 9769
f 9771 5294 5293
f 9771 5295 5294
f 9771 5293 9770
f 9772 5296 5295
f 9772 5295 9771
f 9773 5296 9772
f 9774 5297 5296
f 9774 5296 9773
f 9775 5298 5297
f 9775 5297 9774
f 9776 5298 9775
f 9776 5299 5298
f 9776 5300 5299
f 9777 5300 9776
f 9778 5300 9777
f 9778 5301 5300
f 9779 5301 9778
f 9779 5302 5301
f 9780 5302 9779
f 9780 5303 5302
f 9781 5303 9780
f 9781 5304 5303
f 9782 5304 9781
f 9782 5305 5304
f 9783 5305 9782
f 9783 5306 5305
f 9783 5286 5306
f 9763 5286 9783
f 9743 5265 9742
f 9743 5266 5265
f 9744 5267 5266
f 9744 5266 9743
f 9745 5268 5267
f 9745 5267 9744
f 9746 5269 5268
f 9746 5268 9745
f 9747 5270 5269
f 9747 5269 9746
f 9748 5271 5270
f 9748 5270 9747
f 9749 5272 5271
f 9749 5271 9748
f 9750 5273 5272
f 9750 5274 5273
f 9750 5272 9749
f 9751 5275 5274
f 9751 5274 9750
f 9752 5275 9751
f 9753 5276 5275
f 9753 5275 9752
f 9754 5277 5276
f 9754 5276 9753
f 9755 5277 9754
f 9755 5278 5277
f 9755 5279 5278
f 9756 5279 9755
f 9757 5279 9756
f 9757 5280 5279
f 9758 5280 9757
f 9758 5281 5280
f 9759 5281 9758
f 9759 5282 5281
f 9760 5282 9759
f 9760 5283 5282
f 9761 5283 9760
f 9761 5284 5283
f 9762 5284 9761
f 9762 5285 5284
f 9762 5265 5285
f 9742 5265 9762
f 9722 5244 9721
f 9722 5245 5244
f 9723 5246 5245
f 9723 5245 9722
f 9724 5247 5246
f 9724 5246 9723
f 9725 5248 5247
f 9725 5247 9724
f 9726 5249 5248
f 9726 5248 9725
f 9727 5250 5249
f 9727 5249 9726
f 9728 5251 5250
f 9728 5250 9727
f 9729 5252 5251
f 9729 5253 5252
f 9729 5251 9728
f 9730 5254 5253
f 9730 5253 9729
f 9731 5254 9730
f 9732 5255 5254
f 9732 5254 9731
f 9733 5256 5255
f 9733 5255 9732
f 9734 5256 9733
f 9734 5257 5256
f 9734 5258 5257
f 9735 5258 9734
f 9736 5258 9735
f 9736 5259 5258
f 9737 5259 9736
f 9737 5260 5259
f 9738 5260 9737
f 9738 5261 5260
f 9739 5261 9738
f 9739 5262 5261
f 9740 5262 9739
f 9740 5263 5262
f 9741 5263 9740
f 9741 5264 5263
f 9741 5244 5264
f 9721 5244 9741
f 9701 5223 9700
f 9701 5224 5223
f 9702 5225 5224
f 9702 5224 9701
f 9703 5226 5225
f 9703 5225 9702
f 9704 5227 5226
f 9704 5226 9703
f 9705 5228 5227
f 9705 5227 9704
f 9706 5229 5228
f 9706 5228 9705
f 9707 5230 5229
f 9707 5229 9706
f 9708 5231 5230
f 9708 5232 5231
f 9708 5230 9707
f 9709 5233 5232
f 9709 5232 9708
f 9710 5233 9709
f 9711 5234 5233
f 9711 5233 9710
f 9712 5235 5234
f 9712 5234 9711
f 9713 5235 9712
f 9713 5236 5235
f 9713 5237 5236
f 9714 5237 9713
f 9715 5237 9714
f 9715 5238 5237
f 9716 5238 9715
f 9716 5239 5238
f 9717 5239 9716
f 9717 5240 5239
f 9718 5240 9717
f 9718 5241 5240
f 9719 5241 9718
f 9719 5242 5241
f 9720 5242 9719
f 9720 5243 5242
f 9720 5223 5243
f 9700 5223 9720
f 9680 5202 9679
f 9680 5203 5202
f 9681 5204 5203
f 9681 5203 9680
f 9682 5205 5204
f 9682 5204 9681
f 9683 5206 5205
f 9683 5205 9682
f 9684 5207 5206
f 9684 5206 9683
f 9685 5208 5207
f 9685 5207 9684
f 9686 5209 5208
f 9686 5208 9685
f 9687 5210 5209
f 9687 5211 5210
f 9687 5209 9686
f 9688 5212 5211
f 9688 5211 9687
f 9689 5212 9688
f 9690 5213 5212
f 9690 5212 9689
f 9691 5214 5213
f 9691 5213 9690
f 9692 5214 9691
f 9692 5215 5214
f 9692 5216 5215
f 9693 5216 9692
f 9694 5216 9693
f 9694 5217 5216
f 9695 5217 9694
f 9695 5218 5217
f 9696 5218 9695
f 9696 5219 5218
f 9697 5219 9696
f 9697 5220 5219
f 9698 5220 9697
f 9698 5221 5220
f 9699 5221 9698
f 9699 5222 5221
f 9699 5202 5222
f 9679 5202 9699
f 9659 5181 9658
f 9659 5182 5181
f 9660 5183 5182
f 9660 5182 9659
f 9661 5184 5183
f 9661 5183 9660
f 9662 5185 5184
f 9662 5184 9661
f 9663 5186 5185
f 9663 5185 9662
f 9664 5187 5186
f 9664 5186 9663
f 9665 5188 5187
f 9665 5187 9664
f 9666 5189 5188
f 9666 5190 5189
f 9666 5188 9665
f 9667 5191 5190
f 9667 5190 9666
f 9668 5191 9667
f 9669 5192 5191
f 9669 5191 9668
f 9670 5193 5192
f 9670 5192 9669
f 9671 5193 9670
f 9671 5194 5193
f 9671 5195 5194
f 9672 5195 9671
f 9673 5195 9672
f 9673 5196 5195
f 9674 5196 9673
f 9674 5197 5196
f 9675 5197 9674
f 9675 5198 5197
f 9676 5198 9675
f 9676 5199 5198
f 9677 5199 9676
f 9677 5200 5199
f 9678 5200 9677
f 9678 5201 5200
f 9678 5181 5201
f 9658 5181 9678
f 9638 5160 9637
f 9638 5161 5160
f 9639 5162 5161
f 9639 5161 9638
f 9640 5163 5162
f 9640 5162 9639
f 9641 5164 5163
f 9641 5163 9640
f 9642 5165 5164
f 9642 5164 9641
f 9643 5166 5165
f 9643 5165 9642
f 9644 5167 5166
f 9644 5166 9643
f 9645 5168 5167
f 9645 5169 5168
f 9645 5167 9644
f 9646 5170 5169
f 9646 5169 9645
f 9647 5170 9646
f 9648 5171 5170
f 9648 5170 9647
f 9649 5172 5171
f 9649 5171 9648
f 9650 5172 9649
f 9650 5173 5172
f 9650 5174 5173
f 9651 5174 9650
f 9652 5174 9651
f 9652 5175 5174
f 9653 5175 9652
f 9653 5176 5175
f 9654 5176 9653
f 9654 5177 5176
f 9655 5177 9654
f 9655 5178 5177
f 9656 5178 9655
f 9656 5179 5178
f 9657 5179 9656
f 9657 5180 5179
f 9657 5160 5180
f 9637 5160 9657
f 9617 5139 9616
f 9617 5140 5139
f 9618 5141 5140
f 9618 5140 9617
f 9619 5142 5141
f 9619 5141 9618
f 9620 5143 5142
f 9620 5142 9619
f 9621 5144 5143
f 9621 5143 9620
f 9622 5145 5144
f 9622 5144 9621
f 9623 5146 5145
f 9623 5145 9622
f 9624 5147 5146
f 9624 5148 5147
f 9624 5146 9623
f 9625 5149 5148
f 9625 5148 9624
f 9626 5149 9625
f 9627 5150 5149
f 9627 5149 9626
f 9628 5151 5150
f 9628 5150 9627
f 9629 5151 9628
f 9629 5152 5151
f 9629 5153 5152
f 9630 5153 9629
f 9631 5153 9630
f 9631 5154 5153
f 9632 5154 9631
f 9632 5155 5154
f 9633 5155 9632
f 9633 5156 5155
f 9634 5156 9633
f 9634 5157 5156
f 9635 5157 9634
f 9635 5158 5157
f 9636 5158 9635
f 9636 5159 5158
f 9636 5139 5159
f 9616 5139 9636
f 9596 5118 9595
f 9596 5119 5118
f 9597 5120 5119
f 9597 5119 9596
f 9598 5121 5120
f 9598 5120 9597
f 9599 5122 5121
f 9599 5121 9598
f 9600 5123 5122
f 9600 5122 9599
f 9601 5124 5123
f 9601 5123 9600
f 9602 5125 5124
f 9602 5124 9601
f 9603 5126 5125
f 9603 5127 5126
f 9603 5125 9602
f 9604 5128 5127
f 9604 5127 9603
f 9605 5128 9604
f 9606 5129 5128
f 9606 5128 9605
f 9607 5130 5129
f 9607 5129 9606
f 9608 5130 9607
f 9608 5131 5130
f 9608 5132 5131
f 9609 5132 9608
f 9610 5132 9609
f 9610 5133 5132
f 9611 5133 9610
f 9611 5134 5133
f 9612 5134 9611
f 9612 5135 5134
f 9613 5135 9612
f 9613 5136 5135
f 9614 5136 9613
f 9614 5137 5136
f 9615 5137 9614
f 9615 5138 5137
f 9615 5118 5138
f 9595 5118 9615
f 9575 5097 9574
f 9575 5098 5097
f 9576 5099 5098
f 9576 5098 9575
f 9577 5100 5099
f 9577 5099 9576
f 9578 5101 5100
f 9578 5100 9577
f 9579 5102 5101
f 9579 5101 9578
f 9580 5103 5102
f 9580 5102 9579
f 9581 5104 5103
f 9581 5103 9580
f 9582 5105 5104
f 9582 5106 5105
f 9582 5104 9581
f 9583 5107 5106
f 9583 5106 9582
f 9584 5107 9583
f 9585 5108 5107
f 9585 5107 9584
f 9586 5109 5108
f 9586 5108 9585
f 9587 5109 9586
f 9587 5110 5109
f 9587 5111 5110
f 9588 5111 9587
f 9589 5111 9588
f 9589 5112 5111
f 9590 5112 9589
f 9590 5113 5112
f 9591 5113 9590
f 9591 5114 5113
f 9592 5114 9591
f 9592 5115 5114
f 9593 5115 9592
f 9593 5116 5115
f 9594 5116 9593
f 9594 5117 5116
f 9594 5097 5117
f 9574 5097 9594
f 9554 5076 9553
f 9554 5077 5076
f 9555 5078 5077
f 9555 5077 9554
f 9556 5079 5078
f 9556 5078 9555
f 9557 5080 5079
f 9557 5079 9556
f 9558 5081 5080
f 9558 5080 9557
f 9559 5082 5081
f 9559 5081 9558
f 9560 5083 5082
f 9560 5082 9559
f 9561 5084 5083
f 9561 5085 5084
f 9561 5083 9560
f 9562 5086 5085
f 9562 5085 9561
f 9563 5086 9562
f 9564 5087 5086
f 9564 5086 9563
f 9565 5088 5087
f 9565 5087 9564
f 9566 5088 9565
f 9566 5089 5088
f 9566 5090 5089
f 9567 5090 9566
f 9568 5090 9567
f 9568 5091 5090
f 9569 5091 9568
f 9569 5092 5091
f 9570 5092 9569
f 9570 5093 5092
f 9571 5093 9570
f 9571 5094 5093
f 9572 5094 9571
f 9572 5095 5094
f 9573 5095 9572
f 9573 5096 5095
f 9573 5076 5096
f 9553 5076 9573
f 9533 5055 9532
f 9533 5056 5055
f 9534 5057 5056
f 9534 5056 9533
f 9535 5058 5057
f 9535 5057 9534
f 9536 5059 5058
f 9536 5058 9535
f 9537 5060 5059
f 9537 5059 9536
f 9538 5061 5060
f 9538 5060 9537
f 9539 5062 5061
f 9539 5061 9538
f 9540 5063 5062
f 9540 5064 5063
f 9540 5062 9539
f 9541 5065 5064
f 9541 5064 9540
f 9542 5065 9541
f 9543 5066 5065
f 9543 5065 9542
f 9544 5067 5066
f 9544 5066 9543
f 9545 5067 9544
f 9545 5068 5067
f 9545 5069 5068
f 9546 5069 9545
f 9547 5069 9546
f 9547 5070 5069
f 9548 5070 9547
f 9548 5071 5070
f 9549 5071 9548
f 9549 5072 5071
f 9550 5072 9549
f 9550 5073 5072
f 9551 5073 9550
f 9551 5074 5073
f 9552 5074 9551
f 9552 5075 5074
f 9552 5055 5075
f 9532 5055 9552
f 9512 5034 9511
f 9512 5035 5034
f 9513 5036 5035
f 9513 5035 9512
f 9514 5037 5036
f 9514 5036 9513
f 9515 5038 5037
f 9515 5037 9514
f 9516 5039 5038
f 9516 5038 9515
f 9517 5040 5039
f 9517 5039 9516
f 9518 5041 5040
f 9518 5040 9517
f 9519 5042 5041
f 9519 5043 5042
f 9519 5041 9518
f 9520 5044 5043
f 9520 5043 9519
f 9521 5044 9520
f 9522 5045 5044
f 9522 5044 9521
f 9523 5046 5045
f 9523 5045 9522
f 9524 5046 9523
f 9524 5047 5046
f 9524 5048 5047
f 9525 5048 9524
f 9526 5048 9525
f 9526 5049 5048
f 9527 5049 9526
f 9527 5050 5049
f 9528 5050 9527
f 9528 5051 5050
f 9529 5051 9528
f 9529 5052 5051
f 9530 5052 9529
f 9530 5053 5052
f 9531 5053 9530
f 9531 5054 5053
f 9531 5034 5054
f 9511 5034 9531
f 9491 5013 9490
f 9491 5014 5013
f 9492 5015 5014
f 9492 5014 9491
f 9493 5016 5015
f 9493 5015 9492
f 9494 5017 5016
f 9494 5016 9493
f 9495 5018 5017
f 9495 5017 9494
f 9496 5019 5018
f 9496 5018 9495
f 9497 5020 5019
f 9497 5019 9496
f 9498 5021 5020
f 9498 5022 5021
f 9498 5020 9497
f 9499 5023 5022
f 9499 5022 9498
f 9500 5023 9499
f 9501 5024 5023
f 9501 5023 9500
f 9502 5025 5024
f 9502 5024 9501
f 9503 5025 9502
f 9503 5026 5025
f 9503 5027 5026
f 9504 5027 9503
f 9505 5027 9504
f 9505 5028 5027
f 9506 5028 9505
f 9506 5029 5028
f 9507 5029 9506
f 9507 5030 5029
f 9508 5030 9507
f 9508 5031 5030
f 9509 5031 9508
f 9509 5032 5031
f 9510 5032 9509
f 9510 5033 5032
f 9510 5013 5033
f 9490 5013 9510
f 9470 4992 9469
f 9470 4993 4992
f 9471 4994 4993
f 9471 4993 9470
f 9472 4995 4994
f 9472 4994 9471
f 9473 4996 4995
f 9473 4995 9472
f 9474 4997 4996
f 9474 4996 9473
f 9475 4998 4997
f 9475 4997 9474
f 9476 4999 4998
f 9476 4998 9475
f 9477 5000 4999
f 9477 5001 5000
f 9477 4999 9476
f 9478 5002 5001
f 9478 5001 9477
f 9479 5002 9478
f 9480 5003 5002
f 9480 5002 9479
f 9481 5004 5003
f 9481 5003 9480
f 9482 5004 9481
f 9482 5005 5004
f 9482 5006 5005
f 9483 5006 9482
f 9484 5006 9483
f 9484 5007 5006
f 9485 5007 9484
f 9485 5008 5007
f 9486 5008 9485
f 9486 5009 5008
f 9487 5009 9486
f 9487 5010 5009
f 9488 5010 9487
f 9488 5011 5010
f 9489 5011 9488
f 9489 5012 5011
f 9489 4992 5012
f 9469 4992 9489
f 9449 4971 9448
f 9449 4972 4971
f 9450 4973 4972
f 9450 4972 9449
f 9451 4974 4973
f 9451 4973 9450
f 9452 4975 4974
f 9452 4974 9451
f 9453 4976 4975
f 9453 4975 9452
f 9454 4977 4976
f 9454 4976 9453
f 9455 4978 4977
f 9455 4977 9454
f 9456 4979 4978
f 9456 4980 4979
f 9456 4978 9455
f 9457 4981 4980
f 9457 4980 9456
f 9458 4981 9457
f 9459 4982 4981
f 9459 4981 9458
f 9460 4983 4982
f 9460 4982 9459
f 9461 4983 9460
f 9461 4984 4983
f 9461 4985 4984
f 9462 4985 9461
f 9463 4985 9462
f 9463 4986 4985
f 9464 4986 9463
f 9464 4987 4986
f 9465 4987 9464
f 9465 4988 4987
f 9466 4988 9465
f 9466 4989 4988
f 9467 4989 9466
f 9467 4990 4989
f 9468 4990 9467
f 9468 4991 4990
f 9468 4971 4991
f 9448 4971 9468
f 9428 4950 9427
f 9428 4951 4950
f 9429 4952 4951
f 9429 4951 9428
f 9430 4953 4952
f 9430 4952 9429
f 9431 4954 4953
f 9431 4953 9430
f 9432 4955 4954
f 9432 4954 9431
f 9433 4956 4955
f 9433 4955 9432
f 9434 4957 4956
f 9434 4956 9433
f 9435 4958 4957
f 9435 4959 4958
f 9435 4957 9434
f 9436 4960 4959
f 9436 4959 9435
f 9437 4960 9436
f 9438 4961 4960
f 9438 4960 9437
f 9439 4962 4961
f 9439 4961 9438
f 9440 4962 9439
f 9440 4963 4962
f 9440 4964 4963
f 9441 4964 9440
f 9442 4964 9441
f 9442 4965 4964
f 9443 4965 9442
f 9443 4966 4965
f 9444 4966 9443
f 9444 4967 4966
f 9445 4967 9444
f 9445 4968 4967
f 9446 4968 9445
f 9446 4969 4968
f 9447 4969 9446
f 9447 4970 4969
f 9447 4950 4970
f 9427 4950 9447
f 9407 4929 9406
f 9407 4930 4929
f 9408 4931 4930
f 9408 4930 9407
f 9409 4932 4931
f 9409 4931 9408
f 9410 4933 4932
f 9410 4932 9409
f 9411 4934 4933
f 9411 4933 9410
f 9412 4935 4934
f 9412 4934 9411
f 9413 4936 4935
f 9413 4935 9412
f 9414 4937 4936
f 9414 4938 4937
f 9414 4936 9413
f 9415 4939 4938
f 9415 4938 9414
f 9416 4939 9415
f 9417 4940 4939
f 9417 4939 9416
f 9418 4941 4940
f 9418 4940 9417
f 9419 4941 9418
f 9419 4942 4941
f 9419 4943 4942
f 9420 4943 9419
f 9421 4943 9420
f 9421 4944 4943
f 9422 4944 9421
f 9422 4945 4944
f 9423 4945 9422
f 9423 4946 4945
f 9424 4946 9423
f 9424 4947 4946
f 9425 4947 9424
f 9425 4948 4947
f 9426 4948 9425
f 9426 4949 4948
f 9426 4929 4949
f 9406 4929 9426
f 9386 4908 9385
f 9386 4909 4908
f 9387 4910 4909
f 9387 4909 9386
f 9388 4911 4910
f 9388 4910 9387
f 9389 4912 4911
f 9389 4911 9388
f 9390 4913 4912
f 9390 4912 9389
f 9391 4914 4913
f 9391 4913 9390
f 9392 4915 4914
f 9392 4914 9391
f 9393 4916 4915
f 9393 4917 4916
f 9393 4915 9392
f 9394 4918 4917
f 9394 4917 9393
f 9395 4918 9394
f 9396 4919 4918
f 9396 4918 9395
f 9397 4920 4919
f 9397 4919 9396
f 9398 4920 9397
f 9398 4921 4920
f 9398 4922 4921
f 9399 4922 9398
f 9400 4922 9399
f 9400 4923 4922
f 9401 4923 9400
f 9401 4924 4923
f 9402 4924 9401
f 9402 4925 4924
f 9403 4925 9402
f 9403 4926 4925
f 9404 4926 9403
f 9404 4927 4926
f 9405 4927 9404
f 9405 4928 4927
f 9405 4908 4928
f 9385 4908 9405
f 9365 4887 9364
f 9365 4888 4887
f 9366 4889 4888
f 9366 4888 9365
f 9367 4890 4889
f 9367 4889 9366
f 9368 4891 4890
f 9368 4890 9367
f 9369 4892 4891
f 9369 4891 9368
f 9370 4893 4892
f 9370 4892 9369
f 9371 4894 4893
f 9371 4893 9370
f 9372 4895 4894
f 9372 4896 4895
f 9372 4894 9371
f 9373 4897 4896
f 9373 4896 9372
f 9374 4897 9373
f 9375 4898 4897
f 9375 4897 9374
f 9376 4899 4898
f 9376 4898 9375
f 9377 4899 9376
f 9377 4900 4899
f 9377 4901 4900
f 9378 4901 9377
f 9379 4901 9378
f 9379 4902 4901
f 9380 4902 9379
f 9380 4903 4902
f 9381 4903 9380
f 9381 4904 4903
f 9382 4904 9381
f 9382 4905 4904
f 9383 4905 9382
f 9383 4906 4905
f 9384 4906 9383
f 9384 4907 4906
f 9384 4887 4907
f 9364 4887 9384
f 9344 4866 9343
f 9344 4867 4866
f 9345 4868 4867
f 9345 4867 9344
f 9346 4869 4868
f 9346 4868 9345
f 9347 4870 4869
f 9347 4869 9346
f 9348 4871 4870
f 9348 4870 9347
f 9349 4872 4871
f 9349 4871 9348
f 9350 4873 4872
f 9350 4872 9349
f 9351 4874 4873
f 9351 4875 4874
f 9351 4873 9350
f 9352 4876 4875
f 9352 4875 9351
f 9353 4876 9352
f 9354 4877 4876
f 9354 4876 9353
f 9355 4878 4877
f 9355 4877 9354
f 9356 4878 9355
f 9356 4879 4878
f 9356 4880 4879
f 9357 4880 9356
f 9358 4880 9357
f 9358 4881 4880
f 9359 4881 9358
f 9359 4882 4881
f 9360 4882 9359
f 9360 4883 4882
f 9361 4883 9360
f 9361 4884 4883
f 9362 4884 9361
f 9362 4885 4884
f 9363 4885 9362
f 9363 4886 4885
f 9363 4866 4886
f 9343 4866 9363
f 9323 4845 9322
f 9323 4846 4845
f 9324 4847 4846
f 9324 4846 9323
f 9325 4848 4847
f 9325 4847 9324
f 9326 4849 4848
f 9326 4848 9325
f 9327 4850 4849
f 9327 4849 9326
f 9328 4851 4850
f 9328 4850 9327
f 9329 4852 4851
f 9329 4851 9328
f 9330 4853 4852
f 9330 4854 4853
f 9330 4852 9329
f 9331 4855 4854
f 9331 4854 9330
f 9332 4855 9331
f 9333 4856 4855
f 9333 4855 9332
f 9334 4857 4856
f 9334 4856 9333
f 9335 4857 9334
f 9335 4858 4857
f 9335 4859 4858
f 9336 4859 9335
f 9337 4859 9336
f 9337 4860 4859
f 9338 4860 9337
f 9338 4861 4860
f 9339 4861 9338
f 9339 4862 4861
f 9340 4862 9339
f 9340 4863 4862
f 9341 4863 9340
f 9341 4864 4863
f 9342 4864 9341
f 9342 4865 4864
f 9342 4845 4865
f 9322 4845 9342
f 9302 4824 9301
f 9302 4825 4824
f 9303 4826 4825
f 9303 4825 9302
f 9304 4827 4826
f 9304 4826 9303
f 9305 4828 4827
f 9305 4827 9304
f 9306 4829 4828
f 9306 4828 9305
f 9307 4830 4829
f 9307 4829 9306
f 9308 4831 4830
f 9308 4830 9307
f 9309 4832 4831
f 9309 4833 4832
f 9309 4831 9308
f 9310 4834 4833
f 9310 4833 9309
f 9311 4834 9310
f 9312 4835 4834
f 9312 4834 9311
f 9313 4836 4835
f 9313 4835 9312
f 9314 4836 9313
f 9314 4837 4836
f 9314 4838 4837
f 9315 4838 9314
f 9316 4838 9315
f 9316 4839 4838
f 9317 4839 9316
f 9317 4840 4839
f 9318 4840 9317
f 9318 4841 4840
f 9319 4841 9318
f 9319 4842 4841
f 9320 4842 9319
f 9320 4843 4842
f 9321 4843 9320
f 9321 4844 4843
f 9321 4824 4844
f 9301 4824 9321
f 9281 4803 9280
f 9281 4804 4803
f 9282 4805 4804
f 9282 4804 9281
f 9283 4806 4805
f 9283 4805 9282
f 9284 4807 4806
f 9284 4806 9283
f 9285 4808 4807
f 9285 4807 9284
f 9286 4809 4808
f 9286 4808 9285
f 9287 4810 4809
f 9287 4809 9286
f 9288 4811 4810
f 9288 4812 4811
f 9288 4810 9287
f 9289 4813 4812
f 9289 4812 9288
f 9290 4813 9289
f 9291 4814 4813
f 9291 4813 9290
f 9292 4815 4814
f 9292 4814 9291
f 9293 4815 9292
f 9293 4816 4815
f 9293 4817 4816
f 9294 4817 9293
f 9295 4817 9294
f 9295 4818 4817
f 9296 4818 9295
f 9296 4819 4818
f 9297 4819 9296
f 9297 4820 4819
f 9298 4820 9297
f 9298 4821 4820
f 9299 4821 9298
f 9299 4822 4821
f 9300 4822 9299
f 9300 4823 4822
f 9300 4803 4823
f 9280 4803 9300
f 9260 4782 9259
f 9260 4783 4782
f 9261 4784 4783
f 9261 4783 9260
f 9262 4785 4784
f 9262 4784 9261
f 9263 4786 4785
f 9263 4785 9262
f 9264 4787 4786
f 9264 4786 9263
f 9265 4788 4787
f 9265 4787 9264
f 9266 4789 4788
f 9266 4788 9265
f 9267 4790 4789
f 9267 4791 4790
f 9267 4789 9266
f 9268 4792 4791
f 9268 4791 9267
f 9269 4792 9268
f 9270 4793 4792
f 9270 4792 9269
f 9271 4794 4793
f 9271 4793 9270
f 9272 4794 9271
f 9272 4795 4794
f 9272 4796 4795
f 9273 4796 9272
f 9274 4796 9273
f 9274 4797 4796
f 9275 4797 9274
f 9275 4798 4797
f 9276 4798 9275
f 9276 4799 4798
f 9277 4799 9276
f 9277 4800 4799
f 9278 4800 9277
f 9278 4801 4800
f 9279 4801 9278
f 9279 4802 4801
f 9279 4782 4802
f 9259 4782 9279
f 9239 4761 9238
f 9239 4762 4761
f 9240 4763 4762
f 9240 4762 9239
f 9241 4764 4763
f 9241 4763 9240
f 9242 4765 4764
f 9242 4764 9241
f 9243 4766 4765
f 9243 4765 9242
f 9244 4767 4766
f 9244 4766 9243
f 9245 4768 4767
f 9245 4767 9244
f 9246 4769 4768
f 9246 4770 4769
f 9246 4768 9245
f 9247 4771 4770
f 9247 4770 9246
f 9248 4771 9247
f 9249 4772 4771
f 9249 4771 9248
f 9250 4773 4772
f 9250 4772 9249
f 9251 4773 9250
f 9251 4774 4773
f 9251 4775 4774
f 9252 4775 9251
f 9253 4775 9252
f 9253 4776 4775
f 9254 4776 9253
f 9254 4777 4776
f 9255 4777 9254
f 9255 4778 4777
f 9256 4778 9255
f 9256 4779 4778
f 9257 4779 9256
f 9257 4780 4779
f 9258 4780 9257
f 9258 4781 4780
f 9258 4761 4781
f 9238 4761 9258
f 9218 4740 9217
f 9218 4741 4740
f 9219 4742 4741
f 9219 4741 9218
f 9220 4743 4742
f 9220 4742 9219
f 9221 4744 4743
f 9221 4743 9220
f 9222 4745 4744
f 9222 4744 9221
f 9223 4746 4745
f 9223 4745 9222
f 9224 4747 4746
f 9224 4746 9223
f 9225 4748 4747
f 9225 4749 4748
f 9225 4747 9224
f 9226 4750 4749
f 9226 4749 9225
f 9227 4750 9226
f 9228 4751 4750
f 9228 4750 9227
f 9229 4752 4751
f 9229 4751 9228
f 9230 4752 9229
f 9230 4753 4752
f 9230 4754 4753
f 9231 4754 9230
f 9232 4754 9231
f 9232 4755 4754
f 9233 4755 9232
f 9233 4756 4755
f 9234 4756 9233
f 9234 4757 4756
f 9235 4757 9234
f 9235 4758 4757
f 9236 4758 9235
f 9236 4759 4758
f 9237 4759 9236
f 9237 4760 4759
f 9237 4740 4760
f 9217 4740 9237
f 9197 4719 9196
f 9197 4720 4719
f 9198 4721 4720
f 9198 4720 9197
f 9199 4722 4721
f 9199 4721 9198
f 9200 4723 4722
f 9200 4722 9199
f 9201 4724 4723
f 9201 4723 9200
f 9202 4725 4724
f 9202 4724 9201
f 9203 4726 4725
f 9203 4725 9202
f 9204 4727 4726
f 9204 4728 4727
f 9204 4726 9203
f 9205 4729 4728
f 9205 4728 9204
f 9206 4729 9205
f 9207 4730 4729
f 9207 4729 9206
f 9208 4731 4730
f 9208 4730 9207
f 9209 4731 9208
f 9209 4732 4731
f 9209 4733 4732
f 9210 4733 9209
f 9211 4733 9210
f 9211 4734 4733
f 9212 4734 9211
f 9212 4735 4734
f 9213 4735 9212
f 9213 4736 4735
f 9214 4736 9213
f 9214 4737 4736
f 9215 4737 9214
f 9215 4738 4737
f 9216 4738 9215
f 9216 4739 4738
f 9216 4719 4739
f 9196 4719 9216
f 9176 4698 9175
f 9176 4699 4698
f 9177 4700 4699
f 9177 4699 9176
f 9178 4701 4700
f 9178 4700 9177
f 9179 4702 4701
f 9179 4701 9178
f 9180 4703 4702
f 9180 4702 9179
f 9181 4704 4703
f 9181 4703 9180
f 9182 4705 4704
f 9182 4704 9181
f 9183 4706 4705
f 9183 4707 4706
f 9183 4705 9182
f 9184 4708 4707
f 9184 4707 9183
f 9185 4708 9184
f 9186 4709 4708
f 9186 4708 9185
f 9187 4710 4709
f 9187 4709 9186
f 9188 4710 9187
f 9188 4711 4710
f 9188 4712 4711
f 9189 4712 9188
f 9190 4712 9189
f 9190 4713 4712
f 9191 4713 9190
f 9191 4714 4713
f 9192 4714 9191
f 9192 4715 4714
f 9193 4715 9192
f 9193 4716 4715
f 9194 4716 9193
f 9194 4717 4716
f 9195 4717 9194
f 9195 4718 4717
f 9195 4698 4718
f 9175 4698 9195
f 9155 4677 9154
f 9155 4678 4677
f 9156 4679 4678
f 9156 4678 9155
f 9157 4680 4679
f 9157 4679 9156
f 9158 4681 4680
f 9158 4680 9157
f 9159 4682 4681
f 9159 4681 9158
f 9160 4683 4682
f 9160 4682 9159
f 9161 4684 4683
f 9161 4683 9160
f 9162 4685 4684
f 9162 4686 4685
f 9162 4684 9161
f 9163 4687 4686
f 9163 4686 9162
f 9164 4687 9163
f 9165 4688 4687
f 9165 4687 9164
f 9166 4689 4688
f 9166 4688 9165
f 9167 4689 9166
f 9167 4690 4689
f 9167 4691 4690
f 9168 4691 9167
f 9169 4691 9168
f 9169 4692 4691
f 9170 4692 9169
f 9170 4693 4692
f 9171 4693 9170
f 9171 4694 4693
f 9172 4694 9171
f 9172 4695 4694
f 9173 4695 9172
f 9173 4696 4695
f 9174 4696 9173
f 9174 4697 4696
f 9174 4677 4697
f 9154 4677 9174
f 9134 4656 9133
f 9134 4657 4656
f 9135 4658 4657
f 9135 4657 9134
f 9136 4659 4658
f 9136 4658 9135
f 9137 4660 4659
f 9137 4659 9136
f 9138 4661 4660
f 9138 4660 9137
f 9139 4662 4661
f 9139 4661 9138
f 9140 4663 4662
f 9140 4662 9139
f 9141 4664 4663
f 9141 4665 4664
f 9141 4663 9140
f 9142 4666 4665
f 9142 4665 9141
f 9143 4666 9142
f 9144 4667 4666
f 9144 4666 9143
f 9145 4668 4667
f 9145 4667 9144
f 9146 4668 9145
f 9146 4669 4668
f 9146 4670 4669
f 9147 4670 9146
f 9148 4670 9147
f 9148 4671 4670
f 9149 4671 9148
f 9149 4672 4671
f 9150 4672 9149
f 9150 4673 4672
f 9151 4673 9150
f 9151 4674 4673
f 9152 4674 9151
f 9152 4675 4674
f 9153 4675 9152
f 9153 4676 4675
f 9153 4656 4676
f 9133 4656 9153
f 9113 4635 9112
f 9113 4636 4635
f 9114 4637 4636
f 9114 4636 9113
f 9115 4638 4637
f 9115 4637 9114
f 9116 4639 4638
f 9116 4638 9115
f 9117 4640 4639
f 9117 4639 9116
f 9118 4641 4640
f 9118 4640 9117
f 9119 4642 4641
f 9119 4641 9118
f 9120 4643 4642
f 9120 4644 4643
f 9120 4642 9119
f 9121 4645 4644
f 9121 4644 9120
f 9122 4645 9121
f 9123 4646 4645
f 9123 4645 9122
f 9124 4647 4646
f 9124 4646 9123
f 9125 4647 9124
f 9125 4648 4647
f 9125 4649 4648
f 9126 4649 9125
f 9127 4649 9126
f 9127 4650 4649
f 9128 4650 9127
f 9128 4651 4650
f 9129 4651 9128
f 9129 4652 4651
f 9130 4652 9129
f 9130 4653 4652
f 9131 4653 9130
f 9131 4654 4653
f 9132 4654 9131
f 9132 4655 4654
f 9132 4635 4655
f 9112 4635 9132
f 9092 4614 9091
f 9092 4615 4614
f 9093 4616 4615
f 9093 4615 9092
f 9094 4617 4616
f 9094 4616 9093
f 9095 4618 4617
f 9095 4617 9094
f 9096 4619 4618
f 9096 4618 9095
f 9097 4620 4619
f 9097 4619 9096
f 9098 4621 4620
f 9098 4620 9097
f 9099 4622 4621
f 9099 4623 4622
f 9099 4621 9098
f 9100 4624 4623
f 9100 4623 9099
f 9101 4624 9100
f 9102 4625 4624
f 9102 4624 9101
f 9103 4626 4625
f 9103 4625 9102
f 9104 4626 9103
f 9104 4627 4626
f 9104 4628 4627
f 9105 4628 9104
f 9106 4628 9105
f 9106 4629 4628
f 9107 4629 9106
f 9107 4630 4629
f 9108 4630 9107
f 9108 4631 4630
f 9109 4631 9108
f 9109 4632 4631
f 9110 4632 9109
f 9110 4633 4632
f 9111 4633 9110
f 9111 4634 4633
f 9111 4614 4634
f 9091 4614 9111
f 9071 4593 9070
f 9071 4594 4593
f 9072 4595 4594
f 9072 4594 9071
f 9073 4596 4595
f 9073 4595 9072
f 9074 4597 4596
f 9074 4596 9073
f 9075 4598 4597
f 9075 4597 9074
f 9076 4599 4598
f 9076 4598 9075
f 9077 4600 4599
f 9077 4599 9076
f 9078 4601 4600
f 9078 4602 4601
f 9078 4600 9077
f 9079 4603 4602
f 9079 4602 9078
f 9080 4603 9079
f 9081 4604 4603
f 9081 4603 9080
f 9082 4605 4604
f 9082 4604 9081
f 9083 4605 9082
f 9083 4606 4605
f 9083 4607 4606
f 9084 4607 9083
f 9085 4607 9084
f 9085 4608 4607
f 9086 4608 9085
f 9086 4609 4608
f 9087 4609 9086
f 9087 4610 4609
f 9088 4610 9087
f 9088 4611 4610
f 9089 4611 9088
f 9089 4612 4611
f 9090 4612 9089
f 9090 4613 4612
f 9090 4593 4613
f 9070 4593 9090
f 9050 4572 9049
f 9050 4573 4572
f 9051 4574 4573
f 9051 4573 9050
f 9052 4575 4574
f 9052 4574 9051
f 9053 4576 4575
f 9053 4575 9052
f 9054 4577 4576
f 9054 4576 9053
f 9055 4578 4577
f 9055 4577 9054
f 9056 4579 4578
f 9056 4578 9055
f 9057 4580 4579
f 9057 4581 4580
f 9057 4579 9056
f 9058 4582 4581
f 9058 4581 9057
f 9059 4582 9058
f 9060 4583 4582
f 9060 4582 9059
f 9061 4584 4583
f 9061 4583 9060
f 9062 4584 9061
f 9062 4585 4584
f 9062 4586 4585
f 9063 4586 9062
f 9064 4586 9063
f 9064 4587 4586
f 9065 4587 9064
f 9065 4588 4587
f 9066 4588 9065
f 9066 4589 4588
f 9067 4589 9066
f 9067 4590 4589
f 9068 4590 9067
f 9068 4591 4590
f 9069 4591 9068
f 9069 4592 4591
f 9069 4572 4592
f 9049 4572 9069
f 9029 4551 9028
f 9029 4552 4551
f 9030 4553 4552
f 9030 4552 9029
f 9031 4554 4553
f 9031 4553 9030
f 9032 4555 4554
f 9032 4554 9031
f 9033 4556 4555
f 9033 4555 9032
f 9034 4557 4556
f 9034 4556 9033
f 9035 4558 4557
f 9035 4557 9034
f 9036 4559 4558
f 9036 4560 4559
f 9036 4558 9035
f 9037 4561 4560
f 9037 4560 9036
f 9038 4561 9037
f 9039 4562 4561
f 9039 4561 9038
f 9040 4563 4562
f 9040 4562 9039
f 9041 4563 9040
f 9041 4564 4563
f 9041 4565 4564
f 9042 4565 9041
f 9043 4565 9042
f 9043 4566 4565
f 9044 4566 9043
f 9044 4567 4566
f 9045 4567 9044
f 9045 4568 4567
f 9046 4568 9045
f 9046 4569 4568
f 9047 4569 9046
f 9047 4570 4569
f 9048 4570 9047
f 9048 4571 4570
f 9048 4551 4571
f 9028 4551 9048
f 9008 4530 9007
f 9008 4531 4530
f 9009 4532 4531
f 9009 4531 9008
f 9010 4533 4532
f 9010 4532 9009
f 9011 4534 4533
f 9011 4533 9010
f 9012 4535 4534
f 9012 4534 9011
f 9013 4536 4535
f 9013 4535 9012
f 9014 4537 4536
f 9014 4536 9013
f 9015 4538 4537
f 9015 4539 4538
f 9015 4537 9014
f 9016 4540 4539
f 9016 4539 9015
f 9017 4540 9016
f 9018 4541 4540
f 9018 4540 9017
f 9019 4542 4541
f 9019 4541 9018
f 9020 4542 9019
f 9020 4543 4542
f 9020 4544 4543
f 9021 4544 9020
f 9022 4544 9021
f 9022 4545 4544
f 9023 4545 9022
f 9023 4546 4545
f 9024 4546 9023
f 9024 4547 4546
f 9025 4547 9024
f 9025 4548 4547
f 9026 4548 9025
f 9026 4549 4548
f 9027 4549 9026
f 9027 4550 4549
f 9027 4530 4550
f 9007 4530 9027
f 8987 4509 8986
f 8987 4510 4509
f 8988 4511 4510
f 8988 4510 8987
f 8989 4512 4511
f 8989 4511 8988
f 8990 4513 4512
f 8990 4512 8989
f 8991 4514 4513
f 8991 4513 8990
f 8992 4515 4514
f 8992 4514 8991
f 8993 4516 4515
f 8993 4515 8992
f 8994 4517 4516
f 8994 4518 4517
f 8994 4516 8993
f 8995 4519 4518
f 8995 4518 8994
f 8996 4519 8995
f 8997 4520 4519
f 8997 4519 8996
f 8998 4521 4520
f 8998 4520 8997
f 8999 4521 8998
f 8999 4522 4521
f 8999 4523 4522
f 9000 4523 8999
f 9001 4523 9000
f 9001 4524 4523
f 9002 4524 9001
f 9002 4525 4524
f 9003 4525 9002
f 9003 4526 4525
f 9004 4526 9003
f 9004 4527 4526
f 9005 4527 9004
f 9005 4528 4527
f 9006 4528 9005
f 9006 4529 4528
f 9006 4509 4529
f 8986 4509 9006
f 8966 4488 8965
f 8966 4489 4488
f 8967 4490 4489
f 8967 4489 8966
f 8968 4491 4490
f 8968 4490 8967
f 8969 4492 4491
f 8969 4491 8968
f 8970 4493 4492
f 8970 4492 8969
f 8971 4494 4493
f 8971 4493 8970
f 8972 4495 4494
f 8972 4494 8971
f 8973 4496 4495
f 8973 4497 4496
f 8973 4495 8972
f 8974 4498 4497
f 8974 4497 8973
f 8975 4498 8974
f 8976 4499 4498
f 8976 4498 8975
f 8977 4500 4499
f 8977 4499 8976
f 8978 4500 8977
f 8978 4501 4500
f 8978 4502 4501
f 8979 4502 8978
f 8980 4502 8979
f 8980 4503 4502
f 8981 4503 8980
f 8981 4504 4503
f 8982 4504 8981
f 8982 4505 4504
f 8983 4505 8982
f 8983 4506 4505
f 8984 4506 8983
f 8984 4507 4506
f 8985 4507 8984
f 8985 4508 4507
f 8985 4488 4508
f 8965 4488 8985
f 8945 4467 8944
f 8945 4468 4467
f 8946 4469 4468
f 8946 4468 8945
f 8947 4470 4469
f 8947 4469 8946
f 8948 4471 4470
f 8948 4470 8947
f 8949 4472 4471
f 8949 4471 8948
f 8950 4473 4472
f 8950 4472 8949
f 8951 4474 4473
f 8951 4473 8950
f 8952 4475 4474
f 8952 4476 4475
f 8952 4474 8951
f 8953 4477 4476
f 8953 4476 8952
f 8954 4477 8953
f 8955 4478 4477
f 8955 4477 8954
f 8956 4479 4478
f 8956 4478 8955
f 8957 4479 8956
f 8957 4480 4479
f 8957 4481 4480
f 8958 4481 8957
f 8959 4481 8958
f 8959 4482 4481
f 8960 4482 8959
f 8960 4483 4482
f 8961 4483 8960
f 8961 4484 4483
f 8962 4484 8961
f 8962 4485 4484
f 8963 4485 8962
f 8963 4486 4485
f 8964 4486 8963
f 8964 4487 4486
f 8964 4467 4487
f 8944 4467 8964
f 8924 4446 8923
f 8924 4447 4446
f 8925 4448 4447
f 8925 4447 8924
f 8926 4449 4448
f 8926 4448 8925
f 8927 4450 4449
f 8927 4449 8926
f 8928 4451 4450
f 8928 4450 8927
f 8929 4452 4451
f 8929 4451 8928
f 8930 4453 4452
f 8930 4452 8929
f 8931 4454 4453
f 8931 4455 4454
f 8931 4453 8930
f 8932 4456 4455
f 8932 4455 8931
f 8933 4456 8932
f 8934 4457 4456
f 8934 4456 8933
f 8935 4458 4457
f 8935 4457 8934
f 8936 4458 8935
f 8936 4459 4458
f 8936 4460 4459
f 8937 4460 8936
f 8938 4460 8937
f 8938 4461 4460
f 8939 4461 8938
f 8939 4462 4461
f 8940 4462 8939
f 8940 4463 4462
f 8941 4463 8940
f 8941 4464 4463
f 8942 4464 8941
f 8942 4465 4464
f 8943 4465 8942
f 8943 4466 4465
f 8943 4446 4466
f 8923 4446 8943
f 8903 4425 8902
f 8903 4426 4425
f 8904 4427 4426
f 8904 4426 8903
f 8905 4428 4427
f 8905 4427 8904
f 8906 4429 4428
f 8906 4428 8905
f 8907 4430 4429
f 8907 4429 8906
f 8908 4431 4430
f 8908 4430 8907
f 8909 4432 4431
f 8909 4431 8908
f 8910 4433 4432
f 8910 4434 4433
f 8910 4432 8909
f 8911 4435 4434
f 8911 4434 8910
f 8912 4435 8911
f 8913 4436 4435
f 8913 4435 8912
f 8914 4437 4436
f 8914 4436 8913
f 8915 4437 8914
f 8915 4438 4437
f 8915 4439 4438
f 8916 4439 8915
f 8917 4439 8916
f 8917 4440 4439
f 8918 4440 8917
f 8918 4441 4440
f 8919 4441 8918
f 8919 4442 4441
f 8920 4442 8919
f 8920 4443 4442
f 8921 4443 8920
f 8921 4444 4443
f 8922 4444 8921
f 8922 4445 4444
f 8922 4425 4445
f 8902 4425 8922
f 8882 4404 8881
f 8882 4405 4404
f 8883 4406 4405
f 8883 4405 8882
f 8884 4407 4406
f 8884 4406 8883
f 8885 4408 4407
f 8885 4407 8884
f 8886 4409 4408
f 8886 4408 8885
f 8887 4410 4409
f 8887 4409 8886
f 8888 4411 4410
f 8888 4410 8887
f 8889 4412 4411
f 8889 4413 4412
f 8889 4411 8888
f 8890 4414 4413
f 8890 4413 8889
f 8891 4414 8890
f 8892 4415 4414
f 8892 4414 8891
f 8893 4416 4415
f 8893 4415 8892
f 8894 4416 8893
f 8894 4417 4416
f 8894 4418 4417
f 8895 4418 8894
f 8896 4418 8895
f 8896 4419 4418
f 8897 4419 8896
f 8897 4420 4419
f 8898 4420 8897
f 8898 4421 4420
f 8899 4421 8898
f 8899 4422 4421
f 8900 4422 8899
f 8900 4423 4422
f 8901 4423 8900
f 8901 4424 4423
f 8901 4404 4424
f 8881 4404 8901
f 8861 4383 8860
f 8861 4384 4383
f 8862 4385 4384
f 8862 4384 8861
f 8863 4386 4385
f 8863 4385 8862
f 8864 4387 4386
f 8864 4386 8863
f 8865 4388 4387
f 8865 4387 8864
f 8866 4389 4388
f 8866 4388 8865
f 8867 4390 4389
f 8867 4389 8866
f 8868 4391 4390
f 8868 4392 4391
f 8868 4390 8867
f 8869 4393 4392
f 8869 4392 8868
f 8870 4393 8869
f 8871 4394 4393
f 8871 4393 8870
f 8872 4395 4394
f 8872 4394 8871
f 8873 4395 8872
f 8873 4396 4395
f 8873 4397 4396
f 8874 4397 8873
f 8875 4397 8874
f 8875 4398 4397
f 8876 4398 8875
f 8876 4399 4398
f 8877 4399 8876
f 8877 4400 4399
f 8878 4400 8877
f 8878 4401 4400
f 8879 4401 8878
f 8879 4402 4401
f 8880 4402 8879
f 8880 4403 4402
f 8880 4383 4403
f 8860 4383 8880
f 8840 4362 8839
f 8840 4363 4362
f 8841 4364 4363
f 8841 4363 8840
f 8842 4365 4364
f 8842 4364 8841
f 8843 4366 4365
f 8843 4365 8842
f 8844 4367 4366
f 8844 4366 8843
f 8845 4368 4367
f 8845 4367 8844
f 8846 4369 4368
f 8846 4368 8845
f 8847 4370 4369
f 8847 4371 4370
f 8847 4369 8846
f 8848 4372 4371
f 8848 4371 8847
f 8849 4372 8848
f 8850 4373 4372
f 8850 4372 8849
f 8851 4374 4373
f 8851 4373 8850
f 8852 4374 8851
f 8852 4375 4374
f 8852 4376 4375
f 8853 4376 8852
f 8854 4376 8853
f 8854 4377 4376
f 8855 4377 8854
f 8855 4378 4377
f 8856 4378 8855
f 8856 4379 4378
f 8857 4379 8856
f 8857 4380 4379
f 8858 4380 8857
f 8858 4381 4380
f 8859 4381 8858
f 8859 4382 4381
f 8859 4362 4382
f 8839 4362 8859
f 8819 4341 8818
f 8819 4342 4341
f 8820 4343 4342
f 8820 4342 8819
f 8821 4344 4343
f 8821 4343 8820
f 8822 4345 4344
f 8822 4344 8821
f 8823 4346 4345
f 8823 4345 8822
f 8824 4347 4346
f 8824 4346 8823
f 8825 4348 4347
f 8825 4347 8824
f 8826 4349 4348
f 8826 4350 4349
f 8826 4348 8825
f 8827 4351 4350
f 8827 4350 8826
f 8828 4351 8827
f 8829 4352 4351
f 8829 4351 8828
f 8830 4353 4352
f 8830 4352 8829
f 8831 4353 8830
f 8831 4354 4353
f 8831 4355 4354
f 8832 4355 8831
f 8833 4355 8832
f 8833 4356 4355
f 8834 4356 8833
f 8834 4357 4356
f 8835 4357 8834
f 8835 4358 4357
f 8836 4358 8835
f 8836 4359 4358
f 8837 4359 8836
f 8837 4360 4359
f 8838 4360 8837
f 8838 4361 4360
f 8838 4341 4361
f 8818 4341 8838
f 8798 4320 8797
f 8798 4321 4320
f 8799 4322 4321
f 8799 4321 8798
f 8800 4323 4322
f 8800 4322 8799
f 8801 4324 4323
f 8801 4323 8800
f 8802 4325 4324
f 8802 4324 8801
f 8803 4326 4325
f 8803 4325 8802
f 8804 4327 4326
f 8804 4326 8803
f 8805 4328 4327
f 8805 4329 4328
f 8805 4327 8804
f 8806 4330 4329
f 8806 4329 8805
f 8807 4330 8806
f 8808 4331 4330
f 8808 4330 8807
f 8809 4332 4331
f 8809 4331 8808
f 8810 4332 8809
f 8810 4333 4332
f 8810 4334 4333
f 8811 4334 8810
f 8812 4334 8811
f 8812 4335 4334
f 8813 4335 8812
f 8813 4336 4335
f 8814 4336 8813
f 8814 4337 4336
f 8815 4337 8814
f 8815 4338 4337
f 8816 4338 8815
f 8816 4339 4338
f 8817 4339 8816
f 8817 4340 4339
f 8817 4320 4340
f 8797 4320 8817
f 8777 4299 8776
f 8777 4300 4299
f 8778 4301 4300
f 8778 4300 8777
f 8779 4302 4301
f 8779 4301 8778
f 8780 4303 4302
f 8780 4302 8779
f 8781 4304 4303
f 8781 4303 8780
f 8782 4305 4304
f 8782 4304 8781
f 8783 4306 4305
f 8783 4305 8782
f 8784 4307 4306
f 8784 4308 4307
f 8784 4306 8783
f 8785 4309 4308
f 8785 4308 8784
f 8786 4309 8785
f 8787 4310 4309
f 8787 4309 8786
f 8788 4311 4310
f 8788 4310 8787
f 8789 4311 8788
f 8789 4312 4311
f 8789 4313 4312
f 8790 4313 8789
f 8791 4313 8790
f 8791 4314 4313
f 8792 4314 8791
f 8792 4315 4314
f 8793 4315 8792
f 8793 4316 4315
f 8794 4316 8793
f 8794 4317 4316
f 8795 4317 8794
f 8795 4318 4317
f 8796 4318 8795
f 8796 4319 4318
f 8796 4299 4319
f 8776 4299 8796
f 8756 4278 8755
f 8756 4279 4278
f 8757 4280 4279
f 8757 4279 8756
f 8758 4281 4280
f 8758 4280 8757
f 8759 4282 4281
f 8759 4281 8758
f 8760 4283 4282
f 8760 4282 8759
f 8761 4284 4283
f 8761 4283 8760
f 8762 4285 4284
f 8762 4284 8761
f 8763 4286 4285
f 8763 4287 4286
f 8763 4285 8762
f 8764 4288 4287
f 8764 4287 8763
f 8765 4288 8764
f 8766 4289 4288
f 8766 4288 8765
f 8767 4290 4289
f 8767 4289 8766
f 8768 4290 8767
f 8768 4291 4290
f 8768 4292 4291
f 8769 4292 8768
f 8770 4292 8769
f 8770 4293 4292
f 8771 4293 8770
f 8771 4294 4293
f 8772 4294 8771
f 8772 4295 4294
f 8773 4295 8772
f 8773 4296 4295
f 8774 4296 8773
f 8774 4297 4296
f 8775 4297 8774
f 8775 4298 4297
f 8775 4278 4298
f 8755 4278 8775
f 8735 4257 8734
f 8735 4258 4257
f 8736 4259 4258
f 8736 4258 8735
f 8737 4260 4259
f 8737 4259 8736
f 8738 4261 4260
f 8738 4260 8737
f 8739 4262 4261
f 8739 4261 8738
f 8740 4263 4262
f 8740 4262 8739
f 8741 4264 4263
f 8741 4263 8740
f 8742 4265 4264
f 8742 4266 4265
f 8742 4264 8741
f 8743 4267 4266
f 8743 4266 8742
f 8744 4267 8743
f 8745 4268 4267
f 8745 4267 8744
f 8746 4269 4268
f 8746 4268 8745
f 8747 4269 8746
f 8747 4270 4269
f 8747 4271 4270
f 8748 4271 8747
f 8749 4271 8748
f 8749 4272 4271
f 8750 4272 8749
f 8750 4273 4272
f 8751 4273 8750
f 8751 4274 4273
f 8752 4274 8751
f 8752 4275 4274
f 8753 4275 8752
f 8753 4276 4275
f 8754 4276 8753
f 8754 4277 4276
f 8754 4257 4277
f 8734 4257 8754
f 8714 4236 8713
f 8714 4237 4236
f 8715 4238 4237
f 8715 4237 8714
f 8716 4239 4238
f 8716 4238 8715
f 8717 4240 4239
f 8717 4239 8716
f 8718 4241 4240
f 8718 4240 8717
f 8719 4242 4241
f 8719 4241 8718
f 8720 4243 4242
f 8720 4242 8719
f 8721 4244 4243
f 8721 4245 4244
f 8721 4243 8720
f 8722 4246 4245
f 8722 4245 8721
f 8723 4246 8722
f 8724 4247 4246
f 8724 4246 8723
f 8725 4248 4247
f 8725 4247 8724
f 8726 4248 8725
f 8726 4249 4248
f 8726 4250 4249
f 8727 4250 8726
f 8728 4250 8727
f 8728 4251 4250
f 8729 4251 8728
f 8729 4252 4251
f 8730 4252 8729
f 8730 4253 4252
f 8731 4253 8730
f 8731 4254 4253
f 8732 4254 8731
f 8732 4255 4254
f 8733 4255 8732
f 8733 4256 4255
f 8733 4236 4256
f 8713 4236 8733
f 8693 4215 8692
f 8693 4216 4215
f 8694 4217 4216
f 8694 4216 8693
f 8695 4218 4217
f 8695 4217 8694
f 8696 4219 4218
f 8696 4218 8695
f 8697 4220 4219
f 8697 4219 8696
f 8698 4221 4220
f 8698 4220 8697
f 8699 4222 4221
f 8699 4221 8698
f 8700 4223 4222
f 8700 4224 4223
f 8700 4222 8699
f 8701 4225 4224
f 8701 4224 8700
f 8702 4225 8701
f 8703 4226 4225
f 8703 4225 8702
f 8704 4227 4226
f 8704 4226 8703
f 8705 4227 8704
f 8705 4228 4227
f 8705 4229 4228
f 8706 4229 8705
f 8707 4229 8706
f 8707 4230 4229
f 8708 4230 8707
f 8708 4231 4230
f 8709 4231 8708
f 8709 4232 4231
f 8710 4232 8709
f 8710 4233 4232
f 8711 4233 8710
f 8711 4234 4233
f 8712 4234 8711
f 8712 4235 4234
f 8712 4215 4235
f 8692 4215 8712
f 8672 4194 8671
f 8672 4195 4194
f 8673 4196 4195
f 8673 4195 8672
f 8674 4197 4196
f 8674 4196 8673
f 8675 4198 4197
f 8675 4197 8674
f 8676 4199 4198
f 8676 4198 8675
f 8677 4200 4199
f 8677 4199 8676
f 8678 4201 4200
f 8678 4200 8677
f 8679 4202 4201
f 8679 4203 4202
f 8679 4201 8678
f 8680 4204 4203
f 8680 4203 8679
f 8681 4204 8680
f 8682 4205 4204
f 8682 4204 8681
f 8683 4206 4205
f 8683 4205 8682
f 8684 4206 8683
f 8684 4207 4206
f 8684 4208 4207
f 8685 4208 8684
f 8686 4208 8685
f 8686 4209 4208
f 8687 4209 8686
f 8687 4210 4209
f 8688 4210 8687
f 8688 4211 4210
f 8689 4211 8688
f 8689 4212 4211
f 8690 4212 8689
f 8690 4213 4212
f 8691 4213 8690
f 8691 4214 4213
f 8691 4194 4214
f 8671 4194 8691
f 8651 4173 8650
f 8651 4174 4173
f 8652 4175 4174
f 8652 4174 8651
f 8653 4176 4175
f 8653 4175 8652
f 8654 4177 4176
f 8654 4176 8653
f 8655 4178 4177
f 8655 4177 8654
f 8656 4179 4178
f 8656 4178 8655
f 8657 4180 4179
f 8657 4179 8656
f 8658 4181 4180
f 8658 4182 4181
f 8658 4180 8657
f 8659 4183 4182
f 8659 4182 8658
f 8660 4183 8659
f 8661 4184 4183
f 8661 4183 8660
f 8662 4185 4184
f 8662 4184 8661
f 8663 4185 8662
f 8663 4186 4185
f 8663 4187 4186
f 8664 4187 8663
f 8665 4187 8664
f 8665 4188 4187
f 8666 4188 8665
f 8666 4189 4188
f 8667 4189 8666
f 8667 4190 4189
f 8668 4190 8667
f 8668 4191 4190
f 8669 4191 8668
f 8669 4192 4191
f 8670 4192 8669
f 8670 4193 4192
f 8670 4173 4193
f 8650 4173 8670
f 8630 4152 8629
f 8630 4153 4152
f 8631 4154 4153
f 8631 4153 8630
f 8632 4155 4154
f 8632 4154 8631
f 8633 4156 4155
f 8633 4155 8632
f 8634 4157 4156
f 8634 4156 8633
f 8635 4158 4157
f 8635 4157 8634
f 8636 4159 4158
f 8636 4158 8635
f 8637 4160 4159
f 8637 4161 4160
f 8637 4159 8636
f 8638 4162 4161
f 8638 4161 8637
f 8639 4162 8638
f 8640 4163 4162
f 8640 4162 8639
f 8641 4164 4163
f 8641 4163 8640
f 8642 4164 8641
f 8642 4165 4164
f 8642 4166 4165
f 8643 4166 8642
f 8644 4166 8643
f 8644 4167 4166
f 8645 4167 8644
f 8645 4168 4167
f 8646 4168 8645
f 8646 4169 4168
f 8647 4169 8646
f 8647 4170 4169
f 8648 4170 8647
f 8648 4171 4170
f 8649 4171 8648
f 8649 4172 4171
f 8649 4152 4172
f 8629 4152 8649
f 8609 4131 8608
f 8609 4132 4131
f 8610 4133 4132
f 8610 4132 8609
f 8611 4134 4133
f 8611 4133 8610
f 8612 4135 4134
f 8612 4134 8611
f 8613 4136 4135
f 8613 4135 8612
f 8614 4137 4136
f 8614 4136 8613
f 8615 4138 4137
f 8615 4137 8614
f 8616 4139 4138
f 8616 4140 4139
f 8616 4138 8615
f 8617 4141 4140
f 8617 4140 8616
f 8618 4141 8617
f 8619 4142 4141
f 8619 4141 8618
f 8620 4143 4142
f 8620 4142 8619
f 8621 4143 8620
f 8621 4144 4143
f 8621 4145 4144
f 8622 4145 8621
f 8623 4145 8622
f 8623 4146 4145
f 8624 4146 8623
f 8624 4147 4146
f 8625 4147 8624
f 8625 4148 4147
f 8626 4148 8625
f 8626 4149 4148
f 8627 4149 8626
f 8627 4150 4149
f 8628 4150 8627
f 8628 4151 4150
f 8628 4131 4151
f 8608 4131 8628
f 8588 4110 8587
f 8588 4111 4110
f 8589 4112 4111
f 8589 4111 8588
f 8590 4113 4112
f 8590 4112 8589
f 8591 4114 4113
f 8591 4113 8590
f 8592 4115 4114
f 8592 4114 8591
f 8593 4116 4115
f 8593 4115 8592
f 8594 4117 4116
f 8594 4116 8593
f 8595 4118 4117
f 8595 4119 4118
f 8595 4117 8594
f 8596 4120 4119
f 8596 4119 8595
f 8597 4120 8596
f 8598 4121 4120
f 8598 4120 8597
f 8599 4122 4121
f 8599 4121 8598
f 8600 4122 8599
f 8600 4123 4122
f 8600 4124 4123
f 8601 4124 8600
f 8602 4124 8601
f 8602 4125 4124
f 8603 4125 8602
f 8603 4126 4125
f 8604 4126 8603
f 8604 4127 4126
f 8605 4127 8604
f 8605 4128 4127
f 8606 4128 8605
f 8606 4129 4128
f 8607 4129 8606
f 8607 4130 4129
f 8607 4110 4130
f 8587 4110 8607
f 8567 4089 8566
f 8567 4090 4089
f 8568 4091 4090
f 8568 4090 8567
f 8569 4092 4091
f 8569 4091 8568
f 8570 4093 4092
f 8570 4092 8569
f 8571 4094 4093
f 8571 4093 8570
f 8572 4095 4094
f 8572 4094 8571
f 8573 4096 4095
f 8573 4095 8572
f 8574 4097 4096
f 8574 4098 4097
f 8574 4096 8573
f 8575 4099 4098
f 8575 4098 8574
f 8576 4099 8575
f 8577 4100 4099
f 8577 4099 8576
f 8578 4101 4100
f 8578 4100 8577
f 8579 4101 8578
f 8579 4102 4101
f 8579 4103 4102
f 8580 4103 8579
f 8581 4103 8580
f 8581 4104 4103
f 8582 4104 8581
f 8582 4105 4104
f 8583 4105 8582
f 8583 4106 4105
f 8584 4106 8583
f 8584 4107 4106
f 8585 4107 8584
f 8585 4108 4107
f 8586 4108 8585
f 8586 4109 4108
f 8586 4089 4109
f 8566 4089 8586
f 8546 4068 8545
f 8546 4069 4068
f 8547 4070 4069
f 8547 4069 8546
f 8548 4071 4070
f 8548 4070 8547
f 8549 4072 4071
f 8549 4071 8548
f 8550 4073 4072
f 8550 4072 8549
f 8551 4074 4073
f 8551 4073 8550
f 8552 4075 4074
f 8552 4074 8551
f 8553 4076 4075
f 8553 4077 4076
f 8553 4075 8552
f 8554 4078 4077
f 8554 4077 8553
f 8555 4078 8554
f 8556 4079 4078
f 8556 4078 8555
f 8557 4080 4079
f 8557 4079 8556
f 8558 4080 8557
f 8558 4081 4080
f 8558 4082 4081
f 8559 4082 8558
f 8560 4082 8559
f 8560 4083 4082
f 8561 4083 8560
f 8561 4084 4083
f 8562 4084 8561
f 8562 4085 4084
f 8563 4085 8562
f 8563 4086 4085
f 8564 4086 8563
f 8564 4087 4086
f 8565 4087 8564
f 8565 4088 4087
f 8565 4068 4088
f 8545 4068 8565
f 8525 4047 8524
f 8525 4048 4047
f 8526 4049 4048
f 8526 4048 8525
f 8527 4050 4049
f 8527 4049 8526
f 8528 4051 4050
f 8528 4050 8527
f 8529 4052 4051
f 8529 4051 8528
f 8530 4053 4052
f 8530 4052 8529
f 8531 4054 4053
f 8531 4053 8530
f 8532 4055 4054
f 8532 4056 4055
f 8532 4054 8531
f 8533 4057 4056
f 8533 4056 8532
f 8534 4057 8533
f 8535 4058 4057
f 8535 4057 8534
f 8536 4059 4058
f 8536 4058 8535
f 8537 4059 8536
f 8537 4060 4059
f 8537 4061 4060
f 8538 4061 8537
f 8539 4061 8538
f 8539 4062 4061
f 8540 4062 8539
f 8540 4063 4062
f 8541 4063 8540
f 8541 4064 4063
f 8542 4064 8541
f 8542 4065 4064
f 8543 4065 8542
f 8543 4066 4065
f 8544 4066 8543
f 8544 4067 4066
f 8544 4047 4067
f 8524 4047 8544
f 8504 4026 8503
f 8504 4027 4026
f 8505 4028 4027
f 8505 4027 8504
f 8506 4029 4028
f 8506 4028 8505
f 8507 4030 4029
f 8507 4029 8506
f 8508 4031 4030
f 8508 4030 8507
f 8509 4032 4031
f 8509 4031 8508
f 8510 4033 4032
f 8510 4032 8509
f 8511 4034 4033
f 8511 4035 4034
f 8511 4033 8510
f 8512 4036 4035
f 8512 4035 8511
f 8513 4036 8512
f 8514 4037 4036
f 8514 4036 8513
f 8515 4038 4037
f 8515 4037 8514
f 8516 4038 8515
f 8516 4039 4038
f 8516 4040 4039
f 8517 4040 8516
f 8518 4040 8517
f 8518 4041 4040
f 8519 4041 8518
f 8519 4042 4041
f 8520 4042 8519
f 8520 4043 4042
f 8521 4043 8520
f 8521 4044 4043
f 8522 4044 8521
f 8522 4045 4044
f 8523 4045 8522
f 8523 4046 4045
f 8523 4026 4046
f 8503 4026 8523
f 8483 4005 8482
f 8483 4006 4005
f 8484 4007 4006
f 8484 4006 8483
f 8485 4008 4007
f 8485 4007 8484
f 8486 4009 4008
f 8486 4008 8485
f 8487 4010 4009
f 8487 4009 8486
f 8488 4011 4010
f 8488 4010 8487
f 8489 4012 4011
f 8489 4011 8488
f 8490 4013 4012
f 8490 4014 4013
f 8490 4012 8489
f 8491 4015 4014
f 8491 4014 8490
f 8492 4015 8491
f 8493 4016 4015
f 8493 4015 8492
f 8494 4017 4016
f 8494 4016 8493
f 8495 4017 8494
f 8495 4018 4017
f 8495 4019 4018
f 8496 4019 8495
f 8497 4019 8496
f 8497 4020 4019
f 8498 4020 8497
f 8498 4021 4020
f 8499 4021 8498
f 8499 4022 4021
f 8500 4022 8499
f 8500 4023 4022
f 8501 4023 8500
f 8501 4024 4023
f 8502 4024 8501
f 8502 4025 4024
f 8502 4005 4025
f 8482 4005 8502
f 8462 3984 8461
f 8462 3985 3984
f 8463 3986 3985
f 8463 3985 8462
f 8464 3987 3986
f 8464 3986 8463
f 8465 3988 3987
f 8465 3987 8464
f 8466 3989 3988
f 8466 3988 8465
f 8467 3990 3989
f 8467 3989 8466
f 8468 3991 3990
f 8468 3990 8467
f 8469 3992 3991
f 8469 3993 3992
f 8469 3991 8468
f 8470 3994 3993
f 8470 3993 8469
f 8471 3994 8470
f 8472 3995 3994
f 8472 3994 8471
f 8473 3996 3995
f 8473 3995 8472
f 8474 3996 8473
f 8474 3997 3996
f 8474 3998 3997
f 8475 3998 8474
f 8476 3998 8475
f 8476 3999 3998
f 8477 3999 8476
f 8477 4000 3999
f 8478 4000 8477
f 8478 4001 4000
f 8479 4001 8478
f 8479 4002 4001
f 8480 4002 8479
f 8480 4003 4002
f 8481 4003 8480
f 8481 4004 4003
f 8481 3984 4004
f 8461 3984 8481
f 8441 3963 8440
f 8441 3964 3963
f 8442 3965 3964
f 8442 3964 8441
f 8443 3966 3965
f 8443 3965 8442
f 8444 3967 3966
f 8444 3966 8443
f 8445 3968 3967
f 8445 3967 8444
f 8446 3969 3968
f 8446 3968 8445
f 8447 3970 3969
f 8447 3969 8446
f 8448 3971 3970
f 8448 3972 3971
f 8448 3970 8447
f 8449 3973 3972
f 8449 3972 8448
f 8450 3973 8449
f 8451 3974 3973
f 8451 3973 8450
f 8452 3975 3974
f 8452 3974 8451
f 8453 3975 8452
f 8453 3976 3975
f 8453 3977 3976
f 8454 3977 8453
f 8455 3977 8454
f 8455 3978 3977
f 8456 3978 8455
f 8456 3979 3978
f 8457 3979 8456
f 8457 3980 3979
f 8458 3980 8457
f 8458 3981 3980
f 8459 3981 8458
f 8459 3982 3981
f 8460 3982 8459
f 8460 3983 3982
f 8460 3963 3983
f 8440 3963 8460
f 8420 3942 8419
f 8420 3943 3942
f 8421 3944 3943
f 8421 3943 8420
f 8422 3945 3944
f 8422 3944 8421
f 8423 3946 3945
f 8423 3945 8422
f 8424 3947 3946
f 8424 3946 8423
f 8425 3948 3947
f 8425 3947 8424
f 8426 3949 3948
f 8426 3948 8425
f 8427 3950 3949
f 8427 3951 3950
f 8427 3949 8426
f 8428 3952 3951
f 8428 3951 8427
f 8429 3952 8428
f 8430 3953 3952
f 8430 3952 8429
f 8431 3954 3953
f 8431 3953 8430
f 8432 3954 8431
f 8432 3955 3954
f 8432 3956 3955
f 8433 3956 8432
f 8434 3956 8433
f 8434 3957 3956
f 8435 3957 8434
f 8435 3958 3957
f 8436 3958 8435
f 8436 3959 3958
f 8437 3959 8436
f 8437 3960 3959
f 8438 3960 8437
f 8438 3961 3960
f 8439 3961 8438
f 8439 3962 3961
f 8439 3942 3962
f 8419 3942 8439
f 8399 3921 8398
f 8399 3922 3921
f 8400 3923 3922
f 8400 3922 8399
f 8401 3924 3923
f 8401 3923 8400
f 8402 3925 3924
f 8402 3924 8401
f 8403 3926 3925
f 8403 3925 8402
f 8404 3927 3926
f 8404 3926 8403
f 8405 3928 3927
f 8405 3927 8404
f 8406 3929 3928
f 8406 3930 3929
f 8406 3928 8405
f 8407 3931 3930
f 8407 3930 8406
f 8408 3931 8407
f 8409 3932 3931
f 8409 3931 8408
f 8410 3933 3932
f 8410 3932 8409
f 8411 3933 8410
f 8411 3934 3933
f 8411 3935 3934
f 8412 3935 8411
f 8413 3935 8412
f 8413 3936 3935
f 8414 3936 8413
f 8414 3937 3936
f 8415 3937 8414
f 8415 3938 3937
f 8416 3938 8415
f 8416 3939 3938
f 8417 3939 8416
f 8417 3940 3939
f 8418 3940 8417
f 8418 3941 3940
f 8418 3921 3941
f 8398 3921 8418
f 8378 3900 8377
f 8378 3901 3900
f 8379 3902 3901
f 8379 3901 8378
f 8380 3903 3902
f 8380 3902 8379
f 8381 3904 3903
f 8381 3903 8380
f 8382 3905 3904
f 8382 3904 8381
f 8383 3906 3905
f 8383 3905 8382
f 8384 3907 3906
f 8384 3906 8383
f 8385 3908 3907
f 8385 3909 3908
f 8385 3907 8384
f 8386 3910 3909
f 8386 3909 8385
f 8387 3910 8386
f 8388 3911 3910
f 8388 3910 8387
f 8389 3912 3911
f 8389 3911 8388
f 8390 3912 8389
f 8390 3913 3912
f 8390 3914 3913
f 8391 3914 8390
f 8392 3914 8391
f 8392 3915 3914
f 8393 3915 8392
f 8393 3916 3915
f 8394 3916 8393
f 8394 3917 3916
f 8395 3917 8394
f 8395 3918 3917
f 8396 3918 8395
f 8396 3919 3918
f 8397 3919 8396
f 8397 3920 3919
f 8397 3900 3920
f 8377 3900 8397
f 8357 3879 8356
f 8357 3880 3879
f 8358 3881 3880
f 8358 3880 8357
f 8359 3882 3881
f 8359 3881 8358
f 8360 3883 3882
f 8360 3882 8359
f 8361 3884 3883
f 8361 3883 8360
f 8362 3885 3884
f 8362 3884 8361
f 8363 3886 3885
f 8363 3885 8362
f 8364 3887 3886
f 8364 3888 3887
f 8364 3886 8363
f 8365 3889 3888
f 8365 3888 8364
f 8366 3889 8365
f 8367 3890 3889
f 8367 3889 8366
f 8368 3891 3890
f 8368 3890 8367
f 8369 3891 8368
f 8369 3892 3891
f 8369 3893 3892
f 8370 3893 8369
f 8371 3893 8370
f 8371 3894 3893
f 8372 3894 8371
f 8372 3895 3894
f 8373 3895 8372
f 8373 3896 3895
f 8374 3896 8373
f 8374 3897 3896
f 8375 3897 8374
f 8375 3898 3897
f 8376 3898 8375
f 8376 3899 3898
f 8376 3879 3899
f 8356 3879 8376
f 8336 3858 8335
f 8336 3859 3858
f 8337 3860 3859
f 8337 3859 8336
f 8338 3861 3860
f 8338 3860 8337
f 8339 3862 3861
f 8339 3861 8338
f 8340 3863 3862
f 8340 3862 8339
f 8341 3864 3863
f 8341 3863 8340
f 8342 3865 3864
f 8342 3864 8341
f 8343 3866 3865
f 8343 3867 3866
f 8343 3865 8342
f 8344 3868 3867
f 8344 3867 8343
f 8345 3868 8344
f 8346 3869 3868
f 8346 3868 8345
f 8347 3870 3869
f 8347 3869 8346
f 8348 3870 8347
f 8348 3871 3870
f 8348 3872 3871
f 8349 3872 8348
f 8350 3872 8349
f 8350 3873 3872
f 8351 3873 8350
f 8351 3874 3873
f 8352 3874 8351
f 8352 3875 3874
f 8353 3875 8352
f 8353 3876 3875
f 8354 3876 8353
f 8354 3877 3876
f 8355 3877 8354
f 8355 3878 3877
f 8355 3858 3878
f 8335 3858 8355
f 8315 3837 8314
f 8315 3838 3837
f 8316 3839 3838
f 8316 3838 8315
f 8317 3840 3839
f 8317 3839 8316
f 8318 3841 3840
f 8318 3840 8317
f 8319 3842 3841
f 8319 3841 8318
f 8320 3843 3842
f 8320 3842 8319
f 8321 3844 3843
f 8321 3843 8320
f 8322 3845 3844
f 8322 3846 3845
f 8322 3844 8321
f 8323 3847 3846
f 8323 3846 8322
f 8324 3847 8323
f 8325 3848 3847
f 8325 3847 8324
f 8326 3849 3848
f 8326 3848 8325
f 8327 3849 8326
f 8327 3850 3849
f 8327 3851 3850
f 8328 3851 8327
f 8329 3851 8328
f 8329 3852 3851
f 8330 3852 8329
f 8330 3853 3852
f 8331 3853 8330
f 8331 3854 3853
f 8332 3854 8331
f 8332 3855 3854
f 8333 3855 8332
f 8333 3856 3855
f 8334 3856 8333
f 8334 3857 3856
f 8334 3837 3857
f 8314 3837 8334
f 8294 3816 8293
f 8294 3817 3816
f 8295 3818 3817
f 8295 3817 8294
f 8296 3819 3818
f 8296 3818 8295
f 8297 3820 3819
f 8297 3819 8296
f 8298 3821 3820
f 8298 3820 8297
f 8299 3822 3821
f 8299 3821 8298
f 8300 3823 3822
f 8300 3822 8299
f 8301 3824 3823
f 8301 3825 3824
f 8301 3823 8300
f 8302 3826 3825
f 8302 3825 8301
f 8303 3826 8302
f 8304 3827 3826
f 8304 3826 8303
f 8305 3828 3827
f 8305 3827 8304
f 8306 3828 8305
f 8306 3829 3828
f 8306 3830 3829
f 8307 3830 8306
f 8308 3830 8307
f 8308 3831 3830
f 8309 3831 8308
f 8309 3832 3831
f 8310 3832 8309
f 8310 3833 3832
f 8311 3833 8310
f 8311 3834 3833
f 8312 3834 8311
f 8312 3835 3834
f 8313 3835 8312
f 8313 3836 3835
f 8313 3816 3836
f 8293 3816 8313
f 8273 3795 8272
f 8273 3796 3795
f 8274 3797 3796
f 8274 3796 8273
f 8275 3798 3797
f 8275 3797 8274
f 8276 3799 3798
f 8276 3798 8275
f 8277 3800 3799
f 8277 3799 8276
f 8278 3801 3800
f 8278 3800 8277
f 8279 3802 3801
f 8279 3801 8278
f 8280 3803 3802
f 8280 3804 3803
f 8280 3802 8279
f 8281 3805 3804
f 8281 3804 8280
f 8282 3805 8281
f 8283 3806 3805
f 8283 3805 8282
f 8284 3807 3806
f 8284 3806 8283
f 8285 3807 8284
f 8285 3808 3807
f 8285 3809 3808
f 8286 3809 8285
f 8287 3809 8286
f 8287 3810 3809
f 8288 3810 8287
f 8288 3811 3810
f 8289 3811 8288
f 8289 3812 3811
f 8290 3812 8289
f 8290 3813 3812
f 8291 3813 8290
f 8291 3814 3813
f 8292 3814 8291
f 8292 3815 3814
f 8292 3795 3815
f 8272 3795 8292
f 8252 3774 8251
f 8252 3775 3774
f 8253 3776 3775
f 8253 3775 8252
f 8254 3777 3776
f 8254 3776 8253
f 8255 3778 3777
f 8255 3777 8254
f 8256 3779 3778
f 8256 3778 8255
f 8257 3780 3779
f 8257 3779 8256
f 8258 3781 3780
f 8258 3780 8257
f 8259 3782 3781
f 8259 3783 3782
f 8259 3781 8258
f 8260 3784 3783
f 8260 3783 8259
f 8261 3784 8260
f 8262 3785 3784
f 8262 3784 8261
f 8263 3786 3785
f 8263 3785 8262
f 8264 3786 8263
f 8264 3787 3786
f 8264 3788 3787
f 8265 3788 8264
f 8266 3788 8265
f 8266 3789 3788
f 8267 3789 8266
f 8267 3790 3789
f 8268 3790 8267
f 8268 3791 3790
f 8269 3791 8268
f 8269 3792 3791
f 8270 3792 8269
f 8270 3793 3792
f 8271 3793 8270
f 8271 3794 3793
f 8271 3774 3794
f 8251 3774 8271
f 8231 3753 8230
f 8231 3754 3753
f 8232 3755 3754
f 8232 3754 8231
f 8233 3756 3755
f 8233 3755 8232
f 8234 3757 3756
f 8234 3756 8233
f 8235 3758 3757
f 8235 3757 8234
f 8236 3759 3758
f 8236 3758 8235
f 8237 3760 3759
f 8237 3759 8236
f 8238 3761 3760
f 8238 3762 3761
f 8238 3760 8237
f 8239 3763 3762
f 8239 3762 8238
f 8240 3763 8239
f 8241 3764 3763
f 8241 3763 8240
f 8242 3765 3764
f 8242 3764 8241
f 8243 3765 8242
f 8243 3766 3765
f 8243 3767 3766
f 8244 3767 8243
f 8245 3767 8244
f 8245 3768 3767
f 8246 3768 8245
f 8246 3769 3768
f 8247 3769 8246
f 8247 3770 3769
f 8248 3770 8247
f 8248 3771 3770
f 8249 3771 8248
f 8249 3772 3771
f 8250 3772 8249
f 8250 3773 3772
f 8250 3753 3773
f 8230 3753 8250
f 8210 3732 8209
f 8210 3733 3732
f 8211 3734 3733
f 8211 3733 8210
f 8212 3735 3734
f 8212 3734 8211
f 8213 3736 3735
f 8213 3735 8212
f 8214 3737 3736
f 8214 3736 8213
f 8215 3738 3737
f 8215 3737 8214
f 8216 3739 3738
f 8216 3738 8215
f 8217 3740 3739
f 8217 3741 3740
f 8217 3739 8216
f 8218 3742 3741
f 8218 3741 8217
f 8219 3742 8218
f 8220 3743 3742
f 8220 3742 8219
f 8221 3744 3743
f 8221 3743 8220
f 8222 3744 8221
f 8222 3745 3744
f 8222 3746 3745
f 8223 3746 8222
f 8224 3746 8223
f 8224 3747 3746
f 8225 3747 8224
f 8225 3748 3747
f 8226 3748 8225
f 8226 3749 3748
f 8227 3749 8226
f 8227 3750 3749
f 8228 3750 8227
f 8228 3751 3750
f 8229 3751 8228
f 8229 3752 3751
f 8229 3732 3752
f 8209 3732 8229
f 8189 3711 8188
f 8189 3712 3711
f 8190 3713 3712
f 8190 3712 8189
f 8191 3714 3713
f 8191 3713 8190
f 8192 3715 3714
f 8192 3714 8191
f 8193 3716 3715
f 8193 3715 8192
f 8194 3717 3716
f 8194 3716 8193
f 8195 3718 3717
f 8195 3717 8194
f 8196 3719 3718
f 8196 3720 3719
f 8196 3718 8195
f 8197 3721 3720
f 8197 3720 8196
f 8198 3721 8197
f 8199 3722 3721
f 8199 3721 8198
f 8200 3723 3722
f 8200 3722 8199
f 8201 3723 8200
f 8201 3724 3723
f 8201 3725 3724
f 8202 3725 8201
f 8203 3725 8202
f 8203 3726 3725
f 8204 3726 8203
f 8204 3727 3726
f 8205 3727 8204
f 8205 3728 3727
f 8206 3728 8205
f 8206 3729 3728
f 8207 3729 8206
f 8207 3730 3729
f 8208 3730 8207
f 8208 3731 3730
f 8208 3711 3731
f 8188 3711 8208
f 8168 3690 8167
f 8168 3691 3690
f 8169 3692 3691
f 8169 3691 8168
f 8170 3693 3692
f 8170 3692 8169
f 8171 3694 3693
f 8171 3693 8170
f 8172 3695 3694
f 8172 3694 8171
f 8173 3696 3695
f 8173 3695 8172
f 8174 3697 3696
f 8174 3696 8173
f 8175 3698 3697
f 8175 3699 3698
f 8175 3697 8174
f 8176 3700 3699
f 8176 3699 8175
f 8177 3700 8176
f 8178 3701 3700
f 8178 3700 8177
f 8179 3702 3701
f 8179 3701 8178
f 8180 3702 8179
f 8180 3703 3702
f 8180 3704 3703
f 8181 3704 8180
f 8182 3704 8181
f 8182 3705 3704
f 8183 3705 8182
f 8183 3706 3705
f 8184 3706 8183
f 8184 3707 3706
f 8185 3707 8184
f 8185 3708 3707
f 8186 3708 8185
f 8186 3709 3708
f 8187 3709 8186
f 8187 3710 3709
f 8187 3690 3710
f 8167 3690 8187
f 8147 3669 8146
f 8147 3670 3669
f 8148 3671 3670
f 8148 3670 8147
f 8149 3672 3671
f 8149 3671 8148
f 8150 3673 3672
f 8150 3672 8149
f 8151 3674 3673
f 8151 3673 8150
f 8152 3675 3674
f 8152 3674 8151
f 8153 3676 3675
f 8153 3675 8152
f 8154 3677 3676
f 8154 3678 3677
f 8154 3676 8153
f 8155 3679 3678
f 8155 3678 8154
f 8156 3679 8155
f 8157 3680 3679
f 8157 3679 8156
f 8158 3681 3680
f 8158 3680 8157
f 8159 3681 8158
f 8159 3682 3681
f 8159 3683 3682
f 8160 3683 8159
f 8161 3683 8160
f 8161 3684 3683
f 8162 3684 8161
f 8162 3685 3684
f 8163 3685 8162
f 8163 3686 3685
f 8164 3686 8163
f 8164 3687 3686
f 8165 3687 8164
f 8165 3688 3687
f 8166 3688 8165
f 8166 3689 3688
f 8166 3669 3689
f 8146 3669 8166
f 8126 3648 8125
f 8126 3649 3648
f 8127 3650 3649
f 8127 3649 8126
f 8128 3651 3650
f 8128 3650 8127
f 8129 3652 3651
f 8129 3651 8128
f 8130 3653 3652
f 8130 3652 8129
f 8131 3654 3653
f 8131 3653 8130
f 8132 3655 3654
f 8132 3654 8131
f 8133 3656 3655
f 8133 3657 3656
f 8133 3655 8132
f 8134 3658 3657
f 8134 3657 8133
f 8135 3658 8134
f 8136 3659 3658
f 8136 3658 8135
f 8137 3660 3659
f 8137 3659 8136
f 8138 3660 8137
f 8138 3661 3660
f 8138 3662 3661
f 8139 3662 8138
f 8140 3662 8139
f 8140 3663 3662
f 8141 3663 8140
f 8141 3664 3663
f 8142 3664 8141
f 8142 3665 3664
f 8143 3665 8142
f 8143 3666 3665
f 8144 3666 8143
f 8144 3667 3666
f 8145 3667 8144
f 8145 3668 3667
f 8145 3648 3668
f 8125 3648 8145
f 8105 3627 8104
f 8105 3628 3627
f 8106 3629 3628
f 8106 3628 8105
f 8107 3630 3629
f 8107 3629 8106
f 8108 3631 3630
f 8108 3630 8107
f 8109 3632 3631
f 8109 3631 8108
f 8110 3633 3632
f 8110 3632 8109
f 8111 3634 3633
f 8111 3633 8110
f 8112 3635 3634
f 8112 3636 3635
f 8112 3634 8111
f 8113 3637 3636
f 8113 3636 8112
f 8114 3637 8113
f 8115 3638 3637
f 8115 3637 8114
f 8116 3639 3638
f 8116 3638 8115
f 8117 3639 8116
f 8117 3640 3639
f 8117 3641 3640
f 8118 3641 8117
f 8119 3641 8118
f 8119 3642 3641
f 8120 3642 8119
f 8120 3643 3642
f 8121 3643 8120
f 8121 3644 3643
f 8122 3644 8121
f 8122 3645 3644
f 8123 3645 8122
f 8123 3646 3645
f 8124 3646 8123
f 8124 3647 3646
f 8124 3627 3647
f 8104 3627 8124
f 8084 3606 8083
f 8084 3607 3606
f 8085 3608 3607
f 8085 3607 8084
f 8086 3609 3608
f 8086 3608 8085
f 8087 3610 3609
f 8087 3609 8086
f 8088 3611 3610
f 8088 3610 8087
f 8089 3612 3611
f 8089 3611 8088
f 8090 3613 3612
f 8090 3612 8089
f 8091 3614 3613
f 8091 3615 3614
f 8091 3613 8090
f 8092 3616 3615
f 8092 3615 8091
f 8093 3616 8092
f 8094 3617 3616
f 8094 3616 8093
f 8095 3618 3617
f 8095 3617 8094
f 8096 3618 8095
f 8096 3619 3618
f 8096 3620 3619
f 8097 3620 8096
f 8098 3620 8097
f 8098 3621 3620
f 8099 3621 8098
f 8099 3622 3621
f 8100 3622 8099
f 8100 3623 3622
f 8101 3623 8100
f 8101 3624 3623
f 8102 3624 8101
f 8102 3625 3624
f 8103 3625 8102
f 8103 3626 3625
f 8103 3606 3626
f 8083 3606 8103
f 8063 3585 8062
f 8063 3586 3585
f 8064 3587 3586
f 8064 3586 8063
f 8065 3588 3587
f 8065 3587 8064
f 8066 3589 3588
f 8066 3588 8065
f 8067 3590 3589
f 8067 3589 8066
f 8068 3591 3590
f 8068 3590 8067
f 8069 3592 3591
f 8069 3591 8068
f 8070 3593 3592
f 8070 3594 3593
f 8070 3592 8069
f 8071 3595 3594
f 8071 3594 8070
f 8072 3595 8071
f 8073 3596 3595
f 8073 3595 8072
f 8074 3597 3596
f 8074 3596 8073
f 8075 3597 8074
f 8075 3598 3597
f 8075 3599 3598
f 8076 3599 8075
f 8077 3599 8076
f 8077 3600 3599
f 8078 3600 8077
f 8078 3601 3600
f 8079 3601 8078
f 8079 3602 3601
f 8080 3602 8079
f 8080 3603 3602
f 8081 3603 8080
f 8081 3604 3603
f 8082 3604 8081
f 8082 3605 3604
f 8082 3585 3605
f 8062 3585 8082
f 8042 3564 8041
f 8042 3565 3564
f 8043 3566 3565
f 8043 3565 8042
f 8044 3567 3566
f 8044 3566 8043
f 8045 3568 3567
f 8045 3567 8044
f 8046 3569 3568
f 8046 3568 8045
f 8047 3570 3569
f 8047 3569 8046
f 8048 3571 3570
f 8048 3570 8047
f 8049 3572 3571
f 8049 3573 3572
f 8049 3571 8048
f 8050 3574 3573
f 8050 3573 8049
f 8051 3574 8050
f 8052 3575 3574
f 8052 3574 8051
f 8053 3576 3575
f 8053 3575 8052
f 8054 3576 8053
f 8054 3577 3576
f 8054 3578 3577
f 8055 3578 8054
f 8056 3578 8055
f 8056 3579 3578
f 8057 3579 8056
f 8057 3580 3579
f 8058 3580 8057
f 8058 3581 3580
f 8059 3581 8058
f 8059 3582 3581
f 8060 3582 8059
f 8060 3583 3582
f 8061 3583 8060
f 8061 3584 3583
f 8061 3564 3584
f 8041 3564 8061
f 8021 3543 8020
f 8021 3544 3543
f 8022 3545 3544
f 8022 3544 8021
f 8023 3546 3545
f 8023 3545 8022
f 8024 3547 3546
f 8024 3546 8023
f 8025 3548 3547
f 8025 3547 8024
f 8026 3549 3548
f 8026 3548 8025
f 8027 3550 3549
f 8027 3549 8026
f 8028 3551 3550
f 8028 3552 3551
f 8028 3550 8027
f 8029 3553 3552
f 8029 3552 8028
f 8030 3553 8029
f 8031 3554 3553
f 8031 3553 8030
f 8032 3555 3554
f 8032 3554 8031
f 8033 3555 8032
f 8033 3556 3555
f 8033 3557 3556
f 8034 3557 8033
f 8035 3557 8034
f 8035 3558 3557
f 8036 3558 8035
f 8036 3559 3558
f 8037 3559 8036
f 8037 3560 3559
f 8038 3560 8037
f 8038 3561 3560
f 8039 3561 8038
f 8039 3562 3561
f 8040 3562 8039
f 8040 3563 3562
f 8040 3543 3563
f 8020 3543 8040
f 8000 3522 7999
f 8000 3523 3522
f 8001 3524 3523
f 8001 3523 8000
f 8002 3525 3524
f 8002 3524 8001
f 8003 3526 3525
f 8003 3525 8002
f 8004 3527 3526
f 8004 3526 8003
f 8005 3528 3527
f 8005 3527 8004
f 8006 3529 3528
f 8006 3528 8005
f 8007 3530 3529
f 8007 3531 3530
f 8007 3529 8006
f 8008 3532 3531
f 8008 3531 8007
f 8009 3532 8008
f 8010 3533 3532
f 8010 3532 8009
f 8011 3534 3533
f 8011 3533 8010
f 8012 3534 8011
f 8012 3535 3534
f 8012 3536 3535
f 8013 3536 8012
f 8014 3536 8013
f 8014 3537 3536
f 8015 3537 8014
f 8015 3538 3537
f 8016 3538 8015
f 8016 3539 3538
f 8017 3539 8016
f 8017 3540 3539
f 8018 3540 8017
f 8018 3541 3540
f 8019 3541 8018
f 8019 3542 3541
f 8019 3522 3542
f 7999 3522 8019
f 7979 3501 7978
f 7979 3502 3501
f 7980 3503 3502
f 7980 3502 7979
f 7981 3504 3503
f 7981 3503 7980
f 7982 3505 3504
f 7982 3504 7981
f 7983 3506 3505
f 7983 3505 7982
f 7984 3507 3506
f 7984 3506 7983
f 7985 3508 3507
f 7985 3507 7984
f 7986 3509 3508
f 7986 3510 3509
f 7986 3508 7985
f 7987 3511 3510
f 7987 3510 7986
f 7988 3511 7987
f 7989 3512 3511
f 7989 3511 7988
f 7990 3513 3512
f 7990 3512 7989
f 7991 3513 7990
f 7991 3514 3513
f 7991 3515 3514
f 7992 3515 7991
f 7993 3515 7992
f 7993 3516 3515
f 7994 3516 7993
f 7994 3517 3516
f 7995 3517 7994
f 7995 3518 3517
f 7996 3518 7995
f 7996 3519 3518
f 7997 3519 7996
f 7997 3520 3519
f 7998 3520 7997
f 7998 3521 3520
f 7998 3501 3521
f 7978 3501 7998
f 7958 3480 7957
f 7958 3481 3480
f 7959 3482 3481
f 7959 3481 7958
f 7960 3483 3482
f 7960 3482 7959
f 7961 3484 3483
f 7961 3483 7960
f 7962 3485 3484
f 7962 3484 7961
f 7963 3486 3485
f 7963 3485 7962
f 7964 3487 3486
f 7964 3486 7963
f 7965 3488 3487
f 7965 3489 3488
f 7965 3487 7964
f 7966 3490 3489
f 7966 3489 7965
f 7967 3490 7966
f 7968 3491 3490
f 7968 3490 7967
f 7969 3492 3491
f 7969 3491 7968
f 7970 3492 7969
f 7970 3493 3492
f 7970 3494 3493
f 7971 3494 7970
f 7972 3494 7971
f 7972 3495 3494
f 7973 3495 7972
f 7973 3496 3495
f 7974 3496 7973
f 7974 3497 3496
f 7975 3497 7974
f 7975 3498 3497
f 7976 3498 7975
f 7976 3499 3498
f 7977 3499 7976
f 7977 3500 3499
f 7977 3480 3500
f 7957 3480 7977
f 7937 3459 7936
f 7937 3460 3459
f 7938 3461 3460
f 7938 3460 7937
f 7939 3462 3461
f 7939 3461 7938
f 7940 3463 3462
f 7940 3462 7939
f 7941 3464 3463
f 7941 3463 7940
f 7942 3465 3464
f 7942 3464 7941
f 7943 3466 3465
f 7943 3465 7942
f 7944 3467 3466
f 7944 3468 3467
f 7944 3466 7943
f 7945 3469 3468
f 7945 3468 7944
f 7946 3469 7945
f 7947 3470 3469
f 7947 3469 7946
f 7948 3471 3470
f 7948 3470 7947
f 7949 3471 7948
f 7949 3472 3471
f 7949 3473 3472
f 7950 3473 7949
f 7951 3473 7950
f 7951 3474 3473
f 7952 3474 7951
f 7952 3475 3474
f 7953 3475 7952
f 7953 3476 3475
f 7954 3476 7953
f 7954 3477 3476
f 7955 3477 7954
f 7955 3478 3477
f 7956 3478 7955
f 7956 3479 3478
f 7956 3459 3479
f 7936 3459 7956
f 7916 3438 7915
f 7916 3439 3438
f 7917 3440 3439
f 7917 3439 7916
f 7918 3441 3440
f 7918 3440 7917
f 7919 3442 3441
f 7919 3441 7918
f 7920 3443 3442
f 7920 3442 7919
f 7921 3444 3443
f 7921 3443 7920
f 7922 3445 3444
f 7922 3444 7921
f 7923 3446 3445
f 7923 3447 3446
f 7923 3445 7922
f 7924 3448 3447
f 7924 3447 7923
f 7925 3448 7924
f 7926 3449 3448
f 7926 3448 7925
f 7927 3450 3449
f 7927 3449 7926
f 7928 3450 7927
f 7928 3451 3450
f 7928 3452 3451
f 7929 3452 7928
f 7930 3452 7929
f 7930 3453 3452
f 7931 3453 7930
f 7931 3454 3453
f 7932 3454 7931
f 7932 3455 3454
f 7933 3455 7932
f 7933 3456 3455
f 7934 3456 7933
f 7934 3457 3456
f 7935 3457 7934
f 7935 3458 3457
f 7935 3438 3458
f 7915 3438 7935
f 7895 3417 7894
f 7895 3418 3417
f 7896 3419 3418
f 7896 3418 7895
f 7897 3420 3419
f 7897 3419 7896
f 7898 3421 3420
f 7898 3420 7897
f 7899 3422 3421
f 7899 3421 7898
f 7900 3423 3422
f 7900 3422 7899
f 7901 3424 3423
f 7901 3423 7900
f 7902 3425 3424
f 7902 3426 3425
f 7902 3424 7901
f 7903 3427 3426
f 7903 3426 7902
f 7904 3427 7903
f 7905 3428 3427
f 7905 3427 7904
f 7906 3429 3428
f 7906 3428 7905
f 7907 3429 7906
f 7907 3430 3429
f 7907 3431 3430
f 7908 3431 7907
f 7909 3431 7908
f 7909 3432 3431
f 7910 3432 7909
f 7910 3433 3432
f 7911 3433 7910
f 7911 3434 3433
f 7912 3434 7911
f 7912 3435 3434
f 7913 3435 7912
f 7913 3436 3435
f 7914 3436 7913
f 7914 3437 3436
f 7914 3417 3437
f 7894 3417 7914
f 7874 3396 7873
f 7874 3397 3396
f 7875 3398 3397
f 7875 3397 7874
f 7876 3399 3398
f 7876 3398 7875
f 7877 3400 3399
f 7877 3399 7876
f 7878 3401 3400
f 7878 3400 7877
f 7879 3402 3401
f 7879 3401 7878
f 7880 3403 3402
f 7880 3402 7879
f 7881 3404 3403
f 7881 3405 3404
f 7881 3403 7880
f 7882 3406 3405
f 7882 3405 7881
f 7883 3406 7882
f 7884 3407 3406
f 7884 3406 7883
f 7885 3408 3407
f 7885 3407 7884
f 7886 3408 7885
f 7886 3409 3408
f 7886 3410 3409
f 7887 3410 7886
f 7888 3410 7887
f 7888 3411 3410
f 7889 3411 7888
f 7889 3412 3411
f 7890 3412 7889
f 7890 3413 3412
f 7891 3413 7890
f 7891 3414 3413
f 7892 3414 7891
f 7892 3415 3414
f 7893 3415 7892
f 7893 3416 3415
f 7893 3396 3416
f 7873 3396 7893
f 7853 3375 7852
f 7853 3376 3375
f 7854 3377 3376
f 7854 3376 7853
f 7855 3378 3377
f 7855 3377 7854
f 7856 3379 3378
f 7856 3378 7855
f 7857 3380 3379
f 7857 3379 7856
f 7858 3381 3380
f 7858 3380 7857
f 7859 3382 3381
f 7859 3381 7858
f 7860 3383 3382
f 7860 3384 3383
f 7860 3382 7859
f 7861 3385 3384
f 7861 3384 7860
f 7862 3385 7861
f 7863 3386 3385
f 7863 3385 7862
f 7864 3387 3386
f 7864 3386 7863
f 7865 3387 7864
f 7865 3388 3387
f 7865 3389 3388
f 7866 3389 7865
f 7867 3389 7866
f 7867 3390 3389
f 7868 3390 7867
f 7868 3391 3390
f 7869 3391 7868
f 7869 3392 3391
f 7870 3392 7869
f 7870 3393 3392
f 7871 3393 7870
f 7871 3394 3393
f 7872 3394 7871
f 7872 3395 3394
f 7872 3375 3395
f 7852 3375 7872
f 7832 3354 7831
f 7832 3355 3354
f 7833 3356 3355
f 7833 3355 7832
f 7834 3357 3356
f 7834 3356 7833
f 7835 3358 3357
f 7835 3357 7834
f 7836 3359 3358
f 7836 3358 7835
f 7837 3360 3359
f 7837 3359 7836
f 7838 3361 3360
f 7838 3360 7837
f 7839 3362 3361
f 7839 3363 3362
f 7839 3361 7838
f 7840 3364 3363
f 7840 3363 7839
f 7841 3364 7840
f 7842 3365 3364
f 7842 3364 7841
f 7843 3366 3365
f 7843 3365 7842
f 7844 3366 7843
f 7844 3367 3366
f 7844 3368 3367
f 7845 3368 7844
f 7846 3368 7845
f 7846 3369 3368
f 7847 3369 7846
f 7847 3370 3369
f 7848 3370 7847
f 7848 3371 3370
f 7849 3371 7848
f 7849 3372 3371
f 7850 3372 7849
f 7850 3373 3372
f 7851 3373 7850
f 7851 3374 3373
f 7851 3354 3374
f 7831 3354 7851
f 7811 3333 7810
f 7811 3334 3333
f 7812 3335 3334
f 7812 3334 7811
f 7813 3336 3335
f 7813 3335 7812
f 7814 3337 3336
f 7814 3336 7813
f 7815 3338 3337
f 7815 3337 7814
f 7816 3339 3338
f 7816 3338 7815
f 7817 3340 3339
f 7817 3339 7816
f 7818 3341 3340
f 7818 3342 3341
f 7818 3340 7817
f 7819 3343 3342
f 7819 3342 7818
f 7820 3343 7819
f 7821 3344 3343
f 7821 3343 7820
f 7822 3345 3344
f 7822 3344 7821
f 7823 3345 7822
f 7823 3346 3345
f 7823 3347 3346
f 7824 3347 7823
f 7825 3347 7824
f 7825 3348 3347
f 7826 3348 7825
f 7826 3349 3348
f 7827 3349 7826
f 7827 3350 3349
f 7828 3350 7827
f 7828 3351 3350
f 7829 3351 7828
f 7829 3352 3351
f 7830 3352 7829
f 7830 3353 3352
f 7830 3333 3353
f 7810 3333 7830
f 7790 3312 7789
f 7790 3313 3312
f 7791 3314 3313
f 7791 3313 7790
f 7792 3315 3314
f 7792 3314 7791
f 7793 3316 3315
f 7793 3315 7792
f 7794 3317 3316
f 7794 3316 7793
f 7795 3318 3317
f 7795 3317 7794
f 7796 3319 3318
f 7796 3318 7795
f 7797 3320 3319
f 7797 3321 3320
f 7797 3319 7796
f 7798 3322 3321
f 7798 3321 7797
f 7799 3322 7798
f 7800 3323 3322
f 7800 3322 7799
f 7801 3324 3323
f 7801 3323 7800
f 7802 3324 7801
f 7802 3325 3324
f 7802 3326 3325
f 7803 3326 7802
f 7804 3326 7803
f 7804 3327 3326
f 7805 3327 7804
f 7805 3328 3327
f 7806 3328 7805
f 7806 3329 3328
f 7807 3329 7806
f 7807 3330 3329
f 7808 3330 7807
f 7808 3331 3330
f 7809 3331 7808
f 7809 3332 3331
f 7809 3312 3332
f 7789 3312 7809
f 7769 3291 7768
f 7769 3292 3291
f 7770 3293 3292
f 7770 3292 7769
f 7771 3294 3293
f 7771 3293 7770
f 7772 3295 3294
f 7772 3294 7771
f 7773 3296 3295
f 7773 3295 7772
f 7774 3297 3296
f 7774 3296 7773
f 7775 3298 3297
f 7775 3297 7774
f 7776 3299 3298
f 7776 3300 3299
f 7776 3298 7775
f 7777 3301 3300
f 7777 3300 7776
f 7778 3301 7777
f 7779 3302 3301
f 7779 3301 7778
f 7780 3303 3302
f 7780 3302 7779
f 7781 3303 7780
f 7781 3304 3303
f 7781 3305 3304
f 7782 3305 7781
f 7783 3305 7782
f 7783 3306 3305
f 7784 3306 7783
f 7784 3307 3306
f 7785 3307 7784
f 7785 3308 3307
f 7786 3308 7785
f 7786 3309 3308
f 7787 3309 7786
f 7787 3310 3309
f 7788 3310 7787
f 7788 3311 3310
f 7788 3291 3311
f 7768 3291 7788
f 7748 3270 7747
f 7748 3271 3270
f 7749 3272 3271
f 7749 3271 7748
f 7750 3273 3272
f 7750 3272 7749
f 7751 3274 3273
f 7751 3273 7750
f 7752 3275 3274
f 7752 3274 7751
f 7753 3276 3275
f 7753 3275 7752
f 7754 3277 3276
f 7754 3276 7753
f 7755 3278 3277
f 7755 3279 3278
f 7755 3277 7754
f 7756 3280 3279
f 7756 3279 7755
f 7757 3280 7756
f 7758 3281 3280
f 7758 3280 7757
f 7759 3282 3281
f 7759 3281 7758
f 7760 3282 7759
f 7760 3283 3282
f 7760 3284 3283
f 7761 3284 7760
f 7762 3284 7761
f 7762 3285 3284
f 7763 3285 7762
f 7763 3286 3285
f 7764 3286 7763
f 7764 3287 3286
f 7765 3287 7764
f 7765 3288 3287
f 7766 3288 7765
f 7766 3289 3288
f 7767 3289 7766
f 7767 3290 3289
f 7767 3270 3290
f 7747 3270 7767
f 10898 3207 10897
f 10898 3208 3207
f 10899 3209 3208
f 10899 3208 10898
f 10900 3210 3209
f 10900 3209 10899
f 10901 3211 3210
f 10901 3210 10900
f 10902 3212 3211
f 10902 3211 10901
f 10903 3213 3212
f 10903 3212 10902
f 10904 3214 3213
f 10904 3213 10903
f 10905 3215 3214
f 10905 3216 3215
f 10905 3214 10904
f 10906 3217 3216
f 10906 3216 10905
f 10907 3217 10906
f 10908 3218 3217
f 10908 3217 10907
f 10909 3219 3218
f 10909 3218 10908
f 10910 3219 10909
f 10910 3220 3219
f 10910 3221 3220
f 10911 3221 10910
f 10912 3221 10911
f 10912 3222 3221
f 10913 3222 10912
f 10913 3223 3222
f 10914 3223 10913
f 10914 3224 3223
f 10915 3224 10914
f 10915 3225 3224
f 10916 3225 10915
f 10916 3226 3225
f 10917 3226 10916
f 10917 3227 3226
f 10917 3207 3227
f 10897 3207 10917
f 10919 3186 10918
f 10919 3187 3186
f 10920 3188 3187
f 10920 3187 10919
f 10921 3189 3188
f 10921 3188 10920
f 10922 3190 3189
f 10922 3189 10921
f 10923 3191 3190
f 10923 3190 10922
f 10924 3192 3191
f 10924 3191 10923
f 10925 3193 3192
f 10925 3192 10924
f 10926 3194 3193
f 10926 3195 3194
f 10926 3193 10925
f 10927 3196 3195
f 10927 3195 10926
f 10928 3196 10927
f 10929 3197 3196
f 10929 3196 10928
f 10930 3198 3197
f 10930 3197 10929
f 10931 3198 10930
f 10931 3199 3198
f 10931 3200 3199
f 10932 3200 10931
f 10933 3200 10932
f 10933 3201 3200
f 10934 3201 10933
f 10934 3202 3201
f 10935 3202 10934
f 10935 3203 3202
f 10936 3203 10935
f 10936 3204 3203
f 10937 3204 10936
f 10937 3205 3204
f 10938 3205 10937
f 10938 3206 3205
f 10938 3186 3206
f 10918 3186 10938
f 10940 3165 10939
f 10940 3166 3165
f 10941 3167 3166
f 10941 3166 10940
f 10942 3168 3167
f 10942 3167 10941
f 10943 3169 3168
f 10943 3168 10942
f 10944 3170 3169
f 10944 3169 10943
f 10945 3171 3170
f 10945 3170 10944
f 10946 3172 3171
f 10946 3171 10945
f 10947 3173 3172
f 10947 3174 3173
f 10947 3172 10946
f 10948 3175 3174
f 10948 3174 10947
f 10949 3175 10948
f 10950 3176 3175
f 10950 3175 10949
f 10951 3177 3176
f 10951 3176 10950
f 10952 3177 10951
f 10952 3178 3177
f 10952 3179 3178
f 10953 3179 10952
f 10954 3179 10953
f 10954 3180 3179
f 10955 3180 10954
f 10955 3181 3180
f 10956 3181 10955
f 10956 3182 3181
f 10957 3182 10956
f 10957 3183 3182
f 10958 3183 10957
f 10958 3184 3183
f 10959 3184 10958
f 10959 3185 3184
f 10959 3165 3185
f 10939 3165 10959
f 10961 3144 10960
f 10961 3145 3144
f 10962 3146 3145
f 10962 3145 10961
f 10963 3147 3146
f 10963 3146 10962
f 10964 3148 3147
f 10964 3147 10963
f 10965 3149 3148
f 10965 3148 10964
f 10966 3150 3149
f 10966 3149 10965
f 10967 3151 3150
f 10967 3150 10966
f 10968 3152 3151
f 10968 3153 3152
f 10968 3151 10967
f 10969 3154 3153
f 10969 3153 10968
f 10970 3154 10969
f 10971 3155 3154
f 10971 3154 10970
f 10972 3156 3155
f 10972 3155 10971
f 10973 3156 10972
f 10973 3157 3156
f 10973 3158 3157
f 10974 3158 10973
f 10975 3158 10974
f 10975 3159 3158
f 10976 3159 10975
f 10976 3160 3159
f 10977 3160 10976
f 10977 3161 3160
f 10978 3161 10977
f 10978 3162 3161
f 10979 3162 10978
f 10979 3163 3162
f 10980 3163 10979
f 10980 3164 3163
f 10980 3144 3164
f 10960 3144 10980
f 10982 3123 10981
f 10982 3124 3123
f 10983 3125 3124
f 10983 3124 10982
f 10984 3126 3125
f 10984 3125 10983
f 10985 3127 3126
f 10985 3126 10984
f 10986 3128 3127
f 10986 3127 10985
f 10987 3129 3128
f 10987 3128 10986
f 10988 3130 3129
f 10988 3129 10987
f 10989 3131 3130
f 10989 3132 3131
f 10989 3130 10988
f 10990 3133 3132
f 10990 3132 10989
f 10991 3133 10990
f 10992 3134 3133
f 10992 3133 10991
f 10993 3135 3134
f 10993 3134 10992
f 10994 3135 10993
f 10994 3136 3135
f 10994 3137 3136
f 10995 3137 10994
f 10996 3137 10995
f 10996 3138 3137
f 10997 3138 10996
f 10997 3139 3138
f 10998 3139 10997
f 10998 3140 3139
f 10999 3140 10998
f 10999 3141 3140
f 11000 3141 10999
f 11000 3142 3141
f 11001 3142 11000
f 11001 3143 3142
f 11001 3123 3143
f 10981 3123 11001
f 11003 3102 11002
f 11003 3103 3102
f 11004 3104 3103
f 11004 3103 11003
f 11005 3105 3104
f 11005 3104 11004
f 11006 3106 3105
f 11006 3105 11005
f 11007 3107 3106
f 11007 3106 11006
f 11008 3108 3107
f 11008 3107 11007
f 11009 3109 3108
f 11009 3108 11008
f 11010 3110 3109
f 11010 3111 3110
f 11010 3109 11009
f 11011 3112 3111
f 11011 3111 11010
f 11012 3112 11011
f 11013 3113 3112
f 11013 3112 11012
f 11014 3114 3113
f 11014 3113 11013
f 11015 3114 11014
f 11015 3115 3114
f 11015 3116 3115
f 11016 3116 11015
f 11017 3116 11016
f 11017 3117 3116
f 11018 3117 11017
f 11018 3118 3117
f 11019 3118 11018
f 11019 3119 3118
f 11020 3119 11019
f 11020 3120 3119
f 11021 3120 11020
f 11021 3121 3120
f 11022 3121 11021
f 11022 3122 3121
f 11022 3102 3122
f 11002 3102 11022
f 11024 3081 11023
f 11024 3082 3081
f 11025 3083 3082
f 11025 3082 11024
f 11026 3084 3083
f 11026 3083 11025
f 11027 3085 3084
f 11027 3084 11026
f 11028 3086 3085
f 11028 3085 11027
f 11029 3087 3086
f 11029 3086 11028
f 11030 3088 3087
f 11030 3087 11029
f 11031 3089 3088
f 11031 3090 3089
f 11031 3088 11030
f 11032 3091 3090
f 11032 3090 11031
f 11033 3091 11032
f 11034 3092 3091
f 11034 3091 11033
f 11035 3093 3092
f 11035 3092 11034
f 11036 3093 11035
f 11036 3094 3093
f 11036 3095 3094
f 11037 3095 11036
f 11038 3095 11037
f 11038 3096 3095
f 11039 3096 11038
f 11039 3097 3096
f 11040 3097 11039
f 11040 3098 3097
f 11041 3098 11040
f 11041 3099 3098
f 11042 3099 11041
f 11042 3100 3099
f 11043 3100 11042
f 11043 3101 3100
f 11043 3081 3101
f 11023 3081 11043
f 11045 3060 11044
f 11045 3061 3060
f 11046 3062 3061
f 11046 3061 11045
f 11047 3063 3062
f 11047 3062 11046
f 11048 3064 3063
f 11048 3063 11047
f 11049 3065 3064
f 11049 3064 11048
f 11050 3066 3065
f 11050 3065 11049
f 11051 3067 3066
f 11051 3066 11050
f 11052 3068 3067
f 11052 3069 3068
f 11052 3067 11051
f 11053 3070 3069
f 11053 3069 11052
f 11054 3070 11053
f 11055 3071 3070
f 11055 3070 11054
f 11056 3072 3071
f 11056 3071 11055
f 11057 3072 11056
f 11057 3073 3072
f 11057 3074 3073
f 11058 3074 11057
f 11059 3074 11058
f 11059 3075 3074
f 11060 3075 11059
f 11060 3076 3075
f 11061 3076 11060
f 11061 3077 3076
f 11062 3077 11061
f 11062 3078 3077
f 11063 3078 11062
f 11063 3079 3078
f 11064 3079 11063
f 11064 3080 3079
f 11064 3060 3080
f 11044 3060 11064
f 11066 3039 11065
f 11066 3040 3039
f 11067 3041 3040
f 11067 3040 11066
f 11068 3042 3041
f 11068 3041 11067
f 11069 3043 3042
f 11069 3042 11068
f 11070 3044 3043
f 11070 3043 11069
f 11071 3045 3044
f 11071 3044 11070
f 11072 3046 3045
f 11072 3045 11071
f 11073 3047 3046
f 11073 3048 3047
f 11073 3046 11072
f 11074 3049 3048
f 11074 3048 11073
f 11075 3049 11074
f 11076 3050 3049
f 11076 3049 11075
f 11077 3051 3050
f 11077 3050 11076
f 11078 3051 11077
f 11078 3052 3051
f 11078 3053 3052
f 11079 3053 11078
f 11080 3053 11079
f 11080 3054 3053
f 11081 3054 11080
f 11081 3055 3054
f 11082 3055 11081
f 11082 3056 3055
f 11083 3056 11082
f 11083 3057 3056
f 11084 3057 11083
f 11084 3058 3057
f 11085 3058 11084
f 11085 3059 3058
f 11085 3039 3059
f 11065 3039 11085
f 11087 3018 11086
f 11087 3019 3018
f 11088 3020 3019
f 11088 3019 11087
f 11089 3021 3020
f 11089 3020 11088
f 11090 3022 3021
f 11090 3021 11089
f 11091 3023 3022
f 11091 3022 11090
f 11092 3024 3023
f 11092 3023 11091
f 11093 3025 3024
f 11093 3024 11092
f 11094 3026 3025
f 11094 3027 3026
f 11094 3025 11093
f 11095 3028 3027
f 11095 3027 11094
f 11096 3028 11095
f 11097 3029 3028
f 11097 3028 11096
f 11098 3030 3029
f 11098 3029 11097
f 11099 3030 11098
f 11099 3031 3030
f 11099 3032 3031
f 11100 3032 11099
f 11101 3032 11100
f 11101 3033 3032
f 11102 3033 11101
f 11102 3034 3033
f 11103 3034 11102
f 11103 3035 3034
f 11104 3035 11103
f 11104 3036 3035
f 11105 3036 11104
f 11105 3037 3036
f 11106 3037 11105
f 11106 3038 3037
f 11106 3018 3038
f 11086 3018 11106
f 11108 2997 11107
f 11108 2998 2997
f 11109 2999 2998
f 11109 2998 11108
f 11110 3000 2999
f 11110 2999 11109
f 11111 3001 3000
f 11111 3000 11110
f 11112 3002 3001
f 11112 3001 11111
f 11113 3003 3002
f 11113 3002 11112
f 11114 3004 3003
f 11114 3003 11113
f 11115 3005 3004
f 11115 3006 3005
f 11115 3004 11114
f 11116 3007 3006
f 11116 3006 11115
f 11117 3007 11116
f 11118 3008 3007
f 11118 3007 11117
f 11119 3009 3008
f 11119 3008 11118
f 11120 3009 11119
f 11120 3010 3009
f 11120 3011 3010
f 11121 3011 11120
f 11122 3011 11121
f 11122 3012 3011
f 11123 3012 11122
f 11123 3013 3012
f 11124 3013 11123
f 11124 3014 3013
f 11125 3014 11124
f 11125 3015 3014
f 11126 3015 11125
f 11126 3016 3015
f 11127 3016 11126
f 11127 3017 3016
f 11127 2997 3017
f 11107 2997 11127
f 11129 2976 11128
f 11129 2977 2976
f 11130 2978 2977
f 11130 2977 11129
f 11131 2979 2978
f 11131 2978 11130
f 11132 2980 2979
f 11132 2979 11131
f 11133 2981 2980
f 11133 2980 11132
f 11134 2982 2981
f 11134 2981 11133
f 11135 2983 2982
f 11135 2982 11134
f 11136 2984 2983
f 11136 2985 2984
f 11136 2983 11135
f 11137 2986 2985
f 11137 2985 11136
f 11138 2986 11137
f 11139 2987 2986
f 11139 2986 11138
f 11140 2988 2987
f 11140 2987 11139
f 11141 2988 11140
f 11141 2989 2988
f 11141 2990 2989
f 11142 2990 11141
f 11143 2990 11142
f 11143 2991 2990
f 11144 2991 11143
f 11144 2992 2991
f 11145 2992 11144
f 11145 2993 2992
f 11146 2993 11145
f 11146 2994 2993
f 11147 2994 11146
f 11147 2995 2994
f 11148 2995 11147
f 11148 2996 2995
f 11148 2976 2996
f 11128 2976 11148
f 11150 2955 11149
f 11150 2956 2955
f 11151 2957 2956
f 11151 2956 11150
f 11152 2958 2957
f 11152 2957 11151
f 11153 2959 2958
f 11153 2958 11152
f 11154 2960 2959
f 11154 2959 11153
f 11155 2961 2960
f 11155 2960 11154
f 11156 2962 2961
f 11156 2961 11155
f 11157 2963 2962
f 11157 2964 2963
f 11157 2962 11156
f 11158 2965 2964
f 11158 2964 11157
f 11159 2965 11158
f 11160 2966 2965
f 11160 2965 11159
f 11161 2967 2966
f 11161 2966 11160
f 11162 2967 11161
f 11162 2968 2967
f 11162 2969 2968
f 11163 2969 11162
f 11164 2969 11163
f 11164 2970 2969
f 11165 2970 11164
f 11165 2971 2970
f 11166 2971 11165
f 11166 2972 2971
f 11167 2972 11166
f 11167 2973 2972
f 11168 2973 11167
f 11168 2974 2973
f 11169 2974 11168
f 11169 2975 2974
f 11169 2955 2975
f 11149 2955 11169
f 11171 2934 11170
f 11171 2935 2934
f 11172 2936 2935
f 11172 2935 11171
f 11173 2937 2936
f 11173 2936 11172
f 11174 2938 2937
f 11174 2937 11173
f 11175 2939 2938
f 11175 2938 11174
f 11176 2940 2939
f 11176 2939 11175
f 11177 2941 2940
f 11177 2940 11176
f 11178 2942 2941
f 11178 2943 2942
f 11178 2941 11177
f 11179 2944 2943
f 11179 2943 11178
f 11180 2944 11179
f 11181 2945 2944
f 11181 2944 11180
f 11182 2946 2945
f 11182 2945 11181
f 11183 2946 11182
f 11183 2947 2946
f 11183 2948 2947
f 11184 2948 11183
f 11185 2948 11184
f 11185 2949 2948
f 11186 2949 11185
f 11186 2950 2949
f 11187 2950 11186
f 11187 2951 2950
f 11188 2951 11187
f 11188 2952 2951
f 11189 2952 11188
f 11189 2953 2952
f 11190 2953 11189
f 11190 2954 2953
f 11190 2934 2954
f 11170 2934 11190
f 11192 2913 11191
f 11192 2914 2913
f 11193 2915 2914
f 11193 2914 11192
f 11194 2916 2915
f 11194 2915 11193
f 11195 2917 2916
f 11195 2916 11194
f 11196 2918 2917
f 11196 2917 11195
f 11197 2919 2918
f 11197 2918 11196
f 11198 2920 2919
f 11198 2919 11197
f 11199 2921 2920
f 11199 2922 2921
f 11199 2920 11198
f 11200 2923 2922
f 11200 2922 11199
f 11201 2923 11200
f 11202 2924 2923
f 11202 2923 11201
f 11203 2925 2924
f 11203 2924 11202
f 11204 2925 11203
f 11204 2926 2925
f 11204 2927 2926
f 11205 2927 11204
f 11206 2927 11205
f 11206 2928 2927
f 11207 2928 11206
f 11207 2929 2928
f 11208 2929 11207
f 11208 2930 2929
f 11209 2930 11208
f 11209 2931 2930
f 11210 2931 11209
f 11210 2932 2931
f 11211 2932 11210
f 11211 2933 2932
f 11211 2913 2933
f 11191 2913 11211
f 11213 2892 11212
f 11213 2893 2892
f 11214 2894 2893
f 11214 2893 11213
f 11215 2895 2894
f 11215 2894 11214
f 11216 2896 2895
f 11216 2895 11215
f 11217 2897 2896
f 11217 2896 11216
f 11218 2898 2897
f 11218 2897 11217
f 11219 2899 2898
f 11219 2898 11218
f 11220 2900 2899
f 11220 2901 2900
f 11220 2899 11219
f 11221 2902 2901
f 11221 2901 11220
f 11222 2902 11221
f 11223 2903 2902
f 11223 2902 11222
f 11224 2904 2903
f 11224 2903 11223
f 11225 2904 11224
f 11225 2905 2904
f 11225 2906 2905
f 11226 2906 11225
f 11227 2906 11226
f 11227 2907 2906
f 11228 2907 11227
f 11228 2908 2907
f 11229 2908 11228
f 11229 2909 2908
f 11230 2909 11229
f 11230 2910 2909
f 11231 2910 11230
f 11231 2911 2910
f 11232 2911 11231
f 11232 2912 2911
f 11232 2892 2912
f 11212 2892 11232
f 11234 2871 11233
f 11234 2872 2871
f 11235 2873 2872
f 11235 2872 11234
f 11236 2874 2873
f 11236 2873 11235
f 11237 2875 2874
f 11237 2874 11236
f 11238 2876 2875
f 11238 2875 11237
f 11239 2877 2876
f 11239 2876 11238
f 11240 2878 2877
f 11240 2877 11239
f 11241 2879 2878
f 11241 2880 2879
f 11241 2878 11240
f 11242 2881 2880
f 11242 2880 11241
f 11243 2881 11242
f 11244 2882 2881
f 11244 2881 11243
f 11245 2883 2882
f 11245 2882 11244
f 11246 2883 11245
f 11246 2884 2883
f 11246 2885 2884
f 11247 2885 11246
f 11248 2885 11247
f 11248 2886 2885
f 11249 2886 11248
f 11249 2887 2886
f 11250 2887 11249
f 11250 2888 2887
f 11251 2888 11250
f 11251 2889 2888
f 11252 2889 11251
f 11252 2890 2889
f 11253 2890 11252
f 11253 2891 2890
f 11253 2871 2891
f 11233 2871 11253
f 11255 2850 11254
f 11255 2851 2850
f 11256 2852 2851
f 11256 2851 11255
f 11257 2853 2852
f 11257 2852 11256
f 11258 2854 2853
f 11258 2853 11257
f 11259 2855 2854
f 11259 2854 11258
f 11260 2856 2855
f 11260 2855 11259
f 11261 2857 2856
f 11261 2856 11260
f 11262 2858 2857
f 11262 2859 2858
f 11262 2857 11261
f 11263 2860 2859
f 11263 2859 11262
f 11264 2860 11263
f 11265 2861 2860
f 11265 2860 11264
f 11266 2862 2861
f 11266 2861 11265
f 11267 2862 11266
f 11267 2863 2862
f 11267 2864 2863
f 11268 2864 11267
f 11269 2864 11268
f 11269 2865 2864
f 11270 2865 11269
f 11270 2866 2865
f 11271 2866 11270
f 11271 2867 2866
f 11272 2867 11271
f 11272 2868 2867
f 11273 2868 11272
f 11273 2869 2868
f 11274 2869 11273
f 11274 2870 2869
f 11274 2850 2870
f 11254 2850 11274
f 11276 2829 11275
f 11276 2830 2829
f 11277 2831 2830
f 11277 2830 11276
f 11278 2832 2831
f 11278 2831 11277
f 11279 2833 2832
f 11279 2832 11278
f 11280 2834 2833
f 11280 2833 11279
f 11281 2835 2834
f 11281 2834 11280
f 11282 2836 2835
f 11282 2835 11281
f 11283 2837 2836
f 11283 2838 2837
f 11283 2836 11282
f 11284 2839 2838
f 11284 2838 11283
f 11285 2839 11284
f 11286 2840 2839
f 11286 2839 11285
f 11287 2841 2840
f 11287 2840 11286
f 11288 2841 11287
f 11288 2842 2841
f 11288 2843 2842
f 11289 2843 11288
f 11290 2843 11289
f 11290 2844 2843
f 11291 2844 11290
f 11291 2845 2844
f 11292 2845 11291
f 11292 2846 2845
f 11293 2846 11292
f 11293 2847 2846
f 11294 2847 11293
f 11294 2848 2847
f 11295 2848 11294
f 11295 2849 2848
f 11295 2829 2849
f 11275 2829 11295
f 11297 2808 11296
f 11297 2809 2808
f 11298 2810 2809
f 11298 2809 11297
f 11299 2811 2810
f 11299 2810 11298
f 11300 2812 2811
f 11300 2811 11299
f 11301 2813 2812
f 11301 2812 11300
f 11302 2814 2813
f 11302 2813 11301
f 11303 2815 2814
f 11303 2814 11302
f 11304 2816 2815
f 11304 2817 2816
f 11304 2815 11303
f 11305 2818 2817
f 11305 2817 11304
f 11306 2818 11305
f 11307 2819 2818
f 11307 2818 11306
f 11308 2820 2819
f 11308 2819 11307
f 11309 2820 11308
f 11309 2821 2820
f 11309 2822 2821
f 11310 2822 11309
f 11311 2822 11310
f 11311 2823 2822
f 11312 2823 11311
f 11312 2824 2823
f 11313 2824 11312
f 11313 2825 2824
f 11314 2825 11313
f 11314 2826 2825
f 11315 2826 11314
f 11315 2827 2826
f 11316 2827 11315
f 11316 2828 2827
f 11316 2808 2828
f 11296 2808 11316
f 11318 2787 11317
f 11318 2788 2787
f 11319 2789 2788
f 11319 2788 11318
f 11320 2790 2789
f 11320 2789 11319
f 11321 2791 2790
f 11321 2790 11320
f 11322 2792 2791
f 11322 2791 11321
f 11323 2793 2792
f 11323 2792 11322
f 11324 2794 2793
f 11324 2793 11323
f 11325 2795 2794
f 11325 2796 2795
f 11325 2794 11324
f 11326 2797 2796
f 11326 2796 11325
f 11327 2797 11326
f 11328 2798 2797
f 11328 2797 11327
f 11329 2799 2798
f 11329 2798 11328
f 11330 2799 11329
f 11330 2800 2799
f 11330 2801 2800
f 11331 2801 11330
f 11332 2801 11331
f 11332 2802 2801
f 11333 2802 11332
f 11333 2803 2802
f 11334 2803 11333
f 11334 2804 2803
f 11335 2804 11334
f 11335 2805 2804
f 11336 2805 11335
f 11336 2806 2805
f 11337 2806 11336
f 11337 2807 2806
f 11337 2787 2807
f 11317 2787 11337
f 11339 2766 11338
f 11339 2767 2766
f 11340 2768 2767
f 11340 2767 11339
f 11341 2769 2768
f 11341 2768 11340
f 11342 2770 2769
f 11342 2769 11341
f 11343 2771 2770
f 11343 2770 11342
f 11344 2772 2771
f 11344 2771 11343
f 11345 2773 2772
f 11345 2772 11344
f 11346 2774 2773
f 11346 2775 2774
f 11346 2773 11345
f 11347 2776 2775
f 11347 2775 11346
f 11348 2776 11347
f 11349 2777 2776
f 11349 2776 11348
f 11350 2778 2777
f 11350 2777 11349
f 11351 2778 11350
f 11351 2779 2778
f 11351 2780 2779
f 11352 2780 11351
f 11353 2780 11352
f 11353 2781 2780
f 11354 2781 11353
f 11354 2782 2781
f 11355 2782 11354
f 11355 2783 2782
f 11356 2783 11355
f 11356 2784 2783
f 11357 2784 11356
f 11357 2785 2784
f 11358 2785 11357
f 11358 2786 2785
f 11358 2766 2786
f 11338 2766 11358
f 11360 2745 11359
f 11360 2746 2745
f 11361 2747 2746
f 11361 2746 11360
f 11362 2748 2747
f 11362 2747 11361
f 11363 2749 2748
f 11363 2748 11362
f 11364 2750 2749
f 11364 2749 11363
f 11365 2751 2750
f 11365 2750 11364
f 11366 2752 2751
f 11366 2751 11365
f 11367 2753 2752
f 11367 2754 2753
f 11367 2752 11366
f 11368 2755 2754
f 11368 2754 11367
f 11369 2755 11368
f 11370 2756 2755
f 11370 2755 11369
f 11371 2757 2756
f 11371 2756 11370
f 11372 2757 11371
f 11372 2758 2757
f 11372 2759 2758
f 11373 2759 11372
f 11374 2759 11373
f 11374 2760 2759
f 11375 2760 11374
f 11375 2761 2760
f 11376 2761 11375
f 11376 2762 2761
f 11377 2762 11376
f 11377 2763 2762
f 11378 2763 11377
f 11378 2764 2763
f 11379 2764 11378
f 11379 2765 2764
f 11379 2745 2765
f 11359 2745 11379
f 11381 2724 11380
f 11381 2725 2724
f 11382 2726 2725
f 11382 2725 11381
f 11383 2727 2726
f 11383 2726 11382
f 11384 2728 2727
f 11384 2727 11383
f 11385 2729 2728
f 11385 2728 11384
f 11386 2730 2729
f 11386 2729 11385
f 11387 2731 2730
f 11387 2730 11386
f 11388 2732 2731
f 11388 2733 2732
f 11388 2731 11387
f 11389 2734 2733
f 11389 2733 11388
f 11390 2734 11389
f 11391 2735 2734
f 11391 2734 11390
f 11392 2736 2735
f 11392 2735 11391
f 11393 2736 11392
f 11393 2737 2736
f 11393 2738 2737
f 11394 2738 11393
f 11395 2738 11394
f 11395 2739 2738
f 11396 2739 11395
f 11396 2740 2739
f 11397 2740 11396
f 11397 2741 2740
f 11398 2741 11397
f 11398 2742 2741
f 11399 2742 11398
f 11399 2743 2742
f 11400 2743 11399
f 11400 2744 2743
f 11400 2724 2744
f 11380 2724 11400
f 11402 2703 11401
f 11402 2704 2703
f 11403 2705 2704
f 11403 2704 11402
f 11404 2706 2705
f 11404 2705 11403
f 11405 2707 2706
f 11405 2706 11404
f 11406 2708 2707
f 11406 2707 11405
f 11407 2709 2708
f 11407 2708 11406
f 11408 2710 2709
f 11408 2709 11407
f 11409 2711 2710
f 11409 2712 2711
f 11409 2710 11408
f 11410 2713 2712
f 11410 2712 11409
f 11411 2713 11410
f 11412 2714 2713
f 11412 2713 11411
f 11413 2715 2714
f 11413 2714 11412
f 11414 2715 11413
f 11414 2716 2715
f 11414 2717 2716
f 11415 2717 11414
f 11416 2717 11415
f 11416 2718 2717
f 11417 2718 11416
f 11417 2719 2718
f 11418 2719 11417
f 11418 2720 2719
f 11419 2720 11418
f 11419 2721 2720
f 11420 2721 11419
f 11420 2722 2721
f 11421 2722 11420
f 11421 2723 2722
f 11421 2703 2723
f 11401 2703 11421
f 11423 2682 11422
f 11423 2683 2682
f 11424 2684 2683
f 11424 2683 11423
f 11425 2685 2684
f 11425 2684 11424
f 11426 2686 2685
f 11426 2685 11425
f 11427 2687 2686
f 11427 2686 11426
f 11428 2688 2687
f 11428 2687 11427
f 11429 2689 2688
f 11429 2688 11428
f 11430 2690 2689
f 11430 2691 2690
f 11430 2689 11429
f 11431 2692 2691
f 11431 2691 11430
f 11432 2692 11431
f 11433 2693 2692
f 11433 2692 11432
f 11434 2694 2693
f 11434 2693 11433
f 11435 2694 11434
f 11435 2695 2694
f 11435 2696 2695
f 11436 2696 11435
f 11437 2696 11436
f 11437 2697 2696
f 11438 2697 11437
f 11438 2698 2697
f 11439 2698 11438
f 11439 2699 2698
f 11440 2699 11439
f 11440 2700 2699
f 11441 2700 11440
f 11441 2701 2700
f 11442 2701 11441
f 11442 2702 2701
f 11442 2682 2702
f 11422 2682 11442
f 11444 2661 11443
f 11444 2662 2661
f 11445 2663 2662
f 11445 2662 11444
f 11446 2664 2663
f 11446 2663 11445
f 11447 2665 2664
f 11447 2664 11446
f 11448 2666 2665
f 11448 2665 11447
f 11449 2667 2666
f 11449 2666 11448
f 11450 2668 2667
f 11450 2667 11449
f 11451 2669 2668
f 11451 2670 2669
f 11451 2668 11450
f 11452 2671 2670
f 11452 2670 11451
f 11453 2671 11452
f 11454 2672 2671
f 11454 2671 11453
f 11455 2673 2672
f 11455 2672 11454
f 11456 2673 11455
f 11456 2674 2673
f 11456 2675 2674
f 11457 2675 11456
f 11458 2675 11457
f 11458 2676 2675
f 11459 2676 11458
f 11459 2677 2676
f 11460 2677 11459
f 11460 2678 2677
f 11461 2678 11460
f 11461 2679 2678
f 11462 2679 11461
f 11462 2680 2679
f 11463 2680 11462
f 11463 2681 2680
f 11463 2661 2681
f 11443 2661 11463
f 11465 2640 11464
f 11465 2641 2640
f 11466 2642 2641
f 11466 2641 11465
f 11467 2643 2642
f 11467 2642 11466
f 11468 2644 2643
f 11468 2643 11467
f 11469 2645 2644
f 11469 2644 11468
f 11470 2646 2645
f 11470 2645 11469
f 11471 2647 2646
f 11471 2646 11470
f 11472 2648 2647
f 11472 2649 2648
f 11472 2647 11471
f 11473 2650 2649
f 11473 2649 11472
f 11474 2650 11473
f 11475 2651 2650
f 11475 2650 11474
f 11476 2652 2651
f 11476 2651 11475
f 11477 2652 11476
f 11477 2653 2652
f 11477 2654 2653
f 11478 2654 11477
f 11479 2654 11478
f 11479 2655 2654
f 11480 2655 11479
f 11480 2656 2655
f 11481 2656 11480
f 11481 2657 2656
f 11482 2657 11481
f 11482 2658 2657
f 11483 2658 11482
f 11483 2659 2658
f 11484 2659 11483
f 11484 2660 2659
f 11484 2640 2660
f 11464 2640 11484
f 11486 2619 11485
f 11486 2620 2619
f 11487 2621 2620
f 11487 2620 11486
f 11488 2622 2621
f 11488 2621 11487
f 11489 2623 2622
f 11489 2622 11488
f 11490 2624 2623
f 11490 2623 11489
f 11491 2625 2624
f 11491 2624 11490
f 11492 2626 2625
f 11492 2625 11491
f 11493 2627 2626
f 11493 2628 2627
f 11493 2626 11492
f 11494 2629 2628
f 11494 2628 11493
f 11495 2629 11494
f 11496 2630 2629
f 11496 2629 11495
f 11497 2631 2630
f 11497 2630 11496
f 11498 2631 11497
f 11498 2632 2631
f 11498 2633 2632
f 11499 2633 11498
f 11500 2633 11499
f 11500 2634 2633
f 11501 2634 11500
f 11501 2635 2634
f 11502 2635 11501
f 11502 2636 2635
f 11503 2636 11502
f 11503 2637 2636
f 11504 2637 11503
f 11504 2638 2637
f 11505 2638 11504
f 11505 2639 2638
f 11505 2619 2639
f 11485 2619 11505
f 11507 2598 11506
f 11507 2599 2598
f 11508 2600 2599
f 11508 2599 11507
f 11509 2601 2600
f 11509 2600 11508
f 11510 2602 2601
f 11510 2601 11509
f 11511 2603 2602
f 11511 2602 11510
f 11512 2604 2603
f 11512 2603 11511
f 11513 2605 2604
f 11513 2604 11512
f 11514 2606 2605
f 11514 2607 2606
f 11514 2605 11513
f 11515 2608 2607
f 11515 2607 11514
f 11516 2608 11515
f 11517 2609 2608
f 11517 2608 11516
f 11518 2610 2609
f 11518 2609 11517
f 11519 2610 11518
f 11519 2611 2610
f 11519 2612 2611
f 11520 2612 11519
f 11521 2612 11520
f 11521 2613 2612
f 11522 2613 11521
f 11522 2614 2613
f 11523 2614 11522
f 11523 2615 2614
f 11524 2615 11523
f 11524 2616 2615
f 11525 2616 11524
f 11525 2617 2616
f 11526 2617 11525
f 11526 2618 2617
f 11526 2598 2618
f 11506 2598 11526
f 11528 2577 11527
f 11528 2578 2577
f 11529 2579 2578
f 11529 2578 11528
f 11530 2580 2579
f 11530 2579 11529
f 11531 2581 2580
f 11531 2580 11530
f 11532 2582 2581
f 11532 2581 11531
f 11533 2583 2582
f 11533 2582 11532
f 11534 2584 2583
f 11534 2583 11533
f 11535 2585 2584
f 11535 2586 2585
f 11535 2584 11534
f 11536 2587 2586
f 11536 2586 11535
f 11537 2587 11536
f 11538 2588 2587
f 11538 2587 11537
f 11539 2589 2588
f 11539 2588 11538
f 11540 2589 11539
f 11540 2590 2589
f 11540 2591 2590
f 11541 2591 11540
f 11542 2591 11541
f 11542 2592 2591
f 11543 2592 11542
f 11543 2593 2592
f 11544 2593 11543
f 11544 2594 2593
f 11545 2594 11544
f 11545 2595 2594
f 11546 2595 11545
f 11546 2596 2595
f 11547 2596 11546
f 11547 2597 2596
f 11547 2577 2597
f 11527 2577 11547
f 11549 2556 11548
f 11549 2557 2556
f 11550 2558 2557
f 11550 2557 11549
f 11551 2559 2558
f 11551 2558 11550
f 11552 2560 2559
f 11552 2559 11551
f 11553 2561 2560
f 11553 2560 11552
f 11554 2562 2561
f 11554 2561 11553
f 11555 2563 2562
f 11555 2562 11554
f 11556 2564 2563
f 11556 2565 2564
f 11556 2563 11555
f 11557 2566 2565
f 11557 2565 11556
f 11558 2566 11557
f 11559 2567 2566
f 11559 2566 11558
f 11560 2568 2567
f 11560 2567 11559
f 11561 2568 11560
f 11561 2569 2568
f 11561 2570 2569
f 11562 2570 11561
f 11563 2570 11562
f 11563 2571 2570
f 11564 2571 11563
f 11564 2572 2571
f 11565 2572 11564
f 11565 2573 2572
f 11566 2573 11565
f 11566 2574 2573
f 11567 2574 11566
f 11567 2575 2574
f 11568 2575 11567
f 11568 2576 2575
f 11568 2556 2576
f 11548 2556 11568
f 11570 2535 11569
f 11570 2536 2535
f 11571 2537 2536
f 11571 2536 11570
f 11572 2538 2537
f 11572 2537 11571
f 11573 2539 2538
f 11573 2538 11572
f 11574 2540 2539
f 11574 2539 11573
f 11575 2541 2540
f 11575 2540 11574
f 11576 2542 2541
f 11576 2541 11575
f 11577 2543 2542
f 11577 2544 2543
f 11577 2542 11576
f 11578 2545 2544
f 11578 2544 11577
f 11579 2545 11578
f 11580 2546 2545
f 11580 2545 11579
f 11581 2547 2546
f 11581 2546 11580
f 11582 2547 11581
f 11582 2548 2547
f 11582 2549 2548
f 11583 2549 11582
f 11584 2549 11583
f 11584 2550 2549
f 11585 2550 11584
f 11585 2551 2550
f 11586 2551 11585
f 11586 2552 2551
f 11587 2552 11586
f 11587 2553 2552
f 11588 2553 11587
f 11588 2554 2553
f 11589 2554 11588
f 11589 2555 2554
f 11589 2535 2555
f 11569 2535 11589
f 11591 2514 11590
f 11591 2515 2514
f 11592 2516 2515
f 11592 2515 11591
f 11593 2517 2516
f 11593 2516 11592
f 11594 2518 2517
f 11594 2517 11593
f 11595 2519 2518
f 11595 2518 11594
f 11596 2520 2519
f 11596 2519 11595
f 11597 2521 2520
f 11597 2520 11596
f 11598 2522 2521
f 11598 2523 2522
f 11598 2521 11597
f 11599 2524 2523
f 11599 2523 11598
f 11600 2524 11599
f 11601 2525 2524
f 11601 2524 11600
f 11602 2526 2525
f 11602 2525 11601
f 11603 2526 11602
f 11603 2527 2526
f 11603 2528 2527
f 11604 2528 11603
f 11605 2528 11604
f 11605 2529 2528
f 11606 2529 11605
f 11606 2530 2529
f 11607 2530 11606
f 11607 2531 2530
f 11608 2531 11607
f 11608 2532 2531
f 11609 2532 11608
f 11609 2533 2532
f 11610 2533 11609
f 11610 2534 2533
f 11610 2514 2534
f 11590 2514 11610
f 11612 2493 11611
f 11612 2494 2493
f 11613 2495 2494
f 11613 2494 11612
f 11614 2496 2495
f 11614 2495 11613
f 11615 2497 2496
f 11615 2496 11614
f 11616 2498 2497
f 11616 2497 11615
f 11617 2499 2498
f 11617 2498 11616
f 11618 2500 2499
f 11618 2499 11617
f 11619 2501 2500
f 11619 2502 2501
f 11619 2500 11618
f 11620 2503 2502
f 11620 2502 11619
f 11621 2503 11620
f 11622 2504 2503
f 11622 2503 11621
f 11623 2505 2504
f 11623 2504 11622
f 11624 2505 11623
f 11624 2506 2505
f 11624 2507 2506
f 11625 2507 11624
f 11626 2507 11625
f 11626 2508 2507
f 11627 2508 11626
f 11627 2509 2508
f 11628 2509 11627
f 11628 2510 2509
f 11629 2510 11628
f 11629 2511 2510
f 11630 2511 11629
f 11630 2512 2511
f 11631 2512 11630
f 11631 2513 2512
f 11631 2493 2513
f 11611 2493 11631
f 11633 2472 11632
f 11633 2473 2472
f 11634 2474 2473
f 11634 2473 11633
f 11635 2475 2474
f 11635 2474 11634
f 11636 2476 2475
f 11636 2475 11635
f 11637 2477 2476
f 11637 2476 11636
f 11638 2478 2477
f 11638 2477 11637
f 11639 2479 2478
f 11639 2478 11638
f 11640 2480 2479
f 11640 2481 2480
f 11640 2479 11639
f 11641 2482 2481
f 11641 2481 11640
f 11642 2482 11641
f 11643 2483 2482
f 11643 2482 11642
f 11644 2484 2483
f 11644 2483 11643
f 11645 2484 11644
f 11645 2485 2484
f 11645 2486 2485
f 11646 2486 11645
f 11647 2486 11646
f 11647 2487 2486
f 11648 2487 11647
f 11648 2488 2487
f 11649 2488 11648
f 11649 2489 2488
f 11650 2489 11649
f 11650 2490 2489
f 11651 2490 11650
f 11651 2491 2490
f 11652 2491 11651
f 11652 2492 2491
f 11652 2472 2492
f 11632 2472 11652
f 11654 2451 11653
f 11654 2452 2451
f 11655 2453 2452
f 11655 2452 11654
f 11656 2454 2453
f 11656 2453 11655
f 11657 2455 2454
f 11657 2454 11656
f 11658 2456 2455
f 11658 2455 11657
f 11659 2457 2456
f 11659 2456 11658
f 11660 2458 2457
f 11660 2457 11659
f 11661 2459 2458
f 11661 2460 2459
f 11661 2458 11660
f 11662 2461 2460
f 11662 2460 11661
f 11663 2461 11662
f 11664 2462 2461
f 11664 2461 11663
f 11665 2463 2462
f 11665 2462 11664
f 11666 2463 11665
f 11666 2464 2463
f 11666 2465 2464
f 11667 2465 11666
f 11668 2465 11667
f 11668 2466 2465
f 11669 2466 11668
f 11669 2467 2466
f 11670 2467 11669
f 11670 2468 2467
f 11671 2468 11670
f 11671 2469 2468
f 11672 2469 11671
f 11672 2470 2469
f 11673 2470 11672
f 11673 2471 2470
f 11673 2451 2471
f 11653 2451 11673
f 11675 2430 11674
f 11675 2431 2430
f 11676 2432 2431
f 11676 2431 11675
f 11677 2433 2432
f 11677 2432 11676
f 11678 2434 2433
f 11678 2433 11677
f 11679 2435 2434
f 11679 2434 11678
f 11680 2436 2435
f 11680 2435 11679
f 11681 2437 2436
f 11681 2436 11680
f 11682 2438 2437
f 11682 2439 2438
f 11682 2437 11681
f 11683 2440 2439
f 11683 2439 11682
f 11684 2440 11683
f 11685 2441 2440
f 11685 2440 11684
f 11686 2442 2441
f 11686 2441 11685
f 11687 2442 11686
f 11687 2443 2442
f 11687 2444 2443
f 11688 2444 11687
f 11689 2444 11688
f 11689 2445 2444
f 11690 2445 11689
f 11690 2446 2445
f 11691 2446 11690
f 11691 2447 2446
f 11692 2447 11691
f 11692 2448 2447
f 11693 2448 11692
f 11693 2449 2448
f 11694 2449 11693
f 11694 2450 2449
f 11694 2430 2450
f 11674 2430 11694
f 11696 2409 11695
f 11696 2410 2409
f 11697 2411 2410
f 11697 2410 11696
f 11698 2412 2411
f 11698 2411 11697
f 11699 2413 2412
f 11699 2412 11698
f 11700 2414 2413
f 11700 2413 11699
f 11701 2415 2414
f 11701 2414 11700
f 11702 2416 2415
f 11702 2415 11701
f 11703 2417 2416
f 11703 2418 2417
f 11703 2416 11702
f 11704 2419 2418
f 11704 2418 11703
f 11705 2419 11704
f 11706 2420 2419
f 11706 2419 11705
f 11707 2421 2420
f 11707 2420 11706
f 11708 2421 11707
f 11708 2422 2421
f 11708 2423 2422
f 11709 2423 11708
f 11710 2423 11709
f 11710 2424 2423
f 11711 2424 11710
f 11711 2425 2424
f 11712 2425 11711
f 11712 2426 2425
f 11713 2426 11712
f 11713 2427 2426
f 11714 2427 11713
f 11714 2428 2427
f 11715 2428 11714
f 11715 2429 2428
f 11715 2409 2429
f 11695 2409 11715
f 11717 2388 11716
f 11717 2389 2388
f 11718 2390 2389
f 11718 2389 11717
f 11719 2391 2390
f 11719 2390 11718
f 11720 2392 2391
f 11720 2391 11719
f 11721 2393 2392
f 11721 2392 11720
f 11722 2394 2393
f 11722 2393 11721
f 11723 2395 2394
f 11723 2394 11722
f 11724 2396 2395
f 11724 2397 2396
f 11724 2395 11723
f 11725 2398 2397
f 11725 2397 11724
f 11726 2398 11725
f 11727 2399 2398
f 11727 2398 11726
f 11728 2400 2399
f 11728 2399 11727
f 11729 2400 11728
f 11729 2401 2400
f 11729 2402 2401
f 11730 2402 11729
f 11731 2402 11730
f 11731 2403 2402
f 11732 2403 11731
f 11732 2404 2403
f 11733 2404 11732
f 11733 2405 2404
f 11734 2405 11733
f 11734 2406 2405
f 11735 2406 11734
f 11735 2407 2406
f 11736 2407 11735
f 11736 2408 2407
f 11736 2388 2408
f 11716 2388 11736
f 11738 2367 11737
f 11738 2368 2367
f 11739 2369 2368
f 11739 2368 11738
f 11740 2370 2369
f 11740 2369 11739
f 11741 2371 2370
f 11741 2370 11740
f 11742 2372 2371
f 11742 2371 11741
f 11743 2373 2372
f 11743 2372 11742
f 11744 2374 2373
f 11744 2373 11743
f 11745 2375 2374
f 11745 2376 2375
f 11745 2374 11744
f 11746 2377 2376
f 11746 2376 11745
f 11747 2377 11746
f 11748 2378 2377
f 11748 2377 11747
f 11749 2379 2378
f 11749 2378 11748
f 11750 2379 11749
f 11750 2380 2379
f 11750 2381 2380
f 11751 2381 11750
f 11752 2381 11751
f 11752 2382 2381
f 11753 2382 11752
f 11753 2383 2382
f 11754 2383 11753
f 11754 2384 2383
f 11755 2384 11754
f 11755 2385 2384
f 11756 2385 11755
f 11756 2386 2385
f 11757 2386 11756
f 11757 2387 2386
f 11757 2367 2387
f 11737 2367 11757
f 11759 2346 11758
f 11759 2347 2346
f 11760 2348 2347
f 11760 2347 11759
f 11761 2349 2348
f 11761 2348 11760
f 11762 2350 2349
f 11762 2349 11761
f 11763 2351 2350
f 11763 2350 11762
f 11764 2352 2351
f 11764 2351 11763
f 11765 2353 2352
f 11765 2352 11764
f 11766 2354 2353
f 11766 2355 2354
f 11766 2353 11765
f 11767 2356 2355
f 11767 2355 11766
f 11768 2356 11767
f 11769 2357 2356
f 11769 2356 11768
f 11770 2358 2357
f 11770 2357 11769
f 11771 2358 11770
f 11771 2359 2358
f 11771 2360 2359
f 11772 2360 11771
f 11773 2360 11772
f 11773 2361 2360
f 11774 2361 11773
f 11774 2362 2361
f 11775 2362 11774
f 11775 2363 2362
f 11776 2363 11775
f 11776 2364 2363
f 11777 2364 11776
f 11777 2365 2364
f 11778 2365 11777
f 11778 2366 2365
f 11778 2346 2366
f 11758 2346 11778
f 11780 2325 11779
f 11780 2326 2325
f 11781 2327 2326
f 11781 2326 11780
f 11782 2328 2327
f 11782 2327 11781
f 11783 2329 2328
f 11783 2328 11782
f 11784 2330 2329
f 11784 2329 11783
f 11785 2331 2330
f 11785 2330 11784
f 11786 2332 2331
f 11786 2331 11785
f 11787 2333 2332
f 11787 2334 2333
f 11787 2332 11786
f 11788 2335 2334
f 11788 2334 11787
f 11789 2335 11788
f 11790 2336 2335
f 11790 2335 11789
f 11791 2337 2336
f 11791 2336 11790
f 11792 2337 11791
f 11792 2338 2337
f 11792 2339 2338
f 11793 2339 11792
f 11794 2339 11793
f 11794 2340 2339
f 11795 2340 11794
f 11795 2341 2340
f 11796 2341 11795
f 11796 2342 2341
f 11797 2342 11796
f 11797 2343 2342
f 11798 2343 11797
f 11798 2344 2343
f 11799 2344 11798
f 11799 2345 2344
f 11799 2325 2345
f 11779 2325 11799
f 11801 2304 11800
f 11801 2305 2304
f 11802 2306 2305
f 11802 2305 11801
f 11803 2307 2306
f 11803 2306 11802
f 11804 2308 2307
f 11804 2307 11803
f 11805 2309 2308
f 11805 2308 11804
f 11806 2310 2309
f 11806 2309 11805
f 11807 2311 2310
f 11807 2310 11806
f 11808 2312 2311
f 11808 2313 2312
f 11808 2311 11807
f 11809 2314 2313
f 11809 2313 11808
f 11810 2314 11809
f 11811 2315 2314
f 11811 2314 11810
f 11812 2316 2315
f 11812 2315 11811
f 11813 2316 11812
f 11813 2317 2316
f 11813 2318 2317
f 11814 2318 11813
f 11815 2318 11814
f 11815 2319 2318
f 11816 2319 11815
f 11816 2320 2319
f 11817 2320 11816
f 11817 2321 2320
f 11818 2321 11817
f 11818 2322 2321
f 11819 2322 11818
f 11819 2323 2322
f 11820 2323 11819
f 11820 2324 2323
f 11820 2304 2324
f 11800 2304 11820
f 11822 2283 11821
f 11822 2284 2283
f 11823 2285 2284
f 11823 2284 11822
f 11824 2286 2285
f 11824 2285 11823
f 11825 2287 2286
f 11825 2286 11824
f 11826 2288 2287
f 11826 2287 11825
f 11827 2289 2288
f 11827 2288 11826
f 11828 2290 2289
f 11828 2289 11827
f 11829 2291 2290
f 11829 2292 2291
f 11829 2290 11828
f 11830 2293 2292
f 11830 2292 11829
f 11831 2293 11830
f 11832 2294 2293
f 11832 2293 11831
f 11833 2295 2294
f 11833 2294 11832
f 11834 2295 11833
f 11834 2296 2295
f 11834 2297 2296
f 11835 2297 11834
f 11836 2297 11835
f 11836 2298 2297
f 11837 2298 11836
f 11837 2299 2298
f 11838 2299 11837
f 11838 2300 2299
f 11839 2300 11838
f 11839 2301 2300
f 11840 2301 11839
f 11840 2302 2301
f 11841 2302 11840
f 11841 2303 2302
f 11841 2283 2303
f 11821 2283 11841
f 11843 2262 11842
f 11843 2263 2262
f 11844 2264 2263
f 11844 2263 11843
f 11845 2265 2264
f 11845 2264 11844
f 11846 2266 2265
f 11846 2265 11845
f 11847 2267 2266
f 11847 2266 11846
f 11848 2268 2267
f 11848 2267 11847
f 11849 2269 2268
f 11849 2268 11848
f 11850 2270 2269
f 11850 2271 2270
f 11850 2269 11849
f 11851 2272 2271
f 11851 2271 11850
f 11852 2272 11851
f 11853 2273 2272
f 11853 2272 11852
f 11854 2274 2273
f 11854 2273 11853
f 11855 2274 11854
f 11855 2275 2274
f 11855 2276 2275
f 11856 2276 11855
f 11857 2276 11856
f 11857 2277 2276
f 11858 2277 11857
f 11858 2278 2277
f 11859 2278 11858
f 11859 2279 2278
f 11860 2279 11859
f 11860 2280 2279
f 11861 2280 11860
f 11861 2281 2280
f 11862 2281 11861
f 11862 2282 2281
f 11862 2262 2282
f 11842 2262 11862
f 11864 2241 11863
f 11864 2242 2241
f 11865 2243 2242
f 11865 2242 11864
f 11866 2244 2243
f 11866 2243 11865
f 11867 2245 2244
f 11867 2244 11866
f 11868 2246 2245
f 11868 2245 11867
f 11869 2247 2246
f 11869 2246 11868
f 11870 2248 2247
f 11870 2247 11869
f 11871 2249 2248
f 11871 2250 2249
f 11871 2248 11870
f 11872 2251 2250
f 11872 2250 11871
f 11873 2251 11872
f 11874 2252 2251
f 11874 2251 11873
f 11875 2253 2252
f 11875 2252 11874
f 11876 2253 11875
f 11876 2254 2253
f 11876 2255 2254
f 11877 2255 11876
f 11878 2255 11877
f 11878 2256 2255
f 11879 2256 11878
f 11879 2257 2256
f 11880 2257 11879
f 11880 2258 2257
f 11881 2258 11880
f 11881 2259 2258
f 11882 2259 11881
f 11882 2260 2259
f 11883 2260 11882
f 11883 2261 2260
f 11883 2241 2261
f 11863 2241 11883
f 11885 2220 11884
f 11885 2221 2220
f 11886 2222 2221
f 11886 2221 11885
f 11887 2223 2222
f 11887 2222 11886
f 11888 2224 2223
f 11888 2223 11887
f 11889 2225 2224
f 11889 2224 11888
f 11890 2226 2225
f 11890 2225 11889
f 11891 2227 2226
f 11891 2226 11890
f 11892 2228 2227
f 11892 2229 2228
f 11892 2227 11891
f 11893 2230 2229
f 11893 2229 11892
f 11894 2230 11893
f 11895 2231 2230
f 11895 2230 11894
f 11896 2232 2231
f 11896 2231 11895
f 11897 2232 11896
f 11897 2233 2232
f 11897 2234 2233
f 11898 2234 11897
f 11899 2234 11898
f 11899 2235 2234
f 11900 2235 11899
f 11900 2236 2235
f 11901 2236 11900
f 11901 2237 2236
f 11902 2237 11901
f 11902 2238 2237
f 11903 2238 11902
f 11903 2239 2238
f 11904 2239 11903
f 11904 2240 2239
f 11904 2220 2240
f 11884 2220 11904
f 11906 2199 11905
f 11906 2200 2199
f 11907 2201 2200
f 11907 2200 11906
f 11908 2202 2201
f 11908 2201 11907
f 11909 2203 2202
f 11909 2202 11908
f 11910 2204 2203
f 11910 2203 11909
f 11911 2205 2204
f 11911 2204 11910
f 11912 2206 2205
f 11912 2205 11911
f 11913 2207 2206
f 11913 2208 2207
f 11913 2206 11912
f 11914 2209 2208
f 11914 2208 11913
f 11915 2209 11914
f 11916 2210 2209
f 11916 2209 11915
f 11917 2211 2210
f 11917 2210 11916
f 11918 2211 11917
f 11918 2212 2211
f 11918 2213 2212
f 11919 2213 11918
f 11920 2213 11919
f 11920 2214 2213
f 11921 2214 11920
f 11921 2215 2214
f 11922 2215 11921
f 11922 2216 2215
f 11923 2216 11922
f 11923 2217 2216
f 11924 2217 11923
f 11924 2218 2217
f 11925 2218 11924
f 11925 2219 2218
f 11925 2199 2219
f 11905 2199 11925
f 11927 2178 11926
f 11927 2179 2178
f 11928 2180 2179
f 11928 2179 11927
f 11929 2181 2180
f 11929 2180 11928
f 11930 2182 2181
f 11930 2181 11929
f 11931 2183 2182
f 11931 2182 11930
f 11932 2184 2183
f 11932 2183 11931
f 11933 2185 2184
f 11933 2184 11932
f 11934 2186 2185
f 11934 2187 2186
f 11934 2185 11933
f 11935 2188 2187
f 11935 2187 11934
f 11936 2188 11935
f 11937 2189 2188
f 11937 2188 11936
f 11938 2190 2189
f 11938 2189 11937
f 11939 2190 11938
f 11939 2191 2190
f 11939 2192 2191
f 11940 2192 11939
f 11941 2192 11940
f 11941 2193 2192
f 11942 2193 11941
f 11942 2194 2193
f 11943 2194 11942
f 11943 2195 2194
f 11944 2195 11943
f 11944 2196 2195
f 11945 2196 11944
f 11945 2197 2196
f 11946 2197 11945
f 11946 2198 2197
f 11946 2178 2198
f 11926 2178 11946
f 11948 2157 11947
f 11948 2158 2157
f 11949 2159 2158
f 11949 2158 11948
f 11950 2160 2159
f 11950 2159 11949
f 11951 2161 2160
f 11951 2160 11950
f 11952 2162 2161
f 11952 2161 11951
f 11953 2163 2162
f 11953 2162 11952
f 11954 2164 2163
f 11954 2163 11953
f 11955 2165 2164
f 11955 2166 2165
f 11955 2164 11954
f 11956 2167 2166
f 11956 2166 11955
f 11957 2167 11956
f 11958 2168 2167
f 11958 2167 11957
f 11959 2169 2168
f 11959 2168 11958
f 11960 2169 11959
f 11960 2170 2169
f 11960 2171 2170
f 11961 2171 11960
f 11962 2171 11961
f 11962 2172 2171
f 11963 2172 11962
f 11963 2173 2172
f 11964 2173 11963
f 11964 2174 2173
f 11965 2174 11964
f 11965 2175 2174
f 11966 2175 11965
f 11966 2176 2175
f 11967 2176 11966
f 11967 2177 2176
f 11967 2157 2177
f 11947 2157 11967
f 11969 2136 11968
f 11969 2137 2136
f 11970 2138 2137
f 11970 2137 11969
f 11971 2139 2138
f 11971 2138 11970
f 11972 2140 2139
f 11972 2139 11971
f 11973 2141 2140
f 11973 2140 11972
f 11974 2142 2141
f 11974 2141 11973
f 11975 2143 2142
f 11975 2142 11974
f 11976 2144 2143
f 11976 2145 2144
f 11976 2143 11975
f 11977 2146 2145
f 11977 2145 11976
f 11978 2146 11977
f 11979 2147 2146
f 11979 2146 11978
f 11980 2148 2147
f 11980 2147 11979
f 11981 2148 11980
f 11981 2149 2148
f 11981 2150 2149
f 11982 2150 11981
f 11983 2150 11982
f 11983 2151 2150
f 11984 2151 11983
f 11984 2152 2151
f 11985 2152 11984
f 11985 2153 2152
f 11986 2153 11985
f 11986 2154 2153
f 11987 2154 11986
f 11987 2155 2154
f 11988 2155 11987
f 11988 2156 2155
f 11988 2136 2156
f 11968 2136 11988
f 11990 2115 11989
f 11990 2116 2115
f 11991 2117 2116
f 11991 2116 11990
f 11992 2118 2117
f 11992 2117 11991
f 11993 2119 2118
f 11993 2118 11992
f 11994 2120 2119
f 11994 2119 11993
f 11995 2121 2120
f 11995 2120 11994
f 11996 2122 2121
f 11996 2121 11995
f 11997 2123 2122
f 11997 2124 2123
f 11997 2122 11996
f 11998 2125 2124
f 11998 2124 11997
f 11999 2125 11998
f 12000 2126 2125
f 12000 2125 11999
f 12001 2127 2126
f 12001 2126 12000
f 12002 2127 12001
f 12002 2128 2127
f 12002 2129 2128
f 12003 2129 12002
f 12004 2129 12003
f 12004 2130 2129
f 12005 2130 12004
f 12005 2131 2130
f 12006 2131 12005
f 12006 2132 2131
f 12007 2132 12006
f 12007 2133 2132
f 12008 2133 12007
f 12008 2134 2133
f 12009 2134 12008
f 12009 2135 2134
f 12009 2115 2135
f 11989 2115 12009
f 12011 2094 12010
f 12011 2095 2094
f 12012 2096 2095
f 12012 2095 12011
f 12013 2097 2096
f 12013 2096 12012
f 12014 2098 2097
f 12014 2097 12013
f 12015 2099 2098
f 12015 2098 12014
f 12016 2100 2099
f 12016 2099 12015
f 12017 2101 2100
f 12017 2100 12016
f 12018 2102 2101
f 12018 2103 2102
f 12018 2101 12017
f 12019 2104 2103
f 12019 2103 12018
f 12020 2104 12019
f 12021 2105 2104
f 12021 2104 12020
f 12022 2106 2105
f 12022 2105 12021
f 12023 2106 12022
f 12023 2107 2106
f 12023 2108 2107
f 12024 2108 12023
f 12025 2108 12024
f 12025 2109 2108
f 12026 2109 12025
f 12026 2110 2109
f 12027 2110 12026
f 12027 2111 2110
f 12028 2111 12027
f 12028 2112 2111
f 12029 2112 12028
f 12029 2113 2112
f 12030 2113 12029
f 12030 2114 2113
f 12030 2094 2114
f 12010 2094 12030
f 12032 2073 12031
f 12032 2074 2073
f 12033 2075 2074
f 12033 2074 12032
f 12034 2076 2075
f 12034 2075 12033
f 12035 2077 2076
f 12035 2076 12034
f 12036 2078 2077
f 12036 2077 12035
f 12037 2079 2078
f 12037 2078 12036
f 12038 2080 2079
f 12038 2079 12037
f 12039 2081 2080
f 12039 2082 2081
f 12039 2080 12038
f 12040 2083 2082
f 12040 2082 12039
f 12041 2083 12040
f 12042 2084 2083
f 12042 2083 12041
f 12043 2085 2084
f 12043 2084 12042
f 12044 2085 12043
f 12044 2086 2085
f 12044 2087 2086
f 12045 2087 12044
f 12046 2087 12045
f 12046 2088 2087
f 12047 2088 12046
f 12047 2089 2088
f 12048 2089 12047
f 12048 2090 2089
f 12049 2090 12048
f 12049 2091 2090
f 12050 2091 12049
f 12050 2092 2091
f 12051 2092 12050
f 12051 2093 2092
f 12051 2073 2093
f 12031 2073 12051
f 12053 2052 12052
f 12053 2053 2052
f 12054 2054 2053
f 12054 2053 12053
f 12055 2055 2054
f 12055 2054 12054
f 12056 2056 2055
f 12056 2055 12055
f 12057 2057 2056
f 12057 2056 12056
f 12058 2058 2057
f 12058 2057 12057
f 12059 2059 2058
f 12059 2058 12058
f 12060 2060 2059
f 12060 2061 2060
f 12060 2059 12059
f 12061 2062 2061
f 12061 2061 12060
f 12062 2062 12061
f 12063 2063 2062
f 12063 2062 12062
f 12064 2064 2063
f 12064 2063 12063
f 12065 2064 12064
f 12065 2065 2064
f 12065 2066 2065
f 12066 2066 12065
f 12067 2066 12066
f 12067 2067 2066
f 12068 2067 12067
f 12068 2068 2067
f 12069 2068 12068
f 12069 2069 2068
f 12070 2069 12069
f 12070 2070 2069
f 12071 2070 12070
f 12071 2071 2070
f 12072 2071 12071
f 12072 2072 2071
f 12072 2052 2072
f 12052 2052 12072
f 12074 2031 12073
f 12074 2032 2031
f 12075 2033 2032
f 12075 2032 12074
f 12076 2034 2033
f 12076 2033 12075
f 12077 2035 2034
f 12077 2034 12076
f 12078 2036 2035
f 12078 2035 12077
f 12079 2037 2036
f 12079 2036 12078
f 12080 2038 2037
f 12080 2037 12079
f 12081 2039 2038
f 12081 2040 2039
f 12081 2038 12080
f 12082 2041 2040
f 12082 2040 12081
f 12083 2041 12082
f 12084 2042 2041
f 12084 2041 12083
f 12085 2043 2042
f 12085 2042 12084
f 12086 2043 12085
f 12086 2044 2043
f 12086 2045 2044
f 12087 2045 12086
f 12088 2045 12087
f 12088 2046 2045
f 12089 2046 12088
f 12089 2047 2046
f 12090 2047 12089
f 12090 2048 2047
f 12091 2048 12090
f 12091 2049 2048
f 12092 2049 12091
f 12092 2050 2049
f 12093 2050 12092
f 12093 2051 2050
f 12093 2031 2051
f 12073 2031 12093
f 12095 2010 12094
f 12095 2011 2010
f 12096 2012 2011
f 12096 2011 12095
f 12097 2013 2012
f 12097 2012 12096
f 12098 2014 2013
f 12098 2013 12097
f 12099 2015 2014
f 12099 2014 12098
f 12100 2016 2015
f 12100 2015 12099
f 12101 2017 2016
f 12101 2016 12100
f 12102 2018 2017
f 12102 2019 2018
f 12102 2017 12101
f 12103 2020 2019
f 12103 2019 12102
f 12104 2020 12103
f 12105 2021 2020
f 12105 2020 12104
f 12106 2022 2021
f 12106 2021 12105
f 12107 2022 12106
f 12107 2023 2022
f 12107 2024 2023
f 12108 2024 12107
f 12109 2024 12108
f 12109 2025 2024
f 12110 2025 12109
f 12110 2026 2025
f 12111 2026 12110
f 12111 2027 2026
f 12112 2027 12111
f 12112 2028 2027
f 12113 2028 12112
f 12113 2029 2028
f 12114 2029 12113
f 12114 2030 2029
f 12114 2010 2030
f 12094 2010 12114
f 12116 1989 12115
f 12116 1990 1989
f 12117 1991 1990
f 12117 1990 12116
f 12118 1992 1991
f 12118 1991 12117
f 12119 1993 1992
f 12119 1992 12118
f 12120 1994 1993
f 12120 1993 12119
f 12121 1995 1994
f 12121 1994 12120
f 12122 1996 1995
f 12122 1995 12121
f 12123 1997 1996
f 12123 1998 1997
f 12123 1996 12122
f 12124 1999 1998
f 12124 1998 12123
f 12125 1999 12124
f 12126 2000 1999
f 12126 1999 12125
f 12127 2001 2000
f 12127 2000 12126
f 12128 2001 12127
f 12128 2002 2001
f 12128 2003 2002
f 12129 2003 12128
f 12130 2003 12129
f 12130 2004 2003
f 12131 2004 12130
f 12131 2005 2004
f 12132 2005 12131
f 12132 2006 2005
f 12133 2006 12132
f 12133 2007 2006
f 12134 2007 12133
f 12134 2008 2007
f 12135 2008 12134
f 12135 2009 2008
f 12135 1989 2009
f 12115 1989 12135
f 12137 1968 12136
f 12137 1969 1968
f 12138 1970 1969
f 12138 1969 12137
f 12139 1971 1970
f 12139 1970 12138
f 12140 1972 1971
f 12140 1971 12139
f 12141 1973 1972
f 12141 1972 12140
f 12142 1974 1973
f 12142 1973 12141
f 12143 1975 1974
f 12143 1974 12142
f 12144 1976 1975
f 12144 1977 1976
f 12144 1975 12143
f 12145 1978 1977
f 12145 1977 12144
f 12146 1978 12145
f 12147 1979 1978
f 12147 1978 12146
f 12148 1980 1979
f 12148 1979 12147
f 12149 1980 12148
f 12149 1981 1980
f 12149 1982 1981
f 12150 1982 12149
f 12151 1982 12150
f 12151 1983 1982
f 12152 1983 12151
f 12152 1984 1983
f 12153 1984 12152
f 12153 1985 1984
f 12154 1985 12153
f 12154 1986 1985
f 12155 1986 12154
f 12155 1987 1986
f 12156 1987 12155
f 12156 1988 1987
f 12156 1968 1988
f 12136 1968 12156
f 12158 1947 12157
f 12158 1948 1947
f 12159 1949 1948
f 12159 1948 12158
f 12160 1950 1949
f 12160 1949 12159
f 12161 1951 1950
f 12161 1950 12160
f 12162 1952 1951
f 12162 1951 12161
f 12163 1953 1952
f 12163 1952 12162
f 12164 1954 1953
f 12164 1953 12163
f 12165 1955 1954
f 12165 1956 1955
f 12165 1954 12164
f 12166 1957 1956
f 12166 1956 12165
f 12167 1957 12166
f 12168 1958 1957
f 12168 1957 12167
f 12169 1959 1958
f 12169 1958 12168
f 12170 1959 12169
f 12170 1960 1959
f 12170 1961 1960
f 12171 1961 12170
f 12172 1961 12171
f 12172 1962 1961
f 12173 1962 12172
f 12173 1963 1962
f 12174 1963 12173
f 12174 1964 1963
f 12175 1964 12174
f 12175 1965 1964
f 12176 1965 12175
f 12176 1966 1965
f 12177 1966 12176
f 12177 1967 1966
f 12177 1947 1967
f 12157 1947 12177
f 12179 1926 12178
f 12179 1927 1926
f 12180 1928 1927
f 12180 1927 12179
f 12181 1929 1928
f 12181 1928 12180
f 12182 1930 1929
f 12182 1929 12181
f 12183 1931 1930
f 12183 1930 12182
f 12184 1932 1931
f 12184 1931 12183
f 12185 1933 1932
f 12185 1932 12184
f 12186 1934 1933
f 12186 1935 1934
f 12186 1933 12185
f 12187 1936 1935
f 12187 1935 12186
f 12188 1936 12187
f 12189 1937 1936
f 12189 1936 12188
f 12190 1938 1937
f 12190 1937 12189
f 12191 1938 12190
f 12191 1939 1938
f 12191 1940 1939
f 12192 1940 12191
f 12193 1940 12192
f 12193 1941 1940
f 12194 1941 12193
f 12194 1942 1941
f 12195 1942 12194
f 12195 1943 1942
f 12196 1943 12195
f 12196 1944 1943
f 12197 1944 12196
f 12197 1945 1944
f 12198 1945 12197
f 12198 1946 1945
f 12198 1926 1946
f 12178 1926 12198
f 12200 1905 12199
f 12200 1906 1905
f 12201 1907 1906
f 12201 1906 12200
f 12202 1908 1907
f 12202 1907 12201
f 12203 1909 1908
f 12203 1908 12202
f 12204 1910 1909
f 12204 1909 12203
f 12205 1911 1910
f 12205 1910 12204
f 12206 1912 1911
f 12206 1911 12205
f 12207 1913 1912
f 12207 1914 1913
f 12207 1912 12206
f 12208 1915 1914
f 12208 1914 12207
f 12209 1915 12208
f 12210 1916 1915
f 12210 1915 12209
f 12211 1917 1916
f 12211 1916 12210
f 12212 1917 12211
f 12212 1918 1917
f 12212 1919 1918
f 12213 1919 12212
f 12214 1919 12213
f 12214 1920 1919
f 12215 1920 12214
f 12215 1921 1920
f 12216 1921 12215
f 12216 1922 1921
f 12217 1922 12216
f 12217 1923 1922
f 12218 1923 12217
f 12218 1924 1923
f 12219 1924 12218
f 12219 1925 1924
f 12219 1905 1925
f 12199 1905 12219
f 12221 1884 12220
f 12221 1885 1884
f 12222 1886 1885
f 12222 1885 12221
f 12223 1887 1886
f 12223 1886 12222
f 12224 1888 1887
f 12224 1887 12223
f 12225 1889 1888
f 12225 1888 12224
f 12226 1890 1889
f 12226 1889 12225
f 12227 1891 1890
f 12227 1890 12226
f 12228 1892 1891
f 12228 1893 1892
f 12228 1891 12227
f 12229 1894 1893
f 12229 1893 12228
f 12230 1894 12229
f 12231 1895 1894
f 12231 1894 12230
f 12232 1896 1895
f 12232 1895 12231
f 12233 1896 12232
f 12233 1897 1896
f 12233 1898 1897
f 12234 1898 12233
f 12235 1898 12234
f 12235 1899 1898
f 12236 1899 12235
f 12236 1900 1899
f 12237 1900 12236
f 12237 1901 1900
f 12238 1901 12237
f 12238 1902 1901
f 12239 1902 12238
f 12239 1903 1902
f 12240 1903 12239
f 12240 1904 1903
f 12240 1884 1904
f 12220 1884 12240
f 12242 1863 12241
f 12242 1864 1863
f 12243 1865 1864
f 12243 1864 12242
f 12244 1866 1865
f 12244 1865 12243
f 12245 1867 1866
f 12245 1866 12244
f 12246 1868 1867
f 12246 1867 12245
f 12247 1869 1868
f 12247 1868 12246
f 12248 1870 1869
f 12248 1869 12247
f 12249 1871 1870
f 12249 1872 1871
f 12249 1870 12248
f 12250 1873 1872
f 12250 1872 12249
f 12251 1873 12250
f 12252 1874 1873
f 12252 1873 12251
f 12253 1875 1874
f 12253 1874 12252
f 12254 1875 12253
f 12254 1876 1875
f 12254 1877 1876
f 12255 1877 12254
f 12256 1877 12255
f 12256 1878 1877
f 12257 1878 12256
f 12257 1879 1878
f 12258 1879 12257
f 12258 1880 1879
f 12259 1880 12258
f 12259 1881 1880
f 12260 1881 12259
f 12260 1882 1881
f 12261 1882 12260
f 12261 1883 1882
f 12261 1863 1883
f 12241 1863 12261
f 12263 1842 12262
f 12263 1843 1842
f 12264 1844 1843
f 12264 1843 12263
f 12265 1845 1844
f 12265 1844 12264
f 12266 1846 1845
f 12266 1845 12265
f 12267 1847 1846
f 12267 1846 12266
f 12268 1848 1847
f 12268 1847 12267
f 12269 1849 1848
f 12269 1848 12268
f 12270 1850 1849
f 12270 1851 1850
f 12270 1849 12269
f 12271 1852 1851
f 12271 1851 12270
f 12272 1852 12271
f 12273 1853 1852
f 12273 1852 12272
f 12274 1854 1853
f 12274 1853 12273
f 12275 1854 12274
f 12275 1855 1854
f 12275 1856 1855
f 12276 1856 12275
f 12277 1856 12276
f 12277 1857 1856
f 12278 1857 12277
f 12278 1858 1857
f 12279 1858 12278
f 12279 1859 1858
f 12280 1859 12279
f 12280 1860 1859
f 12281 1860 12280
f 12281 1861 1860
f 12282 1861 12281
f 12282 1862 1861
f 12282 1842 1862
f 12262 1842 12282
f 12284 1821 12283
f 12284 1822 1821
f 12285 1823 1822
f 12285 1822 12284
f 12286 1824 1823
f 12286 1823 12285
f 12287 1825 1824
f 12287 1824 12286
f 12288 1826 1825
f 12288 1825 12287
f 12289 1827 1826
f 12289 1826 12288
f 12290 1828 1827
f 12290 1827 12289
f 12291 1829 1828
f 12291 1830 1829
f 12291 1828 12290
f 12292 1831 1830
f 12292 1830 12291
f 12293 1831 12292
f 12294 1832 1831
f 12294 1831 12293
f 12295 1833 1832
f 12295 1832 12294
f 12296 1833 12295
f 12296 1834 1833
f 12296 1835 1834
f 12297 1835 12296
f 12298 1835 12297
f 12298 1836 1835
f 12299 1836 12298
f 12299 1837 1836
f 12300 1837 12299
f 12300 1838 1837
f 12301 1838 12300
f 12301 1839 1838
f 12302 1839 12301
f 12302 1840 1839
f 12303 1840 12302
f 12303 1841 1840
f 12303 1821 1841
f 12283 1821 12303
f 12305 1800 12304
f 12305 1801 1800
f 12306 1802 1801
f 12306 1801 12305
f 12307 1803 1802
f 12307 1802 12306
f 12308 1804 1803
f 12308 1803 12307
f 12309 1805 1804
f 12309 1804 12308
f 12310 1806 1805
f 12310 1805 12309
f 12311 1807 1806
f 12311 1806 12310
f 12312 1808 1807
f 12312 1809 1808
f 12312 1807 12311
f 12313 1810 1809
f 12313 1809 12312
f 12314 1810 12313
f 12315 1811 1810
f 12315 1810 12314
f 12316 1812 1811
f 12316 1811 12315
f 12317 1812 12316
f 12317 1813 1812
f 12317 1814 1813
f 12318 1814 12317
f 12319 1814 12318
f 12319 1815 1814
f 12320 1815 12319
f 12320 1816 1815
f 12321 1816 12320
f 12321 1817 1816
f 12322 1817 12321
f 12322 1818 1817
f 12323 1818 12322
f 12323 1819 1818
f 12324 1819 12323
f 12324 1820 1819
f 12324 1800 1820
f 12304 1800 12324
f 12326 1779 12325
f 12326 1780 1779
f 12327 1781 1780
f 12327 1780 12326
f 12328 1782 1781
f 12328 1781 12327
f 12329 1783 1782
f 12329 1782 12328
f 12330 1784 1783
f 12330 1783 12329
f 12331 1785 1784
f 12331 1784 12330
f 12332 1786 1785
f 12332 1785 12331
f 12333 1787 1786
f 12333 1788 1787
f 12333 1786 12332
f 12334 1789 1788
f 12334 1788 12333
f 12335 1789 12334
f 12336 1790 1789
f 12336 1789 12335
f 12337 1791 1790
f 12337 1790 12336
f 12338 1791 12337
f 12338 1792 1791
f 12338 1793 1792
f 12339 1793 12338
f 12340 1793 12339
f 12340 1794 1793
f 12341 1794 12340
f 12341 1795 1794
f 12342 1795 12341
f 12342 1796 1795
f 12343 1796 12342
f 12343 1797 1796
f 12344 1797 12343
f 12344 1798 1797
f 12345 1798 12344
f 12345 1799 1798
f 12345 1779 1799
f 12325 1779 12345
f 12347 1758 12346
f 12347 1759 1758
f 12348 1760 1759
f 12348 1759 12347
f 12349 1761 1760
f 12349 1760 12348
f 12350 1762 1761
f 12350 1761 12349
f 12351 1763 1762
f 12351 1762 12350
f 12352 1764 1763
f 12352 1763 12351
f 12353 1765 1764
f 12353 1764 12352
f 12354 1766 1765
f 12354 1767 1766
f 12354 1765 12353
f 12355 1768 1767
f 12355 1767 12354
f 12356 1768 12355
f 12357 1769 1768
f 12357 1768 12356
f 12358 1770 1769
f 12358 1769 12357
f 12359 1770 12358
f 12359 1771 1770
f 12359 1772 1771
f 12360 1772 12359
f 12361 1772 12360
f 12361 1773 1772
f 12362 1773 12361
f 12362 1774 1773
f 12363 1774 12362
f 12363 1775 1774
f 12364 1775 12363
f 12364 1776 1775
f 12365 1776 12364
f 12365 1777 1776
f 12366 1777 12365
f 12366 1778 1777
f 12366 1758 1778
f 12346 1758 12366
f 12368 1737 12367
f 12368 1738 1737
f 12369 1739 1738
f 12369 1738 12368
f 12370 1740 1739
f 12370 1739 12369
f 12371 1741 1740
f 12371 1740 12370
f 12372 1742 1741
f 12372 1741 12371
f 12373 1743 1742
f 12373 1742 12372
f 12374 1744 1743
f 12374 1743 12373
f 12375 1745 1744
f 12375 1746 1745
f 12375 1744 12374
f 12376 1747 1746
f 12376 1746 12375
f 12377 1747 12376
f 12378 1748 1747
f 12378 1747 12377
f 12379 1749 1748
f 12379 1748 12378
f 12380 1749 12379
f 12380 1750 1749
f 12380 1751 1750
f 12381 1751 12380
f 12382 1751 12381
f 12382 1752 1751
f 12383 1752 12382
f 12383 1753 1752
f 12384 1753 12383
f 12384 1754 1753
f 12385 1754 12384
f 12385 1755 1754
f 12386 1755 12385
f 12386 1756 1755
f 12387 1756 12386
f 12387 1757 1756
f 12387 1737 1757
f 12367 1737 12387
f 12389 1716 12388
f 12389 1717 1716
f 12390 1718 1717
f 12390 1717 12389
f 12391 1719 1718
f 12391 1718 12390
f 12392 1720 1719
f 12392 1719 12391
f 12393 1721 1720
f 12393 1720 12392
f 12394 1722 1721
f 12394 1721 12393
f 12395 1723 1722
f 12395 1722 12394
f 12396 1724 1723
f 12396 1725 1724
f 12396 1723 12395
f 12397 1726 1725
f 12397 1725 12396
f 12398 1726 12397
f 12399 1727 1726
f 12399 1726 12398
f 12400 1728 1727
f 12400 1727 12399
f 12401 1728 12400
f 12401 1729 1728
f 12401 1730 1729
f 12402 1730 12401
f 12403 1730 12402
f 12403 1731 1730
f 12404 1731 12403
f 12404 1732 1731
f 12405 1732 12404
f 12405 1733 1732
f 12406 1733 12405
f 12406 1734 1733
f 12407 1734 12406
f 12407 1735 1734
f 12408 1735 12407
f 12408 1736 1735
f 12408 1716 1736
f 12388 1716 12408
f 12410 1695 12409
f 12410 1696 1695
f 12411 1697 1696
f 12411 1696 12410
f 12412 1698 1697
f 12412 1697 12411
f 12413 1699 1698
f 12413 1698 12412
f 12414 1700 1699
f 12414 1699 12413
f 12415 1701 1700
f 12415 1700 12414
f 12416 1702 1701
f 12416 1701 12415
f 12417 1703 1702
f 12417 1704 1703
f 12417 1702 12416
f 12418 1705 1704
f 12418 1704 12417
f 12419 1705 12418
f 12420 1706 1705
f 12420 1705 12419
f 12421 1707 1706
f 12421 1706 12420
f 12422 1707 12421
f 12422 1708 1707
f 12422 1709 1708
f 12423 1709 12422
f 12424 1709 12423
f 12424 1710 1709
f 12425 1710 12424
f 12425 1711 1710
f 12426 1711 12425
f 12426 1712 1711
f 12427 1712 12426
f 12427 1713 1712
f 12428 1713 12427
f 12428 1714 1713
f 12429 1714 12428
f 12429 1715 1714
f 12429 1695 1715
f 12409 1695 12429
f 12431 1674 12430
f 12431 1675 1674
f 12432 1676 1675
f 12432 1675 12431
f 12433 1677 1676
f 12433 1676 12432
f 12434 1678 1677
f 12434 1677 12433
f 12435 1679 1678
f 12435 1678 12434
f 12436 1680 1679
f 12436 1679 12435
f 12437 1681 1680
f 12437 1680 12436
f 12438 1682 1681
f 12438 1683 1682
f 12438 1681 12437
f 12439 1684 1683
f 12439 1683 12438
f 12440 1684 12439
f 12441 1685 1684
f 12441 1684 12440
f 12442 1686 1685
f 12442 1685 12441
f 12443 1686 12442
f 12443 1687 1686
f 12443 1688 1687
f 12444 1688 12443
f 12445 1688 12444
f 12445 1689 1688
f 12446 1689 12445
f 12446 1690 1689
f 12447 1690 12446
f 12447 1691 1690
f 12448 1691 12447
f 12448 1692 1691
f 12449 1692 12448
f 12449 1693 1692
f 12450 1693 12449
f 12450 1694 1693
f 12450 1674 1694
f 12430 1674 12450
f 12452 1653 12451
f 12452 1654 1653
f 12453 1655 1654
f 12453 1654 12452
f 12454 1656 1655
f 12454 1655 12453
f 12455 1657 1656
f 12455 1656 12454
f 12456 1658 1657
f 12456 1657 12455
f 12457 1659 1658
f 12457 1658 12456
f 12458 1660 1659
f 12458 1659 12457
f 12459 1661 1660
f 12459 1662 1661
f 12459 1660 12458
f 12460 1663 1662
f 12460 1662 12459
f 12461 1663 12460
f 12462 1664 1663
f 12462 1663 12461
f 12463 1665 1664
f 12463 1664 12462
f 12464 1665 12463
f 12464 1666 1665
f 12464 1667 1666
f 12465 1667 12464
f 12466 1667 12465
f 12466 1668 1667
f 12467 1668 12466
f 12467 1669 1668
f 12468 1669 12467
f 12468 1670 1669
f 12469 1670 12468
f 12469 1671 1670
f 12470 1671 12469
f 12470 1672 1671
f 12471 1672 12470
f 12471 1673 1672
f 12471 1653 1673
f 12451 1653 12471
f 12473 1632 12472
f 12473 1633 1632
f 12474 1634 1633
f 12474 1633 12473
f 12475 1635 1634
f 12475 1634 12474
f 12476 1636 1635
f 12476 1635 12475
f 12477 1637 1636
f 12477 1636 12476
f 12478 1638 1637
f 12478 1637 12477
f 12479 1639 1638
f 12479 1638 12478
f 12480 1640 1639
f 12480 1641 1640
f 12480 1639 12479
f 12481 1642 1641
f 12481 1641 12480
f 12482 1642 12481
f 12483 1643 1642
f 12483 1642 12482
f 12484 1644 1643
f 12484 1643 12483
f 12485 1644 12484
f 12485 1645 1644
f 12485 1646 1645
f 12486 1646 12485
f 12487 1646 12486
f 12487 1647 1646
f 12488 1647 12487
f 12488 1648 1647
f 12489 1648 12488
f 12489 1649 1648
f 12490 1649 12489
f 12490 1650 1649
f 12491 1650 12490
f 12491 1651 1650
f 12492 1651 12491
f 12492 1652 1651
f 12492 1632 1652
f 12472 1632 12492
f 12494 1611 12493
f 12494 1612 1611
f 12495 1613 1612
f 12495 1612 12494
f 12496 1614 1613
f 12496 1613 12495
f 12497 1615 1614
f 12497 1614 12496
f 12498 1616 1615
f 12498 1615 12497
f 12499 1617 1616
f 12499 1616 12498
f 12500 1618 1617
f 12500 1617 12499
f 12501 1619 1618
f 12501 1620 1619
f 12501 1618 12500
f 12502 1621 1620
f 12502 1620 12501
f 12503 1621 12502
f 12504 1622 1621
f 12504 1621 12503
f 12505 1623 1622
f 12505 1622 12504
f 12506 1623 12505
f 12506 1624 1623
f 12506 1625 1624
f 12507 1625 12506
f 12508 1625 12507
f 12508 1626 1625
f 12509 1626 12508
f 12509 1627 1626
f 12510 1627 12509
f 12510 1628 1627
f 12511 1628 12510
f 12511 1629 1628
f 12512 1629 12511
f 12512 1630 1629
f 12513 1630 12512
f 12513 1631 1630
f 12513 1611 1631
f 12493 1611 12513
f 12515 1590 12514
f 12515 1591 1590
f 12516 1592 1591
f 12516 1591 12515
f 12517 1593 1592
f 12517 1592 12516
f 12518 1594 1593
f 12518 1593 12517
f 12519 1595 1594
f 12519 1594 12518
f 12520 1596 1595
f 12520 1595 12519
f 12521 1597 1596
f 12521 1596 12520
f 12522 1598 1597
f 12522 1599 1598
f 12522 1597 12521
f 12523 1600 1599
f 12523 1599 12522
f 12524 1600 12523
f 12525 1601 1600
f 12525 1600 12524
f 12526 1602 1601
f 12526 1601 12525
f 12527 1602 12526
f 12527 1603 1602
f 12527 1604 1603
f 12528 1604 12527
f 12529 1604 12528
f 12529 1605 1604
f 12530 1605 12529
f 12530 1606 1605
f 12531 1606 12530
f 12531 1607 1606
f 12532 1607 12531
f 12532 1608 1607
f 12533 1608 12532
f 12533 1609 1608
f 12534 1609 12533
f 12534 1610 1609
f 12534 1590 1610
f 12514 1590 12534
f 12536 1569 12535
f 12536 1570 1569
f 12537 1571 1570
f 12537 1570 12536
f 12538 1572 1571
f 12538 1571 12537
f 12539 1573 1572
f 12539 1572 12538
f 12540 1574 1573
f 12540 1573 12539
f 12541 1575 1574
f 12541 1574 12540
f 12542 1576 1575
f 12542 1575 12541
f 12543 1577 1576
f 12543 1578 1577
f 12543 1576 12542
f 12544 1579 1578
f 12544 1578 12543
f 12545 1579 12544
f 12546 1580 1579
f 12546 1579 12545
f 12547 1581 1580
f 12547 1580 12546
f 12548 1581 12547
f 12548 1582 1581
f 12548 1583 1582
f 12549 1583 12548
f 12550 1583 12549
f 12550 1584 1583
f 12551 1584 12550
f 12551 1585 1584
f 12552 1585 12551
f 12552 1586 1585
f 12553 1586 12552
f 12553 1587 1586
f 12554 1587 12553
f 12554 1588 1587
f 12555 1588 12554
f 12555 1589 1588
f 12555 1569 1589
f 12535 1569 12555
f 12557 1548 12556
f 12557 1549 1548
f 12558 1550 1549
f 12558 1549 12557
f 12559 1551 1550
f 12559 1550 12558
f 12560 1552 1551
f 12560 1551 12559
f 12561 1553 1552
f 12561 1552 12560
f 12562 1554 1553
f 12562 1553 12561
f 12563 1555 1554
f 12563 1554 12562
f 12564 1556 1555
f 12564 1557 1556
f 12564 1555 12563
f 12565 1558 1557
f 12565 1557 12564
f 12566 1558 12565
f 12567 1559 1558
f 12567 1558 12566
f 12568 1560 1559
f 12568 1559 12567
f 12569 1560 12568
f 12569 1561 1560
f 12569 1562 1561
f 12570 1562 12569
f 12571 1562 12570
f 12571 1563 1562
f 12572 1563 12571
f 12572 1564 1563
f 12573 1564 12572
f 12573 1565 1564
f 12574 1565 12573
f 12574 1566 1565
f 12575 1566 12574
f 12575 1567 1566
f 12576 1567 12575
f 12576 1568 1567
f 12576 1548 1568
f 12556 1548 12576
f 12578 1527 12577
f 12578 1528 1527
f 12579 1529 1528
f 12579 1528 12578
f 12580 1530 1529
f 12580 1529 12579
f 12581 1531 1530
f 12581 1530 12580
f 12582 1532 1531
f 12582 1531 12581
f 12583 1533 1532
f 12583 1532 12582
f 12584 1534 1533
f 12584 1533 12583
f 12585 1535 1534
f 12585 1536 1535
f 12585 1534 12584
f 12586 1537 1536
f 12586 1536 12585
f 12587 1537 12586
f 12588 1538 1537
f 12588 1537 12587
f 12589 1539 1538
f 12589 1538 12588
f 12590 1539 12589
f 12590 1540 1539
f 12590 1541 1540
f 12591 1541 12590
f 12592 1541 12591
f 12592 1542 1541
f 12593 1542 12592
f 12593 1543 1542
f 12594 1543 12593
f 12594 1544 1543
f 12595 1544 12594
f 12595 1545 1544
f 12596 1545 12595
f 12596 1546 1545
f 12597 1546 12596
f 12597 1547 1546
f 12597 1527 1547
f 12577 1527 12597
f 12599 1506 12598
f 12599 1507 1506
f 12600 1508 1507
f 12600 1507 12599
f 12601 1509 1508
f 12601 1508 12600
f 12602 1510 1509
f 12602 1509 12601
f 12603 1511 1510
f 12603 1510 12602
f 12604 1512 1511
f 12604 1511 12603
f 12605 1513 1512
f 12605 1512 12604
f 12606 1514 1513
f 12606 1515 1514
f 12606 1513 12605
f 12607 1516 1515
f 12607 1515 12606
f 12608 1516 12607
f 12609 1517 1516
f 12609 1516 12608
f 12610 1518 1517
f 12610 1517 12609
f 12611 1518 12610
f 12611 1519 1518
f 12611 1520 1519
f 12612 1520 12611
f 12613 1520 12612
f 12613 1521 1520
f 12614 1521 12613
f 12614 1522 1521
f 12615 1522 12614
f 12615 1523 1522
f 12616 1523 12615
f 12616 1524 1523
f 12617 1524 12616
f 12617 1525 1524
f 12618 1525 12617
f 12618 1526 1525
f 12618 1506 1526
f 12598 1506 12618
f 12620 1485 12619
f 12620 1486 1485
f 12621 1487 1486
f 12621 1486 12620
f 12622 1488 1487
f 12622 1487 12621
f 12623 1489 1488
f 12623 1488 12622
f 12624 1490 1489
f 12624 1489 12623
f 12625 1491 1490
f 12625 1490 12624
f 12626 1492 1491
f 12626 1491 12625
f 12627 1493 1492
f 12627 1494 1493
f 12627 1492 12626
f 12628 1495 1494
f 12628 1494 12627
f 12629 1495 12628
f 12630 1496 1495
f 12630 1495 12629
f 12631 1497 1496
f 12631 1496 12630
f 12632 1497 12631
f 12632 1498 1497
f 12632 1499 1498
f 12633 1499 12632
f 12634 1499 12633
f 12634 1500 1499
f 12635 1500 12634
f 12635 1501 1500
f 12636 1501 12635
f 12636 1502 1501
f 12637 1502 12636
f 12637 1503 1502
f 12638 1503 12637
f 12638 1504 1503
f 12639 1504 12638
f 12639 1505 1504
f 12639 1485 1505
f 12619 1485 12639
f 12641 1464 12640
f 12641 1465 1464
f 12642 1466 1465
f 12642 1465 12641
f 12643 1467 1466
f 12643 1466 12642
f 12644 1468 1467
f 12644 1467 12643
f 12645 1469 1468
f 12645 1468 12644
f 12646 1470 1469
f 12646 1469 12645
f 12647 1471 1470
f 12647 1470 12646
f 12648 1472 1471
f 12648 1473 1472
f 12648 1471 12647
f 12649 1474 1473
f 12649 1473 12648
f 12650 1474 12649
f 12651 1475 1474
f 12651 1474 12650
f 12652 1476 1475
f 12652 1475 12651
f 12653 1476 12652
f 12653 1477 1476
f 12653 1478 1477
f 12654 1478 12653
f 12655 1478 12654
f 12655 1479 1478
f 12656 1479 12655
f 12656 1480 1479
f 12657 1480 12656
f 12657 1481 1480
f 12658 1481 12657
f 12658 1482 1481
f 12659 1482 12658
f 12659 1483 1482
f 12660 1483 12659
f 12660 1484 1483
f 12660 1464 1484
f 12640 1464 12660
f 12662 1443 12661
f 12662 1444 1443
f 12663 1445 1444
f 12663 1444 12662
f 12664 1446 1445
f 12664 1445 12663
f 12665 1447 1446
f 12665 1446 12664
f 12666 1448 1447
f 12666 1447 12665
f 12667 1449 1448
f 12667 1448 12666
f 12668 1450 1449
f 12668 1449 12667
f 12669 1451 1450
f 12669 1452 1451
f 12669 1450 12668
f 12670 1453 1452
f 12670 1452 12669
f 12671 1453 12670
f 12672 1454 1453
f 12672 1453 12671
f 12673 1455 1454
f 12673 1454 12672
f 12674 1455 12673
f 12674 1456 1455
f 12674 1457 1456
f 12675 1457 12674
f 12676 1457 12675
f 12676 1458 1457
f 12677 1458 12676
f 12677 1459 1458
f 12678 1459 12677
f 12678 1460 1459
f 12679 1460 12678
f 12679 1461 1460
f 12680 1461 12679
f 12680 1462 1461
f 12681 1462 12680
f 12681 1463 1462
f 12681 1443 1463
f 12661 1443 12681
f 12683 1422 12682
f 12683 1423 1422
f 12684 1424 1423
f 12684 1423 12683
f 12685 1425 1424
f 12685 1424 12684
f 12686 1426 1425
f 12686 1425 12685
f 12687 1427 1426
f 12687 1426 12686
f 12688 1428 1427
f 12688 1427 12687
f 12689 1429 1428
f 12689 1428 12688
f 12690 1430 1429
f 12690 1431 1430
f 12690 1429 12689
f 12691 1432 1431
f 12691 1431 12690
f 12692 1432 12691
f 12693 1433 1432
f 12693 1432 12692
f 12694 1434 1433
f 12694 1433 12693
f 12695 1434 12694
f 12695 1435 1434
f 12695 1436 1435
f 12696 1436 12695
f 12697 1436 12696
f 12697 1437 1436
f 12698 1437 12697
f 12698 1438 1437
f 12699 1438 12698
f 12699 1439 1438
f 12700 1439 12699
f 12700 1440 1439
f 12701 1440 12700
f 12701 1441 1440
f 12702 1441 12701
f 12702 1442 1441
f 12702 1422 1442
f 12682 1422 12702
f 12704 1401 12703
f 12704 1402 1401
f 12705 1403 1402
f 12705 1402 12704
f 12706 1404 1403
f 12706 1403 12705
f 12707 1405 1404
f 12707 1404 12706
f 12708 1406 1405
f 12708 1405 12707
f 12709 1407 1406
f 12709 1406 12708
f 12710 1408 1407
f 12710 1407 12709
f 12711 1409 1408
f 12711 1410 1409
f 12711 1408 12710
f 12712 1411 1410
f 12712 1410 12711
f 12713 1411 12712
f 12714 1412 1411
f 12714 1411 12713
f 12715 1413 1412
f 12715 1412 12714
f 12716 1413 12715
f 12716 1414 1413
f 12716 1415 1414
f 12717 1415 12716
f 12718 1415 12717
f 12718 1416 1415
f 12719 1416 12718
f 12719 1417 1416
f 12720 1417 12719
f 12720 1418 1417
f 12721 1418 12720
f 12721 1419 1418
f 12722 1419 12721
f 12722 1420 1419
f 12723 1420 12722
f 12723 1421 1420
f 12723 1401 1421
f 12703 1401 12723
f 12725 1380 12724
f 12725 1381 1380
f 12726 1382 1381
f 12726 1381 12725
f 12727 1383 1382
f 12727 1382 12726
f 12728 1384 1383
f 12728 1383 12727
f 12729 1385 1384
f 12729 1384 12728
f 12730 1386 1385
f 12730 1385 12729
f 12731 1387 1386
f 12731 1386 12730
f 12732 1388 1387
f 12732 1389 1388
f 12732 1387 12731
f 12733 1390 1389
f 12733 1389 12732
f 12734 1390 12733
f 12735 1391 1390
f 12735 1390 12734
f 12736 1392 1391
f 12736 1391 12735
f 12737 1392 12736
f 12737 1393 1392
f 12737 1394 1393
f 12738 1394 12737
f 12739 1394 12738
f 12739 1395 1394
f 12740 1395 12739
f 12740 1396 1395
f 12741 1396 12740
f 12741 1397 1396
f 12742 1397 12741
f 12742 1398 1397
f 12743 1398 12742
f 12743 1399 1398
f 12744 1399 12743
f 12744 1400 1399
f 12744 1380 1400
f 12724 1380 12744
f 12746 1359 12745
f 12746 1360 1359
f 12747 1361 1360
f 12747 1360 12746
f 12748 1362 1361
f 12748 1361 12747
f 12749 1363 1362
f 12749 1362 12748
f 12750 1364 1363
f 12750 1363 12749
f 12751 1365 1364
f 12751 1364 12750
f 12752 1366 1365
f 12752 1365 12751
f 12753 1367 1366
f 12753 1368 1367
f 12753 1366 12752
f 12754 1369 1368
f 12754 1368 12753
f 12755 1369 12754
f 12756 1370 1369
f 12756 1369 12755
f 12757 1371 1370
f 12757 1370 12756
f 12758 1371 12757
f 12758 1372 1371
f 12758 1373 1372
f 12759 1373 12758
f 12760 1373 12759
f 12760 1374 1373
f 12761 1374 12760
f 12761 1375 1374
f 12762 1375 12761
f 12762 1376 1375
f 12763 1376 12762
f 12763 1377 1376
f 12764 1377 12763
f 12764 1378 1377
f 12765 1378 12764
f 12765 1379 1378
f 12765 1359 1379
f 12745 1359 12765
f 12767 1338 12766
f 12767 1339 1338
f 12768 1340 1339
f 12768 1339 12767
f 12769 1341 1340
f 12769 1340 12768
f 12770 1342 1341
f 12770 1341 12769
f 12771 1343 1342
f 12771 1342 12770
f 12772 1344 1343
f 12772 1343 12771
f 12773 1345 1344
f 12773 1344 12772
f 12774 1346 1345
f 12774 1347 1346
f 12774 1345 12773
f 12775 1348 1347
f 12775 1347 12774
f 12776 1348 12775
f 12777 1349 1348
f 12777 1348 12776
f 12778 1350 1349
f 12778 1349 12777
f 12779 1350 12778
f 12779 1351 1350
f 12779 1352 1351
f 12780 1352 12779
f 12781 1352 12780
f 12781 1353 1352
f 12782 1353 12781
f 12782 1354 1353
f 12783 1354 12782
f 12783 1355 1354
f 12784 1355 12783
f 12784 1356 1355
f 12785 1356 12784
f 12785 1357 1356
f 12786 1357 12785
f 12786 1358 1357
f 12786 1338 1358
f 12766 1338 12786
f 12788 1317 12787
f 12788 1318 1317
f 12789 1319 1318
f 12789 1318 12788
f 12790 1320 1319
f 12790 1319 12789
f 12791 1321 1320
f 12791 1320 12790
f 12792 1322 1321
f 12792 1321 12791
f 12793 1323 1322
f 12793 1322 12792
f 12794 1324 1323
f 12794 1323 12793
f 12795 1325 1324
f 12795 1326 1325
f 12795 1324 12794
f 12796 1327 1326
f 12796 1326 12795
f 12797 1327 12796
f 12798 1328 1327
f 12798 1327 12797
f 12799 1329 1328
f 12799 1328 12798
f 12800 1329 12799
f 12800 1330 1329
f 12800 1331 1330
f 12801 1331 12800
f 12802 1331 12801
f 12802 1332 1331
f 12803 1332 12802
f 12803 1333 1332
f 12804 1333 12803
f 12804 1334 1333
f 12805 1334 12804
f 12805 1335 1334
f 12806 1335 12805
f 12806 1336 1335
f 12807 1336 12806
f 12807 1337 1336
f 12807 1317 1337
f 12787 1317 12807
f 12809 1296 12808
f 12809 1297 1296
f 12810 1298 1297
f 12810 1297 12809
f 12811 1299 1298
f 12811 1298 12810
f 12812 1300 1299
f 12812 1299 12811
f 12813 1301 1300
f 12813 1300 12812
f 12814 1302 1301
f 12814 1301 12813
f 12815 1303 1302
f 12815 1302 12814
f 12816 1304 1303
f 12816 1305 1304
f 12816 1303 12815
f 12817 1306 1305
f 12817 1305 12816
f 12818 1306 12817
f 12819 1307 1306
f 12819 1306 12818
f 12820 1308 1307
f 12820 1307 12819
f 12821 1308 12820
f 12821 1309 1308
f 12821 1310 1309
f 12822 1310 12821
f 12823 1310 12822
f 12823 1311 1310
f 12824 1311 12823
f 12824 1312 1311
f 12825 1312 12824
f 12825 1313 1312
f 12826 1313 12825
f 12826 1314 1313
f 12827 1314 12826
f 12827 1315 1314
f 12828 1315 12827
f 12828 1316 1315
f 12828 1296 1316
f 12808 1296 12828
f 12830 1275 12829
f 12830 1276 1275
f 12831 1277 1276
f 12831 1276 12830
f 12832 1278 1277
f 12832 1277 12831
f 12833 1279 1278
f 12833 1278 12832
f 12834 1280 1279
f 12834 1279 12833
f 12835 1281 1280
f 12835 1280 12834
f 12836 1282 1281
f 12836 1281 12835
f 12837 1283 1282
f 12837 1284 1283
f 12837 1282 12836
f 12838 1285 1284
f 12838 1284 12837
f 12839 1285 12838
f 12840 1286 1285
f 12840 1285 12839
f 12841 1287 1286
f 12841 1286 12840
f 12842 1287 12841
f 12842 1288 1287
f 12842 1289 1288
f 12843 1289 12842
f 12844 1289 12843
f 12844 1290 1289
f 12845 1290 12844
f 12845 1291 1290
f 12846 1291 12845
f 12846 1292 1291
f 12847 1292 12846
f 12847 1293 1292
f 12848 1293 12847
f 12848 1294 1293
f 12849 1294 12848
f 12849 1295 1294
f 12849 1275 1295
f 12829 1275 12849
f 12851 1254 12850
f 12851 1255 1254
f 12852 1256 1255
f 12852 1255 12851
f 12853 1257 1256
f 12853 1256 12852
f 12854 1258 1257
f 12854 1257 12853
f 12855 1259 1258
f 12855 1258 12854
f 12856 1260 1259
f 12856 1259 12855
f 12857 1261 1260
f 12857 1260 12856
f 12858 1262 1261
f 12858 1263 1262
f 12858 1261 12857
f 12859 1264 1263
f 12859 1263 12858
f 12860 1264 12859
f 12861 1265 1264
f 12861 1264 12860
f 12862 1266 1265
f 12862 1265 12861
f 12863 1266 12862
f 12863 1267 1266
f 12863 1268 1267
f 12864 1268 12863
f 12865 1268 12864
f 12865 1269 1268
f 12866 1269 12865
f 12866 1270 1269
f 12867 1270 12866
f 12867 1271 1270
f 12868 1271 12867
f 12868 1272 1271
f 12869 1272 12868
f 12869 1273 1272
f 12870 1273 12869
f 12870 1274 1273
f 12870 1254 1274
f 12850 1254 12870
f 12872 1233 12871
f 12872 1234 1233
f 12873 1235 1234
f 12873 1234 12872
f 12874 1236 1235
f 12874 1235 12873
f 12875 1237 1236
f 12875 1236 12874
f 12876 1238 1237
f 12876 1237 12875
f 12877 1239 1238
f 12877 1238 12876
f 12878 1240 1239
f 12878 1239 12877
f 12879 1241 1240
f 12879 1242 1241
f 12879 1240 12878
f 12880 1243 1242
f 12880 1242 12879
f 12881 1243 12880
f 12882 1244 1243
f 12882 1243 12881
f 12883 1245 1244
f 12883 1244 12882
f 12884 1245 12883
f 12884 1246 1245
f 12884 1247 1246
f 12885 1247 12884
f 12886 1247 12885
f 12886 1248 1247
f 12887 1248 12886
f 12887 1249 1248
f 12888 1249 12887
f 12888 1250 1249
f 12889 1250 12888
f 12889 1251 1250
f 12890 1251 12889
f 12890 1252 1251
f 12891 1252 12890
f 12891 1253 1252
f 12891 1233 1253
f 12871 1233 12891
f 12893 1212 12892
f 12893 1213 1212
f 12894 1214 1213
f 12894 1213 12893
f 12895 1215 1214
f 12895 1214 12894
f 12896 1216 1215
f 12896 1215 12895
f 12897 1217 1216
f 12897 1216 12896
f 12898 1218 1217
f 12898 1217 12897
f 12899 1219 1218
f 12899 1218 12898
f 12900 1220 1219
f 12900 1221 1220
f 12900 1219 12899
f 12901 1222 1221
f 12901 1221 12900
f 12902 1222 12901
f 12903 1223 1222
f 12903 1222 12902
f 12904 1224 1223
f 12904 1223 12903
f 12905 1224 12904
f 12905 1225 1224
f 12905 1226 1225
f 12906 1226 12905
f 12907 1226 12906
f 12907 1227 1226
f 12908 1227 12907
f 12908 1228 1227
f 12909 1228 12908
f 12909 1229 1228
f 12910 1229 12909
f 12910 1230 1229
f 12911 1230 12910
f 12911 1231 1230
f 12912 1231 12911
f 12912 1232 1231
f 12912 1212 1232
f 12892 1212 12912
f 12914 1191 12913
f 12914 1192 1191
f 12915 1193 1192
f 12915 1192 12914
f 12916 1194 1193
f 12916 1193 12915
f 12917 1195 1194
f 12917 1194 12916
f 12918 1196 1195
f 12918 1195 12917
f 12919 1197 1196
f 12919 1196 12918
f 12920 1198 1197
f 12920 1197 12919
f 12921 1199 1198
f 12921 1200 1199
f 12921 1198 12920
f 12922 1201 1200
f 12922 1200 12921
f 12923 1201 12922
f 12924 1202 1201
f 12924 1201 12923
f 12925 1203 1202
f 12925 1202 12924
f 12926 1203 12925
f 12926 1204 1203
f 12926 1205 1204
f 12927 1205 12926
f 12928 1205 12927
f 12928 1206 1205
f 12929 1206 12928
f 12929 1207 1206
f 12930 1207 12929
f 12930 1208 1207
f 12931 1208 12930
f 12931 1209 1208
f 12932 1209 12931
f 12932 1210 1209
f 12933 1210 12932
f 12933 1211 1210
f 12933 1191 1211
f 12913 1191 12933
f 12935 1170 12934
f 12935 1171 1170
f 12936 1172 1171
f 12936 1171 12935
f 12937 1173 1172
f 12937 1172 12936
f 12938 1174 1173
f 12938 1173 12937
f 12939 1175 1174
f 12939 1174 12938
f 12940 1176 1175
f 12940 1175 12939
f 12941 1177 1176
f 12941 1176 12940
f 12942 1178 1177
f 12942 1179 1178
f 12942 1177 12941
f 12943 1180 1179
f 12943 1179 12942
f 12944 1180 12943
f 12945 1181 1180
f 12945 1180 12944
f 12946 1182 1181
f 12946 1181 12945
f 12947 1182 12946
f 12947 1183 1182
f 12947 1184 1183
f 12948 1184 12947
f 12949 1184 12948
f 12949 1185 1184
f 12950 1185 12949
f 12950 1186 1185
f 12951 1186 12950
f 12951 1187 1186
f 12952 1187 12951
f 12952 1188 1187
f 12953 1188 12952
f 12953 1189 1188
f 12954 1189 12953
f 12954 1190 1189
f 12954 1170 1190
f 12934 1170 12954
f 12956 1149 12955
f 12956 1150 1149
f 12957 1151 1150
f 12957 1150 12956
f 12958 1152 1151
f 12958 1151 12957
f 12959 1153 1152
f 12959 1152 12958
f 12960 1154 1153
f 12960 1153 12959
f 12961 1155 1154
f 12961 1154 12960
f 12962 1156 1155
f 12962 1155 12961
f 12963 1157 1156
f 12963 1158 1157
f 12963 1156 12962
f 12964 1159 1158
f 12964 1158 12963
f 12965 1159 12964
f 12966 1160 1159
f 12966 1159 12965
f 12967 1161 1160
f 12967 1160 12966
f 12968 1161 12967
f 12968 1162 1161
f 12968 1163 1162
f 12969 1163 12968
f 12970 1163 12969
f 12970 1164 1163
f 12971 1164 12970
f 12971 1165 1164
f 12972 1165 12971
f 12972 1166 1165
f 12973 1166 12972
f 12973 1167 1166
f 12974 1167 12973
f 12974 1168 1167
f 12975 1168 12974
f 12975 1169 1168
f 12975 1149 1169
f 12955 1149 12975
f 12977 1128 12976
f 12977 1129 1128
f 12978 1130 1129
f 12978 1129 12977
f 12979 1131 1130
f 12979 1130 12978
f 12980 1132 1131
f 12980 1131 12979
f 12981 1133 1132
f 12981 1132 12980
f 12982 1134 1133
f 12982 1133 12981
f 12983 1135 1134
f 12983 1134 12982
f 12984 1136 1135
f 12984 1137 1136
f 12984 1135 12983
f 12985 1138 1137
f 12985 1137 12984
f 12986 1138 12985
f 12987 1139 1138
f 12987 1138 12986
f 12988 1140 1139
f 12988 1139 12987
f 12989 1140 12988
f 12989 1141 1140
f 12989 1142 1141
f 12990 1142 12989
f 12991 1142 12990
f 12991 1143 1142
f 12992 1143 12991
f 12992 1144 1143
f 12993 1144 12992
f 12993 1145 1144
f 12994 1145 12993
f 12994 1146 1145
f 12995 1146 12994
f 12995 1147 1146
f 12996 1147 12995
f 12996 1148 1147
f 12996 1128 1148
f 12976 1128 12996
f 12998 1107 12997
f 12998 1108 1107
f 12999 1109 1108
f 12999 1108 12998
f 13000 1110 1109
f 13000 1109 12999
f 13001 1111 1110
f 13001 1110 13000
f 13002 1112 1111
f 13002 1111 13001
f 13003 1113 1112
f 13003 1112 13002
f 13004 1114 1113
f 13004 1113 13003
f 13005 1115 1114
f 13005 1116 1115
f 13005 1114 13004
f 13006 1117 1116
f 13006 1116 13005
f 13007 1117 13006
f 13008 1118 1117
f 13008 1117 13007
f 13009 1119 1118
f 13009 1118 13008
f 13010 1119 13009
f 13010 1120 1119
f 13010 1121 1120
f 13011 1121 13010
f 13012 1121 13011
f 13012 1122 1121
f 13013 1122 13012
f 13013 1123 1122
f 13014 1123 13013
f 13014 1124 1123
f 13015 1124 13014
f 13015 1125 1124
f 13016 1125 13015
f 13016 1126 1125
f 13017 1126 13016
f 13017 1127 1126
f 13017 1107 1127
f 12997 1107 13017
f 13019 1086 13018
f 13019 1087 1086
f 13020 1088 1087
f 13020 1087 13019
f 13021 1089 1088
f 13021 1088 13020
f 13022 1090 1089
f 13022 1089 13021
f 13023 1091 1090
f 13023 1090 13022
f 13024 1092 1091
f 13024 1091 13023
f 13025 1093 1092
f 13025 1092 13024
f 13026 1094 1093
f 13026 1095 1094
f 13026 1093 13025
f 13027 1096 1095
f 13027 1095 13026
f 13028 1096 13027
f 13029 1097 1096
f 13029 1096 13028
f 13030 1098 1097
f 13030 1097 13029
f 13031 1098 13030
f 13031 1099 1098
f 13031 1100 1099
f 13032 1100 13031
f 13033 1100 13032
f 13033 1101 1100
f 13034 1101 13033
f 13034 1102 1101
f 13035 1102 13034
f 13035 1103 1102
f 13036 1103 13035
f 13036 1104 1103
f 13037 1104 13036
f 13037 1105 1104
f 13038 1105 13037
f 13038 1106 1105
f 13038 1086 1106
f 13018 1086 13038
f 13040 1065 13039
f 13040 1066 1065
f 13041 1067 1066
f 13041 1066 13040
f 13042 1068 1067
f 13042 1067 13041
f 13043 1069 1068
f 13043 1068 13042
f 13044 1070 1069
f 13044 1069 13043
f 13045 1071 1070
f 13045 1070 13044
f 13046 1072 1071
f 13046 1071 13045
f 13047 1073 1072
f 13047 1074 1073
f 13047 1072 13046
f 13048 1075 1074
f 13048 1074 13047
f 13049 1075 13048
f 13050 1076 1075
f 13050 1075 13049
f 13051 1077 1076
f 13051 1076 13050
f 13052 1077 13051
f 13052 1078 1077
f 13052 1079 1078
f 13053 1079 13052
f 13054 1079 13053
f 13054 1080 1079
f 13055 1080 13054
f 13055 1081 1080
f 13056 1081 13055
f 13056 1082 1081
f 13057 1082 13056
f 13057 1083 1082
f 13058 1083 13057
f 13058 1084 1083
f 13059 1084 13058
f 13059 1085 1084
f 13059 1065 1085
f 13039 1065 13059
f 13061 1044 13060
f 13061 1045 1044
f 13062 1046 1045
f 13062 1045 13061
f 13063 1047 1046
f 13063 1046 13062
f 13064 1048 1047
f 13064 1047 13063
f 13065 1049 1048
f 13065 1048 13064
f 13066 1050 1049
f 13066 1049 13065
f 13067 1051 1050
f 13067 1050 13066
f 13068 1052 1051
f 13068 1053 1052
f 13068 1051 13067
f 13069 1054 1053
f 13069 1053 13068
f 13070 1054 13069
f 13071 1055 1054
f 13071 1054 13070
f 13072 1056 1055
f 13072 1055 13071
f 13073 1056 13072
f 13073 1057 1056
f 13073 1058 1057
f 13074 1058 13073
f 13075 1058 13074
f 13075 1059 1058
f 13076 1059 13075
f 13076 1060 1059
f 13077 1060 13076
f 13077 1061 1060
f 13078 1061 13077
f 13078 1062 1061
f 13079 1062 13078
f 13079 1063 1062
f 13080 1063 13079
f 13080 1064 1063
f 13080 1044 1064
f 13060 1044 13080
f 13082 1023 13081
f 13082 1024 1023
f 13083 1025 1024
f 13083 1024 13082
f 13084 1026 1025
f 13084 1025 13083
f 13085 1027 1026
f 13085 1026 13084
f 13086 1028 1027
f 13086 1027 13085
f 13087 1029 1028
f 13087 1028 13086
f 13088 1030 1029
f 13088 1029 13087
f 13089 1031 1030
f 13089 1032 1031
f 13089 1030 13088
f 13090 1033 1032
f 13090 1032 13089
f 13091 1033 13090
f 13092 1034 1033
f 13092 1033 13091
f 13093 1035 1034
f 13093 1034 13092
f 13094 1035 13093
f 13094 1036 1035
f 13094 1037 1036
f 13095 1037 13094
f 13096 1037 13095
f 13096 1038 1037
f 13097 1038 13096
f 13097 1039 1038
f 13098 1039 13097
f 13098 1040 1039
f 13099 1040 13098
f 13099 1041 1040
f 13100 1041 13099
f 13100 1042 1041
f 13101 1042 13100
f 13101 1043 1042
f 13101 1023 1043
f 13081 1023 13101
f 13103 1002 13102
f 13103 1003 1002
f 13104 1004 1003
f 13104 1003 13103
f 13105 1005 1004
f 13105 1004 13104
f 13106 1006 1005
f 13106 1005 13105
f 13107 1007 1006
f 13107 1006 13106
f 13108 1008 1007
f 13108 1007 13107
f 13109 1009 1008
f 13109 1008 13108
f 13110 1010 1009
f 13110 1011 1010
f 13110 1009 13109
f 13111 1012 1011
f 13111 1011 13110
f 13112 1012 13111
f 13113 1013 1012
f 13113 1012 13112
f 13114 1014 1013
f 13114 1013 13113
f 13115 1014 13114
f 13115 1015 1014
f 13115 1016 1015
f 13116 1016 13115
f 13117 1016 13116
f 13117 1017 1016
f 13118 1017 13117
f 13118 1018 1017
f 13119 1018 13118
f 13119 1019 1018
f 13120 1019 13119
f 13120 1020 1019
f 13121 1020 13120
f 13121 1021 1020
f 13122 1021 13121
f 13122 1022 1021
f 13122 1002 1022
f 13102 1002 13122
f 13124 981 13123
f 13124 982 981
f 13125 983 982
f 13125 982 13124
f 13126 984 983
f 13126 983 13125
f 13127 985 984
f 13127 984 13126
f 13128 986 985
f 13128 985 13127
f 13129 987 986
f 13129 986 13128
f 13130 988 987
f 13130 987 13129
f 13131 989 988
f 13131 990 989
f 13131 988 13130
f 13132 991 990
f 13132 990 13131
f 13133 991 13132
f 13134 992 991
f 13134 991 13133
f 13135 993 992
f 13135 992 13134
f 13136 993 13135
f 13136 994 993
f 13136 995 994
f 13137 995 13136
f 13138 995 13137
f 13138 996 995
f 13139 996 13138
f 13139 997 996
f 13140 997 13139
f 13140 998 997
f 13141 998 13140
f 13141 999 998
f 13142 999 13141
f 13142 1000 999
f 13143 1000 13142
f 13143 1001 1000
f 13143 981 1001
f 13123 981 13143
f 13145 960 13144
f 13145 961 960
f 13146 962 961
f 13146 961 13145
f 13147 963 962
f 13147 962 13146
f 13148 964 963
f 13148 963 13147
f 13149 965 964
f 13149 964 13148
f 13150 966 965
f 13150 965 13149
f 13151 967 966
f 13151 966 13150
f 13152 968 967
f 13152 969 968
f 13152 967 13151
f 13153 970 969
f 13153 969 13152
f 13154 970 13153
f 13155 971 970
f 13155 970 13154
f 13156 972 971
f 13156 971 13155
f 13157 972 13156
f 13157 973 972
f 13157 974 973
f 13158 974 13157
f 13159 974 13158
f 13159 975 974
f 13160 975 13159
f 13160 976 975
f 13161 976 13160
f 13161 977 976
f 13162 977 13161
f 13162 978 977
f 13163 978 13162
f 13163 979 978
f 13164 979 13163
f 13164 980 979
f 13164 960 980
f 13144 960 13164
f 13166 939 13165
f 13166 940 939
f 13167 941 940
f 13167 940 13166
f 13168 942 941
f 13168 941 13167
f 13169 943 942
f 13169 942 13168
f 13170 944 943
f 13170 943 13169
f 13171 945 944
f 13171 944 13170
f 13172 946 945
f 13172 945 13171
f 13173 947 946
f 13173 948 947
f 13173 946 13172
f 13174 949 948
f 13174 948 13173
f 13175 949 13174
f 13176 950 949
f 13176 949 13175
f 13177 951 950
f 13177 950 13176
f 13178 951 13177
f 13178 952 951
f 13178 953 952
f 13179 953 13178
f 13180 953 13179
f 13180 954 953
f 13181 954 13180
f 13181 955 954
f 13182 955 13181
f 13182 956 955
f 13183 956 13182
f 13183 957 956
f 13184 957 13183
f 13184 958 957
f 13185 958 13184
f 13185 959 958
f 13185 939 959
f 13165 939 13185
f 13187 918 13186
f 13187 919 918
f 13188 920 919
f 13188 919 13187
f 13189 921 920
f 13189 920 13188
f 13190 922 921
f 13190 921 13189
f 13191 923 922
f 13191 922 13190
f 13192 924 923
f 13192 923 13191
f 13193 925 924
f 13193 924 13192
f 13194 926 925
f 13194 927 926
f 13194 925 13193
f 13195 928 927
f 13195 927 13194
f 13196 928 13195
f 13197 929 928
f 13197 928 13196
f 13198 930 929
f 13198 929 13197
f 13199 930 13198
f 13199 931 930
f 13199 932 931
f 13200 932 13199
f 13201 932 13200
f 13201 933 932
f 13202 933 13201
f 13202 934 933
f 13203 934 13202
f 13203 935 934
f 13204 935 13203
f 13204 936 935
f 13205 936 13204
f 13205 937 936
f 13206 937 13205
f 13206 938 937
f 13206 918 938
f 13186 918 13206
f 13208 897 13207
f 13208 898 897
f 13209 899 898
f 13209 898 13208
f 13210 900 899
f 13210 899 13209
f 13211 901 900
f 13211 900 13210
f 13212 902 901
f 13212 901 13211
f 13213 903 902
f 13213 902 13212
f 13214 904 903
f 13214 903 13213
f 13215 905 904
f 13215 906 905
f 13215 904 13214
f 13216 907 906
f 13216 906 13215
f 13217 907 13216
f 13218 908 907
f 13218 907 13217
f 13219 909 908
f 13219 908 13218
f 13220 909 13219
f 13220 910 909
f 13220 911 910
f 13221 911 13220
f 13222 911 13221
f 13222 912 911
f 13223 912 13222
f 13223 913 912
f 13224 913 13223
f 13224 914 913
f 13225 914 13224
f 13225 915 914
f 13226 915 13225
f 13226 916 915
f 13227 916 13226
f 13227 917 916
f 13227 897 917
f 13207 897 13227
f 13229 876 13228
f 13229 877 876
f 13230 878 877
f 13230 877 13229
f 13231 879 878
f 13231 878 13230
f 13232 880 879
f 13232 879 13231
f 13233 881 880
f 13233 880 13232
f 13234 882 881
f 13234 881 13233
f 13235 883 882
f 13235 882 13234
f 13236 884 883
f 13236 885 884
f 13236 883 13235
f 13237 886 885
f 13237 885 13236
f 13238 886 13237
f 13239 887 886
f 13239 886 13238
f 13240 888 887
f 13240 887 13239
f 13241 888 13240
f 13241 889 888
f 13241 890 889
f 13242 890 13241
f 13243 890 13242
f 13243 891 890
f 13244 891 13243
f 13244 892 891
f 13245 892 13244
f 13245 893 892
f 13246 893 13245
f 13246 894 893
f 13247 894 13246
f 13247 895 894
f 13248 895 13247
f 13248 896 895
f 13248 876 896
f 13228 876 13248
f 13250 855 13249
f 13250 856 855
f 13251 857 856
f 13251 856 13250
f 13252 858 857
f 13252 857 13251
f 13253 859 858
f 13253 858 13252
f 13254 860 859
f 13254 859 13253
f 13255 861 860
f 13255 860 13254
f 13256 862 861
f 13256 861 13255
f 13257 863 862
f 13257 864 863
f 13257 862 13256
f 13258 865 864
f 13258 864 13257
f 13259 865 13258
f 13260 866 865
f 13260 865 13259
f 13261 867 866
f 13261 866 13260
f 13262 867 13261
f 13262 868 867
f 13262 869 868
f 13263 869 13262
f 13264 869 13263
f 13264 870 869
f 13265 870 13264
f 13265 871 870
f 13266 871 13265
f 13266 872 871
f 13267 872 13266
f 13267 873 872
f 13268 873 13267
f 13268 874 873
f 13269 874 13268
f 13269 875 874
f 13269 855 875
f 13249 855 13269
f 13271 834 13270
f 13271 835 834
f 13272 836 835
f 13272 835 13271
f 13273 837 836
f 13273 836 13272
f 13274 838 837
f 13274 837 13273
f 13275 839 838
f 13275 838 13274
f 13276 840 839
f 13276 839 13275
f 13277 841 840
f 13277 840 13276
f 13278 842 841
f 13278 843 842
f 13278 841 13277
f 13279 844 843
f 13279 843 13278
f 13280 844 13279
f 13281 845 844
f 13281 844 13280
f 13282 846 845
f 13282 845 13281
f 13283 846 13282
f 13283 847 846
f 13283 848 847
f 13284 848 13283
f 13285 848 13284
f 13285 849 848
f 13286 849 13285
f 13286 850 849
f 13287 850 13286
f 13287 851 850
f 13288 851 13287
f 13288 852 851
f 13289 852 13288
f 13289 853 852
f 13290 853 13289
f 13290 854 853
f 13290 834 854
f 13270 834 13290
f 13292 813 13291
f 13292 814 813
f 13293 815 814
f 13293 814 13292
f 13294 816 815
f 13294 815 13293
f 13295 817 816
f 13295 816 13294
f 13296 818 817
f 13296 817 13295
f 13297 819 818
f 13297 818 13296
f 13298 820 819
f 13298 819 13297
f 13299 821 820
f 13299 822 821
f 13299 820 13298
f 13300 823 822
f 13300 822 13299
f 13301 823 13300
f 13302 824 823
f 13302 823 13301
f 13303 825 824
f 13303 824 13302
f 13304 825 13303
f 13304 826 825
f 13304 827 826
f 13305 827 13304
f 13306 827 13305
f 13306 828 827
f 13307 828 13306
f 13307 829 828
f 13308 829 13307
f 13308 830 829
f 13309 830 13308
f 13309 831 830
f 13310 831 13309
f 13310 832 831
f 13311 832 13310
f 13311 833 832
f 13311 813 833
f 13291 813 13311
f 13313 792 13312
f 13313 793 792
f 13314 794 793
f 13314 793 13313
f 13315 795 794
f 13315 794 13314
f 13316 796 795
f 13316 795 13315
f 13317 797 796
f 13317 796 13316
f 13318 798 797
f 13318 797 13317
f 13319 799 798
f 13319 798 13318
f 13320 800 799
f 13320 801 800
f 13320 799 13319
f 13321 802 801
f 13321 801 13320
f 13322 802 13321
f 13323 803 802
f 13323 802 13322
f 13324 804 803
f 13324 803 13323
f 13325 804 13324
f 13325 805 804
f 13325 806 805
f 13326 806 13325
f 13327 806 13326
f 13327 807 806
f 13328 807 13327
f 13328 808 807
f 13329 808 13328
f 13329 809 808
f 13330 809 13329
f 13330 810 809
f 13331 810 13330
f 13331 811 810
f 13332 811 13331
f 13332 812 811
f 13332 792 812
f 13312 792 13332
