# Bed mesh (millimetres)
# bbox_min 0.00000 0.00000 -15.00000
# bbox_max 306.00001 222.00000 0.00000
# thickness_mm 15.00000
o CA1_MDF
v 283.500 203.521 -15.000
v 283.238 202.736 -15.000
v 283.200 201.908 -15.000
v 283.390 201.102 -15.000
v 283.793 200.379 -15.000
v 284.379 199.793 -15.000
v 285.102 199.390 -15.000
v 285.908 199.200 -15.000
v 286.736 199.238 -15.000
v 287.521 199.500 -15.000
v 305.800 199.500 -15.000
v 305.877 199.485 -15.000
v 305.941 199.441 -15.000
v 305.985 199.377 -15.000
v 306.000 199.300 -15.000
v 306.000 1.000 -15.000
v 305.000 0.000 -15.000
v 1.000 0.000 -15.000
v 0.000 1.000 -15.000
v 0.000 221.000 -15.000
v 1.000 222.000 -15.000
v 283.300 222.000 -15.000
v 283.377 221.985 -15.000
v 283.441 221.941 -15.000
v 283.485 221.877 -15.000
v 283.500 221.800 -15.000
v 147.500 7.500 -15.000
v 146.616 7.633 -15.000
v 145.810 8.021 -15.000
v 145.155 8.630 -15.000
v 144.707 9.404 -15.000
v 144.508 10.276 -15.000
v 144.575 11.168 -15.000
v 144.902 12.000 -15.000
v 145.460 12.699 -15.000
v 146.198 13.203 -15.000
v 147.053 13.466 -15.000
v 147.947 13.466 -15.000
v 148.802 13.203 -15.000
v 149.541 12.699 -15.000
v 150.098 12.000 -15.000
v 150.425 11.168 -15.000
v 150.492 10.276 -15.000
v 150.293 9.404 -15.000
v 149.846 8.630 -15.000
v 149.190 8.021 -15.000
v 148.384 7.633 -15.000
v 282.500 101.250 -15.000
v 281.616 101.383 -15.000
v 280.810 101.771 -15.000
v 280.155 102.380 -15.000
v 279.707 103.154 -15.000
v 279.508 104.026 -15.000
v 279.575 104.918 -15.000
v 279.902 105.750 -15.000
v 280.459 106.449 -15.000
v 281.198 106.953 -15.000
v 282.053 107.216 -15.000
v 282.947 107.216 -15.000
v 283.802 106.953 -15.000
v 284.541 106.449 -15.000
v 285.098 105.750 -15.000
v 285.425 104.918 -15.000
v 285.492 104.026 -15.000
v 285.293 103.154 -15.000
v 284.846 102.380 -15.000
v 284.190 101.771 -15.000
v 283.384 101.383 -15.000
v 147.500 101.250 -15.000
v 146.616 101.383 -15.000
v 145.810 101.771 -15.000
v 145.155 102.380 -15.000
v 144.707 103.154 -15.000
v 144.508 104.026 -15.000
v 144.575 104.918 -15.000
v 144.902 105.750 -15.000
v 145.460 106.449 -15.000
v 146.198 106.953 -15.000
v 147.053 107.216 -15.000
v 147.947 107.216 -15.000
v 148.802 106.953 -15.000
v 149.541 106.449 -15.000
v 150.098 105.750 -15.000
v 150.425 104.918 -15.000
v 150.492 104.026 -15.000
v 150.293 103.154 -15.000
v 149.846 102.380 -15.000
v 149.190 101.771 -15.000
v 148.384 101.383 -15.000
v 10.500 103.606 -15.000
v 9.616 103.739 -15.000
v 8.810 104.127 -15.000
v 8.155 104.736 -15.000
v 7.707 105.510 -15.000
v 7.508 106.382 -15.000
v 7.575 107.274 -15.000
v 7.902 108.106 -15.000
v 8.460 108.805 -15.000
v 9.198 109.309 -15.000
v 10.053 109.572 -15.000
v 10.947 109.572 -15.000
v 11.802 109.309 -15.000
v 12.541 108.805 -15.000
v 13.098 108.106 -15.000
v 13.425 107.274 -15.000
v 13.492 106.382 -15.000
v 13.293 105.510 -15.000
v 12.846 104.736 -15.000
v 12.190 104.127 -15.000
v 11.384 103.739 -15.000
v 7.500 93.000 -15.000
v 6.616 93.133 -15.000
v 5.810 93.521 -15.000
v 5.155 94.130 -15.000
v 4.707 94.904 -15.000
v 4.508 95.776 -15.000
v 4.575 96.668 -15.000
v 4.902 97.500 -15.000
v 5.460 98.199 -15.000
v 6.198 98.703 -15.000
v 7.053 98.966 -15.000
v 7.947 98.966 -15.000
v 8.802 98.703 -15.000
v 9.541 98.199 -15.000
v 10.098 97.500 -15.000
v 10.425 96.668 -15.000
v 10.492 95.776 -15.000
v 10.293 94.904 -15.000
v 9.846 94.130 -15.000
v 9.190 93.521 -15.000
v 8.384 93.133 -15.000
v 184.500 49.500 -15.000
v 183.616 49.633 -15.000
v 182.810 50.021 -15.000
v 182.155 50.630 -15.000
v 181.707 51.404 -15.000
v 181.508 52.276 -15.000
v 181.575 53.168 -15.000
v 181.902 54.000 -15.000
v 182.460 54.699 -15.000
v 183.198 55.203 -15.000
v 184.053 55.466 -15.000
v 184.947 55.466 -15.000
v 185.802 55.203 -15.000
v 186.541 54.699 -15.000
v 187.098 54.000 -15.000
v 187.425 53.168 -15.000
v 187.492 52.276 -15.000
v 187.293 51.404 -15.000
v 186.846 50.630 -15.000
v 186.190 50.021 -15.000
v 185.384 49.633 -15.000
v 295.000 93.000 -15.000
v 294.116 93.133 -15.000
v 293.310 93.521 -15.000
v 292.655 94.130 -15.000
v 292.207 94.904 -15.000
v 292.008 95.776 -15.000
v 292.075 96.668 -15.000
v 292.402 97.500 -15.000
v 292.959 98.199 -15.000
v 293.698 98.703 -15.000
v 294.553 98.966 -15.000
v 295.447 98.966 -15.000
v 296.302 98.703 -15.000
v 297.041 98.199 -15.000
v 297.598 97.500 -15.000
v 297.925 96.668 -15.000
v 297.992 95.776 -15.000
v 297.793 94.904 -15.000
v 297.346 94.130 -15.000
v 296.690 93.521 -15.000
v 295.884 93.133 -15.000
v 118.500 49.500 -15.000
v 117.616 49.633 -15.000
v 116.810 50.021 -15.000
v 116.155 50.630 -15.000
v 115.707 51.404 -15.000
v 115.508 52.276 -15.000
v 115.575 53.168 -15.000
v 115.902 54.000 -15.000
v 116.460 54.699 -15.000
v 117.198 55.203 -15.000
v 118.053 55.466 -15.000
v 118.947 55.466 -15.000
v 119.802 55.203 -15.000
v 120.541 54.699 -15.000
v 121.098 54.000 -15.000
v 121.425 53.168 -15.000
v 121.492 52.276 -15.000
v 121.293 51.404 -15.000
v 120.846 50.630 -15.000
v 120.190 50.021 -15.000
v 119.384 49.633 -15.000
v 173.500 49.500 -15.000
v 172.616 49.633 -15.000
v 171.810 50.021 -15.000
v 171.155 50.630 -15.000
v 170.707 51.404 -15.000
v 170.508 52.276 -15.000
v 170.575 53.168 -15.000
v 170.902 54.000 -15.000
v 171.460 54.699 -15.000
v 172.198 55.203 -15.000
v 173.053 55.466 -15.000
v 173.947 55.466 -15.000
v 174.802 55.203 -15.000
v 175.541 54.699 -15.000
v 176.098 54.000 -15.000
v 176.425 53.168 -15.000
v 176.492 52.276 -15.000
v 176.293 51.404 -15.000
v 175.846 50.630 -15.000
v 175.190 50.021 -15.000
v 174.384 49.633 -15.000
v 85.000 4.500 -15.000
v 84.116 4.633 -15.000
v 83.310 5.021 -15.000
v 82.655 5.630 -15.000
v 82.207 6.404 -15.000
v 82.008 7.276 -15.000
v 82.075 8.168 -15.000
v 82.402 9.000 -15.000
v 82.960 9.699 -15.000
v 83.698 10.203 -15.000
v 84.553 10.466 -15.000
v 85.447 10.466 -15.000
v 86.302 10.203 -15.000
v 87.041 9.699 -15.000
v 87.598 9.000 -15.000
v 87.925 8.168 -15.000
v 87.992 7.276 -15.000
v 87.793 6.404 -15.000
v 87.346 5.630 -15.000
v 86.690 5.021 -15.000
v 85.884 4.633 -15.000
v 30.000 4.500 -15.000
v 29.116 4.633 -15.000
v 28.310 5.021 -15.000
v 27.655 5.630 -15.000
v 27.207 6.404 -15.000
v 27.008 7.276 -15.000
v 27.075 8.168 -15.000
v 27.402 9.000 -15.000
v 27.960 9.699 -15.000
v 28.698 10.203 -15.000
v 29.553 10.466 -15.000
v 30.447 10.466 -15.000
v 31.302 10.203 -15.000
v 32.041 9.699 -15.000
v 32.598 9.000 -15.000
v 32.925 8.168 -15.000
v 32.992 7.276 -15.000
v 32.793 6.404 -15.000
v 32.346 5.630 -15.000
v 31.690 5.021 -15.000
v 30.884 4.633 -15.000
v 7.500 82.000 -15.000
v 6.616 82.133 -15.000
v 5.810 82.521 -15.000
v 5.155 83.130 -15.000
v 4.707 83.904 -15.000
v 4.508 84.776 -15.000
v 4.575 85.668 -15.000
v 4.902 86.500 -15.000
v 5.460 87.199 -15.000
v 6.198 87.703 -15.000
v 7.053 87.966 -15.000
v 7.947 87.966 -15.000
v 8.802 87.703 -15.000
v 9.541 87.199 -15.000
v 10.098 86.500 -15.000
v 10.425 85.668 -15.000
v 10.492 84.776 -15.000
v 10.293 83.904 -15.000
v 9.846 83.130 -15.000
v 9.190 82.521 -15.000
v 8.384 82.133 -15.000
v 45.000 117.000 -15.000
v 44.116 117.133 -15.000
v 43.310 117.521 -15.000
v 42.655 118.130 -15.000
v 42.207 118.904 -15.000
v 42.008 119.776 -15.000
v 42.075 120.668 -15.000
v 42.402 121.500 -15.000
v 42.960 122.199 -15.000
v 43.698 122.703 -15.000
v 44.553 122.966 -15.000
v 45.447 122.966 -15.000
v 46.302 122.703 -15.000
v 47.041 122.199 -15.000
v 47.598 121.500 -15.000
v 47.925 120.668 -15.000
v 47.992 119.776 -15.000
v 47.793 118.904 -15.000
v 47.346 118.130 -15.000
v 46.690 117.521 -15.000
v 45.884 117.133 -15.000
v 295.000 27.000 -15.000
v 294.116 27.133 -15.000
v 293.310 27.521 -15.000
v 292.655 28.130 -15.000
v 292.207 28.904 -15.000
v 292.008 29.776 -15.000
v 292.075 30.668 -15.000
v 292.402 31.500 -15.000
v 292.959 32.199 -15.000
v 293.698 32.703 -15.000
v 294.553 32.966 -15.000
v 295.447 32.966 -15.000
v 296.302 32.703 -15.000
v 297.041 32.199 -15.000
v 297.598 31.500 -15.000
v 297.925 30.668 -15.000
v 297.992 29.776 -15.000
v 297.793 28.904 -15.000
v 297.346 28.130 -15.000
v 296.690 27.521 -15.000
v 295.884 27.133 -15.000
v 215.000 162.000 -15.000
v 214.116 162.133 -15.000
v 213.310 162.521 -15.000
v 212.655 163.130 -15.000
v 212.207 163.904 -15.000
v 212.008 164.776 -15.000
v 212.075 165.668 -15.000
v 212.402 166.500 -15.000
v 212.959 167.199 -15.000
v 213.698 167.703 -15.000
v 214.553 167.966 -15.000
v 215.447 167.966 -15.000
v 216.302 167.703 -15.000
v 217.041 167.199 -15.000
v 217.598 166.500 -15.000
v 217.925 165.668 -15.000
v 217.992 164.776 -15.000
v 217.793 163.904 -15.000
v 217.346 163.130 -15.000
v 216.690 162.521 -15.000
v 215.884 162.133 -15.000
v 125.000 162.000 -15.000
v 124.116 162.133 -15.000
v 123.310 162.521 -15.000
v 122.655 163.130 -15.000
v 122.207 163.904 -15.000
v 122.008 164.776 -15.000
v 122.075 165.668 -15.000
v 122.402 166.500 -15.000
v 122.960 167.199 -15.000
v 123.698 167.703 -15.000
v 124.553 167.966 -15.000
v 125.447 167.966 -15.000
v 126.302 167.703 -15.000
v 127.041 167.199 -15.000
v 127.598 166.500 -15.000
v 127.925 165.668 -15.000
v 127.992 164.776 -15.000
v 127.793 163.904 -15.000
v 127.346 163.130 -15.000
v 126.690 162.521 -15.000
v 125.884 162.133 -15.000
v 10.500 162.000 -15.000
v 9.616 162.133 -15.000
v 8.810 162.521 -15.000
v 8.155 163.130 -15.000
v 7.707 163.904 -15.000
v 7.508 164.776 -15.000
v 7.575 165.668 -15.000
v 7.902 166.500 -15.000
v 8.460 167.199 -15.000
v 9.198 167.703 -15.000
v 10.053 167.966 -15.000
v 10.947 167.966 -15.000
v 11.802 167.703 -15.000
v 12.541 167.199 -15.000
v 13.098 166.500 -15.000
v 13.425 165.668 -15.000
v 13.492 164.776 -15.000
v 13.293 163.904 -15.000
v 12.846 163.130 -15.000
v 12.190 162.521 -15.000
v 11.384 162.133 -15.000
v 215.000 7.500 -15.000
v 214.116 7.633 -15.000
v 213.310 8.021 -15.000
v 212.655 8.630 -15.000
v 212.207 9.404 -15.000
v 212.008 10.276 -15.000
v 212.075 11.168 -15.000
v 212.402 12.000 -15.000
v 212.959 12.699 -15.000
v 213.698 13.203 -15.000
v 214.553 13.466 -15.000
v 215.447 13.466 -15.000
v 216.302 13.203 -15.000
v 217.041 12.699 -15.000
v 217.598 12.000 -15.000
v 217.925 11.168 -15.000
v 217.992 10.276 -15.000
v 217.793 9.404 -15.000
v 217.346 8.630 -15.000
v 216.690 8.021 -15.000
v 215.884 7.633 -15.000
v 260.000 27.000 -15.000
v 259.116 27.133 -15.000
v 258.310 27.521 -15.000
v 257.655 28.130 -15.000
v 257.207 28.904 -15.000
v 257.008 29.776 -15.000
v 257.075 30.668 -15.000
v 257.402 31.500 -15.000
v 257.959 32.199 -15.000
v 258.698 32.703 -15.000
v 259.553 32.966 -15.000
v 260.447 32.966 -15.000
v 261.302 32.703 -15.000
v 262.041 32.199 -15.000
v 262.598 31.500 -15.000
v 262.925 30.668 -15.000
v 262.992 29.776 -15.000
v 262.793 28.904 -15.000
v 262.346 28.130 -15.000
v 261.690 27.521 -15.000
v 260.884 27.133 -15.000
v 125.000 72.000 -15.000
v 124.116 72.133 -15.000
v 123.310 72.521 -15.000
v 122.655 73.130 -15.000
v 122.207 73.904 -15.000
v 122.008 74.776 -15.000
v 122.075 75.668 -15.000
v 122.402 76.500 -15.000
v 122.960 77.199 -15.000
v 123.698 77.703 -15.000
v 124.553 77.966 -15.000
v 125.447 77.966 -15.000
v 126.302 77.703 -15.000
v 127.041 77.199 -15.000
v 127.598 76.500 -15.000
v 127.925 75.668 -15.000
v 127.992 74.776 -15.000
v 127.793 73.904 -15.000
v 127.346 73.130 -15.000
v 126.690 72.521 -15.000
v 125.884 72.133 -15.000
v 215.000 27.000 -15.000
v 214.116 27.133 -15.000
v 213.310 27.521 -15.000
v 212.655 28.130 -15.000
v 212.207 28.904 -15.000
v 212.008 29.776 -15.000
v 212.075 30.668 -15.000
v 212.402 31.500 -15.000
v 212.959 32.199 -15.000
v 213.698 32.703 -15.000
v 214.553 32.966 -15.000
v 215.447 32.966 -15.000
v 216.302 32.703 -15.000
v 217.041 32.199 -15.000
v 217.598 31.500 -15.000
v 217.925 30.668 -15.000
v 217.992 29.776 -15.000
v 217.793 28.904 -15.000
v 217.346 28.130 -15.000
v 216.690 27.521 -15.000
v 215.884 27.133 -15.000
v 125.000 27.000 -15.000
v 124.116 27.133 -15.000
v 123.310 27.521 -15.000
v 122.655 28.130 -15.000
v 122.207 28.904 -15.000
v 122.008 29.776 -15.000
v 122.075 30.668 -15.000
v 122.402 31.500 -15.000
v 122.960 32.199 -15.000
v 123.698 32.703 -15.000
v 124.553 32.966 -15.000
v 125.447 32.966 -15.000
v 126.302 32.703 -15.000
v 127.041 32.199 -15.000
v 127.598 31.500 -15.000
v 127.925 30.668 -15.000
v 127.992 29.776 -15.000
v 127.793 28.904 -15.000
v 127.346 28.130 -15.000
v 126.690 27.521 -15.000
v 125.884 27.133 -15.000
v 170.000 117.000 -15.000
v 169.116 117.133 -15.000
v 168.310 117.521 -15.000
v 167.655 118.130 -15.000
v 167.207 118.904 -15.000
v 167.008 119.776 -15.000
v 167.075 120.668 -15.000
v 167.402 121.500 -15.000
v 167.960 122.199 -15.000
v 168.698 122.703 -15.000
v 169.553 122.966 -15.000
v 170.447 122.966 -15.000
v 171.302 122.703 -15.000
v 172.041 122.199 -15.000
v 172.598 121.500 -15.000
v 172.925 120.668 -15.000
v 172.992 119.776 -15.000
v 172.793 118.904 -15.000
v 172.346 118.130 -15.000
v 171.690 117.521 -15.000
v 170.884 117.133 -15.000
v 260.000 117.000 -15.000
v 259.116 117.133 -15.000
v 258.310 117.521 -15.000
v 257.655 118.130 -15.000
v 257.207 118.904 -15.000
v 257.008 119.776 -15.000
v 257.075 120.668 -15.000
v 257.402 121.500 -15.000
v 257.959 122.199 -15.000
v 258.698 122.703 -15.000
v 259.553 122.966 -15.000
v 260.447 122.966 -15.000
v 261.302 122.703 -15.000
v 262.041 122.199 -15.000
v 262.598 121.500 -15.000
v 262.925 120.668 -15.000
v 262.992 119.776 -15.000
v 262.793 118.904 -15.000
v 262.346 118.130 -15.000
v 261.690 117.521 -15.000
v 260.884 117.133 -15.000
v 125.000 117.000 -15.000
v 124.116 117.133 -15.000
v 123.310 117.521 -15.000
v 122.655 118.130 -15.000
v 122.207 118.904 -15.000
v 122.008 119.776 -15.000
v 122.075 120.668 -15.000
v 122.402 121.500 -15.000
v 122.960 122.199 -15.000
v 123.698 122.703 -15.000
v 124.553 122.966 -15.000
v 125.447 122.966 -15.000
v 126.302 122.703 -15.000
v 127.041 122.199 -15.000
v 127.598 121.500 -15.000
v 127.925 120.668 -15.000
v 127.992 119.776 -15.000
v 127.793 118.904 -15.000
v 127.346 118.130 -15.000
v 126.690 117.521 -15.000
v 125.884 117.133 -15.000
v 260.000 72.000 -15.000
v 259.116 72.133 -15.000
v 258.310 72.521 -15.000
v 257.655 73.130 -15.000
v 257.207 73.904 -15.000
v 257.008 74.776 -15.000
v 257.075 75.668 -15.000
v 257.402 76.500 -15.000
v 257.959 77.199 -15.000
v 258.698 77.703 -15.000
v 259.553 77.966 -15.000
v 260.447 77.966 -15.000
v 261.302 77.703 -15.000
v 262.041 77.199 -15.000
v 262.598 76.500 -15.000
v 262.925 75.668 -15.000
v 262.992 74.776 -15.000
v 262.793 73.904 -15.000
v 262.346 73.130 -15.000
v 261.690 72.521 -15.000
v 260.884 72.133 -15.000
v 295.000 72.000 -15.000
v 294.116 72.133 -15.000
v 293.310 72.521 -15.000
v 292.655 73.130 -15.000
v 292.207 73.904 -15.000
v 292.008 74.776 -15.000
v 292.075 75.668 -15.000
v 292.402 76.500 -15.000
v 292.959 77.199 -15.000
v 293.698 77.703 -15.000
v 294.553 77.966 -15.000
v 295.447 77.966 -15.000
v 296.302 77.703 -15.000
v 297.041 77.199 -15.000
v 297.598 76.500 -15.000
v 297.925 75.668 -15.000
v 297.992 74.776 -15.000
v 297.793 73.904 -15.000
v 297.346 73.130 -15.000
v 296.690 72.521 -15.000
v 295.884 72.133 -15.000
v 295.000 7.500 -15.000
v 294.116 7.633 -15.000
v 293.310 8.021 -15.000
v 292.655 8.630 -15.000
v 292.207 9.404 -15.000
v 292.008 10.276 -15.000
v 292.075 11.168 -15.000
v 292.402 12.000 -15.000
v 292.959 12.699 -15.000
v 293.698 13.203 -15.000
v 294.553 13.466 -15.000
v 295.447 13.466 -15.000
v 296.302 13.203 -15.000
v 297.041 12.699 -15.000
v 297.598 12.000 -15.000
v 297.925 11.168 -15.000
v 297.992 10.276 -15.000
v 297.793 9.404 -15.000
v 297.346 8.630 -15.000
v 296.690 8.021 -15.000
v 295.884 7.633 -15.000
v 282.500 182.000 -15.000
v 281.616 182.133 -15.000
v 280.810 182.521 -15.000
v 280.155 183.130 -15.000
v 279.707 183.904 -15.000
v 279.508 184.776 -15.000
v 279.575 185.668 -15.000
v 279.902 186.500 -15.000
v 280.459 187.199 -15.000
v 281.198 187.703 -15.000
v 282.053 187.966 -15.000
v 282.947 187.966 -15.000
v 283.802 187.703 -15.000
v 284.541 187.199 -15.000
v 285.098 186.500 -15.000
v 285.425 185.668 -15.000
v 285.492 184.776 -15.000
v 285.293 183.904 -15.000
v 284.846 183.130 -15.000
v 284.190 182.521 -15.000
v 283.384 182.133 -15.000
v 273.000 208.000 -15.000
v 272.116 208.133 -15.000
v 271.310 208.521 -15.000
v 270.655 209.130 -15.000
v 270.207 209.904 -15.000
v 270.008 210.776 -15.000
v 270.075 211.668 -15.000
v 270.402 212.500 -15.000
v 270.959 213.199 -15.000
v 271.698 213.703 -15.000
v 272.553 213.966 -15.000
v 273.447 213.966 -15.000
v 274.302 213.703 -15.000
v 275.041 213.199 -15.000
v 275.598 212.500 -15.000
v 275.925 211.668 -15.000
v 275.992 210.776 -15.000
v 275.793 209.904 -15.000
v 275.346 209.130 -15.000
v 274.690 208.521 -15.000
v 273.884 208.133 -15.000
v 185.000 208.000 -15.000
v 184.116 208.133 -15.000
v 183.310 208.521 -15.000
v 182.655 209.130 -15.000
v 182.207 209.904 -15.000
v 182.008 210.776 -15.000
v 182.075 211.668 -15.000
v 182.402 212.500 -15.000
v 182.960 213.199 -15.000
v 183.698 213.703 -15.000
v 184.553 213.966 -15.000
v 185.447 213.966 -15.000
v 186.302 213.703 -15.000
v 187.041 213.199 -15.000
v 187.598 212.500 -15.000
v 187.925 211.668 -15.000
v 187.992 210.776 -15.000
v 187.793 209.904 -15.000
v 187.346 209.130 -15.000
v 186.690 208.521 -15.000
v 185.884 208.133 -15.000
v 97.000 208.000 -15.000
v 96.116 208.133 -15.000
v 95.310 208.521 -15.000
v 94.655 209.130 -15.000
v 94.207 209.904 -15.000
v 94.008 210.776 -15.000
v 94.075 211.668 -15.000
v 94.402 212.500 -15.000
v 94.960 213.199 -15.000
v 95.698 213.703 -15.000
v 96.553 213.966 -15.000
v 97.447 213.966 -15.000
v 98.302 213.703 -15.000
v 99.041 213.199 -15.000
v 99.598 212.500 -15.000
v 99.925 211.668 -15.000
v 99.992 210.776 -15.000
v 99.793 209.904 -15.000
v 99.346 209.130 -15.000
v 98.690 208.521 -15.000
v 97.884 208.133 -15.000
v 45.000 49.500 -15.000
v 44.116 49.633 -15.000
v 43.310 50.021 -15.000
v 42.655 50.630 -15.000
v 42.207 51.404 -15.000
v 42.008 52.276 -15.000
v 42.075 53.168 -15.000
v 42.402 54.000 -15.000
v 42.960 54.699 -15.000
v 43.698 55.203 -15.000
v 44.553 55.466 -15.000
v 45.447 55.466 -15.000
v 46.302 55.203 -15.000
v 47.041 54.699 -15.000
v 47.598 54.000 -15.000
v 47.925 53.168 -15.000
v 47.992 52.276 -15.000
v 47.793 51.404 -15.000
v 47.346 50.630 -15.000
v 46.690 50.021 -15.000
v 45.884 49.633 -15.000
v 53.000 208.000 -15.000
v 52.116 208.133 -15.000
v 51.310 208.521 -15.000
v 50.655 209.130 -15.000
v 50.207 209.904 -15.000
v 50.008 210.776 -15.000
v 50.075 211.668 -15.000
v 50.402 212.500 -15.000
v 50.960 213.199 -15.000
v 51.698 213.703 -15.000
v 52.553 213.966 -15.000
v 53.447 213.966 -15.000
v 54.302 213.703 -15.000
v 55.041 213.199 -15.000
v 55.598 212.500 -15.000
v 55.925 211.668 -15.000
v 55.992 210.776 -15.000
v 55.793 209.904 -15.000
v 55.346 209.130 -15.000
v 54.690 208.521 -15.000
v 53.884 208.133 -15.000
v 141.000 208.000 -15.000
v 140.116 208.133 -15.000
v 139.310 208.521 -15.000
v 138.655 209.130 -15.000
v 138.207 209.904 -15.000
v 138.008 210.776 -15.000
v 138.075 211.668 -15.000
v 138.402 212.500 -15.000
v 138.960 213.199 -15.000
v 139.698 213.703 -15.000
v 140.553 213.966 -15.000
v 141.447 213.966 -15.000
v 142.302 213.703 -15.000
v 143.041 213.199 -15.000
v 143.598 212.500 -15.000
v 143.925 211.668 -15.000
v 143.992 210.776 -15.000
v 143.793 209.904 -15.000
v 143.346 209.130 -15.000
v 142.690 208.521 -15.000
v 141.884 208.133 -15.000
v 229.000 208.000 -15.000
v 228.116 208.133 -15.000
v 227.310 208.521 -15.000
v 226.655 209.130 -15.000
v 226.207 209.904 -15.000
v 226.008 210.776 -15.000
v 226.075 211.668 -15.000
v 226.402 212.500 -15.000
v 226.959 213.199 -15.000
v 227.698 213.703 -15.000
v 228.553 213.966 -15.000
v 229.447 213.966 -15.000
v 230.302 213.703 -15.000
v 231.041 213.199 -15.000
v 231.598 212.500 -15.000
v 231.925 211.668 -15.000
v 231.992 210.776 -15.000
v 231.793 209.904 -15.000
v 231.346 209.130 -15.000
v 230.690 208.521 -15.000
v 229.884 208.133 -15.000
v 9.000 208.000 -15.000
v 8.116 208.133 -15.000
v 7.310 208.521 -15.000
v 6.655 209.130 -15.000
v 6.207 209.904 -15.000
v 6.008 210.776 -15.000
v 6.075 211.668 -15.000
v 6.402 212.500 -15.000
v 6.960 213.199 -15.000
v 7.698 213.703 -15.000
v 8.553 213.966 -15.000
v 9.447 213.966 -15.000
v 10.302 213.703 -15.000
v 11.041 213.199 -15.000
v 11.598 212.500 -15.000
v 11.925 211.668 -15.000
v 11.992 210.776 -15.000
v 11.793 209.904 -15.000
v 11.346 209.130 -15.000
v 10.690 208.521 -15.000
v 9.884 208.133 -15.000
v 80.000 27.000 -15.000
v 79.116 27.133 -15.000
v 78.310 27.521 -15.000
v 77.655 28.130 -15.000
v 77.207 28.904 -15.000
v 77.008 29.776 -15.000
v 77.075 30.668 -15.000
v 77.402 31.500 -15.000
v 77.960 32.199 -15.000
v 78.698 32.703 -15.000
v 79.553 32.966 -15.000
v 80.447 32.966 -15.000
v 81.302 32.703 -15.000
v 82.041 32.199 -15.000
v 82.598 31.500 -15.000
v 82.925 30.668 -15.000
v 82.992 29.776 -15.000
v 82.793 28.904 -15.000
v 82.346 28.130 -15.000
v 81.690 27.521 -15.000
v 80.884 27.133 -15.000
v 295.000 117.000 -15.000
v 294.116 117.133 -15.000
v 293.310 117.521 -15.000
v 292.655 118.130 -15.000
v 292.207 118.904 -15.000
v 292.008 119.776 -15.000
v 292.075 120.668 -15.000
v 292.402 121.500 -15.000
v 292.959 122.199 -15.000
v 293.698 122.703 -15.000
v 294.553 122.966 -15.000
v 295.447 122.966 -15.000
v 296.302 122.703 -15.000
v 297.041 122.199 -15.000
v 297.598 121.500 -15.000
v 297.925 120.668 -15.000
v 297.992 119.776 -15.000
v 297.793 118.904 -15.000
v 297.346 118.130 -15.000
v 296.690 117.521 -15.000
v 295.884 117.133 -15.000
v 215.000 72.000 -15.000
v 214.116 72.133 -15.000
v 213.310 72.521 -15.000
v 212.655 73.130 -15.000
v 212.207 73.904 -15.000
v 212.008 74.776 -15.000
v 212.075 75.668 -15.000
v 212.402 76.500 -15.000
v 212.959 77.199 -15.000
v 213.698 77.703 -15.000
v 214.553 77.966 -15.000
v 215.447 77.966 -15.000
v 216.302 77.703 -15.000
v 217.041 77.199 -15.000
v 217.598 76.500 -15.000
v 217.925 75.668 -15.000
v 217.992 74.776 -15.000
v 217.793 73.904 -15.000
v 217.346 73.130 -15.000
v 216.690 72.521 -15.000
v 215.884 72.133 -15.000
v 80.000 117.000 -15.000
v 79.116 117.133 -15.000
v 78.310 117.521 -15.000
v 77.655 118.130 -15.000
v 77.207 118.904 -15.000
v 77.008 119.776 -15.000
v 77.075 120.668 -15.000
v 77.402 121.500 -15.000
v 77.960 122.199 -15.000
v 78.698 122.703 -15.000
v 79.553 122.966 -15.000
v 80.447 122.966 -15.000
v 81.302 122.703 -15.000
v 82.041 122.199 -15.000
v 82.598 121.500 -15.000
v 82.925 120.668 -15.000
v 82.992 119.776 -15.000
v 82.793 118.904 -15.000
v 82.346 118.130 -15.000
v 81.690 117.521 -15.000
v 80.884 117.133 -15.000
v 80.000 162.000 -15.000
v 79.116 162.133 -15.000
v 78.310 162.521 -15.000
v 77.655 163.130 -15.000
v 77.207 163.904 -15.000
v 77.008 164.776 -15.000
v 77.075 165.668 -15.000
v 77.402 166.500 -15.000
v 77.960 167.199 -15.000
v 78.698 167.703 -15.000
v 79.553 167.966 -15.000
v 80.447 167.966 -15.000
v 81.302 167.703 -15.000
v 82.041 167.199 -15.000
v 82.598 166.500 -15.000
v 82.925 165.668 -15.000
v 82.992 164.776 -15.000
v 82.793 163.904 -15.000
v 82.346 163.130 -15.000
v 81.690 162.521 -15.000
v 80.884 162.133 -15.000
v 215.000 117.000 -15.000
v 214.116 117.133 -15.000
v 213.310 117.521 -15.000
v 212.655 118.130 -15.000
v 212.207 118.904 -15.000
v 212.008 119.776 -15.000
v 212.075 120.668 -15.000
v 212.402 121.500 -15.000
v 212.959 122.199 -15.000
v 213.698 122.703 -15.000
v 214.553 122.966 -15.000
v 215.447 122.966 -15.000
v 216.302 122.703 -15.000
v 217.041 122.199 -15.000
v 217.598 121.500 -15.000
v 217.925 120.668 -15.000
v 217.992 119.776 -15.000
v 217.793 118.904 -15.000
v 217.346 118.130 -15.000
v 216.690 117.521 -15.000
v 215.884 117.133 -15.000
v 125.000 7.500 -15.000
v 124.116 7.633 -15.000
v 123.310 8.021 -15.000
v 122.655 8.630 -15.000
v 122.207 9.404 -15.000
v 122.008 10.276 -15.000
v 122.075 11.168 -15.000
v 122.402 12.000 -15.000
v 122.960 12.699 -15.000
v 123.698 13.203 -15.000
v 124.553 13.466 -15.000
v 125.447 13.466 -15.000
v 126.302 13.203 -15.000
v 127.041 12.699 -15.000
v 127.598 12.000 -15.000
v 127.925 11.168 -15.000
v 127.992 10.276 -15.000
v 127.793 9.404 -15.000
v 127.346 8.630 -15.000
v 126.690 8.021 -15.000
v 125.884 7.633 -15.000
v 170.000 27.000 -15.000
v 169.116 27.133 -15.000
v 168.310 27.521 -15.000
v 167.655 28.130 -15.000
v 167.207 28.904 -15.000
v 167.008 29.776 -15.000
v 167.075 30.668 -15.000
v 167.402 31.500 -15.000
v 167.960 32.199 -15.000
v 168.698 32.703 -15.000
v 169.553 32.966 -15.000
v 170.447 32.966 -15.000
v 171.302 32.703 -15.000
v 172.041 32.199 -15.000
v 172.598 31.500 -15.000
v 172.925 30.668 -15.000
v 172.992 29.776 -15.000
v 172.793 28.904 -15.000
v 172.346 28.130 -15.000
v 171.690 27.521 -15.000
v 170.884 27.133 -15.000
v 170.000 72.000 -15.000
v 169.116 72.133 -15.000
v 168.310 72.521 -15.000
v 167.655 73.130 -15.000
v 167.207 73.904 -15.000
v 167.008 74.776 -15.000
v 167.075 75.668 -15.000
v 167.402 76.500 -15.000
v 167.960 77.199 -15.000
v 168.698 77.703 -15.000
v 169.553 77.966 -15.000
v 170.447 77.966 -15.000
v 171.302 77.703 -15.000
v 172.041 77.199 -15.000
v 172.598 76.500 -15.000
v 172.925 75.668 -15.000
v 172.992 74.776 -15.000
v 172.793 73.904 -15.000
v 172.346 73.130 -15.000
v 171.690 72.521 -15.000
v 170.884 72.133 -15.000
v 80.000 72.000 -15.000
v 79.116 72.133 -15.000
v 78.310 72.521 -15.000
v 77.655 73.130 -15.000
v 77.207 73.904 -15.000
v 77.008 74.776 -15.000
v 77.075 75.668 -15.000
v 77.402 76.500 -15.000
v 77.960 77.199 -15.000
v 78.698 77.703 -15.000
v 79.553 77.966 -15.000
v 80.447 77.966 -15.000
v 81.302 77.703 -15.000
v 82.041 77.199 -15.000
v 82.598 76.500 -15.000
v 82.925 75.668 -15.000
v 82.992 74.776 -15.000
v 82.793 73.904 -15.000
v 82.346 73.130 -15.000
v 81.690 72.521 -15.000
v 80.884 72.133 -15.000
v 170.000 7.500 -15.000
v 169.116 7.633 -15.000
v 168.310 8.021 -15.000
v 167.655 8.630 -15.000
v 167.207 9.404 -15.000
v 167.008 10.276 -15.000
v 167.075 11.168 -15.000
v 167.402 12.000 -15.000
v 167.960 12.699 -15.000
v 168.698 13.203 -15.000
v 169.553 13.466 -15.000
v 170.447 13.466 -15.000
v 171.302 13.203 -15.000
v 172.041 12.699 -15.000
v 172.598 12.000 -15.000
v 172.925 11.168 -15.000
v 172.992 10.276 -15.000
v 172.793 9.404 -15.000
v 172.346 8.630 -15.000
v 171.690 8.021 -15.000
v 170.884 7.633 -15.000
v 260.000 7.500 -15.000
v 259.116 7.633 -15.000
v 258.310 8.021 -15.000
v 257.655 8.630 -15.000
v 257.207 9.404 -15.000
v 257.008 10.276 -15.000
v 257.075 11.168 -15.000
v 257.402 12.000 -15.000
v 257.959 12.699 -15.000
v 258.698 13.203 -15.000
v 259.553 13.466 -15.000
v 260.447 13.466 -15.000
v 261.302 13.203 -15.000
v 262.041 12.699 -15.000
v 262.598 12.000 -15.000
v 262.925 11.168 -15.000
v 262.992 10.276 -15.000
v 262.793 9.404 -15.000
v 262.346 8.630 -15.000
v 261.690 8.021 -15.000
v 260.884 7.633 -15.000
v 10.500 117.000 -15.000
v 9.616 117.133 -15.000
v 8.810 117.521 -15.000
v 8.155 118.130 -15.000
v 7.707 118.904 -15.000
v 7.508 119.776 -15.000
v 7.575 120.668 -15.000
v 7.902 121.500 -15.000
v 8.460 122.199 -15.000
v 9.198 122.703 -15.000
v 10.053 122.966 -15.000
v 10.947 122.966 -15.000
v 11.802 122.703 -15.000
v 12.541 122.199 -15.000
v 13.098 121.500 -15.000
v 13.425 120.668 -15.000
v 13.492 119.776 -15.000
v 13.293 118.904 -15.000
v 12.846 118.130 -15.000
v 12.190 117.521 -15.000
v 11.384 117.133 -15.000
v 170.000 162.000 -15.000
v 169.116 162.133 -15.000
v 168.310 162.521 -15.000
v 167.655 163.130 -15.000
v 167.207 163.904 -15.000
v 167.008 164.776 -15.000
v 167.075 165.668 -15.000
v 167.402 166.500 -15.000
v 167.960 167.199 -15.000
v 168.698 167.703 -15.000
v 169.553 167.966 -15.000
v 170.447 167.966 -15.000
v 171.302 167.703 -15.000
v 172.041 167.199 -15.000
v 172.598 166.500 -15.000
v 172.925 165.668 -15.000
v 172.992 164.776 -15.000
v 172.793 163.904 -15.000
v 172.346 163.130 -15.000
v 171.690 162.521 -15.000
v 170.884 162.133 -15.000
v 260.000 162.000 -15.000
v 259.116 162.133 -15.000
v 258.310 162.521 -15.000
v 257.655 163.130 -15.000
v 257.207 163.904 -15.000
v 257.008 164.776 -15.000
v 257.075 165.668 -15.000
v 257.402 166.500 -15.000
v 257.959 167.199 -15.000
v 258.698 167.703 -15.000
v 259.553 167.966 -15.000
v 260.447 167.966 -15.000
v 261.302 167.703 -15.000
v 262.041 167.199 -15.000
v 262.598 166.500 -15.000
v 262.925 165.668 -15.000
v 262.992 164.776 -15.000
v 262.793 163.904 -15.000
v 262.346 163.130 -15.000
v 261.690 162.521 -15.000
v 260.884 162.133 -15.000
v 45.000 72.000 -15.000
v 44.116 72.133 -15.000
v 43.310 72.521 -15.000
v 42.655 73.130 -15.000
v 42.207 73.904 -15.000
v 42.008 74.776 -15.000
v 42.075 75.668 -15.000
v 42.402 76.500 -15.000
v 42.960 77.199 -15.000
v 43.698 77.703 -15.000
v 44.553 77.966 -15.000
v 45.447 77.966 -15.000
v 46.302 77.703 -15.000
v 47.041 77.199 -15.000
v 47.598 76.500 -15.000
v 47.925 75.668 -15.000
v 47.992 74.776 -15.000
v 47.793 73.904 -15.000
v 47.346 73.130 -15.000
v 46.690 72.521 -15.000
v 45.884 72.133 -15.000
v 45.000 162.000 -15.000
v 44.116 162.133 -15.000
v 43.310 162.521 -15.000
v 42.655 163.130 -15.000
v 42.207 163.904 -15.000
v 42.008 164.776 -15.000
v 42.075 165.668 -15.000
v 42.402 166.500 -15.000
v 42.960 167.199 -15.000
v 43.698 167.703 -15.000
v 44.553 167.966 -15.000
v 45.447 167.966 -15.000
v 46.302 167.703 -15.000
v 47.041 167.199 -15.000
v 47.598 166.500 -15.000
v 47.925 165.668 -15.000
v 47.992 164.776 -15.000
v 47.793 163.904 -15.000
v 47.346 163.130 -15.000
v 46.690 162.521 -15.000
v 45.884 162.133 -15.000
v 12.000 42.000 -15.000
v 11.116 42.133 -15.000
v 10.310 42.521 -15.000
v 9.655 43.130 -15.000
v 9.207 43.904 -15.000
v 9.008 44.776 -15.000
v 9.075 45.668 -15.000
v 9.402 46.500 -15.000
v 9.960 47.199 -15.000
v 10.698 47.703 -15.000
v 11.553 47.966 -15.000
v 12.447 47.966 -15.000
v 13.302 47.703 -15.000
v 14.041 47.199 -15.000
v 14.598 46.500 -15.000
v 14.925 45.668 -15.000
v 14.992 44.776 -15.000
v 14.793 43.904 -15.000
v 14.346 43.130 -15.000
v 13.690 42.521 -15.000
v 12.884 42.133 -15.000
v 45.000 9.000 -15.000
v 44.116 9.133 -15.000
v 43.310 9.521 -15.000
v 42.655 10.130 -15.000
v 42.207 10.904 -15.000
v 42.008 11.776 -15.000
v 42.075 12.668 -15.000
v 42.402 13.500 -15.000
v 42.960 14.199 -15.000
v 43.698 14.703 -15.000
v 44.553 14.966 -15.000
v 45.447 14.966 -15.000
v 46.302 14.703 -15.000
v 47.041 14.199 -15.000
v 47.598 13.500 -15.000
v 47.925 12.668 -15.000
v 47.992 11.776 -15.000
v 47.793 10.904 -15.000
v 47.346 10.130 -15.000
v 46.690 9.521 -15.000
v 45.884 9.133 -15.000
v 100.500 87.000 -15.000
v 99.616 87.133 -15.000
v 98.810 87.521 -15.000
v 98.155 88.130 -15.000
v 97.707 88.904 -15.000
v 97.508 89.776 -15.000
v 97.575 90.668 -15.000
v 97.902 91.500 -15.000
v 98.460 92.199 -15.000
v 99.198 92.703 -15.000
v 100.053 92.966 -15.000
v 100.947 92.966 -15.000
v 101.802 92.703 -15.000
v 102.541 92.199 -15.000
v 103.098 91.500 -15.000
v 103.425 90.668 -15.000
v 103.492 89.776 -15.000
v 103.293 88.904 -15.000
v 102.846 88.130 -15.000
v 102.190 87.521 -15.000
v 101.384 87.133 -15.000
v 133.500 54.000 -15.000
v 132.616 54.133 -15.000
v 131.810 54.521 -15.000
v 131.155 55.130 -15.000
v 130.707 55.904 -15.000
v 130.508 56.776 -15.000
v 130.575 57.668 -15.000
v 130.902 58.500 -15.000
v 131.460 59.199 -15.000
v 132.198 59.703 -15.000
v 133.053 59.966 -15.000
v 133.947 59.966 -15.000
v 134.802 59.703 -15.000
v 135.541 59.199 -15.000
v 136.098 58.500 -15.000
v 136.425 57.668 -15.000
v 136.492 56.776 -15.000
v 136.293 55.904 -15.000
v 135.846 55.130 -15.000
v 135.190 54.521 -15.000
v 134.384 54.133 -15.000
v 96.000 127.000 -15.000
v 95.116 127.133 -15.000
v 94.310 127.521 -15.000
v 93.655 128.130 -15.000
v 93.207 128.904 -15.000
v 93.008 129.776 -15.000
v 93.075 130.668 -15.000
v 93.402 131.500 -15.000
v 93.960 132.199 -15.000
v 94.698 132.703 -15.000
v 95.553 132.966 -15.000
v 96.447 132.966 -15.000
v 97.302 132.703 -15.000
v 98.041 132.199 -15.000
v 98.598 131.500 -15.000
v 98.925 130.668 -15.000
v 98.992 129.776 -15.000
v 98.793 128.904 -15.000
v 98.346 128.130 -15.000
v 97.690 127.521 -15.000
v 96.884 127.133 -15.000
v 96.000 138.000 -15.000
v 95.116 138.133 -15.000
v 94.310 138.521 -15.000
v 93.655 139.130 -15.000
v 93.207 139.904 -15.000
v 93.008 140.776 -15.000
v 93.075 141.668 -15.000
v 93.402 142.500 -15.000
v 93.960 143.199 -15.000
v 94.698 143.703 -15.000
v 95.553 143.966 -15.000
v 96.447 143.966 -15.000
v 97.302 143.703 -15.000
v 98.041 143.199 -15.000
v 98.598 142.500 -15.000
v 98.925 141.668 -15.000
v 98.992 140.776 -15.000
v 98.793 139.904 -15.000
v 98.346 139.130 -15.000
v 97.690 138.521 -15.000
v 96.884 138.133 -15.000
v 96.000 4.500 -15.000
v 95.116 4.633 -15.000
v 94.310 5.021 -15.000
v 93.655 5.630 -15.000
v 93.207 6.404 -15.000
v 93.008 7.276 -15.000
v 93.075 8.168 -15.000
v 93.402 9.000 -15.000
v 93.960 9.699 -15.000
v 94.698 10.203 -15.000
v 95.553 10.466 -15.000
v 96.447 10.466 -15.000
v 97.302 10.203 -15.000
v 98.041 9.699 -15.000
v 98.598 9.000 -15.000
v 98.925 8.168 -15.000
v 98.992 7.276 -15.000
v 98.793 6.404 -15.000
v 98.346 5.630 -15.000
v 97.690 5.021 -15.000
v 96.884 4.633 -15.000
v 10.500 7.500 -15.000
v 9.616 7.633 -15.000
v 8.810 8.021 -15.000
v 8.155 8.630 -15.000
v 7.707 9.404 -15.000
v 7.508 10.276 -15.000
v 7.575 11.168 -15.000
v 7.902 12.000 -15.000
v 8.460 12.699 -15.000
v 9.198 13.203 -15.000
v 10.053 13.466 -15.000
v 10.947 13.466 -15.000
v 11.802 13.203 -15.000
v 12.541 12.699 -15.000
v 13.098 12.000 -15.000
v 13.425 11.168 -15.000
v 13.492 10.276 -15.000
v 13.293 9.404 -15.000
v 12.846 8.630 -15.000
v 12.190 8.021 -15.000
v 11.384 7.633 -15.000
v 10.500 182.000 -15.000
v 9.616 182.133 -15.000
v 8.810 182.521 -15.000
v 8.155 183.130 -15.000
v 7.707 183.904 -15.000
v 7.508 184.776 -15.000
v 7.575 185.668 -15.000
v 7.902 186.500 -15.000
v 8.460 187.199 -15.000
v 9.198 187.703 -15.000
v 10.053 187.966 -15.000
v 10.947 187.966 -15.000
v 11.802 187.703 -15.000
v 12.541 187.199 -15.000
v 13.098 186.500 -15.000
v 13.425 185.668 -15.000
v 13.492 184.776 -15.000
v 13.293 183.904 -15.000
v 12.846 183.130 -15.000
v 12.190 182.521 -15.000
v 11.384 182.133 -15.000
v 282.500 7.500 -15.000
v 281.616 7.633 -15.000
v 280.810 8.021 -15.000
v 280.155 8.630 -15.000
v 279.707 9.404 -15.000
v 279.508 10.276 -15.000
v 279.575 11.168 -15.000
v 279.902 12.000 -15.000
v 280.459 12.699 -15.000
v 281.198 13.203 -15.000
v 282.053 13.466 -15.000
v 282.947 13.466 -15.000
v 283.802 13.203 -15.000
v 284.541 12.699 -15.000
v 285.098 12.000 -15.000
v 285.425 11.168 -15.000
v 285.492 10.276 -15.000
v 285.293 9.404 -15.000
v 284.846 8.630 -15.000
v 284.190 8.021 -15.000
v 283.384 7.633 -15.000
v 147.500 182.000 -15.000
v 146.616 182.133 -15.000
v 145.810 182.521 -15.000
v 145.155 183.130 -15.000
v 144.707 183.904 -15.000
v 144.508 184.776 -15.000
v 144.575 185.668 -15.000
v 144.902 186.500 -15.000
v 145.460 187.199 -15.000
v 146.198 187.703 -15.000
v 147.053 187.966 -15.000
v 147.947 187.966 -15.000
v 148.802 187.703 -15.000
v 149.541 187.199 -15.000
v 150.098 186.500 -15.000
v 150.425 185.668 -15.000
v 150.492 184.776 -15.000
v 150.293 183.904 -15.000
v 149.846 183.130 -15.000
v 149.190 182.521 -15.000
v 148.384 182.133 -15.000
v 287.521 199.500 0.000
v 305.800 199.500 0.000
v 305.877 199.485 0.000
v 305.941 199.441 0.000
v 305.985 199.377 0.000
v 306.000 199.300 0.000
v 306.000 1.000 0.000
v 305.000 0.000 0.000
v 1.000 0.000 0.000
v 0.000 1.000 0.000
v 0.000 221.000 0.000
v 1.000 222.000 0.000
v 283.300 222.000 0.000
v 283.377 221.985 0.000
v 283.441 221.941 0.000
v 283.485 221.877 0.000
v 283.500 221.800 0.000
v 283.500 203.521 0.000
v 283.238 202.736 0.000
v 283.200 201.908 0.000
v 283.390 201.102 0.000
v 283.793 200.379 0.000
v 284.379 199.793 0.000
v 285.102 199.390 0.000
v 285.908 199.200 0.000
v 286.736 199.238 0.000
v 147.500 7.500 0.000
v 146.616 7.633 0.000
v 145.810 8.021 0.000
v 145.155 8.630 0.000
v 144.707 9.404 0.000
v 144.508 10.276 0.000
v 144.575 11.168 0.000
v 144.902 12.000 0.000
v 145.460 12.699 0.000
v 146.198 13.203 0.000
v 147.053 13.466 0.000
v 147.947 13.466 0.000
v 148.802 13.203 0.000
v 149.541 12.699 0.000
v 150.098 12.000 0.000
v 150.425 11.168 0.000
v 150.492 10.276 0.000
v 150.293 9.404 0.000
v 149.846 8.630 0.000
v 149.190 8.021 0.000
v 148.384 7.633 0.000
v 147.500 182.000 0.000
v 146.616 182.133 0.000
v 145.810 182.521 0.000
v 145.155 183.130 0.000
v 144.707 183.904 0.000
v 144.508 184.776 0.000
v 144.575 185.668 0.000
v 144.902 186.500 0.000
v 145.460 187.199 0.000
v 146.198 187.703 0.000
v 147.053 187.966 0.000
v 147.947 187.966 0.000
v 148.802 187.703 0.000
v 149.541 187.199 0.000
v 150.098 186.500 0.000
v 150.425 185.668 0.000
v 150.492 184.776 0.000
v 150.293 183.904 0.000
v 149.846 183.130 0.000
v 149.190 182.521 0.000
v 148.384 182.133 0.000
v 282.500 101.250 0.000
v 281.616 101.383 0.000
v 280.810 101.771 0.000
v 280.155 102.380 0.000
v 279.707 103.154 0.000
v 279.508 104.026 0.000
v 279.575 104.918 0.000
v 279.902 105.750 0.000
v 280.459 106.449 0.000
v 281.198 106.953 0.000
v 282.053 107.216 0.000
v 282.947 107.216 0.000
v 283.802 106.953 0.000
v 284.541 106.449 0.000
v 285.098 105.750 0.000
v 285.425 104.918 0.000
v 285.492 104.026 0.000
v 285.293 103.154 0.000
v 284.846 102.380 0.000
v 284.190 101.771 0.000
v 283.384 101.383 0.000
v 282.500 7.500 0.000
v 281.616 7.633 0.000
v 280.810 8.021 0.000
v 280.155 8.630 0.000
v 279.707 9.404 0.000
v 279.508 10.276 0.000
v 279.575 11.168 0.000
v 279.902 12.000 0.000
v 280.459 12.699 0.000
v 281.198 13.203 0.000
v 282.053 13.466 0.000
v 282.947 13.466 0.000
v 283.802 13.203 0.000
v 284.541 12.699 0.000
v 285.098 12.000 0.000
v 285.425 11.168 0.000
v 285.492 10.276 0.000
v 285.293 9.404 0.000
v 284.846 8.630 0.000
v 284.190 8.021 0.000
v 283.384 7.633 0.000
v 147.500 101.250 0.000
v 146.616 101.383 0.000
v 145.810 101.771 0.000
v 145.155 102.380 0.000
v 144.707 103.154 0.000
v 144.508 104.026 0.000
v 144.575 104.918 0.000
v 144.902 105.750 0.000
v 145.460 106.449 0.000
v 146.198 106.953 0.000
v 147.053 107.216 0.000
v 147.947 107.216 0.000
v 148.802 106.953 0.000
v 149.541 106.449 0.000
v 150.098 105.750 0.000
v 150.425 104.918 0.000
v 150.492 104.026 0.000
v 150.293 103.154 0.000
v 149.846 102.380 0.000
v 149.190 101.771 0.000
v 148.384 101.383 0.000
v 10.500 182.000 0.000
v 9.616 182.133 0.000
v 8.810 182.521 0.000
v 8.155 183.130 0.000
v 7.707 183.904 0.000
v 7.508 184.776 0.000
v 7.575 185.668 0.000
v 7.902 186.500 0.000
v 8.460 187.199 0.000
v 9.198 187.703 0.000
v 10.053 187.966 0.000
v 10.947 187.966 0.000
v 11.802 187.703 0.000
v 12.541 187.199 0.000
v 13.098 186.500 0.000
v 13.425 185.668 0.000
v 13.492 184.776 0.000
v 13.293 183.904 0.000
v 12.846 183.130 0.000
v 12.190 182.521 0.000
v 11.384 182.133 0.000
v 10.500 103.606 0.000
v 9.616 103.739 0.000
v 8.810 104.127 0.000
v 8.155 104.736 0.000
v 7.707 105.510 0.000
v 7.508 106.382 0.000
v 7.575 107.274 0.000
v 7.902 108.106 0.000
v 8.460 108.805 0.000
v 9.198 109.309 0.000
v 10.053 109.572 0.000
v 10.947 109.572 0.000
v 11.802 109.309 0.000
v 12.541 108.805 0.000
v 13.098 108.106 0.000
v 13.425 107.274 0.000
v 13.492 106.382 0.000
v 13.293 105.510 0.000
v 12.846 104.736 0.000
v 12.190 104.127 0.000
v 11.384 103.739 0.000
v 10.500 7.500 0.000
v 9.616 7.633 0.000
v 8.810 8.021 0.000
v 8.155 8.630 0.000
v 7.707 9.404 0.000
v 7.508 10.276 0.000
v 7.575 11.168 0.000
v 7.902 12.000 0.000
v 8.460 12.699 0.000
v 9.198 13.203 0.000
v 10.053 13.466 0.000
v 10.947 13.466 0.000
v 11.802 13.203 0.000
v 12.541 12.699 0.000
v 13.098 12.000 0.000
v 13.425 11.168 0.000
v 13.492 10.276 0.000
v 13.293 9.404 0.000
v 12.846 8.630 0.000
v 12.190 8.021 0.000
v 11.384 7.633 0.000
v 7.500 93.000 0.000
v 6.616 93.133 0.000
v 5.810 93.521 0.000
v 5.155 94.130 0.000
v 4.707 94.904 0.000
v 4.508 95.776 0.000
v 4.575 96.668 0.000
v 4.902 97.500 0.000
v 5.460 98.199 0.000
v 6.198 98.703 0.000
v 7.053 98.966 0.000
v 7.947 98.966 0.000
v 8.802 98.703 0.000
v 9.541 98.199 0.000
v 10.098 97.500 0.000
v 10.425 96.668 0.000
v 10.492 95.776 0.000
v 10.293 94.904 0.000
v 9.846 94.130 0.000
v 9.190 93.521 0.000
v 8.384 93.133 0.000
v 96.000 4.500 0.000
v 95.116 4.633 0.000
v 94.310 5.021 0.000
v 93.655 5.630 0.000
v 93.207 6.404 0.000
v 93.008 7.276 0.000
v 93.075 8.168 0.000
v 93.402 9.000 0.000
v 93.960 9.699 0.000
v 94.698 10.203 0.000
v 95.553 10.466 0.000
v 96.447 10.466 0.000
v 97.302 10.203 0.000
v 98.041 9.699 0.000
v 98.598 9.000 0.000
v 98.925 8.168 0.000
v 98.992 7.276 0.000
v 98.793 6.404 0.000
v 98.346 5.630 0.000
v 97.690 5.021 0.000
v 96.884 4.633 0.000
v 184.500 49.500 0.000
v 183.616 49.633 0.000
v 182.810 50.021 0.000
v 182.155 50.630 0.000
v 181.707 51.404 0.000
v 181.508 52.276 0.000
v 181.575 53.168 0.000
v 181.902 54.000 0.000
v 182.460 54.699 0.000
v 183.198 55.203 0.000
v 184.053 55.466 0.000
v 184.947 55.466 0.000
v 185.802 55.203 0.000
v 186.541 54.699 0.000
v 187.098 54.000 0.000
v 187.425 53.168 0.000
v 187.492 52.276 0.000
v 187.293 51.404 0.000
v 186.846 50.630 0.000
v 186.190 50.021 0.000
v 185.384 49.633 0.000
v 96.000 138.000 0.000
v 95.116 138.133 0.000
v 94.310 138.521 0.000
v 93.655 139.130 0.000
v 93.207 139.904 0.000
v 93.008 140.776 0.000
v 93.075 141.668 0.000
v 93.402 142.500 0.000
v 93.960 143.199 0.000
v 94.698 143.703 0.000
v 95.553 143.966 0.000
v 96.447 143.966 0.000
v 97.302 143.703 0.000
v 98.041 143.199 0.000
v 98.598 142.500 0.000
v 98.925 141.668 0.000
v 98.992 140.776 0.000
v 98.793 139.904 0.000
v 98.346 139.130 0.000
v 97.690 138.521 0.000
v 96.884 138.133 0.000
v 295.000 93.000 0.000
v 294.116 93.133 0.000
v 293.310 93.521 0.000
v 292.655 94.130 0.000
v 292.207 94.904 0.000
v 292.008 95.776 0.000
v 292.075 96.668 0.000
v 292.402 97.500 0.000
v 292.959 98.199 0.000
v 293.698 98.703 0.000
v 294.553 98.966 0.000
v 295.447 98.966 0.000
v 296.302 98.703 0.000
v 297.041 98.199 0.000
v 297.598 97.500 0.000
v 297.925 96.668 0.000
v 297.992 95.776 0.000
v 297.793 94.904 0.000
v 297.346 94.130 0.000
v 296.690 93.521 0.000
v 295.884 93.133 0.000
v 96.000 127.000 0.000
v 95.116 127.133 0.000
v 94.310 127.521 0.000
v 93.655 128.130 0.000
v 93.207 128.904 0.000
v 93.008 129.776 0.000
v 93.075 130.668 0.000
v 93.402 131.500 0.000
v 93.960 132.199 0.000
v 94.698 132.703 0.000
v 95.553 132.966 0.000
v 96.447 132.966 0.000
v 97.302 132.703 0.000
v 98.041 132.199 0.000
v 98.598 131.500 0.000
v 98.925 130.668 0.000
v 98.992 129.776 0.000
v 98.793 128.904 0.000
v 98.346 128.130 0.000
v 97.690 127.521 0.000
v 96.884 127.133 0.000
v 118.500 49.500 0.000
v 117.616 49.633 0.000
v 116.810 50.021 0.000
v 116.155 50.630 0.000
v 115.707 51.404 0.000
v 115.508 52.276 0.000
v 115.575 53.168 0.000
v 115.902 54.000 0.000
v 116.460 54.699 0.000
v 117.198 55.203 0.000
v 118.053 55.466 0.000
v 118.947 55.466 0.000
v 119.802 55.203 0.000
v 120.541 54.699 0.000
v 121.098 54.000 0.000
v 121.425 53.168 0.000
v 121.492 52.276 0.000
v 121.293 51.404 0.000
v 120.846 50.630 0.000
v 120.190 50.021 0.000
v 119.384 49.633 0.000
v 133.500 54.000 0.000
v 132.616 54.133 0.000
v 131.810 54.521 0.000
v 131.155 55.130 0.000
v 130.707 55.904 0.000
v 130.508 56.776 0.000
v 130.575 57.668 0.000
v 130.902 58.500 0.000
v 131.460 59.199 0.000
v 132.198 59.703 0.000
v 133.053 59.966 0.000
v 133.947 59.966 0.000
v 134.802 59.703 0.000
v 135.541 59.199 0.000
v 136.098 58.500 0.000
v 136.425 57.668 0.000
v 136.492 56.776 0.000
v 136.293 55.904 0.000
v 135.846 55.130 0.000
v 135.190 54.521 0.000
v 134.384 54.133 0.000
v 173.500 49.500 0.000
v 172.616 49.633 0.000
v 171.810 50.021 0.000
v 171.155 50.630 0.000
v 170.707 51.404 0.000
v 170.508 52.276 0.000
v 170.575 53.168 0.000
v 170.902 54.000 0.000
v 171.460 54.699 0.000
v 172.198 55.203 0.000
v 173.053 55.466 0.000
v 173.947 55.466 0.000
v 174.802 55.203 0.000
v 175.541 54.699 0.000
v 176.098 54.000 0.000
v 176.425 53.168 0.000
v 176.492 52.276 0.000
v 176.293 51.404 0.000
v 175.846 50.630 0.000
v 175.190 50.021 0.000
v 174.384 49.633 0.000
v 100.500 87.000 0.000
v 99.616 87.133 0.000
v 98.810 87.521 0.000
v 98.155 88.130 0.000
v 97.707 88.904 0.000
v 97.508 89.776 0.000
v 97.575 90.668 0.000
v 97.902 91.500 0.000
v 98.460 92.199 0.000
v 99.198 92.703 0.000
v 100.053 92.966 0.000
v 100.947 92.966 0.000
v 101.802 92.703 0.000
v 102.541 92.199 0.000
v 103.098 91.500 0.000
v 103.425 90.668 0.000
v 103.492 89.776 0.000
v 103.293 88.904 0.000
v 102.846 88.130 0.000
v 102.190 87.521 0.000
v 101.384 87.133 0.000
v 85.000 4.500 0.000
v 84.116 4.633 0.000
v 83.310 5.021 0.000
v 82.655 5.630 0.000
v 82.207 6.404 0.000
v 82.008 7.276 0.000
v 82.075 8.168 0.000
v 82.402 9.000 0.000
v 82.960 9.699 0.000
v 83.698 10.203 0.000
v 84.553 10.466 0.000
v 85.447 10.466 0.000
v 86.302 10.203 0.000
v 87.041 9.699 0.000
v 87.598 9.000 0.000
v 87.925 8.168 0.000
v 87.992 7.276 0.000
v 87.793 6.404 0.000
v 87.346 5.630 0.000
v 86.690 5.021 0.000
v 85.884 4.633 0.000
v 45.000 9.000 0.000
v 44.116 9.133 0.000
v 43.310 9.521 0.000
v 42.655 10.130 0.000
v 42.207 10.904 0.000
v 42.008 11.776 0.000
v 42.075 12.668 0.000
v 42.402 13.500 0.000
v 42.960 14.199 0.000
v 43.698 14.703 0.000
v 44.553 14.966 0.000
v 45.447 14.966 0.000
v 46.302 14.703 0.000
v 47.041 14.199 0.000
v 47.598 13.500 0.000
v 47.925 12.668 0.000
v 47.992 11.776 0.000
v 47.793 10.904 0.000
v 47.346 10.130 0.000
v 46.690 9.521 0.000
v 45.884 9.133 0.000
v 30.000 4.500 0.000
v 29.116 4.633 0.000
v 28.310 5.021 0.000
v 27.655 5.630 0.000
v 27.207 6.404 0.000
v 27.008 7.276 0.000
v 27.075 8.168 0.000
v 27.402 9.000 0.000
v 27.960 9.699 0.000
v 28.698 10.203 0.000
v 29.553 10.466 0.000
v 30.447 10.466 0.000
v 31.302 10.203 0.000
v 32.041 9.699 0.000
v 32.598 9.000 0.000
v 32.925 8.168 0.000
v 32.992 7.276 0.000
v 32.793 6.404 0.000
v 32.346 5.630 0.000
v 31.690 5.021 0.000
v 30.884 4.633 0.000
v 12.000 42.000 0.000
v 11.116 42.133 0.000
v 10.310 42.521 0.000
v 9.655 43.130 0.000
v 9.207 43.904 0.000
v 9.008 44.776 0.000
v 9.075 45.668 0.000
v 9.402 46.500 0.000
v 9.960 47.199 0.000
v 10.698 47.703 0.000
v 11.553 47.966 0.000
v 12.447 47.966 0.000
v 13.302 47.703 0.000
v 14.041 47.199 0.000
v 14.598 46.500 0.000
v 14.925 45.668 0.000
v 14.992 44.776 0.000
v 14.793 43.904 0.000
v 14.346 43.130 0.000
v 13.690 42.521 0.000
v 12.884 42.133 0.000
v 7.500 82.000 0.000
v 6.616 82.133 0.000
v 5.810 82.521 0.000
v 5.155 83.130 0.000
v 4.707 83.904 0.000
v 4.508 84.776 0.000
v 4.575 85.668 0.000
v 4.902 86.500 0.000
v 5.460 87.199 0.000
v 6.198 87.703 0.000
v 7.053 87.966 0.000
v 7.947 87.966 0.000
v 8.802 87.703 0.000
v 9.541 87.199 0.000
v 10.098 86.500 0.000
v 10.425 85.668 0.000
v 10.492 84.776 0.000
v 10.293 83.904 0.000
v 9.846 83.130 0.000
v 9.190 82.521 0.000
v 8.384 82.133 0.000
v 45.000 162.000 0.000
v 44.116 162.133 0.000
v 43.310 162.521 0.000
v 42.655 163.130 0.000
v 42.207 163.904 0.000
v 42.008 164.776 0.000
v 42.075 165.668 0.000
v 42.402 166.500 0.000
v 42.960 167.199 0.000
v 43.698 167.703 0.000
v 44.553 167.966 0.000
v 45.447 167.966 0.000
v 46.302 167.703 0.000
v 47.041 167.199 0.000
v 47.598 166.500 0.000
v 47.925 165.668 0.000
v 47.992 164.776 0.000
v 47.793 163.904 0.000
v 47.346 163.130 0.000
v 46.690 162.521 0.000
v 45.884 162.133 0.000
v 45.000 117.000 0.000
v 44.116 117.133 0.000
v 43.310 117.521 0.000
v 42.655 118.130 0.000
v 42.207 118.904 0.000
v 42.008 119.776 0.000
v 42.075 120.668 0.000
v 42.402 121.500 0.000
v 42.960 122.199 0.000
v 43.698 122.703 0.000
v 44.553 122.966 0.000
v 45.447 122.966 0.000
v 46.302 122.703 0.000
v 47.041 122.199 0.000
v 47.598 121.500 0.000
v 47.925 120.668 0.000
v 47.992 119.776 0.000
v 47.793 118.904 0.000
v 47.346 118.130 0.000
v 46.690 117.521 0.000
v 45.884 117.133 0.000
v 45.000 72.000 0.000
v 44.116 72.133 0.000
v 43.310 72.521 0.000
v 42.655 73.130 0.000
v 42.207 73.904 0.000
v 42.008 74.776 0.000
v 42.075 75.668 0.000
v 42.402 76.500 0.000
v 42.960 77.199 0.000
v 43.698 77.703 0.000
v 44.553 77.966 0.000
v 45.447 77.966 0.000
v 46.302 77.703 0.000
v 47.041 77.199 0.000
v 47.598 76.500 0.000
v 47.925 75.668 0.000
v 47.992 74.776 0.000
v 47.793 73.904 0.000
v 47.346 73.130 0.000
v 46.690 72.521 0.000
v 45.884 72.133 0.000
v 295.000 27.000 0.000
v 294.116 27.133 0.000
v 293.310 27.521 0.000
v 292.655 28.130 0.000
v 292.207 28.904 0.000
v 292.008 29.776 0.000
v 292.075 30.668 0.000
v 292.402 31.500 0.000
v 292.959 32.199 0.000
v 293.698 32.703 0.000
v 294.553 32.966 0.000
v 295.447 32.966 0.000
v 296.302 32.703 0.000
v 297.041 32.199 0.000
v 297.598 31.500 0.000
v 297.925 30.668 0.000
v 297.992 29.776 0.000
v 297.793 28.904 0.000
v 297.346 28.130 0.000
v 296.690 27.521 0.000
v 295.884 27.133 0.000
v 260.000 162.000 0.000
v 259.116 162.133 0.000
v 258.310 162.521 0.000
v 257.655 163.130 0.000
v 257.207 163.904 0.000
v 257.008 164.776 0.000
v 257.075 165.668 0.000
v 257.402 166.500 0.000
v 257.959 167.199 0.000
v 258.698 167.703 0.000
v 259.553 167.966 0.000
v 260.447 167.966 0.000
v 261.302 167.703 0.000
v 262.041 167.199 0.000
v 262.598 166.500 0.000
v 262.925 165.668 0.000
v 262.992 164.776 0.000
v 262.793 163.904 0.000
v 262.346 163.130 0.000
v 261.690 162.521 0.000
v 260.884 162.133 0.000
v 215.000 162.000 0.000
v 214.116 162.133 0.000
v 213.310 162.521 0.000
v 212.655 163.130 0.000
v 212.207 163.904 0.000
v 212.008 164.776 0.000
v 212.075 165.668 0.000
v 212.402 166.500 0.000
v 212.959 167.199 0.000
v 213.698 167.703 0.000
v 214.553 167.966 0.000
v 215.447 167.966 0.000
v 216.302 167.703 0.000
v 217.041 167.199 0.000
v 217.598 166.500 0.000
v 217.925 165.668 0.000
v 217.992 164.776 0.000
v 217.793 163.904 0.000
v 217.346 163.130 0.000
v 216.690 162.521 0.000
v 215.884 162.133 0.000
v 170.000 162.000 0.000
v 169.116 162.133 0.000
v 168.310 162.521 0.000
v 167.655 163.130 0.000
v 167.207 163.904 0.000
v 167.008 164.776 0.000
v 167.075 165.668 0.000
v 167.402 166.500 0.000
v 167.960 167.199 0.000
v 168.698 167.703 0.000
v 169.553 167.966 0.000
v 170.447 167.966 0.000
v 171.302 167.703 0.000
v 172.041 167.199 0.000
v 172.598 166.500 0.000
v 172.925 165.668 0.000
v 172.992 164.776 0.000
v 172.793 163.904 0.000
v 172.346 163.130 0.000
v 171.690 162.521 0.000
v 170.884 162.133 0.000
v 125.000 162.000 0.000
v 124.116 162.133 0.000
v 123.310 162.521 0.000
v 122.655 163.130 0.000
v 122.207 163.904 0.000
v 122.008 164.776 0.000
v 122.075 165.668 0.000
v 122.402 166.500 0.000
v 122.960 167.199 0.000
v 123.698 167.703 0.000
v 124.553 167.966 0.000
v 125.447 167.966 0.000
v 126.302 167.703 0.000
v 127.041 167.199 0.000
v 127.598 166.500 0.000
v 127.925 165.668 0.000
v 127.992 164.776 0.000
v 127.793 163.904 0.000
v 127.346 163.130 0.000
v 126.690 162.521 0.000
v 125.884 162.133 0.000
v 10.500 117.000 0.000
v 9.616 117.133 0.000
v 8.810 117.521 0.000
v 8.155 118.130 0.000
v 7.707 118.904 0.000
v 7.508 119.776 0.000
v 7.575 120.668 0.000
v 7.902 121.500 0.000
v 8.460 122.199 0.000
v 9.198 122.703 0.000
v 10.053 122.966 0.000
v 10.947 122.966 0.000
v 11.802 122.703 0.000
v 12.541 122.199 0.000
v 13.098 121.500 0.000
v 13.425 120.668 0.000
v 13.492 119.776 0.000
v 13.293 118.904 0.000
v 12.846 118.130 0.000
v 12.190 117.521 0.000
v 11.384 117.133 0.000
v 10.500 162.000 0.000
v 9.616 162.133 0.000
v 8.810 162.521 0.000
v 8.155 163.130 0.000
v 7.707 163.904 0.000
v 7.508 164.776 0.000
v 7.575 165.668 0.000
v 7.902 166.500 0.000
v 8.460 167.199 0.000
v 9.198 167.703 0.000
v 10.053 167.966 0.000
v 10.947 167.966 0.000
v 11.802 167.703 0.000
v 12.541 167.199 0.000
v 13.098 166.500 0.000
v 13.425 165.668 0.000
v 13.492 164.776 0.000
v 13.293 163.904 0.000
v 12.846 163.130 0.000
v 12.190 162.521 0.000
v 11.384 162.133 0.000
v 260.000 7.500 0.000
v 259.116 7.633 0.000
v 258.310 8.021 0.000
v 257.655 8.630 0.000
v 257.207 9.404 0.000
v 257.008 10.276 0.000
v 257.075 11.168 0.000
v 257.402 12.000 0.000
v 257.959 12.699 0.000
v 258.698 13.203 0.000
v 259.553 13.466 0.000
v 260.447 13.466 0.000
v 261.302 13.203 0.000
v 262.041 12.699 0.000
v 262.598 12.000 0.000
v 262.925 11.168 0.000
v 262.992 10.276 0.000
v 262.793 9.404 0.000
v 262.346 8.630 0.000
v 261.690 8.021 0.000
v 260.884 7.633 0.000
v 215.000 7.500 0.000
v 214.116 7.633 0.000
v 213.310 8.021 0.000
v 212.655 8.630 0.000
v 212.207 9.404 0.000
v 212.008 10.276 0.000
v 212.075 11.168 0.000
v 212.402 12.000 0.000
v 212.959 12.699 0.000
v 213.698 13.203 0.000
v 214.553 13.466 0.000
v 215.447 13.466 0.000
v 216.302 13.203 0.000
v 217.041 12.699 0.000
v 217.598 12.000 0.000
v 217.925 11.168 0.000
v 217.992 10.276 0.000
v 217.793 9.404 0.000
v 217.346 8.630 0.000
v 216.690 8.021 0.000
v 215.884 7.633 0.000
v 170.000 7.500 0.000
v 169.116 7.633 0.000
v 168.310 8.021 0.000
v 167.655 8.630 0.000
v 167.207 9.404 0.000
v 167.008 10.276 0.000
v 167.075 11.168 0.000
v 167.402 12.000 0.000
v 167.960 12.699 0.000
v 168.698 13.203 0.000
v 169.553 13.466 0.000
v 170.447 13.466 0.000
v 171.302 13.203 0.000
v 172.041 12.699 0.000
v 172.598 12.000 0.000
v 172.925 11.168 0.000
v 172.992 10.276 0.000
v 172.793 9.404 0.000
v 172.346 8.630 0.000
v 171.690 8.021 0.000
v 170.884 7.633 0.000
v 260.000 27.000 0.000
v 259.116 27.133 0.000
v 258.310 27.521 0.000
v 257.655 28.130 0.000
v 257.207 28.904 0.000
v 257.008 29.776 0.000
v 257.075 30.668 0.000
v 257.402 31.500 0.000
v 257.959 32.199 0.000
v 258.698 32.703 0.000
v 259.553 32.966 0.000
v 260.447 32.966 0.000
v 261.302 32.703 0.000
v 262.041 32.199 0.000
v 262.598 31.500 0.000
v 262.925 30.668 0.000
v 262.992 29.776 0.000
v 262.793 28.904 0.000
v 262.346 28.130 0.000
v 261.690 27.521 0.000
v 260.884 27.133 0.000
v 80.000 72.000 0.000
v 79.116 72.133 0.000
v 78.310 72.521 0.000
v 77.655 73.130 0.000
v 77.207 73.904 0.000
v 77.008 74.776 0.000
v 77.075 75.668 0.000
v 77.402 76.500 0.000
v 77.960 77.199 0.000
v 78.698 77.703 0.000
v 79.553 77.966 0.000
v 80.447 77.966 0.000
v 81.302 77.703 0.000
v 82.041 77.199 0.000
v 82.598 76.500 0.000
v 82.925 75.668 0.000
v 82.992 74.776 0.000
v 82.793 73.904 0.000
v 82.346 73.130 0.000
v 81.690 72.521 0.000
v 80.884 72.133 0.000
v 125.000 72.000 0.000
v 124.116 72.133 0.000
v 123.310 72.521 0.000
v 122.655 73.130 0.000
v 122.207 73.904 0.000
v 122.008 74.776 0.000
v 122.075 75.668 0.000
v 122.402 76.500 0.000
v 122.960 77.199 0.000
v 123.698 77.703 0.000
v 124.553 77.966 0.000
v 125.447 77.966 0.000
v 126.302 77.703 0.000
v 127.041 77.199 0.000
v 127.598 76.500 0.000
v 127.925 75.668 0.000
v 127.992 74.776 0.000
v 127.793 73.904 0.000
v 127.346 73.130 0.000
v 126.690 72.521 0.000
v 125.884 72.133 0.000
v 170.000 72.000 0.000
v 169.116 72.133 0.000
v 168.310 72.521 0.000
v 167.655 73.130 0.000
v 167.207 73.904 0.000
v 167.008 74.776 0.000
v 167.075 75.668 0.000
v 167.402 76.500 0.000
v 167.960 77.199 0.000
v 168.698 77.703 0.000
v 169.553 77.966 0.000
v 170.447 77.966 0.000
v 171.302 77.703 0.000
v 172.041 77.199 0.000
v 172.598 76.500 0.000
v 172.925 75.668 0.000
v 172.992 74.776 0.000
v 172.793 73.904 0.000
v 172.346 73.130 0.000
v 171.690 72.521 0.000
v 170.884 72.133 0.000
v 215.000 27.000 0.000
v 214.116 27.133 0.000
v 213.310 27.521 0.000
v 212.655 28.130 0.000
v 212.207 28.904 0.000
v 212.008 29.776 0.000
v 212.075 30.668 0.000
v 212.402 31.500 0.000
v 212.959 32.199 0.000
v 213.698 32.703 0.000
v 214.553 32.966 0.000
v 215.447 32.966 0.000
v 216.302 32.703 0.000
v 217.041 32.199 0.000
v 217.598 31.500 0.000
v 217.925 30.668 0.000
v 217.992 29.776 0.000
v 217.793 28.904 0.000
v 217.346 28.130 0.000
v 216.690 27.521 0.000
v 215.884 27.133 0.000
v 170.000 27.000 0.000
v 169.116 27.133 0.000
v 168.310 27.521 0.000
v 167.655 28.130 0.000
v 167.207 28.904 0.000
v 167.008 29.776 0.000
v 167.075 30.668 0.000
v 167.402 31.500 0.000
v 167.960 32.199 0.000
v 168.698 32.703 0.000
v 169.553 32.966 0.000
v 170.447 32.966 0.000
v 171.302 32.703 0.000
v 172.041 32.199 0.000
v 172.598 31.500 0.000
v 172.925 30.668 0.000
v 172.992 29.776 0.000
v 172.793 28.904 0.000
v 172.346 28.130 0.000
v 171.690 27.521 0.000
v 170.884 27.133 0.000
v 125.000 27.000 0.000
v 124.116 27.133 0.000
v 123.310 27.521 0.000
v 122.655 28.130 0.000
v 122.207 28.904 0.000
v 122.008 29.776 0.000
v 122.075 30.668 0.000
v 122.402 31.500 0.000
v 122.960 32.199 0.000
v 123.698 32.703 0.000
v 124.553 32.966 0.000
v 125.447 32.966 0.000
v 126.302 32.703 0.000
v 127.041 32.199 0.000
v 127.598 31.500 0.000
v 127.925 30.668 0.000
v 127.992 29.776 0.000
v 127.793 28.904 0.000
v 127.346 28.130 0.000
v 126.690 27.521 0.000
v 125.884 27.133 0.000
v 125.000 7.500 0.000
v 124.116 7.633 0.000
v 123.310 8.021 0.000
v 122.655 8.630 0.000
v 122.207 9.404 0.000
v 122.008 10.276 0.000
v 122.075 11.168 0.000
v 122.402 12.000 0.000
v 122.960 12.699 0.000
v 123.698 13.203 0.000
v 124.553 13.466 0.000
v 125.447 13.466 0.000
v 126.302 13.203 0.000
v 127.041 12.699 0.000
v 127.598 12.000 0.000
v 127.925 11.168 0.000
v 127.992 10.276 0.000
v 127.793 9.404 0.000
v 127.346 8.630 0.000
v 126.690 8.021 0.000
v 125.884 7.633 0.000
v 170.000 117.000 0.000
v 169.116 117.133 0.000
v 168.310 117.521 0.000
v 167.655 118.130 0.000
v 167.207 118.904 0.000
v 167.008 119.776 0.000
v 167.075 120.668 0.000
v 167.402 121.500 0.000
v 167.960 122.199 0.000
v 168.698 122.703 0.000
v 169.553 122.966 0.000
v 170.447 122.966 0.000
v 171.302 122.703 0.000
v 172.041 122.199 0.000
v 172.598 121.500 0.000
v 172.925 120.668 0.000
v 172.992 119.776 0.000
v 172.793 118.904 0.000
v 172.346 118.130 0.000
v 171.690 117.521 0.000
v 170.884 117.133 0.000
v 215.000 117.000 0.000
v 214.116 117.133 0.000
v 213.310 117.521 0.000
v 212.655 118.130 0.000
v 212.207 118.904 0.000
v 212.008 119.776 0.000
v 212.075 120.668 0.000
v 212.402 121.500 0.000
v 212.959 122.199 0.000
v 213.698 122.703 0.000
v 214.553 122.966 0.000
v 215.447 122.966 0.000
v 216.302 122.703 0.000
v 217.041 122.199 0.000
v 217.598 121.500 0.000
v 217.925 120.668 0.000
v 217.992 119.776 0.000
v 217.793 118.904 0.000
v 217.346 118.130 0.000
v 216.690 117.521 0.000
v 215.884 117.133 0.000
v 260.000 117.000 0.000
v 259.116 117.133 0.000
v 258.310 117.521 0.000
v 257.655 118.130 0.000
v 257.207 118.904 0.000
v 257.008 119.776 0.000
v 257.075 120.668 0.000
v 257.402 121.500 0.000
v 257.959 122.199 0.000
v 258.698 122.703 0.000
v 259.553 122.966 0.000
v 260.447 122.966 0.000
v 261.302 122.703 0.000
v 262.041 122.199 0.000
v 262.598 121.500 0.000
v 262.925 120.668 0.000
v 262.992 119.776 0.000
v 262.793 118.904 0.000
v 262.346 118.130 0.000
v 261.690 117.521 0.000
v 260.884 117.133 0.000
v 80.000 162.000 0.000
v 79.116 162.133 0.000
v 78.310 162.521 0.000
v 77.655 163.130 0.000
v 77.207 163.904 0.000
v 77.008 164.776 0.000
v 77.075 165.668 0.000
v 77.402 166.500 0.000
v 77.960 167.199 0.000
v 78.698 167.703 0.000
v 79.553 167.966 0.000
v 80.447 167.966 0.000
v 81.302 167.703 0.000
v 82.041 167.199 0.000
v 82.598 166.500 0.000
v 82.925 165.668 0.000
v 82.992 164.776 0.000
v 82.793 163.904 0.000
v 82.346 163.130 0.000
v 81.690 162.521 0.000
v 80.884 162.133 0.000
v 125.000 117.000 0.000
v 124.116 117.133 0.000
v 123.310 117.521 0.000
v 122.655 118.130 0.000
v 122.207 118.904 0.000
v 122.008 119.776 0.000
v 122.075 120.668 0.000
v 122.402 121.500 0.000
v 122.960 122.199 0.000
v 123.698 122.703 0.000
v 124.553 122.966 0.000
v 125.447 122.966 0.000
v 126.302 122.703 0.000
v 127.041 122.199 0.000
v 127.598 121.500 0.000
v 127.925 120.668 0.000
v 127.992 119.776 0.000
v 127.793 118.904 0.000
v 127.346 118.130 0.000
v 126.690 117.521 0.000
v 125.884 117.133 0.000
v 80.000 117.000 0.000
v 79.116 117.133 0.000
v 78.310 117.521 0.000
v 77.655 118.130 0.000
v 77.207 118.904 0.000
v 77.008 119.776 0.000
v 77.075 120.668 0.000
v 77.402 121.500 0.000
v 77.960 122.199 0.000
v 78.698 122.703 0.000
v 79.553 122.966 0.000
v 80.447 122.966 0.000
v 81.302 122.703 0.000
v 82.041 122.199 0.000
v 82.598 121.500 0.000
v 82.925 120.668 0.000
v 82.992 119.776 0.000
v 82.793 118.904 0.000
v 82.346 118.130 0.000
v 81.690 117.521 0.000
v 80.884 117.133 0.000
v 260.000 72.000 0.000
v 259.116 72.133 0.000
v 258.310 72.521 0.000
v 257.655 73.130 0.000
v 257.207 73.904 0.000
v 257.008 74.776 0.000
v 257.075 75.668 0.000
v 257.402 76.500 0.000
v 257.959 77.199 0.000
v 258.698 77.703 0.000
v 259.553 77.966 0.000
v 260.447 77.966 0.000
v 261.302 77.703 0.000
v 262.041 77.199 0.000
v 262.598 76.500 0.000
v 262.925 75.668 0.000
v 262.992 74.776 0.000
v 262.793 73.904 0.000
v 262.346 73.130 0.000
v 261.690 72.521 0.000
v 260.884 72.133 0.000
v 215.000 72.000 0.000
v 214.116 72.133 0.000
v 213.310 72.521 0.000
v 212.655 73.130 0.000
v 212.207 73.904 0.000
v 212.008 74.776 0.000
v 212.075 75.668 0.000
v 212.402 76.500 0.000
v 212.959 77.199 0.000
v 213.698 77.703 0.000
v 214.553 77.966 0.000
v 215.447 77.966 0.000
v 216.302 77.703 0.000
v 217.041 77.199 0.000
v 217.598 76.500 0.000
v 217.925 75.668 0.000
v 217.992 74.776 0.000
v 217.793 73.904 0.000
v 217.346 73.130 0.000
v 216.690 72.521 0.000
v 215.884 72.133 0.000
v 295.000 72.000 0.000
v 294.116 72.133 0.000
v 293.310 72.521 0.000
v 292.655 73.130 0.000
v 292.207 73.904 0.000
v 292.008 74.776 0.000
v 292.075 75.668 0.000
v 292.402 76.500 0.000
v 292.959 77.199 0.000
v 293.698 77.703 0.000
v 294.553 77.966 0.000
v 295.447 77.966 0.000
v 296.302 77.703 0.000
v 297.041 77.199 0.000
v 297.598 76.500 0.000
v 297.925 75.668 0.000
v 297.992 74.776 0.000
v 297.793 73.904 0.000
v 297.346 73.130 0.000
v 296.690 72.521 0.000
v 295.884 72.133 0.000
v 295.000 117.000 0.000
v 294.116 117.133 0.000
v 293.310 117.521 0.000
v 292.655 118.130 0.000
v 292.207 118.904 0.000
v 292.008 119.776 0.000
v 292.075 120.668 0.000
v 292.402 121.500 0.000
v 292.959 122.199 0.000
v 293.698 122.703 0.000
v 294.553 122.966 0.000
v 295.447 122.966 0.000
v 296.302 122.703 0.000
v 297.041 122.199 0.000
v 297.598 121.500 0.000
v 297.925 120.668 0.000
v 297.992 119.776 0.000
v 297.793 118.904 0.000
v 297.346 118.130 0.000
v 296.690 117.521 0.000
v 295.884 117.133 0.000
v 295.000 7.500 0.000
v 294.116 7.633 0.000
v 293.310 8.021 0.000
v 292.655 8.630 0.000
v 292.207 9.404 0.000
v 292.008 10.276 0.000
v 292.075 11.168 0.000
v 292.402 12.000 0.000
v 292.959 12.699 0.000
v 293.698 13.203 0.000
v 294.553 13.466 0.000
v 295.447 13.466 0.000
v 296.302 13.203 0.000
v 297.041 12.699 0.000
v 297.598 12.000 0.000
v 297.925 11.168 0.000
v 297.992 10.276 0.000
v 297.793 9.404 0.000
v 297.346 8.630 0.000
v 296.690 8.021 0.000
v 295.884 7.633 0.000
v 80.000 27.000 0.000
v 79.116 27.133 0.000
v 78.310 27.521 0.000
v 77.655 28.130 0.000
v 77.207 28.904 0.000
v 77.008 29.776 0.000
v 77.075 30.668 0.000
v 77.402 31.500 0.000
v 77.960 32.199 0.000
v 78.698 32.703 0.000
v 79.553 32.966 0.000
v 80.447 32.966 0.000
v 81.302 32.703 0.000
v 82.041 32.199 0.000
v 82.598 31.500 0.000
v 82.925 30.668 0.000
v 82.992 29.776 0.000
v 82.793 28.904 0.000
v 82.346 28.130 0.000
v 81.690 27.521 0.000
v 80.884 27.133 0.000
v 282.500 182.000 0.000
v 281.616 182.133 0.000
v 280.810 182.521 0.000
v 280.155 183.130 0.000
v 279.707 183.904 0.000
v 279.508 184.776 0.000
v 279.575 185.668 0.000
v 279.902 186.500 0.000
v 280.459 187.199 0.000
v 281.198 187.703 0.000
v 282.053 187.966 0.000
v 282.947 187.966 0.000
v 283.802 187.703 0.000
v 284.541 187.199 0.000
v 285.098 186.500 0.000
v 285.425 185.668 0.000
v 285.492 184.776 0.000
v 285.293 183.904 0.000
v 284.846 183.130 0.000
v 284.190 182.521 0.000
v 283.384 182.133 0.000
v 9.000 208.000 0.000
v 8.116 208.133 0.000
v 7.310 208.521 0.000
v 6.655 209.130 0.000
v 6.207 209.904 0.000
v 6.008 210.776 0.000
v 6.075 211.668 0.000
v 6.402 212.500 0.000
v 6.960 213.199 0.000
v 7.698 213.703 0.000
v 8.553 213.966 0.000
v 9.447 213.966 0.000
v 10.302 213.703 0.000
v 11.041 213.199 0.000
v 11.598 212.500 0.000
v 11.925 211.668 0.000
v 11.992 210.776 0.000
v 11.793 209.904 0.000
v 11.346 209.130 0.000
v 10.690 208.521 0.000
v 9.884 208.133 0.000
v 273.000 208.000 0.000
v 272.116 208.133 0.000
v 271.310 208.521 0.000
v 270.655 209.130 0.000
v 270.207 209.904 0.000
v 270.008 210.776 0.000
v 270.075 211.668 0.000
v 270.402 212.500 0.000
v 270.959 213.199 0.000
v 271.698 213.703 0.000
v 272.553 213.966 0.000
v 273.447 213.966 0.000
v 274.302 213.703 0.000
v 275.041 213.199 0.000
v 275.598 212.500 0.000
v 275.925 211.668 0.000
v 275.992 210.776 0.000
v 275.793 209.904 0.000
v 275.346 209.130 0.000
v 274.690 208.521 0.000
v 273.884 208.133 0.000
v 229.000 208.000 0.000
v 228.116 208.133 0.000
v 227.310 208.521 0.000
v 226.655 209.130 0.000
v 226.207 209.904 0.000
v 226.008 210.776 0.000
v 226.075 211.668 0.000
v 226.402 212.500 0.000
v 226.959 213.199 0.000
v 227.698 213.703 0.000
v 228.553 213.966 0.000
v 229.447 213.966 0.000
v 230.302 213.703 0.000
v 231.041 213.199 0.000
v 231.598 212.500 0.000
v 231.925 211.668 0.000
v 231.992 210.776 0.000
v 231.793 209.904 0.000
v 231.346 209.130 0.000
v 230.690 208.521 0.000
v 229.884 208.133 0.000
v 185.000 208.000 0.000
v 184.116 208.133 0.000
v 183.310 208.521 0.000
v 182.655 209.130 0.000
v 182.207 209.904 0.000
v 182.008 210.776 0.000
v 182.075 211.668 0.000
v 182.402 212.500 0.000
v 182.960 213.199 0.000
v 183.698 213.703 0.000
v 184.553 213.966 0.000
v 185.447 213.966 0.000
v 186.302 213.703 0.000
v 187.041 213.199 0.000
v 187.598 212.500 0.000
v 187.925 211.668 0.000
v 187.992 210.776 0.000
v 187.793 209.904 0.000
v 187.346 209.130 0.000
v 186.690 208.521 0.000
v 185.884 208.133 0.000
v 141.000 208.000 0.000
v 140.116 208.133 0.000
v 139.310 208.521 0.000
v 138.655 209.130 0.000
v 138.207 209.904 0.000
v 138.008 210.776 0.000
v 138.075 211.668 0.000
v 138.402 212.500 0.000
v 138.960 213.199 0.000
v 139.698 213.703 0.000
v 140.553 213.966 0.000
v 141.447 213.966 0.000
v 142.302 213.703 0.000
v 143.041 213.199 0.000
v 143.598 212.500 0.000
v 143.925 211.668 0.000
v 143.992 210.776 0.000
v 143.793 209.904 0.000
v 143.346 209.130 0.000
v 142.690 208.521 0.000
v 141.884 208.133 0.000
v 97.000 208.000 0.000
v 96.116 208.133 0.000
v 95.310 208.521 0.000
v 94.655 209.130 0.000
v 94.207 209.904 0.000
v 94.008 210.776 0.000
v 94.075 211.668 0.000
v 94.402 212.500 0.000
v 94.960 213.199 0.000
v 95.698 213.703 0.000
v 96.553 213.966 0.000
v 97.447 213.966 0.000
v 98.302 213.703 0.000
v 99.041 213.199 0.000
v 99.598 212.500 0.000
v 99.925 211.668 0.000
v 99.992 210.776 0.000
v 99.793 209.904 0.000
v 99.346 209.130 0.000
v 98.690 208.521 0.000
v 97.884 208.133 0.000
v 53.000 208.000 0.000
v 52.116 208.133 0.000
v 51.310 208.521 0.000
v 50.655 209.130 0.000
v 50.207 209.904 0.000
v 50.008 210.776 0.000
v 50.075 211.668 0.000
v 50.402 212.500 0.000
v 50.960 213.199 0.000
v 51.698 213.703 0.000
v 52.553 213.966 0.000
v 53.447 213.966 0.000
v 54.302 213.703 0.000
v 55.041 213.199 0.000
v 55.598 212.500 0.000
v 55.925 211.668 0.000
v 55.992 210.776 0.000
v 55.793 209.904 0.000
v 55.346 209.130 0.000
v 54.690 208.521 0.000
v 53.884 208.133 0.000
v 45.000 49.500 0.000
v 44.116 49.633 0.000
v 43.310 50.021 0.000
v 42.655 50.630 0.000
v 42.207 51.404 0.000
v 42.008 52.276 0.000
v 42.075 53.168 0.000
v 42.402 54.000 0.000
v 42.960 54.699 0.000
v 43.698 55.203 0.000
v 44.553 55.466 0.000
v 45.447 55.466 0.000
v 46.302 55.203 0.000
v 47.041 54.699 0.000
v 47.598 54.000 0.000
v 47.925 53.168 0.000
v 47.992 52.276 0.000
v 47.793 51.404 0.000
v 47.346 50.630 0.000
v 46.690 50.021 0.000
v 45.884 49.633 0.000
f 14 12 13
f 26 23 24
f 26 24 25
f 22 23 26
f 15 12 14
f 11 12 15
f 649 22 26
f 650 649 26
f 648 22 649
f 651 650 26
f 647 22 648
f 1 651 26
f 652 651 1
f 646 22 647
f 653 652 1
f 645 22 646
f 654 653 1
f 655 1 2
f 655 654 1
f 656 2 3
f 656 3 4
f 656 655 2
f 636 656 4
f 628 9 10
f 629 10 11
f 629 628 10
f 627 8 9
f 627 9 628
f 630 11 15
f 630 629 11
f 626 7 8
f 626 8 627
f 631 630 15
f 625 6 7
f 625 7 626
f 632 631 15
f 624 5 6
f 624 6 625
f 633 632 15
f 623 4 5
f 623 637 636
f 623 636 4
f 623 5 624
f 622 638 637
f 622 637 623
f 621 638 622
f 776 775 644
f 776 644 643
f 774 644 775
f 774 22 645
f 774 645 644
f 777 776 643
f 777 642 641
f 777 643 642
f 773 22 774
f 778 777 641
f 772 22 773
f 779 640 639
f 779 641 640
f 779 778 641
f 780 779 639
f 1111 619 618
f 1112 618 617
f 1112 1111 618
f 1110 620 619
f 1110 619 1111
f 1113 617 616
f 1113 1112 617
f 1109 621 620
f 1109 620 1110
f 1114 616 615
f 1114 1113 616
f 1108 639 638
f 1108 638 621
f 1108 621 1109
f 1115 615 635
f 1115 1114 615
f 1107 780 639
f 1107 639 1108
f 1107 781 780
f 1106 781 1107
f 1106 782 781
f 839 838 15
f 837 634 633
f 837 633 15
f 837 15 838
f 840 839 15
f 836 635 634
f 836 634 837
f 841 840 15
f 835 1116 1115
f 835 1115 635
f 835 635 836
f 834 1117 1116
f 834 1116 835
f 833 1117 834
f 670 770 769
f 671 670 769
f 671 769 768
f 669 770 670
f 669 771 770
f 669 772 771
f 672 671 768
f 668 22 772
f 668 772 669
f 673 768 767
f 673 672 768
f 674 673 767
f 674 767 766
f 675 766 765
f 675 674 766
f 166 844 843
f 167 166 843
f 167 843 842
f 165 844 166
f 165 845 844
f 168 842 841
f 168 167 842
f 164 825 845
f 164 845 165
f 169 841 15
f 169 168 841
f 163 825 164
f 61 827 826
f 62 826 825
f 62 61 826
f 60 828 827
f 60 827 61
f 63 62 825
f 63 163 162
f 63 825 163
f 59 829 828
f 59 828 60
f 64 63 162
f 64 162 161
f 58 830 829
f 58 829 59
f 65 64 161
f 65 161 160
f 66 65 160
f 66 160 159
f 67 66 159
f 67 159 158
f 68 67 158
f 68 158 157
f 334 782 1106
f 334 762 782
f 523 1117 833
f 335 334 1106
f 335 1106 1105
f 524 523 833
f 524 833 832
f 333 763 762
f 333 762 334
f 522 1118 1117
f 522 1117 523
f 48 68 157
f 48 157 156
f 336 335 1105
f 336 1104 1103
f 336 1105 1104
f 525 832 831
f 525 524 832
f 332 764 763
f 332 763 333
f 521 1098 1118
f 521 1118 522
f 49 48 156
f 337 336 1103
f 526 830 58
f 526 831 830
f 526 525 831
f 526 58 57
f 331 764 332
f 331 765 764
f 331 675 765
f 520 1098 521
f 520 1099 1098
f 338 337 1103
f 338 1103 1102
f 527 57 56
f 527 526 57
f 330 676 675
f 330 675 331
f 519 1099 520
f 519 1100 1099
f 339 338 1102
f 339 1102 1101
f 528 56 55
f 528 527 56
f 329 676 330
f 329 677 676
f 518 1101 1100
f 518 1100 519
f 529 55 54
f 529 528 55
f 530 529 54
f 530 54 53
f 510 530 53
f 510 53 52
f 586 172 171
f 587 171 170
f 587 586 171
f 585 172 586
f 585 173 172
f 588 587 170
f 588 170 169
f 584 173 585
f 584 153 173
f 589 588 169
f 583 153 584
f 583 154 153
f 582 154 583
f 582 155 154
f 581 155 582
f 581 156 155
f 580 156 581
f 580 49 156
f 754 665 664
f 754 666 665
f 755 754 664
f 753 667 666
f 753 666 754
f 756 663 662
f 756 664 663
f 756 755 664
f 752 667 753
f 757 756 662
f 757 662 661
f 758 757 661
f 1090 657 677
f 1090 677 329
f 565 50 49
f 922 1101 518
f 922 518 517
f 922 340 339
f 922 339 1101
f 1091 328 327
f 1091 329 328
f 1091 1090 329
f 566 49 580
f 566 565 49
f 923 922 517
f 1089 658 657
f 1089 657 1090
f 564 50 565
f 564 51 50
f 921 341 340
f 921 340 922
f 1092 1091 327
f 567 566 580
f 567 579 578
f 567 580 579
f 924 517 516
f 924 923 517
f 1088 658 1089
f 1088 659 658
f 563 510 52
f 563 51 564
f 563 52 51
f 920 321 341
f 920 341 921
f 1093 327 326
f 1093 1092 327
f 568 567 578
f 925 516 515
f 925 924 516
f 562 511 510
f 562 510 563
f 919 321 920
f 919 322 321
f 1384 661 660
f 1384 758 661
f 1094 1093 326
f 1094 326 325
f 569 568 578
f 569 577 576
f 569 578 577
f 926 514 513
f 926 515 514
f 926 925 515
f 1385 660 659
f 1385 1384 660
f 1383 758 1384
f 1383 759 758
f 561 512 511
f 561 511 562
f 918 323 322
f 918 322 919
f 1386 659 1088
f 1386 1088 1087
f 1386 1385 659
f 1382 760 759
f 1382 759 1383
f 1095 325 324
f 1095 1094 325
f 570 569 576
f 927 926 513
f 1387 1087 1086
f 1387 1386 1087
f 560 513 512
f 560 512 561
f 917 323 918
f 917 324 323
f 1381 761 760
f 1381 760 1382
f 571 576 575
f 571 570 576
f 1388 1086 1085
f 1388 1387 1086
f 1380 741 761
f 1380 761 1381
f 1389 1085 1084
f 1389 1388 1085
f 1379 742 741
f 1379 741 1380
f 1390 1084 1083
f 1390 1389 1084
f 1378 742 1379
f 1378 743 742
f 1391 1390 1083
f 1391 1083 1082
f 1377 743 1378
f 1377 744 743
f 1371 1391 1082
f 313 592 591
f 314 313 591
f 314 591 590
f 312 592 313
f 312 593 592
f 315 590 589
f 315 314 590
f 311 593 312
f 311 573 593
f 310 573 311
f 310 574 573
f 309 574 310
f 309 575 574
f 308 575 309
f 692 691 749
f 692 749 748
f 690 749 691
f 690 750 749
f 693 692 748
f 693 748 747
f 689 750 690
f 689 751 750
f 694 693 747
f 694 747 746
f 607 319 318
f 695 694 746
f 695 745 744
f 695 746 745
f 608 318 317
f 608 607 318
f 606 320 319
f 606 319 607
f 609 608 317
f 605 320 606
f 605 300 320
f 696 695 744
f 604 300 605
f 604 301 300
f 16 610 609
f 16 611 610
f 16 316 315
f 16 317 316
f 16 609 317
f 16 589 169
f 16 169 15
f 16 315 589
f 603 301 604
f 603 302 301
f 612 611 16
f 17 612 16
f 613 612 17
f 614 613 17
f 594 614 17
f 595 594 17
f 1364 1363 602
f 1364 602 601
f 1362 602 1363
f 1362 302 603
f 1362 603 602
f 1362 303 302
f 1365 1364 601
f 1365 600 599
f 1365 601 600
f 1361 304 303
f 1361 303 1362
f 1366 1365 599
f 1360 305 304
f 1360 304 1361
f 1367 1366 599
f 1367 599 598
f 418 308 307
f 418 575 308
f 418 571 575
f 355 1375 1374
f 859 927 513
f 859 928 927
f 859 513 560
f 502 1095 324
f 502 1096 1095
f 502 324 917
f 419 418 307
f 356 1374 1373
f 356 355 1374
f 860 859 560
f 860 560 559
f 503 917 916
f 503 502 917
f 417 571 418
f 417 572 571
f 354 1376 1375
f 354 1375 355
f 858 929 928
f 858 928 859
f 501 1096 502
f 501 1097 1096
f 420 306 305
f 420 307 306
f 420 419 307
f 357 1373 1372
f 357 356 1373
f 861 860 559
f 861 559 558
f 504 915 914
f 504 916 915
f 504 503 916
f 1368 1367 598
f 1368 598 597
f 416 572 417
f 416 552 572
f 353 1376 354
f 353 1377 1376
f 857 909 929
f 857 929 858
f 500 1097 501
f 500 1077 1097
f 421 1360 1359
f 421 420 305
f 421 305 1360
f 358 1371 1082
f 358 1372 1371
f 358 357 1372
f 862 557 556
f 862 558 557
f 862 861 558
f 505 504 914
f 415 552 416
f 415 553 552
f 352 696 744
f 352 1377 353
f 352 744 1377
f 856 910 909
f 856 909 857
f 499 1077 500
f 499 1078 1077
f 1369 1368 597
f 1369 597 596
f 422 421 1359
f 422 1359 1358
f 359 358 1082
f 359 1081 1080
f 359 1082 1081
f 863 862 556
f 506 505 914
f 506 914 913
f 414 554 553
f 414 553 415
f 351 696 352
f 351 697 696
f 855 911 910
f 855 910 856
f 498 1079 1078
f 498 1078 499
f 1370 595 17
f 1370 596 595
f 1370 1369 596
f 423 422 1358
f 360 359 1080
f 864 863 556
f 864 556 555
f 507 913 912
f 507 506 913
f 413 555 554
f 413 554 414
f 350 697 351
f 350 698 697
f 854 912 911
f 854 911 855
f 854 507 912
f 497 1080 1079
f 497 1079 498
f 1350 1370 17
f 1351 1350 17
f 349 698 350
f 1048 424 423
f 1048 423 1358
f 1049 1048 1358
f 1049 1357 1356
f 1049 1358 1357
f 1047 425 424
f 1047 424 1048
f 1050 1049 1356
f 1046 405 425
f 1046 425 1047
f 1051 1050 1356
f 1051 1355 1354
f 1051 1356 1355
f 1045 406 405
f 1045 405 1046
f 1052 1051 1354
f 1052 1354 1353
f 1044 407 406
f 1044 406 1045
f 1053 1052 1353
f 1043 408 407
f 1043 407 1044
f 1054 1053 1353
f 1054 1352 1351
f 1054 1353 1352
f 1042 409 408
f 1042 408 1043
f 1055 1351 17
f 1055 1054 1351
f 733 686 685
f 734 733 685
f 732 686 733
f 732 687 686
f 735 685 684
f 735 734 685
f 1035 1055 17
f 731 687 732
f 731 688 687
f 736 735 684
f 736 684 683
f 737 736 683
f 737 683 682
f 738 682 681
f 738 737 682
f 82 493 492
f 83 82 492
f 83 492 491
f 81 493 82
f 81 494 493
f 84 83 491
f 84 491 490
f 80 494 81
f 80 495 494
f 85 84 490
f 85 490 489
f 86 85 489
f 460 555 413
f 460 864 555
f 460 865 864
f 544 1080 497
f 544 361 360
f 544 360 1080
f 985 508 507
f 985 507 854
f 985 854 853
f 901 678 698
f 461 412 411
f 461 413 412
f 461 460 413
f 545 544 497
f 545 496 495
f 545 497 496
f 986 985 853
f 902 901 698
f 902 698 349
f 459 865 460
f 459 866 865
f 543 361 544
f 543 362 361
f 984 508 985
f 984 509 508
f 900 678 901
f 900 679 678
f 462 411 410
f 462 461 411
f 546 495 80
f 546 545 495
f 546 80 79
f 987 853 852
f 987 986 853
f 903 348 347
f 903 349 348
f 903 902 349
f 458 846 866
f 458 866 459
f 542 342 362
f 542 362 543
f 899 679 900
f 899 680 679
f 983 489 509
f 983 509 984
f 463 462 410
f 988 852 851
f 988 987 852
f 547 546 79
f 547 79 78
f 904 903 347
f 457 847 846
f 457 846 458
f 541 343 342
f 541 342 542
f 898 680 899
f 898 738 681
f 898 681 680
f 982 86 489
f 982 489 983
f 982 87 86
f 464 410 409
f 464 463 410
f 464 409 1042
f 548 78 77
f 548 547 78
f 456 847 457
f 897 739 738
f 897 738 898
f 981 87 982
f 981 88 87
f 549 548 77
f 549 77 76
f 896 739 897
f 896 740 739
f 980 88 981
f 980 89 88
f 550 549 76
f 550 76 75
f 979 89 980
f 979 69 89
f 551 550 75
f 551 75 74
f 978 69 979
f 531 551 74
f 531 74 73
f 145 850 849
f 1279 346 345
f 146 849 848
f 146 145 849
f 1280 1279 345
f 1280 345 344
f 144 988 851
f 144 851 850
f 144 850 145
f 1278 347 346
f 1278 346 1279
f 147 848 847
f 147 146 848
f 1281 1280 344
f 1281 344 343
f 143 988 144
f 143 989 988
f 1277 347 1278
f 1277 905 904
f 1277 904 347
f 148 847 456
f 148 147 847
f 1282 343 541
f 1282 541 540
f 1282 1281 343
f 142 990 989
f 142 989 143
f 1276 905 1277
f 1276 906 905
f 149 148 456
f 149 456 455
f 1283 540 539
f 1283 1282 540
f 141 990 142
f 141 991 990
f 1275 906 1276
f 1275 907 906
f 150 149 455
f 150 455 454
f 1274 907 1275
f 1274 908 907
f 151 454 453
f 151 150 454
f 1273 908 1274
f 1273 888 908
f 152 453 452
f 152 151 453
f 1272 888 1273
f 1272 889 888
f 1271 889 1272
f 208 141 140
f 1258 1285 1284
f 209 208 140
f 209 140 139
f 1259 1258 1284
f 1259 1284 1283
f 207 141 208
f 207 991 141
f 1257 1285 1258
f 1257 1286 1285
f 397 466 465
f 398 1042 1041
f 398 464 1042
f 398 465 464
f 398 397 465
f 210 139 138
f 210 209 139
f 1260 1259 1283
f 1260 1283 539
f 396 466 397
f 396 467 466
f 206 991 207
f 206 992 991
f 1256 1286 1257
f 1256 1266 1286
f 399 398 1041
f 395 467 396
f 395 447 467
f 211 210 138
f 211 138 137
f 1261 539 538
f 1261 1260 539
f 205 992 206
f 205 972 992
f 1255 1267 1266
f 1255 1266 1256
f 400 399 1041
f 400 1041 1040
f 394 448 447
f 394 447 395
f 212 211 137
f 212 136 135
f 212 137 136
f 1262 538 537
f 1262 1261 538
f 204 972 205
f 204 973 972
f 1254 1267 1255
f 1254 1268 1267
f 401 1040 1039
f 401 400 1040
f 393 448 394
f 393 449 448
f 213 212 135
f 1263 537 536
f 1263 1262 537
f 203 973 204
f 203 974 973
f 1253 1268 1254
f 1253 1269 1268
f 402 1039 1038
f 402 401 1039
f 392 449 393
f 392 450 449
f 214 135 134
f 214 213 135
f 1264 536 535
f 1264 1263 536
f 202 974 203
f 202 975 974
f 1252 1270 1269
f 1252 1269 1253
f 403 402 1038
f 403 1038 1037
f 391 451 450
f 391 450 392
f 796 728 727
f 797 796 727
f 215 134 133
f 215 214 134
f 795 729 728
f 795 728 796
f 1251 1270 1252
f 798 727 726
f 798 797 727
f 404 1036 1035
f 404 1037 1036
f 404 403 1037
f 21 730 729
f 21 731 730
f 21 688 731
f 21 729 795
f 21 795 794
f 799 725 724
f 799 726 725
f 799 798 726
f 793 21 794
f 384 1035 17
f 384 404 1035
f 800 799 724
f 792 21 793
f 791 21 792
f 791 20 21
f 790 20 791
f 789 20 790
f 788 20 789
f 787 20 788
f 1153 740 896
f 1154 1153 896
f 1154 895 894
f 1154 896 895
f 1152 720 740
f 1152 740 1153
f 1155 1154 894
f 1151 721 720
f 1151 720 1152
f 1156 1155 894
f 1156 893 892
f 1156 894 893
f 1150 722 721
f 1150 721 1151
f 1157 1156 892
f 1157 892 891
f 1149 722 1150
f 1158 891 890
f 1158 1157 891
f 1159 1158 890
f 964 215 133
f 439 71 70
f 880 1250 1249
f 965 964 133
f 965 133 132
f 440 70 69
f 440 439 70
f 881 1249 1248
f 881 880 1249
f 963 215 964
f 963 195 215
f 438 71 439
f 438 72 71
f 879 1251 1250
f 879 1250 880
f 966 965 132
f 966 132 152
f 441 440 69
f 441 978 977
f 441 69 978
f 882 1248 1247
f 882 881 1248
f 962 195 963
f 962 196 195
f 437 72 438
f 437 73 72
f 437 531 73
f 878 1251 879
f 878 1270 1251
f 967 152 452
f 967 966 152
f 442 441 977
f 883 882 1247
f 883 1247 1246
f 961 196 962
f 961 197 196
f 436 531 437
f 877 1271 1270
f 877 1270 878
f 968 451 391
f 968 967 452
f 968 452 451
f 884 1246 1245
f 884 883 1246
f 960 197 961
f 960 198 197
f 876 1271 877
f 876 890 889
f 876 889 1271
f 885 884 1245
f 959 198 960
f 959 199 198
f 875 890 876
f 875 1159 890
f 1342 802 801
f 1343 724 723
f 1343 1342 801
f 1343 800 724
f 1343 801 800
f 1341 802 1342
f 1341 803 802
f 1344 723 722
f 1344 722 1149
f 1344 1343 723
f 1340 803 1341
f 1340 783 803
f 1345 1149 1148
f 1345 1344 1149
f 1339 783 1340
f 1339 784 783
f 1346 1345 1148
f 1346 1148 1147
f 1338 785 784
f 1338 784 1339
f 1347 1346 1147
f 1337 785 1338
f 1337 786 785
f 1216 534 533
f 1237 442 977
f 1237 977 976
f 1217 1216 533
f 1217 533 532
f 1238 976 975
f 1238 1237 976
f 1236 442 1237
f 1236 443 442
f 1215 535 534
f 1215 534 1216
f 1336 786 1337
f 1336 787 786
f 1218 532 531
f 1218 436 435
f 1218 1217 532
f 1218 531 436
f 1239 975 202
f 1239 1238 975
f 1239 202 201
f 1214 1264 535
f 1214 535 1215
f 1214 1265 1264
f 1235 443 1236
f 1235 444 443
f 1219 435 434
f 1219 1218 435
f 1240 1239 201
f 1240 201 200
f 1335 20 787
f 1335 787 1336
f 1213 885 1245
f 1213 1245 1265
f 1213 1265 1214
f 1234 445 444
f 1234 444 1235
f 1334 20 1335
f 1241 1240 200
f 1241 200 199
f 1220 434 433
f 1220 1219 434
f 1233 446 445
f 1233 445 1234
f 1212 885 1213
f 1212 886 885
f 1221 1220 433
f 1221 433 432
f 1242 1241 199
f 1242 959 958
f 1242 199 959
f 1232 426 446
f 1232 446 1233
f 1211 886 1212
f 1211 887 886
f 1222 432 431
f 1222 1221 432
f 1243 1242 958
f 1243 958 957
f 1210 887 1211
f 1210 867 887
f 1231 426 1232
f 1223 1222 431
f 1223 431 430
f 1209 867 1210
f 1027 970 969
f 1028 1027 969
f 1028 968 391
f 1028 969 968
f 1028 391 390
f 1026 971 970
f 1026 970 1027
f 1029 1028 390
f 1029 390 389
f 1025 951 971
f 1025 971 1026
f 1030 1029 389
f 1024 951 1025
f 1024 952 951
f 1031 1030 389
f 1031 389 388
f 1023 952 1024
f 1023 953 952
f 1032 1031 388
f 1032 387 386
f 1032 388 387
f 1022 954 953
f 1022 953 1023
f 376 1348 1347
f 1033 1032 386
f 377 1347 1147
f 377 376 1347
f 375 1348 376
f 375 1349 1348
f 378 1147 1146
f 378 377 1147
f 374 1329 1349
f 374 1349 375
f 1034 385 384
f 1034 386 385
f 1034 1033 386
f 379 1146 1145
f 379 378 1146
f 373 1329 374
f 373 1330 1329
f 1014 1034 384
f 380 1145 1144
f 380 379 1145
f 372 1331 1330
f 372 1330 373
f 381 1144 1143
f 381 380 1144
f 371 1331 372
f 371 1332 1331
f 187 1231 1230
f 188 1230 1229
f 188 187 1230
f 186 426 1231
f 186 427 426
f 186 1231 187
f 382 381 1143
f 382 1143 1142
f 189 1229 1228
f 189 188 1229
f 185 428 427
f 185 427 186
f 370 1333 1332
f 370 1332 371
f 190 189 1228
f 190 1228 1227
f 184 429 428
f 184 428 185
f 369 1334 1333
f 369 1333 370
f 191 1227 1226
f 191 190 1227
f 183 430 429
f 183 429 184
f 368 1334 369
f 368 20 1334
f 192 1226 1225
f 192 191 1226
f 182 1203 1223
f 182 430 183
f 182 1223 430
f 292 1159 875
f 293 874 873
f 293 875 874
f 293 292 875
f 291 1159 292
f 291 1160 1159
f 294 873 872
f 294 293 873
f 290 1140 1160
f 290 1160 291
f 295 294 872
f 289 1141 1140
f 289 1140 290
f 296 295 872
f 296 872 871
f 288 1142 1141
f 288 1141 289
f 297 870 869
f 297 871 870
f 297 296 871
f 287 1142 288
f 298 297 869
f 40 1022 1021
f 40 955 954
f 40 954 1022
f 41 40 1021
f 39 956 955
f 39 955 40
f 42 1021 1020
f 42 41 1021
f 38 957 956
f 38 956 39
f 43 1020 1019
f 43 42 1020
f 44 1018 1017
f 44 1019 1018
f 44 43 1019
f 481 1224 1244
f 1006 1207 1206
f 482 481 1244
f 482 1244 1243
f 1007 1006 1206
f 1007 1206 1205
f 480 1225 1224
f 480 192 1225
f 480 1224 481
f 1005 1207 1006
f 1005 1208 1207
f 483 957 38
f 483 1243 957
f 483 38 37
f 483 482 1243
f 1008 1007 1205
f 1008 1205 1204
f 45 44 1017
f 479 192 480
f 479 193 192
f 1004 1208 1005
f 1004 1209 1208
f 484 37 36
f 484 483 37
f 1009 1008 1204
f 1009 1204 1203
f 478 193 479
f 478 194 193
f 1003 867 1209
f 1003 1209 1004
f 1003 868 867
f 46 1016 1015
f 46 1017 1016
f 46 45 1017
f 485 36 35
f 485 484 36
f 1010 1203 182
f 1010 1009 1203
f 1010 182 181
f 477 194 478
f 477 174 194
f 1002 869 868
f 1002 868 1003
f 47 46 1015
f 486 485 35
f 1011 181 180
f 1011 1010 181
f 476 174 477
f 476 175 174
f 1001 869 1002
f 27 1015 1014
f 27 47 1015
f 1012 180 179
f 1012 1011 180
f 475 176 175
f 475 175 476
f 474 176 475
f 474 177 176
f 943 486 35
f 943 487 486
f 944 35 34
f 944 943 35
f 942 487 943
f 942 488 487
f 945 944 34
f 945 33 32
f 945 34 33
f 941 488 942
f 941 468 488
f 946 945 32
f 946 32 31
f 940 469 468
f 940 468 941
f 947 946 31
f 939 469 940
f 939 470 469
f 948 30 29
f 948 31 30
f 948 947 31
f 938 471 470
f 938 470 939
f 1069 382 1142
f 1069 287 286
f 1069 1142 287
f 949 948 29
f 1070 1069 286
f 1068 382 1069
f 1068 383 382
f 937 471 938
f 1071 285 284
f 1071 286 285
f 1071 1070 286
f 1067 363 383
f 1067 383 1068
f 950 28 27
f 950 29 28
f 950 949 29
f 1072 1071 284
f 1066 363 1067
f 1066 364 363
f 930 950 27
f 1073 1072 284
f 1073 284 283
f 1065 364 1066
f 1065 365 364
f 1064 365 1065
f 1064 366 365
f 1063 366 1064
f 1063 367 366
f 1062 367 1063
f 1062 368 367
f 1132 298 869
f 1132 869 1001
f 1132 1001 1000
f 1133 1132 1000
f 1131 298 1132
f 1131 299 298
f 1134 999 998
f 1134 1000 999
f 1134 1133 1000
f 1130 299 1131
f 1130 279 299
f 1135 1134 998
f 1129 279 1130
f 1129 280 279
f 1136 1135 998
f 1136 997 996
f 1136 998 997
f 1128 280 1129
f 1128 281 280
f 103 1075 1074
f 104 103 1074
f 104 1074 1073
f 102 1075 103
f 102 1076 1075
f 105 104 1073
f 105 1073 283
f 105 283 282
f 101 1076 102
f 101 1056 1076
f 1137 1136 996
f 106 105 282
f 106 282 281
f 100 1057 1056
f 100 1056 101
f 107 281 1128
f 107 106 281
f 99 1057 100
f 99 1058 1057
f 98 1059 1058
f 98 1058 99
f 97 1060 1059
f 97 1059 98
f 96 1061 1060
f 96 1060 97
f 817 179 178
f 818 817 178
f 818 178 177
f 816 1013 1012
f 816 179 817
f 816 1012 179
f 819 818 177
f 819 177 474
f 819 474 473
f 815 993 1013
f 815 1013 816
f 820 819 473
f 814 993 815
f 814 994 993
f 813 994 814
f 1300 472 471
f 1300 471 937
f 124 90 110
f 1301 1300 937
f 1301 937 936
f 125 110 109
f 125 124 110
f 1299 472 1300
f 1299 473 472
f 123 90 124
f 123 91 90
f 1302 936 935
f 1302 1301 936
f 126 109 108
f 126 125 109
f 1298 821 820
f 1298 820 473
f 1298 473 1299
f 122 91 123
f 122 92 91
f 1303 935 934
f 1303 1302 935
f 127 108 107
f 127 1128 1127
f 127 107 1128
f 127 126 108
f 1297 822 821
f 1297 821 1298
f 121 92 122
f 121 93 92
f 1304 1303 934
f 1304 934 933
f 128 127 1127
f 1296 822 1297
f 120 93 121
f 120 94 93
f 1305 933 932
f 1305 1304 933
f 119 95 94
f 119 94 120
f 1306 932 931
f 1306 1305 932
f 118 95 119
f 118 1061 96
f 118 96 95
f 712 1138 1137
f 713 712 1137
f 713 1137 996
f 1307 931 930
f 1307 1306 931
f 1307 930 27
f 711 1139 1138
f 711 1138 712
f 117 1061 118
f 714 713 996
f 714 996 995
f 710 1139 711
f 710 1119 1139
f 1287 1307 27
f 715 813 812
f 715 714 995
f 715 995 994
f 715 994 813
f 709 1120 1119
f 709 1119 710
f 716 812 811
f 716 715 812
f 708 1121 1120
f 708 1120 709
f 717 811 810
f 717 716 811
f 707 1122 1121
f 707 1121 708
f 229 1295 1294
f 271 130 129
f 718 717 810
f 230 229 1294
f 272 129 128
f 272 271 129
f 228 823 822
f 228 1295 229
f 228 1296 1295
f 228 822 1296
f 270 130 271
f 270 131 130
f 706 1123 1122
f 706 1122 707
f 231 230 1294
f 231 1294 1293
f 273 128 1127
f 273 1127 1126
f 273 272 128
f 227 824 823
f 227 823 228
f 269 111 131
f 269 131 270
f 232 1293 1292
f 232 231 1293
f 274 1126 1125
f 274 273 1126
f 226 804 824
f 226 824 227
f 268 112 111
f 268 111 269
f 233 232 1292
f 233 1291 1290
f 233 1292 1291
f 275 1125 1124
f 275 274 1125
f 267 112 268
f 267 113 112
f 225 804 226
f 225 805 804
f 234 233 1290
f 276 1124 1123
f 276 275 1124
f 224 805 225
f 224 806 805
f 266 113 267
f 266 114 113
f 277 276 1123
f 235 234 1290
f 235 1289 1288
f 235 1290 1289
f 265 115 114
f 265 114 266
f 223 806 224
f 223 807 806
f 236 235 1288
f 236 1288 1287
f 264 116 115
f 264 115 265
f 222 807 223
f 216 236 1287
f 263 116 264
f 1174 1123 706
f 1174 706 705
f 1195 809 808
f 1175 1174 705
f 1175 705 704
f 1196 1195 808
f 1196 808 807
f 1173 277 1123
f 1173 1123 1174
f 1194 810 809
f 1194 719 718
f 1194 718 810
f 1194 809 1195
f 1176 1175 704
f 1176 704 703
f 1197 807 222
f 1197 1196 807
f 1172 277 1173
f 1172 278 277
f 1193 699 719
f 1193 719 1194
f 1177 1176 703
f 1177 703 702
f 1198 222 221
f 1198 1197 222
f 1171 258 278
f 1171 278 1172
f 1192 699 1193
f 1192 700 699
f 1178 1177 702
f 1178 702 701
f 1199 221 220
f 1199 1198 221
f 1170 258 1171
f 1170 259 258
f 1191 701 700
f 1191 700 1192
f 1179 701 1191
f 1179 1178 701
f 1200 220 219
f 1200 1199 220
f 1169 260 259
f 1169 259 1170
f 1190 1179 1191
f 1201 219 218
f 1201 1200 219
f 1168 261 260
f 1168 260 1169
f 1202 218 217
f 1202 1201 218
f 1167 261 1168
f 1167 262 261
f 1166 262 1167
f 250 1189 1188
f 251 250 1188
f 251 1188 1187
f 249 1189 250
f 249 1190 1189
f 252 251 1187
f 252 1187 1186
f 248 1190 249
f 248 1179 1190
f 253 252 1186
f 253 1186 1185
f 247 1179 248
f 247 1180 1179
f 254 253 1185
f 254 1185 1184
f 246 1180 247
f 255 254 1184
f 255 1184 1183
f 256 255 1183
f 256 1183 1182
f 257 1202 217
f 257 217 216
f 257 256 1182
f 257 1182 1202
f 237 257 216
f 1321 1180 246
f 1322 246 245
f 1322 1321 246
f 1320 1181 1180
f 1320 1180 1321
f 1323 245 244
f 1323 1322 245
f 1319 1161 1181
f 1319 1181 1320
f 1324 244 243
f 1324 1323 244
f 1318 1162 1161
f 1318 1161 1319
f 1325 243 242
f 1325 1324 243
f 1317 1163 1162
f 1317 1162 1318
f 1326 242 241
f 1326 1325 242
f 1316 1164 1163
f 1316 1163 1317
f 1327 241 240
f 1327 1326 241
f 1315 1164 1316
f 1315 1165 1164
f 1328 240 239
f 1328 1327 240
f 18 1308 1328
f 18 238 237
f 18 239 238
f 18 237 216
f 18 1328 239
f 18 1309 1308
f 18 1310 1309
f 18 1311 1310
f 19 1314 1313
f 19 1315 1314
f 19 1165 1315
f 19 262 1166
f 19 1311 18
f 19 1166 1165
f 19 263 262
f 19 1312 1311
f 19 1313 1312
f 17 18 216
f 17 216 1287
f 17 1287 27
f 17 27 1014
f 17 1014 384
f 19 20 263
f 263 20 116
f 116 20 117
f 117 20 1061
f 1061 20 1062
f 1062 20 368
f 21 22 689
f 689 22 751
f 751 22 752
f 752 22 667
f 667 22 668
f 21 689 688
f 1408 1406 1405
f 1408 1407 1406
f 1404 1408 1405
f 1397 1395 1394
f 1397 1396 1395
f 1393 1397 1394
f 2649 1408 1404
f 2650 1408 2649
f 2648 2649 1404
f 2651 1408 2650
f 2647 2648 1404
f 1409 1408 2651
f 2652 1409 2651
f 2646 2647 1404
f 2653 1409 2652
f 2645 2646 1404
f 2654 1409 2653
f 2655 1410 1409
f 2655 1409 2654
f 2656 1411 1410
f 2656 1412 1411
f 2656 1410 2655
f 2636 1412 2656
f 2607 1392 1417
f 2608 1393 1392
f 2608 1392 2607
f 2606 1417 1416
f 2606 2607 1417
f 2609 1397 1393
f 2609 1393 2608
f 2605 1416 1415
f 2605 2606 1416
f 2610 1397 2609
f 2604 1415 1414
f 2604 2605 1415
f 2611 1397 2610
f 2603 2604 1414
f 2603 1414 1413
f 2612 1397 2611
f 2602 1413 1412
f 2602 2603 1413
f 2602 2636 2637
f 2602 1412 2636
f 2601 2602 2637
f 2601 2637 2638
f 2600 2601 2638
f 2671 2643 2644
f 2671 2644 2670
f 2669 2645 1404
f 2669 2644 2645
f 2669 2670 2644
f 2672 2641 2642
f 2672 2642 2643
f 2672 2643 2671
f 2668 2669 1404
f 2673 2641 2672
f 2667 2668 1404
f 2674 2641 2673
f 2674 2640 2641
f 2675 2640 2674
f 2675 2639 2640
f 1998 2597 2598
f 1999 2597 1998
f 1999 2596 2597
f 1997 1998 2598
f 1997 2598 2599
f 2000 2596 1999
f 2000 2595 2596
f 1996 1997 2599
f 1996 2599 2600
f 2001 2595 2000
f 2001 2594 2595
f 1995 2600 2638
f 1995 2638 2639
f 1995 1996 2600
f 2002 2614 2594
f 2002 2594 2001
f 1994 2639 2675
f 1994 1995 2639
f 1994 2675 2676
f 1993 1994 2676
f 1993 2676 2677
f 2545 1397 2544
f 2543 2612 2613
f 2543 1397 2612
f 2543 2544 1397
f 2546 1397 2545
f 2542 2613 2614
f 2542 2543 2613
f 2547 1397 2546
f 2541 2002 2003
f 2541 2542 2614
f 2541 2614 2002
f 2540 2003 2004
f 2540 2541 2003
f 2539 2540 2004
f 2692 2665 2691
f 2692 2663 2664
f 2692 2664 2665
f 2690 2691 2665
f 2690 2665 2666
f 2693 2663 2692
f 2689 2667 1404
f 2689 2690 2666
f 2689 2666 2667
f 2694 2662 2663
f 2694 2663 2693
f 2695 2662 2694
f 2695 2661 2662
f 2696 2661 2695
f 2696 2660 2661
f 1683 2549 2550
f 1684 2548 2549
f 1684 2549 1683
f 1682 2550 2551
f 1682 1683 2550
f 1685 2548 1684
f 1685 2547 2548
f 1681 1682 2551
f 1681 2551 2531
f 1686 2547 1685
f 1686 1397 2547
f 1680 1681 2531
f 1473 2532 2533
f 1474 2531 2532
f 1474 2532 1473
f 1472 1473 2533
f 1472 2533 2534
f 1475 1680 2531
f 1475 2531 1474
f 1475 1679 1680
f 1471 1472 2534
f 1471 2534 2535
f 1476 1678 1679
f 1476 1679 1475
f 1470 2535 2536
f 1470 1471 2535
f 1477 1678 1476
f 1477 1677 1678
f 1478 1677 1477
f 1478 1676 1677
f 1479 1676 1478
f 1479 1675 1676
f 1480 1675 1479
f 1480 1674 1675
f 2019 1993 2677
f 2019 2677 2657
f 2397 2539 2004
f 2020 1993 2019
f 2020 1992 1993
f 2398 2538 2539
f 2398 2539 2397
f 2018 2657 2658
f 2018 2019 2657
f 2396 2004 2005
f 2396 2397 2004
f 1460 1674 1480
f 1460 1673 1674
f 2021 1992 2020
f 2021 1990 1991
f 2021 1991 1992
f 2399 2538 2398
f 2399 2537 2538
f 2017 2018 2658
f 2017 2658 2659
f 2395 2396 2005
f 2395 2005 1985
f 1461 1673 1460
f 2022 1990 2021
f 2400 2537 2399
f 2400 2536 2537
f 2400 1470 2536
f 2400 1469 1470
f 2016 2660 2696
f 2016 2017 2659
f 2016 2659 2660
f 2394 1985 1986
f 2394 2395 1985
f 2023 1990 2022
f 2023 1989 1990
f 2401 1469 2400
f 2401 1468 1469
f 2015 2016 2696
f 2015 2696 2697
f 2393 2394 1986
f 2393 1986 1987
f 2024 1989 2023
f 2024 1988 1989
f 2402 1467 1468
f 2402 1468 2401
f 2014 2015 2697
f 2014 2697 2698
f 2392 1987 1988
f 2392 2393 1987
f 2403 1466 1467
f 2403 1467 2402
f 2404 1466 2403
f 2404 1465 1466
f 2384 1465 2404
f 2384 1464 1465
f 2523 1688 1689
f 2524 1688 2523
f 2524 1687 1688
f 2522 2523 1689
f 2522 1689 1690
f 2525 1687 2524
f 2525 1686 1687
f 2521 2522 1690
f 2521 1690 1670
f 2526 1686 2525
f 2520 2521 1670
f 2520 1670 1671
f 2519 2520 1671
f 2519 1671 1672
f 2518 2519 1672
f 2518 1672 1673
f 2517 2518 1673
f 2517 1673 1461
f 2712 2686 2687
f 2713 2686 2712
f 2713 2685 2686
f 2711 2712 2687
f 2714 2683 2684
f 2714 2684 2685
f 2714 2685 2713
f 2710 2687 2688
f 2710 2711 2687
f 2715 2683 2714
f 2716 2682 2683
f 2716 2683 2715
f 2040 2698 2678
f 2040 2014 2698
f 2481 1461 1462
f 2376 2024 2025
f 2376 2391 2392
f 2376 1988 2024
f 2376 2392 1988
f 2041 2012 2013
f 2041 2013 2014
f 2041 2014 2040
f 2482 2517 1461
f 2482 1461 2481
f 2377 2391 2376
f 2039 2678 2679
f 2039 2040 2678
f 2480 2481 1462
f 2480 1462 1463
f 2375 2376 2025
f 2375 2025 2026
f 2042 2011 2012
f 2042 2012 2041
f 2483 2515 2516
f 2483 2516 2517
f 2483 2517 2482
f 2378 2391 2377
f 2378 2390 2391
f 2038 2039 2679
f 2038 2679 2680
f 2374 2026 2006
f 2374 2375 2026
f 2479 1464 2384
f 2479 2480 1463
f 2479 1463 1464
f 2043 2010 2011
f 2043 2011 2042
f 2484 2515 2483
f 2379 2390 2378
f 2379 2389 2390
f 2478 2479 2384
f 2478 2384 2385
f 2373 2006 2007
f 2373 2374 2006
f 1452 2681 2682
f 1452 2682 2716
f 2044 2010 2043
f 2485 2513 2514
f 2485 2514 2515
f 2485 2515 2484
f 2380 2389 2379
f 2380 2387 2388
f 2380 2388 2389
f 1453 2681 1452
f 1453 2680 2681
f 1451 2716 2717
f 1451 1452 2716
f 2477 2478 2385
f 2477 2385 2386
f 2372 2007 2008
f 2372 2373 2007
f 1454 2037 2038
f 1454 2680 1453
f 1454 2038 2680
f 1450 2717 2718
f 1450 1451 2717
f 2045 2009 2010
f 2045 2010 2044
f 2486 2513 2485
f 2381 2387 2380
f 1455 2036 2037
f 1455 2037 1454
f 2476 2387 2381
f 2476 2477 2386
f 2476 2386 2387
f 2371 2008 2009
f 2371 2372 2008
f 1449 2718 2719
f 1449 1450 2718
f 2487 2512 2513
f 2487 2513 2486
f 1456 2035 2036
f 1456 2036 1455
f 1448 2719 2699
f 1448 1449 2719
f 1457 2034 2035
f 1457 2035 1456
f 1447 1448 2699
f 1447 2699 2700
f 1458 2034 1457
f 1458 2033 2034
f 1446 1447 2700
f 1446 2700 2701
f 1459 2032 2033
f 1459 2033 1458
f 1445 1446 2701
f 1445 2701 2702
f 1439 2032 1459
f 1977 2528 2529
f 1978 2528 1977
f 1978 2527 2528
f 1976 2529 2530
f 1976 1977 2529
f 1979 2526 2527
f 1979 2527 1978
f 1975 2530 2510
f 1975 1976 2530
f 1974 2510 2511
f 1974 1975 2510
f 1973 2511 2512
f 1973 1974 2511
f 1972 1973 2512
f 2734 2706 2707
f 2734 2707 2733
f 2732 2707 2708
f 2732 2708 2709
f 2732 2733 2707
f 2735 2705 2706
f 2735 2706 2734
f 2731 2732 2709
f 2736 2704 2705
f 2736 2705 2735
f 2565 1982 1983
f 2737 2704 2736
f 2737 2702 2703
f 2737 2703 2704
f 2566 1982 2565
f 2566 1981 1982
f 2564 2565 1983
f 2564 1983 1984
f 2567 1981 2566
f 2563 2564 1984
f 2563 1984 1964
f 2738 2702 2737
f 2562 1964 1965
f 2562 2563 1964
f 1398 1686 2526
f 1398 2567 2568
f 1398 2568 2569
f 1398 1397 1686
f 1398 1979 1980
f 1398 1980 1981
f 1398 2526 1979
f 1398 1981 2567
f 2561 2562 1965
f 2561 1965 1966
f 2570 1398 2569
f 1399 1398 2570
f 2571 1399 2570
f 2572 1399 2571
f 2552 1399 2572
f 2553 1399 2552
f 1495 2559 2560
f 1495 2560 1494
f 1493 2560 2561
f 1493 2561 1966
f 1493 1966 1967
f 1493 1494 2560
f 1496 2559 1495
f 1496 2557 2558
f 1496 2558 2559
f 1492 1493 1967
f 1492 1967 1968
f 1497 2557 1496
f 1491 1492 1968
f 1491 1968 1969
f 1498 2557 1497
f 1498 2556 2557
f 2187 1972 2512
f 2187 2512 2487
f 2187 1971 1972
f 2061 1442 1443
f 2502 2476 2381
f 2502 2381 2382
f 2355 2009 2045
f 2355 2045 2046
f 2355 2370 2371
f 2355 2371 2009
f 2188 1971 2187
f 2062 1441 1442
f 2062 1442 2061
f 2503 2475 2476
f 2503 2476 2502
f 2356 2370 2355
f 2186 2187 2487
f 2186 2487 2488
f 2060 2061 1443
f 2060 1443 1444
f 2354 2046 2047
f 2354 2355 2046
f 2501 2502 2382
f 2501 2382 2383
f 2189 1971 2188
f 2189 1969 1970
f 2189 1970 1971
f 2063 1440 1441
f 2063 1441 2062
f 2504 2475 2503
f 2504 2474 2475
f 2357 2370 2356
f 2357 2369 2370
f 1499 2556 1498
f 1499 2554 2555
f 1499 2555 2556
f 2185 2186 2488
f 2185 2488 2468
f 2059 2060 1444
f 2059 1444 1445
f 2500 2501 2383
f 2500 2383 2363
f 2353 2047 2027
f 2353 2354 2047
f 2190 1491 1969
f 2190 1969 2189
f 2190 1490 1491
f 2064 2032 1439
f 2064 1439 1440
f 2064 1440 2063
f 2505 2474 2504
f 2505 2472 2473
f 2505 2473 2474
f 2358 2368 2369
f 2358 2369 2357
f 2184 2185 2468
f 2184 2468 2469
f 2058 2702 2738
f 2058 2059 1445
f 2058 1445 2702
f 2499 2363 2364
f 2499 2500 2363
f 2352 2027 2028
f 2352 2353 2027
f 1500 2554 1499
f 1500 2553 2554
f 2191 1490 2190
f 2191 1489 1490
f 2065 2032 2064
f 2065 2031 2032
f 2506 2471 2472
f 2506 2472 2505
f 2359 2367 2368
f 2359 2368 2358
f 2183 2184 2469
f 2183 2469 2470
f 2057 2738 2739
f 2057 2058 2738
f 2498 2499 2364
f 2498 2364 2365
f 2351 2028 2029
f 2351 2352 2028
f 1501 1399 2553
f 1501 2553 1500
f 2192 1489 2191
f 2066 2030 2031
f 2066 2031 2065
f 2507 2471 2506
f 2360 2367 2359
f 2360 2366 2367
f 2182 2183 2470
f 2182 2470 2471
f 2056 2739 2740
f 2056 2057 2739
f 2497 2498 2365
f 2497 2365 2366
f 2350 2029 2030
f 2350 2351 2029
f 1481 1399 1501
f 1482 1399 1481
f 2055 2056 2740
f 2124 1489 2192
f 2124 2192 2193
f 2125 1489 2124
f 2125 1488 1489
f 2123 2124 2193
f 2123 2193 2194
f 2126 1488 2125
f 2126 1487 1488
f 2122 2123 2194
f 2122 2194 2174
f 2127 1487 2126
f 2127 1485 1486
f 2127 1486 1487
f 2121 2122 2174
f 2121 2174 2175
f 2128 1485 2127
f 2128 1484 1485
f 2120 2175 2176
f 2120 2121 2175
f 2129 1484 2128
f 2129 1483 1484
f 2119 2120 2176
f 2119 2176 2177
f 2130 1483 2129
f 2118 2177 2178
f 2118 2119 2177
f 2131 1399 1482
f 2131 1483 2130
f 2131 1482 1483
f 2754 2728 2729
f 2755 2726 2727
f 2755 2727 2728
f 2755 2728 2754
f 2753 2754 2729
f 2756 2726 2755
f 2111 1399 2131
f 2752 2729 2730
f 2752 2753 2729
f 2757 2725 2726
f 2757 2726 2756
f 2758 2724 2725
f 2758 2725 2757
f 2759 2723 2724
f 2759 2724 2758
f 1515 2345 2346
f 1516 2344 2345
f 1516 2345 1515
f 1514 2346 2347
f 1514 1515 2346
f 1517 2344 1516
f 1517 2343 2344
f 1513 2347 2348
f 1513 1514 2347
f 1518 2342 2343
f 1518 2343 1517
f 1519 2342 1518
f 2271 2507 2508
f 2271 2471 2507
f 2271 2182 2471
f 2250 2366 2360
f 2250 2497 2366
f 2250 2360 2361
f 2439 2030 2066
f 2439 2350 2030
f 2439 2349 2350
f 2439 2066 2067
f 2418 2740 2720
f 2272 2182 2271
f 2272 2181 2182
f 2440 2349 2439
f 2251 2497 2250
f 2251 2496 2497
f 2419 2055 2740
f 2419 2740 2418
f 2270 2508 2509
f 2270 2271 2508
f 2438 2439 2067
f 2438 2067 2068
f 2249 2361 2362
f 2249 2250 2361
f 2417 2720 2721
f 2417 2418 2720
f 2273 2181 2272
f 2273 2180 2181
f 2441 1513 2348
f 2441 1512 1513
f 2441 2349 2440
f 2441 2348 2349
f 2420 2054 2055
f 2420 2055 2419
f 2252 2496 2251
f 2252 2495 2496
f 2269 2509 2489
f 2269 2270 2509
f 2416 2721 2722
f 2416 2417 2721
f 2437 2438 2068
f 2437 2068 2048
f 2248 2249 2362
f 2248 2362 2342
f 2274 2180 2273
f 2274 2179 2180
f 2442 1511 1512
f 2442 1512 2441
f 2421 2054 2420
f 2421 2053 2054
f 2253 2495 2252
f 2253 2494 2495
f 2268 2269 2489
f 2268 2489 2490
f 2415 2722 2723
f 2415 2723 2759
f 2415 2416 2722
f 2247 1519 1520
f 2247 2248 2342
f 2247 2342 1519
f 2436 2437 2048
f 2436 2048 2049
f 2275 2118 2178
f 2275 2178 2179
f 2275 2179 2274
f 2443 1510 1511
f 2443 1511 2442
f 2267 2268 2490
f 2414 2415 2759
f 2414 2759 2760
f 2246 1520 1521
f 2246 2247 1520
f 2444 1509 1510
f 2444 1510 2443
f 2413 2414 2760
f 2413 2760 2761
f 2245 1521 1522
f 2245 2246 1521
f 2445 1508 1509
f 2445 1509 2444
f 2244 1522 1502
f 2244 2245 1522
f 2446 1507 1508
f 2446 1508 2445
f 2243 2244 1502
f 2426 1506 1507
f 2426 1507 2446
f 1641 2492 2493
f 1662 2051 2052
f 1642 2491 2492
f 1642 2492 1641
f 1663 2050 2051
f 1663 2051 1662
f 1640 2493 2494
f 1640 1641 2493
f 1640 2494 2253
f 1661 1662 2052
f 1661 2052 2053
f 1643 2491 1642
f 1643 2490 2491
f 1664 2050 1663
f 1664 2049 2050
f 1639 1640 2253
f 1639 2253 2254
f 1660 1661 2053
f 1660 2421 2422
f 1660 2053 2421
f 1644 2267 2490
f 1644 2490 1643
f 1665 2049 1664
f 1665 2435 2436
f 1665 2436 2049
f 1638 1639 2254
f 1638 2254 2255
f 1659 2422 2423
f 1659 1660 2422
f 1645 2267 1644
f 1645 2266 2267
f 1666 2434 2435
f 1666 2435 1665
f 1637 2255 2256
f 1637 1638 2255
f 1658 2423 2424
f 1658 1659 2423
f 1646 2266 1645
f 1646 2265 2266
f 1657 2424 2425
f 1657 1658 2424
f 1647 2265 1646
f 1647 2264 2265
f 1656 2425 2405
f 1656 1657 2425
f 1648 2264 1647
f 1648 2263 2264
f 1655 2405 2406
f 1655 1656 2405
f 1654 1655 2406
f 1767 1635 1636
f 1767 1636 1637
f 1704 1667 1668
f 1768 1635 1767
f 1705 1667 1704
f 1705 1666 1667
f 1766 1637 2256
f 1766 1767 1637
f 1703 1704 1668
f 1703 1668 1669
f 2145 2276 2277
f 2146 2118 2275
f 2146 2275 2276
f 2146 2276 2145
f 1769 1635 1768
f 1769 1634 1635
f 1706 2434 1666
f 1706 1666 1705
f 2144 2145 2277
f 2144 2277 2278
f 1765 2256 2257
f 1765 1766 2256
f 1702 1703 1669
f 1702 1669 1649
f 2147 2117 2118
f 2147 2118 2146
f 2143 2144 2278
f 2143 2278 2258
f 1770 1634 1769
f 1770 1633 1634
f 1707 2433 2434
f 1707 2434 1706
f 1764 1765 2257
f 1764 2257 2237
f 1701 1649 1650
f 1701 1702 1649
f 2148 2116 2117
f 2148 2117 2147
f 2142 2258 2259
f 2142 2143 2258
f 1771 1633 1770
f 1771 1632 1633
f 1708 2432 2433
f 1708 2433 1707
f 1763 2237 2238
f 1763 1764 2237
f 1700 1701 1650
f 1700 1650 1651
f 2149 2116 2148
f 2149 2114 2115
f 2149 2115 2116
f 2141 2142 2259
f 2141 2259 2260
f 1772 1630 1631
f 1772 1631 1632
f 1772 1632 1771
f 1709 2432 1708
f 1709 2431 2432
f 1762 1763 2238
f 1762 2238 2239
f 1699 1651 1652
f 1699 1700 1651
f 2150 2114 2149
f 2140 2141 2260
f 2140 2260 2261
f 1773 1630 1772
f 1710 2430 2431
f 1710 2431 1709
f 1761 2239 2240
f 1761 1762 2239
f 1698 1652 1653
f 1698 1699 1652
f 2151 2113 2114
f 2151 2114 2150
f 2139 2261 2262
f 2139 2140 2261
f 2628 2748 2749
f 2629 2748 2628
f 1774 1629 1630
f 1774 1630 1773
f 2627 2749 2750
f 2627 2628 2749
f 1697 1698 1653
f 2630 2747 2748
f 2630 2748 2629
f 2152 2111 2112
f 2152 2112 2113
f 2152 2113 2151
f 1403 2626 2627
f 1403 2750 2751
f 1403 2751 2752
f 1403 2752 2730
f 1403 2627 2750
f 2631 2745 2746
f 2631 2746 2747
f 2631 2747 2630
f 2625 2626 1403
f 2132 1399 2111
f 2132 2111 2152
f 2632 2745 2631
f 2624 2625 1403
f 2623 1403 1402
f 2623 2624 1403
f 2622 2623 1402
f 2621 2622 1402
f 2620 2621 1402
f 2619 2620 1402
f 1914 2413 2761
f 1915 2411 2412
f 1915 2412 2413
f 1915 2413 1914
f 1913 1914 2761
f 1913 2761 2741
f 1916 2411 1915
f 1912 1913 2741
f 1912 2741 2742
f 1917 2409 2410
f 1917 2410 2411
f 1917 2411 1916
f 1911 2742 2743
f 1911 1912 2742
f 1918 2409 1917
f 1910 1911 2743
f 1919 2407 2408
f 1919 2408 2409
f 1919 2409 1918
f 1920 2407 1919
f 2292 1629 1774
f 2229 1503 1504
f 2460 1695 1696
f 2293 1629 2292
f 2293 1628 1629
f 2230 1503 2229
f 2230 1502 1503
f 2461 1694 1695
f 2461 1695 2460
f 2291 2292 1774
f 2291 1774 1754
f 2228 1504 1505
f 2228 2229 1504
f 2459 1696 1697
f 2459 2460 1696
f 2294 1628 2293
f 2294 1648 1628
f 2231 1502 2230
f 2231 2242 2243
f 2231 2243 1502
f 2462 1694 2461
f 2462 1693 1694
f 2290 2291 1754
f 2290 1754 1755
f 2227 1505 1506
f 2227 2228 1505
f 2227 1506 2426
f 2458 1697 1653
f 2458 2459 1697
f 2295 1648 2294
f 2295 2263 1648
f 2232 2242 2231
f 2463 1693 2462
f 2463 1692 1693
f 2289 2290 1755
f 2289 1755 1756
f 2226 2227 2426
f 2457 1653 1654
f 2457 2458 1653
f 2296 2263 2295
f 2296 2139 2262
f 2296 2262 2263
f 2464 1692 2463
f 2464 1691 1692
f 2288 2289 1756
f 2288 1756 1757
f 2456 1654 2406
f 2456 2406 2407
f 2456 2457 1654
f 2465 1691 2464
f 2287 2288 1757
f 2287 1757 1758
f 2455 2407 1920
f 2455 2456 2407
f 1536 2633 2634
f 1537 2745 2632
f 1537 2632 2633
f 1537 2744 2745
f 1537 2633 1536
f 1535 2634 2635
f 1535 1536 2634
f 1538 2743 2744
f 1538 2744 1537
f 1538 1910 2743
f 1534 2635 2615
f 1534 1535 2635
f 1539 1909 1910
f 1539 1910 1538
f 1533 2615 2616
f 1533 1534 2615
f 1540 1908 1909
f 1540 1909 1539
f 1532 2616 2617
f 1532 1533 2616
f 1541 1908 1540
f 1531 2617 2618
f 1531 1532 2617
f 1746 2242 2232
f 1746 2241 2242
f 1788 2428 2429
f 1747 2240 2241
f 1747 2241 1746
f 1789 2427 2428
f 1789 2428 1788
f 1745 2232 2233
f 1745 1746 2232
f 1787 2429 2430
f 1787 1788 2429
f 1530 2618 2619
f 1530 1531 2618
f 1748 2240 1747
f 1748 1760 1761
f 1748 1761 2240
f 1790 2427 1789
f 1790 2426 2427
f 1790 2225 2226
f 1790 2226 2426
f 1744 2233 2234
f 1744 1745 2233
f 1786 2430 1710
f 1786 1710 1711
f 1786 1787 2430
f 1749 1759 1760
f 1749 1760 1748
f 1791 2225 1790
f 1791 2224 2225
f 1529 1530 2619
f 1529 2619 1402
f 1743 1744 2234
f 1743 2234 2235
f 1785 1711 1691
f 1785 1786 1711
f 1785 1691 2465
f 1528 1529 1402
f 1750 1758 1759
f 1750 1759 1749
f 1792 2223 2224
f 1792 2224 1791
f 1742 2235 2236
f 1742 1743 2235
f 1784 1785 2465
f 1784 2465 2466
f 1751 1758 1750
f 1751 2287 1758
f 1751 2286 2287
f 1793 2222 2223
f 1793 2223 1792
f 1741 2236 2216
f 1741 1742 2236
f 1783 1784 2466
f 1783 2466 2467
f 1752 2286 1751
f 1752 2285 2286
f 1794 2221 2222
f 1794 2222 1793
f 1740 1741 2216
f 1782 1783 2467
f 1782 2467 2447
f 1795 2220 2221
f 1795 2221 1794
f 1781 1782 2447
f 2166 2297 2298
f 2167 2297 2166
f 2167 2139 2296
f 2167 2296 2297
f 2165 2166 2298
f 2165 2298 2299
f 2168 2139 2167
f 2168 2137 2138
f 2168 2138 2139
f 2164 2165 2299
f 2164 2299 2279
f 2169 2137 2168
f 2163 2164 2279
f 2163 2279 2280
f 2170 2136 2137
f 2170 2137 2169
f 2162 2163 2280
f 2162 2280 2281
f 2171 2135 2136
f 2171 2136 2170
f 2161 2162 2281
f 2161 2281 2282
f 2103 1541 1542
f 2172 2134 2135
f 2172 2135 2171
f 2104 1541 2103
f 2104 1908 1541
f 2102 1542 1543
f 2102 2103 1542
f 2105 1907 1908
f 2105 1908 2104
f 2101 1543 1523
f 2101 2102 1543
f 2173 2132 2133
f 2173 2133 2134
f 2173 2134 2172
f 2106 1906 1907
f 2106 1907 2105
f 2100 1523 1524
f 2100 2101 1523
f 2153 2132 2173
f 2107 1905 1906
f 2107 1906 2106
f 2099 2100 1524
f 2099 1524 1525
f 2108 1905 2107
f 2108 1904 1905
f 2098 2099 1525
f 2098 1525 1526
f 1725 1739 1740
f 1726 1738 1739
f 1726 1739 1725
f 1724 2216 2217
f 1724 1725 1740
f 1724 1740 2216
f 2109 1903 1904
f 2109 1904 2108
f 1727 1738 1726
f 1727 1737 1738
f 1723 2217 2218
f 1723 1724 2217
f 2097 1526 1527
f 2097 2098 1526
f 1728 1736 1737
f 1728 1737 1727
f 1722 1723 2218
f 1722 2218 2219
f 2096 2097 1527
f 2096 1527 1528
f 1729 1736 1728
f 1729 1735 1736
f 1721 2219 2220
f 1721 1722 2219
f 2095 2096 1528
f 2095 1528 1402
f 1730 1735 1729
f 1730 1734 1735
f 1720 1795 1775
f 1720 2220 1795
f 1720 1721 2220
f 1935 2455 1920
f 1936 2453 2454
f 1936 2454 2455
f 1936 2455 1935
f 1934 1920 1921
f 1934 1935 1920
f 1937 2453 1936
f 1933 1921 1901
f 1933 1934 1921
f 1938 2452 2453
f 1938 2453 1937
f 1932 1901 1902
f 1932 1933 1901
f 1939 2451 2452
f 1939 2452 1938
f 1931 1902 1903
f 1931 1932 1902
f 1940 2449 2450
f 1940 2450 2451
f 1940 2451 1939
f 1930 1931 1903
f 1941 2449 1940
f 1431 2160 2161
f 1431 2161 2282
f 1431 2282 2283
f 1432 2160 1431
f 1430 1431 2283
f 1430 2283 2284
f 1433 2160 1432
f 1433 2159 2160
f 1429 1430 2284
f 1429 2284 2285
f 1434 2159 1433
f 1434 2157 2158
f 1434 2158 2159
f 1435 2157 1434
f 1435 2156 2157
f 2313 1753 1733
f 2208 1778 1779
f 2314 1753 2313
f 2314 1752 1753
f 2209 1778 2208
f 2209 1777 1778
f 2312 1733 1734
f 2312 2313 1733
f 2312 1734 1730
f 2207 2208 1779
f 2207 1779 1780
f 2315 2285 1752
f 2315 1428 1429
f 2315 1752 2314
f 2315 1429 2285
f 2210 1777 2209
f 2210 1776 1777
f 1436 2156 1435
f 1436 2155 2156
f 2311 1730 1731
f 2311 2312 1730
f 2206 2207 1780
f 2206 1780 1781
f 2316 1428 2315
f 2316 1427 1428
f 2211 1776 2210
f 2211 1775 1776
f 2310 1731 1732
f 2310 2311 1731
f 2205 1781 2447
f 2205 2447 2448
f 2205 2206 1781
f 1437 2155 1436
f 2317 1426 1427
f 2317 1427 2316
f 2212 1775 2211
f 2212 1719 1720
f 2212 1720 1775
f 2309 1732 1712
f 2309 2310 1732
f 2204 2448 2449
f 2204 2205 2448
f 1438 2155 1437
f 1438 2154 2155
f 2318 1426 2317
f 2213 1718 1719
f 2213 1719 2212
f 2308 1712 1713
f 2308 2309 1712
f 2203 2204 2449
f 1418 2154 1438
f 1418 2153 2154
f 2214 1717 1718
f 2214 1718 2213
f 2307 1713 1714
f 2307 2308 1713
f 2306 1714 1715
f 2306 2307 1714
f 2334 2318 2319
f 2334 1426 2318
f 2335 1424 1425
f 2335 1425 1426
f 2335 1426 2334
f 2333 2319 2320
f 2333 2334 2319
f 2336 1424 2335
f 2336 1423 1424
f 2332 2320 2300
f 2332 2333 2320
f 2337 1423 2336
f 2337 1422 1423
f 2331 2300 2301
f 2331 2332 2300
f 2338 1422 2337
f 2330 2301 2302
f 2330 2331 2301
f 2339 1422 2338
f 2339 1420 1421
f 2339 1421 1422
f 2329 2302 2303
f 2329 2330 2302
f 2082 1930 1903
f 2082 1903 2109
f 2082 1929 1930
f 2340 1420 2339
f 2083 1929 2082
f 2081 2109 2110
f 2081 2082 2109
f 2328 2329 2303
f 2084 1927 1928
f 2084 1928 1929
f 2084 1929 2083
f 2080 2081 2110
f 2080 2110 2090
f 2341 1419 1420
f 2341 1420 2340
f 2085 1927 2084
f 2079 2080 2090
f 2079 2090 2091
f 2321 1418 1419
f 2321 1419 2341
f 2086 1927 2085
f 2086 1926 1927
f 2078 2079 2091
f 2078 2091 2092
f 2077 2078 2092
f 2077 2092 2093
f 2076 2077 2093
f 2076 2093 2094
f 2075 2076 2094
f 2075 2094 2095
f 1956 2449 1941
f 1956 2203 2449
f 1957 2202 2203
f 1957 2203 1956
f 1955 1956 1941
f 1955 1941 1942
f 1958 2201 2202
f 1958 2202 1957
f 1954 1955 1942
f 1954 1942 1922
f 1959 2199 2200
f 1959 2200 2201
f 1959 2201 1958
f 1953 1922 1923
f 1953 1954 1922
f 1960 2199 1959
f 1960 2198 2199
f 1952 1923 1924
f 1952 1953 1923
f 1557 2087 2088
f 1558 2087 1557
f 1558 2086 2087
f 1556 1557 2088
f 1556 2088 2089
f 1559 1926 2086
f 1559 2086 1558
f 1559 1925 1926
f 1555 1556 2089
f 1555 2089 2069
f 1961 2198 1960
f 1560 1924 1925
f 1560 1925 1559
f 1554 1555 2069
f 1554 2069 2070
f 1561 1924 1560
f 1561 1952 1924
f 1553 1554 2070
f 1553 2070 2071
f 1552 1553 2071
f 1552 2071 2072
f 1551 2072 2073
f 1551 1552 2072
f 1550 1551 2073
f 1550 2073 2074
f 2586 1716 1717
f 2587 1715 1716
f 2587 1716 2586
f 2585 1717 2214
f 2585 2214 2215
f 2585 2586 1717
f 2588 2306 1715
f 2588 2305 2306
f 2588 1715 2587
f 2584 2215 2195
f 2584 2585 2215
f 2589 2305 2588
f 2583 2584 2195
f 2583 2195 2196
f 2582 2583 2196
f 1620 2303 2304
f 1620 2328 2303
f 1599 1564 1544
f 1621 2327 2328
f 1621 2328 1620
f 1600 1564 1599
f 1600 1563 1564
f 1619 2304 2305
f 1619 1620 2304
f 1598 1544 1545
f 1598 1599 1544
f 1622 2326 2327
f 1622 2327 1621
f 1601 1563 1600
f 1601 1562 1563
f 1618 2305 2589
f 1618 1619 2305
f 1618 2589 2590
f 1597 1545 1546
f 1597 1598 1545
f 1623 2326 1622
f 1623 2325 2326
f 1602 1951 1952
f 1602 1562 1601
f 1602 1952 1561
f 1602 1561 1562
f 1617 1618 2590
f 1617 2590 2591
f 1596 1546 1547
f 1596 1597 1546
f 1624 2325 1623
f 1624 2324 2325
f 1603 1951 1602
f 1616 1617 2591
f 1595 1547 1548
f 1595 1596 1547
f 1625 2323 2324
f 1625 2324 1624
f 1594 1595 1548
f 1594 1548 1549
f 1626 2322 2323
f 1626 2323 1625
f 1593 1594 1549
f 1593 1550 2074
f 1593 1549 1550
f 2775 1961 1962
f 2776 2198 1961
f 2776 1961 2775
f 1627 2321 2322
f 1627 1418 2321
f 1627 2322 1626
f 2774 2775 1962
f 2774 1962 1963
f 1592 1593 2074
f 2777 2198 2776
f 2777 2197 2198
f 2773 2774 1963
f 2773 1963 1943
f 1607 1418 1627
f 2778 2197 2777
f 2778 2582 2196
f 2778 2581 2582
f 2778 2196 2197
f 2772 1943 1944
f 2772 2773 1943
f 2779 2581 2778
f 2779 2580 2581
f 2771 2772 1944
f 2771 1944 1945
f 2780 2580 2779
f 2780 2579 2580
f 2770 2771 1945
f 2770 1945 1946
f 1809 1614 1615
f 1893 1604 1605
f 2781 2579 2780
f 1810 1614 1809
f 1894 1603 1604
f 1894 1604 1893
f 1808 1809 1615
f 1808 1615 1616
f 1808 2591 2592
f 1808 1616 2591
f 1892 1893 1605
f 1892 1605 1606
f 2769 1946 1947
f 2769 2770 1946
f 1811 1614 1810
f 1811 1612 1613
f 1811 1613 1614
f 1895 1603 1894
f 1895 1950 1951
f 1895 1951 1603
f 1807 1808 2592
f 1807 2592 2593
f 1891 1606 1586
f 1891 1892 1606
f 1812 1611 1612
f 1812 1612 1811
f 1896 1949 1950
f 1896 1950 1895
f 1806 1807 2593
f 1806 2593 2573
f 1890 1891 1586
f 1890 1586 1587
f 1813 1610 1611
f 1813 1611 1812
f 1897 1949 1896
f 1897 1948 1949
f 1805 2573 2574
f 1805 1806 2573
f 1889 1890 1587
f 1889 1587 1588
f 1814 1610 1813
f 1898 1947 1948
f 1898 1948 1897
f 1804 2574 2575
f 1804 1805 2574
f 1888 1889 1588
f 1888 1588 1589
f 1815 1608 1609
f 1815 1609 1610
f 1815 1610 1814
f 1899 1947 1898
f 1803 1804 2575
f 1803 2575 2576
f 1887 1888 1589
f 1887 1589 1590
f 1816 1608 1815
f 1886 1887 1590
f 1886 1590 1591
f 1802 1803 2576
f 1796 1607 1608
f 1796 1608 1816
f 1885 1886 1591
f 1830 2577 2578
f 1872 2769 1947
f 1872 2768 2769
f 1831 2577 1830
f 1831 2576 2577
f 1873 2767 2768
f 1873 2768 1872
f 1871 1947 1899
f 1871 1872 1947
f 1829 2579 2781
f 1829 1830 2578
f 1829 2578 2579
f 1829 2781 2782
f 1874 2766 2767
f 1874 2767 1873
f 1832 1802 2576
f 1832 2576 1831
f 1828 2782 2762
f 1828 1829 2782
f 1870 1899 1900
f 1870 1871 1899
f 1875 2766 1874
f 1875 2765 2766
f 1833 1801 1802
f 1833 1802 1832
f 1827 2762 2763
f 1827 1828 2762
f 1869 1900 1880
f 1869 1870 1900
f 1834 1800 1801
f 1834 1801 1833
f 1876 2765 1875
f 1876 2764 2765
f 1868 1869 1880
f 1868 1880 1881
f 1826 2763 2764
f 1826 1827 2763
f 1835 1799 1800
f 1835 1800 1834
f 1877 1826 2764
f 1877 2764 1876
f 1825 1826 1877
f 1867 1868 1881
f 1867 1881 1882
f 1836 1798 1799
f 1836 1799 1835
f 1866 1867 1882
f 1866 1882 1883
f 1837 1797 1798
f 1837 1798 1836
f 1865 1866 1883
f 1865 1883 1884
f 1864 1865 1884
f 1851 1823 1824
f 1852 1823 1851
f 1852 1822 1823
f 1850 1851 1824
f 1850 1824 1825
f 1853 1821 1822
f 1853 1822 1852
f 1849 1825 1877
f 1849 1850 1825
f 1854 1820 1821
f 1854 1821 1853
f 1848 1849 1877
f 1848 1877 1878
f 1855 1819 1820
f 1855 1820 1854
f 1847 1848 1878
f 1856 1818 1819
f 1856 1819 1855
f 1857 1817 1818
f 1857 1818 1856
f 1858 1796 1797
f 1858 1797 1837
f 1858 1837 1817
f 1858 1817 1857
f 1838 1796 1858
f 1578 1847 1878
f 1579 1846 1847
f 1579 1847 1578
f 1577 1578 1878
f 1577 1878 1879
f 1580 1845 1846
f 1580 1846 1579
f 1576 1879 1859
f 1576 1577 1879
f 1581 1844 1845
f 1581 1845 1580
f 1575 1859 1860
f 1575 1576 1859
f 1582 1843 1844
f 1582 1844 1581
f 1574 1860 1861
f 1574 1575 1860
f 1583 1842 1843
f 1583 1843 1582
f 1573 1574 1861
f 1573 1861 1862
f 1584 1842 1583
f 1584 1841 1842
f 1572 1573 1862
f 1572 1862 1863
f 1585 1840 1841
f 1585 1841 1584
f 1400 1840 1585
f 1400 1838 1839
f 1400 1839 1840
f 1400 1796 1838
f 1400 1565 1566
f 1400 1566 1567
f 1400 1567 1568
f 1400 1585 1565
f 1401 1572 1863
f 1401 1864 1884
f 1401 1400 1568
f 1401 1863 1864
f 1401 1568 1569
f 1401 1569 1570
f 1401 1570 1571
f 1401 1571 1572
f 1401 1884 1885
f 1399 1796 1400
f 1399 1607 1796
f 1399 1418 1607
f 1399 2153 1418
f 1399 2132 2153
f 1401 1885 1402
f 1885 1591 1402
f 1591 1592 1402
f 1592 2074 1402
f 2074 2075 1402
f 2075 2095 1402
f 1403 2731 1404
f 2731 2709 1404
f 2709 2710 1404
f 2710 2688 1404
f 2688 2689 1404
f 1403 2730 2731
f 1409 2 1
f 1410 3 2
f 1410 2 1409
f 1411 4 3
f 1411 3 1410
f 1412 5 4
f 1412 4 1411
f 1413 6 5
f 1413 5 1412
f 1414 7 6
f 1414 6 1413
f 1415 7 1414
f 1416 8 7
f 1416 9 8
f 1416 7 1415
f 1417 9 1416
f 1392 10 9
f 1392 9 1417
f 10 1393 11
f 10 1392 1393
f 1396 1397 15
f 1396 15 14
f 1395 13 12
f 1395 14 13
f 1395 1396 14
f 1394 1395 12
f 1393 12 11
f 1393 1394 12
f 15 1398 16
f 15 1397 1398
f 16 1399 17
f 16 1398 1399
f 17 1400 18
f 17 1399 1400
f 18 1401 19
f 18 1400 1401
f 19 1402 20
f 19 1401 1402
f 21 1402 1403
f 20 1402 21
f 21 1404 22
f 21 1403 1404
f 1407 1408 26
f 1407 26 25
f 1406 24 23
f 1406 25 24
f 1406 1407 25
f 1405 1406 23
f 1404 23 22
f 1404 1405 23
f 26 1409 1
f 26 1408 1409
f 1438 27 1418
f 1438 47 27
f 1437 45 46
f 1437 46 47
f 1437 47 1438
f 1436 45 1437
f 1435 43 44
f 1435 44 45
f 1435 45 1436
f 1434 43 1435
f 1433 41 42
f 1433 42 43
f 1433 43 1434
f 1432 40 41
f 1432 41 1433
f 1431 40 1432
f 1430 38 39
f 1430 39 40
f 1430 40 1431
f 1429 38 1430
f 1428 37 38
f 1428 38 1429
f 1427 35 36
f 1427 36 37
f 1427 37 1428
f 1426 35 1427
f 1425 35 1426
f 1425 34 35
f 1424 34 1425
f 1424 33 34
f 1423 33 1424
f 1423 32 33
f 1422 32 1423
f 1422 30 31
f 1422 31 32
f 1421 30 1422
f 1420 30 1421
f 1420 29 30
f 1419 28 29
f 1419 29 1420
f 1418 27 28
f 1418 28 1419
f 1459 1371 1439
f 1459 1391 1371
f 1458 1389 1390
f 1458 1390 1391
f 1458 1391 1459
f 1457 1389 1458
f 1456 1387 1388
f 1456 1388 1389
f 1456 1389 1457
f 1455 1387 1456
f 1454 1385 1386
f 1454 1386 1387
f 1454 1387 1455
f 1453 1384 1385
f 1453 1385 1454
f 1452 1384 1453
f 1451 1382 1383
f 1451 1383 1384
f 1451 1384 1452
f 1450 1382 1451
f 1449 1381 1382
f 1449 1382 1450
f 1448 1379 1380
f 1448 1380 1381
f 1448 1381 1449
f 1447 1379 1448
f 1446 1379 1447
f 1446 1378 1379
f 1445 1378 1446
f 1445 1377 1378
f 1444 1377 1445
f 1444 1376 1377
f 1443 1376 1444
f 1443 1374 1375
f 1443 1375 1376
f 1442 1374 1443
f 1441 1374 1442
f 1441 1373 1374
f 1440 1372 1373
f 1440 1373 1441
f 1439 1371 1372
f 1439 1372 1440
f 1480 48 1460
f 1480 68 48
f 1479 66 67
f 1479 67 68
f 1479 68 1480
f 1478 66 1479
f 1477 64 65
f 1477 65 66
f 1477 66 1478
f 1476 64 1477
f 1475 62 63
f 1475 63 64
f 1475 64 1476
f 1474 61 62
f 1474 62 1475
f 1473 61 1474
f 1472 59 60
f 1472 60 61
f 1472 61 1473
f 1471 59 1472
f 1470 58 59
f 1470 59 1471
f 1469 56 57
f 1469 57 58
f 1469 58 1470
f 1468 56 1469
f 1467 56 1468
f 1467 55 56
f 1466 55 1467
f 1466 54 55
f 1465 54 1466
f 1465 53 54
f 1464 53 1465
f 1464 51 52
f 1464 52 53
f 1463 51 1464
f 1462 51 1463
f 1462 50 51
f 1461 49 50
f 1461 50 1462
f 1460 48 49
f 1460 49 1461
f 1501 1350 1481
f 1501 1370 1350
f 1500 1368 1369
f 1500 1369 1370
f 1500 1370 1501
f 1499 1368 1500
f 1498 1366 1367
f 1498 1367 1368
f 1498 1368 1499
f 1497 1366 1498
f 1496 1364 1365
f 1496 1365 1366
f 1496 1366 1497
f 1495 1363 1364
f 1495 1364 1496
f 1494 1363 1495
f 1493 1361 1362
f 1493 1362 1363
f 1493 1363 1494
f 1492 1361 1493
f 1491 1360 1361
f 1491 1361 1492
f 1490 1358 1359
f 1490 1359 1360
f 1490 1360 1491
f 1489 1358 1490
f 1488 1358 1489
f 1488 1357 1358
f 1487 1357 1488
f 1487 1356 1357
f 1486 1356 1487
f 1486 1355 1356
f 1485 1355 1486
f 1485 1353 1354
f 1485 1354 1355
f 1484 1353 1485
f 1483 1353 1484
f 1483 1352 1353
f 1482 1351 1352
f 1482 1352 1483
f 1481 1350 1351
f 1481 1351 1482
f 1522 69 1502
f 1522 89 69
f 1521 87 88
f 1521 88 89
f 1521 89 1522
f 1520 87 1521
f 1519 85 86
f 1519 86 87
f 1519 87 1520
f 1518 85 1519
f 1517 83 84
f 1517 84 85
f 1517 85 1518
f 1516 82 83
f 1516 83 1517
f 1515 82 1516
f 1514 80 81
f 1514 81 82
f 1514 82 1515
f 1513 80 1514
f 1512 79 80
f 1512 80 1513
f 1511 77 78
f 1511 78 79
f 1511 79 1512
f 1510 77 1511
f 1509 77 1510
f 1509 76 77
f 1508 76 1509
f 1508 75 76
f 1507 75 1508
f 1507 74 75
f 1506 74 1507
f 1506 72 73
f 1506 73 74
f 1505 72 1506
f 1504 72 1505
f 1504 71 72
f 1503 70 71
f 1503 71 1504
f 1502 69 70
f 1502 70 1503
f 1543 1329 1523
f 1543 1349 1329
f 1542 1347 1348
f 1542 1348 1349
f 1542 1349 1543
f 1541 1347 1542
f 1540 1345 1346
f 1540 1346 1347
f 1540 1347 1541
f 1539 1345 1540
f 1538 1343 1344
f 1538 1344 1345
f 1538 1345 1539
f 1537 1342 1343
f 1537 1343 1538
f 1536 1342 1537
f 1535 1340 1341
f 1535 1341 1342
f 1535 1342 1536
f 1534 1340 1535
f 1533 1339 1340
f 1533 1340 1534
f 1532 1337 1338
f 1532 1338 1339
f 1532 1339 1533
f 1531 1337 1532
f 1530 1337 1531
f 1530 1336 1337
f 1529 1336 1530
f 1529 1335 1336
f 1528 1335 1529
f 1528 1334 1335
f 1527 1334 1528
f 1527 1332 1333
f 1527 1333 1334
f 1526 1332 1527
f 1525 1332 1526
f 1525 1331 1332
f 1524 1330 1331
f 1524 1331 1525
f 1523 1329 1330
f 1523 1330 1524
f 1564 90 1544
f 1564 110 90
f 1563 108 109
f 1563 109 110
f 1563 110 1564
f 1562 108 1563
f 1561 106 107
f 1561 107 108
f 1561 108 1562
f 1560 106 1561
f 1559 104 105
f 1559 105 106
f 1559 106 1560
f 1558 103 104
f 1558 104 1559
f 1557 103 1558
f 1556 101 102
f 1556 102 103
f 1556 103 1557
f 1555 101 1556
f 1554 100 101
f 1554 101 1555
f 1553 98 99
f 1553 99 100
f 1553 100 1554
f 1552 98 1553
f 1551 98 1552
f 1551 97 98
f 1550 97 1551
f 1550 96 97
f 1549 96 1550
f 1549 95 96
f 1548 95 1549
f 1548 93 94
f 1548 94 95
f 1547 93 1548
f 1546 93 1547
f 1546 92 93
f 1545 91 92
f 1545 92 1546
f 1544 90 91
f 1544 91 1545
f 1585 1308 1565
f 1585 1328 1308
f 1584 1326 1327
f 1584 1327 1328
f 1584 1328 1585
f 1583 1326 1584
f 1582 1324 1325
f 1582 1325 1326
f 1582 1326 1583
f 1581 1324 1582
f 1580 1322 1323
f 1580 1323 1324
f 1580 1324 1581
f 1579 1321 1322
f 1579 1322 1580
f 1578 1321 1579
f 1577 1319 1320
f 1577 1320 1321
f 1577 1321 1578
f 1576 1319 1577
f 1575 1318 1319
f 1575 1319 1576
f 1574 1316 1317
f 1574 1317 1318
f 1574 1318 1575
f 1573 1316 1574
f 1572 1316 1573
f 1572 1315 1316
f 1571 1315 1572
f 1571 1314 1315
f 1570 1314 1571
f 1570 1313 1314
f 1569 1313 1570
f 1569 1311 1312
f 1569 1312 1313
f 1568 1311 1569
f 1567 1311 1568
f 1567 1310 1311
f 1566 1309 1310
f 1566 1310 1567
f 1565 1308 1309
f 1565 1309 1566
f 1606 111 1586
f 1606 131 111
f 1605 129 130
f 1605 130 131
f 1605 131 1606
f 1604 129 1605
f 1603 127 128
f 1603 128 129
f 1603 129 1604
f 1602 127 1603
f 1601 125 126
f 1601 126 127
f 1601 127 1602
f 1600 124 125
f 1600 125 1601
f 1599 124 1600
f 1598 122 123
f 1598 123 124
f 1598 124 1599
f 1597 122 1598
f 1596 121 122
f 1596 122 1597
f 1595 119 120
f 1595 120 121
f 1595 121 1596
f 1594 119 1595
f 1593 119 1594
f 1593 118 119
f 1592 118 1593
f 1592 117 118
f 1591 117 1592
f 1591 116 117
f 1590 116 1591
f 1590 114 115
f 1590 115 116
f 1589 114 1590
f 1588 114 1589
f 1588 113 114
f 1587 112 113
f 1587 113 1588
f 1586 111 112
f 1586 112 1587
f 1627 1287 1607
f 1627 1307 1287
f 1626 1305 1306
f 1626 1306 1307
f 1626 1307 1627
f 1625 1305 1626
f 1624 1303 1304
f 1624 1304 1305
f 1624 1305 1625
f 1623 1303 1624
f 1622 1301 1302
f 1622 1302 1303
f 1622 1303 1623
f 1621 1300 1301
f 1621 1301 1622
f 1620 1300 1621
f 1619 1298 1299
f 1619 1299 1300
f 1619 1300 1620
f 1618 1298 1619
f 1617 1297 1298
f 1617 1298 1618
f 1616 1295 1296
f 1616 1296 1297
f 1616 1297 1617
f 1615 1295 1616
f 1614 1295 1615
f 1614 1294 1295
f 1613 1294 1614
f 1613 1293 1294
f 1612 1293 1613
f 1612 1292 1293
f 1611 1292 1612
f 1611 1290 1291
f 1611 1291 1292
f 1610 1290 1611
f 1609 1290 1610
f 1609 1289 1290
f 1608 1288 1289
f 1608 1289 1609
f 1607 1287 1288
f 1607 1288 1608
f 1648 132 1628
f 1648 152 132
f 1647 150 151
f 1647 151 152
f 1647 152 1648
f 1646 150 1647
f 1645 148 149
f 1645 149 150
f 1645 150 1646
f 1644 148 1645
f 1643 146 147
f 1643 147 148
f 1643 148 1644
f 1642 145 146
f 1642 146 1643
f 1641 145 1642
f 1640 143 144
f 1640 144 145
f 1640 145 1641
f 1639 143 1640
f 1638 142 143
f 1638 143 1639
f 1637 140 141
f 1637 141 142
f 1637 142 1638
f 1636 140 1637
f 1635 140 1636
f 1635 139 140
f 1634 139 1635
f 1634 138 139
f 1633 138 1634
f 1633 137 138
f 1632 137 1633
f 1632 135 136
f 1632 136 137
f 1631 135 1632
f 1630 135 1631
f 1630 134 135
f 1629 133 134
f 1629 134 1630
f 1628 132 133
f 1628 133 1629
f 1669 1266 1649
f 1669 1286 1266
f 1668 1284 1285
f 1668 1285 1286
f 1668 1286 1669
f 1667 1284 1668
f 1666 1282 1283
f 1666 1283 1284
f 1666 1284 1667
f 1665 1282 1666
f 1664 1280 1281
f 1664 1281 1282
f 1664 1282 1665
f 1663 1279 1280
f 1663 1280 1664
f 1662 1279 1663
f 1661 1277 1278
f 1661 1278 1279
f 1661 1279 1662
f 1660 1277 1661
f 1659 1276 1277
f 1659 1277 1660
f 1658 1274 1275
f 1658 1275 1276
f 1658 1276 1659
f 1657 1274 1658
f 1656 1274 1657
f 1656 1273 1274
f 1655 1273 1656
f 1655 1272 1273
f 1654 1272 1655
f 1654 1271 1272
f 1653 1271 1654
f 1653 1269 1270
f 1653 1270 1271
f 1652 1269 1653
f 1651 1269 1652
f 1651 1268 1269
f 1650 1267 1268
f 1650 1268 1651
f 1649 1266 1267
f 1649 1267 1650
f 1690 153 1670
f 1690 173 153
f 1689 171 172
f 1689 172 173
f 1689 173 1690
f 1688 171 1689
f 1687 169 170
f 1687 170 171
f 1687 171 1688
f 1686 169 1687
f 1685 167 168
f 1685 168 169
f 1685 169 1686
f 1684 166 167
f 1684 167 1685
f 1683 166 1684
f 1682 164 165
f 1682 165 166
f 1682 166 1683
f 1681 164 1682
f 1680 163 164
f 1680 164 1681
f 1679 161 162
f 1679 162 163
f 1679 163 1680
f 1678 161 1679
f 1677 161 1678
f 1677 160 161
f 1676 160 1677
f 1676 159 160
f 1675 159 1676
f 1675 158 159
f 1674 158 1675
f 1674 156 157
f 1674 157 158
f 1673 156 1674
f 1672 156 1673
f 1672 155 156
f 1671 154 155
f 1671 155 1672
f 1670 153 154
f 1670 154 1671
f 1711 1245 1691
f 1711 1265 1245
f 1710 1263 1264
f 1710 1264 1265
f 1710 1265 1711
f 1709 1263 1710
f 1708 1261 1262
f 1708 1262 1263
f 1708 1263 1709
f 1707 1261 1708
f 1706 1259 1260
f 1706 1260 1261
f 1706 1261 1707
f 1705 1258 1259
f 1705 1259 1706
f 1704 1258 1705
f 1703 1256 1257
f 1703 1257 1258
f 1703 1258 1704
f 1702 1256 1703
f 1701 1255 1256
f 1701 1256 1702
f 1700 1253 1254
f 1700 1254 1255
f 1700 1255 1701
f 1699 1253 1700
f 1698 1253 1699
f 1698 1252 1253
f 1697 1252 1698
f 1697 1251 1252
f 1696 1251 1697
f 1696 1250 1251
f 1695 1250 1696
f 1695 1248 1249
f 1695 1249 1250
f 1694 1248 1695
f 1693 1248 1694
f 1693 1247 1248
f 1692 1246 1247
f 1692 1247 1693
f 1691 1245 1246
f 1691 1246 1692
f 1732 174 1712
f 1732 194 174
f 1731 192 193
f 1731 193 194
f 1731 194 1732
f 1730 192 1731
f 1729 190 191
f 1729 191 192
f 1729 192 1730
f 1728 190 1729
f 1727 188 189
f 1727 189 190
f 1727 190 1728
f 1726 187 188
f 1726 188 1727
f 1725 187 1726
f 1724 185 186
f 1724 186 187
f 1724 187 1725
f 1723 185 1724
f 1722 184 185
f 1722 185 1723
f 1721 182 183
f 1721 183 184
f 1721 184 1722
f 1720 182 1721
f 1719 182 1720
f 1719 181 182
f 1718 181 1719
f 1718 180 181
f 1717 180 1718
f 1717 179 180
f 1716 179 1717
f 1716 177 178
f 1716 178 179
f 1715 177 1716
f 1714 177 1715
f 1714 176 177
f 1713 175 176
f 1713 176 1714
f 1712 174 175
f 1712 175 1713
f 1753 1224 1733
f 1753 1244 1224
f 1752 1242 1243
f 1752 1243 1244
f 1752 1244 1753
f 1751 1242 1752
f 1750 1240 1241
f 1750 1241 1242
f 1750 1242 1751
f 1749 1240 1750
f 1748 1238 1239
f 1748 1239 1240
f 1748 1240 1749
f 1747 1237 1238
f 1747 1238 1748
f 1746 1237 1747
f 1745 1235 1236
f 1745 1236 1237
f 1745 1237 1746
f 1744 1235 1745
f 1743 1234 1235
f 1743 1235 1744
f 1742 1232 1233
f 1742 1233 1234
f 1742 1234 1743
f 1741 1232 1742
f 1740 1232 1741
f 1740 1231 1232
f 1739 1231 1740
f 1739 1230 1231
f 1738 1230 1739
f 1738 1229 1230
f 1737 1229 1738
f 1737 1227 1228
f 1737 1228 1229
f 1736 1227 1737
f 1735 1227 1736
f 1735 1226 1227
f 1734 1225 1226
f 1734 1226 1735
f 1733 1224 1225
f 1733 1225 1734
f 1774 195 1754
f 1774 215 195
f 1773 213 214
f 1773 214 215
f 1773 215 1774
f 1772 213 1773
f 1771 211 212
f 1771 212 213
f 1771 213 1772
f 1770 211 1771
f 1769 209 210
f 1769 210 211
f 1769 211 1770
f 1768 208 209
f 1768 209 1769
f 1767 208 1768
f 1766 206 207
f 1766 207 208
f 1766 208 1767
f 1765 206 1766
f 1764 205 206
f 1764 206 1765
f 1763 203 204
f 1763 204 205
f 1763 205 1764
f 1762 203 1763
f 1761 203 1762
f 1761 202 203
f 1760 202 1761
f 1760 201 202
f 1759 201 1760
f 1759 200 201
f 1758 200 1759
f 1758 198 199
f 1758 199 200
f 1757 198 1758
f 1756 198 1757
f 1756 197 198
f 1755 196 197
f 1755 197 1756
f 1754 195 196
f 1754 196 1755
f 1795 1203 1775
f 1795 1223 1203
f 1794 1221 1222
f 1794 1222 1223
f 1794 1223 1795
f 1793 1221 1794
f 1792 1219 1220
f 1792 1220 1221
f 1792 1221 1793
f 1791 1219 1792
f 1790 1217 1218
f 1790 1218 1219
f 1790 1219 1791
f 1789 1216 1217
f 1789 1217 1790
f 1788 1216 1789
f 1787 1214 1215
f 1787 1215 1216
f 1787 1216 1788
f 1786 1214 1787
f 1785 1213 1214
f 1785 1214 1786
f 1784 1211 1212
f 1784 1212 1213
f 1784 1213 1785
f 1783 1211 1784
f 1782 1211 1783
f 1782 1210 1211
f 1781 1210 1782
f 1781 1209 1210
f 1780 1209 1781
f 1780 1208 1209
f 1779 1208 1780
f 1779 1206 1207
f 1779 1207 1208
f 1778 1206 1779
f 1777 1206 1778
f 1777 1205 1206
f 1776 1204 1205
f 1776 1205 1777
f 1775 1203 1204
f 1775 1204 1776
f 1816 216 1796
f 1816 236 216
f 1815 234 235
f 1815 235 236
f 1815 236 1816
f 1814 234 1815
f 1813 232 233
f 1813 233 234
f 1813 234 1814
f 1812 232 1813
f 1811 230 231
f 1811 231 232
f 1811 232 1812
f 1810 229 230
f 1810 230 1811
f 1809 229 1810
f 1808 227 228
f 1808 228 229
f 1808 229 1809
f 1807 227 1808
f 1806 226 227
f 1806 227 1807
f 1805 224 225
f 1805 225 226
f 1805 226 1806
f 1804 224 1805
f 1803 224 1804
f 1803 223 224
f 1802 223 1803
f 1802 222 223
f 1801 222 1802
f 1801 221 222
f 1800 221 1801
f 1800 219 220
f 1800 220 221
f 1799 219 1800
f 1798 219 1799
f 1798 218 219
f 1797 217 218
f 1797 218 1798
f 1796 216 217
f 1796 217 1797
f 1837 1182 1817
f 1837 1202 1182
f 1836 1200 1201
f 1836 1201 1202
f 1836 1202 1837
f 1835 1200 1836
f 1834 1198 1199
f 1834 1199 1200
f 1834 1200 1835
f 1833 1198 1834
f 1832 1196 1197
f 1832 1197 1198
f 1832 1198 1833
f 1831 1195 1196
f 1831 1196 1832
f 1830 1195 1831
f 1829 1193 1194
f 1829 1194 1195
f 1829 1195 1830
f 1828 1193 1829
f 1827 1192 1193
f 1827 1193 1828
f 1826 1190 1191
f 1826 1191 1192
f 1826 1192 1827
f 1825 1190 1826
f 1824 1190 1825
f 1824 1189 1190
f 1823 1189 1824
f 1823 1188 1189
f 1822 1188 1823
f 1822 1187 1188
f 1821 1187 1822
f 1821 1185 1186
f 1821 1186 1187
f 1820 1185 1821
f 1819 1185 1820
f 1819 1184 1185
f 1818 1183 1184
f 1818 1184 1819
f 1817 1182 1183
f 1817 1183 1818
f 1858 237 1838
f 1858 257 237
f 1857 255 256
f 1857 256 257
f 1857 257 1858
f 1856 255 1857
f 1855 253 254
f 1855 254 255
f 1855 255 1856
f 1854 253 1855
f 1853 251 252
f 1853 252 253
f 1853 253 1854
f 1852 250 251
f 1852 251 1853
f 1851 250 1852
f 1850 248 249
f 1850 249 250
f 1850 250 1851
f 1849 248 1850
f 1848 247 248
f 1848 248 1849
f 1847 245 246
f 1847 246 247
f 1847 247 1848
f 1846 245 1847
f 1845 245 1846
f 1845 244 245
f 1844 244 1845
f 1844 243 244
f 1843 243 1844
f 1843 242 243
f 1842 242 1843
f 1842 240 241
f 1842 241 242
f 1841 240 1842
f 1840 240 1841
f 1840 239 240
f 1839 238 239
f 1839 239 1840
f 1838 237 238
f 1838 238 1839
f 1879 1161 1859
f 1879 1181 1161
f 1878 1179 1180
f 1878 1180 1181
f 1878 1181 1879
f 1877 1179 1878
f 1876 1177 1178
f 1876 1178 1179
f 1876 1179 1877
f 1875 1177 1876
f 1874 1175 1176
f 1874 1176 1177
f 1874 1177 1875
f 1873 1174 1175
f 1873 1175 1874
f 1872 1174 1873
f 1871 1172 1173
f 1871 1173 1174
f 1871 1174 1872
f 1870 1172 1871
f 1869 1171 1172
f 1869 1172 1870
f 1868 1169 1170
f 1868 1170 1171
f 1868 1171 1869
f 1867 1169 1868
f 1866 1169 1867
f 1866 1168 1169
f 1865 1168 1866
f 1865 1167 1168
f 1864 1167 1865
f 1864 1166 1167
f 1863 1166 1864
f 1863 1164 1165
f 1863 1165 1166
f 1862 1164 1863
f 1861 1164 1862
f 1861 1163 1164
f 1860 1162 1163
f 1860 1163 1861
f 1859 1161 1162
f 1859 1162 1860
f 1900 258 1880
f 1900 278 258
f 1899 276 277
f 1899 277 278
f 1899 278 1900
f 1898 276 1899
f 1897 274 275
f 1897 275 276
f 1897 276 1898
f 1896 274 1897
f 1895 272 273
f 1895 273 274
f 1895 274 1896
f 1894 271 272
f 1894 272 1895
f 1893 271 1894
f 1892 269 270
f 1892 270 271
f 1892 271 1893
f 1891 269 1892
f 1890 268 269
f 1890 269 1891
f 1889 266 267
f 1889 267 268
f 1889 268 1890
f 1888 266 1889
f 1887 266 1888
f 1887 265 266
f 1886 265 1887
f 1886 264 265
f 1885 264 1886
f 1885 263 264
f 1884 263 1885
f 1884 261 262
f 1884 262 263
f 1883 261 1884
f 1882 261 1883
f 1882 260 261
f 1881 259 260
f 1881 260 1882
f 1880 258 259
f 1880 259 1881
f 1921 1140 1901
f 1921 1160 1140
f 1920 1158 1159
f 1920 1159 1160
f 1920 1160 1921
f 1919 1158 1920
f 1918 1156 1157
f 1918 1157 1158
f 1918 1158 1919
f 1917 1156 1918
f 1916 1154 1155
f 1916 1155 1156
f 1916 1156 1917
f 1915 1153 1154
f 1915 1154 1916
f 1914 1153 1915
f 1913 1151 1152
f 1913 1152 1153
f 1913 1153 1914
f 1912 1151 1913
f 1911 1150 1151
f 1911 1151 1912
f 1910 1148 1149
f 1910 1149 1150
f 1910 1150 1911
f 1909 1148 1910
f 1908 1148 1909
f 1908 1147 1148
f 1907 1147 1908
f 1907 1146 1147
f 1906 1146 1907
f 1906 1145 1146
f 1905 1145 1906
f 1905 1143 1144
f 1905 1144 1145
f 1904 1143 1905
f 1903 1143 1904
f 1903 1142 1143
f 1902 1141 1142
f 1902 1142 1903
f 1901 1140 1141
f 1901 1141 1902
f 1942 279 1922
f 1942 299 279
f 1941 297 298
f 1941 298 299
f 1941 299 1942
f 1940 297 1941
f 1939 295 296
f 1939 296 297
f 1939 297 1940
f 1938 295 1939
f 1937 293 294
f 1937 294 295
f 1937 295 1938
f 1936 292 293
f 1936 293 1937
f 1935 292 1936
f 1934 290 291
f 1934 291 292
f 1934 292 1935
f 1933 290 1934
f 1932 289 290
f 1932 290 1933
f 1931 287 288
f 1931 288 289
f 1931 289 1932
f 1930 287 1931
f 1929 287 1930
f 1929 286 287
f 1928 286 1929
f 1928 285 286
f 1927 285 1928
f 1927 284 285
f 1926 284 1927
f 1926 282 283
f 1926 283 284
f 1925 282 1926
f 1924 282 1925
f 1924 281 282
f 1923 280 281
f 1923 281 1924
f 1922 279 280
f 1922 280 1923
f 1963 1119 1943
f 1963 1139 1119
f 1962 1137 1138
f 1962 1138 1139
f 1962 1139 1963
f 1961 1137 1962
f 1960 1135 1136
f 1960 1136 1137
f 1960 1137 1961
f 1959 1135 1960
f 1958 1133 1134
f 1958 1134 1135
f 1958 1135 1959
f 1957 1132 1133
f 1957 1133 1958
f 1956 1132 1957
f 1955 1130 1131
f 1955 1131 1132
f 1955 1132 1956
f 1954 1130 1955
f 1953 1129 1130
f 1953 1130 1954
f 1952 1127 1128
f 1952 1128 1129
f 1952 1129 1953
f 1951 1127 1952
f 1950 1127 1951
f 1950 1126 1127
f 1949 1126 1950
f 1949 1125 1126
f 1948 1125 1949
f 1948 1124 1125
f 1947 1124 1948
f 1947 1122 1123
f 1947 1123 1124
f 1946 1122 1947
f 1945 1122 1946
f 1945 1121 1122
f 1944 1120 1121
f 1944 1121 1945
f 1943 1119 1120
f 1943 1120 1944
f 1984 300 1964
f 1984 320 300
f 1983 318 319
f 1983 319 320
f 1983 320 1984
f 1982 318 1983
f 1981 316 317
f 1981 317 318
f 1981 318 1982
f 1980 316 1981
f 1979 314 315
f 1979 315 316
f 1979 316 1980
f 1978 313 314
f 1978 314 1979
f 1977 313 1978
f 1976 311 312
f 1976 312 313
f 1976 313 1977
f 1975 311 1976
f 1974 310 311
f 1974 311 1975
f 1973 308 309
f 1973 309 310
f 1973 310 1974
f 1972 308 1973
f 1971 308 1972
f 1971 307 308
f 1970 307 1971
f 1970 306 307
f 1969 306 1970
f 1969 305 306
f 1968 305 1969
f 1968 303 304
f 1968 304 305
f 1967 303 1968
f 1966 303 1967
f 1966 302 303
f 1965 301 302
f 1965 302 1966
f 1964 300 301
f 1964 301 1965
f 2005 1098 1985
f 2005 1118 1098
f 2004 1116 1117
f 2004 1117 1118
f 2004 1118 2005
f 2003 1116 2004
f 2002 1114 1115
f 2002 1115 1116
f 2002 1116 2003
f 2001 1114 2002
f 2000 1112 1113
f 2000 1113 1114
f 2000 1114 2001
f 1999 1111 1112
f 1999 1112 2000
f 1998 1111 1999
f 1997 1109 1110
f 1997 1110 1111
f 1997 1111 1998
f 1996 1109 1997
f 1995 1108 1109
f 1995 1109 1996
f 1994 1106 1107
f 1994 1107 1108
f 1994 1108 1995
f 1993 1106 1994
f 1992 1106 1993
f 1992 1105 1106
f 1991 1105 1992
f 1991 1104 1105
f 1990 1104 1991
f 1990 1103 1104
f 1989 1103 1990
f 1989 1101 1102
f 1989 1102 1103
f 1988 1101 1989
f 1987 1101 1988
f 1987 1100 1101
f 1986 1099 1100
f 1986 1100 1987
f 1985 1098 1099
f 1985 1099 1986
f 2026 321 2006
f 2026 341 321
f 2025 339 340
f 2025 340 341
f 2025 341 2026
f 2024 339 2025
f 2023 337 338
f 2023 338 339
f 2023 339 2024
f 2022 337 2023
f 2021 335 336
f 2021 336 337
f 2021 337 2022
f 2020 334 335
f 2020 335 2021
f 2019 334 2020
f 2018 332 333
f 2018 333 334
f 2018 334 2019
f 2017 332 2018
f 2016 331 332
f 2016 332 2017
f 2015 329 330
f 2015 330 331
f 2015 331 2016
f 2014 329 2015
f 2013 329 2014
f 2013 328 329
f 2012 328 2013
f 2012 327 328
f 2011 327 2012
f 2011 326 327
f 2010 326 2011
f 2010 324 325
f 2010 325 326
f 2009 324 2010
f 2008 324 2009
f 2008 323 324
f 2007 322 323
f 2007 323 2008
f 2006 321 322
f 2006 322 2007
f 2047 1077 2027
f 2047 1097 1077
f 2046 1095 1096
f 2046 1096 1097
f 2046 1097 2047
f 2045 1095 2046
f 2044 1093 1094
f 2044 1094 1095
f 2044 1095 2045
f 2043 1093 2044
f 2042 1091 1092
f 2042 1092 1093
f 2042 1093 2043
f 2041 1090 1091
f 2041 1091 2042
f 2040 1090 2041
f 2039 1088 1089
f 2039 1089 1090
f 2039 1090 2040
f 2038 1088 2039
f 2037 1087 1088
f 2037 1088 2038
f 2036 1085 1086
f 2036 1086 1087
f 2036 1087 2037
f 2035 1085 2036
f 2034 1085 2035
f 2034 1084 1085
f 2033 1084 2034
f 2033 1083 1084
f 2032 1083 2033
f 2032 1082 1083
f 2031 1082 2032
f 2031 1080 1081
f 2031 1081 1082
f 2030 1080 2031
f 2029 1080 2030
f 2029 1079 1080
f 2028 1078 1079
f 2028 1079 2029
f 2027 1077 1078
f 2027 1078 2028
f 2068 342 2048
f 2068 362 342
f 2067 360 361
f 2067 361 362
f 2067 362 2068
f 2066 360 2067
f 2065 358 359
f 2065 359 360
f 2065 360 2066
f 2064 358 2065
f 2063 356 357
f 2063 357 358
f 2063 358 2064
f 2062 355 356
f 2062 356 2063
f 2061 355 2062
f 2060 353 354
f 2060 354 355
f 2060 355 2061
f 2059 353 2060
f 2058 352 353
f 2058 353 2059
f 2057 350 351
f 2057 351 352
f 2057 352 2058
f 2056 350 2057
f 2055 350 2056
f 2055 349 350
f 2054 349 2055
f 2054 348 349
f 2053 348 2054
f 2053 347 348
f 2052 347 2053
f 2052 345 346
f 2052 346 347
f 2051 345 2052
f 2050 345 2051
f 2050 344 345
f 2049 343 344
f 2049 344 2050
f 2048 342 343
f 2048 343 2049
f 2089 1056 2069
f 2089 1076 1056
f 2088 1074 1075
f 2088 1075 1076
f 2088 1076 2089
f 2087 1074 2088
f 2086 1072 1073
f 2086 1073 1074
f 2086 1074 2087
f 2085 1072 2086
f 2084 1070 1071
f 2084 1071 1072
f 2084 1072 2085
f 2083 1069 1070
f 2083 1070 2084
f 2082 1069 2083
f 2081 1067 1068
f 2081 1068 1069
f 2081 1069 2082
f 2080 1067 2081
f 2079 1066 1067
f 2079 1067 2080
f 2078 1064 1065
f 2078 1065 1066
f 2078 1066 2079
f 2077 1064 2078
f 2076 1064 2077
f 2076 1063 1064
f 2075 1063 2076
f 2075 1062 1063
f 2074 1062 2075
f 2074 1061 1062
f 2073 1061 2074
f 2073 1059 1060
f 2073 1060 1061
f 2072 1059 2073
f 2071 1059 2072
f 2071 1058 1059
f 2070 1057 1058
f 2070 1058 2071
f 2069 1056 1057
f 2069 1057 2070
f 2110 363 2090
f 2110 383 363
f 2109 381 382
f 2109 382 383
f 2109 383 2110
f 2108 381 2109
f 2107 379 380
f 2107 380 381
f 2107 381 2108
f 2106 379 2107
f 2105 377 378
f 2105 378 379
f 2105 379 2106
f 2104 376 377
f 2104 377 2105
f 2103 376 2104
f 2102 374 375
f 2102 375 376
f 2102 376 2103
f 2101 374 2102
f 2100 373 374
f 2100 374 2101
f 2099 371 372
f 2099 372 373
f 2099 373 2100
f 2098 371 2099
f 2097 371 2098
f 2097 370 371
f 2096 370 2097
f 2096 369 370
f 2095 369 2096
f 2095 368 369
f 2094 368 2095
f 2094 366 367
f 2094 367 368
f 2093 366 2094
f 2092 366 2093
f 2092 365 366
f 2091 364 365
f 2091 365 2092
f 2090 363 364
f 2090 364 2091
f 2131 1035 2111
f 2131 1055 1035
f 2130 1053 1054
f 2130 1054 1055
f 2130 1055 2131
f 2129 1053 2130
f 2128 1051 1052
f 2128 1052 1053
f 2128 1053 2129
f 2127 1051 2128
f 2126 1049 1050
f 2126 1050 1051
f 2126 1051 2127
f 2125 1048 1049
f 2125 1049 2126
f 2124 1048 2125
f 2123 1046 1047
f 2123 1047 1048
f 2123 1048 2124
f 2122 1046 2123
f 2121 1045 1046
f 2121 1046 2122
f 2120 1043 1044
f 2120 1044 1045
f 2120 1045 2121
f 2119 1043 2120
f 2118 1043 2119
f 2118 1042 1043
f 2117 1042 2118
f 2117 1041 1042
f 2116 1041 2117
f 2116 1040 1041
f 2115 1040 2116
f 2115 1038 1039
f 2115 1039 1040
f 2114 1038 2115
f 2113 1038 2114
f 2113 1037 1038
f 2112 1036 1037
f 2112 1037 2113
f 2111 1035 1036
f 2111 1036 2112
f 2152 384 2132
f 2152 404 384
f 2151 402 403
f 2151 403 404
f 2151 404 2152
f 2150 402 2151
f 2149 400 401
f 2149 401 402
f 2149 402 2150
f 2148 400 2149
f 2147 398 399
f 2147 399 400
f 2147 400 2148
f 2146 397 398
f 2146 398 2147
f 2145 397 2146
f 2144 395 396
f 2144 396 397
f 2144 397 2145
f 2143 395 2144
f 2142 394 395
f 2142 395 2143
f 2141 392 393
f 2141 393 394
f 2141 394 2142
f 2140 392 2141
f 2139 392 2140
f 2139 391 392
f 2138 391 2139
f 2138 390 391
f 2137 390 2138
f 2137 389 390
f 2136 389 2137
f 2136 387 388
f 2136 388 389
f 2135 387 2136
f 2134 387 2135
f 2134 386 387
f 2133 385 386
f 2133 386 2134
f 2132 384 385
f 2132 385 2133
f 2173 1014 2153
f 2173 1034 1014
f 2172 1032 1033
f 2172 1033 1034
f 2172 1034 2173
f 2171 1032 2172
f 2170 1030 1031
f 2170 1031 1032
f 2170 1032 2171
f 2169 1030 2170
f 2168 1028 1029
f 2168 1029 1030
f 2168 1030 2169
f 2167 1027 1028
f 2167 1028 2168
f 2166 1027 2167
f 2165 1025 1026
f 2165 1026 1027
f 2165 1027 2166
f 2164 1025 2165
f 2163 1024 1025
f 2163 1025 2164
f 2162 1022 1023
f 2162 1023 1024
f 2162 1024 2163
f 2161 1022 2162
f 2160 1022 2161
f 2160 1021 1022
f 2159 1021 2160
f 2159 1020 1021
f 2158 1020 2159
f 2158 1019 1020
f 2157 1019 2158
f 2157 1017 1018
f 2157 1018 1019
f 2156 1017 2157
f 2155 1017 2156
f 2155 1016 1017
f 2154 1015 1016
f 2154 1016 2155
f 2153 1014 1015
f 2153 1015 2154
f 2194 405 2174
f 2194 425 405
f 2193 423 424
f 2193 424 425
f 2193 425 2194
f 2192 423 2193
f 2191 421 422
f 2191 422 423
f 2191 423 2192
f 2190 421 2191
f 2189 419 420
f 2189 420 421
f 2189 421 2190
f 2188 418 419
f 2188 419 2189
f 2187 418 2188
f 2186 416 417
f 2186 417 418
f 2186 418 2187
f 2185 416 2186
f 2184 415 416
f 2184 416 2185
f 2183 413 414
f 2183 414 415
f 2183 415 2184
f 2182 413 2183
f 2181 413 2182
f 2181 412 413
f 2180 412 2181
f 2180 411 412
f 2179 411 2180
f 2179 410 411
f 2178 410 2179
f 2178 408 409
f 2178 409 410
f 2177 408 2178
f 2176 408 2177
f 2176 407 408
f 2175 406 407
f 2175 407 2176
f 2174 405 406
f 2174 406 2175
f 2215 993 2195
f 2215 1013 993
f 2214 1011 1012
f 2214 1012 1013
f 2214 1013 2215
f 2213 1011 2214
f 2212 1009 1010
f 2212 1010 1011
f 2212 1011 2213
f 2211 1009 2212
f 2210 1007 1008
f 2210 1008 1009
f 2210 1009 2211
f 2209 1006 1007
f 2209 1007 2210
f 2208 1006 2209
f 2207 1004 1005
f 2207 1005 1006
f 2207 1006 2208
f 2206 1004 2207
f 2205 1003 1004
f 2205 1004 2206
f 2204 1001 1002
f 2204 1002 1003
f 2204 1003 2205
f 2203 1001 2204
f 2202 1001 2203
f 2202 1000 1001
f 2201 1000 2202
f 2201 999 1000
f 2200 999 2201
f 2200 998 999
f 2199 998 2200
f 2199 996 997
f 2199 997 998
f 2198 996 2199
f 2197 996 2198
f 2197 995 996
f 2196 994 995
f 2196 995 2197
f 2195 993 994
f 2195 994 2196
f 2236 426 2216
f 2236 446 426
f 2235 444 445
f 2235 445 446
f 2235 446 2236
f 2234 444 2235
f 2233 442 443
f 2233 443 444
f 2233 444 2234
f 2232 442 2233
f 2231 440 441
f 2231 441 442
f 2231 442 2232
f 2230 439 440
f 2230 440 2231
f 2229 439 2230
f 2228 437 438
f 2228 438 439
f 2228 439 2229
f 2227 437 2228
f 2226 436 437
f 2226 437 2227
f 2225 434 435
f 2225 435 436
f 2225 436 2226
f 2224 434 2225
f 2223 434 2224
f 2223 433 434
f 2222 433 2223
f 2222 432 433
f 2221 432 2222
f 2221 431 432
f 2220 431 2221
f 2220 429 430
f 2220 430 431
f 2219 429 2220
f 2218 429 2219
f 2218 428 429
f 2217 427 428
f 2217 428 2218
f 2216 426 427
f 2216 427 2217
f 2257 972 2237
f 2257 992 972
f 2256 990 991
f 2256 991 992
f 2256 992 2257
f 2255 990 2256
f 2254 988 989
f 2254 989 990
f 2254 990 2255
f 2253 988 2254
f 2252 986 987
f 2252 987 988
f 2252 988 2253
f 2251 985 986
f 2251 986 2252
f 2250 985 2251
f 2249 983 984
f 2249 984 985
f 2249 985 2250
f 2248 983 2249
f 2247 982 983
f 2247 983 2248
f 2246 980 981
f 2246 981 982
f 2246 982 2247
f 2245 980 2246
f 2244 980 2245
f 2244 979 980
f 2243 979 2244
f 2243 978 979
f 2242 978 2243
f 2242 977 978
f 2241 977 2242
f 2241 975 976
f 2241 976 977
f 2240 975 2241
f 2239 975 2240
f 2239 974 975
f 2238 973 974
f 2238 974 2239
f 2237 972 973
f 2237 973 2238
f 2278 447 2258
f 2278 467 447
f 2277 465 466
f 2277 466 467
f 2277 467 2278
f 2276 465 2277
f 2275 463 464
f 2275 464 465
f 2275 465 2276
f 2274 463 2275
f 2273 461 462
f 2273 462 463
f 2273 463 2274
f 2272 460 461
f 2272 461 2273
f 2271 460 2272
f 2270 458 459
f 2270 459 460
f 2270 460 2271
f 2269 458 2270
f 2268 457 458
f 2268 458 2269
f 2267 455 456
f 2267 456 457
f 2267 457 2268
f 2266 455 2267
f 2265 455 2266
f 2265 454 455
f 2264 454 2265
f 2264 453 454
f 2263 453 2264
f 2263 452 453
f 2262 452 2263
f 2262 450 451
f 2262 451 452
f 2261 450 2262
f 2260 450 2261
f 2260 449 450
f 2259 448 449
f 2259 449 2260
f 2258 447 448
f 2258 448 2259
f 2299 951 2279
f 2299 971 951
f 2298 969 970
f 2298 970 971
f 2298 971 2299
f 2297 969 2298
f 2296 967 968
f 2296 968 969
f 2296 969 2297
f 2295 967 2296
f 2294 965 966
f 2294 966 967
f 2294 967 2295
f 2293 964 965
f 2293 965 2294
f 2292 964 2293
f 2291 962 963
f 2291 963 964
f 2291 964 2292
f 2290 962 2291
f 2289 961 962
f 2289 962 2290
f 2288 959 960
f 2288 960 961
f 2288 961 2289
f 2287 959 2288
f 2286 959 2287
f 2286 958 959
f 2285 958 2286
f 2285 957 958
f 2284 957 2285
f 2284 956 957
f 2283 956 2284
f 2283 954 955
f 2283 955 956
f 2282 954 2283
f 2281 954 2282
f 2281 953 954
f 2280 952 953
f 2280 953 2281
f 2279 951 952
f 2279 952 2280
f 2320 468 2300
f 2320 488 468
f 2319 486 487
f 2319 487 488
f 2319 488 2320
f 2318 486 2319
f 2317 484 485
f 2317 485 486
f 2317 486 2318
f 2316 484 2317
f 2315 482 483
f 2315 483 484
f 2315 484 2316
f 2314 481 482
f 2314 482 2315
f 2313 481 2314
f 2312 479 480
f 2312 480 481
f 2312 481 2313
f 2311 479 2312
f 2310 478 479
f 2310 479 2311
f 2309 476 477
f 2309 477 478
f 2309 478 2310
f 2308 476 2309
f 2307 476 2308
f 2307 475 476
f 2306 475 2307
f 2306 474 475
f 2305 474 2306
f 2305 473 474
f 2304 473 2305
f 2304 471 472
f 2304 472 473
f 2303 471 2304
f 2302 471 2303
f 2302 470 471
f 2301 469 470
f 2301 470 2302
f 2300 468 469
f 2300 469 2301
f 2341 930 2321
f 2341 950 930
f 2340 948 949
f 2340 949 950
f 2340 950 2341
f 2339 948 2340
f 2338 946 947
f 2338 947 948
f 2338 948 2339
f 2337 946 2338
f 2336 944 945
f 2336 945 946
f 2336 946 2337
f 2335 943 944
f 2335 944 2336
f 2334 943 2335
f 2333 941 942
f 2333 942 943
f 2333 943 2334
f 2332 941 2333
f 2331 940 941
f 2331 941 2332
f 2330 938 939
f 2330 939 940
f 2330 940 2331
f 2329 938 2330
f 2328 938 2329
f 2328 937 938
f 2327 937 2328
f 2327 936 937
f 2326 936 2327
f 2326 935 936
f 2325 935 2326
f 2325 933 934
f 2325 934 935
f 2324 933 2325
f 2323 933 2324
f 2323 932 933
f 2322 931 932
f 2322 932 2323
f 2321 930 931
f 2321 931 2322
f 2362 489 2342
f 2362 509 489
f 2361 507 508
f 2361 508 509
f 2361 509 2362
f 2360 507 2361
f 2359 505 506
f 2359 506 507
f 2359 507 2360
f 2358 505 2359
f 2357 503 504
f 2357 504 505
f 2357 505 2358
f 2356 502 503
f 2356 503 2357
f 2355 502 2356
f 2354 500 501
f 2354 501 502
f 2354 502 2355
f 2353 500 2354
f 2352 499 500
f 2352 500 2353
f 2351 497 498
f 2351 498 499
f 2351 499 2352
f 2350 497 2351
f 2349 497 2350
f 2349 496 497
f 2348 496 2349
f 2348 495 496
f 2347 495 2348
f 2347 494 495
f 2346 494 2347
f 2346 492 493
f 2346 493 494
f 2345 492 2346
f 2344 492 2345
f 2344 491 492
f 2343 490 491
f 2343 491 2344
f 2342 489 490
f 2342 490 2343
f 2383 909 2363
f 2383 929 909
f 2382 927 928
f 2382 928 929
f 2382 929 2383
f 2381 927 2382
f 2380 925 926
f 2380 926 927
f 2380 927 2381
f 2379 925 2380
f 2378 923 924
f 2378 924 925
f 2378 925 2379
f 2377 922 923
f 2377 923 2378
f 2376 922 2377
f 2375 920 921
f 2375 921 922
f 2375 922 2376
f 2374 920 2375
f 2373 919 920
f 2373 920 2374
f 2372 917 918
f 2372 918 919
f 2372 919 2373
f 2371 917 2372
f 2370 917 2371
f 2370 916 917
f 2369 916 2370
f 2369 915 916
f 2368 915 2369
f 2368 914 915
f 2367 914 2368
f 2367 912 913
f 2367 913 914
f 2366 912 2367
f 2365 912 2366
f 2365 911 912
f 2364 910 911
f 2364 911 2365
f 2363 909 910
f 2363 910 2364
f 2404 510 2384
f 2404 530 510
f 2403 528 529
f 2403 529 530
f 2403 530 2404
f 2402 528 2403
f 2401 526 527
f 2401 527 528
f 2401 528 2402
f 2400 526 2401
f 2399 524 525
f 2399 525 526
f 2399 526 2400
f 2398 523 524
f 2398 524 2399
f 2397 523 2398
f 2396 521 522
f 2396 522 523
f 2396 523 2397
f 2395 521 2396
f 2394 520 521
f 2394 521 2395
f 2393 518 519
f 2393 519 520
f 2393 520 2394
f 2392 518 2393
f 2391 518 2392
f 2391 517 518
f 2390 517 2391
f 2390 516 517
f 2389 516 2390
f 2389 515 516
f 2388 515 2389
f 2388 513 514
f 2388 514 515
f 2387 513 2388
f 2386 513 2387
f 2386 512 513
f 2385 511 512
f 2385 512 2386
f 2384 510 511
f 2384 511 2385
f 2425 888 2405
f 2425 908 888
f 2424 906 907
f 2424 907 908
f 2424 908 2425
f 2423 906 2424
f 2422 904 905
f 2422 905 906
f 2422 906 2423
f 2421 904 2422
f 2420 902 903
f 2420 903 904
f 2420 904 2421
f 2419 901 902
f 2419 902 2420
f 2418 901 2419
f 2417 899 900
f 2417 900 901
f 2417 901 2418
f 2416 899 2417
f 2415 898 899
f 2415 899 2416
f 2414 896 897
f 2414 897 898
f 2414 898 2415
f 2413 896 2414
f 2412 896 2413
f 2412 895 896
f 2411 895 2412
f 2411 894 895
f 2410 894 2411
f 2410 893 894
f 2409 893 2410
f 2409 891 892
f 2409 892 893
f 2408 891 2409
f 2407 891 2408
f 2407 890 891
f 2406 889 890
f 2406 890 2407
f 2405 888 889
f 2405 889 2406
f 2446 531 2426
f 2446 551 531
f 2445 549 550
f 2445 550 551
f 2445 551 2446
f 2444 549 2445
f 2443 547 548
f 2443 548 549
f 2443 549 2444
f 2442 547 2443
f 2441 545 546
f 2441 546 547
f 2441 547 2442
f 2440 544 545
f 2440 545 2441
f 2439 544 2440
f 2438 542 543
f 2438 543 544
f 2438 544 2439
f 2437 542 2438
f 2436 541 542
f 2436 542 2437
f 2435 539 540
f 2435 540 541
f 2435 541 2436
f 2434 539 2435
f 2433 539 2434
f 2433 538 539
f 2432 538 2433
f 2432 537 538
f 2431 537 2432
f 2431 536 537
f 2430 536 2431
f 2430 534 535
f 2430 535 536
f 2429 534 2430
f 2428 534 2429
f 2428 533 534
f 2427 532 533
f 2427 533 2428
f 2426 531 532
f 2426 532 2427
f 2467 867 2447
f 2467 887 867
f 2466 885 886
f 2466 886 887
f 2466 887 2467
f 2465 885 2466
f 2464 883 884
f 2464 884 885
f 2464 885 2465
f 2463 883 2464
f 2462 881 882
f 2462 882 883
f 2462 883 2463
f 2461 880 881
f 2461 881 2462
f 2460 880 2461
f 2459 878 879
f 2459 879 880
f 2459 880 2460
f 2458 878 2459
f 2457 877 878
f 2457 878 2458
f 2456 875 876
f 2456 876 877
f 2456 877 2457
f 2455 875 2456
f 2454 875 2455
f 2454 874 875
f 2453 874 2454
f 2453 873 874
f 2452 873 2453
f 2452 872 873
f 2451 872 2452
f 2451 870 871
f 2451 871 872
f 2450 870 2451
f 2449 870 2450
f 2449 869 870
f 2448 868 869
f 2448 869 2449
f 2447 867 868
f 2447 868 2448
f 2488 552 2468
f 2488 572 552
f 2487 570 571
f 2487 571 572
f 2487 572 2488
f 2486 570 2487
f 2485 568 569
f 2485 569 570
f 2485 570 2486
f 2484 568 2485
f 2483 566 567
f 2483 567 568
f 2483 568 2484
f 2482 565 566
f 2482 566 2483
f 2481 565 2482
f 2480 563 564
f 2480 564 565
f 2480 565 2481
f 2479 563 2480
f 2478 562 563
f 2478 563 2479
f 2477 560 561
f 2477 561 562
f 2477 562 2478
f 2476 560 2477
f 2475 560 2476
f 2475 559 560
f 2474 559 2475
f 2474 558 559
f 2473 558 2474
f 2473 557 558
f 2472 557 2473
f 2472 555 556
f 2472 556 557
f 2471 555 2472
f 2470 555 2471
f 2470 554 555
f 2469 553 554
f 2469 554 2470
f 2468 552 553
f 2468 553 2469
f 2509 846 2489
f 2509 866 846
f 2508 864 865
f 2508 865 866
f 2508 866 2509
f 2507 864 2508
f 2506 862 863
f 2506 863 864
f 2506 864 2507
f 2505 862 2506
f 2504 860 861
f 2504 861 862
f 2504 862 2505
f 2503 859 860
f 2503 860 2504
f 2502 859 2503
f 2501 857 858
f 2501 858 859
f 2501 859 2502
f 2500 857 2501
f 2499 856 857
f 2499 857 2500
f 2498 854 855
f 2498 855 856
f 2498 856 2499
f 2497 854 2498
f 2496 854 2497
f 2496 853 854
f 2495 853 2496
f 2495 852 853
f 2494 852 2495
f 2494 851 852
f 2493 851 2494
f 2493 849 850
f 2493 850 851
f 2492 849 2493
f 2491 849 2492
f 2491 848 849
f 2490 847 848
f 2490 848 2491
f 2489 846 847
f 2489 847 2490
f 2530 573 2510
f 2530 593 573
f 2529 591 592
f 2529 592 593
f 2529 593 2530
f 2528 591 2529
f 2527 589 590
f 2527 590 591
f 2527 591 2528
f 2526 589 2527
f 2525 587 588
f 2525 588 589
f 2525 589 2526
f 2524 586 587
f 2524 587 2525
f 2523 586 2524
f 2522 584 585
f 2522 585 586
f 2522 586 2523
f 2521 584 2522
f 2520 583 584
f 2520 584 2521
f 2519 581 582
f 2519 582 583
f 2519 583 2520
f 2518 581 2519
f 2517 581 2518
f 2517 580 581
f 2516 580 2517
f 2516 579 580
f 2515 579 2516
f 2515 578 579
f 2514 578 2515
f 2514 576 577
f 2514 577 578
f 2513 576 2514
f 2512 576 2513
f 2512 575 576
f 2511 574 575
f 2511 575 2512
f 2510 573 574
f 2510 574 2511
f 2551 825 2531
f 2551 845 825
f 2550 843 844
f 2550 844 845
f 2550 845 2551
f 2549 843 2550
f 2548 841 842
f 2548 842 843
f 2548 843 2549
f 2547 841 2548
f 2546 839 840
f 2546 840 841
f 2546 841 2547
f 2545 838 839
f 2545 839 2546
f 2544 838 2545
f 2543 836 837
f 2543 837 838
f 2543 838 2544
f 2542 836 2543
f 2541 835 836
f 2541 836 2542
f 2540 833 834
f 2540 834 835
f 2540 835 2541
f 2539 833 2540
f 2538 833 2539
f 2538 832 833
f 2537 832 2538
f 2537 831 832
f 2536 831 2537
f 2536 830 831
f 2535 830 2536
f 2535 828 829
f 2535 829 830
f 2534 828 2535
f 2533 828 2534
f 2533 827 828
f 2532 826 827
f 2532 827 2533
f 2531 825 826
f 2531 826 2532
f 2572 594 2552
f 2572 614 594
f 2571 612 613
f 2571 613 614
f 2571 614 2572
f 2570 612 2571
f 2569 610 611
f 2569 611 612
f 2569 612 2570
f 2568 610 2569
f 2567 608 609
f 2567 609 610
f 2567 610 2568
f 2566 607 608
f 2566 608 2567
f 2565 607 2566
f 2564 605 606
f 2564 606 607
f 2564 607 2565
f 2563 605 2564
f 2562 604 605
f 2562 605 2563
f 2561 602 603
f 2561 603 604
f 2561 604 2562
f 2560 602 2561
f 2559 602 2560
f 2559 601 602
f 2558 601 2559
f 2558 600 601
f 2557 600 2558
f 2557 599 600
f 2556 599 2557
f 2556 597 598
f 2556 598 599
f 2555 597 2556
f 2554 597 2555
f 2554 596 597
f 2553 595 596
f 2553 596 2554
f 2552 594 595
f 2552 595 2553
f 2593 804 2573
f 2593 824 804
f 2592 822 823
f 2592 823 824
f 2592 824 2593
f 2591 822 2592
f 2590 820 821
f 2590 821 822
f 2590 822 2591
f 2589 820 2590
f 2588 818 819
f 2588 819 820
f 2588 820 2589
f 2587 817 818
f 2587 818 2588
f 2586 817 2587
f 2585 815 816
f 2585 816 817
f 2585 817 2586
f 2584 815 2585
f 2583 814 815
f 2583 815 2584
f 2582 812 813
f 2582 813 814
f 2582 814 2583
f 2581 812 2582
f 2580 812 2581
f 2580 811 812
f 2579 811 2580
f 2579 810 811
f 2578 810 2579
f 2578 809 810
f 2577 809 2578
f 2577 807 808
f 2577 808 809
f 2576 807 2577
f 2575 807 2576
f 2575 806 807
f 2574 805 806
f 2574 806 2575
f 2573 804 805
f 2573 805 2574
f 2614 615 2594
f 2614 635 615
f 2613 633 634
f 2613 634 635
f 2613 635 2614
f 2612 633 2613
f 2611 631 632
f 2611 632 633
f 2611 633 2612
f 2610 631 2611
f 2609 629 630
f 2609 630 631
f 2609 631 2610
f 2608 628 629
f 2608 629 2609
f 2607 628 2608
f 2606 626 627
f 2606 627 628
f 2606 628 2607
f 2605 626 2606
f 2604 625 626
f 2604 626 2605
f 2603 623 624
f 2603 624 625
f 2603 625 2604
f 2602 623 2603
f 2601 623 2602
f 2601 622 623
f 2600 622 2601
f 2600 621 622
f 2599 621 2600
f 2599 620 621
f 2598 620 2599
f 2598 618 619
f 2598 619 620
f 2597 618 2598
f 2596 618 2597
f 2596 617 618
f 2595 616 617
f 2595 617 2596
f 2594 615 616
f 2594 616 2595
f 2635 783 2615
f 2635 803 783
f 2634 801 802
f 2634 802 803
f 2634 803 2635
f 2633 801 2634
f 2632 799 800
f 2632 800 801
f 2632 801 2633
f 2631 799 2632
f 2630 797 798
f 2630 798 799
f 2630 799 2631
f 2629 796 797
f 2629 797 2630
f 2628 796 2629
f 2627 794 795
f 2627 795 796
f 2627 796 2628
f 2626 794 2627
f 2625 793 794
f 2625 794 2626
f 2624 791 792
f 2624 792 793
f 2624 793 2625
f 2623 791 2624
f 2622 791 2623
f 2622 790 791
f 2621 790 2622
f 2621 789 790
f 2620 789 2621
f 2620 788 789
f 2619 788 2620
f 2619 786 787
f 2619 787 788
f 2618 786 2619
f 2617 786 2618
f 2617 785 786
f 2616 784 785
f 2616 785 2617
f 2615 783 784
f 2615 784 2616
f 2656 636 2636
f 2656 656 636
f 2655 654 655
f 2655 655 656
f 2655 656 2656
f 2654 654 2655
f 2653 652 653
f 2653 653 654
f 2653 654 2654
f 2652 652 2653
f 2651 650 651
f 2651 651 652
f 2651 652 2652
f 2650 649 650
f 2650 650 2651
f 2649 649 2650
f 2648 647 648
f 2648 648 649
f 2648 649 2649
f 2647 647 2648
f 2646 646 647
f 2646 647 2647
f 2645 644 645
f 2645 645 646
f 2645 646 2646
f 2644 644 2645
f 2643 644 2644
f 2643 643 644
f 2642 643 2643
f 2642 642 643
f 2641 642 2642
f 2641 641 642
f 2640 641 2641
f 2640 639 640
f 2640 640 641
f 2639 639 2640
f 2638 639 2639
f 2638 638 639
f 2637 637 638
f 2637 638 2638
f 2636 636 637
f 2636 637 2637
f 2677 762 2657
f 2677 782 762
f 2676 780 781
f 2676 781 782
f 2676 782 2677
f 2675 780 2676
f 2674 778 779
f 2674 779 780
f 2674 780 2675
f 2673 778 2674
f 2672 776 777
f 2672 777 778
f 2672 778 2673
f 2671 775 776
f 2671 776 2672
f 2670 775 2671
f 2669 773 774
f 2669 774 775
f 2669 775 2670
f 2668 773 2669
f 2667 772 773
f 2667 773 2668
f 2666 770 771
f 2666 771 772
f 2666 772 2667
f 2665 770 2666
f 2664 770 2665
f 2664 769 770
f 2663 769 2664
f 2663 768 769
f 2662 768 2663
f 2662 767 768
f 2661 767 2662
f 2661 765 766
f 2661 766 767
f 2660 765 2661
f 2659 765 2660
f 2659 764 765
f 2658 763 764
f 2658 764 2659
f 2657 762 763
f 2657 763 2658
f 2698 657 2678
f 2698 677 657
f 2697 675 676
f 2697 676 677
f 2697 677 2698
f 2696 675 2697
f 2695 673 674
f 2695 674 675
f 2695 675 2696
f 2694 673 2695
f 2693 671 672
f 2693 672 673
f 2693 673 2694
f 2692 670 671
f 2692 671 2693
f 2691 670 2692
f 2690 668 669
f 2690 669 670
f 2690 670 2691
f 2689 668 2690
f 2688 667 668
f 2688 668 2689
f 2687 665 666
f 2687 666 667
f 2687 667 2688
f 2686 665 2687
f 2685 665 2686
f 2685 664 665
f 2684 664 2685
f 2684 663 664
f 2683 663 2684
f 2683 662 663
f 2682 662 2683
f 2682 660 661
f 2682 661 662
f 2681 660 2682
f 2680 660 2681
f 2680 659 660
f 2679 658 659
f 2679 659 2680
f 2678 657 658
f 2678 658 2679
f 2719 741 2699
f 2719 761 741
f 2718 759 760
f 2718 760 761
f 2718 761 2719
f 2717 759 2718
f 2716 757 758
f 2716 758 759
f 2716 759 2717
f 2715 757 2716
f 2714 755 756
f 2714 756 757
f 2714 757 2715
f 2713 754 755
f 2713 755 2714
f 2712 754 2713
f 2711 752 753
f 2711 753 754
f 2711 754 2712
f 2710 752 2711
f 2709 751 752
f 2709 752 2710
f 2708 749 750
f 2708 750 751
f 2708 751 2709
f 2707 749 2708
f 2706 749 2707
f 2706 748 749
f 2705 748 2706
f 2705 747 748
f 2704 747 2705
f 2704 746 747
f 2703 746 2704
f 2703 744 745
f 2703 745 746
f 2702 744 2703
f 2701 744 2702
f 2701 743 744
f 2700 742 743
f 2700 743 2701
f 2699 741 742
f 2699 742 2700
f 2740 678 2720
f 2740 698 678
f 2739 696 697
f 2739 697 698
f 2739 698 2740
f 2738 696 2739
f 2737 694 695
f 2737 695 696
f 2737 696 2738
f 2736 694 2737
f 2735 692 693
f 2735 693 694
f 2735 694 2736
f 2734 691 692
f 2734 692 2735
f 2733 691 2734
f 2732 689 690
f 2732 690 691
f 2732 691 2733
f 2731 689 2732
f 2730 688 689
f 2730 689 2731
f 2729 686 687
f 2729 687 688
f 2729 688 2730
f 2728 686 2729
f 2727 686 2728
f 2727 685 686
f 2726 685 2727
f 2726 684 685
f 2725 684 2726
f 2725 683 684
f 2724 683 2725
f 2724 681 682
f 2724 682 683
f 2723 681 2724
f 2722 681 2723
f 2722 680 681
f 2721 679 680
f 2721 680 2722
f 2720 678 679
f 2720 679 2721
f 2761 720 2741
f 2761 740 720
f 2760 738 739
f 2760 739 740
f 2760 740 2761
f 2759 738 2760
f 2758 736 737
f 2758 737 738
f 2758 738 2759
f 2757 736 2758
f 2756 734 735
f 2756 735 736
f 2756 736 2757
f 2755 733 734
f 2755 734 2756
f 2754 733 2755
f 2753 731 732
f 2753 732 733
f 2753 733 2754
f 2752 731 2753
f 2751 730 731
f 2751 731 2752
f 2750 728 729
f 2750 729 730
f 2750 730 2751
f 2749 728 2750
f 2748 728 2749
f 2748 727 728
f 2747 727 2748
f 2747 726 727
f 2746 726 2747
f 2746 725 726
f 2745 725 2746
f 2745 723 724
f 2745 724 725
f 2744 723 2745
f 2743 723 2744
f 2743 722 723
f 2742 721 722
f 2742 722 2743
f 2741 720 721
f 2741 721 2742
f 2782 699 2762
f 2782 719 699
f 2781 717 718
f 2781 718 719
f 2781 719 2782
f 2780 717 2781
f 2779 715 716
f 2779 716 717
f 2779 717 2780
f 2778 715 2779
f 2777 713 714
f 2777 714 715
f 2777 715 2778
f 2776 712 713
f 2776 713 2777
f 2775 712 2776
f 2774 710 711
f 2774 711 712
f 2774 712 2775
f 2773 710 2774
f 2772 709 710
f 2772 710 2773
f 2771 707 708
f 2771 708 709
f 2771 709 2772
f 2770 707 2771
f 2769 707 2770
f 2769 706 707
f 2768 706 2769
f 2768 705 706
f 2767 705 2768
f 2767 704 705
f 2766 704 2767
f 2766 702 703
f 2766 703 704
f 2765 702 2766
f 2764 702 2765
f 2764 701 702
f 2763 700 701
f 2763 701 2764
f 2762 699 700
f 2762 700 2763
