# Bed mesh (millimetres)
# bbox_min 0.00000 0.00000 -17.78000
# bbox_max 306.00000 222.00000 0.00000
# thickness_mm 17.78000
o CA1_SMW_Inches
v 74.241 68.138 0.000
v 74.241 68.138 -17.780
v 74.355 67.383 -17.780
v 74.686 66.696 -17.780
v 75.204 66.137 -17.780
v 75.865 65.755 -17.780
v 76.609 65.586 -17.780
v 77.369 65.643 -17.780
v 78.080 65.921 -17.780
v 78.676 66.397 -17.780
v 79.106 67.027 -17.780
v 79.330 67.756 -17.780
v 79.330 68.519 -17.780
v 79.106 69.248 -17.780
v 78.676 69.878 -17.780
v 78.080 70.354 -17.780
v 77.369 70.632 -17.780
v 76.609 70.689 -17.780
v 75.865 70.520 -17.780
v 75.204 70.138 -17.780
v 74.686 69.579 -17.780
v 74.355 68.892 -17.780
v 74.355 68.892 0.000
v 74.686 69.579 0.000
v 75.204 70.138 0.000
v 75.865 70.520 0.000
v 76.609 70.689 0.000
v 77.369 70.632 0.000
v 78.080 70.354 0.000
v 78.676 69.878 0.000
v 79.106 69.248 0.000
v 79.330 68.519 0.000
v 79.330 67.756 0.000
v 79.106 67.027 0.000
v 78.676 66.397 0.000
v 78.080 65.921 0.000
v 77.369 65.643 0.000
v 76.609 65.586 0.000
v 75.865 65.755 0.000
v 75.204 66.137 0.000
v 74.686 66.696 0.000
v 74.355 67.383 0.000
v 131.391 49.088 0.000
v 131.391 49.088 -17.780
v 131.505 48.333 -17.780
v 131.836 47.646 -17.780
v 132.354 47.087 -17.780
v 133.015 46.705 -17.780
v 133.759 46.536 -17.780
v 134.519 46.593 -17.780
v 135.230 46.871 -17.780
v 135.826 47.347 -17.780
v 136.256 47.977 -17.780
v 136.480 48.706 -17.780
v 136.480 49.469 -17.780
v 136.256 50.198 -17.780
v 135.826 50.828 -17.780
v 135.230 51.304 -17.780
v 134.519 51.582 -17.780
v 133.759 51.639 -17.780
v 133.015 51.470 -17.780
v 132.354 51.088 -17.780
v 131.836 50.529 -17.780
v 131.505 49.842 -17.780
v 131.505 49.842 0.000
v 131.836 50.529 0.000
v 132.354 51.088 0.000
v 133.015 51.470 0.000
v 133.759 51.639 0.000
v 134.519 51.582 0.000
v 135.230 51.304 0.000
v 135.826 50.828 0.000
v 136.256 50.198 0.000
v 136.480 49.469 0.000
v 136.480 48.706 0.000
v 136.256 47.977 0.000
v 135.826 47.347 0.000
v 135.230 46.871 0.000
v 134.519 46.593 0.000
v 133.759 46.536 0.000
v 133.015 46.705 0.000
v 132.354 47.087 0.000
v 131.836 47.646 0.000
v 131.505 48.333 0.000
v 45.666 20.512 0.000
v 45.666 20.512 -17.780
v 45.780 19.758 -17.780
v 46.111 19.071 -17.780
v 46.629 18.512 -17.780
v 47.290 18.130 -17.780
v 48.034 17.961 -17.780
v 48.794 18.018 -17.780
v 49.505 18.296 -17.780
v 50.101 18.772 -17.780
v 50.531 19.402 -17.780
v 50.755 20.131 -17.780
v 50.755 20.894 -17.780
v 50.531 21.623 -17.780
v 50.101 22.253 -17.780
v 49.505 22.729 -17.780
v 48.794 23.007 -17.780
v 48.034 23.064 -17.780
v 47.290 22.895 -17.780
v 46.629 22.513 -17.780
v 46.111 21.954 -17.780
v 45.780 21.267 -17.780
v 45.780 21.267 0.000
v 46.111 21.954 0.000
v 46.629 22.513 0.000
v 47.290 22.895 0.000
v 48.034 23.064 0.000
v 48.794 23.007 0.000
v 49.505 22.729 0.000
v 50.101 22.253 0.000
v 50.531 21.623 0.000
v 50.755 20.894 0.000
v 50.755 20.131 0.000
v 50.531 19.402 0.000
v 50.101 18.772 0.000
v 49.505 18.296 0.000
v 48.794 18.018 0.000
v 48.034 17.961 0.000
v 47.290 18.130 0.000
v 46.629 18.512 0.000
v 46.111 19.071 0.000
v 45.780 19.758 0.000
v 9.441 77.662 0.000
v 9.441 77.662 -17.780
v 9.555 76.908 -17.780
v 9.886 76.221 -17.780
v 10.404 75.662 -17.780
v 11.065 75.280 -17.780
v 11.809 75.111 -17.780
v 12.569 75.168 -17.780
v 13.280 75.446 -17.780
v 13.876 75.922 -17.780
v 14.306 76.552 -17.780
v 14.530 77.281 -17.780
v 14.530 78.044 -17.780
v 14.306 78.773 -17.780
v 13.876 79.403 -17.780
v 13.280 79.879 -17.780
v 12.569 80.157 -17.780
v 11.809 80.214 -17.780
v 11.065 80.045 -17.780
v 10.404 79.663 -17.780
v 9.886 79.104 -17.780
v 9.555 78.417 -17.780
v 9.555 78.417 0.000
v 9.886 79.104 0.000
v 10.404 79.663 0.000
v 11.065 80.045 0.000
v 11.809 80.214 0.000
v 12.569 80.157 0.000
v 13.280 79.879 0.000
v 13.876 79.403 0.000
v 14.306 78.773 0.000
v 14.530 78.044 0.000
v 14.530 77.281 0.000
v 14.306 76.552 0.000
v 13.876 75.922 0.000
v 13.280 75.446 0.000
v 12.569 75.168 0.000
v 11.809 75.111 0.000
v 11.065 75.280 0.000
v 10.404 75.662 0.000
v 9.886 76.221 0.000
v 9.555 76.908 0.000
v 17.091 49.088 0.000
v 17.091 49.088 -17.780
v 17.205 48.333 -17.780
v 17.536 47.646 -17.780
v 18.054 47.087 -17.780
v 18.715 46.705 -17.780
v 19.459 46.536 -17.780
v 20.219 46.593 -17.780
v 20.930 46.871 -17.780
v 21.526 47.347 -17.780
v 21.956 47.977 -17.780
v 22.180 48.706 -17.780
v 22.180 49.469 -17.780
v 21.956 50.198 -17.780
v 21.526 50.828 -17.780
v 20.930 51.304 -17.780
v 20.219 51.582 -17.780
v 19.459 51.639 -17.780
v 18.715 51.470 -17.780
v 18.054 51.088 -17.780
v 17.536 50.529 -17.780
v 17.205 49.842 -17.780
v 17.205 49.842 0.000
v 17.536 50.529 0.000
v 18.054 51.088 0.000
v 18.715 51.470 0.000
v 19.459 51.639 0.000
v 20.219 51.582 0.000
v 20.930 51.304 0.000
v 21.526 50.828 0.000
v 21.956 50.198 0.000
v 22.180 49.469 0.000
v 22.180 48.706 0.000
v 21.956 47.977 0.000
v 21.526 47.347 0.000
v 20.930 46.871 0.000
v 20.219 46.593 0.000
v 19.459 46.536 0.000
v 18.715 46.705 0.000
v 18.054 47.087 0.000
v 17.536 47.646 0.000
v 17.205 48.333 0.000
v 74.241 10.988 0.000
v 74.241 10.988 -17.780
v 74.355 10.233 -17.780
v 74.686 9.546 -17.780
v 75.204 8.987 -17.780
v 75.865 8.605 -17.780
v 76.609 8.436 -17.780
v 77.369 8.493 -17.780
v 78.080 8.771 -17.780
v 78.676 9.247 -17.780
v 79.106 9.877 -17.780
v 79.330 10.606 -17.780
v 79.330 11.369 -17.780
v 79.106 12.098 -17.780
v 78.676 12.728 -17.780
v 78.080 13.204 -17.780
v 77.369 13.482 -17.780
v 76.609 13.539 -17.780
v 75.865 13.370 -17.780
v 75.204 12.988 -17.780
v 74.686 12.429 -17.780
v 74.355 11.742 -17.780
v 74.355 11.742 0.000
v 74.686 12.429 0.000
v 75.204 12.988 0.000
v 75.865 13.370 0.000
v 76.609 13.539 0.000
v 77.369 13.482 0.000
v 78.080 13.204 0.000
v 78.676 12.728 0.000
v 79.106 12.098 0.000
v 79.330 11.369 0.000
v 79.330 10.606 0.000
v 79.106 9.877 0.000
v 78.676 9.247 0.000
v 78.080 8.771 0.000
v 77.369 8.493 0.000
v 76.609 8.436 0.000
v 75.865 8.605 0.000
v 75.204 8.987 0.000
v 74.686 9.546 0.000
v 74.355 10.233 0.000
v 102.816 96.713 0.000
v 102.816 96.713 -17.780
v 102.930 95.958 -17.780
v 103.261 95.271 -17.780
v 103.779 94.712 -17.780
v 104.440 94.330 -17.780
v 105.184 94.161 -17.780
v 105.944 94.218 -17.780
v 106.655 94.496 -17.780
v 107.251 94.972 -17.780
v 107.681 95.602 -17.780
v 107.905 96.331 -17.780
v 107.905 97.094 -17.780
v 107.681 97.823 -17.780
v 107.251 98.453 -17.780
v 106.655 98.929 -17.780
v 105.944 99.207 -17.780
v 105.184 99.264 -17.780
v 104.440 99.095 -17.780
v 103.779 98.713 -17.780
v 103.261 98.154 -17.780
v 102.930 97.467 -17.780
v 102.930 97.467 0.000
v 103.261 98.154 0.000
v 103.779 98.713 0.000
v 104.440 99.095 0.000
v 105.184 99.264 0.000
v 105.944 99.207 0.000
v 106.655 98.929 0.000
v 107.251 98.453 0.000
v 107.681 97.823 0.000
v 107.905 97.094 0.000
v 107.905 96.331 0.000
v 107.681 95.602 0.000
v 107.251 94.972 0.000
v 106.655 94.496 0.000
v 105.944 94.218 0.000
v 105.184 94.161 0.000
v 104.440 94.330 0.000
v 103.779 94.712 0.000
v 103.261 95.271 0.000
v 102.930 95.958 0.000
v 159.966 115.763 0.000
v 159.966 115.763 -17.780
v 160.080 115.008 -17.780
v 160.411 114.321 -17.780
v 160.929 113.762 -17.780
v 161.590 113.380 -17.780
v 162.334 113.211 -17.780
v 163.094 113.268 -17.780
v 163.805 113.546 -17.780
v 164.401 114.022 -17.780
v 164.831 114.652 -17.780
v 165.055 115.381 -17.780
v 165.055 116.144 -17.780
v 164.831 116.873 -17.780
v 164.401 117.503 -17.780
v 163.805 117.979 -17.780
v 163.094 118.257 -17.780
v 162.334 118.314 -17.780
v 161.590 118.145 -17.780
v 160.929 117.763 -17.780
v 160.411 117.204 -17.780
v 160.080 116.517 -17.780
v 160.080 116.517 0.000
v 160.411 117.204 0.000
v 160.929 117.763 0.000
v 161.590 118.145 0.000
v 162.334 118.314 0.000
v 163.094 118.257 0.000
v 163.805 117.979 0.000
v 164.401 117.503 0.000
v 164.831 116.873 0.000
v 165.055 116.144 0.000
v 165.055 115.381 0.000
v 164.831 114.652 0.000
v 164.401 114.022 0.000
v 163.805 113.546 0.000
v 163.094 113.268 0.000
v 162.334 113.211 0.000
v 161.590 113.380 0.000
v 160.929 113.762 0.000
v 160.411 114.321 0.000
v 160.080 115.008 0.000
v 304.677 0.000 -17.780
v 1.323 0.000 -17.780
v 304.710 0.004 -17.780
v 304.741 0.017 -17.780
v 304.767 0.037 -17.780
v 305.963 1.233 -17.780
v 305.983 1.259 -17.780
v 305.996 1.290 -17.780
v 306.000 1.323 -17.780
v 306.000 197.974 -17.780
v 305.996 198.007 -17.780
v 305.983 198.038 -17.780
v 305.963 198.064 -17.780
v 304.767 199.260 -17.780
v 304.741 199.280 -17.780
v 304.710 199.292 -17.780
v 304.677 199.297 -17.780
v 295.203 199.297 -17.780
v 294.083 199.197 -17.780
v 292.998 198.902 -17.780
v 291.982 198.419 -17.780
v 282.419 207.982 -17.780
v 281.653 206.094 -17.780
v 281.464 204.065 -17.780
v 281.869 202.068 -17.780
v 282.832 200.273 -17.780
v 284.273 198.832 -17.780
v 286.068 197.869 -17.780
v 288.065 197.464 -17.780
v 290.094 197.653 -17.780
v 282.902 208.998 -17.780
v 283.197 210.083 -17.780
v 283.297 211.203 -17.780
v 283.297 220.677 -17.780
v 283.292 220.710 -17.780
v 283.280 220.741 -17.780
v 283.260 220.767 -17.780
v 282.064 221.963 -17.780
v 282.038 221.983 -17.780
v 282.007 221.996 -17.780
v 281.974 222.000 -17.780
v 1.323 222.000 -17.780
v 1.290 221.996 -17.780
v 1.259 221.983 -17.780
v 1.233 221.963 -17.780
v 0.037 220.767 -17.780
v 0.017 220.741 -17.780
v 0.004 220.710 -17.780
v 0.000 220.677 -17.780
v 0.000 1.323 -17.780
v 0.004 1.290 -17.780
v 0.017 1.259 -17.780
v 0.037 1.233 -17.780
v 1.233 0.037 -17.780
v 1.259 0.017 -17.780
v 1.290 0.004 -17.780
v 175.617 52.500 -17.780
v 175.523 51.876 -17.780
v 175.249 51.307 -17.780
v 174.820 50.845 -17.780
v 174.273 50.529 -17.780
v 173.658 50.389 -17.780
v 173.029 50.436 -17.780
v 172.441 50.667 -17.780
v 171.948 51.060 -17.780
v 171.593 51.581 -17.780
v 171.407 52.184 -17.780
v 171.407 52.816 -17.780
v 171.593 53.419 -17.780
v 171.948 53.940 -17.780
v 172.441 54.333 -17.780
v 173.029 54.564 -17.780
v 173.658 54.611 -17.780
v 174.273 54.471 -17.780
v 174.820 54.155 -17.780
v 175.249 53.693 -17.780
v 175.523 53.124 -17.780
v 262.117 75.000 -17.780
v 262.023 74.376 -17.780
v 261.749 73.807 -17.780
v 261.320 73.345 -17.780
v 260.773 73.029 -17.780
v 260.158 72.889 -17.780
v 259.529 72.936 -17.780
v 258.941 73.167 -17.780
v 258.448 73.560 -17.780
v 258.093 74.081 -17.780
v 257.907 74.684 -17.780
v 257.907 75.316 -17.780
v 258.093 75.919 -17.780
v 258.448 76.440 -17.780
v 258.941 76.833 -17.780
v 259.529 77.064 -17.780
v 260.158 77.111 -17.780
v 260.773 76.971 -17.780
v 261.320 76.655 -17.780
v 261.749 76.193 -17.780
v 262.023 75.624 -17.780
v 172.117 120.000 -17.780
v 172.023 119.376 -17.780
v 171.749 118.807 -17.780
v 171.320 118.345 -17.780
v 170.773 118.029 -17.780
v 170.158 117.889 -17.780
v 169.529 117.936 -17.780
v 168.941 118.167 -17.780
v 168.448 118.560 -17.780
v 168.093 119.081 -17.780
v 167.907 119.684 -17.780
v 167.907 120.316 -17.780
v 168.093 120.919 -17.780
v 168.448 121.440 -17.780
v 168.941 121.833 -17.780
v 169.529 122.064 -17.780
v 170.158 122.111 -17.780
v 170.773 121.971 -17.780
v 171.320 121.655 -17.780
v 171.749 121.193 -17.780
v 172.023 120.624 -17.780
v 82.117 120.000 -17.780
v 82.023 119.376 -17.780
v 81.749 118.807 -17.780
v 81.320 118.345 -17.780
v 80.773 118.029 -17.780
v 80.158 117.889 -17.780
v 79.529 117.936 -17.780
v 78.941 118.167 -17.780
v 78.448 118.560 -17.780
v 78.093 119.081 -17.780
v 77.907 119.684 -17.780
v 77.907 120.316 -17.780
v 78.093 120.919 -17.780
v 78.448 121.440 -17.780
v 78.941 121.833 -17.780
v 79.529 122.064 -17.780
v 80.158 122.111 -17.780
v 80.773 121.971 -17.780
v 81.320 121.655 -17.780
v 81.749 121.193 -17.780
v 82.023 120.624 -17.780
v 135.617 57.000 -17.780
v 135.523 56.376 -17.780
v 135.249 55.807 -17.780
v 134.820 55.345 -17.780
v 134.273 55.029 -17.780
v 133.658 54.889 -17.780
v 133.029 54.936 -17.780
v 132.441 55.167 -17.780
v 131.948 55.560 -17.780
v 131.593 56.081 -17.780
v 131.407 56.684 -17.780
v 131.407 57.316 -17.780
v 131.593 57.919 -17.780
v 131.948 58.440 -17.780
v 132.441 58.833 -17.780
v 133.029 59.064 -17.780
v 133.658 59.111 -17.780
v 134.273 58.971 -17.780
v 134.820 58.655 -17.780
v 135.249 58.193 -17.780
v 135.523 57.624 -17.780
v 82.117 75.000 -17.780
v 82.023 74.376 -17.780
v 81.749 73.807 -17.780
v 81.320 73.345 -17.780
v 80.773 73.029 -17.780
v 80.158 72.889 -17.780
v 79.529 72.936 -17.780
v 78.941 73.167 -17.780
v 78.448 73.560 -17.780
v 78.093 74.081 -17.780
v 77.907 74.684 -17.780
v 77.907 75.316 -17.780
v 78.093 75.919 -17.780
v 78.448 76.440 -17.780
v 78.941 76.833 -17.780
v 79.529 77.064 -17.780
v 80.158 77.111 -17.780
v 80.773 76.971 -17.780
v 81.320 76.655 -17.780
v 81.749 76.193 -17.780
v 82.023 75.624 -17.780
v 47.117 12.000 -17.780
v 47.023 11.376 -17.780
v 46.749 10.807 -17.780
v 46.320 10.345 -17.780
v 45.773 10.029 -17.780
v 45.158 9.889 -17.780
v 44.529 9.936 -17.780
v 43.941 10.167 -17.780
v 43.448 10.560 -17.780
v 43.093 11.081 -17.780
v 42.907 11.684 -17.780
v 42.907 12.316 -17.780
v 43.093 12.919 -17.780
v 43.448 13.440 -17.780
v 43.941 13.833 -17.780
v 44.529 14.064 -17.780
v 45.158 14.111 -17.780
v 45.773 13.971 -17.780
v 46.320 13.655 -17.780
v 46.749 13.193 -17.780
v 47.023 12.624 -17.780
v 14.117 45.000 -17.780
v 14.023 44.376 -17.780
v 13.749 43.807 -17.780
v 13.320 43.345 -17.780
v 12.773 43.029 -17.780
v 12.158 42.889 -17.780
v 11.529 42.936 -17.780
v 10.941 43.167 -17.780
v 10.448 43.560 -17.780
v 10.093 44.081 -17.780
v 9.907 44.684 -17.780
v 9.907 45.316 -17.780
v 10.093 45.919 -17.780
v 10.448 46.440 -17.780
v 10.941 46.833 -17.780
v 11.529 47.064 -17.780
v 12.158 47.111 -17.780
v 12.773 46.971 -17.780
v 13.320 46.655 -17.780
v 13.749 46.193 -17.780
v 14.023 45.624 -17.780
v 9.617 85.000 -17.780
v 9.523 84.376 -17.780
v 9.249 83.807 -17.780
v 8.820 83.345 -17.780
v 8.273 83.029 -17.780
v 7.658 82.889 -17.780
v 7.029 82.936 -17.780
v 6.441 83.167 -17.780
v 5.948 83.560 -17.780
v 5.593 84.081 -17.780
v 5.407 84.684 -17.780
v 5.407 85.316 -17.780
v 5.593 85.919 -17.780
v 5.948 86.440 -17.780
v 6.441 86.833 -17.780
v 7.029 87.064 -17.780
v 7.658 87.111 -17.780
v 8.273 86.971 -17.780
v 8.820 86.655 -17.780
v 9.249 86.193 -17.780
v 9.523 85.624 -17.780
v 32.117 7.500 -17.780
v 32.023 6.876 -17.780
v 31.749 6.307 -17.780
v 31.320 5.845 -17.780
v 30.773 5.529 -17.780
v 30.158 5.389 -17.780
v 29.529 5.436 -17.780
v 28.941 5.667 -17.780
v 28.448 6.060 -17.780
v 28.093 6.581 -17.780
v 27.907 7.184 -17.780
v 27.907 7.816 -17.780
v 28.093 8.419 -17.780
v 28.448 8.940 -17.780
v 28.941 9.333 -17.780
v 29.529 9.564 -17.780
v 30.158 9.611 -17.780
v 30.773 9.471 -17.780
v 31.320 9.155 -17.780
v 31.749 8.693 -17.780
v 32.023 8.124 -17.780
v 87.117 7.500 -17.780
v 87.023 6.876 -17.780
v 86.749 6.307 -17.780
v 86.320 5.845 -17.780
v 85.773 5.529 -17.780
v 85.158 5.389 -17.780
v 84.529 5.436 -17.780
v 83.941 5.667 -17.780
v 83.448 6.060 -17.780
v 83.093 6.581 -17.780
v 82.907 7.184 -17.780
v 82.907 7.816 -17.780
v 83.093 8.419 -17.780
v 83.448 8.940 -17.780
v 83.941 9.333 -17.780
v 84.529 9.564 -17.780
v 85.158 9.611 -17.780
v 85.773 9.471 -17.780
v 86.320 9.155 -17.780
v 86.749 8.693 -17.780
v 87.023 8.124 -17.780
v 120.617 52.500 -17.780
v 120.523 51.876 -17.780
v 120.249 51.307 -17.780
v 119.820 50.845 -17.780
v 119.273 50.529 -17.780
v 118.658 50.389 -17.780
v 118.029 50.436 -17.780
v 117.442 50.667 -17.780
v 116.948 51.060 -17.780
v 116.593 51.581 -17.780
v 116.407 52.184 -17.780
v 116.407 52.816 -17.780
v 116.593 53.419 -17.780
v 116.948 53.940 -17.780
v 117.442 54.333 -17.780
v 118.029 54.564 -17.780
v 118.658 54.611 -17.780
v 119.273 54.471 -17.780
v 119.820 54.155 -17.780
v 120.249 53.693 -17.780
v 120.523 53.124 -17.780
v 102.617 90.000 -17.780
v 102.523 89.376 -17.780
v 102.249 88.807 -17.780
v 101.820 88.345 -17.780
v 101.273 88.029 -17.780
v 100.658 87.889 -17.780
v 100.029 87.936 -17.780
v 99.442 88.167 -17.780
v 98.948 88.560 -17.780
v 98.593 89.081 -17.780
v 98.407 89.684 -17.780
v 98.407 90.316 -17.780
v 98.593 90.919 -17.780
v 98.948 91.440 -17.780
v 99.442 91.833 -17.780
v 100.029 92.064 -17.780
v 100.658 92.111 -17.780
v 101.273 91.971 -17.780
v 101.820 91.655 -17.780
v 102.249 91.193 -17.780
v 102.523 90.624 -17.780
v 98.117 130.000 -17.780
v 98.023 129.376 -17.780
v 97.749 128.807 -17.780
v 97.320 128.345 -17.780
v 96.773 128.029 -17.780
v 96.158 127.889 -17.780
v 95.529 127.936 -17.780
v 94.942 128.167 -17.780
v 94.448 128.560 -17.780
v 94.093 129.081 -17.780
v 93.907 129.684 -17.780
v 93.907 130.316 -17.780
v 94.093 130.919 -17.780
v 94.448 131.440 -17.780
v 94.942 131.833 -17.780
v 95.529 132.064 -17.780
v 96.158 132.111 -17.780
v 96.773 131.971 -17.780
v 97.320 131.655 -17.780
v 97.749 131.193 -17.780
v 98.023 130.624 -17.780
v 262.117 120.000 -17.780
v 262.023 119.376 -17.780
v 261.749 118.807 -17.780
v 261.320 118.345 -17.780
v 260.773 118.029 -17.780
v 260.158 117.889 -17.780
v 259.529 117.936 -17.780
v 258.941 118.167 -17.780
v 258.448 118.560 -17.780
v 258.093 119.081 -17.780
v 257.907 119.684 -17.780
v 257.907 120.316 -17.780
v 258.093 120.919 -17.780
v 258.448 121.440 -17.780
v 258.941 121.833 -17.780
v 259.529 122.064 -17.780
v 260.158 122.111 -17.780
v 260.773 121.971 -17.780
v 261.320 121.655 -17.780
v 261.749 121.193 -17.780
v 262.023 120.624 -17.780
v 172.117 75.000 -17.780
v 172.023 74.376 -17.780
v 171.749 73.807 -17.780
v 171.320 73.345 -17.780
v 170.773 73.029 -17.780
v 170.158 72.889 -17.780
v 169.529 72.936 -17.780
v 168.941 73.167 -17.780
v 168.448 73.560 -17.780
v 168.093 74.081 -17.780
v 167.907 74.684 -17.780
v 167.907 75.316 -17.780
v 168.093 75.919 -17.780
v 168.448 76.440 -17.780
v 168.941 76.833 -17.780
v 169.529 77.064 -17.780
v 170.158 77.111 -17.780
v 170.773 76.971 -17.780
v 171.320 76.655 -17.780
v 171.749 76.193 -17.780
v 172.023 75.624 -17.780
v 100.250 7.500 -17.780
v 100.061 8.753 -17.780
v 99.512 9.894 -17.780
v 98.650 10.823 -17.780
v 97.553 11.456 -17.780
v 96.318 11.738 -17.780
v 95.054 11.643 -17.780
v 93.875 11.181 -17.780
v 92.885 10.391 -17.780
v 92.171 9.344 -17.780
v 91.797 8.133 -17.780
v 91.797 6.867 -17.780
v 92.171 5.656 -17.780
v 92.885 4.609 -17.780
v 93.875 3.819 -17.780
v 95.054 3.357 -17.780
v 96.318 3.262 -17.780
v 97.553 3.544 -17.780
v 98.650 4.177 -17.780
v 99.512 5.106 -17.780
v 100.061 6.247 -17.780
v 11.750 96.000 -17.780
v 11.561 97.253 -17.780
v 11.012 98.394 -17.780
v 10.150 99.323 -17.780
v 9.053 99.956 -17.780
v 7.818 100.238 -17.780
v 6.554 100.143 -17.780
v 5.375 99.681 -17.780
v 4.385 98.891 -17.780
v 3.671 97.844 -17.780
v 3.297 96.633 -17.780
v 3.297 95.367 -17.780
v 3.671 94.156 -17.780
v 4.385 93.109 -17.780
v 5.375 92.319 -17.780
v 6.554 91.857 -17.780
v 7.818 91.762 -17.780
v 9.053 92.044 -17.780
v 10.150 92.677 -17.780
v 11.012 93.606 -17.780
v 11.561 94.747 -17.780
v 7.567 58.612 -17.780
v 7.681 59.366 -17.780
v 8.012 60.053 -17.780
v 8.530 60.612 -17.780
v 9.191 60.993 -17.780
v 9.934 61.163 -17.780
v 10.694 61.106 -17.780
v 11.404 60.828 -17.780
v 12.000 60.352 -17.780
v 12.429 59.722 -17.780
v 12.654 58.994 -17.780
v 12.654 58.231 -17.780
v 12.429 57.503 -17.780
v 12.000 56.873 -17.780
v 11.404 56.397 -17.780
v 10.694 56.119 -17.780
v 9.934 56.062 -17.780
v 9.191 56.232 -17.780
v 8.530 56.613 -17.780
v 8.012 57.172 -17.780
v 7.681 57.859 -17.780
v 255.217 96.713 -17.780
v 255.331 97.466 -17.780
v 255.662 98.153 -17.780
v 256.180 98.712 -17.780
v 256.841 99.093 -17.780
v 257.584 99.263 -17.780
v 258.344 99.206 -17.780
v 259.054 98.928 -17.780
v 259.650 98.452 -17.780
v 260.079 97.822 -17.780
v 260.304 97.094 -17.780
v 260.304 96.331 -17.780
v 260.079 95.603 -17.780
v 259.650 94.973 -17.780
v 259.054 94.497 -17.780
v 258.344 94.219 -17.780
v 257.584 94.162 -17.780
v 256.841 94.332 -17.780
v 256.180 94.713 -17.780
v 255.662 95.272 -17.780
v 255.331 95.959 -17.780
v 100.250 141.000 -17.780
v 100.061 142.253 -17.780
v 99.512 143.394 -17.780
v 98.650 144.323 -17.780
v 97.553 144.956 -17.780
v 96.318 145.238 -17.780
v 95.054 145.143 -17.780
v 93.875 144.681 -17.780
v 92.885 143.891 -17.780
v 92.171 142.844 -17.780
v 91.797 141.633 -17.780
v 91.797 140.367 -17.780
v 92.171 139.156 -17.780
v 92.885 138.109 -17.780
v 93.875 137.319 -17.780
v 95.054 136.857 -17.780
v 96.318 136.762 -17.780
v 97.553 137.044 -17.780
v 98.650 137.677 -17.780
v 99.512 138.606 -17.780
v 100.061 139.747 -17.780
v 279.375 10.500 -17.780
v 279.514 9.579 -17.780
v 279.918 8.740 -17.780
v 280.552 8.057 -17.780
v 281.358 7.591 -17.780
v 282.266 7.384 -17.780
v 283.195 7.453 -17.780
v 284.062 7.794 -17.780
v 284.791 8.374 -17.780
v 285.316 9.144 -17.780
v 285.590 10.034 -17.780
v 285.590 10.966 -17.780
v 285.316 11.856 -17.780
v 284.791 12.626 -17.780
v 284.062 13.206 -17.780
v 283.195 13.547 -17.780
v 282.266 13.616 -17.780
v 281.358 13.409 -17.780
v 280.552 12.943 -17.780
v 279.918 12.260 -17.780
v 279.514 11.421 -17.780
v 144.375 10.500 -17.780
v 144.514 9.579 -17.780
v 144.918 8.740 -17.780
v 145.552 8.057 -17.780
v 146.358 7.591 -17.780
v 147.266 7.384 -17.780
v 148.195 7.453 -17.780
v 149.062 7.794 -17.780
v 149.791 8.374 -17.780
v 150.316 9.144 -17.780
v 150.590 10.034 -17.780
v 150.590 10.966 -17.780
v 150.316 11.856 -17.780
v 149.791 12.626 -17.780
v 149.062 13.206 -17.780
v 148.195 13.547 -17.780
v 147.266 13.616 -17.780
v 146.358 13.409 -17.780
v 145.552 12.943 -17.780
v 144.918 12.260 -17.780
v 144.514 11.421 -17.780
v 7.567 20.512 -17.780
v 7.681 21.266 -17.780
v 8.012 21.953 -17.780
v 8.530 22.512 -17.780
v 9.191 22.893 -17.780
v 9.934 23.063 -17.780
v 10.694 23.006 -17.780
v 11.404 22.728 -17.780
v 12.000 22.252 -17.780
v 12.429 21.622 -17.780
v 12.654 20.894 -17.780
v 12.654 20.131 -17.780
v 12.429 19.403 -17.780
v 12.000 18.773 -17.780
v 11.404 18.297 -17.780
v 10.694 18.019 -17.780
v 9.934 17.962 -17.780
v 9.191 18.132 -17.780
v 8.530 18.513 -17.780
v 8.012 19.072 -17.780
v 7.681 19.759 -17.780
v 188.750 52.500 -17.780
v 188.561 53.753 -17.780
v 188.012 54.894 -17.780
v 187.150 55.823 -17.780
v 186.053 56.456 -17.780
v 184.818 56.738 -17.780
v 183.554 56.643 -17.780
v 182.375 56.181 -17.780
v 181.385 55.391 -17.780
v 180.671 54.344 -17.780
v 180.297 53.133 -17.780
v 180.297 51.867 -17.780
v 180.671 50.656 -17.780
v 181.385 49.609 -17.780
v 182.375 48.819 -17.780
v 183.554 48.357 -17.780
v 184.818 48.262 -17.780
v 186.053 48.544 -17.780
v 187.150 49.177 -17.780
v 188.012 50.106 -17.780
v 188.561 51.247 -17.780
v 236.167 77.662 -17.780
v 236.281 78.416 -17.780
v 236.612 79.103 -17.780
v 237.130 79.662 -17.780
v 237.791 80.043 -17.780
v 238.534 80.213 -17.780
v 239.294 80.156 -17.780
v 240.004 79.878 -17.780
v 240.600 79.402 -17.780
v 241.029 78.772 -17.780
v 241.254 78.044 -17.780
v 241.254 77.281 -17.780
v 241.029 76.553 -17.780
v 240.600 75.923 -17.780
v 240.004 75.447 -17.780
v 239.294 75.169 -17.780
v 238.534 75.112 -17.780
v 237.791 75.282 -17.780
v 237.130 75.663 -17.780
v 236.612 76.222 -17.780
v 236.281 76.909 -17.780
v 198.067 77.662 -17.780
v 198.181 78.416 -17.780
v 198.512 79.103 -17.780
v 199.030 79.662 -17.780
v 199.691 80.043 -17.780
v 200.434 80.213 -17.780
v 201.194 80.156 -17.780
v 201.904 79.878 -17.780
v 202.500 79.402 -17.780
v 202.929 78.772 -17.780
v 203.154 78.044 -17.780
v 203.154 77.281 -17.780
v 202.929 76.553 -17.780
v 202.500 75.923 -17.780
v 201.904 75.447 -17.780
v 201.194 75.169 -17.780
v 200.434 75.112 -17.780
v 199.691 75.282 -17.780
v 199.030 75.663 -17.780
v 198.512 76.222 -17.780
v 198.181 76.909 -17.780
v 102.817 77.662 -17.780
v 102.931 78.416 -17.780
v 103.262 79.103 -17.780
v 103.780 79.662 -17.780
v 104.441 80.043 -17.780
v 105.184 80.213 -17.780
v 105.944 80.156 -17.780
v 106.654 79.878 -17.780
v 107.250 79.402 -17.780
v 107.679 78.772 -17.780
v 107.904 78.044 -17.780
v 107.904 77.281 -17.780
v 107.679 76.553 -17.780
v 107.250 75.923 -17.780
v 106.654 75.447 -17.780
v 105.944 75.169 -17.780
v 105.184 75.112 -17.780
v 104.441 75.282 -17.780
v 103.780 75.663 -17.780
v 103.262 76.222 -17.780
v 102.931 76.909 -17.780
v 299.250 96.000 -17.780
v 299.061 97.253 -17.780
v 298.512 98.394 -17.780
v 297.650 99.323 -17.780
v 296.553 99.956 -17.780
v 295.318 100.238 -17.780
v 294.054 100.143 -17.780
v 292.875 99.681 -17.780
v 291.885 98.891 -17.780
v 291.171 97.844 -17.780
v 290.797 96.633 -17.780
v 290.797 95.367 -17.780
v 291.171 94.156 -17.780
v 291.885 93.109 -17.780
v 292.875 92.319 -17.780
v 294.054 91.857 -17.780
v 295.318 91.762 -17.780
v 296.553 92.044 -17.780
v 297.650 92.677 -17.780
v 298.512 93.606 -17.780
v 299.061 94.747 -17.780
v 49.250 52.500 -17.780
v 49.061 53.753 -17.780
v 48.512 54.894 -17.780
v 47.650 55.823 -17.780
v 46.553 56.456 -17.780
v 45.318 56.738 -17.780
v 44.054 56.643 -17.780
v 42.875 56.181 -17.780
v 41.885 55.391 -17.780
v 41.171 54.344 -17.780
v 40.797 53.133 -17.780
v 40.797 51.867 -17.780
v 41.171 50.656 -17.780
v 41.885 49.609 -17.780
v 42.875 48.819 -17.780
v 44.054 48.357 -17.780
v 45.318 48.262 -17.780
v 46.553 48.544 -17.780
v 47.650 49.177 -17.780
v 48.512 50.106 -17.780
v 49.061 51.247 -17.780
v 7.375 10.500 -17.780
v 7.514 9.579 -17.780
v 7.918 8.740 -17.780
v 8.552 8.057 -17.780
v 9.358 7.591 -17.780
v 10.266 7.384 -17.780
v 11.195 7.453 -17.780
v 12.062 7.794 -17.780
v 12.791 8.374 -17.780
v 13.316 9.144 -17.780
v 13.590 10.034 -17.780
v 13.590 10.966 -17.780
v 13.316 11.856 -17.780
v 12.791 12.626 -17.780
v 12.062 13.206 -17.780
v 11.195 13.547 -17.780
v 10.266 13.616 -17.780
v 9.358 13.409 -17.780
v 8.552 12.943 -17.780
v 7.918 12.260 -17.780
v 7.514 11.421 -17.780
v 144.375 104.250 -17.780
v 144.514 103.329 -17.780
v 144.918 102.490 -17.780
v 145.552 101.807 -17.780
v 146.358 101.341 -17.780
v 147.266 101.134 -17.780
v 148.195 101.203 -17.780
v 149.062 101.544 -17.780
v 149.791 102.124 -17.780
v 150.316 102.894 -17.780
v 150.590 103.784 -17.780
v 150.590 104.716 -17.780
v 150.316 105.606 -17.780
v 149.791 106.376 -17.780
v 149.062 106.956 -17.780
v 148.195 107.297 -17.780
v 147.266 107.366 -17.780
v 146.358 107.159 -17.780
v 145.552 106.693 -17.780
v 144.918 106.010 -17.780
v 144.514 105.171 -17.780
v 7.567 211.012 -17.780
v 7.681 210.259 -17.780
v 8.012 209.572 -17.780
v 8.530 209.013 -17.780
v 9.191 208.632 -17.780
v 9.934 208.462 -17.780
v 10.694 208.519 -17.780
v 11.404 208.797 -17.780
v 12.000 209.273 -17.780
v 12.429 209.903 -17.780
v 12.654 210.631 -17.780
v 12.654 211.394 -17.780
v 12.429 212.122 -17.780
v 12.000 212.752 -17.780
v 11.404 213.228 -17.780
v 10.694 213.506 -17.780
v 9.934 213.563 -17.780
v 9.191 213.393 -17.780
v 8.530 213.012 -17.780
v 8.012 212.453 -17.780
v 7.681 211.766 -17.780
v 26.617 211.012 -17.780
v 26.731 210.259 -17.780
v 27.062 209.572 -17.780
v 27.580 209.013 -17.780
v 28.241 208.632 -17.780
v 28.984 208.462 -17.780
v 29.744 208.519 -17.780
v 30.454 208.797 -17.780
v 31.050 209.273 -17.780
v 31.479 209.903 -17.780
v 31.704 210.631 -17.780
v 31.704 211.394 -17.780
v 31.479 212.122 -17.780
v 31.050 212.752 -17.780
v 30.454 213.228 -17.780
v 29.744 213.506 -17.780
v 28.984 213.563 -17.780
v 28.241 213.393 -17.780
v 27.580 213.012 -17.780
v 27.062 212.453 -17.780
v 26.731 211.766 -17.780
v 45.667 211.012 -17.780
v 45.781 210.259 -17.780
v 46.112 209.572 -17.780
v 46.630 209.013 -17.780
v 47.291 208.632 -17.780
v 48.034 208.462 -17.780
v 48.794 208.519 -17.780
v 49.504 208.797 -17.780
v 50.100 209.273 -17.780
v 50.529 209.903 -17.780
v 50.754 210.631 -17.780
v 50.754 211.394 -17.780
v 50.529 212.122 -17.780
v 50.100 212.752 -17.780
v 49.504 213.228 -17.780
v 48.794 213.506 -17.780
v 48.034 213.563 -17.780
v 47.291 213.393 -17.780
v 46.630 213.012 -17.780
v 46.112 212.453 -17.780
v 45.781 211.766 -17.780
v 64.717 211.012 -17.780
v 64.831 210.259 -17.780
v 65.162 209.572 -17.780
v 65.680 209.013 -17.780
v 66.341 208.632 -17.780
v 67.084 208.462 -17.780
v 67.844 208.519 -17.780
v 68.554 208.797 -17.780
v 69.150 209.273 -17.780
v 69.579 209.903 -17.780
v 69.804 210.631 -17.780
v 69.804 211.394 -17.780
v 69.579 212.122 -17.780
v 69.150 212.752 -17.780
v 68.554 213.228 -17.780
v 67.844 213.506 -17.780
v 67.084 213.563 -17.780
v 66.341 213.393 -17.780
v 65.680 213.012 -17.780
v 65.162 212.453 -17.780
v 64.831 211.766 -17.780
v 83.767 211.012 -17.780
v 83.881 210.259 -17.780
v 84.212 209.572 -17.780
v 84.730 209.013 -17.780
v 85.391 208.632 -17.780
v 86.134 208.462 -17.780
v 86.894 208.519 -17.780
v 87.604 208.797 -17.780
v 88.200 209.273 -17.780
v 88.629 209.903 -17.780
v 88.854 210.631 -17.780
v 88.854 211.394 -17.780
v 88.629 212.122 -17.780
v 88.200 212.752 -17.780
v 87.604 213.228 -17.780
v 86.894 213.506 -17.780
v 86.134 213.563 -17.780
v 85.391 213.393 -17.780
v 84.730 213.012 -17.780
v 84.212 212.453 -17.780
v 83.881 211.766 -17.780
v 102.817 211.012 -17.780
v 102.931 210.259 -17.780
v 103.262 209.572 -17.780
v 103.780 209.013 -17.780
v 104.441 208.632 -17.780
v 105.184 208.462 -17.780
v 105.944 208.519 -17.780
v 106.654 208.797 -17.780
v 107.250 209.273 -17.780
v 107.679 209.903 -17.780
v 107.904 210.631 -17.780
v 107.904 211.394 -17.780
v 107.679 212.122 -17.780
v 107.250 212.752 -17.780
v 106.654 213.228 -17.780
v 105.944 213.506 -17.780
v 105.184 213.563 -17.780
v 104.441 213.393 -17.780
v 103.780 213.012 -17.780
v 103.262 212.453 -17.780
v 102.931 211.766 -17.780
v 121.867 211.012 -17.780
v 121.981 210.259 -17.780
v 122.312 209.572 -17.780
v 122.830 209.013 -17.780
v 123.491 208.632 -17.780
v 124.234 208.462 -17.780
v 124.994 208.519 -17.780
v 125.704 208.797 -17.780
v 126.300 209.273 -17.780
v 126.729 209.903 -17.780
v 126.954 210.631 -17.780
v 126.954 211.394 -17.780
v 126.729 212.122 -17.780
v 126.300 212.752 -17.780
v 125.704 213.228 -17.780
v 124.994 213.506 -17.780
v 124.234 213.563 -17.780
v 123.491 213.393 -17.780
v 122.830 213.012 -17.780
v 122.312 212.453 -17.780
v 121.981 211.766 -17.780
v 140.917 211.012 -17.780
v 141.031 210.259 -17.780
v 141.362 209.572 -17.780
v 141.880 209.013 -17.780
v 142.541 208.632 -17.780
v 143.284 208.462 -17.780
v 144.044 208.519 -17.780
v 144.754 208.797 -17.780
v 145.350 209.273 -17.780
v 145.779 209.903 -17.780
v 146.004 210.631 -17.780
v 146.004 211.394 -17.780
v 145.779 212.122 -17.780
v 145.350 212.752 -17.780
v 144.754 213.228 -17.780
v 144.044 213.506 -17.780
v 143.284 213.563 -17.780
v 142.541 213.393 -17.780
v 141.880 213.012 -17.780
v 141.362 212.453 -17.780
v 141.031 211.766 -17.780
v 159.967 211.012 -17.780
v 160.081 210.259 -17.780
v 160.412 209.572 -17.780
v 160.930 209.013 -17.780
v 161.591 208.632 -17.780
v 162.334 208.462 -17.780
v 163.094 208.519 -17.780
v 163.804 208.797 -17.780
v 164.400 209.273 -17.780
v 164.829 209.903 -17.780
v 165.054 210.631 -17.780
v 165.054 211.394 -17.780
v 164.829 212.122 -17.780
v 164.400 212.752 -17.780
v 163.804 213.228 -17.780
v 163.094 213.506 -17.780
v 162.334 213.563 -17.780
v 161.591 213.393 -17.780
v 160.930 213.012 -17.780
v 160.412 212.453 -17.780
v 160.081 211.766 -17.780
v 179.017 211.012 -17.780
v 179.131 210.259 -17.780
v 179.462 209.572 -17.780
v 179.980 209.013 -17.780
v 180.641 208.632 -17.780
v 181.384 208.462 -17.780
v 182.144 208.519 -17.780
v 182.854 208.797 -17.780
v 183.450 209.273 -17.780
v 183.879 209.903 -17.780
v 184.104 210.631 -17.780
v 184.104 211.394 -17.780
v 183.879 212.122 -17.780
v 183.450 212.752 -17.780
v 182.854 213.228 -17.780
v 182.144 213.506 -17.780
v 181.384 213.563 -17.780
v 180.641 213.393 -17.780
v 179.980 213.012 -17.780
v 179.462 212.453 -17.780
v 179.131 211.766 -17.780
v 198.067 211.012 -17.780
v 198.181 210.259 -17.780
v 198.512 209.572 -17.780
v 199.030 209.013 -17.780
v 199.691 208.632 -17.780
v 200.434 208.462 -17.780
v 201.194 208.519 -17.780
v 201.904 208.797 -17.780
v 202.500 209.273 -17.780
v 202.929 209.903 -17.780
v 203.154 210.631 -17.780
v 203.154 211.394 -17.780
v 202.929 212.122 -17.780
v 202.500 212.752 -17.780
v 201.904 213.228 -17.780
v 201.194 213.506 -17.780
v 200.434 213.563 -17.780
v 199.691 213.393 -17.780
v 199.030 213.012 -17.780
v 198.512 212.453 -17.780
v 198.181 211.766 -17.780
v 217.117 211.012 -17.780
v 217.231 210.259 -17.780
v 217.562 209.572 -17.780
v 218.080 209.013 -17.780
v 218.741 208.632 -17.780
v 219.484 208.462 -17.780
v 220.244 208.519 -17.780
v 220.954 208.797 -17.780
v 221.550 209.273 -17.780
v 221.979 209.903 -17.780
v 222.204 210.631 -17.780
v 222.204 211.394 -17.780
v 221.979 212.122 -17.780
v 221.550 212.752 -17.780
v 220.954 213.228 -17.780
v 220.244 213.506 -17.780
v 219.484 213.563 -17.780
v 218.741 213.393 -17.780
v 218.080 213.012 -17.780
v 217.562 212.453 -17.780
v 217.231 211.766 -17.780
v 236.167 211.012 -17.780
v 236.281 210.259 -17.780
v 236.612 209.572 -17.780
v 237.130 209.013 -17.780
v 237.791 208.632 -17.780
v 238.534 208.462 -17.780
v 239.294 208.519 -17.780
v 240.004 208.797 -17.780
v 240.600 209.273 -17.780
v 241.029 209.903 -17.780
v 241.254 210.631 -17.780
v 241.254 211.394 -17.780
v 241.029 212.122 -17.780
v 240.600 212.752 -17.780
v 240.004 213.228 -17.780
v 239.294 213.506 -17.780
v 238.534 213.563 -17.780
v 237.791 213.393 -17.780
v 237.130 213.012 -17.780
v 236.612 212.453 -17.780
v 236.281 211.766 -17.780
v 255.217 211.012 -17.780
v 255.331 210.259 -17.780
v 255.662 209.572 -17.780
v 256.180 209.013 -17.780
v 256.841 208.632 -17.780
v 257.584 208.462 -17.780
v 258.344 208.519 -17.780
v 259.054 208.797 -17.780
v 259.650 209.273 -17.780
v 260.079 209.903 -17.780
v 260.304 210.631 -17.780
v 260.304 211.394 -17.780
v 260.079 212.122 -17.780
v 259.650 212.752 -17.780
v 259.054 213.228 -17.780
v 258.344 213.506 -17.780
v 257.584 213.563 -17.780
v 256.841 213.393 -17.780
v 256.180 213.012 -17.780
v 255.662 212.453 -17.780
v 255.331 211.766 -17.780
v 274.267 211.012 -17.780
v 274.381 210.259 -17.780
v 274.712 209.572 -17.780
v 275.230 209.013 -17.780
v 275.891 208.632 -17.780
v 276.634 208.462 -17.780
v 277.394 208.519 -17.780
v 278.104 208.797 -17.780
v 278.700 209.273 -17.780
v 279.129 209.903 -17.780
v 279.354 210.631 -17.780
v 279.354 211.394 -17.780
v 279.129 212.122 -17.780
v 278.700 212.752 -17.780
v 278.104 213.228 -17.780
v 277.394 213.506 -17.780
v 276.634 213.563 -17.780
v 275.891 213.393 -17.780
v 275.230 213.012 -17.780
v 274.712 212.453 -17.780
v 274.381 211.766 -17.780
v 26.617 191.963 -17.780
v 26.731 191.209 -17.780
v 27.062 190.522 -17.780
v 27.580 189.963 -17.780
v 28.241 189.582 -17.780
v 28.984 189.412 -17.780
v 29.744 189.469 -17.780
v 30.454 189.747 -17.780
v 31.050 190.223 -17.780
v 31.479 190.853 -17.780
v 31.704 191.581 -17.780
v 31.704 192.344 -17.780
v 31.479 193.072 -17.780
v 31.050 193.702 -17.780
v 30.454 194.178 -17.780
v 29.744 194.456 -17.780
v 28.984 194.513 -17.780
v 28.241 194.343 -17.780
v 27.580 193.962 -17.780
v 27.062 193.403 -17.780
v 26.731 192.716 -17.780
v 45.667 191.963 -17.780
v 45.781 191.209 -17.780
v 46.112 190.522 -17.780
v 46.630 189.963 -17.780
v 47.291 189.582 -17.780
v 48.034 189.412 -17.780
v 48.794 189.469 -17.780
v 49.504 189.747 -17.780
v 50.100 190.223 -17.780
v 50.529 190.853 -17.780
v 50.754 191.581 -17.780
v 50.754 192.344 -17.780
v 50.529 193.072 -17.780
v 50.100 193.702 -17.780
v 49.504 194.178 -17.780
v 48.794 194.456 -17.780
v 48.034 194.513 -17.780
v 47.291 194.343 -17.780
v 46.630 193.962 -17.780
v 46.112 193.403 -17.780
v 45.781 192.716 -17.780
v 64.717 191.963 -17.780
v 64.831 191.209 -17.780
v 65.162 190.522 -17.780
v 65.680 189.963 -17.780
v 66.341 189.582 -17.780
v 67.084 189.412 -17.780
v 67.844 189.469 -17.780
v 68.554 189.747 -17.780
v 69.150 190.223 -17.780
v 69.579 190.853 -17.780
v 69.804 191.581 -17.780
v 69.804 192.344 -17.780
v 69.579 193.072 -17.780
v 69.150 193.702 -17.780
v 68.554 194.178 -17.780
v 67.844 194.456 -17.780
v 67.084 194.513 -17.780
v 66.341 194.343 -17.780
v 65.680 193.962 -17.780
v 65.162 193.403 -17.780
v 64.831 192.716 -17.780
v 83.767 191.963 -17.780
v 83.881 191.209 -17.780
v 84.212 190.522 -17.780
v 84.730 189.963 -17.780
v 85.391 189.582 -17.780
v 86.134 189.412 -17.780
v 86.894 189.469 -17.780
v 87.604 189.747 -17.780
v 88.200 190.223 -17.780
v 88.629 190.853 -17.780
v 88.854 191.581 -17.780
v 88.854 192.344 -17.780
v 88.629 193.072 -17.780
v 88.200 193.702 -17.780
v 87.604 194.178 -17.780
v 86.894 194.456 -17.780
v 86.134 194.513 -17.780
v 85.391 194.343 -17.780
v 84.730 193.962 -17.780
v 84.212 193.403 -17.780
v 83.881 192.716 -17.780
v 102.817 191.963 -17.780
v 102.931 191.209 -17.780
v 103.262 190.522 -17.780
v 103.780 189.963 -17.780
v 104.441 189.582 -17.780
v 105.184 189.412 -17.780
v 105.944 189.469 -17.780
v 106.654 189.747 -17.780
v 107.250 190.223 -17.780
v 107.679 190.853 -17.780
v 107.904 191.581 -17.780
v 107.904 192.344 -17.780
v 107.679 193.072 -17.780
v 107.250 193.702 -17.780
v 106.654 194.178 -17.780
v 105.944 194.456 -17.780
v 105.184 194.513 -17.780
v 104.441 194.343 -17.780
v 103.780 193.962 -17.780
v 103.262 193.403 -17.780
v 102.931 192.716 -17.780
v 121.867 191.963 -17.780
v 121.981 191.209 -17.780
v 122.312 190.522 -17.780
v 122.830 189.963 -17.780
v 123.491 189.582 -17.780
v 124.234 189.412 -17.780
v 124.994 189.469 -17.780
v 125.704 189.747 -17.780
v 126.300 190.223 -17.780
v 126.729 190.853 -17.780
v 126.954 191.581 -17.780
v 126.954 192.344 -17.780
v 126.729 193.072 -17.780
v 126.300 193.702 -17.780
v 125.704 194.178 -17.780
v 124.994 194.456 -17.780
v 124.234 194.513 -17.780
v 123.491 194.343 -17.780
v 122.830 193.962 -17.780
v 122.312 193.403 -17.780
v 121.981 192.716 -17.780
v 159.967 191.963 -17.780
v 160.081 191.209 -17.780
v 160.412 190.522 -17.780
v 160.930 189.963 -17.780
v 161.591 189.582 -17.780
v 162.334 189.412 -17.780
v 163.094 189.469 -17.780
v 163.804 189.747 -17.780
v 164.400 190.223 -17.780
v 164.829 190.853 -17.780
v 165.054 191.581 -17.780
v 165.054 192.344 -17.780
v 164.829 193.072 -17.780
v 164.400 193.702 -17.780
v 163.804 194.178 -17.780
v 163.094 194.456 -17.780
v 162.334 194.513 -17.780
v 161.591 194.343 -17.780
v 160.930 193.962 -17.780
v 160.412 193.403 -17.780
v 160.081 192.716 -17.780
v 179.017 191.963 -17.780
v 179.131 191.209 -17.780
v 179.462 190.522 -17.780
v 179.980 189.963 -17.780
v 180.641 189.582 -17.780
v 181.384 189.412 -17.780
v 182.144 189.469 -17.780
v 182.854 189.747 -17.780
v 183.450 190.223 -17.780
v 183.879 190.853 -17.780
v 184.104 191.581 -17.780
v 184.104 192.344 -17.780
v 183.879 193.072 -17.780
v 183.450 193.702 -17.780
v 182.854 194.178 -17.780
v 182.144 194.456 -17.780
v 181.384 194.513 -17.780
v 180.641 194.343 -17.780
v 179.980 193.962 -17.780
v 179.462 193.403 -17.780
v 179.131 192.716 -17.780
v 198.067 191.963 -17.780
v 198.181 191.209 -17.780
v 198.512 190.522 -17.780
v 199.030 189.963 -17.780
v 199.691 189.582 -17.780
v 200.434 189.412 -17.780
v 201.194 189.469 -17.780
v 201.904 189.747 -17.780
v 202.500 190.223 -17.780
v 202.929 190.853 -17.780
v 203.154 191.581 -17.780
v 203.154 192.344 -17.780
v 202.929 193.072 -17.780
v 202.500 193.702 -17.780
v 201.904 194.178 -17.780
v 201.194 194.456 -17.780
v 200.434 194.513 -17.780
v 199.691 194.343 -17.780
v 199.030 193.962 -17.780
v 198.512 193.403 -17.780
v 198.181 192.716 -17.780
v 217.117 191.963 -17.780
v 217.231 191.209 -17.780
v 217.562 190.522 -17.780
v 218.080 189.963 -17.780
v 218.741 189.582 -17.780
v 219.484 189.412 -17.780
v 220.244 189.469 -17.780
v 220.954 189.747 -17.780
v 221.550 190.223 -17.780
v 221.979 190.853 -17.780
v 222.204 191.581 -17.780
v 222.204 192.344 -17.780
v 221.979 193.072 -17.780
v 221.550 193.702 -17.780
v 220.954 194.178 -17.780
v 220.244 194.456 -17.780
v 219.484 194.513 -17.780
v 218.741 194.343 -17.780
v 218.080 193.962 -17.780
v 217.562 193.403 -17.780
v 217.231 192.716 -17.780
v 236.167 191.963 -17.780
v 236.281 191.209 -17.780
v 236.612 190.522 -17.780
v 237.130 189.963 -17.780
v 237.791 189.582 -17.780
v 238.534 189.412 -17.780
v 239.294 189.469 -17.780
v 240.004 189.747 -17.780
v 240.600 190.223 -17.780
v 241.029 190.853 -17.780
v 241.254 191.581 -17.780
v 241.254 192.344 -17.780
v 241.029 193.072 -17.780
v 240.600 193.702 -17.780
v 240.004 194.178 -17.780
v 239.294 194.456 -17.780
v 238.534 194.513 -17.780
v 237.791 194.343 -17.780
v 237.130 193.962 -17.780
v 236.612 193.403 -17.780
v 236.281 192.716 -17.780
v 255.217 191.963 -17.780
v 255.331 191.209 -17.780
v 255.662 190.522 -17.780
v 256.180 189.963 -17.780
v 256.841 189.582 -17.780
v 257.584 189.412 -17.780
v 258.344 189.469 -17.780
v 259.054 189.747 -17.780
v 259.650 190.223 -17.780
v 260.079 190.853 -17.780
v 260.304 191.581 -17.780
v 260.304 192.344 -17.780
v 260.079 193.072 -17.780
v 259.650 193.702 -17.780
v 259.054 194.178 -17.780
v 258.344 194.456 -17.780
v 257.584 194.513 -17.780
v 256.841 194.343 -17.780
v 256.180 193.962 -17.780
v 255.662 193.403 -17.780
v 255.331 192.716 -17.780
v 274.267 191.963 -17.780
v 274.381 191.209 -17.780
v 274.712 190.522 -17.780
v 275.230 189.963 -17.780
v 275.891 189.582 -17.780
v 276.634 189.412 -17.780
v 277.394 189.469 -17.780
v 278.104 189.747 -17.780
v 278.700 190.223 -17.780
v 279.129 190.853 -17.780
v 279.354 191.581 -17.780
v 279.354 192.344 -17.780
v 279.129 193.072 -17.780
v 278.700 193.702 -17.780
v 278.104 194.178 -17.780
v 277.394 194.456 -17.780
v 276.634 194.513 -17.780
v 275.891 194.343 -17.780
v 275.230 193.962 -17.780
v 274.712 193.403 -17.780
v 274.381 192.716 -17.780
v 293.317 191.963 -17.780
v 293.431 191.209 -17.780
v 293.762 190.522 -17.780
v 294.280 189.963 -17.780
v 294.941 189.582 -17.780
v 295.684 189.412 -17.780
v 296.444 189.469 -17.780
v 297.154 189.747 -17.780
v 297.750 190.223 -17.780
v 298.179 190.853 -17.780
v 298.404 191.581 -17.780
v 298.404 192.344 -17.780
v 298.179 193.072 -17.780
v 297.750 193.702 -17.780
v 297.154 194.178 -17.780
v 296.444 194.456 -17.780
v 295.684 194.513 -17.780
v 294.941 194.343 -17.780
v 294.280 193.962 -17.780
v 293.762 193.403 -17.780
v 293.431 192.716 -17.780
v 7.567 172.912 -17.780
v 7.681 172.159 -17.780
v 8.012 171.472 -17.780
v 8.530 170.913 -17.780
v 9.191 170.532 -17.780
v 9.934 170.362 -17.780
v 10.694 170.419 -17.780
v 11.404 170.697 -17.780
v 12.000 171.173 -17.780
v 12.429 171.803 -17.780
v 12.654 172.531 -17.780
v 12.654 173.294 -17.780
v 12.429 174.022 -17.780
v 12.000 174.652 -17.780
v 11.404 175.128 -17.780
v 10.694 175.406 -17.780
v 9.934 175.463 -17.780
v 9.191 175.293 -17.780
v 8.530 174.912 -17.780
v 8.012 174.353 -17.780
v 7.681 173.666 -17.780
v 26.617 172.912 -17.780
v 26.731 172.159 -17.780
v 27.062 171.472 -17.780
v 27.580 170.913 -17.780
v 28.241 170.532 -17.780
v 28.984 170.362 -17.780
v 29.744 170.419 -17.780
v 30.454 170.697 -17.780
v 31.050 171.173 -17.780
v 31.479 171.803 -17.780
v 31.704 172.531 -17.780
v 31.704 173.294 -17.780
v 31.479 174.022 -17.780
v 31.050 174.652 -17.780
v 30.454 175.128 -17.780
v 29.744 175.406 -17.780
v 28.984 175.463 -17.780
v 28.241 175.293 -17.780
v 27.580 174.912 -17.780
v 27.062 174.353 -17.780
v 26.731 173.666 -17.780
v 45.667 172.912 -17.780
v 45.781 172.159 -17.780
v 46.112 171.472 -17.780
v 46.630 170.913 -17.780
v 47.291 170.532 -17.780
v 48.034 170.362 -17.780
v 48.794 170.419 -17.780
v 49.504 170.697 -17.780
v 50.100 171.173 -17.780
v 50.529 171.803 -17.780
v 50.754 172.531 -17.780
v 50.754 173.294 -17.780
v 50.529 174.022 -17.780
v 50.100 174.652 -17.780
v 49.504 175.128 -17.780
v 48.794 175.406 -17.780
v 48.034 175.463 -17.780
v 47.291 175.293 -17.780
v 46.630 174.912 -17.780
v 46.112 174.353 -17.780
v 45.781 173.666 -17.780
v 64.717 172.912 -17.780
v 64.831 172.159 -17.780
v 65.162 171.472 -17.780
v 65.680 170.913 -17.780
v 66.341 170.532 -17.780
v 67.084 170.362 -17.780
v 67.844 170.419 -17.780
v 68.554 170.697 -17.780
v 69.150 171.173 -17.780
v 69.579 171.803 -17.780
v 69.804 172.531 -17.780
v 69.804 173.294 -17.780
v 69.579 174.022 -17.780
v 69.150 174.652 -17.780
v 68.554 175.128 -17.780
v 67.844 175.406 -17.780
v 67.084 175.463 -17.780
v 66.341 175.293 -17.780
v 65.680 174.912 -17.780
v 65.162 174.353 -17.780
v 64.831 173.666 -17.780
v 83.767 172.912 -17.780
v 83.881 172.159 -17.780
v 84.212 171.472 -17.780
v 84.730 170.913 -17.780
v 85.391 170.532 -17.780
v 86.134 170.362 -17.780
v 86.894 170.419 -17.780
v 87.604 170.697 -17.780
v 88.200 171.173 -17.780
v 88.629 171.803 -17.780
v 88.854 172.531 -17.780
v 88.854 173.294 -17.780
v 88.629 174.022 -17.780
v 88.200 174.652 -17.780
v 87.604 175.128 -17.780
v 86.894 175.406 -17.780
v 86.134 175.463 -17.780
v 85.391 175.293 -17.780
v 84.730 174.912 -17.780
v 84.212 174.353 -17.780
v 83.881 173.666 -17.780
v 102.817 172.912 -17.780
v 102.931 172.159 -17.780
v 103.262 171.472 -17.780
v 103.780 170.913 -17.780
v 104.441 170.532 -17.780
v 105.184 170.362 -17.780
v 105.944 170.419 -17.780
v 106.654 170.697 -17.780
v 107.250 171.173 -17.780
v 107.679 171.803 -17.780
v 107.904 172.531 -17.780
v 107.904 173.294 -17.780
v 107.679 174.022 -17.780
v 107.250 174.652 -17.780
v 106.654 175.128 -17.780
v 105.944 175.406 -17.780
v 105.184 175.463 -17.780
v 104.441 175.293 -17.780
v 103.780 174.912 -17.780
v 103.262 174.353 -17.780
v 102.931 173.666 -17.780
v 121.867 172.912 -17.780
v 121.981 172.159 -17.780
v 122.312 171.472 -17.780
v 122.830 170.913 -17.780
v 123.491 170.532 -17.780
v 124.234 170.362 -17.780
v 124.994 170.419 -17.780
v 125.704 170.697 -17.780
v 126.300 171.173 -17.780
v 126.729 171.803 -17.780
v 126.954 172.531 -17.780
v 126.954 173.294 -17.780
v 126.729 174.022 -17.780
v 126.300 174.652 -17.780
v 125.704 175.128 -17.780
v 124.994 175.406 -17.780
v 124.234 175.463 -17.780
v 123.491 175.293 -17.780
v 122.830 174.912 -17.780
v 122.312 174.353 -17.780
v 121.981 173.666 -17.780
v 140.917 172.912 -17.780
v 141.031 172.159 -17.780
v 141.362 171.472 -17.780
v 141.880 170.913 -17.780
v 142.541 170.532 -17.780
v 143.284 170.362 -17.780
v 144.044 170.419 -17.780
v 144.754 170.697 -17.780
v 145.350 171.173 -17.780
v 145.779 171.803 -17.780
v 146.004 172.531 -17.780
v 146.004 173.294 -17.780
v 145.779 174.022 -17.780
v 145.350 174.652 -17.780
v 144.754 175.128 -17.780
v 144.044 175.406 -17.780
v 143.284 175.463 -17.780
v 142.541 175.293 -17.780
v 141.880 174.912 -17.780
v 141.362 174.353 -17.780
v 141.031 173.666 -17.780
v 159.967 172.912 -17.780
v 160.081 172.159 -17.780
v 160.412 171.472 -17.780
v 160.930 170.913 -17.780
v 161.591 170.532 -17.780
v 162.334 170.362 -17.780
v 163.094 170.419 -17.780
v 163.804 170.697 -17.780
v 164.400 171.173 -17.780
v 164.829 171.803 -17.780
v 165.054 172.531 -17.780
v 165.054 173.294 -17.780
v 164.829 174.022 -17.780
v 164.400 174.652 -17.780
v 163.804 175.128 -17.780
v 163.094 175.406 -17.780
v 162.334 175.463 -17.780
v 161.591 175.293 -17.780
v 160.930 174.912 -17.780
v 160.412 174.353 -17.780
v 160.081 173.666 -17.780
v 179.017 172.912 -17.780
v 179.131 172.159 -17.780
v 179.462 171.472 -17.780
v 179.980 170.913 -17.780
v 180.641 170.532 -17.780
v 181.384 170.362 -17.780
v 182.144 170.419 -17.780
v 182.854 170.697 -17.780
v 183.450 171.173 -17.780
v 183.879 171.803 -17.780
v 184.104 172.531 -17.780
v 184.104 173.294 -17.780
v 183.879 174.022 -17.780
v 183.450 174.652 -17.780
v 182.854 175.128 -17.780
v 182.144 175.406 -17.780
v 181.384 175.463 -17.780
v 180.641 175.293 -17.780
v 179.980 174.912 -17.780
v 179.462 174.353 -17.780
v 179.131 173.666 -17.780
v 198.067 172.912 -17.780
v 198.181 172.159 -17.780
v 198.512 171.472 -17.780
v 199.030 170.913 -17.780
v 199.691 170.532 -17.780
v 200.434 170.362 -17.780
v 201.194 170.419 -17.780
v 201.904 170.697 -17.780
v 202.500 171.173 -17.780
v 202.929 171.803 -17.780
v 203.154 172.531 -17.780
v 203.154 173.294 -17.780
v 202.929 174.022 -17.780
v 202.500 174.652 -17.780
v 201.904 175.128 -17.780
v 201.194 175.406 -17.780
v 200.434 175.463 -17.780
v 199.691 175.293 -17.780
v 199.030 174.912 -17.780
v 198.512 174.353 -17.780
v 198.181 173.666 -17.780
v 217.117 172.912 -17.780
v 217.231 172.159 -17.780
v 217.562 171.472 -17.780
v 218.080 170.913 -17.780
v 218.741 170.532 -17.780
v 219.484 170.362 -17.780
v 220.244 170.419 -17.780
v 220.954 170.697 -17.780
v 221.550 171.173 -17.780
v 221.979 171.803 -17.780
v 222.204 172.531 -17.780
v 222.204 173.294 -17.780
v 221.979 174.022 -17.780
v 221.550 174.652 -17.780
v 220.954 175.128 -17.780
v 220.244 175.406 -17.780
v 219.484 175.463 -17.780
v 218.741 175.293 -17.780
v 218.080 174.912 -17.780
v 217.562 174.353 -17.780
v 217.231 173.666 -17.780
v 236.167 172.912 -17.780
v 236.281 172.159 -17.780
v 236.612 171.472 -17.780
v 237.130 170.913 -17.780
v 237.791 170.532 -17.780
v 238.534 170.362 -17.780
v 239.294 170.419 -17.780
v 240.004 170.697 -17.780
v 240.600 171.173 -17.780
v 241.029 171.803 -17.780
v 241.254 172.531 -17.780
v 241.254 173.294 -17.780
v 241.029 174.022 -17.780
v 240.600 174.652 -17.780
v 240.004 175.128 -17.780
v 239.294 175.406 -17.780
v 238.534 175.463 -17.780
v 237.791 175.293 -17.780
v 237.130 174.912 -17.780
v 236.612 174.353 -17.780
v 236.281 173.666 -17.780
v 255.217 172.912 -17.780
v 255.331 172.159 -17.780
v 255.662 171.472 -17.780
v 256.180 170.913 -17.780
v 256.841 170.532 -17.780
v 257.584 170.362 -17.780
v 258.344 170.419 -17.780
v 259.054 170.697 -17.780
v 259.650 171.173 -17.780
v 260.079 171.803 -17.780
v 260.304 172.531 -17.780
v 260.304 173.294 -17.780
v 260.079 174.022 -17.780
v 259.650 174.652 -17.780
v 259.054 175.128 -17.780
v 258.344 175.406 -17.780
v 257.584 175.463 -17.780
v 256.841 175.293 -17.780
v 256.180 174.912 -17.780
v 255.662 174.353 -17.780
v 255.331 173.666 -17.780
v 274.267 172.912 -17.780
v 274.381 172.159 -17.780
v 274.712 171.472 -17.780
v 275.230 170.913 -17.780
v 275.891 170.532 -17.780
v 276.634 170.362 -17.780
v 277.394 170.419 -17.780
v 278.104 170.697 -17.780
v 278.700 171.173 -17.780
v 279.129 171.803 -17.780
v 279.354 172.531 -17.780
v 279.354 173.294 -17.780
v 279.129 174.022 -17.780
v 278.700 174.652 -17.780
v 278.104 175.128 -17.780
v 277.394 175.406 -17.780
v 276.634 175.463 -17.780
v 275.891 175.293 -17.780
v 275.230 174.912 -17.780
v 274.712 174.353 -17.780
v 274.381 173.666 -17.780
v 293.317 172.912 -17.780
v 293.431 172.159 -17.780
v 293.762 171.472 -17.780
v 294.280 170.913 -17.780
v 294.941 170.532 -17.780
v 295.684 170.362 -17.780
v 296.444 170.419 -17.780
v 297.154 170.697 -17.780
v 297.750 171.173 -17.780
v 298.179 171.803 -17.780
v 298.404 172.531 -17.780
v 298.404 173.294 -17.780
v 298.179 174.022 -17.780
v 297.750 174.652 -17.780
v 297.154 175.128 -17.780
v 296.444 175.406 -17.780
v 295.684 175.463 -17.780
v 294.941 175.293 -17.780
v 294.280 174.912 -17.780
v 293.762 174.353 -17.780
v 293.431 173.666 -17.780
v 7.567 153.862 -17.780
v 7.681 153.109 -17.780
v 8.012 152.422 -17.780
v 8.530 151.863 -17.780
v 9.191 151.482 -17.780
v 9.934 151.312 -17.780
v 10.694 151.369 -17.780
v 11.404 151.647 -17.780
v 12.000 152.123 -17.780
v 12.429 152.753 -17.780
v 12.654 153.481 -17.780
v 12.654 154.244 -17.780
v 12.429 154.972 -17.780
v 12.000 155.602 -17.780
v 11.404 156.078 -17.780
v 10.694 156.356 -17.780
v 9.934 156.413 -17.780
v 9.191 156.243 -17.780
v 8.530 155.862 -17.780
v 8.012 155.303 -17.780
v 7.681 154.616 -17.780
v 26.617 153.862 -17.780
v 26.731 153.109 -17.780
v 27.062 152.422 -17.780
v 27.580 151.863 -17.780
v 28.241 151.482 -17.780
v 28.984 151.312 -17.780
v 29.744 151.369 -17.780
v 30.454 151.647 -17.780
v 31.050 152.123 -17.780
v 31.479 152.753 -17.780
v 31.704 153.481 -17.780
v 31.704 154.244 -17.780
v 31.479 154.972 -17.780
v 31.050 155.602 -17.780
v 30.454 156.078 -17.780
v 29.744 156.356 -17.780
v 28.984 156.413 -17.780
v 28.241 156.243 -17.780
v 27.580 155.862 -17.780
v 27.062 155.303 -17.780
v 26.731 154.616 -17.780
v 45.667 153.862 -17.780
v 45.781 153.109 -17.780
v 46.112 152.422 -17.780
v 46.630 151.863 -17.780
v 47.291 151.482 -17.780
v 48.034 151.312 -17.780
v 48.794 151.369 -17.780
v 49.504 151.647 -17.780
v 50.100 152.123 -17.780
v 50.529 152.753 -17.780
v 50.754 153.481 -17.780
v 50.754 154.244 -17.780
v 50.529 154.972 -17.780
v 50.100 155.602 -17.780
v 49.504 156.078 -17.780
v 48.794 156.356 -17.780
v 48.034 156.413 -17.780
v 47.291 156.243 -17.780
v 46.630 155.862 -17.780
v 46.112 155.303 -17.780
v 45.781 154.616 -17.780
v 64.717 153.862 -17.780
v 64.831 153.109 -17.780
v 65.162 152.422 -17.780
v 65.680 151.863 -17.780
v 66.341 151.482 -17.780
v 67.084 151.312 -17.780
v 67.844 151.369 -17.780
v 68.554 151.647 -17.780
v 69.150 152.123 -17.780
v 69.579 152.753 -17.780
v 69.804 153.481 -17.780
v 69.804 154.244 -17.780
v 69.579 154.972 -17.780
v 69.150 155.602 -17.780
v 68.554 156.078 -17.780
v 67.844 156.356 -17.780
v 67.084 156.413 -17.780
v 66.341 156.243 -17.780
v 65.680 155.862 -17.780
v 65.162 155.303 -17.780
v 64.831 154.616 -17.780
v 83.767 153.862 -17.780
v 83.881 153.109 -17.780
v 84.212 152.422 -17.780
v 84.730 151.863 -17.780
v 85.391 151.482 -17.780
v 86.134 151.312 -17.780
v 86.894 151.369 -17.780
v 87.604 151.647 -17.780
v 88.200 152.123 -17.780
v 88.629 152.753 -17.780
v 88.854 153.481 -17.780
v 88.854 154.244 -17.780
v 88.629 154.972 -17.780
v 88.200 155.602 -17.780
v 87.604 156.078 -17.780
v 86.894 156.356 -17.780
v 86.134 156.413 -17.780
v 85.391 156.243 -17.780
v 84.730 155.862 -17.780
v 84.212 155.303 -17.780
v 83.881 154.616 -17.780
v 102.817 153.862 -17.780
v 102.931 153.109 -17.780
v 103.262 152.422 -17.780
v 103.780 151.863 -17.780
v 104.441 151.482 -17.780
v 105.184 151.312 -17.780
v 105.944 151.369 -17.780
v 106.654 151.647 -17.780
v 107.250 152.123 -17.780
v 107.679 152.753 -17.780
v 107.904 153.481 -17.780
v 107.904 154.244 -17.780
v 107.679 154.972 -17.780
v 107.250 155.602 -17.780
v 106.654 156.078 -17.780
v 105.944 156.356 -17.780
v 105.184 156.413 -17.780
v 104.441 156.243 -17.780
v 103.780 155.862 -17.780
v 103.262 155.303 -17.780
v 102.931 154.616 -17.780
v 121.867 153.862 -17.780
v 121.981 153.109 -17.780
v 122.312 152.422 -17.780
v 122.830 151.863 -17.780
v 123.491 151.482 -17.780
v 124.234 151.312 -17.780
v 124.994 151.369 -17.780
v 125.704 151.647 -17.780
v 126.300 152.123 -17.780
v 126.729 152.753 -17.780
v 126.954 153.481 -17.780
v 126.954 154.244 -17.780
v 126.729 154.972 -17.780
v 126.300 155.602 -17.780
v 125.704 156.078 -17.780
v 124.994 156.356 -17.780
v 124.234 156.413 -17.780
v 123.491 156.243 -17.780
v 122.830 155.862 -17.780
v 122.312 155.303 -17.780
v 121.981 154.616 -17.780
v 140.917 153.862 -17.780
v 141.031 153.109 -17.780
v 141.362 152.422 -17.780
v 141.880 151.863 -17.780
v 142.541 151.482 -17.780
v 143.284 151.312 -17.780
v 144.044 151.369 -17.780
v 144.754 151.647 -17.780
v 145.350 152.123 -17.780
v 145.779 152.753 -17.780
v 146.004 153.481 -17.780
v 146.004 154.244 -17.780
v 145.779 154.972 -17.780
v 145.350 155.602 -17.780
v 144.754 156.078 -17.780
v 144.044 156.356 -17.780
v 143.284 156.413 -17.780
v 142.541 156.243 -17.780
v 141.880 155.862 -17.780
v 141.362 155.303 -17.780
v 141.031 154.616 -17.780
v 159.967 153.862 -17.780
v 160.081 153.109 -17.780
v 160.412 152.422 -17.780
v 160.930 151.863 -17.780
v 161.591 151.482 -17.780
v 162.334 151.312 -17.780
v 163.094 151.369 -17.780
v 163.804 151.647 -17.780
v 164.400 152.123 -17.780
v 164.829 152.753 -17.780
v 165.054 153.481 -17.780
v 165.054 154.244 -17.780
v 164.829 154.972 -17.780
v 164.400 155.602 -17.780
v 163.804 156.078 -17.780
v 163.094 156.356 -17.780
v 162.334 156.413 -17.780
v 161.591 156.243 -17.780
v 160.930 155.862 -17.780
v 160.412 155.303 -17.780
v 160.081 154.616 -17.780
v 179.017 153.862 -17.780
v 179.131 153.109 -17.780
v 179.462 152.422 -17.780
v 179.980 151.863 -17.780
v 180.641 151.482 -17.780
v 181.384 151.312 -17.780
v 182.144 151.369 -17.780
v 182.854 151.647 -17.780
v 183.450 152.123 -17.780
v 183.879 152.753 -17.780
v 184.104 153.481 -17.780
v 184.104 154.244 -17.780
v 183.879 154.972 -17.780
v 183.450 155.602 -17.780
v 182.854 156.078 -17.780
v 182.144 156.356 -17.780
v 181.384 156.413 -17.780
v 180.641 156.243 -17.780
v 179.980 155.862 -17.780
v 179.462 155.303 -17.780
v 179.131 154.616 -17.780
v 198.067 153.862 -17.780
v 198.181 153.109 -17.780
v 198.512 152.422 -17.780
v 199.030 151.863 -17.780
v 199.691 151.482 -17.780
v 200.434 151.312 -17.780
v 201.194 151.369 -17.780
v 201.904 151.647 -17.780
v 202.500 152.123 -17.780
v 202.929 152.753 -17.780
v 203.154 153.481 -17.780
v 203.154 154.244 -17.780
v 202.929 154.972 -17.780
v 202.500 155.602 -17.780
v 201.904 156.078 -17.780
v 201.194 156.356 -17.780
v 200.434 156.413 -17.780
v 199.691 156.243 -17.780
v 199.030 155.862 -17.780
v 198.512 155.303 -17.780
v 198.181 154.616 -17.780
v 217.117 153.862 -17.780
v 217.231 153.109 -17.780
v 217.562 152.422 -17.780
v 218.080 151.863 -17.780
v 218.741 151.482 -17.780
v 219.484 151.312 -17.780
v 220.244 151.369 -17.780
v 220.954 151.647 -17.780
v 221.550 152.123 -17.780
v 221.979 152.753 -17.780
v 222.204 153.481 -17.780
v 222.204 154.244 -17.780
v 221.979 154.972 -17.780
v 221.550 155.602 -17.780
v 220.954 156.078 -17.780
v 220.244 156.356 -17.780
v 219.484 156.413 -17.780
v 218.741 156.243 -17.780
v 218.080 155.862 -17.780
v 217.562 155.303 -17.780
v 217.231 154.616 -17.780
v 236.167 153.862 -17.780
v 236.281 153.109 -17.780
v 236.612 152.422 -17.780
v 237.130 151.863 -17.780
v 237.791 151.482 -17.780
v 238.534 151.312 -17.780
v 239.294 151.369 -17.780
v 240.004 151.647 -17.780
v 240.600 152.123 -17.780
v 241.029 152.753 -17.780
v 241.254 153.481 -17.780
v 241.254 154.244 -17.780
v 241.029 154.972 -17.780
v 240.600 155.602 -17.780
v 240.004 156.078 -17.780
v 239.294 156.356 -17.780
v 238.534 156.413 -17.780
v 237.791 156.243 -17.780
v 237.130 155.862 -17.780
v 236.612 155.303 -17.780
v 236.281 154.616 -17.780
v 255.217 153.862 -17.780
v 255.331 153.109 -17.780
v 255.662 152.422 -17.780
v 256.180 151.863 -17.780
v 256.841 151.482 -17.780
v 257.584 151.312 -17.780
v 258.344 151.369 -17.780
v 259.054 151.647 -17.780
v 259.650 152.123 -17.780
v 260.079 152.753 -17.780
v 260.304 153.481 -17.780
v 260.304 154.244 -17.780
v 260.079 154.972 -17.780
v 259.650 155.602 -17.780
v 259.054 156.078 -17.780
v 258.344 156.356 -17.780
v 257.584 156.413 -17.780
v 256.841 156.243 -17.780
v 256.180 155.862 -17.780
v 255.662 155.303 -17.780
v 255.331 154.616 -17.780
v 274.267 153.862 -17.780
v 274.381 153.109 -17.780
v 274.712 152.422 -17.780
v 275.230 151.863 -17.780
v 275.891 151.482 -17.780
v 276.634 151.312 -17.780
v 277.394 151.369 -17.780
v 278.104 151.647 -17.780
v 278.700 152.123 -17.780
v 279.129 152.753 -17.780
v 279.354 153.481 -17.780
v 279.354 154.244 -17.780
v 279.129 154.972 -17.780
v 278.700 155.602 -17.780
v 278.104 156.078 -17.780
v 277.394 156.356 -17.780
v 276.634 156.413 -17.780
v 275.891 156.243 -17.780
v 275.230 155.862 -17.780
v 274.712 155.303 -17.780
v 274.381 154.616 -17.780
v 293.317 153.862 -17.780
v 293.431 153.109 -17.780
v 293.762 152.422 -17.780
v 294.280 151.863 -17.780
v 294.941 151.482 -17.780
v 295.684 151.312 -17.780
v 296.444 151.369 -17.780
v 297.154 151.647 -17.780
v 297.750 152.123 -17.780
v 298.179 152.753 -17.780
v 298.404 153.481 -17.780
v 298.404 154.244 -17.780
v 298.179 154.972 -17.780
v 297.750 155.602 -17.780
v 297.154 156.078 -17.780
v 296.444 156.356 -17.780
v 295.684 156.413 -17.780
v 294.941 156.243 -17.780
v 294.280 155.862 -17.780
v 293.762 155.303 -17.780
v 293.431 154.616 -17.780
v 7.567 134.812 -17.780
v 7.681 134.059 -17.780
v 8.012 133.372 -17.780
v 8.530 132.813 -17.780
v 9.191 132.432 -17.780
v 9.934 132.262 -17.780
v 10.694 132.319 -17.780
v 11.404 132.597 -17.780
v 12.000 133.073 -17.780
v 12.429 133.703 -17.780
v 12.654 134.431 -17.780
v 12.654 135.194 -17.780
v 12.429 135.922 -17.780
v 12.000 136.552 -17.780
v 11.404 137.028 -17.780
v 10.694 137.306 -17.780
v 9.934 137.363 -17.780
v 9.191 137.193 -17.780
v 8.530 136.812 -17.780
v 8.012 136.253 -17.780
v 7.681 135.566 -17.780
v 26.617 134.812 -17.780
v 26.731 134.059 -17.780
v 27.062 133.372 -17.780
v 27.580 132.813 -17.780
v 28.241 132.432 -17.780
v 28.984 132.262 -17.780
v 29.744 132.319 -17.780
v 30.454 132.597 -17.780
v 31.050 133.073 -17.780
v 31.479 133.703 -17.780
v 31.704 134.431 -17.780
v 31.704 135.194 -17.780
v 31.479 135.922 -17.780
v 31.050 136.552 -17.780
v 30.454 137.028 -17.780
v 29.744 137.306 -17.780
v 28.984 137.363 -17.780
v 28.241 137.193 -17.780
v 27.580 136.812 -17.780
v 27.062 136.253 -17.780
v 26.731 135.566 -17.780
v 45.667 134.812 -17.780
v 45.781 134.059 -17.780
v 46.112 133.372 -17.780
v 46.630 132.813 -17.780
v 47.291 132.432 -17.780
v 48.034 132.262 -17.780
v 48.794 132.319 -17.780
v 49.504 132.597 -17.780
v 50.100 133.073 -17.780
v 50.529 133.703 -17.780
v 50.754 134.431 -17.780
v 50.754 135.194 -17.780
v 50.529 135.922 -17.780
v 50.100 136.552 -17.780
v 49.504 137.028 -17.780
v 48.794 137.306 -17.780
v 48.034 137.363 -17.780
v 47.291 137.193 -17.780
v 46.630 136.812 -17.780
v 46.112 136.253 -17.780
v 45.781 135.566 -17.780
v 64.717 134.812 -17.780
v 64.831 134.059 -17.780
v 65.162 133.372 -17.780
v 65.680 132.813 -17.780
v 66.341 132.432 -17.780
v 67.084 132.262 -17.780
v 67.844 132.319 -17.780
v 68.554 132.597 -17.780
v 69.150 133.073 -17.780
v 69.579 133.703 -17.780
v 69.804 134.431 -17.780
v 69.804 135.194 -17.780
v 69.579 135.922 -17.780
v 69.150 136.552 -17.780
v 68.554 137.028 -17.780
v 67.844 137.306 -17.780
v 67.084 137.363 -17.780
v 66.341 137.193 -17.780
v 65.680 136.812 -17.780
v 65.162 136.253 -17.780
v 64.831 135.566 -17.780
v 83.767 134.812 -17.780
v 83.881 134.059 -17.780
v 84.212 133.372 -17.780
v 84.730 132.813 -17.780
v 85.391 132.432 -17.780
v 86.134 132.262 -17.780
v 86.894 132.319 -17.780
v 87.604 132.597 -17.780
v 88.200 133.073 -17.780
v 88.629 133.703 -17.780
v 88.854 134.431 -17.780
v 88.854 135.194 -17.780
v 88.629 135.922 -17.780
v 88.200 136.552 -17.780
v 87.604 137.028 -17.780
v 86.894 137.306 -17.780
v 86.134 137.363 -17.780
v 85.391 137.193 -17.780
v 84.730 136.812 -17.780
v 84.212 136.253 -17.780
v 83.881 135.566 -17.780
v 102.817 134.812 -17.780
v 102.931 134.059 -17.780
v 103.262 133.372 -17.780
v 103.780 132.813 -17.780
v 104.441 132.432 -17.780
v 105.184 132.262 -17.780
v 105.944 132.319 -17.780
v 106.654 132.597 -17.780
v 107.250 133.073 -17.780
v 107.679 133.703 -17.780
v 107.904 134.431 -17.780
v 107.904 135.194 -17.780
v 107.679 135.922 -17.780
v 107.250 136.552 -17.780
v 106.654 137.028 -17.780
v 105.944 137.306 -17.780
v 105.184 137.363 -17.780
v 104.441 137.193 -17.780
v 103.780 136.812 -17.780
v 103.262 136.253 -17.780
v 102.931 135.566 -17.780
v 121.867 134.812 -17.780
v 121.981 134.059 -17.780
v 122.312 133.372 -17.780
v 122.830 132.813 -17.780
v 123.491 132.432 -17.780
v 124.234 132.262 -17.780
v 124.994 132.319 -17.780
v 125.704 132.597 -17.780
v 126.300 133.073 -17.780
v 126.729 133.703 -17.780
v 126.954 134.431 -17.780
v 126.954 135.194 -17.780
v 126.729 135.922 -17.780
v 126.300 136.552 -17.780
v 125.704 137.028 -17.780
v 124.994 137.306 -17.780
v 124.234 137.363 -17.780
v 123.491 137.193 -17.780
v 122.830 136.812 -17.780
v 122.312 136.253 -17.780
v 121.981 135.566 -17.780
v 140.917 134.812 -17.780
v 141.031 134.059 -17.780
v 141.362 133.372 -17.780
v 141.880 132.813 -17.780
v 142.541 132.432 -17.780
v 143.284 132.262 -17.780
v 144.044 132.319 -17.780
v 144.754 132.597 -17.780
v 145.350 133.073 -17.780
v 145.779 133.703 -17.780
v 146.004 134.431 -17.780
v 146.004 135.194 -17.780
v 145.779 135.922 -17.780
v 145.350 136.552 -17.780
v 144.754 137.028 -17.780
v 144.044 137.306 -17.780
v 143.284 137.363 -17.780
v 142.541 137.193 -17.780
v 141.880 136.812 -17.780
v 141.362 136.253 -17.780
v 141.031 135.566 -17.780
v 159.967 134.812 -17.780
v 160.081 134.059 -17.780
v 160.412 133.372 -17.780
v 160.930 132.813 -17.780
v 161.591 132.432 -17.780
v 162.334 132.262 -17.780
v 163.094 132.319 -17.780
v 163.804 132.597 -17.780
v 164.400 133.073 -17.780
v 164.829 133.703 -17.780
v 165.054 134.431 -17.780
v 165.054 135.194 -17.780
v 164.829 135.922 -17.780
v 164.400 136.552 -17.780
v 163.804 137.028 -17.780
v 163.094 137.306 -17.780
v 162.334 137.363 -17.780
v 161.591 137.193 -17.780
v 160.930 136.812 -17.780
v 160.412 136.253 -17.780
v 160.081 135.566 -17.780
v 179.017 134.812 -17.780
v 179.131 134.059 -17.780
v 179.462 133.372 -17.780
v 179.980 132.813 -17.780
v 180.641 132.432 -17.780
v 181.384 132.262 -17.780
v 182.144 132.319 -17.780
v 182.854 132.597 -17.780
v 183.450 133.073 -17.780
v 183.879 133.703 -17.780
v 184.104 134.431 -17.780
v 184.104 135.194 -17.780
v 183.879 135.922 -17.780
v 183.450 136.552 -17.780
v 182.854 137.028 -17.780
v 182.144 137.306 -17.780
v 181.384 137.363 -17.780
v 180.641 137.193 -17.780
v 179.980 136.812 -17.780
v 179.462 136.253 -17.780
v 179.131 135.566 -17.780
v 198.067 134.812 -17.780
v 198.181 134.059 -17.780
v 198.512 133.372 -17.780
v 199.030 132.813 -17.780
v 199.691 132.432 -17.780
v 200.434 132.262 -17.780
v 201.194 132.319 -17.780
v 201.904 132.597 -17.780
v 202.500 133.073 -17.780
v 202.929 133.703 -17.780
v 203.154 134.431 -17.780
v 203.154 135.194 -17.780
v 202.929 135.922 -17.780
v 202.500 136.552 -17.780
v 201.904 137.028 -17.780
v 201.194 137.306 -17.780
v 200.434 137.363 -17.780
v 199.691 137.193 -17.780
v 199.030 136.812 -17.780
v 198.512 136.253 -17.780
v 198.181 135.566 -17.780
v 217.117 134.812 -17.780
v 217.231 134.059 -17.780
v 217.562 133.372 -17.780
v 218.080 132.813 -17.780
v 218.741 132.432 -17.780
v 219.484 132.262 -17.780
v 220.244 132.319 -17.780
v 220.954 132.597 -17.780
v 221.550 133.073 -17.780
v 221.979 133.703 -17.780
v 222.204 134.431 -17.780
v 222.204 135.194 -17.780
v 221.979 135.922 -17.780
v 221.550 136.552 -17.780
v 220.954 137.028 -17.780
v 220.244 137.306 -17.780
v 219.484 137.363 -17.780
v 218.741 137.193 -17.780
v 218.080 136.812 -17.780
v 217.562 136.253 -17.780
v 217.231 135.566 -17.780
v 236.167 134.812 -17.780
v 236.281 134.059 -17.780
v 236.612 133.372 -17.780
v 237.130 132.813 -17.780
v 237.791 132.432 -17.780
v 238.534 132.262 -17.780
v 239.294 132.319 -17.780
v 240.004 132.597 -17.780
v 240.600 133.073 -17.780
v 241.029 133.703 -17.780
v 241.254 134.431 -17.780
v 241.254 135.194 -17.780
v 241.029 135.922 -17.780
v 240.600 136.552 -17.780
v 240.004 137.028 -17.780
v 239.294 137.306 -17.780
v 238.534 137.363 -17.780
v 237.791 137.193 -17.780
v 237.130 136.812 -17.780
v 236.612 136.253 -17.780
v 236.281 135.566 -17.780
v 274.267 134.812 -17.780
v 274.381 134.059 -17.780
v 274.712 133.372 -17.780
v 275.230 132.813 -17.780
v 275.891 132.432 -17.780
v 276.634 132.262 -17.780
v 277.394 132.319 -17.780
v 278.104 132.597 -17.780
v 278.700 133.073 -17.780
v 279.129 133.703 -17.780
v 279.354 134.431 -17.780
v 279.354 135.194 -17.780
v 279.129 135.922 -17.780
v 278.700 136.552 -17.780
v 278.104 137.028 -17.780
v 277.394 137.306 -17.780
v 276.634 137.363 -17.780
v 275.891 137.193 -17.780
v 275.230 136.812 -17.780
v 274.712 136.253 -17.780
v 274.381 135.566 -17.780
v 293.317 134.812 -17.780
v 293.431 134.059 -17.780
v 293.762 133.372 -17.780
v 294.280 132.813 -17.780
v 294.941 132.432 -17.780
v 295.684 132.262 -17.780
v 296.444 132.319 -17.780
v 297.154 132.597 -17.780
v 297.750 133.073 -17.780
v 298.179 133.703 -17.780
v 298.404 134.431 -17.780
v 298.404 135.194 -17.780
v 298.179 135.922 -17.780
v 297.750 136.552 -17.780
v 297.154 137.028 -17.780
v 296.444 137.306 -17.780
v 295.684 137.363 -17.780
v 294.941 137.193 -17.780
v 294.280 136.812 -17.780
v 293.762 136.253 -17.780
v 293.431 135.566 -17.780
v 7.567 115.763 -17.780
v 7.681 115.009 -17.780
v 8.012 114.322 -17.780
v 8.530 113.763 -17.780
v 9.191 113.382 -17.780
v 9.934 113.212 -17.780
v 10.694 113.269 -17.780
v 11.404 113.547 -17.780
v 12.000 114.023 -17.780
v 12.429 114.653 -17.780
v 12.654 115.381 -17.780
v 12.654 116.144 -17.780
v 12.429 116.872 -17.780
v 12.000 117.502 -17.780
v 11.404 117.978 -17.780
v 10.694 118.256 -17.780
v 9.934 118.313 -17.780
v 9.191 118.143 -17.780
v 8.530 117.762 -17.780
v 8.012 117.203 -17.780
v 7.681 116.516 -17.780
v 26.617 115.763 -17.780
v 26.731 115.009 -17.780
v 27.062 114.322 -17.780
v 27.580 113.763 -17.780
v 28.241 113.382 -17.780
v 28.984 113.212 -17.780
v 29.744 113.269 -17.780
v 30.454 113.547 -17.780
v 31.050 114.023 -17.780
v 31.479 114.653 -17.780
v 31.704 115.381 -17.780
v 31.704 116.144 -17.780
v 31.479 116.872 -17.780
v 31.050 117.502 -17.780
v 30.454 117.978 -17.780
v 29.744 118.256 -17.780
v 28.984 118.313 -17.780
v 28.241 118.143 -17.780
v 27.580 117.762 -17.780
v 27.062 117.203 -17.780
v 26.731 116.516 -17.780
v 45.667 115.763 -17.780
v 45.781 115.009 -17.780
v 46.112 114.322 -17.780
v 46.630 113.763 -17.780
v 47.291 113.382 -17.780
v 48.034 113.212 -17.780
v 48.794 113.269 -17.780
v 49.504 113.547 -17.780
v 50.100 114.023 -17.780
v 50.529 114.653 -17.780
v 50.754 115.381 -17.780
v 50.754 116.144 -17.780
v 50.529 116.872 -17.780
v 50.100 117.502 -17.780
v 49.504 117.978 -17.780
v 48.794 118.256 -17.780
v 48.034 118.313 -17.780
v 47.291 118.143 -17.780
v 46.630 117.762 -17.780
v 46.112 117.203 -17.780
v 45.781 116.516 -17.780
v 64.717 115.763 -17.780
v 64.831 115.009 -17.780
v 65.162 114.322 -17.780
v 65.680 113.763 -17.780
v 66.341 113.382 -17.780
v 67.084 113.212 -17.780
v 67.844 113.269 -17.780
v 68.554 113.547 -17.780
v 69.150 114.023 -17.780
v 69.579 114.653 -17.780
v 69.804 115.381 -17.780
v 69.804 116.144 -17.780
v 69.579 116.872 -17.780
v 69.150 117.502 -17.780
v 68.554 117.978 -17.780
v 67.844 118.256 -17.780
v 67.084 118.313 -17.780
v 66.341 118.143 -17.780
v 65.680 117.762 -17.780
v 65.162 117.203 -17.780
v 64.831 116.516 -17.780
v 102.817 115.763 -17.780
v 102.931 115.009 -17.780
v 103.262 114.322 -17.780
v 103.780 113.763 -17.780
v 104.441 113.382 -17.780
v 105.184 113.212 -17.780
v 105.944 113.269 -17.780
v 106.654 113.547 -17.780
v 107.250 114.023 -17.780
v 107.679 114.653 -17.780
v 107.904 115.381 -17.780
v 107.904 116.144 -17.780
v 107.679 116.872 -17.780
v 107.250 117.502 -17.780
v 106.654 117.978 -17.780
v 105.944 118.256 -17.780
v 105.184 118.313 -17.780
v 104.441 118.143 -17.780
v 103.780 117.762 -17.780
v 103.262 117.203 -17.780
v 102.931 116.516 -17.780
v 121.867 115.763 -17.780
v 121.981 115.009 -17.780
v 122.312 114.322 -17.780
v 122.830 113.763 -17.780
v 123.491 113.382 -17.780
v 124.234 113.212 -17.780
v 124.994 113.269 -17.780
v 125.704 113.547 -17.780
v 126.300 114.023 -17.780
v 126.729 114.653 -17.780
v 126.954 115.381 -17.780
v 126.954 116.144 -17.780
v 126.729 116.872 -17.780
v 126.300 117.502 -17.780
v 125.704 117.978 -17.780
v 124.994 118.256 -17.780
v 124.234 118.313 -17.780
v 123.491 118.143 -17.780
v 122.830 117.762 -17.780
v 122.312 117.203 -17.780
v 121.981 116.516 -17.780
v 140.917 115.763 -17.780
v 141.031 115.009 -17.780
v 141.362 114.322 -17.780
v 141.880 113.763 -17.780
v 142.541 113.382 -17.780
v 143.284 113.212 -17.780
v 144.044 113.269 -17.780
v 144.754 113.547 -17.780
v 145.350 114.023 -17.780
v 145.779 114.653 -17.780
v 146.004 115.381 -17.780
v 146.004 116.144 -17.780
v 145.779 116.872 -17.780
v 145.350 117.502 -17.780
v 144.754 117.978 -17.780
v 144.044 118.256 -17.780
v 143.284 118.313 -17.780
v 142.541 118.143 -17.780
v 141.880 117.762 -17.780
v 141.362 117.203 -17.780
v 141.031 116.516 -17.780
v 179.017 115.763 -17.780
v 179.131 115.009 -17.780
v 179.462 114.322 -17.780
v 179.980 113.763 -17.780
v 180.641 113.382 -17.780
v 181.384 113.212 -17.780
v 182.144 113.269 -17.780
v 182.854 113.547 -17.780
v 183.450 114.023 -17.780
v 183.879 114.653 -17.780
v 184.104 115.381 -17.780
v 184.104 116.144 -17.780
v 183.879 116.872 -17.780
v 183.450 117.502 -17.780
v 182.854 117.978 -17.780
v 182.144 118.256 -17.780
v 181.384 118.313 -17.780
v 180.641 118.143 -17.780
v 179.980 117.762 -17.780
v 179.462 117.203 -17.780
v 179.131 116.516 -17.780
v 198.067 115.763 -17.780
v 198.181 115.009 -17.780
v 198.512 114.322 -17.780
v 199.030 113.763 -17.780
v 199.691 113.382 -17.780
v 200.434 113.212 -17.780
v 201.194 113.269 -17.780
v 201.904 113.547 -17.780
v 202.500 114.023 -17.780
v 202.929 114.653 -17.780
v 203.154 115.381 -17.780
v 203.154 116.144 -17.780
v 202.929 116.872 -17.780
v 202.500 117.502 -17.780
v 201.904 117.978 -17.780
v 201.194 118.256 -17.780
v 200.434 118.313 -17.780
v 199.691 118.143 -17.780
v 199.030 117.762 -17.780
v 198.512 117.203 -17.780
v 198.181 116.516 -17.780
v 217.117 115.763 -17.780
v 217.231 115.009 -17.780
v 217.562 114.322 -17.780
v 218.080 113.763 -17.780
v 218.741 113.382 -17.780
v 219.484 113.212 -17.780
v 220.244 113.269 -17.780
v 220.954 113.547 -17.780
v 221.550 114.023 -17.780
v 221.979 114.653 -17.780
v 222.204 115.381 -17.780
v 222.204 116.144 -17.780
v 221.979 116.872 -17.780
v 221.550 117.502 -17.780
v 220.954 117.978 -17.780
v 220.244 118.256 -17.780
v 219.484 118.313 -17.780
v 218.741 118.143 -17.780
v 218.080 117.762 -17.780
v 217.562 117.203 -17.780
v 217.231 116.516 -17.780
v 236.167 115.763 -17.780
v 236.281 115.009 -17.780
v 236.612 114.322 -17.780
v 237.130 113.763 -17.780
v 237.791 113.382 -17.780
v 238.534 113.212 -17.780
v 239.294 113.269 -17.780
v 240.004 113.547 -17.780
v 240.600 114.023 -17.780
v 241.029 114.653 -17.780
v 241.254 115.381 -17.780
v 241.254 116.144 -17.780
v 241.029 116.872 -17.780
v 240.600 117.502 -17.780
v 240.004 117.978 -17.780
v 239.294 118.256 -17.780
v 238.534 118.313 -17.780
v 237.791 118.143 -17.780
v 237.130 117.762 -17.780
v 236.612 117.203 -17.780
v 236.281 116.516 -17.780
v 274.267 115.763 -17.780
v 274.381 115.009 -17.780
v 274.712 114.322 -17.780
v 275.230 113.763 -17.780
v 275.891 113.382 -17.780
v 276.634 113.212 -17.780
v 277.394 113.269 -17.780
v 278.104 113.547 -17.780
v 278.700 114.023 -17.780
v 279.129 114.653 -17.780
v 279.354 115.381 -17.780
v 279.354 116.144 -17.780
v 279.129 116.872 -17.780
v 278.700 117.502 -17.780
v 278.104 117.978 -17.780
v 277.394 118.256 -17.780
v 276.634 118.313 -17.780
v 275.891 118.143 -17.780
v 275.230 117.762 -17.780
v 274.712 117.203 -17.780
v 274.381 116.516 -17.780
v 293.317 115.763 -17.780
v 293.431 115.009 -17.780
v 293.762 114.322 -17.780
v 294.280 113.763 -17.780
v 294.941 113.382 -17.780
v 295.684 113.212 -17.780
v 296.444 113.269 -17.780
v 297.154 113.547 -17.780
v 297.750 114.023 -17.780
v 298.179 114.653 -17.780
v 298.404 115.381 -17.780
v 298.404 116.144 -17.780
v 298.179 116.872 -17.780
v 297.750 117.502 -17.780
v 297.154 117.978 -17.780
v 296.444 118.256 -17.780
v 295.684 118.313 -17.780
v 294.941 118.143 -17.780
v 294.280 117.762 -17.780
v 293.762 117.203 -17.780
v 293.431 116.516 -17.780
v 26.617 96.713 -17.780
v 26.731 95.959 -17.780
v 27.062 95.272 -17.780
v 27.580 94.713 -17.780
v 28.241 94.332 -17.780
v 28.984 94.162 -17.780
v 29.744 94.219 -17.780
v 30.454 94.497 -17.780
v 31.050 94.973 -17.780
v 31.479 95.603 -17.780
v 31.704 96.331 -17.780
v 31.704 97.094 -17.780
v 31.479 97.822 -17.780
v 31.050 98.452 -17.780
v 30.454 98.928 -17.780
v 29.744 99.206 -17.780
v 28.984 99.263 -17.780
v 28.241 99.093 -17.780
v 27.580 98.712 -17.780
v 27.062 98.153 -17.780
v 26.731 97.466 -17.780
v 45.667 96.713 -17.780
v 45.781 95.959 -17.780
v 46.112 95.272 -17.780
v 46.630 94.713 -17.780
v 47.291 94.332 -17.780
v 48.034 94.162 -17.780
v 48.794 94.219 -17.780
v 49.504 94.497 -17.780
v 50.100 94.973 -17.780
v 50.529 95.603 -17.780
v 50.754 96.331 -17.780
v 50.754 97.094 -17.780
v 50.529 97.822 -17.780
v 50.100 98.452 -17.780
v 49.504 98.928 -17.780
v 48.794 99.206 -17.780
v 48.034 99.263 -17.780
v 47.291 99.093 -17.780
v 46.630 98.712 -17.780
v 46.112 98.153 -17.780
v 45.781 97.466 -17.780
v 64.717 96.713 -17.780
v 64.831 95.959 -17.780
v 65.162 95.272 -17.780
v 65.680 94.713 -17.780
v 66.341 94.332 -17.780
v 67.084 94.162 -17.780
v 67.844 94.219 -17.780
v 68.554 94.497 -17.780
v 69.150 94.973 -17.780
v 69.579 95.603 -17.780
v 69.804 96.331 -17.780
v 69.804 97.094 -17.780
v 69.579 97.822 -17.780
v 69.150 98.452 -17.780
v 68.554 98.928 -17.780
v 67.844 99.206 -17.780
v 67.084 99.263 -17.780
v 66.341 99.093 -17.780
v 65.680 98.712 -17.780
v 65.162 98.153 -17.780
v 64.831 97.466 -17.780
v 83.767 96.713 -17.780
v 83.881 95.959 -17.780
v 84.212 95.272 -17.780
v 84.730 94.713 -17.780
v 85.391 94.332 -17.780
v 86.134 94.162 -17.780
v 86.894 94.219 -17.780
v 87.604 94.497 -17.780
v 88.200 94.973 -17.780
v 88.629 95.603 -17.780
v 88.854 96.331 -17.780
v 88.854 97.094 -17.780
v 88.629 97.822 -17.780
v 88.200 98.452 -17.780
v 87.604 98.928 -17.780
v 86.894 99.206 -17.780
v 86.134 99.263 -17.780
v 85.391 99.093 -17.780
v 84.730 98.712 -17.780
v 84.212 98.153 -17.780
v 83.881 97.466 -17.780
v 121.867 96.713 -17.780
v 121.981 95.959 -17.780
v 122.312 95.272 -17.780
v 122.830 94.713 -17.780
v 123.491 94.332 -17.780
v 124.234 94.162 -17.780
v 124.994 94.219 -17.780
v 125.704 94.497 -17.780
v 126.300 94.973 -17.780
v 126.729 95.603 -17.780
v 126.954 96.331 -17.780
v 126.954 97.094 -17.780
v 126.729 97.822 -17.780
v 126.300 98.452 -17.780
v 125.704 98.928 -17.780
v 124.994 99.206 -17.780
v 124.234 99.263 -17.780
v 123.491 99.093 -17.780
v 122.830 98.712 -17.780
v 122.312 98.153 -17.780
v 121.981 97.466 -17.780
v 140.917 96.713 -17.780
v 141.031 95.959 -17.780
v 141.362 95.272 -17.780
v 141.880 94.713 -17.780
v 142.541 94.332 -17.780
v 143.284 94.162 -17.780
v 144.044 94.219 -17.780
v 144.754 94.497 -17.780
v 145.350 94.973 -17.780
v 145.779 95.603 -17.780
v 146.004 96.331 -17.780
v 146.004 97.094 -17.780
v 145.779 97.822 -17.780
v 145.350 98.452 -17.780
v 144.754 98.928 -17.780
v 144.044 99.206 -17.780
v 143.284 99.263 -17.780
v 142.541 99.093 -17.780
v 141.880 98.712 -17.780
v 141.362 98.153 -17.780
v 141.031 97.466 -17.780
v 159.967 96.713 -17.780
v 160.081 95.959 -17.780
v 160.412 95.272 -17.780
v 160.930 94.713 -17.780
v 161.591 94.332 -17.780
v 162.334 94.162 -17.780
v 163.094 94.219 -17.780
v 163.804 94.497 -17.780
v 164.400 94.973 -17.780
v 164.829 95.603 -17.780
v 165.054 96.331 -17.780
v 165.054 97.094 -17.780
v 164.829 97.822 -17.780
v 164.400 98.452 -17.780
v 163.804 98.928 -17.780
v 163.094 99.206 -17.780
v 162.334 99.263 -17.780
v 161.591 99.093 -17.780
v 160.930 98.712 -17.780
v 160.412 98.153 -17.780
v 160.081 97.466 -17.780
v 179.017 96.713 -17.780
v 179.131 95.959 -17.780
v 179.462 95.272 -17.780
v 179.980 94.713 -17.780
v 180.641 94.332 -17.780
v 181.384 94.162 -17.780
v 182.144 94.219 -17.780
v 182.854 94.497 -17.780
v 183.450 94.973 -17.780
v 183.879 95.603 -17.780
v 184.104 96.331 -17.780
v 184.104 97.094 -17.780
v 183.879 97.822 -17.780
v 183.450 98.452 -17.780
v 182.854 98.928 -17.780
v 182.144 99.206 -17.780
v 181.384 99.263 -17.780
v 180.641 99.093 -17.780
v 179.980 98.712 -17.780
v 179.462 98.153 -17.780
v 179.131 97.466 -17.780
v 198.067 96.713 -17.780
v 198.181 95.959 -17.780
v 198.512 95.272 -17.780
v 199.030 94.713 -17.780
v 199.691 94.332 -17.780
v 200.434 94.162 -17.780
v 201.194 94.219 -17.780
v 201.904 94.497 -17.780
v 202.500 94.973 -17.780
v 202.929 95.603 -17.780
v 203.154 96.331 -17.780
v 203.154 97.094 -17.780
v 202.929 97.822 -17.780
v 202.500 98.452 -17.780
v 201.904 98.928 -17.780
v 201.194 99.206 -17.780
v 200.434 99.263 -17.780
v 199.691 99.093 -17.780
v 199.030 98.712 -17.780
v 198.512 98.153 -17.780
v 198.181 97.466 -17.780
v 217.117 96.713 -17.780
v 217.231 95.959 -17.780
v 217.562 95.272 -17.780
v 218.080 94.713 -17.780
v 218.741 94.332 -17.780
v 219.484 94.162 -17.780
v 220.244 94.219 -17.780
v 220.954 94.497 -17.780
v 221.550 94.973 -17.780
v 221.979 95.603 -17.780
v 222.204 96.331 -17.780
v 222.204 97.094 -17.780
v 221.979 97.822 -17.780
v 221.550 98.452 -17.780
v 220.954 98.928 -17.780
v 220.244 99.206 -17.780
v 219.484 99.263 -17.780
v 218.741 99.093 -17.780
v 218.080 98.712 -17.780
v 217.562 98.153 -17.780
v 217.231 97.466 -17.780
v 236.167 96.713 -17.780
v 236.281 95.959 -17.780
v 236.612 95.272 -17.780
v 237.130 94.713 -17.780
v 237.791 94.332 -17.780
v 238.534 94.162 -17.780
v 239.294 94.219 -17.780
v 240.004 94.497 -17.780
v 240.600 94.973 -17.780
v 241.029 95.603 -17.780
v 241.254 96.331 -17.780
v 241.254 97.094 -17.780
v 241.029 97.822 -17.780
v 240.600 98.452 -17.780
v 240.004 98.928 -17.780
v 239.294 99.206 -17.780
v 238.534 99.263 -17.780
v 237.791 99.093 -17.780
v 237.130 98.712 -17.780
v 236.612 98.153 -17.780
v 236.281 97.466 -17.780
v 274.267 96.713 -17.780
v 274.381 95.959 -17.780
v 274.712 95.272 -17.780
v 275.230 94.713 -17.780
v 275.891 94.332 -17.780
v 276.634 94.162 -17.780
v 277.394 94.219 -17.780
v 278.104 94.497 -17.780
v 278.700 94.973 -17.780
v 279.129 95.603 -17.780
v 279.354 96.331 -17.780
v 279.354 97.094 -17.780
v 279.129 97.822 -17.780
v 278.700 98.452 -17.780
v 278.104 98.928 -17.780
v 277.394 99.206 -17.780
v 276.634 99.263 -17.780
v 275.891 99.093 -17.780
v 275.230 98.712 -17.780
v 274.712 98.153 -17.780
v 274.381 97.466 -17.780
v 26.617 77.662 -17.780
v 26.731 76.909 -17.780
v 27.062 76.222 -17.780
v 27.580 75.663 -17.780
v 28.241 75.282 -17.780
v 28.984 75.112 -17.780
v 29.744 75.169 -17.780
v 30.454 75.447 -17.780
v 31.050 75.923 -17.780
v 31.479 76.553 -17.780
v 31.704 77.281 -17.780
v 31.704 78.044 -17.780
v 31.479 78.772 -17.780
v 31.050 79.402 -17.780
v 30.454 79.878 -17.780
v 29.744 80.156 -17.780
v 28.984 80.213 -17.780
v 28.241 80.043 -17.780
v 27.580 79.662 -17.780
v 27.062 79.103 -17.780
v 26.731 78.416 -17.780
v 45.667 77.662 -17.780
v 45.781 76.909 -17.780
v 46.112 76.222 -17.780
v 46.630 75.663 -17.780
v 47.291 75.282 -17.780
v 48.034 75.112 -17.780
v 48.794 75.169 -17.780
v 49.504 75.447 -17.780
v 50.100 75.923 -17.780
v 50.529 76.553 -17.780
v 50.754 77.281 -17.780
v 50.754 78.044 -17.780
v 50.529 78.772 -17.780
v 50.100 79.402 -17.780
v 49.504 79.878 -17.780
v 48.794 80.156 -17.780
v 48.034 80.213 -17.780
v 47.291 80.043 -17.780
v 46.630 79.662 -17.780
v 46.112 79.103 -17.780
v 45.781 78.416 -17.780
v 64.717 77.662 -17.780
v 64.831 76.909 -17.780
v 65.162 76.222 -17.780
v 65.680 75.663 -17.780
v 66.341 75.282 -17.780
v 67.084 75.112 -17.780
v 67.844 75.169 -17.780
v 68.554 75.447 -17.780
v 69.150 75.923 -17.780
v 69.579 76.553 -17.780
v 69.804 77.281 -17.780
v 69.804 78.044 -17.780
v 69.579 78.772 -17.780
v 69.150 79.402 -17.780
v 68.554 79.878 -17.780
v 67.844 80.156 -17.780
v 67.084 80.213 -17.780
v 66.341 80.043 -17.780
v 65.680 79.662 -17.780
v 65.162 79.103 -17.780
v 64.831 78.416 -17.780
v 274.267 77.662 -17.780
v 274.381 76.909 -17.780
v 274.712 76.222 -17.780
v 275.230 75.663 -17.780
v 275.891 75.282 -17.780
v 276.634 75.112 -17.780
v 277.394 75.169 -17.780
v 278.104 75.447 -17.780
v 278.700 75.923 -17.780
v 279.129 76.553 -17.780
v 279.354 77.281 -17.780
v 279.354 78.044 -17.780
v 279.129 78.772 -17.780
v 278.700 79.402 -17.780
v 278.104 79.878 -17.780
v 277.394 80.156 -17.780
v 276.634 80.213 -17.780
v 275.891 80.043 -17.780
v 275.230 79.662 -17.780
v 274.712 79.103 -17.780
v 274.381 78.416 -17.780
v 293.317 77.662 -17.780
v 293.431 76.909 -17.780
v 293.762 76.222 -17.780
v 294.280 75.663 -17.780
v 294.941 75.282 -17.780
v 295.684 75.112 -17.780
v 296.444 75.169 -17.780
v 297.154 75.447 -17.780
v 297.750 75.923 -17.780
v 298.179 76.553 -17.780
v 298.404 77.281 -17.780
v 298.404 78.044 -17.780
v 298.179 78.772 -17.780
v 297.750 79.402 -17.780
v 297.154 79.878 -17.780
v 296.444 80.156 -17.780
v 295.684 80.213 -17.780
v 294.941 80.043 -17.780
v 294.280 79.662 -17.780
v 293.762 79.103 -17.780
v 293.431 78.416 -17.780
v 26.617 58.612 -17.780
v 26.731 57.859 -17.780
v 27.062 57.172 -17.780
v 27.580 56.613 -17.780
v 28.241 56.232 -17.780
v 28.984 56.062 -17.780
v 29.744 56.119 -17.780
v 30.454 56.397 -17.780
v 31.050 56.873 -17.780
v 31.479 57.503 -17.780
v 31.704 58.231 -17.780
v 31.704 58.994 -17.780
v 31.479 59.722 -17.780
v 31.050 60.352 -17.780
v 30.454 60.828 -17.780
v 29.744 61.106 -17.780
v 28.984 61.163 -17.780
v 28.241 60.993 -17.780
v 27.580 60.612 -17.780
v 27.062 60.053 -17.780
v 26.731 59.366 -17.780
v 64.717 58.612 -17.780
v 64.831 57.859 -17.780
v 65.162 57.172 -17.780
v 65.680 56.613 -17.780
v 66.341 56.232 -17.780
v 67.084 56.062 -17.780
v 67.844 56.119 -17.780
v 68.554 56.397 -17.780
v 69.150 56.873 -17.780
v 69.579 57.503 -17.780
v 69.804 58.231 -17.780
v 69.804 58.994 -17.780
v 69.579 59.722 -17.780
v 69.150 60.352 -17.780
v 68.554 60.828 -17.780
v 67.844 61.106 -17.780
v 67.084 61.163 -17.780
v 66.341 60.993 -17.780
v 65.680 60.612 -17.780
v 65.162 60.053 -17.780
v 64.831 59.366 -17.780
v 83.767 58.612 -17.780
v 83.881 57.859 -17.780
v 84.212 57.172 -17.780
v 84.730 56.613 -17.780
v 85.391 56.232 -17.780
v 86.134 56.062 -17.780
v 86.894 56.119 -17.780
v 87.604 56.397 -17.780
v 88.200 56.873 -17.780
v 88.629 57.503 -17.780
v 88.854 58.231 -17.780
v 88.854 58.994 -17.780
v 88.629 59.722 -17.780
v 88.200 60.352 -17.780
v 87.604 60.828 -17.780
v 86.894 61.106 -17.780
v 86.134 61.163 -17.780
v 85.391 60.993 -17.780
v 84.730 60.612 -17.780
v 84.212 60.053 -17.780
v 83.881 59.366 -17.780
v 102.817 58.612 -17.780
v 102.931 57.859 -17.780
v 103.262 57.172 -17.780
v 103.780 56.613 -17.780
v 104.441 56.232 -17.780
v 105.184 56.062 -17.780
v 105.944 56.119 -17.780
v 106.654 56.397 -17.780
v 107.250 56.873 -17.780
v 107.679 57.503 -17.780
v 107.904 58.231 -17.780
v 107.904 58.994 -17.780
v 107.679 59.722 -17.780
v 107.250 60.352 -17.780
v 106.654 60.828 -17.780
v 105.944 61.106 -17.780
v 105.184 61.163 -17.780
v 104.441 60.993 -17.780
v 103.780 60.612 -17.780
v 103.262 60.053 -17.780
v 102.931 59.366 -17.780
v 140.917 58.612 -17.780
v 141.031 57.859 -17.780
v 141.362 57.172 -17.780
v 141.880 56.613 -17.780
v 142.541 56.232 -17.780
v 143.284 56.062 -17.780
v 144.044 56.119 -17.780
v 144.754 56.397 -17.780
v 145.350 56.873 -17.780
v 145.779 57.503 -17.780
v 146.004 58.231 -17.780
v 146.004 58.994 -17.780
v 145.779 59.722 -17.780
v 145.350 60.352 -17.780
v 144.754 60.828 -17.780
v 144.044 61.106 -17.780
v 143.284 61.163 -17.780
v 142.541 60.993 -17.780
v 141.880 60.612 -17.780
v 141.362 60.053 -17.780
v 141.031 59.366 -17.780
v 159.967 58.612 -17.780
v 160.081 57.859 -17.780
v 160.412 57.172 -17.780
v 160.930 56.613 -17.780
v 161.591 56.232 -17.780
v 162.334 56.062 -17.780
v 163.094 56.119 -17.780
v 163.804 56.397 -17.780
v 164.400 56.873 -17.780
v 164.829 57.503 -17.780
v 165.054 58.231 -17.780
v 165.054 58.994 -17.780
v 164.829 59.722 -17.780
v 164.400 60.352 -17.780
v 163.804 60.828 -17.780
v 163.094 61.106 -17.780
v 162.334 61.163 -17.780
v 161.591 60.993 -17.780
v 160.930 60.612 -17.780
v 160.412 60.053 -17.780
v 160.081 59.366 -17.780
v 198.067 58.612 -17.780
v 198.181 57.859 -17.780
v 198.512 57.172 -17.780
v 199.030 56.613 -17.780
v 199.691 56.232 -17.780
v 200.434 56.062 -17.780
v 201.194 56.119 -17.780
v 201.904 56.397 -17.780
v 202.500 56.873 -17.780
v 202.929 57.503 -17.780
v 203.154 58.231 -17.780
v 203.154 58.994 -17.780
v 202.929 59.722 -17.780
v 202.500 60.352 -17.780
v 201.904 60.828 -17.780
v 201.194 61.106 -17.780
v 200.434 61.163 -17.780
v 199.691 60.993 -17.780
v 199.030 60.612 -17.780
v 198.512 60.053 -17.780
v 198.181 59.366 -17.780
v 217.117 58.612 -17.780
v 217.231 57.859 -17.780
v 217.562 57.172 -17.780
v 218.080 56.613 -17.780
v 218.741 56.232 -17.780
v 219.484 56.062 -17.780
v 220.244 56.119 -17.780
v 220.954 56.397 -17.780
v 221.550 56.873 -17.780
v 221.979 57.503 -17.780
v 222.204 58.231 -17.780
v 222.204 58.994 -17.780
v 221.979 59.722 -17.780
v 221.550 60.352 -17.780
v 220.954 60.828 -17.780
v 220.244 61.106 -17.780
v 219.484 61.163 -17.780
v 218.741 60.993 -17.780
v 218.080 60.612 -17.780
v 217.562 60.053 -17.780
v 217.231 59.366 -17.780
v 236.167 58.612 -17.780
v 236.281 57.859 -17.780
v 236.612 57.172 -17.780
v 237.130 56.613 -17.780
v 237.791 56.232 -17.780
v 238.534 56.062 -17.780
v 239.294 56.119 -17.780
v 240.004 56.397 -17.780
v 240.600 56.873 -17.780
v 241.029 57.503 -17.780
v 241.254 58.231 -17.780
v 241.254 58.994 -17.780
v 241.029 59.722 -17.780
v 240.600 60.352 -17.780
v 240.004 60.828 -17.780
v 239.294 61.106 -17.780
v 238.534 61.163 -17.780
v 237.791 60.993 -17.780
v 237.130 60.612 -17.780
v 236.612 60.053 -17.780
v 236.281 59.366 -17.780
v 255.217 58.612 -17.780
v 255.331 57.859 -17.780
v 255.662 57.172 -17.780
v 256.180 56.613 -17.780
v 256.841 56.232 -17.780
v 257.584 56.062 -17.780
v 258.344 56.119 -17.780
v 259.054 56.397 -17.780
v 259.650 56.873 -17.780
v 260.079 57.503 -17.780
v 260.304 58.231 -17.780
v 260.304 58.994 -17.780
v 260.079 59.722 -17.780
v 259.650 60.352 -17.780
v 259.054 60.828 -17.780
v 258.344 61.106 -17.780
v 257.584 61.163 -17.780
v 256.841 60.993 -17.780
v 256.180 60.612 -17.780
v 255.662 60.053 -17.780
v 255.331 59.366 -17.780
v 274.267 58.612 -17.780
v 274.381 57.859 -17.780
v 274.712 57.172 -17.780
v 275.230 56.613 -17.780
v 275.891 56.232 -17.780
v 276.634 56.062 -17.780
v 277.394 56.119 -17.780
v 278.104 56.397 -17.780
v 278.700 56.873 -17.780
v 279.129 57.503 -17.780
v 279.354 58.231 -17.780
v 279.354 58.994 -17.780
v 279.129 59.722 -17.780
v 278.700 60.352 -17.780
v 278.104 60.828 -17.780
v 277.394 61.106 -17.780
v 276.634 61.163 -17.780
v 275.891 60.993 -17.780
v 275.230 60.612 -17.780
v 274.712 60.053 -17.780
v 274.381 59.366 -17.780
v 293.317 58.612 -17.780
v 293.431 57.859 -17.780
v 293.762 57.172 -17.780
v 294.280 56.613 -17.780
v 294.941 56.232 -17.780
v 295.684 56.062 -17.780
v 296.444 56.119 -17.780
v 297.154 56.397 -17.780
v 297.750 56.873 -17.780
v 298.179 57.503 -17.780
v 298.404 58.231 -17.780
v 298.404 58.994 -17.780
v 298.179 59.722 -17.780
v 297.750 60.352 -17.780
v 297.154 60.828 -17.780
v 296.444 61.106 -17.780
v 295.684 61.163 -17.780
v 294.941 60.993 -17.780
v 294.280 60.612 -17.780
v 293.762 60.053 -17.780
v 293.431 59.366 -17.780
v 26.617 39.562 -17.780
v 26.731 38.809 -17.780
v 27.062 38.122 -17.780
v 27.580 37.563 -17.780
v 28.241 37.182 -17.780
v 28.984 37.012 -17.780
v 29.744 37.069 -17.780
v 30.454 37.347 -17.780
v 31.050 37.823 -17.780
v 31.479 38.453 -17.780
v 31.704 39.181 -17.780
v 31.704 39.944 -17.780
v 31.479 40.672 -17.780
v 31.050 41.302 -17.780
v 30.454 41.778 -17.780
v 29.744 42.056 -17.780
v 28.984 42.113 -17.780
v 28.241 41.943 -17.780
v 27.580 41.562 -17.780
v 27.062 41.003 -17.780
v 26.731 40.316 -17.780
v 45.667 39.562 -17.780
v 45.781 38.809 -17.780
v 46.112 38.122 -17.780
v 46.630 37.563 -17.780
v 47.291 37.182 -17.780
v 48.034 37.012 -17.780
v 48.794 37.069 -17.780
v 49.504 37.347 -17.780
v 50.100 37.823 -17.780
v 50.529 38.453 -17.780
v 50.754 39.181 -17.780
v 50.754 39.944 -17.780
v 50.529 40.672 -17.780
v 50.100 41.302 -17.780
v 49.504 41.778 -17.780
v 48.794 42.056 -17.780
v 48.034 42.113 -17.780
v 47.291 41.943 -17.780
v 46.630 41.562 -17.780
v 46.112 41.003 -17.780
v 45.781 40.316 -17.780
v 64.717 39.562 -17.780
v 64.831 38.809 -17.780
v 65.162 38.122 -17.780
v 65.680 37.563 -17.780
v 66.341 37.182 -17.780
v 67.084 37.012 -17.780
v 67.844 37.069 -17.780
v 68.554 37.347 -17.780
v 69.150 37.823 -17.780
v 69.579 38.453 -17.780
v 69.804 39.181 -17.780
v 69.804 39.944 -17.780
v 69.579 40.672 -17.780
v 69.150 41.302 -17.780
v 68.554 41.778 -17.780
v 67.844 42.056 -17.780
v 67.084 42.113 -17.780
v 66.341 41.943 -17.780
v 65.680 41.562 -17.780
v 65.162 41.003 -17.780
v 64.831 40.316 -17.780
v 83.767 39.562 -17.780
v 83.881 38.809 -17.780
v 84.212 38.122 -17.780
v 84.730 37.563 -17.780
v 85.391 37.182 -17.780
v 86.134 37.012 -17.780
v 86.894 37.069 -17.780
v 87.604 37.347 -17.780
v 88.200 37.823 -17.780
v 88.629 38.453 -17.780
v 88.854 39.181 -17.780
v 88.854 39.944 -17.780
v 88.629 40.672 -17.780
v 88.200 41.302 -17.780
v 87.604 41.778 -17.780
v 86.894 42.056 -17.780
v 86.134 42.113 -17.780
v 85.391 41.943 -17.780
v 84.730 41.562 -17.780
v 84.212 41.003 -17.780
v 83.881 40.316 -17.780
v 102.817 39.562 -17.780
v 102.931 38.809 -17.780
v 103.262 38.122 -17.780
v 103.780 37.563 -17.780
v 104.441 37.182 -17.780
v 105.184 37.012 -17.780
v 105.944 37.069 -17.780
v 106.654 37.347 -17.780
v 107.250 37.823 -17.780
v 107.679 38.453 -17.780
v 107.904 39.181 -17.780
v 107.904 39.944 -17.780
v 107.679 40.672 -17.780
v 107.250 41.302 -17.780
v 106.654 41.778 -17.780
v 105.944 42.056 -17.780
v 105.184 42.113 -17.780
v 104.441 41.943 -17.780
v 103.780 41.562 -17.780
v 103.262 41.003 -17.780
v 102.931 40.316 -17.780
v 121.867 39.562 -17.780
v 121.981 38.809 -17.780
v 122.312 38.122 -17.780
v 122.830 37.563 -17.780
v 123.491 37.182 -17.780
v 124.234 37.012 -17.780
v 124.994 37.069 -17.780
v 125.704 37.347 -17.780
v 126.300 37.823 -17.780
v 126.729 38.453 -17.780
v 126.954 39.181 -17.780
v 126.954 39.944 -17.780
v 126.729 40.672 -17.780
v 126.300 41.302 -17.780
v 125.704 41.778 -17.780
v 124.994 42.056 -17.780
v 124.234 42.113 -17.780
v 123.491 41.943 -17.780
v 122.830 41.562 -17.780
v 122.312 41.003 -17.780
v 121.981 40.316 -17.780
v 140.917 39.562 -17.780
v 141.031 38.809 -17.780
v 141.362 38.122 -17.780
v 141.880 37.563 -17.780
v 142.541 37.182 -17.780
v 143.284 37.012 -17.780
v 144.044 37.069 -17.780
v 144.754 37.347 -17.780
v 145.350 37.823 -17.780
v 145.779 38.453 -17.780
v 146.004 39.181 -17.780
v 146.004 39.944 -17.780
v 145.779 40.672 -17.780
v 145.350 41.302 -17.780
v 144.754 41.778 -17.780
v 144.044 42.056 -17.780
v 143.284 42.113 -17.780
v 142.541 41.943 -17.780
v 141.880 41.562 -17.780
v 141.362 41.003 -17.780
v 141.031 40.316 -17.780
v 159.967 39.562 -17.780
v 160.081 38.809 -17.780
v 160.412 38.122 -17.780
v 160.930 37.563 -17.780
v 161.591 37.182 -17.780
v 162.334 37.012 -17.780
v 163.094 37.069 -17.780
v 163.804 37.347 -17.780
v 164.400 37.823 -17.780
v 164.829 38.453 -17.780
v 165.054 39.181 -17.780
v 165.054 39.944 -17.780
v 164.829 40.672 -17.780
v 164.400 41.302 -17.780
v 163.804 41.778 -17.780
v 163.094 42.056 -17.780
v 162.334 42.113 -17.780
v 161.591 41.943 -17.780
v 160.930 41.562 -17.780
v 160.412 41.003 -17.780
v 160.081 40.316 -17.780
v 179.017 39.562 -17.780
v 179.131 38.809 -17.780
v 179.462 38.122 -17.780
v 179.980 37.563 -17.780
v 180.641 37.182 -17.780
v 181.384 37.012 -17.780
v 182.144 37.069 -17.780
v 182.854 37.347 -17.780
v 183.450 37.823 -17.780
v 183.879 38.453 -17.780
v 184.104 39.181 -17.780
v 184.104 39.944 -17.780
v 183.879 40.672 -17.780
v 183.450 41.302 -17.780
v 182.854 41.778 -17.780
v 182.144 42.056 -17.780
v 181.384 42.113 -17.780
v 180.641 41.943 -17.780
v 179.980 41.562 -17.780
v 179.462 41.003 -17.780
v 179.131 40.316 -17.780
v 198.067 39.562 -17.780
v 198.181 38.809 -17.780
v 198.512 38.122 -17.780
v 199.030 37.563 -17.780
v 199.691 37.182 -17.780
v 200.434 37.012 -17.780
v 201.194 37.069 -17.780
v 201.904 37.347 -17.780
v 202.500 37.823 -17.780
v 202.929 38.453 -17.780
v 203.154 39.181 -17.780
v 203.154 39.944 -17.780
v 202.929 40.672 -17.780
v 202.500 41.302 -17.780
v 201.904 41.778 -17.780
v 201.194 42.056 -17.780
v 200.434 42.113 -17.780
v 199.691 41.943 -17.780
v 199.030 41.562 -17.780
v 198.512 41.003 -17.780
v 198.181 40.316 -17.780
v 217.117 39.562 -17.780
v 217.231 38.809 -17.780
v 217.562 38.122 -17.780
v 218.080 37.563 -17.780
v 218.741 37.182 -17.780
v 219.484 37.012 -17.780
v 220.244 37.069 -17.780
v 220.954 37.347 -17.780
v 221.550 37.823 -17.780
v 221.979 38.453 -17.780
v 222.204 39.181 -17.780
v 222.204 39.944 -17.780
v 221.979 40.672 -17.780
v 221.550 41.302 -17.780
v 220.954 41.778 -17.780
v 220.244 42.056 -17.780
v 219.484 42.113 -17.780
v 218.741 41.943 -17.780
v 218.080 41.562 -17.780
v 217.562 41.003 -17.780
v 217.231 40.316 -17.780
v 236.167 39.562 -17.780
v 236.281 38.809 -17.780
v 236.612 38.122 -17.780
v 237.130 37.563 -17.780
v 237.791 37.182 -17.780
v 238.534 37.012 -17.780
v 239.294 37.069 -17.780
v 240.004 37.347 -17.780
v 240.600 37.823 -17.780
v 241.029 38.453 -17.780
v 241.254 39.181 -17.780
v 241.254 39.944 -17.780
v 241.029 40.672 -17.780
v 240.600 41.302 -17.780
v 240.004 41.778 -17.780
v 239.294 42.056 -17.780
v 238.534 42.113 -17.780
v 237.791 41.943 -17.780
v 237.130 41.562 -17.780
v 236.612 41.003 -17.780
v 236.281 40.316 -17.780
v 255.217 39.562 -17.780
v 255.331 38.809 -17.780
v 255.662 38.122 -17.780
v 256.180 37.563 -17.780
v 256.841 37.182 -17.780
v 257.584 37.012 -17.780
v 258.344 37.069 -17.780
v 259.054 37.347 -17.780
v 259.650 37.823 -17.780
v 260.079 38.453 -17.780
v 260.304 39.181 -17.780
v 260.304 39.944 -17.780
v 260.079 40.672 -17.780
v 259.650 41.302 -17.780
v 259.054 41.778 -17.780
v 258.344 42.056 -17.780
v 257.584 42.113 -17.780
v 256.841 41.943 -17.780
v 256.180 41.562 -17.780
v 255.662 41.003 -17.780
v 255.331 40.316 -17.780
v 274.267 39.562 -17.780
v 274.381 38.809 -17.780
v 274.712 38.122 -17.780
v 275.230 37.563 -17.780
v 275.891 37.182 -17.780
v 276.634 37.012 -17.780
v 277.394 37.069 -17.780
v 278.104 37.347 -17.780
v 278.700 37.823 -17.780
v 279.129 38.453 -17.780
v 279.354 39.181 -17.780
v 279.354 39.944 -17.780
v 279.129 40.672 -17.780
v 278.700 41.302 -17.780
v 278.104 41.778 -17.780
v 277.394 42.056 -17.780
v 276.634 42.113 -17.780
v 275.891 41.943 -17.780
v 275.230 41.562 -17.780
v 274.712 41.003 -17.780
v 274.381 40.316 -17.780
v 293.317 39.562 -17.780
v 293.431 38.809 -17.780
v 293.762 38.122 -17.780
v 294.280 37.563 -17.780
v 294.941 37.182 -17.780
v 295.684 37.012 -17.780
v 296.444 37.069 -17.780
v 297.154 37.347 -17.780
v 297.750 37.823 -17.780
v 298.179 38.453 -17.780
v 298.404 39.181 -17.780
v 298.404 39.944 -17.780
v 298.179 40.672 -17.780
v 297.750 41.302 -17.780
v 297.154 41.778 -17.780
v 296.444 42.056 -17.780
v 295.684 42.113 -17.780
v 294.941 41.943 -17.780
v 294.280 41.562 -17.780
v 293.762 41.003 -17.780
v 293.431 40.316 -17.780
v 26.617 20.512 -17.780
v 26.731 19.759 -17.780
v 27.062 19.072 -17.780
v 27.580 18.513 -17.780
v 28.241 18.132 -17.780
v 28.984 17.962 -17.780
v 29.744 18.019 -17.780
v 30.454 18.297 -17.780
v 31.050 18.773 -17.780
v 31.479 19.403 -17.780
v 31.704 20.131 -17.780
v 31.704 20.894 -17.780
v 31.479 21.622 -17.780
v 31.050 22.252 -17.780
v 30.454 22.728 -17.780
v 29.744 23.006 -17.780
v 28.984 23.063 -17.780
v 28.241 22.893 -17.780
v 27.580 22.512 -17.780
v 27.062 21.953 -17.780
v 26.731 21.266 -17.780
v 64.717 20.512 -17.780
v 64.831 19.759 -17.780
v 65.162 19.072 -17.780
v 65.680 18.513 -17.780
v 66.341 18.132 -17.780
v 67.084 17.962 -17.780
v 67.844 18.019 -17.780
v 68.554 18.297 -17.780
v 69.150 18.773 -17.780
v 69.579 19.403 -17.780
v 69.804 20.131 -17.780
v 69.804 20.894 -17.780
v 69.579 21.622 -17.780
v 69.150 22.252 -17.780
v 68.554 22.728 -17.780
v 67.844 23.006 -17.780
v 67.084 23.063 -17.780
v 66.341 22.893 -17.780
v 65.680 22.512 -17.780
v 65.162 21.953 -17.780
v 64.831 21.266 -17.780
v 83.767 20.512 -17.780
v 83.881 19.759 -17.780
v 84.212 19.072 -17.780
v 84.730 18.513 -17.780
v 85.391 18.132 -17.780
v 86.134 17.962 -17.780
v 86.894 18.019 -17.780
v 87.604 18.297 -17.780
v 88.200 18.773 -17.780
v 88.629 19.403 -17.780
v 88.854 20.131 -17.780
v 88.854 20.894 -17.780
v 88.629 21.622 -17.780
v 88.200 22.252 -17.780
v 87.604 22.728 -17.780
v 86.894 23.006 -17.780
v 86.134 23.063 -17.780
v 85.391 22.893 -17.780
v 84.730 22.512 -17.780
v 84.212 21.953 -17.780
v 83.881 21.266 -17.780
v 102.817 20.512 -17.780
v 102.931 19.759 -17.780
v 103.262 19.072 -17.780
v 103.780 18.513 -17.780
v 104.441 18.132 -17.780
v 105.184 17.962 -17.780
v 105.944 18.019 -17.780
v 106.654 18.297 -17.780
v 107.250 18.773 -17.780
v 107.679 19.403 -17.780
v 107.904 20.131 -17.780
v 107.904 20.894 -17.780
v 107.679 21.622 -17.780
v 107.250 22.252 -17.780
v 106.654 22.728 -17.780
v 105.944 23.006 -17.780
v 105.184 23.063 -17.780
v 104.441 22.893 -17.780
v 103.780 22.512 -17.780
v 103.262 21.953 -17.780
v 102.931 21.266 -17.780
v 121.867 20.512 -17.780
v 121.981 19.759 -17.780
v 122.312 19.072 -17.780
v 122.830 18.513 -17.780
v 123.491 18.132 -17.780
v 124.234 17.962 -17.780
v 124.994 18.019 -17.780
v 125.704 18.297 -17.780
v 126.300 18.773 -17.780
v 126.729 19.403 -17.780
v 126.954 20.131 -17.780
v 126.954 20.894 -17.780
v 126.729 21.622 -17.780
v 126.300 22.252 -17.780
v 125.704 22.728 -17.780
v 124.994 23.006 -17.780
v 124.234 23.063 -17.780
v 123.491 22.893 -17.780
v 122.830 22.512 -17.780
v 122.312 21.953 -17.780
v 121.981 21.266 -17.780
v 140.917 20.512 -17.780
v 141.031 19.759 -17.780
v 141.362 19.072 -17.780
v 141.880 18.513 -17.780
v 142.541 18.132 -17.780
v 143.284 17.962 -17.780
v 144.044 18.019 -17.780
v 144.754 18.297 -17.780
v 145.350 18.773 -17.780
v 145.779 19.403 -17.780
v 146.004 20.131 -17.780
v 146.004 20.894 -17.780
v 145.779 21.622 -17.780
v 145.350 22.252 -17.780
v 144.754 22.728 -17.780
v 144.044 23.006 -17.780
v 143.284 23.063 -17.780
v 142.541 22.893 -17.780
v 141.880 22.512 -17.780
v 141.362 21.953 -17.780
v 141.031 21.266 -17.780
v 159.967 20.512 -17.780
v 160.081 19.759 -17.780
v 160.412 19.072 -17.780
v 160.930 18.513 -17.780
v 161.591 18.132 -17.780
v 162.334 17.962 -17.780
v 163.094 18.019 -17.780
v 163.804 18.297 -17.780
v 164.400 18.773 -17.780
v 164.829 19.403 -17.780
v 165.054 20.131 -17.780
v 165.054 20.894 -17.780
v 164.829 21.622 -17.780
v 164.400 22.252 -17.780
v 163.804 22.728 -17.780
v 163.094 23.006 -17.780
v 162.334 23.063 -17.780
v 161.591 22.893 -17.780
v 160.930 22.512 -17.780
v 160.412 21.953 -17.780
v 160.081 21.266 -17.780
v 179.017 20.512 -17.780
v 179.131 19.759 -17.780
v 179.462 19.072 -17.780
v 179.980 18.513 -17.780
v 180.641 18.132 -17.780
v 181.384 17.962 -17.780
v 182.144 18.019 -17.780
v 182.854 18.297 -17.780
v 183.450 18.773 -17.780
v 183.879 19.403 -17.780
v 184.104 20.131 -17.780
v 184.104 20.894 -17.780
v 183.879 21.622 -17.780
v 183.450 22.252 -17.780
v 182.854 22.728 -17.780
v 182.144 23.006 -17.780
v 181.384 23.063 -17.780
v 180.641 22.893 -17.780
v 179.980 22.512 -17.780
v 179.462 21.953 -17.780
v 179.131 21.266 -17.780
v 198.067 20.512 -17.780
v 198.181 19.759 -17.780
v 198.512 19.072 -17.780
v 199.030 18.513 -17.780
v 199.691 18.132 -17.780
v 200.434 17.962 -17.780
v 201.194 18.019 -17.780
v 201.904 18.297 -17.780
v 202.500 18.773 -17.780
v 202.929 19.403 -17.780
v 203.154 20.131 -17.780
v 203.154 20.894 -17.780
v 202.929 21.622 -17.780
v 202.500 22.252 -17.780
v 201.904 22.728 -17.780
v 201.194 23.006 -17.780
v 200.434 23.063 -17.780
v 199.691 22.893 -17.780
v 199.030 22.512 -17.780
v 198.512 21.953 -17.780
v 198.181 21.266 -17.780
v 217.117 20.512 -17.780
v 217.231 19.759 -17.780
v 217.562 19.072 -17.780
v 218.080 18.513 -17.780
v 218.741 18.132 -17.780
v 219.484 17.962 -17.780
v 220.244 18.019 -17.780
v 220.954 18.297 -17.780
v 221.550 18.773 -17.780
v 221.979 19.403 -17.780
v 222.204 20.131 -17.780
v 222.204 20.894 -17.780
v 221.979 21.622 -17.780
v 221.550 22.252 -17.780
v 220.954 22.728 -17.780
v 220.244 23.006 -17.780
v 219.484 23.063 -17.780
v 218.741 22.893 -17.780
v 218.080 22.512 -17.780
v 217.562 21.953 -17.780
v 217.231 21.266 -17.780
v 236.167 20.512 -17.780
v 236.281 19.759 -17.780
v 236.612 19.072 -17.780
v 237.130 18.513 -17.780
v 237.791 18.132 -17.780
v 238.534 17.962 -17.780
v 239.294 18.019 -17.780
v 240.004 18.297 -17.780
v 240.600 18.773 -17.780
v 241.029 19.403 -17.780
v 241.254 20.131 -17.780
v 241.254 20.894 -17.780
v 241.029 21.622 -17.780
v 240.600 22.252 -17.780
v 240.004 22.728 -17.780
v 239.294 23.006 -17.780
v 238.534 23.063 -17.780
v 237.791 22.893 -17.780
v 237.130 22.512 -17.780
v 236.612 21.953 -17.780
v 236.281 21.266 -17.780
v 255.217 20.512 -17.780
v 255.331 19.759 -17.780
v 255.662 19.072 -17.780
v 256.180 18.513 -17.780
v 256.841 18.132 -17.780
v 257.584 17.962 -17.780
v 258.344 18.019 -17.780
v 259.054 18.297 -17.780
v 259.650 18.773 -17.780
v 260.079 19.403 -17.780
v 260.304 20.131 -17.780
v 260.304 20.894 -17.780
v 260.079 21.622 -17.780
v 259.650 22.252 -17.780
v 259.054 22.728 -17.780
v 258.344 23.006 -17.780
v 257.584 23.063 -17.780
v 256.841 22.893 -17.780
v 256.180 22.512 -17.780
v 255.662 21.953 -17.780
v 255.331 21.266 -17.780
v 274.267 20.512 -17.780
v 274.381 19.759 -17.780
v 274.712 19.072 -17.780
v 275.230 18.513 -17.780
v 275.891 18.132 -17.780
v 276.634 17.962 -17.780
v 277.394 18.019 -17.780
v 278.104 18.297 -17.780
v 278.700 18.773 -17.780
v 279.129 19.403 -17.780
v 279.354 20.131 -17.780
v 279.354 20.894 -17.780
v 279.129 21.622 -17.780
v 278.700 22.252 -17.780
v 278.104 22.728 -17.780
v 277.394 23.006 -17.780
v 276.634 23.063 -17.780
v 275.891 22.893 -17.780
v 275.230 22.512 -17.780
v 274.712 21.953 -17.780
v 274.381 21.266 -17.780
v 293.317 20.512 -17.780
v 293.431 19.759 -17.780
v 293.762 19.072 -17.780
v 294.280 18.513 -17.780
v 294.941 18.132 -17.780
v 295.684 17.962 -17.780
v 296.444 18.019 -17.780
v 297.154 18.297 -17.780
v 297.750 18.773 -17.780
v 298.179 19.403 -17.780
v 298.404 20.131 -17.780
v 298.404 20.894 -17.780
v 298.179 21.622 -17.780
v 297.750 22.252 -17.780
v 297.154 22.728 -17.780
v 296.444 23.006 -17.780
v 295.684 23.063 -17.780
v 294.941 22.893 -17.780
v 294.280 22.512 -17.780
v 293.762 21.953 -17.780
v 293.431 21.266 -17.780
v 121.867 77.662 -17.780
v 121.981 78.416 -17.780
v 122.312 79.103 -17.780
v 122.830 79.662 -17.780
v 123.491 80.043 -17.780
v 124.234 80.213 -17.780
v 124.994 80.156 -17.780
v 125.704 79.878 -17.780
v 126.300 79.402 -17.780
v 126.729 78.772 -17.780
v 126.954 78.044 -17.780
v 126.954 77.281 -17.780
v 126.729 76.553 -17.780
v 126.300 75.923 -17.780
v 125.704 75.447 -17.780
v 124.994 75.169 -17.780
v 124.234 75.112 -17.780
v 123.491 75.282 -17.780
v 122.830 75.663 -17.780
v 122.312 76.222 -17.780
v 121.981 76.909 -17.780
v 140.917 77.662 -17.780
v 141.031 78.416 -17.780
v 141.362 79.103 -17.780
v 141.880 79.662 -17.780
v 142.541 80.043 -17.780
v 143.284 80.213 -17.780
v 144.044 80.156 -17.780
v 144.754 79.878 -17.780
v 145.350 79.402 -17.780
v 145.779 78.772 -17.780
v 146.004 78.044 -17.780
v 146.004 77.281 -17.780
v 145.779 76.553 -17.780
v 145.350 75.923 -17.780
v 144.754 75.447 -17.780
v 144.044 75.169 -17.780
v 143.284 75.112 -17.780
v 142.541 75.282 -17.780
v 141.880 75.663 -17.780
v 141.362 76.222 -17.780
v 141.031 76.909 -17.780
v 179.017 77.662 -17.780
v 179.131 78.416 -17.780
v 179.462 79.103 -17.780
v 179.980 79.662 -17.780
v 180.641 80.043 -17.780
v 181.384 80.213 -17.780
v 182.144 80.156 -17.780
v 182.854 79.878 -17.780
v 183.450 79.402 -17.780
v 183.879 78.772 -17.780
v 184.104 78.044 -17.780
v 184.104 77.281 -17.780
v 183.879 76.553 -17.780
v 183.450 75.923 -17.780
v 182.854 75.447 -17.780
v 182.144 75.169 -17.780
v 181.384 75.112 -17.780
v 180.641 75.282 -17.780
v 179.980 75.663 -17.780
v 179.462 76.222 -17.780
v 179.131 76.909 -17.780
v 217.117 77.662 -17.780
v 217.231 78.416 -17.780
v 217.562 79.103 -17.780
v 218.080 79.662 -17.780
v 218.741 80.043 -17.780
v 219.484 80.213 -17.780
v 220.244 80.156 -17.780
v 220.954 79.878 -17.780
v 221.550 79.402 -17.780
v 221.979 78.772 -17.780
v 222.204 78.044 -17.780
v 222.204 77.281 -17.780
v 221.979 76.553 -17.780
v 221.550 75.923 -17.780
v 220.954 75.447 -17.780
v 220.244 75.169 -17.780
v 219.484 75.112 -17.780
v 218.741 75.282 -17.780
v 218.080 75.663 -17.780
v 217.562 76.222 -17.780
v 217.231 76.909 -17.780
v 17.092 201.488 -17.780
v 17.206 200.734 -17.780
v 17.537 200.047 -17.780
v 18.055 199.488 -17.780
v 18.716 199.107 -17.780
v 19.459 198.937 -17.780
v 20.219 198.994 -17.780
v 20.929 199.272 -17.780
v 21.525 199.748 -17.780
v 21.954 200.378 -17.780
v 22.179 201.106 -17.780
v 22.179 201.869 -17.780
v 21.954 202.597 -17.780
v 21.525 203.227 -17.780
v 20.929 203.703 -17.780
v 20.219 203.981 -17.780
v 19.459 204.038 -17.780
v 18.716 203.868 -17.780
v 18.055 203.487 -17.780
v 17.537 202.928 -17.780
v 17.206 202.241 -17.780
v 36.142 201.488 -17.780
v 36.256 200.734 -17.780
v 36.587 200.047 -17.780
v 37.105 199.488 -17.780
v 37.766 199.107 -17.780
v 38.509 198.937 -17.780
v 39.269 198.994 -17.780
v 39.979 199.272 -17.780
v 40.575 199.748 -17.780
v 41.004 200.378 -17.780
v 41.229 201.106 -17.780
v 41.229 201.869 -17.780
v 41.004 202.597 -17.780
v 40.575 203.227 -17.780
v 39.979 203.703 -17.780
v 39.269 203.981 -17.780
v 38.509 204.038 -17.780
v 37.766 203.868 -17.780
v 37.105 203.487 -17.780
v 36.587 202.928 -17.780
v 36.256 202.241 -17.780
v 55.192 201.488 -17.780
v 55.306 200.734 -17.780
v 55.637 200.047 -17.780
v 56.155 199.488 -17.780
v 56.816 199.107 -17.780
v 57.559 198.937 -17.780
v 58.319 198.994 -17.780
v 59.029 199.272 -17.780
v 59.625 199.748 -17.780
v 60.054 200.378 -17.780
v 60.279 201.106 -17.780
v 60.279 201.869 -17.780
v 60.054 202.597 -17.780
v 59.625 203.227 -17.780
v 59.029 203.703 -17.780
v 58.319 203.981 -17.780
v 57.559 204.038 -17.780
v 56.816 203.868 -17.780
v 56.155 203.487 -17.780
v 55.637 202.928 -17.780
v 55.306 202.241 -17.780
v 74.242 201.488 -17.780
v 74.356 200.734 -17.780
v 74.687 200.047 -17.780
v 75.205 199.488 -17.780
v 75.866 199.107 -17.780
v 76.609 198.937 -17.780
v 77.369 198.994 -17.780
v 78.079 199.272 -17.780
v 78.675 199.748 -17.780
v 79.104 200.378 -17.780
v 79.329 201.106 -17.780
v 79.329 201.869 -17.780
v 79.104 202.597 -17.780
v 78.675 203.227 -17.780
v 78.079 203.703 -17.780
v 77.369 203.981 -17.780
v 76.609 204.038 -17.780
v 75.866 203.868 -17.780
v 75.205 203.487 -17.780
v 74.687 202.928 -17.780
v 74.356 202.241 -17.780
v 93.292 201.488 -17.780
v 93.406 200.734 -17.780
v 93.737 200.047 -17.780
v 94.255 199.488 -17.780
v 94.916 199.107 -17.780
v 95.659 198.937 -17.780
v 96.419 198.994 -17.780
v 97.129 199.272 -17.780
v 97.725 199.748 -17.780
v 98.154 200.378 -17.780
v 98.379 201.106 -17.780
v 98.379 201.869 -17.780
v 98.154 202.597 -17.780
v 97.725 203.227 -17.780
v 97.129 203.703 -17.780
v 96.419 203.981 -17.780
v 95.659 204.038 -17.780
v 94.916 203.868 -17.780
v 94.255 203.487 -17.780
v 93.737 202.928 -17.780
v 93.406 202.241 -17.780
v 112.342 201.488 -17.780
v 112.456 200.734 -17.780
v 112.787 200.047 -17.780
v 113.305 199.488 -17.780
v 113.966 199.107 -17.780
v 114.709 198.937 -17.780
v 115.469 198.994 -17.780
v 116.179 199.272 -17.780
v 116.775 199.748 -17.780
v 117.204 200.378 -17.780
v 117.429 201.106 -17.780
v 117.429 201.869 -17.780
v 117.204 202.597 -17.780
v 116.775 203.227 -17.780
v 116.179 203.703 -17.780
v 115.469 203.981 -17.780
v 114.709 204.038 -17.780
v 113.966 203.868 -17.780
v 113.305 203.487 -17.780
v 112.787 202.928 -17.780
v 112.456 202.241 -17.780
v 131.392 201.488 -17.780
v 131.506 200.734 -17.780
v 131.837 200.047 -17.780
v 132.355 199.488 -17.780
v 133.016 199.107 -17.780
v 133.759 198.937 -17.780
v 134.519 198.994 -17.780
v 135.229 199.272 -17.780
v 135.825 199.748 -17.780
v 136.254 200.378 -17.780
v 136.479 201.106 -17.780
v 136.479 201.869 -17.780
v 136.254 202.597 -17.780
v 135.825 203.227 -17.780
v 135.229 203.703 -17.780
v 134.519 203.981 -17.780
v 133.759 204.038 -17.780
v 133.016 203.868 -17.780
v 132.355 203.487 -17.780
v 131.837 202.928 -17.780
v 131.506 202.241 -17.780
v 150.442 201.488 -17.780
v 150.556 200.734 -17.780
v 150.887 200.047 -17.780
v 151.405 199.488 -17.780
v 152.066 199.107 -17.780
v 152.809 198.937 -17.780
v 153.569 198.994 -17.780
v 154.279 199.272 -17.780
v 154.875 199.748 -17.780
v 155.304 200.378 -17.780
v 155.529 201.106 -17.780
v 155.529 201.869 -17.780
v 155.304 202.597 -17.780
v 154.875 203.227 -17.780
v 154.279 203.703 -17.780
v 153.569 203.981 -17.780
v 152.809 204.038 -17.780
v 152.066 203.868 -17.780
v 151.405 203.487 -17.780
v 150.887 202.928 -17.780
v 150.556 202.241 -17.780
v 169.492 201.488 -17.780
v 169.606 200.734 -17.780
v 169.937 200.047 -17.780
v 170.455 199.488 -17.780
v 171.116 199.107 -17.780
v 171.859 198.937 -17.780
v 172.619 198.994 -17.780
v 173.329 199.272 -17.780
v 173.925 199.748 -17.780
v 174.354 200.378 -17.780
v 174.579 201.106 -17.780
v 174.579 201.869 -17.780
v 174.354 202.597 -17.780
v 173.925 203.227 -17.780
v 173.329 203.703 -17.780
v 172.619 203.981 -17.780
v 171.859 204.038 -17.780
v 171.116 203.868 -17.780
v 170.455 203.487 -17.780
v 169.937 202.928 -17.780
v 169.606 202.241 -17.780
v 188.542 201.488 -17.780
v 188.656 200.734 -17.780
v 188.987 200.047 -17.780
v 189.505 199.488 -17.780
v 190.166 199.107 -17.780
v 190.909 198.937 -17.780
v 191.669 198.994 -17.780
v 192.379 199.272 -17.780
v 192.975 199.748 -17.780
v 193.404 200.378 -17.780
v 193.629 201.106 -17.780
v 193.629 201.869 -17.780
v 193.404 202.597 -17.780
v 192.975 203.227 -17.780
v 192.379 203.703 -17.780
v 191.669 203.981 -17.780
v 190.909 204.038 -17.780
v 190.166 203.868 -17.780
v 189.505 203.487 -17.780
v 188.987 202.928 -17.780
v 188.656 202.241 -17.780
v 207.592 201.488 -17.780
v 207.706 200.734 -17.780
v 208.037 200.047 -17.780
v 208.555 199.488 -17.780
v 209.216 199.107 -17.780
v 209.959 198.937 -17.780
v 210.719 198.994 -17.780
v 211.429 199.272 -17.780
v 212.025 199.748 -17.780
v 212.454 200.378 -17.780
v 212.679 201.106 -17.780
v 212.679 201.869 -17.780
v 212.454 202.597 -17.780
v 212.025 203.227 -17.780
v 211.429 203.703 -17.780
v 210.719 203.981 -17.780
v 209.959 204.038 -17.780
v 209.216 203.868 -17.780
v 208.555 203.487 -17.780
v 208.037 202.928 -17.780
v 207.706 202.241 -17.780
v 226.642 201.488 -17.780
v 226.756 200.734 -17.780
v 227.087 200.047 -17.780
v 227.605 199.488 -17.780
v 228.266 199.107 -17.780
v 229.009 198.937 -17.780
v 229.769 198.994 -17.780
v 230.479 199.272 -17.780
v 231.075 199.748 -17.780
v 231.504 200.378 -17.780
v 231.729 201.106 -17.780
v 231.729 201.869 -17.780
v 231.504 202.597 -17.780
v 231.075 203.227 -17.780
v 230.479 203.703 -17.780
v 229.769 203.981 -17.780
v 229.009 204.038 -17.780
v 228.266 203.868 -17.780
v 227.605 203.487 -17.780
v 227.087 202.928 -17.780
v 226.756 202.241 -17.780
v 245.692 201.488 -17.780
v 245.806 200.734 -17.780
v 246.137 200.047 -17.780
v 246.655 199.488 -17.780
v 247.316 199.107 -17.780
v 248.059 198.937 -17.780
v 248.819 198.994 -17.780
v 249.529 199.272 -17.780
v 250.125 199.748 -17.780
v 250.554 200.378 -17.780
v 250.779 201.106 -17.780
v 250.779 201.869 -17.780
v 250.554 202.597 -17.780
v 250.125 203.227 -17.780
v 249.529 203.703 -17.780
v 248.819 203.981 -17.780
v 248.059 204.038 -17.780
v 247.316 203.868 -17.780
v 246.655 203.487 -17.780
v 246.137 202.928 -17.780
v 245.806 202.241 -17.780
v 264.742 201.488 -17.780
v 264.856 200.734 -17.780
v 265.187 200.047 -17.780
v 265.705 199.488 -17.780
v 266.366 199.107 -17.780
v 267.109 198.937 -17.780
v 267.869 198.994 -17.780
v 268.579 199.272 -17.780
v 269.175 199.748 -17.780
v 269.604 200.378 -17.780
v 269.829 201.106 -17.780
v 269.829 201.869 -17.780
v 269.604 202.597 -17.780
v 269.175 203.227 -17.780
v 268.579 203.703 -17.780
v 267.869 203.981 -17.780
v 267.109 204.038 -17.780
v 266.366 203.868 -17.780
v 265.705 203.487 -17.780
v 265.187 202.928 -17.780
v 264.856 202.241 -17.780
v 17.092 182.438 -17.780
v 17.206 181.684 -17.780
v 17.537 180.997 -17.780
v 18.055 180.438 -17.780
v 18.716 180.057 -17.780
v 19.459 179.887 -17.780
v 20.219 179.944 -17.780
v 20.929 180.222 -17.780
v 21.525 180.698 -17.780
v 21.954 181.328 -17.780
v 22.179 182.056 -17.780
v 22.179 182.819 -17.780
v 21.954 183.547 -17.780
v 21.525 184.177 -17.780
v 20.929 184.653 -17.780
v 20.219 184.931 -17.780
v 19.459 184.988 -17.780
v 18.716 184.818 -17.780
v 18.055 184.437 -17.780
v 17.537 183.878 -17.780
v 17.206 183.191 -17.780
v 36.142 182.438 -17.780
v 36.256 181.684 -17.780
v 36.587 180.997 -17.780
v 37.105 180.438 -17.780
v 37.766 180.057 -17.780
v 38.509 179.887 -17.780
v 39.269 179.944 -17.780
v 39.979 180.222 -17.780
v 40.575 180.698 -17.780
v 41.004 181.328 -17.780
v 41.229 182.056 -17.780
v 41.229 182.819 -17.780
v 41.004 183.547 -17.780
v 40.575 184.177 -17.780
v 39.979 184.653 -17.780
v 39.269 184.931 -17.780
v 38.509 184.988 -17.780
v 37.766 184.818 -17.780
v 37.105 184.437 -17.780
v 36.587 183.878 -17.780
v 36.256 183.191 -17.780
v 55.192 182.438 -17.780
v 55.306 181.684 -17.780
v 55.637 180.997 -17.780
v 56.155 180.438 -17.780
v 56.816 180.057 -17.780
v 57.559 179.887 -17.780
v 58.319 179.944 -17.780
v 59.029 180.222 -17.780
v 59.625 180.698 -17.780
v 60.054 181.328 -17.780
v 60.279 182.056 -17.780
v 60.279 182.819 -17.780
v 60.054 183.547 -17.780
v 59.625 184.177 -17.780
v 59.029 184.653 -17.780
v 58.319 184.931 -17.780
v 57.559 184.988 -17.780
v 56.816 184.818 -17.780
v 56.155 184.437 -17.780
v 55.637 183.878 -17.780
v 55.306 183.191 -17.780
v 74.242 182.438 -17.780
v 74.356 181.684 -17.780
v 74.687 180.997 -17.780
v 75.205 180.438 -17.780
v 75.866 180.057 -17.780
v 76.609 179.887 -17.780
v 77.369 179.944 -17.780
v 78.079 180.222 -17.780
v 78.675 180.698 -17.780
v 79.104 181.328 -17.780
v 79.329 182.056 -17.780
v 79.329 182.819 -17.780
v 79.104 183.547 -17.780
v 78.675 184.177 -17.780
v 78.079 184.653 -17.780
v 77.369 184.931 -17.780
v 76.609 184.988 -17.780
v 75.866 184.818 -17.780
v 75.205 184.437 -17.780
v 74.687 183.878 -17.780
v 74.356 183.191 -17.780
v 93.292 182.438 -17.780
v 93.406 181.684 -17.780
v 93.737 180.997 -17.780
v 94.255 180.438 -17.780
v 94.916 180.057 -17.780
v 95.659 179.887 -17.780
v 96.419 179.944 -17.780
v 97.129 180.222 -17.780
v 97.725 180.698 -17.780
v 98.154 181.328 -17.780
v 98.379 182.056 -17.780
v 98.379 182.819 -17.780
v 98.154 183.547 -17.780
v 97.725 184.177 -17.780
v 97.129 184.653 -17.780
v 96.419 184.931 -17.780
v 95.659 184.988 -17.780
v 94.916 184.818 -17.780
v 94.255 184.437 -17.780
v 93.737 183.878 -17.780
v 93.406 183.191 -17.780
v 112.342 182.438 -17.780
v 112.456 181.684 -17.780
v 112.787 180.997 -17.780
v 113.305 180.438 -17.780
v 113.966 180.057 -17.780
v 114.709 179.887 -17.780
v 115.469 179.944 -17.780
v 116.179 180.222 -17.780
v 116.775 180.698 -17.780
v 117.204 181.328 -17.780
v 117.429 182.056 -17.780
v 117.429 182.819 -17.780
v 117.204 183.547 -17.780
v 116.775 184.177 -17.780
v 116.179 184.653 -17.780
v 115.469 184.931 -17.780
v 114.709 184.988 -17.780
v 113.966 184.818 -17.780
v 113.305 184.437 -17.780
v 112.787 183.878 -17.780
v 112.456 183.191 -17.780
v 131.392 182.438 -17.780
v 131.506 181.684 -17.780
v 131.837 180.997 -17.780
v 132.355 180.438 -17.780
v 133.016 180.057 -17.780
v 133.759 179.887 -17.780
v 134.519 179.944 -17.780
v 135.229 180.222 -17.780
v 135.825 180.698 -17.780
v 136.254 181.328 -17.780
v 136.479 182.056 -17.780
v 136.479 182.819 -17.780
v 136.254 183.547 -17.780
v 135.825 184.177 -17.780
v 135.229 184.653 -17.780
v 134.519 184.931 -17.780
v 133.759 184.988 -17.780
v 133.016 184.818 -17.780
v 132.355 184.437 -17.780
v 131.837 183.878 -17.780
v 131.506 183.191 -17.780
v 169.492 182.438 -17.780
v 169.606 181.684 -17.780
v 169.937 180.997 -17.780
v 170.455 180.438 -17.780
v 171.116 180.057 -17.780
v 171.859 179.887 -17.780
v 172.619 179.944 -17.780
v 173.329 180.222 -17.780
v 173.925 180.698 -17.780
v 174.354 181.328 -17.780
v 174.579 182.056 -17.780
v 174.579 182.819 -17.780
v 174.354 183.547 -17.780
v 173.925 184.177 -17.780
v 173.329 184.653 -17.780
v 172.619 184.931 -17.780
v 171.859 184.988 -17.780
v 171.116 184.818 -17.780
v 170.455 184.437 -17.780
v 169.937 183.878 -17.780
v 169.606 183.191 -17.780
v 188.542 182.438 -17.780
v 188.656 181.684 -17.780
v 188.987 180.997 -17.780
v 189.505 180.438 -17.780
v 190.166 180.057 -17.780
v 190.909 179.887 -17.780
v 191.669 179.944 -17.780
v 192.379 180.222 -17.780
v 192.975 180.698 -17.780
v 193.404 181.328 -17.780
v 193.629 182.056 -17.780
v 193.629 182.819 -17.780
v 193.404 183.547 -17.780
v 192.975 184.177 -17.780
v 192.379 184.653 -17.780
v 191.669 184.931 -17.780
v 190.909 184.988 -17.780
v 190.166 184.818 -17.780
v 189.505 184.437 -17.780
v 188.987 183.878 -17.780
v 188.656 183.191 -17.780
v 207.592 182.438 -17.780
v 207.706 181.684 -17.780
v 208.037 180.997 -17.780
v 208.555 180.438 -17.780
v 209.216 180.057 -17.780
v 209.959 179.887 -17.780
v 210.719 179.944 -17.780
v 211.429 180.222 -17.780
v 212.025 180.698 -17.780
v 212.454 181.328 -17.780
v 212.679 182.056 -17.780
v 212.679 182.819 -17.780
v 212.454 183.547 -17.780
v 212.025 184.177 -17.780
v 211.429 184.653 -17.780
v 210.719 184.931 -17.780
v 209.959 184.988 -17.780
v 209.216 184.818 -17.780
v 208.555 184.437 -17.780
v 208.037 183.878 -17.780
v 207.706 183.191 -17.780
v 226.642 182.438 -17.780
v 226.756 181.684 -17.780
v 227.087 180.997 -17.780
v 227.605 180.438 -17.780
v 228.266 180.057 -17.780
v 229.009 179.887 -17.780
v 229.769 179.944 -17.780
v 230.479 180.222 -17.780
v 231.075 180.698 -17.780
v 231.504 181.328 -17.780
v 231.729 182.056 -17.780
v 231.729 182.819 -17.780
v 231.504 183.547 -17.780
v 231.075 184.177 -17.780
v 230.479 184.653 -17.780
v 229.769 184.931 -17.780
v 229.009 184.988 -17.780
v 228.266 184.818 -17.780
v 227.605 184.437 -17.780
v 227.087 183.878 -17.780
v 226.756 183.191 -17.780
v 245.692 182.438 -17.780
v 245.806 181.684 -17.780
v 246.137 180.997 -17.780
v 246.655 180.438 -17.780
v 247.316 180.057 -17.780
v 248.059 179.887 -17.780
v 248.819 179.944 -17.780
v 249.529 180.222 -17.780
v 250.125 180.698 -17.780
v 250.554 181.328 -17.780
v 250.779 182.056 -17.780
v 250.779 182.819 -17.780
v 250.554 183.547 -17.780
v 250.125 184.177 -17.780
v 249.529 184.653 -17.780
v 248.819 184.931 -17.780
v 248.059 184.988 -17.780
v 247.316 184.818 -17.780
v 246.655 184.437 -17.780
v 246.137 183.878 -17.780
v 245.806 183.191 -17.780
v 264.742 182.438 -17.780
v 264.856 181.684 -17.780
v 265.187 180.997 -17.780
v 265.705 180.438 -17.780
v 266.366 180.057 -17.780
v 267.109 179.887 -17.780
v 267.869 179.944 -17.780
v 268.579 180.222 -17.780
v 269.175 180.698 -17.780
v 269.604 181.328 -17.780
v 269.829 182.056 -17.780
v 269.829 182.819 -17.780
v 269.604 183.547 -17.780
v 269.175 184.177 -17.780
v 268.579 184.653 -17.780
v 267.869 184.931 -17.780
v 267.109 184.988 -17.780
v 266.366 184.818 -17.780
v 265.705 184.437 -17.780
v 265.187 183.878 -17.780
v 264.856 183.191 -17.780
v 17.092 163.388 -17.780
v 17.206 162.634 -17.780
v 17.537 161.947 -17.780
v 18.055 161.388 -17.780
v 18.716 161.007 -17.780
v 19.459 160.837 -17.780
v 20.219 160.894 -17.780
v 20.929 161.172 -17.780
v 21.525 161.648 -17.780
v 21.954 162.278 -17.780
v 22.179 163.006 -17.780
v 22.179 163.769 -17.780
v 21.954 164.497 -17.780
v 21.525 165.127 -17.780
v 20.929 165.603 -17.780
v 20.219 165.881 -17.780
v 19.459 165.938 -17.780
v 18.716 165.768 -17.780
v 18.055 165.387 -17.780
v 17.537 164.828 -17.780
v 17.206 164.141 -17.780
v 36.142 163.388 -17.780
v 36.256 162.634 -17.780
v 36.587 161.947 -17.780
v 37.105 161.388 -17.780
v 37.766 161.007 -17.780
v 38.509 160.837 -17.780
v 39.269 160.894 -17.780
v 39.979 161.172 -17.780
v 40.575 161.648 -17.780
v 41.004 162.278 -17.780
v 41.229 163.006 -17.780
v 41.229 163.769 -17.780
v 41.004 164.497 -17.780
v 40.575 165.127 -17.780
v 39.979 165.603 -17.780
v 39.269 165.881 -17.780
v 38.509 165.938 -17.780
v 37.766 165.768 -17.780
v 37.105 165.387 -17.780
v 36.587 164.828 -17.780
v 36.256 164.141 -17.780
v 55.192 163.388 -17.780
v 55.306 162.634 -17.780
v 55.637 161.947 -17.780
v 56.155 161.388 -17.780
v 56.816 161.007 -17.780
v 57.559 160.837 -17.780
v 58.319 160.894 -17.780
v 59.029 161.172 -17.780
v 59.625 161.648 -17.780
v 60.054 162.278 -17.780
v 60.279 163.006 -17.780
v 60.279 163.769 -17.780
v 60.054 164.497 -17.780
v 59.625 165.127 -17.780
v 59.029 165.603 -17.780
v 58.319 165.881 -17.780
v 57.559 165.938 -17.780
v 56.816 165.768 -17.780
v 56.155 165.387 -17.780
v 55.637 164.828 -17.780
v 55.306 164.141 -17.780
v 74.242 163.388 -17.780
v 74.356 162.634 -17.780
v 74.687 161.947 -17.780
v 75.205 161.388 -17.780
v 75.866 161.007 -17.780
v 76.609 160.837 -17.780
v 77.369 160.894 -17.780
v 78.079 161.172 -17.780
v 78.675 161.648 -17.780
v 79.104 162.278 -17.780
v 79.329 163.006 -17.780
v 79.329 163.769 -17.780
v 79.104 164.497 -17.780
v 78.675 165.127 -17.780
v 78.079 165.603 -17.780
v 77.369 165.881 -17.780
v 76.609 165.938 -17.780
v 75.866 165.768 -17.780
v 75.205 165.387 -17.780
v 74.687 164.828 -17.780
v 74.356 164.141 -17.780
v 93.292 163.388 -17.780
v 93.406 162.634 -17.780
v 93.737 161.947 -17.780
v 94.255 161.388 -17.780
v 94.916 161.007 -17.780
v 95.659 160.837 -17.780
v 96.419 160.894 -17.780
v 97.129 161.172 -17.780
v 97.725 161.648 -17.780
v 98.154 162.278 -17.780
v 98.379 163.006 -17.780
v 98.379 163.769 -17.780
v 98.154 164.497 -17.780
v 97.725 165.127 -17.780
v 97.129 165.603 -17.780
v 96.419 165.881 -17.780
v 95.659 165.938 -17.780
v 94.916 165.768 -17.780
v 94.255 165.387 -17.780
v 93.737 164.828 -17.780
v 93.406 164.141 -17.780
v 112.342 163.388 -17.780
v 112.456 162.634 -17.780
v 112.787 161.947 -17.780
v 113.305 161.388 -17.780
v 113.966 161.007 -17.780
v 114.709 160.837 -17.780
v 115.469 160.894 -17.780
v 116.179 161.172 -17.780
v 116.775 161.648 -17.780
v 117.204 162.278 -17.780
v 117.429 163.006 -17.780
v 117.429 163.769 -17.780
v 117.204 164.497 -17.780
v 116.775 165.127 -17.780
v 116.179 165.603 -17.780
v 115.469 165.881 -17.780
v 114.709 165.938 -17.780
v 113.966 165.768 -17.780
v 113.305 165.387 -17.780
v 112.787 164.828 -17.780
v 112.456 164.141 -17.780
v 131.392 163.388 -17.780
v 131.506 162.634 -17.780
v 131.837 161.947 -17.780
v 132.355 161.388 -17.780
v 133.016 161.007 -17.780
v 133.759 160.837 -17.780
v 134.519 160.894 -17.780
v 135.229 161.172 -17.780
v 135.825 161.648 -17.780
v 136.254 162.278 -17.780
v 136.479 163.006 -17.780
v 136.479 163.769 -17.780
v 136.254 164.497 -17.780
v 135.825 165.127 -17.780
v 135.229 165.603 -17.780
v 134.519 165.881 -17.780
v 133.759 165.938 -17.780
v 133.016 165.768 -17.780
v 132.355 165.387 -17.780
v 131.837 164.828 -17.780
v 131.506 164.141 -17.780
v 150.442 163.388 -17.780
v 150.556 162.634 -17.780
v 150.887 161.947 -17.780
v 151.405 161.388 -17.780
v 152.066 161.007 -17.780
v 152.809 160.837 -17.780
v 153.569 160.894 -17.780
v 154.279 161.172 -17.780
v 154.875 161.648 -17.780
v 155.304 162.278 -17.780
v 155.529 163.006 -17.780
v 155.529 163.769 -17.780
v 155.304 164.497 -17.780
v 154.875 165.127 -17.780
v 154.279 165.603 -17.780
v 153.569 165.881 -17.780
v 152.809 165.938 -17.780
v 152.066 165.768 -17.780
v 151.405 165.387 -17.780
v 150.887 164.828 -17.780
v 150.556 164.141 -17.780
v 169.492 163.388 -17.780
v 169.606 162.634 -17.780
v 169.937 161.947 -17.780
v 170.455 161.388 -17.780
v 171.116 161.007 -17.780
v 171.859 160.837 -17.780
v 172.619 160.894 -17.780
v 173.329 161.172 -17.780
v 173.925 161.648 -17.780
v 174.354 162.278 -17.780
v 174.579 163.006 -17.780
v 174.579 163.769 -17.780
v 174.354 164.497 -17.780
v 173.925 165.127 -17.780
v 173.329 165.603 -17.780
v 172.619 165.881 -17.780
v 171.859 165.938 -17.780
v 171.116 165.768 -17.780
v 170.455 165.387 -17.780
v 169.937 164.828 -17.780
v 169.606 164.141 -17.780
v 188.542 163.388 -17.780
v 188.656 162.634 -17.780
v 188.987 161.947 -17.780
v 189.505 161.388 -17.780
v 190.166 161.007 -17.780
v 190.909 160.837 -17.780
v 191.669 160.894 -17.780
v 192.379 161.172 -17.780
v 192.975 161.648 -17.780
v 193.404 162.278 -17.780
v 193.629 163.006 -17.780
v 193.629 163.769 -17.780
v 193.404 164.497 -17.780
v 192.975 165.127 -17.780
v 192.379 165.603 -17.780
v 191.669 165.881 -17.780
v 190.909 165.938 -17.780
v 190.166 165.768 -17.780
v 189.505 165.387 -17.780
v 188.987 164.828 -17.780
v 188.656 164.141 -17.780
v 207.592 163.388 -17.780
v 207.706 162.634 -17.780
v 208.037 161.947 -17.780
v 208.555 161.388 -17.780
v 209.216 161.007 -17.780
v 209.959 160.837 -17.780
v 210.719 160.894 -17.780
v 211.429 161.172 -17.780
v 212.025 161.648 -17.780
v 212.454 162.278 -17.780
v 212.679 163.006 -17.780
v 212.679 163.769 -17.780
v 212.454 164.497 -17.780
v 212.025 165.127 -17.780
v 211.429 165.603 -17.780
v 210.719 165.881 -17.780
v 209.959 165.938 -17.780
v 209.216 165.768 -17.780
v 208.555 165.387 -17.780
v 208.037 164.828 -17.780
v 207.706 164.141 -17.780
v 226.642 163.388 -17.780
v 226.756 162.634 -17.780
v 227.087 161.947 -17.780
v 227.605 161.388 -17.780
v 228.266 161.007 -17.780
v 229.009 160.837 -17.780
v 229.769 160.894 -17.780
v 230.479 161.172 -17.780
v 231.075 161.648 -17.780
v 231.504 162.278 -17.780
v 231.729 163.006 -17.780
v 231.729 163.769 -17.780
v 231.504 164.497 -17.780
v 231.075 165.127 -17.780
v 230.479 165.603 -17.780
v 229.769 165.881 -17.780
v 229.009 165.938 -17.780
v 228.266 165.768 -17.780
v 227.605 165.387 -17.780
v 227.087 164.828 -17.780
v 226.756 164.141 -17.780
v 245.692 163.388 -17.780
v 245.806 162.634 -17.780
v 246.137 161.947 -17.780
v 246.655 161.388 -17.780
v 247.316 161.007 -17.780
v 248.059 160.837 -17.780
v 248.819 160.894 -17.780
v 249.529 161.172 -17.780
v 250.125 161.648 -17.780
v 250.554 162.278 -17.780
v 250.779 163.006 -17.780
v 250.779 163.769 -17.780
v 250.554 164.497 -17.780
v 250.125 165.127 -17.780
v 249.529 165.603 -17.780
v 248.819 165.881 -17.780
v 248.059 165.938 -17.780
v 247.316 165.768 -17.780
v 246.655 165.387 -17.780
v 246.137 164.828 -17.780
v 245.806 164.141 -17.780
v 264.742 163.388 -17.780
v 264.856 162.634 -17.780
v 265.187 161.947 -17.780
v 265.705 161.388 -17.780
v 266.366 161.007 -17.780
v 267.109 160.837 -17.780
v 267.869 160.894 -17.780
v 268.579 161.172 -17.780
v 269.175 161.648 -17.780
v 269.604 162.278 -17.780
v 269.829 163.006 -17.780
v 269.829 163.769 -17.780
v 269.604 164.497 -17.780
v 269.175 165.127 -17.780
v 268.579 165.603 -17.780
v 267.869 165.881 -17.780
v 267.109 165.938 -17.780
v 266.366 165.768 -17.780
v 265.705 165.387 -17.780
v 265.187 164.828 -17.780
v 264.856 164.141 -17.780
v 283.792 163.388 -17.780
v 283.906 162.634 -17.780
v 284.237 161.947 -17.780
v 284.755 161.388 -17.780
v 285.416 161.007 -17.780
v 286.159 160.837 -17.780
v 286.919 160.894 -17.780
v 287.629 161.172 -17.780
v 288.225 161.648 -17.780
v 288.654 162.278 -17.780
v 288.879 163.006 -17.780
v 288.879 163.769 -17.780
v 288.654 164.497 -17.780
v 288.225 165.127 -17.780
v 287.629 165.603 -17.780
v 286.919 165.881 -17.780
v 286.159 165.938 -17.780
v 285.416 165.768 -17.780
v 284.755 165.387 -17.780
v 284.237 164.828 -17.780
v 283.906 164.141 -17.780
v 17.092 144.338 -17.780
v 17.206 143.584 -17.780
v 17.537 142.897 -17.780
v 18.055 142.338 -17.780
v 18.716 141.957 -17.780
v 19.459 141.787 -17.780
v 20.219 141.844 -17.780
v 20.929 142.122 -17.780
v 21.525 142.598 -17.780
v 21.954 143.228 -17.780
v 22.179 143.956 -17.780
v 22.179 144.719 -17.780
v 21.954 145.447 -17.780
v 21.525 146.077 -17.780
v 20.929 146.553 -17.780
v 20.219 146.831 -17.780
v 19.459 146.888 -17.780
v 18.716 146.718 -17.780
v 18.055 146.337 -17.780
v 17.537 145.778 -17.780
v 17.206 145.091 -17.780
v 36.142 144.338 -17.780
v 36.256 143.584 -17.780
v 36.587 142.897 -17.780
v 37.105 142.338 -17.780
v 37.766 141.957 -17.780
v 38.509 141.787 -17.780
v 39.269 141.844 -17.780
v 39.979 142.122 -17.780
v 40.575 142.598 -17.780
v 41.004 143.228 -17.780
v 41.229 143.956 -17.780
v 41.229 144.719 -17.780
v 41.004 145.447 -17.780
v 40.575 146.077 -17.780
v 39.979 146.553 -17.780
v 39.269 146.831 -17.780
v 38.509 146.888 -17.780
v 37.766 146.718 -17.780
v 37.105 146.337 -17.780
v 36.587 145.778 -17.780
v 36.256 145.091 -17.780
v 55.192 144.338 -17.780
v 55.306 143.584 -17.780
v 55.637 142.897 -17.780
v 56.155 142.338 -17.780
v 56.816 141.957 -17.780
v 57.559 141.787 -17.780
v 58.319 141.844 -17.780
v 59.029 142.122 -17.780
v 59.625 142.598 -17.780
v 60.054 143.228 -17.780
v 60.279 143.956 -17.780
v 60.279 144.719 -17.780
v 60.054 145.447 -17.780
v 59.625 146.077 -17.780
v 59.029 146.553 -17.780
v 58.319 146.831 -17.780
v 57.559 146.888 -17.780
v 56.816 146.718 -17.780
v 56.155 146.337 -17.780
v 55.637 145.778 -17.780
v 55.306 145.091 -17.780
v 74.242 144.338 -17.780
v 74.356 143.584 -17.780
v 74.687 142.897 -17.780
v 75.205 142.338 -17.780
v 75.866 141.957 -17.780
v 76.609 141.787 -17.780
v 77.369 141.844 -17.780
v 78.079 142.122 -17.780
v 78.675 142.598 -17.780
v 79.104 143.228 -17.780
v 79.329 143.956 -17.780
v 79.329 144.719 -17.780
v 79.104 145.447 -17.780
v 78.675 146.077 -17.780
v 78.079 146.553 -17.780
v 77.369 146.831 -17.780
v 76.609 146.888 -17.780
v 75.866 146.718 -17.780
v 75.205 146.337 -17.780
v 74.687 145.778 -17.780
v 74.356 145.091 -17.780
v 112.342 144.338 -17.780
v 112.456 143.584 -17.780
v 112.787 142.897 -17.780
v 113.305 142.338 -17.780
v 113.966 141.957 -17.780
v 114.709 141.787 -17.780
v 115.469 141.844 -17.780
v 116.179 142.122 -17.780
v 116.775 142.598 -17.780
v 117.204 143.228 -17.780
v 117.429 143.956 -17.780
v 117.429 144.719 -17.780
v 117.204 145.447 -17.780
v 116.775 146.077 -17.780
v 116.179 146.553 -17.780
v 115.469 146.831 -17.780
v 114.709 146.888 -17.780
v 113.966 146.718 -17.780
v 113.305 146.337 -17.780
v 112.787 145.778 -17.780
v 112.456 145.091 -17.780
v 131.392 144.338 -17.780
v 131.506 143.584 -17.780
v 131.837 142.897 -17.780
v 132.355 142.338 -17.780
v 133.016 141.957 -17.780
v 133.759 141.787 -17.780
v 134.519 141.844 -17.780
v 135.229 142.122 -17.780
v 135.825 142.598 -17.780
v 136.254 143.228 -17.780
v 136.479 143.956 -17.780
v 136.479 144.719 -17.780
v 136.254 145.447 -17.780
v 135.825 146.077 -17.780
v 135.229 146.553 -17.780
v 134.519 146.831 -17.780
v 133.759 146.888 -17.780
v 133.016 146.718 -17.780
v 132.355 146.337 -17.780
v 131.837 145.778 -17.780
v 131.506 145.091 -17.780
v 150.442 144.338 -17.780
v 150.556 143.584 -17.780
v 150.887 142.897 -17.780
v 151.405 142.338 -17.780
v 152.066 141.957 -17.780
v 152.809 141.787 -17.780
v 153.569 141.844 -17.780
v 154.279 142.122 -17.780
v 154.875 142.598 -17.780
v 155.304 143.228 -17.780
v 155.529 143.956 -17.780
v 155.529 144.719 -17.780
v 155.304 145.447 -17.780
v 154.875 146.077 -17.780
v 154.279 146.553 -17.780
v 153.569 146.831 -17.780
v 152.809 146.888 -17.780
v 152.066 146.718 -17.780
v 151.405 146.337 -17.780
v 150.887 145.778 -17.780
v 150.556 145.091 -17.780
v 169.492 144.338 -17.780
v 169.606 143.584 -17.780
v 169.937 142.897 -17.780
v 170.455 142.338 -17.780
v 171.116 141.957 -17.780
v 171.859 141.787 -17.780
v 172.619 141.844 -17.780
v 173.329 142.122 -17.780
v 173.925 142.598 -17.780
v 174.354 143.228 -17.780
v 174.579 143.956 -17.780
v 174.579 144.719 -17.780
v 174.354 145.447 -17.780
v 173.925 146.077 -17.780
v 173.329 146.553 -17.780
v 172.619 146.831 -17.780
v 171.859 146.888 -17.780
v 171.116 146.718 -17.780
v 170.455 146.337 -17.780
v 169.937 145.778 -17.780
v 169.606 145.091 -17.780
v 188.542 144.338 -17.780
v 188.656 143.584 -17.780
v 188.987 142.897 -17.780
v 189.505 142.338 -17.780
v 190.166 141.957 -17.780
v 190.909 141.787 -17.780
v 191.669 141.844 -17.780
v 192.379 142.122 -17.780
v 192.975 142.598 -17.780
v 193.404 143.228 -17.780
v 193.629 143.956 -17.780
v 193.629 144.719 -17.780
v 193.404 145.447 -17.780
v 192.975 146.077 -17.780
v 192.379 146.553 -17.780
v 191.669 146.831 -17.780
v 190.909 146.888 -17.780
v 190.166 146.718 -17.780
v 189.505 146.337 -17.780
v 188.987 145.778 -17.780
v 188.656 145.091 -17.780
v 207.592 144.338 -17.780
v 207.706 143.584 -17.780
v 208.037 142.897 -17.780
v 208.555 142.338 -17.780
v 209.216 141.957 -17.780
v 209.959 141.787 -17.780
v 210.719 141.844 -17.780
v 211.429 142.122 -17.780
v 212.025 142.598 -17.780
v 212.454 143.228 -17.780
v 212.679 143.956 -17.780
v 212.679 144.719 -17.780
v 212.454 145.447 -17.780
v 212.025 146.077 -17.780
v 211.429 146.553 -17.780
v 210.719 146.831 -17.780
v 209.959 146.888 -17.780
v 209.216 146.718 -17.780
v 208.555 146.337 -17.780
v 208.037 145.778 -17.780
v 207.706 145.091 -17.780
v 226.642 144.338 -17.780
v 226.756 143.584 -17.780
v 227.087 142.897 -17.780
v 227.605 142.338 -17.780
v 228.266 141.957 -17.780
v 229.009 141.787 -17.780
v 229.769 141.844 -17.780
v 230.479 142.122 -17.780
v 231.075 142.598 -17.780
v 231.504 143.228 -17.780
v 231.729 143.956 -17.780
v 231.729 144.719 -17.780
v 231.504 145.447 -17.780
v 231.075 146.077 -17.780
v 230.479 146.553 -17.780
v 229.769 146.831 -17.780
v 229.009 146.888 -17.780
v 228.266 146.718 -17.780
v 227.605 146.337 -17.780
v 227.087 145.778 -17.780
v 226.756 145.091 -17.780
v 245.692 144.338 -17.780
v 245.806 143.584 -17.780
v 246.137 142.897 -17.780
v 246.655 142.338 -17.780
v 247.316 141.957 -17.780
v 248.059 141.787 -17.780
v 248.819 141.844 -17.780
v 249.529 142.122 -17.780
v 250.125 142.598 -17.780
v 250.554 143.228 -17.780
v 250.779 143.956 -17.780
v 250.779 144.719 -17.780
v 250.554 145.447 -17.780
v 250.125 146.077 -17.780
v 249.529 146.553 -17.780
v 248.819 146.831 -17.780
v 248.059 146.888 -17.780
v 247.316 146.718 -17.780
v 246.655 146.337 -17.780
v 246.137 145.778 -17.780
v 245.806 145.091 -17.780
v 264.742 144.338 -17.780
v 264.856 143.584 -17.780
v 265.187 142.897 -17.780
v 265.705 142.338 -17.780
v 266.366 141.957 -17.780
v 267.109 141.787 -17.780
v 267.869 141.844 -17.780
v 268.579 142.122 -17.780
v 269.175 142.598 -17.780
v 269.604 143.228 -17.780
v 269.829 143.956 -17.780
v 269.829 144.719 -17.780
v 269.604 145.447 -17.780
v 269.175 146.077 -17.780
v 268.579 146.553 -17.780
v 267.869 146.831 -17.780
v 267.109 146.888 -17.780
v 266.366 146.718 -17.780
v 265.705 146.337 -17.780
v 265.187 145.778 -17.780
v 264.856 145.091 -17.780
v 283.792 144.338 -17.780
v 283.906 143.584 -17.780
v 284.237 142.897 -17.780
v 284.755 142.338 -17.780
v 285.416 141.957 -17.780
v 286.159 141.787 -17.780
v 286.919 141.844 -17.780
v 287.629 142.122 -17.780
v 288.225 142.598 -17.780
v 288.654 143.228 -17.780
v 288.879 143.956 -17.780
v 288.879 144.719 -17.780
v 288.654 145.447 -17.780
v 288.225 146.077 -17.780
v 287.629 146.553 -17.780
v 286.919 146.831 -17.780
v 286.159 146.888 -17.780
v 285.416 146.718 -17.780
v 284.755 146.337 -17.780
v 284.237 145.778 -17.780
v 283.906 145.091 -17.780
v 17.092 125.287 -17.780
v 17.206 124.534 -17.780
v 17.537 123.847 -17.780
v 18.055 123.288 -17.780
v 18.716 122.907 -17.780
v 19.459 122.737 -17.780
v 20.219 122.794 -17.780
v 20.929 123.072 -17.780
v 21.525 123.548 -17.780
v 21.954 124.178 -17.780
v 22.179 124.906 -17.780
v 22.179 125.669 -17.780
v 21.954 126.397 -17.780
v 21.525 127.027 -17.780
v 20.929 127.503 -17.780
v 20.219 127.781 -17.780
v 19.459 127.838 -17.780
v 18.716 127.668 -17.780
v 18.055 127.287 -17.780
v 17.537 126.728 -17.780
v 17.206 126.041 -17.780
v 36.142 125.287 -17.780
v 36.256 124.534 -17.780
v 36.587 123.847 -17.780
v 37.105 123.288 -17.780
v 37.766 122.907 -17.780
v 38.509 122.737 -17.780
v 39.269 122.794 -17.780
v 39.979 123.072 -17.780
v 40.575 123.548 -17.780
v 41.004 124.178 -17.780
v 41.229 124.906 -17.780
v 41.229 125.669 -17.780
v 41.004 126.397 -17.780
v 40.575 127.027 -17.780
v 39.979 127.503 -17.780
v 39.269 127.781 -17.780
v 38.509 127.838 -17.780
v 37.766 127.668 -17.780
v 37.105 127.287 -17.780
v 36.587 126.728 -17.780
v 36.256 126.041 -17.780
v 55.192 125.287 -17.780
v 55.306 124.534 -17.780
v 55.637 123.847 -17.780
v 56.155 123.288 -17.780
v 56.816 122.907 -17.780
v 57.559 122.737 -17.780
v 58.319 122.794 -17.780
v 59.029 123.072 -17.780
v 59.625 123.548 -17.780
v 60.054 124.178 -17.780
v 60.279 124.906 -17.780
v 60.279 125.669 -17.780
v 60.054 126.397 -17.780
v 59.625 127.027 -17.780
v 59.029 127.503 -17.780
v 58.319 127.781 -17.780
v 57.559 127.838 -17.780
v 56.816 127.668 -17.780
v 56.155 127.287 -17.780
v 55.637 126.728 -17.780
v 55.306 126.041 -17.780
v 112.342 125.287 -17.780
v 112.456 124.534 -17.780
v 112.787 123.847 -17.780
v 113.305 123.288 -17.780
v 113.966 122.907 -17.780
v 114.709 122.737 -17.780
v 115.469 122.794 -17.780
v 116.179 123.072 -17.780
v 116.775 123.548 -17.780
v 117.204 124.178 -17.780
v 117.429 124.906 -17.780
v 117.429 125.669 -17.780
v 117.204 126.397 -17.780
v 116.775 127.027 -17.780
v 116.179 127.503 -17.780
v 115.469 127.781 -17.780
v 114.709 127.838 -17.780
v 113.966 127.668 -17.780
v 113.305 127.287 -17.780
v 112.787 126.728 -17.780
v 112.456 126.041 -17.780
v 131.392 125.287 -17.780
v 131.506 124.534 -17.780
v 131.837 123.847 -17.780
v 132.355 123.288 -17.780
v 133.016 122.907 -17.780
v 133.759 122.737 -17.780
v 134.519 122.794 -17.780
v 135.229 123.072 -17.780
v 135.825 123.548 -17.780
v 136.254 124.178 -17.780
v 136.479 124.906 -17.780
v 136.479 125.669 -17.780
v 136.254 126.397 -17.780
v 135.825 127.027 -17.780
v 135.229 127.503 -17.780
v 134.519 127.781 -17.780
v 133.759 127.838 -17.780
v 133.016 127.668 -17.780
v 132.355 127.287 -17.780
v 131.837 126.728 -17.780
v 131.506 126.041 -17.780
v 150.442 125.287 -17.780
v 150.556 124.534 -17.780
v 150.887 123.847 -17.780
v 151.405 123.288 -17.780
v 152.066 122.907 -17.780
v 152.809 122.737 -17.780
v 153.569 122.794 -17.780
v 154.279 123.072 -17.780
v 154.875 123.548 -17.780
v 155.304 124.178 -17.780
v 155.529 124.906 -17.780
v 155.529 125.669 -17.780
v 155.304 126.397 -17.780
v 154.875 127.027 -17.780
v 154.279 127.503 -17.780
v 153.569 127.781 -17.780
v 152.809 127.838 -17.780
v 152.066 127.668 -17.780
v 151.405 127.287 -17.780
v 150.887 126.728 -17.780
v 150.556 126.041 -17.780
v 188.542 125.287 -17.780
v 188.656 124.534 -17.780
v 188.987 123.847 -17.780
v 189.505 123.288 -17.780
v 190.166 122.907 -17.780
v 190.909 122.737 -17.780
v 191.669 122.794 -17.780
v 192.379 123.072 -17.780
v 192.975 123.548 -17.780
v 193.404 124.178 -17.780
v 193.629 124.906 -17.780
v 193.629 125.669 -17.780
v 193.404 126.397 -17.780
v 192.975 127.027 -17.780
v 192.379 127.503 -17.780
v 191.669 127.781 -17.780
v 190.909 127.838 -17.780
v 190.166 127.668 -17.780
v 189.505 127.287 -17.780
v 188.987 126.728 -17.780
v 188.656 126.041 -17.780
v 207.592 125.287 -17.780
v 207.706 124.534 -17.780
v 208.037 123.847 -17.780
v 208.555 123.288 -17.780
v 209.216 122.907 -17.780
v 209.959 122.737 -17.780
v 210.719 122.794 -17.780
v 211.429 123.072 -17.780
v 212.025 123.548 -17.780
v 212.454 124.178 -17.780
v 212.679 124.906 -17.780
v 212.679 125.669 -17.780
v 212.454 126.397 -17.780
v 212.025 127.027 -17.780
v 211.429 127.503 -17.780
v 210.719 127.781 -17.780
v 209.959 127.838 -17.780
v 209.216 127.668 -17.780
v 208.555 127.287 -17.780
v 208.037 126.728 -17.780
v 207.706 126.041 -17.780
v 226.642 125.287 -17.780
v 226.756 124.534 -17.780
v 227.087 123.847 -17.780
v 227.605 123.288 -17.780
v 228.266 122.907 -17.780
v 229.009 122.737 -17.780
v 229.769 122.794 -17.780
v 230.479 123.072 -17.780
v 231.075 123.548 -17.780
v 231.504 124.178 -17.780
v 231.729 124.906 -17.780
v 231.729 125.669 -17.780
v 231.504 126.397 -17.780
v 231.075 127.027 -17.780
v 230.479 127.503 -17.780
v 229.769 127.781 -17.780
v 229.009 127.838 -17.780
v 228.266 127.668 -17.780
v 227.605 127.287 -17.780
v 227.087 126.728 -17.780
v 226.756 126.041 -17.780
v 245.692 125.287 -17.780
v 245.806 124.534 -17.780
v 246.137 123.847 -17.780
v 246.655 123.288 -17.780
v 247.316 122.907 -17.780
v 248.059 122.737 -17.780
v 248.819 122.794 -17.780
v 249.529 123.072 -17.780
v 250.125 123.548 -17.780
v 250.554 124.178 -17.780
v 250.779 124.906 -17.780
v 250.779 125.669 -17.780
v 250.554 126.397 -17.780
v 250.125 127.027 -17.780
v 249.529 127.503 -17.780
v 248.819 127.781 -17.780
v 248.059 127.838 -17.780
v 247.316 127.668 -17.780
v 246.655 127.287 -17.780
v 246.137 126.728 -17.780
v 245.806 126.041 -17.780
v 283.792 125.287 -17.780
v 283.906 124.534 -17.780
v 284.237 123.847 -17.780
v 284.755 123.288 -17.780
v 285.416 122.907 -17.780
v 286.159 122.737 -17.780
v 286.919 122.794 -17.780
v 287.629 123.072 -17.780
v 288.225 123.548 -17.780
v 288.654 124.178 -17.780
v 288.879 124.906 -17.780
v 288.879 125.669 -17.780
v 288.654 126.397 -17.780
v 288.225 127.027 -17.780
v 287.629 127.503 -17.780
v 286.919 127.781 -17.780
v 286.159 127.838 -17.780
v 285.416 127.668 -17.780
v 284.755 127.287 -17.780
v 284.237 126.728 -17.780
v 283.906 126.041 -17.780
v 17.092 106.237 -17.780
v 17.206 105.484 -17.780
v 17.537 104.797 -17.780
v 18.055 104.238 -17.780
v 18.716 103.857 -17.780
v 19.459 103.687 -17.780
v 20.219 103.744 -17.780
v 20.929 104.022 -17.780
v 21.525 104.498 -17.780
v 21.954 105.128 -17.780
v 22.179 105.856 -17.780
v 22.179 106.619 -17.780
v 21.954 107.347 -17.780
v 21.525 107.977 -17.780
v 20.929 108.453 -17.780
v 20.219 108.731 -17.780
v 19.459 108.788 -17.780
v 18.716 108.618 -17.780
v 18.055 108.237 -17.780
v 17.537 107.678 -17.780
v 17.206 106.991 -17.780
v 36.142 106.237 -17.780
v 36.256 105.484 -17.780
v 36.587 104.797 -17.780
v 37.105 104.238 -17.780
v 37.766 103.857 -17.780
v 38.509 103.687 -17.780
v 39.269 103.744 -17.780
v 39.979 104.022 -17.780
v 40.575 104.498 -17.780
v 41.004 105.128 -17.780
v 41.229 105.856 -17.780
v 41.229 106.619 -17.780
v 41.004 107.347 -17.780
v 40.575 107.977 -17.780
v 39.979 108.453 -17.780
v 39.269 108.731 -17.780
v 38.509 108.788 -17.780
v 37.766 108.618 -17.780
v 37.105 108.237 -17.780
v 36.587 107.678 -17.780
v 36.256 106.991 -17.780
v 55.192 106.237 -17.780
v 55.306 105.484 -17.780
v 55.637 104.797 -17.780
v 56.155 104.238 -17.780
v 56.816 103.857 -17.780
v 57.559 103.687 -17.780
v 58.319 103.744 -17.780
v 59.029 104.022 -17.780
v 59.625 104.498 -17.780
v 60.054 105.128 -17.780
v 60.279 105.856 -17.780
v 60.279 106.619 -17.780
v 60.054 107.347 -17.780
v 59.625 107.977 -17.780
v 59.029 108.453 -17.780
v 58.319 108.731 -17.780
v 57.559 108.788 -17.780
v 56.816 108.618 -17.780
v 56.155 108.237 -17.780
v 55.637 107.678 -17.780
v 55.306 106.991 -17.780
v 74.242 106.237 -17.780
v 74.356 105.484 -17.780
v 74.687 104.797 -17.780
v 75.205 104.238 -17.780
v 75.866 103.857 -17.780
v 76.609 103.687 -17.780
v 77.369 103.744 -17.780
v 78.079 104.022 -17.780
v 78.675 104.498 -17.780
v 79.104 105.128 -17.780
v 79.329 105.856 -17.780
v 79.329 106.619 -17.780
v 79.104 107.347 -17.780
v 78.675 107.977 -17.780
v 78.079 108.453 -17.780
v 77.369 108.731 -17.780
v 76.609 108.788 -17.780
v 75.866 108.618 -17.780
v 75.205 108.237 -17.780
v 74.687 107.678 -17.780
v 74.356 106.991 -17.780
v 112.342 106.237 -17.780
v 112.456 105.484 -17.780
v 112.787 104.797 -17.780
v 113.305 104.238 -17.780
v 113.966 103.857 -17.780
v 114.709 103.687 -17.780
v 115.469 103.744 -17.780
v 116.179 104.022 -17.780
v 116.775 104.498 -17.780
v 117.204 105.128 -17.780
v 117.429 105.856 -17.780
v 117.429 106.619 -17.780
v 117.204 107.347 -17.780
v 116.775 107.977 -17.780
v 116.179 108.453 -17.780
v 115.469 108.731 -17.780
v 114.709 108.788 -17.780
v 113.966 108.618 -17.780
v 113.305 108.237 -17.780
v 112.787 107.678 -17.780
v 112.456 106.991 -17.780
v 131.392 106.237 -17.780
v 131.506 105.484 -17.780
v 131.837 104.797 -17.780
v 132.355 104.238 -17.780
v 133.016 103.857 -17.780
v 133.759 103.687 -17.780
v 134.519 103.744 -17.780
v 135.229 104.022 -17.780
v 135.825 104.498 -17.780
v 136.254 105.128 -17.780
v 136.479 105.856 -17.780
v 136.479 106.619 -17.780
v 136.254 107.347 -17.780
v 135.825 107.977 -17.780
v 135.229 108.453 -17.780
v 134.519 108.731 -17.780
v 133.759 108.788 -17.780
v 133.016 108.618 -17.780
v 132.355 108.237 -17.780
v 131.837 107.678 -17.780
v 131.506 106.991 -17.780
v 169.492 106.237 -17.780
v 169.606 105.484 -17.780
v 169.937 104.797 -17.780
v 170.455 104.238 -17.780
v 171.116 103.857 -17.780
v 171.859 103.687 -17.780
v 172.619 103.744 -17.780
v 173.329 104.022 -17.780
v 173.925 104.498 -17.780
v 174.354 105.128 -17.780
v 174.579 105.856 -17.780
v 174.579 106.619 -17.780
v 174.354 107.347 -17.780
v 173.925 107.977 -17.780
v 173.329 108.453 -17.780
v 172.619 108.731 -17.780
v 171.859 108.788 -17.780
v 171.116 108.618 -17.780
v 170.455 108.237 -17.780
v 169.937 107.678 -17.780
v 169.606 106.991 -17.780
v 188.542 106.237 -17.780
v 188.656 105.484 -17.780
v 188.987 104.797 -17.780
v 189.505 104.238 -17.780
v 190.166 103.857 -17.780
v 190.909 103.687 -17.780
v 191.669 103.744 -17.780
v 192.379 104.022 -17.780
v 192.975 104.498 -17.780
v 193.404 105.128 -17.780
v 193.629 105.856 -17.780
v 193.629 106.619 -17.780
v 193.404 107.347 -17.780
v 192.975 107.977 -17.780
v 192.379 108.453 -17.780
v 191.669 108.731 -17.780
v 190.909 108.788 -17.780
v 190.166 108.618 -17.780
v 189.505 108.237 -17.780
v 188.987 107.678 -17.780
v 188.656 106.991 -17.780
v 207.592 106.237 -17.780
v 207.706 105.484 -17.780
v 208.037 104.797 -17.780
v 208.555 104.238 -17.780
v 209.216 103.857 -17.780
v 209.959 103.687 -17.780
v 210.719 103.744 -17.780
v 211.429 104.022 -17.780
v 212.025 104.498 -17.780
v 212.454 105.128 -17.780
v 212.679 105.856 -17.780
v 212.679 106.619 -17.780
v 212.454 107.347 -17.780
v 212.025 107.977 -17.780
v 211.429 108.453 -17.780
v 210.719 108.731 -17.780
v 209.959 108.788 -17.780
v 209.216 108.618 -17.780
v 208.555 108.237 -17.780
v 208.037 107.678 -17.780
v 207.706 106.991 -17.780
v 226.642 106.237 -17.780
v 226.756 105.484 -17.780
v 227.087 104.797 -17.780
v 227.605 104.238 -17.780
v 228.266 103.857 -17.780
v 229.009 103.687 -17.780
v 229.769 103.744 -17.780
v 230.479 104.022 -17.780
v 231.075 104.498 -17.780
v 231.504 105.128 -17.780
v 231.729 105.856 -17.780
v 231.729 106.619 -17.780
v 231.504 107.347 -17.780
v 231.075 107.977 -17.780
v 230.479 108.453 -17.780
v 229.769 108.731 -17.780
v 229.009 108.788 -17.780
v 228.266 108.618 -17.780
v 227.605 108.237 -17.780
v 227.087 107.678 -17.780
v 226.756 106.991 -17.780
v 245.692 106.237 -17.780
v 245.806 105.484 -17.780
v 246.137 104.797 -17.780
v 246.655 104.238 -17.780
v 247.316 103.857 -17.780
v 248.059 103.687 -17.780
v 248.819 103.744 -17.780
v 249.529 104.022 -17.780
v 250.125 104.498 -17.780
v 250.554 105.128 -17.780
v 250.779 105.856 -17.780
v 250.779 106.619 -17.780
v 250.554 107.347 -17.780
v 250.125 107.977 -17.780
v 249.529 108.453 -17.780
v 248.819 108.731 -17.780
v 248.059 108.788 -17.780
v 247.316 108.618 -17.780
v 246.655 108.237 -17.780
v 246.137 107.678 -17.780
v 245.806 106.991 -17.780
v 264.742 106.237 -17.780
v 264.856 105.484 -17.780
v 265.187 104.797 -17.780
v 265.705 104.238 -17.780
v 266.366 103.857 -17.780
v 267.109 103.687 -17.780
v 267.869 103.744 -17.780
v 268.579 104.022 -17.780
v 269.175 104.498 -17.780
v 269.604 105.128 -17.780
v 269.829 105.856 -17.780
v 269.829 106.619 -17.780
v 269.604 107.347 -17.780
v 269.175 107.977 -17.780
v 268.579 108.453 -17.780
v 267.869 108.731 -17.780
v 267.109 108.788 -17.780
v 266.366 108.618 -17.780
v 265.705 108.237 -17.780
v 265.187 107.678 -17.780
v 264.856 106.991 -17.780
v 17.092 87.188 -17.780
v 17.206 86.434 -17.780
v 17.537 85.747 -17.780
v 18.055 85.188 -17.780
v 18.716 84.807 -17.780
v 19.459 84.637 -17.780
v 20.219 84.694 -17.780
v 20.929 84.972 -17.780
v 21.525 85.448 -17.780
v 21.954 86.078 -17.780
v 22.179 86.806 -17.780
v 22.179 87.569 -17.780
v 21.954 88.297 -17.780
v 21.525 88.927 -17.780
v 20.929 89.403 -17.780
v 20.219 89.681 -17.780
v 19.459 89.738 -17.780
v 18.716 89.568 -17.780
v 18.055 89.187 -17.780
v 17.537 88.628 -17.780
v 17.206 87.941 -17.780
v 36.142 87.188 -17.780
v 36.256 86.434 -17.780
v 36.587 85.747 -17.780
v 37.105 85.188 -17.780
v 37.766 84.807 -17.780
v 38.509 84.637 -17.780
v 39.269 84.694 -17.780
v 39.979 84.972 -17.780
v 40.575 85.448 -17.780
v 41.004 86.078 -17.780
v 41.229 86.806 -17.780
v 41.229 87.569 -17.780
v 41.004 88.297 -17.780
v 40.575 88.927 -17.780
v 39.979 89.403 -17.780
v 39.269 89.681 -17.780
v 38.509 89.738 -17.780
v 37.766 89.568 -17.780
v 37.105 89.187 -17.780
v 36.587 88.628 -17.780
v 36.256 87.941 -17.780
v 55.192 87.188 -17.780
v 55.306 86.434 -17.780
v 55.637 85.747 -17.780
v 56.155 85.188 -17.780
v 56.816 84.807 -17.780
v 57.559 84.637 -17.780
v 58.319 84.694 -17.780
v 59.029 84.972 -17.780
v 59.625 85.448 -17.780
v 60.054 86.078 -17.780
v 60.279 86.806 -17.780
v 60.279 87.569 -17.780
v 60.054 88.297 -17.780
v 59.625 88.927 -17.780
v 59.029 89.403 -17.780
v 58.319 89.681 -17.780
v 57.559 89.738 -17.780
v 56.816 89.568 -17.780
v 56.155 89.187 -17.780
v 55.637 88.628 -17.780
v 55.306 87.941 -17.780
v 74.242 87.188 -17.780
v 74.356 86.434 -17.780
v 74.687 85.747 -17.780
v 75.205 85.188 -17.780
v 75.866 84.807 -17.780
v 76.609 84.637 -17.780
v 77.369 84.694 -17.780
v 78.079 84.972 -17.780
v 78.675 85.448 -17.780
v 79.104 86.078 -17.780
v 79.329 86.806 -17.780
v 79.329 87.569 -17.780
v 79.104 88.297 -17.780
v 78.675 88.927 -17.780
v 78.079 89.403 -17.780
v 77.369 89.681 -17.780
v 76.609 89.738 -17.780
v 75.866 89.568 -17.780
v 75.205 89.187 -17.780
v 74.687 88.628 -17.780
v 74.356 87.941 -17.780
v 112.342 87.188 -17.780
v 112.456 86.434 -17.780
v 112.787 85.747 -17.780
v 113.305 85.188 -17.780
v 113.966 84.807 -17.780
v 114.709 84.637 -17.780
v 115.469 84.694 -17.780
v 116.179 84.972 -17.780
v 116.775 85.448 -17.780
v 117.204 86.078 -17.780
v 117.429 86.806 -17.780
v 117.429 87.569 -17.780
v 117.204 88.297 -17.780
v 116.775 88.927 -17.780
v 116.179 89.403 -17.780
v 115.469 89.681 -17.780
v 114.709 89.738 -17.780
v 113.966 89.568 -17.780
v 113.305 89.187 -17.780
v 112.787 88.628 -17.780
v 112.456 87.941 -17.780
v 131.392 87.188 -17.780
v 131.506 86.434 -17.780
v 131.837 85.747 -17.780
v 132.355 85.188 -17.780
v 133.016 84.807 -17.780
v 133.759 84.637 -17.780
v 134.519 84.694 -17.780
v 135.229 84.972 -17.780
v 135.825 85.448 -17.780
v 136.254 86.078 -17.780
v 136.479 86.806 -17.780
v 136.479 87.569 -17.780
v 136.254 88.297 -17.780
v 135.825 88.927 -17.780
v 135.229 89.403 -17.780
v 134.519 89.681 -17.780
v 133.759 89.738 -17.780
v 133.016 89.568 -17.780
v 132.355 89.187 -17.780
v 131.837 88.628 -17.780
v 131.506 87.941 -17.780
v 150.442 87.188 -17.780
v 150.556 86.434 -17.780
v 150.887 85.747 -17.780
v 151.405 85.188 -17.780
v 152.066 84.807 -17.780
v 152.809 84.637 -17.780
v 153.569 84.694 -17.780
v 154.279 84.972 -17.780
v 154.875 85.448 -17.780
v 155.304 86.078 -17.780
v 155.529 86.806 -17.780
v 155.529 87.569 -17.780
v 155.304 88.297 -17.780
v 154.875 88.927 -17.780
v 154.279 89.403 -17.780
v 153.569 89.681 -17.780
v 152.809 89.738 -17.780
v 152.066 89.568 -17.780
v 151.405 89.187 -17.780
v 150.887 88.628 -17.780
v 150.556 87.941 -17.780
v 169.492 87.188 -17.780
v 169.606 86.434 -17.780
v 169.937 85.747 -17.780
v 170.455 85.188 -17.780
v 171.116 84.807 -17.780
v 171.859 84.637 -17.780
v 172.619 84.694 -17.780
v 173.329 84.972 -17.780
v 173.925 85.448 -17.780
v 174.354 86.078 -17.780
v 174.579 86.806 -17.780
v 174.579 87.569 -17.780
v 174.354 88.297 -17.780
v 173.925 88.927 -17.780
v 173.329 89.403 -17.780
v 172.619 89.681 -17.780
v 171.859 89.738 -17.780
v 171.116 89.568 -17.780
v 170.455 89.187 -17.780
v 169.937 88.628 -17.780
v 169.606 87.941 -17.780
v 188.542 87.188 -17.780
v 188.656 86.434 -17.780
v 188.987 85.747 -17.780
v 189.505 85.188 -17.780
v 190.166 84.807 -17.780
v 190.909 84.637 -17.780
v 191.669 84.694 -17.780
v 192.379 84.972 -17.780
v 192.975 85.448 -17.780
v 193.404 86.078 -17.780
v 193.629 86.806 -17.780
v 193.629 87.569 -17.780
v 193.404 88.297 -17.780
v 192.975 88.927 -17.780
v 192.379 89.403 -17.780
v 191.669 89.681 -17.780
v 190.909 89.738 -17.780
v 190.166 89.568 -17.780
v 189.505 89.187 -17.780
v 188.987 88.628 -17.780
v 188.656 87.941 -17.780
v 207.592 87.188 -17.780
v 207.706 86.434 -17.780
v 208.037 85.747 -17.780
v 208.555 85.188 -17.780
v 209.216 84.807 -17.780
v 209.959 84.637 -17.780
v 210.719 84.694 -17.780
v 211.429 84.972 -17.780
v 212.025 85.448 -17.780
v 212.454 86.078 -17.780
v 212.679 86.806 -17.780
v 212.679 87.569 -17.780
v 212.454 88.297 -17.780
v 212.025 88.927 -17.780
v 211.429 89.403 -17.780
v 210.719 89.681 -17.780
v 209.959 89.738 -17.780
v 209.216 89.568 -17.780
v 208.555 89.187 -17.780
v 208.037 88.628 -17.780
v 207.706 87.941 -17.780
v 226.642 87.188 -17.780
v 226.756 86.434 -17.780
v 227.087 85.747 -17.780
v 227.605 85.188 -17.780
v 228.266 84.807 -17.780
v 229.009 84.637 -17.780
v 229.769 84.694 -17.780
v 230.479 84.972 -17.780
v 231.075 85.448 -17.780
v 231.504 86.078 -17.780
v 231.729 86.806 -17.780
v 231.729 87.569 -17.780
v 231.504 88.297 -17.780
v 231.075 88.927 -17.780
v 230.479 89.403 -17.780
v 229.769 89.681 -17.780
v 229.009 89.738 -17.780
v 228.266 89.568 -17.780
v 227.605 89.187 -17.780
v 227.087 88.628 -17.780
v 226.756 87.941 -17.780
v 245.692 87.188 -17.780
v 245.806 86.434 -17.780
v 246.137 85.747 -17.780
v 246.655 85.188 -17.780
v 247.316 84.807 -17.780
v 248.059 84.637 -17.780
v 248.819 84.694 -17.780
v 249.529 84.972 -17.780
v 250.125 85.448 -17.780
v 250.554 86.078 -17.780
v 250.779 86.806 -17.780
v 250.779 87.569 -17.780
v 250.554 88.297 -17.780
v 250.125 88.927 -17.780
v 249.529 89.403 -17.780
v 248.819 89.681 -17.780
v 248.059 89.738 -17.780
v 247.316 89.568 -17.780
v 246.655 89.187 -17.780
v 246.137 88.628 -17.780
v 245.806 87.941 -17.780
v 264.742 87.188 -17.780
v 264.856 86.434 -17.780
v 265.187 85.747 -17.780
v 265.705 85.188 -17.780
v 266.366 84.807 -17.780
v 267.109 84.637 -17.780
v 267.869 84.694 -17.780
v 268.579 84.972 -17.780
v 269.175 85.448 -17.780
v 269.604 86.078 -17.780
v 269.829 86.806 -17.780
v 269.829 87.569 -17.780
v 269.604 88.297 -17.780
v 269.175 88.927 -17.780
v 268.579 89.403 -17.780
v 267.869 89.681 -17.780
v 267.109 89.738 -17.780
v 266.366 89.568 -17.780
v 265.705 89.187 -17.780
v 265.187 88.628 -17.780
v 264.856 87.941 -17.780
v 283.792 87.188 -17.780
v 283.906 86.434 -17.780
v 284.237 85.747 -17.780
v 284.755 85.188 -17.780
v 285.416 84.807 -17.780
v 286.159 84.637 -17.780
v 286.919 84.694 -17.780
v 287.629 84.972 -17.780
v 288.225 85.448 -17.780
v 288.654 86.078 -17.780
v 288.879 86.806 -17.780
v 288.879 87.569 -17.780
v 288.654 88.297 -17.780
v 288.225 88.927 -17.780
v 287.629 89.403 -17.780
v 286.919 89.681 -17.780
v 286.159 89.738 -17.780
v 285.416 89.568 -17.780
v 284.755 89.187 -17.780
v 284.237 88.628 -17.780
v 283.906 87.941 -17.780
v 17.092 68.138 -17.780
v 17.206 67.384 -17.780
v 17.537 66.697 -17.780
v 18.055 66.138 -17.780
v 18.716 65.757 -17.780
v 19.459 65.587 -17.780
v 20.219 65.644 -17.780
v 20.929 65.922 -17.780
v 21.525 66.398 -17.780
v 21.954 67.028 -17.780
v 22.179 67.756 -17.780
v 22.179 68.519 -17.780
v 21.954 69.247 -17.780
v 21.525 69.877 -17.780
v 20.929 70.353 -17.780
v 20.219 70.631 -17.780
v 19.459 70.688 -17.780
v 18.716 70.518 -17.780
v 18.055 70.137 -17.780
v 17.537 69.578 -17.780
v 17.206 68.891 -17.780
v 36.142 68.138 -17.780
v 36.256 67.384 -17.780
v 36.587 66.697 -17.780
v 37.105 66.138 -17.780
v 37.766 65.757 -17.780
v 38.509 65.587 -17.780
v 39.269 65.644 -17.780
v 39.979 65.922 -17.780
v 40.575 66.398 -17.780
v 41.004 67.028 -17.780
v 41.229 67.756 -17.780
v 41.229 68.519 -17.780
v 41.004 69.247 -17.780
v 40.575 69.877 -17.780
v 39.979 70.353 -17.780
v 39.269 70.631 -17.780
v 38.509 70.688 -17.780
v 37.766 70.518 -17.780
v 37.105 70.137 -17.780
v 36.587 69.578 -17.780
v 36.256 68.891 -17.780
v 55.192 68.138 -17.780
v 55.306 67.384 -17.780
v 55.637 66.697 -17.780
v 56.155 66.138 -17.780
v 56.816 65.757 -17.780
v 57.559 65.587 -17.780
v 58.319 65.644 -17.780
v 59.029 65.922 -17.780
v 59.625 66.398 -17.780
v 60.054 67.028 -17.780
v 60.279 67.756 -17.780
v 60.279 68.519 -17.780
v 60.054 69.247 -17.780
v 59.625 69.877 -17.780
v 59.029 70.353 -17.780
v 58.319 70.631 -17.780
v 57.559 70.688 -17.780
v 56.816 70.518 -17.780
v 56.155 70.137 -17.780
v 55.637 69.578 -17.780
v 55.306 68.891 -17.780
v 112.342 68.138 -17.780
v 112.456 67.384 -17.780
v 112.787 66.697 -17.780
v 113.305 66.138 -17.780
v 113.966 65.757 -17.780
v 114.709 65.587 -17.780
v 115.469 65.644 -17.780
v 116.179 65.922 -17.780
v 116.775 66.398 -17.780
v 117.204 67.028 -17.780
v 117.429 67.756 -17.780
v 117.429 68.519 -17.780
v 117.204 69.247 -17.780
v 116.775 69.877 -17.780
v 116.179 70.353 -17.780
v 115.469 70.631 -17.780
v 114.709 70.688 -17.780
v 113.966 70.518 -17.780
v 113.305 70.137 -17.780
v 112.787 69.578 -17.780
v 112.456 68.891 -17.780
v 131.392 68.138 -17.780
v 131.506 67.384 -17.780
v 131.837 66.697 -17.780
v 132.355 66.138 -17.780
v 133.016 65.757 -17.780
v 133.759 65.587 -17.780
v 134.519 65.644 -17.780
v 135.229 65.922 -17.780
v 135.825 66.398 -17.780
v 136.254 67.028 -17.780
v 136.479 67.756 -17.780
v 136.479 68.519 -17.780
v 136.254 69.247 -17.780
v 135.825 69.877 -17.780
v 135.229 70.353 -17.780
v 134.519 70.631 -17.780
v 133.759 70.688 -17.780
v 133.016 70.518 -17.780
v 132.355 70.137 -17.780
v 131.837 69.578 -17.780
v 131.506 68.891 -17.780
v 150.442 68.138 -17.780
v 150.556 67.384 -17.780
v 150.887 66.697 -17.780
v 151.405 66.138 -17.780
v 152.066 65.757 -17.780
v 152.809 65.587 -17.780
v 153.569 65.644 -17.780
v 154.279 65.922 -17.780
v 154.875 66.398 -17.780
v 155.304 67.028 -17.780
v 155.529 67.756 -17.780
v 155.529 68.519 -17.780
v 155.304 69.247 -17.780
v 154.875 69.877 -17.780
v 154.279 70.353 -17.780
v 153.569 70.631 -17.780
v 152.809 70.688 -17.780
v 152.066 70.518 -17.780
v 151.405 70.137 -17.780
v 150.887 69.578 -17.780
v 150.556 68.891 -17.780
v 188.542 68.138 -17.780
v 188.656 67.384 -17.780
v 188.987 66.697 -17.780
v 189.505 66.138 -17.780
v 190.166 65.757 -17.780
v 190.909 65.587 -17.780
v 191.669 65.644 -17.780
v 192.379 65.922 -17.780
v 192.975 66.398 -17.780
v 193.404 67.028 -17.780
v 193.629 67.756 -17.780
v 193.629 68.519 -17.780
v 193.404 69.247 -17.780
v 192.975 69.877 -17.780
v 192.379 70.353 -17.780
v 191.669 70.631 -17.780
v 190.909 70.688 -17.780
v 190.166 70.518 -17.780
v 189.505 70.137 -17.780
v 188.987 69.578 -17.780
v 188.656 68.891 -17.780
v 207.592 68.138 -17.780
v 207.706 67.384 -17.780
v 208.037 66.697 -17.780
v 208.555 66.138 -17.780
v 209.216 65.757 -17.780
v 209.959 65.587 -17.780
v 210.719 65.644 -17.780
v 211.429 65.922 -17.780
v 212.025 66.398 -17.780
v 212.454 67.028 -17.780
v 212.679 67.756 -17.780
v 212.679 68.519 -17.780
v 212.454 69.247 -17.780
v 212.025 69.877 -17.780
v 211.429 70.353 -17.780
v 210.719 70.631 -17.780
v 209.959 70.688 -17.780
v 209.216 70.518 -17.780
v 208.555 70.137 -17.780
v 208.037 69.578 -17.780
v 207.706 68.891 -17.780
v 226.642 68.138 -17.780
v 226.756 67.384 -17.780
v 227.087 66.697 -17.780
v 227.605 66.138 -17.780
v 228.266 65.757 -17.780
v 229.009 65.587 -17.780
v 229.769 65.644 -17.780
v 230.479 65.922 -17.780
v 231.075 66.398 -17.780
v 231.504 67.028 -17.780
v 231.729 67.756 -17.780
v 231.729 68.519 -17.780
v 231.504 69.247 -17.780
v 231.075 69.877 -17.780
v 230.479 70.353 -17.780
v 229.769 70.631 -17.780
v 229.009 70.688 -17.780
v 228.266 70.518 -17.780
v 227.605 70.137 -17.780
v 227.087 69.578 -17.780
v 226.756 68.891 -17.780
v 245.692 68.138 -17.780
v 245.806 67.384 -17.780
v 246.137 66.697 -17.780
v 246.655 66.138 -17.780
v 247.316 65.757 -17.780
v 248.059 65.587 -17.780
v 248.819 65.644 -17.780
v 249.529 65.922 -17.780
v 250.125 66.398 -17.780
v 250.554 67.028 -17.780
v 250.779 67.756 -17.780
v 250.779 68.519 -17.780
v 250.554 69.247 -17.780
v 250.125 69.877 -17.780
v 249.529 70.353 -17.780
v 248.819 70.631 -17.780
v 248.059 70.688 -17.780
v 247.316 70.518 -17.780
v 246.655 70.137 -17.780
v 246.137 69.578 -17.780
v 245.806 68.891 -17.780
v 264.742 68.138 -17.780
v 264.856 67.384 -17.780
v 265.187 66.697 -17.780
v 265.705 66.138 -17.780
v 266.366 65.757 -17.780
v 267.109 65.587 -17.780
v 267.869 65.644 -17.780
v 268.579 65.922 -17.780
v 269.175 66.398 -17.780
v 269.604 67.028 -17.780
v 269.829 67.756 -17.780
v 269.829 68.519 -17.780
v 269.604 69.247 -17.780
v 269.175 69.877 -17.780
v 268.579 70.353 -17.780
v 267.869 70.631 -17.780
v 267.109 70.688 -17.780
v 266.366 70.518 -17.780
v 265.705 70.137 -17.780
v 265.187 69.578 -17.780
v 264.856 68.891 -17.780
v 283.792 68.138 -17.780
v 283.906 67.384 -17.780
v 284.237 66.697 -17.780
v 284.755 66.138 -17.780
v 285.416 65.757 -17.780
v 286.159 65.587 -17.780
v 286.919 65.644 -17.780
v 287.629 65.922 -17.780
v 288.225 66.398 -17.780
v 288.654 67.028 -17.780
v 288.879 67.756 -17.780
v 288.879 68.519 -17.780
v 288.654 69.247 -17.780
v 288.225 69.877 -17.780
v 287.629 70.353 -17.780
v 286.919 70.631 -17.780
v 286.159 70.688 -17.780
v 285.416 70.518 -17.780
v 284.755 70.137 -17.780
v 284.237 69.578 -17.780
v 283.906 68.891 -17.780
v 55.192 49.088 -17.780
v 55.306 48.334 -17.780
v 55.637 47.647 -17.780
v 56.155 47.088 -17.780
v 56.816 46.707 -17.780
v 57.559 46.537 -17.780
v 58.319 46.594 -17.780
v 59.029 46.872 -17.780
v 59.625 47.348 -17.780
v 60.054 47.978 -17.780
v 60.279 48.706 -17.780
v 60.279 49.469 -17.780
v 60.054 50.197 -17.780
v 59.625 50.827 -17.780
v 59.029 51.303 -17.780
v 58.319 51.581 -17.780
v 57.559 51.638 -17.780
v 56.816 51.468 -17.780
v 56.155 51.087 -17.780
v 55.637 50.528 -17.780
v 55.306 49.841 -17.780
v 74.242 49.088 -17.780
v 74.356 48.334 -17.780
v 74.687 47.647 -17.780
v 75.205 47.088 -17.780
v 75.866 46.707 -17.780
v 76.609 46.537 -17.780
v 77.369 46.594 -17.780
v 78.079 46.872 -17.780
v 78.675 47.348 -17.780
v 79.104 47.978 -17.780
v 79.329 48.706 -17.780
v 79.329 49.469 -17.780
v 79.104 50.197 -17.780
v 78.675 50.827 -17.780
v 78.079 51.303 -17.780
v 77.369 51.581 -17.780
v 76.609 51.638 -17.780
v 75.866 51.468 -17.780
v 75.205 51.087 -17.780
v 74.687 50.528 -17.780
v 74.356 49.841 -17.780
v 93.292 49.088 -17.780
v 93.406 48.334 -17.780
v 93.737 47.647 -17.780
v 94.255 47.088 -17.780
v 94.916 46.707 -17.780
v 95.659 46.537 -17.780
v 96.419 46.594 -17.780
v 97.129 46.872 -17.780
v 97.725 47.348 -17.780
v 98.154 47.978 -17.780
v 98.379 48.706 -17.780
v 98.379 49.469 -17.780
v 98.154 50.197 -17.780
v 97.725 50.827 -17.780
v 97.129 51.303 -17.780
v 96.419 51.581 -17.780
v 95.659 51.638 -17.780
v 94.916 51.468 -17.780
v 94.255 51.087 -17.780
v 93.737 50.528 -17.780
v 93.406 49.841 -17.780
v 150.442 49.088 -17.780
v 150.556 48.334 -17.780
v 150.887 47.647 -17.780
v 151.405 47.088 -17.780
v 152.066 46.707 -17.780
v 152.809 46.537 -17.780
v 153.569 46.594 -17.780
v 154.279 46.872 -17.780
v 154.875 47.348 -17.780
v 155.304 47.978 -17.780
v 155.529 48.706 -17.780
v 155.529 49.469 -17.780
v 155.304 50.197 -17.780
v 154.875 50.827 -17.780
v 154.279 51.303 -17.780
v 153.569 51.581 -17.780
v 152.809 51.638 -17.780
v 152.066 51.468 -17.780
v 151.405 51.087 -17.780
v 150.887 50.528 -17.780
v 150.556 49.841 -17.780
v 188.542 49.088 -17.780
v 188.656 48.334 -17.780
v 188.987 47.647 -17.780
v 189.505 47.088 -17.780
v 190.166 46.707 -17.780
v 190.909 46.537 -17.780
v 191.669 46.594 -17.780
v 192.379 46.872 -17.780
v 192.975 47.348 -17.780
v 193.404 47.978 -17.780
v 193.629 48.706 -17.780
v 193.629 49.469 -17.780
v 193.404 50.197 -17.780
v 192.975 50.827 -17.780
v 192.379 51.303 -17.780
v 191.669 51.581 -17.780
v 190.909 51.638 -17.780
v 190.166 51.468 -17.780
v 189.505 51.087 -17.780
v 188.987 50.528 -17.780
v 188.656 49.841 -17.780
v 207.592 49.088 -17.780
v 207.706 48.334 -17.780
v 208.037 47.647 -17.780
v 208.555 47.088 -17.780
v 209.216 46.707 -17.780
v 209.959 46.537 -17.780
v 210.719 46.594 -17.780
v 211.429 46.872 -17.780
v 212.025 47.348 -17.780
v 212.454 47.978 -17.780
v 212.679 48.706 -17.780
v 212.679 49.469 -17.780
v 212.454 50.197 -17.780
v 212.025 50.827 -17.780
v 211.429 51.303 -17.780
v 210.719 51.581 -17.780
v 209.959 51.638 -17.780
v 209.216 51.468 -17.780
v 208.555 51.087 -17.780
v 208.037 50.528 -17.780
v 207.706 49.841 -17.780
v 226.642 49.088 -17.780
v 226.756 48.334 -17.780
v 227.087 47.647 -17.780
v 227.605 47.088 -17.780
v 228.266 46.707 -17.780
v 229.009 46.537 -17.780
v 229.769 46.594 -17.780
v 230.479 46.872 -17.780
v 231.075 47.348 -17.780
v 231.504 47.978 -17.780
v 231.729 48.706 -17.780
v 231.729 49.469 -17.780
v 231.504 50.197 -17.780
v 231.075 50.827 -17.780
v 230.479 51.303 -17.780
v 229.769 51.581 -17.780
v 229.009 51.638 -17.780
v 228.266 51.468 -17.780
v 227.605 51.087 -17.780
v 227.087 50.528 -17.780
v 226.756 49.841 -17.780
v 245.692 49.088 -17.780
v 245.806 48.334 -17.780
v 246.137 47.647 -17.780
v 246.655 47.088 -17.780
v 247.316 46.707 -17.780
v 248.059 46.537 -17.780
v 248.819 46.594 -17.780
v 249.529 46.872 -17.780
v 250.125 47.348 -17.780
v 250.554 47.978 -17.780
v 250.779 48.706 -17.780
v 250.779 49.469 -17.780
v 250.554 50.197 -17.780
v 250.125 50.827 -17.780
v 249.529 51.303 -17.780
v 248.819 51.581 -17.780
v 248.059 51.638 -17.780
v 247.316 51.468 -17.780
v 246.655 51.087 -17.780
v 246.137 50.528 -17.780
v 245.806 49.841 -17.780
v 264.742 49.088 -17.780
v 264.856 48.334 -17.780
v 265.187 47.647 -17.780
v 265.705 47.088 -17.780
v 266.366 46.707 -17.780
v 267.109 46.537 -17.780
v 267.869 46.594 -17.780
v 268.579 46.872 -17.780
v 269.175 47.348 -17.780
v 269.604 47.978 -17.780
v 269.829 48.706 -17.780
v 269.829 49.469 -17.780
v 269.604 50.197 -17.780
v 269.175 50.827 -17.780
v 268.579 51.303 -17.780
v 267.869 51.581 -17.780
v 267.109 51.638 -17.780
v 266.366 51.468 -17.780
v 265.705 51.087 -17.780
v 265.187 50.528 -17.780
v 264.856 49.841 -17.780
v 283.792 49.088 -17.780
v 283.906 48.334 -17.780
v 284.237 47.647 -17.780
v 284.755 47.088 -17.780
v 285.416 46.707 -17.780
v 286.159 46.537 -17.780
v 286.919 46.594 -17.780
v 287.629 46.872 -17.780
v 288.225 47.348 -17.780
v 288.654 47.978 -17.780
v 288.879 48.706 -17.780
v 288.879 49.469 -17.780
v 288.654 50.197 -17.780
v 288.225 50.827 -17.780
v 287.629 51.303 -17.780
v 286.919 51.581 -17.780
v 286.159 51.638 -17.780
v 285.416 51.468 -17.780
v 284.755 51.087 -17.780
v 284.237 50.528 -17.780
v 283.906 49.841 -17.780
v 17.092 30.037 -17.780
v 17.206 29.284 -17.780
v 17.537 28.597 -17.780
v 18.055 28.038 -17.780
v 18.716 27.657 -17.780
v 19.459 27.487 -17.780
v 20.219 27.544 -17.780
v 20.929 27.822 -17.780
v 21.525 28.298 -17.780
v 21.954 28.928 -17.780
v 22.179 29.656 -17.780
v 22.179 30.419 -17.780
v 21.954 31.147 -17.780
v 21.525 31.777 -17.780
v 20.929 32.253 -17.780
v 20.219 32.531 -17.780
v 19.459 32.588 -17.780
v 18.716 32.418 -17.780
v 18.055 32.037 -17.780
v 17.537 31.478 -17.780
v 17.206 30.791 -17.780
v 36.142 30.037 -17.780
v 36.256 29.284 -17.780
v 36.587 28.597 -17.780
v 37.105 28.038 -17.780
v 37.766 27.657 -17.780
v 38.509 27.487 -17.780
v 39.269 27.544 -17.780
v 39.979 27.822 -17.780
v 40.575 28.298 -17.780
v 41.004 28.928 -17.780
v 41.229 29.656 -17.780
v 41.229 30.419 -17.780
v 41.004 31.147 -17.780
v 40.575 31.777 -17.780
v 39.979 32.253 -17.780
v 39.269 32.531 -17.780
v 38.509 32.588 -17.780
v 37.766 32.418 -17.780
v 37.105 32.037 -17.780
v 36.587 31.478 -17.780
v 36.256 30.791 -17.780
v 55.192 30.037 -17.780
v 55.306 29.284 -17.780
v 55.637 28.597 -17.780
v 56.155 28.038 -17.780
v 56.816 27.657 -17.780
v 57.559 27.487 -17.780
v 58.319 27.544 -17.780
v 59.029 27.822 -17.780
v 59.625 28.298 -17.780
v 60.054 28.928 -17.780
v 60.279 29.656 -17.780
v 60.279 30.419 -17.780
v 60.054 31.147 -17.780
v 59.625 31.777 -17.780
v 59.029 32.253 -17.780
v 58.319 32.531 -17.780
v 57.559 32.588 -17.780
v 56.816 32.418 -17.780
v 56.155 32.037 -17.780
v 55.637 31.478 -17.780
v 55.306 30.791 -17.780
v 74.242 30.037 -17.780
v 74.356 29.284 -17.780
v 74.687 28.597 -17.780
v 75.205 28.038 -17.780
v 75.866 27.657 -17.780
v 76.609 27.487 -17.780
v 77.369 27.544 -17.780
v 78.079 27.822 -17.780
v 78.675 28.298 -17.780
v 79.104 28.928 -17.780
v 79.329 29.656 -17.780
v 79.329 30.419 -17.780
v 79.104 31.147 -17.780
v 78.675 31.777 -17.780
v 78.079 32.253 -17.780
v 77.369 32.531 -17.780
v 76.609 32.588 -17.780
v 75.866 32.418 -17.780
v 75.205 32.037 -17.780
v 74.687 31.478 -17.780
v 74.356 30.791 -17.780
v 93.292 30.037 -17.780
v 93.406 29.284 -17.780
v 93.737 28.597 -17.780
v 94.255 28.038 -17.780
v 94.916 27.657 -17.780
v 95.659 27.487 -17.780
v 96.419 27.544 -17.780
v 97.129 27.822 -17.780
v 97.725 28.298 -17.780
v 98.154 28.928 -17.780
v 98.379 29.656 -17.780
v 98.379 30.419 -17.780
v 98.154 31.147 -17.780
v 97.725 31.777 -17.780
v 97.129 32.253 -17.780
v 96.419 32.531 -17.780
v 95.659 32.588 -17.780
v 94.916 32.418 -17.780
v 94.255 32.037 -17.780
v 93.737 31.478 -17.780
v 93.406 30.791 -17.780
v 112.342 30.037 -17.780
v 112.456 29.284 -17.780
v 112.787 28.597 -17.780
v 113.305 28.038 -17.780
v 113.966 27.657 -17.780
v 114.709 27.487 -17.780
v 115.469 27.544 -17.780
v 116.179 27.822 -17.780
v 116.775 28.298 -17.780
v 117.204 28.928 -17.780
v 117.429 29.656 -17.780
v 117.429 30.419 -17.780
v 117.204 31.147 -17.780
v 116.775 31.777 -17.780
v 116.179 32.253 -17.780
v 115.469 32.531 -17.780
v 114.709 32.588 -17.780
v 113.966 32.418 -17.780
v 113.305 32.037 -17.780
v 112.787 31.478 -17.780
v 112.456 30.791 -17.780
v 131.392 30.037 -17.780
v 131.506 29.284 -17.780
v 131.837 28.597 -17.780
v 132.355 28.038 -17.780
v 133.016 27.657 -17.780
v 133.759 27.487 -17.780
v 134.519 27.544 -17.780
v 135.229 27.822 -17.780
v 135.825 28.298 -17.780
v 136.254 28.928 -17.780
v 136.479 29.656 -17.780
v 136.479 30.419 -17.780
v 136.254 31.147 -17.780
v 135.825 31.777 -17.780
v 135.229 32.253 -17.780
v 134.519 32.531 -17.780
v 133.759 32.588 -17.780
v 133.016 32.418 -17.780
v 132.355 32.037 -17.780
v 131.837 31.478 -17.780
v 131.506 30.791 -17.780
v 150.442 30.037 -17.780
v 150.556 29.284 -17.780
v 150.887 28.597 -17.780
v 151.405 28.038 -17.780
v 152.066 27.657 -17.780
v 152.809 27.487 -17.780
v 153.569 27.544 -17.780
v 154.279 27.822 -17.780
v 154.875 28.298 -17.780
v 155.304 28.928 -17.780
v 155.529 29.656 -17.780
v 155.529 30.419 -17.780
v 155.304 31.147 -17.780
v 154.875 31.777 -17.780
v 154.279 32.253 -17.780
v 153.569 32.531 -17.780
v 152.809 32.588 -17.780
v 152.066 32.418 -17.780
v 151.405 32.037 -17.780
v 150.887 31.478 -17.780
v 150.556 30.791 -17.780
v 169.492 30.037 -17.780
v 169.606 29.284 -17.780
v 169.937 28.597 -17.780
v 170.455 28.038 -17.780
v 171.116 27.657 -17.780
v 171.859 27.487 -17.780
v 172.619 27.544 -17.780
v 173.329 27.822 -17.780
v 173.925 28.298 -17.780
v 174.354 28.928 -17.780
v 174.579 29.656 -17.780
v 174.579 30.419 -17.780
v 174.354 31.147 -17.780
v 173.925 31.777 -17.780
v 173.329 32.253 -17.780
v 172.619 32.531 -17.780
v 171.859 32.588 -17.780
v 171.116 32.418 -17.780
v 170.455 32.037 -17.780
v 169.937 31.478 -17.780
v 169.606 30.791 -17.780
v 188.542 30.037 -17.780
v 188.656 29.284 -17.780
v 188.987 28.597 -17.780
v 189.505 28.038 -17.780
v 190.166 27.657 -17.780
v 190.909 27.487 -17.780
v 191.669 27.544 -17.780
v 192.379 27.822 -17.780
v 192.975 28.298 -17.780
v 193.404 28.928 -17.780
v 193.629 29.656 -17.780
v 193.629 30.419 -17.780
v 193.404 31.147 -17.780
v 192.975 31.777 -17.780
v 192.379 32.253 -17.780
v 191.669 32.531 -17.780
v 190.909 32.588 -17.780
v 190.166 32.418 -17.780
v 189.505 32.037 -17.780
v 188.987 31.478 -17.780
v 188.656 30.791 -17.780
v 207.592 30.037 -17.780
v 207.706 29.284 -17.780
v 208.037 28.597 -17.780
v 208.555 28.038 -17.780
v 209.216 27.657 -17.780
v 209.959 27.487 -17.780
v 210.719 27.544 -17.780
v 211.429 27.822 -17.780
v 212.025 28.298 -17.780
v 212.454 28.928 -17.780
v 212.679 29.656 -17.780
v 212.679 30.419 -17.780
v 212.454 31.147 -17.780
v 212.025 31.777 -17.780
v 211.429 32.253 -17.780
v 210.719 32.531 -17.780
v 209.959 32.588 -17.780
v 209.216 32.418 -17.780
v 208.555 32.037 -17.780
v 208.037 31.478 -17.780
v 207.706 30.791 -17.780
v 226.642 30.037 -17.780
v 226.756 29.284 -17.780
v 227.087 28.597 -17.780
v 227.605 28.038 -17.780
v 228.266 27.657 -17.780
v 229.009 27.487 -17.780
v 229.769 27.544 -17.780
v 230.479 27.822 -17.780
v 231.075 28.298 -17.780
v 231.504 28.928 -17.780
v 231.729 29.656 -17.780
v 231.729 30.419 -17.780
v 231.504 31.147 -17.780
v 231.075 31.777 -17.780
v 230.479 32.253 -17.780
v 229.769 32.531 -17.780
v 229.009 32.588 -17.780
v 228.266 32.418 -17.780
v 227.605 32.037 -17.780
v 227.087 31.478 -17.780
v 226.756 30.791 -17.780
v 245.692 30.037 -17.780
v 245.806 29.284 -17.780
v 246.137 28.597 -17.780
v 246.655 28.038 -17.780
v 247.316 27.657 -17.780
v 248.059 27.487 -17.780
v 248.819 27.544 -17.780
v 249.529 27.822 -17.780
v 250.125 28.298 -17.780
v 250.554 28.928 -17.780
v 250.779 29.656 -17.780
v 250.779 30.419 -17.780
v 250.554 31.147 -17.780
v 250.125 31.777 -17.780
v 249.529 32.253 -17.780
v 248.819 32.531 -17.780
v 248.059 32.588 -17.780
v 247.316 32.418 -17.780
v 246.655 32.037 -17.780
v 246.137 31.478 -17.780
v 245.806 30.791 -17.780
v 264.742 30.037 -17.780
v 264.856 29.284 -17.780
v 265.187 28.597 -17.780
v 265.705 28.038 -17.780
v 266.366 27.657 -17.780
v 267.109 27.487 -17.780
v 267.869 27.544 -17.780
v 268.579 27.822 -17.780
v 269.175 28.298 -17.780
v 269.604 28.928 -17.780
v 269.829 29.656 -17.780
v 269.829 30.419 -17.780
v 269.604 31.147 -17.780
v 269.175 31.777 -17.780
v 268.579 32.253 -17.780
v 267.869 32.531 -17.780
v 267.109 32.588 -17.780
v 266.366 32.418 -17.780
v 265.705 32.037 -17.780
v 265.187 31.478 -17.780
v 264.856 30.791 -17.780
v 283.792 30.037 -17.780
v 283.906 29.284 -17.780
v 284.237 28.597 -17.780
v 284.755 28.038 -17.780
v 285.416 27.657 -17.780
v 286.159 27.487 -17.780
v 286.919 27.544 -17.780
v 287.629 27.822 -17.780
v 288.225 28.298 -17.780
v 288.654 28.928 -17.780
v 288.879 29.656 -17.780
v 288.879 30.419 -17.780
v 288.654 31.147 -17.780
v 288.225 31.777 -17.780
v 287.629 32.253 -17.780
v 286.919 32.531 -17.780
v 286.159 32.588 -17.780
v 285.416 32.418 -17.780
v 284.755 32.037 -17.780
v 284.237 31.478 -17.780
v 283.906 30.791 -17.780
v 17.092 10.988 -17.780
v 17.206 10.234 -17.780
v 17.537 9.547 -17.780
v 18.055 8.988 -17.780
v 18.716 8.607 -17.780
v 19.459 8.437 -17.780
v 20.219 8.494 -17.780
v 20.929 8.772 -17.780
v 21.525 9.248 -17.780
v 21.954 9.878 -17.780
v 22.179 10.606 -17.780
v 22.179 11.369 -17.780
v 21.954 12.097 -17.780
v 21.525 12.727 -17.780
v 20.929 13.203 -17.780
v 20.219 13.481 -17.780
v 19.459 13.538 -17.780
v 18.716 13.368 -17.780
v 18.055 12.987 -17.780
v 17.537 12.428 -17.780
v 17.206 11.741 -17.780
v 55.192 10.988 -17.780
v 55.306 10.234 -17.780
v 55.637 9.547 -17.780
v 56.155 8.988 -17.780
v 56.816 8.607 -17.780
v 57.559 8.437 -17.780
v 58.319 8.494 -17.780
v 59.029 8.772 -17.780
v 59.625 9.248 -17.780
v 60.054 9.878 -17.780
v 60.279 10.606 -17.780
v 60.279 11.369 -17.780
v 60.054 12.097 -17.780
v 59.625 12.727 -17.780
v 59.029 13.203 -17.780
v 58.319 13.481 -17.780
v 57.559 13.538 -17.780
v 56.816 13.368 -17.780
v 56.155 12.987 -17.780
v 55.637 12.428 -17.780
v 55.306 11.741 -17.780
v 112.342 10.988 -17.780
v 112.456 10.234 -17.780
v 112.787 9.547 -17.780
v 113.305 8.988 -17.780
v 113.966 8.607 -17.780
v 114.709 8.437 -17.780
v 115.469 8.494 -17.780
v 116.179 8.772 -17.780
v 116.775 9.248 -17.780
v 117.204 9.878 -17.780
v 117.429 10.606 -17.780
v 117.429 11.369 -17.780
v 117.204 12.097 -17.780
v 116.775 12.727 -17.780
v 116.179 13.203 -17.780
v 115.469 13.481 -17.780
v 114.709 13.538 -17.780
v 113.966 13.368 -17.780
v 113.305 12.987 -17.780
v 112.787 12.428 -17.780
v 112.456 11.741 -17.780
v 131.392 10.988 -17.780
v 131.506 10.234 -17.780
v 131.837 9.547 -17.780
v 132.355 8.988 -17.780
v 133.016 8.607 -17.780
v 133.759 8.437 -17.780
v 134.519 8.494 -17.780
v 135.229 8.772 -17.780
v 135.825 9.248 -17.780
v 136.254 9.878 -17.780
v 136.479 10.606 -17.780
v 136.479 11.369 -17.780
v 136.254 12.097 -17.780
v 135.825 12.727 -17.780
v 135.229 13.203 -17.780
v 134.519 13.481 -17.780
v 133.759 13.538 -17.780
v 133.016 13.368 -17.780
v 132.355 12.987 -17.780
v 131.837 12.428 -17.780
v 131.506 11.741 -17.780
v 169.492 10.988 -17.780
v 169.606 10.234 -17.780
v 169.937 9.547 -17.780
v 170.455 8.988 -17.780
v 171.116 8.607 -17.780
v 171.859 8.437 -17.780
v 172.619 8.494 -17.780
v 173.329 8.772 -17.780
v 173.925 9.248 -17.780
v 174.354 9.878 -17.780
v 174.579 10.606 -17.780
v 174.579 11.369 -17.780
v 174.354 12.097 -17.780
v 173.925 12.727 -17.780
v 173.329 13.203 -17.780
v 172.619 13.481 -17.780
v 171.859 13.538 -17.780
v 171.116 13.368 -17.780
v 170.455 12.987 -17.780
v 169.937 12.428 -17.780
v 169.606 11.741 -17.780
v 188.542 10.988 -17.780
v 188.656 10.234 -17.780
v 188.987 9.547 -17.780
v 189.505 8.988 -17.780
v 190.166 8.607 -17.780
v 190.909 8.437 -17.780
v 191.669 8.494 -17.780
v 192.379 8.772 -17.780
v 192.975 9.248 -17.780
v 193.404 9.878 -17.780
v 193.629 10.606 -17.780
v 193.629 11.369 -17.780
v 193.404 12.097 -17.780
v 192.975 12.727 -17.780
v 192.379 13.203 -17.780
v 191.669 13.481 -17.780
v 190.909 13.538 -17.780
v 190.166 13.368 -17.780
v 189.505 12.987 -17.780
v 188.987 12.428 -17.780
v 188.656 11.741 -17.780
v 207.592 10.988 -17.780
v 207.706 10.234 -17.780
v 208.037 9.547 -17.780
v 208.555 8.988 -17.780
v 209.216 8.607 -17.780
v 209.959 8.437 -17.780
v 210.719 8.494 -17.780
v 211.429 8.772 -17.780
v 212.025 9.248 -17.780
v 212.454 9.878 -17.780
v 212.679 10.606 -17.780
v 212.679 11.369 -17.780
v 212.454 12.097 -17.780
v 212.025 12.727 -17.780
v 211.429 13.203 -17.780
v 210.719 13.481 -17.780
v 209.959 13.538 -17.780
v 209.216 13.368 -17.780
v 208.555 12.987 -17.780
v 208.037 12.428 -17.780
v 207.706 11.741 -17.780
v 226.642 10.988 -17.780
v 226.756 10.234 -17.780
v 227.087 9.547 -17.780
v 227.605 8.988 -17.780
v 228.266 8.607 -17.780
v 229.009 8.437 -17.780
v 229.769 8.494 -17.780
v 230.479 8.772 -17.780
v 231.075 9.248 -17.780
v 231.504 9.878 -17.780
v 231.729 10.606 -17.780
v 231.729 11.369 -17.780
v 231.504 12.097 -17.780
v 231.075 12.727 -17.780
v 230.479 13.203 -17.780
v 229.769 13.481 -17.780
v 229.009 13.538 -17.780
v 228.266 13.368 -17.780
v 227.605 12.987 -17.780
v 227.087 12.428 -17.780
v 226.756 11.741 -17.780
v 245.692 10.988 -17.780
v 245.806 10.234 -17.780
v 246.137 9.547 -17.780
v 246.655 8.988 -17.780
v 247.316 8.607 -17.780
v 248.059 8.437 -17.780
v 248.819 8.494 -17.780
v 249.529 8.772 -17.780
v 250.125 9.248 -17.780
v 250.554 9.878 -17.780
v 250.779 10.606 -17.780
v 250.779 11.369 -17.780
v 250.554 12.097 -17.780
v 250.125 12.727 -17.780
v 249.529 13.203 -17.780
v 248.819 13.481 -17.780
v 248.059 13.538 -17.780
v 247.316 13.368 -17.780
v 246.655 12.987 -17.780
v 246.137 12.428 -17.780
v 245.806 11.741 -17.780
v 264.742 10.988 -17.780
v 264.856 10.234 -17.780
v 265.187 9.547 -17.780
v 265.705 8.988 -17.780
v 266.366 8.607 -17.780
v 267.109 8.437 -17.780
v 267.869 8.494 -17.780
v 268.579 8.772 -17.780
v 269.175 9.248 -17.780
v 269.604 9.878 -17.780
v 269.829 10.606 -17.780
v 269.829 11.369 -17.780
v 269.604 12.097 -17.780
v 269.175 12.727 -17.780
v 268.579 13.203 -17.780
v 267.869 13.481 -17.780
v 267.109 13.538 -17.780
v 266.366 13.368 -17.780
v 265.705 12.987 -17.780
v 265.187 12.428 -17.780
v 264.856 11.741 -17.780
v 279.375 185.000 -17.780
v 279.514 184.079 -17.780
v 279.918 183.240 -17.780
v 280.552 182.557 -17.780
v 281.358 182.091 -17.780
v 282.266 181.884 -17.780
v 283.195 181.953 -17.780
v 284.062 182.294 -17.780
v 284.791 182.874 -17.780
v 285.316 183.644 -17.780
v 285.590 184.534 -17.780
v 285.590 185.466 -17.780
v 285.316 186.356 -17.780
v 284.791 187.126 -17.780
v 284.062 187.706 -17.780
v 283.195 188.047 -17.780
v 282.266 188.116 -17.780
v 281.358 187.909 -17.780
v 280.552 187.443 -17.780
v 279.918 186.760 -17.780
v 279.514 185.921 -17.780
v 144.375 185.000 -17.780
v 144.514 184.079 -17.780
v 144.918 183.240 -17.780
v 145.552 182.557 -17.780
v 146.358 182.091 -17.780
v 147.266 181.884 -17.780
v 148.195 181.953 -17.780
v 149.062 182.294 -17.780
v 149.791 182.874 -17.780
v 150.316 183.644 -17.780
v 150.590 184.534 -17.780
v 150.590 185.466 -17.780
v 150.316 186.356 -17.780
v 149.791 187.126 -17.780
v 149.062 187.706 -17.780
v 148.195 188.047 -17.780
v 147.266 188.116 -17.780
v 146.358 187.909 -17.780
v 145.552 187.443 -17.780
v 144.918 186.760 -17.780
v 144.514 185.921 -17.780
v 7.375 185.000 -17.780
v 7.514 184.079 -17.780
v 7.918 183.240 -17.780
v 8.552 182.557 -17.780
v 9.358 182.091 -17.780
v 10.266 181.884 -17.780
v 11.195 181.953 -17.780
v 12.062 182.294 -17.780
v 12.791 182.874 -17.780
v 13.316 183.644 -17.780
v 13.590 184.534 -17.780
v 13.590 185.466 -17.780
v 13.316 186.356 -17.780
v 12.791 187.126 -17.780
v 12.062 187.706 -17.780
v 11.195 188.047 -17.780
v 10.266 188.116 -17.780
v 9.358 187.909 -17.780
v 8.552 187.443 -17.780
v 7.918 186.760 -17.780
v 7.514 185.921 -17.780
v 7.375 106.606 -17.780
v 7.514 105.685 -17.780
v 7.918 104.846 -17.780
v 8.552 104.163 -17.780
v 9.358 103.697 -17.780
v 10.266 103.490 -17.780
v 11.195 103.559 -17.780
v 12.062 103.900 -17.780
v 12.791 104.480 -17.780
v 13.316 105.250 -17.780
v 13.590 106.140 -17.780
v 13.590 107.072 -17.780
v 13.316 107.962 -17.780
v 12.791 108.732 -17.780
v 12.062 109.312 -17.780
v 11.195 109.653 -17.780
v 10.266 109.722 -17.780
v 9.358 109.515 -17.780
v 8.552 109.049 -17.780
v 7.918 108.366 -17.780
v 7.514 107.527 -17.780
v 93.292 68.138 -17.780
v 93.406 68.891 -17.780
v 93.737 69.578 -17.780
v 94.255 70.137 -17.780
v 94.916 70.518 -17.780
v 95.659 70.688 -17.780
v 96.419 70.631 -17.780
v 97.129 70.353 -17.780
v 97.725 69.877 -17.780
v 98.154 69.247 -17.780
v 98.379 68.519 -17.780
v 98.379 67.756 -17.780
v 98.154 67.028 -17.780
v 97.725 66.398 -17.780
v 97.129 65.922 -17.780
v 96.419 65.644 -17.780
v 95.659 65.587 -17.780
v 94.916 65.757 -17.780
v 94.255 66.138 -17.780
v 93.737 66.697 -17.780
v 93.406 67.384 -17.780
v 93.292 106.237 -17.780
v 93.406 106.991 -17.780
v 93.737 107.678 -17.780
v 94.255 108.237 -17.780
v 94.916 108.618 -17.780
v 95.659 108.788 -17.780
v 96.419 108.731 -17.780
v 97.129 108.453 -17.780
v 97.725 107.977 -17.780
v 98.154 107.347 -17.780
v 98.379 106.619 -17.780
v 98.379 105.856 -17.780
v 98.154 105.128 -17.780
v 97.725 104.498 -17.780
v 97.129 104.022 -17.780
v 96.419 103.744 -17.780
v 95.659 103.687 -17.780
v 94.916 103.857 -17.780
v 94.255 104.238 -17.780
v 93.737 104.797 -17.780
v 93.406 105.484 -17.780
v 255.217 134.812 -17.780
v 255.331 134.059 -17.780
v 255.662 133.372 -17.780
v 256.180 132.813 -17.780
v 256.841 132.432 -17.780
v 257.584 132.262 -17.780
v 258.344 132.319 -17.780
v 259.054 132.597 -17.780
v 259.650 133.073 -17.780
v 260.079 133.703 -17.780
v 260.304 134.431 -17.780
v 260.304 135.194 -17.780
v 260.079 135.922 -17.780
v 259.650 136.552 -17.780
v 259.054 137.028 -17.780
v 258.344 137.306 -17.780
v 257.584 137.363 -17.780
v 256.841 137.193 -17.780
v 256.180 136.812 -17.780
v 255.662 136.253 -17.780
v 255.331 135.566 -17.780
v 279.375 104.250 -17.780
v 279.514 103.329 -17.780
v 279.918 102.490 -17.780
v 280.552 101.807 -17.780
v 281.358 101.341 -17.780
v 282.266 101.134 -17.780
v 283.195 101.203 -17.780
v 284.062 101.544 -17.780
v 284.791 102.124 -17.780
v 285.316 102.894 -17.780
v 285.590 103.784 -17.780
v 285.590 104.716 -17.780
v 285.316 105.606 -17.780
v 284.791 106.376 -17.780
v 284.062 106.956 -17.780
v 283.195 107.297 -17.780
v 282.266 107.366 -17.780
v 281.358 107.159 -17.780
v 280.552 106.693 -17.780
v 279.918 106.010 -17.780
v 279.514 105.171 -17.780
v 188.750 52.500 -1.651
v 188.561 53.753 -1.651
v 188.012 54.894 -1.651
v 187.150 55.823 -1.651
v 186.053 56.456 -1.651
v 184.818 56.738 -1.651
v 183.554 56.643 -1.651
v 182.375 56.181 -1.651
v 181.385 55.391 -1.651
v 180.671 54.344 -1.651
v 180.297 53.133 -1.651
v 180.297 51.867 -1.651
v 180.671 50.656 -1.651
v 181.385 49.609 -1.651
v 182.375 48.819 -1.651
v 183.554 48.357 -1.651
v 184.818 48.262 -1.651
v 186.053 48.544 -1.651
v 187.150 49.177 -1.651
v 188.012 50.106 -1.651
v 188.561 51.247 -1.651
v 186.941 52.500 -1.651
v 186.832 53.219 -1.651
v 186.517 53.875 -1.651
v 186.022 54.408 -1.651
v 185.392 54.772 -1.651
v 184.682 54.934 -1.651
v 183.957 54.880 -1.651
v 183.280 54.614 -1.651
v 182.711 54.160 -1.651
v 182.301 53.559 -1.651
v 182.086 52.864 -1.651
v 182.086 52.136 -1.651
v 182.301 51.441 -1.651
v 182.711 50.840 -1.651
v 183.280 50.386 -1.651
v 183.957 50.120 -1.651
v 184.682 50.066 -1.651
v 185.392 50.228 -1.651
v 186.022 50.592 -1.651
v 186.517 51.125 -1.651
v 186.832 51.781 -1.651
v 100.250 141.000 -1.651
v 100.061 142.253 -1.651
v 99.512 143.394 -1.651
v 98.650 144.323 -1.651
v 97.553 144.956 -1.651
v 96.318 145.238 -1.651
v 95.054 145.143 -1.651
v 93.875 144.681 -1.651
v 92.885 143.891 -1.651
v 92.171 142.844 -1.651
v 91.797 141.633 -1.651
v 91.797 140.367 -1.651
v 92.171 139.156 -1.651
v 92.885 138.109 -1.651
v 93.875 137.319 -1.651
v 95.054 136.857 -1.651
v 96.318 136.762 -1.651
v 97.553 137.044 -1.651
v 98.650 137.677 -1.651
v 99.512 138.606 -1.651
v 100.061 139.747 -1.651
v 98.441 141.000 -1.651
v 98.332 141.719 -1.651
v 98.017 142.375 -1.651
v 97.522 142.908 -1.651
v 96.892 143.272 -1.651
v 96.182 143.434 -1.651
v 95.457 143.380 -1.651
v 94.780 143.114 -1.651
v 94.211 142.660 -1.651
v 93.801 142.059 -1.651
v 93.586 141.364 -1.651
v 93.586 140.636 -1.651
v 93.801 139.941 -1.651
v 94.211 139.340 -1.651
v 94.780 138.886 -1.651
v 95.457 138.620 -1.651
v 96.182 138.566 -1.651
v 96.892 138.728 -1.651
v 97.522 139.092 -1.651
v 98.017 139.625 -1.651
v 98.332 140.281 -1.651
v 100.250 7.500 -1.651
v 100.061 8.753 -1.651
v 99.512 9.894 -1.651
v 98.650 10.823 -1.651
v 97.553 11.456 -1.651
v 96.318 11.738 -1.651
v 95.054 11.643 -1.651
v 93.875 11.181 -1.651
v 92.885 10.391 -1.651
v 92.171 9.344 -1.651
v 91.797 8.133 -1.651
v 91.797 6.867 -1.651
v 92.171 5.656 -1.651
v 92.885 4.609 -1.651
v 93.875 3.819 -1.651
v 95.054 3.357 -1.651
v 96.318 3.262 -1.651
v 97.553 3.544 -1.651
v 98.650 4.177 -1.651
v 99.512 5.106 -1.651
v 100.061 6.247 -1.651
v 11.750 96.000 -1.651
v 11.561 97.253 -1.651
v 11.012 98.394 -1.651
v 10.150 99.323 -1.651
v 9.053 99.956 -1.651
v 7.818 100.238 -1.651
v 6.554 100.143 -1.651
v 5.375 99.681 -1.651
v 4.385 98.891 -1.651
v 3.671 97.844 -1.651
v 3.297 96.633 -1.651
v 3.297 95.367 -1.651
v 3.671 94.156 -1.651
v 4.385 93.109 -1.651
v 5.375 92.319 -1.651
v 6.554 91.857 -1.651
v 7.818 91.762 -1.651
v 9.053 92.044 -1.651
v 10.150 92.677 -1.651
v 11.012 93.606 -1.651
v 11.561 94.747 -1.651
v 9.941 96.000 -1.651
v 9.832 96.719 -1.651
v 9.517 97.375 -1.651
v 9.022 97.908 -1.651
v 8.392 98.272 -1.651
v 7.682 98.434 -1.651
v 6.957 98.380 -1.651
v 6.280 98.114 -1.651
v 5.711 97.660 -1.651
v 5.301 97.059 -1.651
v 5.086 96.364 -1.651
v 5.086 95.636 -1.651
v 5.301 94.941 -1.651
v 5.711 94.340 -1.651
v 6.280 93.886 -1.651
v 6.957 93.620 -1.651
v 7.682 93.566 -1.651
v 8.392 93.728 -1.651
v 9.022 94.092 -1.651
v 9.517 94.625 -1.651
v 9.832 95.281 -1.651
v 164.499 6.435 0.000
v 164.611 6.435 0.000
v 164.499 6.435 -1.150
v 164.611 6.435 -1.150
v 164.591 6.467 -0.863
v 164.519 6.467 -0.863
v 164.555 6.480 -0.575
v 164.519 6.467 -0.288
v 164.591 6.467 -0.288
v 167.217 8.337 -1.150
v 167.181 8.390 -1.150
v 163.517 9.363 -1.150
v 159.755 9.363 -1.150
v 156.091 8.390 -1.150
v 156.055 8.337 -1.150
v 156.055 4.363 -1.150
v 156.091 4.310 -1.150
v 159.755 3.337 -1.150
v 163.517 3.337 -1.150
v 167.181 4.310 -1.150
v 167.217 4.363 -1.150
v 160.531 6.432 -1.150
v 160.642 6.431 -1.150
v 161.200 8.705 -1.150
v 161.254 8.749 -1.150
v 161.918 8.751 -1.150
v 161.974 8.699 -1.150
v 162.405 4.041 -1.150
v 162.351 3.978 -1.150
v 161.703 3.960 -1.150
v 161.646 4.013 -1.150
v 161.461 6.375 -1.150
v 161.348 6.385 -1.150
v 160.739 4.035 -1.150
v 160.680 3.992 -1.150
v 160.467 4.009 -1.150
v 160.416 4.052 -1.150
v 159.836 6.381 -1.150
v 159.723 6.372 -1.150
v 159.514 4.183 -1.150
v 159.447 4.132 -1.150
v 158.811 4.248 -1.150
v 158.765 4.311 -1.150
v 159.244 8.505 -1.150
v 159.292 8.555 -1.150
v 159.945 8.651 -1.150
v 160.007 8.608 -1.150
v 164.013 4.200 -1.150
v 163.966 4.155 -1.150
v 163.291 4.058 -1.150
v 163.227 4.104 -1.150
v 162.380 8.663 -1.150
v 162.440 8.731 -1.150
v 162.666 8.716 -1.150
v 162.892 8.698 -1.150
v 163.117 8.675 -1.150
v 163.168 8.627 -1.150
v 163.614 5.994 -1.150
v 163.727 5.992 -1.150
v 164.265 8.447 -1.150
v 164.333 8.490 -1.150
v 164.836 8.381 -1.150
v 164.879 8.337 -1.150
v 165.374 6.056 -1.150
v 165.487 6.057 -1.150
v 165.950 8.003 -1.150
v 166.024 8.043 -1.150
v 166.668 7.810 -1.150
v 166.701 7.737 -1.150
v 165.837 4.636 -1.150
v 165.798 4.594 -1.150
v 165.135 4.405 -1.150
v 165.065 4.447 -1.150
v 157.730 7.486 -1.150
v 157.519 7.370 -1.150
v 157.414 7.107 -1.150
v 157.552 6.901 -1.150
v 157.926 6.762 -1.150
v 158.262 6.588 -1.150
v 158.486 6.327 -1.150
v 158.595 6.030 -1.150
v 158.632 5.656 -1.150
v 158.561 5.046 -1.150
v 158.472 4.815 -1.150
v 158.348 4.636 -1.150
v 158.188 4.510 -1.150
v 157.996 4.442 -1.150
v 157.769 4.431 -1.150
v 157.523 4.482 -1.150
v 157.088 4.700 -1.150
v 156.834 4.895 -1.150
v 156.583 5.135 -1.150
v 156.575 5.204 -1.150
v 156.822 5.647 -1.150
v 156.916 5.659 -1.150
v 157.223 5.382 -1.150
v 157.504 5.257 -1.150
v 157.746 5.299 -1.150
v 157.862 5.573 -1.150
v 157.734 5.851 -1.150
v 157.413 6.035 -1.150
v 157.071 6.184 -1.150
v 156.884 6.314 -1.150
v 156.717 6.563 -1.150
v 156.662 6.904 -1.150
v 156.719 7.294 -1.150
v 156.891 7.657 -1.150
v 157.167 7.986 -1.150
v 157.379 8.142 -1.150
v 157.614 8.247 -1.150
v 157.832 8.296 -1.150
v 158.045 8.305 -1.150
v 158.261 8.270 -1.150
v 158.471 8.190 -1.150
v 158.500 8.120 -1.150
v 158.247 7.385 -1.150
v 158.157 7.359 -1.150
v 157.947 7.474 -1.150
v 165.065 4.447 0.000
v 163.227 4.104 0.000
v 163.291 4.058 0.000
v 163.250 4.068 -0.575
v 162.380 8.663 0.000
v 163.966 4.155 0.000
v 164.013 4.200 0.000
v 165.135 4.405 0.000
v 165.091 4.411 -0.575
v 165.798 4.594 0.000
v 165.837 4.636 0.000
v 165.829 4.618 -0.767
v 165.487 6.057 0.000
v 165.374 6.056 0.000
v 165.395 6.024 -0.863
v 165.467 6.025 -0.863
v 165.431 6.012 -0.575
v 165.467 6.025 -0.288
v 165.395 6.024 -0.288
v 165.950 8.003 0.000
v 163.727 5.992 0.000
v 163.614 5.994 0.000
v 163.633 5.960 -0.863
v 163.706 5.959 -0.863
v 163.670 5.947 -0.575
v 163.706 5.959 -0.288
v 163.633 5.960 -0.288
v 164.265 8.447 0.000
v 162.351 3.978 0.000
v 162.405 4.041 0.000
v 162.387 3.993 -0.767
v 161.703 3.960 0.000
v 160.642 6.431 0.000
v 160.531 6.432 0.000
v 160.617 6.396 -0.767
v 160.565 6.392 -0.383
v 161.200 8.705 0.000
v 161.348 6.385 0.000
v 161.461 6.375 0.000
v 161.444 6.411 -0.863
v 161.370 6.418 -0.863
v 161.408 6.428 -0.575
v 161.370 6.418 -0.288
v 161.444 6.411 -0.288
v 160.739 4.035 0.000
v 159.723 6.372 0.000
v 159.836 6.381 0.000
v 159.814 6.414 -0.863
v 159.740 6.408 -0.863
v 159.776 6.424 -0.575
v 159.740 6.408 -0.288
v 159.814 6.414 -0.288
v 160.416 4.052 0.000
v 161.646 4.013 0.000
v 161.660 3.980 -0.767
v 160.680 3.992 0.000
v 160.717 4.003 -0.575
v 160.467 4.009 0.000
v 160.435 4.022 -0.575
v 159.447 4.132 0.000
v 159.514 4.183 0.000
v 159.492 4.143 -0.575
v 158.811 4.248 0.000
v 158.765 4.311 0.000
v 158.776 4.271 -0.575
v 159.244 8.505 0.000
v 156.575 5.204 0.000
v 156.583 5.135 0.000
v 156.567 5.174 -0.767
v 156.822 5.647 0.000
v 156.916 5.659 0.000
v 156.866 5.677 -0.575
v 157.504 5.257 0.000
v 157.223 5.382 0.000
v 158.157 7.359 0.000
v 158.247 7.385 0.000
v 158.209 7.349 -0.575
v 157.730 7.486 0.000
v 157.947 7.474 0.000
v 158.500 8.120 0.000
v 158.471 8.190 0.000
v 158.499 8.160 -0.575
v 159.292 8.555 0.000
v 159.264 8.542 -0.767
v 159.945 8.651 0.000
v 160.007 8.608 0.000
v 159.984 8.641 -0.575
v 161.254 8.749 0.000
v 161.224 8.739 -0.767
v 161.918 8.751 0.000
v 161.974 8.699 0.000
v 161.956 8.736 -0.575
v 162.440 8.731 0.000
v 162.394 8.712 -0.575
v 163.117 8.675 0.000
v 162.892 8.698 0.000
v 162.666 8.716 0.000
v 163.168 8.627 0.000
v 163.150 8.660 -0.575
v 164.333 8.490 0.000
v 164.290 8.482 -0.575
v 164.836 8.381 0.000
v 164.879 8.337 0.000
v 164.867 8.362 -0.767
v 166.024 8.043 0.000
v 165.978 8.039 -0.575
v 166.668 7.810 0.000
v 166.701 7.737 0.000
v 166.699 7.780 -0.575
v 167.181 8.390 0.000
v 167.217 8.337 0.000
v 167.217 4.363 0.000
v 167.181 4.310 0.000
v 156.055 8.337 0.000
v 156.091 8.390 0.000
v 156.055 4.363 0.000
v 156.091 4.310 0.000
v 156.063 4.335 -0.767
v 157.614 8.247 0.000
v 157.832 8.296 0.000
v 158.045 8.305 0.000
v 158.261 8.270 0.000
v 157.282 8.079 0.000
v 157.071 7.891 0.000
v 156.891 7.657 0.000
v 156.719 7.294 0.000
v 156.662 6.904 0.000
v 156.717 6.563 0.000
v 156.884 6.314 0.000
v 157.071 6.184 0.000
v 157.413 6.035 0.000
v 157.734 5.851 0.000
v 157.862 5.573 0.000
v 157.746 5.299 0.000
v 157.523 4.482 0.000
v 157.088 4.700 0.000
v 156.834 4.895 0.000
v 157.769 4.431 0.000
v 157.996 4.442 0.000
v 158.272 4.566 0.000
v 158.472 4.815 0.000
v 158.592 5.180 0.000
v 158.632 5.656 0.000
v 158.595 6.030 0.000
v 158.486 6.327 0.000
v 158.262 6.588 0.000
v 157.926 6.762 0.000
v 157.552 6.901 0.000
v 157.414 7.107 0.000
v 157.519 7.370 0.000
v 159.755 3.337 0.000
v 163.517 3.337 0.000
v 163.517 9.363 0.000
v 159.755 9.363 0.000
v 1.323 0.000 0.000
v 1.290 0.004 0.000
v 1.259 0.017 0.000
v 1.233 0.037 0.000
v 304.677 0.000 0.000
v 304.767 0.037 0.000
v 304.741 0.017 0.000
v 304.710 0.004 0.000
v 305.963 1.233 0.000
v 306.000 1.323 0.000
v 305.996 1.290 0.000
v 305.983 1.259 0.000
v 306.000 197.974 0.000
v 305.963 198.064 0.000
v 305.983 198.038 0.000
v 305.996 198.007 0.000
v 304.767 199.260 0.000
v 304.677 199.297 0.000
v 304.710 199.292 0.000
v 304.741 199.280 0.000
v 295.203 199.297 0.000
v 291.982 198.419 0.000
v 292.998 198.902 0.000
v 294.083 199.197 0.000
v 290.094 197.653 0.000
v 288.065 197.464 0.000
v 286.068 197.869 0.000
v 284.273 198.832 0.000
v 282.832 200.273 0.000
v 281.869 202.068 0.000
v 281.464 204.065 0.000
v 281.653 206.094 0.000
v 282.419 207.982 0.000
v 283.297 211.203 0.000
v 283.197 210.083 0.000
v 282.902 208.998 0.000
v 283.297 220.677 0.000
v 283.260 220.767 0.000
v 283.280 220.741 0.000
v 283.292 220.710 0.000
v 282.064 221.963 0.000
v 281.974 222.000 0.000
v 282.007 221.996 0.000
v 282.038 221.983 0.000
v 1.323 222.000 0.000
v 1.233 221.963 0.000
v 1.259 221.983 0.000
v 1.290 221.996 0.000
v 0.037 220.767 0.000
v 0.000 220.677 0.000
v 0.004 220.710 0.000
v 0.017 220.741 0.000
v 0.000 1.323 0.000
v 0.037 1.233 0.000
v 0.017 1.259 0.000
v 0.004 1.290 0.000
v 95.365 9.857 0.000
v 95.365 11.310 0.000
v 95.396 11.506 0.000
v 95.486 11.683 0.000
v 95.627 11.824 0.000
v 95.804 11.914 0.000
v 96.000 11.945 0.000
v 96.196 11.914 0.000
v 96.373 11.824 0.000
v 96.514 11.683 0.000
v 96.604 11.506 0.000
v 96.635 11.310 0.000
v 96.635 9.857 0.000
v 97.222 9.613 0.000
v 97.726 9.226 0.000
v 98.113 8.722 0.000
v 98.357 8.135 0.000
v 99.810 8.135 0.000
v 100.006 8.104 0.000
v 100.183 8.014 0.000
v 100.324 7.873 0.000
v 100.414 7.696 0.000
v 100.445 7.500 0.000
v 100.414 7.304 0.000
v 100.324 7.127 0.000
v 100.183 6.986 0.000
v 100.006 6.896 0.000
v 99.810 6.865 0.000
v 98.357 6.865 0.000
v 98.113 6.278 0.000
v 97.726 5.774 0.000
v 97.222 5.387 0.000
v 96.635 5.143 0.000
v 96.635 3.690 0.000
v 96.604 3.494 0.000
v 96.514 3.317 0.000
v 96.373 3.176 0.000
v 96.196 3.086 0.000
v 96.000 3.055 0.000
v 95.804 3.086 0.000
v 95.627 3.176 0.000
v 95.486 3.317 0.000
v 95.396 3.494 0.000
v 95.365 3.690 0.000
v 95.365 5.143 0.000
v 94.778 5.387 0.000
v 94.274 5.774 0.000
v 93.887 6.278 0.000
v 93.643 6.865 0.000
v 87.020 6.865 0.000
v 86.764 6.329 0.000
v 86.369 5.885 0.000
v 85.867 5.569 0.000
v 85.297 5.404 0.000
v 84.703 5.404 0.000
v 84.133 5.569 0.000
v 83.631 5.885 0.000
v 83.236 6.329 0.000
v 82.980 6.865 0.000
v 32.020 6.865 0.000
v 31.764 6.329 0.000
v 31.369 5.885 0.000
v 30.867 5.569 0.000
v 30.297 5.404 0.000
v 29.703 5.404 0.000
v 29.133 5.569 0.000
v 28.631 5.885 0.000
v 28.236 6.329 0.000
v 27.980 6.865 0.000
v 14.113 6.865 0.000
v 12.904 5.974 0.000
v 11.488 5.471 0.000
v 9.988 5.401 0.000
v 8.531 5.768 0.000
v 7.244 6.542 0.000
v 6.237 7.656 0.000
v 5.595 9.014 0.000
v 5.375 10.500 0.000
v 5.548 11.821 0.000
v 6.056 13.053 0.000
v 6.865 14.113 0.000
v 6.865 82.980 0.000
v 6.329 83.236 0.000
v 5.885 83.631 0.000
v 5.569 84.133 0.000
v 5.404 84.703 0.000
v 5.404 85.297 0.000
v 5.569 85.867 0.000
v 5.885 86.369 0.000
v 6.329 86.764 0.000
v 6.865 87.020 0.000
v 6.865 93.643 0.000
v 6.278 93.887 0.000
v 5.774 94.274 0.000
v 5.387 94.778 0.000
v 5.143 95.365 0.000
v 3.690 95.365 0.000
v 3.494 95.396 0.000
v 3.317 95.486 0.000
v 3.176 95.627 0.000
v 3.086 95.804 0.000
v 3.055 96.000 0.000
v 3.086 96.196 0.000
v 3.176 96.373 0.000
v 3.317 96.514 0.000
v 3.494 96.604 0.000
v 3.690 96.635 0.000
v 5.143 96.635 0.000
v 5.387 97.222 0.000
v 5.774 97.726 0.000
v 6.278 98.113 0.000
v 6.865 98.357 0.000
v 6.865 99.810 0.000
v 6.896 100.006 0.000
v 6.986 100.183 0.000
v 7.127 100.324 0.000
v 7.304 100.414 0.000
v 7.500 100.445 0.000
v 7.696 100.414 0.000
v 7.873 100.324 0.000
v 8.014 100.183 0.000
v 8.104 100.006 0.000
v 8.135 99.810 0.000
v 8.135 98.357 0.000
v 8.722 98.113 0.000
v 9.226 97.726 0.000
v 9.613 97.222 0.000
v 9.857 96.635 0.000
v 11.310 96.635 0.000
v 11.506 96.604 0.000
v 11.683 96.514 0.000
v 11.824 96.373 0.000
v 11.914 96.196 0.000
v 11.945 96.000 0.000
v 11.914 95.804 0.000
v 11.824 95.627 0.000
v 11.683 95.486 0.000
v 11.506 95.396 0.000
v 11.310 95.365 0.000
v 9.857 95.365 0.000
v 9.613 94.778 0.000
v 9.226 94.274 0.000
v 8.722 93.887 0.000
v 8.135 93.643 0.000
v 8.135 87.020 0.000
v 8.621 86.796 0.000
v 9.035 86.458 0.000
v 9.351 86.027 0.000
v 9.549 85.530 0.000
v 9.617 85.000 0.000
v 9.549 84.470 0.000
v 9.351 83.973 0.000
v 9.035 83.542 0.000
v 8.621 83.204 0.000
v 8.135 82.980 0.000
v 8.135 60.219 0.000
v 8.135 57.006 0.000
v 8.677 56.504 0.000
v 9.340 56.178 0.000
v 10.068 56.055 0.000
v 10.800 56.146 0.000
v 11.477 56.441 0.000
v 12.041 56.918 0.000
v 12.445 57.536 0.000
v 12.656 58.243 0.000
v 12.656 58.982 0.000
v 12.445 59.689 0.000
v 12.041 60.307 0.000
v 11.477 60.784 0.000
v 10.800 61.079 0.000
v 10.068 61.170 0.000
v 9.340 61.047 0.000
v 8.677 60.721 0.000
v 8.135 22.119 0.000
v 8.135 18.906 0.000
v 8.677 18.404 0.000
v 9.340 18.078 0.000
v 10.068 17.955 0.000
v 10.800 18.046 0.000
v 11.477 18.341 0.000
v 12.041 18.818 0.000
v 12.445 19.436 0.000
v 12.656 20.143 0.000
v 12.656 20.882 0.000
v 12.445 21.589 0.000
v 12.041 22.207 0.000
v 11.477 22.684 0.000
v 10.800 22.980 0.000
v 10.068 23.070 0.000
v 9.340 22.947 0.000
v 8.677 22.621 0.000
v 8.135 15.047 0.000
v 9.489 15.524 0.000
v 10.923 15.608 0.000
v 12.323 15.290 0.000
v 13.580 14.596 0.000
v 14.596 13.580 0.000
v 15.290 12.323 0.000
v 15.608 10.923 0.000
v 15.524 9.489 0.000
v 15.047 8.135 0.000
v 27.980 8.135 0.000
v 28.236 8.671 0.000
v 28.631 9.115 0.000
v 29.133 9.431 0.000
v 29.703 9.596 0.000
v 30.297 9.596 0.000
v 30.867 9.431 0.000
v 31.369 9.115 0.000
v 31.764 8.671 0.000
v 32.020 8.135 0.000
v 82.980 8.135 0.000
v 83.236 8.671 0.000
v 83.631 9.115 0.000
v 84.133 9.431 0.000
v 84.703 9.596 0.000
v 85.297 9.596 0.000
v 85.867 9.431 0.000
v 86.369 9.115 0.000
v 86.764 8.671 0.000
v 87.020 8.135 0.000
v 93.643 8.135 0.000
v 93.887 8.722 0.000
v 94.274 9.226 0.000
v 94.778 9.613 0.000
v 92.825 74.365 0.000
v 82.020 74.365 0.000
v 81.750 73.809 0.000
v 81.331 73.354 0.000
v 80.799 73.039 0.000
v 80.198 72.892 0.000
v 79.581 72.925 0.000
v 78.999 73.134 0.000
v 78.503 73.503 0.000
v 78.134 73.999 0.000
v 77.925 74.581 0.000
v 77.892 75.198 0.000
v 78.039 75.799 0.000
v 78.354 76.331 0.000
v 78.809 76.750 0.000
v 79.365 77.020 0.000
v 79.365 117.980 0.000
v 78.809 118.250 0.000
v 78.354 118.669 0.000
v 78.039 119.201 0.000
v 77.892 119.802 0.000
v 77.925 120.419 0.000
v 78.134 121.001 0.000
v 78.503 121.497 0.000
v 78.999 121.866 0.000
v 79.581 122.075 0.000
v 80.198 122.108 0.000
v 80.799 121.961 0.000
v 81.331 121.646 0.000
v 81.750 121.191 0.000
v 82.020 120.635 0.000
v 92.825 120.635 0.000
v 93.021 120.604 0.000
v 93.198 120.514 0.000
v 93.339 120.373 0.000
v 93.429 120.196 0.000
v 93.460 120.000 0.000
v 93.429 119.804 0.000
v 93.339 119.627 0.000
v 93.198 119.486 0.000
v 93.021 119.396 0.000
v 92.825 119.365 0.000
v 82.020 119.365 0.000
v 81.810 118.902 0.000
v 81.497 118.503 0.000
v 81.098 118.190 0.000
v 80.635 117.980 0.000
v 80.635 77.020 0.000
v 81.098 76.810 0.000
v 81.497 76.497 0.000
v 81.810 76.098 0.000
v 82.020 75.635 0.000
v 92.825 75.635 0.000
v 93.021 75.604 0.000
v 93.198 75.514 0.000
v 93.339 75.373 0.000
v 93.429 75.196 0.000
v 93.460 75.000 0.000
v 93.429 74.804 0.000
v 93.339 74.627 0.000
v 93.198 74.486 0.000
v 93.021 74.396 0.000
v 102.617 90.000 0.000
v 102.523 89.376 0.000
v 102.249 88.807 0.000
v 101.820 88.345 0.000
v 101.273 88.029 0.000
v 100.658 87.889 0.000
v 100.029 87.936 0.000
v 99.442 88.167 0.000
v 98.948 88.560 0.000
v 98.593 89.081 0.000
v 98.407 89.684 0.000
v 98.407 90.316 0.000
v 98.593 90.919 0.000
v 98.948 91.440 0.000
v 99.442 91.833 0.000
v 100.029 92.064 0.000
v 100.658 92.111 0.000
v 101.273 91.971 0.000
v 101.820 91.655 0.000
v 102.249 91.193 0.000
v 102.523 90.624 0.000
v 172.020 120.635 0.000
v 257.980 120.635 0.000
v 258.239 121.175 0.000
v 258.638 121.621 0.000
v 259.146 121.937 0.000
v 259.723 122.099 0.000
v 260.321 122.092 0.000
v 260.894 121.919 0.000
v 261.395 121.592 0.000
v 261.785 121.138 0.000
v 262.032 120.593 0.000
v 262.117 120.000 0.000
v 262.049 119.470 0.000
v 261.851 118.973 0.000
v 261.535 118.542 0.000
v 261.121 118.204 0.000
v 260.635 117.980 0.000
v 260.635 77.020 0.000
v 261.121 76.796 0.000
v 261.535 76.458 0.000
v 261.851 76.027 0.000
v 262.049 75.530 0.000
v 262.117 75.000 0.000
v 262.032 74.407 0.000
v 261.785 73.862 0.000
v 261.395 73.408 0.000
v 260.894 73.081 0.000
v 260.321 72.908 0.000
v 259.723 72.901 0.000
v 259.146 73.063 0.000
v 258.638 73.379 0.000
v 258.239 73.825 0.000
v 257.980 74.365 0.000
v 172.020 74.365 0.000
v 171.764 73.829 0.000
v 171.369 73.386 0.000
v 170.867 73.069 0.000
v 170.297 72.904 0.000
v 169.703 72.904 0.000
v 169.133 73.069 0.000
v 168.631 73.386 0.000
v 168.236 73.829 0.000
v 167.980 74.365 0.000
v 99.175 74.365 0.000
v 98.979 74.396 0.000
v 98.802 74.486 0.000
v 98.661 74.627 0.000
v 98.571 74.804 0.000
v 98.540 75.000 0.000
v 98.571 75.196 0.000
v 98.661 75.373 0.000
v 98.802 75.514 0.000
v 98.979 75.604 0.000
v 99.175 75.635 0.000
v 103.816 75.635 0.000
v 102.817 77.662 0.000
v 102.884 77.082 0.000
v 103.080 76.532 0.000
v 103.396 76.042 0.000
v 106.934 75.635 0.000
v 107.449 76.165 0.000
v 107.790 76.820 0.000
v 107.930 77.545 0.000
v 107.857 78.280 0.000
v 107.577 78.964 0.000
v 107.114 79.539 0.000
v 106.505 79.957 0.000
v 105.802 80.184 0.000
v 105.064 80.201 0.000
v 104.351 80.007 0.000
v 103.724 79.616 0.000
v 103.235 79.063 0.000
v 102.924 78.393 0.000
v 122.866 75.635 0.000
v 121.867 77.662 0.000
v 121.934 77.082 0.000
v 122.130 76.532 0.000
v 122.446 76.042 0.000
v 125.984 75.635 0.000
v 126.499 76.165 0.000
v 126.840 76.820 0.000
v 126.980 77.545 0.000
v 126.907 78.280 0.000
v 126.627 78.964 0.000
v 126.164 79.539 0.000
v 125.555 79.957 0.000
v 124.852 80.184 0.000
v 124.114 80.201 0.000
v 123.401 80.007 0.000
v 122.774 79.616 0.000
v 122.285 79.063 0.000
v 121.974 78.393 0.000
v 141.916 75.635 0.000
v 140.917 77.662 0.000
v 140.984 77.082 0.000
v 141.180 76.532 0.000
v 141.496 76.042 0.000
v 145.034 75.635 0.000
v 145.549 76.165 0.000
v 145.890 76.820 0.000
v 146.030 77.545 0.000
v 145.957 78.280 0.000
v 145.677 78.964 0.000
v 145.214 79.539 0.000
v 144.605 79.957 0.000
v 143.902 80.184 0.000
v 143.164 80.201 0.000
v 142.451 80.007 0.000
v 141.824 79.616 0.000
v 141.335 79.063 0.000
v 141.024 78.393 0.000
v 167.980 75.635 0.000
v 168.236 76.171 0.000
v 168.631 76.614 0.000
v 169.133 76.931 0.000
v 169.703 77.096 0.000
v 170.297 77.096 0.000
v 170.867 76.931 0.000
v 171.369 76.614 0.000
v 171.764 76.171 0.000
v 172.020 75.635 0.000
v 180.016 75.635 0.000
v 179.017 77.662 0.000
v 179.084 77.082 0.000
v 179.280 76.532 0.000
v 179.596 76.042 0.000
v 183.134 75.635 0.000
v 183.649 76.165 0.000
v 183.990 76.820 0.000
v 184.130 77.545 0.000
v 184.057 78.280 0.000
v 183.777 78.964 0.000
v 183.314 79.539 0.000
v 182.705 79.957 0.000
v 182.002 80.184 0.000
v 181.264 80.201 0.000
v 180.551 80.007 0.000
v 179.924 79.616 0.000
v 179.435 79.063 0.000
v 179.124 78.393 0.000
v 199.066 75.635 0.000
v 198.067 77.662 0.000
v 198.134 77.082 0.000
v 198.330 76.532 0.000
v 198.646 76.042 0.000
v 202.184 75.635 0.000
v 202.699 76.165 0.000
v 203.040 76.820 0.000
v 203.180 77.545 0.000
v 203.107 78.280 0.000
v 202.827 78.964 0.000
v 202.364 79.539 0.000
v 201.755 79.957 0.000
v 201.052 80.184 0.000
v 200.314 80.201 0.000
v 199.601 80.007 0.000
v 198.974 79.616 0.000
v 198.485 79.063 0.000
v 198.174 78.393 0.000
v 218.116 75.635 0.000
v 217.117 77.662 0.000
v 217.184 77.082 0.000
v 217.380 76.532 0.000
v 217.696 76.042 0.000
v 221.234 75.635 0.000
v 221.749 76.165 0.000
v 222.090 76.820 0.000
v 222.230 77.545 0.000
v 222.157 78.280 0.000
v 221.877 78.964 0.000
v 221.414 79.539 0.000
v 220.805 79.957 0.000
v 220.102 80.184 0.000
v 219.364 80.201 0.000
v 218.651 80.007 0.000
v 218.024 79.616 0.000
v 217.535 79.063 0.000
v 217.224 78.393 0.000
v 237.166 75.635 0.000
v 236.167 77.662 0.000
v 236.234 77.082 0.000
v 236.430 76.532 0.000
v 236.746 76.042 0.000
v 240.284 75.635 0.000
v 240.799 76.165 0.000
v 241.140 76.820 0.000
v 241.280 77.545 0.000
v 241.207 78.280 0.000
v 240.927 78.964 0.000
v 240.464 79.539 0.000
v 239.855 79.957 0.000
v 239.152 80.184 0.000
v 238.414 80.201 0.000
v 237.701 80.007 0.000
v 237.074 79.616 0.000
v 236.585 79.063 0.000
v 236.274 78.393 0.000
v 257.980 75.635 0.000
v 258.190 76.098 0.000
v 258.503 76.497 0.000
v 258.902 76.810 0.000
v 259.365 77.020 0.000
v 259.365 94.709 0.000
v 255.217 96.713 0.000
v 255.317 96.005 0.000
v 255.608 95.353 0.000
v 256.069 94.807 0.000
v 256.662 94.409 0.000
v 257.343 94.191 0.000
v 258.057 94.170 0.000
v 258.749 94.347 0.000
v 259.365 98.716 0.000
v 258.749 99.078 0.000
v 258.057 99.255 0.000
v 257.343 99.234 0.000
v 256.662 99.016 0.000
v 256.069 98.618 0.000
v 255.608 98.072 0.000
v 255.317 97.420 0.000
v 259.365 117.980 0.000
v 258.902 118.190 0.000
v 258.503 118.503 0.000
v 258.190 118.902 0.000
v 257.980 119.365 0.000
v 172.020 119.365 0.000
v 171.764 118.829 0.000
v 171.369 118.386 0.000
v 170.867 118.069 0.000
v 170.297 117.904 0.000
v 169.703 117.904 0.000
v 169.133 118.069 0.000
v 168.631 118.386 0.000
v 168.236 118.829 0.000
v 167.980 119.365 0.000
v 99.175 119.365 0.000
v 98.979 119.396 0.000
v 98.802 119.486 0.000
v 98.661 119.627 0.000
v 98.571 119.804 0.000
v 98.540 120.000 0.000
v 98.571 120.196 0.000
v 98.661 120.373 0.000
v 98.802 120.514 0.000
v 98.979 120.604 0.000
v 99.175 120.635 0.000
v 167.980 120.635 0.000
v 168.236 121.171 0.000
v 168.631 121.614 0.000
v 169.133 121.931 0.000
v 169.703 122.096 0.000
v 170.297 122.096 0.000
v 170.867 121.931 0.000
v 171.369 121.614 0.000
v 171.764 121.171 0.000
v 255.217 134.812 0.000
v 255.331 135.566 0.000
v 255.662 136.253 0.000
v 256.180 136.812 0.000
v 256.841 137.193 0.000
v 257.584 137.363 0.000
v 258.344 137.306 0.000
v 259.054 137.028 0.000
v 259.650 136.552 0.000
v 260.079 135.922 0.000
v 260.304 135.194 0.000
v 260.304 134.431 0.000
v 260.079 133.703 0.000
v 259.650 133.073 0.000
v 259.054 132.597 0.000
v 258.344 132.319 0.000
v 257.584 132.262 0.000
v 256.841 132.432 0.000
v 256.180 132.813 0.000
v 255.662 133.372 0.000
v 255.331 134.059 0.000
v 255.217 58.612 0.000
v 255.331 59.366 0.000
v 255.662 60.053 0.000
v 256.180 60.612 0.000
v 256.841 60.993 0.000
v 257.584 61.163 0.000
v 258.344 61.106 0.000
v 259.054 60.828 0.000
v 259.650 60.352 0.000
v 260.079 59.722 0.000
v 260.304 58.994 0.000
v 260.304 58.231 0.000
v 260.079 57.503 0.000
v 259.650 56.873 0.000
v 259.054 56.397 0.000
v 258.344 56.119 0.000
v 257.584 56.062 0.000
v 256.841 56.232 0.000
v 256.180 56.613 0.000
v 255.662 57.172 0.000
v 255.331 57.859 0.000
v 274.267 77.662 0.000
v 274.381 78.416 0.000
v 274.712 79.103 0.000
v 275.230 79.662 0.000
v 275.891 80.043 0.000
v 276.634 80.213 0.000
v 277.394 80.156 0.000
v 278.104 79.878 0.000
v 278.700 79.402 0.000
v 279.129 78.772 0.000
v 279.354 78.044 0.000
v 279.354 77.281 0.000
v 279.129 76.553 0.000
v 278.700 75.923 0.000
v 278.104 75.447 0.000
v 277.394 75.169 0.000
v 276.634 75.112 0.000
v 275.891 75.282 0.000
v 275.230 75.663 0.000
v 274.712 76.222 0.000
v 274.381 76.909 0.000
v 5.375 185.000 0.000
v 5.603 186.511 0.000
v 6.266 187.887 0.000
v 7.305 189.007 0.000
v 8.628 189.771 0.000
v 10.117 190.111 0.000
v 11.640 189.997 0.000
v 13.062 189.438 0.000
v 14.257 188.486 0.000
v 15.117 187.224 0.000
v 15.568 185.764 0.000
v 15.568 184.236 0.000
v 15.117 182.776 0.000
v 14.257 181.514 0.000
v 13.062 180.562 0.000
v 11.640 180.003 0.000
v 10.117 179.889 0.000
v 8.628 180.229 0.000
v 7.305 180.993 0.000
v 6.266 182.113 0.000
v 5.603 183.489 0.000
v 293.317 20.512 0.000
v 293.431 21.266 0.000
v 293.762 21.953 0.000
v 294.280 22.512 0.000
v 294.941 22.893 0.000
v 295.684 23.063 0.000
v 296.444 23.006 0.000
v 297.154 22.728 0.000
v 297.750 22.252 0.000
v 298.179 21.622 0.000
v 298.404 20.894 0.000
v 298.404 20.131 0.000
v 298.179 19.403 0.000
v 297.750 18.773 0.000
v 297.154 18.297 0.000
v 296.444 18.019 0.000
v 295.684 17.962 0.000
v 294.941 18.132 0.000
v 294.280 18.513 0.000
v 293.762 19.072 0.000
v 293.431 19.759 0.000
v 274.267 20.512 0.000
v 274.381 21.266 0.000
v 274.712 21.953 0.000
v 275.230 22.512 0.000
v 275.891 22.893 0.000
v 276.634 23.063 0.000
v 277.394 23.006 0.000
v 278.104 22.728 0.000
v 278.700 22.252 0.000
v 279.129 21.622 0.000
v 279.354 20.894 0.000
v 279.354 20.131 0.000
v 279.129 19.403 0.000
v 278.700 18.773 0.000
v 278.104 18.297 0.000
v 277.394 18.019 0.000
v 276.634 17.962 0.000
v 275.891 18.132 0.000
v 275.230 18.513 0.000
v 274.712 19.072 0.000
v 274.381 19.759 0.000
v 255.217 20.512 0.000
v 255.331 21.266 0.000
v 255.662 21.953 0.000
v 256.180 22.512 0.000
v 256.841 22.893 0.000
v 257.584 23.063 0.000
v 258.344 23.006 0.000
v 259.054 22.728 0.000
v 259.650 22.252 0.000
v 260.079 21.622 0.000
v 260.304 20.894 0.000
v 260.304 20.131 0.000
v 260.079 19.403 0.000
v 259.650 18.773 0.000
v 259.054 18.297 0.000
v 258.344 18.019 0.000
v 257.584 17.962 0.000
v 256.841 18.132 0.000
v 256.180 18.513 0.000
v 255.662 19.072 0.000
v 255.331 19.759 0.000
v 236.167 20.512 0.000
v 236.281 21.266 0.000
v 236.612 21.953 0.000
v 237.130 22.512 0.000
v 237.791 22.893 0.000
v 238.534 23.063 0.000
v 239.294 23.006 0.000
v 240.004 22.728 0.000
v 240.600 22.252 0.000
v 241.029 21.622 0.000
v 241.254 20.894 0.000
v 241.254 20.131 0.000
v 241.029 19.403 0.000
v 240.600 18.773 0.000
v 240.004 18.297 0.000
v 239.294 18.019 0.000
v 238.534 17.962 0.000
v 237.791 18.132 0.000
v 237.130 18.513 0.000
v 236.612 19.072 0.000
v 236.281 19.759 0.000
v 217.117 20.512 0.000
v 217.231 21.266 0.000
v 217.562 21.953 0.000
v 218.080 22.512 0.000
v 218.741 22.893 0.000
v 219.484 23.063 0.000
v 220.244 23.006 0.000
v 220.954 22.728 0.000
v 221.550 22.252 0.000
v 221.979 21.622 0.000
v 222.204 20.894 0.000
v 222.204 20.131 0.000
v 221.979 19.403 0.000
v 221.550 18.773 0.000
v 220.954 18.297 0.000
v 220.244 18.019 0.000
v 219.484 17.962 0.000
v 218.741 18.132 0.000
v 218.080 18.513 0.000
v 217.562 19.072 0.000
v 217.231 19.759 0.000
v 198.067 20.512 0.000
v 198.181 21.266 0.000
v 198.512 21.953 0.000
v 199.030 22.512 0.000
v 199.691 22.893 0.000
v 200.434 23.063 0.000
v 201.194 23.006 0.000
v 201.904 22.728 0.000
v 202.500 22.252 0.000
v 202.929 21.622 0.000
v 203.154 20.894 0.000
v 203.154 20.131 0.000
v 202.929 19.403 0.000
v 202.500 18.773 0.000
v 201.904 18.297 0.000
v 201.194 18.019 0.000
v 200.434 17.962 0.000
v 199.691 18.132 0.000
v 199.030 18.513 0.000
v 198.512 19.072 0.000
v 198.181 19.759 0.000
v 179.017 20.512 0.000
v 179.131 21.266 0.000
v 179.462 21.953 0.000
v 179.980 22.512 0.000
v 180.641 22.893 0.000
v 181.384 23.063 0.000
v 182.144 23.006 0.000
v 182.854 22.728 0.000
v 183.450 22.252 0.000
v 183.879 21.622 0.000
v 184.104 20.894 0.000
v 184.104 20.131 0.000
v 183.879 19.403 0.000
v 183.450 18.773 0.000
v 182.854 18.297 0.000
v 182.144 18.019 0.000
v 181.384 17.962 0.000
v 180.641 18.132 0.000
v 179.980 18.513 0.000
v 179.462 19.072 0.000
v 179.131 19.759 0.000
v 159.967 20.512 0.000
v 160.081 21.266 0.000
v 160.412 21.953 0.000
v 160.930 22.512 0.000
v 161.591 22.893 0.000
v 162.334 23.063 0.000
v 163.094 23.006 0.000
v 163.804 22.728 0.000
v 164.400 22.252 0.000
v 164.829 21.622 0.000
v 165.054 20.894 0.000
v 165.054 20.131 0.000
v 164.829 19.403 0.000
v 164.400 18.773 0.000
v 163.804 18.297 0.000
v 163.094 18.019 0.000
v 162.334 17.962 0.000
v 161.591 18.132 0.000
v 160.930 18.513 0.000
v 160.412 19.072 0.000
v 160.081 19.759 0.000
v 140.917 20.512 0.000
v 141.031 21.266 0.000
v 141.362 21.953 0.000
v 141.880 22.512 0.000
v 142.541 22.893 0.000
v 143.284 23.063 0.000
v 144.044 23.006 0.000
v 144.754 22.728 0.000
v 145.350 22.252 0.000
v 145.779 21.622 0.000
v 146.004 20.894 0.000
v 146.004 20.131 0.000
v 145.779 19.403 0.000
v 145.350 18.773 0.000
v 144.754 18.297 0.000
v 144.044 18.019 0.000
v 143.284 17.962 0.000
v 142.541 18.132 0.000
v 141.880 18.513 0.000
v 141.362 19.072 0.000
v 141.031 19.759 0.000
v 121.867 20.512 0.000
v 121.981 21.266 0.000
v 122.312 21.953 0.000
v 122.830 22.512 0.000
v 123.491 22.893 0.000
v 124.234 23.063 0.000
v 124.994 23.006 0.000
v 125.704 22.728 0.000
v 126.300 22.252 0.000
v 126.729 21.622 0.000
v 126.954 20.894 0.000
v 126.954 20.131 0.000
v 126.729 19.403 0.000
v 126.300 18.773 0.000
v 125.704 18.297 0.000
v 124.994 18.019 0.000
v 124.234 17.962 0.000
v 123.491 18.132 0.000
v 122.830 18.513 0.000
v 122.312 19.072 0.000
v 121.981 19.759 0.000
v 102.817 20.512 0.000
v 102.931 21.266 0.000
v 103.262 21.953 0.000
v 103.780 22.512 0.000
v 104.441 22.893 0.000
v 105.184 23.063 0.000
v 105.944 23.006 0.000
v 106.654 22.728 0.000
v 107.250 22.252 0.000
v 107.679 21.622 0.000
v 107.904 20.894 0.000
v 107.904 20.131 0.000
v 107.679 19.403 0.000
v 107.250 18.773 0.000
v 106.654 18.297 0.000
v 105.944 18.019 0.000
v 105.184 17.962 0.000
v 104.441 18.132 0.000
v 103.780 18.513 0.000
v 103.262 19.072 0.000
v 102.931 19.759 0.000
v 83.767 20.512 0.000
v 83.881 21.266 0.000
v 84.212 21.953 0.000
v 84.730 22.512 0.000
v 85.391 22.893 0.000
v 86.134 23.063 0.000
v 86.894 23.006 0.000
v 87.604 22.728 0.000
v 88.200 22.252 0.000
v 88.629 21.622 0.000
v 88.854 20.894 0.000
v 88.854 20.131 0.000
v 88.629 19.403 0.000
v 88.200 18.773 0.000
v 87.604 18.297 0.000
v 86.894 18.019 0.000
v 86.134 17.962 0.000
v 85.391 18.132 0.000
v 84.730 18.513 0.000
v 84.212 19.072 0.000
v 83.881 19.759 0.000
v 64.717 20.512 0.000
v 64.831 21.266 0.000
v 65.162 21.953 0.000
v 65.680 22.512 0.000
v 66.341 22.893 0.000
v 67.084 23.063 0.000
v 67.844 23.006 0.000
v 68.554 22.728 0.000
v 69.150 22.252 0.000
v 69.579 21.622 0.000
v 69.804 20.894 0.000
v 69.804 20.131 0.000
v 69.579 19.403 0.000
v 69.150 18.773 0.000
v 68.554 18.297 0.000
v 67.844 18.019 0.000
v 67.084 17.962 0.000
v 66.341 18.132 0.000
v 65.680 18.513 0.000
v 65.162 19.072 0.000
v 64.831 19.759 0.000
v 26.617 20.512 0.000
v 26.731 21.266 0.000
v 27.062 21.953 0.000
v 27.580 22.512 0.000
v 28.241 22.893 0.000
v 28.984 23.063 0.000
v 29.744 23.006 0.000
v 30.454 22.728 0.000
v 31.050 22.252 0.000
v 31.479 21.622 0.000
v 31.704 20.894 0.000
v 31.704 20.131 0.000
v 31.479 19.403 0.000
v 31.050 18.773 0.000
v 30.454 18.297 0.000
v 29.744 18.019 0.000
v 28.984 17.962 0.000
v 28.241 18.132 0.000
v 27.580 18.513 0.000
v 27.062 19.072 0.000
v 26.731 19.759 0.000
v 293.317 39.562 0.000
v 293.431 40.316 0.000
v 293.762 41.003 0.000
v 294.280 41.562 0.000
v 294.941 41.943 0.000
v 295.684 42.113 0.000
v 296.444 42.056 0.000
v 297.154 41.778 0.000
v 297.750 41.302 0.000
v 298.179 40.672 0.000
v 298.404 39.944 0.000
v 298.404 39.181 0.000
v 298.179 38.453 0.000
v 297.750 37.823 0.000
v 297.154 37.347 0.000
v 296.444 37.069 0.000
v 295.684 37.012 0.000
v 294.941 37.182 0.000
v 294.280 37.563 0.000
v 293.762 38.122 0.000
v 293.431 38.809 0.000
v 274.267 39.562 0.000
v 274.381 40.316 0.000
v 274.712 41.003 0.000
v 275.230 41.562 0.000
v 275.891 41.943 0.000
v 276.634 42.113 0.000
v 277.394 42.056 0.000
v 278.104 41.778 0.000
v 278.700 41.302 0.000
v 279.129 40.672 0.000
v 279.354 39.944 0.000
v 279.354 39.181 0.000
v 279.129 38.453 0.000
v 278.700 37.823 0.000
v 278.104 37.347 0.000
v 277.394 37.069 0.000
v 276.634 37.012 0.000
v 275.891 37.182 0.000
v 275.230 37.563 0.000
v 274.712 38.122 0.000
v 274.381 38.809 0.000
v 255.217 39.562 0.000
v 255.331 40.316 0.000
v 255.662 41.003 0.000
v 256.180 41.562 0.000
v 256.841 41.943 0.000
v 257.584 42.113 0.000
v 258.344 42.056 0.000
v 259.054 41.778 0.000
v 259.650 41.302 0.000
v 260.079 40.672 0.000
v 260.304 39.944 0.000
v 260.304 39.181 0.000
v 260.079 38.453 0.000
v 259.650 37.823 0.000
v 259.054 37.347 0.000
v 258.344 37.069 0.000
v 257.584 37.012 0.000
v 256.841 37.182 0.000
v 256.180 37.563 0.000
v 255.662 38.122 0.000
v 255.331 38.809 0.000
v 236.167 39.562 0.000
v 236.281 40.316 0.000
v 236.612 41.003 0.000
v 237.130 41.562 0.000
v 237.791 41.943 0.000
v 238.534 42.113 0.000
v 239.294 42.056 0.000
v 240.004 41.778 0.000
v 240.600 41.302 0.000
v 241.029 40.672 0.000
v 241.254 39.944 0.000
v 241.254 39.181 0.000
v 241.029 38.453 0.000
v 240.600 37.823 0.000
v 240.004 37.347 0.000
v 239.294 37.069 0.000
v 238.534 37.012 0.000
v 237.791 37.182 0.000
v 237.130 37.563 0.000
v 236.612 38.122 0.000
v 236.281 38.809 0.000
v 217.117 39.562 0.000
v 217.231 40.316 0.000
v 217.562 41.003 0.000
v 218.080 41.562 0.000
v 218.741 41.943 0.000
v 219.484 42.113 0.000
v 220.244 42.056 0.000
v 220.954 41.778 0.000
v 221.550 41.302 0.000
v 221.979 40.672 0.000
v 222.204 39.944 0.000
v 222.204 39.181 0.000
v 221.979 38.453 0.000
v 221.550 37.823 0.000
v 220.954 37.347 0.000
v 220.244 37.069 0.000
v 219.484 37.012 0.000
v 218.741 37.182 0.000
v 218.080 37.563 0.000
v 217.562 38.122 0.000
v 217.231 38.809 0.000
v 198.067 39.562 0.000
v 198.181 40.316 0.000
v 198.512 41.003 0.000
v 199.030 41.562 0.000
v 199.691 41.943 0.000
v 200.434 42.113 0.000
v 201.194 42.056 0.000
v 201.904 41.778 0.000
v 202.500 41.302 0.000
v 202.929 40.672 0.000
v 203.154 39.944 0.000
v 203.154 39.181 0.000
v 202.929 38.453 0.000
v 202.500 37.823 0.000
v 201.904 37.347 0.000
v 201.194 37.069 0.000
v 200.434 37.012 0.000
v 199.691 37.182 0.000
v 199.030 37.563 0.000
v 198.512 38.122 0.000
v 198.181 38.809 0.000
v 179.017 39.562 0.000
v 179.131 40.316 0.000
v 179.462 41.003 0.000
v 179.980 41.562 0.000
v 180.641 41.943 0.000
v 181.384 42.113 0.000
v 182.144 42.056 0.000
v 182.854 41.778 0.000
v 183.450 41.302 0.000
v 183.879 40.672 0.000
v 184.104 39.944 0.000
v 184.104 39.181 0.000
v 183.879 38.453 0.000
v 183.450 37.823 0.000
v 182.854 37.347 0.000
v 182.144 37.069 0.000
v 181.384 37.012 0.000
v 180.641 37.182 0.000
v 179.980 37.563 0.000
v 179.462 38.122 0.000
v 179.131 38.809 0.000
v 159.967 39.562 0.000
v 160.081 40.316 0.000
v 160.412 41.003 0.000
v 160.930 41.562 0.000
v 161.591 41.943 0.000
v 162.334 42.113 0.000
v 163.094 42.056 0.000
v 163.804 41.778 0.000
v 164.400 41.302 0.000
v 164.829 40.672 0.000
v 165.054 39.944 0.000
v 165.054 39.181 0.000
v 164.829 38.453 0.000
v 164.400 37.823 0.000
v 163.804 37.347 0.000
v 163.094 37.069 0.000
v 162.334 37.012 0.000
v 161.591 37.182 0.000
v 160.930 37.563 0.000
v 160.412 38.122 0.000
v 160.081 38.809 0.000
v 140.917 39.562 0.000
v 141.031 40.316 0.000
v 141.362 41.003 0.000
v 141.880 41.562 0.000
v 142.541 41.943 0.000
v 143.284 42.113 0.000
v 144.044 42.056 0.000
v 144.754 41.778 0.000
v 145.350 41.302 0.000
v 145.779 40.672 0.000
v 146.004 39.944 0.000
v 146.004 39.181 0.000
v 145.779 38.453 0.000
v 145.350 37.823 0.000
v 144.754 37.347 0.000
v 144.044 37.069 0.000
v 143.284 37.012 0.000
v 142.541 37.182 0.000
v 141.880 37.563 0.000
v 141.362 38.122 0.000
v 141.031 38.809 0.000
v 121.867 39.562 0.000
v 121.981 40.316 0.000
v 122.312 41.003 0.000
v 122.830 41.562 0.000
v 123.491 41.943 0.000
v 124.234 42.113 0.000
v 124.994 42.056 0.000
v 125.704 41.778 0.000
v 126.300 41.302 0.000
v 126.729 40.672 0.000
v 126.954 39.944 0.000
v 126.954 39.181 0.000
v 126.729 38.453 0.000
v 126.300 37.823 0.000
v 125.704 37.347 0.000
v 124.994 37.069 0.000
v 124.234 37.012 0.000
v 123.491 37.182 0.000
v 122.830 37.563 0.000
v 122.312 38.122 0.000
v 121.981 38.809 0.000
v 102.817 39.562 0.000
v 102.931 40.316 0.000
v 103.262 41.003 0.000
v 103.780 41.562 0.000
v 104.441 41.943 0.000
v 105.184 42.113 0.000
v 105.944 42.056 0.000
v 106.654 41.778 0.000
v 107.250 41.302 0.000
v 107.679 40.672 0.000
v 107.904 39.944 0.000
v 107.904 39.181 0.000
v 107.679 38.453 0.000
v 107.250 37.823 0.000
v 106.654 37.347 0.000
v 105.944 37.069 0.000
v 105.184 37.012 0.000
v 104.441 37.182 0.000
v 103.780 37.563 0.000
v 103.262 38.122 0.000
v 102.931 38.809 0.000
v 83.767 39.562 0.000
v 83.881 40.316 0.000
v 84.212 41.003 0.000
v 84.730 41.562 0.000
v 85.391 41.943 0.000
v 86.134 42.113 0.000
v 86.894 42.056 0.000
v 87.604 41.778 0.000
v 88.200 41.302 0.000
v 88.629 40.672 0.000
v 88.854 39.944 0.000
v 88.854 39.181 0.000
v 88.629 38.453 0.000
v 88.200 37.823 0.000
v 87.604 37.347 0.000
v 86.894 37.069 0.000
v 86.134 37.012 0.000
v 85.391 37.182 0.000
v 84.730 37.563 0.000
v 84.212 38.122 0.000
v 83.881 38.809 0.000
v 64.717 39.562 0.000
v 64.831 40.316 0.000
v 65.162 41.003 0.000
v 65.680 41.562 0.000
v 66.341 41.943 0.000
v 67.084 42.113 0.000
v 67.844 42.056 0.000
v 68.554 41.778 0.000
v 69.150 41.302 0.000
v 69.579 40.672 0.000
v 69.804 39.944 0.000
v 69.804 39.181 0.000
v 69.579 38.453 0.000
v 69.150 37.823 0.000
v 68.554 37.347 0.000
v 67.844 37.069 0.000
v 67.084 37.012 0.000
v 66.341 37.182 0.000
v 65.680 37.563 0.000
v 65.162 38.122 0.000
v 64.831 38.809 0.000
v 45.667 39.562 0.000
v 45.781 40.316 0.000
v 46.112 41.003 0.000
v 46.630 41.562 0.000
v 47.291 41.943 0.000
v 48.034 42.113 0.000
v 48.794 42.056 0.000
v 49.504 41.778 0.000
v 50.100 41.302 0.000
v 50.529 40.672 0.000
v 50.754 39.944 0.000
v 50.754 39.181 0.000
v 50.529 38.453 0.000
v 50.100 37.823 0.000
v 49.504 37.347 0.000
v 48.794 37.069 0.000
v 48.034 37.012 0.000
v 47.291 37.182 0.000
v 46.630 37.563 0.000
v 46.112 38.122 0.000
v 45.781 38.809 0.000
v 26.617 39.562 0.000
v 26.731 40.316 0.000
v 27.062 41.003 0.000
v 27.580 41.562 0.000
v 28.241 41.943 0.000
v 28.984 42.113 0.000
v 29.744 42.056 0.000
v 30.454 41.778 0.000
v 31.050 41.302 0.000
v 31.479 40.672 0.000
v 31.704 39.944 0.000
v 31.704 39.181 0.000
v 31.479 38.453 0.000
v 31.050 37.823 0.000
v 30.454 37.347 0.000
v 29.744 37.069 0.000
v 28.984 37.012 0.000
v 28.241 37.182 0.000
v 27.580 37.563 0.000
v 27.062 38.122 0.000
v 26.731 38.809 0.000
v 293.317 58.612 0.000
v 293.431 59.366 0.000
v 293.762 60.053 0.000
v 294.280 60.612 0.000
v 294.941 60.993 0.000
v 295.684 61.163 0.000
v 296.444 61.106 0.000
v 297.154 60.828 0.000
v 297.750 60.352 0.000
v 298.179 59.722 0.000
v 298.404 58.994 0.000
v 298.404 58.231 0.000
v 298.179 57.503 0.000
v 297.750 56.873 0.000
v 297.154 56.397 0.000
v 296.444 56.119 0.000
v 295.684 56.062 0.000
v 294.941 56.232 0.000
v 294.280 56.613 0.000
v 293.762 57.172 0.000
v 293.431 57.859 0.000
v 274.267 58.612 0.000
v 274.381 59.366 0.000
v 274.712 60.053 0.000
v 275.230 60.612 0.000
v 275.891 60.993 0.000
v 276.634 61.163 0.000
v 277.394 61.106 0.000
v 278.104 60.828 0.000
v 278.700 60.352 0.000
v 279.129 59.722 0.000
v 279.354 58.994 0.000
v 279.354 58.231 0.000
v 279.129 57.503 0.000
v 278.700 56.873 0.000
v 278.104 56.397 0.000
v 277.394 56.119 0.000
v 276.634 56.062 0.000
v 275.891 56.232 0.000
v 275.230 56.613 0.000
v 274.712 57.172 0.000
v 274.381 57.859 0.000
v 236.167 58.612 0.000
v 236.281 59.366 0.000
v 236.612 60.053 0.000
v 237.130 60.612 0.000
v 237.791 60.993 0.000
v 238.534 61.163 0.000
v 239.294 61.106 0.000
v 240.004 60.828 0.000
v 240.600 60.352 0.000
v 241.029 59.722 0.000
v 241.254 58.994 0.000
v 241.254 58.231 0.000
v 241.029 57.503 0.000
v 240.600 56.873 0.000
v 240.004 56.397 0.000
v 239.294 56.119 0.000
v 238.534 56.062 0.000
v 237.791 56.232 0.000
v 237.130 56.613 0.000
v 236.612 57.172 0.000
v 236.281 57.859 0.000
v 217.117 58.612 0.000
v 217.231 59.366 0.000
v 217.562 60.053 0.000
v 218.080 60.612 0.000
v 218.741 60.993 0.000
v 219.484 61.163 0.000
v 220.244 61.106 0.000
v 220.954 60.828 0.000
v 221.550 60.352 0.000
v 221.979 59.722 0.000
v 222.204 58.994 0.000
v 222.204 58.231 0.000
v 221.979 57.503 0.000
v 221.550 56.873 0.000
v 220.954 56.397 0.000
v 220.244 56.119 0.000
v 219.484 56.062 0.000
v 218.741 56.232 0.000
v 218.080 56.613 0.000
v 217.562 57.172 0.000
v 217.231 57.859 0.000
v 198.067 58.612 0.000
v 198.181 59.366 0.000
v 198.512 60.053 0.000
v 199.030 60.612 0.000
v 199.691 60.993 0.000
v 200.434 61.163 0.000
v 201.194 61.106 0.000
v 201.904 60.828 0.000
v 202.500 60.352 0.000
v 202.929 59.722 0.000
v 203.154 58.994 0.000
v 203.154 58.231 0.000
v 202.929 57.503 0.000
v 202.500 56.873 0.000
v 201.904 56.397 0.000
v 201.194 56.119 0.000
v 200.434 56.062 0.000
v 199.691 56.232 0.000
v 199.030 56.613 0.000
v 198.512 57.172 0.000
v 198.181 57.859 0.000
v 159.967 58.612 0.000
v 160.081 59.366 0.000
v 160.412 60.053 0.000
v 160.930 60.612 0.000
v 161.591 60.993 0.000
v 162.334 61.163 0.000
v 163.094 61.106 0.000
v 163.804 60.828 0.000
v 164.400 60.352 0.000
v 164.829 59.722 0.000
v 165.054 58.994 0.000
v 165.054 58.231 0.000
v 164.829 57.503 0.000
v 164.400 56.873 0.000
v 163.804 56.397 0.000
v 163.094 56.119 0.000
v 162.334 56.062 0.000
v 161.591 56.232 0.000
v 160.930 56.613 0.000
v 160.412 57.172 0.000
v 160.081 57.859 0.000
v 140.917 58.612 0.000
v 141.031 59.366 0.000
v 141.362 60.053 0.000
v 141.880 60.612 0.000
v 142.541 60.993 0.000
v 143.284 61.163 0.000
v 144.044 61.106 0.000
v 144.754 60.828 0.000
v 145.350 60.352 0.000
v 145.779 59.722 0.000
v 146.004 58.994 0.000
v 146.004 58.231 0.000
v 145.779 57.503 0.000
v 145.350 56.873 0.000
v 144.754 56.397 0.000
v 144.044 56.119 0.000
v 143.284 56.062 0.000
v 142.541 56.232 0.000
v 141.880 56.613 0.000
v 141.362 57.172 0.000
v 141.031 57.859 0.000
v 102.817 58.612 0.000
v 102.931 59.366 0.000
v 103.262 60.053 0.000
v 103.780 60.612 0.000
v 104.441 60.993 0.000
v 105.184 61.163 0.000
v 105.944 61.106 0.000
v 106.654 60.828 0.000
v 107.250 60.352 0.000
v 107.679 59.722 0.000
v 107.904 58.994 0.000
v 107.904 58.231 0.000
v 107.679 57.503 0.000
v 107.250 56.873 0.000
v 106.654 56.397 0.000
v 105.944 56.119 0.000
v 105.184 56.062 0.000
v 104.441 56.232 0.000
v 103.780 56.613 0.000
v 103.262 57.172 0.000
v 102.931 57.859 0.000
v 83.767 58.612 0.000
v 83.881 59.366 0.000
v 84.212 60.053 0.000
v 84.730 60.612 0.000
v 85.391 60.993 0.000
v 86.134 61.163 0.000
v 86.894 61.106 0.000
v 87.604 60.828 0.000
v 88.200 60.352 0.000
v 88.629 59.722 0.000
v 88.854 58.994 0.000
v 88.854 58.231 0.000
v 88.629 57.503 0.000
v 88.200 56.873 0.000
v 87.604 56.397 0.000
v 86.894 56.119 0.000
v 86.134 56.062 0.000
v 85.391 56.232 0.000
v 84.730 56.613 0.000
v 84.212 57.172 0.000
v 83.881 57.859 0.000
v 64.717 58.612 0.000
v 64.831 59.366 0.000
v 65.162 60.053 0.000
v 65.680 60.612 0.000
v 66.341 60.993 0.000
v 67.084 61.163 0.000
v 67.844 61.106 0.000
v 68.554 60.828 0.000
v 69.150 60.352 0.000
v 69.579 59.722 0.000
v 69.804 58.994 0.000
v 69.804 58.231 0.000
v 69.579 57.503 0.000
v 69.150 56.873 0.000
v 68.554 56.397 0.000
v 67.844 56.119 0.000
v 67.084 56.062 0.000
v 66.341 56.232 0.000
v 65.680 56.613 0.000
v 65.162 57.172 0.000
v 64.831 57.859 0.000
v 26.617 58.612 0.000
v 26.731 59.366 0.000
v 27.062 60.053 0.000
v 27.580 60.612 0.000
v 28.241 60.993 0.000
v 28.984 61.163 0.000
v 29.744 61.106 0.000
v 30.454 60.828 0.000
v 31.050 60.352 0.000
v 31.479 59.722 0.000
v 31.704 58.994 0.000
v 31.704 58.231 0.000
v 31.479 57.503 0.000
v 31.050 56.873 0.000
v 30.454 56.397 0.000
v 29.744 56.119 0.000
v 28.984 56.062 0.000
v 28.241 56.232 0.000
v 27.580 56.613 0.000
v 27.062 57.172 0.000
v 26.731 57.859 0.000
v 293.317 77.662 0.000
v 293.431 78.416 0.000
v 293.762 79.103 0.000
v 294.280 79.662 0.000
v 294.941 80.043 0.000
v 295.684 80.213 0.000
v 296.444 80.156 0.000
v 297.154 79.878 0.000
v 297.750 79.402 0.000
v 298.179 78.772 0.000
v 298.404 78.044 0.000
v 298.404 77.281 0.000
v 298.179 76.553 0.000
v 297.750 75.923 0.000
v 297.154 75.447 0.000
v 296.444 75.169 0.000
v 295.684 75.112 0.000
v 294.941 75.282 0.000
v 294.280 75.663 0.000
v 293.762 76.222 0.000
v 293.431 76.909 0.000
v 64.717 77.662 0.000
v 64.831 78.416 0.000
v 65.162 79.103 0.000
v 65.680 79.662 0.000
v 66.341 80.043 0.000
v 67.084 80.213 0.000
v 67.844 80.156 0.000
v 68.554 79.878 0.000
v 69.150 79.402 0.000
v 69.579 78.772 0.000
v 69.804 78.044 0.000
v 69.804 77.281 0.000
v 69.579 76.553 0.000
v 69.150 75.923 0.000
v 68.554 75.447 0.000
v 67.844 75.169 0.000
v 67.084 75.112 0.000
v 66.341 75.282 0.000
v 65.680 75.663 0.000
v 65.162 76.222 0.000
v 64.831 76.909 0.000
v 45.667 77.662 0.000
v 45.781 78.416 0.000
v 46.112 79.103 0.000
v 46.630 79.662 0.000
v 47.291 80.043 0.000
v 48.034 80.213 0.000
v 48.794 80.156 0.000
v 49.504 79.878 0.000
v 50.100 79.402 0.000
v 50.529 78.772 0.000
v 50.754 78.044 0.000
v 50.754 77.281 0.000
v 50.529 76.553 0.000
v 50.100 75.923 0.000
v 49.504 75.447 0.000
v 48.794 75.169 0.000
v 48.034 75.112 0.000
v 47.291 75.282 0.000
v 46.630 75.663 0.000
v 46.112 76.222 0.000
v 45.781 76.909 0.000
v 26.617 77.662 0.000
v 26.731 78.416 0.000
v 27.062 79.103 0.000
v 27.580 79.662 0.000
v 28.241 80.043 0.000
v 28.984 80.213 0.000
v 29.744 80.156 0.000
v 30.454 79.878 0.000
v 31.050 79.402 0.000
v 31.479 78.772 0.000
v 31.704 78.044 0.000
v 31.704 77.281 0.000
v 31.479 76.553 0.000
v 31.050 75.923 0.000
v 30.454 75.447 0.000
v 29.744 75.169 0.000
v 28.984 75.112 0.000
v 28.241 75.282 0.000
v 27.580 75.663 0.000
v 27.062 76.222 0.000
v 26.731 76.909 0.000
v 274.267 96.713 0.000
v 274.381 97.466 0.000
v 274.712 98.153 0.000
v 275.230 98.712 0.000
v 275.891 99.093 0.000
v 276.634 99.263 0.000
v 277.394 99.206 0.000
v 278.104 98.928 0.000
v 278.700 98.452 0.000
v 279.129 97.822 0.000
v 279.354 97.094 0.000
v 279.354 96.331 0.000
v 279.129 95.603 0.000
v 278.700 94.973 0.000
v 278.104 94.497 0.000
v 277.394 94.219 0.000
v 276.634 94.162 0.000
v 275.891 94.332 0.000
v 275.230 94.713 0.000
v 274.712 95.272 0.000
v 274.381 95.959 0.000
v 236.167 96.713 0.000
v 236.281 97.466 0.000
v 236.612 98.153 0.000
v 237.130 98.712 0.000
v 237.791 99.093 0.000
v 238.534 99.263 0.000
v 239.294 99.206 0.000
v 240.004 98.928 0.000
v 240.600 98.452 0.000
v 241.029 97.822 0.000
v 241.254 97.094 0.000
v 241.254 96.331 0.000
v 241.029 95.603 0.000
v 240.600 94.973 0.000
v 240.004 94.497 0.000
v 239.294 94.219 0.000
v 238.534 94.162 0.000
v 237.791 94.332 0.000
v 237.130 94.713 0.000
v 236.612 95.272 0.000
v 236.281 95.959 0.000
v 217.117 96.713 0.000
v 217.231 97.466 0.000
v 217.562 98.153 0.000
v 218.080 98.712 0.000
v 218.741 99.093 0.000
v 219.484 99.263 0.000
v 220.244 99.206 0.000
v 220.954 98.928 0.000
v 221.550 98.452 0.000
v 221.979 97.822 0.000
v 222.204 97.094 0.000
v 222.204 96.331 0.000
v 221.979 95.603 0.000
v 221.550 94.973 0.000
v 220.954 94.497 0.000
v 220.244 94.219 0.000
v 219.484 94.162 0.000
v 218.741 94.332 0.000
v 218.080 94.713 0.000
v 217.562 95.272 0.000
v 217.231 95.959 0.000
v 198.067 96.713 0.000
v 198.181 97.466 0.000
v 198.512 98.153 0.000
v 199.030 98.712 0.000
v 199.691 99.093 0.000
v 200.434 99.263 0.000
v 201.194 99.206 0.000
v 201.904 98.928 0.000
v 202.500 98.452 0.000
v 202.929 97.822 0.000
v 203.154 97.094 0.000
v 203.154 96.331 0.000
v 202.929 95.603 0.000
v 202.500 94.973 0.000
v 201.904 94.497 0.000
v 201.194 94.219 0.000
v 200.434 94.162 0.000
v 199.691 94.332 0.000
v 199.030 94.713 0.000
v 198.512 95.272 0.000
v 198.181 95.959 0.000
v 179.017 96.713 0.000
v 179.131 97.466 0.000
v 179.462 98.153 0.000
v 179.980 98.712 0.000
v 180.641 99.093 0.000
v 181.384 99.263 0.000
v 182.144 99.206 0.000
v 182.854 98.928 0.000
v 183.450 98.452 0.000
v 183.879 97.822 0.000
v 184.104 97.094 0.000
v 184.104 96.331 0.000
v 183.879 95.603 0.000
v 183.450 94.973 0.000
v 182.854 94.497 0.000
v 182.144 94.219 0.000
v 181.384 94.162 0.000
v 180.641 94.332 0.000
v 179.980 94.713 0.000
v 179.462 95.272 0.000
v 179.131 95.959 0.000
v 159.967 96.713 0.000
v 160.081 97.466 0.000
v 160.412 98.153 0.000
v 160.930 98.712 0.000
v 161.591 99.093 0.000
v 162.334 99.263 0.000
v 163.094 99.206 0.000
v 163.804 98.928 0.000
v 164.400 98.452 0.000
v 164.829 97.822 0.000
v 165.054 97.094 0.000
v 165.054 96.331 0.000
v 164.829 95.603 0.000
v 164.400 94.973 0.000
v 163.804 94.497 0.000
v 163.094 94.219 0.000
v 162.334 94.162 0.000
v 161.591 94.332 0.000
v 160.930 94.713 0.000
v 160.412 95.272 0.000
v 160.081 95.959 0.000
v 140.917 96.713 0.000
v 141.031 97.466 0.000
v 141.362 98.153 0.000
v 141.880 98.712 0.000
v 142.541 99.093 0.000
v 143.284 99.263 0.000
v 144.044 99.206 0.000
v 144.754 98.928 0.000
v 145.350 98.452 0.000
v 145.779 97.822 0.000
v 146.004 97.094 0.000
v 146.004 96.331 0.000
v 145.779 95.603 0.000
v 145.350 94.973 0.000
v 144.754 94.497 0.000
v 144.044 94.219 0.000
v 143.284 94.162 0.000
v 142.541 94.332 0.000
v 141.880 94.713 0.000
v 141.362 95.272 0.000
v 141.031 95.959 0.000
v 121.867 96.713 0.000
v 121.981 97.466 0.000
v 122.312 98.153 0.000
v 122.830 98.712 0.000
v 123.491 99.093 0.000
v 124.234 99.263 0.000
v 124.994 99.206 0.000
v 125.704 98.928 0.000
v 126.300 98.452 0.000
v 126.729 97.822 0.000
v 126.954 97.094 0.000
v 126.954 96.331 0.000
v 126.729 95.603 0.000
v 126.300 94.973 0.000
v 125.704 94.497 0.000
v 124.994 94.219 0.000
v 124.234 94.162 0.000
v 123.491 94.332 0.000
v 122.830 94.713 0.000
v 122.312 95.272 0.000
v 121.981 95.959 0.000
v 83.767 96.713 0.000
v 83.881 97.466 0.000
v 84.212 98.153 0.000
v 84.730 98.712 0.000
v 85.391 99.093 0.000
v 86.134 99.263 0.000
v 86.894 99.206 0.000
v 87.604 98.928 0.000
v 88.200 98.452 0.000
v 88.629 97.822 0.000
v 88.854 97.094 0.000
v 88.854 96.331 0.000
v 88.629 95.603 0.000
v 88.200 94.973 0.000
v 87.604 94.497 0.000
v 86.894 94.219 0.000
v 86.134 94.162 0.000
v 85.391 94.332 0.000
v 84.730 94.713 0.000
v 84.212 95.272 0.000
v 83.881 95.959 0.000
v 64.717 96.713 0.000
v 64.831 97.466 0.000
v 65.162 98.153 0.000
v 65.680 98.712 0.000
v 66.341 99.093 0.000
v 67.084 99.263 0.000
v 67.844 99.206 0.000
v 68.554 98.928 0.000
v 69.150 98.452 0.000
v 69.579 97.822 0.000
v 69.804 97.094 0.000
v 69.804 96.331 0.000
v 69.579 95.603 0.000
v 69.150 94.973 0.000
v 68.554 94.497 0.000
v 67.844 94.219 0.000
v 67.084 94.162 0.000
v 66.341 94.332 0.000
v 65.680 94.713 0.000
v 65.162 95.272 0.000
v 64.831 95.959 0.000
v 45.667 96.713 0.000
v 45.781 97.466 0.000
v 46.112 98.153 0.000
v 46.630 98.712 0.000
v 47.291 99.093 0.000
v 48.034 99.263 0.000
v 48.794 99.206 0.000
v 49.504 98.928 0.000
v 50.100 98.452 0.000
v 50.529 97.822 0.000
v 50.754 97.094 0.000
v 50.754 96.331 0.000
v 50.529 95.603 0.000
v 50.100 94.973 0.000
v 49.504 94.497 0.000
v 48.794 94.219 0.000
v 48.034 94.162 0.000
v 47.291 94.332 0.000
v 46.630 94.713 0.000
v 46.112 95.272 0.000
v 45.781 95.959 0.000
v 26.617 96.713 0.000
v 26.731 97.466 0.000
v 27.062 98.153 0.000
v 27.580 98.712 0.000
v 28.241 99.093 0.000
v 28.984 99.263 0.000
v 29.744 99.206 0.000
v 30.454 98.928 0.000
v 31.050 98.452 0.000
v 31.479 97.822 0.000
v 31.704 97.094 0.000
v 31.704 96.331 0.000
v 31.479 95.603 0.000
v 31.050 94.973 0.000
v 30.454 94.497 0.000
v 29.744 94.219 0.000
v 28.984 94.162 0.000
v 28.241 94.332 0.000
v 27.580 94.713 0.000
v 27.062 95.272 0.000
v 26.731 95.959 0.000
v 293.317 115.763 0.000
v 293.431 116.516 0.000
v 293.762 117.203 0.000
v 294.280 117.762 0.000
v 294.941 118.143 0.000
v 295.684 118.313 0.000
v 296.444 118.256 0.000
v 297.154 117.978 0.000
v 297.750 117.502 0.000
v 298.179 116.872 0.000
v 298.404 116.144 0.000
v 298.404 115.381 0.000
v 298.179 114.653 0.000
v 297.750 114.023 0.000
v 297.154 113.547 0.000
v 296.444 113.269 0.000
v 295.684 113.212 0.000
v 294.941 113.382 0.000
v 294.280 113.763 0.000
v 293.762 114.322 0.000
v 293.431 115.009 0.000
v 274.267 115.763 0.000
v 274.381 116.516 0.000
v 274.712 117.203 0.000
v 275.230 117.762 0.000
v 275.891 118.143 0.000
v 276.634 118.313 0.000
v 277.394 118.256 0.000
v 278.104 117.978 0.000
v 278.700 117.502 0.000
v 279.129 116.872 0.000
v 279.354 116.144 0.000
v 279.354 115.381 0.000
v 279.129 114.653 0.000
v 278.700 114.023 0.000
v 278.104 113.547 0.000
v 277.394 113.269 0.000
v 276.634 113.212 0.000
v 275.891 113.382 0.000
v 275.230 113.763 0.000
v 274.712 114.322 0.000
v 274.381 115.009 0.000
v 236.167 115.763 0.000
v 236.281 116.516 0.000
v 236.612 117.203 0.000
v 237.130 117.762 0.000
v 237.791 118.143 0.000
v 238.534 118.313 0.000
v 239.294 118.256 0.000
v 240.004 117.978 0.000
v 240.600 117.502 0.000
v 241.029 116.872 0.000
v 241.254 116.144 0.000
v 241.254 115.381 0.000
v 241.029 114.653 0.000
v 240.600 114.023 0.000
v 240.004 113.547 0.000
v 239.294 113.269 0.000
v 238.534 113.212 0.000
v 237.791 113.382 0.000
v 237.130 113.763 0.000
v 236.612 114.322 0.000
v 236.281 115.009 0.000
v 217.117 115.763 0.000
v 217.231 116.516 0.000
v 217.562 117.203 0.000
v 218.080 117.762 0.000
v 218.741 118.143 0.000
v 219.484 118.313 0.000
v 220.244 118.256 0.000
v 220.954 117.978 0.000
v 221.550 117.502 0.000
v 221.979 116.872 0.000
v 222.204 116.144 0.000
v 222.204 115.381 0.000
v 221.979 114.653 0.000
v 221.550 114.023 0.000
v 220.954 113.547 0.000
v 220.244 113.269 0.000
v 219.484 113.212 0.000
v 218.741 113.382 0.000
v 218.080 113.763 0.000
v 217.562 114.322 0.000
v 217.231 115.009 0.000
v 198.067 115.763 0.000
v 198.181 116.516 0.000
v 198.512 117.203 0.000
v 199.030 117.762 0.000
v 199.691 118.143 0.000
v 200.434 118.313 0.000
v 201.194 118.256 0.000
v 201.904 117.978 0.000
v 202.500 117.502 0.000
v 202.929 116.872 0.000
v 203.154 116.144 0.000
v 203.154 115.381 0.000
v 202.929 114.653 0.000
v 202.500 114.023 0.000
v 201.904 113.547 0.000
v 201.194 113.269 0.000
v 200.434 113.212 0.000
v 199.691 113.382 0.000
v 199.030 113.763 0.000
v 198.512 114.322 0.000
v 198.181 115.009 0.000
v 179.017 115.763 0.000
v 179.131 116.516 0.000
v 179.462 117.203 0.000
v 179.980 117.762 0.000
v 180.641 118.143 0.000
v 181.384 118.313 0.000
v 182.144 118.256 0.000
v 182.854 117.978 0.000
v 183.450 117.502 0.000
v 183.879 116.872 0.000
v 184.104 116.144 0.000
v 184.104 115.381 0.000
v 183.879 114.653 0.000
v 183.450 114.023 0.000
v 182.854 113.547 0.000
v 182.144 113.269 0.000
v 181.384 113.212 0.000
v 180.641 113.382 0.000
v 179.980 113.763 0.000
v 179.462 114.322 0.000
v 179.131 115.009 0.000
v 140.917 115.763 0.000
v 141.031 116.516 0.000
v 141.362 117.203 0.000
v 141.880 117.762 0.000
v 142.541 118.143 0.000
v 143.284 118.313 0.000
v 144.044 118.256 0.000
v 144.754 117.978 0.000
v 145.350 117.502 0.000
v 145.779 116.872 0.000
v 146.004 116.144 0.000
v 146.004 115.381 0.000
v 145.779 114.653 0.000
v 145.350 114.023 0.000
v 144.754 113.547 0.000
v 144.044 113.269 0.000
v 143.284 113.212 0.000
v 142.541 113.382 0.000
v 141.880 113.763 0.000
v 141.362 114.322 0.000
v 141.031 115.009 0.000
v 121.867 115.763 0.000
v 121.981 116.516 0.000
v 122.312 117.203 0.000
v 122.830 117.762 0.000
v 123.491 118.143 0.000
v 124.234 118.313 0.000
v 124.994 118.256 0.000
v 125.704 117.978 0.000
v 126.300 117.502 0.000
v 126.729 116.872 0.000
v 126.954 116.144 0.000
v 126.954 115.381 0.000
v 126.729 114.653 0.000
v 126.300 114.023 0.000
v 125.704 113.547 0.000
v 124.994 113.269 0.000
v 124.234 113.212 0.000
v 123.491 113.382 0.000
v 122.830 113.763 0.000
v 122.312 114.322 0.000
v 121.981 115.009 0.000
v 102.817 115.763 0.000
v 102.931 116.516 0.000
v 103.262 117.203 0.000
v 103.780 117.762 0.000
v 104.441 118.143 0.000
v 105.184 118.313 0.000
v 105.944 118.256 0.000
v 106.654 117.978 0.000
v 107.250 117.502 0.000
v 107.679 116.872 0.000
v 107.904 116.144 0.000
v 107.904 115.381 0.000
v 107.679 114.653 0.000
v 107.250 114.023 0.000
v 106.654 113.547 0.000
v 105.944 113.269 0.000
v 105.184 113.212 0.000
v 104.441 113.382 0.000
v 103.780 113.763 0.000
v 103.262 114.322 0.000
v 102.931 115.009 0.000
v 64.717 115.763 0.000
v 64.831 116.516 0.000
v 65.162 117.203 0.000
v 65.680 117.762 0.000
v 66.341 118.143 0.000
v 67.084 118.313 0.000
v 67.844 118.256 0.000
v 68.554 117.978 0.000
v 69.150 117.502 0.000
v 69.579 116.872 0.000
v 69.804 116.144 0.000
v 69.804 115.381 0.000
v 69.579 114.653 0.000
v 69.150 114.023 0.000
v 68.554 113.547 0.000
v 67.844 113.269 0.000
v 67.084 113.212 0.000
v 66.341 113.382 0.000
v 65.680 113.763 0.000
v 65.162 114.322 0.000
v 64.831 115.009 0.000
v 45.667 115.763 0.000
v 45.781 116.516 0.000
v 46.112 117.203 0.000
v 46.630 117.762 0.000
v 47.291 118.143 0.000
v 48.034 118.313 0.000
v 48.794 118.256 0.000
v 49.504 117.978 0.000
v 50.100 117.502 0.000
v 50.529 116.872 0.000
v 50.754 116.144 0.000
v 50.754 115.381 0.000
v 50.529 114.653 0.000
v 50.100 114.023 0.000
v 49.504 113.547 0.000
v 48.794 113.269 0.000
v 48.034 113.212 0.000
v 47.291 113.382 0.000
v 46.630 113.763 0.000
v 46.112 114.322 0.000
v 45.781 115.009 0.000
v 26.617 115.763 0.000
v 26.731 116.516 0.000
v 27.062 117.203 0.000
v 27.580 117.762 0.000
v 28.241 118.143 0.000
v 28.984 118.313 0.000
v 29.744 118.256 0.000
v 30.454 117.978 0.000
v 31.050 117.502 0.000
v 31.479 116.872 0.000
v 31.704 116.144 0.000
v 31.704 115.381 0.000
v 31.479 114.653 0.000
v 31.050 114.023 0.000
v 30.454 113.547 0.000
v 29.744 113.269 0.000
v 28.984 113.212 0.000
v 28.241 113.382 0.000
v 27.580 113.763 0.000
v 27.062 114.322 0.000
v 26.731 115.009 0.000
v 7.567 115.763 0.000
v 7.681 116.516 0.000
v 8.012 117.203 0.000
v 8.530 117.762 0.000
v 9.191 118.143 0.000
v 9.934 118.313 0.000
v 10.694 118.256 0.000
v 11.404 117.978 0.000
v 12.000 117.502 0.000
v 12.429 116.872 0.000
v 12.654 116.144 0.000
v 12.654 115.381 0.000
v 12.429 114.653 0.000
v 12.000 114.023 0.000
v 11.404 113.547 0.000
v 10.694 113.269 0.000
v 9.934 113.212 0.000
v 9.191 113.382 0.000
v 8.530 113.763 0.000
v 8.012 114.322 0.000
v 7.681 115.009 0.000
v 293.317 134.812 0.000
v 293.431 135.566 0.000
v 293.762 136.253 0.000
v 294.280 136.812 0.000
v 294.941 137.193 0.000
v 295.684 137.363 0.000
v 296.444 137.306 0.000
v 297.154 137.028 0.000
v 297.750 136.552 0.000
v 298.179 135.922 0.000
v 298.404 135.194 0.000
v 298.404 134.431 0.000
v 298.179 133.703 0.000
v 297.750 133.073 0.000
v 297.154 132.597 0.000
v 296.444 132.319 0.000
v 295.684 132.262 0.000
v 294.941 132.432 0.000
v 294.280 132.813 0.000
v 293.762 133.372 0.000
v 293.431 134.059 0.000
v 274.267 134.812 0.000
v 274.381 135.566 0.000
v 274.712 136.253 0.000
v 275.230 136.812 0.000
v 275.891 137.193 0.000
v 276.634 137.363 0.000
v 277.394 137.306 0.000
v 278.104 137.028 0.000
v 278.700 136.552 0.000
v 279.129 135.922 0.000
v 279.354 135.194 0.000
v 279.354 134.431 0.000
v 279.129 133.703 0.000
v 278.700 133.073 0.000
v 278.104 132.597 0.000
v 277.394 132.319 0.000
v 276.634 132.262 0.000
v 275.891 132.432 0.000
v 275.230 132.813 0.000
v 274.712 133.372 0.000
v 274.381 134.059 0.000
v 236.167 134.812 0.000
v 236.281 135.566 0.000
v 236.612 136.253 0.000
v 237.130 136.812 0.000
v 237.791 137.193 0.000
v 238.534 137.363 0.000
v 239.294 137.306 0.000
v 240.004 137.028 0.000
v 240.600 136.552 0.000
v 241.029 135.922 0.000
v 241.254 135.194 0.000
v 241.254 134.431 0.000
v 241.029 133.703 0.000
v 240.600 133.073 0.000
v 240.004 132.597 0.000
v 239.294 132.319 0.000
v 238.534 132.262 0.000
v 237.791 132.432 0.000
v 237.130 132.813 0.000
v 236.612 133.372 0.000
v 236.281 134.059 0.000
v 217.117 134.812 0.000
v 217.231 135.566 0.000
v 217.562 136.253 0.000
v 218.080 136.812 0.000
v 218.741 137.193 0.000
v 219.484 137.363 0.000
v 220.244 137.306 0.000
v 220.954 137.028 0.000
v 221.550 136.552 0.000
v 221.979 135.922 0.000
v 222.204 135.194 0.000
v 222.204 134.431 0.000
v 221.979 133.703 0.000
v 221.550 133.073 0.000
v 220.954 132.597 0.000
v 220.244 132.319 0.000
v 219.484 132.262 0.000
v 218.741 132.432 0.000
v 218.080 132.813 0.000
v 217.562 133.372 0.000
v 217.231 134.059 0.000
v 198.067 134.812 0.000
v 198.181 135.566 0.000
v 198.512 136.253 0.000
v 199.030 136.812 0.000
v 199.691 137.193 0.000
v 200.434 137.363 0.000
v 201.194 137.306 0.000
v 201.904 137.028 0.000
v 202.500 136.552 0.000
v 202.929 135.922 0.000
v 203.154 135.194 0.000
v 203.154 134.431 0.000
v 202.929 133.703 0.000
v 202.500 133.073 0.000
v 201.904 132.597 0.000
v 201.194 132.319 0.000
v 200.434 132.262 0.000
v 199.691 132.432 0.000
v 199.030 132.813 0.000
v 198.512 133.372 0.000
v 198.181 134.059 0.000
v 179.017 134.812 0.000
v 179.131 135.566 0.000
v 179.462 136.253 0.000
v 179.980 136.812 0.000
v 180.641 137.193 0.000
v 181.384 137.363 0.000
v 182.144 137.306 0.000
v 182.854 137.028 0.000
v 183.450 136.552 0.000
v 183.879 135.922 0.000
v 184.104 135.194 0.000
v 184.104 134.431 0.000
v 183.879 133.703 0.000
v 183.450 133.073 0.000
v 182.854 132.597 0.000
v 182.144 132.319 0.000
v 181.384 132.262 0.000
v 180.641 132.432 0.000
v 179.980 132.813 0.000
v 179.462 133.372 0.000
v 179.131 134.059 0.000
v 159.967 134.812 0.000
v 160.081 135.566 0.000
v 160.412 136.253 0.000
v 160.930 136.812 0.000
v 161.591 137.193 0.000
v 162.334 137.363 0.000
v 163.094 137.306 0.000
v 163.804 137.028 0.000
v 164.400 136.552 0.000
v 164.829 135.922 0.000
v 165.054 135.194 0.000
v 165.054 134.431 0.000
v 164.829 133.703 0.000
v 164.400 133.073 0.000
v 163.804 132.597 0.000
v 163.094 132.319 0.000
v 162.334 132.262 0.000
v 161.591 132.432 0.000
v 160.930 132.813 0.000
v 160.412 133.372 0.000
v 160.081 134.059 0.000
v 140.917 134.812 0.000
v 141.031 135.566 0.000
v 141.362 136.253 0.000
v 141.880 136.812 0.000
v 142.541 137.193 0.000
v 143.284 137.363 0.000
v 144.044 137.306 0.000
v 144.754 137.028 0.000
v 145.350 136.552 0.000
v 145.779 135.922 0.000
v 146.004 135.194 0.000
v 146.004 134.431 0.000
v 145.779 133.703 0.000
v 145.350 133.073 0.000
v 144.754 132.597 0.000
v 144.044 132.319 0.000
v 143.284 132.262 0.000
v 142.541 132.432 0.000
v 141.880 132.813 0.000
v 141.362 133.372 0.000
v 141.031 134.059 0.000
v 121.867 134.812 0.000
v 121.981 135.566 0.000
v 122.312 136.253 0.000
v 122.830 136.812 0.000
v 123.491 137.193 0.000
v 124.234 137.363 0.000
v 124.994 137.306 0.000
v 125.704 137.028 0.000
v 126.300 136.552 0.000
v 126.729 135.922 0.000
v 126.954 135.194 0.000
v 126.954 134.431 0.000
v 126.729 133.703 0.000
v 126.300 133.073 0.000
v 125.704 132.597 0.000
v 124.994 132.319 0.000
v 124.234 132.262 0.000
v 123.491 132.432 0.000
v 122.830 132.813 0.000
v 122.312 133.372 0.000
v 121.981 134.059 0.000
v 102.817 134.812 0.000
v 102.931 135.566 0.000
v 103.262 136.253 0.000
v 103.780 136.812 0.000
v 104.441 137.193 0.000
v 105.184 137.363 0.000
v 105.944 137.306 0.000
v 106.654 137.028 0.000
v 107.250 136.552 0.000
v 107.679 135.922 0.000
v 107.904 135.194 0.000
v 107.904 134.431 0.000
v 107.679 133.703 0.000
v 107.250 133.073 0.000
v 106.654 132.597 0.000
v 105.944 132.319 0.000
v 105.184 132.262 0.000
v 104.441 132.432 0.000
v 103.780 132.813 0.000
v 103.262 133.372 0.000
v 102.931 134.059 0.000
v 83.767 134.812 0.000
v 83.881 135.566 0.000
v 84.212 136.253 0.000
v 84.730 136.812 0.000
v 85.391 137.193 0.000
v 86.134 137.363 0.000
v 86.894 137.306 0.000
v 87.604 137.028 0.000
v 88.200 136.552 0.000
v 88.629 135.922 0.000
v 88.854 135.194 0.000
v 88.854 134.431 0.000
v 88.629 133.703 0.000
v 88.200 133.073 0.000
v 87.604 132.597 0.000
v 86.894 132.319 0.000
v 86.134 132.262 0.000
v 85.391 132.432 0.000
v 84.730 132.813 0.000
v 84.212 133.372 0.000
v 83.881 134.059 0.000
v 64.717 134.812 0.000
v 64.831 135.566 0.000
v 65.162 136.253 0.000
v 65.680 136.812 0.000
v 66.341 137.193 0.000
v 67.084 137.363 0.000
v 67.844 137.306 0.000
v 68.554 137.028 0.000
v 69.150 136.552 0.000
v 69.579 135.922 0.000
v 69.804 135.194 0.000
v 69.804 134.431 0.000
v 69.579 133.703 0.000
v 69.150 133.073 0.000
v 68.554 132.597 0.000
v 67.844 132.319 0.000
v 67.084 132.262 0.000
v 66.341 132.432 0.000
v 65.680 132.813 0.000
v 65.162 133.372 0.000
v 64.831 134.059 0.000
v 45.667 134.812 0.000
v 45.781 135.566 0.000
v 46.112 136.253 0.000
v 46.630 136.812 0.000
v 47.291 137.193 0.000
v 48.034 137.363 0.000
v 48.794 137.306 0.000
v 49.504 137.028 0.000
v 50.100 136.552 0.000
v 50.529 135.922 0.000
v 50.754 135.194 0.000
v 50.754 134.431 0.000
v 50.529 133.703 0.000
v 50.100 133.073 0.000
v 49.504 132.597 0.000
v 48.794 132.319 0.000
v 48.034 132.262 0.000
v 47.291 132.432 0.000
v 46.630 132.813 0.000
v 46.112 133.372 0.000
v 45.781 134.059 0.000
v 26.617 134.812 0.000
v 26.731 135.566 0.000
v 27.062 136.253 0.000
v 27.580 136.812 0.000
v 28.241 137.193 0.000
v 28.984 137.363 0.000
v 29.744 137.306 0.000
v 30.454 137.028 0.000
v 31.050 136.552 0.000
v 31.479 135.922 0.000
v 31.704 135.194 0.000
v 31.704 134.431 0.000
v 31.479 133.703 0.000
v 31.050 133.073 0.000
v 30.454 132.597 0.000
v 29.744 132.319 0.000
v 28.984 132.262 0.000
v 28.241 132.432 0.000
v 27.580 132.813 0.000
v 27.062 133.372 0.000
v 26.731 134.059 0.000
v 7.567 134.812 0.000
v 7.681 135.566 0.000
v 8.012 136.253 0.000
v 8.530 136.812 0.000
v 9.191 137.193 0.000
v 9.934 137.363 0.000
v 10.694 137.306 0.000
v 11.404 137.028 0.000
v 12.000 136.552 0.000
v 12.429 135.922 0.000
v 12.654 135.194 0.000
v 12.654 134.431 0.000
v 12.429 133.703 0.000
v 12.000 133.073 0.000
v 11.404 132.597 0.000
v 10.694 132.319 0.000
v 9.934 132.262 0.000
v 9.191 132.432 0.000
v 8.530 132.813 0.000
v 8.012 133.372 0.000
v 7.681 134.059 0.000
v 293.317 153.862 0.000
v 293.431 154.616 0.000
v 293.762 155.303 0.000
v 294.280 155.862 0.000
v 294.941 156.243 0.000
v 295.684 156.413 0.000
v 296.444 156.356 0.000
v 297.154 156.078 0.000
v 297.750 155.602 0.000
v 298.179 154.972 0.000
v 298.404 154.244 0.000
v 298.404 153.481 0.000
v 298.179 152.753 0.000
v 297.750 152.123 0.000
v 297.154 151.647 0.000
v 296.444 151.369 0.000
v 295.684 151.312 0.000
v 294.941 151.482 0.000
v 294.280 151.863 0.000
v 293.762 152.422 0.000
v 293.431 153.109 0.000
v 274.267 153.862 0.000
v 274.381 154.616 0.000
v 274.712 155.303 0.000
v 275.230 155.862 0.000
v 275.891 156.243 0.000
v 276.634 156.413 0.000
v 277.394 156.356 0.000
v 278.104 156.078 0.000
v 278.700 155.602 0.000
v 279.129 154.972 0.000
v 279.354 154.244 0.000
v 279.354 153.481 0.000
v 279.129 152.753 0.000
v 278.700 152.123 0.000
v 278.104 151.647 0.000
v 277.394 151.369 0.000
v 276.634 151.312 0.000
v 275.891 151.482 0.000
v 275.230 151.863 0.000
v 274.712 152.422 0.000
v 274.381 153.109 0.000
v 255.217 153.862 0.000
v 255.331 154.616 0.000
v 255.662 155.303 0.000
v 256.180 155.862 0.000
v 256.841 156.243 0.000
v 257.584 156.413 0.000
v 258.344 156.356 0.000
v 259.054 156.078 0.000
v 259.650 155.602 0.000
v 260.079 154.972 0.000
v 260.304 154.244 0.000
v 260.304 153.481 0.000
v 260.079 152.753 0.000
v 259.650 152.123 0.000
v 259.054 151.647 0.000
v 258.344 151.369 0.000
v 257.584 151.312 0.000
v 256.841 151.482 0.000
v 256.180 151.863 0.000
v 255.662 152.422 0.000
v 255.331 153.109 0.000
v 236.167 153.862 0.000
v 236.281 154.616 0.000
v 236.612 155.303 0.000
v 237.130 155.862 0.000
v 237.791 156.243 0.000
v 238.534 156.413 0.000
v 239.294 156.356 0.000
v 240.004 156.078 0.000
v 240.600 155.602 0.000
v 241.029 154.972 0.000
v 241.254 154.244 0.000
v 241.254 153.481 0.000
v 241.029 152.753 0.000
v 240.600 152.123 0.000
v 240.004 151.647 0.000
v 239.294 151.369 0.000
v 238.534 151.312 0.000
v 237.791 151.482 0.000
v 237.130 151.863 0.000
v 236.612 152.422 0.000
v 236.281 153.109 0.000
v 217.117 153.862 0.000
v 217.231 154.616 0.000
v 217.562 155.303 0.000
v 218.080 155.862 0.000
v 218.741 156.243 0.000
v 219.484 156.413 0.000
v 220.244 156.356 0.000
v 220.954 156.078 0.000
v 221.550 155.602 0.000
v 221.979 154.972 0.000
v 222.204 154.244 0.000
v 222.204 153.481 0.000
v 221.979 152.753 0.000
v 221.550 152.123 0.000
v 220.954 151.647 0.000
v 220.244 151.369 0.000
v 219.484 151.312 0.000
v 218.741 151.482 0.000
v 218.080 151.863 0.000
v 217.562 152.422 0.000
v 217.231 153.109 0.000
v 198.067 153.862 0.000
v 198.181 154.616 0.000
v 198.512 155.303 0.000
v 199.030 155.862 0.000
v 199.691 156.243 0.000
v 200.434 156.413 0.000
v 201.194 156.356 0.000
v 201.904 156.078 0.000
v 202.500 155.602 0.000
v 202.929 154.972 0.000
v 203.154 154.244 0.000
v 203.154 153.481 0.000
v 202.929 152.753 0.000
v 202.500 152.123 0.000
v 201.904 151.647 0.000
v 201.194 151.369 0.000
v 200.434 151.312 0.000
v 199.691 151.482 0.000
v 199.030 151.863 0.000
v 198.512 152.422 0.000
v 198.181 153.109 0.000
v 179.017 153.862 0.000
v 179.131 154.616 0.000
v 179.462 155.303 0.000
v 179.980 155.862 0.000
v 180.641 156.243 0.000
v 181.384 156.413 0.000
v 182.144 156.356 0.000
v 182.854 156.078 0.000
v 183.450 155.602 0.000
v 183.879 154.972 0.000
v 184.104 154.244 0.000
v 184.104 153.481 0.000
v 183.879 152.753 0.000
v 183.450 152.123 0.000
v 182.854 151.647 0.000
v 182.144 151.369 0.000
v 181.384 151.312 0.000
v 180.641 151.482 0.000
v 179.980 151.863 0.000
v 179.462 152.422 0.000
v 179.131 153.109 0.000
v 159.967 153.862 0.000
v 160.081 154.616 0.000
v 160.412 155.303 0.000
v 160.930 155.862 0.000
v 161.591 156.243 0.000
v 162.334 156.413 0.000
v 163.094 156.356 0.000
v 163.804 156.078 0.000
v 164.400 155.602 0.000
v 164.829 154.972 0.000
v 165.054 154.244 0.000
v 165.054 153.481 0.000
v 164.829 152.753 0.000
v 164.400 152.123 0.000
v 163.804 151.647 0.000
v 163.094 151.369 0.000
v 162.334 151.312 0.000
v 161.591 151.482 0.000
v 160.930 151.863 0.000
v 160.412 152.422 0.000
v 160.081 153.109 0.000
v 140.917 153.862 0.000
v 141.031 154.616 0.000
v 141.362 155.303 0.000
v 141.880 155.862 0.000
v 142.541 156.243 0.000
v 143.284 156.413 0.000
v 144.044 156.356 0.000
v 144.754 156.078 0.000
v 145.350 155.602 0.000
v 145.779 154.972 0.000
v 146.004 154.244 0.000
v 146.004 153.481 0.000
v 145.779 152.753 0.000
v 145.350 152.123 0.000
v 144.754 151.647 0.000
v 144.044 151.369 0.000
v 143.284 151.312 0.000
v 142.541 151.482 0.000
v 141.880 151.863 0.000
v 141.362 152.422 0.000
v 141.031 153.109 0.000
v 121.867 153.862 0.000
v 121.981 154.616 0.000
v 122.312 155.303 0.000
v 122.830 155.862 0.000
v 123.491 156.243 0.000
v 124.234 156.413 0.000
v 124.994 156.356 0.000
v 125.704 156.078 0.000
v 126.300 155.602 0.000
v 126.729 154.972 0.000
v 126.954 154.244 0.000
v 126.954 153.481 0.000
v 126.729 152.753 0.000
v 126.300 152.123 0.000
v 125.704 151.647 0.000
v 124.994 151.369 0.000
v 124.234 151.312 0.000
v 123.491 151.482 0.000
v 122.830 151.863 0.000
v 122.312 152.422 0.000
v 121.981 153.109 0.000
v 102.817 153.862 0.000
v 102.931 154.616 0.000
v 103.262 155.303 0.000
v 103.780 155.862 0.000
v 104.441 156.243 0.000
v 105.184 156.413 0.000
v 105.944 156.356 0.000
v 106.654 156.078 0.000
v 107.250 155.602 0.000
v 107.679 154.972 0.000
v 107.904 154.244 0.000
v 107.904 153.481 0.000
v 107.679 152.753 0.000
v 107.250 152.123 0.000
v 106.654 151.647 0.000
v 105.944 151.369 0.000
v 105.184 151.312 0.000
v 104.441 151.482 0.000
v 103.780 151.863 0.000
v 103.262 152.422 0.000
v 102.931 153.109 0.000
v 83.767 153.862 0.000
v 83.881 154.616 0.000
v 84.212 155.303 0.000
v 84.730 155.862 0.000
v 85.391 156.243 0.000
v 86.134 156.413 0.000
v 86.894 156.356 0.000
v 87.604 156.078 0.000
v 88.200 155.602 0.000
v 88.629 154.972 0.000
v 88.854 154.244 0.000
v 88.854 153.481 0.000
v 88.629 152.753 0.000
v 88.200 152.123 0.000
v 87.604 151.647 0.000
v 86.894 151.369 0.000
v 86.134 151.312 0.000
v 85.391 151.482 0.000
v 84.730 151.863 0.000
v 84.212 152.422 0.000
v 83.881 153.109 0.000
v 64.717 153.862 0.000
v 64.831 154.616 0.000
v 65.162 155.303 0.000
v 65.680 155.862 0.000
v 66.341 156.243 0.000
v 67.084 156.413 0.000
v 67.844 156.356 0.000
v 68.554 156.078 0.000
v 69.150 155.602 0.000
v 69.579 154.972 0.000
v 69.804 154.244 0.000
v 69.804 153.481 0.000
v 69.579 152.753 0.000
v 69.150 152.123 0.000
v 68.554 151.647 0.000
v 67.844 151.369 0.000
v 67.084 151.312 0.000
v 66.341 151.482 0.000
v 65.680 151.863 0.000
v 65.162 152.422 0.000
v 64.831 153.109 0.000
v 45.667 153.862 0.000
v 45.781 154.616 0.000
v 46.112 155.303 0.000
v 46.630 155.862 0.000
v 47.291 156.243 0.000
v 48.034 156.413 0.000
v 48.794 156.356 0.000
v 49.504 156.078 0.000
v 50.100 155.602 0.000
v 50.529 154.972 0.000
v 50.754 154.244 0.000
v 50.754 153.481 0.000
v 50.529 152.753 0.000
v 50.100 152.123 0.000
v 49.504 151.647 0.000
v 48.794 151.369 0.000
v 48.034 151.312 0.000
v 47.291 151.482 0.000
v 46.630 151.863 0.000
v 46.112 152.422 0.000
v 45.781 153.109 0.000
v 26.617 153.862 0.000
v 26.731 154.616 0.000
v 27.062 155.303 0.000
v 27.580 155.862 0.000
v 28.241 156.243 0.000
v 28.984 156.413 0.000
v 29.744 156.356 0.000
v 30.454 156.078 0.000
v 31.050 155.602 0.000
v 31.479 154.972 0.000
v 31.704 154.244 0.000
v 31.704 153.481 0.000
v 31.479 152.753 0.000
v 31.050 152.123 0.000
v 30.454 151.647 0.000
v 29.744 151.369 0.000
v 28.984 151.312 0.000
v 28.241 151.482 0.000
v 27.580 151.863 0.000
v 27.062 152.422 0.000
v 26.731 153.109 0.000
v 7.567 153.862 0.000
v 7.681 154.616 0.000
v 8.012 155.303 0.000
v 8.530 155.862 0.000
v 9.191 156.243 0.000
v 9.934 156.413 0.000
v 10.694 156.356 0.000
v 11.404 156.078 0.000
v 12.000 155.602 0.000
v 12.429 154.972 0.000
v 12.654 154.244 0.000
v 12.654 153.481 0.000
v 12.429 152.753 0.000
v 12.000 152.123 0.000
v 11.404 151.647 0.000
v 10.694 151.369 0.000
v 9.934 151.312 0.000
v 9.191 151.482 0.000
v 8.530 151.863 0.000
v 8.012 152.422 0.000
v 7.681 153.109 0.000
v 293.317 172.912 0.000
v 293.431 173.666 0.000
v 293.762 174.353 0.000
v 294.280 174.912 0.000
v 294.941 175.293 0.000
v 295.684 175.463 0.000
v 296.444 175.406 0.000
v 297.154 175.128 0.000
v 297.750 174.652 0.000
v 298.179 174.022 0.000
v 298.404 173.294 0.000
v 298.404 172.531 0.000
v 298.179 171.803 0.000
v 297.750 171.173 0.000
v 297.154 170.697 0.000
v 296.444 170.419 0.000
v 295.684 170.362 0.000
v 294.941 170.532 0.000
v 294.280 170.913 0.000
v 293.762 171.472 0.000
v 293.431 172.159 0.000
v 274.267 172.912 0.000
v 274.381 173.666 0.000
v 274.712 174.353 0.000
v 275.230 174.912 0.000
v 275.891 175.293 0.000
v 276.634 175.463 0.000
v 277.394 175.406 0.000
v 278.104 175.128 0.000
v 278.700 174.652 0.000
v 279.129 174.022 0.000
v 279.354 173.294 0.000
v 279.354 172.531 0.000
v 279.129 171.803 0.000
v 278.700 171.173 0.000
v 278.104 170.697 0.000
v 277.394 170.419 0.000
v 276.634 170.362 0.000
v 275.891 170.532 0.000
v 275.230 170.913 0.000
v 274.712 171.472 0.000
v 274.381 172.159 0.000
v 255.217 172.912 0.000
v 255.331 173.666 0.000
v 255.662 174.353 0.000
v 256.180 174.912 0.000
v 256.841 175.293 0.000
v 257.584 175.463 0.000
v 258.344 175.406 0.000
v 259.054 175.128 0.000
v 259.650 174.652 0.000
v 260.079 174.022 0.000
v 260.304 173.294 0.000
v 260.304 172.531 0.000
v 260.079 171.803 0.000
v 259.650 171.173 0.000
v 259.054 170.697 0.000
v 258.344 170.419 0.000
v 257.584 170.362 0.000
v 256.841 170.532 0.000
v 256.180 170.913 0.000
v 255.662 171.472 0.000
v 255.331 172.159 0.000
v 236.167 172.912 0.000
v 236.281 173.666 0.000
v 236.612 174.353 0.000
v 237.130 174.912 0.000
v 237.791 175.293 0.000
v 238.534 175.463 0.000
v 239.294 175.406 0.000
v 240.004 175.128 0.000
v 240.600 174.652 0.000
v 241.029 174.022 0.000
v 241.254 173.294 0.000
v 241.254 172.531 0.000
v 241.029 171.803 0.000
v 240.600 171.173 0.000
v 240.004 170.697 0.000
v 239.294 170.419 0.000
v 238.534 170.362 0.000
v 237.791 170.532 0.000
v 237.130 170.913 0.000
v 236.612 171.472 0.000
v 236.281 172.159 0.000
v 217.117 172.912 0.000
v 217.231 173.666 0.000
v 217.562 174.353 0.000
v 218.080 174.912 0.000
v 218.741 175.293 0.000
v 219.484 175.463 0.000
v 220.244 175.406 0.000
v 220.954 175.128 0.000
v 221.550 174.652 0.000
v 221.979 174.022 0.000
v 222.204 173.294 0.000
v 222.204 172.531 0.000
v 221.979 171.803 0.000
v 221.550 171.173 0.000
v 220.954 170.697 0.000
v 220.244 170.419 0.000
v 219.484 170.362 0.000
v 218.741 170.532 0.000
v 218.080 170.913 0.000
v 217.562 171.472 0.000
v 217.231 172.159 0.000
v 198.067 172.912 0.000
v 198.181 173.666 0.000
v 198.512 174.353 0.000
v 199.030 174.912 0.000
v 199.691 175.293 0.000
v 200.434 175.463 0.000
v 201.194 175.406 0.000
v 201.904 175.128 0.000
v 202.500 174.652 0.000
v 202.929 174.022 0.000
v 203.154 173.294 0.000
v 203.154 172.531 0.000
v 202.929 171.803 0.000
v 202.500 171.173 0.000
v 201.904 170.697 0.000
v 201.194 170.419 0.000
v 200.434 170.362 0.000
v 199.691 170.532 0.000
v 199.030 170.913 0.000
v 198.512 171.472 0.000
v 198.181 172.159 0.000
v 179.017 172.912 0.000
v 179.131 173.666 0.000
v 179.462 174.353 0.000
v 179.980 174.912 0.000
v 180.641 175.293 0.000
v 181.384 175.463 0.000
v 182.144 175.406 0.000
v 182.854 175.128 0.000
v 183.450 174.652 0.000
v 183.879 174.022 0.000
v 184.104 173.294 0.000
v 184.104 172.531 0.000
v 183.879 171.803 0.000
v 183.450 171.173 0.000
v 182.854 170.697 0.000
v 182.144 170.419 0.000
v 181.384 170.362 0.000
v 180.641 170.532 0.000
v 179.980 170.913 0.000
v 179.462 171.472 0.000
v 179.131 172.159 0.000
v 159.967 172.912 0.000
v 160.081 173.666 0.000
v 160.412 174.353 0.000
v 160.930 174.912 0.000
v 161.591 175.293 0.000
v 162.334 175.463 0.000
v 163.094 175.406 0.000
v 163.804 175.128 0.000
v 164.400 174.652 0.000
v 164.829 174.022 0.000
v 165.054 173.294 0.000
v 165.054 172.531 0.000
v 164.829 171.803 0.000
v 164.400 171.173 0.000
v 163.804 170.697 0.000
v 163.094 170.419 0.000
v 162.334 170.362 0.000
v 161.591 170.532 0.000
v 160.930 170.913 0.000
v 160.412 171.472 0.000
v 160.081 172.159 0.000
v 140.917 172.912 0.000
v 141.031 173.666 0.000
v 141.362 174.353 0.000
v 141.880 174.912 0.000
v 142.541 175.293 0.000
v 143.284 175.463 0.000
v 144.044 175.406 0.000
v 144.754 175.128 0.000
v 145.350 174.652 0.000
v 145.779 174.022 0.000
v 146.004 173.294 0.000
v 146.004 172.531 0.000
v 145.779 171.803 0.000
v 145.350 171.173 0.000
v 144.754 170.697 0.000
v 144.044 170.419 0.000
v 143.284 170.362 0.000
v 142.541 170.532 0.000
v 141.880 170.913 0.000
v 141.362 171.472 0.000
v 141.031 172.159 0.000
v 121.867 172.912 0.000
v 121.981 173.666 0.000
v 122.312 174.353 0.000
v 122.830 174.912 0.000
v 123.491 175.293 0.000
v 124.234 175.463 0.000
v 124.994 175.406 0.000
v 125.704 175.128 0.000
v 126.300 174.652 0.000
v 126.729 174.022 0.000
v 126.954 173.294 0.000
v 126.954 172.531 0.000
v 126.729 171.803 0.000
v 126.300 171.173 0.000
v 125.704 170.697 0.000
v 124.994 170.419 0.000
v 124.234 170.362 0.000
v 123.491 170.532 0.000
v 122.830 170.913 0.000
v 122.312 171.472 0.000
v 121.981 172.159 0.000
v 102.817 172.912 0.000
v 102.931 173.666 0.000
v 103.262 174.353 0.000
v 103.780 174.912 0.000
v 104.441 175.293 0.000
v 105.184 175.463 0.000
v 105.944 175.406 0.000
v 106.654 175.128 0.000
v 107.250 174.652 0.000
v 107.679 174.022 0.000
v 107.904 173.294 0.000
v 107.904 172.531 0.000
v 107.679 171.803 0.000
v 107.250 171.173 0.000
v 106.654 170.697 0.000
v 105.944 170.419 0.000
v 105.184 170.362 0.000
v 104.441 170.532 0.000
v 103.780 170.913 0.000
v 103.262 171.472 0.000
v 102.931 172.159 0.000
v 83.767 172.912 0.000
v 83.881 173.666 0.000
v 84.212 174.353 0.000
v 84.730 174.912 0.000
v 85.391 175.293 0.000
v 86.134 175.463 0.000
v 86.894 175.406 0.000
v 87.604 175.128 0.000
v 88.200 174.652 0.000
v 88.629 174.022 0.000
v 88.854 173.294 0.000
v 88.854 172.531 0.000
v 88.629 171.803 0.000
v 88.200 171.173 0.000
v 87.604 170.697 0.000
v 86.894 170.419 0.000
v 86.134 170.362 0.000
v 85.391 170.532 0.000
v 84.730 170.913 0.000
v 84.212 171.472 0.000
v 83.881 172.159 0.000
v 64.717 172.912 0.000
v 64.831 173.666 0.000
v 65.162 174.353 0.000
v 65.680 174.912 0.000
v 66.341 175.293 0.000
v 67.084 175.463 0.000
v 67.844 175.406 0.000
v 68.554 175.128 0.000
v 69.150 174.652 0.000
v 69.579 174.022 0.000
v 69.804 173.294 0.000
v 69.804 172.531 0.000
v 69.579 171.803 0.000
v 69.150 171.173 0.000
v 68.554 170.697 0.000
v 67.844 170.419 0.000
v 67.084 170.362 0.000
v 66.341 170.532 0.000
v 65.680 170.913 0.000
v 65.162 171.472 0.000
v 64.831 172.159 0.000
v 45.667 172.912 0.000
v 45.781 173.666 0.000
v 46.112 174.353 0.000
v 46.630 174.912 0.000
v 47.291 175.293 0.000
v 48.034 175.463 0.000
v 48.794 175.406 0.000
v 49.504 175.128 0.000
v 50.100 174.652 0.000
v 50.529 174.022 0.000
v 50.754 173.294 0.000
v 50.754 172.531 0.000
v 50.529 171.803 0.000
v 50.100 171.173 0.000
v 49.504 170.697 0.000
v 48.794 170.419 0.000
v 48.034 170.362 0.000
v 47.291 170.532 0.000
v 46.630 170.913 0.000
v 46.112 171.472 0.000
v 45.781 172.159 0.000
v 26.617 172.912 0.000
v 26.731 173.666 0.000
v 27.062 174.353 0.000
v 27.580 174.912 0.000
v 28.241 175.293 0.000
v 28.984 175.463 0.000
v 29.744 175.406 0.000
v 30.454 175.128 0.000
v 31.050 174.652 0.000
v 31.479 174.022 0.000
v 31.704 173.294 0.000
v 31.704 172.531 0.000
v 31.479 171.803 0.000
v 31.050 171.173 0.000
v 30.454 170.697 0.000
v 29.744 170.419 0.000
v 28.984 170.362 0.000
v 28.241 170.532 0.000
v 27.580 170.913 0.000
v 27.062 171.472 0.000
v 26.731 172.159 0.000
v 7.567 172.912 0.000
v 7.681 173.666 0.000
v 8.012 174.353 0.000
v 8.530 174.912 0.000
v 9.191 175.293 0.000
v 9.934 175.463 0.000
v 10.694 175.406 0.000
v 11.404 175.128 0.000
v 12.000 174.652 0.000
v 12.429 174.022 0.000
v 12.654 173.294 0.000
v 12.654 172.531 0.000
v 12.429 171.803 0.000
v 12.000 171.173 0.000
v 11.404 170.697 0.000
v 10.694 170.419 0.000
v 9.934 170.362 0.000
v 9.191 170.532 0.000
v 8.530 170.913 0.000
v 8.012 171.472 0.000
v 7.681 172.159 0.000
v 293.317 191.963 0.000
v 293.431 192.716 0.000
v 293.762 193.403 0.000
v 294.280 193.962 0.000
v 294.941 194.343 0.000
v 295.684 194.513 0.000
v 296.444 194.456 0.000
v 297.154 194.178 0.000
v 297.750 193.702 0.000
v 298.179 193.072 0.000
v 298.404 192.344 0.000
v 298.404 191.581 0.000
v 298.179 190.853 0.000
v 297.750 190.223 0.000
v 297.154 189.747 0.000
v 296.444 189.469 0.000
v 295.684 189.412 0.000
v 294.941 189.582 0.000
v 294.280 189.963 0.000
v 293.762 190.522 0.000
v 293.431 191.209 0.000
v 274.267 191.963 0.000
v 274.381 192.716 0.000
v 274.712 193.403 0.000
v 275.230 193.962 0.000
v 275.891 194.343 0.000
v 276.634 194.513 0.000
v 277.394 194.456 0.000
v 278.104 194.178 0.000
v 278.700 193.702 0.000
v 279.129 193.072 0.000
v 279.354 192.344 0.000
v 279.354 191.581 0.000
v 279.129 190.853 0.000
v 278.700 190.223 0.000
v 278.104 189.747 0.000
v 277.394 189.469 0.000
v 276.634 189.412 0.000
v 275.891 189.582 0.000
v 275.230 189.963 0.000
v 274.712 190.522 0.000
v 274.381 191.209 0.000
v 255.217 191.963 0.000
v 255.331 192.716 0.000
v 255.662 193.403 0.000
v 256.180 193.962 0.000
v 256.841 194.343 0.000
v 257.584 194.513 0.000
v 258.344 194.456 0.000
v 259.054 194.178 0.000
v 259.650 193.702 0.000
v 260.079 193.072 0.000
v 260.304 192.344 0.000
v 260.304 191.581 0.000
v 260.079 190.853 0.000
v 259.650 190.223 0.000
v 259.054 189.747 0.000
v 258.344 189.469 0.000
v 257.584 189.412 0.000
v 256.841 189.582 0.000
v 256.180 189.963 0.000
v 255.662 190.522 0.000
v 255.331 191.209 0.000
v 236.167 191.963 0.000
v 236.281 192.716 0.000
v 236.612 193.403 0.000
v 237.130 193.962 0.000
v 237.791 194.343 0.000
v 238.534 194.513 0.000
v 239.294 194.456 0.000
v 240.004 194.178 0.000
v 240.600 193.702 0.000
v 241.029 193.072 0.000
v 241.254 192.344 0.000
v 241.254 191.581 0.000
v 241.029 190.853 0.000
v 240.600 190.223 0.000
v 240.004 189.747 0.000
v 239.294 189.469 0.000
v 238.534 189.412 0.000
v 237.791 189.582 0.000
v 237.130 189.963 0.000
v 236.612 190.522 0.000
v 236.281 191.209 0.000
v 217.117 191.963 0.000
v 217.231 192.716 0.000
v 217.562 193.403 0.000
v 218.080 193.962 0.000
v 218.741 194.343 0.000
v 219.484 194.513 0.000
v 220.244 194.456 0.000
v 220.954 194.178 0.000
v 221.550 193.702 0.000
v 221.979 193.072 0.000
v 222.204 192.344 0.000
v 222.204 191.581 0.000
v 221.979 190.853 0.000
v 221.550 190.223 0.000
v 220.954 189.747 0.000
v 220.244 189.469 0.000
v 219.484 189.412 0.000
v 218.741 189.582 0.000
v 218.080 189.963 0.000
v 217.562 190.522 0.000
v 217.231 191.209 0.000
v 198.067 191.963 0.000
v 198.181 192.716 0.000
v 198.512 193.403 0.000
v 199.030 193.962 0.000
v 199.691 194.343 0.000
v 200.434 194.513 0.000
v 201.194 194.456 0.000
v 201.904 194.178 0.000
v 202.500 193.702 0.000
v 202.929 193.072 0.000
v 203.154 192.344 0.000
v 203.154 191.581 0.000
v 202.929 190.853 0.000
v 202.500 190.223 0.000
v 201.904 189.747 0.000
v 201.194 189.469 0.000
v 200.434 189.412 0.000
v 199.691 189.582 0.000
v 199.030 189.963 0.000
v 198.512 190.522 0.000
v 198.181 191.209 0.000
v 179.017 191.963 0.000
v 179.131 192.716 0.000
v 179.462 193.403 0.000
v 179.980 193.962 0.000
v 180.641 194.343 0.000
v 181.384 194.513 0.000
v 182.144 194.456 0.000
v 182.854 194.178 0.000
v 183.450 193.702 0.000
v 183.879 193.072 0.000
v 184.104 192.344 0.000
v 184.104 191.581 0.000
v 183.879 190.853 0.000
v 183.450 190.223 0.000
v 182.854 189.747 0.000
v 182.144 189.469 0.000
v 181.384 189.412 0.000
v 180.641 189.582 0.000
v 179.980 189.963 0.000
v 179.462 190.522 0.000
v 179.131 191.209 0.000
v 159.967 191.963 0.000
v 160.081 192.716 0.000
v 160.412 193.403 0.000
v 160.930 193.962 0.000
v 161.591 194.343 0.000
v 162.334 194.513 0.000
v 163.094 194.456 0.000
v 163.804 194.178 0.000
v 164.400 193.702 0.000
v 164.829 193.072 0.000
v 165.054 192.344 0.000
v 165.054 191.581 0.000
v 164.829 190.853 0.000
v 164.400 190.223 0.000
v 163.804 189.747 0.000
v 163.094 189.469 0.000
v 162.334 189.412 0.000
v 161.591 189.582 0.000
v 160.930 189.963 0.000
v 160.412 190.522 0.000
v 160.081 191.209 0.000
v 121.867 191.963 0.000
v 121.981 192.716 0.000
v 122.312 193.403 0.000
v 122.830 193.962 0.000
v 123.491 194.343 0.000
v 124.234 194.513 0.000
v 124.994 194.456 0.000
v 125.704 194.178 0.000
v 126.300 193.702 0.000
v 126.729 193.072 0.000
v 126.954 192.344 0.000
v 126.954 191.581 0.000
v 126.729 190.853 0.000
v 126.300 190.223 0.000
v 125.704 189.747 0.000
v 124.994 189.469 0.000
v 124.234 189.412 0.000
v 123.491 189.582 0.000
v 122.830 189.963 0.000
v 122.312 190.522 0.000
v 121.981 191.209 0.000
v 102.817 191.963 0.000
v 102.931 192.716 0.000
v 103.262 193.403 0.000
v 103.780 193.962 0.000
v 104.441 194.343 0.000
v 105.184 194.513 0.000
v 105.944 194.456 0.000
v 106.654 194.178 0.000
v 107.250 193.702 0.000
v 107.679 193.072 0.000
v 107.904 192.344 0.000
v 107.904 191.581 0.000
v 107.679 190.853 0.000
v 107.250 190.223 0.000
v 106.654 189.747 0.000
v 105.944 189.469 0.000
v 105.184 189.412 0.000
v 104.441 189.582 0.000
v 103.780 189.963 0.000
v 103.262 190.522 0.000
v 102.931 191.209 0.000
v 83.767 191.963 0.000
v 83.881 192.716 0.000
v 84.212 193.403 0.000
v 84.730 193.962 0.000
v 85.391 194.343 0.000
v 86.134 194.513 0.000
v 86.894 194.456 0.000
v 87.604 194.178 0.000
v 88.200 193.702 0.000
v 88.629 193.072 0.000
v 88.854 192.344 0.000
v 88.854 191.581 0.000
v 88.629 190.853 0.000
v 88.200 190.223 0.000
v 87.604 189.747 0.000
v 86.894 189.469 0.000
v 86.134 189.412 0.000
v 85.391 189.582 0.000
v 84.730 189.963 0.000
v 84.212 190.522 0.000
v 83.881 191.209 0.000
v 64.717 191.963 0.000
v 64.831 192.716 0.000
v 65.162 193.403 0.000
v 65.680 193.962 0.000
v 66.341 194.343 0.000
v 67.084 194.513 0.000
v 67.844 194.456 0.000
v 68.554 194.178 0.000
v 69.150 193.702 0.000
v 69.579 193.072 0.000
v 69.804 192.344 0.000
v 69.804 191.581 0.000
v 69.579 190.853 0.000
v 69.150 190.223 0.000
v 68.554 189.747 0.000
v 67.844 189.469 0.000
v 67.084 189.412 0.000
v 66.341 189.582 0.000
v 65.680 189.963 0.000
v 65.162 190.522 0.000
v 64.831 191.209 0.000
v 45.667 191.963 0.000
v 45.781 192.716 0.000
v 46.112 193.403 0.000
v 46.630 193.962 0.000
v 47.291 194.343 0.000
v 48.034 194.513 0.000
v 48.794 194.456 0.000
v 49.504 194.178 0.000
v 50.100 193.702 0.000
v 50.529 193.072 0.000
v 50.754 192.344 0.000
v 50.754 191.581 0.000
v 50.529 190.853 0.000
v 50.100 190.223 0.000
v 49.504 189.747 0.000
v 48.794 189.469 0.000
v 48.034 189.412 0.000
v 47.291 189.582 0.000
v 46.630 189.963 0.000
v 46.112 190.522 0.000
v 45.781 191.209 0.000
v 26.617 191.963 0.000
v 26.731 192.716 0.000
v 27.062 193.403 0.000
v 27.580 193.962 0.000
v 28.241 194.343 0.000
v 28.984 194.513 0.000
v 29.744 194.456 0.000
v 30.454 194.178 0.000
v 31.050 193.702 0.000
v 31.479 193.072 0.000
v 31.704 192.344 0.000
v 31.704 191.581 0.000
v 31.479 190.853 0.000
v 31.050 190.223 0.000
v 30.454 189.747 0.000
v 29.744 189.469 0.000
v 28.984 189.412 0.000
v 28.241 189.582 0.000
v 27.580 189.963 0.000
v 27.062 190.522 0.000
v 26.731 191.209 0.000
v 274.267 211.012 0.000
v 274.381 211.766 0.000
v 274.712 212.453 0.000
v 275.230 213.012 0.000
v 275.891 213.393 0.000
v 276.634 213.563 0.000
v 277.394 213.506 0.000
v 278.104 213.228 0.000
v 278.700 212.752 0.000
v 279.129 212.122 0.000
v 279.354 211.394 0.000
v 279.354 210.631 0.000
v 279.129 209.903 0.000
v 278.700 209.273 0.000
v 278.104 208.797 0.000
v 277.394 208.519 0.000
v 276.634 208.462 0.000
v 275.891 208.632 0.000
v 275.230 209.013 0.000
v 274.712 209.572 0.000
v 274.381 210.259 0.000
v 255.217 211.012 0.000
v 255.331 211.766 0.000
v 255.662 212.453 0.000
v 256.180 213.012 0.000
v 256.841 213.393 0.000
v 257.584 213.563 0.000
v 258.344 213.506 0.000
v 259.054 213.228 0.000
v 259.650 212.752 0.000
v 260.079 212.122 0.000
v 260.304 211.394 0.000
v 260.304 210.631 0.000
v 260.079 209.903 0.000
v 259.650 209.273 0.000
v 259.054 208.797 0.000
v 258.344 208.519 0.000
v 257.584 208.462 0.000
v 256.841 208.632 0.000
v 256.180 209.013 0.000
v 255.662 209.572 0.000
v 255.331 210.259 0.000
v 236.167 211.012 0.000
v 236.281 211.766 0.000
v 236.612 212.453 0.000
v 237.130 213.012 0.000
v 237.791 213.393 0.000
v 238.534 213.563 0.000
v 239.294 213.506 0.000
v 240.004 213.228 0.000
v 240.600 212.752 0.000
v 241.029 212.122 0.000
v 241.254 211.394 0.000
v 241.254 210.631 0.000
v 241.029 209.903 0.000
v 240.600 209.273 0.000
v 240.004 208.797 0.000
v 239.294 208.519 0.000
v 238.534 208.462 0.000
v 237.791 208.632 0.000
v 237.130 209.013 0.000
v 236.612 209.572 0.000
v 236.281 210.259 0.000
v 217.117 211.012 0.000
v 217.231 211.766 0.000
v 217.562 212.453 0.000
v 218.080 213.012 0.000
v 218.741 213.393 0.000
v 219.484 213.563 0.000
v 220.244 213.506 0.000
v 220.954 213.228 0.000
v 221.550 212.752 0.000
v 221.979 212.122 0.000
v 222.204 211.394 0.000
v 222.204 210.631 0.000
v 221.979 209.903 0.000
v 221.550 209.273 0.000
v 220.954 208.797 0.000
v 220.244 208.519 0.000
v 219.484 208.462 0.000
v 218.741 208.632 0.000
v 218.080 209.013 0.000
v 217.562 209.572 0.000
v 217.231 210.259 0.000
v 198.067 211.012 0.000
v 198.181 211.766 0.000
v 198.512 212.453 0.000
v 199.030 213.012 0.000
v 199.691 213.393 0.000
v 200.434 213.563 0.000
v 201.194 213.506 0.000
v 201.904 213.228 0.000
v 202.500 212.752 0.000
v 202.929 212.122 0.000
v 203.154 211.394 0.000
v 203.154 210.631 0.000
v 202.929 209.903 0.000
v 202.500 209.273 0.000
v 201.904 208.797 0.000
v 201.194 208.519 0.000
v 200.434 208.462 0.000
v 199.691 208.632 0.000
v 199.030 209.013 0.000
v 198.512 209.572 0.000
v 198.181 210.259 0.000
v 179.017 211.012 0.000
v 179.131 211.766 0.000
v 179.462 212.453 0.000
v 179.980 213.012 0.000
v 180.641 213.393 0.000
v 181.384 213.563 0.000
v 182.144 213.506 0.000
v 182.854 213.228 0.000
v 183.450 212.752 0.000
v 183.879 212.122 0.000
v 184.104 211.394 0.000
v 184.104 210.631 0.000
v 183.879 209.903 0.000
v 183.450 209.273 0.000
v 182.854 208.797 0.000
v 182.144 208.519 0.000
v 181.384 208.462 0.000
v 180.641 208.632 0.000
v 179.980 209.013 0.000
v 179.462 209.572 0.000
v 179.131 210.259 0.000
v 159.967 211.012 0.000
v 160.081 211.766 0.000
v 160.412 212.453 0.000
v 160.930 213.012 0.000
v 161.591 213.393 0.000
v 162.334 213.563 0.000
v 163.094 213.506 0.000
v 163.804 213.228 0.000
v 164.400 212.752 0.000
v 164.829 212.122 0.000
v 165.054 211.394 0.000
v 165.054 210.631 0.000
v 164.829 209.903 0.000
v 164.400 209.273 0.000
v 163.804 208.797 0.000
v 163.094 208.519 0.000
v 162.334 208.462 0.000
v 161.591 208.632 0.000
v 160.930 209.013 0.000
v 160.412 209.572 0.000
v 160.081 210.259 0.000
v 140.917 211.012 0.000
v 141.031 211.766 0.000
v 141.362 212.453 0.000
v 141.880 213.012 0.000
v 142.541 213.393 0.000
v 143.284 213.563 0.000
v 144.044 213.506 0.000
v 144.754 213.228 0.000
v 145.350 212.752 0.000
v 145.779 212.122 0.000
v 146.004 211.394 0.000
v 146.004 210.631 0.000
v 145.779 209.903 0.000
v 145.350 209.273 0.000
v 144.754 208.797 0.000
v 144.044 208.519 0.000
v 143.284 208.462 0.000
v 142.541 208.632 0.000
v 141.880 209.013 0.000
v 141.362 209.572 0.000
v 141.031 210.259 0.000
v 121.867 211.012 0.000
v 121.981 211.766 0.000
v 122.312 212.453 0.000
v 122.830 213.012 0.000
v 123.491 213.393 0.000
v 124.234 213.563 0.000
v 124.994 213.506 0.000
v 125.704 213.228 0.000
v 126.300 212.752 0.000
v 126.729 212.122 0.000
v 126.954 211.394 0.000
v 126.954 210.631 0.000
v 126.729 209.903 0.000
v 126.300 209.273 0.000
v 125.704 208.797 0.000
v 124.994 208.519 0.000
v 124.234 208.462 0.000
v 123.491 208.632 0.000
v 122.830 209.013 0.000
v 122.312 209.572 0.000
v 121.981 210.259 0.000
v 102.817 211.012 0.000
v 102.931 211.766 0.000
v 103.262 212.453 0.000
v 103.780 213.012 0.000
v 104.441 213.393 0.000
v 105.184 213.563 0.000
v 105.944 213.506 0.000
v 106.654 213.228 0.000
v 107.250 212.752 0.000
v 107.679 212.122 0.000
v 107.904 211.394 0.000
v 107.904 210.631 0.000
v 107.679 209.903 0.000
v 107.250 209.273 0.000
v 106.654 208.797 0.000
v 105.944 208.519 0.000
v 105.184 208.462 0.000
v 104.441 208.632 0.000
v 103.780 209.013 0.000
v 103.262 209.572 0.000
v 102.931 210.259 0.000
v 83.767 211.012 0.000
v 83.881 211.766 0.000
v 84.212 212.453 0.000
v 84.730 213.012 0.000
v 85.391 213.393 0.000
v 86.134 213.563 0.000
v 86.894 213.506 0.000
v 87.604 213.228 0.000
v 88.200 212.752 0.000
v 88.629 212.122 0.000
v 88.854 211.394 0.000
v 88.854 210.631 0.000
v 88.629 209.903 0.000
v 88.200 209.273 0.000
v 87.604 208.797 0.000
v 86.894 208.519 0.000
v 86.134 208.462 0.000
v 85.391 208.632 0.000
v 84.730 209.013 0.000
v 84.212 209.572 0.000
v 83.881 210.259 0.000
v 64.717 211.012 0.000
v 64.831 211.766 0.000
v 65.162 212.453 0.000
v 65.680 213.012 0.000
v 66.341 213.393 0.000
v 67.084 213.563 0.000
v 67.844 213.506 0.000
v 68.554 213.228 0.000
v 69.150 212.752 0.000
v 69.579 212.122 0.000
v 69.804 211.394 0.000
v 69.804 210.631 0.000
v 69.579 209.903 0.000
v 69.150 209.273 0.000
v 68.554 208.797 0.000
v 67.844 208.519 0.000
v 67.084 208.462 0.000
v 66.341 208.632 0.000
v 65.680 209.013 0.000
v 65.162 209.572 0.000
v 64.831 210.259 0.000
v 45.667 211.012 0.000
v 45.781 211.766 0.000
v 46.112 212.453 0.000
v 46.630 213.012 0.000
v 47.291 213.393 0.000
v 48.034 213.563 0.000
v 48.794 213.506 0.000
v 49.504 213.228 0.000
v 50.100 212.752 0.000
v 50.529 212.122 0.000
v 50.754 211.394 0.000
v 50.754 210.631 0.000
v 50.529 209.903 0.000
v 50.100 209.273 0.000
v 49.504 208.797 0.000
v 48.794 208.519 0.000
v 48.034 208.462 0.000
v 47.291 208.632 0.000
v 46.630 209.013 0.000
v 46.112 209.572 0.000
v 45.781 210.259 0.000
v 26.617 211.012 0.000
v 26.731 211.766 0.000
v 27.062 212.453 0.000
v 27.580 213.012 0.000
v 28.241 213.393 0.000
v 28.984 213.563 0.000
v 29.744 213.506 0.000
v 30.454 213.228 0.000
v 31.050 212.752 0.000
v 31.479 212.122 0.000
v 31.704 211.394 0.000
v 31.704 210.631 0.000
v 31.479 209.903 0.000
v 31.050 209.273 0.000
v 30.454 208.797 0.000
v 29.744 208.519 0.000
v 28.984 208.462 0.000
v 28.241 208.632 0.000
v 27.580 209.013 0.000
v 27.062 209.572 0.000
v 26.731 210.259 0.000
v 7.567 211.012 0.000
v 7.681 211.766 0.000
v 8.012 212.453 0.000
v 8.530 213.012 0.000
v 9.191 213.393 0.000
v 9.934 213.563 0.000
v 10.694 213.506 0.000
v 11.404 213.228 0.000
v 12.000 212.752 0.000
v 12.429 212.122 0.000
v 12.654 211.394 0.000
v 12.654 210.631 0.000
v 12.429 209.903 0.000
v 12.000 209.273 0.000
v 11.404 208.797 0.000
v 10.694 208.519 0.000
v 9.934 208.462 0.000
v 9.191 208.632 0.000
v 8.530 209.013 0.000
v 8.012 209.572 0.000
v 7.681 210.259 0.000
v 48.810 51.865 0.000
v 47.357 51.865 0.000
v 47.113 51.278 0.000
v 46.726 50.774 0.000
v 46.222 50.387 0.000
v 45.635 50.143 0.000
v 45.635 48.690 0.000
v 45.604 48.494 0.000
v 45.514 48.317 0.000
v 45.373 48.176 0.000
v 45.196 48.086 0.000
v 45.000 48.055 0.000
v 44.804 48.086 0.000
v 44.627 48.176 0.000
v 44.486 48.317 0.000
v 44.396 48.494 0.000
v 44.365 48.690 0.000
v 44.365 50.143 0.000
v 43.778 50.387 0.000
v 43.274 50.774 0.000
v 42.887 51.278 0.000
v 42.643 51.865 0.000
v 41.190 51.865 0.000
v 40.994 51.896 0.000
v 40.817 51.986 0.000
v 40.676 52.127 0.000
v 40.586 52.304 0.000
v 40.555 52.500 0.000
v 40.586 52.696 0.000
v 40.676 52.873 0.000
v 40.817 53.014 0.000
v 40.994 53.104 0.000
v 41.190 53.135 0.000
v 42.643 53.135 0.000
v 42.887 53.722 0.000
v 43.274 54.226 0.000
v 43.778 54.613 0.000
v 44.365 54.857 0.000
v 44.365 56.310 0.000
v 44.396 56.506 0.000
v 44.486 56.683 0.000
v 44.627 56.824 0.000
v 44.804 56.914 0.000
v 45.000 56.945 0.000
v 45.196 56.914 0.000
v 45.373 56.824 0.000
v 45.514 56.683 0.000
v 45.604 56.506 0.000
v 45.635 56.310 0.000
v 45.635 54.857 0.000
v 46.222 54.613 0.000
v 46.726 54.226 0.000
v 47.113 53.722 0.000
v 47.357 53.135 0.000
v 48.810 53.135 0.000
v 49.006 53.104 0.000
v 49.183 53.014 0.000
v 49.324 52.873 0.000
v 49.414 52.696 0.000
v 49.445 52.500 0.000
v 49.414 52.304 0.000
v 49.324 52.127 0.000
v 49.183 51.986 0.000
v 49.006 51.896 0.000
v 47.117 12.000 0.000
v 47.023 11.376 0.000
v 46.749 10.807 0.000
v 46.320 10.345 0.000
v 45.773 10.029 0.000
v 45.158 9.889 0.000
v 44.529 9.936 0.000
v 43.941 10.167 0.000
v 43.448 10.560 0.000
v 43.093 11.081 0.000
v 42.907 11.684 0.000
v 42.907 12.316 0.000
v 43.093 12.919 0.000
v 43.448 13.440 0.000
v 43.941 13.833 0.000
v 44.529 14.064 0.000
v 45.158 14.111 0.000
v 45.773 13.971 0.000
v 46.320 13.655 0.000
v 46.749 13.193 0.000
v 47.023 12.624 0.000
v 277.375 104.250 0.000
v 277.603 105.761 0.000
v 278.266 107.137 0.000
v 279.305 108.257 0.000
v 280.628 109.021 0.000
v 282.117 109.361 0.000
v 283.640 109.247 0.000
v 285.062 108.688 0.000
v 286.257 107.736 0.000
v 287.117 106.474 0.000
v 287.568 105.014 0.000
v 287.568 103.486 0.000
v 287.117 102.026 0.000
v 286.257 100.764 0.000
v 285.062 99.812 0.000
v 283.640 99.253 0.000
v 282.117 99.139 0.000
v 280.628 99.479 0.000
v 279.305 100.243 0.000
v 278.266 101.363 0.000
v 277.603 102.739 0.000
v 142.375 10.500 0.000
v 142.603 12.011 0.000
v 143.266 13.387 0.000
v 144.305 14.507 0.000
v 145.628 15.271 0.000
v 147.117 15.611 0.000
v 148.640 15.497 0.000
v 150.062 14.938 0.000
v 151.257 13.986 0.000
v 152.117 12.724 0.000
v 152.568 11.264 0.000
v 152.568 9.736 0.000
v 152.117 8.276 0.000
v 151.257 7.014 0.000
v 150.062 6.062 0.000
v 148.640 5.503 0.000
v 147.117 5.389 0.000
v 145.628 5.729 0.000
v 144.305 6.493 0.000
v 143.266 7.613 0.000
v 142.603 8.989 0.000
v 277.375 185.000 0.000
v 277.603 186.511 0.000
v 278.266 187.887 0.000
v 279.305 189.007 0.000
v 280.628 189.771 0.000
v 282.117 190.111 0.000
v 283.640 189.997 0.000
v 285.062 189.438 0.000
v 286.257 188.486 0.000
v 287.117 187.224 0.000
v 287.568 185.764 0.000
v 287.568 184.236 0.000
v 287.117 182.776 0.000
v 286.257 181.514 0.000
v 285.062 180.562 0.000
v 283.640 180.003 0.000
v 282.117 179.889 0.000
v 280.628 180.229 0.000
v 279.305 180.993 0.000
v 278.266 182.113 0.000
v 277.603 183.489 0.000
v 277.375 10.500 0.000
v 277.603 12.011 0.000
v 278.266 13.387 0.000
v 279.305 14.507 0.000
v 280.628 15.271 0.000
v 282.117 15.611 0.000
v 283.640 15.497 0.000
v 285.062 14.938 0.000
v 286.257 13.986 0.000
v 287.117 12.724 0.000
v 287.568 11.264 0.000
v 287.568 9.736 0.000
v 287.117 8.276 0.000
v 286.257 7.014 0.000
v 285.062 6.062 0.000
v 283.640 5.503 0.000
v 282.117 5.389 0.000
v 280.628 5.729 0.000
v 279.305 6.493 0.000
v 278.266 7.613 0.000
v 277.603 8.989 0.000
v 17.092 201.488 0.000
v 17.206 202.241 0.000
v 17.537 202.928 0.000
v 18.055 203.487 0.000
v 18.716 203.868 0.000
v 19.459 204.038 0.000
v 20.219 203.981 0.000
v 20.929 203.703 0.000
v 21.525 203.227 0.000
v 21.954 202.597 0.000
v 22.179 201.869 0.000
v 22.179 201.106 0.000
v 21.954 200.378 0.000
v 21.525 199.748 0.000
v 20.929 199.272 0.000
v 20.219 198.994 0.000
v 19.459 198.937 0.000
v 18.716 199.107 0.000
v 18.055 199.488 0.000
v 17.537 200.047 0.000
v 17.206 200.734 0.000
v 36.142 201.488 0.000
v 36.256 202.241 0.000
v 36.587 202.928 0.000
v 37.105 203.487 0.000
v 37.766 203.868 0.000
v 38.509 204.038 0.000
v 39.269 203.981 0.000
v 39.979 203.703 0.000
v 40.575 203.227 0.000
v 41.004 202.597 0.000
v 41.229 201.869 0.000
v 41.229 201.106 0.000
v 41.004 200.378 0.000
v 40.575 199.748 0.000
v 39.979 199.272 0.000
v 39.269 198.994 0.000
v 38.509 198.937 0.000
v 37.766 199.107 0.000
v 37.105 199.488 0.000
v 36.587 200.047 0.000
v 36.256 200.734 0.000
v 55.192 201.488 0.000
v 55.306 202.241 0.000
v 55.637 202.928 0.000
v 56.155 203.487 0.000
v 56.816 203.868 0.000
v 57.559 204.038 0.000
v 58.319 203.981 0.000
v 59.029 203.703 0.000
v 59.625 203.227 0.000
v 60.054 202.597 0.000
v 60.279 201.869 0.000
v 60.279 201.106 0.000
v 60.054 200.378 0.000
v 59.625 199.748 0.000
v 59.029 199.272 0.000
v 58.319 198.994 0.000
v 57.559 198.937 0.000
v 56.816 199.107 0.000
v 56.155 199.488 0.000
v 55.637 200.047 0.000
v 55.306 200.734 0.000
v 74.242 201.488 0.000
v 74.356 202.241 0.000
v 74.687 202.928 0.000
v 75.205 203.487 0.000
v 75.866 203.868 0.000
v 76.609 204.038 0.000
v 77.369 203.981 0.000
v 78.079 203.703 0.000
v 78.675 203.227 0.000
v 79.104 202.597 0.000
v 79.329 201.869 0.000
v 79.329 201.106 0.000
v 79.104 200.378 0.000
v 78.675 199.748 0.000
v 78.079 199.272 0.000
v 77.369 198.994 0.000
v 76.609 198.937 0.000
v 75.866 199.107 0.000
v 75.205 199.488 0.000
v 74.687 200.047 0.000
v 74.356 200.734 0.000
v 93.292 201.488 0.000
v 93.406 202.241 0.000
v 93.737 202.928 0.000
v 94.255 203.487 0.000
v 94.916 203.868 0.000
v 95.659 204.038 0.000
v 96.419 203.981 0.000
v 97.129 203.703 0.000
v 97.725 203.227 0.000
v 98.154 202.597 0.000
v 98.379 201.869 0.000
v 98.379 201.106 0.000
v 98.154 200.378 0.000
v 97.725 199.748 0.000
v 97.129 199.272 0.000
v 96.419 198.994 0.000
v 95.659 198.937 0.000
v 94.916 199.107 0.000
v 94.255 199.488 0.000
v 93.737 200.047 0.000
v 93.406 200.734 0.000
v 112.342 201.488 0.000
v 112.456 202.241 0.000
v 112.787 202.928 0.000
v 113.305 203.487 0.000
v 113.966 203.868 0.000
v 114.709 204.038 0.000
v 115.469 203.981 0.000
v 116.179 203.703 0.000
v 116.775 203.227 0.000
v 117.204 202.597 0.000
v 117.429 201.869 0.000
v 117.429 201.106 0.000
v 117.204 200.378 0.000
v 116.775 199.748 0.000
v 116.179 199.272 0.000
v 115.469 198.994 0.000
v 114.709 198.937 0.000
v 113.966 199.107 0.000
v 113.305 199.488 0.000
v 112.787 200.047 0.000
v 112.456 200.734 0.000
v 131.392 201.488 0.000
v 131.506 202.241 0.000
v 131.837 202.928 0.000
v 132.355 203.487 0.000
v 133.016 203.868 0.000
v 133.759 204.038 0.000
v 134.519 203.981 0.000
v 135.229 203.703 0.000
v 135.825 203.227 0.000
v 136.254 202.597 0.000
v 136.479 201.869 0.000
v 136.479 201.106 0.000
v 136.254 200.378 0.000
v 135.825 199.748 0.000
v 135.229 199.272 0.000
v 134.519 198.994 0.000
v 133.759 198.937 0.000
v 133.016 199.107 0.000
v 132.355 199.488 0.000
v 131.837 200.047 0.000
v 131.506 200.734 0.000
v 150.442 201.488 0.000
v 150.556 202.241 0.000
v 150.887 202.928 0.000
v 151.405 203.487 0.000
v 152.066 203.868 0.000
v 152.809 204.038 0.000
v 153.569 203.981 0.000
v 154.279 203.703 0.000
v 154.875 203.227 0.000
v 155.304 202.597 0.000
v 155.529 201.869 0.000
v 155.529 201.106 0.000
v 155.304 200.378 0.000
v 154.875 199.748 0.000
v 154.279 199.272 0.000
v 153.569 198.994 0.000
v 152.809 198.937 0.000
v 152.066 199.107 0.000
v 151.405 199.488 0.000
v 150.887 200.047 0.000
v 150.556 200.734 0.000
v 169.492 201.488 0.000
v 169.606 202.241 0.000
v 169.937 202.928 0.000
v 170.455 203.487 0.000
v 171.116 203.868 0.000
v 171.859 204.038 0.000
v 172.619 203.981 0.000
v 173.329 203.703 0.000
v 173.925 203.227 0.000
v 174.354 202.597 0.000
v 174.579 201.869 0.000
v 174.579 201.106 0.000
v 174.354 200.378 0.000
v 173.925 199.748 0.000
v 173.329 199.272 0.000
v 172.619 198.994 0.000
v 171.859 198.937 0.000
v 171.116 199.107 0.000
v 170.455 199.488 0.000
v 169.937 200.047 0.000
v 169.606 200.734 0.000
v 188.542 201.488 0.000
v 188.656 202.241 0.000
v 188.987 202.928 0.000
v 189.505 203.487 0.000
v 190.166 203.868 0.000
v 190.909 204.038 0.000
v 191.669 203.981 0.000
v 192.379 203.703 0.000
v 192.975 203.227 0.000
v 193.404 202.597 0.000
v 193.629 201.869 0.000
v 193.629 201.106 0.000
v 193.404 200.378 0.000
v 192.975 199.748 0.000
v 192.379 199.272 0.000
v 191.669 198.994 0.000
v 190.909 198.937 0.000
v 190.166 199.107 0.000
v 189.505 199.488 0.000
v 188.987 200.047 0.000
v 188.656 200.734 0.000
v 207.592 201.488 0.000
v 207.706 202.241 0.000
v 208.037 202.928 0.000
v 208.555 203.487 0.000
v 209.216 203.868 0.000
v 209.959 204.038 0.000
v 210.719 203.981 0.000
v 211.429 203.703 0.000
v 212.025 203.227 0.000
v 212.454 202.597 0.000
v 212.679 201.869 0.000
v 212.679 201.106 0.000
v 212.454 200.378 0.000
v 212.025 199.748 0.000
v 211.429 199.272 0.000
v 210.719 198.994 0.000
v 209.959 198.937 0.000
v 209.216 199.107 0.000
v 208.555 199.488 0.000
v 208.037 200.047 0.000
v 207.706 200.734 0.000
v 226.642 201.488 0.000
v 226.756 202.241 0.000
v 227.087 202.928 0.000
v 227.605 203.487 0.000
v 228.266 203.868 0.000
v 229.009 204.038 0.000
v 229.769 203.981 0.000
v 230.479 203.703 0.000
v 231.075 203.227 0.000
v 231.504 202.597 0.000
v 231.729 201.869 0.000
v 231.729 201.106 0.000
v 231.504 200.378 0.000
v 231.075 199.748 0.000
v 230.479 199.272 0.000
v 229.769 198.994 0.000
v 229.009 198.937 0.000
v 228.266 199.107 0.000
v 227.605 199.488 0.000
v 227.087 200.047 0.000
v 226.756 200.734 0.000
v 245.692 201.488 0.000
v 245.806 202.241 0.000
v 246.137 202.928 0.000
v 246.655 203.487 0.000
v 247.316 203.868 0.000
v 248.059 204.038 0.000
v 248.819 203.981 0.000
v 249.529 203.703 0.000
v 250.125 203.227 0.000
v 250.554 202.597 0.000
v 250.779 201.869 0.000
v 250.779 201.106 0.000
v 250.554 200.378 0.000
v 250.125 199.748 0.000
v 249.529 199.272 0.000
v 248.819 198.994 0.000
v 248.059 198.937 0.000
v 247.316 199.107 0.000
v 246.655 199.488 0.000
v 246.137 200.047 0.000
v 245.806 200.734 0.000
v 264.742 201.488 0.000
v 264.856 202.241 0.000
v 265.187 202.928 0.000
v 265.705 203.487 0.000
v 266.366 203.868 0.000
v 267.109 204.038 0.000
v 267.869 203.981 0.000
v 268.579 203.703 0.000
v 269.175 203.227 0.000
v 269.604 202.597 0.000
v 269.829 201.869 0.000
v 269.829 201.106 0.000
v 269.604 200.378 0.000
v 269.175 199.748 0.000
v 268.579 199.272 0.000
v 267.869 198.994 0.000
v 267.109 198.937 0.000
v 266.366 199.107 0.000
v 265.705 199.488 0.000
v 265.187 200.047 0.000
v 264.856 200.734 0.000
v 17.092 182.438 0.000
v 17.206 183.191 0.000
v 17.537 183.878 0.000
v 18.055 184.437 0.000
v 18.716 184.818 0.000
v 19.459 184.988 0.000
v 20.219 184.931 0.000
v 20.929 184.653 0.000
v 21.525 184.177 0.000
v 21.954 183.547 0.000
v 22.179 182.819 0.000
v 22.179 182.056 0.000
v 21.954 181.328 0.000
v 21.525 180.698 0.000
v 20.929 180.222 0.000
v 20.219 179.944 0.000
v 19.459 179.887 0.000
v 18.716 180.057 0.000
v 18.055 180.438 0.000
v 17.537 180.997 0.000
v 17.206 181.684 0.000
v 36.142 182.438 0.000
v 36.256 183.191 0.000
v 36.587 183.878 0.000
v 37.105 184.437 0.000
v 37.766 184.818 0.000
v 38.509 184.988 0.000
v 39.269 184.931 0.000
v 39.979 184.653 0.000
v 40.575 184.177 0.000
v 41.004 183.547 0.000
v 41.229 182.819 0.000
v 41.229 182.056 0.000
v 41.004 181.328 0.000
v 40.575 180.698 0.000
v 39.979 180.222 0.000
v 39.269 179.944 0.000
v 38.509 179.887 0.000
v 37.766 180.057 0.000
v 37.105 180.438 0.000
v 36.587 180.997 0.000
v 36.256 181.684 0.000
v 55.192 182.438 0.000
v 55.306 183.191 0.000
v 55.637 183.878 0.000
v 56.155 184.437 0.000
v 56.816 184.818 0.000
v 57.559 184.988 0.000
v 58.319 184.931 0.000
v 59.029 184.653 0.000
v 59.625 184.177 0.000
v 60.054 183.547 0.000
v 60.279 182.819 0.000
v 60.279 182.056 0.000
v 60.054 181.328 0.000
v 59.625 180.698 0.000
v 59.029 180.222 0.000
v 58.319 179.944 0.000
v 57.559 179.887 0.000
v 56.816 180.057 0.000
v 56.155 180.438 0.000
v 55.637 180.997 0.000
v 55.306 181.684 0.000
v 74.242 182.438 0.000
v 74.356 183.191 0.000
v 74.687 183.878 0.000
v 75.205 184.437 0.000
v 75.866 184.818 0.000
v 76.609 184.988 0.000
v 77.369 184.931 0.000
v 78.079 184.653 0.000
v 78.675 184.177 0.000
v 79.104 183.547 0.000
v 79.329 182.819 0.000
v 79.329 182.056 0.000
v 79.104 181.328 0.000
v 78.675 180.698 0.000
v 78.079 180.222 0.000
v 77.369 179.944 0.000
v 76.609 179.887 0.000
v 75.866 180.057 0.000
v 75.205 180.438 0.000
v 74.687 180.997 0.000
v 74.356 181.684 0.000
v 93.292 182.438 0.000
v 93.406 183.191 0.000
v 93.737 183.878 0.000
v 94.255 184.437 0.000
v 94.916 184.818 0.000
v 95.659 184.988 0.000
v 96.419 184.931 0.000
v 97.129 184.653 0.000
v 97.725 184.177 0.000
v 98.154 183.547 0.000
v 98.379 182.819 0.000
v 98.379 182.056 0.000
v 98.154 181.328 0.000
v 97.725 180.698 0.000
v 97.129 180.222 0.000
v 96.419 179.944 0.000
v 95.659 179.887 0.000
v 94.916 180.057 0.000
v 94.255 180.438 0.000
v 93.737 180.997 0.000
v 93.406 181.684 0.000
v 112.342 182.438 0.000
v 112.456 183.191 0.000
v 112.787 183.878 0.000
v 113.305 184.437 0.000
v 113.966 184.818 0.000
v 114.709 184.988 0.000
v 115.469 184.931 0.000
v 116.179 184.653 0.000
v 116.775 184.177 0.000
v 117.204 183.547 0.000
v 117.429 182.819 0.000
v 117.429 182.056 0.000
v 117.204 181.328 0.000
v 116.775 180.698 0.000
v 116.179 180.222 0.000
v 115.469 179.944 0.000
v 114.709 179.887 0.000
v 113.966 180.057 0.000
v 113.305 180.438 0.000
v 112.787 180.997 0.000
v 112.456 181.684 0.000
v 131.392 182.438 0.000
v 131.506 183.191 0.000
v 131.837 183.878 0.000
v 132.355 184.437 0.000
v 133.016 184.818 0.000
v 133.759 184.988 0.000
v 134.519 184.931 0.000
v 135.229 184.653 0.000
v 135.825 184.177 0.000
v 136.254 183.547 0.000
v 136.479 182.819 0.000
v 136.479 182.056 0.000
v 136.254 181.328 0.000
v 135.825 180.698 0.000
v 135.229 180.222 0.000
v 134.519 179.944 0.000
v 133.759 179.887 0.000
v 133.016 180.057 0.000
v 132.355 180.438 0.000
v 131.837 180.997 0.000
v 131.506 181.684 0.000
v 169.492 182.438 0.000
v 169.606 183.191 0.000
v 169.937 183.878 0.000
v 170.455 184.437 0.000
v 171.116 184.818 0.000
v 171.859 184.988 0.000
v 172.619 184.931 0.000
v 173.329 184.653 0.000
v 173.925 184.177 0.000
v 174.354 183.547 0.000
v 174.579 182.819 0.000
v 174.579 182.056 0.000
v 174.354 181.328 0.000
v 173.925 180.698 0.000
v 173.329 180.222 0.000
v 172.619 179.944 0.000
v 171.859 179.887 0.000
v 171.116 180.057 0.000
v 170.455 180.438 0.000
v 169.937 180.997 0.000
v 169.606 181.684 0.000
v 188.542 182.438 0.000
v 188.656 183.191 0.000
v 188.987 183.878 0.000
v 189.505 184.437 0.000
v 190.166 184.818 0.000
v 190.909 184.988 0.000
v 191.669 184.931 0.000
v 192.379 184.653 0.000
v 192.975 184.177 0.000
v 193.404 183.547 0.000
v 193.629 182.819 0.000
v 193.629 182.056 0.000
v 193.404 181.328 0.000
v 192.975 180.698 0.000
v 192.379 180.222 0.000
v 191.669 179.944 0.000
v 190.909 179.887 0.000
v 190.166 180.057 0.000
v 189.505 180.438 0.000
v 188.987 180.997 0.000
v 188.656 181.684 0.000
v 207.592 182.438 0.000
v 207.706 183.191 0.000
v 208.037 183.878 0.000
v 208.555 184.437 0.000
v 209.216 184.818 0.000
v 209.959 184.988 0.000
v 210.719 184.931 0.000
v 211.429 184.653 0.000
v 212.025 184.177 0.000
v 212.454 183.547 0.000
v 212.679 182.819 0.000
v 212.679 182.056 0.000
v 212.454 181.328 0.000
v 212.025 180.698 0.000
v 211.429 180.222 0.000
v 210.719 179.944 0.000
v 209.959 179.887 0.000
v 209.216 180.057 0.000
v 208.555 180.438 0.000
v 208.037 180.997 0.000
v 207.706 181.684 0.000
v 226.642 182.438 0.000
v 226.756 183.191 0.000
v 227.087 183.878 0.000
v 227.605 184.437 0.000
v 228.266 184.818 0.000
v 229.009 184.988 0.000
v 229.769 184.931 0.000
v 230.479 184.653 0.000
v 231.075 184.177 0.000
v 231.504 183.547 0.000
v 231.729 182.819 0.000
v 231.729 182.056 0.000
v 231.504 181.328 0.000
v 231.075 180.698 0.000
v 230.479 180.222 0.000
v 229.769 179.944 0.000
v 229.009 179.887 0.000
v 228.266 180.057 0.000
v 227.605 180.438 0.000
v 227.087 180.997 0.000
v 226.756 181.684 0.000
v 245.692 182.438 0.000
v 245.806 183.191 0.000
v 246.137 183.878 0.000
v 246.655 184.437 0.000
v 247.316 184.818 0.000
v 248.059 184.988 0.000
v 248.819 184.931 0.000
v 249.529 184.653 0.000
v 250.125 184.177 0.000
v 250.554 183.547 0.000
v 250.779 182.819 0.000
v 250.779 182.056 0.000
v 250.554 181.328 0.000
v 250.125 180.698 0.000
v 249.529 180.222 0.000
v 248.819 179.944 0.000
v 248.059 179.887 0.000
v 247.316 180.057 0.000
v 246.655 180.438 0.000
v 246.137 180.997 0.000
v 245.806 181.684 0.000
v 264.742 182.438 0.000
v 264.856 183.191 0.000
v 265.187 183.878 0.000
v 265.705 184.437 0.000
v 266.366 184.818 0.000
v 267.109 184.988 0.000
v 267.869 184.931 0.000
v 268.579 184.653 0.000
v 269.175 184.177 0.000
v 269.604 183.547 0.000
v 269.829 182.819 0.000
v 269.829 182.056 0.000
v 269.604 181.328 0.000
v 269.175 180.698 0.000
v 268.579 180.222 0.000
v 267.869 179.944 0.000
v 267.109 179.887 0.000
v 266.366 180.057 0.000
v 265.705 180.438 0.000
v 265.187 180.997 0.000
v 264.856 181.684 0.000
v 17.092 163.388 0.000
v 17.206 164.141 0.000
v 17.537 164.828 0.000
v 18.055 165.387 0.000
v 18.716 165.768 0.000
v 19.459 165.938 0.000
v 20.219 165.881 0.000
v 20.929 165.603 0.000
v 21.525 165.127 0.000
v 21.954 164.497 0.000
v 22.179 163.769 0.000
v 22.179 163.006 0.000
v 21.954 162.278 0.000
v 21.525 161.648 0.000
v 20.929 161.172 0.000
v 20.219 160.894 0.000
v 19.459 160.837 0.000
v 18.716 161.007 0.000
v 18.055 161.388 0.000
v 17.537 161.947 0.000
v 17.206 162.634 0.000
v 36.142 163.388 0.000
v 36.256 164.141 0.000
v 36.587 164.828 0.000
v 37.105 165.387 0.000
v 37.766 165.768 0.000
v 38.509 165.938 0.000
v 39.269 165.881 0.000
v 39.979 165.603 0.000
v 40.575 165.127 0.000
v 41.004 164.497 0.000
v 41.229 163.769 0.000
v 41.229 163.006 0.000
v 41.004 162.278 0.000
v 40.575 161.648 0.000
v 39.979 161.172 0.000
v 39.269 160.894 0.000
v 38.509 160.837 0.000
v 37.766 161.007 0.000
v 37.105 161.388 0.000
v 36.587 161.947 0.000
v 36.256 162.634 0.000
v 55.192 163.388 0.000
v 55.306 164.141 0.000
v 55.637 164.828 0.000
v 56.155 165.387 0.000
v 56.816 165.768 0.000
v 57.559 165.938 0.000
v 58.319 165.881 0.000
v 59.029 165.603 0.000
v 59.625 165.127 0.000
v 60.054 164.497 0.000
v 60.279 163.769 0.000
v 60.279 163.006 0.000
v 60.054 162.278 0.000
v 59.625 161.648 0.000
v 59.029 161.172 0.000
v 58.319 160.894 0.000
v 57.559 160.837 0.000
v 56.816 161.007 0.000
v 56.155 161.388 0.000
v 55.637 161.947 0.000
v 55.306 162.634 0.000
v 74.242 163.388 0.000
v 74.356 164.141 0.000
v 74.687 164.828 0.000
v 75.205 165.387 0.000
v 75.866 165.768 0.000
v 76.609 165.938 0.000
v 77.369 165.881 0.000
v 78.079 165.603 0.000
v 78.675 165.127 0.000
v 79.104 164.497 0.000
v 79.329 163.769 0.000
v 79.329 163.006 0.000
v 79.104 162.278 0.000
v 78.675 161.648 0.000
v 78.079 161.172 0.000
v 77.369 160.894 0.000
v 76.609 160.837 0.000
v 75.866 161.007 0.000
v 75.205 161.388 0.000
v 74.687 161.947 0.000
v 74.356 162.634 0.000
v 93.292 163.388 0.000
v 93.406 164.141 0.000
v 93.737 164.828 0.000
v 94.255 165.387 0.000
v 94.916 165.768 0.000
v 95.659 165.938 0.000
v 96.419 165.881 0.000
v 97.129 165.603 0.000
v 97.725 165.127 0.000
v 98.154 164.497 0.000
v 98.379 163.769 0.000
v 98.379 163.006 0.000
v 98.154 162.278 0.000
v 97.725 161.648 0.000
v 97.129 161.172 0.000
v 96.419 160.894 0.000
v 95.659 160.837 0.000
v 94.916 161.007 0.000
v 94.255 161.388 0.000
v 93.737 161.947 0.000
v 93.406 162.634 0.000
v 112.342 163.388 0.000
v 112.456 164.141 0.000
v 112.787 164.828 0.000
v 113.305 165.387 0.000
v 113.966 165.768 0.000
v 114.709 165.938 0.000
v 115.469 165.881 0.000
v 116.179 165.603 0.000
v 116.775 165.127 0.000
v 117.204 164.497 0.000
v 117.429 163.769 0.000
v 117.429 163.006 0.000
v 117.204 162.278 0.000
v 116.775 161.648 0.000
v 116.179 161.172 0.000
v 115.469 160.894 0.000
v 114.709 160.837 0.000
v 113.966 161.007 0.000
v 113.305 161.388 0.000
v 112.787 161.947 0.000
v 112.456 162.634 0.000
v 131.392 163.388 0.000
v 131.506 164.141 0.000
v 131.837 164.828 0.000
v 132.355 165.387 0.000
v 133.016 165.768 0.000
v 133.759 165.938 0.000
v 134.519 165.881 0.000
v 135.229 165.603 0.000
v 135.825 165.127 0.000
v 136.254 164.497 0.000
v 136.479 163.769 0.000
v 136.479 163.006 0.000
v 136.254 162.278 0.000
v 135.825 161.648 0.000
v 135.229 161.172 0.000
v 134.519 160.894 0.000
v 133.759 160.837 0.000
v 133.016 161.007 0.000
v 132.355 161.388 0.000
v 131.837 161.947 0.000
v 131.506 162.634 0.000
v 150.442 163.388 0.000
v 150.556 164.141 0.000
v 150.887 164.828 0.000
v 151.405 165.387 0.000
v 152.066 165.768 0.000
v 152.809 165.938 0.000
v 153.569 165.881 0.000
v 154.279 165.603 0.000
v 154.875 165.127 0.000
v 155.304 164.497 0.000
v 155.529 163.769 0.000
v 155.529 163.006 0.000
v 155.304 162.278 0.000
v 154.875 161.648 0.000
v 154.279 161.172 0.000
v 153.569 160.894 0.000
v 152.809 160.837 0.000
v 152.066 161.007 0.000
v 151.405 161.388 0.000
v 150.887 161.947 0.000
v 150.556 162.634 0.000
v 169.492 163.388 0.000
v 169.606 164.141 0.000
v 169.937 164.828 0.000
v 170.455 165.387 0.000
v 171.116 165.768 0.000
v 171.859 165.938 0.000
v 172.619 165.881 0.000
v 173.329 165.603 0.000
v 173.925 165.127 0.000
v 174.354 164.497 0.000
v 174.579 163.769 0.000
v 174.579 163.006 0.000
v 174.354 162.278 0.000
v 173.925 161.648 0.000
v 173.329 161.172 0.000
v 172.619 160.894 0.000
v 171.859 160.837 0.000
v 171.116 161.007 0.000
v 170.455 161.388 0.000
v 169.937 161.947 0.000
v 169.606 162.634 0.000
v 188.542 163.388 0.000
v 188.656 164.141 0.000
v 188.987 164.828 0.000
v 189.505 165.387 0.000
v 190.166 165.768 0.000
v 190.909 165.938 0.000
v 191.669 165.881 0.000
v 192.379 165.603 0.000
v 192.975 165.127 0.000
v 193.404 164.497 0.000
v 193.629 163.769 0.000
v 193.629 163.006 0.000
v 193.404 162.278 0.000
v 192.975 161.648 0.000
v 192.379 161.172 0.000
v 191.669 160.894 0.000
v 190.909 160.837 0.000
v 190.166 161.007 0.000
v 189.505 161.388 0.000
v 188.987 161.947 0.000
v 188.656 162.634 0.000
v 207.592 163.388 0.000
v 207.706 164.141 0.000
v 208.037 164.828 0.000
v 208.555 165.387 0.000
v 209.216 165.768 0.000
v 209.959 165.938 0.000
v 210.719 165.881 0.000
v 211.429 165.603 0.000
v 212.025 165.127 0.000
v 212.454 164.497 0.000
v 212.679 163.769 0.000
v 212.679 163.006 0.000
v 212.454 162.278 0.000
v 212.025 161.648 0.000
v 211.429 161.172 0.000
v 210.719 160.894 0.000
v 209.959 160.837 0.000
v 209.216 161.007 0.000
v 208.555 161.388 0.000
v 208.037 161.947 0.000
v 207.706 162.634 0.000
v 226.642 163.388 0.000
v 226.756 164.141 0.000
v 227.087 164.828 0.000
v 227.605 165.387 0.000
v 228.266 165.768 0.000
v 229.009 165.938 0.000
v 229.769 165.881 0.000
v 230.479 165.603 0.000
v 231.075 165.127 0.000
v 231.504 164.497 0.000
v 231.729 163.769 0.000
v 231.729 163.006 0.000
v 231.504 162.278 0.000
v 231.075 161.648 0.000
v 230.479 161.172 0.000
v 229.769 160.894 0.000
v 229.009 160.837 0.000
v 228.266 161.007 0.000
v 227.605 161.388 0.000
v 227.087 161.947 0.000
v 226.756 162.634 0.000
v 245.692 163.388 0.000
v 245.806 164.141 0.000
v 246.137 164.828 0.000
v 246.655 165.387 0.000
v 247.316 165.768 0.000
v 248.059 165.938 0.000
v 248.819 165.881 0.000
v 249.529 165.603 0.000
v 250.125 165.127 0.000
v 250.554 164.497 0.000
v 250.779 163.769 0.000
v 250.779 163.006 0.000
v 250.554 162.278 0.000
v 250.125 161.648 0.000
v 249.529 161.172 0.000
v 248.819 160.894 0.000
v 248.059 160.837 0.000
v 247.316 161.007 0.000
v 246.655 161.388 0.000
v 246.137 161.947 0.000
v 245.806 162.634 0.000
v 264.742 163.388 0.000
v 264.856 164.141 0.000
v 265.187 164.828 0.000
v 265.705 165.387 0.000
v 266.366 165.768 0.000
v 267.109 165.938 0.000
v 267.869 165.881 0.000
v 268.579 165.603 0.000
v 269.175 165.127 0.000
v 269.604 164.497 0.000
v 269.829 163.769 0.000
v 269.829 163.006 0.000
v 269.604 162.278 0.000
v 269.175 161.648 0.000
v 268.579 161.172 0.000
v 267.869 160.894 0.000
v 267.109 160.837 0.000
v 266.366 161.007 0.000
v 265.705 161.388 0.000
v 265.187 161.947 0.000
v 264.856 162.634 0.000
v 283.792 163.388 0.000
v 283.906 164.141 0.000
v 284.237 164.828 0.000
v 284.755 165.387 0.000
v 285.416 165.768 0.000
v 286.159 165.938 0.000
v 286.919 165.881 0.000
v 287.629 165.603 0.000
v 288.225 165.127 0.000
v 288.654 164.497 0.000
v 288.879 163.769 0.000
v 288.879 163.006 0.000
v 288.654 162.278 0.000
v 288.225 161.648 0.000
v 287.629 161.172 0.000
v 286.919 160.894 0.000
v 286.159 160.837 0.000
v 285.416 161.007 0.000
v 284.755 161.388 0.000
v 284.237 161.947 0.000
v 283.906 162.634 0.000
v 17.092 144.338 0.000
v 17.206 145.091 0.000
v 17.537 145.778 0.000
v 18.055 146.337 0.000
v 18.716 146.718 0.000
v 19.459 146.888 0.000
v 20.219 146.831 0.000
v 20.929 146.553 0.000
v 21.525 146.077 0.000
v 21.954 145.447 0.000
v 22.179 144.719 0.000
v 22.179 143.956 0.000
v 21.954 143.228 0.000
v 21.525 142.598 0.000
v 20.929 142.122 0.000
v 20.219 141.844 0.000
v 19.459 141.787 0.000
v 18.716 141.957 0.000
v 18.055 142.338 0.000
v 17.537 142.897 0.000
v 17.206 143.584 0.000
v 36.142 144.338 0.000
v 36.256 145.091 0.000
v 36.587 145.778 0.000
v 37.105 146.337 0.000
v 37.766 146.718 0.000
v 38.509 146.888 0.000
v 39.269 146.831 0.000
v 39.979 146.553 0.000
v 40.575 146.077 0.000
v 41.004 145.447 0.000
v 41.229 144.719 0.000
v 41.229 143.956 0.000
v 41.004 143.228 0.000
v 40.575 142.598 0.000
v 39.979 142.122 0.000
v 39.269 141.844 0.000
v 38.509 141.787 0.000
v 37.766 141.957 0.000
v 37.105 142.338 0.000
v 36.587 142.897 0.000
v 36.256 143.584 0.000
v 55.192 144.338 0.000
v 55.306 145.091 0.000
v 55.637 145.778 0.000
v 56.155 146.337 0.000
v 56.816 146.718 0.000
v 57.559 146.888 0.000
v 58.319 146.831 0.000
v 59.029 146.553 0.000
v 59.625 146.077 0.000
v 60.054 145.447 0.000
v 60.279 144.719 0.000
v 60.279 143.956 0.000
v 60.054 143.228 0.000
v 59.625 142.598 0.000
v 59.029 142.122 0.000
v 58.319 141.844 0.000
v 57.559 141.787 0.000
v 56.816 141.957 0.000
v 56.155 142.338 0.000
v 55.637 142.897 0.000
v 55.306 143.584 0.000
v 74.242 144.338 0.000
v 74.356 145.091 0.000
v 74.687 145.778 0.000
v 75.205 146.337 0.000
v 75.866 146.718 0.000
v 76.609 146.888 0.000
v 77.369 146.831 0.000
v 78.079 146.553 0.000
v 78.675 146.077 0.000
v 79.104 145.447 0.000
v 79.329 144.719 0.000
v 79.329 143.956 0.000
v 79.104 143.228 0.000
v 78.675 142.598 0.000
v 78.079 142.122 0.000
v 77.369 141.844 0.000
v 76.609 141.787 0.000
v 75.866 141.957 0.000
v 75.205 142.338 0.000
v 74.687 142.897 0.000
v 74.356 143.584 0.000
v 112.342 144.338 0.000
v 112.456 145.091 0.000
v 112.787 145.778 0.000
v 113.305 146.337 0.000
v 113.966 146.718 0.000
v 114.709 146.888 0.000
v 115.469 146.831 0.000
v 116.179 146.553 0.000
v 116.775 146.077 0.000
v 117.204 145.447 0.000
v 117.429 144.719 0.000
v 117.429 143.956 0.000
v 117.204 143.228 0.000
v 116.775 142.598 0.000
v 116.179 142.122 0.000
v 115.469 141.844 0.000
v 114.709 141.787 0.000
v 113.966 141.957 0.000
v 113.305 142.338 0.000
v 112.787 142.897 0.000
v 112.456 143.584 0.000
v 131.392 144.338 0.000
v 131.506 145.091 0.000
v 131.837 145.778 0.000
v 132.355 146.337 0.000
v 133.016 146.718 0.000
v 133.759 146.888 0.000
v 134.519 146.831 0.000
v 135.229 146.553 0.000
v 135.825 146.077 0.000
v 136.254 145.447 0.000
v 136.479 144.719 0.000
v 136.479 143.956 0.000
v 136.254 143.228 0.000
v 135.825 142.598 0.000
v 135.229 142.122 0.000
v 134.519 141.844 0.000
v 133.759 141.787 0.000
v 133.016 141.957 0.000
v 132.355 142.338 0.000
v 131.837 142.897 0.000
v 131.506 143.584 0.000
v 150.442 144.338 0.000
v 150.556 145.091 0.000
v 150.887 145.778 0.000
v 151.405 146.337 0.000
v 152.066 146.718 0.000
v 152.809 146.888 0.000
v 153.569 146.831 0.000
v 154.279 146.553 0.000
v 154.875 146.077 0.000
v 155.304 145.447 0.000
v 155.529 144.719 0.000
v 155.529 143.956 0.000
v 155.304 143.228 0.000
v 154.875 142.598 0.000
v 154.279 142.122 0.000
v 153.569 141.844 0.000
v 152.809 141.787 0.000
v 152.066 141.957 0.000
v 151.405 142.338 0.000
v 150.887 142.897 0.000
v 150.556 143.584 0.000
v 169.492 144.338 0.000
v 169.606 145.091 0.000
v 169.937 145.778 0.000
v 170.455 146.337 0.000
v 171.116 146.718 0.000
v 171.859 146.888 0.000
v 172.619 146.831 0.000
v 173.329 146.553 0.000
v 173.925 146.077 0.000
v 174.354 145.447 0.000
v 174.579 144.719 0.000
v 174.579 143.956 0.000
v 174.354 143.228 0.000
v 173.925 142.598 0.000
v 173.329 142.122 0.000
v 172.619 141.844 0.000
v 171.859 141.787 0.000
v 171.116 141.957 0.000
v 170.455 142.338 0.000
v 169.937 142.897 0.000
v 169.606 143.584 0.000
v 188.542 144.338 0.000
v 188.656 145.091 0.000
v 188.987 145.778 0.000
v 189.505 146.337 0.000
v 190.166 146.718 0.000
v 190.909 146.888 0.000
v 191.669 146.831 0.000
v 192.379 146.553 0.000
v 192.975 146.077 0.000
v 193.404 145.447 0.000
v 193.629 144.719 0.000
v 193.629 143.956 0.000
v 193.404 143.228 0.000
v 192.975 142.598 0.000
v 192.379 142.122 0.000
v 191.669 141.844 0.000
v 190.909 141.787 0.000
v 190.166 141.957 0.000
v 189.505 142.338 0.000
v 188.987 142.897 0.000
v 188.656 143.584 0.000
v 207.592 144.338 0.000
v 207.706 145.091 0.000
v 208.037 145.778 0.000
v 208.555 146.337 0.000
v 209.216 146.718 0.000
v 209.959 146.888 0.000
v 210.719 146.831 0.000
v 211.429 146.553 0.000
v 212.025 146.077 0.000
v 212.454 145.447 0.000
v 212.679 144.719 0.000
v 212.679 143.956 0.000
v 212.454 143.228 0.000
v 212.025 142.598 0.000
v 211.429 142.122 0.000
v 210.719 141.844 0.000
v 209.959 141.787 0.000
v 209.216 141.957 0.000
v 208.555 142.338 0.000
v 208.037 142.897 0.000
v 207.706 143.584 0.000
v 226.642 144.338 0.000
v 226.756 145.091 0.000
v 227.087 145.778 0.000
v 227.605 146.337 0.000
v 228.266 146.718 0.000
v 229.009 146.888 0.000
v 229.769 146.831 0.000
v 230.479 146.553 0.000
v 231.075 146.077 0.000
v 231.504 145.447 0.000
v 231.729 144.719 0.000
v 231.729 143.956 0.000
v 231.504 143.228 0.000
v 231.075 142.598 0.000
v 230.479 142.122 0.000
v 229.769 141.844 0.000
v 229.009 141.787 0.000
v 228.266 141.957 0.000
v 227.605 142.338 0.000
v 227.087 142.897 0.000
v 226.756 143.584 0.000
v 245.692 144.338 0.000
v 245.806 145.091 0.000
v 246.137 145.778 0.000
v 246.655 146.337 0.000
v 247.316 146.718 0.000
v 248.059 146.888 0.000
v 248.819 146.831 0.000
v 249.529 146.553 0.000
v 250.125 146.077 0.000
v 250.554 145.447 0.000
v 250.779 144.719 0.000
v 250.779 143.956 0.000
v 250.554 143.228 0.000
v 250.125 142.598 0.000
v 249.529 142.122 0.000
v 248.819 141.844 0.000
v 248.059 141.787 0.000
v 247.316 141.957 0.000
v 246.655 142.338 0.000
v 246.137 142.897 0.000
v 245.806 143.584 0.000
v 264.742 144.338 0.000
v 264.856 145.091 0.000
v 265.187 145.778 0.000
v 265.705 146.337 0.000
v 266.366 146.718 0.000
v 267.109 146.888 0.000
v 267.869 146.831 0.000
v 268.579 146.553 0.000
v 269.175 146.077 0.000
v 269.604 145.447 0.000
v 269.829 144.719 0.000
v 269.829 143.956 0.000
v 269.604 143.228 0.000
v 269.175 142.598 0.000
v 268.579 142.122 0.000
v 267.869 141.844 0.000
v 267.109 141.787 0.000
v 266.366 141.957 0.000
v 265.705 142.338 0.000
v 265.187 142.897 0.000
v 264.856 143.584 0.000
v 283.792 144.338 0.000
v 283.906 145.091 0.000
v 284.237 145.778 0.000
v 284.755 146.337 0.000
v 285.416 146.718 0.000
v 286.159 146.888 0.000
v 286.919 146.831 0.000
v 287.629 146.553 0.000
v 288.225 146.077 0.000
v 288.654 145.447 0.000
v 288.879 144.719 0.000
v 288.879 143.956 0.000
v 288.654 143.228 0.000
v 288.225 142.598 0.000
v 287.629 142.122 0.000
v 286.919 141.844 0.000
v 286.159 141.787 0.000
v 285.416 141.957 0.000
v 284.755 142.338 0.000
v 284.237 142.897 0.000
v 283.906 143.584 0.000
v 17.092 125.287 0.000
v 17.206 126.041 0.000
v 17.537 126.728 0.000
v 18.055 127.287 0.000
v 18.716 127.668 0.000
v 19.459 127.838 0.000
v 20.219 127.781 0.000
v 20.929 127.503 0.000
v 21.525 127.027 0.000
v 21.954 126.397 0.000
v 22.179 125.669 0.000
v 22.179 124.906 0.000
v 21.954 124.178 0.000
v 21.525 123.548 0.000
v 20.929 123.072 0.000
v 20.219 122.794 0.000
v 19.459 122.737 0.000
v 18.716 122.907 0.000
v 18.055 123.288 0.000
v 17.537 123.847 0.000
v 17.206 124.534 0.000
v 36.142 125.287 0.000
v 36.256 126.041 0.000
v 36.587 126.728 0.000
v 37.105 127.287 0.000
v 37.766 127.668 0.000
v 38.509 127.838 0.000
v 39.269 127.781 0.000
v 39.979 127.503 0.000
v 40.575 127.027 0.000
v 41.004 126.397 0.000
v 41.229 125.669 0.000
v 41.229 124.906 0.000
v 41.004 124.178 0.000
v 40.575 123.548 0.000
v 39.979 123.072 0.000
v 39.269 122.794 0.000
v 38.509 122.737 0.000
v 37.766 122.907 0.000
v 37.105 123.288 0.000
v 36.587 123.847 0.000
v 36.256 124.534 0.000
v 55.192 125.287 0.000
v 55.306 126.041 0.000
v 55.637 126.728 0.000
v 56.155 127.287 0.000
v 56.816 127.668 0.000
v 57.559 127.838 0.000
v 58.319 127.781 0.000
v 59.029 127.503 0.000
v 59.625 127.027 0.000
v 60.054 126.397 0.000
v 60.279 125.669 0.000
v 60.279 124.906 0.000
v 60.054 124.178 0.000
v 59.625 123.548 0.000
v 59.029 123.072 0.000
v 58.319 122.794 0.000
v 57.559 122.737 0.000
v 56.816 122.907 0.000
v 56.155 123.288 0.000
v 55.637 123.847 0.000
v 55.306 124.534 0.000
v 112.342 125.287 0.000
v 112.456 126.041 0.000
v 112.787 126.728 0.000
v 113.305 127.287 0.000
v 113.966 127.668 0.000
v 114.709 127.838 0.000
v 115.469 127.781 0.000
v 116.179 127.503 0.000
v 116.775 127.027 0.000
v 117.204 126.397 0.000
v 117.429 125.669 0.000
v 117.429 124.906 0.000
v 117.204 124.178 0.000
v 116.775 123.548 0.000
v 116.179 123.072 0.000
v 115.469 122.794 0.000
v 114.709 122.737 0.000
v 113.966 122.907 0.000
v 113.305 123.288 0.000
v 112.787 123.847 0.000
v 112.456 124.534 0.000
v 131.392 125.287 0.000
v 131.506 126.041 0.000
v 131.837 126.728 0.000
v 132.355 127.287 0.000
v 133.016 127.668 0.000
v 133.759 127.838 0.000
v 134.519 127.781 0.000
v 135.229 127.503 0.000
v 135.825 127.027 0.000
v 136.254 126.397 0.000
v 136.479 125.669 0.000
v 136.479 124.906 0.000
v 136.254 124.178 0.000
v 135.825 123.548 0.000
v 135.229 123.072 0.000
v 134.519 122.794 0.000
v 133.759 122.737 0.000
v 133.016 122.907 0.000
v 132.355 123.288 0.000
v 131.837 123.847 0.000
v 131.506 124.534 0.000
v 150.442 125.287 0.000
v 150.556 126.041 0.000
v 150.887 126.728 0.000
v 151.405 127.287 0.000
v 152.066 127.668 0.000
v 152.809 127.838 0.000
v 153.569 127.781 0.000
v 154.279 127.503 0.000
v 154.875 127.027 0.000
v 155.304 126.397 0.000
v 155.529 125.669 0.000
v 155.529 124.906 0.000
v 155.304 124.178 0.000
v 154.875 123.548 0.000
v 154.279 123.072 0.000
v 153.569 122.794 0.000
v 152.809 122.737 0.000
v 152.066 122.907 0.000
v 151.405 123.288 0.000
v 150.887 123.847 0.000
v 150.556 124.534 0.000
v 188.542 125.287 0.000
v 188.656 126.041 0.000
v 188.987 126.728 0.000
v 189.505 127.287 0.000
v 190.166 127.668 0.000
v 190.909 127.838 0.000
v 191.669 127.781 0.000
v 192.379 127.503 0.000
v 192.975 127.027 0.000
v 193.404 126.397 0.000
v 193.629 125.669 0.000
v 193.629 124.906 0.000
v 193.404 124.178 0.000
v 192.975 123.548 0.000
v 192.379 123.072 0.000
v 191.669 122.794 0.000
v 190.909 122.737 0.000
v 190.166 122.907 0.000
v 189.505 123.288 0.000
v 188.987 123.847 0.000
v 188.656 124.534 0.000
v 207.592 125.287 0.000
v 207.706 126.041 0.000
v 208.037 126.728 0.000
v 208.555 127.287 0.000
v 209.216 127.668 0.000
v 209.959 127.838 0.000
v 210.719 127.781 0.000
v 211.429 127.503 0.000
v 212.025 127.027 0.000
v 212.454 126.397 0.000
v 212.679 125.669 0.000
v 212.679 124.906 0.000
v 212.454 124.178 0.000
v 212.025 123.548 0.000
v 211.429 123.072 0.000
v 210.719 122.794 0.000
v 209.959 122.737 0.000
v 209.216 122.907 0.000
v 208.555 123.288 0.000
v 208.037 123.847 0.000
v 207.706 124.534 0.000
v 226.642 125.287 0.000
v 226.756 126.041 0.000
v 227.087 126.728 0.000
v 227.605 127.287 0.000
v 228.266 127.668 0.000
v 229.009 127.838 0.000
v 229.769 127.781 0.000
v 230.479 127.503 0.000
v 231.075 127.027 0.000
v 231.504 126.397 0.000
v 231.729 125.669 0.000
v 231.729 124.906 0.000
v 231.504 124.178 0.000
v 231.075 123.548 0.000
v 230.479 123.072 0.000
v 229.769 122.794 0.000
v 229.009 122.737 0.000
v 228.266 122.907 0.000
v 227.605 123.288 0.000
v 227.087 123.847 0.000
v 226.756 124.534 0.000
v 245.692 125.287 0.000
v 245.806 126.041 0.000
v 246.137 126.728 0.000
v 246.655 127.287 0.000
v 247.316 127.668 0.000
v 248.059 127.838 0.000
v 248.819 127.781 0.000
v 249.529 127.503 0.000
v 250.125 127.027 0.000
v 250.554 126.397 0.000
v 250.779 125.669 0.000
v 250.779 124.906 0.000
v 250.554 124.178 0.000
v 250.125 123.548 0.000
v 249.529 123.072 0.000
v 248.819 122.794 0.000
v 248.059 122.737 0.000
v 247.316 122.907 0.000
v 246.655 123.288 0.000
v 246.137 123.847 0.000
v 245.806 124.534 0.000
v 283.792 125.287 0.000
v 283.906 126.041 0.000
v 284.237 126.728 0.000
v 284.755 127.287 0.000
v 285.416 127.668 0.000
v 286.159 127.838 0.000
v 286.919 127.781 0.000
v 287.629 127.503 0.000
v 288.225 127.027 0.000
v 288.654 126.397 0.000
v 288.879 125.669 0.000
v 288.879 124.906 0.000
v 288.654 124.178 0.000
v 288.225 123.548 0.000
v 287.629 123.072 0.000
v 286.919 122.794 0.000
v 286.159 122.737 0.000
v 285.416 122.907 0.000
v 284.755 123.288 0.000
v 284.237 123.847 0.000
v 283.906 124.534 0.000
v 17.092 106.237 0.000
v 17.206 106.991 0.000
v 17.537 107.678 0.000
v 18.055 108.237 0.000
v 18.716 108.618 0.000
v 19.459 108.788 0.000
v 20.219 108.731 0.000
v 20.929 108.453 0.000
v 21.525 107.977 0.000
v 21.954 107.347 0.000
v 22.179 106.619 0.000
v 22.179 105.856 0.000
v 21.954 105.128 0.000
v 21.525 104.498 0.000
v 20.929 104.022 0.000
v 20.219 103.744 0.000
v 19.459 103.687 0.000
v 18.716 103.857 0.000
v 18.055 104.238 0.000
v 17.537 104.797 0.000
v 17.206 105.484 0.000
v 36.142 106.237 0.000
v 36.256 106.991 0.000
v 36.587 107.678 0.000
v 37.105 108.237 0.000
v 37.766 108.618 0.000
v 38.509 108.788 0.000
v 39.269 108.731 0.000
v 39.979 108.453 0.000
v 40.575 107.977 0.000
v 41.004 107.347 0.000
v 41.229 106.619 0.000
v 41.229 105.856 0.000
v 41.004 105.128 0.000
v 40.575 104.498 0.000
v 39.979 104.022 0.000
v 39.269 103.744 0.000
v 38.509 103.687 0.000
v 37.766 103.857 0.000
v 37.105 104.238 0.000
v 36.587 104.797 0.000
v 36.256 105.484 0.000
v 55.192 106.237 0.000
v 55.306 106.991 0.000
v 55.637 107.678 0.000
v 56.155 108.237 0.000
v 56.816 108.618 0.000
v 57.559 108.788 0.000
v 58.319 108.731 0.000
v 59.029 108.453 0.000
v 59.625 107.977 0.000
v 60.054 107.347 0.000
v 60.279 106.619 0.000
v 60.279 105.856 0.000
v 60.054 105.128 0.000
v 59.625 104.498 0.000
v 59.029 104.022 0.000
v 58.319 103.744 0.000
v 57.559 103.687 0.000
v 56.816 103.857 0.000
v 56.155 104.238 0.000
v 55.637 104.797 0.000
v 55.306 105.484 0.000
v 74.242 106.237 0.000
v 74.356 106.991 0.000
v 74.687 107.678 0.000
v 75.205 108.237 0.000
v 75.866 108.618 0.000
v 76.609 108.788 0.000
v 77.369 108.731 0.000
v 78.079 108.453 0.000
v 78.675 107.977 0.000
v 79.104 107.347 0.000
v 79.329 106.619 0.000
v 79.329 105.856 0.000
v 79.104 105.128 0.000
v 78.675 104.498 0.000
v 78.079 104.022 0.000
v 77.369 103.744 0.000
v 76.609 103.687 0.000
v 75.866 103.857 0.000
v 75.205 104.238 0.000
v 74.687 104.797 0.000
v 74.356 105.484 0.000
v 112.342 106.237 0.000
v 112.456 106.991 0.000
v 112.787 107.678 0.000
v 113.305 108.237 0.000
v 113.966 108.618 0.000
v 114.709 108.788 0.000
v 115.469 108.731 0.000
v 116.179 108.453 0.000
v 116.775 107.977 0.000
v 117.204 107.347 0.000
v 117.429 106.619 0.000
v 117.429 105.856 0.000
v 117.204 105.128 0.000
v 116.775 104.498 0.000
v 116.179 104.022 0.000
v 115.469 103.744 0.000
v 114.709 103.687 0.000
v 113.966 103.857 0.000
v 113.305 104.238 0.000
v 112.787 104.797 0.000
v 112.456 105.484 0.000
v 131.392 106.237 0.000
v 131.506 106.991 0.000
v 131.837 107.678 0.000
v 132.355 108.237 0.000
v 133.016 108.618 0.000
v 133.759 108.788 0.000
v 134.519 108.731 0.000
v 135.229 108.453 0.000
v 135.825 107.977 0.000
v 136.254 107.347 0.000
v 136.479 106.619 0.000
v 136.479 105.856 0.000
v 136.254 105.128 0.000
v 135.825 104.498 0.000
v 135.229 104.022 0.000
v 134.519 103.744 0.000
v 133.759 103.687 0.000
v 133.016 103.857 0.000
v 132.355 104.238 0.000
v 131.837 104.797 0.000
v 131.506 105.484 0.000
v 169.492 106.237 0.000
v 169.606 106.991 0.000
v 169.937 107.678 0.000
v 170.455 108.237 0.000
v 171.116 108.618 0.000
v 171.859 108.788 0.000
v 172.619 108.731 0.000
v 173.329 108.453 0.000
v 173.925 107.977 0.000
v 174.354 107.347 0.000
v 174.579 106.619 0.000
v 174.579 105.856 0.000
v 174.354 105.128 0.000
v 173.925 104.498 0.000
v 173.329 104.022 0.000
v 172.619 103.744 0.000
v 171.859 103.687 0.000
v 171.116 103.857 0.000
v 170.455 104.238 0.000
v 169.937 104.797 0.000
v 169.606 105.484 0.000
v 188.542 106.237 0.000
v 188.656 106.991 0.000
v 188.987 107.678 0.000
v 189.505 108.237 0.000
v 190.166 108.618 0.000
v 190.909 108.788 0.000
v 191.669 108.731 0.000
v 192.379 108.453 0.000
v 192.975 107.977 0.000
v 193.404 107.347 0.000
v 193.629 106.619 0.000
v 193.629 105.856 0.000
v 193.404 105.128 0.000
v 192.975 104.498 0.000
v 192.379 104.022 0.000
v 191.669 103.744 0.000
v 190.909 103.687 0.000
v 190.166 103.857 0.000
v 189.505 104.238 0.000
v 188.987 104.797 0.000
v 188.656 105.484 0.000
v 207.592 106.237 0.000
v 207.706 106.991 0.000
v 208.037 107.678 0.000
v 208.555 108.237 0.000
v 209.216 108.618 0.000
v 209.959 108.788 0.000
v 210.719 108.731 0.000
v 211.429 108.453 0.000
v 212.025 107.977 0.000
v 212.454 107.347 0.000
v 212.679 106.619 0.000
v 212.679 105.856 0.000
v 212.454 105.128 0.000
v 212.025 104.498 0.000
v 211.429 104.022 0.000
v 210.719 103.744 0.000
v 209.959 103.687 0.000
v 209.216 103.857 0.000
v 208.555 104.238 0.000
v 208.037 104.797 0.000
v 207.706 105.484 0.000
v 226.642 106.237 0.000
v 226.756 106.991 0.000
v 227.087 107.678 0.000
v 227.605 108.237 0.000
v 228.266 108.618 0.000
v 229.009 108.788 0.000
v 229.769 108.731 0.000
v 230.479 108.453 0.000
v 231.075 107.977 0.000
v 231.504 107.347 0.000
v 231.729 106.619 0.000
v 231.729 105.856 0.000
v 231.504 105.128 0.000
v 231.075 104.498 0.000
v 230.479 104.022 0.000
v 229.769 103.744 0.000
v 229.009 103.687 0.000
v 228.266 103.857 0.000
v 227.605 104.238 0.000
v 227.087 104.797 0.000
v 226.756 105.484 0.000
v 245.692 106.237 0.000
v 245.806 106.991 0.000
v 246.137 107.678 0.000
v 246.655 108.237 0.000
v 247.316 108.618 0.000
v 248.059 108.788 0.000
v 248.819 108.731 0.000
v 249.529 108.453 0.000
v 250.125 107.977 0.000
v 250.554 107.347 0.000
v 250.779 106.619 0.000
v 250.779 105.856 0.000
v 250.554 105.128 0.000
v 250.125 104.498 0.000
v 249.529 104.022 0.000
v 248.819 103.744 0.000
v 248.059 103.687 0.000
v 247.316 103.857 0.000
v 246.655 104.238 0.000
v 246.137 104.797 0.000
v 245.806 105.484 0.000
v 264.742 106.237 0.000
v 264.856 106.991 0.000
v 265.187 107.678 0.000
v 265.705 108.237 0.000
v 266.366 108.618 0.000
v 267.109 108.788 0.000
v 267.869 108.731 0.000
v 268.579 108.453 0.000
v 269.175 107.977 0.000
v 269.604 107.347 0.000
v 269.829 106.619 0.000
v 269.829 105.856 0.000
v 269.604 105.128 0.000
v 269.175 104.498 0.000
v 268.579 104.022 0.000
v 267.869 103.744 0.000
v 267.109 103.687 0.000
v 266.366 103.857 0.000
v 265.705 104.238 0.000
v 265.187 104.797 0.000
v 264.856 105.484 0.000
v 17.092 87.188 0.000
v 17.206 87.941 0.000
v 17.537 88.628 0.000
v 18.055 89.187 0.000
v 18.716 89.568 0.000
v 19.459 89.738 0.000
v 20.219 89.681 0.000
v 20.929 89.403 0.000
v 21.525 88.927 0.000
v 21.954 88.297 0.000
v 22.179 87.569 0.000
v 22.179 86.806 0.000
v 21.954 86.078 0.000
v 21.525 85.448 0.000
v 20.929 84.972 0.000
v 20.219 84.694 0.000
v 19.459 84.637 0.000
v 18.716 84.807 0.000
v 18.055 85.188 0.000
v 17.537 85.747 0.000
v 17.206 86.434 0.000
v 36.142 87.188 0.000
v 36.256 87.941 0.000
v 36.587 88.628 0.000
v 37.105 89.187 0.000
v 37.766 89.568 0.000
v 38.509 89.738 0.000
v 39.269 89.681 0.000
v 39.979 89.403 0.000
v 40.575 88.927 0.000
v 41.004 88.297 0.000
v 41.229 87.569 0.000
v 41.229 86.806 0.000
v 41.004 86.078 0.000
v 40.575 85.448 0.000
v 39.979 84.972 0.000
v 39.269 84.694 0.000
v 38.509 84.637 0.000
v 37.766 84.807 0.000
v 37.105 85.188 0.000
v 36.587 85.747 0.000
v 36.256 86.434 0.000
v 55.192 87.188 0.000
v 55.306 87.941 0.000
v 55.637 88.628 0.000
v 56.155 89.187 0.000
v 56.816 89.568 0.000
v 57.559 89.738 0.000
v 58.319 89.681 0.000
v 59.029 89.403 0.000
v 59.625 88.927 0.000
v 60.054 88.297 0.000
v 60.279 87.569 0.000
v 60.279 86.806 0.000
v 60.054 86.078 0.000
v 59.625 85.448 0.000
v 59.029 84.972 0.000
v 58.319 84.694 0.000
v 57.559 84.637 0.000
v 56.816 84.807 0.000
v 56.155 85.188 0.000
v 55.637 85.747 0.000
v 55.306 86.434 0.000
v 74.242 87.188 0.000
v 74.356 87.941 0.000
v 74.687 88.628 0.000
v 75.205 89.187 0.000
v 75.866 89.568 0.000
v 76.609 89.738 0.000
v 77.369 89.681 0.000
v 78.079 89.403 0.000
v 78.675 88.927 0.000
v 79.104 88.297 0.000
v 79.329 87.569 0.000
v 79.329 86.806 0.000
v 79.104 86.078 0.000
v 78.675 85.448 0.000
v 78.079 84.972 0.000
v 77.369 84.694 0.000
v 76.609 84.637 0.000
v 75.866 84.807 0.000
v 75.205 85.188 0.000
v 74.687 85.747 0.000
v 74.356 86.434 0.000
v 112.342 87.188 0.000
v 112.456 87.941 0.000
v 112.787 88.628 0.000
v 113.305 89.187 0.000
v 113.966 89.568 0.000
v 114.709 89.738 0.000
v 115.469 89.681 0.000
v 116.179 89.403 0.000
v 116.775 88.927 0.000
v 117.204 88.297 0.000
v 117.429 87.569 0.000
v 117.429 86.806 0.000
v 117.204 86.078 0.000
v 116.775 85.448 0.000
v 116.179 84.972 0.000
v 115.469 84.694 0.000
v 114.709 84.637 0.000
v 113.966 84.807 0.000
v 113.305 85.188 0.000
v 112.787 85.747 0.000
v 112.456 86.434 0.000
v 131.392 87.188 0.000
v 131.506 87.941 0.000
v 131.837 88.628 0.000
v 132.355 89.187 0.000
v 133.016 89.568 0.000
v 133.759 89.738 0.000
v 134.519 89.681 0.000
v 135.229 89.403 0.000
v 135.825 88.927 0.000
v 136.254 88.297 0.000
v 136.479 87.569 0.000
v 136.479 86.806 0.000
v 136.254 86.078 0.000
v 135.825 85.448 0.000
v 135.229 84.972 0.000
v 134.519 84.694 0.000
v 133.759 84.637 0.000
v 133.016 84.807 0.000
v 132.355 85.188 0.000
v 131.837 85.747 0.000
v 131.506 86.434 0.000
v 150.442 87.188 0.000
v 150.556 87.941 0.000
v 150.887 88.628 0.000
v 151.405 89.187 0.000
v 152.066 89.568 0.000
v 152.809 89.738 0.000
v 153.569 89.681 0.000
v 154.279 89.403 0.000
v 154.875 88.927 0.000
v 155.304 88.297 0.000
v 155.529 87.569 0.000
v 155.529 86.806 0.000
v 155.304 86.078 0.000
v 154.875 85.448 0.000
v 154.279 84.972 0.000
v 153.569 84.694 0.000
v 152.809 84.637 0.000
v 152.066 84.807 0.000
v 151.405 85.188 0.000
v 150.887 85.747 0.000
v 150.556 86.434 0.000
v 169.492 87.188 0.000
v 169.606 87.941 0.000
v 169.937 88.628 0.000
v 170.455 89.187 0.000
v 171.116 89.568 0.000
v 171.859 89.738 0.000
v 172.619 89.681 0.000
v 173.329 89.403 0.000
v 173.925 88.927 0.000
v 174.354 88.297 0.000
v 174.579 87.569 0.000
v 174.579 86.806 0.000
v 174.354 86.078 0.000
v 173.925 85.448 0.000
v 173.329 84.972 0.000
v 172.619 84.694 0.000
v 171.859 84.637 0.000
v 171.116 84.807 0.000
v 170.455 85.188 0.000
v 169.937 85.747 0.000
v 169.606 86.434 0.000
v 188.542 87.188 0.000
v 188.656 87.941 0.000
v 188.987 88.628 0.000
v 189.505 89.187 0.000
v 190.166 89.568 0.000
v 190.909 89.738 0.000
v 191.669 89.681 0.000
v 192.379 89.403 0.000
v 192.975 88.927 0.000
v 193.404 88.297 0.000
v 193.629 87.569 0.000
v 193.629 86.806 0.000
v 193.404 86.078 0.000
v 192.975 85.448 0.000
v 192.379 84.972 0.000
v 191.669 84.694 0.000
v 190.909 84.637 0.000
v 190.166 84.807 0.000
v 189.505 85.188 0.000
v 188.987 85.747 0.000
v 188.656 86.434 0.000
v 207.592 87.188 0.000
v 207.706 87.941 0.000
v 208.037 88.628 0.000
v 208.555 89.187 0.000
v 209.216 89.568 0.000
v 209.959 89.738 0.000
v 210.719 89.681 0.000
v 211.429 89.403 0.000
v 212.025 88.927 0.000
v 212.454 88.297 0.000
v 212.679 87.569 0.000
v 212.679 86.806 0.000
v 212.454 86.078 0.000
v 212.025 85.448 0.000
v 211.429 84.972 0.000
v 210.719 84.694 0.000
v 209.959 84.637 0.000
v 209.216 84.807 0.000
v 208.555 85.188 0.000
v 208.037 85.747 0.000
v 207.706 86.434 0.000
v 226.642 87.188 0.000
v 226.756 87.941 0.000
v 227.087 88.628 0.000
v 227.605 89.187 0.000
v 228.266 89.568 0.000
v 229.009 89.738 0.000
v 229.769 89.681 0.000
v 230.479 89.403 0.000
v 231.075 88.927 0.000
v 231.504 88.297 0.000
v 231.729 87.569 0.000
v 231.729 86.806 0.000
v 231.504 86.078 0.000
v 231.075 85.448 0.000
v 230.479 84.972 0.000
v 229.769 84.694 0.000
v 229.009 84.637 0.000
v 228.266 84.807 0.000
v 227.605 85.188 0.000
v 227.087 85.747 0.000
v 226.756 86.434 0.000
v 245.692 87.188 0.000
v 245.806 87.941 0.000
v 246.137 88.628 0.000
v 246.655 89.187 0.000
v 247.316 89.568 0.000
v 248.059 89.738 0.000
v 248.819 89.681 0.000
v 249.529 89.403 0.000
v 250.125 88.927 0.000
v 250.554 88.297 0.000
v 250.779 87.569 0.000
v 250.779 86.806 0.000
v 250.554 86.078 0.000
v 250.125 85.448 0.000
v 249.529 84.972 0.000
v 248.819 84.694 0.000
v 248.059 84.637 0.000
v 247.316 84.807 0.000
v 246.655 85.188 0.000
v 246.137 85.747 0.000
v 245.806 86.434 0.000
v 264.742 87.188 0.000
v 264.856 87.941 0.000
v 265.187 88.628 0.000
v 265.705 89.187 0.000
v 266.366 89.568 0.000
v 267.109 89.738 0.000
v 267.869 89.681 0.000
v 268.579 89.403 0.000
v 269.175 88.927 0.000
v 269.604 88.297 0.000
v 269.829 87.569 0.000
v 269.829 86.806 0.000
v 269.604 86.078 0.000
v 269.175 85.448 0.000
v 268.579 84.972 0.000
v 267.869 84.694 0.000
v 267.109 84.637 0.000
v 266.366 84.807 0.000
v 265.705 85.188 0.000
v 265.187 85.747 0.000
v 264.856 86.434 0.000
v 283.792 87.188 0.000
v 283.906 87.941 0.000
v 284.237 88.628 0.000
v 284.755 89.187 0.000
v 285.416 89.568 0.000
v 286.159 89.738 0.000
v 286.919 89.681 0.000
v 287.629 89.403 0.000
v 288.225 88.927 0.000
v 288.654 88.297 0.000
v 288.879 87.569 0.000
v 288.879 86.806 0.000
v 288.654 86.078 0.000
v 288.225 85.448 0.000
v 287.629 84.972 0.000
v 286.919 84.694 0.000
v 286.159 84.637 0.000
v 285.416 84.807 0.000
v 284.755 85.188 0.000
v 284.237 85.747 0.000
v 283.906 86.434 0.000
v 17.092 68.138 0.000
v 17.206 68.891 0.000
v 17.537 69.578 0.000
v 18.055 70.137 0.000
v 18.716 70.518 0.000
v 19.459 70.688 0.000
v 20.219 70.631 0.000
v 20.929 70.353 0.000
v 21.525 69.877 0.000
v 21.954 69.247 0.000
v 22.179 68.519 0.000
v 22.179 67.756 0.000
v 21.954 67.028 0.000
v 21.525 66.398 0.000
v 20.929 65.922 0.000
v 20.219 65.644 0.000
v 19.459 65.587 0.000
v 18.716 65.757 0.000
v 18.055 66.138 0.000
v 17.537 66.697 0.000
v 17.206 67.384 0.000
v 36.142 68.138 0.000
v 36.256 68.891 0.000
v 36.587 69.578 0.000
v 37.105 70.137 0.000
v 37.766 70.518 0.000
v 38.509 70.688 0.000
v 39.269 70.631 0.000
v 39.979 70.353 0.000
v 40.575 69.877 0.000
v 41.004 69.247 0.000
v 41.229 68.519 0.000
v 41.229 67.756 0.000
v 41.004 67.028 0.000
v 40.575 66.398 0.000
v 39.979 65.922 0.000
v 39.269 65.644 0.000
v 38.509 65.587 0.000
v 37.766 65.757 0.000
v 37.105 66.138 0.000
v 36.587 66.697 0.000
v 36.256 67.384 0.000
v 55.192 68.138 0.000
v 55.306 68.891 0.000
v 55.637 69.578 0.000
v 56.155 70.137 0.000
v 56.816 70.518 0.000
v 57.559 70.688 0.000
v 58.319 70.631 0.000
v 59.029 70.353 0.000
v 59.625 69.877 0.000
v 60.054 69.247 0.000
v 60.279 68.519 0.000
v 60.279 67.756 0.000
v 60.054 67.028 0.000
v 59.625 66.398 0.000
v 59.029 65.922 0.000
v 58.319 65.644 0.000
v 57.559 65.587 0.000
v 56.816 65.757 0.000
v 56.155 66.138 0.000
v 55.637 66.697 0.000
v 55.306 67.384 0.000
v 112.342 68.138 0.000
v 112.456 68.891 0.000
v 112.787 69.578 0.000
v 113.305 70.137 0.000
v 113.966 70.518 0.000
v 114.709 70.688 0.000
v 115.469 70.631 0.000
v 116.179 70.353 0.000
v 116.775 69.877 0.000
v 117.204 69.247 0.000
v 117.429 68.519 0.000
v 117.429 67.756 0.000
v 117.204 67.028 0.000
v 116.775 66.398 0.000
v 116.179 65.922 0.000
v 115.469 65.644 0.000
v 114.709 65.587 0.000
v 113.966 65.757 0.000
v 113.305 66.138 0.000
v 112.787 66.697 0.000
v 112.456 67.384 0.000
v 131.392 68.138 0.000
v 131.506 68.891 0.000
v 131.837 69.578 0.000
v 132.355 70.137 0.000
v 133.016 70.518 0.000
v 133.759 70.688 0.000
v 134.519 70.631 0.000
v 135.229 70.353 0.000
v 135.825 69.877 0.000
v 136.254 69.247 0.000
v 136.479 68.519 0.000
v 136.479 67.756 0.000
v 136.254 67.028 0.000
v 135.825 66.398 0.000
v 135.229 65.922 0.000
v 134.519 65.644 0.000
v 133.759 65.587 0.000
v 133.016 65.757 0.000
v 132.355 66.138 0.000
v 131.837 66.697 0.000
v 131.506 67.384 0.000
v 150.442 68.138 0.000
v 150.556 68.891 0.000
v 150.887 69.578 0.000
v 151.405 70.137 0.000
v 152.066 70.518 0.000
v 152.809 70.688 0.000
v 153.569 70.631 0.000
v 154.279 70.353 0.000
v 154.875 69.877 0.000
v 155.304 69.247 0.000
v 155.529 68.519 0.000
v 155.529 67.756 0.000
v 155.304 67.028 0.000
v 154.875 66.398 0.000
v 154.279 65.922 0.000
v 153.569 65.644 0.000
v 152.809 65.587 0.000
v 152.066 65.757 0.000
v 151.405 66.138 0.000
v 150.887 66.697 0.000
v 150.556 67.384 0.000
v 188.542 68.138 0.000
v 188.656 68.891 0.000
v 188.987 69.578 0.000
v 189.505 70.137 0.000
v 190.166 70.518 0.000
v 190.909 70.688 0.000
v 191.669 70.631 0.000
v 192.379 70.353 0.000
v 192.975 69.877 0.000
v 193.404 69.247 0.000
v 193.629 68.519 0.000
v 193.629 67.756 0.000
v 193.404 67.028 0.000
v 192.975 66.398 0.000
v 192.379 65.922 0.000
v 191.669 65.644 0.000
v 190.909 65.587 0.000
v 190.166 65.757 0.000
v 189.505 66.138 0.000
v 188.987 66.697 0.000
v 188.656 67.384 0.000
v 207.592 68.138 0.000
v 207.706 68.891 0.000
v 208.037 69.578 0.000
v 208.555 70.137 0.000
v 209.216 70.518 0.000
v 209.959 70.688 0.000
v 210.719 70.631 0.000
v 211.429 70.353 0.000
v 212.025 69.877 0.000
v 212.454 69.247 0.000
v 212.679 68.519 0.000
v 212.679 67.756 0.000
v 212.454 67.028 0.000
v 212.025 66.398 0.000
v 211.429 65.922 0.000
v 210.719 65.644 0.000
v 209.959 65.587 0.000
v 209.216 65.757 0.000
v 208.555 66.138 0.000
v 208.037 66.697 0.000
v 207.706 67.384 0.000
v 226.642 68.138 0.000
v 226.756 68.891 0.000
v 227.087 69.578 0.000
v 227.605 70.137 0.000
v 228.266 70.518 0.000
v 229.009 70.688 0.000
v 229.769 70.631 0.000
v 230.479 70.353 0.000
v 231.075 69.877 0.000
v 231.504 69.247 0.000
v 231.729 68.519 0.000
v 231.729 67.756 0.000
v 231.504 67.028 0.000
v 231.075 66.398 0.000
v 230.479 65.922 0.000
v 229.769 65.644 0.000
v 229.009 65.587 0.000
v 228.266 65.757 0.000
v 227.605 66.138 0.000
v 227.087 66.697 0.000
v 226.756 67.384 0.000
v 245.692 68.138 0.000
v 245.806 68.891 0.000
v 246.137 69.578 0.000
v 246.655 70.137 0.000
v 247.316 70.518 0.000
v 248.059 70.688 0.000
v 248.819 70.631 0.000
v 249.529 70.353 0.000
v 250.125 69.877 0.000
v 250.554 69.247 0.000
v 250.779 68.519 0.000
v 250.779 67.756 0.000
v 250.554 67.028 0.000
v 250.125 66.398 0.000
v 249.529 65.922 0.000
v 248.819 65.644 0.000
v 248.059 65.587 0.000
v 247.316 65.757 0.000
v 246.655 66.138 0.000
v 246.137 66.697 0.000
v 245.806 67.384 0.000
v 264.742 68.138 0.000
v 264.856 68.891 0.000
v 265.187 69.578 0.000
v 265.705 70.137 0.000
v 266.366 70.518 0.000
v 267.109 70.688 0.000
v 267.869 70.631 0.000
v 268.579 70.353 0.000
v 269.175 69.877 0.000
v 269.604 69.247 0.000
v 269.829 68.519 0.000
v 269.829 67.756 0.000
v 269.604 67.028 0.000
v 269.175 66.398 0.000
v 268.579 65.922 0.000
v 267.869 65.644 0.000
v 267.109 65.587 0.000
v 266.366 65.757 0.000
v 265.705 66.138 0.000
v 265.187 66.697 0.000
v 264.856 67.384 0.000
v 283.792 68.138 0.000
v 283.906 68.891 0.000
v 284.237 69.578 0.000
v 284.755 70.137 0.000
v 285.416 70.518 0.000
v 286.159 70.688 0.000
v 286.919 70.631 0.000
v 287.629 70.353 0.000
v 288.225 69.877 0.000
v 288.654 69.247 0.000
v 288.879 68.519 0.000
v 288.879 67.756 0.000
v 288.654 67.028 0.000
v 288.225 66.398 0.000
v 287.629 65.922 0.000
v 286.919 65.644 0.000
v 286.159 65.587 0.000
v 285.416 65.757 0.000
v 284.755 66.138 0.000
v 284.237 66.697 0.000
v 283.906 67.384 0.000
v 55.192 49.088 0.000
v 55.306 49.841 0.000
v 55.637 50.528 0.000
v 56.155 51.087 0.000
v 56.816 51.468 0.000
v 57.559 51.638 0.000
v 58.319 51.581 0.000
v 59.029 51.303 0.000
v 59.625 50.827 0.000
v 60.054 50.197 0.000
v 60.279 49.469 0.000
v 60.279 48.706 0.000
v 60.054 47.978 0.000
v 59.625 47.348 0.000
v 59.029 46.872 0.000
v 58.319 46.594 0.000
v 57.559 46.537 0.000
v 56.816 46.707 0.000
v 56.155 47.088 0.000
v 55.637 47.647 0.000
v 55.306 48.334 0.000
v 74.242 49.088 0.000
v 74.356 49.841 0.000
v 74.687 50.528 0.000
v 75.205 51.087 0.000
v 75.866 51.468 0.000
v 76.609 51.638 0.000
v 77.369 51.581 0.000
v 78.079 51.303 0.000
v 78.675 50.827 0.000
v 79.104 50.197 0.000
v 79.329 49.469 0.000
v 79.329 48.706 0.000
v 79.104 47.978 0.000
v 78.675 47.348 0.000
v 78.079 46.872 0.000
v 77.369 46.594 0.000
v 76.609 46.537 0.000
v 75.866 46.707 0.000
v 75.205 47.088 0.000
v 74.687 47.647 0.000
v 74.356 48.334 0.000
v 93.292 49.088 0.000
v 93.406 49.841 0.000
v 93.737 50.528 0.000
v 94.255 51.087 0.000
v 94.916 51.468 0.000
v 95.659 51.638 0.000
v 96.419 51.581 0.000
v 97.129 51.303 0.000
v 97.725 50.827 0.000
v 98.154 50.197 0.000
v 98.379 49.469 0.000
v 98.379 48.706 0.000
v 98.154 47.978 0.000
v 97.725 47.348 0.000
v 97.129 46.872 0.000
v 96.419 46.594 0.000
v 95.659 46.537 0.000
v 94.916 46.707 0.000
v 94.255 47.088 0.000
v 93.737 47.647 0.000
v 93.406 48.334 0.000
v 150.442 49.088 0.000
v 150.556 49.841 0.000
v 150.887 50.528 0.000
v 151.405 51.087 0.000
v 152.066 51.468 0.000
v 152.809 51.638 0.000
v 153.569 51.581 0.000
v 154.279 51.303 0.000
v 154.875 50.827 0.000
v 155.304 50.197 0.000
v 155.529 49.469 0.000
v 155.529 48.706 0.000
v 155.304 47.978 0.000
v 154.875 47.348 0.000
v 154.279 46.872 0.000
v 153.569 46.594 0.000
v 152.809 46.537 0.000
v 152.066 46.707 0.000
v 151.405 47.088 0.000
v 150.887 47.647 0.000
v 150.556 48.334 0.000
v 188.542 49.088 0.000
v 188.656 49.841 0.000
v 188.987 50.528 0.000
v 189.505 51.087 0.000
v 190.166 51.468 0.000
v 190.909 51.638 0.000
v 191.669 51.581 0.000
v 192.379 51.303 0.000
v 192.975 50.827 0.000
v 193.404 50.197 0.000
v 193.629 49.469 0.000
v 193.629 48.706 0.000
v 193.404 47.978 0.000
v 192.975 47.348 0.000
v 192.379 46.872 0.000
v 191.669 46.594 0.000
v 190.909 46.537 0.000
v 190.166 46.707 0.000
v 189.505 47.088 0.000
v 188.987 47.647 0.000
v 188.656 48.334 0.000
v 207.592 49.088 0.000
v 207.706 49.841 0.000
v 208.037 50.528 0.000
v 208.555 51.087 0.000
v 209.216 51.468 0.000
v 209.959 51.638 0.000
v 210.719 51.581 0.000
v 211.429 51.303 0.000
v 212.025 50.827 0.000
v 212.454 50.197 0.000
v 212.679 49.469 0.000
v 212.679 48.706 0.000
v 212.454 47.978 0.000
v 212.025 47.348 0.000
v 211.429 46.872 0.000
v 210.719 46.594 0.000
v 209.959 46.537 0.000
v 209.216 46.707 0.000
v 208.555 47.088 0.000
v 208.037 47.647 0.000
v 207.706 48.334 0.000
v 226.642 49.088 0.000
v 226.756 49.841 0.000
v 227.087 50.528 0.000
v 227.605 51.087 0.000
v 228.266 51.468 0.000
v 229.009 51.638 0.000
v 229.769 51.581 0.000
v 230.479 51.303 0.000
v 231.075 50.827 0.000
v 231.504 50.197 0.000
v 231.729 49.469 0.000
v 231.729 48.706 0.000
v 231.504 47.978 0.000
v 231.075 47.348 0.000
v 230.479 46.872 0.000
v 229.769 46.594 0.000
v 229.009 46.537 0.000
v 228.266 46.707 0.000
v 227.605 47.088 0.000
v 227.087 47.647 0.000
v 226.756 48.334 0.000
v 245.692 49.088 0.000
v 245.806 49.841 0.000
v 246.137 50.528 0.000
v 246.655 51.087 0.000
v 247.316 51.468 0.000
v 248.059 51.638 0.000
v 248.819 51.581 0.000
v 249.529 51.303 0.000
v 250.125 50.827 0.000
v 250.554 50.197 0.000
v 250.779 49.469 0.000
v 250.779 48.706 0.000
v 250.554 47.978 0.000
v 250.125 47.348 0.000
v 249.529 46.872 0.000
v 248.819 46.594 0.000
v 248.059 46.537 0.000
v 247.316 46.707 0.000
v 246.655 47.088 0.000
v 246.137 47.647 0.000
v 245.806 48.334 0.000
v 264.742 49.088 0.000
v 264.856 49.841 0.000
v 265.187 50.528 0.000
v 265.705 51.087 0.000
v 266.366 51.468 0.000
v 267.109 51.638 0.000
v 267.869 51.581 0.000
v 268.579 51.303 0.000
v 269.175 50.827 0.000
v 269.604 50.197 0.000
v 269.829 49.469 0.000
v 269.829 48.706 0.000
v 269.604 47.978 0.000
v 269.175 47.348 0.000
v 268.579 46.872 0.000
v 267.869 46.594 0.000
v 267.109 46.537 0.000
v 266.366 46.707 0.000
v 265.705 47.088 0.000
v 265.187 47.647 0.000
v 264.856 48.334 0.000
v 283.792 49.088 0.000
v 283.906 49.841 0.000
v 284.237 50.528 0.000
v 284.755 51.087 0.000
v 285.416 51.468 0.000
v 286.159 51.638 0.000
v 286.919 51.581 0.000
v 287.629 51.303 0.000
v 288.225 50.827 0.000
v 288.654 50.197 0.000
v 288.879 49.469 0.000
v 288.879 48.706 0.000
v 288.654 47.978 0.000
v 288.225 47.348 0.000
v 287.629 46.872 0.000
v 286.919 46.594 0.000
v 286.159 46.537 0.000
v 285.416 46.707 0.000
v 284.755 47.088 0.000
v 284.237 47.647 0.000
v 283.906 48.334 0.000
v 17.092 30.037 0.000
v 17.206 30.791 0.000
v 17.537 31.478 0.000
v 18.055 32.037 0.000
v 18.716 32.418 0.000
v 19.459 32.588 0.000
v 20.219 32.531 0.000
v 20.929 32.253 0.000
v 21.525 31.777 0.000
v 21.954 31.147 0.000
v 22.179 30.419 0.000
v 22.179 29.656 0.000
v 21.954 28.928 0.000
v 21.525 28.298 0.000
v 20.929 27.822 0.000
v 20.219 27.544 0.000
v 19.459 27.487 0.000
v 18.716 27.657 0.000
v 18.055 28.038 0.000
v 17.537 28.597 0.000
v 17.206 29.284 0.000
v 36.142 30.037 0.000
v 36.256 30.791 0.000
v 36.587 31.478 0.000
v 37.105 32.037 0.000
v 37.766 32.418 0.000
v 38.509 32.588 0.000
v 39.269 32.531 0.000
v 39.979 32.253 0.000
v 40.575 31.777 0.000
v 41.004 31.147 0.000
v 41.229 30.419 0.000
v 41.229 29.656 0.000
v 41.004 28.928 0.000
v 40.575 28.298 0.000
v 39.979 27.822 0.000
v 39.269 27.544 0.000
v 38.509 27.487 0.000
v 37.766 27.657 0.000
v 37.105 28.038 0.000
v 36.587 28.597 0.000
v 36.256 29.284 0.000
v 55.192 30.037 0.000
v 55.306 30.791 0.000
v 55.637 31.478 0.000
v 56.155 32.037 0.000
v 56.816 32.418 0.000
v 57.559 32.588 0.000
v 58.319 32.531 0.000
v 59.029 32.253 0.000
v 59.625 31.777 0.000
v 60.054 31.147 0.000
v 60.279 30.419 0.000
v 60.279 29.656 0.000
v 60.054 28.928 0.000
v 59.625 28.298 0.000
v 59.029 27.822 0.000
v 58.319 27.544 0.000
v 57.559 27.487 0.000
v 56.816 27.657 0.000
v 56.155 28.038 0.000
v 55.637 28.597 0.000
v 55.306 29.284 0.000
v 74.242 30.037 0.000
v 74.356 30.791 0.000
v 74.687 31.478 0.000
v 75.205 32.037 0.000
v 75.866 32.418 0.000
v 76.609 32.588 0.000
v 77.369 32.531 0.000
v 78.079 32.253 0.000
v 78.675 31.777 0.000
v 79.104 31.147 0.000
v 79.329 30.419 0.000
v 79.329 29.656 0.000
v 79.104 28.928 0.000
v 78.675 28.298 0.000
v 78.079 27.822 0.000
v 77.369 27.544 0.000
v 76.609 27.487 0.000
v 75.866 27.657 0.000
v 75.205 28.038 0.000
v 74.687 28.597 0.000
v 74.356 29.284 0.000
v 93.292 30.037 0.000
v 93.406 30.791 0.000
v 93.737 31.478 0.000
v 94.255 32.037 0.000
v 94.916 32.418 0.000
v 95.659 32.588 0.000
v 96.419 32.531 0.000
v 97.129 32.253 0.000
v 97.725 31.777 0.000
v 98.154 31.147 0.000
v 98.379 30.419 0.000
v 98.379 29.656 0.000
v 98.154 28.928 0.000
v 97.725 28.298 0.000
v 97.129 27.822 0.000
v 96.419 27.544 0.000
v 95.659 27.487 0.000
v 94.916 27.657 0.000
v 94.255 28.038 0.000
v 93.737 28.597 0.000
v 93.406 29.284 0.000
v 112.342 30.037 0.000
v 112.456 30.791 0.000
v 112.787 31.478 0.000
v 113.305 32.037 0.000
v 113.966 32.418 0.000
v 114.709 32.588 0.000
v 115.469 32.531 0.000
v 116.179 32.253 0.000
v 116.775 31.777 0.000
v 117.204 31.147 0.000
v 117.429 30.419 0.000
v 117.429 29.656 0.000
v 117.204 28.928 0.000
v 116.775 28.298 0.000
v 116.179 27.822 0.000
v 115.469 27.544 0.000
v 114.709 27.487 0.000
v 113.966 27.657 0.000
v 113.305 28.038 0.000
v 112.787 28.597 0.000
v 112.456 29.284 0.000
v 131.392 30.037 0.000
v 131.506 30.791 0.000
v 131.837 31.478 0.000
v 132.355 32.037 0.000
v 133.016 32.418 0.000
v 133.759 32.588 0.000
v 134.519 32.531 0.000
v 135.229 32.253 0.000
v 135.825 31.777 0.000
v 136.254 31.147 0.000
v 136.479 30.419 0.000
v 136.479 29.656 0.000
v 136.254 28.928 0.000
v 135.825 28.298 0.000
v 135.229 27.822 0.000
v 134.519 27.544 0.000
v 133.759 27.487 0.000
v 133.016 27.657 0.000
v 132.355 28.038 0.000
v 131.837 28.597 0.000
v 131.506 29.284 0.000
v 150.442 30.037 0.000
v 150.556 30.791 0.000
v 150.887 31.478 0.000
v 151.405 32.037 0.000
v 152.066 32.418 0.000
v 152.809 32.588 0.000
v 153.569 32.531 0.000
v 154.279 32.253 0.000
v 154.875 31.777 0.000
v 155.304 31.147 0.000
v 155.529 30.419 0.000
v 155.529 29.656 0.000
v 155.304 28.928 0.000
v 154.875 28.298 0.000
v 154.279 27.822 0.000
v 153.569 27.544 0.000
v 152.809 27.487 0.000
v 152.066 27.657 0.000
v 151.405 28.038 0.000
v 150.887 28.597 0.000
v 150.556 29.284 0.000
v 169.492 30.037 0.000
v 169.606 30.791 0.000
v 169.937 31.478 0.000
v 170.455 32.037 0.000
v 171.116 32.418 0.000
v 171.859 32.588 0.000
v 172.619 32.531 0.000
v 173.329 32.253 0.000
v 173.925 31.777 0.000
v 174.354 31.147 0.000
v 174.579 30.419 0.000
v 174.579 29.656 0.000
v 174.354 28.928 0.000
v 173.925 28.298 0.000
v 173.329 27.822 0.000
v 172.619 27.544 0.000
v 171.859 27.487 0.000
v 171.116 27.657 0.000
v 170.455 28.038 0.000
v 169.937 28.597 0.000
v 169.606 29.284 0.000
v 188.542 30.037 0.000
v 188.656 30.791 0.000
v 188.987 31.478 0.000
v 189.505 32.037 0.000
v 190.166 32.418 0.000
v 190.909 32.588 0.000
v 191.669 32.531 0.000
v 192.379 32.253 0.000
v 192.975 31.777 0.000
v 193.404 31.147 0.000
v 193.629 30.419 0.000
v 193.629 29.656 0.000
v 193.404 28.928 0.000
v 192.975 28.298 0.000
v 192.379 27.822 0.000
v 191.669 27.544 0.000
v 190.909 27.487 0.000
v 190.166 27.657 0.000
v 189.505 28.038 0.000
v 188.987 28.597 0.000
v 188.656 29.284 0.000
v 207.592 30.037 0.000
v 207.706 30.791 0.000
v 208.037 31.478 0.000
v 208.555 32.037 0.000
v 209.216 32.418 0.000
v 209.959 32.588 0.000
v 210.719 32.531 0.000
v 211.429 32.253 0.000
v 212.025 31.777 0.000
v 212.454 31.147 0.000
v 212.679 30.419 0.000
v 212.679 29.656 0.000
v 212.454 28.928 0.000
v 212.025 28.298 0.000
v 211.429 27.822 0.000
v 210.719 27.544 0.000
v 209.959 27.487 0.000
v 209.216 27.657 0.000
v 208.555 28.038 0.000
v 208.037 28.597 0.000
v 207.706 29.284 0.000
v 226.642 30.037 0.000
v 226.756 30.791 0.000
v 227.087 31.478 0.000
v 227.605 32.037 0.000
v 228.266 32.418 0.000
v 229.009 32.588 0.000
v 229.769 32.531 0.000
v 230.479 32.253 0.000
v 231.075 31.777 0.000
v 231.504 31.147 0.000
v 231.729 30.419 0.000
v 231.729 29.656 0.000
v 231.504 28.928 0.000
v 231.075 28.298 0.000
v 230.479 27.822 0.000
v 229.769 27.544 0.000
v 229.009 27.487 0.000
v 228.266 27.657 0.000
v 227.605 28.038 0.000
v 227.087 28.597 0.000
v 226.756 29.284 0.000
v 245.692 30.037 0.000
v 245.806 30.791 0.000
v 246.137 31.478 0.000
v 246.655 32.037 0.000
v 247.316 32.418 0.000
v 248.059 32.588 0.000
v 248.819 32.531 0.000
v 249.529 32.253 0.000
v 250.125 31.777 0.000
v 250.554 31.147 0.000
v 250.779 30.419 0.000
v 250.779 29.656 0.000
v 250.554 28.928 0.000
v 250.125 28.298 0.000
v 249.529 27.822 0.000
v 248.819 27.544 0.000
v 248.059 27.487 0.000
v 247.316 27.657 0.000
v 246.655 28.038 0.000
v 246.137 28.597 0.000
v 245.806 29.284 0.000
v 264.742 30.037 0.000
v 264.856 30.791 0.000
v 265.187 31.478 0.000
v 265.705 32.037 0.000
v 266.366 32.418 0.000
v 267.109 32.588 0.000
v 267.869 32.531 0.000
v 268.579 32.253 0.000
v 269.175 31.777 0.000
v 269.604 31.147 0.000
v 269.829 30.419 0.000
v 269.829 29.656 0.000
v 269.604 28.928 0.000
v 269.175 28.298 0.000
v 268.579 27.822 0.000
v 267.869 27.544 0.000
v 267.109 27.487 0.000
v 266.366 27.657 0.000
v 265.705 28.038 0.000
v 265.187 28.597 0.000
v 264.856 29.284 0.000
v 283.792 30.037 0.000
v 283.906 30.791 0.000
v 284.237 31.478 0.000
v 284.755 32.037 0.000
v 285.416 32.418 0.000
v 286.159 32.588 0.000
v 286.919 32.531 0.000
v 287.629 32.253 0.000
v 288.225 31.777 0.000
v 288.654 31.147 0.000
v 288.879 30.419 0.000
v 288.879 29.656 0.000
v 288.654 28.928 0.000
v 288.225 28.298 0.000
v 287.629 27.822 0.000
v 286.919 27.544 0.000
v 286.159 27.487 0.000
v 285.416 27.657 0.000
v 284.755 28.038 0.000
v 284.237 28.597 0.000
v 283.906 29.284 0.000
v 17.092 10.988 0.000
v 17.206 11.741 0.000
v 17.537 12.428 0.000
v 18.055 12.987 0.000
v 18.716 13.368 0.000
v 19.459 13.538 0.000
v 20.219 13.481 0.000
v 20.929 13.203 0.000
v 21.525 12.727 0.000
v 21.954 12.097 0.000
v 22.179 11.369 0.000
v 22.179 10.606 0.000
v 21.954 9.878 0.000
v 21.525 9.248 0.000
v 20.929 8.772 0.000
v 20.219 8.494 0.000
v 19.459 8.437 0.000
v 18.716 8.607 0.000
v 18.055 8.988 0.000
v 17.537 9.547 0.000
v 17.206 10.234 0.000
v 55.192 10.988 0.000
v 55.306 11.741 0.000
v 55.637 12.428 0.000
v 56.155 12.987 0.000
v 56.816 13.368 0.000
v 57.559 13.538 0.000
v 58.319 13.481 0.000
v 59.029 13.203 0.000
v 59.625 12.727 0.000
v 60.054 12.097 0.000
v 60.279 11.369 0.000
v 60.279 10.606 0.000
v 60.054 9.878 0.000
v 59.625 9.248 0.000
v 59.029 8.772 0.000
v 58.319 8.494 0.000
v 57.559 8.437 0.000
v 56.816 8.607 0.000
v 56.155 8.988 0.000
v 55.637 9.547 0.000
v 55.306 10.234 0.000
v 112.342 10.988 0.000
v 112.456 11.741 0.000
v 112.787 12.428 0.000
v 113.305 12.987 0.000
v 113.966 13.368 0.000
v 114.709 13.538 0.000
v 115.469 13.481 0.000
v 116.179 13.203 0.000
v 116.775 12.727 0.000
v 117.204 12.097 0.000
v 117.429 11.369 0.000
v 117.429 10.606 0.000
v 117.204 9.878 0.000
v 116.775 9.248 0.000
v 116.179 8.772 0.000
v 115.469 8.494 0.000
v 114.709 8.437 0.000
v 113.966 8.607 0.000
v 113.305 8.988 0.000
v 112.787 9.547 0.000
v 112.456 10.234 0.000
v 131.392 10.988 0.000
v 131.506 11.741 0.000
v 131.837 12.428 0.000
v 132.355 12.987 0.000
v 133.016 13.368 0.000
v 133.759 13.538 0.000
v 134.519 13.481 0.000
v 135.229 13.203 0.000
v 135.825 12.727 0.000
v 136.254 12.097 0.000
v 136.479 11.369 0.000
v 136.479 10.606 0.000
v 136.254 9.878 0.000
v 135.825 9.248 0.000
v 135.229 8.772 0.000
v 134.519 8.494 0.000
v 133.759 8.437 0.000
v 133.016 8.607 0.000
v 132.355 8.988 0.000
v 131.837 9.547 0.000
v 131.506 10.234 0.000
v 169.492 10.988 0.000
v 169.606 11.741 0.000
v 169.937 12.428 0.000
v 170.455 12.987 0.000
v 171.116 13.368 0.000
v 171.859 13.538 0.000
v 172.619 13.481 0.000
v 173.329 13.203 0.000
v 173.925 12.727 0.000
v 174.354 12.097 0.000
v 174.579 11.369 0.000
v 174.579 10.606 0.000
v 174.354 9.878 0.000
v 173.925 9.248 0.000
v 173.329 8.772 0.000
v 172.619 8.494 0.000
v 171.859 8.437 0.000
v 171.116 8.607 0.000
v 170.455 8.988 0.000
v 169.937 9.547 0.000
v 169.606 10.234 0.000
v 188.542 10.988 0.000
v 188.656 11.741 0.000
v 188.987 12.428 0.000
v 189.505 12.987 0.000
v 190.166 13.368 0.000
v 190.909 13.538 0.000
v 191.669 13.481 0.000
v 192.379 13.203 0.000
v 192.975 12.727 0.000
v 193.404 12.097 0.000
v 193.629 11.369 0.000
v 193.629 10.606 0.000
v 193.404 9.878 0.000
v 192.975 9.248 0.000
v 192.379 8.772 0.000
v 191.669 8.494 0.000
v 190.909 8.437 0.000
v 190.166 8.607 0.000
v 189.505 8.988 0.000
v 188.987 9.547 0.000
v 188.656 10.234 0.000
v 207.592 10.988 0.000
v 207.706 11.741 0.000
v 208.037 12.428 0.000
v 208.555 12.987 0.000
v 209.216 13.368 0.000
v 209.959 13.538 0.000
v 210.719 13.481 0.000
v 211.429 13.203 0.000
v 212.025 12.727 0.000
v 212.454 12.097 0.000
v 212.679 11.369 0.000
v 212.679 10.606 0.000
v 212.454 9.878 0.000
v 212.025 9.248 0.000
v 211.429 8.772 0.000
v 210.719 8.494 0.000
v 209.959 8.437 0.000
v 209.216 8.607 0.000
v 208.555 8.988 0.000
v 208.037 9.547 0.000
v 207.706 10.234 0.000
v 226.642 10.988 0.000
v 226.756 11.741 0.000
v 227.087 12.428 0.000
v 227.605 12.987 0.000
v 228.266 13.368 0.000
v 229.009 13.538 0.000
v 229.769 13.481 0.000
v 230.479 13.203 0.000
v 231.075 12.727 0.000
v 231.504 12.097 0.000
v 231.729 11.369 0.000
v 231.729 10.606 0.000
v 231.504 9.878 0.000
v 231.075 9.248 0.000
v 230.479 8.772 0.000
v 229.769 8.494 0.000
v 229.009 8.437 0.000
v 228.266 8.607 0.000
v 227.605 8.988 0.000
v 227.087 9.547 0.000
v 226.756 10.234 0.000
v 245.692 10.988 0.000
v 245.806 11.741 0.000
v 246.137 12.428 0.000
v 246.655 12.987 0.000
v 247.316 13.368 0.000
v 248.059 13.538 0.000
v 248.819 13.481 0.000
v 249.529 13.203 0.000
v 250.125 12.727 0.000
v 250.554 12.097 0.000
v 250.779 11.369 0.000
v 250.779 10.606 0.000
v 250.554 9.878 0.000
v 250.125 9.248 0.000
v 249.529 8.772 0.000
v 248.819 8.494 0.000
v 248.059 8.437 0.000
v 247.316 8.607 0.000
v 246.655 8.988 0.000
v 246.137 9.547 0.000
v 245.806 10.234 0.000
v 264.742 10.988 0.000
v 264.856 11.741 0.000
v 265.187 12.428 0.000
v 265.705 12.987 0.000
v 266.366 13.368 0.000
v 267.109 13.538 0.000
v 267.869 13.481 0.000
v 268.579 13.203 0.000
v 269.175 12.727 0.000
v 269.604 12.097 0.000
v 269.829 11.369 0.000
v 269.829 10.606 0.000
v 269.604 9.878 0.000
v 269.175 9.248 0.000
v 268.579 8.772 0.000
v 267.869 8.494 0.000
v 267.109 8.437 0.000
v 266.366 8.607 0.000
v 265.705 8.988 0.000
v 265.187 9.547 0.000
v 264.856 10.234 0.000
v 142.375 185.000 0.000
v 142.603 186.511 0.000
v 143.266 187.887 0.000
v 144.305 189.007 0.000
v 145.628 189.771 0.000
v 147.117 190.111 0.000
v 148.640 189.997 0.000
v 150.062 189.438 0.000
v 151.257 188.486 0.000
v 152.117 187.224 0.000
v 152.568 185.764 0.000
v 152.568 184.236 0.000
v 152.117 182.776 0.000
v 151.257 181.514 0.000
v 150.062 180.562 0.000
v 148.640 180.003 0.000
v 147.117 179.889 0.000
v 145.628 180.229 0.000
v 144.305 180.993 0.000
v 143.266 182.113 0.000
v 142.603 183.489 0.000
v 142.375 104.250 0.000
v 142.603 105.761 0.000
v 143.266 107.137 0.000
v 144.305 108.257 0.000
v 145.628 109.021 0.000
v 147.117 109.361 0.000
v 148.640 109.247 0.000
v 150.062 108.688 0.000
v 151.257 107.736 0.000
v 152.117 106.474 0.000
v 152.568 105.014 0.000
v 152.568 103.486 0.000
v 152.117 102.026 0.000
v 151.257 100.764 0.000
v 150.062 99.812 0.000
v 148.640 99.253 0.000
v 147.117 99.139 0.000
v 145.628 99.479 0.000
v 144.305 100.243 0.000
v 143.266 101.363 0.000
v 142.603 102.739 0.000
v 5.375 106.606 0.000
v 5.603 108.117 0.000
v 6.266 109.493 0.000
v 7.305 110.613 0.000
v 8.628 111.377 0.000
v 10.117 111.717 0.000
v 11.640 111.602 0.000
v 13.062 111.044 0.000
v 14.257 110.092 0.000
v 15.117 108.830 0.000
v 15.568 107.370 0.000
v 15.568 105.842 0.000
v 15.117 104.382 0.000
v 14.257 103.120 0.000
v 13.062 102.168 0.000
v 11.640 101.609 0.000
v 10.117 101.495 0.000
v 8.628 101.835 0.000
v 7.305 102.599 0.000
v 6.266 103.719 0.000
v 5.603 105.095 0.000
v 298.810 95.365 0.000
v 297.357 95.365 0.000
v 297.113 94.778 0.000
v 296.726 94.274 0.000
v 296.222 93.887 0.000
v 295.635 93.643 0.000
v 295.635 92.190 0.000
v 295.604 91.994 0.000
v 295.514 91.817 0.000
v 295.373 91.676 0.000
v 295.196 91.586 0.000
v 295.000 91.555 0.000
v 294.804 91.586 0.000
v 294.627 91.676 0.000
v 294.486 91.817 0.000
v 294.396 91.994 0.000
v 294.365 92.190 0.000
v 294.365 93.643 0.000
v 293.778 93.887 0.000
v 293.274 94.274 0.000
v 292.887 94.778 0.000
v 292.643 95.365 0.000
v 291.190 95.365 0.000
v 290.994 95.396 0.000
v 290.817 95.486 0.000
v 290.676 95.627 0.000
v 290.586 95.804 0.000
v 290.555 96.000 0.000
v 290.586 96.196 0.000
v 290.676 96.373 0.000
v 290.817 96.514 0.000
v 290.994 96.604 0.000
v 291.190 96.635 0.000
v 292.643 96.635 0.000
v 292.887 97.222 0.000
v 293.274 97.726 0.000
v 293.778 98.113 0.000
v 294.365 98.357 0.000
v 294.365 99.810 0.000
v 294.396 100.006 0.000
v 294.486 100.183 0.000
v 294.627 100.324 0.000
v 294.804 100.414 0.000
v 295.000 100.445 0.000
v 295.196 100.414 0.000
v 295.373 100.324 0.000
v 295.514 100.183 0.000
v 295.604 100.006 0.000
v 295.635 99.810 0.000
v 295.635 98.357 0.000
v 296.222 98.113 0.000
v 296.726 97.726 0.000
v 297.113 97.222 0.000
v 297.357 96.635 0.000
v 298.810 96.635 0.000
v 299.006 96.604 0.000
v 299.183 96.514 0.000
v 299.324 96.373 0.000
v 299.414 96.196 0.000
v 299.445 96.000 0.000
v 299.414 95.804 0.000
v 299.324 95.627 0.000
v 299.183 95.486 0.000
v 299.006 95.396 0.000
v 95.365 143.357 0.000
v 95.365 144.810 0.000
v 95.396 145.006 0.000
v 95.486 145.183 0.000
v 95.627 145.324 0.000
v 95.804 145.414 0.000
v 96.000 145.445 0.000
v 96.196 145.414 0.000
v 96.373 145.324 0.000
v 96.514 145.183 0.000
v 96.604 145.006 0.000
v 96.635 144.810 0.000
v 96.635 143.357 0.000
v 97.222 143.113 0.000
v 97.726 142.726 0.000
v 98.113 142.222 0.000
v 98.357 141.635 0.000
v 99.810 141.635 0.000
v 100.006 141.604 0.000
v 100.183 141.514 0.000
v 100.324 141.373 0.000
v 100.414 141.196 0.000
v 100.445 141.000 0.000
v 100.414 140.804 0.000
v 100.324 140.627 0.000
v 100.183 140.486 0.000
v 100.006 140.396 0.000
v 99.810 140.365 0.000
v 98.357 140.365 0.000
v 98.113 139.778 0.000
v 97.726 139.274 0.000
v 97.222 138.887 0.000
v 96.635 138.643 0.000
v 96.635 132.020 0.000
v 97.121 131.796 0.000
v 97.535 131.458 0.000
v 97.851 131.027 0.000
v 98.049 130.530 0.000
v 98.117 130.000 0.000
v 98.049 129.470 0.000
v 97.851 128.973 0.000
v 97.535 128.542 0.000
v 97.121 128.204 0.000
v 96.635 127.980 0.000
v 96.635 108.672 0.000
v 96.635 103.803 0.000
v 97.277 104.115 0.000
v 97.807 104.591 0.000
v 98.186 105.195 0.000
v 98.383 105.881 0.000
v 98.383 106.594 0.000
v 98.186 107.280 0.000
v 97.807 107.884 0.000
v 97.277 108.360 0.000
v 96.635 70.572 0.000
v 96.635 65.703 0.000
v 97.277 66.015 0.000
v 97.807 66.491 0.000
v 98.186 67.095 0.000
v 98.383 67.781 0.000
v 98.383 68.494 0.000
v 98.186 69.180 0.000
v 97.807 69.784 0.000
v 97.277 70.260 0.000
v 96.635 54.405 0.000
v 97.905 53.135 0.000
v 97.576 53.178 0.000
v 97.270 53.305 0.000
v 97.007 53.507 0.000
v 96.805 53.770 0.000
v 96.678 54.076 0.000
v 116.480 53.135 0.000
v 116.736 53.671 0.000
v 117.131 54.114 0.000
v 117.633 54.431 0.000
v 118.203 54.596 0.000
v 118.797 54.596 0.000
v 119.367 54.431 0.000
v 119.869 54.114 0.000
v 120.264 53.671 0.000
v 120.520 53.135 0.000
v 171.480 53.135 0.000
v 171.736 53.671 0.000
v 172.131 54.114 0.000
v 172.633 54.431 0.000
v 173.203 54.596 0.000
v 173.797 54.596 0.000
v 174.367 54.431 0.000
v 174.869 54.114 0.000
v 175.264 53.671 0.000
v 175.520 53.135 0.000
v 182.143 53.135 0.000
v 182.387 53.722 0.000
v 182.774 54.226 0.000
v 183.278 54.613 0.000
v 183.865 54.857 0.000
v 183.865 56.310 0.000
v 183.896 56.506 0.000
v 183.986 56.683 0.000
v 184.127 56.824 0.000
v 184.304 56.914 0.000
v 184.500 56.945 0.000
v 184.696 56.914 0.000
v 184.873 56.824 0.000
v 185.014 56.683 0.000
v 185.104 56.506 0.000
v 185.135 56.310 0.000
v 185.135 54.857 0.000
v 185.722 54.613 0.000
v 186.226 54.226 0.000
v 186.613 53.722 0.000
v 186.857 53.135 0.000
v 188.310 53.135 0.000
v 188.506 53.104 0.000
v 188.683 53.014 0.000
v 188.824 52.873 0.000
v 188.914 52.696 0.000
v 188.945 52.500 0.000
v 188.914 52.304 0.000
v 188.824 52.127 0.000
v 188.683 51.986 0.000
v 188.506 51.896 0.000
v 188.310 51.865 0.000
v 186.857 51.865 0.000
v 186.613 51.278 0.000
v 186.226 50.774 0.000
v 185.722 50.387 0.000
v 185.135 50.143 0.000
v 185.135 48.690 0.000
v 185.104 48.494 0.000
v 185.014 48.317 0.000
v 184.873 48.176 0.000
v 184.696 48.086 0.000
v 184.500 48.055 0.000
v 184.304 48.086 0.000
v 184.127 48.176 0.000
v 183.986 48.317 0.000
v 183.896 48.494 0.000
v 183.865 48.690 0.000
v 183.865 50.143 0.000
v 183.278 50.387 0.000
v 182.774 50.774 0.000
v 182.387 51.278 0.000
v 182.143 51.865 0.000
v 175.520 51.865 0.000
v 175.264 51.329 0.000
v 174.869 50.886 0.000
v 174.367 50.569 0.000
v 173.797 50.404 0.000
v 173.203 50.404 0.000
v 172.633 50.569 0.000
v 172.131 50.886 0.000
v 171.736 51.329 0.000
v 171.480 51.865 0.000
v 120.520 51.865 0.000
v 120.264 51.329 0.000
v 119.869 50.886 0.000
v 119.367 50.569 0.000
v 118.797 50.404 0.000
v 118.203 50.404 0.000
v 117.633 50.569 0.000
v 117.131 50.886 0.000
v 116.736 51.329 0.000
v 116.480 51.865 0.000
v 96.635 51.865 0.000
v 95.365 53.135 0.000
v 95.408 52.806 0.000
v 95.535 52.500 0.000
v 95.737 52.237 0.000
v 96.000 52.035 0.000
v 96.306 51.908 0.000
v 95.365 65.626 0.000
v 93.292 68.138 0.000
v 93.389 67.440 0.000
v 93.672 66.796 0.000
v 94.120 66.253 0.000
v 94.699 65.853 0.000
v 95.365 70.649 0.000
v 94.699 70.422 0.000
v 94.120 70.022 0.000
v 93.672 69.479 0.000
v 93.389 68.835 0.000
v 95.365 103.726 0.000
v 93.292 106.237 0.000
v 93.389 105.540 0.000
v 93.672 104.896 0.000
v 94.120 104.353 0.000
v 94.699 103.953 0.000
v 95.365 108.749 0.000
v 94.699 108.522 0.000
v 94.120 108.122 0.000
v 93.672 107.579 0.000
v 93.389 106.935 0.000
v 95.365 127.980 0.000
v 94.829 128.236 0.000
v 94.386 128.631 0.000
v 94.069 129.133 0.000
v 93.904 129.703 0.000
v 93.904 130.297 0.000
v 94.069 130.867 0.000
v 94.386 131.369 0.000
v 94.829 131.764 0.000
v 95.365 132.020 0.000
v 95.365 138.643 0.000
v 94.778 138.887 0.000
v 94.274 139.274 0.000
v 93.887 139.778 0.000
v 93.643 140.365 0.000
v 92.190 140.365 0.000
v 91.994 140.396 0.000
v 91.817 140.486 0.000
v 91.676 140.627 0.000
v 91.586 140.804 0.000
v 91.555 141.000 0.000
v 91.586 141.196 0.000
v 91.676 141.373 0.000
v 91.817 141.514 0.000
v 91.994 141.604 0.000
v 92.190 141.635 0.000
v 93.643 141.635 0.000
v 93.887 142.222 0.000
v 94.274 142.726 0.000
v 94.778 143.113 0.000
v 135.617 57.000 0.000
v 135.523 56.376 0.000
v 135.249 55.807 0.000
v 134.820 55.345 0.000
v 134.273 55.029 0.000
v 133.658 54.889 0.000
v 133.029 54.936 0.000
v 132.441 55.167 0.000
v 131.948 55.560 0.000
v 131.593 56.081 0.000
v 131.407 56.684 0.000
v 131.407 57.316 0.000
v 131.593 57.919 0.000
v 131.948 58.440 0.000
v 132.441 58.833 0.000
v 133.029 59.064 0.000
v 133.658 59.111 0.000
v 134.273 58.971 0.000
v 134.820 58.655 0.000
v 135.249 58.193 0.000
v 135.523 57.624 0.000
v 14.117 45.000 0.000
v 14.023 44.376 0.000
v 13.749 43.807 0.000
v 13.320 43.345 0.000
v 12.773 43.029 0.000
v 12.158 42.889 0.000
v 11.529 42.936 0.000
v 10.941 43.167 0.000
v 10.448 43.560 0.000
v 10.093 44.081 0.000
v 9.907 44.684 0.000
v 9.907 45.316 0.000
v 10.093 45.919 0.000
v 10.448 46.440 0.000
v 10.941 46.833 0.000
v 11.529 47.064 0.000
v 12.158 47.111 0.000
v 12.773 46.971 0.000
v 13.320 46.655 0.000
v 13.749 46.193 0.000
v 14.023 45.624 0.000
v 96.635 9.857 -0.254
v 96.214 9.932 -0.254
v 95.786 9.932 -0.254
v 95.365 9.857 -0.254
v 96.635 11.310 -0.254
v 95.365 11.310 -0.254
v 95.396 11.506 -0.254
v 95.486 11.683 -0.254
v 95.627 11.824 -0.254
v 95.804 11.914 -0.254
v 96.000 11.945 -0.254
v 96.196 11.914 -0.254
v 96.373 11.824 -0.254
v 96.514 11.683 -0.254
v 96.604 11.506 -0.254
v 9.857 95.365 -0.254
v 9.903 95.574 -0.254
v 9.932 95.786 -0.254
v 9.941 96.000 -0.254
v 11.310 95.365 -0.254
v 11.310 96.635 -0.254
v 11.506 96.604 -0.254
v 11.683 96.514 -0.254
v 11.824 96.373 -0.254
v 11.914 96.196 -0.254
v 11.945 96.000 -0.254
v 11.914 95.804 -0.254
v 11.824 95.627 -0.254
v 11.683 95.486 -0.254
v 11.506 95.396 -0.254
v 9.857 96.635 -0.254
v 9.932 96.214 -0.254
v 9.903 96.426 -0.254
v 95.365 144.810 -0.254
v 95.365 143.357 -0.254
v 96.635 144.810 -0.254
v 96.635 143.357 -0.254
v 95.396 145.006 -0.254
v 95.486 145.183 -0.254
v 95.627 145.324 -0.254
v 95.804 145.414 -0.254
v 96.000 145.445 -0.254
v 96.196 145.414 -0.254
v 96.373 145.324 -0.254
v 96.514 145.183 -0.254
v 96.604 145.006 -0.254
v 96.214 143.432 -0.254
v 95.786 143.432 -0.254
v 96.635 138.643 -0.254
v 96.635 132.020 -0.254
v 95.365 132.020 -0.254
v 95.365 138.643 -0.254
v 95.785 132.106 -0.254
v 96.215 132.106 -0.254
v 95.786 138.568 -0.254
v 96.214 138.568 -0.254
v 8.135 82.980 -0.254
v 8.135 60.219 -0.254
v 7.715 82.894 -0.254
v 7.285 82.894 -0.254
v 6.865 82.980 -0.254
v 6.865 14.113 -0.254
v 7.255 14.467 -0.254
v 7.680 14.780 -0.254
v 8.135 15.047 -0.254
v 8.135 18.906 -0.254
v 7.567 20.512 -0.254
v 7.633 19.938 -0.254
v 7.825 19.393 -0.254
v 8.135 22.119 -0.254
v 7.825 21.632 -0.254
v 7.633 21.087 -0.254
v 8.135 57.006 -0.254
v 7.567 58.612 -0.254
v 7.633 58.038 -0.254
v 7.825 57.493 -0.254
v 7.825 59.732 -0.254
v 7.633 59.187 -0.254
v 120.617 52.500 -0.254
v 120.606 52.285 -0.254
v 120.573 52.073 -0.254
v 120.520 51.865 -0.254
v 116.480 51.865 -0.254
v 116.394 52.285 -0.254
v 116.394 52.715 -0.254
v 116.480 53.135 -0.254
v 120.520 53.135 -0.254
v 120.573 52.927 -0.254
v 120.606 52.715 -0.254
v 175.617 52.500 -0.254
v 175.606 52.285 -0.254
v 175.573 52.073 -0.254
v 175.520 51.865 -0.254
v 171.480 51.865 -0.254
v 171.394 52.285 -0.254
v 171.394 52.715 -0.254
v 171.480 53.135 -0.254
v 175.520 53.135 -0.254
v 175.573 52.927 -0.254
v 175.606 52.715 -0.254
v 279.375 104.250 -6.250
v 279.514 105.171 -6.250
v 279.918 106.010 -6.250
v 280.552 106.693 -6.250
v 281.358 107.159 -6.250
v 282.266 107.366 -6.250
v 283.195 107.297 -6.250
v 284.062 106.956 -6.250
v 284.791 106.376 -6.250
v 285.316 105.606 -6.250
v 285.590 104.716 -6.250
v 285.590 103.784 -6.250
v 285.316 102.894 -6.250
v 284.791 102.124 -6.250
v 284.062 101.544 -6.250
v 283.195 101.203 -6.250
v 282.266 101.134 -6.250
v 281.358 101.341 -6.250
v 280.552 101.807 -6.250
v 279.918 102.490 -6.250
v 279.514 103.329 -6.250
v 277.375 104.250 -6.250
v 277.603 105.761 -6.250
v 278.266 107.137 -6.250
v 279.305 108.257 -6.250
v 280.628 109.021 -6.250
v 282.117 109.361 -6.250
v 283.640 109.247 -6.250
v 285.062 108.688 -6.250
v 286.257 107.736 -6.250
v 287.117 106.474 -6.250
v 287.568 105.014 -6.250
v 287.568 103.486 -6.250
v 287.117 102.026 -6.250
v 286.257 100.764 -6.250
v 285.062 99.812 -6.250
v 283.640 99.253 -6.250
v 282.117 99.139 -6.250
v 280.628 99.479 -6.250
v 279.305 100.243 -6.250
v 278.266 101.363 -6.250
v 277.603 102.739 -6.250
v 298.810 95.365 -0.254
v 297.357 95.365 -0.254
v 299.250 96.000 -1.651
v 299.061 97.253 -1.651
v 298.512 98.394 -1.651
v 297.650 99.323 -1.651
v 296.553 99.956 -1.651
v 295.318 100.238 -1.651
v 294.054 100.143 -1.651
v 292.875 99.681 -1.651
v 291.885 98.891 -1.651
v 291.171 97.844 -1.651
v 290.797 96.633 -1.651
v 290.797 95.367 -1.651
v 291.171 94.156 -1.651
v 291.885 93.109 -1.651
v 292.875 92.319 -1.651
v 294.054 91.857 -1.651
v 295.318 91.762 -1.651
v 296.553 92.044 -1.651
v 297.650 92.677 -1.651
v 298.512 93.606 -1.651
v 299.061 94.747 -1.651
v 297.441 96.000 -1.651
v 297.332 96.719 -1.651
v 297.017 97.375 -1.651
v 296.522 97.908 -1.651
v 295.892 98.272 -1.651
v 295.182 98.434 -1.651
v 294.457 98.380 -1.651
v 293.780 98.114 -1.651
v 293.211 97.660 -1.651
v 292.801 97.059 -1.651
v 292.586 96.364 -1.651
v 292.586 95.636 -1.651
v 292.801 94.941 -1.651
v 293.211 94.340 -1.651
v 293.780 93.886 -1.651
v 294.457 93.620 -1.651
v 295.182 93.566 -1.651
v 295.892 93.728 -1.651
v 296.522 94.092 -1.651
v 297.017 94.625 -1.651
v 297.332 95.281 -1.651
v 295.635 99.810 -0.254
v 295.635 98.357 -0.254
v 297.441 96.000 -0.254
v 297.432 95.786 -0.254
v 297.403 95.574 -0.254
v 295.635 93.643 -0.254
v 294.365 93.643 -0.254
v 294.786 93.568 -0.254
v 295.214 93.568 -0.254
v 292.643 95.365 -0.254
v 292.643 96.635 -0.254
v 292.568 96.214 -0.254
v 292.568 95.786 -0.254
v 294.365 98.357 -0.254
v 294.786 98.432 -0.254
v 295.214 98.432 -0.254
v 297.357 96.635 -0.254
v 297.403 96.426 -0.254
v 297.432 96.214 -0.254
v 294.365 99.810 -0.254
v 298.810 96.635 -0.254
v 259.365 117.980 -0.254
v 259.365 98.716 -0.254
v 260.635 117.980 -0.254
v 260.215 117.894 -0.254
v 259.785 117.894 -0.254
v 257.980 119.365 -0.254
v 257.894 119.785 -0.254
v 257.894 120.215 -0.254
v 257.980 120.635 -0.254
v 259.365 94.709 -0.254
v 259.886 95.268 -0.254
v 260.219 95.957 -0.254
v 260.333 96.713 -0.254
v 260.219 97.468 -0.254
v 259.886 98.157 -0.254
v 259.365 77.020 -0.254
v 259.785 77.106 -0.254
v 260.215 77.106 -0.254
v 260.635 77.020 -0.254
v 142.375 104.250 -6.250
v 142.603 105.761 -6.250
v 143.266 107.137 -6.250
v 144.305 108.257 -6.250
v 145.628 109.021 -6.250
v 147.117 109.361 -6.250
v 148.640 109.247 -6.250
v 150.062 108.688 -6.250
v 151.257 107.736 -6.250
v 152.117 106.474 -6.250
v 152.568 105.014 -6.250
v 152.568 103.486 -6.250
v 152.117 102.026 -6.250
v 151.257 100.764 -6.250
v 150.062 99.812 -6.250
v 148.640 99.253 -6.250
v 147.117 99.139 -6.250
v 145.628 99.479 -6.250
v 144.305 100.243 -6.250
v 143.266 101.363 -6.250
v 142.603 102.739 -6.250
v 98.441 141.000 -0.254
v 98.357 140.365 -0.254
v 98.403 140.574 -0.254
v 98.432 140.786 -0.254
v 93.643 140.365 -0.254
v 93.643 141.635 -0.254
v 93.568 141.214 -0.254
v 93.568 140.786 -0.254
v 98.357 141.635 -0.254
v 98.432 141.214 -0.254
v 98.403 141.426 -0.254
v 95.365 108.749 -0.254
v 95.365 127.980 -0.254
v 96.635 108.672 -0.254
v 96.218 108.769 -0.254
v 95.791 108.795 -0.254
v 96.635 127.980 -0.254
v 96.215 127.894 -0.254
v 95.785 127.894 -0.254
v 82.020 75.635 -0.254
v 92.825 75.635 -0.254
v 82.073 75.427 -0.254
v 82.106 75.215 -0.254
v 82.117 75.000 -0.254
v 82.106 74.785 -0.254
v 82.073 74.573 -0.254
v 82.020 74.365 -0.254
v 92.825 74.365 -0.254
v 93.021 75.604 -0.254
v 93.198 75.514 -0.254
v 93.339 75.373 -0.254
v 93.429 75.196 -0.254
v 93.460 75.000 -0.254
v 93.429 74.804 -0.254
v 93.339 74.627 -0.254
v 93.198 74.486 -0.254
v 93.021 74.396 -0.254
v 145.034 75.635 -0.254
v 167.980 75.635 -0.254
v 141.916 75.635 -0.254
v 142.495 75.300 -0.254
v 143.141 75.127 -0.254
v 143.809 75.127 -0.254
v 144.455 75.300 -0.254
v 125.984 75.635 -0.254
v 122.866 75.635 -0.254
v 123.445 75.300 -0.254
v 124.091 75.127 -0.254
v 124.759 75.127 -0.254
v 125.405 75.300 -0.254
v 106.934 75.635 -0.254
v 103.816 75.635 -0.254
v 104.395 75.300 -0.254
v 105.041 75.127 -0.254
v 105.709 75.127 -0.254
v 106.355 75.300 -0.254
v 99.175 75.635 -0.254
v 99.175 74.365 -0.254
v 98.979 74.396 -0.254
v 98.802 74.486 -0.254
v 98.661 74.627 -0.254
v 98.571 74.804 -0.254
v 98.540 75.000 -0.254
v 98.571 75.196 -0.254
v 98.661 75.373 -0.254
v 98.802 75.514 -0.254
v 98.979 75.604 -0.254
v 167.980 74.365 -0.254
v 167.894 74.785 -0.254
v 167.894 75.215 -0.254
v 240.284 75.635 -0.254
v 257.980 75.635 -0.254
v 257.980 74.365 -0.254
v 257.894 74.785 -0.254
v 257.894 75.215 -0.254
v 279.375 10.500 -6.250
v 279.514 11.421 -6.250
v 279.918 12.260 -6.250
v 280.552 12.943 -6.250
v 281.358 13.409 -6.250
v 282.266 13.616 -6.250
v 283.195 13.547 -6.250
v 284.062 13.206 -6.250
v 284.791 12.626 -6.250
v 285.316 11.856 -6.250
v 285.590 10.966 -6.250
v 285.590 10.034 -6.250
v 285.316 9.144 -6.250
v 284.791 8.374 -6.250
v 284.062 7.794 -6.250
v 283.195 7.453 -6.250
v 282.266 7.384 -6.250
v 281.358 7.591 -6.250
v 280.552 8.057 -6.250
v 279.918 8.740 -6.250
v 279.514 9.579 -6.250
v 277.375 10.500 -6.250
v 277.603 12.011 -6.250
v 278.266 13.387 -6.250
v 279.305 14.507 -6.250
v 280.628 15.271 -6.250
v 282.117 15.611 -6.250
v 283.640 15.497 -6.250
v 285.062 14.938 -6.250
v 286.257 13.986 -6.250
v 287.117 12.724 -6.250
v 287.568 11.264 -6.250
v 287.568 9.736 -6.250
v 287.117 8.276 -6.250
v 286.257 7.014 -6.250
v 285.062 6.062 -6.250
v 283.640 5.503 -6.250
v 282.117 5.389 -6.250
v 280.628 5.729 -6.250
v 279.305 6.493 -6.250
v 278.266 7.613 -6.250
v 277.603 8.989 -6.250
v 144.375 10.500 -6.250
v 144.514 11.421 -6.250
v 144.918 12.260 -6.250
v 145.552 12.943 -6.250
v 146.358 13.409 -6.250
v 147.266 13.616 -6.250
v 148.195 13.547 -6.250
v 149.062 13.206 -6.250
v 149.791 12.626 -6.250
v 150.316 11.856 -6.250
v 150.590 10.966 -6.250
v 150.590 10.034 -6.250
v 150.316 9.144 -6.250
v 149.791 8.374 -6.250
v 149.062 7.794 -6.250
v 148.195 7.453 -6.250
v 147.266 7.384 -6.250
v 146.358 7.591 -6.250
v 145.552 8.057 -6.250
v 144.918 8.740 -6.250
v 144.514 9.579 -6.250
v 142.375 10.500 -6.250
v 142.603 12.011 -6.250
v 143.266 13.387 -6.250
v 144.305 14.507 -6.250
v 145.628 15.271 -6.250
v 147.117 15.611 -6.250
v 148.640 15.497 -6.250
v 150.062 14.938 -6.250
v 151.257 13.986 -6.250
v 152.117 12.724 -6.250
v 152.568 11.264 -6.250
v 152.568 9.736 -6.250
v 152.117 8.276 -6.250
v 151.257 7.014 -6.250
v 150.062 6.062 -6.250
v 148.640 5.503 -6.250
v 147.117 5.389 -6.250
v 145.628 5.729 -6.250
v 144.305 6.493 -6.250
v 143.266 7.613 -6.250
v 142.603 8.989 -6.250
v 98.441 7.500 -1.651
v 98.332 8.219 -1.651
v 98.017 8.875 -1.651
v 97.522 9.408 -1.651
v 96.892 9.772 -1.651
v 96.182 9.934 -1.651
v 95.457 9.880 -1.651
v 94.780 9.614 -1.651
v 94.211 9.160 -1.651
v 93.801 8.559 -1.651
v 93.586 7.864 -1.651
v 93.586 7.136 -1.651
v 93.801 6.441 -1.651
v 94.211 5.840 -1.651
v 94.780 5.386 -1.651
v 95.457 5.120 -1.651
v 96.182 5.066 -1.651
v 96.892 5.228 -1.651
v 97.522 5.592 -1.651
v 98.017 6.125 -1.651
v 98.332 6.781 -1.651
v 8.135 93.643 -0.254
v 6.865 93.643 -0.254
v 7.286 93.568 -0.254
v 7.714 93.568 -0.254
v 5.143 95.365 -0.254
v 5.143 96.635 -0.254
v 5.068 96.214 -0.254
v 5.068 95.786 -0.254
v 6.865 98.357 -0.254
v 8.135 98.357 -0.254
v 7.714 98.432 -0.254
v 7.286 98.432 -0.254
v 5.375 185.000 -6.250
v 5.603 186.511 -6.250
v 6.266 187.887 -6.250
v 7.305 189.007 -6.250
v 8.628 189.771 -6.250
v 10.117 190.111 -6.250
v 11.640 189.997 -6.250
v 13.062 189.438 -6.250
v 14.257 188.486 -6.250
v 15.117 187.224 -6.250
v 15.568 185.764 -6.250
v 15.568 184.236 -6.250
v 15.117 182.776 -6.250
v 14.257 181.514 -6.250
v 13.062 180.562 -6.250
v 11.640 180.003 -6.250
v 10.117 179.889 -6.250
v 8.628 180.229 -6.250
v 7.305 180.993 -6.250
v 6.266 182.113 -6.250
v 5.603 183.489 -6.250
v 142.375 185.000 -6.250
v 142.603 186.511 -6.250
v 143.266 187.887 -6.250
v 144.305 189.007 -6.250
v 145.628 189.771 -6.250
v 147.117 190.111 -6.250
v 148.640 189.997 -6.250
v 150.062 189.438 -6.250
v 151.257 188.486 -6.250
v 152.117 187.224 -6.250
v 152.568 185.764 -6.250
v 152.568 184.236 -6.250
v 152.117 182.776 -6.250
v 151.257 181.514 -6.250
v 150.062 180.562 -6.250
v 148.640 180.003 -6.250
v 147.117 179.889 -6.250
v 145.628 180.229 -6.250
v 144.305 180.993 -6.250
v 143.266 182.113 -6.250
v 142.603 183.489 -6.250
v 279.375 185.000 -6.250
v 279.514 185.921 -6.250
v 279.918 186.760 -6.250
v 280.552 187.443 -6.250
v 281.358 187.909 -6.250
v 282.266 188.116 -6.250
v 283.195 188.047 -6.250
v 284.062 187.706 -6.250
v 284.791 187.126 -6.250
v 285.316 186.356 -6.250
v 285.590 185.466 -6.250
v 285.590 184.534 -6.250
v 285.316 183.644 -6.250
v 284.791 182.874 -6.250
v 284.062 182.294 -6.250
v 283.195 181.953 -6.250
v 282.266 181.884 -6.250
v 281.358 182.091 -6.250
v 280.552 182.557 -6.250
v 279.918 183.240 -6.250
v 279.514 184.079 -6.250
v 277.375 185.000 -6.250
v 277.603 186.511 -6.250
v 278.266 187.887 -6.250
v 279.305 189.007 -6.250
v 280.628 189.771 -6.250
v 282.117 190.111 -6.250
v 283.640 189.997 -6.250
v 285.062 189.438 -6.250
v 286.257 188.486 -6.250
v 287.117 187.224 -6.250
v 287.568 185.764 -6.250
v 287.568 184.236 -6.250
v 287.117 182.776 -6.250
v 286.257 181.514 -6.250
v 285.062 180.562 -6.250
v 283.640 180.003 -6.250
v 282.117 179.889 -6.250
v 280.628 180.229 -6.250
v 279.305 180.993 -6.250
v 278.266 182.113 -6.250
v 277.603 183.489 -6.250
v 95.365 65.626 -0.254
v 95.791 65.580 -0.254
v 96.218 65.606 -0.254
v 96.635 65.703 -0.254
v 95.365 70.649 -0.254
v 96.635 70.572 -0.254
v 96.218 70.669 -0.254
v 95.791 70.695 -0.254
v 96.635 54.405 -0.254
v 96.635 103.803 -0.254
v 95.365 103.726 -0.254
v 95.791 103.680 -0.254
v 96.218 103.706 -0.254
v 95.365 53.135 -0.254
v 95.408 52.806 -0.254
v 95.535 52.500 -0.254
v 95.737 52.237 -0.254
v 96.000 52.035 -0.254
v 96.306 51.908 -0.254
v 96.635 51.865 -0.254
v 97.905 53.135 -0.254
v 97.576 53.178 -0.254
v 97.270 53.305 -0.254
v 97.007 53.507 -0.254
v 96.805 53.770 -0.254
v 96.678 54.076 -0.254
v 144.375 104.250 -6.250
v 144.514 105.171 -6.250
v 144.918 106.010 -6.250
v 145.552 106.693 -6.250
v 146.358 107.159 -6.250
v 147.266 107.366 -6.250
v 148.195 107.297 -6.250
v 149.062 106.956 -6.250
v 149.791 106.376 -6.250
v 150.316 105.606 -6.250
v 150.590 104.716 -6.250
v 150.590 103.784 -6.250
v 150.316 102.894 -6.250
v 149.791 102.124 -6.250
v 149.062 101.544 -6.250
v 148.195 101.203 -6.250
v 147.266 101.134 -6.250
v 146.358 101.341 -6.250
v 145.552 101.807 -6.250
v 144.918 102.490 -6.250
v 144.514 103.329 -6.250
v 144.375 185.000 -6.250
v 144.514 185.921 -6.250
v 144.918 186.760 -6.250
v 145.552 187.443 -6.250
v 146.358 187.909 -6.250
v 147.266 188.116 -6.250
v 148.195 188.047 -6.250
v 149.062 187.706 -6.250
v 149.791 187.126 -6.250
v 150.316 186.356 -6.250
v 150.590 185.466 -6.250
v 150.590 184.534 -6.250
v 150.316 183.644 -6.250
v 149.791 182.874 -6.250
v 149.062 182.294 -6.250
v 148.195 181.953 -6.250
v 147.266 181.884 -6.250
v 146.358 182.091 -6.250
v 145.552 182.557 -6.250
v 144.918 183.240 -6.250
v 144.514 184.079 -6.250
v 237.166 75.635 -0.254
v 237.745 75.300 -0.254
v 238.391 75.127 -0.254
v 239.059 75.127 -0.254
v 239.705 75.300 -0.254
v 221.234 75.635 -0.254
v 218.116 75.635 -0.254
v 218.695 75.300 -0.254
v 219.341 75.127 -0.254
v 220.009 75.127 -0.254
v 220.655 75.300 -0.254
v 202.184 75.635 -0.254
v 199.066 75.635 -0.254
v 199.645 75.300 -0.254
v 200.291 75.127 -0.254
v 200.959 75.127 -0.254
v 201.605 75.300 -0.254
v 183.134 75.635 -0.254
v 180.016 75.635 -0.254
v 180.595 75.300 -0.254
v 181.241 75.127 -0.254
v 181.909 75.127 -0.254
v 182.555 75.300 -0.254
v 172.020 75.635 -0.254
v 299.006 96.604 -0.254
v 299.183 96.514 -0.254
v 299.324 96.373 -0.254
v 299.414 96.196 -0.254
v 299.445 96.000 -0.254
v 299.414 95.804 -0.254
v 299.324 95.627 -0.254
v 299.183 95.486 -0.254
v 299.006 95.396 -0.254
v 7.375 185.000 -6.250
v 7.514 185.921 -6.250
v 7.918 186.760 -6.250
v 8.552 187.443 -6.250
v 9.358 187.909 -6.250
v 10.266 188.116 -6.250
v 11.195 188.047 -6.250
v 12.062 187.706 -6.250
v 12.791 187.126 -6.250
v 13.316 186.356 -6.250
v 13.590 185.466 -6.250
v 13.590 184.534 -6.250
v 13.316 183.644 -6.250
v 12.791 182.874 -6.250
v 12.062 182.294 -6.250
v 11.195 181.953 -6.250
v 10.266 181.884 -6.250
v 9.358 182.091 -6.250
v 8.552 182.557 -6.250
v 7.918 183.240 -6.250
v 7.514 184.079 -6.250
v 5.375 106.606 -6.250
v 5.603 108.117 -6.250
v 6.266 109.493 -6.250
v 7.305 110.613 -6.250
v 8.628 111.377 -6.250
v 10.117 111.717 -6.250
v 11.640 111.602 -6.250
v 13.062 111.044 -6.250
v 14.257 110.092 -6.250
v 15.117 108.830 -6.250
v 15.568 107.370 -6.250
v 15.568 105.842 -6.250
v 15.117 104.382 -6.250
v 14.257 103.120 -6.250
v 13.062 102.168 -6.250
v 11.640 101.609 -6.250
v 10.117 101.495 -6.250
v 8.628 101.835 -6.250
v 7.305 102.599 -6.250
v 6.266 103.719 -6.250
v 5.603 105.095 -6.250
v 7.375 106.606 -6.250
v 7.514 107.527 -6.250
v 7.918 108.366 -6.250
v 8.552 109.049 -6.250
v 9.358 109.515 -6.250
v 10.266 109.722 -6.250
v 11.195 109.653 -6.250
v 12.062 109.312 -6.250
v 12.791 108.732 -6.250
v 13.316 107.962 -6.250
v 13.590 107.072 -6.250
v 13.590 106.140 -6.250
v 13.316 105.250 -6.250
v 12.791 104.480 -6.250
v 12.062 103.900 -6.250
v 11.195 103.559 -6.250
v 10.266 103.490 -6.250
v 9.358 103.697 -6.250
v 8.552 104.163 -6.250
v 7.918 104.846 -6.250
v 7.514 105.685 -6.250
v 5.375 10.500 -6.250
v 5.603 12.011 -6.250
v 6.266 13.387 -6.250
v 7.305 14.507 -6.250
v 8.628 15.271 -6.250
v 10.117 15.611 -6.250
v 11.640 15.497 -6.250
v 13.062 14.938 -6.250
v 14.257 13.986 -6.250
v 15.117 12.724 -6.250
v 15.568 11.264 -6.250
v 15.568 9.736 -6.250
v 15.117 8.276 -6.250
v 14.257 7.014 -6.250
v 13.062 6.062 -6.250
v 11.640 5.503 -6.250
v 10.117 5.389 -6.250
v 8.628 5.729 -6.250
v 7.305 6.493 -6.250
v 6.266 7.613 -6.250
v 5.603 8.989 -6.250
v 7.375 10.500 -6.250
v 7.514 11.421 -6.250
v 7.918 12.260 -6.250
v 8.552 12.943 -6.250
v 9.358 13.409 -6.250
v 10.266 13.616 -6.250
v 11.195 13.547 -6.250
v 12.062 13.206 -6.250
v 12.791 12.626 -6.250
v 13.316 11.856 -6.250
v 13.590 10.966 -6.250
v 13.590 10.034 -6.250
v 13.316 9.144 -6.250
v 12.791 8.374 -6.250
v 12.062 7.794 -6.250
v 11.195 7.453 -6.250
v 10.266 7.384 -6.250
v 9.358 7.591 -6.250
v 8.552 8.057 -6.250
v 7.918 8.740 -6.250
v 7.514 9.579 -6.250
v 15.047 8.135 -0.254
v 14.780 7.680 -0.254
v 14.467 7.255 -0.254
v 14.113 6.865 -0.254
v 27.980 6.865 -0.254
v 27.980 8.135 -0.254
v 294.365 92.190 -0.254
v 295.635 92.190 -0.254
v 295.604 91.994 -0.254
v 295.514 91.817 -0.254
v 295.373 91.676 -0.254
v 295.196 91.586 -0.254
v 295.000 91.555 -0.254
v 294.804 91.586 -0.254
v 294.627 91.676 -0.254
v 294.486 91.817 -0.254
v 294.396 91.994 -0.254
v 185.135 56.310 -0.254
v 183.865 56.310 -0.254
v 183.896 56.506 -0.254
v 183.986 56.683 -0.254
v 184.127 56.824 -0.254
v 184.304 56.914 -0.254
v 184.500 56.945 -0.254
v 184.696 56.914 -0.254
v 184.873 56.824 -0.254
v 185.014 56.683 -0.254
v 185.104 56.506 -0.254
v 183.865 54.857 -0.254
v 185.135 54.857 -0.254
v 184.714 54.932 -0.254
v 184.286 54.932 -0.254
v 172.020 74.365 -0.254
v 172.073 75.427 -0.254
v 172.106 75.215 -0.254
v 172.117 75.000 -0.254
v 172.106 74.785 -0.254
v 172.073 74.573 -0.254
v 48.810 51.865 -0.254
v 48.810 53.135 -0.254
v 49.006 53.104 -0.254
v 49.183 53.014 -0.254
v 49.324 52.873 -0.254
v 49.414 52.696 -0.254
v 49.445 52.500 -0.254
v 49.414 52.304 -0.254
v 49.324 52.127 -0.254
v 49.183 51.986 -0.254
v 49.006 51.896 -0.254
v 47.357 53.135 -0.254
v 47.357 51.865 -0.254
v 47.441 52.500 -0.254
v 47.432 52.714 -0.254
v 47.403 52.926 -0.254
v 47.403 52.074 -0.254
v 47.432 52.286 -0.254
v 95.365 3.690 -0.254
v 96.635 3.690 -0.254
v 96.604 3.494 -0.254
v 96.514 3.317 -0.254
v 96.373 3.176 -0.254
v 96.196 3.086 -0.254
v 96.000 3.055 -0.254
v 95.804 3.086 -0.254
v 95.627 3.176 -0.254
v 95.486 3.317 -0.254
v 95.396 3.494 -0.254
v 96.635 5.143 -0.254
v 95.365 5.143 -0.254
v 95.786 5.068 -0.254
v 96.214 5.068 -0.254
v 32.020 6.865 -0.254
v 82.980 6.865 -0.254
v 82.980 8.135 -0.254
v 32.020 8.135 -0.254
v 32.117 7.500 -0.254
v 32.106 7.285 -0.254
v 32.073 7.073 -0.254
v 82.894 7.285 -0.254
v 82.894 7.715 -0.254
v 32.073 7.927 -0.254
v 32.106 7.715 -0.254
v 3.690 96.635 -0.254
v 3.690 95.365 -0.254
v 3.494 95.396 -0.254
v 3.317 95.486 -0.254
v 3.176 95.627 -0.254
v 3.086 95.804 -0.254
v 3.055 96.000 -0.254
v 3.086 96.196 -0.254
v 3.176 96.373 -0.254
v 3.317 96.514 -0.254
v 3.494 96.604 -0.254
v 93.643 8.135 -0.254
v 87.020 8.135 -0.254
v 87.020 6.865 -0.254
v 93.643 6.865 -0.254
v 93.568 7.714 -0.254
v 93.568 7.286 -0.254
v 87.073 7.927 -0.254
v 87.106 7.715 -0.254
v 87.117 7.500 -0.254
v 87.106 7.285 -0.254
v 87.073 7.073 -0.254
v 45.635 56.310 -0.254
v 44.365 56.310 -0.254
v 44.396 56.506 -0.254
v 44.486 56.683 -0.254
v 44.627 56.824 -0.254
v 44.804 56.914 -0.254
v 45.000 56.945 -0.254
v 45.196 56.914 -0.254
v 45.373 56.824 -0.254
v 45.514 56.683 -0.254
v 45.604 56.506 -0.254
v 44.365 54.857 -0.254
v 45.635 54.857 -0.254
v 45.214 54.932 -0.254
v 44.786 54.932 -0.254
v 82.020 119.365 -0.254
v 92.825 119.365 -0.254
v 92.825 120.635 -0.254
v 93.021 120.604 -0.254
v 93.198 120.514 -0.254
v 93.339 120.373 -0.254
v 93.429 120.196 -0.254
v 93.460 120.000 -0.254
v 93.429 119.804 -0.254
v 93.339 119.627 -0.254
v 93.198 119.486 -0.254
v 93.021 119.396 -0.254
v 82.020 120.635 -0.254
v 82.117 120.000 -0.254
v 82.106 119.785 -0.254
v 82.073 119.573 -0.254
v 82.073 120.427 -0.254
v 82.106 120.215 -0.254
v 92.190 141.635 -0.254
v 92.190 140.365 -0.254
v 91.994 140.396 -0.254
v 91.817 140.486 -0.254
v 91.676 140.627 -0.254
v 91.586 140.804 -0.254
v 91.555 141.000 -0.254
v 91.586 141.196 -0.254
v 91.676 141.373 -0.254
v 91.817 141.514 -0.254
v 91.994 141.604 -0.254
v 99.175 120.635 -0.254
v 99.175 119.365 -0.254
v 98.979 119.396 -0.254
v 98.802 119.486 -0.254
v 98.661 119.627 -0.254
v 98.571 119.804 -0.254
v 98.540 120.000 -0.254
v 98.571 120.196 -0.254
v 98.661 120.373 -0.254
v 98.802 120.514 -0.254
v 98.979 120.604 -0.254
v 167.980 119.365 -0.254
v 167.980 120.635 -0.254
v 167.894 119.785 -0.254
v 167.894 120.215 -0.254
v 188.310 51.865 -0.254
v 188.310 53.135 -0.254
v 188.506 53.104 -0.254
v 188.683 53.014 -0.254
v 188.824 52.873 -0.254
v 188.914 52.696 -0.254
v 188.945 52.500 -0.254
v 188.914 52.304 -0.254
v 188.824 52.127 -0.254
v 188.683 51.986 -0.254
v 188.506 51.896 -0.254
v 186.857 53.135 -0.254
v 186.857 51.865 -0.254
v 186.941 52.500 -0.254
v 186.932 52.714 -0.254
v 186.903 52.926 -0.254
v 186.903 52.074 -0.254
v 186.932 52.286 -0.254
v 291.190 96.635 -0.254
v 291.190 95.365 -0.254
v 290.994 95.396 -0.254
v 290.817 95.486 -0.254
v 290.676 95.627 -0.254
v 290.586 95.804 -0.254
v 290.555 96.000 -0.254
v 290.586 96.196 -0.254
v 290.676 96.373 -0.254
v 290.817 96.514 -0.254
v 290.994 96.604 -0.254
v 182.143 53.135 -0.254
v 182.143 51.865 -0.254
v 182.068 52.714 -0.254
v 182.068 52.286 -0.254
v 99.810 140.365 -0.254
v 99.810 141.635 -0.254
v 100.006 141.604 -0.254
v 100.183 141.514 -0.254
v 100.324 141.373 -0.254
v 100.414 141.196 -0.254
v 100.445 141.000 -0.254
v 100.414 140.804 -0.254
v 100.324 140.627 -0.254
v 100.183 140.486 -0.254
v 100.006 140.396 -0.254
v 79.365 117.980 -0.254
v 79.365 77.020 -0.254
v 80.635 77.020 -0.254
v 80.635 117.980 -0.254
v 80.215 117.894 -0.254
v 79.785 117.894 -0.254
v 79.785 77.106 -0.254
v 80.215 77.106 -0.254
v 44.365 48.690 -0.254
v 45.635 48.690 -0.254
v 45.604 48.494 -0.254
v 45.514 48.317 -0.254
v 45.373 48.176 -0.254
v 45.196 48.086 -0.254
v 45.000 48.055 -0.254
v 44.804 48.086 -0.254
v 44.627 48.176 -0.254
v 44.486 48.317 -0.254
v 44.396 48.494 -0.254
v 45.635 50.143 -0.254
v 44.365 50.143 -0.254
v 44.786 50.068 -0.254
v 45.214 50.068 -0.254
v 99.810 6.865 -0.254
v 99.810 8.135 -0.254
v 100.006 8.104 -0.254
v 100.183 8.014 -0.254
v 100.324 7.873 -0.254
v 100.414 7.696 -0.254
v 100.445 7.500 -0.254
v 100.414 7.304 -0.254
v 100.324 7.127 -0.254
v 100.183 6.986 -0.254
v 100.006 6.896 -0.254
v 98.357 8.135 -0.254
v 98.357 6.865 -0.254
v 98.441 7.500 -0.254
v 98.432 7.714 -0.254
v 98.403 7.926 -0.254
v 98.403 7.074 -0.254
v 98.432 7.286 -0.254
v 27.894 7.285 -0.254
v 27.894 7.715 -0.254
v 8.135 99.810 -0.254
v 6.865 99.810 -0.254
v 6.896 100.006 -0.254
v 6.986 100.183 -0.254
v 7.127 100.324 -0.254
v 7.304 100.414 -0.254
v 7.500 100.445 -0.254
v 7.696 100.414 -0.254
v 7.873 100.324 -0.254
v 8.014 100.183 -0.254
v 8.104 100.006 -0.254
v 6.865 87.020 -0.254
v 8.135 87.020 -0.254
v 7.285 87.106 -0.254
v 7.715 87.106 -0.254
v 41.190 53.135 -0.254
v 41.190 51.865 -0.254
v 40.994 51.896 -0.254
v 40.817 51.986 -0.254
v 40.676 52.127 -0.254
v 40.586 52.304 -0.254
v 40.555 52.500 -0.254
v 40.586 52.696 -0.254
v 40.676 52.873 -0.254
v 40.817 53.014 -0.254
v 40.994 53.104 -0.254
v 42.643 51.865 -0.254
v 42.643 53.135 -0.254
v 42.568 52.714 -0.254
v 42.568 52.286 -0.254
v 172.020 120.635 -0.254
v 172.020 119.365 -0.254
v 172.073 120.427 -0.254
v 172.106 120.215 -0.254
v 172.117 120.000 -0.254
v 172.106 119.785 -0.254
v 172.073 119.573 -0.254
v 183.865 48.690 -0.254
v 185.135 48.690 -0.254
v 185.104 48.494 -0.254
v 185.014 48.317 -0.254
v 184.873 48.176 -0.254
v 184.696 48.086 -0.254
v 184.500 48.055 -0.254
v 184.304 48.086 -0.254
v 184.127 48.176 -0.254
v 183.986 48.317 -0.254
v 183.896 48.494 -0.254
v 185.135 50.143 -0.254
v 183.865 50.143 -0.254
v 184.286 50.068 -0.254
v 184.714 50.068 -0.254
v 294.396 100.006 -0.254
v 294.486 100.183 -0.254
v 294.627 100.324 -0.254
v 294.804 100.414 -0.254
v 295.000 100.445 -0.254
v 295.196 100.414 -0.254
v 295.373 100.324 -0.254
v 295.514 100.183 -0.254
v 295.604 100.006 -0.254
v 47.441 52.500 -1.651
v 47.332 53.219 -1.651
v 47.017 53.875 -1.651
v 46.522 54.408 -1.651
v 45.892 54.772 -1.651
v 45.182 54.934 -1.651
v 44.457 54.880 -1.651
v 43.780 54.614 -1.651
v 43.211 54.160 -1.651
v 42.801 53.559 -1.651
v 42.586 52.864 -1.651
v 42.586 52.136 -1.651
v 42.801 51.441 -1.651
v 43.211 50.840 -1.651
v 43.780 50.386 -1.651
v 44.457 50.120 -1.651
v 45.182 50.066 -1.651
v 45.892 50.228 -1.651
v 46.522 50.592 -1.651
v 47.017 51.125 -1.651
v 47.332 51.781 -1.651
v 49.250 52.500 -1.651
v 49.061 53.753 -1.651
v 48.512 54.894 -1.651
v 47.650 55.823 -1.651
v 46.553 56.456 -1.651
v 45.318 56.738 -1.651
v 44.054 56.643 -1.651
v 42.875 56.181 -1.651
v 41.885 55.391 -1.651
v 41.171 54.344 -1.651
v 40.797 53.133 -1.651
v 40.797 51.867 -1.651
v 41.171 50.656 -1.651
v 41.885 49.609 -1.651
v 42.875 48.819 -1.651
v 44.054 48.357 -1.651
v 45.318 48.262 -1.651
v 46.553 48.544 -1.651
v 47.650 49.177 -1.651
v 48.512 50.106 -1.651
v 49.061 51.247 -1.651
f 22 1 2
f 22 23 1
f 21 24 23
f 21 23 22
f 20 25 24
f 20 24 21
f 19 26 25
f 19 25 20
f 18 27 26
f 18 26 19
f 17 28 27
f 17 27 18
f 16 29 28
f 16 28 17
f 15 30 29
f 15 29 16
f 14 31 30
f 14 30 15
f 13 32 31
f 13 31 14
f 12 33 32
f 12 32 13
f 11 34 33
f 11 33 12
f 10 34 11
f 10 35 34
f 9 35 10
f 9 36 35
f 8 36 9
f 8 37 36
f 7 37 8
f 7 38 37
f 6 38 7
f 6 39 38
f 5 39 6
f 5 40 39
f 4 40 5
f 4 41 40
f 4 42 41
f 3 42 4
f 2 42 3
f 2 1 42
f 64 43 44
f 64 65 43
f 63 66 65
f 63 65 64
f 62 67 66
f 62 66 63
f 61 68 67
f 61 67 62
f 60 69 68
f 60 68 61
f 59 70 69
f 59 69 60
f 58 71 70
f 58 70 59
f 57 72 71
f 57 71 58
f 56 73 72
f 56 72 57
f 55 74 73
f 55 73 56
f 54 75 74
f 54 74 55
f 53 76 75
f 53 75 54
f 52 76 53
f 52 77 76
f 51 77 52
f 51 78 77
f 50 78 51
f 50 79 78
f 49 79 50
f 49 80 79
f 48 80 49
f 48 81 80
f 47 81 48
f 47 82 81
f 46 82 47
f 46 83 82
f 45 83 46
f 45 84 83
f 45 43 84
f 44 43 45
f 106 85 86
f 106 107 85
f 105 108 107
f 105 107 106
f 104 109 108
f 104 108 105
f 103 110 109
f 103 109 104
f 102 111 110
f 102 110 103
f 101 112 111
f 101 111 102
f 100 113 112
f 100 112 101
f 99 114 113
f 99 113 100
f 98 115 114
f 98 114 99
f 97 116 115
f 97 115 98
f 96 117 116
f 96 116 97
f 95 118 117
f 95 117 96
f 94 118 95
f 94 119 118
f 93 119 94
f 93 120 119
f 92 120 93
f 92 121 120
f 91 121 92
f 91 122 121
f 90 122 91
f 90 123 122
f 89 123 90
f 89 124 123
f 88 124 89
f 88 125 124
f 87 125 88
f 87 126 125
f 86 126 87
f 86 85 126
f 148 127 128
f 148 149 127
f 147 150 149
f 147 149 148
f 146 151 150
f 146 150 147
f 145 152 151
f 145 151 146
f 144 153 152
f 144 152 145
f 143 154 153
f 143 153 144
f 142 155 154
f 142 154 143
f 141 156 155
f 141 155 142
f 140 157 156
f 140 156 141
f 139 158 157
f 139 157 140
f 138 159 158
f 138 158 139
f 137 160 159
f 137 159 138
f 136 160 137
f 136 161 160
f 135 161 136
f 135 162 161
f 134 162 135
f 134 163 162
f 133 163 134
f 133 164 163
f 132 164 133
f 132 165 164
f 131 165 132
f 131 166 165
f 130 166 131
f 130 167 166
f 129 167 130
f 129 168 167
f 128 168 129
f 128 127 168
f 190 169 170
f 190 191 169
f 189 192 191
f 189 191 190
f 188 193 192
f 188 192 189
f 187 194 193
f 187 193 188
f 186 195 194
f 186 194 187
f 185 196 195
f 185 195 186
f 184 197 196
f 184 196 185
f 183 198 197
f 183 197 184
f 182 199 198
f 182 198 183
f 181 200 199
f 181 199 182
f 180 201 200
f 180 200 181
f 179 202 201
f 179 201 180
f 178 202 179
f 178 203 202
f 177 203 178
f 177 204 203
f 176 204 177
f 176 205 204
f 175 205 176
f 175 206 205
f 174 206 175
f 174 207 206
f 173 207 174
f 173 208 207
f 172 208 173
f 172 209 208
f 171 209 172
f 171 210 209
f 170 210 171
f 170 169 210
f 232 211 212
f 232 233 211
f 231 234 233
f 231 233 232
f 230 235 234
f 230 234 231
f 229 236 235
f 229 235 230
f 228 237 236
f 228 236 229
f 227 238 237
f 227 237 228
f 226 239 238
f 226 238 227
f 225 240 239
f 225 239 226
f 224 241 240
f 224 240 225
f 223 242 241
f 223 241 224
f 222 243 242
f 222 242 223
f 221 244 243
f 221 243 222
f 220 244 221
f 220 245 244
f 219 245 220
f 219 246 245
f 218 246 219
f 218 247 246
f 217 247 218
f 217 248 247
f 216 248 217
f 216 249 248
f 215 249 216
f 215 250 249
f 214 250 215
f 214 251 250
f 214 252 251
f 213 252 214
f 212 252 213
f 212 211 252
f 274 253 254
f 274 275 253
f 273 276 275
f 273 275 274
f 272 277 276
f 272 276 273
f 271 278 277
f 271 277 272
f 270 279 278
f 270 278 271
f 269 280 279
f 269 279 270
f 268 281 280
f 268 280 269
f 267 282 281
f 267 281 268
f 266 283 282
f 266 282 267
f 265 284 283
f 265 283 266
f 264 285 284
f 264 284 265
f 263 286 285
f 263 285 264
f 262 286 263
f 262 287 286
f 261 287 262
f 261 288 287
f 260 288 261
f 260 289 288
f 259 289 260
f 259 290 289
f 258 290 259
f 258 291 290
f 257 291 258
f 257 292 291
f 256 292 257
f 256 293 292
f 255 293 256
f 255 294 293
f 254 294 255
f 254 253 294
f 316 295 296
f 316 317 295
f 315 318 317
f 315 317 316
f 314 319 318
f 314 318 315
f 313 320 319
f 313 319 314
f 312 321 320
f 312 320 313
f 311 322 321
f 311 321 312
f 310 323 322
f 310 322 311
f 309 324 323
f 309 323 310
f 308 325 324
f 308 324 309
f 307 326 325
f 307 325 308
f 306 327 326
f 306 326 307
f 305 328 327
f 305 327 306
f 304 328 305
f 304 329 328
f 303 329 304
f 303 330 329
f 302 330 303
f 302 331 330
f 301 331 302
f 301 332 331
f 300 332 301
f 300 333 332
f 299 333 300
f 299 334 333
f 298 334 299
f 298 335 334
f 297 335 298
f 297 336 335
f 297 295 336
f 296 295 297
f 387 389 388
f 386 389 387
f 338 389 386
f 338 390 389
f 338 391 390
f 338 392 391
f 1026 338 386
f 1025 1026 386
f 1027 338 1026
f 1024 1025 386
f 1028 338 1027
f 1023 1024 386
f 1029 338 1028
f 1043 1023 386
f 6969 1031 1032
f 895 1041 1042
f 895 894 1041
f 6968 6969 1032
f 6968 1032 1033
f 893 1040 1041
f 893 1041 894
f 6970 1031 6969
f 6970 1030 1031
f 896 1043 386
f 896 1042 1043
f 896 895 1042
f 6967 6968 1033
f 892 1039 1040
f 892 1040 893
f 6971 338 1029
f 6971 1029 1030
f 6971 1030 6970
f 876 896 386
f 6966 1033 1034
f 6966 6967 1033
f 891 1039 892
f 891 1038 1039
f 877 876 386
f 6986 1034 1035
f 6986 6966 1034
f 890 1037 1038
f 890 1038 891
f 6985 1035 1036
f 6985 6986 1035
f 889 1036 1037
f 889 1037 890
f 6984 6985 1036
f 6984 1036 889
f 888 6984 889
f 6983 6984 888
f 887 6983 888
f 6982 6983 887
f 886 6982 887
f 590 6972 6973
f 589 6972 590
f 589 6971 6972
f 589 338 6971
f 591 590 6973
f 588 338 589
f 592 6973 6974
f 592 591 6973
f 587 338 588
f 593 6974 6975
f 593 592 6974
f 594 6975 6976
f 594 593 6975
f 595 6976 6977
f 595 594 6976
f 596 6977 6978
f 596 595 6977
f 3861 6978 6979
f 6654 885 884
f 3860 3861 6979
f 3860 6979 6980
f 6653 884 883
f 6653 6654 884
f 3862 597 596
f 3862 596 6978
f 3862 6978 3861
f 6655 886 885
f 6655 885 6654
f 3859 6980 6981
f 3859 3860 6980
f 6652 883 882
f 6652 6653 883
f 3863 598 597
f 3863 597 3862
f 6656 6982 886
f 6656 886 6655
f 3858 6982 6656
f 3858 6981 6982
f 3858 3859 6981
f 6651 882 881
f 6651 6652 882
f 3864 599 598
f 3864 598 3863
f 6657 3858 6656
f 3878 3858 6657
f 6671 881 880
f 6671 6651 881
f 3865 600 599
f 3865 599 3864
f 6658 3878 6657
f 3877 3878 6658
f 3866 600 3865
f 6659 3877 6658
f 3876 3877 6659
f 6660 3876 6659
f 3875 3876 6660
f 6661 3875 6660
f 3874 3875 6661
f 6662 3874 6661
f 548 880 879
f 527 583 582
f 547 6671 880
f 547 880 548
f 526 584 583
f 526 583 527
f 528 582 602
f 528 527 582
f 549 879 878
f 549 548 879
f 546 6671 547
f 546 6670 6671
f 525 585 584
f 525 584 526
f 550 878 877
f 550 549 878
f 529 602 601
f 529 528 602
f 545 6670 546
f 545 6669 6670
f 524 586 585
f 524 585 525
f 530 600 3866
f 530 601 600
f 530 529 601
f 544 6668 6669
f 544 6669 545
f 531 530 3866
f 531 3866 3867
f 543 6667 6668
f 543 6668 544
f 532 3867 3868
f 532 531 3867
f 542 6667 543
f 89 535 534
f 173 540 560
f 789 553 552
f 6675 3870 3871
f 3546 6663 6664
f 6990 523 522
f 88 89 534
f 88 534 533
f 172 173 560
f 172 560 559
f 790 789 552
f 790 552 551
f 3545 6664 6665
f 3545 3546 6664
f 6674 6675 3871
f 6674 3871 3872
f 6989 522 521
f 6989 6990 522
f 90 535 89
f 90 536 535
f 174 540 173
f 174 541 540
f 788 554 553
f 788 553 789
f 6676 3870 6675
f 6676 3869 3870
f 3547 6662 6663
f 3547 6663 3546
f 6991 524 523
f 6991 523 6990
f 6991 586 524
f 87 88 533
f 87 533 532
f 87 532 3868
f 171 172 559
f 171 559 558
f 791 877 386
f 791 551 550
f 791 790 551
f 791 550 877
f 3544 6665 6666
f 3544 3545 6665
f 6673 3872 3873
f 6673 6674 3872
f 6988 521 520
f 6988 6989 521
f 91 536 90
f 91 537 536
f 91 538 537
f 175 6667 542
f 175 542 541
f 175 541 174
f 787 554 788
f 787 555 554
f 3548 3874 6662
f 3548 6662 3547
f 6677 3868 3869
f 6677 3869 6676
f 6992 586 6991
f 6992 587 586
f 86 87 3868
f 86 3868 6677
f 170 171 558
f 170 558 557
f 771 791 386
f 3543 6667 175
f 3543 6666 6667
f 3543 3544 6666
f 6672 6673 3873
f 6672 3874 3548
f 6672 3873 3874
f 6987 520 519
f 6987 6988 520
f 92 538 91
f 92 539 538
f 176 3543 175
f 786 555 787
f 786 556 555
f 3549 6672 3548
f 6678 86 6677
f 106 86 6678
f 190 170 557
f 190 557 556
f 3563 3543 176
f 6692 6672 3549
f 7007 6987 519
f 7007 519 539
f 93 539 92
f 177 3563 176
f 785 556 786
f 785 190 556
f 3550 6692 3549
f 6679 106 6678
f 105 106 6679
f 189 190 785
f 3562 3563 177
f 6691 6692 3550
f 7006 7007 539
f 7006 539 93
f 784 189 785
f 6680 105 6679
f 3551 6691 3550
f 94 7006 93
f 178 3562 177
f 3561 3562 178
f 6690 6691 3551
f 7005 7006 94
f 104 105 6680
f 188 189 784
f 783 188 784
f 6681 104 6680
f 3552 6690 3551
f 95 7005 94
f 179 3561 178
f 3560 3561 179
f 6689 6690 3552
f 7004 7005 95
f 103 104 6681
f 187 188 783
f 782 187 783
f 3553 6689 3552
f 6682 103 6681
f 96 7004 95
f 180 3560 179
f 3559 3560 180
f 6688 6689 3553
f 7003 7004 96
f 102 103 6682
f 186 187 782
f 781 186 782
f 6683 102 6682
f 3554 6688 3553
f 215 6994 6995
f 3294 182 183
f 3882 6999 7000
f 3567 6684 6685
f 6192 780 779
f 6696 98 99
f 214 215 6995
f 214 6995 6996
f 3293 183 184
f 3293 3294 183
f 3881 3882 7000
f 3881 7000 7001
f 3566 3567 6685
f 3566 6685 6686
f 6191 779 778
f 6191 6192 779
f 6695 6696 99
f 6695 99 100
f 216 6994 215
f 216 6993 6994
f 3295 181 182
f 3295 182 3294
f 3883 6998 6999
f 3883 6999 3882
f 3568 6683 6684
f 3568 6684 3567
f 6193 781 780
f 6193 780 6192
f 6697 97 98
f 6697 98 6696
f 213 214 6996
f 213 6996 6997
f 3292 3293 184
f 3292 184 185
f 3880 3881 7001
f 3880 7001 7002
f 3565 3566 6686
f 3565 6686 6687
f 6190 778 777
f 6190 6191 778
f 6694 6695 100
f 6694 100 101
f 3296 181 3295
f 3296 3559 180
f 3296 180 181
f 3884 6998 3883
f 3884 6997 6998
f 3569 102 6683
f 3569 6683 3568
f 6194 781 6193
f 6194 186 781
f 6698 97 6697
f 6698 96 97
f 6698 7003 96
f 212 213 6997
f 212 6997 3884
f 3291 3292 185
f 3291 185 186
f 3291 186 6194
f 3879 7003 6698
f 3879 3880 7002
f 3879 7002 7003
f 3564 3565 6687
f 3564 6687 6688
f 3564 6688 3554
f 6189 777 776
f 6189 6190 777
f 6693 101 102
f 6693 6694 101
f 6693 102 3569
f 3297 3559 3296
f 3297 3557 3558
f 3297 3558 3559
f 3885 212 3884
f 3570 6693 3569
f 6195 3291 6194
f 6699 3879 6698
f 131 775 774
f 232 212 3885
f 3311 3291 6195
f 3584 3564 3554
f 3584 3554 3555
f 3899 3879 6699
f 6713 6693 3570
f 130 131 774
f 130 774 773
f 132 776 775
f 132 775 131
f 129 130 773
f 3298 3557 3297
f 3886 232 3885
f 3571 6713 3570
f 6196 3311 6195
f 6700 3899 6699
f 133 776 132
f 133 6189 776
f 133 6209 6189
f 231 232 3886
f 3310 3311 6196
f 3898 3899 6700
f 6712 6713 3571
f 134 6209 133
f 134 6208 6209
f 3572 6712 3571
f 3887 231 3886
f 6197 3310 6196
f 6701 3898 6700
f 3309 3310 6197
f 3897 3898 6701
f 6711 6712 3572
f 230 231 3887
f 135 6208 134
f 135 6207 6208
f 3573 6711 3572
f 3888 230 3887
f 6198 3309 6197
f 6702 3897 6701
f 3308 3309 6198
f 3896 3897 6702
f 6710 6711 3573
f 229 230 3888
f 569 128 129
f 569 129 773
f 569 773 772
f 611 217 218
f 568 128 569
f 568 148 128
f 610 217 611
f 610 6993 216
f 610 216 217
f 570 569 772
f 570 772 771
f 612 611 218
f 612 218 219
f 136 6207 135
f 136 6206 6207
f 3889 229 3888
f 3574 6710 3573
f 6703 3896 6702
f 6199 3308 6198
f 567 147 148
f 567 148 568
f 609 6993 610
f 609 587 6992
f 609 6992 6993
f 571 570 771
f 613 612 219
f 613 219 220
f 3307 3308 6199
f 3895 3896 6703
f 6709 6710 3574
f 228 229 3889
f 566 147 567
f 3890 228 3889
f 6200 3307 6199
f 614 613 220
f 614 220 221
f 137 6206 136
f 137 6205 6206
f 565 146 147
f 565 147 566
f 1015 3555 3556
f 615 614 221
f 615 221 222
f 1016 3555 1015
f 1016 3584 3555
f 1016 3583 3584
f 138 6204 6205
f 138 6205 137
f 1014 3556 3557
f 1014 1015 3556
f 564 145 146
f 564 146 565
f 616 615 222
f 616 222 223
f 1017 3583 1016
f 1017 3582 3583
f 1013 1014 3557
f 1013 3557 3298
f 1013 3298 3299
f 563 144 145
f 563 145 564
f 617 616 223
f 617 223 224
f 1018 3582 1017
f 1018 3581 3582
f 562 143 144
f 562 144 563
f 1012 3299 3300
f 1012 1013 3299
f 618 617 224
f 561 143 562
f 1019 3581 1018
f 1019 3579 3580
f 1019 3580 3581
f 1011 3300 3301
f 1011 1012 3300
f 1020 3579 1019
f 1020 3578 3579
f 1010 3301 3302
f 1010 1011 3301
f 763 573 572
f 763 574 573
f 742 607 606
f 764 575 574
f 764 574 763
f 743 608 607
f 743 607 742
f 762 763 572
f 762 572 571
f 741 742 606
f 741 605 604
f 741 606 605
f 765 576 575
f 765 575 764
f 744 608 743
f 744 587 609
f 744 338 587
f 744 609 608
f 761 762 571
f 761 571 771
f 761 771 386
f 740 741 604
f 740 604 603
f 766 577 576
f 766 578 577
f 766 576 765
f 745 338 744
f 739 603 623
f 739 740 603
f 767 578 766
f 767 579 578
f 738 622 621
f 738 623 622
f 738 739 623
f 768 579 767
f 768 580 579
f 3189 6201 6202
f 6213 3303 3304
f 3903 224 225
f 3588 6705 6706
f 5898 141 142
f 6444 3576 3577
f 6717 3891 3892
f 737 738 621
f 3188 3189 6202
f 3188 6202 6203
f 6212 6213 3304
f 6212 3304 3305
f 3902 225 226
f 3902 3903 225
f 3587 3588 6706
f 3587 6706 6707
f 5897 142 143
f 5897 5898 142
f 5897 143 561
f 6443 3577 3578
f 6443 6444 3577
f 6716 6717 3892
f 6716 3892 3893
f 3190 6201 3189
f 3190 6200 6201
f 6214 3302 3303
f 6214 3303 6213
f 3904 619 618
f 3904 618 224
f 3904 224 3903
f 3589 6704 6705
f 3589 6705 3588
f 5899 140 141
f 5899 141 5898
f 6445 3575 3576
f 6445 3576 6444
f 6718 3891 6717
f 6718 3890 3891
f 3187 6203 6204
f 3187 3188 6203
f 6211 3305 3306
f 6211 6212 3305
f 3586 6707 6708
f 3586 3587 6707
f 3901 3902 226
f 3901 226 227
f 5896 561 581
f 5896 5897 561
f 6715 3893 3894
f 6715 6716 3893
f 6442 1020 1021
f 6442 6443 3578
f 6442 3578 1020
f 6215 1010 3302
f 6215 1009 1010
f 6215 3302 6214
f 3191 3307 6200
f 3191 6200 3190
f 3590 3895 6703
f 3590 6704 3589
f 3590 6703 6704
f 3905 619 3904
f 3905 620 619
f 5900 139 140
f 5900 140 5899
f 6446 6709 3574
f 6446 3574 3575
f 6446 3575 6445
f 6719 228 3890
f 6719 3890 6718
f 3186 3187 6204
f 3186 6204 138
f 3186 138 139
f 6210 6211 3306
f 6210 3306 3307
f 6210 3307 3191
f 3900 228 6719
f 3900 3901 227
f 3900 227 228
f 3585 6709 6446
f 3585 3586 6708
f 3585 6708 6709
f 5895 581 580
f 5895 5896 581
f 6441 1021 1022
f 6441 6442 1021
f 6714 3895 3590
f 6714 6715 3894
f 6714 3894 3895
f 3192 6210 3191
f 6216 1009 6215
f 3591 6714 3590
f 3906 620 3905
f 3906 621 620
f 3906 737 621
f 5901 139 5900
f 5901 3186 139
f 6447 3585 6446
f 6720 3900 6719
f 3206 3186 5901
f 6230 6210 3192
f 3920 3900 6720
f 3605 3585 6447
f 5915 5895 580
f 5915 580 768
f 6461 6441 1022
f 6461 1022 1002
f 6734 6714 3591
f 3193 6230 3192
f 6217 1009 6216
f 6217 1008 1009
f 3907 736 737
f 3907 737 3906
f 3592 6734 3591
f 5902 3206 5901
f 6448 3605 6447
f 6721 3920 6720
f 6229 6230 3193
f 3205 3206 5902
f 3604 3605 6448
f 3919 3920 6721
f 5914 5915 768
f 5914 768 769
f 6460 6461 1002
f 6733 6734 3592
f 3194 6229 3193
f 6218 1007 1008
f 6218 1008 6217
f 3908 736 3907
f 3908 735 736
f 3593 6733 3592
f 5903 3205 5902
f 6449 3604 6448
f 6722 3919 6721
f 3204 3205 5903
f 6228 6229 3194
f 3918 3919 6722
f 3603 3604 6449
f 5913 5914 769
f 5913 769 770
f 6459 6460 1002
f 6459 1002 1003
f 6732 6733 3593
f 6219 1006 1007
f 6219 1007 6218
f 3195 6228 3194
f 3909 735 3908
f 3594 6732 3593
f 5904 3204 5903
f 6450 3603 6449
f 6723 3918 6722
f 3203 3204 5904
f 6227 6228 3195
f 3602 3603 6450
f 3917 3918 6723
f 5912 5913 770
f 5912 770 750
f 6458 1003 1004
f 6458 6459 1003
f 6731 6732 3594
f 3196 6227 3195
f 3910 734 735
f 3910 735 3909
f 3595 6731 3594
f 6451 3602 6450
f 5905 3203 5904
f 6724 3917 6723
f 6226 6227 3196
f 3202 3203 5905
f 3916 3917 6724
f 3601 3602 6451
f 5911 5912 750
f 6730 6731 3595
f 3596 6730 3595
f 6452 3601 6451
f 7242 755 756
f 7241 756 757
f 7241 7242 756
f 7243 755 7242
f 7243 754 755
f 7240 7241 757
f 7240 757 758
f 7244 754 7243
f 7244 753 754
f 7239 7240 758
f 7239 758 759
f 7245 753 7244
f 7259 7239 759
f 7246 753 7245
f 7246 752 753
f 2937 5907 5908
f 5919 3198 3199
f 3315 6453 6454
f 3210 6222 6223
f 3924 732 733
f 3609 6726 6727
f 5646 7246 7247
f 5646 751 752
f 5646 752 7246
f 6465 3597 3598
f 6738 3912 3913
f 7011 748 749
f 2663 7257 7258
f 2663 2664 7257
f 5918 3199 3200
f 5918 5919 3199
f 2936 2937 5908
f 2936 5908 5909
f 3314 6454 6455
f 3314 3315 6454
f 3209 3210 6223
f 3209 6223 6224
f 3923 3924 733
f 3923 733 734
f 3608 3609 6727
f 3608 6727 6728
f 5645 7247 7248
f 5645 5646 7247
f 6233 1005 1006
f 6233 6234 1005
f 6464 6465 3598
f 6464 3598 3599
f 6737 3913 3914
f 6737 6738 3913
f 7010 7011 749
f 7010 749 729
f 2665 7256 7257
f 2665 7257 2664
f 5920 3198 5919
f 5920 3197 3198
f 3211 6222 3210
f 3211 6221 6222
f 2938 5906 5907
f 2938 5907 2937
f 3610 6726 3609
f 3610 6725 6726
f 3316 6452 6453
f 3316 6453 3315
f 3925 732 3924
f 3925 731 732
f 5647 751 5646
f 6235 1004 1005
f 6235 6458 1004
f 6235 1005 6234
f 6739 3911 3912
f 6739 3912 6738
f 6466 3597 6465
f 6466 3596 3597
f 7012 748 7011
f 7012 747 748
f 2662 7258 7259
f 2662 2663 7258
f 3313 6455 6456
f 3313 3314 6455
f 3208 3209 6224
f 3208 6224 6225
f 2935 2936 5909
f 2935 5909 5910
f 5917 3200 3201
f 5917 5918 3200
f 3922 3923 734
f 3922 734 3910
f 3607 3608 6728
f 3607 6728 6729
f 5644 7248 7249
f 5644 5645 7248
f 6736 3914 3915
f 6736 6737 3914
f 6232 1006 6219
f 6232 6233 1006
f 6232 6219 6220
f 6463 6464 3599
f 6463 3599 3600
f 7009 729 730
f 7009 7010 729
f 2666 7255 7256
f 2666 7256 2665
f 5921 6226 3196
f 5921 3197 5920
f 5921 3196 3197
f 2939 5906 2938
f 2939 3202 5905
f 2939 5905 5906
f 3317 3601 6452
f 3317 6452 3316
f 3212 6221 3211
f 3212 6220 6221
f 3926 731 3925
f 3926 730 731
f 3611 3916 6724
f 3611 6725 3610
f 3611 6724 6725
f 5648 751 5647
f 5648 750 751
f 5648 5911 750
f 6236 6458 6235
f 6236 6457 6458
f 6740 3910 3911
f 6740 3911 6739
f 6467 3596 6466
f 6467 6730 3596
f 7013 747 7012
f 7013 746 747
f 2661 7259 759
f 2661 2662 7259
f 2934 5911 5648
f 2934 2935 5910
f 2934 5910 5911
f 3207 6226 5921
f 3207 3208 6225
f 3207 6225 6226
f 3312 6457 6236
f 3312 3313 6456
f 3312 6456 6457
f 5916 3201 3202
f 5916 3202 2939
f 5916 5917 3201
f 3921 3922 3910
f 3921 3910 6740
f 3606 3607 6729
f 3606 6730 6467
f 3606 6729 6730
f 5643 7249 7250
f 5643 5644 7249
f 6231 6220 3212
f 6231 6232 6220
f 6462 6463 3600
f 6462 3601 3317
f 6462 3600 3601
f 6735 3915 3916
f 6735 6736 3915
f 6735 3916 3611
f 7008 7009 730
f 7008 730 3926
f 2667 7254 7255
f 2667 7255 2666
f 5922 3207 5921
f 2940 5916 2939
f 3927 7008 3926
f 3213 6231 3212
f 3318 6462 3317
f 3612 6735 3611
f 5649 2934 5648
f 6237 3312 6236
f 6741 3921 6740
f 6468 3606 6467
f 7014 746 7013
f 2954 2934 5649
f 5936 5916 2940
f 3941 3921 6741
f 3227 3207 5922
f 3626 3606 6468
f 3332 3312 6237
f 5663 7250 7251
f 5663 5643 7250
f 6251 6231 3213
f 6755 6735 3612
f 6482 6462 3318
f 7028 7008 3927
f 2668 7253 7254
f 2668 7254 2667
f 3319 6482 3318
f 5923 3227 5922
f 2941 5936 2940
f 3214 6251 3213
f 3928 7028 3927
f 3613 6755 3612
f 5650 2954 5649
f 6238 3332 6237
f 6742 3941 6741
f 6469 3626 6468
f 2953 2954 5650
f 3331 3332 6238
f 5935 5936 2941
f 3226 3227 5923
f 3940 3941 6742
f 3625 3626 6469
f 5662 5663 7251
f 6481 6482 3319
f 6250 6251 3214
f 6754 6755 3613
f 7027 7028 3928
f 2669 7252 7253
f 2669 7253 2668
f 3320 6481 3319
f 5924 3226 5923
f 2942 5935 2941
f 3215 6250 3214
f 3614 6754 3613
f 3929 7027 3928
f 5651 2953 5650
f 6239 3331 6238
f 6743 3940 6742
f 6470 3625 6469
f 2952 2953 5651
f 5934 5935 2942
f 3330 3331 6239
f 3225 3226 5924
f 3624 3625 6470
f 3939 3940 6743
f 5661 7251 7252
f 5661 7252 2669
f 5661 5662 7251
f 6249 6250 3215
f 6480 6481 3320
f 6753 6754 3614
f 7026 7027 3929
f 2670 5661 2669
f 2943 5934 2942
f 3321 6480 3320
f 3216 6249 3215
f 5925 3225 5924
f 3615 6753 3614
f 3930 7026 3929
f 5652 2952 5651
f 6240 3330 6239
f 6744 3939 6743
f 6471 3624 6470
f 2951 2952 5652
f 3329 3330 6240
f 3224 3225 5925
f 5933 5934 2943
f 3623 3624 6471
f 3938 3939 6744
f 5660 5661 2670
f 6248 6249 3216
f 6479 6480 3321
f 6752 6753 3615
f 7025 7026 3930
f 2671 5660 2670
f 2944 5933 2943
f 5926 3224 5925
f 3217 6248 3216
f 3322 6479 3321
f 3616 6752 3615
f 3931 7025 3930
f 6241 3329 6240
f 5653 2951 5652
f 6472 3623 6471
f 6745 3938 6744
f 2950 2951 5653
f 5932 5933 2944
f 3328 3329 6241
f 3223 3224 5926
f 3937 3938 6745
f 3622 3623 6472
f 5659 5660 2671
f 6247 6248 3217
f 6751 6752 3616
f 6478 6479 3322
f 7024 7025 3931
f 2945 5932 2944
f 6242 3328 6241
f 5654 2950 5653
f 6746 3937 6745
f 6473 3622 6472
f 5 3324 3325
f 2685 5655 5656
f 5667 2946 2947
f 2958 5928 5929
f 3231 6243 6244
f 3336 6474 6475
f 3630 6747 6748
f 3945 7020 7021
f 7032 7015 7016
f 5415 2673 2674
f 5940 3219 3220
f 6486 3618 3619
f 6759 3933 3934
f 4 5 3325
f 4 3325 3326
f 2348 2349 2679
f 2348 2679 2680
f 2684 5656 5657
f 2684 2685 5656
f 2957 5929 5930
f 2957 2958 5929
f 3230 6244 6245
f 3230 3231 6244
f 3335 6475 6476
f 3335 3336 6475
f 5666 5667 2947
f 5666 2947 2948
f 3944 3945 7021
f 3944 7021 7022
f 3629 6748 6749
f 3629 3630 6748
f 7031 7032 7016
f 7031 7016 7017
f 5414 5415 2674
f 5414 2674 2675
f 5939 3220 3221
f 5939 5940 3220
f 6758 3934 3935
f 6758 6759 3934
f 6485 3619 3620
f 6485 6486 3619
f 6 3324 5
f 6 3323 3324
f 2686 5654 5655
f 2686 5655 2685
f 2350 2679 2349
f 2350 2678 2679
f 5668 2945 2946
f 5668 2946 5667
f 3232 6242 6243
f 3232 6243 3231
f 3337 6474 3336
f 3337 6473 6474
f 3631 6746 6747
f 3631 6747 3630
f 2959 5927 5928
f 2959 5928 2958
f 3946 7020 3945
f 3946 7019 7020
f 7033 7015 7032
f 7033 7014 7015
f 5416 2673 5415
f 5416 2672 2673
f 5941 3218 3219
f 5941 3219 5940
f 6487 3617 3618
f 6487 3618 6486
f 6760 3932 3933
f 6760 3933 6759
f 3 3326 3327
f 3 4 3326
f 2347 2348 2680
f 2347 2680 2681
f 2347 2681 2661
f 2683 2684 5657
f 2683 5657 5658
f 5665 5666 2948
f 5665 2948 2949
f 2956 5930 5931
f 2956 2957 5930
f 3628 6749 6750
f 3628 3629 6749
f 3334 6476 6477
f 3334 3335 6476
f 3943 7022 7023
f 3943 3944 7022
f 3229 6245 6246
f 3229 3230 6245
f 7030 7017 7018
f 7030 7031 7017
f 5413 2675 2676
f 5413 5414 2675
f 6484 3620 3621
f 6484 6485 3620
f 5938 3221 3222
f 5938 5939 3221
f 6757 3935 3936
f 6757 6758 3935
f 7 3323 6
f 7 3322 3323
f 7 6478 3322
f 2351 2678 2350
f 2351 2677 2678
f 2687 2950 5654
f 2687 5654 2686
f 5669 5932 2945
f 5669 2945 5668
f 3233 6242 3232
f 3233 3328 6242
f 2960 5926 5927
f 2960 5927 2959
f 2960 3223 5926
f 3338 6473 3337
f 3338 3622 6473
f 3632 3937 6746
f 3632 6746 3631
f 3947 7019 3946
f 3947 7018 7019
f 7034 746 7014
f 7034 7014 7033
f 5417 2672 5416
f 5417 2671 2672
f 5417 5659 2671
f 6488 3616 3617
f 6488 6751 3616
f 6488 3617 6487
f 5942 3218 5941
f 5942 3217 3218
f 5942 6247 3217
f 6761 3931 3932
f 6761 7024 3931
f 6761 3932 6760
f 2 3327 3328
f 2 3 3327
f 2 3328 3233
f 2346 2661 759
f 2346 2347 2661
f 2346 759 760
f 2682 5658 5659
f 2682 2683 5658
f 2682 5659 5417
f 2955 5931 5932
f 2955 5932 5669
f 2955 2956 5931
f 5664 5665 2949
f 5664 2949 2950
f 5664 2950 2687
f 3333 3334 6477
f 3333 6477 6478
f 3333 6478 7
f 3228 6246 6247
f 3228 6247 5942
f 3228 3229 6246
f 3627 6750 6751
f 3627 3628 6750
f 3627 6751 6488
f 3942 3943 7023
f 3942 7024 6761
f 3942 7023 7024
f 7029 7030 7018
f 7029 7018 3947
f 5412 5413 2676
f 5412 2677 2351
f 5412 2676 2677
f 5937 5938 3222
f 5937 3222 3223
f 5937 3223 2960
f 6483 6484 3621
f 6483 3621 3622
f 6483 3622 3338
f 6756 3936 3937
f 6756 6757 3936
f 6756 3937 3632
f 8 3333 7
f 2688 5664 2687
f 2352 5412 2351
f 5670 2955 5669
f 3948 7029 3947
f 3633 6756 3632
f 3234 2 3233
f 2961 5937 2960
f 3339 6483 3338
f 5418 2682 5417
f 5943 3228 5942
f 6762 3942 6761
f 6489 3627 6488
f 22 2 3234
f 2702 2682 5418
f 5684 5664 2688
f 2975 2955 5670
f 3353 3333 8
f 3248 3228 5943
f 3962 3942 6762
f 3647 3627 6489
f 7049 7029 3948
f 5432 5412 2352
f 5957 5937 2961
f 6503 6483 3339
f 6776 6756 3633
f 9 3353 8
f 2353 5432 2352
f 2689 5684 2688
f 3235 22 3234
f 5671 2975 5670
f 3340 6503 3339
f 2962 5957 2961
f 3634 6776 3633
f 3949 7049 3948
f 5419 2702 5418
f 5944 3248 5943
f 6490 3647 6489
f 6763 3962 6762
f 21 22 3235
f 2701 2702 5419
f 2974 2975 5671
f 5683 5684 2689
f 3646 3647 6490
f 3247 3248 5944
f 3961 3962 6763
f 3352 3353 9
f 7048 7049 3949
f 6502 6503 3340
f 5431 5432 2353
f 5956 5957 2962
f 6775 6776 3634
f 2354 5431 2353
f 2690 5683 2689
f 5672 2974 5671
f 3341 6502 3340
f 2963 5956 2962
f 3236 21 3235
f 3635 6775 3634
f 3950 7048 3949
f 5420 2701 5419
f 6491 3646 6490
f 5945 3247 5944
f 6764 3961 6763
f 10 3352 9
f 2700 2701 5420
f 2973 2974 5672
f 5682 5683 2690
f 3246 3247 5945
f 3351 3352 10
f 3645 3646 6491
f 3960 3961 6764
f 7047 7048 3950
f 5430 5431 2354
f 6501 6502 3341
f 5955 5956 2963
f 6774 6775 3635
f 20 21 3236
f 2355 5430 2354
f 2691 5682 2690
f 2964 5955 2963
f 3237 20 3236
f 3342 6501 3341
f 5673 2973 5672
f 3951 7047 3950
f 3636 6774 3635
f 5421 2700 5420
f 6492 3645 6491
f 5946 3246 5945
f 6765 3960 6764
f 11 3351 10
f 2699 2700 5421
f 5681 5682 2691
f 2972 2973 5673
f 3350 3351 11
f 3245 3246 5946
f 3644 3645 6492
f 3959 3960 6765
f 7046 7047 3951
f 5429 5430 2355
f 5954 5955 2964
f 6500 6501 3342
f 6773 6774 3636
f 19 20 3237
f 2692 5681 2691
f 2356 5429 2355
f 2965 5954 2964
f 5674 2972 5673
f 3343 6500 3342
f 3637 6773 3636
f 3952 7046 3951
f 5947 3245 5946
f 6493 3644 6492
f 5422 2699 5421
f 6766 3959 6765
f 12 3350 11
f 2698 2699 5422
f 3349 3350 12
f 2971 2972 5674
f 3244 3245 5947
f 5680 5681 2692
f 3643 3644 6493
f 3958 3959 6766
f 7045 7046 3952
f 5428 5429 2356
f 5953 5954 2965
f 6499 6500 3343
f 6772 6773 3637
f 2966 5953 2965
f 5675 2971 5674
f 3953 7045 3952
f 3638 6772 3637
f 5948 3244 5947
f 6767 3958 6766
f 13 3349 12
f 506 17 18
f 505 17 506
f 505 16 17
f 507 506 18
f 507 18 19
f 504 16 505
f 504 15 16
f 508 507 19
f 508 19 3237
f 503 15 504
f 503 14 15
f 509 3237 3238
f 509 508 3237
f 858 7036 7037
f 857 7037 7038
f 857 858 7037
f 502 14 503
f 502 13 14
f 859 7036 858
f 859 7034 7035
f 859 7035 7036
f 510 509 3238
f 510 3238 3239
f 856 7038 7039
f 856 857 7038
f 860 7034 859
f 860 745 746
f 860 746 7034
f 501 13 502
f 855 7039 7040
f 855 856 7039
f 511 510 3239
f 875 7040 7041
f 875 855 7040
f 874 875 7041
f 2370 5424 5425
f 2706 5676 5677
f 2979 5949 5950
f 5436 2694 2695
f 3357 6495 6496
f 3651 6768 6769
f 3966 7041 7042
f 6780 3954 3955
f 5121 2358 2359
f 5688 2967 2968
f 5961 3240 3241
f 7278 3345 3346
f 2012 2364 2365
f 2012 2365 2366
f 2012 2013 2364
f 2369 5425 5426
f 2369 2370 5425
f 2705 2706 5677
f 2705 5677 5678
f 5435 2695 2696
f 5435 5436 2695
f 3356 3357 6496
f 3356 6496 6497
f 2978 5950 5951
f 2978 2979 5950
f 3650 3651 6769
f 3650 6769 6770
f 3965 7042 7043
f 3965 3966 7042
f 6779 6780 3955
f 6779 3955 3956
f 5120 5121 2359
f 5120 2359 2360
f 5687 5688 2968
f 5687 2968 2969
f 7279 7278 3346
f 7279 3346 3347
f 5960 3241 3242
f 5960 5961 3241
f 2371 5423 5424
f 2371 5424 2370
f 2014 2363 2364
f 2014 2364 2013
f 2707 5675 5676
f 2707 5676 2706
f 5437 2693 2694
f 5437 2694 5436
f 2980 5948 5949
f 2980 5949 2979
f 3358 6494 6495
f 3358 6495 3357
f 3652 6767 6768
f 3652 6768 3651
f 3967 874 7041
f 3967 7041 3966
f 6781 3954 6780
f 6781 3953 3954
f 5122 2358 5121
f 5122 2357 2358
f 5689 2966 2967
f 5689 2967 5688
f 5962 3239 3240
f 5962 3240 5961
f 5962 511 3239
f 7277 3345 7278
f 7277 3344 3345
f 2368 5426 5427
f 2368 2369 5426
f 2011 2012 2366
f 2704 2705 5678
f 2704 5678 5679
f 5434 2696 2697
f 5434 5435 2696
f 3355 3356 6497
f 3355 6497 6498
f 3649 3650 6770
f 3649 6770 6771
f 2977 5951 5952
f 2977 2978 5951
f 3964 7043 7044
f 3964 3965 7043
f 6778 6779 3956
f 6778 3956 3957
f 5119 5120 2360
f 5119 2360 2361
f 5686 5687 2969
f 5686 2969 2970
f 5959 3242 3243
f 5959 5960 3242
f 7280 7279 3347
f 7280 3347 3348
f 2372 5422 5423
f 2372 5423 2371
f 2372 2698 5422
f 2015 2363 2014
f 2015 2362 2363
f 5438 2693 5437
f 5438 5680 2692
f 5438 2692 2693
f 2708 2971 5675
f 2708 5675 2707
f 3359 6493 6494
f 3359 3643 6493
f 3359 6494 3358
f 2981 5948 2980
f 2981 3244 5948
f 3968 874 3967
f 3968 873 874
f 3653 3958 6767
f 3653 6767 3652
f 6782 3953 6781
f 6782 7045 3953
f 5123 2357 5122
f 5123 5428 2356
f 5123 2356 2357
f 5690 5953 2966
f 5690 2966 5689
f 5963 511 5962
f 5963 512 511
f 7276 6499 3343
f 7276 3343 3344
f 7276 3344 7277
f 2367 5427 5428
f 2367 5428 5123
f 2367 2368 5427
f 2010 2366 2346
f 2010 2011 2366
f 2010 2346 760
f 2703 5680 5438
f 2703 2704 5679
f 2703 5679 5680
f 2976 5953 5690
f 2976 5952 5953
f 2976 2977 5952
f 5433 2697 2698
f 5433 2698 2372
f 5433 5434 2697
f 3354 6498 6499
f 3354 3355 6498
f 3354 6499 7276
f 3648 6772 3638
f 3648 6771 6772
f 3648 3649 6771
f 3963 7044 7045
f 3963 3964 7044
f 3963 7045 6782
f 6777 3958 3653
f 6777 3957 3958
f 6777 6778 3957
f 5118 5119 2361
f 5118 2361 2362
f 5118 2362 2015
f 5685 5686 2970
f 5685 2971 2708
f 5685 2970 2971
f 5958 5959 3243
f 5958 3244 2981
f 5958 3243 3244
f 7260 7280 3348
f 7260 13 501
f 7260 3349 13
f 7260 501 500
f 7260 3348 3349
f 2373 5433 2372
f 2016 5118 2015
f 5439 2703 5438
f 2709 5685 2708
f 2982 5958 2981
f 3360 3643 3359
f 3360 3642 3643
f 3654 6777 3653
f 3969 873 3968
f 3969 872 873
f 6783 3963 6782
f 5124 2367 5123
f 7275 3354 7276
f 5964 513 512
f 5964 512 5963
f 5691 2976 5690
f 2387 2367 5124
f 2723 2703 5439
f 2996 2976 5691
f 5453 5433 2373
f 3374 3354 7275
f 3668 3638 3639
f 3668 3648 3638
f 3983 3963 6783
f 6797 6777 3654
f 5138 5118 2016
f 7261 500 499
f 7261 7260 500
f 5705 5685 2709
f 5978 5958 2982
f 2374 5453 2373
f 2710 5705 2709
f 2017 5138 2016
f 2983 5978 2982
f 5440 2723 5439
f 3361 3641 3642
f 3361 3642 3360
f 3970 872 3969
f 3970 871 872
f 3655 6797 3654
f 6784 3983 6783
f 5125 2387 5124
f 7274 3374 7275
f 5692 2996 5691
f 5965 514 513
f 5965 513 5964
f 2386 2387 5125
f 2722 2723 5440
f 2995 2996 5692
f 5452 5453 2374
f 3373 3374 7274
f 3982 3983 6784
f 6796 6797 3655
f 5137 5138 2017
f 5977 5978 2983
f 5704 5705 2710
f 7262 499 498
f 7262 7261 499
f 2375 5452 2374
f 2711 5704 2710
f 2018 5137 2017
f 5441 2722 5440
f 2984 5977 2983
f 3656 6796 3655
f 3971 871 3970
f 3971 870 871
f 6785 3982 6784
f 5126 2386 5125
f 7273 3373 7274
f 5693 2995 5692
f 5966 514 5965
f 5966 515 514
f 2385 2386 5126
f 2721 2722 5441
f 3372 3373 7273
f 5451 5452 2375
f 2994 2995 5693
f 3981 3982 6785
f 6795 6796 3656
f 5136 5137 2018
f 5703 5704 2711
f 5976 5977 2984
f 7263 7262 498
f 7263 498 518
f 2376 5451 2375
f 2712 5703 2711
f 2019 5136 2018
f 5442 2721 5441
f 2985 5976 2984
f 3657 6795 3656
f 3972 870 3971
f 3972 869 870
f 6786 3981 6785
f 5127 2385 5126
f 7272 3372 7273
f 5694 2994 5693
f 5967 516 515
f 5967 515 5966
f 5450 5451 2376
f 2384 2385 5127
f 2993 2994 5694
f 2720 2721 5442
f 3371 3372 7272
f 3980 3981 6786
f 6794 6795 3657
f 7264 7263 518
f 7264 518 517
f 5975 5976 2985
f 5135 5136 2019
f 5702 5703 2712
f 2377 5450 2376
f 2713 5702 2712
f 2986 5975 2985
f 5443 2720 5442
f 2020 5135 2019
f 3658 6794 3657
f 3973 869 3972
f 6787 3980 6786
f 5968 516 5967
f 5968 517 516
f 5128 2384 5127
f 5695 2993 5694
f 7271 3371 7272
f 2383 2384 5128
f 2719 2720 5443
f 5449 5450 2377
f 2992 2993 5695
f 3370 3371 7271
f 3979 3980 6787
f 6793 6794 3658
f 5701 5702 2713
f 5134 5135 2020
f 5974 5975 2986
f 5129 2383 5128
f 632 3640 3641
f 631 3639 3640
f 631 3640 632
f 631 3668 3639
f 633 3641 3361
f 633 632 3641
f 630 3668 631
f 630 3667 3668
f 634 633 3361
f 634 3361 3362
f 629 3667 630
f 629 3666 3667
f 635 634 3362
f 635 3362 3363
f 628 3666 629
f 628 3665 3666
f 636 635 3363
f 636 3363 3364
f 627 3665 628
f 627 3664 3665
f 637 3364 3365
f 637 636 3364
f 626 3664 627
f 626 3663 3664
f 638 637 3365
f 47 3660 3661
f 2727 5697 5698
f 2391 5445 5446
f 2034 5130 5131
f 978 7269 7268
f 5142 2379 2380
f 3000 5970 5971
f 3987 866 867
f 3672 6789 6790
f 7053 862 863
f 4806 2022 2023
f 6801 3975 3976
f 5457 2715 2716
f 5709 2988 2989
f 6255 3366 3367
f 46 47 3661
f 46 3661 3662
f 5141 5142 2380
f 5141 2380 2381
f 2726 2727 5698
f 2726 5698 5699
f 1676 2028 2029
f 1676 1677 2028
f 2390 2391 5446
f 2390 5446 5447
f 2033 5131 5132
f 2033 2034 5131
f 979 7268 7267
f 979 978 7268
f 2999 5971 5972
f 2999 3000 5971
f 3986 3987 867
f 3986 867 868
f 3671 6790 6791
f 3671 3672 6790
f 7052 7053 863
f 7052 863 864
f 6800 6801 3976
f 6800 3976 3977
f 4805 4806 2023
f 4805 2023 2024
f 5708 5709 2989
f 5708 2989 2990
f 5456 5457 2716
f 5456 2716 2717
f 6254 3367 3368
f 6254 6255 3367
f 48 3659 3660
f 48 3660 47
f 2728 5697 2727
f 2728 5696 5697
f 1678 2027 2028
f 1678 2028 1677
f 2392 5444 5445
f 2392 5445 2391
f 3001 5969 5970
f 3001 5970 3000
f 977 7270 7269
f 977 7269 978
f 5143 2379 5142
f 5143 2378 2379
f 2035 5129 5130
f 2035 5130 2034
f 3988 866 3987
f 3988 865 866
f 3673 6788 6789
f 3673 6789 3672
f 6802 3975 6801
f 6802 3974 3975
f 7054 862 7053
f 7054 861 862
f 4807 2021 2022
f 4807 2022 4806
f 5458 2714 2715
f 5458 2715 5457
f 5710 2988 5709
f 5710 2987 2988
f 6256 3366 6255
f 6256 3365 3366
f 45 46 3662
f 45 3662 3663
f 1675 2029 2030
f 1675 1676 2029
f 2389 2390 5447
f 2389 5447 5448
f 5140 5141 2381
f 5140 2381 2382
f 2725 2726 5699
f 2725 5699 5700
f 980 7267 7266
f 980 979 7267
f 2032 5132 5133
f 2032 2033 5132
f 2998 5972 5973
f 2998 2999 5972
f 3985 3986 868
f 3985 868 869
f 3670 3671 6791
f 3670 6791 6792
f 6799 6800 3977
f 6799 3977 3978
f 7051 7052 864
f 7051 864 865
f 4804 2024 2025
f 4804 4805 2024
f 5455 2717 2718
f 5455 5456 2717
f 5707 5708 2990
f 5707 2990 2991
f 6253 3368 3369
f 6253 6254 3368
f 49 6793 3658
f 49 3659 48
f 49 3658 3659
f 1679 2027 1678
f 1679 2026 2027
f 2036 2383 5129
f 2036 5129 2035
f 2393 2719 5443
f 2393 5443 5444
f 2393 5444 2392
f 5144 2378 5143
f 5144 5449 2377
f 5144 2377 2378
f 976 3370 7271
f 976 7271 7270
f 976 7270 977
f 2729 5696 2728
f 2729 5695 5696
f 2729 2992 5695
f 3002 5969 3001
f 3002 5968 5969
f 3674 6788 3673
f 3674 3979 6787
f 3674 6787 6788
f 3989 865 3988
f 3989 7051 865
f 6803 3973 3974
f 6803 3974 6802
f 7055 860 861
f 7055 861 7054
f 4808 2020 2021
f 4808 5134 2020
f 4808 2021 4807
f 5459 5701 2713
f 5459 2713 2714
f 5459 2714 5458
f 6257 638 3365
f 6257 3365 6256
f 5711 2987 5710
f 5711 2986 2987
f 5711 5974 2986
f 44 626 625
f 44 3663 626
f 44 45 3663
f 1674 2030 2010
f 1674 1675 2030
f 2388 5448 5449
f 2388 5449 5144
f 2388 2389 5448
f 2724 2725 5700
f 2724 5701 5459
f 2724 5700 5701
f 2031 5133 5134
f 2031 2032 5133
f 2031 5134 4808
f 5139 5140 2382
f 5139 2383 2036
f 5139 2382 2383
f 960 7266 7265
f 960 980 7266
f 2997 5974 5711
f 2997 5973 5974
f 2997 2998 5973
f 3669 3670 6792
f 3669 6792 6793
f 3669 6793 49
f 3984 3985 869
f 3984 3973 6803
f 3984 869 3973
f 7050 7051 3989
f 6798 3979 3674
f 6798 3978 3979
f 6798 6799 3978
f 4803 2025 2026
f 4803 4804 2025
f 4803 2026 1679
f 5706 5707 2991
f 5706 2992 2729
f 5706 2991 2992
f 5454 2718 2719
f 5454 2719 2393
f 5454 5455 2718
f 6252 6253 3369
f 6252 3369 3370
f 6252 3370 976
f 50 3669 49
f 2394 5454 2393
f 1680 4803 1679
f 2730 5706 2729
f 975 6252 976
f 3003 5968 3002
f 5145 2388 5144
f 2037 5139 2036
f 3990 7050 3989
f 3675 6798 3674
f 6804 3984 6803
f 4809 2031 4808
f 5460 2724 5459
f 5712 2997 5711
f 6258 638 6257
f 6258 639 638
f 6258 640 639
f 64 625 624
f 64 44 625
f 3017 2997 5712
f 2408 2388 5145
f 2744 2724 5460
f 5159 5139 2037
f 2051 2031 4809
f 961 960 7265
f 4004 3984 6804
f 3689 3669 50
f 6818 6798 3675
f 7070 7050 3990
f 4823 4803 1680
f 5726 5706 2730
f 5474 5454 2394
f 6272 6252 975
f 51 3689 50
f 2731 5726 2730
f 2395 5474 2394
f 1681 4823 1680
f 2038 5159 2037
f 974 6272 975
f 5146 2408 5145
f 3676 6818 3675
f 3991 7070 3990
f 6805 4004 6804
f 5713 3017 5712
f 4810 2051 4809
f 5461 2744 5460
f 6259 640 6258
f 6259 641 640
f 63 64 624
f 2050 2051 4810
f 2743 2744 5461
f 2407 2408 5146
f 5158 5159 2038
f 3016 3017 5713
f 3688 3689 51
f 4003 4004 6805
f 7069 7070 3991
f 6817 6818 3676
f 4822 4823 1681
f 5473 5474 2395
f 6271 6272 974
f 5725 5726 2731
f 2732 5725 2731
f 5147 2407 5146
f 2396 5473 2395
f 1682 4822 1681
f 2039 5158 2038
f 973 6271 974
f 3992 7069 3991
f 3677 6817 3676
f 6806 4003 6805
f 4811 2050 4810
f 5714 3016 5713
f 5462 2743 5461
f 6260 642 641
f 6260 641 6259
f 52 3688 51
f 2406 2407 5147
f 2742 2743 5462
f 2049 2050 4811
f 3015 3016 5714
f 5157 5158 2039
f 4002 4003 6806
f 3687 3688 52
f 7068 7069 3992
f 6816 6817 3677
f 4821 4822 1682
f 5472 5473 2396
f 5724 5725 2732
f 6270 6271 973
f 2397 5472 2396
f 2733 5724 2732
f 1683 4821 1682
f 5148 2406 5147
f 2040 5157 2039
f 972 6270 973
f 3993 7068 3992
f 3678 6816 3677
f 6807 4002 6806
f 4812 2049 4811
f 5463 2742 5462
f 5715 3015 5714
f 53 3687 52
f 2405 2406 5148
f 5156 5157 2040
f 3014 3015 5715
f 2741 2742 5463
f 2048 2049 4812
f 3686 3687 53
f 4001 4002 6807
f 6815 6816 3678
f 7067 7068 3993
f 5471 5472 2397
f 4820 4821 1683
f 5723 5724 2733
f 6269 6270 972
f 2734 5723 2733
f 2398 5471 2397
f 1684 4820 1683
f 5149 2405 5148
f 2041 5156 2040
f 971 6269 972
f 3679 6815 3678
f 3994 7067 3993
f 6808 4001 6807
f 5464 2741 5463
f 5716 3014 5715
f 4813 2048 4812
f 54 3686 53
f 2404 2405 5149
f 2740 2741 5464
f 3013 3014 5716
f 2047 2048 4813
f 5155 5156 2041
f 4000 4001 6808
f 3685 3686 54
f 6814 6815 3679
f 7066 7067 3994
f 5470 5471 2398
f 4819 4820 1684
f 5722 5723 2734
f 6268 6269 971
f 2399 5470 2398
f 970 6268 971
f 3995 7066 3994
f 5717 3013 5716
f 4814 2047 4813
f 653 7264 517
f 485 62 63
f 652 7265 7264
f 652 961 7265
f 652 7264 653
f 652 962 961
f 484 62 485
f 484 61 62
f 654 3003 3004
f 654 5968 3003
f 654 653 517
f 654 517 5968
f 486 63 624
f 486 624 644
f 486 485 63
f 651 962 652
f 651 963 962
f 483 61 484
f 483 60 61
f 655 3004 3005
f 655 654 3004
f 487 486 644
f 487 644 643
f 650 963 651
f 650 964 963
f 482 60 483
f 482 59 60
f 656 3005 3006
f 656 655 3005
f 488 643 642
f 488 487 643
f 649 964 650
f 481 59 482
f 657 3006 3007
f 657 656 3006
f 489 488 642
f 489 6260 6261
f 489 642 6260
f 648 964 649
f 648 965 964
f 480 59 481
f 480 58 59
f 658 657 3007
f 647 965 648
f 647 966 965
f 479 57 58
f 479 58 480
f 7221 1691 1692
f 7221 1692 1693
f 7220 1693 1694
f 7220 7221 1693
f 659 3007 3008
f 659 658 3007
f 7222 1690 1691
f 7222 1691 7221
f 7219 7220 1694
f 7219 1694 1674
f 7223 1689 1690
f 7223 1690 7222
f 7218 7219 1674
f 7224 1688 1689
f 7224 1689 7223
f 7225 1688 7224
f 464 5722 2734
f 464 2734 2735
f 463 5722 464
f 463 5721 5722
f 465 2735 2736
f 465 464 2735
f 462 5721 463
f 466 465 2736
f 466 2736 2737
f 461 5721 462
f 461 5720 5721
f 467 2737 2738
f 467 466 2737
f 257 663 662
f 2412 5466 5467
f 1698 4815 4816
f 4827 2043 2044
f 4170 6264 6265
f 2055 5151 5152
f 7074 7057 7058
f 3378 56 57
f 3378 57 479
f 4008 7062 7063
f 3693 6810 6811
f 6276 491 490
f 6822 3996 3997
f 6507 3681 3682
f 4533 1686 1687
f 7299 3009 3010
f 5163 2400 2401
f 5982 969 968
f 256 257 662
f 256 662 661
f 4826 4827 2044
f 4826 2044 2045
f 2411 2412 5467
f 2411 5467 5468
f 1697 4816 4817
f 1697 1698 4816
f 2054 5152 5153
f 2054 2055 5152
f 4007 4008 7063
f 4007 7063 7064
f 7073 7058 7059
f 7073 7074 7058
f 4171 6265 6266
f 4171 4170 6265
f 3377 479 478
f 3377 3378 479
f 3692 3693 6811
f 3692 6811 6812
f 6275 490 489
f 6275 6276 490
f 6275 489 6261
f 6821 6822 3997
f 6821 3997 3998
f 6506 6507 3682
f 6506 3682 3683
f 4532 1687 1688
f 4532 1688 7225
f 4532 4533 1687
f 5162 2401 2402
f 5162 5163 2401
f 7300 3010 3011
f 7300 7299 3010
f 5981 968 967
f 5981 5982 968
f 258 663 257
f 258 664 663
f 2413 5466 2412
f 2413 5465 5466
f 1699 4814 4815
f 1699 4815 1698
f 4828 2043 4827
f 4828 2042 2043
f 2056 5150 5151
f 2056 5151 2055
f 4169 6264 4170
f 4169 6263 6264
f 4009 7062 4008
f 4009 7061 7062
f 3379 56 3378
f 3379 55 56
f 3694 6810 3693
f 3694 6809 6810
f 7075 7056 7057
f 7075 7057 7074
f 6277 492 491
f 6277 491 6276
f 6823 3996 6822
f 6823 3995 3996
f 6508 3681 6507
f 6508 3680 3681
f 7298 3008 3009
f 7298 3009 7299
f 4534 1685 1686
f 4534 1686 4533
f 5164 2399 2400
f 5164 2400 5163
f 5983 969 5982
f 5983 970 969
f 460 5720 461
f 460 5719 5720
f 255 256 661
f 255 661 660
f 1696 4817 4818
f 1696 1697 4817
f 2410 2411 5468
f 2410 5468 5469
f 4825 2045 2046
f 4825 4826 2045
f 4172 4171 6266
f 4172 6266 6267
f 2053 5153 5154
f 2053 2054 5153
f 4006 4007 7064
f 4006 7064 7065
f 3376 478 477
f 3376 477 497
f 3376 3377 478
f 3691 3692 6812
f 3691 6812 6813
f 7072 7059 7060
f 7072 7073 7059
f 6505 6506 3683
f 6505 3683 3684
f 6820 6821 3998
f 6820 3998 3999
f 6274 6261 6262
f 6274 6275 6261
f 4531 4532 7225
f 4531 7225 7226
f 7301 3011 3012
f 7301 7300 3011
f 5161 2402 2403
f 5161 5162 2402
f 5980 5981 967
f 5980 966 647
f 5980 967 966
f 468 467 2738
f 259 664 258
f 259 665 664
f 2414 2740 5464
f 2414 5464 5465
f 2414 5465 2413
f 1700 4814 1699
f 1700 2047 4814
f 4829 5155 2041
f 4829 2041 2042
f 4829 2042 4828
f 2057 5150 2056
f 2057 5149 5150
f 2057 2404 5149
f 4168 6263 4169
f 4168 6262 6263
f 4010 7060 7061
f 4010 7061 4009
f 3380 55 3379
f 3380 54 55
f 3380 3685 54
f 7076 7055 7056
f 7076 7056 7075
f 7076 860 7055
f 3695 4000 6808
f 3695 6808 6809
f 3695 6809 3694
f 6509 6814 3679
f 6509 3679 3680
f 6509 3680 6508
f 6824 3995 6823
f 6824 7066 3995
f 6278 493 492
f 6278 492 6277
f 4535 4819 1684
f 4535 1684 1685
f 4535 1685 4534
f 7297 3008 7298
f 7297 659 3008
f 5165 5470 2399
f 5165 2399 5164
f 5984 6268 970
f 5984 970 5983
f 254 255 660
f 254 660 659
f 2409 2410 5469
f 2409 5469 5470
f 2409 5470 5165
f 1695 4819 4535
f 1695 4818 4819
f 1695 1696 4818
f 4824 4825 2046
f 4824 2046 2047
f 4824 2047 1700
f 4152 6267 6268
f 4152 6268 5984
f 4152 4172 6267
f 2052 5155 4829
f 2052 5154 5155
f 2052 2053 5154
f 4005 7066 6824
f 4005 7065 7066
f 4005 4006 7065
f 7071 7060 4010
f 7071 7072 7060
f 3375 497 496
f 3375 3376 497
f 3690 6814 6509
f 3690 3691 6813
f 3690 6813 6814
f 6819 4000 3695
f 6819 6820 3999
f 6819 3999 4000
f 6273 6262 4168
f 6273 6274 6262
f 6504 6505 3684
f 6504 3685 3380
f 6504 3684 3685
f 4530 4531 7226
f 4530 7226 7227
f 5160 2403 2404
f 5160 2404 2057
f 5160 5161 2403
f 7281 3013 5717
f 7281 3012 3013
f 7281 7301 3012
f 5979 5980 647
f 5979 647 646
f 459 5719 460
f 459 5718 5719
f 260 665 259
f 260 645 665
f 2415 2740 2414
f 2415 2738 2739
f 2415 2739 2740
f 1701 4824 1700
f 4167 6273 4168
f 4830 2052 4829
f 2058 5160 2057
f 4011 7071 4010
f 3696 6819 3695
f 3381 6504 3380
f 6279 494 493
f 6279 493 6278
f 6825 4005 6824
f 6510 3690 6509
f 4536 1695 4535
f 7296 659 7297
f 7296 254 659
f 5166 2409 5165
f 5985 4152 5984
f 274 254 7296
f 4844 4824 1701
f 2429 2409 5166
f 1715 1695 4536
f 2072 2052 4830
f 7091 7071 4011
f 4025 4005 6825
f 4153 4152 5985
f 3710 3690 6510
f 3395 496 495
f 3395 3375 496
f 6524 6504 3381
f 6293 6273 4167
f 6839 6819 3696
f 4550 4530 7227
f 4550 7227 7228
f 7282 7281 5717
f 7282 5717 5718
f 5180 5160 2058
f 5999 5979 646
f 5999 645 260
f 5999 646 645
f 261 5999 260
f 2416 468 2738
f 2416 2738 2415
f 2416 469 468
f 4831 2072 4830
f 1702 4844 1701
f 4012 7091 4011
f 2059 5180 2058
f 4166 6293 4167
f 3382 6524 3381
f 3697 6839 3696
f 6280 495 494
f 6280 494 6279
f 6826 4025 6825
f 6511 3710 6510
f 4537 1715 4536
f 5167 2429 5166
f 7295 274 7296
f 5986 4153 5985
f 273 274 7295
f 1714 1715 4537
f 2428 2429 5167
f 4843 4844 1702
f 2071 2072 4831
f 4024 4025 6826
f 4154 4153 5986
f 3394 3395 495
f 3394 495 6280
f 7090 7091 4012
f 3709 3710 6511
f 6523 6524 3382
f 6292 6293 4166
f 6838 6839 3697
f 5179 5180 2059
f 4549 4550 7228
f 4549 7228 7229
f 5998 5999 261
f 7283 5718 459
f 7283 7282 5718
f 7283 459 458
f 1703 4843 1702
f 2417 469 2416
f 2417 470 469
f 2060 5179 2059
f 4832 2071 4831
f 4165 6292 4166
f 4013 7090 4012
f 3383 6523 3382
f 3698 6838 3697
f 6512 3709 6511
f 6281 3394 6280
f 6827 4024 6826
f 4538 1714 4537
f 5168 2428 5167
f 7294 273 7295
f 5987 4154 5986
f 262 5998 261
f 2427 2428 5168
f 4842 4843 1703
f 1713 1714 4538
f 2070 2071 4832
f 7089 7090 4013
f 4023 4024 6827
f 4155 4154 5987
f 3393 3394 6281
f 3708 3709 6512
f 6837 6838 3698
f 6291 6292 4165
f 6522 6523 3383
f 4548 4549 7229
f 4548 7229 7230
f 7284 7283 458
f 7284 458 457
f 5178 5179 2060
f 5997 5998 262
f 272 273 7294
f 2418 470 2417
f 2418 471 470
f 4833 2070 4832
f 1704 4842 1703
f 2061 5178 2060
f 4164 6291 4165
f 4014 7089 4013
f 3384 6522 3383
f 3699 6837 3698
f 6513 3708 6512
f 6282 3393 6281
f 6828 4023 6827
f 4539 1713 4538
f 5169 2427 5168
f 7293 272 7294
f 5988 4155 5987
f 263 5997 262
f 2426 2427 5169
f 1712 1713 4539
f 2069 2070 4833
f 4841 4842 1704
f 4022 4023 6828
f 3392 3393 6282
f 4156 4155 5988
f 3707 3708 6513
f 7088 7089 4014
f 6290 6291 4164
f 6521 6522 3384
f 6836 6837 3699
f 5177 5178 2061
f 4547 4548 7230
f 4547 7230 7231
f 7285 7284 457
f 7285 457 456
f 5996 5997 263
f 271 272 7293
f 1705 4841 1704
f 4834 2069 4833
f 4163 6290 4164
f 2062 5177 2061
f 4015 7088 4014
f 3385 6521 3384
f 3700 6836 3699
f 6283 3392 6282
f 6829 4022 6828
f 6514 3707 6513
f 7292 271 7293
f 5170 2426 5169
f 5989 4156 5988
f 4540 1712 4539
f 264 5996 263
f 1711 1712 4540
f 2425 2426 5170
f 4840 4841 1705
f 2068 2069 4834
f 4021 4022 6829
f 4157 4156 5989
f 7087 7088 4015
f 3391 3392 6283
f 3706 3707 6514
f 6520 6521 3385
f 6289 6290 4163
f 6835 6836 3700
f 4546 4547 7231
f 5176 5177 2062
f 5995 5996 264
f 270 271 7292
f 4162 6289 4163
f 3701 6835 3700
f 6830 4021 6829
f 6515 3706 6514
f 5171 2425 5170
f 7291 270 7292
f 5990 4157 5989
f 2433 473 472
f 2748 7290 7289
f 4554 1707 1708
f 1383 4542 4543
f 2076 5172 5173
f 3021 5991 5992
f 1719 4836 4837
f 4191 6285 6286
f 6843 4017 4018
f 3714 6831 6832
f 3399 6516 6517
f 4029 7083 7084
f 6003 4161 4160
f 6297 3387 3388
f 4239 7232 7233
f 4848 2064 2065
f 5730 266 267
f 5184 2421 2422
f 7095 7078 7079
f 1067 1068 7236
f 1067 7236 7237
f 2747 2748 7289
f 2747 7289 7288
f 4553 4554 1708
f 4553 1708 1709
f 2432 472 471
f 2432 471 2418
f 2432 2433 472
f 1382 1383 4543
f 1382 4543 4544
f 1718 4837 4838
f 1718 1719 4837
f 3020 3021 5992
f 3020 5992 5993
f 2075 5173 5174
f 2075 2076 5173
f 4192 4191 6286
f 4192 6286 6287
f 6842 6843 4018
f 6842 4018 4019
f 3713 3714 6832
f 3713 6832 6833
f 4028 7084 7085
f 4028 4029 7084
f 3398 3399 6517
f 3398 6517 6518
f 6296 6297 3388
f 6296 3388 3389
f 6002 4160 4159
f 6002 6003 4160
f 4238 4239 7233
f 4238 7233 7234
f 4847 4848 2065
f 4847 2065 2066
f 5183 2422 2423
f 5183 5184 2422
f 5729 5730 267
f 5729 267 268
f 7094 7079 7080
f 7094 7095 7079
f 1069 7236 1068
f 1069 7235 7236
f 2434 474 473
f 2434 473 2433
f 2749 7291 7290
f 2749 7290 2748
f 4555 1706 1707
f 4555 1707 4554
f 1384 4541 4542
f 1384 4542 1383
f 1720 4835 4836
f 1720 4836 1719
f 4190 6285 4191
f 4190 6284 6285
f 3022 5990 5991
f 3022 5991 3021
f 2077 5172 2076
f 2077 5171 5172
f 3400 6516 3399
f 3400 6515 6516
f 4030 7083 4029
f 4030 7082 7083
f 6844 4016 4017
f 6844 4017 6843
f 3715 6831 3714
f 3715 6830 6831
f 6298 3387 6297
f 6298 3386 3387
f 6004 4162 4161
f 6004 4161 6003
f 4240 7232 4239
f 4240 7231 7232
f 4849 2064 4848
f 4849 2063 2064
f 5185 2420 2421
f 5185 2421 5184
f 5731 266 5730
f 5731 265 266
f 7096 7077 7078
f 7096 7078 7095
f 1066 1067 7237
f 1066 7237 7238
f 2431 2418 2419
f 2431 2432 2418
f 2746 7288 7287
f 2746 2747 7288
f 1381 4544 4545
f 1381 1382 4544
f 4552 1709 1710
f 4552 4553 1709
f 4027 7085 7086
f 4027 4028 7085
f 1717 4838 4839
f 1717 1718 4838
f 3019 3020 5993
f 3019 5993 5994
f 2074 2075 5174
f 2074 5174 5175
f 6841 4019 4020
f 6841 6842 4019
f 3397 3398 6518
f 3397 6518 6519
f 3712 3713 6833
f 3712 6833 6834
f 4193 6287 6288
f 4193 4192 6287
f 6295 6296 3389
f 6295 3389 3390
f 6001 4159 4158
f 6001 6002 4159
f 4237 4238 7234
f 4237 7235 1069
f 4237 7234 7235
f 4846 4847 2066
f 4846 2066 2067
f 5728 5729 268
f 5728 268 269
f 5182 5183 2423
f 5182 2423 2424
f 7093 7080 7081
f 7093 7094 7080
f 1070 4237 1069
f 2435 475 474
f 2435 474 2434
f 2750 7291 2749
f 2750 270 7291
f 1385 4540 4541
f 1385 4541 1384
f 1385 1711 4540
f 2078 2425 5171
f 2078 5171 2077
f 1721 4834 4835
f 1721 2068 4834
f 1721 4835 1720
f 4556 1705 1706
f 4556 4840 1705
f 4556 1706 4555
f 3023 5990 3022
f 3023 4157 5990
f 3716 6830 3715
f 3716 4021 6830
f 6845 4015 4016
f 6845 7087 4015
f 6845 4016 6844
f 4031 7082 4030
f 4031 7081 7082
f 4189 6284 4190
f 4189 6283 6284
f 4189 3391 6283
f 3401 3706 6515
f 3401 6515 3400
f 6005 6289 4162
f 6005 4162 6004
f 6299 6520 3385
f 6299 3386 6298
f 6299 3385 3386
f 4241 4546 7231
f 4241 7231 4240
f 4850 5176 2062
f 4850 2063 4849
f 4850 2062 2063
f 5732 5995 264
f 5732 264 265
f 5732 265 5731
f 5186 2419 2420
f 5186 2420 5185
f 7097 7076 7077
f 7097 7077 7096
f 1380 4546 4241
f 1380 4545 4546
f 1380 1381 4545
f 2745 7287 7286
f 2745 2746 7287
f 2430 2431 2419
f 2430 2419 5186
f 1716 4840 4556
f 1716 4839 4840
f 1716 1717 4839
f 3018 5995 5732
f 3018 3019 5994
f 3018 5994 5995
f 2073 5176 4850
f 2073 5175 5176
f 2073 2074 5175
f 4551 1710 1711
f 4551 4552 1710
f 4551 1711 1385
f 4026 4027 7086
f 4026 7086 7087
f 4026 7087 6845
f 6840 4020 4021
f 6840 4021 3716
f 6840 6841 4020
f 3711 6834 6835
f 3711 3712 6834
f 3711 6835 3701
f 4173 6289 6005
f 4173 6288 6289
f 4173 4193 6288
f 3396 6520 6299
f 3396 3397 6519
f 3396 6519 6520
f 6000 4157 3023
f 6000 6001 4158
f 6000 4158 4157
f 6294 3391 4189
f 6294 6295 3390
f 6294 3390 3391
f 4236 4237 1070
f 4845 2068 1721
f 4845 2067 2068
f 4845 4846 2067
f 5181 2425 2078
f 5181 2424 2425
f 5181 5182 2424
f 5727 270 2750
f 5727 5728 269
f 5727 269 270
f 7092 7081 4031
f 7092 7093 7081
f 2436 475 2435
f 1071 4236 1070
f 2751 5727 2750
f 1386 4551 1385
f 1722 4845 1721
f 4557 1716 4556
f 4032 7092 4031
f 3024 6000 3023
f 6846 4026 6845
f 2079 5181 2078
f 4188 6294 4189
f 3402 3705 3706
f 3402 3706 3401
f 3717 6840 3716
f 6006 4173 6005
f 6300 3396 6299
f 4242 1380 4241
f 5187 2430 5186
f 5733 3018 5732
f 4851 2073 4850
f 1400 1380 4242
f 2765 2745 7286
f 2450 2430 5187
f 3038 3018 5733
f 1736 1716 4557
f 4571 4551 1386
f 2093 2073 4851
f 4046 4026 6846
f 3731 3711 3701
f 3731 3701 3702
f 6860 6840 3717
f 3416 3396 6300
f 4174 4173 6006
f 6020 6000 3024
f 6314 6294 4188
f 4256 4236 1071
f 5747 5727 2751
f 5201 5181 2079
f 4865 4845 1722
f 7112 7092 4032
f 1072 4256 1071
f 4558 1736 4557
f 1723 4865 1722
f 2752 5747 2751
f 1387 4571 1386
f 2080 5201 2079
f 4033 7112 4032
f 6847 4046 6846
f 3025 6020 3024
f 4187 6314 4188
f 3718 6860 3717
f 6007 4174 6006
f 6301 3416 6300
f 4852 2093 4851
f 4243 1400 4242
f 5188 2450 5187
f 5734 3038 5733
f 2449 2450 5188
f 1399 1400 4243
f 2092 2093 4852
f 4570 4571 1387
f 1735 1736 4558
f 3037 3038 5734
f 6859 6860 3718
f 4045 4046 6847
f 3415 3416 6301
f 4175 4174 6007
f 6019 6020 3025
f 6313 6314 4187
f 4255 4256 1072
f 4864 4865 1723
f 5200 5201 2080
f 5746 5747 2752
f 7111 7112 4033
f 385 1674 2010
f 385 7238 7218
f 385 1084 1085
f 385 1085 1065
f 385 7218 1674
f 385 1066 7238
f 385 2010 760
f 385 1065 1066
f 383 385 384
f 382 385 383
f 1073 4255 1072
f 4559 1735 4558
f 1388 4570 1387
f 2753 5746 2752
f 3026 6019 3025
f 1724 4864 1723
f 2081 5200 2080
f 6848 4045 6847
f 4034 7111 4033
f 3719 6859 3718
f 4186 6313 4187
f 6008 4175 6007
f 6302 3415 6301
f 4244 1399 4243
f 5189 2449 5188
f 4853 2092 4852
f 5735 3037 5734
f 4569 4570 1388
f 2448 2449 5189
f 1398 1399 4244
f 1734 1735 4559
f 1083 1084 385
f 3036 3037 5735
f 2091 2092 4853
f 6858 6859 3719
f 4044 4045 6848
f 4176 4175 6008
f 3414 3415 6302
f 6018 6019 3026
f 6312 6313 4186
f 4254 4255 1073
f 4863 4864 1724
f 5745 5746 2753
f 5199 5200 2081
f 7110 7111 4034
f 1074 4254 1073
f 1389 4569 1388
f 2754 5745 2753
f 1725 4863 1724
f 4560 1734 4559
f 2082 5199 2081
f 3027 6018 3026
f 3720 6858 3719
f 4035 7110 4034
f 6849 4044 6848
f 4185 6312 4186
f 6303 3414 6302
f 6009 4176 6008
f 5190 2448 5189
f 4245 1398 4244
f 4854 2091 4853
f 5736 3036 5735
f 4568 4569 1389
f 2447 2448 5190
f 1397 1398 4245
f 1733 1734 4560
f 3035 3036 5736
f 2090 2091 4854
f 4043 4044 6849
f 6857 6858 3720
f 3413 3414 6303
f 4177 4176 6009
f 6017 6018 3027
f 6311 6312 4185
f 4253 4254 1074
f 5198 5199 2082
f 5744 5745 2754
f 4862 4863 1725
f 7109 7110 4035
f 674 476 475
f 401 3703 3704
f 673 456 476
f 673 476 674
f 400 3703 401
f 400 3702 3703
f 402 3704 3705
f 402 401 3704
f 402 3705 3402
f 675 674 475
f 675 475 2436
f 675 2436 2437
f 379 381 380
f 2755 5744 2754
f 1390 4568 1389
f 1726 4862 1725
f 1075 4253 1074
f 4561 1733 4560
f 3028 6017 3027
f 2083 5198 2082
f 6850 4043 6849
f 4036 7109 4035
f 3721 6857 3720
f 4184 6311 4185
f 6304 3413 6303
f 6010 4177 6009
f 5191 2447 5190
f 4246 1397 4245
f 4855 2090 4854
f 5737 3035 5736
f 378 1082 1083
f 378 381 379
f 378 382 381
f 378 385 382
f 378 1083 385
f 672 456 673
f 672 7286 7285
f 672 7285 456
f 672 2765 7286
f 399 3731 3702
f 399 3702 400
f 2446 2447 5191
f 1396 1397 4246
f 1081 1082 378
f 4567 4568 1390
f 1732 1733 4561
f 2089 2090 4855
f 3034 3035 5737
f 6856 6857 3721
f 4178 4177 6010
f 3412 3413 6304
f 4042 4043 6850
f 6016 6017 3028
f 6310 6311 4184
f 5197 5198 2083
f 4252 4253 1075
f 4861 4862 1726
f 5743 5744 2755
f 7108 7109 4036
f 676 2437 2438
f 676 675 2437
f 403 3402 3403
f 403 402 3402
f 671 2765 672
f 671 2764 2765
f 398 3730 3731
f 398 3731 399
f 1076 4252 1075
f 4562 1732 4561
f 1727 4861 1726
f 6851 4042 6850
f 4183 6310 4184
f 6305 3412 6304
f 1080 1081 378
f 677 676 2438
f 404 3403 3404
f 404 403 3403
f 1079 1080 378
f 397 3730 398
f 397 3729 3730
f 670 2764 671
f 670 2763 2764
f 678 677 2438
f 678 2438 2439
f 405 3404 3405
f 405 404 3404
f 396 3729 397
f 669 2763 670
f 669 2762 2763
f 679 2439 2440
f 679 678 2439
f 406 405 3405
f 406 3405 3406
f 668 2762 669
f 668 2761 2762
f 407 3406 3407
f 407 406 3406
f 408 3407 3408
f 408 407 3407
f 409 408 3408
f 826 2441 2442
f 910 3729 396
f 910 3728 3729
f 827 680 679
f 827 679 2440
f 827 2440 2441
f 827 2441 826
f 911 3727 3728
f 911 3728 910
f 825 826 2442
f 825 2442 2443
f 825 2443 2444
f 909 395 394
f 909 396 395
f 909 910 396
f 828 681 680
f 828 680 827
f 912 3725 3726
f 912 3726 3727
f 912 3727 911
f 824 2444 2445
f 824 825 2444
f 908 909 394
f 908 394 393
f 829 681 828
f 829 682 681
f 829 683 682
f 913 3724 3725
f 913 3725 912
f 823 2445 2446
f 823 824 2445
f 823 2446 5191
f 907 393 413
f 907 908 393
f 830 684 683
f 830 683 829
f 822 823 5191
f 822 5191 5192
f 906 412 411
f 906 413 412
f 906 907 413
f 2454 666 686
f 1089 4248 4249
f 2769 5739 5740
f 4260 1392 1393
f 2097 5193 5194
f 1740 4857 4858
f 1404 4563 4564
f 3042 6012 6013
f 6528 3723 3724
f 6528 913 914
f 6528 3724 913
f 3735 6852 6853
f 4050 7104 7105
f 6024 4182 4181
f 5751 3030 3031
f 4575 1728 1729
f 5478 2757 2758
f 4869 2085 2086
f 6864 4038 4039
f 7116 7099 7100
f 4259 4260 1393
f 4259 1393 1394
f 2453 2454 686
f 2453 686 685
f 2768 2769 5740
f 2768 5740 5741
f 1088 1089 4249
f 1088 4249 4250
f 1403 1404 4564
f 1403 4564 4565
f 1739 4858 4859
f 1739 1740 4858
f 2096 2097 5194
f 2096 5194 5195
f 6527 6528 914
f 3041 3042 6013
f 3041 6013 6014
f 3734 6853 6854
f 3734 3735 6853
f 4049 7105 7106
f 4049 4050 7105
f 5750 5751 3031
f 5750 3031 3032
f 6023 6024 4181
f 6023 4181 4180
f 5477 5478 2758
f 5477 2758 2759
f 4574 4575 1729
f 4574 1729 1730
f 4868 4869 2086
f 4868 2086 2087
f 6863 4039 4040
f 6863 6864 4039
f 7115 7100 7101
f 7115 7116 7100
f 905 411 410
f 905 906 411
f 1090 4247 4248
f 1090 4248 1089
f 2455 666 2454
f 2455 667 666
f 2455 668 667
f 2770 5738 5739
f 2770 5739 2769
f 1741 4857 1740
f 1741 4856 4857
f 4261 1391 1392
f 4261 1392 4260
f 1405 4563 1404
f 1405 4562 4563
f 2098 5192 5193
f 2098 5193 2097
f 3736 6851 6852
f 3736 6852 3735
f 6529 3722 3723
f 6529 3723 6528
f 4051 7104 4050
f 4051 7103 7104
f 3043 6012 3042
f 3043 6011 6012
f 5752 3029 3030
f 5752 3030 5751
f 6025 4182 6024
f 6025 4183 4182
f 5479 2756 2757
f 5479 2757 5478
f 4870 2085 4869
f 4870 2084 2085
f 4576 1728 4575
f 4576 1727 1728
f 6865 4037 4038
f 6865 4038 6864
f 7117 7098 7099
f 7117 7099 7116
f 1087 4250 4251
f 1087 1088 4250
f 2452 685 684
f 2452 2453 685
f 2767 5741 5742
f 2767 2768 5741
f 4258 4259 1394
f 4258 1394 1395
f 1738 1739 4859
f 1738 4859 4860
f 1402 4565 4566
f 1402 1403 4565
f 6526 914 915
f 6526 6527 914
f 3733 6854 6855
f 3733 3734 6854
f 2095 2096 5195
f 2095 5195 5196
f 4048 4049 7106
f 4048 7106 7107
f 3040 3041 6014
f 3040 6014 6015
f 5749 3032 3033
f 5749 5750 3032
f 6022 4180 4179
f 6022 6023 4180
f 4573 1730 1731
f 4573 4574 1730
f 5476 2759 2760
f 5476 5477 2759
f 4867 2087 2088
f 4867 4868 2087
f 6862 4040 4041
f 6862 6863 4040
f 7114 7115 7101
f 7114 7101 7102
f 2456 2761 668
f 2456 668 2455
f 2771 5738 2770
f 2771 5737 5738
f 2771 3034 5737
f 1091 4246 4247
f 1091 4247 1090
f 1091 1396 4246
f 2099 5192 2098
f 2099 822 5192
f 4262 1390 1391
f 4262 4567 1390
f 4262 1391 4261
f 1742 4855 4856
f 1742 2089 4855
f 1742 4856 1741
f 1406 1732 4562
f 1406 4562 1405
f 6530 3722 6529
f 6530 3721 3722
f 6530 6856 3721
f 3044 6011 3043
f 3044 6010 6011
f 3044 4178 6010
f 3737 4042 6851
f 3737 6851 3736
f 4052 7103 4051
f 4052 7102 7103
f 5753 3028 3029
f 5753 6016 3028
f 5753 3029 5752
f 6026 4183 6025
f 6026 6309 6310
f 6026 6310 4183
f 4577 4861 1727
f 4577 1727 4576
f 4871 2084 4870
f 4871 5197 2083
f 4871 2083 2084
f 5480 2755 2756
f 5480 5743 2755
f 5480 2756 5479
f 6866 7108 4036
f 6866 4036 4037
f 6866 4037 6865
f 7118 7098 7117
f 7118 7097 7098
f 2451 684 830
f 2451 830 831
f 2451 2452 684
f 1086 4252 1076
f 1086 4251 4252
f 1086 1087 4251
f 1401 1402 4566
f 1401 4566 4567
f 1401 4567 4262
f 2766 2767 5742
f 2766 5742 5743
f 2766 5743 5480
f 1737 1738 4860
f 1737 4861 4577
f 1737 4860 4861
f 2094 2095 5196
f 2094 5196 5197
f 2094 5197 4871
f 4257 4258 1395
f 4257 1395 1396
f 4257 1396 1091
f 6525 6526 915
f 3039 6016 5753
f 3039 3040 6015
f 3039 6015 6016
f 3732 3733 6855
f 3732 6855 6856
f 3732 6856 6530
f 4047 4048 7107
f 4047 7108 6866
f 4047 7107 7108
f 5748 3034 2771
f 5748 3033 3034
f 5748 5749 3033
f 6021 4178 3044
f 6021 6022 4179
f 6021 4179 4178
f 4572 1731 1732
f 4572 4573 1731
f 4572 1732 1406
f 5475 2761 2456
f 5475 5476 2760
f 5475 2760 2761
f 4866 2088 2089
f 4866 2089 1742
f 4866 4867 2088
f 6861 6862 4041
f 6861 4041 4042
f 6861 4042 3737
f 7113 7114 7102
f 7113 7102 4052
f 916 6525 915
f 2457 5475 2456
f 2772 5748 2771
f 1743 4866 1742
f 1092 4257 1091
f 4263 1401 4262
f 1407 4572 1406
f 2100 821 822
f 2100 822 2099
f 3738 6861 3737
f 6531 3732 6530
f 3045 6021 3044
f 4053 7113 4052
f 5754 3039 5753
f 6027 6309 6026
f 4872 2094 4871
f 5481 2766 5480
f 4578 1737 4577
f 6867 4047 6866
f 2786 2766 5481
f 4277 4257 1092
f 1106 1086 1076
f 1106 1076 1077
f 2471 2451 831
f 2471 831 832
f 1421 1401 4263
f 1757 1737 4578
f 2114 2094 4872
f 3752 3732 6531
f 6545 6525 916
f 3059 3039 5754
f 4067 4047 6867
f 5768 5748 2772
f 6041 6021 3045
f 4592 4572 1407
f 5495 5475 2457
f 4886 4866 1743
f 6881 6861 3738
f 7133 7113 4053
f 904 905 410
f 2458 5495 2457
f 1093 4277 1092
f 2773 5768 2772
f 1744 4886 1743
f 2101 820 821
f 2101 821 2100
f 4264 1421 4263
f 6532 3752 6531
f 1408 4592 1407
f 3739 6881 3738
f 3046 6041 3045
f 4054 7133 4053
f 6028 6309 6027
f 6028 6308 6309
f 5755 3059 5754
f 4579 1757 4578
f 4873 2114 4872
f 5482 2786 5481
f 6868 4067 6867
f 1105 1077 1078
f 1105 1106 1077
f 4276 4277 1093
f 2470 2471 832
f 1420 1421 4264
f 2785 2786 5482
f 2113 2114 4873
f 1756 1757 4579
f 6544 6545 916
f 3751 3752 6532
f 3058 3059 5755
f 4066 4067 6868
f 5767 5768 2773
f 6040 6041 3046
f 4885 4886 1744
f 5494 5495 2458
f 4591 4592 1408
f 6880 6881 3739
f 7132 7133 4054
f 917 6544 916
f 4265 1420 4264
f 2774 5767 2773
f 1094 4276 1093
f 2102 820 2101
f 2459 5494 2458
f 1409 4591 1408
f 1745 4885 1744
f 6533 3751 6532
f 3740 6880 3739
f 3047 6040 3046
f 4055 7132 4054
f 5756 3058 5755
f 4874 2113 4873
f 4580 1756 4579
f 5483 2785 5482
f 6869 4066 6868
f 1104 1078 1079
f 1104 1105 1078
f 2112 2113 4874
f 2469 2470 832
f 2469 832 833
f 1419 1420 4265
f 2784 2785 5483
f 1755 1756 4580
f 4275 4276 1094
f 3057 3058 5756
f 6543 6544 917
f 3750 3751 6533
f 4065 4066 6869
f 5766 5767 2774
f 6039 6040 3047
f 4590 4591 1409
f 4884 4885 1745
f 5493 5494 2459
f 6879 6880 3740
f 7131 7132 4055
f 897 6543 917
f 1095 4275 1094
f 4266 1419 4265
f 2775 5766 2774
f 2103 820 2102
f 2103 819 820
f 2460 5493 2459
f 1410 4590 1409
f 1746 4884 1745
f 6534 3750 6533
f 3741 6879 3740
f 3048 6039 3047
f 4056 7131 4055
f 5757 3057 5756
f 4875 2112 4874
f 4581 1755 4580
f 5484 2784 5483
f 6870 4065 6869
f 4274 4275 1095
f 2468 833 813
f 2468 2469 833
f 2783 2784 5484
f 1103 1079 378
f 1103 1104 1079
f 1418 1419 4266
f 2111 2112 4875
f 3056 3057 5757
f 1754 1755 4581
f 3749 3750 6534
f 6542 6543 897
f 4064 4065 6870
f 5765 5766 2775
f 6038 6039 3048
f 4589 4590 1410
f 5492 5493 2460
f 4883 4884 1746
f 6878 6879 3741
f 7130 7131 4056
f 716 3411 3412
f 716 3412 6305
f 715 3410 3411
f 715 3411 716
f 717 6305 6306
f 717 716 6305
f 4267 1418 4266
f 2461 5492 2460
f 2776 5765 2775
f 1747 4883 1746
f 1096 4274 1095
f 1411 4589 1410
f 2104 818 819
f 2104 819 2103
f 3049 6038 3048
f 6535 3749 6534
f 3742 6878 3741
f 4057 7130 4056
f 4876 2111 4875
f 4582 1754 4581
f 5485 2783 5484
f 6871 4064 6870
f 714 3409 3410
f 714 3410 715
f 1102 1103 378
f 4273 4274 1096
f 2467 2468 813
f 2467 813 814
f 1417 1418 4267
f 2110 2111 4876
f 2782 2783 5485
f 1753 1754 4582
f 3748 3749 6535
f 6541 897 898
f 6541 6542 897
f 4063 4064 6871
f 5764 5765 2776
f 6037 6038 3049
f 4882 4883 1747
f 4588 4589 1411
f 5491 5492 2461
f 6877 6878 3742
f 7129 7130 4057
f 718 717 6306
f 718 6306 6307
f 713 3409 714
f 713 3408 3409
f 1097 4273 1096
f 2462 5491 2461
f 1748 4882 1747
f 4877 2110 4876
f 4583 1753 4582
f 6872 4063 6871
f 719 718 6307
f 719 6308 6028
f 719 6307 6308
f 1101 1102 378
f 2466 2467 814
f 6540 898 899
f 6540 6541 898
f 712 409 3408
f 712 3408 713
f 720 6028 6029
f 720 719 6028
f 711 409 712
f 711 904 410
f 711 410 409
f 721 720 6029
f 721 6029 6030
f 1047 3053 3054
f 1046 3054 3055
f 1046 1047 3054
f 1048 3053 1047
f 1048 3052 3053
f 1045 3056 5757
f 1045 3055 3056
f 1045 1046 3055
f 1049 3052 1048
f 1049 3051 3052
f 1044 1045 5757
f 1044 5757 5758
f 1050 3050 3051
f 1050 3051 1049
f 1064 5758 5759
f 1064 1044 5758
f 1051 6037 3049
f 1051 3049 3050
f 1051 3050 1050
f 1063 5759 5760
f 1063 1064 5759
f 2475 5487 5488
f 2790 5760 5761
f 1761 4878 4879
f 1110 4269 4270
f 2118 816 817
f 1425 4584 4585
f 3420 6537 6538
f 4212 710 709
f 6318 901 902
f 3063 6033 6034
f 4071 7125 7126
f 7137 7120 7121
f 3756 6873 6874
f 5499 2778 2779
f 6045 723 722
f 4281 1413 1414
f 4890 2106 2107
f 4596 1749 1750
f 5205 2463 2464
f 6549 3744 3745
f 6885 4059 4060
f 2474 2475 5488
f 2474 5488 5489
f 2117 2118 817
f 1424 1425 4585
f 1424 4585 4586
f 2789 5761 5762
f 2789 2790 5761
f 6317 6318 902
f 6317 902 903
f 1760 1761 4879
f 1760 4879 4880
f 3419 6538 6539
f 3419 3420 6538
f 1109 4270 4271
f 1109 1110 4270
f 4213 709 708
f 4213 4212 709
f 3755 3756 6874
f 3755 6874 6875
f 3062 6034 6035
f 3062 3063 6034
f 4070 7126 7127
f 4070 4071 7126
f 7136 7121 7122
f 7136 7137 7121
f 5498 5499 2779
f 5498 2779 2780
f 6044 721 6030
f 6044 6045 722
f 6044 722 721
f 4280 1414 1415
f 4280 4281 1414
f 4889 2107 2108
f 4889 4890 2107
f 5204 5205 2464
f 5204 2464 2465
f 4595 1750 1751
f 4595 4596 1750
f 6548 3745 3746
f 6548 6549 3745
f 6884 6885 4060
f 6884 4060 4061
f 1111 4268 4269
f 1111 4269 1110
f 2476 5487 2475
f 2476 5486 5487
f 1426 4583 4584
f 1426 4584 1425
f 1762 4877 4878
f 1762 4878 1761
f 2119 815 816
f 2119 816 2118
f 4211 710 4212
f 4211 904 711
f 4211 711 710
f 2791 1063 5760
f 2791 5760 2790
f 3064 6032 6033
f 3064 6033 3063
f 6319 900 901
f 6319 901 6318
f 3421 6536 6537
f 3421 6537 3420
f 4072 7125 4071
f 4072 7124 7125
f 7138 7120 7137
f 7138 7119 7120
f 3757 6873 3756
f 3757 6872 6873
f 6046 723 6045
f 6046 724 723
f 5500 2778 5499
f 5500 2777 2778
f 4282 1412 1413
f 4282 1413 4281
f 4891 2105 2106
f 4891 2106 4890
f 4597 1749 4596
f 4597 1748 1749
f 5206 2463 5205
f 5206 2462 2463
f 6550 3743 3744
f 6550 3744 6549
f 6886 4059 6885
f 6886 4058 4059
f 2473 2474 5489
f 2473 5489 5490
f 1423 1424 4586
f 1423 4586 4587
f 1759 1760 4880
f 1759 4880 4881
f 1108 4271 4272
f 1108 1109 4271
f 2116 2117 817
f 2116 818 2104
f 2116 817 818
f 2788 5762 5763
f 2788 2789 5762
f 3061 3062 6035
f 3061 6035 6036
f 6316 903 904
f 6316 6317 903
f 3418 6539 6540
f 3418 6540 899
f 3418 3419 6539
f 4214 708 728
f 4214 4213 708
f 3754 3755 6875
f 3754 6875 6876
f 7135 7122 7123
f 7135 7136 7122
f 4069 7127 7128
f 4069 4070 7127
f 6043 6030 6031
f 6043 6044 6030
f 5497 5498 2780
f 5497 2780 2781
f 4888 2108 2109
f 4888 4889 2108
f 4279 4280 1415
f 4279 1415 1416
f 4594 4595 1751
f 4594 1751 1752
f 5203 5204 2465
f 5203 2465 2466
f 6547 3746 3747
f 6547 6548 3746
f 6883 6884 4061
f 6883 4061 4062
f 2477 5486 2476
f 2477 5485 5486
f 2477 2782 5485
f 1427 1753 4583
f 1427 4583 1426
f 2792 1063 2791
f 2792 1062 1063
f 2120 815 2119
f 2120 814 815
f 1763 2110 4877
f 1763 4877 1762
f 1112 1417 4267
f 1112 4267 4268
f 1112 4268 1111
f 6320 900 6319
f 3422 6535 6536
f 3422 3748 6535
f 3422 6536 3421
f 4210 904 4211
f 4210 6316 904
f 3065 6031 6032
f 3065 6032 3064
f 7139 7118 7119
f 7139 7119 7138
f 3758 6872 3757
f 3758 4063 6872
f 4073 7123 7124
f 4073 7124 4072
f 5501 5764 2776
f 5501 2777 5500
f 5501 2776 2777
f 6047 724 6046
f 6047 725 724
f 4283 1412 4282
f 4283 1411 1412
f 4283 4588 1411
f 4598 1748 4597
f 4598 4882 1748
f 4892 2104 2105
f 4892 2105 4891
f 5207 2462 5206
f 5207 5491 2462
f 6551 3743 6550
f 6551 6877 3742
f 6551 3742 3743
f 6887 7129 4057
f 6887 4057 4058
f 6887 4058 6886
f 2472 2473 5490
f 2472 5490 5491
f 2472 5491 5207
f 1422 1423 4587
f 1422 4588 4283
f 1422 4587 4588
f 1758 1759 4881
f 1758 4881 4882
f 1758 4882 4598
f 1107 1108 4272
f 1107 4272 4273
f 1107 4273 1097
f 2115 2116 2104
f 2115 2104 4892
f 2787 2788 5763
f 2787 5763 5764
f 2787 5764 5501
f 3060 6036 6037
f 3060 6037 1051
f 3060 1051 1052
f 3060 3061 6036
f 6315 6316 4210
f 3417 899 900
f 3417 3418 899
f 3753 6876 6877
f 3753 3754 6876
f 3753 6877 6551
f 4068 4069 7128
f 4068 7129 6887
f 4068 7128 7129
f 4194 4214 728
f 4194 728 727
f 7134 7123 4073
f 7134 7135 7123
f 5496 2782 2477
f 5496 5497 2781
f 5496 2781 2782
f 6042 6043 6031
f 6042 6031 3065
f 4278 1416 1417
f 4278 1417 1112
f 4278 4279 1416
f 4593 1753 1427
f 4593 4594 1752
f 4593 1752 1753
f 4887 2109 2110
f 4887 4888 2109
f 4887 2110 1763
f 5202 5203 2466
f 5202 2466 814
f 5202 814 2120
f 6546 3747 3748
f 6546 6547 3747
f 6546 3748 3422
f 6882 4063 3758
f 6882 4062 4063
f 6882 6883 4062
f 2121 5202 2120
f 2478 5496 2477
f 1764 4887 1763
f 1428 4593 1427
f 1113 4278 1112
f 2793 1062 2792
f 2793 1061 1062
f 3066 6042 3065
f 6321 3417 900
f 6321 900 6320
f 3423 6546 3422
f 4074 7134 4073
f 4209 6315 4210
f 3759 6882 3758
f 6048 726 725
f 6048 725 6047
f 5502 2787 5501
f 4284 1422 4283
f 5208 2472 5207
f 4599 1758 4598
f 4893 2115 4892
f 6552 3753 6551
f 6888 4068 6887
f 2492 2472 5208
f 1127 1097 1098
f 1127 1107 1097
f 6335 6315 4209
f 1778 1758 4599
f 2807 2787 5502
f 3080 1052 1053
f 3080 3060 1052
f 3437 3417 6321
f 1442 1422 4284
f 2135 2115 4893
f 4195 4194 727
f 4195 727 726
f 4195 726 6048
f 4088 4068 6888
f 7154 7134 4074
f 3773 3753 6552
f 5516 5496 2478
f 6062 6042 3066
f 4298 4278 1113
f 4613 4593 1428
f 5222 5202 2121
f 6566 6546 3423
f 4907 4887 1764
f 6902 6882 3759
f 2122 5222 2121
f 2479 5516 2478
f 2794 1061 2793
f 2794 1060 1061
f 6322 3437 6321
f 1765 4907 1764
f 1114 4298 1113
f 4208 6335 4209
f 1429 4613 1428
f 3067 6062 3066
f 3424 6566 3423
f 4075 7154 4074
f 3760 6902 3759
f 6049 4195 6048
f 5503 2807 5502
f 4285 1442 4284
f 4894 2135 4893
f 4600 1778 4599
f 5209 2492 5208
f 6553 3773 6552
f 6889 4088 6888
f 2491 2492 5209
f 1777 1778 4600
f 1126 1098 1099
f 1126 1127 1098
f 1441 1442 4285
f 2806 2807 5503
f 3079 3080 1053
f 3079 1053 1054
f 6334 6335 4208
f 3436 3437 6322
f 2134 2135 4894
f 4196 4195 6049
f 7153 7154 4075
f 3772 3773 6553
f 4087 4088 6889
f 6061 6062 3067
f 5515 5516 2479
f 6565 6566 3424
f 4612 4613 1429
f 4906 4907 1765
f 4297 4298 1114
f 5221 5222 2122
f 6901 6902 3760
f 2480 5515 2479
f 1766 4906 1765
f 1115 4297 1114
f 4207 6334 4208
f 1430 4612 1429
f 2795 1060 2794
f 2795 1059 1060
f 3068 6061 3067
f 6323 3436 6322
f 3425 6565 3424
f 2123 5221 2122
f 3761 6901 3760
f 4076 7153 4075
f 5504 2806 5503
f 4286 1441 4285
f 6050 4196 6049
f 4601 1777 4600
f 4895 2134 4894
f 5210 2491 5209
f 6554 3772 6553
f 6890 4087 6889
f 1440 1441 4286
f 2490 2491 5210
f 1776 1777 4601
f 1125 1099 1100
f 1125 1126 1099
f 2133 2134 4895
f 6333 6334 4207
f 2805 2806 5504
f 3078 3079 1054
f 3078 1054 1055
f 3435 3436 6323
f 4086 4087 6890
f 4197 4196 6050
f 7152 7153 4076
f 3771 3772 6554
f 5514 5515 2480
f 6060 6061 3068
f 4296 4297 1115
f 4905 4906 1766
f 5220 5221 2123
f 6564 6565 3425
f 4611 4612 1430
f 6900 6901 3761
f 2481 5514 2480
f 1767 4905 1766
f 1116 4296 1115
f 1431 4611 1430
f 2796 1059 2795
f 2796 1058 1059
f 6324 3435 6323
f 3426 6564 3425
f 2124 5220 2123
f 4206 6333 4207
f 3069 6060 3068
f 3762 6900 3761
f 4077 7152 4076
f 5505 2805 5504
f 6051 4197 6050
f 4287 1440 4286
f 4602 1776 4601
f 4896 2133 4895
f 5211 2490 5210
f 6555 3771 6554
f 6891 4086 6890
f 2489 2490 5211
f 1439 1440 4287
f 1124 1100 1101
f 1124 1125 1100
f 2132 2133 4896
f 2804 2805 5505
f 3077 3078 1055
f 6332 6333 4206
f 1775 1776 4602
f 3434 3435 6324
f 4198 4197 6051
f 4085 4086 6891
f 3770 3771 6555
f 7151 7152 4077
f 6059 6060 3069
f 5513 5514 2481
f 4295 4296 1116
f 4610 4611 1431
f 4904 4905 1767
f 5219 5220 2124
f 6563 6564 3426
f 6899 6900 3762
f 2482 5513 2481
f 1432 4610 1431
f 1768 4904 1767
f 1117 4295 1116
f 2797 1058 2796
f 6325 3434 6324
f 3427 6563 3426
f 2125 5219 2124
f 4078 7151 4077
f 4205 6332 4206
f 3070 6059 3069
f 3763 6899 3762
f 5506 2804 5505
f 6052 4198 6051
f 4288 1439 4287
f 4603 1775 4602
f 4897 2132 4896
f 5212 2489 5211
f 6892 4085 6891
f 6556 3770 6555
f 1774 1775 4603
f 2488 2489 5212
f 1438 1439 4288
f 1123 1124 1101
f 1123 1101 378
f 2803 2804 5506
f 2131 2132 4897
f 4199 4198 6052
f 6331 6332 4205
f 4084 4085 6892
f 3433 3434 6325
f 7150 7151 4078
f 3769 3770 6556
f 6058 6059 3070
f 5512 5513 2482
f 4294 4295 1117
f 4609 4610 1432
f 4903 4904 1768
f 5218 5219 2125
f 6562 6563 3427
f 6898 6899 3763
f 1118 4294 1117
f 3071 6058 3070
f 4289 1438 4288
f 5213 2488 5212
f 4604 1774 4603
f 6557 3769 6556
f 6893 4084 6892
f 299 1055 1056
f 1782 4899 4900
f 1131 4290 4291
f 2496 5508 5509
f 1446 4605 4606
f 6066 4203 4202
f 3084 6054 6055
f 2139 5214 5215
f 6906 4080 4081
f 957 6327 6328
f 3441 6558 6559
f 3777 6894 6895
f 4092 7146 7147
f 5772 3072 3073
f 7158 7141 7142
f 5226 2484 2485
f 5520 2799 2800
f 4911 2127 2128
f 4302 1434 1435
f 4617 1770 1771
f 6339 3429 3430
f 6570 3765 3766
f 298 299 1056
f 298 1056 1057
f 2495 2496 5509
f 2495 5509 5510
f 1445 1446 4606
f 1445 4606 4607
f 6065 6066 4202
f 6065 4202 4201
f 3083 6055 6056
f 3083 3084 6055
f 958 957 6328
f 958 6328 6329
f 1781 1782 4900
f 1781 4900 4901
f 3440 3441 6559
f 3440 6559 6560
f 1130 1131 4291
f 1130 4291 4292
f 2138 2139 5215
f 2138 5215 5216
f 7157 7142 7143
f 7157 7158 7142
f 6905 6906 4081
f 6905 4081 4082
f 3776 6895 6896
f 3776 3777 6895
f 4091 7147 7148
f 4091 4092 7147
f 5225 5226 2485
f 5225 2485 2486
f 5771 5772 3073
f 5771 3073 3074
f 5519 2800 2801
f 5519 5520 2800
f 4301 1435 1436
f 4301 4302 1435
f 4616 4617 1771
f 4616 1771 1772
f 4910 2128 2129
f 4910 4911 2128
f 6338 3430 3431
f 6338 6339 3430
f 6569 6570 3766
f 6569 3766 3767
f 300 1055 299
f 300 3077 1055
f 1132 4290 1131
f 1132 4289 4290
f 1447 4605 1446
f 1447 4604 4605
f 956 6327 957
f 956 6326 6327
f 1783 4899 1782
f 1783 4898 4899
f 2140 5214 2139
f 2140 5213 5214
f 2497 5507 5508
f 2497 5508 2496
f 3085 6053 6054
f 3085 6054 3084
f 6067 4203 6066
f 6067 4204 4203
f 3442 6557 6558
f 3442 6558 3441
f 6907 4079 4080
f 6907 4080 6906
f 7159 7140 7141
f 7159 7141 7158
f 3778 6893 6894
f 3778 6894 3777
f 4093 7145 7146
f 4093 7146 4092
f 5227 2484 5226
f 5227 2483 2484
f 5521 2798 2799
f 5521 2799 5520
f 5773 3072 5772
f 5773 3071 3072
f 4303 1433 1434
f 4303 1434 4302
f 6340 3428 3429
f 6340 3429 6339
f 4618 1770 4617
f 4618 1769 1770
f 4912 2126 2127
f 4912 2127 4911
f 6571 3764 3765
f 6571 3765 6570
f 297 1058 2797
f 297 298 1057
f 297 1057 1058
f 1129 1130 4292
f 1129 4292 4293
f 1444 1445 4607
f 1444 4607 4608
f 959 6329 6330
f 959 958 6329
f 1780 1781 4901
f 1780 4901 4902
f 2494 2495 5510
f 2494 5510 5511
f 3082 3083 6056
f 3082 6056 6057
f 6064 6065 4201
f 6064 4201 4200
f 3439 6560 6561
f 3439 3440 6560
f 2137 2138 5216
f 2137 5216 5217
f 6904 6905 4082
f 6904 4082 4083
f 7156 7143 7144
f 7156 7157 7143
f 3775 3776 6896
f 3775 6896 6897
f 4090 7148 7149
f 4090 4091 7148
f 5224 5225 2486
f 5224 2486 2487
f 5770 5771 3074
f 5770 3074 3075
f 5518 2801 2802
f 5518 5519 2801
f 4300 4301 1436
f 4300 1436 1437
f 6337 3431 3432
f 6337 6338 3431
f 4615 4616 1772
f 4615 1772 1773
f 4909 2129 2130
f 4909 4910 2129
f 6568 6569 3767
f 6568 3767 3768
f 301 3077 300
f 301 3076 3077
f 1448 4604 1447
f 1448 1774 4604
f 1784 2131 4897
f 1784 4898 1783
f 1784 4897 4898
f 1133 1438 4289
f 1133 4289 1132
f 2141 5213 2140
f 2141 2488 5213
f 2498 2803 5506
f 2498 5507 2497
f 2498 5506 5507
f 3086 6053 3085
f 3086 6052 6053
f 3086 4199 6052
f 6068 4204 6067
f 6068 6331 4205
f 6068 4205 4204
f 955 6326 956
f 955 3433 6325
f 955 6325 6326
f 3443 6557 3442
f 3443 3769 6557
f 6908 7150 4078
f 6908 4078 4079
f 6908 4079 6907
f 7160 7139 7140
f 7160 7140 7159
f 3779 4084 6893
f 3779 6893 3778
f 4094 7144 7145
f 4094 7145 4093
f 5522 2797 2798
f 5522 2798 5521
f 5774 6058 3071
f 5774 3071 5773
f 5228 5512 2482
f 5228 2483 5227
f 5228 2482 2483
f 4304 1433 4303
f 4304 4609 1432
f 4304 1432 1433
f 6341 6562 3427
f 6341 3427 3428
f 6341 3428 6340
f 4619 4903 1768
f 4619 1768 1769
f 4619 1769 4618
f 4913 2125 2126
f 4913 5218 2125
f 4913 2126 4912
f 6572 3763 3764
f 6572 6898 3763
f 6572 3764 6571
f 296 2797 5522
f 296 297 2797
f 2493 2494 5511
f 2493 5512 5228
f 2493 5511 5512
f 1443 1444 4608
f 1443 4609 4304
f 1443 4608 4609
f 3081 6058 5774
f 3081 6057 6058
f 3081 3082 6057
f 6063 6064 4200
f 6063 4199 3086
f 6063 4200 4199
f 939 6330 6331
f 939 6331 6068
f 939 959 6330
f 1779 4903 4619
f 1779 1780 4902
f 1779 4902 4903
f 1128 4294 1118
f 1128 4293 4294
f 1128 1129 4293
f 2136 2137 5217
f 2136 5218 4913
f 2136 5217 5218
f 3438 3439 6561
f 3438 6561 6562
f 3438 6562 6341
f 6903 6904 4083
f 6903 4084 3779
f 6903 4083 4084
f 3774 3775 6897
f 3774 6897 6898
f 3774 6898 6572
f 4089 7149 7150
f 4089 4090 7149
f 4089 7150 6908
f 5223 5224 2487
f 5223 2488 2141
f 5223 2487 2488
f 5769 5770 3075
f 5769 3076 301
f 5769 3075 3076
f 7155 7144 4094
f 7155 7156 7144
f 5517 5518 2802
f 5517 2802 2803
f 5517 2803 2498
f 4299 4300 1437
f 4299 1437 1438
f 4299 1438 1133
f 4614 4615 1773
f 4614 1774 1448
f 4614 1773 1774
f 6336 3433 955
f 6336 6337 3432
f 6336 3432 3433
f 4908 2131 1784
f 4908 4909 2130
f 4908 2130 2131
f 6567 6568 3768
f 6567 3769 3443
f 6567 3768 3769
f 302 5769 301
f 2499 5517 2498
f 1449 4614 1448
f 6069 939 6068
f 954 6336 955
f 1785 4908 1784
f 1134 4299 1133
f 2142 5223 2141
f 3087 6063 3086
f 3444 6567 3443
f 3780 6903 3779
f 5229 2493 5228
f 5523 296 5522
f 6909 4089 6908
f 4095 7155 4094
f 5775 3081 5774
f 4305 1443 4304
f 4620 1779 4619
f 4914 2136 4913
f 6342 3438 6341
f 6573 3774 6572
f 316 296 5523
f 1463 1443 4305
f 1799 1779 4620
f 1148 1118 1119
f 1148 1128 1118
f 2156 2136 4914
f 940 939 6069
f 2513 2493 5229
f 6083 6063 3087
f 3101 3081 5775
f 3458 3438 6342
f 7175 7155 4095
f 6923 6903 3780
f 3794 3774 6573
f 4109 4089 6909
f 5537 5517 2499
f 5243 5223 2142
f 5789 5769 302
f 4319 4299 1134
f 4634 4614 1449
f 4928 4908 1785
f 6356 6336 954
f 6587 6567 3444
f 303 5789 302
f 2500 5537 2499
f 1450 4634 1449
f 3088 6083 3087
f 6070 940 6069
f 953 6356 954
f 1786 4928 1785
f 1135 4319 1134
f 2143 5243 2142
f 6910 4109 6909
f 3445 6587 3444
f 3781 6923 3780
f 4096 7175 4095
f 5524 316 5523
f 5230 2513 5229
f 5776 3101 5775
f 4306 1463 4305
f 4621 1799 4620
f 4915 2156 4914
f 6343 3458 6342
f 6574 3794 6573
f 315 316 5524
f 2512 2513 5230
f 1462 1463 4306
f 3100 3101 5776
f 1798 1799 4621
f 1147 1148 1119
f 1147 1119 1120
f 2155 2156 4915
f 6082 6083 3088
f 941 940 6070
f 3457 3458 6343
f 6922 6923 3781
f 7174 7175 4096
f 3793 3794 6574
f 4108 4109 6910
f 5242 5243 2143
f 5536 5537 2500
f 5788 5789 303
f 4318 4319 1135
f 4633 4634 1450
f 4927 4928 1786
f 6355 6356 953
f 6586 6587 3445
f 952 6355 953
f 1136 4318 1135
f 2501 5536 2500
f 1451 4633 1450
f 6071 941 6070
f 3089 6082 3088
f 1787 4927 1786
f 3446 6586 3445
f 2144 5242 2143
f 6911 4108 6910
f 3782 6922 3781
f 5231 2512 5230
f 5525 315 5524
f 5777 3100 5776
f 4097 7174 4096
f 4307 1462 4306
f 4622 1798 4621
f 4916 2155 4915
f 6344 3457 6343
f 6575 3793 6574
f 304 5788 303
f 2511 2512 5231
f 6081 6082 3089
f 1461 1462 4307
f 3099 3100 5777
f 1797 1798 4622
f 1146 1120 1121
f 1146 1147 1120
f 2154 2155 4916
f 3456 3457 6344
f 942 941 6071
f 6921 6922 3782
f 3792 3793 6575
f 4107 4108 6911
f 5787 5788 304
f 5241 5242 2144
f 7173 7174 4097
f 5535 5536 2501
f 4317 4318 1136
f 4632 4633 1451
f 4926 4927 1787
f 6354 6355 952
f 6585 6586 3446
f 314 315 5525
f 1137 4317 1136
f 951 6354 952
f 2502 5535 2501
f 6072 942 6071
f 1452 4632 1451
f 3090 6081 3089
f 1788 4926 1787
f 3447 6585 3446
f 2145 5241 2144
f 6912 4107 6911
f 3783 6921 3782
f 4098 7173 4097
f 5232 2511 5231
f 5526 314 5525
f 5778 3099 5777
f 4308 1461 4307
f 4623 1797 4622
f 4917 2154 4916
f 6345 3456 6344
f 6576 3792 6575
f 305 5787 304
f 2510 2511 5232
f 1460 1461 4308
f 1796 1797 4623
f 1145 1121 1122
f 1145 1146 1121
f 2153 2154 4917
f 943 942 6072
f 3098 3099 5778
f 6080 6081 3090
f 3455 3456 6345
f 6920 6921 3783
f 5240 5241 2145
f 5786 5787 305
f 7172 7173 4098
f 3791 3792 6576
f 4106 4107 6912
f 5534 5535 2502
f 4316 4317 1137
f 4925 4926 1788
f 4631 4632 1452
f 6353 6354 951
f 6584 6585 3447
f 313 314 5526
f 1453 4631 1452
f 1789 4925 1788
f 1138 4316 1137
f 2503 5534 2502
f 3091 6080 3090
f 6073 943 6072
f 950 6353 951
f 3448 6584 3447
f 3784 6920 3783
f 2146 5240 2145
f 6913 4106 6912
f 4099 7172 4098
f 5233 2510 5232
f 5779 3098 5778
f 5527 313 5526
f 4309 1460 4308
f 4624 1796 4623
f 4918 2153 4917
f 6346 3455 6345
f 6577 3791 6576
f 1459 1460 4309
f 1144 1122 1123
f 1144 1145 1122
f 6079 6080 3091
f 944 943 6073
f 2509 2510 5233
f 3097 3098 5779
f 1795 1796 4624
f 3454 3455 6346
f 2152 2153 4918
f 6919 6920 3784
f 7171 7172 4099
f 3790 3791 6577
f 4105 4106 6913
f 5239 5240 2146
f 5533 5534 2503
f 4315 4316 1138
f 4630 4631 1453
f 4924 4925 1789
f 6352 6353 950
f 6583 6584 3448
f 312 313 5527
f 1139 4315 1138
f 3092 6079 3091
f 949 6352 950
f 6914 4105 6913
f 4100 7171 4099
f 5780 3097 5779
f 5528 312 5527
f 6347 3454 6346
f 6578 3790 6577
f 443 307 308
f 442 307 443
f 442 306 307
f 444 443 308
f 444 308 309
f 441 306 442
f 441 305 306
f 441 5786 305
f 445 444 309
f 445 309 310
f 440 5786 441
f 440 5785 5786
f 446 310 311
f 446 445 310
f 837 7162 7163
f 836 7163 7164
f 836 837 7163
f 439 5784 5785
f 439 5785 440
f 838 7162 837
f 838 7161 7162
f 447 311 312
f 447 446 311
f 835 7164 7165
f 835 836 7164
f 839 7160 7161
f 839 7161 838
f 438 5784 439
f 834 7165 7166
f 834 835 7165
f 448 447 312
f 854 834 7166
f 2811 5781 5782
f 1152 4311 4312
f 2517 5529 5530
f 1467 4626 4627
f 5793 3093 3094
f 3105 6075 6076
f 1803 4920 4921
f 2160 5235 5236
f 3462 6579 6580
f 6591 3786 3787
f 3798 6915 6916
f 4113 7167 7168
f 4233 6348 6349
f 4932 2148 2149
f 5247 2505 2506
f 6927 4101 4102
f 4323 1455 1456
f 4638 1791 1792
f 6087 948 947
f 6360 3450 3451
f 1466 4627 4628
f 1466 1467 4627
f 2810 5782 5783
f 2810 2811 5782
f 5792 5793 3094
f 5792 3094 3095
f 1802 4921 4922
f 1802 1803 4921
f 1151 4312 4313
f 1151 1152 4312
f 2516 5530 5531
f 2516 2517 5530
f 3104 3105 6076
f 3104 6076 6077
f 3461 3462 6580
f 3461 6580 6581
f 2159 5236 5237
f 2159 2160 5236
f 4234 6349 6350
f 4234 4233 6349
f 6590 6591 3787
f 6590 3787 3788
f 6926 6927 4102
f 6926 4102 4103
f 3797 6916 6917
f 3797 3798 6916
f 4931 2149 2150
f 4931 4932 2149
f 5246 5247 2506
f 5246 2506 2507
f 4112 4113 7168
f 4112 7168 7169
f 4322 4323 1456
f 4322 1456 1457
f 4637 1792 1793
f 4637 4638 1792
f 6086 947 946
f 6086 6087 947
f 6359 3451 3452
f 6359 6360 3451
f 1153 4310 4311
f 1153 4311 1152
f 2518 5528 5529
f 2518 5529 2517
f 1468 4625 4626
f 1468 4626 1467
f 2812 5780 5781
f 2812 5781 2811
f 5794 3093 5793
f 5794 3092 3093
f 3106 6075 3105
f 3106 6074 6075
f 1804 4919 4920
f 1804 4920 1803
f 2161 5235 2160
f 2161 5234 5235
f 3463 6578 6579
f 3463 6579 3462
f 6592 3786 6591
f 6592 3785 3786
f 4232 6347 6348
f 4232 6348 4233
f 4933 2147 2148
f 4933 2148 4932
f 6928 4101 6927
f 6928 4100 4101
f 3799 6915 3798
f 3799 6914 6915
f 4114 7166 7167
f 4114 854 7166
f 4114 7167 4113
f 5248 2504 2505
f 5248 2505 5247
f 4324 1455 4323
f 4324 1454 1455
f 4639 1790 1791
f 4639 1791 4638
f 6088 949 948
f 6088 948 6087
f 6361 3450 6360
f 6361 3449 3450
f 1150 4313 4314
f 1150 1151 4313
f 2515 5531 5532
f 2515 2516 5531
f 1465 4628 4629
f 1465 1466 4628
f 2809 5784 438
f 2809 5783 5784
f 2809 2810 5783
f 5791 5792 3095
f 5791 3095 3096
f 3103 3104 6077
f 3103 6077 6078
f 1801 4922 4923
f 1801 1802 4922
f 6589 6590 3788
f 6589 3788 3789
f 3460 3461 6581
f 3460 6581 6582
f 2158 5237 5238
f 2158 2159 5237
f 4235 6350 6351
f 4235 4234 6350
f 4930 2150 2151
f 4930 4931 2150
f 5245 2507 2508
f 5245 5246 2507
f 6925 6926 4103
f 6925 4103 4104
f 3796 3797 6917
f 3796 6917 6918
f 4111 7169 7170
f 4111 4112 7169
f 4321 4322 1457
f 4321 1457 1458
f 4636 1793 1794
f 4636 4637 1793
f 6085 6086 946
f 6085 946 945
f 6358 6359 3452
f 6358 3452 3453
f 2519 5528 2518
f 2519 312 5528
f 2519 448 312
f 1469 4624 4625
f 1469 4625 1468
f 1469 1795 4624
f 2813 3097 5780
f 2813 5780 2812
f 5795 3092 5794
f 5795 6079 3092
f 3107 6074 3106
f 3107 6073 6074
f 3107 944 6073
f 1805 4918 4919
f 1805 4919 1804
f 1805 2152 4918
f 1154 4309 4310
f 1154 1459 4309
f 1154 4310 1153
f 2162 2509 5233
f 2162 5234 2161
f 2162 5233 5234
f 6593 3785 6592
f 6593 6919 3784
f 6593 3784 3785
f 3464 6578 3463
f 3464 3790 6578
f 4231 3454 6347
f 4231 6347 4232
f 4934 5239 2146
f 4934 2147 4933
f 4934 2146 2147
f 5249 2503 2504
f 5249 5533 2503
f 5249 2504 5248
f 6929 4100 6928
f 6929 7171 4100
f 3800 6914 3799
f 3800 4105 6914
f 4115 854 4114
f 4115 853 854
f 4325 1454 4324
f 4325 1453 1454
f 4325 4630 1453
f 4640 1789 1790
f 4640 1790 4639
f 4640 4924 1789
f 6089 949 6088
f 6089 6352 949
f 6362 3448 3449
f 6362 6583 3448
f 6362 3449 6361
f 1464 4630 4325
f 1464 4629 4630
f 1464 1465 4629
f 2808 2809 438
f 2808 438 437
f 1800 4923 4924
f 1800 1801 4923
f 1800 4924 4640
f 1149 4314 4315
f 1149 1150 4314
f 1149 4315 1139
f 2514 5532 5533
f 2514 5533 5249
f 2514 2515 5532
f 5790 3097 2813
f 5790 5791 3096
f 5790 3096 3097
f 3102 6079 5795
f 3102 6078 6079
f 3102 3103 6078
f 6588 3790 3464
f 6588 6589 3789
f 6588 3789 3790
f 3459 6583 6362
f 3459 6582 6583
f 3459 3460 6582
f 6924 6925 4104
f 6924 4105 3800
f 6924 4104 4105
f 3795 6919 6593
f 3795 6918 6919
f 3795 3796 6918
f 2157 5238 5239
f 2157 2158 5238
f 2157 5239 4934
f 4215 6351 6352
f 4215 6352 6089
f 4215 4235 6351
f 4110 7171 6929
f 4110 7170 7171
f 4110 4111 7170
f 4320 1458 1459
f 4320 1459 1154
f 4320 4321 1458
f 4929 4930 2151
f 4929 2151 2152
f 4929 2152 1805
f 5244 2509 2162
f 5244 2508 2509
f 5244 5245 2508
f 4635 1794 1795
f 4635 4636 1794
f 4635 1795 1469
f 6084 944 3107
f 6084 945 944
f 6084 6085 945
f 6357 6358 3453
f 6357 3453 3454
f 6357 3454 4231
f 1155 4320 1154
f 2520 448 2519
f 2520 449 448
f 1470 4635 1469
f 2814 5790 2813
f 5796 3102 5795
f 3108 6084 3107
f 1806 4929 1805
f 4230 6357 4231
f 6594 3795 6593
f 3465 6588 3464
f 6930 4110 6929
f 2163 5244 2162
f 3801 6924 3800
f 4116 853 4115
f 4116 852 853
f 4326 1464 4325
f 4935 2157 4934
f 5250 2514 5249
f 4641 1800 4640
f 6090 4215 6089
f 6363 3459 6362
f 1484 1464 4326
f 2828 2808 437
f 2828 437 436
f 3122 3102 5796
f 1820 1800 4641
f 1169 1149 1139
f 1169 1139 1140
f 2534 2514 5250
f 5810 5790 2814
f 6608 6588 3465
f 3479 3459 6363
f 2177 2157 4935
f 4216 4215 6090
f 6944 6924 3801
f 3815 3795 6594
f 4130 4110 6930
f 4949 4929 1806
f 5264 5244 2163
f 4340 4320 1155
f 4655 4635 1470
f 6104 6084 3108
f 6377 6357 4230
f 1471 4655 1470
f 2815 5810 2814
f 1156 4340 1155
f 2521 450 449
f 2521 449 2520
f 5797 3122 5796
f 3109 6104 3108
f 1807 4949 1806
f 4229 6377 4230
f 6595 3815 6594
f 3466 6608 3465
f 3802 6944 3801
f 4117 852 4116
f 4117 851 852
f 2164 5264 2163
f 4936 2177 4935
f 6931 4130 6930
f 5251 2534 5250
f 4327 1484 4326
f 4642 1820 4641
f 6091 4216 6090
f 6364 3479 6363
f 1483 1484 4327
f 1168 1169 1140
f 1168 1140 1141
f 2827 2828 436
f 2827 436 435
f 5809 5810 2815
f 1819 1820 4642
f 2533 2534 5251
f 3121 3122 5797
f 6607 6608 3466
f 3478 3479 6364
f 2176 2177 4936
f 4217 4216 6091
f 6943 6944 3802
f 3814 3815 6595
f 4129 4130 6931
f 4948 4949 1807
f 5263 5264 2164
f 4339 4340 1156
f 4654 4655 1471
f 6103 6104 3109
f 6376 6377 4229
f 2522 450 2521
f 2522 451 450
f 2816 5809 2815
f 5798 3121 5797
f 1808 4948 1807
f 1157 4339 1156
f 1472 4654 1471
f 3110 6103 3109
f 6596 3814 6595
f 3467 6607 3466
f 2165 5263 2164
f 4228 6376 4229
f 5252 2533 5251
f 6932 4129 6931
f 4937 2176 4936
f 3803 6943 3802
f 4118 850 851
f 4118 851 4117
f 4328 1483 4327
f 6092 4217 6091
f 4643 1819 4642
f 6365 3478 6364
f 1482 1483 4328
f 2826 2827 435
f 2826 435 455
f 1167 1141 1142
f 1167 1168 1141
f 2532 2533 5252
f 5808 5809 2816
f 3120 3121 5798
f 1818 1819 4643
f 6606 6607 3467
f 3477 3478 6365
f 3813 3814 6596
f 4128 4129 6932
f 2175 2176 4937
f 4218 4217 6092
f 6942 6943 3803
f 4338 4339 1157
f 5262 5263 2165
f 4947 4948 1808
f 4653 4654 1472
f 6375 6376 4228
f 6102 6103 3110
f 2523 451 2522
f 2817 5808 2816
f 5799 3120 5798
f 1809 4947 1808
f 1158 4338 1157
f 1473 4653 1472
f 3111 6102 3110
f 3468 6606 3467
f 2166 5262 2165
f 4227 6375 4228
f 5253 2532 5252
f 6597 3813 6596
f 6933 4128 6932
f 3804 6942 3803
f 4119 849 850
f 4119 850 4118
f 4938 2175 4937
f 4329 1482 4328
f 4644 1818 4643
f 6366 3477 6365
f 6093 4218 6092
f 1166 1167 1142
f 1166 1142 1143
f 1481 1482 4329
f 2825 2826 455
f 2825 455 454
f 3119 3120 5799
f 1817 1818 4644
f 2531 2532 5253
f 5807 5808 2817
f 6605 6606 3468
f 3476 3477 6366
f 2174 2175 4938
f 4219 4218 6093
f 6941 6942 3804
f 3812 3813 6597
f 4127 4128 6933
f 4946 4947 1809
f 5261 5262 2166
f 4337 4338 1158
f 4652 4653 1473
f 6101 6102 3111
f 6374 6375 4227
f 1474 4652 1473
f 2818 5807 2817
f 5800 3119 5799
f 3112 6101 3111
f 1810 4946 1809
f 1159 4337 1158
f 6934 4127 6933
f 6598 3812 6597
f 3469 6605 3468
f 2167 5261 2166
f 4226 6374 4227
f 3805 6941 3804
f 4120 849 4119
f 4120 848 849
f 4939 2174 4938
f 5254 2531 5253
f 4330 1481 4329
f 4645 1817 4644
f 6094 4219 6093
f 6367 3476 6366
f 2530 2531 5254
f 1480 1481 4330
f 1816 1817 4645
f 1165 1143 1144
f 1165 1166 1143
f 5806 5807 2818
f 3118 3119 5800
f 3475 3476 6367
f 2173 2174 4939
f 5260 5261 2167
f 6604 6605 3469
f 6940 6941 3805
f 3811 3812 6598
f 4126 4127 6934
f 4220 4219 6094
f 4945 4946 1810
f 4336 4337 1159
f 4651 4652 1474
f 6100 6101 3112
f 6373 6374 4226
f 2819 5806 2818
f 1160 4336 1159
f 5801 3118 5800
f 3806 6940 3805
f 4940 2173 4939
f 5255 2530 5254
f 337 7160 839
f 337 7118 7139
f 337 7139 7160
f 337 7076 7097
f 337 860 7076
f 337 745 860
f 337 839 840
f 337 840 841
f 337 841 842
f 337 842 843
f 337 843 844
f 337 7097 7118
f 340 339 337
f 341 340 337
f 345 342 341
f 345 343 342
f 345 344 343
f 345 341 337
f 2538 453 452
f 5541 2820 2821
f 2832 5802 5803
f 1173 4332 4333
f 1488 4647 4648
f 1824 4941 4942
f 6381 3471 3472
f 6612 3807 3808
f 3126 6096 6097
f 936 6369 6370
f 3483 6600 6601
f 3819 6936 6937
f 4134 845 846
f 2181 5256 5257
f 4659 1812 1813
f 6948 4122 4123
f 4953 2169 2170
f 5268 2526 2527
f 4344 1476 1477
f 5814 3114 3115
f 6108 4224 4223
f 1172 4333 4334
f 1172 1173 4333
f 2537 451 2523
f 2537 452 451
f 2537 2538 452
f 2831 5803 5804
f 2831 2832 5803
f 5540 2821 2822
f 5540 5541 2821
f 1487 4648 4649
f 1487 1488 4648
f 3125 3126 6097
f 3125 6097 6098
f 937 936 6370
f 937 6370 6371
f 6380 3472 3473
f 6380 6381 3472
f 1823 4942 4943
f 1823 1824 4942
f 3482 3483 6601
f 3482 6601 6602
f 4133 4134 846
f 4133 846 847
f 2180 2181 5257
f 2180 5257 5258
f 6947 4123 4124
f 6947 6948 4123
f 6611 3808 3809
f 6611 6612 3808
f 4658 1813 1814
f 4658 4659 1813
f 4952 4953 2170
f 4952 2170 2171
f 5267 5268 2527
f 5267 2527 2528
f 3818 6937 6938
f 3818 3819 6937
f 4343 4344 1477
f 4343 1477 1478
f 5813 3115 3116
f 5813 5814 3115
f 6107 6108 4223
f 6107 4223 4222
f 2539 2825 454
f 2539 454 453
f 2539 453 2538
f 1174 4331 4332
f 1174 4332 1173
f 1489 4646 4647
f 1489 4647 1488
f 2833 5802 2832
f 2833 5801 5802
f 5542 2819 2820
f 5542 2820 5541
f 2182 5255 5256
f 2182 5256 2181
f 6382 3470 3471
f 6382 3471 6381
f 3127 6096 3126
f 3127 6095 6096
f 935 6368 6369
f 935 6369 936
f 6613 3806 3807
f 6613 3807 6612
f 1825 4941 1824
f 1825 4940 4941
f 4135 845 4134
f 4135 844 845
f 4954 2169 4953
f 4954 2168 2169
f 5269 2525 2526
f 5269 2526 5268
f 3484 6599 6600
f 3484 6600 3483
f 6949 4121 4122
f 6949 4122 6948
f 3820 6935 6936
f 3820 6936 3819
f 4660 1811 1812
f 4660 1812 4659
f 4345 1476 4344
f 4345 1475 1476
f 5815 3113 3114
f 5815 3114 5814
f 6109 4225 4224
f 6109 4224 6108
f 2536 2523 2524
f 2536 2537 2523
f 2830 2831 5804
f 2830 5804 5805
f 1171 4334 4335
f 1171 1172 4334
f 1486 1487 4649
f 1486 4649 4650
f 5539 2822 2823
f 5539 5540 2822
f 3124 3125 6098
f 3124 6098 6099
f 938 6371 6372
f 938 937 6371
f 6610 3809 3810
f 6610 6611 3809
f 1822 4943 4944
f 1822 1823 4943
f 3481 3482 6602
f 3481 6602 6603
f 6379 6380 3473
f 6379 3473 3474
f 4132 847 848
f 4132 4133 847
f 2179 2180 5258
f 2179 5258 5259
f 4951 4952 2171
f 4951 2171 2172
f 6946 4124 4125
f 6946 6947 4124
f 3817 6938 6939
f 3817 3818 6938
f 4657 4658 1814
f 4657 1814 1815
f 5266 2528 2529
f 5266 5267 2528
f 4342 4343 1478
f 4342 1478 1479
f 5812 3116 3117
f 5812 5813 3116
f 6106 6107 4222
f 6106 4222 4221
f 2540 2825 2539
f 2540 2824 2825
f 2834 3118 5801
f 2834 5801 2833
f 1175 4331 1174
f 1175 4330 4331
f 1175 1480 4330
f 1490 1816 4645
f 1490 4645 4646
f 1490 4646 1489
f 5543 5806 2819
f 5543 2819 5542
f 934 6367 6368
f 934 3475 6367
f 934 6368 935
f 3128 6095 3127
f 3128 4220 6094
f 3128 6094 6095
f 6383 3470 6382
f 6383 3469 3470
f 6383 6604 3469
f 1826 2173 4940
f 1826 4940 1825
f 3485 6599 3484
f 3485 6598 6599
f 3485 3811 6598
f 4136 337 844
f 4136 844 4135
f 2183 5255 2182
f 2183 2530 5255
f 5270 2525 5269
f 5270 2524 2525
f 6614 6940 3806
f 6614 3806 6613
f 6950 4120 4121
f 6950 4121 6949
f 3821 6935 3820
f 3821 4126 6934
f 3821 6934 6935
f 4661 1810 1811
f 4661 4945 1810
f 4661 1811 4660
f 4955 2168 4954
f 4955 5260 2167
f 4955 2167 2168
f 4346 1475 4345
f 4346 4651 1474
f 4346 1474 1475
f 5816 3112 3113
f 5816 3113 5815
f 5816 6100 3112
f 6110 4226 4225
f 6110 6373 4226
f 6110 4225 6109
f 2535 2536 2524
f 2535 2524 5270
f 1170 4336 1160
f 1170 4335 4336
f 1170 1171 4335
f 1485 4651 4346
f 1485 4650 4651
f 1485 1486 4650
f 2829 5806 5543
f 2829 2830 5805
f 2829 5805 5806
f 5538 2823 2824
f 5538 2824 2540
f 5538 5539 2823
f 3123 3124 6099
f 3123 6100 5816
f 3123 6099 6100
f 918 6373 6110
f 918 6372 6373
f 918 938 6372
f 1821 1822 4944
f 1821 4944 4945
f 1821 4945 4661
f 2178 5260 4955
f 2178 5259 5260
f 2178 2179 5259
f 6378 6379 3474
f 6378 3474 3475
f 6378 3475 934
f 6609 3810 3811
f 6609 3811 3485
f 6609 6610 3810
f 3480 6604 6383
f 3480 3481 6603
f 3480 6603 6604
f 6945 4125 4126
f 6945 6946 4125
f 6945 4126 3821
f 4131 848 4120
f 4131 4132 848
f 4131 4120 6950
f 4656 1815 1816
f 4656 4657 1815
f 4656 1816 1490
f 4950 2173 1826
f 4950 4951 2172
f 4950 2172 2173
f 5265 2529 2530
f 5265 5266 2529
f 5265 2530 2183
f 3816 6939 6940
f 3816 6940 6614
f 3816 3817 6939
f 4341 1480 1175
f 4341 4342 1479
f 4341 1479 1480
f 5811 5812 3117
f 5811 3117 3118
f 5811 3118 2834
f 6105 4221 4220
f 6105 4220 3128
f 6105 6106 4221
f 2835 5811 2834
f 1176 4341 1175
f 2541 5538 2540
f 1491 4656 1490
f 5544 2829 5543
f 933 6378 934
f 1827 4950 1826
f 2184 5265 2183
f 3129 6105 3128
f 6384 3480 6383
f 6615 3816 6614
f 3486 6609 3485
f 4662 1821 4661
f 4956 2178 4955
f 5271 2535 5270
f 6951 4131 6950
f 3822 6945 3821
f 4137 345 337
f 4137 337 4136
f 4347 1485 4346
f 5817 3123 5816
f 6111 918 6110
f 2555 2535 5271
f 1505 1485 4347
f 2849 2829 5544
f 5558 5538 2541
f 3143 3123 5817
f 2198 2178 4956
f 1190 1170 1160
f 1190 1160 1161
f 919 918 6111
f 6398 6378 933
f 3500 3480 6384
f 1841 1821 4662
f 4676 4656 1491
f 4970 4950 1827
f 5285 5265 2184
f 6629 6609 3486
f 6965 6945 3822
f 3836 3816 6615
f 4151 4131 6951
f 4361 4341 1176
f 5831 5811 2835
f 6125 6105 3129
f 1177 4361 1176
f 2542 5558 2541
f 2836 5831 2835
f 1492 4676 1491
f 5545 2849 5544
f 932 6398 933
f 1828 4970 1827
f 6385 3500 6384
f 2185 5285 2184
f 6616 3836 6615
f 3130 6125 3129
f 3487 6629 3486
f 3823 6965 3822
f 4138 345 4137
f 4663 1841 4662
f 6952 4151 6951
f 4957 2198 4956
f 5272 2555 5271
f 4348 1505 4347
f 5818 3143 5817
f 6112 919 6111
f 1189 1161 1162
f 1189 1190 1161
f 2554 2555 5272
f 1504 1505 4348
f 2848 2849 5545
f 5557 5558 2542
f 3142 3143 5818
f 1840 1841 4663
f 6397 6398 932
f 920 919 6112
f 6628 6629 3487
f 3499 3500 6385
f 4150 4151 6952
f 2197 2198 4957
f 4675 4676 1492
f 4969 4970 1828
f 5284 5285 2185
f 6964 6965 3823
f 3835 3836 6616
f 4360 4361 1177
f 5830 5831 2836
f 6124 6125 3130
f 5546 2848 5545
f 2543 5557 2542
f 2837 5830 2836
f 1178 4360 1177
f 1493 4675 1492
f 3131 6124 3130
f 931 6397 932
f 6386 3499 6385
f 1829 4969 1828
f 4139 345 4138
f 2186 5284 2185
f 6617 3835 6616
f 3488 6628 3487
f 6953 4150 6952
f 4664 1840 4663
f 4958 2197 4957
f 5273 2554 5272
f 3824 6964 3823
f 4349 1504 4348
f 5819 3142 5818
f 6113 920 6112
f 1188 1189 1162
f 1188 1162 1163
f 3141 3142 5819
f 2553 2554 5273
f 1503 1504 4349
f 2847 2848 5546
f 5556 5557 2543
f 921 920 6113
f 6396 6397 931
f 1839 1840 4664
f 2196 2197 4958
f 6627 6628 3488
f 3498 3499 6386
f 3834 3835 6617
f 4674 4675 1493
f 6963 6964 3824
f 4968 4969 1829
f 5283 5284 2186
f 4149 4150 6953
f 4359 4360 1178
f 5829 5830 2837
f 6123 6124 3131
f 2544 5556 2543
f 2838 5829 2837
f 1179 4359 1178
f 1494 4674 1493
f 5547 2847 5546
f 3132 6123 3131
f 930 6396 931
f 6387 3498 6386
f 6618 3834 6617
f 3489 6627 3488
f 1830 4968 1829
f 2187 5283 2186
f 3825 6963 3824
f 4140 345 4139
f 4665 1839 4664
f 4959 2196 4958
f 5274 2553 5273
f 6954 4149 6953
f 4350 1503 4349
f 5820 3141 5819
f 6114 921 6113
f 2552 2553 5274
f 5555 5556 2544
f 1502 1503 4350
f 2846 2847 5547
f 3140 3141 5820
f 1838 1839 4665
f 2195 2196 4959
f 1187 1188 1163
f 1187 1163 1164
f 6395 6396 930
f 922 921 6114
f 4673 4674 1494
f 4967 4968 1830
f 5282 5283 2187
f 6626 6627 3489
f 3497 3498 6387
f 6962 6963 3825
f 3833 3834 6618
f 4148 4149 6954
f 4358 4359 1179
f 5828 5829 2838
f 6122 6123 3132
f 2545 5555 2544
f 1495 4673 1494
f 2839 5828 2838
f 929 6395 930
f 5548 2846 5547
f 1180 4358 1179
f 6388 3497 6387
f 3133 6122 3132
f 6619 3833 6618
f 3490 6626 3489
f 1831 4967 1830
f 2188 5282 2187
f 6955 4148 6954
f 3826 6962 3825
f 4141 345 4140
f 4960 2195 4959
f 5275 2552 5274
f 4351 1502 4350
f 5821 3140 5820
f 6115 922 6114
f 1186 1187 1164
f 1186 1164 1165
f 2551 2552 5275
f 1501 1502 4351
f 2845 2846 5548
f 5554 5555 2545
f 3139 3140 5821
f 923 922 6115
f 6394 6395 929
f 6625 6626 3490
f 3496 3497 6388
f 2194 2195 4960
f 3832 3833 6619
f 4147 4148 6955
f 4672 4673 1495
f 4966 4967 1831
f 5281 5282 2188
f 6961 6962 3826
f 4357 4358 1180
f 5827 5828 2839
f 6121 6122 3133
f 2546 5554 2545
f 1496 4672 1495
f 2840 5827 2839
f 1181 4357 1180
f 6620 3832 6619
f 1832 4966 1831
f 3827 6961 3826
f 4142 345 4141
f 4961 2194 4960
f 5276 2551 5275
f 5822 3139 5821
f 7200 1836 1837
f 7199 1837 1838
f 7199 4665 4666
f 7199 1838 4665
f 7199 7200 1837
f 7201 1836 7200
f 7201 1835 1836
f 7198 4666 4667
f 7198 7199 4666
f 7202 1835 7201
f 7202 1834 1835
f 7197 4667 4668
f 7197 7198 4667
f 7203 1834 7202
f 7203 1833 1834
f 7217 7197 4668
f 7217 4668 4669
f 7204 1833 7203
f 7216 4669 4670
f 7216 7217 4669
f 1194 4353 4354
f 2559 5550 5551
f 6129 927 926
f 5289 2547 2548
f 2853 5823 5824
f 3147 6117 6118
f 1845 4962 4963
f 2202 5277 5278
f 6633 3828 3829
f 6402 3492 3493
f 3504 6621 6622
f 3840 6957 6958
f 4365 1497 1498
f 4974 2190 2191
f 5562 2841 2842
f 5835 3135 3136
f 1193 1194 4354
f 1193 4354 4355
f 2558 5551 5552
f 2558 2559 5551
f 5288 5289 2548
f 5288 2548 2549
f 2852 5824 5825
f 2852 2853 5824
f 2201 2202 5278
f 2201 5278 5279
f 6128 6129 926
f 6128 926 925
f 3146 6118 6119
f 3146 3147 6118
f 6401 6402 3493
f 6401 3493 3494
f 1844 4963 4964
f 1844 1845 4963
f 3839 6958 6959
f 3839 3840 6958
f 4364 1498 1499
f 4364 4365 1498
f 4973 2191 2192
f 4973 4974 2191
f 6632 3829 3830
f 6632 6633 3829
f 3503 3504 6622
f 3503 6622 6623
f 5561 2842 2843
f 5561 5562 2842
f 5834 3136 3137
f 5834 5835 3136
f 422 6389 6390
f 421 3496 6388
f 421 6389 422
f 421 6388 6389
f 1195 4352 4353
f 1195 4353 1194
f 2560 5550 2559
f 2560 5549 5550
f 5290 2547 5289
f 5290 2546 2547
f 2854 5822 5823
f 2854 5823 2853
f 6130 928 927
f 6130 927 6129
f 1846 4961 4962
f 1846 4962 1845
f 2203 5276 5277
f 2203 5277 2202
f 3148 6117 3147
f 3148 6116 6117
f 6403 3492 6402
f 6403 3491 3492
f 6634 3827 3828
f 6634 3828 6633
f 3841 6956 6957
f 3841 6957 3840
f 4366 1496 1497
f 4366 1497 4365
f 4975 2189 2190
f 4975 2190 4974
f 3505 6621 3504
f 3505 6620 6621
f 5563 2841 5562
f 5563 2840 2841
f 5836 3134 3135
f 5836 3135 5835
f 423 422 6390
f 423 6390 6391
f 1192 4355 4356
f 1192 1193 4355
f 2557 5552 5553
f 2557 2558 5552
f 5287 2549 2550
f 5287 5288 2549
f 2851 5825 5826
f 2851 2852 5825
f 1843 1844 4964
f 1843 4964 4965
f 2200 2201 5279
f 2200 5279 5280
f 3145 3146 6119
f 3145 6119 6120
f 6127 925 924
f 6127 6128 925
f 6400 6401 3494
f 6400 3494 3495
f 6631 3830 3831
f 6631 6632 3830
f 3838 3839 6959
f 3838 6959 6960
f 4363 1499 1500
f 4363 4364 1499
f 4972 4973 2192
f 4972 2192 2193
f 3502 3503 6623
f 3502 6623 6624
f 5560 2843 2844
f 5560 5561 2843
f 5833 5834 3137
f 5833 3137 3138
f 420 3496 421
f 420 3495 3496
f 424 423 6391
f 424 6391 6392
f 1196 1501 4351
f 1196 4351 4352
f 1196 4352 1195
f 2561 2845 5548
f 2561 5548 5549
f 2561 5549 2560
f 5291 5554 2546
f 5291 2546 5290
f 2855 5822 2854
f 2855 3139 5822
f 1847 4961 1846
f 1847 2194 4961
f 2204 2551 5276
f 2204 5276 2203
f 3149 923 6115
f 3149 6116 3148
f 3149 6115 6116
f 6131 6394 929
f 6131 928 6130
f 6131 929 928
f 6131 6393 6394
f 3506 3832 6620
f 3506 6620 3505
f 6404 6625 3490
f 6404 3491 6403
f 6404 3490 3491
f 3842 6955 6956
f 3842 4147 6955
f 3842 6956 3841
f 4367 1496 4366
f 4367 4672 1496
f 4976 2188 2189
f 4976 5281 2188
f 4976 2189 4975
f 6635 3827 6634
f 6635 6961 3827
f 5564 5827 2840
f 5564 2840 5563
f 5837 3134 5836
f 5837 3133 3134
f 5837 6121 3133
f 2556 2557 5553
f 2556 5553 5554
f 2556 5554 5291
f 5286 2551 2204
f 5286 2550 2551
f 5286 5287 2550
f 2850 5826 5827
f 2850 5827 5564
f 2850 2851 5826
f 2199 2200 5280
f 2199 5280 5281
f 2199 5281 4976
f 1191 4356 4357
f 1191 1192 4356
f 1191 4357 1181
f 3144 3145 6120
f 3144 6121 5837
f 3144 6120 6121
f 1842 4965 4966
f 1842 1843 4965
f 1842 4966 1832
f 4362 1500 1501
f 4362 1501 1196
f 4362 4363 1500
f 6126 6127 924
f 6126 924 923
f 6126 923 3149
f 6399 3495 420
f 6399 6400 3495
f 6630 3832 3506
f 6630 3831 3832
f 6630 6631 3831
f 3501 3502 6624
f 3501 6625 6404
f 3501 6624 6625
f 3837 6960 6961
f 3837 6961 6635
f 3837 3838 6960
f 4971 2193 2194
f 4971 2194 1847
f 4971 4972 2193
f 5559 5560 2844
f 5559 2845 2561
f 5559 2844 2845
f 5832 3138 3139
f 5832 3139 2855
f 5832 5833 3138
f 419 6399 420
f 425 424 6392
f 425 6392 6393
f 1197 4362 1196
f 2562 5559 2561
f 5292 2556 5291
f 2205 5286 2204
f 2856 5832 2855
f 1848 4971 1847
f 3150 6126 3149
f 6132 425 6393
f 6132 6393 6131
f 4368 4671 4672
f 4368 4672 4367
f 6405 3501 6404
f 3507 6630 3506
f 6636 3837 6635
f 3843 4147 3842
f 3843 4146 4147
f 4977 2199 4976
f 5565 2850 5564
f 5838 3144 5837
f 1211 1191 1181
f 1211 1181 1182
f 2576 2556 5292
f 2219 2199 4977
f 5306 5286 2205
f 2870 2850 5565
f 3164 3144 5838
f 6146 6126 3150
f 6650 6630 3507
f 1862 1842 1832
f 1862 1832 1833
f 1862 7204 7205
f 1862 1833 7204
f 6419 6399 419
f 4382 4362 1197
f 3521 3501 6405
f 3857 3837 6636
f 4991 4971 1848
f 5579 5559 2562
f 5852 5832 2856
f 418 6419 419
f 426 425 6132
f 1198 4382 1197
f 2563 5579 2562
f 5293 2576 5292
f 2206 5306 2205
f 2857 5852 2856
f 6133 426 6132
f 3151 6146 3150
f 1849 4991 1848
f 4369 4671 4368
f 4369 4670 4671
f 4369 7216 4670
f 4369 7215 7216
f 4978 2219 4977
f 6406 3521 6405
f 6637 3857 6636
f 3508 6650 3507
f 3844 4146 3843
f 3844 4145 4146
f 5566 2870 5565
f 5839 3164 5838
f 1210 1182 1183
f 1210 1211 1182
f 2575 2576 5293
f 2218 2219 4978
f 5305 5306 2206
f 2869 2870 5566
f 3163 3164 5839
f 6145 6146 3151
f 6418 418 417
f 6418 6419 418
f 6649 6650 3508
f 3520 3521 6406
f 1861 1862 7205
f 3856 3857 6637
f 4381 4382 1198
f 4990 4991 1849
f 5578 5579 2563
f 5851 5852 2857
f 427 426 6133
f 1199 4381 1198
f 2564 5578 2563
f 5294 2575 5293
f 2858 5851 2857
f 6134 427 6133
f 1850 4990 1849
f 2207 5305 2206
f 3152 6145 3151
f 6407 3520 6406
f 3845 4145 3844
f 3845 4144 4145
f 4370 7214 7215
f 4370 7215 4369
f 4979 2218 4978
f 6638 3856 6637
f 3509 6649 3508
f 5567 2869 5566
f 5840 3163 5839
f 428 427 6134
f 2217 2218 4979
f 1209 1183 1184
f 1209 1210 1183
f 2574 2575 5294
f 5304 5305 2207
f 3162 3163 5840
f 2868 2869 5567
f 6144 6145 3152
f 4380 4381 1199
f 6417 6418 417
f 6417 417 416
f 6648 6649 3509
f 3519 3520 6407
f 1860 7205 7206
f 1860 1861 7205
f 4989 4990 1850
f 3855 3856 6638
f 5577 5578 2564
f 5850 5851 2858
f 415 6417 416
f 1200 4380 1199
f 2565 5577 2564
f 5295 2574 5294
f 2859 5850 2858
f 3153 6144 3152
f 1851 4989 1850
f 2208 5304 2207
f 6408 3519 6407
f 6135 428 6134
f 6135 429 428
f 4371 7214 4370
f 4980 2217 4979
f 6639 3855 6638
f 3510 6648 3509
f 3846 4144 3845
f 3846 4143 4144
f 5568 2868 5567
f 5841 3162 5840
f 2573 2574 5295
f 2216 2217 4980
f 1208 1184 1185
f 1208 1209 1184
f 5303 5304 2208
f 2867 2868 5568
f 4379 4380 1200
f 6143 6144 3153
f 3161 3162 5841
f 6416 6417 415
f 1859 7206 7207
f 1859 1860 7206
f 4988 4989 1851
f 6647 6648 3510
f 3518 3519 6408
f 3854 3855 6639
f 5576 5577 2565
f 5849 5850 2859
f 414 6416 415
f 1201 4379 1200
f 2566 5576 2565
f 5296 2573 5295
f 2860 5849 2859
f 3154 6143 3153
f 1852 4988 1851
f 2209 5303 2208
f 6136 429 6135
f 6409 3518 6408
f 3511 6647 3510
f 4981 2216 4980
f 6640 3854 6639
f 3847 345 4142
f 3847 4142 4143
f 3847 4143 3846
f 5569 2867 5568
f 5842 3161 5841
f 1207 1185 1186
f 1207 1208 1185
f 2572 2573 5296
f 5302 5303 2209
f 2866 2867 5569
f 3160 3161 5842
f 2215 2216 4981
f 6415 6416 414
f 6415 414 434
f 6142 6143 3154
f 4378 4379 1201
f 4987 4988 1852
f 6646 6647 3511
f 3517 3518 6409
f 3853 3854 6640
f 5575 5576 2566
f 5848 5849 2860
f 1202 4378 1201
f 2567 5575 2566
f 5297 2572 5296
f 6410 3517 6409
f 4982 2215 4981
f 3848 345 3847
f 5843 3160 5842
f 6414 6415 434
f 2223 5298 5299
f 1215 4374 4375
f 2580 5571 5572
f 4995 2211 2212
f 2874 5844 5845
f 1866 4983 4984
f 810 6138 6139
f 5856 3156 3157
f 4386 7212 7213
f 4680 1854 1855
f 6423 3513 3514
f 1509 7207 7208
f 6150 432 431
f 3252 6411 6412
f 3525 6642 6643
f 5310 2568 2569
f 5583 2862 2863
f 2222 2223 5299
f 2222 5299 5300
f 1214 1215 4375
f 1214 4375 4376
f 2579 5572 5573
f 2579 2580 5572
f 4994 4995 2212
f 4994 2212 2213
f 2873 5845 5846
f 2873 2874 5845
f 1865 4984 4985
f 1865 1866 4984
f 811 6139 6140
f 811 810 6139
f 1508 1509 7208
f 1508 7208 7209
f 5855 5856 3157
f 5855 3157 3158
f 6149 6150 431
f 6149 430 429
f 6149 431 430
f 6422 3514 3515
f 6422 6423 3514
f 3524 6643 6644
f 3524 3525 6643
f 4385 4386 7213
f 4385 7214 4371
f 4385 7213 7214
f 4679 4680 1855
f 4679 1855 1856
f 3251 3252 6412
f 3251 6412 6413
f 5309 5310 2569
f 5309 2569 2570
f 5582 5583 2863
f 5582 2863 2864
f 2224 5298 2223
f 2224 5297 5298
f 1216 4374 1215
f 1216 4373 4374
f 2581 5571 2580
f 2581 5570 5571
f 4996 2210 2211
f 4996 2211 4995
f 1867 4983 1866
f 1867 4982 4983
f 1510 7207 1509
f 1510 1859 7207
f 1510 1858 1859
f 2875 5843 5844
f 2875 5844 2874
f 5857 3155 3156
f 5857 3156 5856
f 3526 6641 6642
f 3526 6642 3525
f 4387 7212 4386
f 4387 7211 7212
f 6424 3512 3513
f 6424 3513 6423
f 809 6137 6138
f 809 6138 810
f 6151 432 6150
f 6151 433 432
f 3253 6411 3252
f 3253 6410 6411
f 4681 1854 4680
f 4681 1853 1854
f 5311 2568 5310
f 5311 2567 2568
f 5584 2862 5583
f 5584 2861 2862
f 2221 2222 5300
f 2221 5300 5301
f 1213 4376 4377
f 1213 1214 4376
f 2578 5573 5574
f 2578 2579 5573
f 4993 2213 2214
f 4993 4994 2213
f 1864 1865 4985
f 1864 4985 4986
f 1507 7209 7210
f 1507 1508 7209
f 2872 5846 5847
f 2872 2873 5846
f 5854 5855 3158
f 5854 3158 3159
f 4384 4371 4372
f 4384 4385 4371
f 812 6140 6141
f 812 811 6140
f 6148 429 6136
f 6148 6149 429
f 3250 6413 6414
f 3250 3251 6413
f 6421 3515 3516
f 6421 6422 3515
f 3523 6644 6645
f 3523 3524 6644
f 4678 1856 1857
f 4678 4679 1856
f 5308 2570 2571
f 5308 5309 2570
f 5581 5582 2864
f 5581 2864 2865
f 2225 2572 5297
f 2225 5297 2224
f 4997 5302 2209
f 4997 2209 2210
f 4997 2210 4996
f 1868 4982 1867
f 1868 2215 4982
f 1217 4373 1216
f 1217 4372 4373
f 2582 2866 5569
f 2582 5569 5570
f 2582 5570 2581
f 2876 5843 2875
f 2876 3160 5843
f 5858 6142 3154
f 5858 3154 3155
f 5858 3155 5857
f 4388 7211 4387
f 4388 7210 7211
f 808 6136 6137
f 808 6137 809
f 1511 1858 1510
f 6152 433 6151
f 6152 434 433
f 3254 3517 6410
f 3254 6410 3253
f 6425 3512 6424
f 6425 3511 3512
f 6425 6646 3511
f 3527 6640 6641
f 3527 6641 3526
f 3527 3853 6640
f 4682 4987 1852
f 4682 1853 4681
f 4682 1852 1853
f 5312 2567 5311
f 5312 5575 2567
f 5585 5848 2860
f 5585 2861 5584
f 5585 2860 2861
f 2577 5575 5312
f 2577 5574 5575
f 2577 2578 5574
f 1863 1864 4986
f 1863 4986 4987
f 1863 4987 4682
f 2220 2221 5301
f 2220 5302 4997
f 2220 5301 5302
f 1212 1213 4377
f 1212 4377 4378
f 1212 4378 1202
f 4992 2215 1868
f 4992 2214 2215
f 4992 4993 2214
f 792 6142 5858
f 792 6141 6142
f 792 812 6141
f 1506 1507 7210
f 1506 7210 4388
f 2871 5847 5848
f 2871 2872 5847
f 2871 5848 5585
f 5853 3160 2876
f 5853 5854 3159
f 5853 3159 3160
f 6147 6136 808
f 6147 6148 6136
f 3522 6645 6646
f 3522 3523 6645
f 3522 6646 6425
f 3249 3250 6414
f 3249 6414 434
f 3249 434 6152
f 6420 3517 3254
f 6420 3516 3517
f 6420 6421 3516
f 4383 4384 4372
f 4383 4372 1217
f 4677 4678 1857
f 4677 1857 1858
f 4677 1858 1511
f 5307 2572 2225
f 5307 2571 2572
f 5307 5308 2571
f 5580 5581 2865
f 5580 2865 2866
f 5580 2866 2582
f 2226 5307 2225
f 2877 5853 2876
f 1218 4383 1217
f 4998 2220 4997
f 2583 5580 2582
f 1512 4677 1511
f 5859 792 5858
f 6153 3249 6152
f 1869 4992 1868
f 4389 1506 4388
f 807 6147 808
f 3255 6420 3254
f 6426 3522 6425
f 3528 3852 3853
f 3528 3853 3527
f 4683 1863 4682
f 5313 2577 5312
f 5586 2871 5585
f 2240 2220 4998
f 1232 1202 1203
f 1232 1212 1202
f 5012 4992 1869
f 2597 2577 5313
f 1526 1506 4389
f 2891 2871 5586
f 5873 5853 2877
f 1883 1863 4683
f 6167 6147 807
f 793 792 5859
f 6440 6420 3255
f 3542 3522 6426
f 4403 4383 1218
f 4697 4677 1512
f 3269 3249 6153
f 5327 5307 2226
f 5600 5580 2583
f 2227 5327 2226
f 1219 4403 1218
f 4999 2240 4998
f 2878 5873 2877
f 1870 5012 1869
f 2584 5600 2583
f 806 6167 807
f 1513 4697 1512
f 5860 793 5859
f 3256 6440 3255
f 3529 3852 3528
f 3529 3851 3852
f 6154 3269 6153
f 6427 3542 6426
f 4390 1526 4389
f 4684 1883 4683
f 5314 2597 5313
f 5587 2891 5586
f 2239 2240 4999
f 1231 1203 1204
f 1231 1232 1203
f 5011 5012 1870
f 2596 2597 5314
f 794 793 5860
f 1525 1526 4390
f 2890 2891 5587
f 5872 5873 2878
f 1882 1883 4684
f 6439 6440 3256
f 6166 6167 806
f 3268 3269 6154
f 3541 3542 6427
f 4402 4403 1219
f 4696 4697 1513
f 5326 5327 2227
f 5599 5600 2584
f 2228 5326 2227
f 1220 4402 1219
f 5000 2239 4999
f 2585 5599 2584
f 2879 5872 2878
f 5861 794 5860
f 1871 5011 1870
f 4391 1525 4390
f 6428 3541 6427
f 805 6166 806
f 1514 4696 1513
f 6155 3268 6154
f 3530 3851 3529
f 3530 3849 3850
f 3530 3850 3851
f 4685 1882 4684
f 3257 6439 3256
f 5315 2596 5314
f 5588 2890 5587
f 2889 2890 5588
f 2238 2239 5000
f 1230 1204 1205
f 1230 1231 1204
f 5010 5011 1871
f 2595 2596 5315
f 795 794 5861
f 1524 1525 4391
f 5871 5872 2879
f 3267 3268 6155
f 1881 1882 4685
f 6165 6166 805
f 6438 6439 3257
f 3540 3541 6428
f 4401 4402 1220
f 4695 4696 1514
f 5325 5326 2228
f 5598 5599 2585
f 2880 5871 2879
f 2229 5325 2228
f 1221 4401 1220
f 5001 2238 5000
f 2586 5598 2585
f 1872 5010 1871
f 804 6165 805
f 1515 4695 1514
f 5862 795 5861
f 6156 3267 6155
f 3258 6438 3257
f 3531 3849 3530
f 4392 1524 4391
f 6429 3540 6428
f 4686 1881 4685
f 5316 2595 5315
f 5589 2889 5588
f 2237 2238 5001
f 1229 1205 1206
f 1229 1230 1205
f 5009 5010 1872
f 2594 2595 5316
f 1523 1524 4392
f 2888 2889 5589
f 5870 5871 2880
f 1880 1881 4686
f 796 795 5862
f 6164 6165 804
f 6437 6438 3258
f 3539 3540 6429
f 4400 4401 1221
f 4694 4695 1515
f 3266 3267 6156
f 5324 5325 2229
f 5597 5598 2586
f 2587 5597 2586
f 2881 5870 2880
f 1873 5009 1872
f 2230 5324 2229
f 1222 4400 1221
f 5002 2237 5001
f 803 6164 804
f 1516 4694 1515
f 5863 796 5862
f 6157 3266 6156
f 3259 6437 3258
f 3532 3848 3849
f 3532 3849 3531
f 3532 345 3848
f 4393 1523 4392
f 6430 3539 6429
f 4687 1880 4686
f 5317 2594 5316
f 5590 2888 5589
f 2887 2888 5590
f 1228 1206 1207
f 1228 1229 1206
f 5008 5009 1873
f 2593 2594 5317
f 1522 1523 4393
f 1879 1880 4687
f 2236 2237 5002
f 797 796 5863
f 5869 5870 2881
f 3265 3266 6157
f 6163 6164 803
f 4399 4400 1222
f 6436 6437 3259
f 3538 3539 6430
f 4693 4694 1516
f 5323 5324 2230
f 5596 5597 2587
f 2231 5323 2230
f 1223 4399 1222
f 802 6163 803
f 5864 797 5863
f 3260 6436 3259
f 3533 345 3532
f 6431 3538 6430
f 4394 1522 4393
f 4688 1879 4687
f 5591 2887 5590
f 4701 1875 1876
f 2601 5592 5593
f 1887 5004 5005
f 2244 5319 5320
f 1236 4395 4396
f 5604 2883 2884
f 1530 4689 4690
f 5877 801 800
f 3168 6159 6160
f 3273 6432 6433
f 4407 1518 1519
f 6171 3261 3262
f 5016 2232 2233
f 5331 2589 2590
f 2243 5320 5321
f 2243 2244 5320
f 1235 1236 4396
f 1235 4396 4397
f 4700 4701 1876
f 4700 1876 1877
f 2600 2601 5593
f 2600 5593 5594
f 5603 5604 2884
f 5603 2884 2885
f 1529 1530 4690
f 1529 4690 4691
f 5876 800 799
f 5876 5877 800
f 3272 6433 6434
f 3272 3273 6433
f 1886 1887 5005
f 1886 5005 5006
f 6170 6171 3262
f 6170 3262 3263
f 4406 1519 1520
f 4406 4407 1519
f 3167 6160 6161
f 3167 3168 6160
f 5015 5016 2233
f 5015 2233 2234
f 5330 5331 2590
f 5330 2590 2591
f 1237 4394 4395
f 1237 4395 1236
f 2245 5319 2244
f 2245 5318 5319
f 4702 1875 4701
f 4702 1874 1875
f 2602 5592 2601
f 2602 5591 5592
f 5605 2883 5604
f 5605 2882 2883
f 1531 4689 1530
f 1531 4688 4689
f 5878 802 801
f 5878 801 5877
f 6172 3261 6171
f 6172 3260 3261
f 3274 6431 6432
f 3274 6432 3273
f 1888 5004 1887
f 1888 5003 5004
f 3169 6159 3168
f 3169 6158 6159
f 4408 1517 1518
f 4408 1518 4407
f 5017 2232 5016
f 5017 2231 2232
f 5332 2589 5331
f 5332 2588 2589
f 1234 1235 4397
f 1234 4397 4398
f 1885 1886 5006
f 1885 5006 5007
f 2242 2243 5321
f 2242 5321 5322
f 4699 4700 1877
f 4699 1877 1878
f 2599 2600 5594
f 2599 5594 5595
f 5602 5603 2885
f 5602 2885 2886
f 1528 1529 4691
f 1528 4691 4692
f 5875 799 798
f 5875 5876 799
f 3271 6434 6435
f 3271 3272 6434
f 3166 6161 6162
f 3166 3167 6161
f 6169 3263 3264
f 6169 6170 3263
f 4405 1520 1521
f 4405 4406 1520
f 5014 2234 2235
f 5014 5015 2234
f 5329 5330 2591
f 5329 2591 2592
f 2246 2593 5317
f 2246 5318 2245
f 2246 5317 5318
f 1238 1522 4394
f 1238 4394 1237
f 4703 5008 1873
f 4703 1873 1874
f 4703 1874 4702
f 2603 2887 5591
f 2603 5591 2602
f 5606 2881 2882
f 5606 2882 5605
f 5606 5869 2881
f 1532 4688 1531
f 1532 1879 4688
f 3275 3537 3538
f 3275 6431 3274
f 3275 3538 6431
f 1889 5003 1888
f 1889 5002 5003
f 1889 2236 5002
f 4409 1516 1517
f 4409 4693 1516
f 4409 1517 4408
f 5879 802 5878
f 5879 6163 802
f 3170 3265 6157
f 3170 6157 6158
f 3170 6158 3169
f 6173 6436 3260
f 6173 3260 6172
f 5018 2231 5017
f 5018 5323 2231
f 5333 2588 5332
f 5333 5596 2587
f 5333 2587 2588
f 2241 5322 5323
f 2241 5323 5018
f 2241 2242 5322
f 1233 1234 4398
f 1233 4398 4399
f 1233 4399 1223
f 4698 4699 1878
f 4698 1879 1532
f 4698 1878 1879
f 2598 2599 5595
f 2598 5595 5596
f 2598 5596 5333
f 1527 1528 4692
f 1527 4693 4409
f 1527 4692 4693
f 1884 1885 5007
f 1884 5008 4703
f 1884 5007 5008
f 5601 5602 2886
f 5601 2887 2603
f 5601 2886 2887
f 5874 798 797
f 5874 797 5864
f 5874 5875 798
f 3270 3271 6435
f 3270 6435 6436
f 3270 6436 6173
f 4404 1522 1238
f 4404 1521 1522
f 4404 4405 1521
f 3165 6163 5879
f 3165 3166 6162
f 3165 6162 6163
f 6168 6169 3264
f 6168 3264 3265
f 6168 3265 3170
f 5013 2236 1889
f 5013 2235 2236
f 5013 5014 2235
f 5328 2592 2593
f 5328 5329 2592
f 5328 2593 2246
f 1239 4404 1238
f 4704 1884 4703
f 2604 5601 2603
f 1533 4698 1532
f 1890 5013 1889
f 2247 5328 2246
f 5607 5868 5869
f 5607 5869 5606
f 5880 3165 5879
f 4410 1527 4409
f 6174 3270 6173
f 3171 6168 3170
f 3276 3537 3275
f 5019 2241 5018
f 5334 2598 5333
f 1253 1223 1224
f 1253 1233 1223
f 4718 4698 1533
f 1547 1527 4410
f 1904 1884 4704
f 2261 2241 5019
f 2618 2598 5334
f 5621 5601 2604
f 4424 4404 1239
f 5894 5864 5865
f 5894 5874 5864
f 6188 6168 3171
f 3185 3165 5880
f 3290 3270 6174
f 5033 5013 1890
f 5348 5328 2247
f 1240 4424 1239
f 4705 1904 4704
f 2605 5621 2604
f 1534 4718 1533
f 1891 5033 1890
f 2248 5348 2247
f 5881 3185 5880
f 3172 6188 3171
f 3277 3537 3276
f 3277 3536 3537
f 4411 1547 4410
f 6175 3290 6174
f 5020 2261 5019
f 5335 2618 5334
f 2260 2261 5020
f 1252 1253 1224
f 1252 1224 1225
f 4717 4718 1534
f 2617 2618 5335
f 1546 1547 4411
f 1903 1904 4705
f 5620 5621 2605
f 4423 4424 1240
f 6187 6188 3172
f 3184 3185 5881
f 3289 3290 6175
f 5032 5033 1891
f 5347 5348 2248
f 2249 5347 2248
f 1241 4423 1240
f 4706 1903 4705
f 2606 5620 2605
f 1535 4717 1534
f 5882 3184 5881
f 3278 3534 3535
f 3278 3535 3536
f 3278 3536 3277
f 1892 5032 1891
f 6176 3289 6175
f 4412 1546 4411
f 3173 6187 3172
f 5021 2260 5020
f 5336 2617 5335
f 1251 1252 1225
f 1251 1225 1226
f 4716 4717 1535
f 2616 2617 5336
f 5619 5620 2606
f 1545 1546 4412
f 1902 1903 4706
f 2259 2260 5021
f 3183 3184 5882
f 4422 4423 1241
f 6186 6187 3173
f 3288 3289 6176
f 5031 5032 1892
f 5346 5347 2249
f 2250 5346 2249
f 1242 4422 1241
f 4707 1902 4706
f 2607 5619 2606
f 1536 4716 1535
f 5883 3183 5882
f 1893 5031 1892
f 3174 6186 3173
f 3279 3534 3278
f 4413 1545 4412
f 6177 3288 6176
f 5022 2259 5021
f 5337 2616 5336
f 1544 1545 4413
f 1901 1902 4707
f 2258 2259 5022
f 1250 1251 1226
f 1250 1226 1227
f 4715 4716 1536
f 2615 2616 5337
f 5618 5619 2607
f 4421 4422 1242
f 6185 6186 3174
f 3182 3183 5883
f 3287 3288 6177
f 5030 5031 1893
f 5345 5346 2250
f 2608 5618 2607
f 2251 5345 2250
f 1243 4421 1242
f 4708 1901 4707
f 1537 4715 1536
f 3175 6185 3174
f 1894 5030 1893
f 6178 3287 6177
f 3280 3533 3534
f 3280 345 3533
f 3280 3534 3279
f 4414 1544 4413
f 5023 2258 5022
f 5338 2615 5337
f 2257 2258 5023
f 1249 1227 1228
f 1249 1250 1227
f 4714 4715 1537
f 2614 2615 5338
f 5617 5618 2608
f 1543 1544 4414
f 1900 1901 4708
f 4420 4421 1243
f 6184 6185 3175
f 3286 3287 6178
f 5029 5030 1894
f 5344 5345 2251
f 1244 4420 1243
f 1538 4714 1537
f 1895 5029 1894
f 4415 1543 4414
f 695 5866 5867
f 694 5865 5866
f 694 5866 695
f 696 695 5867
f 696 5867 5868
f 696 5868 5607
f 696 5607 5608
f 693 5894 5865
f 693 5893 5894
f 693 5865 694
f 697 696 5608
f 697 5608 5609
f 692 5893 693
f 692 5892 5893
f 698 697 5609
f 698 5609 5610
f 691 5892 692
f 691 5891 5892
f 699 5610 5611
f 699 698 5610
f 690 5891 691
f 690 5890 5891
f 700 699 5611
f 700 5611 5612
f 689 5890 690
f 701 700 5612
f 7326 3178 3179
f 7325 7326 3179
f 7325 3179 3180
f 7327 3178 7326
f 7327 3177 3178
f 7324 7325 3180
f 7324 3180 3181
f 7328 3177 7327
f 7328 3176 3177
f 7323 3182 5883
f 7323 5883 5884
f 7323 7324 3181
f 7323 3181 3182
f 7329 3176 7328
f 7329 3175 3176
f 7343 7323 5884
f 7343 5884 5885
f 994 6181 6182
f 995 6179 6180
f 995 6180 6181
f 995 6181 994
f 993 6182 6183
f 993 994 6182
f 996 6178 6179
f 996 6179 995
f 7342 7343 5885
f 992 993 6183
f 992 3175 7329
f 992 6183 6184
f 992 6184 3175
f 997 6178 996
f 997 3286 6178
f 997 3285 3286
f 991 992 7329
f 991 7329 7330
f 998 3285 997
f 998 3284 3285
f 2265 5340 5341
f 4428 1539 1540
f 1257 4416 4417
f 5352 2610 2611
f 2895 5886 5887
f 1551 4710 4711
f 7305 5613 5614
f 1908 5025 5026
f 4722 1896 1897
f 5037 2253 2254
f 990 991 7330
f 990 7330 7331
f 990 7331 7332
f 4427 1540 1541
f 4427 4428 1540
f 1256 4417 4418
f 1256 1257 4417
f 2264 5341 5342
f 2264 2265 5341
f 5351 2611 2612
f 5351 5352 2611
f 1550 1551 4711
f 1550 4711 4712
f 1907 5026 5027
f 1907 1908 5026
f 7304 7305 5614
f 7304 5614 5615
f 2894 2895 5887
f 2894 5887 5888
f 4721 1897 1898
f 4721 4722 1897
f 5036 5037 2254
f 5036 2254 2255
f 4429 1538 1539
f 4429 1539 4428
f 1258 4415 4416
f 1258 4416 1257
f 5353 2610 5352
f 5353 2609 2610
f 1552 4710 1551
f 1552 4709 4710
f 1909 5024 5025
f 1909 5025 1908
f 2266 5339 5340
f 2266 5340 2265
f 7306 5613 7305
f 7306 5612 5613
f 2896 7342 5885
f 2896 5886 2895
f 2896 5885 5886
f 4723 1895 1896
f 4723 1896 4722
f 5038 2253 5037
f 5038 2252 2253
f 4426 4427 1541
f 4426 1541 1542
f 1255 4418 4419
f 1255 1256 4418
f 1549 1550 4712
f 1549 4712 4713
f 1906 1907 5027
f 1906 5027 5028
f 7303 7304 5615
f 7303 5615 5616
f 2263 5342 5343
f 2263 2264 5342
f 5350 2612 2613
f 5350 5351 2612
f 2893 2894 5888
f 2893 5888 5889
f 4720 1898 1899
f 4720 4721 1898
f 5035 2255 2256
f 5035 5036 2255
f 2267 2614 5338
f 2267 5338 5339
f 2267 5339 2266
f 4430 1538 4429
f 4430 4714 1538
f 1259 4415 1258
f 1259 1543 4415
f 1553 1900 4708
f 1553 4709 1552
f 1553 4708 4709
f 7307 702 701
f 7307 5612 7306
f 7307 701 5612
f 5354 2608 2609
f 5354 2609 5353
f 5354 5617 2608
f 2897 7341 7342
f 2897 7342 2896
f 1910 5023 5024
f 1910 5024 1909
f 1910 2257 5023
f 4724 1895 4723
f 4724 5029 1895
f 5039 2252 5038
f 5039 2251 2252
f 5039 5344 2251
f 4425 1542 1543
f 4425 4426 1542
f 4425 1543 1259
f 1254 4419 4420
f 1254 4420 1244
f 1254 1255 4419
f 1548 4713 4714
f 1548 1549 4713
f 1548 4714 4430
f 1905 5028 5029
f 1905 5029 4724
f 1905 1906 5028
f 7302 7303 5616
f 7302 5617 5354
f 7302 5616 5617
f 2262 5344 5039
f 2262 2263 5343
f 2262 5343 5344
f 5349 2613 2614
f 5349 2614 2267
f 5349 5350 2613
f 2892 689 688
f 2892 5890 689
f 2892 5889 5890
f 2892 2893 5889
f 4719 1899 1900
f 4719 4720 1899
f 4719 1900 1553
f 5034 5035 2256
f 5034 2256 2257
f 5034 2257 1910
f 999 3283 3284
f 999 3284 998
f 4431 1548 4430
f 1260 4425 1259
f 1554 4719 1553
f 2268 5349 2267
f 7308 703 702
f 7308 702 7307
f 5355 7302 5354
f 2898 7341 2897
f 1911 5034 1910
f 4725 1905 4724
f 5040 2262 5039
f 989 990 7332
f 989 7332 7333
f 4445 4425 1260
f 1274 1254 1244
f 1274 1244 1245
f 1568 1548 4431
f 2282 2262 5040
f 5369 5349 2268
f 2912 688 687
f 2912 2892 688
f 1925 1905 4725
f 7322 7302 5355
f 4739 4719 1554
f 5054 5034 1911
f 4432 1568 4431
f 1261 4445 1260
f 2899 7340 7341
f 2899 7341 2898
f 1555 4739 1554
f 7309 704 703
f 7309 703 7308
f 2269 5369 2268
f 5356 7322 5355
f 1912 5054 1911
f 4726 1925 4725
f 5041 2282 5040
f 1273 1274 1245
f 1273 1245 1246
f 4444 4445 1261
f 1567 1568 4432
f 2281 2282 5041
f 5368 5369 2269
f 2911 687 707
f 2911 2912 687
f 1924 1925 4726
f 7321 7322 5356
f 4738 4739 1555
f 5053 5054 1912
f 1000 3283 999
f 1000 3282 3283
f 988 989 7333
f 988 7333 7334
f 4433 1567 4432
f 1262 4444 1261
f 5357 7321 5356
f 2270 5368 2269
f 1556 4738 1555
f 1913 5053 1912
f 2900 7339 7340
f 2900 7340 2899
f 7310 705 704
f 7310 704 7309
f 4727 1924 4726
f 5042 2281 5041
f 4443 4444 1262
f 1272 1246 1247
f 1272 1273 1246
f 2910 707 706
f 2910 2911 707
f 1566 1567 4433
f 7320 7321 5357
f 2280 2281 5042
f 5367 5368 2270
f 1923 1924 4727
f 4737 4738 1556
f 5052 5053 1913
f 2271 5367 2270
f 4434 1566 4433
f 1263 4443 1262
f 5358 7320 5357
f 2901 7339 2900
f 2901 7338 7339
f 1557 4737 1556
f 1914 5052 1913
f 7311 705 7310
f 4728 1923 4727
f 5043 2280 5042
f 1001 3282 1000
f 1001 3281 3282
f 4442 4443 1263
f 1565 1566 4434
f 2279 2280 5043
f 1271 1247 1248
f 1271 1272 1247
f 5366 5367 2271
f 7319 7320 5358
f 1922 1923 4728
f 4736 4737 1557
f 5051 5052 1914
f 987 988 7334
f 2272 5366 2271
f 4435 1565 4434
f 1264 4442 1263
f 1558 4736 1557
f 1915 5051 1914
f 5359 7319 5358
f 2902 7338 2901
f 2902 7337 7338
f 4729 1922 4728
f 5044 2279 5043
f 2278 2279 5044
f 4441 4442 1264
f 1270 1271 1248
f 1270 1248 1249
f 1564 1565 4435
f 5365 5366 2272
f 1921 1922 4729
f 7318 7319 5359
f 4735 4736 1558
f 5050 5051 1915
f 981 345 3280
f 981 3281 1001
f 981 3280 3281
f 2273 5365 2272
f 4436 1564 4435
f 1265 4441 1264
f 5360 7318 5359
f 4730 1921 4729
f 5045 2278 5044
f 1278 4437 4438
f 2622 2909 2910
f 2622 2910 706
f 2916 7335 7336
f 2286 5361 5362
f 5058 2274 2275
f 5373 7314 7315
f 5625 2904 2905
f 1572 4731 4732
f 1929 5046 5047
f 4449 1560 1561
f 4743 1917 1918
f 1277 1278 4438
f 1277 4438 4439
f 2915 2916 7336
f 2915 7336 7337
f 2285 2286 5362
f 2285 5362 5363
f 5057 5058 2275
f 5057 2275 2276
f 2621 2622 706
f 2621 705 7311
f 2621 706 705
f 5372 5373 7315
f 5372 7315 7316
f 5624 2905 2906
f 5624 5625 2905
f 1571 1572 4732
f 1571 4732 4733
f 1928 5047 5048
f 1928 1929 5047
f 4448 4449 1561
f 4448 1561 1562
f 4742 1918 1919
f 4742 4743 1918
f 1279 4436 4437
f 1279 4437 1278
f 5059 2274 5058
f 5059 2273 2274
f 2917 987 7334
f 2917 7335 2916
f 2917 7334 7335
f 2287 5361 2286
f 2287 5360 5361
f 2623 2909 2622
f 2623 2908 2909
f 5374 7314 5373
f 5374 7313 7314
f 5626 2904 5625
f 5626 2903 2904
f 1573 4730 4731
f 1573 4731 1572
f 1930 5045 5046
f 1930 5046 1929
f 4450 1560 4449
f 4450 1559 1560
f 4744 1916 1917
f 4744 1917 4743
f 1276 4439 4440
f 1276 1277 4439
f 2914 7337 2902
f 2914 2915 7337
f 2284 2285 5363
f 2284 5363 5364
f 5056 5057 2276
f 5056 2276 2277
f 2620 7311 7312
f 2620 2621 7311
f 5371 7316 7317
f 5371 5372 7316
f 5623 2906 2907
f 5623 5624 2906
f 1570 4733 4734
f 1570 1571 4733
f 1927 5048 5049
f 1927 1928 5048
f 4447 1562 1563
f 4447 4448 1562
f 4741 1919 1920
f 4741 4742 1919
f 1280 1564 4436
f 1280 4436 1279
f 2288 7318 5360
f 2288 5360 2287
f 5060 5365 2273
f 5060 2273 5059
f 2624 2908 2623
f 5375 7313 5374
f 5375 7312 7313
f 5627 2902 2903
f 5627 2903 5626
f 2918 986 987
f 2918 987 2917
f 1574 4730 1573
f 1574 1921 4730
f 1931 5045 1930
f 1931 2278 5045
f 4451 1559 4450
f 4451 1558 1559
f 4451 4735 1558
f 4745 1915 1916
f 4745 1916 4744
f 4745 5050 1915
f 2283 5365 5060
f 2283 5364 5365
f 2283 2284 5364
f 1275 4441 1265
f 1275 4440 4441
f 1275 1276 4440
f 5055 5056 2277
f 5055 2278 1931
f 5055 2277 2278
f 2619 7312 5375
f 2619 2620 7312
f 5370 7318 2288
f 5370 5371 7317
f 5370 7317 7318
f 2913 2914 2902
f 2913 2902 5627
f 1569 1570 4734
f 1569 4734 4735
f 1569 4735 4451
f 1926 5050 4745
f 1926 1927 5049
f 1926 5049 5050
f 5622 2907 2908
f 5622 2908 2624
f 5622 5623 2907
f 4446 4447 1563
f 4446 1563 1564
f 4446 1564 1280
f 4740 1920 1921
f 4740 1921 1574
f 4740 4741 1920
f 1281 4446 1280
f 2625 5622 2624
f 5376 2619 5375
f 2919 985 986
f 2919 986 2918
f 1575 4740 1574
f 1932 5055 1931
f 2289 5370 2288
f 5061 2283 5060
f 5628 2913 5627
f 4452 1569 4451
f 4746 1926 4745
f 1295 1275 1265
f 1295 1265 1266
f 2933 2913 5628
f 1589 1569 4452
f 2303 2283 5061
f 5075 5055 1932
f 5390 5370 2289
f 5642 5622 2625
f 1946 1926 4746
f 2639 2619 5376
f 4466 4446 1281
f 4760 4740 1575
f 1282 4466 1281
f 2290 5390 2289
f 5062 2303 5061
f 2626 5642 2625
f 2920 984 985
f 2920 985 2919
f 1933 5075 1932
f 5377 2639 5376
f 5629 2933 5628
f 1576 4760 1575
f 4453 1589 4452
f 4747 1946 4746
f 2302 2303 5062
f 1294 1295 1266
f 1294 1266 1267
f 5074 5075 1933
f 5389 5390 2290
f 2932 2933 5629
f 1588 1589 4453
f 1945 1946 4747
f 2638 2639 5377
f 5641 5642 2626
f 4465 4466 1282
f 4759 4760 1576
f 1283 4465 1282
f 2921 983 984
f 2921 984 2920
f 2291 5389 2290
f 5063 2302 5062
f 2627 5641 2626
f 5378 2638 5377
f 5630 2932 5629
f 1577 4759 1576
f 1934 5074 1933
f 4454 1588 4453
f 4748 1945 4747
f 2301 2302 5063
f 1293 1294 1267
f 1293 1267 1268
f 5073 5074 1934
f 2637 2638 5378
f 2931 2932 5630
f 1587 1588 4454
f 1944 1945 4748
f 5388 5389 2291
f 5640 5641 2627
f 4464 4465 1283
f 4758 4759 1577
f 1284 4464 1283
f 2292 5388 2291
f 5064 2301 5063
f 2628 5640 2627
f 5379 2637 5378
f 2922 982 983
f 2922 983 2921
f 1578 4758 1577
f 1935 5073 1934
f 5631 2931 5630
f 4455 1587 4454
f 4749 1944 4748
f 1292 1268 1269
f 1292 1293 1268
f 5072 5073 1935
f 1586 1587 4455
f 5387 5388 2292
f 2930 2931 5631
f 1943 1944 4749
f 2300 2301 5064
f 2636 2637 5379
f 5639 5640 2628
f 4463 4464 1284
f 4757 4758 1578
f 1285 4463 1284
f 1936 5072 1935
f 2293 5387 2292
f 5065 2300 5064
f 2629 5639 2628
f 5380 2636 5379
f 2923 981 982
f 2923 982 2922
f 1579 4757 1578
f 5632 2930 5631
f 4456 1586 4455
f 4750 1943 4749
f 1291 1292 1269
f 1291 1269 1270
f 2299 2300 5065
f 5071 5072 1936
f 2635 2636 5380
f 5386 5387 2293
f 2929 2930 5632
f 1585 1586 4456
f 1942 1943 4750
f 5638 5639 2629
f 4462 4463 1285
f 4756 4757 1579
f 1286 4462 1285
f 5381 2635 5380
f 2924 981 2923
f 4751 1942 4750
f 2307 5382 5383
f 1299 4458 4459
f 4764 1938 1939
f 2643 5634 5635
f 1593 4752 4753
f 1950 5067 5068
f 5079 2295 2296
f 5394 2631 2632
f 4470 1581 1582
f 1298 4459 4460
f 1298 1299 4459
f 2642 5635 5636
f 2642 2643 5635
f 4763 4764 1939
f 4763 1939 1940
f 5078 2296 2297
f 5078 5079 2296
f 5393 2632 2633
f 5393 5394 2632
f 1592 1593 4753
f 1592 4753 4754
f 1949 1950 5068
f 1949 5068 5069
f 2306 5383 5384
f 2306 2307 5383
f 4469 1582 1583
f 4469 4470 1582
f 1300 4458 1299
f 1300 4457 4458
f 4765 1938 4764
f 4765 1937 1938
f 5080 2294 2295
f 5080 2295 5079
f 2644 5633 5634
f 2644 5634 2643
f 5395 2630 2631
f 5395 2631 5394
f 1594 4752 1593
f 1594 4751 4752
f 1951 5066 5067
f 1951 5067 1950
f 2308 5382 2307
f 2308 5381 5382
f 4471 1581 4470
f 4471 1580 1581
f 1297 1298 4460
f 1297 4460 4461
f 4762 4763 1940
f 4762 1940 1941
f 5077 5078 2297
f 5077 2297 2298
f 2641 5636 5637
f 2641 2642 5636
f 5392 2633 2634
f 5392 5393 2633
f 1591 4754 4755
f 1591 1592 4754
f 1948 1949 5069
f 1948 5069 5070
f 2305 2306 5384
f 2305 5384 5385
f 4468 1583 1584
f 4468 4469 1583
f 2309 2635 5381
f 2309 5381 2308
f 1301 4457 1300
f 1301 4456 4457
f 1301 1585 4456
f 4766 1937 4765
f 4766 1936 1937
f 4766 5071 1936
f 2645 5632 5633
f 2645 5633 2644
f 2645 2929 5632
f 1595 4751 1594
f 1595 1942 4751
f 1952 5065 5066
f 1952 5066 1951
f 1952 2299 5065
f 5081 2293 2294
f 5081 2294 5080
f 5081 5386 2293
f 5396 2630 5395
f 5396 2629 2630
f 5396 5638 2629
f 4472 4756 1579
f 4472 1580 4471
f 4472 1579 1580
f 1296 4462 1286
f 1296 4461 4462
f 1296 1297 4461
f 2640 5637 5638
f 2640 2641 5637
f 2640 5638 5396
f 1590 1591 4755
f 1590 4755 4756
f 1590 4756 4472
f 1947 5070 5071
f 1947 1948 5070
f 1947 5071 4766
f 2304 2305 5385
f 2304 5385 5386
f 2304 5386 5081
f 4761 4762 1941
f 4761 1941 1942
f 4761 1942 1595
f 5076 2298 2299
f 5076 2299 1952
f 5076 5077 2298
f 5391 2634 2635
f 5391 5392 2634
f 5391 2635 2309
f 4467 1584 1585
f 4467 4468 1584
f 4467 1585 1301
f 1302 4467 1301
f 1596 4761 1595
f 2310 5391 2309
f 4767 1947 4766
f 5082 2304 5081
f 2646 2929 2645
f 2646 2927 2928
f 2646 2928 2929
f 5397 2640 5396
f 1953 5076 1952
f 4473 1590 4472
f 1316 1286 1287
f 1316 1296 1286
f 2324 2304 5082
f 4781 4761 1596
f 5096 5076 1953
f 2660 2640 5397
f 5411 5391 2310
f 1610 1590 4473
f 1967 1947 4767
f 4487 4467 1302
f 1303 4487 1302
f 4768 1967 4767
f 2647 2927 2646
f 1954 5096 1953
f 2311 5411 2310
f 5083 2324 5082
f 5398 2660 5397
f 1597 4781 1596
f 4474 1610 4473
f 1315 1287 1288
f 1315 1316 1287
f 2659 2660 5398
f 1609 1610 4474
f 2323 2324 5083
f 4780 4781 1597
f 5095 5096 1954
f 5410 5411 2311
f 1966 1967 4768
f 4486 4487 1303
f 1304 4486 1303
f 4769 1966 4768
f 2648 2926 2927
f 2648 2927 2647
f 5084 2323 5083
f 5399 2659 5398
f 1598 4780 1597
f 2312 5410 2311
f 1955 5095 1954
f 4475 1609 4474
f 1314 1288 1289
f 1314 1315 1288
f 4779 4780 1598
f 1608 1609 4475
f 1965 1966 4769
f 2322 2323 5084
f 5094 5095 1955
f 2658 2659 5399
f 5409 5410 2312
f 4485 4486 1304
f 1305 4485 1304
f 5085 2322 5084
f 1599 4779 1598
f 2313 5409 2312
f 4770 1965 4769
f 2649 2926 2648
f 2649 2925 2926
f 1956 5094 1955
f 5400 2658 5399
f 4476 1608 4475
f 1313 1289 1290
f 1313 1314 1289
f 4778 4779 1599
f 2321 2322 5085
f 5093 5094 1956
f 2657 2658 5400
f 5408 5409 2313
f 1607 1608 4476
f 1964 1965 4770
f 4484 4485 1305
f 1306 4484 1305
f 5086 2321 5085
f 2650 2924 2925
f 2650 2925 2649
f 1600 4778 1599
f 1957 5093 1956
f 2314 5408 2313
f 4771 1964 4770
f 5401 2657 5400
f 4477 1607 4476
f 1312 1290 1291
f 1312 1313 1290
f 5092 5093 1957
f 1606 1607 4477
f 2320 2321 5086
f 4777 4778 1600
f 2656 2657 5401
f 1963 1964 4771
f 5407 5408 2314
f 4483 4484 1306
f 1307 4483 1306
f 1601 4777 1600
f 2315 5407 2314
f 1958 5092 1957
f 5402 2656 5401
f 4478 1606 4477
f 4491 1602 1603
f 1320 4479 4480
f 2328 5403 5404
f 4785 1959 1960
f 5100 2316 2317
f 1614 4773 4774
f 1971 5088 5089
f 4490 1603 1604
f 4490 4491 1603
f 2327 2328 5404
f 2327 5404 5405
f 1319 4480 4481
f 1319 1320 4480
f 4784 1960 1961
f 4784 4785 1960
f 5099 2317 2318
f 5099 5100 2317
f 1613 4774 4775
f 1613 1614 4774
f 1970 5089 5090
f 1970 1971 5089
f 4492 1601 1602
f 4492 1602 4491
f 1321 4479 1320
f 1321 4478 4479
f 2329 5403 2328
f 2329 5402 5403
f 4786 1959 4785
f 4786 1958 1959
f 5101 2316 5100
f 5101 2315 2316
f 1615 4772 4773
f 1615 4773 1614
f 1972 5088 1971
f 1972 5087 5088
f 1318 4481 4482
f 1318 1319 4481
f 2326 5405 5406
f 2326 2327 5405
f 4489 1604 1605
f 4489 4490 1604
f 4783 1961 1962
f 4783 4784 1961
f 5098 5099 2318
f 5098 2318 2319
f 1612 1613 4775
f 1612 4775 4776
f 1969 1970 5090
f 1969 5090 5091
f 4493 4777 1601
f 4493 1601 4492
f 1322 4478 1321
f 1322 1606 4478
f 2330 5402 2329
f 2330 2656 5402
f 4787 1958 4786
f 4787 5092 1958
f 5102 5407 2315
f 5102 2315 5101
f 1616 4771 4772
f 1616 4772 1615
f 1616 1963 4771
f 1973 5087 1972
f 1973 2320 5086
f 1973 5086 5087
f 2325 2326 5406
f 2325 5407 5102
f 2325 5406 5407
f 4488 1605 1606
f 4488 1606 1322
f 4488 4489 1605
f 1317 1318 4482
f 1317 4483 1307
f 1317 4482 4483
f 4782 4783 1962
f 4782 1963 1616
f 4782 1962 1963
f 5097 5098 2319
f 5097 2320 1973
f 5097 2319 2320
f 1611 4777 4493
f 1611 1612 4776
f 1611 4776 4777
f 1968 5092 4787
f 1968 1969 5091
f 1968 5091 5092
f 4494 1611 4493
f 2331 2656 2330
f 2331 2655 2656
f 4788 1968 4787
f 1323 4488 1322
f 1617 4782 1616
f 1974 5097 1973
f 5103 2325 5102
f 4508 4488 1323
f 2345 2325 5103
f 4802 4782 1617
f 1337 1307 1308
f 1337 1317 1307
f 1631 1611 4494
f 5117 5097 1974
f 1988 1968 4788
f 4495 1631 4494
f 2332 2653 2654
f 2332 2654 2655
f 2332 2655 2331
f 4789 1988 4788
f 1324 4508 1323
f 5104 2345 5103
f 1618 4802 1617
f 1975 5117 1974
f 4507 4508 1324
f 2344 2345 5104
f 4801 4802 1618
f 1336 1308 1309
f 1336 1337 1308
f 5116 5117 1975
f 1630 1631 4495
f 1987 1988 4789
f 4496 1630 4495
f 2333 2653 2332
f 2333 2652 2653
f 4790 1987 4789
f 1325 4507 1324
f 5105 2344 5104
f 1619 4801 1618
f 1976 5116 1975
f 4506 4507 1325
f 2343 2344 5105
f 4800 4801 1619
f 1335 1309 1310
f 1335 1336 1309
f 1629 1630 4496
f 1986 1987 4790
f 5115 5116 1976
f 1326 4506 1325
f 4497 1629 4496
f 2334 2652 2333
f 2334 2651 2652
f 4791 1986 4790
f 5106 2343 5105
f 1620 4800 1619
f 1977 5115 1976
f 4505 4506 1326
f 2342 2343 5106
f 4799 4800 1620
f 1334 1310 1311
f 1334 1335 1310
f 5114 5115 1977
f 1628 1629 4497
f 1985 1986 4791
f 1327 4505 1326
f 4498 1628 4497
f 2335 2651 2334
f 4792 1985 4791
f 5107 2342 5106
f 1621 4799 1620
f 1978 5114 1977
f 1333 1311 1312
f 1333 1334 1311
f 4504 4505 1327
f 2341 2342 5107
f 4798 4799 1621
f 1627 1628 4498
f 1984 1985 4792
f 5113 5114 1978
f 1328 4504 1327
f 5108 2341 5107
f 1979 5113 1978
f 7179 1983 1984
f 7178 7179 1984
f 7178 1984 4792
f 7180 1983 7179
f 7180 1982 1983
f 7177 7178 4792
f 7177 4792 4793
f 7181 1982 7180
f 7181 1980 1981
f 7181 1981 1982
f 7176 7177 4793
f 7176 4793 4794
f 7182 1980 7181
f 7182 1979 1980
f 4512 1623 1624
f 1341 4500 4501
f 1635 4794 4795
f 1992 5109 5110
f 4511 1624 1625
f 4511 4512 1624
f 1340 1341 4501
f 1340 4501 4502
f 1991 1992 5110
f 1991 5110 5111
f 1634 4795 4796
f 1634 1635 4795
f 4513 1622 1623
f 4513 1623 4512
f 1342 4500 1341
f 1342 4499 4500
f 1993 5108 5109
f 1993 5109 1992
f 1636 7176 4794
f 1636 4794 1635
f 4510 1625 1626
f 4510 4511 1625
f 1339 4502 4503
f 1339 1340 4502
f 1990 5111 5112
f 1990 1991 5111
f 1633 1634 4796
f 1633 4796 4797
f 4514 1622 4513
f 4514 4798 1621
f 4514 1621 1622
f 1343 4499 1342
f 1343 4498 4499
f 1343 1627 4498
f 1637 7176 1636
f 1637 7196 7176
f 1994 5108 1993
f 1994 2341 5108
f 4509 1627 1343
f 4509 1626 1627
f 4509 4510 1626
f 1338 1339 4503
f 1338 4504 1328
f 1338 4503 4504
f 1989 1990 5112
f 1989 5113 1979
f 1989 5112 5113
f 1632 1633 4797
f 1632 4798 4514
f 1632 4797 4798
f 7183 1979 7182
f 4515 1632 4514
f 1344 4509 1343
f 1638 7196 1637
f 1638 7195 7196
f 1995 2341 1994
f 1995 2340 2341
f 4529 4509 1344
f 1358 1338 1328
f 1358 1328 1329
f 1652 1632 4515
f 2009 1989 1979
f 2009 1979 7183
f 1345 4529 1344
f 4516 1652 4515
f 1996 2340 1995
f 1996 2338 2339
f 1996 2339 2340
f 1639 7195 1638
f 7194 7195 1639
f 1357 1329 1330
f 1357 1358 1329
f 4528 4529 1345
f 2008 7183 7184
f 2008 2009 7183
f 1651 1652 4516
f 4517 1651 4516
f 1997 2338 1996
f 1346 4528 1345
f 1640 7194 1639
f 1356 1330 1331
f 1356 1357 1330
f 4527 4528 1346
f 1650 1651 4517
f 2007 7184 7185
f 2007 2008 7184
f 7193 7194 1640
f 4518 1650 4517
f 1347 4527 1346
f 1641 7193 1640
f 1998 2338 1997
f 1998 2337 2338
f 4526 4527 1347
f 1355 1356 1331
f 1355 1331 1332
f 1649 1650 4518
f 2006 7185 7186
f 2006 2007 7185
f 7192 7193 1641
f 4519 1649 4518
f 1348 4526 1347
f 1642 7192 1641
f 1999 2337 1998
f 1999 2336 2337
f 4525 4526 1348
f 1354 1355 1332
f 1648 1649 4519
f 7191 7192 1642
f 1349 4525 1348
f 1643 7191 1642
f 363 1644 1645
f 362 363 1645
f 362 1645 1646
f 362 1646 1647
f 364 7191 1643
f 364 7190 7191
f 364 1643 1644
f 364 1644 363
f 361 4519 4520
f 361 362 1647
f 361 1647 1648
f 361 1648 4519
f 1362 4521 4522
f 1656 7186 7187
f 1361 4522 4523
f 1361 1362 4522
f 1655 7187 7188
f 1655 1656 7187
f 1363 4520 4521
f 1363 4521 1362
f 1657 2006 7186
f 1657 2005 2006
f 1657 7186 1656
f 1360 4523 4524
f 1360 1361 4523
f 1654 1655 7188
f 1654 7188 7189
f 1364 4520 1363
f 1658 2005 1657
f 1359 4524 4525
f 1359 4525 1349
f 1359 1360 4524
f 1653 7189 7190
f 1653 1654 7189
f 365 7190 364
f 365 1653 7190
f 360 361 4520
f 360 4520 1364
f 1365 360 1364
f 1659 2004 2005
f 1659 2005 1658
f 1379 1349 1350
f 1379 1359 1349
f 1673 1653 365
f 1660 2004 1659
f 1660 2002 2003
f 1660 2003 2004
f 1378 1350 1351
f 1378 1379 1350
f 366 1672 1673
f 366 1673 365
f 359 360 1365
f 359 1365 1366
f 1367 359 1366
f 1661 2002 1660
f 1661 2001 2002
f 1377 1378 1351
f 1377 1351 1352
f 1671 1672 366
f 1662 2001 1661
f 357 1671 366
f 357 1670 1671
f 358 359 1367
f 358 1367 1368
f 356 1670 357
f 367 358 1368
f 367 1368 1369
f 355 1670 356
f 355 1669 1670
f 368 367 1369
f 354 1669 355
f 354 1667 1668
f 354 1668 1669
f 369 368 1369
f 369 1369 1370
f 369 1370 1371
f 369 1371 1372
f 353 1665 1666
f 353 1666 1667
f 353 1667 354
f 346 1665 353
f 346 1999 2000
f 346 2000 2001
f 346 2336 1999
f 346 2001 1662
f 346 2651 2335
f 346 2335 2336
f 346 2924 2650
f 346 2650 2651
f 346 1662 1663
f 346 1663 1664
f 346 1664 1665
f 370 369 1372
f 370 1372 1373
f 370 1373 1374
f 377 370 1374
f 377 1377 1352
f 377 1332 1333
f 377 1333 1312
f 377 1352 1353
f 377 1353 1354
f 377 1354 1332
f 377 1374 1375
f 377 1375 1376
f 377 1376 1377
f 348 347 346
f 375 377 376
f 349 348 346
f 350 349 346
f 350 352 351
f 350 353 352
f 350 346 353
f 373 371 370
f 373 372 371
f 374 377 375
f 374 373 370
f 374 370 377
f 338 745 337
f 345 981 346
f 981 2924 346
f 377 1312 378
f 1312 1291 378
f 1291 1270 378
f 1270 1249 378
f 1249 1228 378
f 1228 1207 378
f 1207 1186 378
f 1186 1165 378
f 1165 1144 378
f 1144 1123 378
f 385 760 386
f 760 761 386
f 7367 7346 7345
f 7367 7347 7346
f 7367 7368 7347
f 7369 7348 7347
f 7369 7347 7368
f 7366 7367 7345
f 7370 7349 7348
f 7370 7348 7369
f 7365 7345 7344
f 7365 7366 7345
f 7371 7350 7349
f 7371 7349 7370
f 7385 7344 7364
f 7385 7365 7344
f 7372 7351 7350
f 7372 7350 7371
f 7384 7364 7363
f 7384 7385 7364
f 7352 7372 7373
f 7352 7351 7372
f 7362 7383 7384
f 7362 7384 7363
f 7382 7383 7362
f 7353 7373 7374
f 7353 7352 7373
f 7375 7353 7374
f 7361 7381 7382
f 7361 7382 7362
f 7354 7353 7375
f 7360 7381 7361
f 7355 7375 7376
f 7355 7376 7377
f 7355 7354 7375
f 7359 7381 7360
f 7359 7379 7380
f 7359 7380 7381
f 7356 7355 7377
f 7358 7379 7359
f 7357 7356 7377
f 7357 7379 7358
f 7357 7377 7378
f 7357 7378 7379
f 7410 7390 7389
f 7409 7389 7388
f 7409 7410 7389
f 7411 7390 7410
f 7408 7388 7387
f 7408 7409 7388
f 7412 7391 7390
f 7412 7390 7411
f 7407 7387 7386
f 7407 7408 7387
f 7413 7392 7391
f 7413 7391 7412
f 7427 7386 7406
f 7427 7407 7386
f 7414 7393 7392
f 7414 7392 7413
f 7426 7406 7405
f 7426 7427 7406
f 7415 7393 7414
f 7394 7393 7415
f 7425 7426 7405
f 7404 7425 7405
f 7395 7415 7416
f 7395 7394 7415
f 7403 7424 7425
f 7403 7425 7404
f 7396 7416 7417
f 7396 7395 7416
f 7402 7424 7403
f 7402 7423 7424
f 7397 7396 7417
f 7397 7417 7418
f 7401 7423 7402
f 7401 7422 7423
f 7398 7397 7418
f 7398 7418 7419
f 7400 7422 7401
f 7400 7420 7421
f 7400 7421 7422
f 7399 7398 7419
f 7399 7420 7400
f 7399 7419 7420
f 7429 729 7428
f 7429 730 729
f 7430 731 730
f 7430 732 731
f 7430 730 7429
f 7431 732 7430
f 7432 733 732
f 7432 734 733
f 7432 732 7431
f 7433 734 7432
f 7434 735 734
f 7434 734 7433
f 7435 736 735
f 7435 735 7434
f 7436 737 736
f 7436 738 737
f 7436 736 7435
f 7437 739 738
f 7437 738 7436
f 7438 739 7437
f 7439 740 739
f 7439 741 740
f 7439 739 7438
f 7440 741 7439
f 7441 741 7440
f 7441 742 741
f 7442 742 7441
f 7442 743 742
f 7443 743 7442
f 7443 744 743
f 7444 744 7443
f 7444 745 744
f 7444 746 745
f 7445 746 7444
f 7446 746 7445
f 7446 747 746
f 7447 747 7446
f 7447 748 747
f 7447 749 748
f 7448 749 7447
f 7428 749 7448
f 7428 729 749
f 7450 750 7449
f 7450 751 750
f 7451 752 751
f 7451 753 752
f 7451 751 7450
f 7452 753 7451
f 7453 754 753
f 7453 755 754
f 7453 753 7452
f 7454 755 7453
f 7455 756 755
f 7455 755 7454
f 7456 757 756
f 7456 756 7455
f 7457 758 757
f 7457 759 758
f 7457 757 7456
f 7458 760 759
f 7458 759 7457
f 7459 760 7458
f 7460 761 760
f 7460 760 7459
f 7461 762 761
f 7461 761 7460
f 7462 762 7461
f 7462 763 762
f 7463 763 7462
f 7463 764 763
f 7464 764 7463
f 7464 765 764
f 7465 765 7464
f 7465 766 765
f 7465 767 766
f 7466 767 7465
f 7467 767 7466
f 7467 768 767
f 7468 768 7467
f 7468 769 768
f 7468 770 769
f 7469 770 7468
f 7449 770 7469
f 7449 750 770
f 7473 7453 7452
f 7472 7452 7451
f 7472 7473 7452
f 7474 7453 7473
f 7471 7451 7450
f 7471 7472 7451
f 7475 7454 7453
f 7475 7455 7454
f 7475 7453 7474
f 7470 7450 7449
f 7470 7471 7450
f 7476 7455 7475
f 7490 7449 7469
f 7490 7470 7449
f 7477 7456 7455
f 7477 7455 7476
f 7489 7469 7468
f 7489 7490 7469
f 7478 7456 7477
f 7457 7456 7478
f 7467 7488 7489
f 7467 7489 7468
f 7458 7478 7479
f 7458 7457 7478
f 7466 7487 7488
f 7466 7488 7467
f 7459 7479 7480
f 7459 7480 7481
f 7459 7458 7479
f 7465 7487 7466
f 7465 7486 7487
f 7460 7459 7481
f 7464 7486 7465
f 7464 7485 7486
f 7461 7481 7482
f 7461 7460 7481
f 7463 7485 7464
f 7463 7484 7485
f 7462 7461 7482
f 7462 7484 7463
f 7462 7482 7483
f 7462 7483 7484
f 7495 7493 7494
f 7495 7496 7493
f 7495 7497 7496
f 7498 7491 7493
f 7498 7493 7496
f 7498 7496 7497
f 7499 7492 7491
f 7499 7494 7492
f 7499 7491 7498
f 7499 7497 7495
f 7499 7495 7494
f 7499 7498 7497
f 7581 7506 7507
f 7581 7582 7506
f 7583 7506 7582
f 7580 7581 7507
f 7579 7580 7507
f 7578 7579 7507
f 7532 7576 7577
f 7532 7577 7578
f 7533 7576 7532
f 7533 7575 7576
f 7508 7578 7507
f 7508 7532 7578
f 7592 7593 7584
f 7592 7584 7585
f 7594 7506 7583
f 7594 7584 7593
f 7594 7583 7584
f 7574 7575 7533
f 7589 7587 7588
f 7591 7592 7585
f 7591 7585 7586
f 7595 7506 7594
f 7531 7532 7508
f 7590 7591 7586
f 7590 7587 7589
f 7590 7586 7587
f 7573 7574 7533
f 7530 7531 7508
f 7505 7506 7595
f 7505 7595 7596
f 7527 7530 7508
f 7526 7527 7508
f 7597 7504 7505
f 7597 7505 7596
f 7525 7526 7508
f 7565 7566 7567
f 7598 7504 7597
f 7564 7565 7567
f 7608 7564 7567
f 7608 7567 7568
f 7607 7608 7568
f 7607 7568 7569
f 7599 7504 7598
f 7606 7607 7569
f 7606 7569 7570
f 7520 7521 7524
f 7520 7524 7525
f 7520 7525 7508
f 7600 7504 7599
f 7601 7504 7600
f 7528 7529 7530
f 7528 7530 7527
f 7509 7519 7520
f 7509 7520 7508
f 7541 7518 7519
f 7540 7519 7509
f 7540 7541 7519
f 7523 7524 7521
f 7534 7603 7604
f 7534 7604 7605
f 7534 7605 7606
f 7522 7523 7521
f 7535 7603 7534
f 7539 7540 7509
f 7537 7512 7513
f 7503 7601 7602
f 7503 7602 7603
f 7503 7504 7601
f 7503 7535 7536
f 7503 7536 7537
f 7503 7603 7535
f 7562 7538 7539
f 7562 7539 7509
f 7562 7563 7538
f 7514 7537 7513
f 7514 7503 7537
f 7515 7503 7514
f 7516 7503 7515
f 7543 7516 7517
f 7543 7517 7542
f 7510 7560 7561
f 7510 7561 7562
f 7510 7562 7509
f 7511 7560 7510
f 7502 7516 7543
f 7502 7547 7550
f 7502 7543 7544
f 7502 7544 7545
f 7502 7545 7546
f 7502 7546 7547
f 7502 7550 7551
f 7502 7503 7516
f 7552 7502 7551
f 7556 7554 7555
f 7557 7553 7556
f 7557 7552 7553
f 7500 7558 7559
f 7500 7559 7511
f 7501 7502 7552
f 7501 7552 7557
f 7501 7558 7500
f 7501 7557 7558
f 7517 7518 7542
f 7533 7534 7572
f 7572 7534 7571
f 7571 7534 7570
f 7570 7534 7606
f 7533 7572 7573
f 7493 7538 7494
f 7494 7538 7563
f 7541 7542 7518
f 7549 7550 7548
f 7548 7550 7547
f 7553 7554 7556
f 7559 7560 7511
f 7494 7563 7609
f 7492 7494 7609
f 7612 7610 7541
f 7612 7611 7610
f 7612 7540 7611
f 7612 7541 7540
f 7613 7542 7541
f 7613 7541 7610
f 7614 7538 7615
f 7614 7539 7538
f 7611 7539 7614
f 7611 7540 7539
f 7617 7609 7563
f 7617 7616 7609
f 7617 7562 7616
f 7617 7563 7562
f 7620 7560 7619
f 7620 7618 7561
f 7620 7619 7618
f 7620 7561 7560
f 7618 7562 7561
f 7616 7562 7618
f 7623 7555 7554
f 7623 7624 7555
f 7623 7625 7624
f 7626 7621 7555
f 7626 7555 7624
f 7626 7624 7625
f 7627 7622 7621
f 7627 7554 7622
f 7627 7621 7626
f 7627 7625 7623
f 7627 7623 7554
f 7627 7626 7625
f 7556 7555 7621
f 7628 7556 7621
f 7631 7549 7548
f 7631 7632 7549
f 7631 7633 7632
f 7634 7629 7549
f 7634 7549 7632
f 7634 7632 7633
f 7635 7630 7629
f 7635 7548 7630
f 7635 7629 7634
f 7635 7633 7631
f 7635 7631 7548
f 7635 7634 7633
f 7550 7549 7629
f 7636 7550 7629
f 7639 7637 7519
f 7639 7638 7637
f 7639 7518 7638
f 7639 7519 7518
f 7640 7520 7519
f 7640 7519 7637
f 7643 7641 7513
f 7643 7513 7512
f 7644 7642 7641
f 7644 7512 7642
f 7644 7641 7643
f 7644 7643 7512
f 7645 7514 7513
f 7645 7513 7641
f 7648 7523 7522
f 7648 7649 7523
f 7648 7650 7649
f 7651 7646 7523
f 7651 7523 7649
f 7651 7649 7650
f 7652 7647 7646
f 7652 7522 7647
f 7652 7646 7651
f 7652 7650 7648
f 7652 7648 7522
f 7652 7651 7650
f 7524 7523 7646
f 7653 7524 7646
f 7656 7529 7528
f 7656 7657 7529
f 7656 7658 7657
f 7659 7654 7529
f 7659 7529 7657
f 7659 7657 7658
f 7660 7655 7654
f 7660 7528 7655
f 7660 7654 7659
f 7660 7658 7656
f 7660 7656 7528
f 7660 7659 7658
f 7655 7527 7661
f 7655 7528 7527
f 7663 7662 7521
f 7663 7640 7662
f 7663 7520 7640
f 7663 7521 7520
f 7522 7521 7662
f 7647 7522 7662
f 7665 7664 7525
f 7665 7653 7664
f 7665 7524 7653
f 7665 7525 7524
f 7666 7526 7525
f 7666 7525 7664
f 7667 7661 7527
f 7667 7666 7661
f 7667 7526 7666
f 7667 7527 7526
f 7670 7668 7531
f 7670 7669 7668
f 7670 7530 7669
f 7670 7531 7530
f 7671 7532 7531
f 7671 7531 7668
f 7673 7672 7533
f 7673 7671 7672
f 7673 7532 7671
f 7673 7533 7532
f 7674 7534 7533
f 7674 7533 7672
f 7677 7675 7583
f 7677 7676 7675
f 7677 7582 7676
f 7677 7583 7582
f 7678 7584 7583
f 7678 7583 7675
f 7680 7679 7585
f 7680 7678 7679
f 7680 7584 7678
f 7680 7585 7584
f 7682 7586 7585
f 7682 7585 7679
f 7681 7587 7586
f 7681 7586 7682
f 7685 7683 7607
f 7685 7684 7683
f 7685 7606 7684
f 7685 7607 7606
f 7687 7608 7607
f 7687 7607 7683
f 7686 7564 7608
f 7686 7608 7687
f 7690 7688 7605
f 7690 7689 7688
f 7690 7604 7689
f 7690 7605 7604
f 7684 7605 7688
f 7684 7606 7605
f 7692 7691 7535
f 7692 7674 7691
f 7692 7534 7674
f 7692 7535 7534
f 7691 7536 7535
f 7693 7536 7691
f 7695 7694 7537
f 7695 7693 7694
f 7695 7536 7693
f 7695 7537 7536
f 7642 7537 7694
f 7642 7512 7537
f 7697 7696 7515
f 7697 7645 7696
f 7697 7514 7645
f 7697 7515 7514
f 7696 7516 7515
f 7698 7516 7696
f 7700 7699 7517
f 7700 7698 7699
f 7700 7516 7698
f 7700 7517 7516
f 7638 7517 7699
f 7638 7518 7517
f 7702 7701 7543
f 7702 7613 7701
f 7702 7542 7613
f 7702 7543 7542
f 7704 7703 7546
f 7704 7546 7545
f 7705 7545 7544
f 7705 7704 7545
f 7701 7544 7543
f 7701 7705 7544
f 7707 7706 7547
f 7707 7703 7706
f 7707 7546 7703
f 7707 7547 7546
f 7630 7547 7706
f 7630 7548 7547
f 7709 7708 7551
f 7709 7636 7708
f 7709 7550 7636
f 7709 7551 7550
f 7710 7552 7551
f 7710 7551 7708
f 7712 7711 7553
f 7712 7710 7711
f 7712 7552 7710
f 7712 7553 7552
f 7554 7553 7711
f 7622 7554 7711
f 7714 7713 7557
f 7714 7628 7713
f 7714 7556 7628
f 7714 7557 7556
f 7713 7558 7557
f 7715 7558 7713
f 7717 7716 7559
f 7717 7715 7716
f 7717 7558 7715
f 7717 7559 7558
f 7619 7559 7716
f 7619 7560 7559
f 7719 7718 7501
f 7719 7501 7500
f 7719 7511 7720
f 7719 7500 7511
f 7721 7720 7511
f 7721 7511 7510
f 7723 7722 7505
f 7723 7505 7504
f 7724 7506 7505
f 7724 7505 7722
f 7726 7724 7725
f 7726 7725 7507
f 7726 7507 7506
f 7726 7506 7724
f 7728 7600 7727
f 7728 7601 7600
f 7729 7602 7601
f 7729 7601 7728
f 7730 7603 7602
f 7730 7602 7729
f 7689 7604 7603
f 7689 7603 7730
f 7732 7597 7733
f 7732 7598 7597
f 7731 7599 7598
f 7731 7598 7732
f 7727 7600 7599
f 7727 7599 7731
f 7735 7596 7595
f 7734 7597 7596
f 7734 7596 7735
f 7733 7597 7734
f 7736 7593 7737
f 7736 7594 7593
f 7735 7595 7594
f 7735 7594 7736
f 7737 7592 7738
f 7737 7593 7592
f 7738 7591 7739
f 7738 7592 7591
f 7739 7590 7740
f 7739 7591 7590
f 7742 7589 7588
f 7741 7590 7589
f 7741 7589 7742
f 7740 7590 7741
f 7742 7587 7681
f 7742 7588 7587
f 7744 7579 7743
f 7744 7580 7579
f 7745 7581 7580
f 7745 7580 7744
f 7676 7582 7581
f 7676 7581 7745
f 7746 7577 7747
f 7746 7578 7577
f 7743 7579 7578
f 7743 7578 7746
f 7750 7572 7751
f 7750 7573 7572
f 7749 7574 7573
f 7749 7575 7574
f 7749 7573 7750
f 7748 7576 7575
f 7748 7575 7749
f 7747 7577 7576
f 7747 7576 7748
f 7752 7570 7753
f 7752 7571 7570
f 7751 7572 7571
f 7751 7571 7752
f 7754 7568 7755
f 7754 7569 7568
f 7753 7570 7569
f 7753 7569 7754
f 7755 7567 7756
f 7755 7568 7567
f 7757 7565 7758
f 7757 7566 7565
f 7756 7567 7566
f 7756 7566 7757
f 7686 7565 7564
f 7758 7565 7686
f 7615 7538 7493
f 7615 7493 7491
f 7530 7529 7654
f 7669 7530 7654
f 7508 7507 7725
f 7759 7508 7725
f 7509 7508 7759
f 7760 7509 7759
f 7510 7509 7760
f 7721 7510 7760
f 7761 7502 7501
f 7761 7501 7718
f 7762 7503 7502
f 7762 7502 7761
f 7723 7504 7503
f 7723 7503 7762
f 7818 7817 7816
f 7764 7766 7765
f 7763 7816 7766
f 7763 7766 7764
f 7815 7818 7816
f 7815 7816 7763
f 7893 7815 7763
f 7894 7815 7893
f 7892 7893 7763
f 7895 7815 7894
f 7891 7892 7763
f 7896 7815 7895
f 7890 7891 7763
f 7897 7815 7896
f 7994 7993 8010
f 14428 8019 14427
f 14428 8018 8019
f 14426 14427 8019
f 7995 8010 8011
f 7995 7994 8010
f 14429 8017 8018
f 14429 8018 14428
f 7996 8011 8012
f 7996 7995 8011
f 14409 8017 14429
f 7997 7996 8012
f 14410 8017 14409
f 14410 8016 8017
f 7998 8012 8013
f 7998 7997 8012
f 14411 8015 8016
f 14411 8016 14410
f 7999 8013 8014
f 7999 7998 8013
f 14412 8015 14411
f 8000 7999 8014
f 14413 8014 8015
f 14413 8015 14412
f 14413 8000 8014
f 8001 8000 14413
f 14414 8001 14413
f 7884 7885 7889
f 7884 7890 7763
f 7884 7889 7890
f 7883 7884 7763
f 7882 7883 7763
f 8020 14420 14421
f 8020 14421 14422
f 8021 14420 8020
f 8021 14419 14420
f 8022 14419 8021
f 8022 14418 14419
f 8023 14418 8022
f 8756 14417 14418
f 14112 8004 8003
f 8757 14417 8756
f 8757 14416 14417
f 14113 8005 8004
f 14113 8004 14112
f 8755 8756 14418
f 8755 14418 8023
f 14111 8003 8002
f 14111 14112 8003
f 8758 14416 8757
f 8758 14415 14416
f 14114 8006 8005
f 14114 8005 14113
f 8754 8023 8024
f 8754 8755 8023
f 14110 8002 8001
f 14110 14111 8002
f 14110 8001 14414
f 8738 14414 14415
f 8738 14415 8758
f 8738 14110 14414
f 14094 8007 8006
f 14094 8006 14114
f 8753 8024 8025
f 8753 8754 8024
f 14109 14110 8738
f 8739 14109 8738
f 14095 8008 8007
f 14095 8007 14094
f 8752 8025 8026
f 8752 8026 8027
f 8752 8753 8025
f 14108 14109 8739
f 8740 14108 8739
f 8751 8752 8027
f 14107 14108 8740
f 8741 14107 8740
f 14106 14107 8741
f 8742 14106 8741
f 14105 14106 8742
f 8743 14105 8742
f 14104 14105 8743
f 14998 7992 8009
f 14997 8009 8008
f 14997 14998 8009
f 14997 8008 14095
f 14999 7992 14998
f 14996 14095 14096
f 14996 14997 14095
f 15000 7992 14999
f 11584 8029 11583
f 11584 8028 8029
f 14995 14996 14096
f 14995 14096 14097
f 11585 8027 8028
f 11585 8028 11584
f 11585 8751 8027
f 14994 14995 14097
f 14994 14097 14098
f 11586 8751 11585
f 11586 8750 8751
f 14993 14098 14099
f 14993 14994 14098
f 11587 8749 8750
f 11587 8750 11586
f 14992 14993 14099
f 7975 15000 15001
f 7975 15001 15002
f 124 11589 11590
f 208 15010 14990
f 9071 14102 14103
f 14133 8746 8747
f 14448 11577 11578
f 7976 15002 15003
f 7976 7975 15002
f 125 11588 11589
f 125 11589 124
f 209 15010 208
f 209 15009 15010
f 9072 14101 14102
f 9072 14102 9071
f 14134 8745 8746
f 14134 8746 14133
f 14449 11576 11577
f 14449 11577 14448
f 123 11590 11591
f 123 124 11590
f 207 208 14990
f 207 14990 14991
f 14132 14133 8747
f 14132 8747 8748
f 9070 9071 14103
f 9070 14103 14104
f 14447 11578 11579
f 14447 14448 11578
f 7977 15003 15004
f 7977 7976 15003
f 126 11588 125
f 126 8749 11587
f 126 11587 11588
f 210 15009 209
f 210 15008 15009
f 9073 14101 9072
f 9073 14100 14101
f 14135 8744 8745
f 14135 8745 14134
f 14450 11576 14449
f 14450 11575 11576
f 122 123 11591
f 122 11591 11592
f 122 11592 11593
f 206 14991 14992
f 206 14992 14099
f 206 207 14991
f 9069 14104 8743
f 9069 9070 14104
f 14131 14132 8748
f 14131 8748 8749
f 7978 15004 15005
f 7978 7977 15004
f 85 14131 8749
f 85 8749 126
f 169 15007 15008
f 169 15008 210
f 9053 14100 9073
f 9053 14099 14100
f 9053 206 14099
f 14115 8743 8744
f 14115 8744 14135
f 14115 9069 8743
f 14430 11575 14450
f 14430 11574 11575
f 121 122 11593
f 121 11593 11594
f 205 206 9053
f 9068 9069 14115
f 14130 14131 85
f 7979 7978 15005
f 7979 15005 15006
f 107 14130 85
f 191 15006 15007
f 191 15007 169
f 191 7979 15006
f 14116 9068 14115
f 9054 205 9053
f 14431 11574 14430
f 14431 11594 11574
f 120 121 11594
f 204 205 9054
f 9067 9068 14116
f 14129 14130 107
f 7980 7979 191
f 108 14129 107
f 192 7980 191
f 14117 9067 14116
f 9055 204 9054
f 14432 11594 14431
f 14432 120 11594
f 9066 9067 14117
f 14128 14129 108
f 119 120 14432
f 203 204 9055
f 7981 7980 192
f 9056 203 9055
f 14118 9066 14117
f 14433 119 14432
f 109 14128 108
f 193 7981 192
f 9065 9066 14118
f 14127 14128 109
f 118 119 14433
f 202 203 9056
f 7982 7981 193
f 9057 202 9056
f 14119 9065 14118
f 14434 118 14433
f 110 14127 109
f 194 7982 193
f 9064 9065 14119
f 14126 14127 110
f 117 118 14434
f 201 202 9057
f 7983 7982 194
f 14120 9064 14119
f 9058 201 9057
f 14435 117 14434
f 111 14126 110
f 195 7983 194
f 7984 7983 195
f 9063 9064 14120
f 14125 14126 111
f 200 201 9058
f 250 14443 14444
f 9302 198 199
f 8735 14438 14439
f 9050 14123 14124
f 13650 7986 7985
f 14154 114 115
f 251 14443 250
f 251 14442 14443
f 9303 198 9302
f 9303 197 198
f 8736 14438 8735
f 8736 14437 14438
f 9051 14123 9050
f 9051 14122 14123
f 13651 7986 13650
f 13651 7987 7986
f 14155 113 114
f 14155 114 14154
f 249 250 14444
f 249 14444 14445
f 9301 9302 199
f 9301 199 200
f 8734 8735 14439
f 8734 14439 14440
f 9049 9050 14124
f 9049 14124 14125
f 13649 13650 7985
f 13649 7985 7984
f 14153 115 116
f 14153 14154 115
f 252 14442 251
f 252 14441 14442
f 9304 197 9303
f 9304 196 197
f 8737 14437 8736
f 8737 14436 14437
f 9052 14121 14122
f 9052 14122 9051
f 13652 7987 13651
f 13652 7988 7987
f 14156 112 113
f 14156 113 14155
f 9300 200 9058
f 9300 9301 200
f 8733 14440 14441
f 8733 8734 14440
f 9048 14125 111
f 9048 9049 14125
f 13648 13649 7984
f 13648 7984 195
f 14152 116 117
f 14152 14153 116
f 14152 117 14435
f 211 8733 14441
f 211 14441 252
f 9284 13648 195
f 9284 195 196
f 9284 196 9304
f 8717 14436 8737
f 8717 14435 14436
f 8717 14152 14435
f 9032 14120 14121
f 9032 9063 14120
f 9032 14121 9052
f 13632 7988 13652
f 13632 7989 7988
f 14136 111 112
f 14136 112 14156
f 14136 9048 111
f 9299 9058 9059
f 9299 9059 9060
f 9299 9300 9058
f 8732 8733 211
f 9047 9048 14136
f 13647 13648 9284
f 14151 14152 8717
f 166 7991 7990
f 233 8732 211
f 9285 13647 9284
f 9033 9062 9063
f 9033 9063 9032
f 8718 14151 8717
f 14137 9047 14136
f 167 7991 166
f 167 7974 7991
f 165 166 7990
f 165 7990 7989
f 168 7974 167
f 9298 9299 9060
f 8731 8732 233
f 9046 9047 14137
f 13646 13647 9285
f 14150 14151 8718
f 164 7989 13632
f 164 165 7989
f 164 13632 13633
f 234 8731 233
f 9286 13646 9285
f 8719 14150 8718
f 14138 9046 14137
f 163 164 13633
f 163 13633 13634
f 9045 9046 14138
f 8730 8731 234
f 13645 13646 9286
f 14149 14150 8719
f 9287 13645 9286
f 8720 14149 8719
f 14139 9045 14138
f 235 8730 234
f 162 13634 13635
f 162 163 13634
f 8729 8730 235
f 9044 9045 14139
f 13644 13645 9287
f 14148 14149 8720
f 9288 13644 9287
f 8721 14148 8720
f 14140 9044 14139
f 236 8729 235
f 161 162 13635
f 161 13635 13636
f 8728 8729 236
f 9043 9044 14140
f 14147 14148 8721
f 13643 13644 9288
f 9289 13643 9288
f 8722 14147 8721
f 14141 9043 14140
f 237 8728 236
f 8727 8728 237
f 9042 9043 14141
f 160 161 13636
f 160 13636 13637
f 7973 150 151
f 8030 244 245
f 159 160 13637
f 159 13637 13638
f 7972 151 152
f 7972 7973 151
f 8031 244 8030
f 8031 243 244
f 7971 152 153
f 7971 7972 152
f 8032 243 8031
f 8032 242 243
f 11523 9033 9034
f 11524 9062 9033
f 11524 9033 11523
f 11534 9061 9062
f 11535 9060 9061
f 11535 9061 11534
f 11536 9298 9060
f 11536 9060 11535
f 11525 9062 11524
f 11522 11523 9034
f 11522 9034 9035
f 11533 11534 9062
f 11533 9062 11525
f 11537 9297 9298
f 11537 9298 11536
f 11526 11533 11525
f 11526 11532 11533
f 11521 11522 9035
f 11521 9035 9036
f 11520 11521 9036
f 11538 9297 11537
f 11538 9296 9297
f 7970 7971 153
f 11519 9036 9037
f 11519 11520 9036
f 11539 9296 11538
f 11539 9295 9296
f 8033 242 8032
f 8033 241 242
f 11518 11519 9037
f 11518 9037 9038
f 11540 9295 11539
f 11540 9294 9295
f 7969 153 154
f 7969 7970 153
f 11529 11532 11526
f 11517 11518 9038
f 11541 9294 11540
f 11530 11532 11529
f 11528 11529 11526
f 8034 241 8033
f 11531 11532 11530
f 11527 11528 11526
f 11544 11542 11543
f 11514 11515 11516
f 11513 11514 11516
f 11545 11542 11544
f 7917 7906 7907
f 7918 7905 7906
f 7918 7906 7917
f 7859 7871 7872
f 7860 7871 7859
f 7860 7870 7871
f 7916 7917 7907
f 7919 7904 7905
f 7919 7815 7904
f 7919 7905 7918
f 7858 7859 7872
f 7858 7882 7763
f 7858 7873 7882
f 7858 7872 7873
f 7861 7870 7860
f 7920 7815 7919
f 7857 7858 7763
f 7912 7907 7908
f 7912 7915 7916
f 7912 7916 7907
f 7865 7870 7861
f 7865 7861 7862
f 7865 7869 7870
f 7913 7915 7912
f 7911 7908 7909
f 7911 7912 7908
f 7864 7865 7862
f 7866 7869 7865
f 7866 7868 7869
f 7910 7911 7909
f 7914 7915 7913
f 7867 7868 7866
f 7863 7864 7862
f 11548 11545 11546
f 11548 11546 11547
f 11548 11542 11545
f 11510 11513 11516
f 11510 11511 11512
f 11510 11512 11513
f 11549 11541 11542
f 11549 11542 11548
f 11573 11510 11516
f 11573 11516 11517
f 11558 11559 11560
f 11558 11560 11561
f 11564 11561 11562
f 11564 11562 11563
f 11564 11558 11561
f 11565 11557 11558
f 11565 11558 11564
f 7961 7962 7963
f 7961 7963 7964
f 7961 7964 7965
f 7927 7925 7926
f 8041 8038 8039
f 8041 8039 8040
f 7850 7851 7852
f 9386 13640 13641
f 13671 9292 9293
f 8714 240 241
f 9029 14144 14145
f 13356 155 156
f 14175 8725 8726
f 13902 9040 9041
f 9387 13640 9386
f 9387 13639 13640
f 13672 9292 13671
f 13672 9291 9292
f 8715 240 8714
f 8715 239 240
f 9030 14144 9029
f 9030 14143 14144
f 13357 155 13356
f 13357 7969 154
f 13357 154 155
f 13357 7968 7969
f 13903 9039 9040
f 13903 9040 13902
f 14176 8725 14175
f 14176 8724 8725
f 7960 7961 7965
f 7928 7925 7927
f 8042 8038 8041
f 8042 8037 8038
f 7849 7850 7852
f 13670 13671 9293
f 13670 9293 9294
f 9385 9386 13641
f 9385 13641 13642
f 8713 8714 241
f 8713 241 8034
f 9028 9029 14145
f 9028 14145 14146
f 13355 156 157
f 13355 13356 156
f 13901 13902 9041
f 13901 9041 9042
f 14174 8726 8727
f 14174 14175 8726
f 9388 13639 9387
f 9388 13638 13639
f 13673 9291 13672
f 13673 9290 9291
f 9031 14143 9030
f 9031 14142 14143
f 8716 239 8715
f 8716 238 239
f 13358 7968 13357
f 13358 7967 7968
f 13904 11573 11517
f 13904 11517 9038
f 13904 9038 9039
f 13904 9039 13903
f 14177 8723 8724
f 14177 8724 14176
f 9384 13643 9289
f 9384 9385 13642
f 9384 13642 13643
f 13669 11549 11550
f 13669 9294 11541
f 13669 13670 9294
f 13669 11541 11549
f 9027 14147 8722
f 9027 14146 14147
f 9027 9028 14146
f 8712 8713 8034
f 8712 8034 8035
f 8712 8035 8036
f 13354 157 158
f 13354 13355 157
f 14173 14174 8727
f 14173 8727 237
f 13900 9042 14141
f 13900 13901 9042
f 13653 9384 9289
f 13653 9289 9290
f 13653 9290 13673
f 9368 158 159
f 9368 159 13638
f 9368 13638 9388
f 8696 14173 237
f 8696 237 238
f 8696 238 8716
f 9011 14141 14142
f 9011 13900 14141
f 9011 14142 9031
f 13338 7966 7967
f 13338 7967 13358
f 13884 11571 11572
f 13884 11572 11573
f 13884 11573 13904
f 14157 9027 8722
f 14157 8722 8723
f 14157 8723 14177
f 13668 11550 11551
f 13668 13669 11550
f 9383 9384 13653
f 8711 8036 8037
f 8711 8712 8036
f 9026 9027 14157
f 13353 13354 158
f 13353 158 9368
f 13899 13900 9011
f 14172 14173 8696
f 9369 13353 9368
f 13654 9383 13653
f 8697 14172 8696
f 9012 13899 9011
f 13339 7960 7965
f 13339 7966 13338
f 13339 7965 7966
f 13885 11570 11571
f 13885 11571 13884
f 14158 9026 14157
f 9382 9383 13654
f 13667 11551 11552
f 13667 13668 11551
f 8710 8711 8037
f 9025 9026 14158
f 13352 13353 9369
f 13898 13899 9012
f 14171 14172 8697
f 9370 13352 9369
f 13655 9382 13654
f 8698 14171 8697
f 9013 13898 9012
f 13886 11568 11569
f 13886 11569 11570
f 13886 11570 13885
f 14159 9025 14158
f 7957 7958 7959
f 7957 7959 7960
f 7931 7928 7929
f 7931 7929 7930
f 7931 7925 7928
f 7820 8042 8043
f 7820 8043 7819
f 7846 7849 7852
f 7846 7847 7848
f 7846 7848 7849
f 7956 7960 13339
f 7956 13339 13340
f 7956 7957 7960
f 7932 7924 7925
f 7932 7925 7931
f 7821 8042 7820
f 7821 8710 8037
f 7821 8037 8042
f 7845 7846 7852
f 7845 7852 7853
f 7845 7853 7854
f 13666 11552 11553
f 13666 13667 11552
f 9381 9382 13655
f 9024 9025 14159
f 13351 13352 9370
f 13897 13898 9013
f 14170 14171 8698
f 7955 7956 13340
f 7844 7845 7854
f 7822 8709 8710
f 7822 8710 7821
f 13656 9381 13655
f 9371 13351 9370
f 9014 13897 9013
f 8699 14170 8698
f 13341 7955 13340
f 13887 11567 11568
f 13887 11568 13886
f 14160 9024 14159
f 7954 7955 13341
f 7823 8709 7822
f 7947 7944 7945
f 7947 7945 7946
f 7941 7942 7943
f 7836 7833 7834
f 7836 7834 7835
f 7830 7833 7836
f 7830 7831 7832
f 7830 7832 7833
f 9380 9381 13656
f 13665 11553 11554
f 13665 13666 11553
f 8708 7823 7824
f 8708 8709 7823
f 9023 9024 14160
f 13350 13351 9371
f 13896 13897 9014
f 14169 14170 8699
f 7837 7830 7836
f 7829 7830 7837
f 9372 13350 9371
f 13657 9380 13656
f 9015 13896 9014
f 8700 14169 8699
f 13342 7952 7953
f 13342 7953 7954
f 13342 7954 13341
f 13888 11566 11567
f 13888 11567 13887
f 14161 9023 14160
f 9379 9380 13657
f 8707 7824 7825
f 8707 8708 7824
f 9022 9023 14161
f 13895 13896 9015
f 13349 13350 9372
f 14168 14169 8700
f 9373 13349 9372
f 13658 9379 13657
f 8701 14168 8700
f 9016 13895 9015
f 13343 7952 13342
f 14162 9022 14161
f 13348 13349 9373
f 14679 7933 7934
f 14679 7934 7935
f 14679 7935 7936
f 14680 7923 7924
f 14680 7932 7933
f 14680 7933 14679
f 14680 7924 7932
f 14678 7936 7937
f 14678 7937 7938
f 14678 7938 7939
f 14678 14679 7936
f 14681 7922 7923
f 14681 7923 14680
f 14677 14678 7939
f 14677 7939 7940
f 14677 7940 7941
f 14677 7943 7944
f 14677 7941 7943
f 14661 7921 7922
f 14661 7922 14681
f 14676 7944 7947
f 14676 7947 7948
f 14676 7948 7949
f 14676 14677 7944
f 14662 7921 14661
f 14675 7949 7950
f 14675 7950 7951
f 14675 14676 7949
f 14674 14675 7951
f 9911 14664 14665
f 9638 13346 13347
f 13377 9376 9377
f 9281 13892 13893
f 9365 13661 13662
f 8693 7827 7828
f 8693 7828 7829
f 9008 14165 14166
f 13104 14673 14674
f 14196 8704 8705
f 13692 11557 11565
f 13692 11556 11557
f 13692 11565 11566
f 13923 9019 9020
f 14469 7842 7843
f 14469 7843 7844
f 9912 14664 9911
f 13378 9375 9376
f 13378 9376 13377
f 9639 13346 9638
f 9639 13345 13346
f 9282 13891 13892
f 9282 13892 9281
f 9366 13661 9365
f 9366 13660 13661
f 8694 7826 7827
f 8694 7827 8693
f 9009 14164 14165
f 9009 14165 9008
f 13105 14673 13104
f 13924 9018 9019
f 13924 9019 13923
f 14197 8704 14196
f 14197 8703 8704
f 13693 11554 11555
f 13693 11555 11556
f 13693 11556 13692
f 14470 7842 14469
f 14470 7841 7842
f 9910 14665 14666
f 9910 9911 14665
f 9637 9638 13347
f 9637 13347 13348
f 9280 13893 13894
f 9280 9281 13893
f 13376 9377 9378
f 13376 13377 9377
f 8692 7829 7837
f 8692 7837 7838
f 8692 8693 7829
f 9364 13662 13663
f 9364 9365 13662
f 9007 14166 14167
f 9007 9008 14166
f 13103 13104 14674
f 13103 14674 7951
f 13691 13888 13889
f 13691 11566 13888
f 13691 13692 11566
f 13922 9020 9021
f 13922 13923 9020
f 14468 14469 7844
f 14468 7844 7854
f 14195 8705 8706
f 14195 14196 8705
f 9913 14664 9912
f 9913 14663 14664
f 9640 13345 9639
f 9640 13344 13345
f 9367 13659 13660
f 9367 13660 9366
f 13379 9375 13378
f 13379 9374 9375
f 9283 13891 9282
f 9283 13890 13891
f 8695 8707 7825
f 8695 7825 7826
f 8695 7826 8694
f 9010 14163 14164
f 9010 14164 9009
f 13106 14672 14673
f 13106 14673 13105
f 13925 9017 9018
f 13925 9018 13924
f 13694 13664 13665
f 13694 11554 13693
f 13694 13665 11554
f 14198 8703 14197
f 14198 8702 8703
f 14471 7841 14470
f 14471 7840 7841
f 9909 9910 14666
f 9636 9637 13348
f 9636 13348 9373
f 9279 13894 13895
f 9279 13895 9016
f 9279 9280 13894
f 13375 13376 9378
f 13375 9379 13658
f 13375 9378 9379
f 9363 13663 13664
f 9363 9364 13663
f 9006 9007 14167
f 9006 14167 14168
f 9006 14168 8701
f 8691 7838 7839
f 8691 8692 7838
f 13102 7952 13343
f 13102 7951 7952
f 13102 13103 7951
f 13690 13691 13889
f 13921 9021 9022
f 13921 13922 9021
f 13921 9022 14162
f 14194 8706 8707
f 14194 14195 8706
f 14467 14468 7854
f 14467 7854 7855
f 9893 14663 9913
f 9893 14662 14663
f 9620 13102 13343
f 9620 13344 9640
f 9620 13343 13344
f 9263 13889 13890
f 9263 13690 13889
f 9263 13890 9283
f 9347 13658 13659
f 9347 13659 9367
f 9347 13375 13658
f 13359 9374 13379
f 13359 9373 9374
f 13359 9636 9373
f 8675 14194 8707
f 8675 8707 8695
f 8990 14162 14163
f 8990 13921 14162
f 8990 14163 9010
f 13086 14671 14672
f 13086 14672 13106
f 13674 9363 13664
f 13674 13664 13694
f 13905 9016 9017
f 13905 9279 9016
f 13905 9017 13925
f 14178 9006 8701
f 14178 8702 14198
f 14178 8701 8702
f 14451 7839 7840
f 14451 8691 7839
f 14451 7840 14471
f 9908 14666 14667
f 9908 9909 14666
f 9635 9636 13359
f 9278 9279 13905
f 13374 13375 9347
f 9362 9363 13674
f 8690 8691 14451
f 9005 9006 14178
f 13101 13102 9620
f 13689 13690 9263
f 14193 14194 8675
f 13920 13921 8990
f 14466 14467 7855
f 14466 7855 7856
f 9894 14662 9893
f 9621 13101 9620
f 13360 9635 13359
f 9348 13374 9347
f 9264 13689 9263
f 8991 13920 8990
f 8676 14193 8675
f 13087 14671 13086
f 13675 9362 13674
f 13906 9278 13905
f 14179 9005 14178
f 14452 8690 14451
f 9907 9908 14667
f 9634 9635 13360
f 9277 9278 13906
f 13373 13374 9348
f 9361 9362 13675
f 8689 8690 14452
f 9004 9005 14179
f 13100 13101 9621
f 13688 13689 9264
f 13919 13920 8991
f 14192 14193 8676
f 9622 13100 9621
f 13361 9634 13360
f 8992 13919 8991
f 9349 13373 9348
f 9265 13688 9264
f 8677 14192 8676
f 13088 14670 14671
f 13088 14671 13087
f 13676 9361 13675
f 13907 9277 13906
f 14180 9004 14179
f 14453 8689 14452
f 9906 14667 14668
f 9906 9907 14667
f 9633 9634 13361
f 9360 9361 13676
f 9276 9277 13907
f 13372 13373 9349
f 9003 9004 14180
f 8688 8689 14453
f 13099 13100 9622
f 13687 13688 9265
f 13918 13919 8992
f 14191 14192 8677
f 9623 13099 9622
f 9350 13372 9349
f 13362 9633 13361
f 9266 13687 9265
f 8678 14191 8677
f 8993 13918 8992
f 13089 14670 13088
f 13677 9360 13676
f 13908 9276 13907
f 14181 9003 14180
f 14454 8688 14453
f 9905 14668 14669
f 9905 9906 14668
f 13371 13372 9350
f 9359 9360 13677
f 9632 9633 13362
f 9002 9003 14181
f 9275 9276 13908
f 8687 8688 14454
f 13098 13099 9623
f 13917 13918 8993
f 13686 13687 9266
f 14190 14191 8678
f 9624 13098 9623
f 13363 9632 13362
f 9351 13371 9350
f 9267 13686 9266
f 8994 13917 8993
f 8679 14190 8678
f 13090 14669 14670
f 13090 14670 13089
f 13678 9359 13677
f 13909 9275 13908
f 14182 9002 14181
f 14455 8687 14454
f 9904 9905 14669
f 9631 9632 13363
f 9274 9275 13909
f 13370 13371 9351
f 9358 9359 13678
f 8686 8687 14455
f 9001 9002 14182
f 13097 13098 9624
f 13916 13917 8994
f 13685 13686 9267
f 14189 14190 8679
f 9625 13097 9624
f 13364 9631 13363
f 8995 13916 8994
f 9268 13685 9267
f 8680 14189 8679
f 9352 13370 9351
f 13091 9904 14669
f 13091 14669 13090
f 14183 9001 14182
f 13679 9358 13678
f 13910 9274 13909
f 14456 8686 14455
f 9630 9631 13364
f 9357 9358 13679
f 8685 8686 14456
f 13684 13685 9268
f 13096 13097 9625
f 13915 13916 8995
f 14188 14189 8680
f 40 9271 9272
f 10226 9895 9896
f 9890 13094 13095
f 13125 9628 9629
f 8987 14186 14187
f 8672 14459 14460
f 9344 13682 13683
f 9617 13367 13368
f 9260 13913 13914
f 14490 14464 14465
f 12873 9901 9902
f 13944 8998 8999
f 13398 9355 9356
f 14217 8683 8684
f 41 9270 9271
f 41 9271 40
f 10227 9895 10226
f 9891 13093 13094
f 9891 13094 9890
f 13126 9627 9628
f 13126 9628 13125
f 9345 13681 13682
f 9345 13682 9344
f 9618 13366 13367
f 9618 13367 9617
f 9261 13913 9260
f 9261 13912 13913
f 8673 14459 8672
f 8673 14458 14459
f 8988 14185 14186
f 8988 14186 8987
f 14491 14463 14464
f 14491 14464 14490
f 12874 9901 12873
f 12874 9900 9901
f 13399 9355 13398
f 13399 9354 9355
f 13945 8998 13944
f 13945 8997 8998
f 14218 8683 14217
f 14218 8682 8683
f 39 40 9272
f 39 9272 9273
f 10225 10226 9896
f 10225 9896 9897
f 9889 9890 13095
f 9889 13095 13096
f 13124 9629 9630
f 13124 13125 9629
f 9259 9260 13914
f 9259 13914 13915
f 9343 13683 13684
f 9343 9344 13683
f 8986 14187 14188
f 8986 8987 14187
f 8671 8672 14460
f 8671 14460 14461
f 9616 13368 13369
f 9616 9617 13368
f 14489 14465 14466
f 14489 14490 14465
f 12872 12873 9902
f 12872 9902 9903
f 13397 9356 9357
f 13397 13398 9356
f 13943 13944 8999
f 13943 8999 9000
f 14216 14217 8684
f 14216 8684 8685
f 42 9270 41
f 42 9269 9270
f 9892 13093 9891
f 9892 13092 13093
f 10228 9895 10227
f 10228 14662 9894
f 10228 9894 9895
f 9619 13365 13366
f 9619 13366 9618
f 9346 13681 9345
f 9346 13680 13681
f 13127 9626 9627
f 13127 9627 13126
f 9262 13912 9261
f 9262 13911 13912
f 8674 14458 8673
f 8674 14457 14458
f 8989 14185 8988
f 8989 14184 14185
f 14492 14462 14463
f 14492 14463 14491
f 12875 9900 12874
f 12875 9899 9900
f 13946 8997 13945
f 13946 8996 8997
f 14219 8682 14218
f 14219 8681 8682
f 13400 9353 9354
f 13400 9354 13399
f 38 9273 9274
f 38 9274 13910
f 38 39 9273
f 10224 10225 9897
f 10224 9897 9898
f 9888 9889 13096
f 9888 13096 9625
f 13123 13124 9630
f 13123 9630 13364
f 9258 9259 13915
f 9258 13915 8995
f 9342 13684 9268
f 9342 9343 13684
f 9615 13369 13370
f 9615 13370 9352
f 9615 9616 13369
f 8985 14188 8680
f 8985 8986 14188
f 8670 8671 14461
f 8670 14461 14462
f 14488 14489 14466
f 12871 9904 13091
f 12871 12872 9903
f 12871 9903 9904
f 13396 13397 9357
f 13396 9357 13679
f 13942 9001 14183
f 13942 13943 9000
f 13942 9000 9001
f 14215 8685 14456
f 14215 14216 8685
f 1 9342 9268
f 1 9268 9269
f 1 9269 42
f 10208 7921 14662
f 10208 14662 10228
f 9872 13091 13092
f 9872 13092 9892
f 9872 12871 13091
f 9599 13364 13365
f 9599 13365 9619
f 9599 13123 13364
f 13107 9625 9626
f 13107 9888 9625
f 13107 9626 13127
f 8654 14457 8674
f 8654 14215 14456
f 8654 14456 14457
f 8969 13942 14183
f 8969 14183 14184
f 8969 14184 8989
f 9326 13680 9346
f 9326 13679 13680
f 9326 13396 13679
f 9242 13911 9262
f 9242 13910 13911
f 9242 38 13910
f 14472 8670 14462
f 14472 14462 14492
f 12855 9899 12875
f 12855 10224 9898
f 12855 9898 9899
f 13926 8996 13946
f 13926 8995 8996
f 13926 9258 8995
f 13380 9352 9353
f 13380 9615 9352
f 13380 9353 13400
f 14199 8681 14219
f 14199 8985 8680
f 14199 8680 8681
f 37 38 9242
f 10223 10224 12855
f 9887 9888 13107
f 13122 13123 9599
f 9257 9258 13926
f 8669 8670 14472
f 8984 8985 14199
f 9614 9615 13380
f 9341 9342 1
f 12870 12871 9872
f 13395 13396 9326
f 13941 13942 8969
f 14214 14215 8654
f 23 9341 1
f 9873 12870 9872
f 13108 9887 13107
f 9600 13122 9599
f 9327 13395 9326
f 9243 37 9242
f 8970 13941 8969
f 8655 14214 8654
f 14473 8669 14472
f 12856 10223 12855
f 13381 9614 13380
f 13927 9257 13926
f 14200 8984 14199
f 36 37 9243
f 10222 10223 12856
f 9886 9887 13108
f 9340 9341 23
f 9613 9614 13381
f 13121 13122 9600
f 9256 9257 13927
f 8668 8669 14473
f 8983 8984 14200
f 12869 12870 9873
f 13940 13941 8970
f 13394 13395 9327
f 14213 14214 8655
f 24 9340 23
f 9874 12869 9873
f 9244 36 9243
f 13109 9886 13108
f 9328 13394 9327
f 9601 13121 9600
f 8971 13940 8970
f 8656 14213 8655
f 14474 8668 14473
f 12857 10222 12856
f 13382 9613 13381
f 13928 9256 13927
f 14201 8983 14200
f 10221 10222 12857
f 9885 9886 13109
f 13120 13121 9601
f 9612 9613 13382
f 9255 9256 13928
f 9339 9340 24
f 8667 8668 14474
f 8982 8983 14201
f 12868 12869 9874
f 13939 13940 8971
f 13393 13394 9328
f 14212 14213 8656
f 35 36 9244
f 9875 12868 9874
f 13110 9885 13109
f 9602 13120 9601
f 9329 13393 9328
f 9245 35 9244
f 8972 13939 8971
f 8657 14212 8656
f 14475 8667 14474
f 12858 10221 12857
f 13383 9612 13382
f 13929 9255 13928
f 14202 8982 14201
f 25 9339 24
f 9884 9885 13110
f 10220 10221 12858
f 13119 13120 9602
f 9611 9612 13383
f 9338 9339 25
f 8666 8667 14475
f 8981 8982 14202
f 12867 12868 9875
f 13392 13393 9329
f 14211 14212 8657
f 13938 13939 8972
f 34 35 9245
f 9876 12867 9875
f 9330 13392 9329
f 9246 34 9245
f 13111 9884 13110
f 9603 13119 9602
f 8658 14211 8657
f 8973 13938 8972
f 14476 8666 14475
f 12859 10220 12858
f 13384 9611 13383
f 14203 8981 14202
f 26 9338 25
f 9883 9884 13111
f 10219 10220 12859
f 9610 9611 13384
f 13118 13119 9603
f 8980 8981 14203
f 8665 8666 14476
f 13391 13392 9330
f 12866 12867 9876
f 13937 13938 8973
f 14210 14211 8658
f 33 34 9246
f 9877 12866 9876
f 9604 13118 9603
f 13112 9883 13111
f 9331 13391 9330
f 9247 33 9246
f 8974 13937 8973
f 8659 14210 8658
f 14477 8665 14476
f 12860 10219 12859
f 13385 9610 13384
f 14204 8980 14203
f 9882 9883 13112
f 9609 9610 13385
f 8664 8665 14477
f 8979 8980 14204
f 13390 13391 9331
f 14209 14210 8659
f 32 33 9247
f 14914 13930 13931
f 14915 14914 13931
f 14913 13930 14914
f 14916 14915 13931
f 14916 13931 13932
f 14912 13930 14913
f 14912 13929 13930
f 14910 14916 13932
f 14910 13932 13933
f 14911 13929 14912
f 14911 9253 9254
f 14911 9254 9255
f 14911 9255 13929
f 11634 14486 14487
f 11635 14485 14486
f 11635 14486 11634
f 14810 14812 14811
f 14810 14813 14812
f 14810 14814 14813
f 14810 14815 14814
f 14810 14816 14815
f 11633 14487 14488
f 11633 14488 14466
f 11633 14466 7856
f 11633 11634 14487
f 11636 14485 11635
f 11636 14484 14485
f 8052 27 28
f 8053 27 8052
f 8053 26 27
f 8051 8052 28
f 8051 28 29
f 8054 9338 26
f 8054 26 8053
f 8050 8051 29
f 8050 29 30
f 11632 11633 7856
f 11616 14484 11636
f 11616 14482 14483
f 11616 14483 14484
f 8055 9337 9338
f 8055 9338 8054
f 8049 8050 30
f 8049 30 31
f 8056 9336 9337
f 8056 9337 8055
f 8048 8049 31
f 8048 31 32
f 11617 14481 14482
f 11617 14482 11616
f 8057 9336 8056
f 8047 8048 32
f 11618 14480 14481
f 11618 14481 11617
f 10205 12863 12864
f 9869 13115 13116
f 12894 9880 9881
f 8966 14207 14208
f 9596 13388 13389
f 8651 14480 11618
f 14238 8662 8663
f 12579 10216 10217
f 13419 9334 9335
f 13146 9607 9608
f 7725 11630 11631
f 7725 11631 11632
f 7724 11630 7725
f 7724 11628 11629
f 7724 11629 11630
f 10206 12862 12863
f 10206 12863 10205
f 10563 10211 10562
f 10563 10210 10211
f 9870 13115 9869
f 9870 13114 13115
f 9240 14811 9239
f 12895 9880 12894
f 12895 9879 9880
f 9597 13388 9596
f 9597 13387 13388
f 8967 14206 14207
f 8967 14207 8966
f 8652 14480 8651
f 8652 14479 14480
f 14239 8661 8662
f 14239 8662 14238
f 12580 10216 12579
f 12580 10215 10216
f 13147 9607 13146
f 13147 9606 9607
f 13420 9333 9334
f 13420 9334 13419
f 14920 9250 14921
f 14920 9249 9250
f 14922 14921 9250
f 14922 9250 9251
f 9868 9869 13116
f 9868 13116 13117
f 10204 12864 12865
f 10204 10205 12864
f 10561 10562 10211
f 10561 10211 10212
f 10561 10212 10213
f 9238 9239 14811
f 12893 9881 9882
f 12893 12894 9881
f 9595 9596 13389
f 9595 13389 13390
f 8965 8966 14208
f 8965 14208 14209
f 8650 8651 11618
f 8650 11618 11619
f 14237 8663 8664
f 14237 14238 8663
f 12578 12579 10217
f 12578 10217 10218
f 13145 13146 9608
f 13145 9608 9609
f 13418 9336 8057
f 13418 9335 9336
f 13418 13419 9335
f 9871 13114 9870
f 9871 13113 13114
f 10564 10210 10563
f 10564 10209 10210
f 10207 12861 12862
f 10207 12862 10206
f 9241 14811 9240
f 9241 14810 14811
f 12896 9879 12895
f 12896 9878 9879
f 9598 13387 9597
f 9598 13386 13387
f 8968 14205 14206
f 8968 14206 8967
f 8653 14478 14479
f 8653 14479 8652
f 14240 8660 8661
f 14240 8661 14239
f 12581 10215 12580
f 12581 10214 10215
f 13148 9606 13147
f 13148 9605 9606
f 13421 9332 9333
f 13421 9333 13420
f 14919 9248 9249
f 14919 9249 14920
f 14917 9251 9252
f 14917 14922 9251
f 10203 12866 9877
f 10203 12865 12866
f 10203 10204 12865
f 10560 10561 10213
f 9867 9868 13117
f 9867 13117 13118
f 9867 13118 9604
f 12892 12893 9882
f 12892 9882 13112
f 9594 9595 13390
f 9594 13390 9331
f 8964 8965 14209
f 8964 14209 8659
f 8649 8650 11619
f 14236 14237 8664
f 14236 8664 14477
f 12577 10219 12860
f 12577 12578 10218
f 12577 10218 10219
f 13417 8057 8058
f 13417 13418 8057
f 13144 9609 13385
f 13144 13145 9609
f 10544 7921 10208
f 10544 10209 10564
f 10544 10208 10209
f 10187 12860 12861
f 10187 12861 10207
f 10187 12577 12860
f 9851 12892 13112
f 9851 13112 13113
f 9851 13113 9871
f 12876 9877 9878
f 12876 9878 12896
f 12876 10203 9877
f 9578 13144 13385
f 9578 13385 13386
f 9578 13386 9598
f 9221 14810 9241
f 8948 14205 8968
f 8948 8979 14204
f 8948 14204 14205
f 8633 14477 14478
f 8633 14236 14477
f 8633 14478 8653
f 14220 8964 8659
f 14220 8659 8660
f 14220 8660 14240
f 12561 10560 10213
f 12561 10214 12581
f 12561 10213 10214
f 13401 9332 13421
f 13401 9331 9332
f 13401 9594 9331
f 14918 8047 32
f 14918 9247 9248
f 14918 8046 8047
f 14918 9248 14919
f 14918 32 9247
f 13128 9867 9604
f 13128 9605 13148
f 13128 9604 9605
f 10202 10203 12876
f 10559 10560 12561
f 9866 9867 13128
f 12891 12892 9851
f 9593 9594 13401
f 8963 8964 14220
f 8648 8649 11619
f 8648 11619 11620
f 14235 14236 8633
f 12576 12577 10187
f 13143 13144 9578
f 13416 8058 8059
f 13416 13417 8058
f 14927 8046 14918
f 10188 12576 10187
f 9852 12891 9851
f 9222 14810 9221
f 12877 10202 12876
f 9579 13143 9578
f 8949 8978 8979
f 8949 8979 8948
f 8634 14235 8633
f 14221 8963 14220
f 12562 10559 12561
f 13129 9866 13128
f 13402 9593 13401
f 14801 14810 9222
f 9865 9866 13129
f 10201 10202 12877
f 10558 10559 12562
f 12890 12891 9852
f 9592 9593 13402
f 8962 8963 14221
f 8647 8648 11620
f 8647 11620 11621
f 14234 14235 8634
f 12575 12576 10188
f 13142 13143 9579
f 13415 13416 8059
f 7759 11632 7856
f 7759 7725 11632
f 7759 7856 7857
f 9853 12890 9852
f 10189 12575 10188
f 12878 10201 12877
f 9223 14802 14801
f 9223 14801 9222
f 9580 13142 9579
f 8635 14234 8634
f 14222 8962 14221
f 12563 10558 12562
f 13130 9865 13129
f 13403 9592 13402
f 10200 10201 12878
f 9864 9865 13130
f 10557 10558 12563
f 12889 12890 9853
f 9591 9592 13403
f 8961 8962 14222
f 8646 8647 11621
f 14233 14234 8635
f 12574 12575 10189
f 13141 13142 9580
f 14803 14802 9223
f 7722 11628 7724
f 7722 11627 11628
f 10190 12574 10189
f 12879 10200 12878
f 9854 12889 9853
f 9581 13141 9580
f 9224 14803 9223
f 8636 14233 8635
f 14223 8961 14222
f 12564 10557 12563
f 13131 9864 13130
f 13404 9591 13403
f 7723 11627 7722
f 7723 11626 11627
f 10199 10200 12879
f 9863 9864 13131
f 10556 10557 12564
f 12888 12889 9854
f 9590 9591 13404
f 8960 8961 14223
f 8645 8646 11621
f 8645 11621 11622
f 14232 14233 8636
f 12573 12574 10190
f 13140 13141 9581
f 14804 14803 9224
f 10191 12573 10190
f 9855 12888 9854
f 12880 10199 12879
f 9582 13140 9581
f 9225 14804 9224
f 8637 14232 8636
f 14224 8960 14223
f 13132 9863 13131
f 12565 10556 12564
f 13405 9590 13404
f 10198 10199 12880
f 12887 12888 9855
f 9862 9863 13132
f 9589 9590 13405
f 10555 10556 12565
f 8959 8960 14224
f 8644 8645 11622
f 8644 11622 11623
f 14231 14232 8637
f 13139 13140 9582
f 12572 12573 10191
f 14805 14804 9225
f 10192 12572 10191
f 9856 12887 9855
f 12881 10198 12880
f 9583 13139 9582
f 9226 14805 9225
f 8638 14231 8637
f 14225 8959 14224
f 13133 9862 13132
f 12566 10555 12565
f 13406 9589 13405
f 14806 14805 9226
f 9861 9862 13133
f 10197 10198 12881
f 8643 8644 11623
f 13138 13139 9583
f 12571 12572 10192
f 8044 8045 8046
f 8044 14925 14924
f 8044 14926 14925
f 8044 14927 14926
f 8044 8046 14927
f 8105 8044 14924
f 8104 14924 14923
f 8104 8105 14924
f 8103 8104 14923
f 14907 8977 8978
f 14908 8977 14907
f 14908 8976 8977
f 14906 8978 8949
f 14906 8949 8950
f 14906 14907 8978
f 8102 8103 14923
f 14909 8976 14908
f 8096 8093 8094
f 8096 8094 8095
f 14905 14906 8950
f 7762 11626 7723
f 7762 11625 11626
f 14904 8950 8951
f 14904 14905 8950
f 14817 9233 9234
f 14903 8951 8952
f 14903 14904 8951
f 14818 9232 9233
f 14818 9233 14817
f 14902 8952 8953
f 14902 14903 8952
f 14819 9231 9232
f 14819 9232 14818
f 14901 8953 8954
f 14901 14902 8953
f 8173 14800 8172
f 8171 8172 14800
f 8171 14800 14809
f 8170 14808 14807
f 8170 14809 14808
f 8170 8171 14809
f 82 8956 8957
f 10541 12569 12570
f 12600 10195 10196
f 10184 12884 12885
f 9848 13136 13137
f 8630 11625 7762
f 8945 14228 14229
f 14259 8641 8642
f 14511 7719 7720
f 12264 10552 10553
f 12915 9859 9860
f 13713 9229 9230
f 13167 9586 9587
f 83 8956 82
f 83 8955 8956
f 9849 13136 9848
f 9849 13135 13136
f 10899 10546 10547
f 10899 10547 10898
f 10185 12884 10184
f 10185 12883 12884
f 10542 12568 12569
f 10542 12569 10541
f 12601 10195 12600
f 12601 10194 10195
f 8946 14228 8945
f 8946 14227 14228
f 8631 11625 8630
f 8631 11624 11625
f 14512 7718 7719
f 14512 7719 14511
f 14260 8641 14259
f 14260 8640 8641
f 12265 10551 10552
f 12265 10552 12264
f 12916 9858 9859
f 12916 9859 12915
f 13168 9585 9586
f 13168 9586 13167
f 13714 9228 9229
f 13714 9229 13713
f 8184 8180 8185
f 81 8957 8958
f 81 82 8957
f 9847 9848 13137
f 9847 13137 13138
f 12599 12600 10196
f 12599 10196 10197
f 10540 12570 12571
f 10540 10541 12570
f 10183 12885 12886
f 10183 10184 12885
f 10897 10547 10548
f 10897 10898 10547
f 8629 8630 7762
f 8944 8945 14229
f 8944 14229 14230
f 14510 14511 7720
f 14258 8642 8643
f 14258 14259 8642
f 12263 10553 10554
f 12263 12264 10553
f 13712 13713 9230
f 13712 9230 9231
f 12914 9860 9861
f 12914 12915 9860
f 13166 9587 9588
f 13166 13167 9587
f 84 8955 83
f 84 8954 8955
f 10543 12567 12568
f 10543 12568 10542
f 9850 13134 13135
f 9850 13135 9849
f 10900 10544 10545
f 10900 10545 10546
f 10900 10546 10899
f 10186 12882 12883
f 10186 12883 10185
f 12602 10193 10194
f 12602 10194 12601
f 8632 11624 8631
f 8632 11623 11624
f 8947 14227 8946
f 8947 14226 14227
f 14261 8639 8640
f 14261 8640 14260
f 14513 7718 14512
f 12266 10550 10551
f 12266 10551 12265
f 13715 9227 9228
f 13715 9228 13714
f 13169 9585 13168
f 13169 9584 9585
f 12917 9858 12916
f 12917 9857 9858
f 8183 8180 8184
f 80 81 8958
f 80 8958 8959
f 80 8959 14225
f 10182 12887 9856
f 10182 12886 12887
f 10182 10183 12886
f 10896 10548 10549
f 10896 10897 10548
f 12598 10197 12881
f 12598 12599 10197
f 9846 9847 13138
f 9846 13138 9583
f 10539 10540 12571
f 10539 12571 10192
f 8628 8629 7762
f 8628 7762 7761
f 8943 8944 14230
f 8943 14230 14231
f 8943 14231 8638
f 14257 14258 8643
f 14257 8643 11623
f 14509 14510 7720
f 12262 10554 10555
f 12262 12263 10554
f 12262 10555 12566
f 12913 12914 9861
f 12913 9861 13133
f 13711 14819 14820
f 13711 13712 9231
f 13711 9231 14819
f 13165 13166 9588
f 13165 9588 9589
f 13165 9589 13406
f 43 8954 84
f 43 14900 14901
f 43 14901 8954
f 9830 13134 9850
f 9830 12913 13133
f 9830 13133 13134
f 10880 10544 10900
f 10523 12566 12567
f 10523 12567 10543
f 10523 12262 12566
f 10166 12881 12882
f 10166 12598 12881
f 10166 12882 10186
f 8182 8180 8183
f 12582 10193 12602
f 12582 10192 10193
f 12582 10539 10192
f 8927 14225 14226
f 8927 14226 8947
f 8927 80 14225
f 8612 14257 11623
f 8612 11623 8632
f 14493 7718 14513
f 14493 7761 7718
f 14241 8638 8639
f 14241 8943 8638
f 14241 8639 14261
f 12246 10550 12266
f 12246 10549 10550
f 12246 10896 10549
f 12897 9856 9857
f 12897 10182 9856
f 12897 9857 12917
f 13149 9583 9584
f 13149 9584 13169
f 13149 9846 9583
f 13695 9226 9227
f 13695 14806 9226
f 13695 9227 13715
f 79 80 8927
f 10538 10539 12582
f 9845 9846 13149
f 10895 10896 12246
f 12597 12598 10166
f 10181 10182 12897
f 8627 8628 7761
f 8942 8943 14241
f 14508 14509 7720
f 14508 7720 7721
f 14256 14257 8612
f 12261 12262 10523
f 12912 12913 9830
f 13710 13711 14820
f 13710 14820 14821
f 8199 8179 8180
f 8199 8180 8182
f 65 14900 43
f 10524 12261 10523
f 10167 12597 10166
f 9831 12912 9830
f 12583 10538 12582
f 8613 14256 8612
f 8928 79 8927
f 14242 8942 14241
f 14494 7761 14493
f 12247 10895 12246
f 12898 10181 12897
f 13150 9845 13149
f 78 79 8928
f 9844 9845 13150
f 10894 10895 12247
f 10180 10181 12898
f 10537 10538 12583
f 12596 12597 10167
f 8626 8627 7761
f 8626 7761 14494
f 8941 8942 14242
f 14255 14256 8613
f 14507 14508 7721
f 12260 12261 10524
f 12911 12912 9831
f 13709 14821 14822
f 13709 13710 14821
f 8198 8179 8199
f 12584 10537 12583
f 10525 12260 10524
f 10168 12596 10167
f 9832 12911 9831
f 8929 78 8928
f 8614 14255 8613
f 14243 8941 14242
f 14495 8626 14494
f 12248 10894 12247
f 13151 9844 13150
f 12899 10180 12898
f 9843 9844 13151
f 10179 10180 12899
f 10536 10537 12584
f 10893 10894 12248
f 12595 12596 10168
f 8625 8626 14495
f 8940 8941 14243
f 14254 14255 8614
f 12259 12260 10525
f 12910 12911 9832
f 13708 13709 14822
f 13708 14822 14823
f 77 78 8929
f 10526 12259 10525
f 10169 12595 10168
f 12585 10536 12584
f 9833 12910 9832
f 8930 77 8929
f 8615 14254 8614
f 14496 8625 14495
f 14244 8940 14243
f 12249 10893 12248
f 12900 10179 12899
f 13152 9843 13151
f 9842 9843 13152
f 10178 10179 12900
f 10892 10893 12249
f 10535 10536 12585
f 12594 12595 10169
f 8624 8625 14496
f 8939 8940 14244
f 14253 14254 8615
f 12258 12259 10526
f 12909 12910 9833
f 76 77 8930
f 10170 12594 10169
f 10527 12258 10526
f 9834 12909 9833
f 12586 10535 12585
f 8616 14253 8615
f 8931 76 8930
f 14245 8939 14244
f 14497 8624 14496
f 13153 9842 13152
f 12901 10178 12900
f 12250 10892 12249
f 10177 10178 12901
f 10534 10535 12586
f 12593 12594 10170
f 10891 10892 12250
f 9841 9842 13153
f 8938 8939 14245
f 8623 8624 14497
f 14252 14253 8616
f 12908 12909 9834
f 12257 12258 10527
f 75 76 8931
f 9835 12908 9834
f 10171 12593 10170
f 10528 12257 10527
f 12587 10534 12586
f 8617 14252 8616
f 8932 75 8931
f 14498 8623 14497
f 14246 8938 14245
f 12251 10891 12250
f 13154 9841 13153
f 12902 10177 12901
f 12592 12593 10171
f 10176 10177 12902
f 8937 8938 14246
f 8622 8623 14498
f 14251 14252 8617
f 74 75 8932
f 8112 8113 8179
f 8112 8179 8198
f 8112 8198 8197
f 14979 14826 14978
f 14979 14825 14826
f 8462 10882 10883
f 8463 10882 8462
f 8463 10880 10881
f 8463 10881 10882
f 8111 8112 8197
f 8111 8197 8196
f 14980 14825 14979
f 14980 14824 14825
f 8461 8462 10883
f 8461 10883 10884
f 8464 10544 10880
f 8464 10880 8463
f 8110 8111 8196
f 8110 8196 8195
f 14981 14824 14980
f 14981 13707 13708
f 14981 14823 14824
f 14981 13708 14823
f 8460 10884 10885
f 8460 10885 10886
f 8460 8461 10884
f 8109 8110 8195
f 8109 8195 8194
f 8444 7921 10544
f 8444 7920 7921
f 8444 10544 8464
f 8108 8109 8194
f 8459 8460 10886
f 8459 10886 10887
f 8458 8459 10887
f 8458 10887 10888
f 8062 9840 9841
f 8061 9841 13154
f 8061 8062 9841
f 8063 9839 9840
f 8063 9840 8062
f 8060 13154 13155
f 8060 13155 13156
f 8060 8061 13154
f 8064 9839 8063
f 8064 9838 9839
f 8065 9838 8064
f 8065 9837 9838
f 292 8123 8124
f 10163 12905 12906
f 10877 12254 12255
f 10520 12590 12591
f 12285 10531 10532
f 8609 14501 14502
f 14532 14506 14507
f 8924 14249 14250
f 13734 14982 14983
f 13965 8935 8936
f 14280 8620 8621
f 11991 8458 10888
f 11991 10888 10889
f 12621 10174 10175
f 13440 8192 8191
f 293 8122 8123
f 293 8123 292
f 10164 12904 12905
f 10164 12905 10163
f 10878 12253 12254
f 10878 12254 10877
f 10521 12590 10520
f 10521 12589 12590
f 12286 10530 10531
f 12286 10531 12285
f 14533 14506 14532
f 14533 14505 14506
f 9219 14970 14971
f 9219 14971 9218
f 8610 14501 8609
f 8610 14500 14501
f 8925 14249 8924
f 8925 14248 14249
f 13735 14981 14982
f 13735 13707 14981
f 13735 14982 13734
f 13966 8934 8935
f 13966 8935 13965
f 14281 8619 8620
f 14281 8620 14280
f 11992 8458 11991
f 11992 8457 8458
f 12622 10173 10174
f 12622 10174 12621
f 13441 8192 13440
f 13441 8193 8192
f 14931 9565 14932
f 14931 9564 9565
f 14933 14932 9565
f 14933 9565 9566
f 291 8124 8125
f 291 292 8124
f 12284 10532 10533
f 12284 12285 10532
f 10162 10163 12906
f 10162 12906 12907
f 10876 12255 12256
f 10876 10877 12255
f 10519 10520 12591
f 10519 12591 12592
f 14531 14532 14507
f 14531 14507 7721
f 8608 14502 14503
f 8608 8609 14502
f 8923 8924 14250
f 8923 14250 14251
f 14279 8621 8622
f 14279 14280 8621
f 13964 8936 8937
f 13964 13965 8936
f 13733 14983 14984
f 13733 13734 14983
f 11990 10889 10890
f 11990 11991 10889
f 12620 10175 10176
f 12620 12621 10175
f 13439 13440 8191
f 13439 8191 8190
f 294 8121 8122
f 294 8122 293
f 12287 10529 10530
f 12287 10530 12286
f 10522 12588 12589
f 10522 12589 10521
f 10165 12903 12904
f 10165 12904 10164
f 10879 12252 12253
f 10879 12253 10878
f 8611 14499 14500
f 8611 14500 8610
f 14534 14504 14505
f 14534 14505 14533
f 9220 14969 14970
f 9220 14989 14969
f 9220 14970 9219
f 8926 14247 14248
f 8926 14248 8925
f 13736 13706 13707
f 13736 13707 13735
f 13967 8933 8934
f 13967 8934 13966
f 14282 8618 8619
f 14282 8619 14281
f 11993 8457 11992
f 11993 8456 8457
f 12623 10173 12622
f 12623 10172 10173
f 13442 8193 13441
f 13442 8108 8194
f 13442 8194 8193
f 14930 9564 14931
f 14930 9563 9564
f 14928 14933 9566
f 14928 9566 9567
f 8066 9837 8065
f 290 8125 8126
f 290 291 8125
f 10161 12907 12908
f 10161 12908 9835
f 10161 10162 12907
f 10875 12256 12257
f 10875 10876 12256
f 10875 12257 10528
f 12283 10533 10534
f 12283 10534 12587
f 12283 12284 10533
f 10518 10519 12592
f 10518 12592 10171
f 14530 14531 7721
f 8607 8608 14503
f 8607 14503 14504
f 8922 14251 8617
f 8922 8923 14251
f 13963 8937 14246
f 13963 13964 8937
f 13732 14984 14985
f 13732 13733 14984
f 14278 14279 8622
f 14278 8622 14498
f 11989 10891 12251
f 11989 10890 10891
f 11989 11990 10890
f 12619 12620 10176
f 12619 10176 12902
f 13438 13439 8190
f 13438 8190 8189
f 253 8120 8121
f 253 8121 294
f 10145 12619 12902
f 10145 12903 10165
f 10145 12902 12903
f 10859 12251 12252
f 10859 12252 10879
f 10859 11989 12251
f 12267 10528 10529
f 12267 10529 12287
f 12267 10875 10528
f 8201 13438 8189
f 10502 12588 10522
f 10502 12587 12588
f 10502 12283 12587
f 8591 14278 14498
f 8591 14498 14499
f 8591 14499 8611
f 9200 14988 14989
f 9200 14989 9220
f 14514 8607 14504
f 14514 14504 14534
f 8906 13963 14246
f 8906 14247 8926
f 8906 14246 14247
f 13947 8932 8933
f 13947 8933 13967
f 14262 8617 8618
f 14262 8618 14282
f 14262 8922 8617
f 13716 13705 13706
f 13716 13706 13736
f 14929 9562 9563
f 14929 9563 14930
f 12603 10518 10171
f 12603 10171 10172
f 12603 10172 12623
f 11973 8456 11993
f 13422 8107 8108
f 13422 8108 13442
f 289 8126 8106
f 289 290 8126
f 10160 9835 9836
f 10160 9836 9837
f 10160 10161 9835
f 10874 10875 12267
f 12282 12283 10502
f 10517 10518 12603
f 8606 8607 14514
f 8921 8922 14262
f 14277 14278 8591
f 13731 14985 14986
f 13731 13732 14985
f 13962 13963 8906
f 12618 12619 10145
f 11988 11989 10859
f 13437 13438 8201
f 8218 13437 8201
f 10503 12282 10502
f 10146 12618 10145
f 10860 11988 10859
f 12268 10874 12267
f 9201 14987 14988
f 9201 14988 9200
f 14515 8606 14514
f 8592 14277 8591
f 8907 13962 8906
f 14263 8921 14262
f 12604 10517 12603
f 11974 8456 11973
f 11974 8455 8456
f 13423 8106 8107
f 13423 8107 13422
f 13423 289 8106
f 14791 253 275
f 14791 8120 253
f 288 289 13423
f 10159 10160 9837
f 10159 8066 8067
f 10159 9837 8066
f 12281 12282 10503
f 10516 10517 12604
f 10873 10874 12268
f 8605 8606 14515
f 8920 8921 14263
f 13961 13962 8907
f 13730 14986 14987
f 13730 13731 14986
f 14276 14277 8592
f 11987 11988 10860
f 12617 12618 10146
f 13436 13437 8218
f 14937 8088 8089
f 8217 13436 8218
f 276 14792 14791
f 276 14791 275
f 12269 10873 12268
f 10147 12617 10146
f 10504 12281 10503
f 10861 11987 10860
f 8593 14276 8592
f 9202 13730 14987
f 9202 14987 9201
f 14516 8605 14515
f 8908 13961 8907
f 14264 8920 14263
f 12605 10516 12604
f 11975 8455 11974
f 11975 8454 8455
f 13424 288 13423
f 12280 12281 10504
f 10158 10159 8067
f 10158 8067 8068
f 10515 10516 12605
f 10872 10873 12269
f 8604 8605 14516
f 8919 8920 14264
f 13960 13961 8908
f 13729 13730 9202
f 14275 14276 8593
f 11986 11987 10861
f 12616 12617 10147
f 13435 13436 8217
f 287 288 13424
f 14936 8088 14937
f 8216 13435 8217
f 14793 14792 276
f 10148 12616 10147
f 10862 11986 10861
f 12270 10872 12269
f 10505 12280 10504
f 8594 14275 8593
f 9203 13729 9202
f 14517 8604 14516
f 8909 13960 8908
f 14265 8919 14264
f 12606 10515 12605
f 11976 8454 11975
f 13425 287 13424
f 277 14793 276
f 10157 10158 8068
f 10157 8068 8069
f 12279 12280 10505
f 10871 10872 12270
f 10514 10515 12606
f 8603 8604 14517
f 8918 8919 14265
f 13728 13729 9203
f 13959 13960 8909
f 14274 14275 8594
f 11985 11986 10862
f 12615 12616 10148
f 13434 13435 8216
f 286 287 13425
f 14794 14793 277
f 8215 13434 8216
f 10149 12615 10148
f 10506 12279 10505
f 10863 11985 10862
f 12271 10871 12270
f 14518 8603 14517
f 8595 14274 8594
f 9204 13728 9203
f 8910 13959 8909
f 14266 8918 14265
f 11977 8453 8454
f 11977 8454 11976
f 12607 10514 12606
f 13426 286 13425
f 278 14794 277
f 10870 10871 12271
f 10513 10514 12607
f 12278 12279 10506
f 8602 8603 14518
f 8917 8918 14266
f 13727 13728 9204
f 13958 13959 8910
f 14273 14274 8595
f 12614 12615 10149
f 11984 11985 10863
f 13433 13434 8215
f 285 286 13426
f 14795 14794 278
f 8214 13433 8215
f 10150 12614 10149
f 10864 11984 10863
f 10507 12278 10506
f 12272 10870 12271
f 14519 8602 14518
f 8596 14273 8595
f 9205 13727 9204
f 8911 13958 8910
f 14267 8917 14266
f 11978 8453 11977
f 12608 10513 12607
f 13427 285 13426
f 279 14795 278
f 14796 14795 279
f 8916 8917 14267
f 13726 13727 9205
f 13957 13958 8911
f 12613 12614 10150
f 11983 11984 10864
f 284 285 13427
f 8085 8088 14936
f 8085 14935 14934
f 8085 14936 14935
f 8085 8086 8087
f 8085 8087 8088
f 8084 8085 14934
f 8083 8084 14934
f 8075 8073 8074
f 11507 8447 8448
f 10142 8070 8071
f 9827 14798 14797
f 11192 11981 11982
f 10499 12611 12612
f 10856 12275 12276
f 12012 10867 10868
f 9554 13430 13431
f 14301 8599 8600
f 8903 14270 14271
f 8588 14522 14523
f 11697 8450 8451
f 13461 8211 8210
f 13755 9208 9209
f 12306 10510 10511
f 13188 282 283
f 12642 10153 10154
f 14553 14527 14528
f 11508 8447 11507
f 11508 8446 8447
f 9828 14799 14798
f 9828 14790 14799
f 9828 14798 9827
f 10857 12274 12275
f 10857 12275 10856
f 10143 10157 8069
f 10143 8070 10142
f 10143 8069 8070
f 11193 11980 11981
f 11193 11981 11192
f 10500 12610 12611
f 10500 12611 10499
f 12013 10867 12012
f 12013 10866 10867
f 9555 13430 9554
f 9555 13429 13430
f 8904 14270 8903
f 8904 14269 14270
f 14302 8599 14301
f 14302 8598 8599
f 8589 14522 8588
f 8589 14521 14522
f 13462 8212 8211
f 13462 8211 13461
f 11698 8450 11697
f 11698 8449 8450
f 13756 9208 13755
f 13756 9207 9208
f 13189 282 13188
f 13189 281 282
f 12307 10510 12306
f 12307 10509 10510
f 12643 10152 10153
f 12643 10153 12642
f 14554 14527 14553
f 14554 14526 14527
f 9826 14797 14796
f 9826 9827 14797
f 11506 11507 8448
f 11506 8448 8449
f 10141 10142 8071
f 10141 8071 8072
f 10498 10499 12612
f 10498 12612 12613
f 10855 12276 12277
f 10855 10856 12276
f 12011 12012 10868
f 12011 10868 10869
f 11191 11982 11983
f 11191 11192 11982
f 9553 9554 13431
f 9553 13431 13432
f 8587 8588 14523
f 8587 14523 14524
f 8902 14271 14272
f 8902 8903 14271
f 14300 14301 8600
f 14300 8600 8601
f 13460 8210 8209
f 13460 13461 8210
f 13754 13755 9209
f 13754 9209 9210
f 11696 11697 8451
f 11696 8451 8452
f 13187 13188 283
f 13187 283 284
f 12641 10154 10155
f 12641 12642 10154
f 12305 12306 10511
f 12305 10511 10512
f 14552 14553 14528
f 14552 14528 14529
f 11509 8446 11508
f 9829 14790 9828
f 12014 10865 10866
f 12014 10866 12013
f 10144 10156 10157
f 10144 10157 10143
f 10501 12609 12610
f 10501 12610 10500
f 10858 12274 10857
f 10858 12273 12274
f 11194 11980 11193
f 11194 11979 11980
f 9556 13429 9555
f 9556 13428 13429
f 8590 14520 14521
f 8590 14521 8589
f 8905 14268 14269
f 8905 14269 8904
f 14303 8598 14302
f 14303 8597 8598
f 13463 8213 8212
f 13463 8212 13462
f 13757 9207 13756
f 13757 9206 9207
f 11699 8449 11698
f 12308 10508 10509
f 12308 10509 12307
f 12644 10151 10152
f 12644 10152 12643
f 13190 281 13189
f 13190 280 281
f 14555 14525 14526
f 14555 14526 14554
f 8362 14790 9829
f 10140 10141 8072
f 10140 8072 8073
f 9825 14796 279
f 9825 9826 14796
f 11505 8449 11699
f 11505 11506 8449
f 11190 11191 11983
f 11190 11983 10864
f 10854 12277 12278
f 10854 10855 12277
f 10854 12278 10507
f 10497 12613 10150
f 10497 10498 12613
f 12010 10870 12272
f 12010 10869 10870
f 12010 12011 10869
f 9552 9553 13432
f 9552 13433 8214
f 9552 13432 13433
f 14299 14300 8601
f 14299 8602 14519
f 14299 8601 8602
f 8901 14273 8596
f 8901 14272 14273
f 8901 8902 14272
f 8586 8587 14524
f 8586 14524 14525
f 11695 11696 8452
f 13753 13754 9210
f 13459 8209 8208
f 13459 13460 8209
f 12640 10155 10156
f 12640 12641 10155
f 12304 12305 10512
f 12304 10513 12608
f 12304 10512 10513
f 13186 13187 284
f 13186 284 13427
f 14551 14552 14529
f 14551 7721 7760
f 14551 14529 14530
f 14551 14530 7721
f 9809 8361 8362
f 9809 8362 9829
f 10124 12640 10156
f 10124 10156 10144
f 10481 12304 12608
f 10481 12609 10501
f 10481 12608 12609
f 11174 8453 11978
f 11174 11978 11979
f 11174 11979 11194
f 11174 8452 8453
f 11174 11695 8452
f 11994 10865 12014
f 11994 10864 10865
f 11994 11190 10864
f 9536 13428 9556
f 9536 13427 13428
f 9536 13186 13427
f 10838 12272 12273
f 10838 12273 10858
f 10838 12010 12272
f 8885 14267 14268
f 8885 8916 14267
f 8885 14268 8905
f 14283 8597 14303
f 14283 8596 8597
f 14283 8901 8596
f 8570 14520 8590
f 8570 14519 14520
f 8570 14299 14519
f 8220 13459 8208
f 13443 8213 13463
f 13443 8214 8213
f 13443 9552 8214
f 13737 13726 9205
f 13737 9206 13757
f 13737 9205 9206
f 11679 11505 11699
f 12288 10508 12308
f 12288 10507 10508
f 12288 10854 10507
f 12624 10151 12644
f 12624 10150 10151
f 12624 10497 10150
f 13170 280 13190
f 13170 9825 279
f 13170 279 280
f 14535 8586 14525
f 14535 14525 14555
f 11504 11505 11679
f 10139 8073 8075
f 10139 10140 8073
f 9824 9825 13170
f 11189 11190 11994
f 10496 10497 12624
f 12009 12010 10838
f 10853 10854 12288
f 9551 9552 13443
f 8585 8586 14535
f 14298 14299 8570
f 8900 8901 14283
f 13458 13459 8220
f 13752 13753 9179
f 11694 11695 11174
f 12303 12304 10481
f 13185 13186 9536
f 12639 12640 10124
f 8237 13458 8220
f 11175 11694 11174
f 9810 8361 9809
f 10839 12009 10838
f 10482 12303 10481
f 10125 12639 10124
f 9537 13185 9536
f 8571 14298 8570
f 11995 11189 11994
f 9180 13752 9179
f 8886 8915 8916
f 8886 8916 8885
f 14284 8900 14283
f 13444 9551 13443
f 11680 11504 11679
f 12289 10853 12288
f 12625 10496 12624
f 13171 9824 13170
f 14536 8585 14535
f 11503 11504 11680
f 12008 12009 10839
f 10495 10496 12625
f 9823 9824 13171
f 10852 10853 12289
f 11188 11189 11995
f 9550 9551 13444
f 8899 8900 14284
f 14297 14298 8571
f 8584 8585 14536
f 13751 13752 9180
f 13457 13458 8237
f 11693 11694 11175
f 12302 12303 10482
f 12638 12639 10125
f 13184 13185 9537
f 8236 13457 8237
f 11176 11693 11175
f 9811 8361 9810
f 10840 12008 10839
f 9538 13184 9537
f 10126 12638 10125
f 10483 12302 10482
f 11996 11188 11995
f 14285 8899 14284
f 8572 14297 8571
f 9181 13751 9180
f 13445 9550 13444
f 11681 11503 11680
f 12626 10495 12625
f 12290 10852 12289
f 13172 9823 13171
f 14537 8584 14536
f 7812 7920 8444
f 7812 8444 8445
f 7812 8445 8446
f 7812 8446 11509
f 7812 11489 11490
f 7812 11490 11491
f 7812 11509 11489
f 7811 7813 7812
f 7811 7814 7813
f 11502 11503 11681
f 9822 9823 13172
f 10494 10495 12626
f 11187 11188 11996
f 12007 12008 10840
f 10851 10852 12290
f 9549 9550 13445
f 8583 8584 14537
f 8898 8899 14285
f 14296 14297 8572
f 13456 13457 8236
f 13750 13751 9181
f 11692 11693 11176
f 12301 12302 10483
f 13183 13184 9538
f 12637 12638 10126
f 8235 13456 8236
f 9812 8361 9811
f 11492 7812 11491
f 10127 12637 10126
f 11177 11692 11176
f 10484 12301 10483
f 10841 12007 10840
f 11997 11187 11996
f 9539 13183 9538
f 14286 8898 14285
f 8573 14296 8572
f 9182 13750 9181
f 13446 9549 13445
f 11682 11502 11681
f 12291 10851 12290
f 13173 9822 13172
f 12627 10494 12626
f 14538 8583 14537
f 11501 11502 11682
f 12006 12007 10841
f 10493 10494 12627
f 9821 9822 13173
f 10850 10851 12291
f 11186 11187 11997
f 9548 9549 13446
f 14295 14296 8573
f 8897 8898 14286
f 8582 8583 14538
f 13455 13456 8235
f 13749 13750 9182
f 11691 11692 11177
f 12300 12301 10484
f 12636 12637 10127
f 13182 13183 9539
f 8234 13455 8235
f 10128 12636 10127
f 11178 11691 11177
f 10485 12300 10484
f 10842 12006 10841
f 9540 13182 9539
f 11998 11186 11997
f 9183 13749 9182
f 14287 8897 14286
f 8574 14295 8573
f 13447 9548 13446
f 11683 11501 11682
f 12292 10850 12291
f 13174 9821 13173
f 12628 10493 12627
f 14539 8582 14538
f 14897 8913 8914
f 14940 14941 8075
f 14898 8912 8913
f 14898 8913 14897
f 7808 7811 7812
f 14896 8914 8915
f 14896 14897 8914
f 14942 10139 8075
f 14942 10138 10139
f 14942 8075 14941
f 7810 7809 7808
f 10849 10850 12292
f 11185 11186 11998
f 11500 11501 11683
f 12005 12006 10842
f 10492 10493 12628
f 9820 9821 13174
f 9547 9548 13447
f 8896 8897 14287
f 14294 14295 8574
f 8581 8582 14539
f 13454 13455 8234
f 13748 13749 9183
f 11690 11691 11178
f 12635 12636 10128
f 12299 12300 10485
f 13181 13182 9540
f 7807 7808 7812
f 7807 7810 7808
f 7807 11492 11493
f 7807 7812 11492
f 14939 14940 8075
f 14939 8075 8076
f 14939 8076 8077
f 14899 8912 14898
f 8233 13454 8234
f 10129 12635 10128
f 11999 11185 11998
f 11179 11690 11178
f 11494 7807 11493
f 10486 12299 10485
f 9541 13181 9540
f 10843 12005 10842
f 14288 8896 14287
f 8575 14294 8574
f 9184 13748 9183
f 13448 9547 13447
f 11684 11500 11683
f 12293 10849 12292
f 12629 10492 12628
f 13175 9820 13174
f 14540 8581 14539
f 14895 14896 8915
f 14895 8886 8887
f 14895 8915 8886
f 14943 10137 10138
f 14943 10138 14942
f 11499 11500 11684
f 9546 9547 13448
f 14293 14294 8575
f 13747 13748 9184
f 11495 7807 11494
f 14944 10137 14943
f 14894 8887 8888
f 14894 14895 8887
f 14789 8369 8370
f 14789 8370 8371
f 14827 9191 9192
f 14827 9192 9193
f 11496 7807 11495
f 14945 10137 14944
f 14945 10136 10137
f 14893 14894 8888
f 14788 14789 8371
f 14828 9191 14827
f 14946 10135 10136
f 14946 10136 14945
f 14892 14893 8888
f 14892 8888 8889
f 14787 14788 8371
f 14829 9191 14828
f 14829 9190 9191
f 14947 10135 14946
f 14947 10134 10135
f 14786 14787 8371
f 14830 9190 14829
f 14830 9189 9190
f 14831 9189 14830
f 14831 9188 9189
f 14957 10131 10132
f 14956 14957 10132
f 14881 8890 8891
f 14882 8890 14881
f 14882 8889 8890
f 14958 10130 10131
f 14958 10131 14957
f 14955 10132 10133
f 14955 14956 10132
f 14880 14881 8891
f 14880 8891 8892
f 14883 8889 14882
f 14883 14892 8889
f 14954 14955 10133
f 14959 10130 14958
f 14879 14880 8892
f 14960 10130 14959
f 14960 10129 10130
f 14960 12635 10129
f 14878 14879 8892
f 14878 8892 8893
f 14961 12635 14960
f 14961 12634 12635
f 14951 10133 10134
f 14951 14954 10133
f 14887 14883 14884
f 14887 14891 14892
f 14887 14892 14883
f 14952 14954 14951
f 14950 14951 10134
f 14950 14947 14948
f 14950 10134 14947
f 14886 14887 14884
f 14888 14890 14891
f 14888 14891 14887
f 14953 14954 14952
f 14949 14950 14948
f 14885 14886 14884
f 14889 14890 14888
f 14777 14778 14779
f 14777 14779 14780
f 14966 14964 14965
f 14872 14873 14874
f 14838 14835 14836
f 14838 14836 14837
f 11486 11687 11688
f 9806 13178 13179
f 10478 12632 12633
f 11718 11182 11183
f 10121 14783 14784
f 10121 14784 14785
f 10835 12296 12297
f 13986 14877 14878
f 13986 14878 8893
f 13986 8893 8894
f 11171 12002 12003
f 8882 14291 14292
f 9533 13451 13452
f 8567 14543 14544
f 13209 9544 9545
f 13482 8230 8229
f 12033 10846 10847
f 12327 10489 10490
f 14322 8578 8579
f 14574 14548 14549
f 10122 14783 10121
f 10122 14782 14783
f 11487 11686 11687
f 11487 11687 11486
f 11719 11181 11182
f 11719 11182 11718
f 10479 12632 10478
f 10479 12631 12632
f 11172 12002 11171
f 11172 12001 12002
f 10836 12295 12296
f 10836 12296 10835
f 9807 13177 13178
f 9807 13178 9806
f 9534 13451 9533
f 9534 13450 13451
f 13987 14876 14877
f 13987 14877 13986
f 8883 14290 14291
f 8883 14291 8882
f 8568 14542 14543
f 8568 14543 8567
f 13210 9543 9544
f 13210 9544 13209
f 13483 8230 13482
f 13483 8231 8230
f 12328 10488 10489
f 12328 10489 12327
f 12034 10845 10846
f 12034 10846 12033
f 14323 8577 8578
f 14323 8578 14322
f 14575 14548 14574
f 14575 14547 14548
f 9805 9806 13179
f 9805 13179 13180
f 11717 11183 11184
f 11717 11718 11183
f 10120 10121 14785
f 10120 14785 14786
f 10477 10478 12633
f 10477 12633 12634
f 11485 11688 11689
f 11485 11486 11688
f 10834 12297 12298
f 10834 10835 12297
f 11170 11171 12003
f 11170 12003 12004
f 13985 13986 8894
f 13985 8894 8895
f 9532 13452 13453
f 9532 9533 13452
f 8881 14292 14293
f 8881 8882 14292
f 8566 8567 14544
f 8566 14544 14545
f 13208 13209 9545
f 13208 9545 9546
f 13481 8229 8228
f 13481 13482 8229
f 12326 10490 10491
f 12326 12327 10490
f 12032 10847 10848
f 12032 12033 10847
f 14321 14322 8579
f 14321 8579 8580
f 14573 14574 14549
f 14573 14549 14550
f 11720 11180 11181
f 11720 11181 11719
f 9808 13176 13177
f 9808 13177 9807
f 10123 14781 14782
f 10123 14782 10122
f 11488 11686 11487
f 11488 11685 11686
f 10837 12294 12295
f 10837 12295 10836
f 10480 12630 12631
f 10480 12631 10479
f 11173 12001 11172
f 11173 12000 12001
f 13988 14874 14875
f 13988 14875 14876
f 13988 14876 13987
f 8884 14289 14290
f 8884 14290 8883
f 9535 13450 9534
f 9535 13449 13450
f 8569 14542 8568
f 8569 14541 14542
f 13211 9542 9543
f 13211 9543 13210
f 13484 8231 13483
f 13484 8232 8231
f 12035 10844 10845
f 12035 10845 12034
f 12329 10488 12328
f 12329 10487 10488
f 14324 8577 14323
f 14324 8576 8577
f 14576 14547 14575
f 14576 14546 14547
f 14967 14964 14966
f 14839 14835 14838
f 14839 14834 14835
f 11716 11184 11185
f 11716 11185 11999
f 11716 11717 11184
f 10119 10120 14786
f 10119 14786 8371
f 10833 10834 12298
f 10833 12298 12299
f 10833 12299 10486
f 9804 13180 13181
f 9804 9805 13180
f 9804 13181 9541
f 11484 11485 11689
f 11484 11689 11690
f 11484 11690 11179
f 10476 10477 12634
f 10476 12634 14961
f 11169 12004 12005
f 11169 11170 12004
f 11169 12005 10843
f 13984 13985 8895
f 13984 8895 8896
f 13984 8896 14288
f 8880 14293 8575
f 8880 8881 14293
f 8565 8566 14545
f 8565 14545 14546
f 9531 13453 13454
f 9531 13454 8233
f 9531 9532 13453
f 13480 8228 8227
f 13480 13481 8228
f 13207 9546 13448
f 13207 13208 9546
f 12325 10492 12629
f 12325 10491 10492
f 12325 12326 10491
f 12031 10849 12293
f 12031 10848 10849
f 12031 12032 10848
f 14320 8581 14540
f 14320 14321 8580
f 14320 8580 8581
f 14572 14551 7760
f 14572 14573 14550
f 14572 14550 14551
f 11468 11499 11684
f 11468 11685 11488
f 11468 11684 11685
f 11700 11484 11179
f 11700 11179 11180
f 11700 11180 11720
f 9788 13176 9808
f 9788 13175 13176
f 10103 14781 10123
f 10103 14780 14781
f 10103 14777 14780
f 10460 12325 12629
f 10460 12630 10480
f 10460 12629 12630
f 10817 12294 10837
f 10817 12293 12294
f 10817 12031 12293
f 11153 11999 12000
f 11153 11716 11999
f 11153 12000 11173
f 13968 14871 14872
f 13968 14874 13988
f 13968 14872 14874
f 9515 13207 13448
f 9515 13449 9535
f 9515 13448 13449
f 8864 13984 14288
f 8864 14288 14289
f 8864 14289 8884
f 8549 14320 14540
f 8549 14541 8569
f 8549 14540 14541
f 13191 9541 9542
f 13191 9804 9541
f 13191 9542 13211
f 13464 8233 8232
f 13464 9531 8233
f 13464 8232 13484
f 12015 11169 10843
f 12015 10843 10844
f 12015 10844 12035
f 12309 10486 10487
f 12309 10833 10486
f 12309 10487 12329
f 14304 8880 8575
f 14304 8575 8576
f 14304 8576 14324
f 14556 8565 14546
f 14556 14546 14576
f 10118 10119 12918
f 11483 11484 11700
f 11715 11716 11153
f 9803 9804 13191
f 10475 10476 14961
f 10475 14961 14962
f 10832 10833 12309
f 13983 13984 8864
f 11168 11169 12015
f 9530 9531 13464
f 8879 8880 14304
f 8564 8565 14556
f 13206 13207 9515
f 12030 12031 10817
f 12324 12325 10460
f 14319 14320 8549
f 10104 14776 14777
f 10104 14777 10103
f 11469 11498 11499
f 11469 11499 11468
f 11701 11483 11700
f 11154 11715 11153
f 10461 12324 10460
f 10818 12030 10817
f 8865 13983 8864
f 13969 14870 14871
f 13969 14871 13968
f 9516 13206 9515
f 8550 14319 8549
f 13465 9530 13464
f 13192 9803 13191
f 12016 11168 12015
f 12310 10832 12309
f 12919 10118 12918
f 14305 8879 14304
f 14557 8564 14556
f 11714 11715 11154
f 10117 10118 12919
f 11482 11483 11701
f 9802 9803 13192
f 10831 10832 12310
f 10474 10475 14962
f 10474 14962 14963
f 11167 11168 12016
f 13982 13983 8865
f 9529 9530 13465
f 8878 8879 14305
f 8563 8564 14557
f 13205 13206 9516
f 12029 12030 10818
f 12323 12324 10461
f 14318 14319 8550
f 11702 11482 11701
f 11470 11498 11469
f 11470 11497 11498
f 10819 12029 10818
f 10462 12323 10461
f 11155 11714 11154
f 13970 14870 13969
f 8866 13982 8865
f 8551 14318 8550
f 9517 13205 9516
f 13193 9802 13192
f 13466 9529 13465
f 12017 11167 12016
f 12311 10831 12310
f 12920 10117 12919
f 14558 8563 14557
f 14306 8878 14305
f 14773 14774 14775
f 14773 14775 14776
f 14773 14776 10104
f 14773 10104 10105
f 14747 14967 14968
f 14747 14968 14746
f 14747 14964 14967
f 14747 14963 14964
f 14842 14839 14840
f 14842 14840 14841
f 14868 14869 14870
f 14868 14870 13970
f 11713 11714 11155
f 9801 9802 13193
f 11481 11482 11702
f 10116 10117 12920
f 10830 10831 12311
f 11166 11167 12017
f 8877 8878 14306
f 13981 13982 8866
f 9528 9529 13466
f 8562 8563 14558
f 13204 13205 9517
f 12322 12323 10462
f 12028 12029 10819
f 14317 14318 8551
f 14772 14773 10105
f 14748 10474 14963
f 14748 14963 14747
f 14867 14868 13970
f 14843 14839 14842
f 14843 14834 14839
f 11703 11481 11702
f 11156 11713 11155
f 10463 12322 10462
f 11471 11496 11497
f 11471 11497 11470
f 10820 12028 10819
f 13971 14867 13970
f 8867 13981 8866
f 9518 13204 9517
f 8552 14317 8551
f 13194 9801 13193
f 13467 9528 13466
f 12312 10830 12311
f 12921 10116 12920
f 12018 11166 12017
f 14307 8877 14306
f 14559 8562 14558
f 14771 14772 10105
f 14771 10105 10106
f 14749 10473 10474
f 14749 10474 14748
f 14866 14867 13971
f 14844 14833 14834
f 14844 14834 14843
f 14770 14771 10106
f 14750 10473 14749
f 14865 14866 13971
f 14845 14833 14844
f 11480 11481 11703
f 11712 11713 11156
f 9800 9801 13194
f 10829 10830 12312
f 10115 10116 12921
f 10472 14750 14751
f 10472 10473 14750
f 11165 11166 12018
f 8561 8562 14559
f 8876 8877 14307
f 13980 13981 8867
f 9527 9528 13467
f 12321 12322 10463
f 12027 12028 10820
f 14316 14317 8552
f 14757 14758 14759
f 14757 14759 14760
f 14763 14757 14760
f 14763 14760 14761
f 14763 14761 14762
f 14858 14855 14856
f 14858 14856 14857
f 14852 14855 14858
f 14852 14853 14854
f 14852 14854 14855
f 14756 14757 14763
f 14756 14763 14764
f 14859 14852 14858
f 14859 14851 14852
f 11704 11480 11703
f 11157 11712 11156
f 10107 14770 10106
f 10107 14768 14769
f 10107 14769 14770
f 10464 12321 10463
f 11472 7807 11496
f 11472 11496 11471
f 10821 12027 10820
f 13972 14865 13971
f 13972 14863 14864
f 13972 14864 14865
f 8868 13980 8867
f 8553 14316 8552
f 13195 9800 13194
f 13468 9527 13467
f 12019 11165 12018
f 12313 10829 12312
f 12922 10115 12921
f 14308 8876 14307
f 14560 8561 14559
f 8167 13747 9184
f 8167 9184 9185
f 8168 13746 13747
f 8168 13747 8167
f 8166 8167 9185
f 8166 9185 9186
f 11711 11712 11157
f 10114 10115 12922
f 10828 10829 12313
f 11479 11480 11704
f 9799 9800 13195
f 11164 11165 12019
f 10471 10472 14751
f 10471 14751 14752
f 9526 9527 13468
f 13979 13980 8868
f 8875 8876 14308
f 8560 8561 14560
f 12320 12321 10464
f 12026 12027 10821
f 14315 14316 8553
f 8169 13746 8168
f 8169 13745 13746
f 11473 7807 11472
f 11705 11479 11704
f 10108 14767 14768
f 10108 14768 10107
f 10465 12320 10464
f 11158 11711 11157
f 10822 12026 10821
f 13973 14863 13972
f 13973 14861 14862
f 13973 14862 14863
f 8869 13979 8868
f 8554 14315 8553
f 13196 9799 13195
f 12020 11164 12019
f 12923 10114 12922
f 12314 10828 12313
f 14309 8875 14308
f 14561 8560 14560
f 8165 8166 9186
f 8165 9186 9187
f 11478 11479 11705
f 11710 11711 11158
f 11163 11164 12020
f 9798 9799 13196
f 10113 10114 12923
f 10827 10828 12314
f 12319 12320 10465
f 14314 14315 8554
f 8164 8165 9187
f 8164 9187 9188
f 10109 14767 10108
f 11474 7807 11473
f 13974 14861 13973
f 13974 14860 14861
f 8238 13477 13478
f 8163 9188 14831
f 8163 14831 14832
f 8163 8164 9188
f 8239 13477 8238
f 8239 13476 13477
f 14658 9520 9521
f 14658 9521 9522
f 14659 9518 9519
f 14659 9519 9520
f 14659 9520 14658
f 8162 14833 14845
f 8162 8163 14832
f 8162 14832 14833
f 14657 9522 9523
f 14657 14658 9522
f 8240 13476 8239
f 14660 9518 14659
f 14660 13203 13204
f 14660 13204 9518
f 14656 9523 9524
f 14656 9524 9525
f 14656 14657 9523
f 14640 13203 14660
f 14640 13202 13203
f 14655 9525 9526
f 14655 14656 9525
f 14655 9526 13468
f 14641 13202 14640
f 14641 13201 13202
f 14654 13468 13469
f 14654 13469 13470
f 14654 14655 13468
f 14642 13200 13201
f 14642 13201 14641
f 11465 11708 11709
f 10100 12926 12927
f 10457 14754 14755
f 10457 14755 14756
f 10814 12317 12318
f 9785 13199 13200
f 9785 13200 14642
f 11150 12023 12024
f 9176 13976 13977
f 13776 14847 14848
f 13776 14848 14849
f 8546 14564 14565
f 9512 13472 13473
f 8861 14312 14313
f 14595 14569 14570
f 13503 8241 8242
f 11739 11161 11162
f 12348 10468 10469
f 12663 10111 10112
f 12054 10825 10826
f 14007 8872 8873
f 14343 8557 8558
f 10101 12925 12926
f 10101 12926 10100
f 10458 14754 10457
f 10458 14753 14754
f 9786 13198 13199
f 9786 13199 9785
f 10815 12316 12317
f 10815 12317 10814
f 11151 12023 11150
f 11151 12022 12023
f 11466 11707 11708
f 11466 11708 11465
f 13777 14846 14847
f 13777 14847 13776
f 9177 13976 9176
f 9177 13975 13976
f 9513 13471 13472
f 9513 13472 9512
f 14596 14568 14569
f 14596 14569 14595
f 8862 14312 8861
f 8862 14311 14312
f 8547 14563 14564
f 8547 14564 8546
f 13504 13476 8240
f 13504 8240 8241
f 13504 8241 13503
f 11740 11160 11161
f 11740 11161 11739
f 12349 10468 12348
f 12349 10467 10468
f 12055 10825 12054
f 12055 10824 10825
f 12664 10111 12663
f 12664 10110 10111
f 14008 8872 14007
f 14008 8871 8872
f 14344 8557 14343
f 14344 8556 8557
f 10099 10100 12927
f 10099 12927 12928
f 10456 14756 14764
f 10456 10457 14756
f 10456 14764 14765
f 9784 9785 14642
f 9784 14642 14643
f 10813 10814 12318
f 10813 12318 12319
f 11464 11709 11710
f 11464 11465 11709
f 13775 14849 14850
f 13775 13776 14849
f 9175 13977 13978
f 9175 9176 13977
f 11149 11150 12024
f 11149 12024 12025
f 9511 13473 13474
f 9511 9512 13473
f 14594 14570 14571
f 14594 14595 14570
f 8860 8861 14313
f 8860 14313 14314
f 8545 14565 14566
f 8545 8546 14565
f 13502 8242 8243
f 13502 13503 8242
f 11738 11739 11162
f 11738 11162 11163
f 12053 10826 10827
f 12053 12054 10826
f 12347 12348 10469
f 12347 10469 10470
f 12662 12663 10112
f 12662 10112 10113
f 14006 14007 8873
f 14006 8873 8874
f 14342 14343 8558
f 14342 8558 8559
f 10102 12925 10101
f 10102 12924 12925
f 10459 14753 10458
f 10459 14752 14753
f 13778 14846 13777
f 13778 14845 14846
f 9787 13197 13198
f 9787 13198 9786
f 11152 12022 11151
f 11152 12021 12022
f 9178 14860 13974
f 9178 13975 9177
f 9178 13974 13975
f 10816 12316 10815
f 10816 12315 12316
f 11467 11707 11466
f 11467 11706 11707
f 8863 14310 14311
f 8863 14311 8862
f 14597 14567 14568
f 14597 14568 14596
f 8548 14563 8547
f 8548 14562 14563
f 9514 13470 13471
f 9514 13471 9513
f 13505 13476 13504
f 13505 13475 13476
f 11741 11159 11160
f 11741 11160 11740
f 12665 10110 12664
f 12665 10109 10110
f 12350 10467 12349
f 12350 10466 10467
f 12056 10824 12055
f 12056 10823 10824
f 14009 8870 8871
f 14009 8871 14008
f 14345 8555 8556
f 14345 8556 14344
f 8250 8247 8251
f 10812 12319 10465
f 10812 10813 12319
f 10098 10099 12928
f 10098 12928 12929
f 10455 14765 14766
f 10455 10456 14765
f 11148 12026 10822
f 11148 12025 12026
f 11148 11149 12025
f 11463 11710 11158
f 11463 11464 11710
f 9783 14643 14644
f 9783 9784 14643
f 13774 14851 14859
f 13774 14850 14851
f 13774 13775 14850
f 9174 13978 13979
f 9174 9175 13978
f 9174 13979 8869
f 8544 14566 14567
f 8544 8545 14566
f 9510 9511 13474
f 9510 13474 13475
f 14593 14571 14572
f 14593 14594 14571
f 8859 8860 14314
f 8859 14314 8554
f 13501 8243 8244
f 13501 13502 8243
f 11737 11163 12020
f 11737 11738 11163
f 12052 10827 12314
f 12052 12053 10827
f 12346 10470 10471
f 12346 12347 10470
f 12661 12662 10113
f 12661 10113 12923
f 14341 14342 8559
f 14341 8560 14561
f 14341 8559 8560
f 14005 14006 8874
f 14005 8874 8875
f 14005 8875 14309
f 10082 12924 10102
f 10082 12923 12924
f 10082 12661 12923
f 10439 14752 10459
f 10439 10471 14752
f 10439 12346 10471
f 10796 12315 10816
f 10796 12052 12314
f 10796 12314 12315
f 11447 11478 11705
f 11447 11706 11467
f 11447 11705 11706
f 9767 13196 13197
f 9767 13197 9787
f 8249 8247 8250
f 8249 8246 8247
f 9158 14860 9178
f 9158 13774 14859
f 9158 14859 14860
f 11132 12021 11152
f 11132 11737 12020
f 11132 12020 12021
f 9494 14654 13470
f 9494 13470 9514
f 9494 14653 14654
f 8843 14005 14309
f 8843 14310 8863
f 8843 14309 14310
f 14577 8544 14567
f 14577 14567 14597
f 8528 14562 8548
f 8528 14341 14561
f 8528 14561 14562
f 13485 9510 13475
f 13485 13475 13505
f 11721 11158 11159
f 11721 11159 11741
f 11721 11463 11158
f 12036 11148 10822
f 12036 10823 12056
f 12036 10822 10823
f 12645 14766 14767
f 12645 14767 10109
f 12645 10109 12665
f 12645 10455 14766
f 12330 10465 10466
f 12330 10812 10465
f 12330 10466 12350
f 13989 9174 8869
f 13989 8869 8870
f 13989 8870 14009
f 14325 8859 8554
f 14325 8554 8555
f 14325 8555 14345
f 10097 10098 12939
f 10454 10455 12645
f 11462 11463 11721
f 10811 10812 12330
f 11147 11148 12036
f 9782 9783 14644
f 13773 13774 9158
f 9173 9174 13989
f 9509 9510 13485
f 8858 8859 14325
f 8543 8544 14577
f 13500 8244 8245
f 13500 13501 8244
f 11736 11737 11132
f 12345 12346 10439
f 12051 12052 10796
f 12660 12661 10082
f 14004 14005 8843
f 14340 14341 8528
f 8266 8245 8246
f 8266 8246 8249
f 8266 13500 8245
f 10083 12660 10082
f 10440 12345 10439
f 9159 13773 9158
f 10797 12051 10796
f 11133 11736 11132
f 9495 14653 9494
f 9495 14652 14653
f 11448 11478 11447
f 11448 11477 11478
f 8844 14004 8843
f 8529 14340 8528
f 14578 8543 14577
f 13486 9509 13485
f 12940 10097 12939
f 12646 10454 12645
f 12331 10811 12330
f 11722 11462 11721
f 12037 11147 12036
f 13990 9173 13989
f 14326 8858 14325
f 10096 10097 12940
f 11461 11462 11722
f 9781 14644 14645
f 9781 9782 14644
f 10453 10454 12646
f 10810 10811 12331
f 11146 11147 12037
f 8857 8858 14326
f 13772 13773 9159
f 9172 9173 13990
f 8542 8543 14578
f 9508 9509 13486
f 13499 13500 8266
f 11735 11736 11133
f 12050 12051 10797
f 12344 12345 10440
f 12659 12660 10083
f 14003 14004 8844
f 14339 14340 8529
f 8265 13499 8266
f 11449 11476 11477
f 11449 11477 11448
f 10084 12659 10083
f 9160 13772 9159
f 10798 12050 10797
f 11134 11735 11133
f 10441 12344 10440
f 8845 14003 8844
f 14579 8542 14578
f 8530 14339 8529
f 9496 14652 9495
f 9496 14651 14652
f 12941 10096 12940
f 13487 9508 13486
f 11723 11461 11722
f 12038 11146 12037
f 12332 10810 12331
f 12647 10453 12646
f 13991 9172 13990
f 14327 8857 14326
f 10095 10096 12941
f 10809 10810 12332
f 11460 11461 11723
f 9780 9781 14645
f 9780 14645 14646
f 11145 11146 12038
f 13771 13772 9160
f 10452 10453 12647
f 9171 9172 13991
f 8856 8857 14327
f 8541 8542 14579
f 9507 9508 13487
f 11734 11735 11134
f 13498 13499 8265
f 12343 12344 10441
f 12658 12659 10084
f 12049 12050 10798
f 14002 14003 8845
f 14338 14339 8530
f 8264 13498 8265
f 10085 12658 10084
f 10442 12343 10441
f 10799 12049 10798
f 11135 11734 11134
f 11450 11475 11476
f 11450 11476 11449
f 9161 13771 9160
f 9497 14651 9496
f 8846 14002 8845
f 14580 8541 14579
f 8531 14338 8530
f 13488 9507 13487
f 12942 10095 12941
f 11724 11460 11723
f 12039 11145 12038
f 12333 10809 12332
f 12648 10452 12647
f 13992 9171 13991
f 14328 8856 14327
f 10808 10809 12333
f 10094 10095 12942
f 11459 11460 11724
f 9779 9780 14646
f 11144 11145 12039
f 10451 10452 12648
f 13770 13771 9161
f 8855 8856 14328
f 9170 9171 13992
f 8540 8541 14580
f 9506 9507 13488
f 13497 13498 8264
f 11733 11734 11135
f 12048 12049 10799
f 12342 12343 10442
f 12657 12658 10085
f 14001 14002 8846
f 14337 14338 8531
f 8263 13497 8264
f 11136 11733 11135
f 10086 12657 10085
f 10800 12048 10799
f 10443 12342 10442
f 9498 14651 9497
f 9498 14650 14651
f 11451 11475 11450
f 11451 11474 11475
f 8847 14001 8846
f 9162 13770 9161
f 14581 8540 14580
f 8532 14337 8531
f 12943 10094 12942
f 13489 9506 13488
f 11725 11459 11724
f 12334 10808 12333
f 13993 9170 13992
f 12040 11144 12039
f 12649 10451 12648
f 14329 8855 14328
f 10093 10094 12943
f 11143 11144 12040
f 10807 10808 12334
f 11458 11459 11725
f 9778 9779 14646
f 9778 14646 14647
f 10450 10451 12649
f 9169 9170 13993
f 13769 13770 9162
f 8539 8540 14581
f 8854 8855 14329
f 9505 9506 13489
f 11732 11733 11136
f 13496 13497 8263
f 12047 12048 10800
f 12341 12342 10443
f 12656 12657 10086
f 14000 14001 8847
f 14336 14337 8532
f 8262 13496 8263
f 10444 12341 10443
f 10087 12656 10086
f 10801 12047 10800
f 11137 11732 11136
f 11452 11474 11451
f 11452 7807 11474
f 9163 13769 9162
f 8533 14336 8532
f 14582 8539 14581
f 8848 14000 8847
f 13490 9505 13489
f 12944 10093 12943
f 11726 11458 11725
f 13994 9169 13993
f 12041 11143 12040
f 12335 10807 12334
f 12650 10450 12649
f 14330 8854 14329
f 11457 11458 11726
f 13768 13769 9163
f 9504 9505 13490
f 11731 11732 11137
f 12046 12047 10801
f 12655 12656 10087
f 13999 14000 8848
f 10436 12653 12654
f 10793 12338 12339
f 11129 12044 12045
f 11444 11729 11730
f 10079 12947 12948
f 13524 8259 8258
f 9491 13493 13494
f 8840 14333 14334
f 14364 8536 8537
f 14616 14590 14591
f 9155 13997 13998
f 8525 14585 14586
f 12684 10090 10091
f 13230 9502 9503
f 11760 11140 11141
f 13797 9166 9167
f 12075 10804 10805
f 12369 10447 10448
f 14028 8851 8852
f 335 14649 334
f 335 14648 14649
f 10080 12947 10079
f 10080 12946 12947
f 10437 12652 12653
f 10437 12653 10436
f 13525 8260 8259
f 13525 8259 13524
f 10794 12338 10793
f 10794 12337 12338
f 11130 12043 12044
f 11130 12044 11129
f 9492 13492 13493
f 9492 13493 9491
f 11445 11729 11444
f 11445 11728 11729
f 8841 14332 14333
f 8841 14333 8840
f 14365 8535 8536
f 14365 8536 14364
f 9156 13997 9155
f 9156 13996 13997
f 8526 14585 8525
f 8526 14584 14585
f 14617 14589 14590
f 14617 14590 14616
f 12685 10089 10090
f 12685 10090 12684
f 13231 9502 13230
f 13231 9501 9502
f 11761 11139 11140
f 11761 11140 11760
f 12076 10804 12075
f 12076 10803 10804
f 13798 9166 13797
f 13798 9165 9166
f 12370 10447 12369
f 12370 10446 10447
f 14029 8850 8851
f 14029 8851 14028
f 333 334 14649
f 333 14650 9498
f 333 14649 14650
f 10792 10793 12339
f 10792 12339 12340
f 10435 12654 12655
f 10435 10436 12654
f 11443 11444 11730
f 11443 11730 11731
f 10078 12948 12949
f 10078 10079 12948
f 9154 9155 13998
f 9154 13998 13999
f 13523 8258 8257
f 13523 13524 8258
f 11128 11129 12045
f 11128 12045 12046
f 9490 13494 13495
f 9490 9491 13494
f 8839 14334 14335
f 8839 8840 14334
f 14615 14591 14592
f 14615 14616 14591
f 14363 8537 8538
f 14363 14364 8537
f 13229 13230 9503
f 13229 9503 9504
f 12683 12684 10091
f 12683 10091 10092
f 8524 8525 14586
f 8524 14586 14587
f 11759 11141 11142
f 11759 11760 11141
f 12074 12075 10805
f 12074 10805 10806
f 12368 12369 10448
f 12368 10448 10449
f 13796 13797 9167
f 13796 9167 9168
f 14027 8852 8853
f 14027 14028 8852
f 336 14648 335
f 336 14647 14648
f 10438 12651 12652
f 10438 12652 10437
f 9157 13995 13996
f 9157 13996 9156
f 10081 12946 10080
f 10081 12945 12946
f 13526 8261 8260
f 13526 8260 13525
f 10795 12337 10794
f 10795 12336 12337
f 11131 12042 12043
f 11131 12043 11130
f 9493 13492 9492
f 9493 13491 13492
f 11446 11728 11445
f 11446 11727 11728
f 14366 8534 8535
f 14366 8535 14365
f 8842 14331 14332
f 8842 14332 8841
f 14618 14588 14589
f 14618 14589 14617
f 8527 14583 14584
f 8527 14584 8526
f 13232 9501 13231
f 13232 9500 9501
f 12686 10089 12685
f 12686 10088 10089
f 11762 11138 11139
f 11762 11139 11761
f 12077 10803 12076
f 12077 10802 10803
f 12371 10445 10446
f 12371 10446 12370
f 13799 9164 9165
f 13799 9165 13798
f 14030 8849 8850
f 14030 8850 14029
f 332 333 9498
f 332 9498 9499
f 10434 12655 10087
f 10434 10435 12655
f 10791 12341 10444
f 10791 10792 12340
f 10791 12340 12341
f 11127 11128 12046
f 11127 12046 10801
f 11442 11731 11137
f 11442 11443 11731
f 10077 12949 12950
f 10077 10078 12949
f 8838 14336 8533
f 8838 14335 14336
f 8838 8839 14335
f 9153 9154 13999
f 9153 13999 8848
f 13522 8257 8256
f 13522 13523 8257
f 9489 13495 13496
f 9489 13496 8262
f 9489 9490 13495
f 14362 8538 8539
f 14362 8539 14582
f 14362 14363 8538
f 14614 14615 14592
f 8523 14587 14588
f 8523 8524 14587
f 13228 9504 13490
f 13228 13229 9504
f 12682 10093 12944
f 12682 12683 10092
f 12682 10092 10093
f 11758 11142 11143
f 11758 11759 11142
f 11758 11143 12041
f 12367 10450 12650
f 12367 10449 10450
f 12367 12368 10449
f 13795 13796 9168
f 13795 9168 9169
f 13795 9169 13994
f 12073 12074 10806
f 12073 10807 12335
f 12073 10806 10807
f 14026 14027 8853
f 14026 8853 8854
f 14026 8854 14330
f 295 9778 14647
f 295 14647 336
f 10418 12650 12651
f 10418 12367 12650
f 10418 12651 10438
f 11111 12041 12042
f 11111 11758 12041
f 11111 12042 11131
f 10061 12945 10081
f 10061 12682 12944
f 10061 12944 12945
f 10775 12336 10795
f 10775 12073 12335
f 10775 12335 12336
f 9473 13228 13490
f 9473 13490 13491
f 9473 13491 9493
f 11426 11727 11446
f 11426 11457 11726
f 11426 11726 11727
f 13506 9489 8262
f 13506 8261 13526
f 13506 8262 8261
f 8268 13522 8256
f 9137 13995 9157
f 9137 13994 13995
f 9137 13795 13994
f 8822 14331 8842
f 8822 14330 14331
f 8822 14026 14330
f 14346 8838 8533
f 14346 8533 8534
f 14346 8534 14366
f 14598 8523 14588
f 14598 14588 14618
f 12666 10088 12686
f 12666 10434 10087
f 12666 10087 10088
f 8507 14582 14583
f 8507 14583 8527
f 8507 14362 14582
f 13212 9500 13232
f 13212 332 9499
f 13212 9499 9500
f 11742 11138 11762
f 11742 11137 11138
f 11742 11442 11137
f 12057 10802 12077
f 12057 10801 10802
f 12057 11127 10801
f 13779 9163 9164
f 13779 9164 13799
f 13779 13768 9163
f 12351 10444 10445
f 12351 10445 12371
f 12351 10791 10444
f 14010 8848 8849
f 14010 8849 14030
f 14010 9153 8848
f 331 332 13212
f 13521 13522 8268
f 10076 10077 12960
f 10790 10791 12351
f 11126 11127 12057
f 10433 10434 12666
f 11441 11442 11742
f 9152 9153 14010
f 9488 9489 13506
f 14361 14362 8507
f 8837 8838 14346
f 12681 12682 10061
f 13227 13228 9473
f 8522 8523 14598
f 11757 11758 11111
f 12072 12073 10775
f 12366 12367 10418
f 13794 13795 9137
f 14025 14026 8822
f 8285 13521 8268
f 11112 11757 11111
f 10776 12072 10775
f 10419 12366 10418
f 11427 11456 11457
f 11427 11457 11426
f 10062 12681 10061
f 13507 9488 13506
f 9474 13227 9473
f 8823 14025 8822
f 9138 13794 9137
f 14347 8837 14346
f 8508 14361 8507
f 12961 10076 12960
f 13213 331 13212
f 14599 8522 14598
f 12667 10433 12666
f 11743 11441 11742
f 12352 10790 12351
f 14011 9152 14010
f 12058 11126 12057
f 330 331 13213
f 11440 11441 11743
f 10075 10076 12961
f 13520 13521 8285
f 10789 10790 12352
f 11125 11126 12058
f 10432 10433 12667
f 9487 9488 13507
f 9151 9152 14011
f 8836 8837 14347
f 14360 14361 8508
f 8521 8522 14599
f 12680 12681 10062
f 13226 13227 9474
f 11756 11757 11112
f 12071 12072 10776
f 13793 13794 9138
f 12365 12366 10419
f 14024 14025 8823
f 8284 13520 8285
f 10420 12365 10419
f 10777 12071 10776
f 11113 11756 11112
f 11428 11455 11456
f 11428 11456 11427
f 10063 12680 10062
f 13508 9487 13507
f 9139 13793 9138
f 9475 13226 9474
f 14600 8521 14599
f 8824 14024 8823
f 14348 8836 14347
f 8509 14360 8508
f 13214 330 13213
f 11744 11440 11743
f 12668 10432 12667
f 12962 10075 12961
f 12059 11125 12058
f 12353 10789 12352
f 14012 9151 14011
f 10431 10432 12668
f 11439 11440 11744
f 10074 10075 12962
f 13519 13520 8284
f 10788 10789 12353
f 9150 9151 14012
f 11124 11125 12059
f 9486 9487 13508
f 8835 8836 14348
f 14359 14360 8509
f 13225 13226 9475
f 12679 12680 10063
f 8520 8521 14600
f 11755 11756 11113
f 12070 12071 10777
f 12364 12365 10420
f 13792 13793 9139
f 14023 14024 8824
f 329 330 13214
f 8283 13519 8284
f 10421 12364 10420
f 10064 12679 10063
f 11114 11755 11113
f 10778 12070 10777
f 9476 13225 9475
f 11429 11454 11455
f 11429 11455 11428
f 13509 9486 13508
f 8825 14023 8824
f 9140 13792 9139
f 14349 8835 14348
f 14601 8520 14600
f 8510 14359 8509
f 12669 10431 12668
f 12963 10074 12962
f 13215 329 13214
f 11745 11439 11744
f 12060 11124 12059
f 12354 10788 12353
f 14013 9150 14012
f 10430 10431 12669
f 11438 11439 11745
f 10073 10074 12963
f 13518 13519 8283
f 10787 10788 12354
f 11123 11124 12060
f 9485 9486 13509
f 8834 8835 14349
f 9149 9150 14013
f 14358 14359 8510
f 8519 8520 14601
f 12678 12679 10064
f 13224 13225 9476
f 11754 11755 11114
f 12069 12070 10778
f 13791 13792 9140
f 12363 12364 10421
f 14022 14023 8825
f 328 329 13215
f 8282 13518 8283
f 11115 11754 11114
f 10779 12069 10778
f 11430 11453 11454
f 11430 11454 11429
f 10065 12678 10064
f 10422 12363 10421
f 9477 13224 9476
f 14350 8834 14349
f 8826 14022 8825
f 13510 9485 13509
f 9141 13791 9140
f 14602 8519 14601
f 12964 10073 12963
f 8511 14358 8510
f 12670 10430 12669
f 13216 328 13215
f 11746 11438 11745
f 12061 11123 12060
f 12355 10787 12354
f 14014 9149 14013
f 10786 10787 12355
f 11122 11123 12061
f 11437 11438 11746
f 13517 13518 8282
f 9148 9149 14014
f 10072 10073 12964
f 8833 8834 14350
f 10429 10430 12670
f 9484 9485 13510
f 14357 14358 8511
f 8518 8519 14602
f 13223 13224 9477
f 12677 12678 10065
f 11753 11754 11115
f 12068 12069 10779
f 12362 12363 10422
f 13790 13791 9141
f 14021 14022 8826
f 8281 13517 8282
f 10066 12677 10065
f 10423 12362 10422
f 13511 9484 13510
f 10780 12068 10779
f 11116 11753 11115
f 9478 13223 9477
f 11431 11453 11430
f 11431 11452 11453
f 8827 14021 8826
f 9142 13790 9141
f 14351 8833 14350
f 8512 14357 8511
f 12671 10429 12670
f 14603 8518 14602
f 12965 10072 12964
f 11747 11437 11746
f 12062 11122 12061
f 12356 10786 12355
f 14015 9148 14014
f 11436 11437 11747
f 9483 9484 13511
f 14356 14357 8512
f 8517 8518 14603
f 13222 13223 9478
f 11752 11753 11116
f 12067 12068 10780
f 13789 13790 9142
f 11676 14612 14613
f 11677 14611 14612
f 11677 14612 11676
f 11675 11676 14613
f 11675 14592 14593
f 11675 14613 14614
f 11675 14614 14592
f 11678 14609 14610
f 11678 14610 14611
f 11678 14611 11677
f 8358 325 326
f 8359 325 8358
f 8357 326 327
f 8357 8358 326
f 8360 323 324
f 8360 324 325
f 8360 325 8359
f 11674 11675 14593
f 8356 328 13216
f 8356 327 328
f 8356 8357 327
f 11658 14608 14609
f 11658 14609 11678
f 8355 13216 13217
f 8355 8356 13216
f 8354 8355 13217
f 8354 13217 13218
f 11659 14608 11658
f 11659 14607 14608
f 8353 8354 13218
f 9764 13220 13221
f 10058 12968 12969
f 10415 12674 12675
f 11108 12065 12066
f 10772 12359 12360
f 13251 9481 9482
f 9470 13514 13515
f 11423 11750 11751
f 14049 8830 8831
f 9134 14018 14019
f 8819 14354 14355
f 14385 8515 8516
f 12390 10426 10427
f 8504 14606 14607
f 12705 10069 10070
f 11781 11119 11120
f 12096 10783 10784
f 13545 8278 8277
f 13818 9145 9146
f 9765 13220 9764
f 9765 13219 13220
f 11109 12064 12065
f 11109 12065 11108
f 10773 12358 12359
f 10773 12359 10772
f 11424 11749 11750
f 11424 11750 11423
f 10059 12967 12968
f 10059 12968 10058
f 13252 9481 13251
f 13252 9480 9481
f 10416 12674 10415
f 10416 12673 12674
f 9471 13514 9470
f 9471 13513 13514
f 8820 14354 8819
f 8820 14353 14354
f 14386 8514 8515
f 14386 8515 14385
f 9135 14018 9134
f 9135 14017 14018
f 14050 8829 8830
f 14050 8830 14049
f 8505 14605 14606
f 8505 14606 8504
f 11782 11119 11781
f 11782 11118 11119
f 12391 10425 10426
f 12391 10426 12390
f 12706 10068 10069
f 12706 10069 12705
f 13546 8279 8278
f 13546 8278 13545
f 12097 10782 10783
f 12097 10783 12096
f 13819 9144 9145
f 13819 9145 13818
f 9763 9764 13221
f 9763 13221 13222
f 11107 12066 12067
f 11107 11108 12066
f 10057 12969 12970
f 10057 10058 12969
f 13250 13251 9482
f 13250 9482 9483
f 10414 10415 12675
f 10414 12675 12676
f 10771 12360 12361
f 10771 10772 12360
f 9469 9470 13515
f 9469 13515 13516
f 11422 11423 11751
f 11422 11751 11752
f 14048 8831 8832
f 14048 14049 8831
f 12704 10070 10071
f 12704 12705 10070
f 9133 14019 14020
f 9133 9134 14019
f 14384 8516 8517
f 14384 14385 8516
f 12389 10427 10428
f 12389 12390 10427
f 8818 8819 14355
f 8818 14355 14356
f 8503 14607 11659
f 8503 11659 11660
f 8503 8504 14607
f 11780 11781 11120
f 11780 11120 11121
f 12095 10784 10785
f 12095 12096 10784
f 13544 8277 8276
f 13544 13545 8277
f 13817 9146 9147
f 13817 13818 9146
f 9766 13219 9765
f 9766 13218 13219
f 9766 8353 13218
f 10060 12966 12967
f 10060 12967 10059
f 13253 9480 13252
f 13253 9479 9480
f 10774 12357 12358
f 10774 12358 10773
f 11110 12064 11109
f 11110 12063 12064
f 9472 13513 9471
f 9472 13512 13513
f 11425 11748 11749
f 11425 11749 11424
f 10417 12673 10416
f 10417 12672 12673
f 9136 14016 14017
f 9136 14017 9135
f 8821 14353 8820
f 8821 14352 14353
f 12707 10068 12706
f 12707 10067 10068
f 14051 8828 8829
f 14051 8829 14050
f 14387 8513 8514
f 14387 8514 14386
f 12392 10424 10425
f 12392 10425 12391
f 8506 14605 8505
f 8506 14604 14605
f 11783 11118 11782
f 11783 11117 11118
f 12098 10781 10782
f 12098 10782 12097
f 13547 8279 13546
f 13547 8280 8279
f 13820 9143 9144
f 13820 9144 13819
f 9762 13222 9478
f 9762 9763 13222
f 13249 13250 9483
f 13249 9483 13511
f 10056 10057 12970
f 10770 12361 12362
f 10770 12362 10423
f 10770 10771 12361
f 11106 12067 10780
f 11106 11107 12067
f 11421 11422 11752
f 11421 11752 11116
f 10413 10414 12676
f 10413 12677 10066
f 10413 12676 12677
f 9132 14021 8827
f 9132 14020 14021
f 9132 9133 14020
f 14383 14384 8517
f 14383 8517 14603
f 9468 13517 8281
f 9468 9469 13516
f 9468 13516 13517
f 8817 8818 14356
f 8817 14356 8512
f 12703 10072 12965
f 12703 10071 10072
f 12703 12704 10071
f 14047 14048 8832
f 14047 8832 8833
f 14047 8833 14351
f 8502 8503 11660
f 8502 11660 11661
f 12388 10428 10429
f 12388 12389 10428
f 12388 10429 12671
f 11779 11122 12062
f 11779 11780 11121
f 11779 11121 11122
f 12094 10785 10786
f 12094 10786 12356
f 12094 12095 10785
f 13543 8276 8275
f 13543 13544 8276
f 13816 9147 9148
f 13816 9148 14015
f 13816 13817 9147
f 9746 8353 9766
f 9746 8352 8353
f 11405 11747 11748
f 11405 11436 11747
f 11405 11748 11425
f 13233 9762 9478
f 13233 9478 9479
f 13233 9479 13253
f 10754 12356 12357
f 10754 12094 12356
f 10754 12357 10774
f 11090 12062 12063
f 11090 12063 11110
f 11090 11779 12062
f 9452 13511 13512
f 9452 13249 13511
f 9452 13512 9472
f 10040 12966 10060
f 10040 12965 12966
f 10040 12703 12965
f 8287 13543 8275
f 10397 12388 12671
f 10397 12672 10417
f 10397 12671 12672
f 9116 13816 14015
f 9116 14015 14016
f 9116 14016 9136
f 14031 8827 8828
f 14031 8828 14051
f 14031 9132 8827
f 8801 14047 14351
f 8801 14351 14352
f 8801 14352 8821
f 14367 8512 8513
f 14367 8513 14387
f 14367 8817 8512
f 8486 14604 8506
f 8486 14603 14604
f 8486 14383 14603
f 12372 10423 10424
f 12372 10424 12392
f 12372 10770 10423
f 12687 10413 10066
f 12687 10066 10067
f 12687 10067 12707
f 11763 11117 11783
f 11763 11116 11117
f 11763 11421 11116
f 12078 11106 10780
f 12078 10781 12098
f 12078 10780 10781
f 13800 9143 13820
f 13800 9142 9143
f 13800 13789 9142
f 13527 8280 13547
f 13527 9468 8281
f 13527 8281 8280
f 11105 11106 12078
f 11420 11421 11763
f 9761 9762 13233
f 10055 10056 8373
f 10055 8373 8374
f 13248 13249 9452
f 10769 10770 12372
f 9467 9468 13527
f 10412 10413 12687
f 9131 9132 14031
f 14046 14047 8801
f 8816 8817 14367
f 14382 14383 8486
f 8501 8502 11661
f 12387 12388 10397
f 12702 12703 10040
f 11778 11779 11090
f 12093 12094 10754
f 13815 13816 9116
f 13542 13543 8287
f 8304 13542 8287
f 9747 8352 9746
f 9747 8351 8352
f 11091 11778 11090
f 11406 11435 11436
f 11406 11436 11405
f 10041 12702 10040
f 10398 12387 10397
f 13234 9761 13233
f 10755 12093 10754
f 9453 13248 9452
f 8802 14046 8801
f 9117 13815 9116
f 14032 9131 14031
f 14368 8816 14367
f 12373 10769 12372
f 12688 10412 12687
f 8487 14382 8486
f 11764 11420 11763
f 12079 11105 12078
f 13528 9467 13527
f 9760 9761 13234
f 10054 10055 8374
f 10054 8374 8375
f 10054 8375 8376
f 11419 11420 11764
f 13247 13248 9453
f 9130 9131 14032
f 10768 10769 12373
f 11104 11105 12079
f 9466 9467 13528
f 14381 14382 8487
f 8815 8816 14368
f 10411 10412 12688
f 8500 8501 11661
f 8500 11661 11662
f 14045 14046 8802
f 12701 12702 10041
f 11777 11778 11091
f 12386 12387 10398
f 12092 12093 10755
f 13814 13815 9117
f 13541 13542 8304
f 8303 13541 8304
f 9748 8351 9747
f 11092 11777 11091
f 11407 11434 11435
f 11407 11435 11406
f 10042 12701 10041
f 10399 12386 10398
f 13235 9760 13234
f 9118 13814 9117
f 10756 12092 10755
f 14033 9130 14032
f 9454 13247 9453
f 8803 14045 8802
f 14369 8815 14368
f 8488 14381 8487
f 12374 10768 12373
f 12689 10411 12688
f 11765 11419 11764
f 12080 11104 12079
f 13529 9466 13528
f 9759 9760 13235
f 10053 10054 8376
f 10053 8376 8377
f 13246 13247 9454
f 10767 10768 12374
f 9465 9466 13529
f 11418 11419 11765
f 10410 10411 12689
f 14044 14045 8803
f 11103 11104 12080
f 12700 12701 10042
f 9129 9130 14033
f 14380 14381 8488
f 12385 12386 10399
f 8814 8815 14369
f 8499 8500 11662
f 11776 11777 11092
f 12091 12092 10756
f 13540 13541 8303
f 13813 13814 9118
f 8302 13540 8303
f 11663 8499 11662
f 11093 11776 11092
f 13236 9759 13235
f 10757 12091 10756
f 11408 11433 11434
f 11408 11434 11407
f 10043 12700 10042
f 10400 12385 10399
f 9119 13813 9118
f 14034 9129 14033
f 9455 13246 9454
f 8804 14044 8803
f 14370 8814 14369
f 8489 14380 8488
f 12375 10767 12374
f 12690 10410 12689
f 11766 11418 11765
f 12081 11103 12080
f 13530 9465 13529
f 9758 9759 13236
f 10052 10053 8377
f 10766 10767 12375
f 11417 11418 11766
f 10409 10410 12690
f 13245 13246 9455
f 9128 9129 14034
f 11102 11103 12081
f 9464 9465 13530
f 12384 12385 10400
f 8813 8814 14370
f 12699 12700 10043
f 14043 14044 8804
f 14379 14380 8489
f 8498 8499 11663
f 11775 11776 11093
f 12090 12091 10757
f 13539 13540 8302
f 13812 13813 9119
f 8301 13539 8302
f 11094 11775 11093
f 11409 11432 11433
f 11409 11433 11408
f 10044 12699 10043
f 10401 12384 10400
f 13237 9758 13236
f 10758 12090 10757
f 14035 9128 14034
f 9456 13245 9455
f 9120 13812 9119
f 14371 8813 14370
f 12376 10766 12375
f 8805 14043 8804
f 12691 10409 12690
f 8490 14379 8489
f 11767 11417 11766
f 13531 9464 13530
f 12082 11102 12081
f 9757 9758 13237
f 13244 13245 9456
f 10765 10766 12376
f 11101 11102 12082
f 9463 9464 13531
f 11416 11417 11767
f 10408 10409 12691
f 9127 9128 14035
f 14042 14043 8805
f 14378 14379 8490
f 8812 8813 14371
f 8497 11663 11664
f 8497 8498 11663
f 12383 12384 10401
f 12698 12699 10044
f 11774 11775 11094
f 12089 12090 10758
f 13811 13812 9120
f 13538 13539 8301
f 8300 13538 8301
f 11095 11774 11094
f 11410 11432 11409
f 11410 11431 11432
f 13238 9757 13237
f 10759 12089 10758
f 9457 13244 9456
f 8806 14042 8805
f 10045 12698 10044
f 10402 12383 10401
f 9121 13811 9120
f 14036 9127 14035
f 8491 14378 8490
f 14372 8812 14371
f 12377 10765 12376
f 12692 10408 12691
f 11768 11416 11767
f 12083 11101 12082
f 13532 9463 13531
f 9756 9757 13238
f 11415 11416 11768
f 10407 10408 12692
f 13243 13244 9457
f 9462 9463 13532
f 8811 8812 14372
f 8496 8497 11664
f 12382 12383 10402
f 11773 11774 11095
f 13810 13811 9121
f 7767 11669 11670
f 7767 11670 11671
f 7767 11671 11672
f 7767 11672 11673
f 7767 11673 11674
f 7767 14572 7760
f 7767 14593 14572
f 7767 11674 14593
f 7769 7767 7770
f 7768 7767 7769
f 7772 7768 7771
f 7772 7774 7773
f 7772 7771 7774
f 7772 7767 7768
f 9743 13241 13242
f 10037 8378 8379
f 11402 11771 11772
f 11087 12086 12087
f 13839 9124 9125
f 10394 12695 12696
f 10751 12380 12381
f 8420 14039 14040
f 9449 13535 13536
f 14406 8494 8495
f 8798 14375 14376
f 14070 8809 8810
f 12117 10762 10763
f 12411 10405 10406
f 12726 10048 10049
f 11802 11098 11099
f 13272 9460 9461
f 13566 8297 8296
f 9744 13241 9743
f 9744 13240 13241
f 10038 8378 10037
f 10038 10052 8377
f 10038 8377 8378
f 11403 11770 11771
f 11403 11771 11402
f 10395 12694 12695
f 10395 12695 10394
f 10752 12379 12380
f 10752 12380 10751
f 11088 12086 11087
f 11088 12085 12086
f 9450 13535 9449
f 9450 13534 13535
f 13840 9123 9124
f 13840 9124 13839
f 14071 8808 8809
f 14071 8809 14070
f 8421 14039 8420
f 8421 14038 14039
f 14407 8494 14406
f 14407 8493 8494
f 8484 11666 11667
f 8484 11667 8483
f 12118 10761 10762
f 12118 10762 12117
f 12412 10405 12411
f 12412 10404 10405
f 8799 14374 14375
f 8799 14375 8798
f 12727 10047 10048
f 12727 10048 12726
f 11803 11098 11802
f 11803 11097 11098
f 13273 9460 13272
f 13273 9459 9460
f 13567 8297 13566
f 13567 8298 8297
f 9742 9743 13242
f 9742 13242 13243
f 11401 11772 11773
f 11401 11402 11772
f 10036 10037 8379
f 10036 8379 8380
f 11086 12087 12088
f 11086 11087 12087
f 8482 11667 11668
f 8482 8483 11667
f 10393 12696 12697
f 10393 10394 12696
f 13838 9125 9126
f 13838 13839 9125
f 10750 12381 12382
f 10750 10751 12381
f 9448 9449 13536
f 9448 13536 13537
f 12116 10763 10764
f 12116 12117 10763
f 12725 10049 10050
f 12725 12726 10049
f 14405 14406 8495
f 14405 8495 8496
f 8419 8420 14040
f 8419 14040 14041
f 14069 8810 8811
f 14069 14070 8810
f 8797 8798 14376
f 8797 14376 14377
f 12410 12411 10406
f 12410 10406 10407
f 11801 11802 11099
f 11801 11099 11100
f 13271 9461 9462
f 13271 13272 9461
f 13565 13566 8296
f 13565 8296 8295
f 9745 13240 9744
f 9745 13239 13240
f 10039 10052 10038
f 10039 10051 10052
f 11089 12084 12085
f 11089 12085 11088
f 11404 11769 11770
f 11404 11770 11403
f 10396 12694 10395
f 10396 12693 12694
f 13841 9122 9123
f 13841 9123 13840
f 10753 12378 12379
f 10753 12379 10752
f 14072 8807 8808
f 14072 8808 14071
f 8422 14037 14038
f 8422 14038 8421
f 8485 11665 11666
f 8485 11666 8484
f 9451 13534 9450
f 9451 13533 13534
f 14408 8493 14407
f 14408 8492 8493
f 12119 10760 10761
f 12119 10761 12118
f 12413 10403 10404
f 12413 10404 12412
f 8800 14373 14374
f 8800 14374 8799
f 12728 10046 10047
f 12728 10047 12727
f 11804 11096 11097
f 11804 11097 11803
f 13274 9458 9459
f 13274 9459 13273
f 13568 8298 13567
f 13568 8299 8298
f 11400 11773 11095
f 11400 11401 11773
f 9741 13243 9457
f 9741 9742 13243
f 11085 11086 12088
f 11085 12088 12089
f 11085 12089 10759
f 13837 13838 9126
f 13837 9126 9127
f 13837 9127 14036
f 10392 12697 12698
f 10392 12698 10045
f 10392 10393 12697
f 10749 12382 10402
f 10749 10750 12382
f 14068 8811 14372
f 14068 14069 8811
f 8418 14042 8806
f 8418 8419 14041
f 8418 14041 14042
f 9447 13538 8300
f 9447 13537 13538
f 9447 9448 13537
f 8796 14377 14378
f 8796 8797 14377
f 8796 14378 8491
f 14404 8496 11664
f 14404 11664 11665
f 14404 14405 8496
f 8481 11668 11669
f 8481 8482 11668
f 12115 12116 10764
f 12115 10764 10765
f 12115 10765 12377
f 12409 12410 10407
f 12409 10407 12692
f 12724 12725 10050
f 12724 10050 10051
f 11800 11101 12083
f 11800 11801 11100
f 11800 11100 11101
f 13270 9462 13532
f 13270 13271 9462
f 13564 13565 8295
f 13564 8295 8294
f 11384 11769 11404
f 11384 11768 11769
f 11384 11415 11768
f 9725 13239 9745
f 9725 13238 13239
f 10019 10051 10039
f 10019 12724 10051
f 10376 12409 12692
f 10376 12692 12693
f 10376 12693 10396
f 10733 12377 12378
f 10733 12115 12377
f 10733 12378 10753
f 11069 11800 12083
f 11069 12083 12084
f 11069 12084 11089
f 9431 13270 13532
f 9431 13533 9451
f 9431 13532 13533
f 8402 13837 14036
f 8402 14037 8422
f 8402 14036 14037
f 8306 13564 8294
f 13821 9121 9122
f 13821 9122 13841
f 13821 13810 9121
f 14052 8806 8807
f 14052 8418 8806
f 14052 8807 14072
f 8465 11665 8485
f 8465 14404 11665
f 12099 10759 10760
f 12099 10760 12119
f 12099 11085 10759
f 8780 14372 14373
f 8780 14068 14372
f 8780 14373 8800
f 12393 10749 10402
f 12393 10403 12413
f 12393 10402 10403
f 12708 10046 12728
f 12708 10045 10046
f 12708 10392 10045
f 14388 8492 14408
f 14388 8796 8491
f 14388 8491 8492
f 11784 11095 11096
f 11784 11096 11804
f 11784 11400 11095
f 13254 9457 9458
f 13254 9741 9457
f 13254 9458 13274
f 13548 9447 8300
f 13548 8299 13568
f 13548 8300 8299
f 11399 11400 11784
f 9740 9741 13254
f 10034 10035 12981
f 10391 10392 12708
f 10748 10749 12393
f 11084 11085 12099
f 9446 9447 13548
f 13836 13837 8402
f 14067 14068 8780
f 8417 8418 14052
f 12114 12115 10733
f 8795 8796 14388
f 12408 12409 10376
f 12723 12724 10019
f 14403 14404 8465
f 8480 7767 7772
f 8480 11669 7767
f 8480 8481 11669
f 11799 11800 11069
f 13269 13270 9431
f 13563 13564 8306
f 8323 13563 8306
f 10020 12723 10019
f 10377 12408 10376
f 11070 11799 11069
f 11385 11415 11384
f 11385 11414 11415
f 12982 10034 12981
f 10734 12114 10733
f 9432 13269 9431
f 14053 8417 14052
f 8403 13836 8402
f 14389 8795 14388
f 8466 14403 8465
f 8781 14067 8780
f 12394 10748 12393
f 12709 10391 12708
f 11785 11399 11784
f 12100 11084 12099
f 13255 9740 13254
f 13549 9446 13548
f 9739 9740 13255
f 10033 10034 12982
f 11398 11399 11785
f 10390 10391 12709
f 10747 10748 12394
f 11083 11084 12100
f 9445 9446 13549
f 13835 13836 8403
f 8794 8795 14389
f 14066 14067 8781
f 8416 8417 14053
f 8479 8480 7772
f 12113 12114 10734
f 12407 12408 10377
f 12722 12723 10020
f 14402 14403 8466
f 11798 11799 11070
f 13268 13269 9432
f 13562 13563 8323
f 8322 13562 8323
f 10021 12722 10020
f 12983 10033 12982
f 11071 11798 11070
f 11386 11414 11385
f 11386 11413 11414
f 10378 12407 10377
f 10735 12113 10734
f 8404 13835 8403
f 9433 13268 9432
f 14390 8794 14389
f 8782 14066 8781
f 14054 8416 14053
f 8467 14402 8466
f 12101 11083 12100
f 12395 10747 12394
f 12710 10390 12709
f 11786 11398 11785
f 13256 9739 13255
f 13550 9445 13549
f 9738 9739 13256
f 10032 10033 12983
f 11082 11083 12101
f 11397 11398 11786
f 10389 10390 12710
f 13834 13835 8404
f 10746 10747 12395
f 8478 8479 7772
f 9444 9445 13550
f 14401 14402 8467
f 14065 14066 8782
f 8415 8416 14054
f 12112 12113 10735
f 8793 8794 14390
f 12406 12407 10378
f 12721 12722 10021
f 11797 11798 11071
f 13267 13268 9433
f 13561 13562 8322
f 8321 13561 8322
f 10022 12721 10021
f 12984 10032 12983
f 10379 12406 10378
f 10736 12112 10735
f 11072 11797 11071
f 11387 11412 11413
f 11387 11413 11386
f 8405 13834 8404
f 9434 13267 9433
f 12102 11082 12101
f 8783 14065 8782
f 12711 10389 12710
f 14055 8415 14054
f 14391 8793 14390
f 8468 14401 8467
f 12396 10746 12395
f 11787 11397 11786
f 13257 9738 13256
f 13551 9444 13550
f 9737 9738 13257
f 10031 10032 12984
f 11081 11082 12102
f 11396 11397 11787
f 10388 10389 12711
f 10745 10746 12396
f 14064 14065 8783
f 13833 13834 8405
f 9443 9444 13551
f 8792 8793 14391
f 8414 8415 14055
f 8477 8478 7772
f 12111 12112 10736
f 12405 12406 10379
f 12720 12721 10022
f 14400 14401 8468
f 11796 11797 11072
f 13266 13267 9434
f 13560 13561 8321
f 8320 13560 8321
f 10023 12720 10022
f 11073 11796 11072
f 11388 11411 11412
f 11388 11412 11387
f 12985 10031 12984
f 10380 12405 10379
f 10737 12111 10736
f 9435 13266 9434
f 14056 8414 14055
f 8406 13833 8405
f 14392 8792 14391
f 8469 14400 8468
f 8784 14064 8783
f 12397 10745 12396
f 12712 10388 12711
f 12103 11081 12102
f 11788 11396 11787
f 13258 9737 13257
f 13552 9443 13551
f 10030 10031 12985
f 9736 9737 13258
f 11080 11081 12103
f 11395 11396 11788
f 10387 10388 12712
f 13832 13833 8406
f 10744 10745 12397
f 14063 14064 8784
f 8413 8414 14056
f 9442 9443 13552
f 8791 8792 14392
f 14399 14400 8469
f 8476 8477 7772
f 12404 12405 10380
f 12719 12720 10023
f 11795 11796 11073
f 13265 13266 9435
f 13559 13560 8320
f 8319 13559 8320
f 11389 11411 11388
f 11389 11410 11411
f 10024 12719 10023
f 12986 10030 12985
f 10381 12404 10380
f 11074 11795 11073
f 9436 13265 9435
f 8785 14063 8784
f 14057 8413 14056
f 8407 13832 8406
f 12104 11080 12103
f 12398 10744 12397
f 12713 10387 12712
f 14393 8791 14392
f 8470 14399 8469
f 11789 11395 11788
f 13259 9736 13258
f 13553 9442 13552
f 9735 9736 13259
f 11079 11080 12104
f 11394 11395 11789
f 10743 10744 12398
f 8790 8791 14393
f 8475 8476 7772
f 12718 12719 10024
f 14637 10737 10738
f 14638 12111 10737
f 14638 12110 12111
f 14638 10737 14637
f 14636 10738 10739
f 14636 10739 10740
f 14636 14637 10738
f 14639 12109 12110
f 14639 12110 14638
f 14635 10740 10741
f 14635 14636 10740
f 14619 12107 12108
f 14619 12108 12109
f 14619 12109 14639
f 14634 10741 10742
f 14634 10742 10743
f 14634 14635 10741
f 14620 12107 14619
f 14620 12106 12107
f 14633 14634 10743
f 14621 12105 12106
f 14621 12106 14620
f 9722 13262 13263
f 10016 12989 12990
f 12747 10027 10028
f 10730 12401 12402
f 10373 12716 12717
f 11381 11792 11793
f 13587 8316 8315
f 8777 14396 14397
f 9113 14060 14061
f 9428 13556 13557
f 11823 11077 11078
f 12432 10384 10385
f 13860 8410 8411
f 14091 8788 8789
f 13293 9439 9440
f 9723 13261 13262
f 9723 13262 9722
f 10017 12989 10016
f 10017 12988 12989
f 12748 10026 10027
f 12748 10027 12747
f 10374 12716 10373
f 10374 12715 12716
f 11382 11791 11792
f 11382 11792 11381
f 13588 8317 8316
f 13588 8316 13587
f 10731 12401 10730
f 10731 12400 12401
f 9429 13555 13556
f 9429 13556 9428
f 11824 11077 11823
f 11824 11076 11077
f 8778 14395 14396
f 8778 14396 8777
f 13861 8409 8410
f 13861 8410 13860
f 9114 14059 14060
f 9114 14060 9113
f 14092 8788 14091
f 14092 8787 8788
f 12433 10383 10384
f 12433 10384 12432
f 13294 9438 9439
f 13294 9439 13293
f 8157 13830 13831
f 8158 13830 8157
f 8158 13829 13830
f 11380 11381 11793
f 11380 11793 11794
f 9721 9722 13263
f 9721 13263 13264
f 10015 10016 12990
f 10015 12990 12991
f 12746 10028 10029
f 12746 12747 10028
f 10372 10373 12717
f 10372 12717 12718
f 10729 12402 12403
f 10729 10730 12402
f 8776 14397 14398
f 8776 8777 14397
f 13586 8315 8314
f 13586 13587 8315
f 14090 14091 8789
f 14090 8789 8790
f 9427 13557 13558
f 9427 9428 13557
f 13859 8411 8412
f 13859 13860 8411
f 11822 11823 11078
f 11822 11078 11079
f 12431 12432 10385
f 12431 10385 10386
f 9112 14061 14062
f 9112 9113 14061
f 13292 9440 9441
f 13292 13293 9440
f 8156 13832 8407
f 8156 8157 13831
f 8156 13831 13832
f 9724 13260 13261
f 9724 13261 9723
f 10018 12988 10017
f 10018 12987 12988
f 12749 10025 10026
f 12749 10026 12748
f 10375 12715 10374
f 10375 12714 12715
f 10732 12399 12400
f 10732 12400 10731
f 11383 11791 11382
f 11383 11790 11791
f 8779 14394 14395
f 8779 14395 8778
f 13589 8318 8317
f 13589 8317 13588
f 13862 8408 8409
f 13862 8409 13861
f 9430 13554 13555
f 9430 13555 9429
f 11825 11075 11076
f 11825 11076 11824
f 12434 10382 10383
f 12434 10383 12433
f 9115 14058 14059
f 9115 14059 9114
f 14093 8787 14092
f 14093 8786 8787
f 13295 9437 9438
f 13295 9438 13294
f 8159 13829 8158
f 8159 13828 13829
f 8155 8407 8408
f 8155 8156 8407
f 9720 13264 13265
f 9720 9721 13264
f 9720 13265 9436
f 10014 10015 12991
f 12745 10030 12986
f 12745 10029 10030
f 12745 12746 10029
f 10371 10372 12718
f 10371 12718 10024
f 10728 10729 12403
f 10728 12403 12404
f 10728 12404 10381
f 9426 13558 13559
f 9426 9427 13558
f 9426 13559 8319
f 11379 11795 11074
f 11379 11794 11795
f 11379 11380 11794
f 13585 8314 8313
f 13585 13586 8314
f 9111 14062 14063
f 9111 9112 14062
f 9111 14063 8785
f 13858 8412 8413
f 13858 13859 8412
f 13858 8413 14057
f 11821 11079 12104
f 11821 11822 11079
f 8775 14398 14399
f 8775 8776 14398
f 8775 14399 8470
f 12430 10387 12713
f 12430 10386 10387
f 12430 12431 10386
f 14089 8790 14393
f 14089 14090 8790
f 13291 9441 9442
f 13291 9442 13553
f 13291 13292 9441
f 9704 13259 13260
f 9704 13260 9724
f 9998 12987 10018
f 9998 12986 12987
f 9998 12745 12986
f 12729 10024 10025
f 12729 10025 12749
f 12729 10371 10024
f 10355 12714 10375
f 10355 12713 12714
f 10355 12430 12713
f 11363 11789 11790
f 11363 11394 11789
f 11363 11790 11383
f 9410 13553 13554
f 9410 13554 9430
f 9410 13291 13553
f 8759 14393 14394
f 8759 14394 8779
f 8759 14089 14393
f 13569 8319 8318
f 13569 9426 8319
f 13569 8318 13589
f 9095 14058 9115
f 9095 13858 14057
f 9095 14057 14058
f 10712 12399 10732
f 10712 12398 12399
f 10712 14633 10743
f 10712 10743 12398
f 14073 8786 14093
f 14073 9111 8785
f 14073 8785 8786
f 13842 8155 8408
f 13842 8408 13862
f 11805 11074 11075
f 11805 11075 11825
f 11805 11379 11074
f 12414 10382 12434
f 12414 10728 10381
f 12414 10381 10382
f 13275 9436 9437
f 13275 9437 13295
f 13275 9720 9436
f 8154 8155 13842
f 9719 9720 13275
f 10013 10014 13002
f 12744 12745 9998
f 11378 11379 11805
f 10370 10371 12729
f 11820 12105 14621
f 11820 12104 12105
f 11820 11821 12104
f 13857 13858 9095
f 9110 9111 14073
f 10727 10728 12414
f 9425 9426 13569
f 8774 8775 8470
f 8774 8470 8471
f 12429 12430 10355
f 14088 14089 8759
f 13290 13291 9410
f 9999 12744 9998
f 10356 12429 10355
f 11364 11393 11394
f 11364 11394 11363
f 13570 9425 13569
f 12730 10370 12729
f 13843 8154 13842
f 10713 14633 10712
f 10713 14632 14633
f 9411 13290 9410
f 8760 14088 8759
f 9096 13857 9095
f 14074 9110 14073
f 11806 11378 11805
f 12415 10727 12414
f 13003 10013 13002
f 13276 9719 13275
f 8153 8154 13843
f 9718 9719 13276
f 10012 10013 13003
f 12743 12744 9999
f 10369 10370 12730
f 11377 11378 11806
f 13856 13857 9096
f 10726 10727 12415
f 9424 9425 13570
f 11819 11820 14621
f 11819 14621 14622
f 13583 13584 8324
f 13583 8324 8325
f 8773 8774 8471
f 8773 8471 8472
f 9109 9110 14074
f 14087 14088 8760
f 12428 12429 10356
f 13289 13290 9411
f 10000 12743 9999
f 10357 12428 10356
f 11365 11393 11364
f 11365 11392 11393
f 12731 10369 12730
f 13571 9424 13570
f 10714 14632 10713
f 13844 8153 13843
f 9412 13289 9411
f 11807 11377 11806
f 8761 14087 8760
f 14075 9109 14074
f 9097 13856 9096
f 12416 10726 12415
f 13004 10012 13003
f 13277 9718 13276
f 8152 8153 13844
f 8326 13583 8325
f 9717 9718 13277
f 10011 10012 13004
f 12742 12743 10000
f 10368 10369 12731
f 10725 10726 12416
f 11376 11377 11807
f 8772 8773 8472
f 8772 8472 8473
f 13582 13583 8326
f 13855 13856 9097
f 9423 9424 13571
f 11818 11819 14622
f 11818 14622 14623
f 12427 12428 10357
f 9108 9109 14075
f 14086 14087 8761
f 13288 13289 9412
f 8327 13582 8326
f 10001 12742 10000
f 10358 12427 10357
f 12732 10368 12731
f 9413 13288 9412
f 11366 11391 11392
f 11366 11392 11365
f 11808 11376 11807
f 13572 9423 13571
f 9098 13855 9097
f 10715 14632 10714
f 10715 14631 14632
f 13845 8152 13844
f 13845 8151 8152
f 8762 14086 8761
f 14076 9108 14075
f 12417 10725 12416
f 13005 10011 13004
f 13278 9717 13277
f 11375 11376 11808
f 9716 9717 13278
f 10010 10011 13005
f 12741 12742 10001
f 10367 10368 12732
f 10724 10725 12417
f 13581 8327 8328
f 13581 13582 8327
f 13854 13855 9098
f 9422 9423 13572
f 11817 11818 14623
f 8771 8772 8473
f 8771 8473 8474
f 12426 12427 10358
f 9107 9108 14076
f 14085 14086 8762
f 13287 13288 9413
f 10002 12741 10001
f 11367 11390 11391
f 11367 11391 11366
f 12733 10367 12732
f 13846 8151 13845
f 13846 8150 8151
f 10359 12426 10358
f 13573 9422 13572
f 10716 14631 10715
f 10716 14630 14631
f 9414 13287 9413
f 8763 14085 8762
f 9099 13854 9098
f 14077 9107 14076
f 11809 11375 11808
f 12418 10724 12417
f 13006 10010 13005
f 13279 9716 13278
f 8149 8150 13846
f 9715 9716 13279
f 10723 10724 12418
f 10009 10010 13006
f 12740 12741 10002
f 10366 10367 12733
f 9421 9422 13573
f 11374 11375 11809
f 13853 13854 9099
f 13580 13581 8328
f 9106 9107 14077
f 8770 8475 7772
f 8770 8771 8474
f 8770 8474 8475
f 12425 12426 10359
f 14084 14085 8763
f 13286 13287 9414
f 10003 12740 10002
f 12734 10366 12733
f 10360 12425 10359
f 11368 11389 11390
f 11368 11390 11367
f 13574 9421 13573
f 9415 13286 9414
f 11810 11374 11809
f 9100 13853 9099
f 13847 8149 13846
f 13847 8148 8149
f 8764 14084 8763
f 12419 10723 12418
f 14078 9106 14077
f 13007 10009 13006
f 13280 9715 13279
f 10008 10009 13007
f 12739 12740 10003
f 11373 11374 11810
f 10722 10723 12419
f 13852 13853 9100
f 8769 8770 7772
f 12424 12425 10360
f 13285 13286 9415
f 13848 8148 13847
f 8333 13577 13578
f 12453 10363 10364
f 10352 12737 12738
f 10709 12422 12423
f 9701 13283 13284
f 9995 13010 13011
f 13314 9418 9419
f 11360 11813 11814
f 11844 14624 14625
f 9092 14081 14082
f 13608 8144 8145
f 8441 13850 13851
f 13881 9103 9104
f 11066 14629 14630
f 12138 10720 10721
f 12768 10006 10007
f 9702 13282 13283
f 9702 13283 9701
f 9996 13010 9995
f 9996 13009 13010
f 10353 12737 10352
f 10353 12736 12737
f 10710 12422 10709
f 10710 12421 12422
f 12454 10363 12453
f 12454 10362 10363
f 9093 14080 14081
f 9093 14081 9092
f 13315 9417 9418
f 13315 9418 13314
f 13609 8144 13608
f 13882 9103 13881
f 13882 9102 9103
f 11067 14629 11066
f 11067 14628 14629
f 11361 11813 11360
f 11361 11812 11813
f 8442 13850 8441
f 8442 13849 13850
f 11845 14624 11844
f 11845 14623 14624
f 12139 10720 12138
f 12139 10719 10720
f 12769 10006 12768
f 12769 10005 10006
f 8332 13577 8333
f 8332 13576 13577
f 8334 8333 13578
f 10351 10352 12738
f 10351 12738 12739
f 11359 11360 11814
f 11359 11814 11815
f 9700 9701 13284
f 9700 13284 13285
f 9994 9995 13011
f 9994 13011 13012
f 12452 12453 10364
f 12452 10364 10365
f 13313 9419 9420
f 13313 13314 9419
f 10708 10709 12423
f 10708 12423 12424
f 11843 11844 14625
f 11843 14625 14626
f 12137 12138 10721
f 12137 10721 10722
f 9091 14082 14083
f 9091 9092 14082
f 13607 8145 8146
f 13607 13608 8145
f 13880 13881 9104
f 13880 9104 9105
f 11065 11066 14630
f 11065 14630 10716
f 11065 10716 10717
f 8440 8441 13851
f 8440 13851 13852
f 12767 12768 10007
f 12767 10007 10008
f 10354 12736 10353
f 10354 12735 12736
f 9703 13282 9702
f 9703 13281 13282
f 9997 13008 13009
f 9997 13009 9996
f 12455 10362 12454
f 12455 10361 10362
f 10711 12421 10710
f 10711 12420 12421
f 11846 14623 11845
f 11846 11817 14623
f 11846 11816 11817
f 13316 9416 9417
f 13316 9417 13315
f 9094 14080 9093
f 9094 14079 14080
f 13883 9102 13882
f 13883 9101 9102
f 11068 14627 14628
f 11068 14628 11067
f 11362 11811 11812
f 11362 11812 11361
f 8443 13849 8442
f 8443 13848 13849
f 12140 10718 10719
f 12140 10719 12139
f 12770 10004 10005
f 12770 10005 12769
f 8331 13575 13576
f 8331 13576 8332
f 8335 13578 13579
f 8335 8334 13578
f 9699 9700 13285
f 9699 13285 9415
f 9993 9994 13012
f 9993 13012 13013
f 10350 10351 12739
f 10350 12739 10003
f 10707 10708 12424
f 10707 12424 10360
f 12451 12452 10365
f 12451 10366 12734
f 12451 10365 10366
f 11064 11065 10717
f 11358 11359 11815
f 11358 11815 11816
f 11842 11843 14626
f 13312 13313 9420
f 13312 9420 9421
f 13312 9421 13574
f 9090 14083 14084
f 9090 14084 8764
f 9090 9091 14083
f 13606 8146 8147
f 13606 13607 8146
f 13879 9106 14078
f 13879 13880 9105
f 13879 9105 9106
f 8439 13852 9100
f 8439 8440 13852
f 12136 12137 10722
f 12136 10722 12419
f 12766 10008 13007
f 12766 12767 10008
f 9683 13280 13281
f 9683 13281 9703
f 9977 13008 9997
f 9977 12766 13007
f 9977 13007 13008
f 12435 10707 10360
f 12435 10360 10361
f 12435 10361 12455
f 10334 12735 10354
f 10334 12451 12734
f 10334 12734 12735
f 13296 9415 9416
f 13296 9416 13316
f 13296 9699 9415
f 8330 13574 13575
f 8330 13575 8331
f 8330 13312 13574
f 9074 14078 14079
f 9074 13879 14078
f 9074 14079 9094
f 10691 12136 12419
f 10691 12420 10711
f 10691 12419 12420
f 11048 14627 11068
f 11342 11373 11810
f 11342 11811 11362
f 11342 11810 11811
f 13863 8439 9100
f 13863 9101 13883
f 13863 9100 9101
f 8423 8147 8148
f 8423 8148 13848
f 8423 13848 8443
f 8423 13606 8147
f 11826 11816 11846
f 11826 11358 11816
f 12120 11064 10717
f 12120 10718 12140
f 12120 10717 10718
f 12750 10004 12770
f 12750 10350 10003
f 12750 10003 10004
f 8336 8335 13579
f 9698 9699 13296
f 9992 9993 13023
f 12450 12451 10334
f 10349 10350 12750
f 13311 13312 8330
f 10706 10707 12435
f 11063 11064 12120
f 11357 11358 11826
f 13605 13606 8423
f 9089 9090 8764
f 9089 8764 8765
f 8438 8439 13863
f 11841 11842 14626
f 11841 14626 14627
f 12135 12136 10691
f 13878 13879 9074
f 12765 12766 9977
f 8345 13311 8330
f 9978 12765 9977
f 12436 10706 12435
f 10335 12450 10334
f 10692 12135 10691
f 11049 11841 14627
f 11049 14627 11048
f 11343 11373 11342
f 11343 11372 11373
f 13297 9698 13296
f 9075 13878 9074
f 11827 11357 11826
f 13864 8438 13863
f 8424 13605 8423
f 12121 11063 12120
f 12751 10349 12750
f 13024 9992 13023
f 9697 9698 13297
f 9991 9992 13024
f 12449 12450 10335
f 10348 10349 12751
f 13310 13311 8345
f 13604 13605 8424
f 10705 10706 12436
f 8437 8438 13864
f 11062 11063 12121
f 11356 11357 11827
f 11840 11841 11049
f 13877 13878 9075
f 9088 9089 8765
f 9088 8765 8766
f 12134 12135 10692
f 12764 12765 9978
f 8344 13310 8345
f 9979 12764 9978
f 12437 10705 12436
f 10336 12449 10335
f 13298 9697 13297
f 10693 12134 10692
f 11050 11840 11049
f 11344 11371 11372
f 11344 11372 11343
f 9076 13877 9075
f 13865 8437 13864
f 11828 11356 11827
f 12122 11062 12121
f 8425 13604 8424
f 12752 10348 12751
f 13025 9991 13024
f 10347 10348 12752
f 9696 9697 13298
f 9990 9991 13025
f 12448 12449 10336
f 13309 13310 8344
f 10704 10705 12437
f 11839 11840 11050
f 9087 9088 8766
f 9087 8766 8767
f 13603 13604 8425
f 13876 13877 9076
f 11061 11062 12122
f 11355 11356 11828
f 8436 8437 13865
f 12133 12134 10693
f 12763 12764 9979
f 8343 13309 8344
f 9980 12763 9979
f 12438 10704 12437
f 10337 12448 10336
f 13299 9696 13298
f 10694 12133 10693
f 11051 11839 11050
f 11345 11370 11371
f 11345 11371 11344
f 9077 13876 9076
f 8426 13603 8425
f 11829 11355 11828
f 12123 11061 12122
f 13866 8436 13865
f 12753 10347 12752
f 13026 9990 13025
f 9695 9696 13299
f 9989 9990 13026
f 12447 12448 10337
f 10346 10347 12753
f 10703 10704 12438
f 11354 11355 11829
f 13308 8343 8342
f 13308 13309 8343
f 9086 8767 8768
f 9086 9087 8767
f 13602 13603 8426
f 8435 8436 13866
f 11060 11061 12123
f 11838 11839 11051
f 13875 13876 9077
f 12132 12133 10694
f 12762 12763 9980
f 9981 12762 9980
f 12439 10703 12438
f 10338 12447 10337
f 13300 9695 13299
f 10695 12132 10694
f 11052 11838 11051
f 11346 11370 11345
f 11346 11369 11370
f 9078 13875 9077
f 11830 11354 11829
f 13867 8435 13866
f 8427 13602 8426
f 12124 11060 12123
f 12754 10346 12753
f 13027 9989 13026
f 8341 13308 8342
f 9694 9695 13300
f 9988 9989 13027
f 10702 10703 12439
f 12446 12447 10338
f 10345 10346 12754
f 11353 11354 11830
f 13307 13308 8341
f 9085 8768 8769
f 9085 9086 8768
f 9085 8769 7772
f 13601 13602 8427
f 8434 8435 13867
f 11059 11060 12124
f 11837 11838 11052
f 13874 13875 9078
f 12131 12132 10695
f 12761 12762 9981
f 9982 12761 9981
f 12440 10702 12439
f 10339 12446 10338
f 13301 9694 13300
f 10696 12131 10695
f 8428 13601 8427
f 11053 11837 11052
f 11347 11368 11369
f 11347 11369 11346
f 9079 13874 9078
f 13868 8434 13867
f 11831 11353 11830
f 12125 11059 12124
f 12755 10345 12754
f 13028 9988 13027
f 8340 13307 8341
f 9693 9694 13301
f 10344 10345 12755
f 11352 11353 11831
f 9084 9085 7772
f 8433 8434 13868
f 13873 13874 9079
f 12130 12131 10696
f 12159 10699 10700
f 9974 13031 13032
f 10331 12758 12759
f 10688 12443 12444
f 11045 12128 12129
f 11339 11834 11835
f 11865 11056 11057
f 13629 8431 8432
f 9323 13871 13872
f 9407 13598 13599
f 12474 10342 10343
f 12789 9985 9986
f 12160 10698 10699
f 12160 10699 12159
f 9975 13031 9974
f 9975 13030 13031
f 10332 12757 12758
f 10332 12758 10331
f 10689 12442 12443
f 10689 12443 10688
f 11046 12128 11045
f 11046 12127 12128
f 11340 11834 11339
f 11340 11833 11834
f 13630 8430 8431
f 13630 8431 13629
f 9324 13870 13871
f 9324 13871 9323
f 11866 11056 11865
f 11866 11055 11056
f 9408 13597 13598
f 9408 13598 9407
f 12475 10341 10342
f 12475 10342 12474
f 12790 9985 12789
f 12790 9984 9985
f 12158 12159 10700
f 12158 10700 10701
f 9973 9974 13032
f 9973 13032 13033
f 10330 10331 12759
f 10330 12759 12760
f 10687 12444 12445
f 10687 10688 12444
f 11044 11045 12129
f 11044 12129 12130
f 9322 13872 13873
f 9322 9323 13872
f 11338 11339 11835
f 11338 11835 11836
f 11864 11865 11057
f 11864 11057 11058
f 13628 8432 8433
f 13628 13629 8432
f 9406 13599 13600
f 9406 9407 13599
f 12473 10343 10344
f 12473 12474 10343
f 12788 12789 9986
f 12788 9986 9987
f 12161 10698 12160
f 12161 10697 10698
f 9976 13030 9975
f 9976 13029 13030
f 10333 12756 12757
f 10333 12757 10332
f 10690 12442 10689
f 10690 12441 12442
f 11047 12127 11046
f 11047 12126 12127
f 11341 11833 11340
f 11341 11832 11833
f 13631 8429 8430
f 13631 8430 13630
f 9325 13869 13870
f 9325 13870 9324
f 11867 11054 11055
f 11867 11055 11866
f 9409 13596 13597
f 9409 13597 9408
f 12476 10341 12475
f 12476 10340 10341
f 12791 9983 9984
f 12791 9984 12790
f 9972 9973 13033
f 12157 10702 12440
f 12157 10701 10702
f 12157 12158 10701
f 10329 12760 12761
f 10329 12761 9982
f 10329 10330 12760
f 10686 12445 12446
f 10686 12446 10339
f 10686 10687 12445
f 11043 12130 10696
f 11043 11044 12130
f 11337 11836 11837
f 11337 11338 11836
f 11337 11837 11053
f 13627 13628 8433
f 13627 8433 13868
f 9321 9322 13873
f 9321 13873 9079
f 9321 9079 9080
f 9405 9406 13600
f 9405 13600 13601
f 9405 13601 8428
f 11863 11058 11059
f 11863 11864 11058
f 11863 11059 12125
f 12472 10344 12755
f 12472 12473 10344
f 12787 9988 13028
f 12787 12788 9987
f 12787 9987 9988
f 12141 11043 10696
f 12141 10697 12161
f 12141 10696 10697
f 9956 13029 9976
f 9956 12787 13028
f 9956 13028 13029
f 10313 12472 12755
f 10313 12755 12756
f 10313 12756 10333
f 10670 12157 12440
f 10670 12441 10690
f 10670 12440 12441
f 11027 12126 11047
f 11027 11863 12125
f 11027 12125 12126
f 11321 11832 11341
f 11321 11352 11831
f 11321 11831 11832
f 9305 13868 13869
f 9305 13869 9325
f 9305 13627 13868
f 11847 11054 11867
f 11847 11053 11054
f 11847 11337 11053
f 13611 8428 8429
f 13611 8429 13631
f 13611 9405 8428
f 9389 13595 13596
f 9389 13333 13595
f 9389 13596 9409
f 12456 10340 12476
f 12456 10339 10340
f 12456 10686 10339
f 12771 9983 12791
f 12771 9982 9983
f 12771 10329 9982
f 12156 12157 10670
f 9971 9972 13044
f 10328 10329 12771
f 10685 10686 12456
f 11042 11043 12141
f 11336 11337 11847
f 13332 13333 9389
f 11862 11863 11027
f 13626 13627 9305
f 9320 9080 9081
f 9320 9321 9080
f 9404 9405 13611
f 12471 12472 10313
f 12786 12787 9956
f 10671 12156 10670
f 11028 11862 11027
f 9957 12786 9956
f 10314 12471 10313
f 11322 11351 11352
f 11322 11352 11321
f 12142 11042 12141
f 13045 9971 13044
f 13612 9404 13611
f 9306 13626 9305
f 9390 13332 9389
f 11848 11336 11847
f 12457 10685 12456
f 12772 10328 12771
f 12155 12156 10671
f 9970 9971 13045
f 10327 10328 12772
f 13331 13332 9390
f 10684 10685 12457
f 11041 11042 12142
f 11335 11336 11848
f 9319 9320 9081
f 9403 9404 13612
f 11861 11862 11028
f 13625 13626 9306
f 12470 12471 10314
f 12785 12786 9957
f 11029 11861 11028
f 12143 11041 12142
f 9958 12785 9957
f 10315 12470 10314
f 13046 9970 13045
f 10672 12155 10671
f 11849 11335 11848
f 13613 9403 13612
f 9307 13625 9306
f 9391 13331 9390
f 11323 11350 11351
f 11323 11351 11322
f 12458 10684 12457
f 12773 10327 12772
f 12154 12155 10672
f 9969 9970 13046
f 10326 10327 12773
f 10683 10684 12458
f 11040 11041 12143
f 11334 11335 11849
f 13330 13331 9391
f 13624 13625 9307
f 9318 9319 9081
f 9318 9081 9082
f 11860 11861 11029
f 9402 9403 13613
f 12469 12470 10315
f 12784 12785 9958
f 12144 11040 12143
f 9959 12784 9958
f 10673 12154 10672
f 11030 11860 11029
f 10316 12469 10315
f 13047 9969 13046
f 9392 13330 9391
f 11324 11349 11350
f 11324 11350 11323
f 11850 11334 11849
f 13614 9402 13613
f 9308 13624 9307
f 12459 10683 12458
f 12774 10326 12773
f 12153 12154 10673
f 9968 9969 13047
f 10325 10326 12774
f 13329 13330 9392
f 10682 10683 12459
f 11039 11040 12144
f 11333 11334 11850
f 9317 9318 9082
f 9317 9082 9083
f 9401 9402 13614
f 11859 11860 11030
f 13623 13624 9308
f 12468 12469 10316
f 12783 12784 9959
f 11031 11859 11030
f 9960 12783 9959
f 10317 12468 10316
f 13048 9968 13047
f 10674 12153 10673
f 11325 11348 11349
f 11325 11349 11324
f 12145 11039 12144
f 13615 9401 13614
f 9309 13623 9308
f 11851 11333 11850
f 12460 10682 12459
f 12775 10325 12774
f 9967 9968 13048
f 12152 12153 10674
f 10324 10325 12775
f 10681 10682 12460
f 11038 11039 12145
f 11332 11333 11851
f 9316 9317 9083
f 9316 9083 9084
f 9316 9084 7772
f 11858 11859 11031
f 13622 13623 9309
f 12467 12468 10317
f 12782 12783 9960
f 12146 11038 12145
f 9961 12782 9960
f 10675 12152 10674
f 11032 11858 11031
f 11326 11347 11348
f 11326 11348 11325
f 10318 12467 10317
f 13049 9967 13048
f 11852 11332 11851
f 9310 13622 9309
f 12461 10681 12460
f 12776 10324 12775
f 10680 10681 12461
f 11037 11038 12146
f 11331 11332 11852
f 11857 11858 11032
f 12781 12782 9961
f 8348 13303 13304
f 8347 8348 13304
f 8347 13304 13305
f 8349 13302 13303
f 8349 13303 8348
f 8346 8347 13305
f 8143 13319 13320
f 8128 13056 13057
f 8142 8143 13320
f 8142 13320 13321
f 8129 13055 13056
f 8129 13056 8128
f 11613 9395 9396
f 11613 9396 9397
f 11614 9395 11613
f 11614 9394 9395
f 8141 8142 13321
f 8141 13321 13322
f 11612 11613 9397
f 11612 9397 9398
f 11612 9398 9399
f 8130 13054 13055
f 8130 13055 8129
f 11615 9394 11614
f 11615 9392 9393
f 11615 9393 9394
f 11615 13329 9392
f 8140 8141 13322
f 8131 13054 8130
f 11611 11612 9399
f 11611 9399 9400
f 11595 13329 11615
f 11595 13328 13329
f 11610 9401 13615
f 11610 11611 9400
f 11610 13615 13616
f 11610 9400 9401
f 11596 13328 11595
f 11596 13326 13327
f 11596 13327 13328
f 11597 13326 11596
f 14706 13617 13618
f 14695 13620 13621
f 14696 13620 14695
f 14707 13617 14706
f 14705 13618 13619
f 14705 14706 13618
f 14694 13621 13622
f 14694 14695 13621
f 14697 13619 13620
f 14697 13620 14696
f 14708 11610 13616
f 14708 13616 13617
f 14708 13617 14707
f 14693 13622 9310
f 14693 14694 13622
f 14698 13619 14697
f 14704 14705 13619
f 14709 11610 14708
f 14709 11609 11610
f 14710 11609 14709
f 14692 14693 9310
f 14692 9310 9311
f 11608 11609 14710
f 14691 9311 9312
f 14691 14692 9311
f 14711 11608 14710
f 14690 9312 9313
f 14690 14691 9312
f 14712 11608 14711
f 14701 13619 14698
f 14701 14704 13619
f 14713 11608 14712
f 14700 14701 14698
f 14702 14704 14701
f 14703 14704 14702
f 14699 14700 14698
f 11886 11035 11036
f 10310 12779 12780
f 8399 13052 13053
f 11024 12149 12150
f 11318 11855 11856
f 9680 13325 13326
f 12810 9964 9965
f 10667 12464 12465
f 12180 10678 10679
f 12495 10321 10322
f 11887 11034 11035
f 11887 11035 11886
f 11319 11854 11855
f 11319 11855 11318
f 10668 12463 12464
f 10668 12464 10667
f 8400 13051 13052
f 8400 13052 8399
f 11025 12148 12149
f 11025 12149 11024
f 9681 13325 9680
f 9681 13324 13325
f 12811 9964 12810
f 12811 9963 9964
f 10311 12779 10310
f 10311 12778 12779
f 12181 10678 12180
f 12181 10677 10678
f 12496 10321 12495
f 12496 10320 10321
f 11607 11608 14713
f 11607 14713 14714
f 11885 11036 11037
f 11885 11886 11036
f 12809 12810 9965
f 12809 9965 9966
f 11023 12150 12151
f 11023 11024 12150
f 11317 11856 11857
f 11317 11318 11856
f 10309 12780 12781
f 10309 10310 12780
f 10666 12465 12466
f 10666 10667 12465
f 9679 13326 11597
f 9679 9680 13326
f 8398 13053 13054
f 8398 8399 13053
f 12179 12180 10679
f 12179 10679 10680
f 12494 10322 10323
f 12494 12495 10322
f 11888 11033 11034
f 11888 11034 11887
f 11026 12147 12148
f 11026 12148 11025
f 11320 11853 11854
f 11320 11854 11319
f 12812 9962 9963
f 12812 9963 12811
f 10312 12777 12778
f 10312 12778 10311
f 10669 12463 10668
f 10669 12462 12463
f 8401 13050 13051
f 8401 13051 8400
f 9682 13324 9681
f 9682 13323 13324
f 12182 10676 10677
f 12182 10677 12181
f 12497 10320 12496
f 12497 10319 10320
f 11884 11885 11037
f 11884 11037 12146
f 10308 12781 9961
f 10308 10309 12781
f 10665 12466 12467
f 10665 12467 10318
f 10665 10666 12466
f 8397 13054 8131
f 8397 8131 8132
f 8397 8398 13054
f 11022 12151 12152
f 11022 12152 10675
f 11022 11023 12151
f 11316 11317 11857
f 11316 11857 11032
f 9678 11597 11598
f 9678 9679 11597
f 12808 12809 9966
f 12808 9966 9967
f 12808 9967 13049
f 12178 10680 12461
f 12178 12179 10680
f 12493 10323 10324
f 12493 12494 10323
f 12493 10324 12776
f 11300 11331 11852
f 11300 11852 11853
f 11300 11853 11320
f 11868 11316 11032
f 11868 11032 11033
f 11868 11033 11888
f 9662 13323 9682
f 9662 8140 13322
f 9662 8139 8140
f 9662 13322 13323
f 12792 9962 12812
f 12792 10308 9961
f 12792 9961 9962
f 10292 12776 12777
f 10292 12777 10312
f 10292 12493 12776
f 10649 12462 10669
f 10649 12461 12462
f 10649 12178 12461
f 8381 13049 13050
f 8381 12808 13049
f 8381 13050 8401
f 11006 12146 12147
f 11006 11884 12146
f 11006 12147 11026
f 12162 10676 12182
f 12162 10675 10676
f 12162 11022 10675
f 12477 10319 12497
f 12477 10665 10318
f 12477 10318 10319
f 14686 14687 14688
f 14716 14714 14715
f 11883 11884 11006
f 11021 11022 12162
f 11315 11316 11868
f 9677 9678 11598
f 9677 11598 11599
f 12807 12808 8381
f 10307 10308 12792
f 10664 10665 12477
f 8396 8132 8133
f 8396 8397 8132
f 12177 12178 10649
f 12492 12493 10292
f 11007 11883 11006
f 11869 11315 11868
f 12793 10307 12792
f 10293 12492 10292
f 10650 12177 10649
f 8382 12807 8381
f 11301 11331 11300
f 11301 11330 11331
f 9663 8139 9662
f 9663 8138 8139
f 12163 11021 12162
f 12478 10664 12477
f 14717 11607 14714
f 14717 14714 14716
f 14685 14686 14688
f 11882 11883 11007
f 11314 11315 11869
f 10306 10307 12793
f 9676 9677 11599
f 12806 12807 8382
f 10663 10664 12478
f 8395 8396 8133
f 8395 8133 8134
f 11020 11021 12163
f 12176 12177 10650
f 12491 12492 10293
f 11870 11314 11869
f 9664 8137 8138
f 9664 8138 9663
f 12794 10306 12793
f 10294 12491 10293
f 10651 12176 10650
f 8383 12806 8382
f 11008 11882 11007
f 11302 11330 11301
f 11302 11329 11330
f 12164 11020 12163
f 12479 10663 12478
f 11881 11882 11008
f 11019 11020 12164
f 11313 11314 11870
f 12805 12806 8383
f 10305 10306 12794
f 10662 10663 12479
f 9675 9676 11599
f 9675 11599 11600
f 8394 8134 8135
f 8394 8395 8134
f 12175 12176 10651
f 12490 12491 10294
f 11871 11313 11870
f 11009 11881 11008
f 11303 11329 11302
f 11303 11328 11329
f 9665 8136 8137
f 9665 8137 9664
f 12795 10305 12794
f 10295 12490 10294
f 10652 12175 10651
f 8384 12805 8383
f 12165 11019 12164
f 12480 10662 12479
f 11880 11881 11009
f 11312 11313 11871
f 9674 9675 11600
f 9674 11600 11601
f 10304 10305 12795
f 10661 10662 12480
f 8393 8394 8135
f 11018 11019 12165
f 12804 12805 8384
f 12174 12175 10652
f 12489 12490 10295
f 11872 11312 11871
f 12796 10304 12795
f 10296 12489 10295
f 10653 12174 10652
f 8385 12804 8384
f 11010 11880 11009
f 11304 11328 11303
f 11304 11327 11328
f 12166 11018 12165
f 12481 10661 12480
f 14720 11607 14717
f 14720 14717 14718
f 14720 14718 14719
f 14682 14683 14684
f 14682 14684 14685
f 14682 14685 14688
f 14721 11607 14720
f 14721 11606 11607
f 14745 14688 14689
f 14745 14689 14690
f 14745 14682 14688
f 14744 14690 9313
f 14744 14745 14690
f 14722 11606 14721
f 11879 11880 11010
f 10303 10304 12796
f 10660 10661 12481
f 11017 11018 12166
f 11311 11312 11872
f 9673 9674 11601
f 12803 12804 8385
f 12173 12174 10653
f 12488 12489 10296
f 11873 11311 11872
f 11305 11327 11304
f 11305 11326 11327
f 8386 12803 8385
f 11011 11879 11010
f 12797 10303 12796
f 10297 12488 10296
f 10654 12173 10653
f 12167 11017 12166
f 12482 10660 12481
f 14723 11606 14722
f 14723 11605 11606
f 14743 9313 9314
f 14743 14744 9313
f 14742 9314 9315
f 14742 14743 9314
f 14724 11605 14723
f 14730 14731 14732
f 14730 14732 14733
f 14736 14730 14733
f 14736 14733 14734
f 14736 14734 14735
f 14741 9315 9316
f 14741 14742 9315
f 14741 9316 7772
f 11878 11879 11011
f 11310 11311 11873
f 12802 12803 8386
f 12172 12173 10654
f 12487 12488 10297
f 14729 14730 14736
f 14737 14729 14736
f 14738 14729 14737
f 14738 14728 14729
f 11297 11876 11877
f 9659 11603 11604
f 9953 9665 9666
f 9953 8136 9665
f 12516 10300 10301
f 12831 8389 8390
f 10289 12800 12801
f 13083 9670 9671
f 10646 12485 12486
f 11003 12170 12171
f 11907 11014 11015
f 12201 10657 10658
f 9660 11603 9659
f 9660 11602 11603
f 9954 8136 9953
f 9954 8135 8136
f 9954 8393 8135
f 12517 10300 12516
f 12517 10299 10300
f 12832 8389 12831
f 12832 8388 8389
f 10290 12800 10289
f 10290 12799 12800
f 13084 9670 13083
f 13084 9669 9670
f 10647 12484 12485
f 10647 12485 10646
f 11004 12169 12170
f 11004 12170 11003
f 11298 11876 11297
f 11298 11875 11876
f 11908 11014 11907
f 11908 11013 11014
f 12202 10656 10657
f 12202 10657 12201
f 11296 11877 11878
f 11296 11297 11877
f 9658 11605 14724
f 9658 9659 11604
f 9658 11604 11605
f 9952 9953 9666
f 12515 12516 10301
f 12515 10301 10302
f 12830 12831 8390
f 12830 8390 8391
f 10288 10289 12801
f 10288 12801 12802
f 13082 13083 9671
f 13082 9671 9672
f 10645 12486 12487
f 10645 10646 12486
f 11002 12171 12172
f 11002 11003 12171
f 11906 11907 11015
f 11906 11015 11016
f 12200 12201 10658
f 12200 10658 10659
f 11299 11875 11298
f 11299 11874 11875
f 9661 11602 9660
f 9955 8393 9954
f 9955 8392 8393
f 12518 10299 12517
f 12518 10298 10299
f 12833 8388 12832
f 12833 8387 8388
f 10291 12798 12799
f 10291 12799 10290
f 13085 9668 9669
f 13085 9669 13084
f 10648 12483 12484
f 10648 12484 10647
f 11005 12168 12169
f 11005 12169 11004
f 11909 11013 11908
f 11909 11012 11013
f 12203 10655 10656
f 12203 10656 12202
f 10644 12487 10297
f 10644 10645 12487
f 11295 11878 11011
f 11295 11296 11878
f 9657 14724 14725
f 9657 14725 14726
f 9657 9658 14724
f 9951 9666 9667
f 9951 9952 9666
f 12514 10303 12797
f 12514 12515 10302
f 12514 10302 10303
f 12829 8391 8392
f 12829 12830 8391
f 10287 12802 8386
f 10287 10288 12802
f 13081 9672 9673
f 13081 13082 9672
f 11001 12172 10654
f 11001 11002 12172
f 11905 11906 11016
f 11905 11017 12167
f 11905 11016 11017
f 12199 10660 12482
f 12199 10659 10660
f 12199 12200 10659
f 12498 10298 12518
f 12498 10644 10297
f 12498 10297 10298
f 12813 8387 12833
f 12813 10287 8386
f 12813 8386 8387
f 10271 12514 12797
f 10271 12797 12798
f 10271 12798 10291
f 10628 12199 12482
f 10628 12482 12483
f 10628 12483 10648
f 10985 12167 12168
f 10985 11905 12167
f 10985 12168 11005
f 11279 11310 11873
f 11279 11873 11874
f 11279 11874 11299
f 9641 9673 11601
f 9641 11602 9661
f 9641 13081 9673
f 9641 11601 11602
f 9935 8392 9955
f 9935 12829 8392
f 13065 9668 13085
f 13065 9951 9667
f 13065 9667 9668
f 11889 11295 11011
f 11889 11012 11909
f 11889 11011 11012
f 12183 10655 12203
f 12183 10654 10655
f 12183 11001 10654
f 12513 12514 10271
f 12828 12829 9935
f 10643 10644 12498
f 11000 11001 12183
f 11294 11295 11889
f 9656 9657 14726
f 9656 14726 14727
f 9950 9951 13065
f 10286 10287 12813
f 13080 13081 9641
f 11904 11905 10985
f 12198 12199 10628
f 10986 11904 10985
f 11280 11309 11310
f 11280 11310 11279
f 9642 13080 9641
f 10272 12513 10271
f 10629 12198 10628
f 9936 12828 9935
f 12499 10643 12498
f 12814 10286 12813
f 13066 9950 13065
f 11890 11294 11889
f 12184 11000 12183
f 9655 14727 14728
f 9655 9656 14727
f 9949 9950 13066
f 12512 12513 10272
f 12827 12828 9936
f 10285 10286 12814
f 10642 10643 12499
f 10999 11000 12184
f 11293 11294 11890
f 13079 13080 9642
f 11903 11904 10986
f 12197 12198 10629
f 10987 11903 10986
f 11281 11309 11280
f 11281 11308 11309
f 9643 13079 9642
f 12500 10642 12499
f 12815 10285 12814
f 10273 12512 10272
f 10630 12197 10629
f 9937 12827 9936
f 13067 9949 13066
f 11891 11293 11890
f 12185 10999 12184
f 11292 11293 11891
f 9654 9655 14728
f 9654 14728 14738
f 9654 14738 14739
f 9948 9949 13067
f 12511 12512 10273
f 12826 12827 9937
f 10284 10285 12815
f 13078 13079 9643
f 10641 10642 12500
f 10998 10999 12185
f 11902 11903 10987
f 12196 12197 10630
f 9938 12826 9937
f 12501 10641 12500
f 10274 12511 10273
f 10631 12196 10630
f 10988 11902 10987
f 11282 11308 11281
f 11282 11307 11308
f 9644 13078 9643
f 12816 10284 12815
f 13068 9948 13067
f 11892 11292 11891
f 12186 10998 12185
f 11291 11292 11892
f 9653 14739 14740
f 9653 9654 14739
f 9947 9948 13068
f 12510 12511 10274
f 12825 12826 9938
f 10283 10284 12816
f 10640 10641 12501
f 10997 10998 12186
f 13077 13078 9644
f 11901 11902 10988
f 12195 12196 10631
f 10989 11901 10988
f 11283 11306 11307
f 11283 11307 11282
f 9645 13077 9644
f 12502 10640 12501
f 10632 12195 10631
f 9939 12825 9938
f 12817 10283 12816
f 10275 12510 10274
f 13069 9947 13068
f 11893 11291 11892
f 12187 10997 12186
f 10639 10640 12502
f 11290 11291 11893
f 9652 9653 14740
f 9652 14740 14741
f 9946 9947 13069
f 12509 12510 10275
f 12824 12825 9939
f 10282 10283 12817
f 10996 10997 12187
f 13076 13077 9645
f 11900 11901 10989
f 12194 12195 10632
f 9646 13076 9645
f 9940 12824 9939
f 12503 10639 12502
f 10276 12509 10275
f 10633 12194 10632
f 10990 11900 10989
f 11284 11306 11283
f 11284 11305 11306
f 12818 10282 12817
f 13070 9946 13069
f 11894 11290 11893
f 12188 10996 12187
f 11289 11290 11894
f 9651 9652 14741
f 12823 12824 9940
f 10281 10282 12818
f 11899 11900 10990
f 12193 12194 10633
f 12222 10636 10637
f 9932 13073 13074
f 10268 12821 12822
f 10625 12506 12507
f 10982 12191 12192
f 11276 11897 11898
f 12852 9943 9944
f 12537 10279 10280
f 11928 10993 10994
f 9933 13072 13073
f 9933 13073 9932
f 11277 11897 11276
f 11277 11896 11897
f 10626 12505 12506
f 10626 12506 10625
f 10983 12190 12191
f 10983 12191 10982
f 12223 10635 10636
f 12223 10636 12222
f 12538 10279 12537
f 12538 10278 10279
f 12853 9942 9943
f 12853 9943 12852
f 10269 12820 12821
f 10269 12821 10268
f 11929 10993 11928
f 11929 10992 10993
f 12221 10637 10638
f 12221 12222 10637
f 9931 13074 13075
f 9931 9932 13074
f 11275 11276 11898
f 11275 11898 11899
f 12536 12537 10280
f 12536 10280 10281
f 12851 9944 9945
f 12851 12852 9944
f 10981 10982 12192
f 10981 12192 12193
f 10267 12822 12823
f 10267 10268 12822
f 10624 12507 12508
f 10624 10625 12507
f 11927 11928 10994
f 11927 10994 10995
f 9934 13071 13072
f 9934 13072 9933
f 11278 11896 11277
f 11278 11895 11896
f 12224 10634 10635
f 12224 10635 12223
f 12539 10278 12538
f 12539 10277 10278
f 12854 9941 9942
f 12854 9942 12853
f 10627 12504 12505
f 10627 12505 10626
f 10984 12190 10983
f 10984 12189 12190
f 10270 12820 10269
f 10270 12819 12820
f 11930 10992 11929
f 11930 10991 10992
f 9930 9931 13075
f 9930 13075 13076
f 9930 13076 9646
f 12535 12536 10281
f 12535 10281 12818
f 10623 10624 12508
f 10623 12508 12509
f 10623 12509 10276
f 10980 12193 10633
f 10980 10981 12193
f 11274 11899 10990
f 11274 11275 11899
f 12220 10638 10639
f 12220 10639 12503
f 12220 12221 10638
f 10266 10267 12823
f 10266 12823 9940
f 12850 12851 9945
f 12850 9945 9946
f 12850 9946 13070
f 11926 10996 12188
f 11926 11927 10995
f 11926 10995 10996
f 11258 11289 11894
f 11258 11895 11278
f 11258 11894 11895
f 9914 13070 13071
f 9914 12850 13070
f 9914 13071 9934
f 12204 10633 10634
f 12204 10634 12224
f 12204 10980 10633
f 12519 10277 12539
f 12519 10276 10277
f 12519 10623 10276
f 12834 10266 9940
f 12834 9940 9941
f 12834 9941 12854
f 10250 12819 10270
f 10250 12535 12818
f 10250 12818 12819
f 10607 12220 12503
f 10607 12503 12504
f 10607 12504 10627
f 10964 12189 10984
f 10964 12188 12189
f 10964 11926 12188
f 11910 10990 10991
f 11910 10991 11930
f 11910 11274 10990
f 11273 11274 11910
f 12219 12220 10607
f 9929 9646 9647
f 9929 9930 9646
f 12534 12535 10250
f 12849 12850 9914
f 10265 10266 12834
f 10622 10623 12519
f 10979 10980 12204
f 11925 11926 10964
f 12205 10979 12204
f 9915 12849 9914
f 12520 10622 12519
f 12835 10265 12834
f 10251 12534 10250
f 10608 12219 10607
f 10965 11925 10964
f 11259 11288 11289
f 11259 11289 11258
f 11911 11273 11910
f 11272 11273 11911
f 12218 12219 10608
f 9928 9647 9648
f 9928 9929 9647
f 12533 12534 10251
f 10978 10979 12205
f 12848 12849 9915
f 10264 10265 12835
f 10621 10622 12520
f 11924 11925 10965
f 11260 11288 11259
f 11260 11287 11288
f 12206 10978 12205
f 9916 12848 9915
f 12521 10621 12520
f 12836 10264 12835
f 10252 12533 10251
f 10609 12218 10608
f 10966 11924 10965
f 11912 11272 11911
f 12217 12218 10609
f 9927 9648 9649
f 9927 9928 9648
f 11271 11272 11912
f 12532 12533 10252
f 12847 12848 9916
f 10977 10978 12206
f 10263 10264 12836
f 10620 10621 12521
f 11923 11924 10966
f 10967 11923 10966
f 12207 10977 12206
f 9917 12847 9916
f 12522 10620 12521
f 12837 10263 12836
f 10253 12532 10252
f 10610 12217 10609
f 11261 11286 11287
f 11261 11287 11260
f 11913 11271 11912
f 12531 12532 10253
f 10976 10977 12207
f 11270 11271 11913
f 12216 12217 10610
f 9926 9649 9650
f 9926 9927 9649
f 10619 10620 12522
f 12846 12847 9917
f 10262 10263 12837
f 11922 11923 10967
f 12208 10976 12207
f 9918 12846 9917
f 12523 10619 12522
f 12838 10262 12837
f 10254 12531 10253
f 10611 12216 10610
f 10968 11922 10967
f 11262 11286 11261
f 11262 11285 11286
f 11914 11270 11913
f 9925 9926 9650
f 9925 9650 9651
f 12530 12531 10254
f 10618 10619 12523
f 10975 10976 12208
f 11269 11270 11914
f 12215 12216 10611
f 10261 10262 12838
f 12845 12846 9918
f 11921 11922 10968
f 12209 10975 12208
f 10969 11921 10968
f 11263 11285 11262
f 11263 11284 11285
f 9919 12845 9918
f 12524 10618 12523
f 12839 10261 12838
f 10255 12530 10254
f 10612 12215 10611
f 11915 11269 11914
f 10974 10975 12209
f 11268 11269 11915
f 10617 10618 12524
f 11920 11921 10969
f 11949 10972 10973
f 11255 11918 11919
f 12243 10615 10616
f 12558 10258 10259
f 10247 12842 12843
f 10604 12527 12528
f 10961 12212 12213
f 11950 10971 10972
f 11950 10972 11949
f 12244 10615 12243
f 12244 10614 10615
f 12559 10257 10258
f 12559 10258 12558
f 10248 12842 10247
f 10248 12841 12842
f 10605 12527 10604
f 10605 12526 12527
f 10962 12211 12212
f 10962 12212 10961
f 11256 11918 11255
f 11256 11917 11918
f 11948 10973 10974
f 11948 11949 10973
f 12242 12243 10616
f 12242 10616 10617
f 12557 12558 10259
f 12557 10259 10260
f 10246 10247 12843
f 10246 12843 12844
f 10603 10604 12528
f 10603 12528 12529
f 10960 12213 12214
f 10960 10961 12213
f 11254 11255 11919
f 11254 11919 11920
f 11951 10971 11950
f 11951 10970 10971
f 12245 10614 12244
f 12245 10613 10614
f 12560 10257 12559
f 12560 10256 10257
f 10249 12841 10248
f 10249 12840 12841
f 10606 12525 12526
f 10606 12526 10605
f 10963 12210 12211
f 10963 12211 10962
f 11257 11916 11917
f 11257 11917 11256
f 11253 11920 10969
f 11253 11254 11920
f 11947 10974 12209
f 11947 11948 10974
f 12241 12242 10617
f 12241 10617 12524
f 12556 10260 10261
f 12556 12557 10260
f 12556 10261 12839
f 10245 10246 12844
f 10245 12845 9919
f 10245 12844 12845
f 10602 12530 10255
f 10602 12529 12530
f 10602 10603 12529
f 10959 10960 12214
f 10959 12214 12215
f 10959 12215 10612
f 11931 10970 11951
f 11931 10969 10970
f 11931 11253 10969
f 12225 10613 12245
f 12225 10959 10612
f 12225 10612 10613
f 12540 10602 10255
f 12540 10255 10256
f 12540 10256 12560
f 10229 12840 10249
f 10229 12556 12839
f 10229 12839 12840
f 10943 11947 12209
f 10943 12209 12210
f 10943 12210 10963
f 11237 11916 11257
f 11237 11915 11916
f 11237 11268 11915
f 10586 12525 10606
f 10586 12524 12525
f 10586 12241 12524
f 11946 11947 10943
f 12240 12241 10586
f 10244 9919 9920
f 10244 10245 9919
f 11252 11253 11931
f 10601 10602 12540
f 10958 10959 12225
f 12555 12556 10229
f 11932 11252 11931
f 10944 11946 10943
f 11238 11267 11268
f 11238 11268 11237
f 10230 12555 10229
f 12226 10958 12225
f 12541 10601 12540
f 10587 12240 10586
f 11251 11252 11932
f 11945 11946 10944
f 12239 12240 10587
f 12554 12555 10230
f 10243 9920 9921
f 10243 9921 9922
f 10243 10244 9920
f 10600 10601 12541
f 10957 10958 12226
f 11933 11251 11932
f 12227 10957 12226
f 10231 12554 10230
f 10945 11945 10944
f 11239 11266 11267
f 11239 11267 11238
f 12542 10600 12541
f 10588 12239 10587
f 11944 11945 10945
f 12238 12239 10588
f 12553 12554 10231
f 10242 10243 9922
f 10599 10600 12542
f 10956 10957 12227
f 11250 11251 11933
f 11934 11250 11933
f 10589 12238 10588
f 10946 11944 10945
f 11240 11266 11239
f 11240 11265 11266
f 12228 10956 12227
f 10232 12553 10231
f 12543 10599 12542
f 11249 11250 11934
f 11943 11944 10946
f 12237 12238 10589
f 12552 12553 10232
f 10241 9922 9923
f 10241 10242 9922
f 10598 10599 12543
f 10955 10956 12228
f 11935 11249 11934
f 11241 11265 11240
f 11241 11264 11265
f 10233 12552 10232
f 10947 11943 10946
f 12229 10955 12228
f 12544 10598 12543
f 10590 12237 10589
f 11248 11249 11935
f 11942 11943 10947
f 12551 12552 10233
f 10240 9923 9924
f 10240 10241 9923
f 10597 10598 12544
f 10954 10955 12229
f 11936 11248 11935
f 12230 10954 12229
f 10234 12551 10233
f 10948 11942 10947
f 11242 11263 11264
f 11242 11264 11241
f 12545 10597 12544
f 11247 11248 11936
f 12550 12551 10234
f 10596 10597 12545
f 10953 10954 12230
f 11655 10591 10592
f 11656 10591 11655
f 11656 10590 10591
f 11656 12237 10590
f 11656 12236 12237
f 11654 10592 10593
f 11654 10593 10594
f 11654 11655 10592
f 11657 12236 11656
f 11657 12235 12236
f 11653 11654 10594
f 11653 10594 10595
f 11637 12235 11657
f 11637 12234 12235
f 11652 11653 10595
f 11652 10595 10596
f 11970 10951 10952
f 10583 12548 12549
f 10940 12234 11637
f 10940 12233 12234
f 11234 11939 11940
f 11971 10950 10951
f 11971 10951 11970
f 10584 12547 12548
f 10584 12548 10583
f 11235 11938 11939
f 11235 11939 11234
f 10941 12233 10940
f 10941 12232 12233
f 11969 11970 10952
f 11969 10952 10953
f 10582 12549 12550
f 10582 10583 12549
f 11233 11940 11941
f 11233 11234 11940
f 10939 11637 11638
f 10939 10940 11637
f 11972 10949 10950
f 11972 10950 11971
f 10585 12546 12547
f 10585 12547 10584
f 11236 11937 11938
f 11236 11938 11235
f 10942 12232 10941
f 10942 12231 12232
f 11968 10953 12230
f 11968 11969 10953
f 10581 10582 12550
f 10581 12550 10234
f 10938 10939 11638
f 11232 11941 11942
f 11232 11942 10948
f 11232 11233 11941
f 11639 10938 11638
f 11216 11937 11236
f 11216 11247 11936
f 11216 11936 11937
f 11952 10948 10949
f 11952 10949 11972
f 11952 11232 10948
f 10565 12545 12546
f 10565 11651 11652
f 10565 10596 12545
f 10565 11652 10596
f 10565 12546 10585
f 10922 12231 10942
f 10922 11968 12230
f 10922 12230 12231
f 11967 11968 10922
f 11231 11232 11952
f 10580 10234 10235
f 10580 10581 10234
f 10937 10938 11639
f 11953 11231 11952
f 10566 11651 10565
f 10923 11967 10922
f 11217 11246 11247
f 11217 11247 11216
f 11966 11967 10923
f 11230 11231 11953
f 10579 10580 10235
f 10579 10235 10236
f 10579 10236 10237
f 10936 10937 11639
f 11954 11230 11953
f 11218 11245 11246
f 11218 11246 11217
f 10567 11650 11651
f 10567 11651 10566
f 10924 11966 10923
f 11640 10936 11639
f 11965 11966 10924
f 10578 10579 10237
f 11229 11230 11954
f 10935 10936 11640
f 11955 11229 11954
f 10925 11965 10924
f 11219 11244 11245
f 11219 11245 11218
f 10568 11650 10567
f 11649 11650 10568
f 11964 11965 10925
f 11228 11229 11955
f 10577 10237 10238
f 10577 10578 10237
f 11956 11228 11955
f 10569 11649 10568
f 10926 11964 10925
f 11220 11243 11244
f 11220 11244 11219
f 11641 10934 10935
f 11641 10935 11640
f 11963 11964 10926
f 10576 10238 10239
f 10576 10577 10238
f 10933 10934 11641
f 11227 11228 11956
f 11221 11243 11220
f 11957 11227 11956
f 10927 11963 10926
f 11226 11227 11957
f 11648 10569 10570
f 11648 11649 10569
f 11642 10931 10932
f 11642 10932 10933
f 11642 10933 11641
f 11643 10931 11642
f 7790 10930 10931
f 7791 10928 10929
f 7791 10929 10930
f 7791 10930 7790
f 7789 11643 11644
f 7789 7790 10931
f 7789 10931 11643
f 7792 10927 10928
f 7792 11962 11963
f 7792 10928 7791
f 7792 11963 10927
f 11213 11960 11961
f 10920 11646 11647
f 10920 11647 10919
f 11214 11959 11960
f 11214 11960 11213
f 10918 11647 11648
f 10918 10919 11647
f 11212 11961 11962
f 11212 11213 11961
f 10921 11645 11646
f 10921 11646 10920
f 11215 11958 11959
f 11215 11959 11214
f 11211 11212 11962
f 10917 10918 11648
f 10917 11648 10570
f 10901 11644 11645
f 10901 11645 10921
f 11195 11226 11957
f 11195 11957 11958
f 11195 11958 11215
f 7788 7789 11644
f 7788 11644 10901
f 7793 11962 7792
f 7793 11211 11962
f 10916 10570 10571
f 10916 10917 10570
f 11210 11211 7793
f 10902 7788 10901
f 11196 11226 11195
f 11196 11225 11226
f 10915 10571 10572
f 10915 10572 10573
f 10915 10916 10571
f 11197 11225 11196
f 11197 11224 11225
f 7787 10902 10903
f 7787 7788 10902
f 7794 11210 7793
f 7794 11209 11210
f 10914 10915 10573
f 11208 11209 7794
f 10904 7787 10903
f 11198 11224 11197
f 11198 11223 11224
f 10913 10573 10574
f 10913 10914 10573
f 7784 7787 10904
f 7784 10904 10905
f 7795 11208 7794
f 7795 11207 11208
f 7785 7784 10905
f 7798 11207 7795
f 7798 11206 11207
f 7786 7785 10905
f 7786 10905 10906
f 7797 11206 7798
f 7783 7786 10906
f 7783 10906 10907
f 7783 10907 10908
f 7796 11206 7797
f 7796 11203 11204
f 7796 11204 11205
f 7796 11205 11206
f 7780 7783 10908
f 7780 10908 10909
f 7780 10909 10910
f 7775 9924 9925
f 7775 10913 10574
f 7775 10239 10240
f 7775 9925 9651
f 7775 10574 10575
f 7775 10575 10576
f 7775 10240 9924
f 7775 7780 10910
f 7775 10910 10911
f 7775 10911 10912
f 7775 10912 10913
f 7775 10576 10239
f 7775 9651 14741
f 7799 11203 7796
f 7799 11201 11202
f 7799 11202 11203
f 7804 11242 11243
f 7804 11223 11198
f 7804 11201 7799
f 7804 11263 11242
f 7804 11198 11199
f 7804 11199 11200
f 7804 11200 11201
f 7804 11243 11221
f 7804 11221 11222
f 7804 11222 11223
f 7806 7805 7804
f 7776 7778 7777
f 7776 7775 7778
f 7779 7781 7780
f 7779 7782 7781
f 7779 7780 7775
f 7779 7775 7776
f 7800 7802 7801
f 7800 7799 7802
f 7803 7799 7800
f 7803 7804 7799
f 7803 7806 7804
f 7763 7767 7857
f 7857 7767 7759
f 7759 7767 7760
f 7772 7775 14741
f 7804 7807 11452
f 7804 11452 11431
f 7804 11431 11410
f 7804 11410 11389
f 7804 11389 11368
f 7804 11368 11347
f 7804 11347 11326
f 7804 11326 11305
f 7804 11305 11284
f 7804 11284 11263
f 7812 7815 7920
f 7877 7878 7879
f 7877 7879 7880
f 7877 7880 7881
f 7877 7881 7882
f 7877 7882 7876
f 7876 7882 7875
f 7875 7882 7874
f 7874 7882 7873
f 7887 7888 7886
f 7886 7888 7885
f 7885 7888 7889
f 7899 7900 7901
f 7899 7901 7902
f 7899 7902 7903
f 7899 7903 7904
f 7899 7904 7898
f 7898 7904 7897
f 7897 7904 7815
f 7973 7974 127
f 127 7974 168
f 7973 127 149
f 7973 149 150
f 7975 7992 15000
f 8019 8020 14425
f 14425 8020 14424
f 14424 8020 14423
f 14423 8020 14422
f 8019 14425 14426
f 8029 8030 248
f 248 8030 247
f 247 8030 246
f 246 8030 245
f 8029 248 14446
f 14446 248 14445
f 14445 248 249
f 8029 14446 14447
f 8029 14447 11579
f 8029 11579 11580
f 8029 11580 11581
f 8029 11581 11582
f 8029 11582 11583
f 8059 8060 13159
f 13159 8060 13158
f 13158 8060 13157
f 13157 8060 13156
f 8059 13159 13160
f 8059 13160 13411
f 13411 13160 13161
f 13411 13161 13410
f 13410 13161 13162
f 13410 13162 13409
f 13409 13162 13408
f 13408 13162 13163
f 13408 13163 13407
f 13407 13163 13164
f 13407 13164 13406
f 13406 13164 13165
f 8059 13411 13412
f 8059 13412 13413
f 8059 13413 13414
f 8059 13414 13415
f 8089 8090 14937
f 14937 8090 14938
f 14938 8090 14929
f 14929 8090 9562
f 9562 8090 9561
f 9561 8090 9560
f 9560 8090 9559
f 9559 8090 9558
f 9558 8090 9557
f 9557 8090 8093
f 8093 8090 8092
f 8092 8090 8091
f 9557 8093 9577
f 9577 8093 9576
f 9576 8093 9575
f 9575 8093 9574
f 9574 8093 9573
f 9573 8093 9572
f 9572 8093 8096
f 8127 8128 8380
f 8380 8128 12997
f 12997 8128 12996
f 12996 8128 12995
f 12995 8128 13018
f 13018 8128 13017
f 13017 8128 13016
f 13016 8128 13015
f 13015 8128 13039
f 13039 8128 13038
f 13038 8128 13037
f 13037 8128 13036
f 13036 8128 13035
f 13035 8128 13034
f 13034 8128 13060
f 13060 8128 13059
f 13059 8128 13058
f 13058 8128 13057
f 8380 12997 12998
f 8380 12998 12999
f 8380 12999 13000
f 8380 13000 13001
f 8380 13001 12981
f 8380 12981 10035
f 8380 10035 10036
f 12995 13018 13019
f 12995 13019 13020
f 12995 13020 12994
f 12994 13020 13021
f 12994 13021 12993
f 12993 13021 13022
f 12993 13022 12992
f 12992 13022 13002
f 12992 13002 12991
f 12991 13002 10014
f 13015 13039 13040
f 13015 13040 13041
f 13015 13041 13042
f 13015 13042 13014
f 13014 13042 13043
f 13014 13043 13013
f 13013 13043 13023
f 13013 13023 9993
f 13034 13060 13061
f 13034 13061 13062
f 13034 13062 13063
f 13034 13063 13064
f 13034 13064 13044
f 13034 13044 13033
f 13033 13044 9972
f 8143 8144 13590
f 13590 8144 13610
f 13610 8144 13609
f 8143 13590 13591
f 8143 13591 13592
f 8143 13592 13593
f 8143 13593 13594
f 8143 13594 13595
f 8143 13595 13337
f 13337 13595 13336
f 13336 13595 13335
f 13335 13595 13334
f 13334 13595 13333
f 8143 13337 13317
f 8143 13317 13318
f 8143 13318 13319
f 8159 8160 8161
f 8159 8161 8162
f 8159 8162 13763
f 13763 8162 13762
f 13762 8162 13761
f 13761 8162 13760
f 13760 8162 13759
f 13759 8162 13758
f 13758 8162 13778
f 13778 8162 14845
f 8159 13763 13764
f 8159 13764 13765
f 8159 13765 13766
f 8159 13766 13784
f 13784 13766 13783
f 13783 13766 13782
f 13782 13766 13781
f 13781 13766 13767
f 13781 13767 13780
f 13780 13767 13768
f 13780 13768 13779
f 8159 13784 13785
f 8159 13785 13786
f 8159 13786 13787
f 8159 13787 13788
f 8159 13788 13805
f 13805 13788 13804
f 13804 13788 13803
f 13803 13788 13802
f 13802 13788 13801
f 13801 13788 13789
f 13801 13789 13800
f 8159 13805 13806
f 8159 13806 13807
f 8159 13807 13808
f 8159 13808 13809
f 8159 13809 13810
f 8159 13810 13826
f 13826 13810 13825
f 13825 13810 13824
f 13824 13810 13823
f 13823 13810 13822
f 13822 13810 13821
f 8159 13826 13827
f 8159 13827 13828
f 8169 8170 13700
f 13700 8170 13699
f 13699 8170 13698
f 13698 8170 13697
f 13697 8170 13696
f 13696 8170 13695
f 13695 8170 14807
f 13695 14807 14806
f 8169 13700 13701
f 8169 13701 13702
f 8169 13702 13703
f 8169 13703 13704
f 8169 13704 13721
f 13721 13704 13720
f 13720 13704 13719
f 13719 13704 13718
f 13718 13704 13717
f 13717 13704 13705
f 13717 13705 13716
f 8169 13721 13722
f 8169 13722 13723
f 8169 13723 13724
f 8169 13724 13725
f 8169 13725 13726
f 8169 13726 13742
f 13742 13726 13741
f 13741 13726 13740
f 13740 13726 13739
f 13739 13726 13738
f 13738 13726 13737
f 8169 13742 13743
f 8169 13743 13744
f 8169 13744 13745
f 8180 8181 8185
f 8187 8186 8201
f 8201 8186 8202
f 8202 8186 8203
f 8203 8186 8204
f 8204 8186 8200
f 8187 8201 8188
f 8188 8201 8189
f 8206 8205 8220
f 8220 8205 8221
f 8221 8205 8222
f 8222 8205 8223
f 8223 8205 8219
f 8206 8220 8207
f 8207 8220 8208
f 8225 8224 13478
f 13478 8224 8238
f 8225 13478 8226
f 8226 13478 13479
f 8226 13479 8227
f 8227 13479 13480
f 8247 8248 8252
f 8247 8252 8251
f 8254 8253 8268
f 8268 8253 8269
f 8269 8253 8270
f 8270 8253 8271
f 8271 8253 8267
f 8254 8268 8255
f 8255 8268 8256
f 8273 8272 8287
f 8287 8272 8288
f 8288 8272 8289
f 8289 8272 8290
f 8290 8272 8286
f 8273 8287 8274
f 8274 8287 8275
f 8292 8291 8306
f 8306 8291 8307
f 8307 8291 8308
f 8308 8291 8309
f 8309 8291 8305
f 8292 8306 8293
f 8293 8306 8294
f 8311 8310 8324
f 8311 8324 8312
f 8312 8324 8313
f 8313 8324 13585
f 13585 8324 13584
f 8328 8329 8337
f 8328 8337 8336
f 8328 8336 13579
f 8328 13579 13580
f 8339 8338 13307
f 13307 8338 13306
f 13306 8338 13305
f 13305 8338 8346
f 8339 13307 8340
f 8349 8350 13302
f 13302 8350 13301
f 13301 8350 9693
f 9693 8350 9692
f 9692 8350 9691
f 9691 8350 9690
f 9690 8350 9689
f 9689 8350 9688
f 9688 8350 9712
f 9712 8350 9711
f 9711 8350 9710
f 9710 8350 9709
f 9709 8350 9732
f 9732 8350 9731
f 9731 8350 9730
f 9730 8350 9752
f 9752 8350 9751
f 9751 8350 8351
f 9751 8351 9750
f 9750 8351 9749
f 9749 8351 9748
f 9688 9712 9687
f 9687 9712 9686
f 9686 9712 9685
f 9685 9712 9713
f 9685 9713 9684
f 9684 9713 9714
f 9684 9714 9683
f 9683 9714 9715
f 9683 9715 13280
f 9709 9732 9708
f 9708 9732 9707
f 9707 9732 9733
f 9707 9733 9706
f 9706 9733 9734
f 9706 9734 9705
f 9705 9734 9735
f 9705 9735 9704
f 9704 9735 13259
f 9730 9752 9729
f 9729 9752 9753
f 9729 9753 9728
f 9728 9753 9754
f 9728 9754 9727
f 9727 9754 9755
f 9727 9755 9726
f 9726 9755 9756
f 9726 9756 9725
f 9725 9756 13238
f 8360 8361 321
f 321 8361 320
f 320 8361 9772
f 9772 8361 9771
f 9771 8361 9793
f 9793 8361 9792
f 9792 8361 9791
f 9791 8361 9790
f 9790 8361 9815
f 9815 8361 9814
f 9814 8361 9813
f 9813 8361 9812
f 8360 321 322
f 8360 322 323
f 320 9772 9773
f 320 9773 9774
f 320 9774 319
f 319 9774 9775
f 319 9775 318
f 318 9775 9776
f 318 9776 317
f 317 9776 9777
f 317 9777 295
f 295 9777 9778
f 9771 9793 9794
f 9771 9794 9795
f 9771 9795 9770
f 9770 9795 9796
f 9770 9796 9769
f 9769 9796 9797
f 9769 9797 9768
f 9768 9797 9798
f 9768 9798 9767
f 9767 9798 13196
f 9790 9815 9816
f 9790 9816 9817
f 9790 9817 9818
f 9790 9818 9789
f 9789 9818 9819
f 9789 9819 9788
f 9788 9819 9820
f 9788 9820 13175
f 8371 8372 8373
f 8371 8373 12976
f 12976 8373 12975
f 12975 8373 12974
f 12974 8373 12973
f 12973 8373 12972
f 12972 8373 12971
f 12971 8373 12970
f 12970 8373 10056
f 8371 12976 12977
f 8371 12977 12978
f 8371 12978 12955
f 12955 12978 12954
f 12954 12978 12953
f 12953 12978 12952
f 12952 12978 12979
f 12952 12979 12951
f 12951 12979 12980
f 12951 12980 12950
f 12950 12980 12960
f 12950 12960 10077
f 8371 12955 12956
f 8371 12956 12957
f 8371 12957 12958
f 8371 12958 12933
f 12933 12958 12932
f 12932 12958 12931
f 12931 12958 12930
f 12930 12958 12959
f 12930 12959 12929
f 12929 12959 12939
f 12929 12939 10098
f 8371 12933 12934
f 8371 12934 12935
f 8371 12935 12936
f 8371 12936 12937
f 8371 12937 12938
f 8371 12938 12918
f 8371 12918 10119
f 14789 14790 8366
f 8366 14790 8365
f 8365 14790 8364
f 8364 14790 8363
f 8363 14790 8362
f 14789 8366 8367
f 14789 8367 8368
f 14789 8368 8369
f 14791 14800 8116
f 8116 14800 8115
f 8115 14800 8114
f 8114 14800 8113
f 8113 14800 8176
f 8176 14800 8175
f 8175 14800 8174
f 8174 14800 8173
f 14791 8116 8117
f 14791 8117 8118
f 14791 8118 8119
f 14791 8119 8120
f 8113 8176 8177
f 8113 8177 8178
f 8113 8178 8179
f 14811 14817 9237
f 9237 14817 9236
f 9236 14817 9235
f 9235 14817 9234
f 14811 9237 9238
f 14826 14827 14974
f 14974 14827 14973
f 14973 14827 14972
f 14972 14827 14971
f 14971 14827 9216
f 9216 14827 9215
f 9215 14827 9214
f 9214 14827 9213
f 9213 14827 9212
f 9212 14827 9211
f 9211 14827 9210
f 9210 14827 9196
f 9196 14827 9195
f 9195 14827 9194
f 9194 14827 9193
f 14826 14974 14975
f 14826 14975 14976
f 14826 14976 14977
f 14826 14977 14978
f 14971 9216 9217
f 14971 9217 9218
f 9210 9196 9197
f 9210 9197 9198
f 9210 9198 9199
f 9210 9199 9179
f 9210 9179 13753
f 14899 14900 69
f 69 14900 68
f 68 14900 67
f 67 14900 66
f 66 14900 65
f 14899 69 70
f 14899 70 13952
f 13952 70 13951
f 13951 70 71
f 13951 71 13950
f 13950 71 72
f 13950 72 13949
f 13949 72 73
f 13949 73 13948
f 13948 73 74
f 13948 74 13947
f 13947 74 8932
f 14899 13952 13953
f 14899 13953 13954
f 14899 13954 13955
f 14899 13955 13956
f 14899 13956 13957
f 14899 13957 8911
f 14899 8911 8912
f 14909 14910 13933
f 14909 13933 13934
f 14909 13934 13935
f 14909 13935 13936
f 14909 13936 13937
f 14909 13937 8974
f 14909 8974 8975
f 14909 8975 8976
f 14911 14917 9253
f 9253 14917 9252
f 14923 14928 8101
f 8101 14928 8100
f 8100 14928 8099
f 8099 14928 8098
f 8098 14928 8097
f 8097 14928 8096
f 8096 14928 9568
f 9568 14928 9567
f 14923 8101 8102
f 8096 9568 9569
f 8096 9569 9570
f 8096 9570 9571
f 8096 9571 9572
f 14934 14939 8080
f 8080 14939 8079
f 8079 14939 8078
f 8078 14939 8077
f 14934 8080 8081
f 14934 8081 8082
f 14934 8082 8083
f 7675 7676 7745
f 7682 7679 7678
f 7682 7678 7675
f 7682 7745 7744
f 7682 7675 7745
f 7681 7744 7743
f 7681 7682 7744
f 7742 7743 7746
f 7742 7746 7747
f 7742 7747 7748
f 7742 7681 7743
f 7749 7742 7748
f 7750 7741 7742
f 7750 7742 7749
f 7751 7741 7750
f 7756 7736 7737
f 7756 7737 7738
f 7756 7738 7739
f 7757 7734 7735
f 7757 7735 7736
f 7757 7736 7756
f 7733 7734 7757
f 7752 7740 7741
f 7752 7741 7751
f 7755 7739 7740
f 7755 7756 7739
f 7753 7740 7752
f 7754 7755 7740
f 7754 7740 7753
f 7758 7733 7757
f 7732 7733 7758
f 7731 7732 7758
f 7731 7758 7686
f 7684 7687 7683
f 7727 7731 7686
f 7728 7727 7686
f 7728 7686 7687
f 7729 7728 7687
f 7730 7729 7687
f 7688 7687 7684
f 7688 7730 7687
f 7689 7730 7688
f 7669 7672 7671
f 7669 7671 7668
f 7653 7661 7666
f 7653 7666 7664
f 7654 7672 7669
f 7638 7662 7640
f 7638 7640 7637
f 7642 7655 7661
f 7641 7661 7653
f 7641 7642 7661
f 7646 7641 7653
f 7674 7654 7655
f 7674 7672 7654
f 7647 7662 7638
f 7694 7693 7691
f 7694 7691 7674
f 7694 7674 7655
f 7694 7655 7642
f 7645 7646 7647
f 7645 7641 7646
f 7699 7698 7696
f 7699 7696 7645
f 7699 7647 7638
f 7699 7645 7647
f 15015 15025 15024
f 15020 15022 15021
f 15016 15018 15017
f 15016 15019 15018
f 15016 15020 15019
f 15016 15023 15022
f 15016 15024 15023
f 15016 15015 15024
f 15016 15022 15020
f 15012 15011 15015
f 15012 15015 15016
f 15013 15012 15016
f 15014 15013 15016
f 15016 7820 7819
f 15016 7819 15014
f 15011 7830 15015
f 15011 7831 7830
f 15017 7820 15016
f 15017 7821 7820
f 15018 7822 7821
f 15018 7821 15017
f 15019 7823 7822
f 15019 7822 15018
f 15020 7824 7823
f 15020 7823 15019
f 15021 7825 7824
f 15021 7824 15020
f 15022 7826 7825
f 15022 7825 15021
f 15023 7827 7826
f 15023 7826 15022
f 15024 7828 7827
f 15024 7827 15023
f 15025 7829 7828
f 15025 7828 15024
f 15015 7830 7829
f 15015 7829 15025
f 15039 15034 15033
f 15039 15035 15034
f 15039 15036 15035
f 15039 15037 15036
f 15039 15038 15037
f 15030 15032 15031
f 15030 15033 15032
f 15030 15040 15039
f 15030 15039 15033
f 15043 15031 15041
f 15042 15031 15043
f 15029 15030 15031
f 15029 15031 15042
f 15028 15030 15029
f 15027 15030 15028
f 15026 15030 15027
f 7947 7946 15041
f 15031 7947 15041
f 15026 7957 15030
f 15026 7958 7957
f 15032 7947 15031
f 15032 7948 7947
f 15033 7949 7948
f 15033 7948 15032
f 15034 7950 7949
f 15034 7949 15033
f 15035 7951 7950
f 15035 7950 15034
f 15036 7952 7951
f 15036 7951 15035
f 15037 7953 7952
f 15037 7952 15036
f 15038 7954 7953
f 15038 7953 15037
f 15039 7955 7954
f 15039 7954 15038
f 15040 7956 7955
f 15040 7955 15039
f 15030 7957 7956
f 15030 7956 15040
f 15044 14747 14746
f 15044 14746 15045
f 15047 14757 15046
f 15047 14758 14757
f 15048 14747 15044
f 15048 14748 14747
f 15049 14749 14748
f 15049 14748 15048
f 15050 14750 14749
f 15050 14749 15049
f 15051 14751 14750
f 15051 14750 15050
f 15052 14752 14751
f 15052 14751 15051
f 15053 14753 14752
f 15053 14752 15052
f 15054 14754 14753
f 15054 14753 15053
f 15055 14755 14754
f 15055 14754 15054
f 15056 14756 14755
f 15056 14755 15055
f 15046 14757 14756
f 15046 14756 15056
f 15052 15054 15053
f 15050 15052 15051
f 15048 15050 15049
f 15044 15055 15054
f 15044 15056 15055
f 15044 15046 15056
f 15044 15054 15052
f 15044 15052 15050
f 15044 15050 15048
f 15057 15047 15046
f 15057 15046 15044
f 15058 15057 15044
f 15045 15058 15044
f 7614 7610 7611
f 7615 7610 7614
f 7618 7609 7616
f 7619 7609 7618
f 7613 7610 7630
f 7705 7701 7613
f 7622 7609 7619
f 7621 7622 7619
f 7704 7705 7613
f 7706 7703 7704
f 7706 7613 7630
f 7706 7704 7613
f 7711 7491 7492
f 7711 7636 7491
f 7710 7708 7636
f 7710 7636 7711
f 7716 7628 7621
f 7716 7621 7619
f 7715 7713 7628
f 7715 7628 7716
f 7615 7491 7629
f 7492 7609 7622
f 7622 7711 7492
f 7636 7629 7491
f 7629 7630 7615
f 7615 7630 7610
f 15060 14778 15059
f 15060 14779 14778
f 15064 15060 15059
f 15064 15059 15066
f 15063 15065 15062
f 15063 15066 15065
f 15063 15064 15066
f 15061 15063 15062
f 15068 15067 15069
f 15068 15069 15070
f 15068 15070 15071
f 15087 15068 15071
f 15088 15087 15071
f 15080 15083 15086
f 15081 15080 15086
f 15074 15075 15076
f 15073 15076 15079
f 15073 15074 15076
f 15072 15078 15077
f 15072 15079 15078
f 15072 15073 15079
f 15071 15072 15077
f 15071 15077 15082
f 15071 15082 15081
f 15071 15081 15084
f 15084 15081 15085
f 15085 15081 15086
f 15071 15084 15088
f 15099 624 15089
f 15099 644 624
f 15098 644 15099
f 15097 643 644
f 15097 644 15098
f 14825 15097 14826
f 14825 643 15097
f 14824 642 643
f 14824 643 14825
f 14823 641 642
f 14823 642 14824
f 14822 640 641
f 14822 641 14823
f 14821 639 640
f 14821 640 14822
f 14820 638 639
f 14820 639 14821
f 14819 637 638
f 14819 638 14820
f 14818 636 637
f 14818 637 14819
f 15096 635 636
f 15096 636 14818
f 14817 15096 14818
f 15095 635 15096
f 15094 635 15095
f 15094 634 635
f 15093 634 15094
f 15093 633 634
f 14908 15093 14909
f 14908 633 15093
f 14908 632 633
f 14907 632 14908
f 14907 631 632
f 14906 631 14907
f 14906 630 631
f 14905 630 14906
f 14905 629 630
f 14904 628 629
f 14904 629 14905
f 14903 627 628
f 14903 628 14904
f 14902 626 627
f 14902 627 14903
f 14901 626 14902
f 15092 625 626
f 15092 626 14901
f 14900 15092 14901
f 15091 625 15092
f 15090 624 625
f 15090 625 15091
f 15089 624 15090
f 15110 393 15100
f 15110 413 393
f 15109 413 15110
f 15108 412 413
f 15108 413 15109
f 14835 15108 14836
f 14835 412 15108
f 14834 411 412
f 14834 412 14835
f 14833 410 411
f 14833 411 14834
f 14832 409 410
f 14832 410 14833
f 14831 408 409
f 14831 409 14832
f 14830 407 408
f 14830 408 14831
f 14829 406 407
f 14829 407 14830
f 14828 405 406
f 14828 406 14829
f 15107 404 405
f 15107 405 14828
f 14827 15107 14828
f 15106 404 15107
f 15105 404 15106
f 15105 403 404
f 15104 403 15105
f 15104 402 403
f 14898 15104 14899
f 14898 402 15104
f 14898 401 402
f 14897 401 14898
f 14897 400 401
f 14896 400 14897
f 14896 399 400
f 14895 399 14896
f 14895 398 399
f 14894 397 398
f 14894 398 14895
f 14893 396 397
f 14893 397 14894
f 14892 395 396
f 14892 396 14893
f 14891 395 14892
f 15103 394 395
f 15103 395 14891
f 14890 15103 14891
f 15102 394 15103
f 15101 393 394
f 15101 394 15102
f 15100 393 15101
f 7343 15111 7323
f 7343 15112 15111
f 7342 15113 15112
f 7342 15112 7343
f 7341 15114 15113
f 7341 15113 7342
f 7340 15115 15114
f 7340 15114 7341
f 7339 15116 15115
f 7339 15115 7340
f 7338 15117 15116
f 7338 15116 7339
f 7337 15118 15117
f 7337 15117 7338
f 7336 15119 15118
f 7336 15118 7337
f 7335 15120 15119
f 7335 15119 7336
f 7334 15121 15120
f 7334 15120 7335
f 7333 15122 15121
f 7333 15121 7334
f 7332 15123 15122
f 7332 15122 7333
f 7331 15123 7332
f 7331 15124 15123
f 7330 15124 7331
f 7330 15125 15124
f 7329 15125 7330
f 7329 15126 15125
f 7328 15126 7329
f 7328 15127 15126
f 7327 15127 7328
f 7327 15128 15127
f 7326 15128 7327
f 7326 15129 15128
f 7325 15129 7326
f 7325 15130 15129
f 7324 15130 7325
f 7324 15131 15130
f 7324 15111 15131
f 7323 15111 7324
f 15133 11595 15132
f 15133 11596 11595
f 15134 11597 11596
f 15134 11598 11597
f 15134 11596 15133
f 15135 11598 15134
f 15136 11599 11598
f 15136 11600 11599
f 15136 11598 15135
f 15137 11600 15136
f 15138 11601 11600
f 15138 11602 11601
f 15138 11600 15137
f 15139 11602 15138
f 15140 11603 11602
f 15140 11604 11603
f 15140 11602 15139
f 15141 11604 15140
f 15142 11605 11604
f 15142 11604 15141
f 15143 11606 11605
f 15143 11605 15142
f 15144 11607 11606
f 15144 11606 15143
f 15145 11607 15144
f 15145 11608 11607
f 15146 11608 15145
f 15146 11609 11608
f 15147 11609 15146
f 15147 11610 11609
f 15148 11610 15147
f 15148 11611 11610
f 15149 11611 15148
f 15149 11612 11611
f 15149 11613 11612
f 15150 11613 15149
f 15150 11614 11613
f 15151 11614 15150
f 15152 11614 15151
f 15152 11615 11614
f 15132 11615 15152
f 15132 11595 11615
f 15154 14682 15153
f 15154 14683 14682
f 15179 15159 15158
f 15178 15158 15157
f 15178 15179 15158
f 15180 15159 15179
f 15177 15157 15156
f 15177 15178 15157
f 15181 15160 15159
f 15181 15159 15180
f 15176 15156 15155
f 15176 15177 15156
f 15182 15161 15160
f 15182 15160 15181
f 15196 15155 15175
f 15196 15176 15155
f 15183 15162 15161
f 15183 15161 15182
f 15195 15175 15174
f 15195 15196 15175
f 15163 15183 15184
f 15163 15162 15183
f 15173 15194 15195
f 15173 15195 15174
f 15164 15184 15185
f 15164 15163 15184
f 15186 15164 15185
f 15172 15193 15194
f 15172 15194 15173
f 15165 15164 15186
f 15171 15193 15172
f 15171 15192 15193
f 15166 15165 15186
f 15166 15186 15187
f 15170 15192 15171
f 15170 15191 15192
f 15167 15166 15187
f 15167 15187 15188
f 15169 15191 15170
f 15169 15190 15191
f 15168 15167 15188
f 15168 15190 15169
f 15168 15188 15189
f 15168 15189 15190
f 15198 14730 15197
f 15198 14731 14730
f 15215 15176 15199
f 15214 15177 15176
f 15214 15176 15215
f 15213 15178 15177
f 15213 15177 15214
f 14734 15213 14735
f 14734 15178 15213
f 14733 15179 15178
f 14733 15178 14734
f 14732 15180 15179
f 14732 15179 14733
f 15198 15181 15180
f 15198 15180 14732
f 14731 15198 14732
f 15212 15181 15198
f 15211 15182 15181
f 15211 15181 15212
f 15210 15182 15211
f 15210 15183 15182
f 14718 15183 15210
f 14718 15210 14719
f 14717 15183 14718
f 14717 15184 15183
f 14716 15184 14717
f 14716 15185 15184
f 15207 15185 14716
f 15207 15186 15185
f 14715 15207 14716
f 15208 15186 15207
f 15209 15186 15208
f 15209 15187 15186
f 15206 15187 15209
f 15206 15188 15187
f 14702 15206 14703
f 14702 15188 15206
f 14702 15189 15188
f 14701 15189 14702
f 14701 15190 15189
f 14700 15190 14701
f 15203 15190 14700
f 15203 15191 15190
f 14699 15203 14700
f 15204 15191 15203
f 15204 15192 15191
f 15205 15192 15204
f 15202 15193 15192
f 15202 15192 15205
f 14686 15202 14687
f 14686 15193 15202
f 14686 15194 15193
f 14685 15195 15194
f 14685 15194 14686
f 14684 15195 14685
f 15154 15196 15195
f 15154 15195 14684
f 15201 15176 15196
f 15201 15196 15154
f 14683 15154 14684
f 15200 15176 15201
f 15199 15176 15200
f 15216 14720 14719
f 15216 14719 15210
f 15217 14736 14735
f 15217 14735 15213
f 8346 8338 15219
f 15218 8346 15219
f 8137 687 8138
f 8137 707 687
f 8136 706 707
f 8136 707 8137
f 8135 705 706
f 8135 706 8136
f 8134 704 705
f 8134 705 8135
f 8133 703 704
f 8133 704 8134
f 8132 702 703
f 8132 703 8133
f 8131 701 702
f 8131 702 8132
f 8130 700 701
f 8130 701 8131
f 8129 699 700
f 8129 700 8130
f 15226 698 699
f 15226 699 8129
f 8128 15226 8129
f 15225 697 698
f 15225 698 15226
f 15224 697 15225
f 15223 697 15224
f 15223 696 697
f 8349 696 15223
f 8349 15223 8350
f 8349 695 696
f 8348 695 8349
f 8348 694 695
f 8347 694 8348
f 15218 694 8347
f 15218 693 694
f 8346 15218 8347
f 15222 693 15218
f 15222 692 693
f 15221 692 15222
f 15220 691 692
f 15220 692 15221
f 8142 15220 8143
f 8142 690 691
f 8142 691 15220
f 8141 689 690
f 8141 690 8142
f 8140 688 689
f 8140 689 8141
f 8139 687 688
f 8139 688 8140
f 8138 687 8139
f 15219 15220 15221
f 15219 15221 15222
f 15219 15222 15218
f 15232 15220 15219
f 15231 15220 15232
f 15236 15228 15227
f 15236 15229 15228
f 15235 15236 15227
f 15234 15235 15227
f 15233 15234 15227
f 15236 15220 15230
f 15230 15220 15231
f 15236 15230 15229
f 15238 14640 15237
f 15238 14641 14640
f 15239 14642 14641
f 15239 14643 14642
f 15239 14641 15238
f 15240 14643 15239
f 15241 14644 14643
f 15241 14645 14644
f 15241 14643 15240
f 15242 14645 15241
f 15243 14646 14645
f 15243 14647 14646
f 15243 14645 15242
f 15244 14647 15243
f 15245 14648 14647
f 15245 14649 14648
f 15245 14647 15244
f 15246 14649 15245
f 15247 14650 14649
f 15247 14649 15246
f 15248 14651 14650
f 15248 14650 15247
f 15249 14652 14651
f 15249 14651 15248
f 15250 14652 15249
f 15250 14653 14652
f 15251 14653 15250
f 15251 14654 14653
f 15252 14654 15251
f 15252 14655 14654
f 15253 14655 15252
f 15253 14656 14655
f 15254 14656 15253
f 15254 14657 14656
f 15254 14658 14657
f 15255 14658 15254
f 15255 14659 14658
f 15256 14659 15255
f 15257 14659 15256
f 15257 14660 14659
f 15237 14660 15257
f 15237 14640 14660
f 15267 7407 15258
f 15268 7408 7407
f 15268 7407 15267
f 15266 7409 7408
f 15266 7408 15268
f 14761 15266 14762
f 14761 7409 15266
f 14760 7410 7409
f 14760 7409 14761
f 14759 7411 7410
f 14759 7410 14760
f 15047 7412 7411
f 15047 7411 14759
f 14758 15047 14759
f 15057 7412 15047
f 15058 7413 7412
f 15058 7412 15057
f 15045 7413 15058
f 15045 7414 7413
f 14968 7414 15045
f 14968 15045 14746
f 14967 7414 14968
f 14967 7415 7414
f 14966 7415 14967
f 14966 7416 7415
f 15263 7416 14966
f 15263 7417 7416
f 14965 15263 14966
f 15264 7417 15263
f 15265 7417 15264
f 15265 7418 7417
f 15262 7418 15265
f 15262 7419 7418
f 14952 15262 14953
f 14952 7419 15262
f 14952 7420 7419
f 14951 7420 14952
f 14951 7421 7420
f 14950 7421 14951
f 15062 7421 14950
f 15062 7422 7421
f 14949 15062 14950
f 15065 7422 15062
f 15065 7423 7422
f 15066 7423 15065
f 15059 7424 7423
f 15059 7423 15066
f 14777 15059 14778
f 14777 7424 15059
f 14777 7425 7424
f 14776 7426 7425
f 14776 7425 14777
f 14775 7426 14776
f 15259 7427 7426
f 15259 7426 14775
f 15260 7407 7427
f 15260 7427 15259
f 14774 15259 14775
f 15261 7407 15260
f 15258 7407 15261
f 15272 15271 15274
f 15272 15274 15275
f 15273 15275 15276
f 15273 15272 15275
f 15269 15276 15270
f 15269 15273 15276
f 14783 666 14784
f 14783 686 666
f 14782 685 686
f 14782 686 14783
f 14781 684 685
f 14781 685 14782
f 14780 683 684
f 14780 684 14781
f 15060 682 683
f 15060 683 14780
f 14779 15060 14780
f 15064 682 15060
f 15063 681 682
f 15063 682 15064
f 15061 680 681
f 15061 681 15063
f 14947 15061 14948
f 14947 679 680
f 14947 680 15061
f 14946 678 679
f 14946 679 14947
f 14945 678 14946
f 14945 677 678
f 14944 677 14945
f 14944 676 677
f 14943 676 14944
f 14942 676 14943
f 14942 675 676
f 14941 675 14942
f 14941 674 675
f 14940 674 14941
f 14940 673 674
f 15270 673 14940
f 15270 672 673
f 14939 15270 14940
f 15276 672 15270
f 15276 671 672
f 15275 671 15276
f 15274 670 671
f 15274 671 15275
f 14788 15274 14789
f 14788 669 670
f 14788 670 15274
f 14787 668 669
f 14787 669 14788
f 14786 667 668
f 14786 668 14787
f 14785 666 667
f 14785 667 14786
f 14784 666 14785
f 15270 14934 15269
f 15270 14939 14934
f 15278 15287 15286
f 15290 15288 15287
f 15290 15289 15288
f 15290 15287 15278
f 15285 15291 15290
f 15285 15292 15291
f 15285 15293 15292
f 15285 15294 15293
f 15285 15290 15278
f 15279 15278 15277
f 15280 15278 15279
f 15281 15285 15278
f 15281 15278 15280
f 15282 15285 15281
f 15283 15285 15282
f 15284 15285 15283
f 15295 15325 15326
f 15295 15326 15327
f 15295 15327 15296
f 15301 15325 15295
f 15307 15298 15297
f 15307 15297 15302
f 15306 15299 15298
f 15306 15298 15307
f 15313 15304 15303
f 15313 15303 15308
f 15312 15305 15304
f 15312 15304 15313
f 15323 15314 15324
f 15320 15322 15321
f 15315 15310 15309
f 15315 15311 15310
f 15315 15312 15311
f 15315 15309 15314
f 15315 15314 15323
f 15319 15322 15320
f 15317 15316 15315
f 15318 15323 15322
f 15318 15315 15323
f 15318 15317 15315
f 15318 15322 15319
f 15315 15325 15299
f 15299 15325 15300
f 15300 15325 15301
f 15315 15299 15306
f 15315 15306 15305
f 15315 15305 15312
f 8324 8310 15328
f 15329 8324 15328
f 8148 414 8149
f 8148 434 414
f 8147 433 434
f 8147 434 8148
f 8146 432 433
f 8146 433 8147
f 8145 431 432
f 8145 432 8146
f 15236 430 431
f 15236 431 8145
f 8144 15236 8145
f 15235 430 15236
f 15234 429 430
f 15234 430 15235
f 15233 428 429
f 15233 429 15234
f 8327 15233 8328
f 8327 428 15233
f 8326 427 428
f 8326 428 8327
f 8325 426 427
f 8325 427 8326
f 15329 425 426
f 15329 426 8325
f 8324 15329 8325
f 15332 425 15329
f 15331 425 15332
f 15331 424 425
f 15330 424 15331
f 15330 423 424
f 8158 15330 8159
f 8158 423 15330
f 8158 422 423
f 8157 422 8158
f 8157 421 422
f 8156 421 8157
f 8156 420 421
f 8155 420 8156
f 8155 419 420
f 8154 419 8155
f 8154 418 419
f 8153 417 418
f 8153 418 8154
f 8152 416 417
f 8152 417 8153
f 8151 415 416
f 8151 416 8152
f 8150 414 415
f 8150 415 8151
f 8149 414 8150
f 15227 8329 8328
f 15227 8328 15233
f 854 15333 834
f 854 15334 15333
f 853 15335 15334
f 853 15334 854
f 852 15336 15335
f 852 15335 853
f 851 15337 15336
f 851 15336 852
f 850 15338 15337
f 850 15337 851
f 849 15339 15338
f 849 15338 850
f 848 15340 15339
f 848 15339 849
f 847 15341 15340
f 847 15340 848
f 846 15342 15341
f 846 15341 847
f 845 15343 15342
f 845 15342 846
f 844 15344 15343
f 844 15343 845
f 843 15345 15344
f 843 15344 844
f 842 15345 843
f 842 15346 15345
f 841 15346 842
f 841 15347 15346
f 840 15347 841
f 840 15348 15347
f 839 15348 840
f 839 15349 15348
f 838 15349 839
f 838 15350 15349
f 837 15350 838
f 837 15351 15350
f 836 15351 837
f 836 15352 15351
f 835 15352 836
f 835 15353 15352
f 835 15333 15353
f 834 15333 835
f 15355 11658 15354
f 15355 11659 11658
f 15356 11660 11659
f 15356 11661 11660
f 15356 11659 15355
f 15357 11661 15356
f 15358 11662 11661
f 15358 11663 11662
f 15358 11661 15357
f 15359 11663 15358
f 15360 11664 11663
f 15360 11665 11664
f 15360 11663 15359
f 15361 11665 15360
f 15362 11666 11665
f 15362 11667 11666
f 15362 11665 15361
f 15363 11667 15362
f 15364 11668 11667
f 15364 11667 15363
f 15365 11669 11668
f 15365 11668 15364
f 15366 11670 11669
f 15366 11669 15365
f 15367 11670 15366
f 15367 11671 11670
f 15368 11671 15367
f 15368 11672 11671
f 15369 11672 15368
f 15369 11673 11672
f 15370 11673 15369
f 15370 11674 11673
f 15371 11674 15370
f 15371 11675 11674
f 15371 11676 11675
f 15372 11676 15371
f 15372 11677 11676
f 15373 11677 15372
f 15374 11677 15373
f 15374 11678 11677
f 15354 11678 15374
f 15354 11658 11678
f 875 15375 855
f 875 15376 15375
f 874 15377 15376
f 874 15376 875
f 873 15378 15377
f 873 15377 874
f 872 15379 15378
f 872 15378 873
f 871 15380 15379
f 871 15379 872
f 870 15381 15380
f 870 15380 871
f 869 15382 15381
f 869 15381 870
f 868 15383 15382
f 868 15382 869
f 867 15384 15383
f 867 15383 868
f 866 15385 15384
f 866 15384 867
f 865 15386 15385
f 865 15385 866
f 864 15387 15386
f 864 15386 865
f 863 15387 864
f 863 15388 15387
f 862 15388 863
f 862 15389 15388
f 861 15389 862
f 861 15390 15389
f 860 15390 861
f 860 15391 15390
f 859 15391 860
f 859 15392 15391
f 858 15392 859
f 858 15393 15392
f 857 15393 858
f 857 15394 15393
f 856 15394 857
f 856 15395 15394
f 856 15375 15395
f 855 15375 856
f 15397 11616 15396
f 15397 11617 11616
f 15398 11618 11617
f 15398 11619 11618
f 15398 11617 15397
f 15399 11619 15398
f 15400 11620 11619
f 15400 11621 11620
f 15400 11619 15399
f 15401 11621 15400
f 15402 11622 11621
f 15402 11623 11622
f 15402 11621 15401
f 15403 11623 15402
f 15404 11624 11623
f 15404 11625 11624
f 15404 11623 15403
f 15405 11625 15404
f 15406 11626 11625
f 15406 11625 15405
f 15407 11627 11626
f 15407 11626 15406
f 15408 11628 11627
f 15408 11627 15407
f 15409 11628 15408
f 15409 11629 11628
f 15410 11629 15409
f 15410 11630 11629
f 15411 11630 15410
f 15411 11631 11630
f 15412 11631 15411
f 15412 11632 11631
f 15413 11632 15412
f 15413 11633 11632
f 15413 11634 11633
f 15414 11634 15413
f 15414 11635 11634
f 15415 11635 15414
f 15416 11635 15415
f 15416 11636 11635
f 15396 11636 15416
f 15396 11616 11636
f 15420 7432 7431
f 15419 7431 7430
f 15419 15420 7431
f 15421 7432 15420
f 15418 7430 7429
f 15418 15419 7430
f 15422 7433 7432
f 15422 7432 15421
f 15417 7429 7428
f 15417 15418 7429
f 15423 7434 7433
f 15423 7433 15422
f 15437 7428 7448
f 15437 15417 7428
f 7447 15437 7448
f 15424 7435 7434
f 15424 7434 15423
f 15436 15437 7447
f 7436 15424 15425
f 7436 7435 15424
f 7446 15435 15436
f 7446 15436 7447
f 15426 7436 15425
f 15434 15435 7446
f 7437 7436 15426
f 15427 7437 15426
f 7445 15434 7446
f 7438 7437 15427
f 7444 15434 7445
f 7444 15432 15433
f 7444 15433 15434
f 7439 7438 15427
f 7439 15427 15428
f 7443 15432 7444
f 7440 15428 15429
f 7440 7439 15428
f 7442 15432 7443
f 7442 15430 15431
f 7442 15431 15432
f 7441 7440 15429
f 7441 15430 7442
f 7441 15429 15430
f 15042 7470 15029
f 15043 7471 7470
f 15043 7470 15042
f 15041 7472 7471
f 15041 7471 15043
f 7945 15041 7946
f 7945 7472 15041
f 7944 7473 7472
f 7944 7472 7945
f 7943 7474 7473
f 7943 7473 7944
f 15447 7475 7474
f 15447 7474 7943
f 7942 15447 7943
f 15448 7475 15447
f 15449 7476 7475
f 15449 7475 15448
f 15446 7476 15449
f 15446 7477 7476
f 7929 7477 15446
f 7929 15446 7930
f 7928 7477 7929
f 7928 7478 7477
f 7927 7478 7928
f 7927 7479 7478
f 15443 7479 7927
f 15443 7480 7479
f 7926 15443 7927
f 15444 7480 15443
f 15445 7480 15444
f 15445 7481 7480
f 15442 7481 15445
f 15442 7482 7481
f 7913 15442 7914
f 7913 7482 15442
f 7913 7483 7482
f 7912 7483 7913
f 7912 7484 7483
f 7911 7484 7912
f 15439 7484 7911
f 15439 7485 7484
f 7910 15439 7911
f 15440 7485 15439
f 15440 7486 7485
f 15441 7486 15440
f 15438 7487 7486
f 15438 7486 15441
f 7961 15438 7962
f 7961 7487 15438
f 7961 7488 7487
f 7960 7489 7488
f 7960 7488 7961
f 7959 7489 7960
f 15026 7490 7489
f 15026 7489 7959
f 15027 7470 7490
f 15027 7490 15026
f 7958 15026 7959
f 15028 7470 15027
f 15029 7470 15028
f 15451 8444 15450
f 15451 8445 8444
f 15452 8446 8445
f 15452 8445 15451
f 15453 8447 8446
f 15453 8446 15452
f 15454 8448 8447
f 15454 8447 15453
f 15455 8449 8448
f 15455 8448 15454
f 15456 8450 8449
f 15456 8449 15455
f 15457 8451 8450
f 15457 8452 8451
f 15457 8450 15456
f 15458 8452 15457
f 15459 8453 8452
f 15459 8452 15458
f 15460 8454 8453
f 15460 8455 8454
f 15460 8453 15459
f 15461 8455 15460
f 15462 8456 8455
f 15462 8455 15461
f 15463 8456 15462
f 15463 8457 8456
f 15464 8457 15463
f 15464 8458 8457
f 15464 8459 8458
f 15465 8459 15464
f 15465 8460 8459
f 15466 8460 15465
f 15466 8461 8460
f 15467 8461 15466
f 15468 8461 15467
f 15468 8462 8461
f 15469 8462 15468
f 15469 8463 8462
f 15469 8464 8463
f 15470 8464 15469
f 15450 8464 15470
f 15450 8444 8464
f 15472 14619 15471
f 15472 14620 14619
f 15473 14621 14620
f 15473 14620 15472
f 15474 14622 14621
f 15474 14621 15473
f 15475 14623 14622
f 15475 14622 15474
f 15476 14624 14623
f 15476 14623 15475
f 15477 14625 14624
f 15477 14624 15476
f 15478 14626 14625
f 15478 14627 14626
f 15478 14625 15477
f 15479 14627 15478
f 15480 14628 14627
f 15480 14627 15479
f 15481 14629 14628
f 15481 14630 14629
f 15481 14628 15480
f 15482 14630 15481
f 15483 14631 14630
f 15483 14630 15482
f 15484 14631 15483
f 15484 14632 14631
f 15485 14632 15484
f 15485 14633 14632
f 15485 14634 14633
f 15486 14634 15485
f 15486 14635 14634
f 15487 14635 15486
f 15487 14636 14635
f 15488 14636 15487
f 15489 14636 15488
f 15489 14637 14636
f 15490 14637 15489
f 15490 14638 14637
f 15490 14639 14638
f 15491 14639 15490
f 15471 14639 15491
f 15471 14619 14639
f 7196 15492 7176
f 7196 15493 15492
f 7195 15494 15493
f 7195 15493 7196
f 7194 15495 15494
f 7194 15494 7195
f 7193 15496 15495
f 7193 15495 7194
f 7192 15497 15496
f 7192 15496 7193
f 7191 15498 15497
f 7191 15497 7192
f 7190 15499 15498
f 7190 15498 7191
f 7189 15500 15499
f 7189 15499 7190
f 7188 15501 15500
f 7188 15500 7189
f 7187 15502 15501
f 7187 15501 7188
f 7186 15503 15502
f 7186 15502 7187
f 7185 15504 15503
f 7185 15503 7186
f 7184 15504 7185
f 7184 15505 15504
f 7183 15505 7184
f 7183 15506 15505
f 7182 15506 7183
f 7182 15507 15506
f 7181 15507 7182
f 7181 15508 15507
f 7181 15509 15508
f 7180 15509 7181
f 7179 15509 7180
f 7179 15510 15509
f 7178 15510 7179
f 7178 15511 15510
f 7177 15511 7178
f 7177 15512 15511
f 7177 15492 15512
f 7176 15492 7177
f 15514 11637 15513
f 15514 11638 11637
f 15515 11639 11638
f 15515 11640 11639
f 15515 11638 15514
f 15516 11640 15515
f 15517 11641 11640
f 15517 11642 11641
f 15517 11640 15516
f 15518 11642 15517
f 15519 11643 11642
f 15519 11644 11643
f 15519 11642 15518
f 15520 11644 15519
f 15521 11645 11644
f 15521 11646 11645
f 15521 11644 15520
f 15522 11646 15521
f 15523 11647 11646
f 15523 11646 15522
f 15524 11648 11647
f 15524 11647 15523
f 15525 11649 11648
f 15525 11648 15524
f 15526 11649 15525
f 15526 11650 11649
f 15527 11650 15526
f 15527 11651 11650
f 15528 11651 15527
f 15528 11652 11651
f 15529 11652 15528
f 15529 11653 11652
f 15530 11653 15529
f 15530 11654 11653
f 15530 11655 11654
f 15531 11655 15530
f 15531 11656 11655
f 15532 11656 15531
f 15533 11656 15532
f 15533 11657 11656
f 15513 11657 15533
f 15513 11637 11657
f 7260 14927 14918
f 7261 14926 14927
f 7261 14927 7260
f 7262 14925 14926
f 7262 14926 7261
f 15538 14923 14924
f 7263 14924 14925
f 7263 14925 7262
f 7264 14924 7263
f 7264 15538 14924
f 7265 15540 15541
f 7265 15541 15538
f 7265 15538 7264
f 14809 14800 15539
f 7266 15539 15540
f 7266 15540 7265
f 7267 15539 7266
f 7267 14809 15539
f 7268 14808 14809
f 7268 14809 7267
f 7269 14807 14808
f 7269 14808 7268
f 7270 14807 7269
f 7270 14805 14806
f 7270 14806 14807
f 7271 14805 7270
f 7271 14804 14805
f 7272 14804 7271
f 7272 14803 14804
f 15537 14801 14802
f 7273 14803 7272
f 7273 14802 14803
f 7274 15537 14802
f 7274 14802 7273
f 7275 15536 15537
f 7275 15537 7274
f 14922 14917 15534
f 7276 15534 15535
f 7276 15535 15536
f 7276 15536 7275
f 7277 14922 15534
f 7277 15534 7276
f 7278 14921 14922
f 7278 14922 7277
f 7279 14920 14921
f 7279 14921 7278
f 7280 14919 14920
f 7280 14920 7279
f 7260 14918 14919
f 7260 14919 7280
f 15542 14810 14801
f 15542 14801 15537
f 15539 15543 15546
f 15540 15539 15546
f 15541 15545 15544
f 15541 15546 15545
f 15541 15540 15546
f 15538 15541 15544
f 15554 15093 15094
f 15554 15094 15095
f 15554 15095 15096
f 15542 15535 15534
f 15542 15536 15535
f 15542 15537 15536
f 15553 15554 15555
f 15553 15555 15556
f 15553 15556 15557
f 15547 15557 15558
f 15547 15558 15559
f 15547 15559 15542
f 15547 15542 15534
f 15552 15553 15557
f 15548 15557 15547
f 15551 15552 15557
f 15549 15557 15548
f 15550 15551 15557
f 15550 15557 15549
f 15553 15093 15554
f 15534 14911 15547
f 15534 14917 14911
f 14800 14791 15543
f 15539 14800 15543
f 15544 14923 15538
f 15544 14928 14923
f 15562 15240 15239
f 15562 15563 15240
f 15564 15241 15240
f 15564 15242 15241
f 15564 15240 15563
f 15561 15239 15238
f 15561 15562 15239
f 15565 15242 15564
f 15560 15238 15237
f 15560 15561 15238
f 15566 15243 15242
f 15566 15242 15565
f 15580 15237 15257
f 15580 15560 15237
f 15567 15244 15243
f 15567 15243 15566
f 15579 15257 15256
f 15579 15580 15257
f 15245 15567 15568
f 15245 15244 15567
f 15255 15578 15579
f 15255 15579 15256
f 15577 15578 15255
f 15246 15568 15569
f 15246 15245 15568
f 15254 15576 15577
f 15254 15577 15255
f 15247 15569 15570
f 15247 15570 15571
f 15247 15246 15569
f 15253 15576 15254
f 15248 15247 15571
f 15248 15571 15572
f 15252 15576 15253
f 15252 15575 15576
f 15249 15248 15572
f 15251 15575 15252
f 15251 15574 15575
f 15250 15249 15572
f 15250 15574 15251
f 15250 15572 15573
f 15250 15573 15574
f 7281 14938 14929
f 7282 14937 14938
f 7282 14938 7281
f 7283 14936 14937
f 7283 14937 7282
f 15269 14934 14935
f 7284 14935 14936
f 7284 14936 7283
f 7285 14935 7284
f 7285 15269 14935
f 7286 15272 15273
f 7286 15273 15269
f 7286 15269 7285
f 14799 14790 15271
f 7287 15271 15272
f 7287 15272 7286
f 7288 15271 7287
f 7288 14799 15271
f 7289 14798 14799
f 7289 14799 7288
f 7290 14797 14798
f 7290 14798 7289
f 7291 14797 7290
f 7291 14796 14797
f 7292 14796 7291
f 7292 14794 14795
f 7292 14795 14796
f 7293 14794 7292
f 7293 14793 14794
f 15543 14791 14792
f 7294 14793 7293
f 7294 14792 14793
f 7295 15543 14792
f 7295 14792 7294
f 7296 15546 15543
f 7296 15543 7295
f 14933 14928 15544
f 7297 15544 15545
f 7297 15545 15546
f 7297 15546 7296
f 7298 14933 15544
f 7298 15544 7297
f 7299 14932 14933
f 7299 14933 7298
f 7300 14931 14932
f 7300 14932 7299
f 7301 14930 14931
f 7301 14931 7300
f 7281 14929 14930
f 7281 14930 7301
f 15271 14789 15274
f 15271 14790 14789
f 7387 813 7386
f 7387 814 813
f 7388 815 814
f 7388 816 815
f 7388 814 7387
f 7389 816 7388
f 7390 817 816
f 7390 818 817
f 7390 816 7389
f 7391 818 7390
f 7392 819 818
f 7392 818 7391
f 7393 820 819
f 7393 819 7392
f 7394 821 820
f 7394 822 821
f 7394 820 7393
f 7395 823 822
f 7395 822 7394
f 7396 823 7395
f 7397 824 823
f 7397 825 824
f 7397 823 7396
f 7398 825 7397
f 7399 825 7398
f 7399 826 825
f 7400 826 7399
f 7400 827 826
f 7401 827 7400
f 7401 828 827
f 7402 828 7401
f 7402 829 828
f 7402 830 829
f 7403 830 7402
f 7404 830 7403
f 7404 831 830
f 7405 831 7404
f 7405 832 831
f 7405 833 832
f 7406 833 7405
f 7386 833 7406
f 7386 813 833
f 15584 15474 15473
f 15583 15473 15472
f 15583 15584 15473
f 15585 15475 15474
f 15585 15476 15475
f 15585 15474 15584
f 15582 15583 15472
f 15586 15476 15585
f 15581 15472 15471
f 15581 15582 15472
f 15587 15477 15476
f 15587 15476 15586
f 15601 15471 15491
f 15601 15581 15471
f 15588 15478 15477
f 15588 15477 15587
f 15600 15491 15490
f 15600 15601 15491
f 15479 15588 15589
f 15479 15478 15588
f 15599 15600 15490
f 15489 15599 15490
f 15480 15589 15590
f 15480 15479 15589
f 15591 15480 15590
f 15488 15598 15599
f 15488 15599 15489
f 15481 15480 15591
f 15487 15598 15488
f 15487 15597 15598
f 15482 15481 15591
f 15482 15591 15592
f 15482 15592 15593
f 15486 15597 15487
f 15486 15596 15597
f 15483 15482 15593
f 15483 15593 15594
f 15485 15596 15486
f 15485 15595 15596
f 15484 15483 15594
f 15484 15595 15485
f 15484 15594 15595
f 4256 11679 4236
f 4256 11680 11679
f 4255 11681 11680
f 4255 11680 4256
f 4254 11682 11681
f 4254 11681 4255
f 4253 11683 11682
f 4253 11682 4254
f 4252 11684 11683
f 4252 11683 4253
f 4251 11685 11684
f 4251 11684 4252
f 4250 11686 11685
f 4250 11685 4251
f 4249 11687 11686
f 4249 11686 4250
f 4248 11688 11687
f 4248 11687 4249
f 4247 11689 11688
f 4247 11688 4248
f 4246 11690 11689
f 4246 11689 4247
f 4245 11691 11690
f 4245 11690 4246
f 4244 11691 4245
f 4244 11692 11691
f 4243 11692 4244
f 4243 11693 11692
f 4242 11693 4243
f 4242 11694 11693
f 4241 11694 4242
f 4241 11695 11694
f 4240 11695 4241
f 4240 11696 11695
f 4239 11696 4240
f 4239 11697 11696
f 4238 11697 4239
f 4238 11698 11697
f 4237 11698 4238
f 4237 11699 11698
f 4237 11679 11699
f 4236 11679 4237
f 876 15082 15077
f 877 15081 15082
f 877 15082 876
f 8009 7992 15080
f 878 15080 15081
f 878 15081 877
f 879 15080 878
f 879 8009 15080
f 880 8008 8009
f 880 8009 879
f 881 8007 8008
f 881 8008 880
f 882 8006 8007
f 882 8007 881
f 883 8005 8006
f 883 8006 882
f 884 8004 8005
f 884 8005 883
f 885 8003 8004
f 885 8004 884
f 886 8001 8002
f 886 8002 8003
f 886 8003 885
f 887 8000 8001
f 887 8001 886
f 888 8000 887
f 888 7999 8000
f 889 7998 7999
f 889 7999 888
f 890 7997 7998
f 890 7998 889
f 891 7996 7997
f 891 7997 890
f 892 7995 7996
f 892 7996 891
f 15076 7993 7994
f 893 7994 7995
f 893 7995 892
f 894 7994 893
f 894 15076 7994
f 895 15079 15076
f 895 15076 894
f 896 15078 15079
f 896 15079 895
f 876 15077 15078
f 876 15078 896
f 8010 7993 15076
f 15075 8010 15076
f 7992 7975 15083
f 15080 7992 15083
f 771 15088 15084
f 772 15087 15088
f 772 15088 771
f 7991 7974 15068
f 773 15068 15087
f 773 15087 772
f 774 15068 773
f 774 7991 15068
f 775 7990 7991
f 775 7991 774
f 776 7989 7990
f 776 7990 775
f 777 7988 7989
f 777 7989 776
f 778 7987 7988
f 778 7988 777
f 779 7986 7987
f 779 7987 778
f 780 7985 7986
f 780 7986 779
f 781 7983 7984
f 781 7984 7985
f 781 7985 780
f 782 7982 7983
f 782 7983 781
f 783 7982 782
f 783 7981 7982
f 784 7980 7981
f 784 7981 783
f 785 7979 7980
f 785 7980 784
f 786 7978 7979
f 786 7979 785
f 787 7977 7978
f 787 7978 786
f 15083 7975 7976
f 788 7976 7977
f 788 7977 787
f 789 7976 788
f 789 15083 7976
f 790 15086 15083
f 790 15083 789
f 791 15085 15086
f 791 15086 790
f 771 15084 15085
f 771 15085 791
f 918 8323 8306
f 919 8322 8323
f 919 8323 918
f 920 8321 8322
f 920 8322 919
f 921 8320 8321
f 921 8321 920
f 922 8319 8320
f 922 8320 921
f 923 8318 8319
f 923 8319 922
f 924 8317 8318
f 924 8318 923
f 925 8316 8317
f 925 8317 924
f 926 8315 8316
f 926 8316 925
f 927 8314 8315
f 927 8315 926
f 928 8313 8314
f 928 8314 927
f 929 8312 8313
f 929 8313 928
f 15328 8310 8311
f 930 8312 929
f 930 8311 8312
f 931 15328 8311
f 931 8311 930
f 932 15328 931
f 932 15606 15328
f 933 15606 932
f 933 15605 15606
f 934 15605 933
f 934 15604 15605
f 8309 8305 15602
f 935 15604 934
f 935 15603 15604
f 936 8309 15602
f 936 15603 935
f 936 15602 15603
f 937 8308 8309
f 937 8309 936
f 938 8307 8308
f 938 8308 937
f 918 8306 8307
f 918 8307 938
f 15602 8291 15607
f 15602 8305 8291
f 4215 8304 8287
f 4216 8303 8304
f 4216 8304 4215
f 4217 8302 8303
f 4217 8303 4216
f 4218 8301 8302
f 4218 8302 4217
f 4219 8300 8301
f 4219 8301 4218
f 4220 8299 8300
f 4220 8300 4219
f 4221 8298 8299
f 4221 8299 4220
f 4222 8297 8298
f 4222 8298 4221
f 4223 8296 8297
f 4223 8297 4222
f 4224 8295 8296
f 4224 8296 4223
f 4225 8294 8295
f 4225 8295 4224
f 4226 8293 8294
f 4226 8294 4225
f 15607 8291 8292
f 4227 8293 4226
f 4227 8292 8293
f 4228 15607 8292
f 4228 8292 4227
f 4229 15607 4228
f 4229 15612 15607
f 4230 15612 4229
f 4230 15611 15612
f 4231 15611 4230
f 4231 15610 15611
f 8290 8286 15608
f 4232 15610 4231
f 4232 15609 15610
f 4233 8290 15608
f 4233 15609 4232
f 4233 15608 15609
f 4234 8289 8290
f 4234 8290 4233
f 4235 8288 8289
f 4235 8289 4234
f 4215 8287 8288
f 4215 8288 4235
f 15608 8272 15613
f 15608 8286 8272
f 939 8285 8268
f 940 8284 8285
f 940 8285 939
f 941 8283 8284
f 941 8284 940
f 942 8282 8283
f 942 8283 941
f 943 8281 8282
f 943 8282 942
f 944 8280 8281
f 944 8281 943
f 945 8279 8280
f 945 8280 944
f 946 8278 8279
f 946 8279 945
f 947 8277 8278
f 947 8278 946
f 948 8276 8277
f 948 8277 947
f 949 8275 8276
f 949 8276 948
f 950 8274 8275
f 950 8275 949
f 15613 8272 8273
f 951 8274 950
f 951 8273 8274
f 952 15613 8273
f 952 8273 951
f 953 15613 952
f 953 15618 15613
f 954 15618 953
f 954 15617 15618
f 955 15617 954
f 955 15616 15617
f 8271 8267 15614
f 956 15616 955
f 956 15615 15616
f 957 8271 15614
f 957 15615 956
f 957 15614 15615
f 958 8270 8271
f 958 8271 957
f 959 8269 8270
f 959 8270 958
f 939 8268 8269
f 939 8269 959
f 15614 8253 15619
f 15614 8267 8253
f 4194 8266 8249
f 4195 8265 8266
f 4195 8266 4194
f 4196 8264 8265
f 4196 8265 4195
f 4197 8263 8264
f 4197 8264 4196
f 4198 8262 8263
f 4198 8263 4197
f 4199 8261 8262
f 4199 8262 4198
f 4200 8260 8261
f 4200 8261 4199
f 4201 8259 8260
f 4201 8260 4200
f 4202 8258 8259
f 4202 8259 4201
f 4203 8257 8258
f 4203 8258 4202
f 4204 8256 8257
f 4204 8257 4203
f 4205 8255 8256
f 4205 8256 4204
f 15619 8253 8254
f 4206 8255 4205
f 4206 8254 8255
f 4207 15619 8254
f 4207 8254 4206
f 4208 15619 4207
f 4208 15624 15619
f 4209 15624 4208
f 4209 15623 15624
f 4210 15623 4209
f 4210 15622 15623
f 8252 8248 15620
f 4211 15622 4210
f 4211 15621 15622
f 4212 8252 15620
f 4212 15621 4211
f 4212 15620 15621
f 4213 8251 8252
f 4213 8252 4212
f 4214 8250 8251
f 4214 8251 4213
f 4194 8249 8250
f 4194 8250 4214
f 15620 8247 15625
f 15620 8248 8247
f 15296 8224 15295
f 15296 8238 8224
f 4173 8237 8220
f 4174 8236 8237
f 4174 8237 4173
f 4175 8235 8236
f 4175 8236 4174
f 4176 8234 8235
f 4176 8235 4175
f 4177 8233 8234
f 4177 8234 4176
f 4178 8232 8233
f 4178 8233 4177
f 4179 8231 8232
f 4179 8232 4178
f 4180 8230 8231
f 4180 8231 4179
f 4181 8229 8230
f 4181 8230 4180
f 4182 8228 8229
f 4182 8229 4181
f 4183 8227 8228
f 4183 8228 4182
f 4184 8226 8227
f 4184 8227 4183
f 15295 8224 8225
f 4185 8226 4184
f 4185 8225 8226
f 4186 15295 8225
f 4186 8225 4185
f 4187 15295 4186
f 4187 15301 15295
f 4188 15301 4187
f 4188 15300 15301
f 4189 15300 4188
f 4189 15299 15300
f 8223 8219 15297
f 4190 15299 4189
f 4190 15298 15299
f 4191 8223 15297
f 4191 15298 4190
f 4191 15297 15298
f 4192 8222 8223
f 4192 8223 4191
f 4193 8221 8222
f 4193 8222 4192
f 4173 8220 8221
f 4173 8221 4193
f 15297 8205 15302
f 15297 8219 8205
f 4152 8218 8201
f 4153 8217 8218
f 4153 8218 4152
f 4154 8216 8217
f 4154 8217 4153
f 4155 8215 8216
f 4155 8216 4154
f 4156 8214 8215
f 4156 8215 4155
f 4157 8213 8214
f 4157 8214 4156
f 4158 8212 8213
f 4158 8213 4157
f 4159 8211 8212
f 4159 8212 4158
f 4160 8210 8211
f 4160 8211 4159
f 4161 8209 8210
f 4161 8210 4160
f 4162 8208 8209
f 4162 8209 4161
f 4163 8207 8208
f 4163 8208 4162
f 15302 8205 8206
f 4164 8207 4163
f 4164 8206 8207
f 4165 15302 8206
f 4165 8206 4164
f 4166 15302 4165
f 4166 15307 15302
f 4167 15307 4166
f 4167 15306 15307
f 4168 15306 4167
f 4168 15305 15306
f 8204 8200 15303
f 4169 15305 4168
f 4169 15304 15305
f 4170 8204 15303
f 4170 15304 4169
f 4170 15303 15304
f 4171 8203 8204
f 4171 8204 4170
f 4172 8202 8203
f 4172 8203 4171
f 4152 8201 8202
f 4152 8202 4172
f 15303 8186 15308
f 15303 8200 8186
f 960 8199 8182
f 961 8198 8199
f 961 8199 960
f 962 8197 8198
f 962 8198 961
f 963 8196 8197
f 963 8197 962
f 964 8195 8196
f 964 8196 963
f 965 8194 8195
f 965 8195 964
f 966 8193 8194
f 966 8194 965
f 967 8192 8193
f 967 8193 966
f 968 8191 8192
f 968 8192 967
f 969 8190 8191
f 969 8191 968
f 970 8189 8190
f 970 8190 969
f 971 8188 8189
f 971 8189 970
f 15308 8186 8187
f 972 8188 971
f 972 8187 8188
f 973 15308 8187
f 973 8187 972
f 974 15308 973
f 974 15313 15308
f 975 15313 974
f 975 15312 15313
f 976 15312 975
f 976 15311 15312
f 8185 8181 15309
f 977 15311 976
f 977 15310 15311
f 978 8185 15309
f 978 15310 977
f 978 15309 15310
f 979 8184 8185
f 979 8185 978
f 980 8183 8184
f 980 8184 979
f 960 8182 8183
f 960 8183 980
f 15309 8180 15314
f 15309 8181 8180
f 8096 8095 15277
f 15278 8096 15277
f 7974 7973 15067
f 15068 7974 15067
f 15626 15628 15627
f 15630 15626 15217
f 15630 15629 15628
f 15630 15628 15626
f 15153 15631 15630
f 15153 15632 15631
f 15153 15633 15632
f 15153 15634 15633
f 15153 15630 15217
f 15214 15217 15213
f 15215 15217 15214
f 15199 15153 15217
f 15199 15217 15215
f 15200 15153 15199
f 15201 15153 15200
f 15154 15153 15201
f 792 8345 8330
f 793 8344 8345
f 793 8345 792
f 794 8343 8344
f 794 8344 793
f 795 8342 8343
f 795 8343 794
f 796 8341 8342
f 796 8342 795
f 797 8340 8341
f 797 8341 796
f 15219 8338 8339
f 798 8339 8340
f 798 8340 797
f 799 8339 798
f 799 15219 8339
f 800 15232 15219
f 800 15219 799
f 801 15231 15232
f 801 15232 800
f 802 15230 15231
f 802 15231 801
f 803 15229 15230
f 803 15230 802
f 804 15228 15229
f 804 15229 803
f 8337 8329 15227
f 805 15228 804
f 805 15227 15228
f 806 8337 15227
f 806 15227 805
f 807 8336 8337
f 807 8337 806
f 808 8335 8336
f 808 8336 807
f 809 8334 8335
f 809 8335 808
f 810 8333 8334
f 810 8334 809
f 811 8332 8333
f 811 8333 810
f 812 8331 8332
f 812 8332 811
f 792 8330 8331
f 792 8331 812
f 15638 15454 15453
f 15637 15453 15452
f 15637 15638 15453
f 15639 15454 15638
f 15636 15452 15451
f 15636 15637 15452
f 15640 15455 15454
f 15640 15456 15455
f 15640 15454 15639
f 15635 15451 15450
f 15635 15636 15451
f 15641 15456 15640
f 15655 15450 15470
f 15655 15635 15450
f 15469 15655 15470
f 15642 15457 15456
f 15642 15456 15641
f 15654 15655 15469
f 15643 15457 15642
f 15458 15457 15643
f 15653 15654 15469
f 15468 15653 15469
f 15644 15458 15643
f 15459 15458 15644
f 15467 15652 15653
f 15467 15653 15468
f 15460 15459 15644
f 15460 15644 15645
f 15460 15645 15646
f 15466 15652 15467
f 15466 15650 15651
f 15466 15651 15652
f 15461 15460 15646
f 15465 15650 15466
f 15462 15461 15646
f 15462 15646 15647
f 15464 15649 15650
f 15464 15650 15465
f 15463 15649 15464
f 15463 15647 15648
f 15463 15648 15649
f 15463 15462 15647
f 1085 11489 1065
f 1085 11490 11489
f 1084 11491 11490
f 1084 11490 1085
f 1083 11492 11491
f 1083 11491 1084
f 1082 11493 11492
f 1082 11492 1083
f 1081 11494 11493
f 1081 11493 1082
f 1080 11495 11494
f 1080 11494 1081
f 1079 11496 11495
f 1079 11495 1080
f 1078 11497 11496
f 1078 11496 1079
f 1077 11498 11497
f 1077 11497 1078
f 1076 11499 11498
f 1076 11498 1077
f 1075 11500 11499
f 1075 11499 1076
f 1074 11501 11500
f 1074 11500 1075
f 1073 11501 1074
f 1073 11502 11501
f 1072 11502 1073
f 1072 11503 11502
f 1071 11503 1072
f 1071 11504 11503
f 1070 11504 1071
f 1070 11505 11504
f 1069 11505 1070
f 1069 11506 11505
f 1068 11506 1069
f 1068 11507 11506
f 1067 11507 1068
f 1067 11508 11507
f 1066 11508 1067
f 1066 11509 11508
f 1066 11489 11509
f 1065 11489 1066
f 15680 15659 15658
f 15679 15680 15658
f 15681 15660 15659
f 15681 15661 15660
f 15681 15659 15680
f 15678 15658 15657
f 15678 15679 15658
f 15682 15661 15681
f 15677 15657 15656
f 15677 15678 15657
f 15683 15662 15661
f 15683 15661 15682
f 15697 15656 15676
f 15697 15677 15656
f 15684 15663 15662
f 15684 15662 15683
f 15696 15676 15675
f 15696 15697 15676
f 15685 15663 15684
f 15664 15663 15685
f 15695 15696 15675
f 15674 15695 15675
f 15665 15685 15686
f 15665 15664 15685
f 15687 15665 15686
f 15673 15693 15694
f 15673 15694 15695
f 15673 15695 15674
f 15666 15665 15687
f 15672 15692 15693
f 15672 15693 15673
f 15667 15666 15687
f 15667 15687 15688
f 15671 15692 15672
f 15668 15688 15689
f 15668 15689 15690
f 15668 15667 15688
f 15670 15692 15671
f 15670 15691 15692
f 15669 15668 15690
f 15669 15691 15670
f 15669 15690 15691
f 15657 14661 15656
f 15657 14662 14661
f 15658 14663 14662
f 15658 14662 15657
f 15659 14664 14663
f 15659 14663 15658
f 15660 14665 14664
f 15660 14664 15659
f 15661 14666 14665
f 15661 14665 15660
f 15662 14667 14666
f 15662 14666 15661
f 15663 14668 14667
f 15663 14669 14668
f 15663 14667 15662
f 15664 14669 15663
f 15665 14670 14669
f 15665 14669 15664
f 15666 14671 14670
f 15666 14672 14671
f 15666 14670 15665
f 15667 14672 15666
f 15668 14673 14672
f 15668 14672 15667
f 15669 14673 15668
f 15669 14674 14673
f 15670 14674 15669
f 15670 14675 14674
f 15670 14676 14675
f 15671 14676 15670
f 15671 14677 14676
f 15672 14677 15671
f 15672 14678 14677
f 15673 14678 15672
f 15674 14678 15673
f 15674 14679 14678
f 15675 14679 15674
f 15675 14680 14679
f 15675 14681 14680
f 15676 14681 15675
f 15656 14681 15676
f 15656 14661 14681
f 7259 15677 7239
f 7259 15678 15677
f 7258 15679 15678
f 7258 15678 7259
f 7257 15680 15679
f 7257 15679 7258
f 7256 15681 15680
f 7256 15680 7257
f 7255 15682 15681
f 7255 15681 7256
f 7254 15683 15682
f 7254 15682 7255
f 7253 15684 15683
f 7253 15683 7254
f 7252 15685 15684
f 7252 15684 7253
f 7251 15686 15685
f 7251 15685 7252
f 7250 15687 15686
f 7250 15686 7251
f 7249 15688 15687
f 7249 15687 7250
f 7248 15689 15688
f 7248 15688 7249
f 7247 15689 7248
f 7247 15690 15689
f 7246 15690 7247
f 7246 15691 15690
f 7246 15692 15691
f 7245 15692 7246
f 7244 15692 7245
f 7244 15693 15692
f 7243 15693 7244
f 7243 15694 15693
f 7242 15694 7243
f 7242 15695 15694
f 7242 15696 15695
f 7241 15696 7242
f 7240 15696 7241
f 7240 15697 15696
f 7239 15697 7240
f 7239 15677 15697
f 15336 15358 15357
f 15335 15357 15356
f 15335 15336 15357
f 15337 15358 15336
f 15334 15356 15355
f 15334 15335 15356
f 15338 15359 15358
f 15338 15360 15359
f 15338 15358 15337
f 15333 15355 15354
f 15333 15334 15355
f 15339 15360 15338
f 15353 15354 15374
f 15353 15333 15354
f 15373 15353 15374
f 15340 15361 15360
f 15340 15360 15339
f 15352 15353 15373
f 15341 15361 15340
f 15362 15361 15341
f 15351 15352 15373
f 15372 15351 15373
f 15342 15362 15341
f 15363 15362 15342
f 15371 15350 15351
f 15371 15351 15372
f 15364 15363 15342
f 15364 15342 15343
f 15364 15343 15344
f 15370 15350 15371
f 15370 15348 15349
f 15370 15349 15350
f 15365 15364 15344
f 15369 15348 15370
f 15366 15365 15344
f 15366 15344 15345
f 15368 15347 15348
f 15368 15348 15369
f 15367 15347 15368
f 15367 15345 15346
f 15367 15346 15347
f 15367 15366 15345
f 15495 15517 15516
f 15494 15516 15515
f 15494 15495 15516
f 15496 15517 15495
f 15493 15515 15514
f 15493 15494 15515
f 15497 15518 15517
f 15497 15519 15518
f 15497 15517 15496
f 15492 15514 15513
f 15492 15493 15514
f 15498 15519 15497
f 15512 15513 15533
f 15512 15492 15513
f 15532 15512 15533
f 15499 15520 15519
f 15499 15519 15498
f 15511 15512 15532
f 15500 15520 15499
f 15521 15520 15500
f 15510 15511 15532
f 15531 15510 15532
f 15501 15521 15500
f 15522 15521 15501
f 15530 15509 15510
f 15530 15510 15531
f 15523 15522 15501
f 15523 15501 15502
f 15523 15502 15503
f 15529 15509 15530
f 15529 15507 15508
f 15529 15508 15509
f 15524 15523 15503
f 15528 15507 15529
f 15525 15524 15503
f 15525 15503 15504
f 15527 15506 15507
f 15527 15507 15528
f 15526 15506 15527
f 15526 15504 15505
f 15526 15505 15506
f 15526 15525 15504
f 7217 15581 7197
f 7217 15582 15581
f 7216 15583 15582
f 7216 15582 7217
f 7215 15584 15583
f 7215 15583 7216
f 7214 15585 15584
f 7214 15584 7215
f 7213 15586 15585
f 7213 15585 7214
f 7212 15587 15586
f 7212 15586 7213
f 7211 15588 15587
f 7211 15587 7212
f 7210 15589 15588
f 7210 15588 7211
f 7209 15590 15589
f 7209 15589 7210
f 7208 15591 15590
f 7208 15590 7209
f 7207 15592 15591
f 7207 15591 7208
f 7206 15593 15592
f 7206 15592 7207
f 7205 15593 7206
f 7205 15594 15593
f 7204 15594 7205
f 7204 15595 15594
f 7203 15595 7204
f 7203 15596 15595
f 7202 15596 7203
f 7202 15597 15596
f 7201 15597 7202
f 7201 15598 15597
f 7201 15599 15598
f 7200 15599 7201
f 7200 15600 15599
f 7199 15600 7200
f 7198 15600 7199
f 7198 15601 15600
f 7197 15601 7198
f 7197 15581 15601
f 15378 15400 15399
f 15377 15399 15398
f 15377 15378 15399
f 15379 15401 15400
f 15379 15400 15378
f 15376 15398 15397
f 15376 15377 15398
f 15380 15401 15379
f 15375 15397 15396
f 15375 15376 15397
f 15381 15402 15401
f 15381 15401 15380
f 15395 15396 15416
f 15395 15375 15396
f 15382 15403 15402
f 15382 15402 15381
f 15394 15416 15415
f 15394 15395 15416
f 15383 15403 15382
f 15404 15403 15383
f 15393 15394 15415
f 15414 15393 15415
f 15384 15404 15383
f 15405 15404 15384
f 15385 15405 15384
f 15413 15391 15392
f 15413 15392 15393
f 15413 15393 15414
f 15406 15405 15385
f 15412 15391 15413
f 15407 15406 15385
f 15407 15385 15386
f 15411 15391 15412
f 15411 15390 15391
f 15408 15407 15386
f 15408 15386 15387
f 15410 15390 15411
f 15410 15389 15390
f 15409 15408 15387
f 15409 15389 15410
f 15409 15387 15388
f 15409 15388 15389
f 1064 15560 1044
f 1064 15561 15560
f 1063 15562 15561
f 1063 15561 1064
f 1062 15563 15562
f 1062 15562 1063
f 1061 15564 15563
f 1061 15563 1062
f 1060 15565 15564
f 1060 15564 1061
f 1059 15566 15565
f 1059 15565 1060
f 1058 15567 15566
f 1058 15566 1059
f 1057 15568 15567
f 1057 15567 1058
f 1056 15569 15568
f 1056 15568 1057
f 1055 15570 15569
f 1055 15569 1056
f 1054 15571 15570
f 1054 15570 1055
f 1053 15572 15571
f 1053 15571 1054
f 1052 15572 1053
f 1052 15573 15572
f 1051 15573 1052
f 1051 15574 15573
f 1050 15574 1051
f 1050 15575 15574
f 1049 15575 1050
f 1049 15576 15575
f 1048 15576 1049
f 1048 15577 15576
f 1047 15577 1048
f 1047 15578 15577
f 1046 15578 1047
f 1046 15579 15578
f 1045 15579 1046
f 1045 15580 15579
f 1045 15560 15580
f 1044 15560 1045
f 15113 15135 15134
f 15113 15114 15135
f 15115 15136 15135
f 15115 15137 15136
f 15115 15135 15114
f 15112 15134 15133
f 15112 15113 15134
f 15116 15137 15115
f 15111 15133 15132
f 15111 15112 15133
f 15117 15138 15137
f 15117 15137 15116
f 15131 15132 15152
f 15131 15111 15132
f 15139 15138 15117
f 15118 15139 15117
f 15130 15152 15151
f 15130 15131 15152
f 15119 15139 15118
f 15140 15139 15119
f 15150 15129 15130
f 15150 15130 15151
f 15141 15119 15120
f 15141 15140 15119
f 15149 15128 15129
f 15149 15129 15150
f 15142 15120 15121
f 15142 15141 15120
f 15148 15128 15149
f 15148 15126 15127
f 15148 15127 15128
f 15143 15142 15121
f 15143 15121 15122
f 15147 15126 15148
f 15144 15122 15123
f 15144 15143 15122
f 15146 15126 15147
f 15146 15125 15126
f 15145 15125 15146
f 15145 15123 15124
f 15145 15124 15125
f 15145 15144 15123
f 15722 15702 15701
f 15721 15701 15700
f 15721 15722 15701
f 15723 15702 15722
f 15720 15700 15699
f 15720 15721 15700
f 15724 15703 15702
f 15724 15704 15703
f 15724 15702 15723
f 15719 15699 15698
f 15719 15720 15699
f 15725 15704 15724
f 15739 15698 15718
f 15739 15719 15698
f 15717 15739 15718
f 15726 15705 15704
f 15726 15704 15725
f 15738 15739 15717
f 15727 15705 15726
f 15706 15705 15727
f 15737 15738 15717
f 15716 15737 15717
f 15728 15706 15727
f 15707 15706 15728
f 15715 15736 15737
f 15715 15737 15716
f 15708 15707 15728
f 15708 15728 15729
f 15708 15729 15730
f 15714 15736 15715
f 15714 15734 15735
f 15714 15735 15736
f 15709 15708 15730
f 15713 15734 15714
f 15710 15709 15730
f 15710 15730 15731
f 15712 15733 15734
f 15712 15734 15713
f 15711 15733 15712
f 15711 15731 15732
f 15711 15732 15733
f 15711 15710 15731
f 15698 7897 7896
f 15072 7899 7898
f 15699 7898 7897
f 15699 7897 15698
f 15700 7898 15699
f 15700 15072 7898
f 8011 8010 15075
f 15701 15073 15072
f 15701 15074 15073
f 15701 15075 15074
f 15701 15072 15700
f 15702 15075 15701
f 15702 8011 15075
f 15703 8012 8011
f 15703 8011 15702
f 15704 8013 8012
f 15704 8012 15703
f 15705 8014 8013
f 15705 8013 15704
f 15706 8015 8014
f 15706 8014 15705
f 15707 8015 15706
f 15707 8016 8015
f 15708 8016 15707
f 15708 8017 8016
f 15740 8019 8018
f 15709 8017 15708
f 15709 8018 8017
f 15710 15740 8018
f 15710 8018 15709
f 15710 15741 15740
f 7889 7888 15743
f 15711 15741 15710
f 15711 15742 15741
f 15711 15743 15742
f 15712 7889 15743
f 15712 15743 15711
f 15713 7890 7889
f 15713 7889 15712
f 15714 7891 7890
f 15714 7890 15713
f 15715 7892 7891
f 15715 7891 15714
f 15716 7893 7892
f 15716 7892 15715
f 15717 7894 7893
f 15717 7893 15716
f 15718 7895 7894
f 15718 7894 15717
f 15698 7896 7895
f 15698 7895 15718
f 1043 15719 1023
f 1043 15720 15719
f 1042 15721 15720
f 1042 15720 1043
f 1041 15722 15721
f 1041 15721 1042
f 1040 15723 15722
f 1040 15722 1041
f 1039 15724 15723
f 1039 15723 1040
f 1038 15725 15724
f 1038 15724 1039
f 1037 15726 15725
f 1037 15725 1038
f 1036 15727 15726
f 1036 15726 1037
f 1035 15728 15727
f 1035 15727 1036
f 1034 15729 15728
f 1034 15728 1035
f 1033 15730 15729
f 1033 15729 1034
f 1032 15731 15730
f 1032 15730 1033
f 1031 15731 1032
f 1031 15732 15731
f 1030 15732 1031
f 1030 15733 15732
f 1030 15734 15733
f 1029 15734 1030
f 1028 15734 1029
f 1028 15735 15734
f 1027 15735 1028
f 1027 15736 15735
f 1026 15736 1027
f 1026 15737 15736
f 1026 15738 15737
f 1025 15738 1026
f 1024 15738 1025
f 1024 15739 15738
f 1023 15739 1024
f 1023 15719 15739
f 7238 15635 7218
f 7238 15636 15635
f 7237 15637 15636
f 7237 15636 7238
f 7236 15638 15637
f 7236 15637 7237
f 7235 15639 15638
f 7235 15638 7236
f 7234 15640 15639
f 7234 15639 7235
f 7233 15641 15640
f 7233 15640 7234
f 7232 15642 15641
f 7232 15641 7233
f 7231 15643 15642
f 7231 15642 7232
f 7230 15644 15643
f 7230 15643 7231
f 7229 15645 15644
f 7229 15644 7230
f 7228 15646 15645
f 7228 15645 7229
f 7227 15647 15646
f 7227 15646 7228
f 7226 15647 7227
f 7226 15648 15647
f 7225 15648 7226
f 7225 15649 15648
f 7225 15650 15649
f 7224 15650 7225
f 7223 15650 7224
f 7223 15651 15650
f 7222 15651 7223
f 7222 15652 15651
f 7221 15652 7222
f 7221 15653 15652
f 7221 15654 15653
f 7220 15654 7221
f 7219 15654 7220
f 7219 15655 15654
f 7218 15655 7219
f 7218 15635 15655
f 15071 7900 7899
f 15071 7899 15072
f 15555 14811 14812
f 15555 15554 14811
f 15556 14812 14813
f 15556 15555 14812
f 15557 14813 14814
f 15557 15556 14813
f 15558 14814 14815
f 15558 15557 14814
f 15559 14815 14816
f 15559 15558 14815
f 15542 14816 14810
f 15542 15559 14816
f 15552 14910 15553
f 15552 14916 14910
f 15551 14915 14916
f 15551 14916 15552
f 15550 14914 14915
f 15550 14915 15551
f 15549 14913 14914
f 15549 14914 15550
f 15548 14912 14913
f 15548 14913 15549
f 15547 14911 14912
f 15547 14912 15548
f 15553 14909 15093
f 15553 14910 14909
f 7888 7887 15744
f 15743 7888 15744
f 15745 8020 8019
f 15745 8019 15740
f 15748 14688 15747
f 15748 14689 14688
f 15749 14690 14689
f 15749 14689 15748
f 15750 14691 14690
f 15750 14690 15749
f 15751 14692 14691
f 15751 14691 15750
f 15752 14693 14692
f 15752 14692 15751
f 15753 14694 14693
f 15753 14693 15752
f 15754 14695 14694
f 15754 14694 15753
f 15755 14696 14695
f 15755 14695 15754
f 15756 14697 14696
f 15756 14696 15755
f 15746 14698 14697
f 15746 14697 15756
f 15747 14687 15202
f 15747 14688 14687
f 15203 14698 15746
f 15203 14699 14698
f 15747 15202 15205
f 15751 15750 15749
f 15746 15204 15203
f 15746 15205 15204
f 15746 15747 15205
f 15756 15747 15746
f 15755 15748 15747
f 15755 15749 15748
f 15755 15747 15756
f 15754 15752 15751
f 15754 15753 15752
f 15754 15751 15749
f 15754 15749 15755
f 15759 14842 15758
f 15759 14843 14842
f 15760 14844 14843
f 15760 14843 15759
f 15761 14845 14844
f 15761 14844 15760
f 15762 14846 14845
f 15762 14845 15761
f 15763 14847 14846
f 15763 14846 15762
f 15764 14848 14847
f 15764 14847 15763
f 15765 14849 14848
f 15765 14848 15764
f 15766 14850 14849
f 15766 14849 15765
f 15767 14851 14850
f 15767 14850 15766
f 15757 14852 14851
f 15757 14851 15767
f 15758 14841 15768
f 15758 14842 14841
f 15769 14852 15757
f 15769 14853 14852
f 15757 15767 15766
f 15759 15761 15760
f 15759 15762 15761
f 15759 15763 15762
f 15759 15764 15763
f 15759 15765 15764
f 15759 15766 15765
f 15759 15757 15766
f 15758 15757 15759
f 15770 15769 15757
f 15770 15757 15758
f 15771 15770 15758
f 15768 15771 15758
f 8160 8159 15330
f 15772 8160 15330
f 15328 15330 15331
f 15328 15331 15332
f 15328 15332 15329
f 15606 15330 15328
f 15605 15330 15606
f 15612 15603 15602
f 15612 15602 15607
f 15611 15604 15603
f 15611 15603 15612
f 15618 15609 15608
f 15618 15608 15613
f 15617 15610 15609
f 15617 15609 15618
f 15624 15615 15614
f 15624 15614 15619
f 15623 15616 15615
f 15623 15615 15624
f 15773 15620 15625
f 15774 15620 15773
f 15775 15620 15774
f 15776 15620 15775
f 15777 15620 15776
f 15772 15621 15620
f 15772 15622 15621
f 15772 15620 15777
f 15772 15330 15623
f 15623 15330 15616
f 15616 15330 15617
f 15617 15330 15610
f 15610 15330 15611
f 15611 15330 15604
f 15604 15330 15605
f 15772 15623 15622
f 14817 14811 15554
f 15096 14817 15554
f 15062 14948 15061
f 15062 14949 14948
f 15780 11564 15779
f 15780 11565 11564
f 15781 11566 11565
f 15781 11565 15780
f 15782 11567 11566
f 15782 11566 15781
f 15783 11568 11567
f 15783 11567 15782
f 15784 11569 11568
f 15784 11568 15783
f 15785 11570 11569
f 15785 11569 15784
f 15786 11571 11570
f 15786 11570 15785
f 15787 11572 11571
f 15787 11571 15786
f 15788 11573 11572
f 15788 11572 15787
f 15778 11510 11573
f 15778 11573 15788
f 15779 11563 15789
f 15779 11564 11563
f 15790 11510 15778
f 15790 11511 11510
f 15779 15781 15780
f 15779 15782 15781
f 15779 15783 15782
f 15779 15784 15783
f 15786 15785 15784
f 15786 15784 15779
f 15787 15786 15779
f 15778 15788 15787
f 15778 15787 15779
f 15793 15779 15789
f 15792 15779 15793
f 15791 15778 15779
f 15791 15779 15792
f 15795 15778 15791
f 15794 15778 15795
f 15790 15778 15794
f 15798 7852 15797
f 15798 7853 7852
f 15799 7854 7853
f 15799 7853 15798
f 15800 7855 7854
f 15800 7854 15799
f 15801 7856 7855
f 15801 7855 15800
f 15802 7857 7856
f 15802 7856 15801
f 15803 7858 7857
f 15803 7857 15802
f 15804 7859 7858
f 15804 7858 15803
f 15805 7860 7859
f 15805 7859 15804
f 15806 7861 7860
f 15806 7860 15805
f 15796 7862 7861
f 15796 7861 15806
f 15797 7851 15807
f 15797 7852 7851
f 15808 7862 15796
f 15808 7863 7862
f 15797 15807 15810
f 15799 15798 15797
f 15800 15799 15797
f 15801 15800 15797
f 15796 15809 15808
f 15796 15810 15809
f 15796 15797 15810
f 15804 15802 15801
f 15804 15803 15802
f 15804 15806 15805
f 15804 15796 15806
f 15804 15801 15797
f 15804 15797 15796
f 15811 7877 15812
f 15811 7878 7877
f 8030 8029 15814
f 15813 8030 15814
f 15820 15819 15813
f 15820 15813 15814
f 15821 15819 15820
f 15815 15818 15819
f 15815 15819 15821
f 15816 15818 15815
f 15817 15812 15818
f 15817 15818 15816
f 15811 15812 15817
f 15824 7915 15823
f 15824 7916 7915
f 15825 7917 7916
f 15825 7916 15824
f 15826 7918 7917
f 15826 7917 15825
f 15827 7919 7918
f 15827 7918 15826
f 15828 7920 7919
f 15828 7919 15827
f 15829 7921 7920
f 15829 7920 15828
f 15830 7922 7921
f 15830 7921 15829
f 15831 7923 7922
f 15831 7922 15830
f 15832 7924 7923
f 15832 7923 15831
f 15822 7925 7924
f 15822 7924 15832
f 15823 7914 15442
f 15823 7915 7914
f 15443 7925 15822
f 15443 7926 7925
f 15822 15444 15443
f 15823 15830 15829
f 15823 15831 15830
f 15823 15832 15831
f 15823 15822 15832
f 15823 15445 15444
f 15823 15442 15445
f 15823 15444 15822
f 15827 15829 15828
f 15827 15823 15829
f 15825 15824 15823
f 15826 15825 15823
f 15826 15823 15827
f 15833 8039 15834
f 15833 8040 8039
f 15835 7867 15836
f 15835 7868 7867
f 15839 15837 15833
f 15839 15833 15834
f 15840 15837 15839
f 15841 15838 15837
f 15841 15837 15840
f 15842 15838 15841
f 15843 15836 15838
f 15843 15838 15842
f 15835 15836 15843
f 15845 11549 11548
f 15846 11549 15845
f 15847 11550 11549
f 15847 11549 15846
f 15848 11551 11550
f 15848 11550 15847
f 15849 11552 11551
f 15849 11551 15848
f 15850 11553 11552
f 15850 11552 15849
f 15851 11554 11553
f 15851 11553 15850
f 15852 11555 11554
f 15852 11554 15851
f 15853 11556 11555
f 15853 11555 15852
f 15854 11557 11556
f 15854 11556 15853
f 15844 11558 11557
f 15844 11557 15854
f 15845 11547 15855
f 15845 11548 11547
f 15856 11558 15844
f 15856 11559 11558
f 15845 15847 15846
f 15845 15848 15847
f 15845 15849 15848
f 15845 15850 15849
f 15845 15851 15850
f 15845 15852 15851
f 15845 15853 15852
f 15845 15854 15853
f 15845 15844 15854
f 15857 15856 15844
f 15858 15844 15845
f 15858 15857 15844
f 15855 15858 15845
f 15859 8085 15860
f 15859 8086 8085
f 15862 8075 15861
f 15862 8076 8075
f 15863 8077 8076
f 15863 8076 15862
f 15864 8078 8077
f 15864 8077 15863
f 15865 8079 8078
f 15865 8078 15864
f 15866 8080 8079
f 15866 8079 15865
f 15867 8081 8080
f 15867 8080 15866
f 15868 8082 8081
f 15868 8081 15867
f 15869 8083 8082
f 15869 8082 15868
f 15870 8084 8083
f 15870 8083 15869
f 15860 8085 8084
f 15860 8084 15870
f 15861 8074 15871
f 15861 8075 8074
f 15866 15865 15864
f 15861 15863 15862
f 15861 15864 15863
f 15861 15866 15864
f 15868 15867 15866
f 15868 15866 15861
f 15870 15869 15868
f 15870 15868 15861
f 15860 15870 15861
f 15875 15861 15871
f 15876 15861 15875
f 15872 15860 15861
f 15872 15861 15876
f 15873 15860 15872
f 15874 15860 15873
f 15859 15860 15874
f 15879 14954 15878
f 15879 14955 14954
f 15880 14956 14955
f 15880 14955 15879
f 15881 14957 14956
f 15881 14956 15880
f 15882 14958 14957
f 15882 14957 15881
f 15883 14959 14958
f 15883 14958 15882
f 15884 14960 14959
f 15884 14959 15883
f 15885 14961 14960
f 15885 14960 15884
f 15886 14962 14961
f 15886 14961 15885
f 15887 14963 14962
f 15887 14962 15886
f 15877 14964 14963
f 15877 14963 15887
f 15878 14953 15262
f 15878 14954 14953
f 15263 14964 15877
f 15263 14965 14964
f 15877 15264 15263
f 15884 15886 15885
f 15884 15887 15886
f 15883 15887 15884
f 15878 15265 15264
f 15878 15262 15265
f 15878 15264 15877
f 15879 15878 15877
f 15881 15880 15879
f 15881 15883 15882
f 15881 15877 15887
f 15881 15887 15883
f 15881 15879 15877
f 15890 8361 15889
f 15890 8362 8361
f 15891 8363 8362
f 15891 8362 15890
f 15892 8364 8363
f 15892 8363 15891
f 15893 8365 8364
f 15893 8364 15892
f 15894 8366 8365
f 15894 8365 15893
f 15895 8367 8366
f 15895 8366 15894
f 15896 8368 8367
f 15896 8367 15895
f 15897 8369 8368
f 15897 8368 15896
f 15898 8370 8369
f 15898 8369 15897
f 15888 8371 8370
f 15888 8370 15898
f 15889 8360 15899
f 15889 8361 8360
f 15900 8371 15888
f 15900 8372 8371
f 15888 15902 15900
f 15896 15898 15897
f 15896 15888 15898
f 15894 15896 15895
f 15889 15899 15901
f 15889 15901 15902
f 15889 15902 15888
f 15893 15896 15894
f 15890 15889 15888
f 15892 15896 15893
f 15891 15890 15888
f 15891 15888 15896
f 15891 15896 15892
f 15316 8170 15315
f 15316 8171 8170
f 15317 8172 8171
f 15317 8171 15316
f 15318 8173 8172
f 15318 8172 15317
f 15319 8174 8173
f 15319 8173 15318
f 15320 8175 8174
f 15320 8174 15319
f 15321 8176 8175
f 15321 8175 15320
f 15322 8177 8176
f 15322 8176 15321
f 15323 8178 8177
f 15323 8177 15322
f 15324 8179 8178
f 15324 8178 15323
f 15314 8180 8179
f 15314 8179 15324
f 15315 8169 15325
f 15315 8170 8169
f 15905 14858 15904
f 15905 14859 14858
f 15906 14860 14859
f 15906 14859 15905
f 15907 14861 14860
f 15907 14860 15906
f 15908 14862 14861
f 15908 14861 15907
f 15909 14863 14862
f 15909 14862 15908
f 15910 14864 14863
f 15910 14863 15909
f 15911 14865 14864
f 15911 14864 15910
f 15912 14866 14865
f 15912 14865 15911
f 15913 14867 14866
f 15913 14866 15912
f 15903 14868 14867
f 15903 14867 15913
f 15904 14857 15914
f 15904 14858 14857
f 15915 14868 15903
f 15915 14869 14868
f 15908 15907 15906
f 15911 15910 15909
f 15903 15905 15904
f 15903 15906 15905
f 15903 15909 15908
f 15903 15912 15911
f 15903 15913 15912
f 15903 15908 15906
f 15903 15911 15909
f 15918 15904 15914
f 15917 15904 15918
f 15916 15903 15904
f 15916 15904 15917
f 15920 15903 15916
f 15919 15903 15920
f 15915 15903 15919
f 15626 14736 15217
f 15626 14737 14736
f 15627 14738 14737
f 15627 14737 15626
f 15628 14739 14738
f 15628 14738 15627
f 15629 14740 14739
f 15629 14739 15628
f 15630 14741 14740
f 15630 14740 15629
f 15631 14742 14741
f 15631 14741 15630
f 15632 14743 14742
f 15632 14742 15631
f 15633 14744 14743
f 15633 14743 15632
f 15634 14745 14744
f 15634 14744 15633
f 15153 14682 14745
f 15153 14745 15634
f 15923 14704 15922
f 15923 14705 14704
f 15924 14706 14705
f 15924 14705 15923
f 15925 14707 14706
f 15925 14706 15924
f 15926 14708 14707
f 15926 14707 15925
f 15927 14709 14708
f 15927 14708 15926
f 15928 14710 14709
f 15928 14709 15927
f 15929 14711 14710
f 15929 14710 15928
f 15930 14712 14711
f 15930 14711 15929
f 15931 14713 14712
f 15931 14712 15930
f 15921 14714 14713
f 15921 14713 15931
f 15922 14703 15206
f 15922 14704 14703
f 15207 14714 15921
f 15207 14715 14714
f 15921 15208 15207
f 15921 15209 15208
f 15929 15931 15930
f 15929 15921 15931
f 15928 15921 15929
f 15922 15206 15209
f 15922 15209 15921
f 15925 15923 15922
f 15925 15924 15923
f 15925 15927 15926
f 15925 15928 15927
f 15925 15922 15921
f 15925 15921 15928
f 14837 14836 15108
f 15932 14837 15108
f 15103 14889 15933
f 15103 14890 14889
f 15109 15934 15932
f 15109 15932 15108
f 15110 15934 15109
f 15100 15935 15934
f 15100 15934 15110
f 15101 15935 15100
f 15102 15933 15935
f 15102 15935 15101
f 15103 15933 15102
f 15236 8143 15220
f 15236 8144 8143
f 15938 14763 15937
f 15938 14764 14763
f 15939 14765 14764
f 15939 14764 15938
f 15940 14766 14765
f 15940 14765 15939
f 15941 14767 14766
f 15941 14766 15940
f 15942 14768 14767
f 15942 14767 15941
f 15943 14769 14768
f 15943 14768 15942
f 15944 14770 14769
f 15944 14769 15943
f 15945 14771 14770
f 15945 14770 15944
f 15946 14772 14771
f 15946 14771 15945
f 15936 14773 14772
f 15936 14772 15946
f 15937 14762 15266
f 15937 14763 14762
f 15259 14773 15936
f 15259 14774 14773
f 15937 15939 15938
f 15937 15940 15939
f 15937 15941 15940
f 15944 15942 15941
f 15944 15943 15942
f 15944 15941 15937
f 15946 15945 15944
f 15946 15944 15937
f 15936 15946 15937
f 15268 15937 15266
f 15267 15937 15268
f 15258 15936 15937
f 15258 15937 15267
f 15261 15936 15258
f 15260 15936 15261
f 15259 15936 15260
f 8060 8059 15948
f 15947 8060 15948
f 15949 8090 15950
f 15949 8091 8090
f 15949 15950 15951
f 15954 15951 15952
f 15954 15949 15951
f 15953 15952 15947
f 15953 15954 15952
f 15948 15953 15947
f 15957 11516 15956
f 15957 11517 11516
f 15958 11518 11517
f 15958 11517 15957
f 15959 11519 11518
f 15959 11518 15958
f 15960 11520 11519
f 15960 11519 15959
f 15961 11521 11520
f 15961 11520 15960
f 15962 11522 11521
f 15962 11521 15961
f 15963 11523 11522
f 15963 11522 15962
f 15964 11524 11523
f 15964 11523 15963
f 15965 11525 11524
f 15965 11524 15964
f 15955 11526 11525
f 15955 11525 15965
f 15956 11515 15966
f 15956 11516 11515
f 15967 11526 15955
f 15967 11527 11526
f 15956 15969 15968
f 15956 15966 15969
f 15960 15958 15957
f 15960 15959 15958
f 15955 15957 15956
f 15955 15968 15967
f 15955 15956 15968
f 15965 15957 15955
f 15963 15961 15960
f 15963 15962 15961
f 15964 15960 15957
f 15964 15963 15960
f 15964 15957 15965
f 15972 7836 15971
f 15972 7837 7836
f 15973 7838 7837
f 15973 7837 15972
f 15974 7839 7838
f 15974 7838 15973
f 15975 7840 7839
f 15975 7839 15974
f 15976 7841 7840
f 15976 7840 15975
f 15977 7842 7841
f 15977 7841 15976
f 15978 7843 7842
f 15978 7842 15977
f 15979 7844 7843
f 15979 7843 15978
f 15980 7845 7844
f 15980 7844 15979
f 15970 7846 7845
f 15970 7845 15980
f 15971 7835 15981
f 15971 7836 7835
f 15982 7846 15970
f 15982 7847 7846
f 15970 15972 15971
f 15970 15973 15972
f 15970 15974 15973
f 15970 15975 15974
f 15970 15976 15975
f 15970 15977 15976
f 15970 15978 15977
f 15970 15979 15978
f 15970 15980 15979
f 15985 15971 15981
f 15984 15971 15985
f 15983 15970 15971
f 15983 15971 15984
f 15987 15970 15983
f 15986 15970 15987
f 15982 15970 15986
f 15740 15744 15988
f 15740 15988 15989
f 15740 15989 15745
f 15741 15744 15740
f 15742 15744 15741
f 15743 15744 15742
f 15992 7931 15991
f 15992 7932 7931
f 15993 7933 7932
f 15993 7932 15992
f 15994 7934 7933
f 15994 7933 15993
f 15995 7935 7934
f 15995 7934 15994
f 15996 7936 7935
f 15996 7935 15995
f 15997 7937 7936
f 15997 7936 15996
f 15998 7938 7937
f 15998 7937 15997
f 15999 7939 7938
f 15999 7938 15998
f 16000 7940 7939
f 16000 7939 15999
f 15990 7941 7940
f 15990 7940 16000
f 15991 7930 15446
f 15991 7931 7930
f 15447 7941 15990
f 15447 7942 7941
f 15990 16000 15999
f 15992 15994 15993
f 15991 15995 15994
f 15991 15996 15995
f 15991 15997 15996
f 15991 15998 15997
f 15991 15999 15998
f 15991 15990 15999
f 15991 15994 15992
f 15448 15447 15990
f 15449 15990 15991
f 15449 15448 15990
f 15446 15449 15991
f 15439 7909 16001
f 15439 7910 7909
f 16002 7962 15438
f 16002 7963 7962
f 16004 16002 15438
f 16004 15438 15441
f 16003 15440 15439
f 16003 15441 15440
f 16003 16004 15441
f 16001 16003 15439
f 16007 11532 16006
f 16007 11533 11532
f 16008 11534 11533
f 16008 11533 16007
f 16009 11535 11534
f 16009 11534 16008
f 16010 11536 11535
f 16010 11535 16009
f 16011 11537 11536
f 16011 11536 16010
f 16012 11538 11537
f 16012 11537 16011
f 16013 11539 11538
f 16013 11538 16012
f 16014 11540 11539
f 16014 11539 16013
f 16015 11541 11540
f 16015 11540 16014
f 16005 11542 11541
f 16005 11541 16015
f 16006 11531 16016
f 16006 11532 11531
f 16017 11542 16005
f 16017 11543 11542
f 16005 16018 16017
f 16014 16005 16015
f 16006 16013 16012
f 16006 16014 16013
f 16006 16019 16018
f 16006 16016 16019
f 16006 16018 16005
f 16006 16005 16014
f 16011 16006 16012
f 16010 16006 16011
f 16008 16007 16006
f 16009 16008 16006
f 16009 16006 16010
f 8045 8044 15285
f 15284 8045 15285
f 15286 8096 15278
f 15286 8097 8096
f 15287 8098 8097
f 15287 8097 15286
f 15288 8099 8098
f 15288 8098 15287
f 15289 8100 8099
f 15289 8099 15288
f 15290 8101 8100
f 15290 8100 15289
f 15291 8102 8101
f 15291 8101 15290
f 15292 8103 8102
f 15292 8102 15291
f 15293 8104 8103
f 15293 8103 15292
f 15294 8105 8104
f 15294 8104 15293
f 15285 8044 8105
f 15285 8105 15294
f 8128 8127 16020
f 15226 8128 16020
f 8351 8350 15223
f 16021 8351 15223
f 16022 15225 15226
f 16022 15226 16020
f 16023 15225 16022
f 16024 15224 15225
f 16024 15225 16023
f 16025 15224 16024
f 16026 15223 15224
f 16026 15224 16025
f 16021 15223 16026
f 14900 14899 15104
f 15092 14900 15104
f 14827 14826 15097
f 15107 14827 15097
f 15098 15106 15107
f 15098 15107 15097
f 15099 15106 15098
f 15089 15105 15106
f 15089 15106 15099
f 15090 15105 15089
f 15091 15104 15105
f 15091 15105 15090
f 15092 15104 15091
f 16029 14874 16028
f 16029 14875 14874
f 16030 14876 14875
f 16030 14875 16029
f 16031 14877 14876
f 16031 14876 16030
f 16032 14878 14877
f 16032 14877 16031
f 16033 14879 14878
f 16033 14878 16032
f 16034 14880 14879
f 16034 14879 16033
f 16035 14881 14880
f 16035 14880 16034
f 16036 14882 14881
f 16036 14881 16035
f 16037 14883 14882
f 16037 14882 16036
f 16027 14884 14883
f 16027 14883 16037
f 16028 14873 16038
f 16028 14874 14873
f 16039 14884 16027
f 16039 14885 14884
f 16028 16038 16041
f 16030 16029 16028
f 16032 16031 16030
f 16032 16030 16028
f 16027 16040 16039
f 16027 16041 16040
f 16027 16028 16041
f 16037 16028 16027
f 16036 16033 16032
f 16036 16034 16033
f 16036 16035 16034
f 16036 16032 16028
f 16036 16028 16037
f 16042 14720 15216
f 16042 14721 14720
f 16043 14722 14721
f 16043 14721 16042
f 16044 14723 14722
f 16044 14722 16043
f 16045 14724 14723
f 16045 14723 16044
f 16046 14725 14724
f 16046 14724 16045
f 16047 14726 14725
f 16047 14725 16046
f 16048 14727 14726
f 16048 14726 16047
f 16049 14728 14727
f 16049 14727 16048
f 16050 14729 14728
f 16050 14728 16049
f 15197 14730 14729
f 15197 14729 16050
f 16043 16045 16044
f 16043 16046 16045
f 16043 16047 16046
f 16043 16048 16047
f 16043 16049 16048
f 16042 16050 16049
f 16042 15197 16050
f 16042 16049 16043
f 15216 15197 16042
f 15212 15198 15197
f 15212 15197 15216
f 15211 15212 15216
f 15210 15211 15216
f 15774 708 15775
f 15774 728 708
f 15773 728 15774
f 15625 727 728
f 15625 728 15773
f 8246 15625 8247
f 8246 727 15625
f 8245 726 727
f 8245 727 8246
f 8244 725 726
f 8244 726 8245
f 8243 724 725
f 8243 725 8244
f 8242 723 724
f 8242 724 8243
f 8241 722 723
f 8241 723 8242
f 8240 721 722
f 8240 722 8241
f 8239 720 721
f 8239 721 8240
f 15296 719 720
f 15296 720 8239
f 8238 15296 8239
f 15327 719 15296
f 15326 719 15327
f 15326 718 719
f 15325 718 15326
f 15325 717 718
f 8168 15325 8169
f 8168 717 15325
f 8168 716 717
f 8167 716 8168
f 8167 715 716
f 8166 715 8167
f 8166 714 715
f 8165 714 8166
f 8165 713 714
f 8164 712 713
f 8164 713 8165
f 8163 711 712
f 8163 712 8164
f 8162 710 711
f 8162 711 8163
f 8161 710 8162
f 15772 709 710
f 15772 710 8161
f 8160 15772 8161
f 15777 709 15772
f 15776 708 709
f 15776 709 15777
f 15775 708 15776
f 15821 582 15815
f 15821 602 582
f 15820 602 15821
f 15814 601 602
f 15814 602 15820
f 8028 15814 8029
f 8028 601 15814
f 8027 600 601
f 8027 601 8028
f 8026 599 600
f 8026 600 8027
f 8025 598 599
f 8025 599 8026
f 8024 597 598
f 8024 598 8025
f 8023 596 597
f 8023 597 8024
f 8022 595 596
f 8022 596 8023
f 8021 594 595
f 8021 595 8022
f 15745 593 594
f 15745 594 8021
f 8020 15745 8021
f 15989 593 15745
f 15988 593 15989
f 15988 592 593
f 15744 592 15988
f 15744 591 592
f 7886 15744 7887
f 7886 591 15744
f 7886 590 591
f 7885 590 7886
f 7885 589 590
f 7884 589 7885
f 7884 588 589
f 7883 588 7884
f 7883 587 588
f 7882 586 587
f 7882 587 7883
f 7881 585 586
f 7881 586 7882
f 7880 584 585
f 7880 585 7881
f 7879 584 7880
f 15811 583 584
f 15811 584 7879
f 7878 15811 7879
f 15817 583 15811
f 15816 582 583
f 15816 583 15817
f 15815 582 15816
f 7967 561 7968
f 7967 581 561
f 7966 580 581
f 7966 581 7967
f 7965 579 580
f 7965 580 7966
f 7964 578 579
f 7964 579 7965
f 16002 577 578
f 16002 578 7964
f 7963 16002 7964
f 16004 577 16002
f 16003 576 577
f 16003 577 16004
f 16001 575 576
f 16001 576 16003
f 7908 16001 7909
f 7908 574 575
f 7908 575 16001
f 7907 573 574
f 7907 574 7908
f 7906 573 7907
f 7906 572 573
f 7905 572 7906
f 7904 572 7905
f 7904 571 572
f 7903 571 7904
f 7903 570 571
f 7902 570 7903
f 7902 569 570
f 7901 569 7902
f 7901 568 569
f 15071 568 7901
f 15071 567 568
f 7900 15071 7901
f 15070 567 15071
f 15070 566 567
f 15069 566 15070
f 15067 565 566
f 15067 566 15069
f 7972 15067 7973
f 7972 564 565
f 7972 565 15067
f 7971 563 564
f 7971 564 7972
f 7970 562 563
f 7970 563 7971
f 7969 561 562
f 7969 562 7970
f 7968 561 7969
f 15984 15417 15983
f 15985 15418 15417
f 15985 15417 15984
f 15981 15419 15418
f 15981 15418 15985
f 7834 15981 7835
f 7834 15419 15981
f 7833 15420 15419
f 7833 15419 7834
f 7832 15421 15420
f 7832 15420 7833
f 15011 15422 15421
f 15011 15421 7832
f 7831 15011 7832
f 15012 15422 15011
f 15013 15423 15422
f 15013 15422 15012
f 15014 15423 15013
f 15014 15424 15423
f 8043 15424 15014
f 8043 15014 7819
f 8042 15424 8043
f 8042 15425 15424
f 8041 15425 8042
f 8041 15426 15425
f 15833 15426 8041
f 15833 15427 15426
f 8040 15833 8041
f 15837 15427 15833
f 15838 15427 15837
f 15838 15428 15427
f 15836 15428 15838
f 15836 15429 15428
f 7866 15836 7867
f 7866 15429 15836
f 7866 15430 15429
f 7865 15430 7866
f 7865 15431 15430
f 7864 15431 7865
f 15808 15431 7864
f 15808 15432 15431
f 7863 15808 7864
f 15809 15432 15808
f 15809 15433 15432
f 15810 15433 15809
f 15807 15434 15433
f 15807 15433 15810
f 7850 15807 7851
f 7850 15434 15807
f 7850 15435 15434
f 7849 15436 15435
f 7849 15435 7850
f 7848 15436 7849
f 15982 15437 15436
f 15982 15436 7848
f 15986 15417 15437
f 15986 15437 15982
f 7847 15982 7848
f 15987 15417 15986
f 15983 15417 15987
f 15792 16051 15791
f 15793 16052 16051
f 15793 16051 15792
f 15789 16053 16052
f 15789 16052 15793
f 11562 15789 11563
f 11562 16053 15789
f 11561 16054 16053
f 11561 16053 11562
f 11560 16055 16054
f 11560 16054 11561
f 15856 16056 16055
f 15856 16055 11560
f 11559 15856 11560
f 15857 16056 15856
f 15858 16057 16056
f 15858 16056 15857
f 15855 16057 15858
f 15855 16058 16057
f 11546 16058 15855
f 11546 15855 11547
f 11545 16058 11546
f 11545 16059 16058
f 11544 16059 11545
f 11544 16060 16059
f 16017 16060 11544
f 16017 16061 16060
f 11543 16017 11544
f 16018 16061 16017
f 16019 16061 16018
f 16019 16062 16061
f 16016 16062 16019
f 16016 16063 16062
f 11530 16016 11531
f 11530 16063 16016
f 11530 16064 16063
f 11529 16064 11530
f 11529 16065 16064
f 11528 16065 11529
f 15967 16065 11528
f 15967 16066 16065
f 11527 15967 11528
f 15968 16066 15967
f 15968 16067 16066
f 15969 16067 15968
f 15966 16068 16067
f 15966 16067 15969
f 11514 15966 11515
f 11514 16068 15966
f 11514 16069 16068
f 11513 16070 16069
f 11513 16069 11514
f 11512 16070 11513
f 15790 16071 16070
f 15790 16070 11512
f 15794 16051 16071
f 15794 16071 15790
f 11511 15790 11512
f 15795 16051 15794
f 15791 16051 15795
f 15917 7365 15916
f 15918 7366 7365
f 15918 7365 15917
f 15914 7367 7366
f 15914 7366 15918
f 14856 15914 14857
f 14856 7367 15914
f 14855 7368 7367
f 14855 7367 14856
f 14854 7369 7368
f 14854 7368 14855
f 15769 7370 7369
f 15769 7369 14854
f 14853 15769 14854
f 15770 7370 15769
f 15771 7371 7370
f 15771 7370 15770
f 15768 7371 15771
f 15768 7372 7371
f 14840 7372 15768
f 14840 15768 14841
f 14839 7372 14840
f 14839 7373 7372
f 14838 7373 14839
f 14838 7374 7373
f 15932 7374 14838
f 15932 7375 7374
f 14837 15932 14838
f 15934 7375 15932
f 15935 7375 15934
f 15935 7376 7375
f 15933 7376 15935
f 15933 7377 7376
f 14888 15933 14889
f 14888 7377 15933
f 14888 7378 7377
f 14887 7378 14888
f 14887 7379 7378
f 14886 7379 14887
f 16039 7379 14886
f 16039 7380 7379
f 14885 16039 14886
f 16040 7380 16039
f 16040 7381 7380
f 16041 7381 16040
f 16038 7382 7381
f 16038 7381 16041
f 14872 16038 14873
f 14872 7382 16038
f 14872 7383 7382
f 14871 7384 7383
f 14871 7383 14872
f 14870 7384 14871
f 15915 7385 7384
f 15915 7384 14870
f 15919 7365 7385
f 15919 7385 15915
f 14869 15915 14870
f 15920 7365 15919
f 15916 7365 15920
f 7765 7766 390
f 7765 390 391
f 7764 391 392
f 7764 7765 391
f 7763 392 338
f 7763 7764 392
f 337 7763 338
f 7767 7763 337
f 388 389 7816
f 388 7816 7817
f 387 7817 7818
f 387 388 7817
f 386 7818 7815
f 386 387 7818
f 7815 7812 385
f 7815 385 386
f 7774 7771 342
f 7774 342 343
f 7773 343 344
f 7773 7774 343
f 7772 344 345
f 7772 7773 344
f 346 7772 345
f 7775 7772 346
f 341 7768 7769
f 340 7769 7770
f 340 341 7769
f 339 7770 7767
f 339 340 7770
f 337 339 7767
f 7779 350 351
f 7782 351 352
f 7782 7779 351
f 7781 352 353
f 7781 7782 352
f 7780 7781 353
f 354 7783 7780
f 354 7780 353
f 349 7776 7777
f 348 7777 7778
f 348 349 7777
f 347 7778 7775
f 347 348 7778
f 346 347 7775
f 372 373 7800
f 372 7800 7801
f 372 7801 7802
f 371 7802 7799
f 371 372 7802
f 370 371 7799
f 374 7800 373
f 374 7803 7800
f 7806 7803 374
f 7806 374 375
f 7805 375 376
f 7805 7806 375
f 7804 376 377
f 7804 7805 376
f 7807 7804 377
f 7807 377 378
f 380 381 7808
f 380 7808 7809
f 379 7809 7810
f 379 380 7809
f 378 7810 7807
f 378 379 7810
f 7814 7811 382
f 7814 382 383
f 7813 383 384
f 7813 7814 383
f 7812 384 385
f 7812 7813 384
f 7811 381 382
f 7808 381 7811
f 7816 390 7766
f 7816 389 390
f 342 7771 7768
f 342 7768 341
f 350 7779 7776
f 350 7776 349
f 356 357 7784
f 356 7784 7785
f 355 7785 7786
f 355 356 7785
f 354 7786 7783
f 354 355 7786
f 366 7787 7784
f 366 7784 357
f 365 7788 7787
f 365 7787 366
f 364 7789 7788
f 364 7788 365
f 363 7790 7789
f 363 7789 364
f 362 7791 7790
f 362 7790 363
f 361 7792 7791
f 361 7791 362
f 360 7793 7792
f 360 7792 361
f 359 7794 7793
f 359 7793 360
f 358 7795 7794
f 358 7794 359
f 369 7796 7797
f 368 7797 7798
f 368 369 7797
f 367 7798 7795
f 367 368 7798
f 358 367 7795
f 370 7796 369
f 370 7799 7796
f 7345 897 7344
f 7345 898 897
f 7346 899 898
f 7346 900 899
f 7346 898 7345
f 7347 900 7346
f 7348 901 900
f 7348 902 901
f 7348 900 7347
f 7349 902 7348
f 7350 903 902
f 7350 902 7349
f 7351 904 903
f 7351 903 7350
f 7352 905 904
f 7352 906 905
f 7352 904 7351
f 7353 907 906
f 7353 906 7352
f 7354 907 7353
f 7355 908 907
f 7355 907 7354
f 7356 909 908
f 7356 908 7355
f 7357 909 7356
f 7357 910 909
f 7358 910 7357
f 7358 911 910
f 7359 911 7358
f 7359 912 911
f 7360 912 7359
f 7360 913 912
f 7360 914 913
f 7361 914 7360
f 7362 914 7361
f 7362 915 914
f 7363 915 7362
f 7363 916 915
f 7363 917 916
f 7364 917 7363
f 7344 917 7364
f 7344 897 917
f 16053 16075 16074
f 16053 16054 16075
f 16055 16076 16075
f 16055 16075 16054
f 16052 16074 16073
f 16052 16053 16074
f 16056 16077 16076
f 16056 16076 16055
f 16051 16073 16072
f 16051 16052 16073
f 16057 16078 16077
f 16057 16077 16056
f 16071 16072 16092
f 16071 16051 16072
f 16058 16079 16078
f 16058 16078 16057
f 16070 16092 16091
f 16070 16071 16092
f 16080 16058 16059
f 16080 16079 16058
f 16090 16069 16070
f 16090 16070 16091
f 16068 16069 16090
f 16081 16059 16060
f 16081 16080 16059
f 16061 16081 16060
f 16089 16067 16068
f 16089 16068 16090
f 16082 16081 16061
f 16088 16067 16089
f 16088 16066 16067
f 16083 16061 16062
f 16083 16082 16061
f 16087 16066 16088
f 16084 16083 16062
f 16084 16062 16063
f 16086 16066 16087
f 16086 16064 16065
f 16086 16065 16066
f 16085 16084 16063
f 16085 16064 16086
f 16085 16063 16064
f 16073 1002 16072
f 16073 1003 1002
f 16074 1004 1003
f 16074 1005 1004
f 16074 1003 16073
f 16075 1005 16074
f 16076 1006 1005
f 16076 1007 1006
f 16076 1005 16075
f 16077 1007 16076
f 16078 1008 1007
f 16078 1007 16077
f 16079 1009 1008
f 16079 1008 16078
f 16080 1010 1009
f 16080 1011 1010
f 16080 1009 16079
f 16081 1012 1011
f 16081 1011 16080
f 16082 1012 16081
f 16083 1013 1012
f 16083 1012 16082
f 16084 1014 1013
f 16084 1013 16083
f 16085 1014 16084
f 16085 1015 1014
f 16086 1015 16085
f 16086 1016 1015
f 16087 1016 16086
f 16087 1017 1016
f 16088 1017 16087
f 16088 1018 1017
f 16088 1019 1018
f 16089 1019 16088
f 16090 1019 16089
f 16090 1020 1019
f 16091 1020 16090
f 16091 1021 1020
f 16091 1022 1021
f 16092 1022 16091
f 16072 1022 16092
f 16072 1002 1022
f 15155 982 981
f 15156 983 982
f 15156 982 15155
f 15157 984 983
f 15157 983 15156
f 15158 984 15157
f 15159 985 984
f 15159 986 985
f 15159 984 15158
f 15160 986 15159
f 15161 987 986
f 15161 986 15160
f 15162 988 987
f 15162 987 15161
f 15163 989 988
f 15163 988 15162
f 15164 990 989
f 15164 989 15163
f 15165 991 990
f 15165 990 15164
f 15166 992 991
f 15166 993 992
f 15166 991 15165
f 15167 993 15166
f 15168 993 15167
f 15168 994 993
f 15169 994 15168
f 15169 995 994
f 15170 995 15169
f 15170 996 995
f 15171 996 15170
f 15171 997 996
f 15172 997 15171
f 15172 998 997
f 15173 998 15172
f 15173 999 998
f 15174 999 15173
f 15174 1000 999
f 15175 1000 15174
f 15175 1001 1000
f 15155 1001 15175
f 15155 981 1001
f 15280 498 15281
f 15280 518 498
f 15279 518 15280
f 15277 518 15279
f 8094 15277 8095
f 8094 517 518
f 8094 518 15277
f 8093 516 517
f 8093 517 8094
f 8092 515 516
f 8092 516 8093
f 15949 514 515
f 15949 515 8092
f 8091 15949 8092
f 15954 514 15949
f 15953 513 514
f 15953 514 15954
f 15948 512 513
f 15948 513 15953
f 8058 15948 8059
f 8058 511 512
f 8058 512 15948
f 8057 510 511
f 8057 511 8058
f 8056 510 8057
f 8056 509 510
f 8055 509 8056
f 8055 508 509
f 8054 508 8055
f 8054 507 508
f 8053 507 8054
f 8053 506 507
f 8052 506 8053
f 8052 505 506
f 8051 505 8052
f 8051 504 505
f 8050 504 8051
f 8050 503 504
f 8049 502 503
f 8049 503 8050
f 8048 501 502
f 8048 502 8049
f 8047 500 501
f 8047 501 8048
f 8046 500 8047
f 15284 499 500
f 15284 500 8046
f 8045 15284 8046
f 15283 499 15284
f 15282 498 499
f 15282 499 15283
f 15281 498 15282
f 14989 477 14969
f 14989 497 477
f 14988 496 497
f 14988 497 14989
f 14987 495 496
f 14987 496 14988
f 14986 494 495
f 14986 495 14987
f 14985 492 493
f 14985 493 494
f 14985 494 14986
f 14984 491 492
f 14984 492 14985
f 14983 490 491
f 14983 491 14984
f 14982 490 14983
f 14981 489 490
f 14981 490 14982
f 14980 487 488
f 14980 488 489
f 14980 489 14981
f 14979 487 14980
f 14978 485 486
f 14978 486 487
f 14978 487 14979
f 14977 485 14978
f 14976 485 14977
f 14976 484 485
f 14975 484 14976
f 14975 483 484
f 14974 483 14975
f 14974 482 483
f 14973 482 14974
f 14973 481 482
f 14972 481 14973
f 14972 480 481
f 14971 479 480
f 14971 480 14972
f 14970 479 14971
f 14970 478 479
f 14969 477 478
f 14969 478 14970
f 15840 603 15841
f 15840 623 603
f 15839 623 15840
f 15834 622 623
f 15834 623 15839
f 8038 15834 8039
f 8038 622 15834
f 8037 621 622
f 8037 622 8038
f 8036 620 621
f 8036 621 8037
f 8035 619 620
f 8035 620 8036
f 8034 618 619
f 8034 619 8035
f 8033 617 618
f 8033 618 8034
f 8032 616 617
f 8032 617 8033
f 8031 615 616
f 8031 616 8032
f 15813 614 615
f 15813 615 8031
f 8030 15813 8031
f 15819 614 15813
f 15818 614 15819
f 15818 613 614
f 15812 613 15818
f 15812 612 613
f 7876 15812 7877
f 7876 612 15812
f 7876 611 612
f 7875 611 7876
f 7875 610 611
f 7874 610 7875
f 7874 609 610
f 7873 609 7874
f 7873 608 609
f 7872 607 608
f 7872 608 7873
f 7871 606 607
f 7871 607 7872
f 7870 605 606
f 7870 606 7871
f 7869 605 7870
f 15835 604 605
f 15835 605 7869
f 7868 15835 7869
f 15843 604 15835
f 15842 603 604
f 15842 604 15843
f 15841 603 15842
f 11594 519 11574
f 11594 539 519
f 11593 538 539
f 11593 539 11594
f 11592 537 538
f 11592 538 11593
f 11591 536 537
f 11591 537 11592
f 11590 534 535
f 11590 535 536
f 11590 536 11591
f 11589 533 534
f 11589 534 11590
f 11588 532 533
f 11588 533 11589
f 11587 532 11588
f 11586 531 532
f 11586 532 11587
f 11585 529 530
f 11585 530 531
f 11585 531 11586
f 11584 529 11585
f 11583 527 528
f 11583 528 529
f 11583 529 11584
f 11582 527 11583
f 11581 527 11582
f 11581 526 527
f 11580 526 11581
f 11580 525 526
f 11579 525 11580
f 11579 524 525
f 11578 524 11579
f 11578 523 524
f 11577 523 11578
f 11577 522 523
f 11576 521 522
f 11576 522 11577
f 11575 521 11576
f 11575 520 521
f 11574 519 520
f 11574 520 11575
f 15010 540 14990
f 15010 560 540
f 15009 559 560
f 15009 560 15010
f 15008 558 559
f 15008 559 15009
f 15007 557 558
f 15007 558 15008
f 15006 555 556
f 15006 556 557
f 15006 557 15007
f 15005 554 555
f 15005 555 15006
f 15004 553 554
f 15004 554 15005
f 15003 553 15004
f 15002 552 553
f 15002 553 15003
f 15001 550 551
f 15001 551 552
f 15001 552 15002
f 15000 550 15001
f 14999 548 549
f 14999 549 550
f 14999 550 15000
f 14998 548 14999
f 14997 548 14998
f 14997 547 548
f 14996 547 14997
f 14996 546 547
f 14995 546 14996
f 14995 545 546
f 14994 545 14995
f 14994 544 545
f 14993 544 14994
f 14993 543 544
f 14992 542 543
f 14992 543 14993
f 14991 542 14992
f 14991 541 542
f 14990 540 541
f 14990 541 14991
f 8106 665 645
f 8126 665 8106
f 8125 664 665
f 8125 665 8126
f 8124 663 664
f 8124 664 8125
f 8123 662 663
f 8123 663 8124
f 8122 661 662
f 8122 662 8123
f 8121 659 660
f 8121 660 661
f 8121 661 8122
f 8120 659 8121
f 8119 658 659
f 8119 659 8120
f 8118 657 658
f 8118 658 8119
f 8117 656 657
f 8117 657 8118
f 8116 655 656
f 8116 656 8117
f 8115 654 655
f 8115 655 8116
f 8114 654 8115
f 8114 652 653
f 8114 653 654
f 8113 652 8114
f 8112 652 8113
f 8112 650 651
f 8112 651 652
f 8111 650 8112
f 8110 650 8111
f 8110 649 650
f 8109 649 8110
f 8109 648 649
f 8108 647 648
f 8108 648 8109
f 8107 647 8108
f 8107 646 647
f 8106 645 646
f 8106 646 8107
f 15876 456 15872
f 15876 476 456
f 15875 476 15876
f 15871 475 476
f 15871 476 15875
f 8073 15871 8074
f 8073 475 15871
f 8072 474 475
f 8072 475 8073
f 8071 473 474
f 8071 474 8072
f 8070 472 473
f 8070 473 8071
f 8069 471 472
f 8069 472 8070
f 8068 470 471
f 8068 471 8069
f 8067 469 470
f 8067 470 8068
f 8066 468 469
f 8066 469 8067
f 8065 467 468
f 8065 468 8066
f 8064 467 8065
f 8064 466 467
f 8063 466 8064
f 8063 465 466
f 8062 465 8063
f 8062 464 465
f 8061 464 8062
f 8061 463 464
f 15947 463 8061
f 15947 462 463
f 8060 15947 8061
f 15952 462 15947
f 15952 461 462
f 15951 461 15952
f 15950 461 15951
f 15950 460 461
f 8089 15950 8090
f 8089 460 15950
f 8089 459 460
f 8088 458 459
f 8088 459 8089
f 8087 457 458
f 8087 458 8088
f 15859 457 8087
f 8086 15859 8087
f 15874 457 15859
f 15873 456 457
f 15873 457 15874
f 15872 456 15873
f 16023 435 16024
f 16023 455 435
f 16022 455 16023
f 16020 454 455
f 16020 455 16022
f 8380 16020 8127
f 8380 454 16020
f 8379 453 454
f 8379 454 8380
f 8378 452 453
f 8378 453 8379
f 8377 451 452
f 8377 452 8378
f 8376 450 451
f 8376 451 8377
f 8375 449 450
f 8375 450 8376
f 8374 448 449
f 8374 449 8375
f 8373 447 448
f 8373 448 8374
f 15900 446 447
f 15900 447 8373
f 8372 15900 8373
f 15902 446 15900
f 15902 445 446
f 15901 445 15902
f 15899 445 15901
f 15899 444 445
f 8359 15899 8360
f 8359 444 15899
f 8359 443 444
f 8358 443 8359
f 8358 442 443
f 8357 442 8358
f 8357 441 442
f 8356 441 8357
f 8356 440 441
f 8355 439 440
f 8355 440 8356
f 8354 438 439
f 8354 439 8355
f 8353 437 438
f 8353 438 8354
f 8352 437 8353
f 16021 436 437
f 16021 437 8352
f 8351 16021 8352
f 16026 436 16021
f 16025 435 436
f 16025 436 16026
f 16024 435 16025
f 1106 11468 1086
f 1106 11469 11468
f 1105 11470 11469
f 1105 11469 1106
f 1104 11471 11470
f 1104 11470 1105
f 1103 11472 11471
f 1103 11471 1104
f 1102 11473 11472
f 1102 11472 1103
f 1101 11474 11473
f 1101 11473 1102
f 1100 11475 11474
f 1100 11474 1101
f 1099 11476 11475
f 1099 11475 1100
f 1098 11477 11476
f 1098 11476 1099
f 1097 11478 11477
f 1097 11477 1098
f 1096 11479 11478
f 1096 11478 1097
f 1095 11480 11479
f 1095 11479 1096
f 1094 11480 1095
f 1094 11481 11480
f 1093 11481 1094
f 1093 11482 11481
f 1092 11482 1093
f 1092 11483 11482
f 1091 11483 1092
f 1091 11484 11483
f 1090 11484 1091
f 1090 11485 11484
f 1089 11485 1090
f 1089 11486 11485
f 1088 11486 1089
f 1088 11487 11486
f 1087 11487 1088
f 1087 11488 11487
f 1087 11468 11488
f 1086 11468 1087
f 1127 11447 1107
f 1127 11448 11447
f 1126 11449 11448
f 1126 11448 1127
f 1125 11450 11449
f 1125 11449 1126
f 1124 11451 11450
f 1124 11450 1125
f 1123 11452 11451
f 1123 11451 1124
f 1122 11453 11452
f 1122 11452 1123
f 1121 11454 11453
f 1121 11453 1122
f 1120 11455 11454
f 1120 11454 1121
f 1119 11456 11455
f 1119 11455 1120
f 1118 11457 11456
f 1118 11456 1119
f 1117 11458 11457
f 1117 11457 1118
f 1116 11459 11458
f 1116 11458 1117
f 1115 11459 1116
f 1115 11460 11459
f 1114 11460 1115
f 1114 11461 11460
f 1113 11461 1114
f 1113 11462 11461
f 1112 11462 1113
f 1112 11463 11462
f 1111 11463 1112
f 1111 11464 11463
f 1110 11464 1111
f 1110 11465 11464
f 1109 11465 1110
f 1109 11466 11465
f 1108 11466 1109
f 1108 11467 11466
f 1108 11447 11467
f 1107 11447 1108
f 1148 11426 1128
f 1148 11427 11426
f 1147 11428 11427
f 1147 11427 1148
f 1146 11429 11428
f 1146 11428 1147
f 1145 11430 11429
f 1145 11429 1146
f 1144 11431 11430
f 1144 11430 1145
f 1143 11432 11431
f 1143 11431 1144
f 1142 11433 11432
f 1142 11432 1143
f 1141 11434 11433
f 1141 11433 1142
f 1140 11435 11434
f 1140 11434 1141
f 1139 11436 11435
f 1139 11435 1140
f 1138 11437 11436
f 1138 11436 1139
f 1137 11438 11437
f 1137 11437 1138
f 1136 11438 1137
f 1136 11439 11438
f 1135 11439 1136
f 1135 11440 11439
f 1134 11440 1135
f 1134 11441 11440
f 1133 11441 1134
f 1133 11442 11441
f 1132 11442 1133
f 1132 11443 11442
f 1131 11443 1132
f 1131 11444 11443
f 1130 11444 1131
f 1130 11445 11444
f 1129 11445 1130
f 1129 11446 11445
f 1129 11426 11446
f 1128 11426 1129
f 1169 11405 1149
f 1169 11406 11405
f 1168 11407 11406
f 1168 11406 1169
f 1167 11408 11407
f 1167 11407 1168
f 1166 11409 11408
f 1166 11408 1167
f 1165 11410 11409
f 1165 11409 1166
f 1164 11411 11410
f 1164 11410 1165
f 1163 11412 11411
f 1163 11411 1164
f 1162 11413 11412
f 1162 11412 1163
f 1161 11414 11413
f 1161 11413 1162
f 1160 11415 11414
f 1160 11414 1161
f 1159 11416 11415
f 1159 11415 1160
f 1158 11417 11416
f 1158 11416 1159
f 1157 11417 1158
f 1157 11418 11417
f 1156 11418 1157
f 1156 11419 11418
f 1155 11419 1156
f 1155 11420 11419
f 1154 11420 1155
f 1154 11421 11420
f 1153 11421 1154
f 1153 11422 11421
f 1152 11422 1153
f 1152 11423 11422
f 1151 11423 1152
f 1151 11424 11423
f 1150 11424 1151
f 1150 11425 11424
f 1150 11405 11425
f 1149 11405 1150
f 1190 11384 1170
f 1190 11385 11384
f 1189 11386 11385
f 1189 11385 1190
f 1188 11387 11386
f 1188 11386 1189
f 1187 11388 11387
f 1187 11387 1188
f 1186 11389 11388
f 1186 11388 1187
f 1185 11390 11389
f 1185 11389 1186
f 1184 11391 11390
f 1184 11390 1185
f 1183 11392 11391
f 1183 11391 1184
f 1182 11393 11392
f 1182 11392 1183
f 1181 11394 11393
f 1181 11393 1182
f 1180 11395 11394
f 1180 11394 1181
f 1179 11396 11395
f 1179 11395 1180
f 1178 11396 1179
f 1178 11397 11396
f 1177 11397 1178
f 1177 11398 11397
f 1176 11398 1177
f 1176 11399 11398
f 1175 11399 1176
f 1175 11400 11399
f 1174 11400 1175
f 1174 11401 11400
f 1173 11401 1174
f 1173 11402 11401
f 1172 11402 1173
f 1172 11403 11402
f 1171 11403 1172
f 1171 11404 11403
f 1171 11384 11404
f 1170 11384 1171
f 1211 11363 1191
f 1211 11364 11363
f 1210 11365 11364
f 1210 11364 1211
f 1209 11366 11365
f 1209 11365 1210
f 1208 11367 11366
f 1208 11366 1209
f 1207 11368 11367
f 1207 11367 1208
f 1206 11369 11368
f 1206 11368 1207
f 1205 11370 11369
f 1205 11369 1206
f 1204 11371 11370
f 1204 11370 1205
f 1203 11372 11371
f 1203 11371 1204
f 1202 11373 11372
f 1202 11372 1203
f 1201 11374 11373
f 1201 11373 1202
f 1200 11375 11374
f 1200 11374 1201
f 1199 11375 1200
f 1199 11376 11375
f 1198 11376 1199
f 1198 11377 11376
f 1197 11377 1198
f 1197 11378 11377
f 1196 11378 1197
f 1196 11379 11378
f 1195 11379 1196
f 1195 11380 11379
f 1194 11380 1195
f 1194 11381 11380
f 1193 11381 1194
f 1193 11382 11381
f 1192 11382 1193
f 1192 11383 11382
f 1191 11383 1192
f 1191 11363 11383
f 1232 11342 1212
f 1232 11343 11342
f 1231 11344 11343
f 1231 11343 1232
f 1230 11345 11344
f 1230 11344 1231
f 1229 11346 11345
f 1229 11345 1230
f 1228 11347 11346
f 1228 11346 1229
f 1227 11348 11347
f 1227 11347 1228
f 1226 11349 11348
f 1226 11348 1227
f 1225 11350 11349
f 1225 11349 1226
f 1224 11351 11350
f 1224 11350 1225
f 1223 11352 11351
f 1223 11351 1224
f 1222 11353 11352
f 1222 11352 1223
f 1221 11354 11353
f 1221 11353 1222
f 1220 11354 1221
f 1220 11355 11354
f 1219 11355 1220
f 1219 11356 11355
f 1218 11356 1219
f 1218 11357 11356
f 1217 11357 1218
f 1217 11358 11357
f 1216 11358 1217
f 1216 11359 11358
f 1215 11359 1216
f 1215 11360 11359
f 1214 11360 1215
f 1214 11361 11360
f 1213 11361 1214
f 1213 11362 11361
f 1213 11342 11362
f 1212 11342 1213
f 1253 11321 1233
f 1253 11322 11321
f 1252 11323 11322
f 1252 11322 1253
f 1251 11324 11323
f 1251 11323 1252
f 1250 11325 11324
f 1250 11324 1251
f 1249 11326 11325
f 1249 11325 1250
f 1248 11327 11326
f 1248 11326 1249
f 1247 11328 11327
f 1247 11327 1248
f 1246 11329 11328
f 1246 11328 1247
f 1245 11330 11329
f 1245 11329 1246
f 1244 11331 11330
f 1244 11330 1245
f 1243 11332 11331
f 1243 11331 1244
f 1242 11333 11332
f 1242 11332 1243
f 1241 11333 1242
f 1241 11334 11333
f 1240 11334 1241
f 1240 11335 11334
f 1239 11335 1240
f 1239 11336 11335
f 1238 11336 1239
f 1238 11337 11336
f 1237 11337 1238
f 1237 11338 11337
f 1236 11338 1237
f 1236 11339 11338
f 1235 11339 1236
f 1235 11340 11339
f 1234 11340 1235
f 1234 11341 11340
f 1234 11321 11341
f 1233 11321 1234
f 1274 11300 1254
f 1274 11301 11300
f 1273 11302 11301
f 1273 11301 1274
f 1272 11303 11302
f 1272 11302 1273
f 1271 11304 11303
f 1271 11303 1272
f 1270 11305 11304
f 1270 11304 1271
f 1269 11306 11305
f 1269 11305 1270
f 1268 11307 11306
f 1268 11306 1269
f 1267 11308 11307
f 1267 11307 1268
f 1266 11309 11308
f 1266 11308 1267
f 1265 11310 11309
f 1265 11309 1266
f 1264 11311 11310
f 1264 11310 1265
f 1263 11312 11311
f 1263 11311 1264
f 1262 11312 1263
f 1262 11313 11312
f 1261 11313 1262
f 1261 11314 11313
f 1260 11314 1261
f 1260 11315 11314
f 1259 11315 1260
f 1259 11316 11315
f 1258 11316 1259
f 1258 11317 11316
f 1257 11317 1258
f 1257 11318 11317
f 1256 11318 1257
f 1256 11319 11318
f 1255 11319 1256
f 1255 11320 11319
f 1255 11300 11320
f 1254 11300 1255
f 1295 11279 1275
f 1295 11280 11279
f 1294 11281 11280
f 1294 11280 1295
f 1293 11282 11281
f 1293 11281 1294
f 1292 11283 11282
f 1292 11282 1293
f 1291 11284 11283
f 1291 11283 1292
f 1290 11285 11284
f 1290 11284 1291
f 1289 11286 11285
f 1289 11285 1290
f 1288 11287 11286
f 1288 11286 1289
f 1287 11288 11287
f 1287 11287 1288
f 1286 11289 11288
f 1286 11288 1287
f 1285 11290 11289
f 1285 11289 1286
f 1284 11291 11290
f 1284 11290 1285
f 1283 11291 1284
f 1283 11292 11291
f 1282 11292 1283
f 1282 11293 11292
f 1281 11293 1282
f 1281 11294 11293
f 1280 11294 1281
f 1280 11295 11294
f 1279 11295 1280
f 1279 11296 11295
f 1278 11296 1279
f 1278 11297 11296
f 1277 11297 1278
f 1277 11298 11297
f 1276 11298 1277
f 1276 11299 11298
f 1276 11279 11299
f 1275 11279 1276
f 1316 11258 1296
f 1316 11259 11258
f 1315 11260 11259
f 1315 11259 1316
f 1314 11261 11260
f 1314 11260 1315
f 1313 11262 11261
f 1313 11261 1314
f 1312 11263 11262
f 1312 11262 1313
f 1311 11264 11263
f 1311 11263 1312
f 1310 11265 11264
f 1310 11264 1311
f 1309 11266 11265
f 1309 11265 1310
f 1308 11267 11266
f 1308 11266 1309
f 1307 11268 11267
f 1307 11267 1308
f 1306 11269 11268
f 1306 11268 1307
f 1305 11270 11269
f 1305 11269 1306
f 1304 11270 1305
f 1304 11271 11270
f 1303 11271 1304
f 1303 11272 11271
f 1302 11272 1303
f 1302 11273 11272
f 1301 11273 1302
f 1301 11274 11273
f 1300 11274 1301
f 1300 11275 11274
f 1299 11275 1300
f 1299 11276 11275
f 1298 11276 1299
f 1298 11277 11276
f 1297 11277 1298
f 1297 11278 11277
f 1297 11258 11278
f 1296 11258 1297
f 1337 11237 1317
f 1337 11238 11237
f 1336 11239 11238
f 1336 11238 1337
f 1335 11240 11239
f 1335 11239 1336
f 1334 11241 11240
f 1334 11240 1335
f 1333 11242 11241
f 1333 11241 1334
f 1332 11243 11242
f 1332 11242 1333
f 1331 11244 11243
f 1331 11243 1332
f 1330 11245 11244
f 1330 11244 1331
f 1329 11246 11245
f 1329 11245 1330
f 1328 11247 11246
f 1328 11246 1329
f 1327 11248 11247
f 1327 11247 1328
f 1326 11249 11248
f 1326 11248 1327
f 1325 11249 1326
f 1325 11250 11249
f 1324 11250 1325
f 1324 11251 11250
f 1323 11251 1324
f 1323 11252 11251
f 1322 11252 1323
f 1322 11253 11252
f 1321 11253 1322
f 1321 11254 11253
f 1320 11254 1321
f 1320 11255 11254
f 1319 11255 1320
f 1319 11256 11255
f 1318 11256 1319
f 1318 11257 11256
f 1318 11237 11257
f 1317 11237 1318
f 1358 11216 1338
f 1358 11217 11216
f 1357 11218 11217
f 1357 11217 1358
f 1356 11219 11218
f 1356 11218 1357
f 1355 11220 11219
f 1355 11219 1356
f 1354 11221 11220
f 1354 11220 1355
f 1353 11222 11221
f 1353 11221 1354
f 1352 11223 11222
f 1352 11222 1353
f 1351 11224 11223
f 1351 11223 1352
f 1350 11225 11224
f 1350 11224 1351
f 1349 11226 11225
f 1349 11225 1350
f 1348 11227 11226
f 1348 11226 1349
f 1347 11228 11227
f 1347 11227 1348
f 1346 11228 1347
f 1346 11229 11228
f 1345 11229 1346
f 1345 11230 11229
f 1344 11230 1345
f 1344 11231 11230
f 1343 11231 1344
f 1343 11232 11231
f 1342 11232 1343
f 1342 11233 11232
f 1341 11233 1342
f 1341 11234 11233
f 1340 11234 1341
f 1340 11235 11234
f 1339 11235 1340
f 1339 11236 11235
f 1339 11216 11236
f 1338 11216 1339
f 1379 11195 1359
f 1379 11196 11195
f 1378 11197 11196
f 1378 11196 1379
f 1377 11198 11197
f 1377 11197 1378
f 1376 11199 11198
f 1376 11198 1377
f 1375 11200 11199
f 1375 11199 1376
f 1374 11201 11200
f 1374 11200 1375
f 1373 11202 11201
f 1373 11201 1374
f 1372 11203 11202
f 1372 11202 1373
f 1371 11204 11203
f 1371 11203 1372
f 1370 11205 11204
f 1370 11204 1371
f 1369 11206 11205
f 1369 11205 1370
f 1368 11207 11206
f 1368 11206 1369
f 1367 11207 1368
f 1367 11208 11207
f 1366 11208 1367
f 1366 11209 11208
f 1365 11209 1366
f 1365 11210 11209
f 1364 11210 1365
f 1364 11211 11210
f 1363 11211 1364
f 1363 11212 11211
f 1362 11212 1363
f 1362 11213 11212
f 1361 11213 1362
f 1361 11214 11213
f 1360 11214 1361
f 1360 11215 11214
f 1359 11215 1360
f 1359 11195 11215
f 1400 11174 1380
f 1400 11175 11174
f 1399 11176 11175
f 1399 11175 1400
f 1398 11177 11176
f 1398 11176 1399
f 1397 11178 11177
f 1397 11177 1398
f 1396 11179 11178
f 1396 11178 1397
f 1395 11180 11179
f 1395 11179 1396
f 1394 11181 11180
f 1394 11180 1395
f 1393 11182 11181
f 1393 11181 1394
f 1392 11183 11182
f 1392 11182 1393
f 1391 11184 11183
f 1391 11183 1392
f 1390 11185 11184
f 1390 11184 1391
f 1389 11186 11185
f 1389 11185 1390
f 1388 11186 1389
f 1388 11187 11186
f 1387 11187 1388
f 1387 11188 11187
f 1386 11188 1387
f 1386 11189 11188
f 1385 11189 1386
f 1385 11190 11189
f 1384 11190 1385
f 1384 11191 11190
f 1383 11191 1384
f 1383 11192 11191
f 1382 11192 1383
f 1382 11193 11192
f 1381 11193 1382
f 1381 11194 11193
f 1381 11174 11194
f 1380 11174 1381
f 1421 11153 1401
f 1421 11154 11153
f 1420 11155 11154
f 1420 11154 1421
f 1419 11156 11155
f 1419 11155 1420
f 1418 11157 11156
f 1418 11156 1419
f 1417 11158 11157
f 1417 11157 1418
f 1416 11159 11158
f 1416 11158 1417
f 1415 11160 11159
f 1415 11159 1416
f 1414 11161 11160
f 1414 11160 1415
f 1413 11162 11161
f 1413 11161 1414
f 1412 11163 11162
f 1412 11162 1413
f 1411 11164 11163
f 1411 11163 1412
f 1410 11165 11164
f 1410 11164 1411
f 1409 11165 1410
f 1409 11166 11165
f 1408 11166 1409
f 1408 11167 11166
f 1407 11167 1408
f 1407 11168 11167
f 1406 11168 1407
f 1406 11169 11168
f 1405 11169 1406
f 1405 11170 11169
f 1404 11170 1405
f 1404 11171 11170
f 1403 11171 1404
f 1403 11172 11171
f 1402 11172 1403
f 1402 11173 11172
f 1402 11153 11173
f 1401 11153 1402
f 1442 11132 1422
f 1442 11133 11132
f 1441 11134 11133
f 1441 11133 1442
f 1440 11135 11134
f 1440 11134 1441
f 1439 11136 11135
f 1439 11135 1440
f 1438 11137 11136
f 1438 11136 1439
f 1437 11138 11137
f 1437 11137 1438
f 1436 11139 11138
f 1436 11138 1437
f 1435 11140 11139
f 1435 11139 1436
f 1434 11141 11140
f 1434 11140 1435
f 1433 11142 11141
f 1433 11141 1434
f 1432 11143 11142
f 1432 11142 1433
f 1431 11144 11143
f 1431 11143 1432
f 1430 11144 1431
f 1430 11145 11144
f 1429 11145 1430
f 1429 11146 11145
f 1428 11146 1429
f 1428 11147 11146
f 1427 11147 1428
f 1427 11148 11147
f 1426 11148 1427
f 1426 11149 11148
f 1425 11149 1426
f 1425 11150 11149
f 1424 11150 1425
f 1424 11151 11150
f 1423 11151 1424
f 1423 11152 11151
f 1423 11132 11152
f 1422 11132 1423
f 1463 11111 1443
f 1463 11112 11111
f 1462 11113 11112
f 1462 11112 1463
f 1461 11114 11113
f 1461 11113 1462
f 1460 11115 11114
f 1460 11114 1461
f 1459 11116 11115
f 1459 11115 1460
f 1458 11117 11116
f 1458 11116 1459
f 1457 11118 11117
f 1457 11117 1458
f 1456 11119 11118
f 1456 11118 1457
f 1455 11120 11119
f 1455 11119 1456
f 1454 11121 11120
f 1454 11120 1455
f 1453 11122 11121
f 1453 11121 1454
f 1452 11123 11122
f 1452 11122 1453
f 1451 11123 1452
f 1451 11124 11123
f 1450 11124 1451
f 1450 11125 11124
f 1449 11125 1450
f 1449 11126 11125
f 1448 11126 1449
f 1448 11127 11126
f 1447 11127 1448
f 1447 11128 11127
f 1446 11128 1447
f 1446 11129 11128
f 1445 11129 1446
f 1445 11130 11129
f 1444 11130 1445
f 1444 11131 11130
f 1444 11111 11131
f 1443 11111 1444
f 1484 11090 1464
f 1484 11091 11090
f 1483 11092 11091
f 1483 11091 1484
f 1482 11093 11092
f 1482 11092 1483
f 1481 11094 11093
f 1481 11093 1482
f 1480 11095 11094
f 1480 11094 1481
f 1479 11096 11095
f 1479 11095 1480
f 1478 11097 11096
f 1478 11096 1479
f 1477 11098 11097
f 1477 11097 1478
f 1476 11099 11098
f 1476 11098 1477
f 1475 11100 11099
f 1475 11099 1476
f 1474 11101 11100
f 1474 11100 1475
f 1473 11102 11101
f 1473 11101 1474
f 1472 11102 1473
f 1472 11103 11102
f 1471 11103 1472
f 1471 11104 11103
f 1470 11104 1471
f 1470 11105 11104
f 1469 11105 1470
f 1469 11106 11105
f 1468 11106 1469
f 1468 11107 11106
f 1467 11107 1468
f 1467 11108 11107
f 1466 11108 1467
f 1466 11109 11108
f 1465 11109 1466
f 1465 11110 11109
f 1465 11090 11110
f 1464 11090 1465
f 1505 11069 1485
f 1505 11070 11069
f 1504 11071 11070
f 1504 11070 1505
f 1503 11072 11071
f 1503 11071 1504
f 1502 11073 11072
f 1502 11072 1503
f 1501 11074 11073
f 1501 11073 1502
f 1500 11075 11074
f 1500 11074 1501
f 1499 11076 11075
f 1499 11075 1500
f 1498 11077 11076
f 1498 11076 1499
f 1497 11078 11077
f 1497 11077 1498
f 1496 11079 11078
f 1496 11078 1497
f 1495 11080 11079
f 1495 11079 1496
f 1494 11081 11080
f 1494 11080 1495
f 1493 11081 1494
f 1493 11082 11081
f 1492 11082 1493
f 1492 11083 11082
f 1491 11083 1492
f 1491 11084 11083
f 1490 11084 1491
f 1490 11085 11084
f 1489 11085 1490
f 1489 11086 11085
f 1488 11086 1489
f 1488 11087 11086
f 1487 11087 1488
f 1487 11088 11087
f 1486 11088 1487
f 1486 11089 11088
f 1485 11089 1486
f 1485 11069 11089
f 1526 11048 1506
f 1526 11049 11048
f 1525 11050 11049
f 1525 11049 1526
f 1524 11051 11050
f 1524 11050 1525
f 1523 11052 11051
f 1523 11051 1524
f 1522 11053 11052
f 1522 11052 1523
f 1521 11054 11053
f 1521 11053 1522
f 1520 11055 11054
f 1520 11054 1521
f 1519 11056 11055
f 1519 11055 1520
f 1518 11057 11056
f 1518 11056 1519
f 1517 11058 11057
f 1517 11057 1518
f 1516 11059 11058
f 1516 11058 1517
f 1515 11060 11059
f 1515 11059 1516
f 1514 11060 1515
f 1514 11061 11060
f 1513 11061 1514
f 1513 11062 11061
f 1512 11062 1513
f 1512 11063 11062
f 1511 11063 1512
f 1511 11064 11063
f 1510 11064 1511
f 1510 11065 11064
f 1509 11065 1510
f 1509 11066 11065
f 1508 11066 1509
f 1508 11067 11066
f 1507 11067 1508
f 1507 11068 11067
f 1507 11048 11068
f 1506 11048 1507
f 1547 11027 1527
f 1547 11028 11027
f 1546 11029 11028
f 1546 11028 1547
f 1545 11030 11029
f 1545 11029 1546
f 1544 11031 11030
f 1544 11030 1545
f 1543 11032 11031
f 1543 11031 1544
f 1542 11033 11032
f 1542 11032 1543
f 1541 11034 11033
f 1541 11033 1542
f 1540 11035 11034
f 1540 11034 1541
f 1539 11036 11035
f 1539 11035 1540
f 1538 11037 11036
f 1538 11036 1539
f 1537 11038 11037
f 1537 11037 1538
f 1536 11039 11038
f 1536 11038 1537
f 1535 11039 1536
f 1535 11040 11039
f 1534 11040 1535
f 1534 11041 11040
f 1533 11041 1534
f 1533 11042 11041
f 1532 11042 1533
f 1532 11043 11042
f 1531 11043 1532
f 1531 11044 11043
f 1530 11044 1531
f 1530 11045 11044
f 1529 11045 1530
f 1529 11046 11045
f 1528 11046 1529
f 1528 11047 11046
f 1528 11027 11047
f 1527 11027 1528
f 1568 11006 1548
f 1568 11007 11006
f 1567 11008 11007
f 1567 11007 1568
f 1566 11009 11008
f 1566 11008 1567
f 1565 11010 11009
f 1565 11009 1566
f 1564 11011 11010
f 1564 11010 1565
f 1563 11012 11011
f 1563 11011 1564
f 1562 11013 11012
f 1562 11012 1563
f 1561 11014 11013
f 1561 11013 1562
f 1560 11015 11014
f 1560 11014 1561
f 1559 11016 11015
f 1559 11015 1560
f 1558 11017 11016
f 1558 11016 1559
f 1557 11018 11017
f 1557 11017 1558
f 1556 11018 1557
f 1556 11019 11018
f 1555 11019 1556
f 1555 11020 11019
f 1554 11020 1555
f 1554 11021 11020
f 1553 11021 1554
f 1553 11022 11021
f 1552 11022 1553
f 1552 11023 11022
f 1551 11023 1552
f 1551 11024 11023
f 1550 11024 1551
f 1550 11025 11024
f 1549 11025 1550
f 1549 11026 11025
f 1549 11006 11026
f 1548 11006 1549
f 1589 10985 1569
f 1589 10986 10985
f 1588 10987 10986
f 1588 10986 1589
f 1587 10988 10987
f 1587 10987 1588
f 1586 10989 10988
f 1586 10988 1587
f 1585 10990 10989
f 1585 10989 1586
f 1584 10991 10990
f 1584 10990 1585
f 1583 10992 10991
f 1583 10991 1584
f 1582 10993 10992
f 1582 10992 1583
f 1581 10994 10993
f 1581 10993 1582
f 1580 10995 10994
f 1580 10994 1581
f 1579 10996 10995
f 1579 10995 1580
f 1578 10997 10996
f 1578 10996 1579
f 1577 10997 1578
f 1577 10998 10997
f 1576 10998 1577
f 1576 10999 10998
f 1575 10999 1576
f 1575 11000 10999
f 1574 11000 1575
f 1574 11001 11000
f 1573 11001 1574
f 1573 11002 11001
f 1572 11002 1573
f 1572 11003 11002
f 1571 11003 1572
f 1571 11004 11003
f 1570 11004 1571
f 1570 11005 11004
f 1570 10985 11005
f 1569 10985 1570
f 1610 10964 1590
f 1610 10965 10964
f 1609 10966 10965
f 1609 10965 1610
f 1608 10967 10966
f 1608 10966 1609
f 1607 10968 10967
f 1607 10967 1608
f 1606 10969 10968
f 1606 10968 1607
f 1605 10970 10969
f 1605 10969 1606
f 1604 10971 10970
f 1604 10970 1605
f 1603 10972 10971
f 1603 10971 1604
f 1602 10973 10972
f 1602 10972 1603
f 1601 10974 10973
f 1601 10973 1602
f 1600 10975 10974
f 1600 10974 1601
f 1599 10976 10975
f 1599 10975 1600
f 1598 10976 1599
f 1598 10977 10976
f 1597 10977 1598
f 1597 10978 10977
f 1596 10978 1597
f 1596 10979 10978
f 1595 10979 1596
f 1595 10980 10979
f 1594 10980 1595
f 1594 10981 10980
f 1593 10981 1594
f 1593 10982 10981
f 1592 10982 1593
f 1592 10983 10982
f 1591 10983 1592
f 1591 10984 10983
f 1591 10964 10984
f 1590 10964 1591
f 1631 10943 1611
f 1631 10944 10943
f 1630 10945 10944
f 1630 10944 1631
f 1629 10946 10945
f 1629 10945 1630
f 1628 10947 10946
f 1628 10946 1629
f 1627 10948 10947
f 1627 10947 1628
f 1626 10949 10948
f 1626 10948 1627
f 1625 10950 10949
f 1625 10949 1626
f 1624 10951 10950
f 1624 10950 1625
f 1623 10952 10951
f 1623 10951 1624
f 1622 10953 10952
f 1622 10952 1623
f 1621 10954 10953
f 1621 10953 1622
f 1620 10955 10954
f 1620 10954 1621
f 1619 10955 1620
f 1619 10956 10955
f 1618 10956 1619
f 1618 10957 10956
f 1617 10957 1618
f 1617 10958 10957
f 1616 10958 1617
f 1616 10959 10958
f 1615 10959 1616
f 1615 10960 10959
f 1614 10960 1615
f 1614 10961 10960
f 1613 10961 1614
f 1613 10962 10961
f 1612 10962 1613
f 1612 10963 10962
f 1612 10943 10963
f 1611 10943 1612
f 1652 10922 1632
f 1652 10923 10922
f 1651 10924 10923
f 1651 10923 1652
f 1650 10925 10924
f 1650 10924 1651
f 1649 10926 10925
f 1649 10925 1650
f 1648 10927 10926
f 1648 10926 1649
f 1647 10928 10927
f 1647 10927 1648
f 1646 10929 10928
f 1646 10928 1647
f 1645 10930 10929
f 1645 10929 1646
f 1644 10931 10930
f 1644 10930 1645
f 1643 10932 10931
f 1643 10931 1644
f 1642 10933 10932
f 1642 10932 1643
f 1641 10934 10933
f 1641 10933 1642
f 1640 10934 1641
f 1640 10935 10934
f 1639 10935 1640
f 1639 10936 10935
f 1638 10936 1639
f 1638 10937 10936
f 1637 10937 1638
f 1637 10938 10937
f 1636 10938 1637
f 1636 10939 10938
f 1635 10939 1636
f 1635 10940 10939
f 1634 10940 1635
f 1634 10941 10940
f 1633 10941 1634
f 1633 10942 10941
f 1632 10942 1633
f 1632 10922 10942
f 1673 10901 1653
f 1673 10902 10901
f 1672 10903 10902
f 1672 10902 1673
f 1671 10904 10903
f 1671 10903 1672
f 1670 10905 10904
f 1670 10904 1671
f 1669 10906 10905
f 1669 10905 1670
f 1668 10907 10906
f 1668 10906 1669
f 1667 10908 10907
f 1667 10907 1668
f 1666 10909 10908
f 1666 10908 1667
f 1665 10910 10909
f 1665 10909 1666
f 1664 10911 10910
f 1664 10910 1665
f 1663 10912 10911
f 1663 10911 1664
f 1662 10913 10912
f 1662 10912 1663
f 1661 10913 1662
f 1661 10914 10913
f 1660 10914 1661
f 1660 10915 10914
f 1659 10915 1660
f 1659 10916 10915
f 1658 10916 1659
f 1658 10917 10916
f 1657 10917 1658
f 1657 10918 10917
f 1656 10918 1657
f 1656 10919 10918
f 1655 10919 1656
f 1655 10920 10919
f 1654 10920 1655
f 1654 10921 10920
f 1654 10901 10921
f 1653 10901 1654
f 1694 10880 1674
f 1694 10881 10880
f 1693 10882 10881
f 1693 10881 1694
f 1692 10883 10882
f 1692 10882 1693
f 1691 10884 10883
f 1691 10883 1692
f 1690 10885 10884
f 1690 10884 1691
f 1689 10886 10885
f 1689 10885 1690
f 1688 10887 10886
f 1688 10886 1689
f 1687 10888 10887
f 1687 10887 1688
f 1686 10889 10888
f 1686 10888 1687
f 1685 10890 10889
f 1685 10889 1686
f 1684 10891 10890
f 1684 10890 1685
f 1683 10892 10891
f 1683 10891 1684
f 1682 10892 1683
f 1682 10893 10892
f 1681 10893 1682
f 1681 10894 10893
f 1680 10894 1681
f 1680 10895 10894
f 1679 10895 1680
f 1679 10896 10895
f 1678 10896 1679
f 1678 10897 10896
f 1677 10897 1678
f 1677 10898 10897
f 1676 10898 1677
f 1676 10899 10898
f 1675 10899 1676
f 1675 10900 10899
f 1675 10880 10900
f 1674 10880 1675
f 1715 10859 1695
f 1715 10860 10859
f 1714 10861 10860
f 1714 10860 1715
f 1713 10862 10861
f 1713 10861 1714
f 1712 10863 10862
f 1712 10862 1713
f 1711 10864 10863
f 1711 10863 1712
f 1710 10865 10864
f 1710 10864 1711
f 1709 10866 10865
f 1709 10865 1710
f 1708 10867 10866
f 1708 10866 1709
f 1707 10868 10867
f 1707 10867 1708
f 1706 10869 10868
f 1706 10868 1707
f 1705 10870 10869
f 1705 10869 1706
f 1704 10871 10870
f 1704 10870 1705
f 1703 10871 1704
f 1703 10872 10871
f 1702 10872 1703
f 1702 10873 10872
f 1701 10873 1702
f 1701 10874 10873
f 1700 10874 1701
f 1700 10875 10874
f 1699 10875 1700
f 1699 10876 10875
f 1698 10876 1699
f 1698 10877 10876
f 1697 10877 1698
f 1697 10878 10877
f 1696 10878 1697
f 1696 10879 10878
f 1696 10859 10879
f 1695 10859 1696
f 1736 10838 1716
f 1736 10839 10838
f 1735 10840 10839
f 1735 10839 1736
f 1734 10841 10840
f 1734 10840 1735
f 1733 10842 10841
f 1733 10841 1734
f 1732 10843 10842
f 1732 10842 1733
f 1731 10844 10843
f 1731 10843 1732
f 1730 10845 10844
f 1730 10844 1731
f 1729 10846 10845
f 1729 10845 1730
f 1728 10847 10846
f 1728 10846 1729
f 1727 10848 10847
f 1727 10847 1728
f 1726 10849 10848
f 1726 10848 1727
f 1725 10850 10849
f 1725 10849 1726
f 1724 10850 1725
f 1724 10851 10850
f 1723 10851 1724
f 1723 10852 10851
f 1722 10852 1723
f 1722 10853 10852
f 1721 10853 1722
f 1721 10854 10853
f 1720 10854 1721
f 1720 10855 10854
f 1719 10855 1720
f 1719 10856 10855
f 1718 10856 1719
f 1718 10857 10856
f 1717 10857 1718
f 1717 10858 10857
f 1717 10838 10858
f 1716 10838 1717
f 1757 10817 1737
f 1757 10818 10817
f 1756 10819 10818
f 1756 10818 1757
f 1755 10820 10819
f 1755 10819 1756
f 1754 10821 10820
f 1754 10820 1755
f 1753 10822 10821
f 1753 10821 1754
f 1752 10823 10822
f 1752 10822 1753
f 1751 10824 10823
f 1751 10823 1752
f 1750 10825 10824
f 1750 10824 1751
f 1749 10826 10825
f 1749 10825 1750
f 1748 10827 10826
f 1748 10826 1749
f 1747 10828 10827
f 1747 10827 1748
f 1746 10829 10828
f 1746 10828 1747
f 1745 10829 1746
f 1745 10830 10829
f 1744 10830 1745
f 1744 10831 10830
f 1743 10831 1744
f 1743 10832 10831
f 1742 10832 1743
f 1742 10833 10832
f 1741 10833 1742
f 1741 10834 10833
f 1740 10834 1741
f 1740 10835 10834
f 1739 10835 1740
f 1739 10836 10835
f 1738 10836 1739
f 1738 10837 10836
f 1738 10817 10837
f 1737 10817 1738
f 1778 10796 1758
f 1778 10797 10796
f 1777 10798 10797
f 1777 10797 1778
f 1776 10799 10798
f 1776 10798 1777
f 1775 10800 10799
f 1775 10799 1776
f 1774 10801 10800
f 1774 10800 1775
f 1773 10802 10801
f 1773 10801 1774
f 1772 10803 10802
f 1772 10802 1773
f 1771 10804 10803
f 1771 10803 1772
f 1770 10805 10804
f 1770 10804 1771
f 1769 10806 10805
f 1769 10805 1770
f 1768 10807 10806
f 1768 10806 1769
f 1767 10808 10807
f 1767 10807 1768
f 1766 10808 1767
f 1766 10809 10808
f 1765 10809 1766
f 1765 10810 10809
f 1764 10810 1765
f 1764 10811 10810
f 1763 10811 1764
f 1763 10812 10811
f 1762 10812 1763
f 1762 10813 10812
f 1761 10813 1762
f 1761 10814 10813
f 1760 10814 1761
f 1760 10815 10814
f 1759 10815 1760
f 1759 10816 10815
f 1759 10796 10816
f 1758 10796 1759
f 1799 10775 1779
f 1799 10776 10775
f 1798 10777 10776
f 1798 10776 1799
f 1797 10778 10777
f 1797 10777 1798
f 1796 10779 10778
f 1796 10778 1797
f 1795 10780 10779
f 1795 10779 1796
f 1794 10781 10780
f 1794 10780 1795
f 1793 10782 10781
f 1793 10781 1794
f 1792 10783 10782
f 1792 10782 1793
f 1791 10784 10783
f 1791 10783 1792
f 1790 10785 10784
f 1790 10784 1791
f 1789 10786 10785
f 1789 10785 1790
f 1788 10787 10786
f 1788 10786 1789
f 1787 10787 1788
f 1787 10788 10787
f 1786 10788 1787
f 1786 10789 10788
f 1785 10789 1786
f 1785 10790 10789
f 1784 10790 1785
f 1784 10791 10790
f 1783 10791 1784
f 1783 10792 10791
f 1782 10792 1783
f 1782 10793 10792
f 1781 10793 1782
f 1781 10794 10793
f 1780 10794 1781
f 1780 10795 10794
f 1780 10775 10795
f 1779 10775 1780
f 1820 10754 1800
f 1820 10755 10754
f 1819 10756 10755
f 1819 10755 1820
f 1818 10757 10756
f 1818 10756 1819
f 1817 10758 10757
f 1817 10757 1818
f 1816 10759 10758
f 1816 10758 1817
f 1815 10760 10759
f 1815 10759 1816
f 1814 10761 10760
f 1814 10760 1815
f 1813 10762 10761
f 1813 10761 1814
f 1812 10763 10762
f 1812 10762 1813
f 1811 10764 10763
f 1811 10763 1812
f 1810 10765 10764
f 1810 10764 1811
f 1809 10766 10765
f 1809 10765 1810
f 1808 10766 1809
f 1808 10767 10766
f 1807 10767 1808
f 1807 10768 10767
f 1806 10768 1807
f 1806 10769 10768
f 1805 10769 1806
f 1805 10770 10769
f 1804 10770 1805
f 1804 10771 10770
f 1803 10771 1804
f 1803 10772 10771
f 1802 10772 1803
f 1802 10773 10772
f 1801 10773 1802
f 1801 10774 10773
f 1800 10774 1801
f 1800 10754 10774
f 1841 10733 1821
f 1841 10734 10733
f 1840 10735 10734
f 1840 10734 1841
f 1839 10736 10735
f 1839 10735 1840
f 1838 10737 10736
f 1838 10736 1839
f 1837 10738 10737
f 1837 10737 1838
f 1836 10739 10738
f 1836 10738 1837
f 1835 10740 10739
f 1835 10739 1836
f 1834 10741 10740
f 1834 10740 1835
f 1833 10742 10741
f 1833 10741 1834
f 1832 10743 10742
f 1832 10742 1833
f 1831 10744 10743
f 1831 10743 1832
f 1830 10745 10744
f 1830 10744 1831
f 1829 10745 1830
f 1829 10746 10745
f 1828 10746 1829
f 1828 10747 10746
f 1827 10747 1828
f 1827 10748 10747
f 1826 10748 1827
f 1826 10749 10748
f 1825 10749 1826
f 1825 10750 10749
f 1824 10750 1825
f 1824 10751 10750
f 1823 10751 1824
f 1823 10752 10751
f 1822 10752 1823
f 1822 10753 10752
f 1822 10733 10753
f 1821 10733 1822
f 1862 10712 1842
f 1862 10713 10712
f 1861 10714 10713
f 1861 10713 1862
f 1860 10715 10714
f 1860 10714 1861
f 1859 10716 10715
f 1859 10715 1860
f 1858 10717 10716
f 1858 10716 1859
f 1857 10718 10717
f 1857 10717 1858
f 1856 10719 10718
f 1856 10718 1857
f 1855 10720 10719
f 1855 10719 1856
f 1854 10721 10720
f 1854 10720 1855
f 1853 10722 10721
f 1853 10721 1854
f 1852 10723 10722
f 1852 10722 1853
f 1851 10724 10723
f 1851 10723 1852
f 1850 10724 1851
f 1850 10725 10724
f 1849 10725 1850
f 1849 10726 10725
f 1848 10726 1849
f 1848 10727 10726
f 1847 10727 1848
f 1847 10728 10727
f 1846 10728 1847
f 1846 10729 10728
f 1845 10729 1846
f 1845 10730 10729
f 1844 10730 1845
f 1844 10731 10730
f 1843 10731 1844
f 1843 10732 10731
f 1843 10712 10732
f 1842 10712 1843
f 1883 10691 1863
f 1883 10692 10691
f 1882 10693 10692
f 1882 10692 1883
f 1881 10694 10693
f 1881 10693 1882
f 1880 10695 10694
f 1880 10694 1881
f 1879 10696 10695
f 1879 10695 1880
f 1878 10697 10696
f 1878 10696 1879
f 1877 10698 10697
f 1877 10697 1878
f 1876 10699 10698
f 1876 10698 1877
f 1875 10700 10699
f 1875 10699 1876
f 1874 10701 10700
f 1874 10700 1875
f 1873 10702 10701
f 1873 10701 1874
f 1872 10703 10702
f 1872 10702 1873
f 1871 10703 1872
f 1871 10704 10703
f 1870 10704 1871
f 1870 10705 10704
f 1869 10705 1870
f 1869 10706 10705
f 1868 10706 1869
f 1868 10707 10706
f 1867 10707 1868
f 1867 10708 10707
f 1866 10708 1867
f 1866 10709 10708
f 1865 10709 1866
f 1865 10710 10709
f 1864 10710 1865
f 1864 10711 10710
f 1864 10691 10711
f 1863 10691 1864
f 1904 10670 1884
f 1904 10671 10670
f 1903 10672 10671
f 1903 10671 1904
f 1902 10673 10672
f 1902 10672 1903
f 1901 10674 10673
f 1901 10673 1902
f 1900 10675 10674
f 1900 10674 1901
f 1899 10676 10675
f 1899 10675 1900
f 1898 10677 10676
f 1898 10676 1899
f 1897 10678 10677
f 1897 10677 1898
f 1896 10679 10678
f 1896 10678 1897
f 1895 10680 10679
f 1895 10679 1896
f 1894 10681 10680
f 1894 10680 1895
f 1893 10682 10681
f 1893 10681 1894
f 1892 10682 1893
f 1892 10683 10682
f 1891 10683 1892
f 1891 10684 10683
f 1890 10684 1891
f 1890 10685 10684
f 1889 10685 1890
f 1889 10686 10685
f 1888 10686 1889
f 1888 10687 10686
f 1887 10687 1888
f 1887 10688 10687
f 1886 10688 1887
f 1886 10689 10688
f 1885 10689 1886
f 1885 10690 10689
f 1885 10670 10690
f 1884 10670 1885
f 1925 10649 1905
f 1925 10650 10649
f 1924 10651 10650
f 1924 10650 1925
f 1923 10652 10651
f 1923 10651 1924
f 1922 10653 10652
f 1922 10652 1923
f 1921 10654 10653
f 1921 10653 1922
f 1920 10655 10654
f 1920 10654 1921
f 1919 10656 10655
f 1919 10655 1920
f 1918 10657 10656
f 1918 10656 1919
f 1917 10658 10657
f 1917 10657 1918
f 1916 10659 10658
f 1916 10658 1917
f 1915 10660 10659
f 1915 10659 1916
f 1914 10661 10660
f 1914 10660 1915
f 1913 10661 1914
f 1913 10662 10661
f 1912 10662 1913
f 1912 10663 10662
f 1911 10663 1912
f 1911 10664 10663
f 1910 10664 1911
f 1910 10665 10664
f 1909 10665 1910
f 1909 10666 10665
f 1908 10666 1909
f 1908 10667 10666
f 1907 10667 1908
f 1907 10668 10667
f 1906 10668 1907
f 1906 10669 10668
f 1906 10649 10669
f 1905 10649 1906
f 1946 10628 1926
f 1946 10629 10628
f 1945 10630 10629
f 1945 10629 1946
f 1944 10631 10630
f 1944 10630 1945
f 1943 10632 10631
f 1943 10631 1944
f 1942 10633 10632
f 1942 10632 1943
f 1941 10634 10633
f 1941 10633 1942
f 1940 10635 10634
f 1940 10634 1941
f 1939 10636 10635
f 1939 10635 1940
f 1938 10637 10636
f 1938 10636 1939
f 1937 10638 10637
f 1937 10637 1938
f 1936 10639 10638
f 1936 10638 1937
f 1935 10640 10639
f 1935 10639 1936
f 1934 10640 1935
f 1934 10641 10640
f 1933 10641 1934
f 1933 10642 10641
f 1932 10642 1933
f 1932 10643 10642
f 1931 10643 1932
f 1931 10644 10643
f 1930 10644 1931
f 1930 10645 10644
f 1929 10645 1930
f 1929 10646 10645
f 1928 10646 1929
f 1928 10647 10646
f 1927 10647 1928
f 1927 10648 10647
f 1927 10628 10648
f 1926 10628 1927
f 1967 10607 1947
f 1967 10608 10607
f 1966 10609 10608
f 1966 10608 1967
f 1965 10610 10609
f 1965 10609 1966
f 1964 10611 10610
f 1964 10610 1965
f 1963 10612 10611
f 1963 10611 1964
f 1962 10613 10612
f 1962 10612 1963
f 1961 10614 10613
f 1961 10613 1962
f 1960 10615 10614
f 1960 10614 1961
f 1959 10616 10615
f 1959 10615 1960
f 1958 10617 10616
f 1958 10616 1959
f 1957 10618 10617
f 1957 10617 1958
f 1956 10619 10618
f 1956 10618 1957
f 1955 10619 1956
f 1955 10620 10619
f 1954 10620 1955
f 1954 10621 10620
f 1953 10621 1954
f 1953 10622 10621
f 1952 10622 1953
f 1952 10623 10622
f 1951 10623 1952
f 1951 10624 10623
f 1950 10624 1951
f 1950 10625 10624
f 1949 10625 1950
f 1949 10626 10625
f 1948 10626 1949
f 1948 10627 10626
f 1948 10607 10627
f 1947 10607 1948
f 1988 10586 1968
f 1988 10587 10586
f 1987 10588 10587
f 1987 10587 1988
f 1986 10589 10588
f 1986 10588 1987
f 1985 10590 10589
f 1985 10589 1986
f 1984 10591 10590
f 1984 10590 1985
f 1983 10592 10591
f 1983 10591 1984
f 1982 10593 10592
f 1982 10592 1983
f 1981 10594 10593
f 1981 10593 1982
f 1980 10595 10594
f 1980 10594 1981
f 1979 10596 10595
f 1979 10595 1980
f 1978 10597 10596
f 1978 10596 1979
f 1977 10598 10597
f 1977 10597 1978
f 1976 10598 1977
f 1976 10599 10598
f 1975 10599 1976
f 1975 10600 10599
f 1974 10600 1975
f 1974 10601 10600
f 1973 10601 1974
f 1973 10602 10601
f 1972 10602 1973
f 1972 10603 10602
f 1971 10603 1972
f 1971 10604 10603
f 1970 10604 1971
f 1970 10605 10604
f 1969 10605 1970
f 1969 10606 10605
f 1968 10606 1969
f 1968 10586 10606
f 2009 10565 1989
f 2009 10566 10565
f 2008 10567 10566
f 2008 10566 2009
f 2007 10568 10567
f 2007 10567 2008
f 2006 10569 10568
f 2006 10568 2007
f 2005 10570 10569
f 2005 10569 2006
f 2004 10571 10570
f 2004 10570 2005
f 2003 10572 10571
f 2003 10571 2004
f 2002 10573 10572
f 2002 10572 2003
f 2001 10574 10573
f 2001 10573 2002
f 2000 10575 10574
f 2000 10574 2001
f 1999 10576 10575
f 1999 10575 2000
f 1998 10577 10576
f 1998 10576 1999
f 1997 10577 1998
f 1997 10578 10577
f 1996 10578 1997
f 1996 10579 10578
f 1995 10579 1996
f 1995 10580 10579
f 1994 10580 1995
f 1994 10581 10580
f 1993 10581 1994
f 1993 10582 10581
f 1992 10582 1993
f 1992 10583 10582
f 1991 10583 1992
f 1991 10584 10583
f 1990 10584 1991
f 1990 10585 10584
f 1990 10565 10585
f 1989 10565 1990
f 2030 10544 2010
f 2030 10545 10544
f 2029 10546 10545
f 2029 10545 2030
f 2028 10547 10546
f 2028 10546 2029
f 2027 10548 10547
f 2027 10547 2028
f 2026 10549 10548
f 2026 10548 2027
f 2025 10550 10549
f 2025 10549 2026
f 2024 10551 10550
f 2024 10550 2025
f 2023 10552 10551
f 2023 10551 2024
f 2022 10553 10552
f 2022 10552 2023
f 2021 10554 10553
f 2021 10553 2022
f 2020 10555 10554
f 2020 10554 2021
f 2019 10556 10555
f 2019 10555 2020
f 2018 10556 2019
f 2018 10557 10556
f 2017 10557 2018
f 2017 10558 10557
f 2016 10558 2017
f 2016 10559 10558
f 2015 10559 2016
f 2015 10560 10559
f 2014 10560 2015
f 2014 10561 10560
f 2013 10561 2014
f 2013 10562 10561
f 2012 10562 2013
f 2012 10563 10562
f 2011 10563 2012
f 2011 10564 10563
f 2011 10544 10564
f 2010 10544 2011
f 2051 10523 2031
f 2051 10524 10523
f 2050 10525 10524
f 2050 10524 2051
f 2049 10526 10525
f 2049 10525 2050
f 2048 10527 10526
f 2048 10526 2049
f 2047 10528 10527
f 2047 10527 2048
f 2046 10529 10528
f 2046 10528 2047
f 2045 10530 10529
f 2045 10529 2046
f 2044 10531 10530
f 2044 10530 2045
f 2043 10532 10531
f 2043 10531 2044
f 2042 10533 10532
f 2042 10532 2043
f 2041 10534 10533
f 2041 10533 2042
f 2040 10535 10534
f 2040 10534 2041
f 2039 10535 2040
f 2039 10536 10535
f 2038 10536 2039
f 2038 10537 10536
f 2037 10537 2038
f 2037 10538 10537
f 2036 10538 2037
f 2036 10539 10538
f 2035 10539 2036
f 2035 10540 10539
f 2034 10540 2035
f 2034 10541 10540
f 2033 10541 2034
f 2033 10542 10541
f 2032 10542 2033
f 2032 10543 10542
f 2032 10523 10543
f 2031 10523 2032
f 2072 10502 2052
f 2072 10503 10502
f 2071 10504 10503
f 2071 10503 2072
f 2070 10505 10504
f 2070 10504 2071
f 2069 10506 10505
f 2069 10505 2070
f 2068 10507 10506
f 2068 10506 2069
f 2067 10508 10507
f 2067 10507 2068
f 2066 10509 10508
f 2066 10508 2067
f 2065 10510 10509
f 2065 10509 2066
f 2064 10511 10510
f 2064 10510 2065
f 2063 10512 10511
f 2063 10511 2064
f 2062 10513 10512
f 2062 10512 2063
f 2061 10514 10513
f 2061 10513 2062
f 2060 10514 2061
f 2060 10515 10514
f 2059 10515 2060
f 2059 10516 10515
f 2058 10516 2059
f 2058 10517 10516
f 2057 10517 2058
f 2057 10518 10517
f 2056 10518 2057
f 2056 10519 10518
f 2055 10519 2056
f 2055 10520 10519
f 2054 10520 2055
f 2054 10521 10520
f 2053 10521 2054
f 2053 10522 10521
f 2053 10502 10522
f 2052 10502 2053
f 2093 10481 2073
f 2093 10482 10481
f 2092 10483 10482
f 2092 10482 2093
f 2091 10484 10483
f 2091 10483 2092
f 2090 10485 10484
f 2090 10484 2091
f 2089 10486 10485
f 2089 10485 2090
f 2088 10487 10486
f 2088 10486 2089
f 2087 10488 10487
f 2087 10487 2088
f 2086 10489 10488
f 2086 10488 2087
f 2085 10490 10489
f 2085 10489 2086
f 2084 10491 10490
f 2084 10490 2085
f 2083 10492 10491
f 2083 10491 2084
f 2082 10493 10492
f 2082 10492 2083
f 2081 10493 2082
f 2081 10494 10493
f 2080 10494 2081
f 2080 10495 10494
f 2079 10495 2080
f 2079 10496 10495
f 2078 10496 2079
f 2078 10497 10496
f 2077 10497 2078
f 2077 10498 10497
f 2076 10498 2077
f 2076 10499 10498
f 2075 10499 2076
f 2075 10500 10499
f 2074 10500 2075
f 2074 10501 10500
f 2074 10481 10501
f 2073 10481 2074
f 2114 10460 2094
f 2114 10461 10460
f 2113 10462 10461
f 2113 10461 2114
f 2112 10463 10462
f 2112 10462 2113
f 2111 10464 10463
f 2111 10463 2112
f 2110 10465 10464
f 2110 10464 2111
f 2109 10466 10465
f 2109 10465 2110
f 2108 10467 10466
f 2108 10466 2109
f 2107 10468 10467
f 2107 10467 2108
f 2106 10469 10468
f 2106 10468 2107
f 2105 10470 10469
f 2105 10469 2106
f 2104 10471 10470
f 2104 10470 2105
f 2103 10472 10471
f 2103 10471 2104
f 2102 10472 2103
f 2102 10473 10472
f 2101 10473 2102
f 2101 10474 10473
f 2100 10474 2101
f 2100 10475 10474
f 2099 10475 2100
f 2099 10476 10475
f 2098 10476 2099
f 2098 10477 10476
f 2097 10477 2098
f 2097 10478 10477
f 2096 10478 2097
f 2096 10479 10478
f 2095 10479 2096
f 2095 10480 10479
f 2095 10460 10480
f 2094 10460 2095
f 2135 10439 2115
f 2135 10440 10439
f 2134 10441 10440
f 2134 10440 2135
f 2133 10442 10441
f 2133 10441 2134
f 2132 10443 10442
f 2132 10442 2133
f 2131 10444 10443
f 2131 10443 2132
f 2130 10445 10444
f 2130 10444 2131
f 2129 10446 10445
f 2129 10445 2130
f 2128 10447 10446
f 2128 10446 2129
f 2127 10448 10447
f 2127 10447 2128
f 2126 10449 10448
f 2126 10448 2127
f 2125 10450 10449
f 2125 10449 2126
f 2124 10451 10450
f 2124 10450 2125
f 2123 10451 2124
f 2123 10452 10451
f 2122 10452 2123
f 2122 10453 10452
f 2121 10453 2122
f 2121 10454 10453
f 2120 10454 2121
f 2120 10455 10454
f 2119 10455 2120
f 2119 10456 10455
f 2118 10456 2119
f 2118 10457 10456
f 2117 10457 2118
f 2117 10458 10457
f 2116 10458 2117
f 2116 10459 10458
f 2116 10439 10459
f 2115 10439 2116
f 2156 10418 2136
f 2156 10419 10418
f 2155 10420 10419
f 2155 10419 2156
f 2154 10421 10420
f 2154 10420 2155
f 2153 10422 10421
f 2153 10421 2154
f 2152 10423 10422
f 2152 10422 2153
f 2151 10424 10423
f 2151 10423 2152
f 2150 10425 10424
f 2150 10424 2151
f 2149 10426 10425
f 2149 10425 2150
f 2148 10427 10426
f 2148 10426 2149
f 2147 10428 10427
f 2147 10427 2148
f 2146 10429 10428
f 2146 10428 2147
f 2145 10430 10429
f 2145 10429 2146
f 2144 10430 2145
f 2144 10431 10430
f 2143 10431 2144
f 2143 10432 10431
f 2142 10432 2143
f 2142 10433 10432
f 2141 10433 2142
f 2141 10434 10433
f 2140 10434 2141
f 2140 10435 10434
f 2139 10435 2140
f 2139 10436 10435
f 2138 10436 2139
f 2138 10437 10436
f 2137 10437 2138
f 2137 10438 10437
f 2136 10438 2137
f 2136 10418 10438
f 2177 10397 2157
f 2177 10398 10397
f 2176 10399 10398
f 2176 10398 2177
f 2175 10400 10399
f 2175 10399 2176
f 2174 10401 10400
f 2174 10400 2175
f 2173 10402 10401
f 2173 10401 2174
f 2172 10403 10402
f 2172 10402 2173
f 2171 10404 10403
f 2171 10403 2172
f 2170 10405 10404
f 2170 10404 2171
f 2169 10406 10405
f 2169 10405 2170
f 2168 10407 10406
f 2168 10406 2169
f 2167 10408 10407
f 2167 10407 2168
f 2166 10409 10408
f 2166 10408 2167
f 2165 10409 2166
f 2165 10410 10409
f 2164 10410 2165
f 2164 10411 10410
f 2163 10411 2164
f 2163 10412 10411
f 2162 10412 2163
f 2162 10413 10412
f 2161 10413 2162
f 2161 10414 10413
f 2160 10414 2161
f 2160 10415 10414
f 2159 10415 2160
f 2159 10416 10415
f 2158 10416 2159
f 2158 10417 10416
f 2158 10397 10417
f 2157 10397 2158
f 2198 10376 2178
f 2198 10377 10376
f 2197 10378 10377
f 2197 10377 2198
f 2196 10379 10378
f 2196 10378 2197
f 2195 10380 10379
f 2195 10379 2196
f 2194 10381 10380
f 2194 10380 2195
f 2193 10382 10381
f 2193 10381 2194
f 2192 10383 10382
f 2192 10382 2193
f 2191 10384 10383
f 2191 10383 2192
f 2190 10385 10384
f 2190 10384 2191
f 2189 10386 10385
f 2189 10385 2190
f 2188 10387 10386
f 2188 10386 2189
f 2187 10388 10387
f 2187 10387 2188
f 2186 10388 2187
f 2186 10389 10388
f 2185 10389 2186
f 2185 10390 10389
f 2184 10390 2185
f 2184 10391 10390
f 2183 10391 2184
f 2183 10392 10391
f 2182 10392 2183
f 2182 10393 10392
f 2181 10393 2182
f 2181 10394 10393
f 2180 10394 2181
f 2180 10395 10394
f 2179 10395 2180
f 2179 10396 10395
f 2179 10376 10396
f 2178 10376 2179
f 2219 10355 2199
f 2219 10356 10355
f 2218 10357 10356
f 2218 10356 2219
f 2217 10358 10357
f 2217 10357 2218
f 2216 10359 10358
f 2216 10358 2217
f 2215 10360 10359
f 2215 10359 2216
f 2214 10361 10360
f 2214 10360 2215
f 2213 10362 10361
f 2213 10361 2214
f 2212 10363 10362
f 2212 10362 2213
f 2211 10364 10363
f 2211 10363 2212
f 2210 10365 10364
f 2210 10364 2211
f 2209 10366 10365
f 2209 10365 2210
f 2208 10367 10366
f 2208 10366 2209
f 2207 10367 2208
f 2207 10368 10367
f 2206 10368 2207
f 2206 10369 10368
f 2205 10369 2206
f 2205 10370 10369
f 2204 10370 2205
f 2204 10371 10370
f 2203 10371 2204
f 2203 10372 10371
f 2202 10372 2203
f 2202 10373 10372
f 2201 10373 2202
f 2201 10374 10373
f 2200 10374 2201
f 2200 10375 10374
f 2200 10355 10375
f 2199 10355 2200
f 2240 10334 2220
f 2240 10335 10334
f 2239 10336 10335
f 2239 10335 2240
f 2238 10337 10336
f 2238 10336 2239
f 2237 10338 10337
f 2237 10337 2238
f 2236 10339 10338
f 2236 10338 2237
f 2235 10340 10339
f 2235 10339 2236
f 2234 10341 10340
f 2234 10340 2235
f 2233 10342 10341
f 2233 10341 2234
f 2232 10343 10342
f 2232 10342 2233
f 2231 10344 10343
f 2231 10343 2232
f 2230 10345 10344
f 2230 10344 2231
f 2229 10346 10345
f 2229 10345 2230
f 2228 10346 2229
f 2228 10347 10346
f 2227 10347 2228
f 2227 10348 10347
f 2226 10348 2227
f 2226 10349 10348
f 2225 10349 2226
f 2225 10350 10349
f 2224 10350 2225
f 2224 10351 10350
f 2223 10351 2224
f 2223 10352 10351
f 2222 10352 2223
f 2222 10353 10352
f 2221 10353 2222
f 2221 10354 10353
f 2221 10334 10354
f 2220 10334 2221
f 2261 10313 2241
f 2261 10314 10313
f 2260 10315 10314
f 2260 10314 2261
f 2259 10316 10315
f 2259 10315 2260
f 2258 10317 10316
f 2258 10316 2259
f 2257 10318 10317
f 2257 10317 2258
f 2256 10319 10318
f 2256 10318 2257
f 2255 10320 10319
f 2255 10319 2256
f 2254 10321 10320
f 2254 10320 2255
f 2253 10322 10321
f 2253 10321 2254
f 2252 10323 10322
f 2252 10322 2253
f 2251 10324 10323
f 2251 10323 2252
f 2250 10325 10324
f 2250 10324 2251
f 2249 10325 2250
f 2249 10326 10325
f 2248 10326 2249
f 2248 10327 10326
f 2247 10327 2248
f 2247 10328 10327
f 2246 10328 2247
f 2246 10329 10328
f 2245 10329 2246
f 2245 10330 10329
f 2244 10330 2245
f 2244 10331 10330
f 2243 10331 2244
f 2243 10332 10331
f 2242 10332 2243
f 2242 10333 10332
f 2242 10313 10333
f 2241 10313 2242
f 2282 10292 2262
f 2282 10293 10292
f 2281 10294 10293
f 2281 10293 2282
f 2280 10295 10294
f 2280 10294 2281
f 2279 10296 10295
f 2279 10295 2280
f 2278 10297 10296
f 2278 10296 2279
f 2277 10298 10297
f 2277 10297 2278
f 2276 10299 10298
f 2276 10298 2277
f 2275 10300 10299
f 2275 10299 2276
f 2274 10301 10300
f 2274 10300 2275
f 2273 10302 10301
f 2273 10301 2274
f 2272 10303 10302
f 2272 10302 2273
f 2271 10304 10303
f 2271 10303 2272
f 2270 10304 2271
f 2270 10305 10304
f 2269 10305 2270
f 2269 10306 10305
f 2268 10306 2269
f 2268 10307 10306
f 2267 10307 2268
f 2267 10308 10307
f 2266 10308 2267
f 2266 10309 10308
f 2265 10309 2266
f 2265 10310 10309
f 2264 10310 2265
f 2264 10311 10310
f 2263 10311 2264
f 2263 10312 10311
f 2263 10292 10312
f 2262 10292 2263
f 2303 10271 2283
f 2303 10272 10271
f 2302 10273 10272
f 2302 10272 2303
f 2301 10274 10273
f 2301 10273 2302
f 2300 10275 10274
f 2300 10274 2301
f 2299 10276 10275
f 2299 10275 2300
f 2298 10277 10276
f 2298 10276 2299
f 2297 10278 10277
f 2297 10277 2298
f 2296 10279 10278
f 2296 10278 2297
f 2295 10280 10279
f 2295 10279 2296
f 2294 10281 10280
f 2294 10280 2295
f 2293 10282 10281
f 2293 10281 2294
f 2292 10283 10282
f 2292 10282 2293
f 2291 10283 2292
f 2291 10284 10283
f 2290 10284 2291
f 2290 10285 10284
f 2289 10285 2290
f 2289 10286 10285
f 2288 10286 2289
f 2288 10287 10286
f 2287 10287 2288
f 2287 10288 10287
f 2286 10288 2287
f 2286 10289 10288
f 2285 10289 2286
f 2285 10290 10289
f 2284 10290 2285
f 2284 10291 10290
f 2284 10271 10291
f 2283 10271 2284
f 2324 10250 2304
f 2324 10251 10250
f 2323 10252 10251
f 2323 10251 2324
f 2322 10253 10252
f 2322 10252 2323
f 2321 10254 10253
f 2321 10253 2322
f 2320 10255 10254
f 2320 10254 2321
f 2319 10256 10255
f 2319 10255 2320
f 2318 10257 10256
f 2318 10256 2319
f 2317 10258 10257
f 2317 10257 2318
f 2316 10259 10258
f 2316 10258 2317
f 2315 10260 10259
f 2315 10259 2316
f 2314 10261 10260
f 2314 10260 2315
f 2313 10262 10261
f 2313 10261 2314
f 2312 10262 2313
f 2312 10263 10262
f 2311 10263 2312
f 2311 10264 10263
f 2310 10264 2311
f 2310 10265 10264
f 2309 10265 2310
f 2309 10266 10265
f 2308 10266 2309
f 2308 10267 10266
f 2307 10267 2308
f 2307 10268 10267
f 2306 10268 2307
f 2306 10269 10268
f 2305 10269 2306
f 2305 10270 10269
f 2304 10270 2305
f 2304 10250 10270
f 2345 10229 2325
f 2345 10230 10229
f 2344 10231 10230
f 2344 10230 2345
f 2343 10232 10231
f 2343 10231 2344
f 2342 10233 10232
f 2342 10232 2343
f 2341 10234 10233
f 2341 10233 2342
f 2340 10235 10234
f 2340 10234 2341
f 2339 10236 10235
f 2339 10235 2340
f 2338 10237 10236
f 2338 10236 2339
f 2337 10238 10237
f 2337 10237 2338
f 2336 10239 10238
f 2336 10238 2337
f 2335 10240 10239
f 2335 10239 2336
f 2334 10241 10240
f 2334 10240 2335
f 2333 10241 2334
f 2333 10242 10241
f 2332 10242 2333
f 2332 10243 10242
f 2331 10243 2332
f 2331 10244 10243
f 2330 10244 2331
f 2330 10245 10244
f 2329 10245 2330
f 2329 10246 10245
f 2328 10246 2329
f 2328 10247 10246
f 2327 10247 2328
f 2327 10248 10247
f 2326 10248 2327
f 2326 10249 10248
f 2326 10229 10249
f 2325 10229 2326
f 2366 10208 2346
f 2366 10209 10208
f 2365 10210 10209
f 2365 10209 2366
f 2364 10211 10210
f 2364 10210 2365
f 2363 10212 10211
f 2363 10211 2364
f 2362 10213 10212
f 2362 10212 2363
f 2361 10214 10213
f 2361 10213 2362
f 2360 10215 10214
f 2360 10214 2361
f 2359 10216 10215
f 2359 10215 2360
f 2358 10217 10216
f 2358 10216 2359
f 2357 10218 10217
f 2357 10217 2358
f 2356 10219 10218
f 2356 10218 2357
f 2355 10220 10219
f 2355 10219 2356
f 2354 10220 2355
f 2354 10221 10220
f 2353 10221 2354
f 2353 10222 10221
f 2352 10222 2353
f 2352 10223 10222
f 2351 10223 2352
f 2351 10224 10223
f 2350 10224 2351
f 2350 10225 10224
f 2349 10225 2350
f 2349 10226 10225
f 2348 10226 2349
f 2348 10227 10226
f 2347 10227 2348
f 2347 10228 10227
f 2347 10208 10228
f 2346 10208 2347
f 2387 10187 2367
f 2387 10188 10187
f 2386 10189 10188
f 2386 10188 2387
f 2385 10190 10189
f 2385 10189 2386
f 2384 10191 10190
f 2384 10190 2385
f 2383 10192 10191
f 2383 10191 2384
f 2382 10193 10192
f 2382 10192 2383
f 2381 10194 10193
f 2381 10193 2382
f 2380 10195 10194
f 2380 10194 2381
f 2379 10196 10195
f 2379 10195 2380
f 2378 10197 10196
f 2378 10196 2379
f 2377 10198 10197
f 2377 10197 2378
f 2376 10199 10198
f 2376 10198 2377
f 2375 10199 2376
f 2375 10200 10199
f 2374 10200 2375
f 2374 10201 10200
f 2373 10201 2374
f 2373 10202 10201
f 2372 10202 2373
f 2372 10203 10202
f 2371 10203 2372
f 2371 10204 10203
f 2370 10204 2371
f 2370 10205 10204
f 2369 10205 2370
f 2369 10206 10205
f 2368 10206 2369
f 2368 10207 10206
f 2368 10187 10207
f 2367 10187 2368
f 2408 10166 2388
f 2408 10167 10166
f 2407 10168 10167
f 2407 10167 2408
f 2406 10169 10168
f 2406 10168 2407
f 2405 10170 10169
f 2405 10169 2406
f 2404 10171 10170
f 2404 10170 2405
f 2403 10172 10171
f 2403 10171 2404
f 2402 10173 10172
f 2402 10172 2403
f 2401 10174 10173
f 2401 10173 2402
f 2400 10175 10174
f 2400 10174 2401
f 2399 10176 10175
f 2399 10175 2400
f 2398 10177 10176
f 2398 10176 2399
f 2397 10178 10177
f 2397 10177 2398
f 2396 10178 2397
f 2396 10179 10178
f 2395 10179 2396
f 2395 10180 10179
f 2394 10180 2395
f 2394 10181 10180
f 2393 10181 2394
f 2393 10182 10181
f 2392 10182 2393
f 2392 10183 10182
f 2391 10183 2392
f 2391 10184 10183
f 2390 10184 2391
f 2390 10185 10184
f 2389 10185 2390
f 2389 10186 10185
f 2389 10166 10186
f 2388 10166 2389
f 2429 10145 2409
f 2429 10146 10145
f 2428 10147 10146
f 2428 10146 2429
f 2427 10148 10147
f 2427 10147 2428
f 2426 10149 10148
f 2426 10148 2427
f 2425 10150 10149
f 2425 10149 2426
f 2424 10151 10150
f 2424 10150 2425
f 2423 10152 10151
f 2423 10151 2424
f 2422 10153 10152
f 2422 10152 2423
f 2421 10154 10153
f 2421 10153 2422
f 2420 10155 10154
f 2420 10154 2421
f 2419 10156 10155
f 2419 10155 2420
f 2418 10157 10156
f 2418 10156 2419
f 2417 10157 2418
f 2417 10158 10157
f 2416 10158 2417
f 2416 10159 10158
f 2415 10159 2416
f 2415 10160 10159
f 2414 10160 2415
f 2414 10161 10160
f 2413 10161 2414
f 2413 10162 10161
f 2412 10162 2413
f 2412 10163 10162
f 2411 10163 2412
f 2411 10164 10163
f 2410 10164 2411
f 2410 10165 10164
f 2410 10145 10165
f 2409 10145 2410
f 2450 10124 2430
f 2450 10125 10124
f 2449 10126 10125
f 2449 10125 2450
f 2448 10127 10126
f 2448 10126 2449
f 2447 10128 10127
f 2447 10127 2448
f 2446 10129 10128
f 2446 10128 2447
f 2445 10130 10129
f 2445 10129 2446
f 2444 10131 10130
f 2444 10130 2445
f 2443 10132 10131
f 2443 10131 2444
f 2442 10133 10132
f 2442 10132 2443
f 2441 10134 10133
f 2441 10133 2442
f 2440 10135 10134
f 2440 10134 2441
f 2439 10136 10135
f 2439 10135 2440
f 2438 10136 2439
f 2438 10137 10136
f 2437 10137 2438
f 2437 10138 10137
f 2436 10138 2437
f 2436 10139 10138
f 2435 10139 2436
f 2435 10140 10139
f 2434 10140 2435
f 2434 10141 10140
f 2433 10141 2434
f 2433 10142 10141
f 2432 10142 2433
f 2432 10143 10142
f 2431 10143 2432
f 2431 10144 10143
f 2431 10124 10144
f 2430 10124 2431
f 2471 10103 2451
f 2471 10104 10103
f 2470 10105 10104
f 2470 10104 2471
f 2469 10106 10105
f 2469 10105 2470
f 2468 10107 10106
f 2468 10106 2469
f 2467 10108 10107
f 2467 10107 2468
f 2466 10109 10108
f 2466 10108 2467
f 2465 10110 10109
f 2465 10109 2466
f 2464 10111 10110
f 2464 10110 2465
f 2463 10112 10111
f 2463 10111 2464
f 2462 10113 10112
f 2462 10112 2463
f 2461 10114 10113
f 2461 10113 2462
f 2460 10115 10114
f 2460 10114 2461
f 2459 10115 2460
f 2459 10116 10115
f 2458 10116 2459
f 2458 10117 10116
f 2457 10117 2458
f 2457 10118 10117
f 2456 10118 2457
f 2456 10119 10118
f 2455 10119 2456
f 2455 10120 10119
f 2454 10120 2455
f 2454 10121 10120
f 2453 10121 2454
f 2453 10122 10121
f 2452 10122 2453
f 2452 10123 10122
f 2452 10103 10123
f 2451 10103 2452
f 2492 10082 2472
f 2492 10083 10082
f 2491 10084 10083
f 2491 10083 2492
f 2490 10085 10084
f 2490 10084 2491
f 2489 10086 10085
f 2489 10085 2490
f 2488 10087 10086
f 2488 10086 2489
f 2487 10088 10087
f 2487 10087 2488
f 2486 10089 10088
f 2486 10088 2487
f 2485 10090 10089
f 2485 10089 2486
f 2484 10091 10090
f 2484 10090 2485
f 2483 10092 10091
f 2483 10091 2484
f 2482 10093 10092
f 2482 10092 2483
f 2481 10094 10093
f 2481 10093 2482
f 2480 10094 2481
f 2480 10095 10094
f 2479 10095 2480
f 2479 10096 10095
f 2478 10096 2479
f 2478 10097 10096
f 2477 10097 2478
f 2477 10098 10097
f 2476 10098 2477
f 2476 10099 10098
f 2475 10099 2476
f 2475 10100 10099
f 2474 10100 2475
f 2474 10101 10100
f 2473 10101 2474
f 2473 10102 10101
f 2472 10102 2473
f 2472 10082 10102
f 2513 10061 2493
f 2513 10062 10061
f 2512 10063 10062
f 2512 10062 2513
f 2511 10064 10063
f 2511 10063 2512
f 2510 10065 10064
f 2510 10064 2511
f 2509 10066 10065
f 2509 10065 2510
f 2508 10067 10066
f 2508 10066 2509
f 2507 10068 10067
f 2507 10067 2508
f 2506 10069 10068
f 2506 10068 2507
f 2505 10070 10069
f 2505 10069 2506
f 2504 10071 10070
f 2504 10070 2505
f 2503 10072 10071
f 2503 10071 2504
f 2502 10073 10072
f 2502 10072 2503
f 2501 10073 2502
f 2501 10074 10073
f 2500 10074 2501
f 2500 10075 10074
f 2499 10075 2500
f 2499 10076 10075
f 2498 10076 2499
f 2498 10077 10076
f 2497 10077 2498
f 2497 10078 10077
f 2496 10078 2497
f 2496 10079 10078
f 2495 10079 2496
f 2495 10080 10079
f 2494 10080 2495
f 2494 10081 10080
f 2494 10061 10081
f 2493 10061 2494
f 2534 10040 2514
f 2534 10041 10040
f 2533 10042 10041
f 2533 10041 2534
f 2532 10043 10042
f 2532 10042 2533
f 2531 10044 10043
f 2531 10043 2532
f 2530 10045 10044
f 2530 10044 2531
f 2529 10046 10045
f 2529 10045 2530
f 2528 10047 10046
f 2528 10046 2529
f 2527 10048 10047
f 2527 10047 2528
f 2526 10049 10048
f 2526 10048 2527
f 2525 10050 10049
f 2525 10049 2526
f 2524 10051 10050
f 2524 10050 2525
f 2523 10052 10051
f 2523 10051 2524
f 2522 10052 2523
f 2522 10053 10052
f 2521 10053 2522
f 2521 10054 10053
f 2520 10054 2521
f 2520 10055 10054
f 2519 10055 2520
f 2519 10056 10055
f 2518 10056 2519
f 2518 10057 10056
f 2517 10057 2518
f 2517 10058 10057
f 2516 10058 2517
f 2516 10059 10058
f 2515 10059 2516
f 2515 10060 10059
f 2515 10040 10060
f 2514 10040 2515
f 2555 10019 2535
f 2555 10020 10019
f 2554 10021 10020
f 2554 10020 2555
f 2553 10022 10021
f 2553 10021 2554
f 2552 10023 10022
f 2552 10022 2553
f 2551 10024 10023
f 2551 10023 2552
f 2550 10025 10024
f 2550 10024 2551
f 2549 10026 10025
f 2549 10025 2550
f 2548 10027 10026
f 2548 10026 2549
f 2547 10028 10027
f 2547 10027 2548
f 2546 10029 10028
f 2546 10028 2547
f 2545 10030 10029
f 2545 10029 2546
f 2544 10031 10030
f 2544 10030 2545
f 2543 10031 2544
f 2543 10032 10031
f 2542 10032 2543
f 2542 10033 10032
f 2541 10033 2542
f 2541 10034 10033
f 2540 10034 2541
f 2540 10035 10034
f 2539 10035 2540
f 2539 10036 10035
f 2538 10036 2539
f 2538 10037 10036
f 2537 10037 2538
f 2537 10038 10037
f 2536 10038 2537
f 2536 10039 10038
f 2536 10019 10039
f 2535 10019 2536
f 2576 9998 2556
f 2576 9999 9998
f 2575 10000 9999
f 2575 9999 2576
f 2574 10001 10000
f 2574 10000 2575
f 2573 10002 10001
f 2573 10001 2574
f 2572 10003 10002
f 2572 10002 2573
f 2571 10004 10003
f 2571 10003 2572
f 2570 10005 10004
f 2570 10004 2571
f 2569 10006 10005
f 2569 10005 2570
f 2568 10007 10006
f 2568 10006 2569
f 2567 10008 10007
f 2567 10007 2568
f 2566 10009 10008
f 2566 10008 2567
f 2565 10010 10009
f 2565 10009 2566
f 2564 10010 2565
f 2564 10011 10010
f 2563 10011 2564
f 2563 10012 10011
f 2562 10012 2563
f 2562 10013 10012
f 2561 10013 2562
f 2561 10014 10013
f 2560 10014 2561
f 2560 10015 10014
f 2559 10015 2560
f 2559 10016 10015
f 2558 10016 2559
f 2558 10017 10016
f 2557 10017 2558
f 2557 10018 10017
f 2557 9998 10018
f 2556 9998 2557
f 2597 9977 2577
f 2597 9978 9977
f 2596 9979 9978
f 2596 9978 2597
f 2595 9980 9979
f 2595 9979 2596
f 2594 9981 9980
f 2594 9980 2595
f 2593 9982 9981
f 2593 9981 2594
f 2592 9983 9982
f 2592 9982 2593
f 2591 9984 9983
f 2591 9983 2592
f 2590 9985 9984
f 2590 9984 2591
f 2589 9986 9985
f 2589 9985 2590
f 2588 9987 9986
f 2588 9986 2589
f 2587 9988 9987
f 2587 9987 2588
f 2586 9989 9988
f 2586 9988 2587
f 2585 9989 2586
f 2585 9990 9989
f 2584 9990 2585
f 2584 9991 9990
f 2583 9991 2584
f 2583 9992 9991
f 2582 9992 2583
f 2582 9993 9992
f 2581 9993 2582
f 2581 9994 9993
f 2580 9994 2581
f 2580 9995 9994
f 2579 9995 2580
f 2579 9996 9995
f 2578 9996 2579
f 2578 9997 9996
f 2578 9977 9997
f 2577 9977 2578
f 2618 9956 2598
f 2618 9957 9956
f 2617 9958 9957
f 2617 9957 2618
f 2616 9959 9958
f 2616 9958 2617
f 2615 9960 9959
f 2615 9959 2616
f 2614 9961 9960
f 2614 9960 2615
f 2613 9962 9961
f 2613 9961 2614
f 2612 9963 9962
f 2612 9962 2613
f 2611 9964 9963
f 2611 9963 2612
f 2610 9965 9964
f 2610 9964 2611
f 2609 9966 9965
f 2609 9965 2610
f 2608 9967 9966
f 2608 9966 2609
f 2607 9968 9967
f 2607 9967 2608
f 2606 9968 2607
f 2606 9969 9968
f 2605 9969 2606
f 2605 9970 9969
f 2604 9970 2605
f 2604 9971 9970
f 2603 9971 2604
f 2603 9972 9971
f 2602 9972 2603
f 2602 9973 9972
f 2601 9973 2602
f 2601 9974 9973
f 2600 9974 2601
f 2600 9975 9974
f 2599 9975 2600
f 2599 9976 9975
f 2599 9956 9976
f 2598 9956 2599
f 7322 8381 7302
f 7322 8382 8381
f 7321 8383 8382
f 7321 8382 7322
f 7320 8384 8383
f 7320 8383 7321
f 7319 8385 8384
f 7319 8384 7320
f 7318 8386 8385
f 7318 8385 7319
f 7317 8387 8386
f 7317 8386 7318
f 7316 8388 8387
f 7316 8387 7317
f 7315 8389 8388
f 7315 8388 7316
f 7314 8390 8389
f 7314 8389 7315
f 7313 8391 8390
f 7313 8390 7314
f 7312 8392 8391
f 7312 8391 7313
f 7311 8393 8392
f 7311 8392 7312
f 7310 8393 7311
f 7310 8394 8393
f 7309 8394 7310
f 7309 8395 8394
f 7308 8395 7309
f 7308 8396 8395
f 7307 8396 7308
f 7307 8397 8396
f 7306 8397 7307
f 7306 8398 8397
f 7305 8398 7306
f 7305 8399 8398
f 7304 8399 7305
f 7304 8400 8399
f 7303 8400 7304
f 7303 8401 8400
f 7303 8381 8401
f 7302 8381 7303
f 2639 9935 2619
f 2639 9936 9935
f 2638 9937 9936
f 2638 9936 2639
f 2637 9938 9937
f 2637 9937 2638
f 2636 9939 9938
f 2636 9938 2637
f 2635 9940 9939
f 2635 9939 2636
f 2634 9941 9940
f 2634 9940 2635
f 2633 9942 9941
f 2633 9941 2634
f 2632 9943 9942
f 2632 9942 2633
f 2631 9944 9943
f 2631 9943 2632
f 2630 9945 9944
f 2630 9944 2631
f 2629 9946 9945
f 2629 9945 2630
f 2628 9947 9946
f 2628 9946 2629
f 2627 9947 2628
f 2627 9948 9947
f 2626 9948 2627
f 2626 9949 9948
f 2625 9949 2626
f 2625 9950 9949
f 2624 9950 2625
f 2624 9951 9950
f 2623 9951 2624
f 2623 9952 9951
f 2622 9952 2623
f 2622 9953 9952
f 2621 9953 2622
f 2621 9954 9953
f 2620 9954 2621
f 2620 9955 9954
f 2619 9955 2620
f 2619 9935 9955
f 2660 9914 2640
f 2660 9915 9914
f 2659 9916 9915
f 2659 9915 2660
f 2658 9917 9916
f 2658 9916 2659
f 2657 9918 9917
f 2657 9917 2658
f 2656 9919 9918
f 2656 9918 2657
f 2655 9920 9919
f 2655 9919 2656
f 2654 9921 9920
f 2654 9920 2655
f 2653 9922 9921
f 2653 9921 2654
f 2652 9923 9922
f 2652 9922 2653
f 2651 9924 9923
f 2651 9923 2652
f 2650 9925 9924
f 2650 9924 2651
f 2649 9926 9925
f 2649 9925 2650
f 2648 9926 2649
f 2648 9927 9926
f 2647 9927 2648
f 2647 9928 9927
f 2646 9928 2647
f 2646 9929 9928
f 2645 9929 2646
f 2645 9930 9929
f 2644 9930 2645
f 2644 9931 9930
f 2643 9931 2644
f 2643 9932 9931
f 2642 9932 2643
f 2642 9933 9932
f 2641 9933 2642
f 2641 9934 9933
f 2641 9914 9934
f 2640 9914 2641
f 2681 9893 2661
f 2681 9894 9893
f 2680 9895 9894
f 2680 9894 2681
f 2679 9896 9895
f 2679 9895 2680
f 2678 9897 9896
f 2678 9896 2679
f 2677 9898 9897
f 2677 9897 2678
f 2676 9899 9898
f 2676 9898 2677
f 2675 9900 9899
f 2675 9899 2676
f 2674 9901 9900
f 2674 9900 2675
f 2673 9902 9901
f 2673 9901 2674
f 2672 9903 9902
f 2672 9902 2673
f 2671 9904 9903
f 2671 9903 2672
f 2670 9905 9904
f 2670 9904 2671
f 2669 9905 2670
f 2669 9906 9905
f 2668 9906 2669
f 2668 9907 9906
f 2667 9907 2668
f 2667 9908 9907
f 2666 9908 2667
f 2666 9909 9908
f 2665 9909 2666
f 2665 9910 9909
f 2664 9910 2665
f 2664 9911 9910
f 2663 9911 2664
f 2663 9912 9911
f 2662 9912 2663
f 2662 9913 9912
f 2662 9893 9913
f 2661 9893 2662
f 2702 9872 2682
f 2702 9873 9872
f 2701 9874 9873
f 2701 9873 2702
f 2700 9875 9874
f 2700 9874 2701
f 2699 9876 9875
f 2699 9875 2700
f 2698 9877 9876
f 2698 9876 2699
f 2697 9878 9877
f 2697 9877 2698
f 2696 9879 9878
f 2696 9878 2697
f 2695 9880 9879
f 2695 9879 2696
f 2694 9881 9880
f 2694 9880 2695
f 2693 9882 9881
f 2693 9881 2694
f 2692 9883 9882
f 2692 9882 2693
f 2691 9884 9883
f 2691 9883 2692
f 2690 9884 2691
f 2690 9885 9884
f 2689 9885 2690
f 2689 9886 9885
f 2688 9886 2689
f 2688 9887 9886
f 2687 9887 2688
f 2687 9888 9887
f 2686 9888 2687
f 2686 9889 9888
f 2685 9889 2686
f 2685 9890 9889
f 2684 9890 2685
f 2684 9891 9890
f 2683 9891 2684
f 2683 9892 9891
f 2683 9872 9892
f 2682 9872 2683
f 2723 9851 2703
f 2723 9852 9851
f 2722 9853 9852
f 2722 9852 2723
f 2721 9854 9853
f 2721 9853 2722
f 2720 9855 9854
f 2720 9854 2721
f 2719 9856 9855
f 2719 9855 2720
f 2718 9857 9856
f 2718 9856 2719
f 2717 9858 9857
f 2717 9857 2718
f 2716 9859 9858
f 2716 9858 2717
f 2715 9860 9859
f 2715 9859 2716
f 2714 9861 9860
f 2714 9860 2715
f 2713 9862 9861
f 2713 9861 2714
f 2712 9863 9862
f 2712 9862 2713
f 2711 9863 2712
f 2711 9864 9863
f 2710 9864 2711
f 2710 9865 9864
f 2709 9865 2710
f 2709 9866 9865
f 2708 9866 2709
f 2708 9867 9866
f 2707 9867 2708
f 2707 9868 9867
f 2706 9868 2707
f 2706 9869 9868
f 2705 9869 2706
f 2705 9870 9869
f 2704 9870 2705
f 2704 9871 9870
f 2704 9851 9871
f 2703 9851 2704
f 2744 9830 2724
f 2744 9831 9830
f 2743 9832 9831
f 2743 9831 2744
f 2742 9833 9832
f 2742 9832 2743
f 2741 9834 9833
f 2741 9833 2742
f 2740 9835 9834
f 2740 9834 2741
f 2739 9836 9835
f 2739 9835 2740
f 2738 9837 9836
f 2738 9836 2739
f 2737 9838 9837
f 2737 9837 2738
f 2736 9839 9838
f 2736 9838 2737
f 2735 9840 9839
f 2735 9839 2736
f 2734 9841 9840
f 2734 9840 2735
f 2733 9842 9841
f 2733 9841 2734
f 2732 9842 2733
f 2732 9843 9842
f 2731 9843 2732
f 2731 9844 9843
f 2730 9844 2731
f 2730 9845 9844
f 2729 9845 2730
f 2729 9846 9845
f 2728 9846 2729
f 2728 9847 9846
f 2727 9847 2728
f 2727 9848 9847
f 2726 9848 2727
f 2726 9849 9848
f 2725 9849 2726
f 2725 9850 9849
f 2725 9830 9850
f 2724 9830 2725
f 2765 9809 2745
f 2765 9810 9809
f 2764 9811 9810
f 2764 9810 2765
f 2763 9812 9811
f 2763 9811 2764
f 2762 9813 9812
f 2762 9812 2763
f 2761 9814 9813
f 2761 9813 2762
f 2760 9815 9814
f 2760 9814 2761
f 2759 9816 9815
f 2759 9815 2760
f 2758 9817 9816
f 2758 9816 2759
f 2757 9818 9817
f 2757 9817 2758
f 2756 9819 9818
f 2756 9818 2757
f 2755 9820 9819
f 2755 9819 2756
f 2754 9821 9820
f 2754 9820 2755
f 2753 9821 2754
f 2753 9822 9821
f 2752 9822 2753
f 2752 9823 9822
f 2751 9823 2752
f 2751 9824 9823
f 2750 9824 2751
f 2750 9825 9824
f 2749 9825 2750
f 2749 9826 9825
f 2748 9826 2749
f 2748 9827 9826
f 2747 9827 2748
f 2747 9828 9827
f 2746 9828 2747
f 2746 9829 9828
f 2746 9809 9829
f 2745 9809 2746
f 2786 9788 2766
f 2786 9789 9788
f 2785 9790 9789
f 2785 9789 2786
f 2784 9791 9790
f 2784 9790 2785
f 2783 9792 9791
f 2783 9791 2784
f 2782 9793 9792
f 2782 9792 2783
f 2781 9794 9793
f 2781 9793 2782
f 2780 9795 9794
f 2780 9794 2781
f 2779 9796 9795
f 2779 9795 2780
f 2778 9797 9796
f 2778 9796 2779
f 2777 9798 9797
f 2777 9797 2778
f 2776 9799 9798
f 2776 9798 2777
f 2775 9800 9799
f 2775 9799 2776
f 2774 9800 2775
f 2774 9801 9800
f 2773 9801 2774
f 2773 9802 9801
f 2772 9802 2773
f 2772 9803 9802
f 2771 9803 2772
f 2771 9804 9803
f 2770 9804 2771
f 2770 9805 9804
f 2769 9805 2770
f 2769 9806 9805
f 2768 9806 2769
f 2768 9807 9806
f 2767 9807 2768
f 2767 9808 9807
f 2766 9808 2767
f 2766 9788 9808
f 2807 9767 2787
f 2807 9768 9767
f 2806 9769 9768
f 2806 9768 2807
f 2805 9770 9769
f 2805 9769 2806
f 2804 9771 9770
f 2804 9770 2805
f 2803 9772 9771
f 2803 9771 2804
f 2802 9773 9772
f 2802 9772 2803
f 2801 9774 9773
f 2801 9773 2802
f 2800 9775 9774
f 2800 9774 2801
f 2799 9776 9775
f 2799 9775 2800
f 2798 9777 9776
f 2798 9776 2799
f 2797 9778 9777
f 2797 9777 2798
f 2796 9779 9778
f 2796 9778 2797
f 2795 9779 2796
f 2795 9780 9779
f 2794 9780 2795
f 2794 9781 9780
f 2793 9781 2794
f 2793 9782 9781
f 2792 9782 2793
f 2792 9783 9782
f 2791 9783 2792
f 2791 9784 9783
f 2790 9784 2791
f 2790 9785 9784
f 2789 9785 2790
f 2789 9786 9785
f 2788 9786 2789
f 2788 9787 9786
f 2788 9767 9787
f 2787 9767 2788
f 2828 9746 2808
f 2828 9747 9746
f 2827 9748 9747
f 2827 9747 2828
f 2826 9749 9748
f 2826 9748 2827
f 2825 9750 9749
f 2825 9749 2826
f 2824 9751 9750
f 2824 9750 2825
f 2823 9752 9751
f 2823 9751 2824
f 2822 9753 9752
f 2822 9752 2823
f 2821 9754 9753
f 2821 9753 2822
f 2820 9755 9754
f 2820 9754 2821
f 2819 9756 9755
f 2819 9755 2820
f 2818 9757 9756
f 2818 9756 2819
f 2817 9758 9757
f 2817 9757 2818
f 2816 9758 2817
f 2816 9759 9758
f 2815 9759 2816
f 2815 9760 9759
f 2814 9760 2815
f 2814 9761 9760
f 2813 9761 2814
f 2813 9762 9761
f 2812 9762 2813
f 2812 9763 9762
f 2811 9763 2812
f 2811 9764 9763
f 2810 9764 2811
f 2810 9765 9764
f 2809 9765 2810
f 2809 9766 9765
f 2809 9746 9766
f 2808 9746 2809
f 2849 9725 2829
f 2849 9726 9725
f 2848 9727 9726
f 2848 9726 2849
f 2847 9728 9727
f 2847 9727 2848
f 2846 9729 9728
f 2846 9728 2847
f 2845 9730 9729
f 2845 9729 2846
f 2844 9731 9730
f 2844 9730 2845
f 2843 9732 9731
f 2843 9731 2844
f 2842 9733 9732
f 2842 9732 2843
f 2841 9734 9733
f 2841 9733 2842
f 2840 9735 9734
f 2840 9734 2841
f 2839 9736 9735
f 2839 9735 2840
f 2838 9737 9736
f 2838 9736 2839
f 2837 9737 2838
f 2837 9738 9737
f 2836 9738 2837
f 2836 9739 9738
f 2835 9739 2836
f 2835 9740 9739
f 2834 9740 2835
f 2834 9741 9740
f 2833 9741 2834
f 2833 9742 9741
f 2832 9742 2833
f 2832 9743 9742
f 2831 9743 2832
f 2831 9744 9743
f 2830 9744 2831
f 2830 9745 9744
f 2830 9725 9745
f 2829 9725 2830
f 2870 9704 2850
f 2870 9705 9704
f 2869 9706 9705
f 2869 9705 2870
f 2868 9707 9706
f 2868 9706 2869
f 2867 9708 9707
f 2867 9707 2868
f 2866 9709 9708
f 2866 9708 2867
f 2865 9710 9709
f 2865 9709 2866
f 2864 9711 9710
f 2864 9710 2865
f 2863 9712 9711
f 2863 9711 2864
f 2862 9713 9712
f 2862 9712 2863
f 2861 9714 9713
f 2861 9713 2862
f 2860 9715 9714
f 2860 9714 2861
f 2859 9716 9715
f 2859 9715 2860
f 2858 9716 2859
f 2858 9717 9716
f 2857 9717 2858
f 2857 9718 9717
f 2856 9718 2857
f 2856 9719 9718
f 2855 9719 2856
f 2855 9720 9719
f 2854 9720 2855
f 2854 9721 9720
f 2853 9721 2854
f 2853 9722 9721
f 2852 9722 2853
f 2852 9723 9722
f 2851 9723 2852
f 2851 9724 9723
f 2851 9704 9724
f 2850 9704 2851
f 2891 9683 2871
f 2891 9684 9683
f 2890 9685 9684
f 2890 9684 2891
f 2889 9686 9685
f 2889 9685 2890
f 2888 9687 9686
f 2888 9686 2889
f 2887 9688 9687
f 2887 9687 2888
f 2886 9689 9688
f 2886 9688 2887
f 2885 9690 9689
f 2885 9689 2886
f 2884 9691 9690
f 2884 9690 2885
f 2883 9692 9691
f 2883 9691 2884
f 2882 9693 9692
f 2882 9692 2883
f 2881 9694 9693
f 2881 9693 2882
f 2880 9695 9694
f 2880 9694 2881
f 2879 9695 2880
f 2879 9696 9695
f 2878 9696 2879
f 2878 9697 9696
f 2877 9697 2878
f 2877 9698 9697
f 2876 9698 2877
f 2876 9699 9698
f 2875 9699 2876
f 2875 9700 9699
f 2874 9700 2875
f 2874 9701 9700
f 2873 9701 2874
f 2873 9702 9701
f 2872 9702 2873
f 2872 9703 9702
f 2872 9683 9703
f 2871 9683 2872
f 2912 9662 2892
f 2912 9663 9662
f 2911 9664 9663
f 2911 9663 2912
f 2910 9665 9664
f 2910 9664 2911
f 2909 9666 9665
f 2909 9665 2910
f 2908 9667 9666
f 2908 9666 2909
f 2907 9668 9667
f 2907 9667 2908
f 2906 9669 9668
f 2906 9668 2907
f 2905 9670 9669
f 2905 9669 2906
f 2904 9671 9670
f 2904 9670 2905
f 2903 9672 9671
f 2903 9671 2904
f 2902 9673 9672
f 2902 9672 2903
f 2901 9674 9673
f 2901 9673 2902
f 2900 9674 2901
f 2900 9675 9674
f 2899 9675 2900
f 2899 9676 9675
f 2898 9676 2899
f 2898 9677 9676
f 2897 9677 2898
f 2897 9678 9677
f 2896 9678 2897
f 2896 9679 9678
f 2895 9679 2896
f 2895 9680 9679
f 2894 9680 2895
f 2894 9681 9680
f 2893 9681 2894
f 2893 9682 9681
f 2892 9682 2893
f 2892 9662 9682
f 2933 9641 2913
f 2933 9642 9641
f 2932 9643 9642
f 2932 9642 2933
f 2931 9644 9643
f 2931 9643 2932
f 2930 9645 9644
f 2930 9644 2931
f 2929 9646 9645
f 2929 9645 2930
f 2928 9647 9646
f 2928 9646 2929
f 2927 9648 9647
f 2927 9647 2928
f 2926 9649 9648
f 2926 9648 2927
f 2925 9650 9649
f 2925 9649 2926
f 2924 9651 9650
f 2924 9650 2925
f 2923 9652 9651
f 2923 9651 2924
f 2922 9653 9652
f 2922 9652 2923
f 2921 9653 2922
f 2921 9654 9653
f 2920 9654 2921
f 2920 9655 9654
f 2919 9655 2920
f 2919 9656 9655
f 2918 9656 2919
f 2918 9657 9656
f 2917 9657 2918
f 2917 9658 9657
f 2916 9658 2917
f 2916 9659 9658
f 2915 9659 2916
f 2915 9660 9659
f 2914 9660 2915
f 2914 9661 9660
f 2914 9641 9661
f 2913 9641 2914
f 2954 9620 2934
f 2954 9621 9620
f 2953 9622 9621
f 2953 9621 2954
f 2952 9623 9622
f 2952 9622 2953
f 2951 9624 9623
f 2951 9623 2952
f 2950 9625 9624
f 2950 9624 2951
f 2949 9626 9625
f 2949 9625 2950
f 2948 9627 9626
f 2948 9626 2949
f 2947 9628 9627
f 2947 9627 2948
f 2946 9629 9628
f 2946 9628 2947
f 2945 9630 9629
f 2945 9629 2946
f 2944 9631 9630
f 2944 9630 2945
f 2943 9632 9631
f 2943 9631 2944
f 2942 9632 2943
f 2942 9633 9632
f 2941 9633 2942
f 2941 9634 9633
f 2940 9634 2941
f 2940 9635 9634
f 2939 9635 2940
f 2939 9636 9635
f 2938 9636 2939
f 2938 9637 9636
f 2937 9637 2938
f 2937 9638 9637
f 2936 9638 2937
f 2936 9639 9638
f 2935 9639 2936
f 2935 9640 9639
f 2935 9620 9640
f 2934 9620 2935
f 2975 9599 2955
f 2975 9600 9599
f 2974 9601 9600
f 2974 9600 2975
f 2973 9602 9601
f 2973 9601 2974
f 2972 9603 9602
f 2972 9602 2973
f 2971 9604 9603
f 2971 9603 2972
f 2970 9605 9604
f 2970 9604 2971
f 2969 9606 9605
f 2969 9605 2970
f 2968 9607 9606
f 2968 9606 2969
f 2967 9608 9607
f 2967 9607 2968
f 2966 9609 9608
f 2966 9608 2967
f 2965 9610 9609
f 2965 9609 2966
f 2964 9611 9610
f 2964 9610 2965
f 2963 9611 2964
f 2963 9612 9611
f 2962 9612 2963
f 2962 9613 9612
f 2961 9613 2962
f 2961 9614 9613
f 2960 9614 2961
f 2960 9615 9614
f 2959 9615 2960
f 2959 9616 9615
f 2958 9616 2959
f 2958 9617 9616
f 2957 9617 2958
f 2957 9618 9617
f 2956 9618 2957
f 2956 9619 9618
f 2956 9599 9619
f 2955 9599 2956
f 2996 9578 2976
f 2996 9579 9578
f 2995 9580 9579
f 2995 9579 2996
f 2994 9581 9580
f 2994 9580 2995
f 2993 9582 9581
f 2993 9581 2994
f 2992 9583 9582
f 2992 9582 2993
f 2991 9584 9583
f 2991 9583 2992
f 2990 9585 9584
f 2990 9584 2991
f 2989 9586 9585
f 2989 9585 2990
f 2988 9587 9586
f 2988 9586 2989
f 2987 9588 9587
f 2987 9587 2988
f 2986 9589 9588
f 2986 9588 2987
f 2985 9590 9589
f 2985 9589 2986
f 2984 9590 2985
f 2984 9591 9590
f 2983 9591 2984
f 2983 9592 9591
f 2982 9592 2983
f 2982 9593 9592
f 2981 9593 2982
f 2981 9594 9593
f 2980 9594 2981
f 2980 9595 9594
f 2979 9595 2980
f 2979 9596 9595
f 2978 9596 2979
f 2978 9597 9596
f 2977 9597 2978
f 2977 9598 9597
f 2977 9578 9598
f 2976 9578 2977
f 3017 9557 2997
f 3017 9558 9557
f 3016 9559 9558
f 3016 9558 3017
f 3015 9560 9559
f 3015 9559 3016
f 3014 9561 9560
f 3014 9560 3015
f 3013 9562 9561
f 3013 9561 3014
f 3012 9563 9562
f 3012 9562 3013
f 3011 9564 9563
f 3011 9563 3012
f 3010 9565 9564
f 3010 9564 3011
f 3009 9566 9565
f 3009 9565 3010
f 3008 9567 9566
f 3008 9566 3009
f 3007 9568 9567
f 3007 9567 3008
f 3006 9569 9568
f 3006 9568 3007
f 3005 9569 3006
f 3005 9570 9569
f 3004 9570 3005
f 3004 9571 9570
f 3003 9571 3004
f 3003 9572 9571
f 3002 9572 3003
f 3002 9573 9572
f 3001 9573 3002
f 3001 9574 9573
f 3000 9574 3001
f 3000 9575 9574
f 2999 9575 3000
f 2999 9576 9575
f 2998 9576 2999
f 2998 9577 9576
f 2998 9557 9577
f 2997 9557 2998
f 3038 9536 3018
f 3038 9537 9536
f 3037 9538 9537
f 3037 9537 3038
f 3036 9539 9538
f 3036 9538 3037
f 3035 9540 9539
f 3035 9539 3036
f 3034 9541 9540
f 3034 9540 3035
f 3033 9542 9541
f 3033 9541 3034
f 3032 9543 9542
f 3032 9542 3033
f 3031 9544 9543
f 3031 9543 3032
f 3030 9545 9544
f 3030 9544 3031
f 3029 9546 9545
f 3029 9545 3030
f 3028 9547 9546
f 3028 9546 3029
f 3027 9548 9547
f 3027 9547 3028
f 3026 9548 3027
f 3026 9549 9548
f 3025 9549 3026
f 3025 9550 9549
f 3024 9550 3025
f 3024 9551 9550
f 3023 9551 3024
f 3023 9552 9551
f 3022 9552 3023
f 3022 9553 9552
f 3021 9553 3022
f 3021 9554 9553
f 3020 9554 3021
f 3020 9555 9554
f 3019 9555 3020
f 3019 9556 9555
f 3018 9556 3019
f 3018 9536 9556
f 3059 9515 3039
f 3059 9516 9515
f 3058 9517 9516
f 3058 9516 3059
f 3057 9518 9517
f 3057 9517 3058
f 3056 9519 9518
f 3056 9518 3057
f 3055 9520 9519
f 3055 9519 3056
f 3054 9521 9520
f 3054 9520 3055
f 3053 9522 9521
f 3053 9521 3054
f 3052 9523 9522
f 3052 9522 3053
f 3051 9524 9523
f 3051 9523 3052
f 3050 9525 9524
f 3050 9524 3051
f 3049 9526 9525
f 3049 9525 3050
f 3048 9527 9526
f 3048 9526 3049
f 3047 9527 3048
f 3047 9528 9527
f 3046 9528 3047
f 3046 9529 9528
f 3045 9529 3046
f 3045 9530 9529
f 3044 9530 3045
f 3044 9531 9530
f 3043 9531 3044
f 3043 9532 9531
f 3042 9532 3043
f 3042 9533 9532
f 3041 9533 3042
f 3041 9534 9533
f 3040 9534 3041
f 3040 9535 9534
f 3040 9515 9535
f 3039 9515 3040
f 3080 9494 3060
f 3080 9495 9494
f 3079 9496 9495
f 3079 9495 3080
f 3078 9497 9496
f 3078 9496 3079
f 3077 9498 9497
f 3077 9497 3078
f 3076 9499 9498
f 3076 9498 3077
f 3075 9500 9499
f 3075 9499 3076
f 3074 9501 9500
f 3074 9500 3075
f 3073 9502 9501
f 3073 9501 3074
f 3072 9503 9502
f 3072 9502 3073
f 3071 9504 9503
f 3071 9503 3072
f 3070 9505 9504
f 3070 9504 3071
f 3069 9506 9505
f 3069 9505 3070
f 3068 9506 3069
f 3068 9507 9506
f 3067 9507 3068
f 3067 9508 9507
f 3066 9508 3067
f 3066 9509 9508
f 3065 9509 3066
f 3065 9510 9509
f 3064 9510 3065
f 3064 9511 9510
f 3063 9511 3064
f 3063 9512 9511
f 3062 9512 3063
f 3062 9513 9512
f 3061 9513 3062
f 3061 9514 9513
f 3061 9494 9514
f 3060 9494 3061
f 3101 9473 3081
f 3101 9474 9473
f 3100 9475 9474
f 3100 9474 3101
f 3099 9476 9475
f 3099 9475 3100
f 3098 9477 9476
f 3098 9476 3099
f 3097 9478 9477
f 3097 9477 3098
f 3096 9479 9478
f 3096 9478 3097
f 3095 9480 9479
f 3095 9479 3096
f 3094 9481 9480
f 3094 9480 3095
f 3093 9482 9481
f 3093 9481 3094
f 3092 9483 9482
f 3092 9482 3093
f 3091 9484 9483
f 3091 9483 3092
f 3090 9485 9484
f 3090 9484 3091
f 3089 9485 3090
f 3089 9486 9485
f 3088 9486 3089
f 3088 9487 9486
f 3087 9487 3088
f 3087 9488 9487
f 3086 9488 3087
f 3086 9489 9488
f 3085 9489 3086
f 3085 9490 9489
f 3084 9490 3085
f 3084 9491 9490
f 3083 9491 3084
f 3083 9492 9491
f 3082 9492 3083
f 3082 9493 9492
f 3082 9473 9493
f 3081 9473 3082
f 3122 9452 3102
f 3122 9453 9452
f 3121 9454 9453
f 3121 9453 3122
f 3120 9455 9454
f 3120 9454 3121
f 3119 9456 9455
f 3119 9455 3120
f 3118 9457 9456
f 3118 9456 3119
f 3117 9458 9457
f 3117 9457 3118
f 3116 9459 9458
f 3116 9458 3117
f 3115 9460 9459
f 3115 9459 3116
f 3114 9461 9460
f 3114 9460 3115
f 3113 9462 9461
f 3113 9461 3114
f 3112 9463 9462
f 3112 9462 3113
f 3111 9464 9463
f 3111 9463 3112
f 3110 9464 3111
f 3110 9465 9464
f 3109 9465 3110
f 3109 9466 9465
f 3108 9466 3109
f 3108 9467 9466
f 3107 9467 3108
f 3107 9468 9467
f 3106 9468 3107
f 3106 9469 9468
f 3105 9469 3106
f 3105 9470 9469
f 3104 9470 3105
f 3104 9471 9470
f 3103 9471 3104
f 3103 9472 9471
f 3103 9452 9472
f 3102 9452 3103
f 3143 9431 3123
f 3143 9432 9431
f 3142 9433 9432
f 3142 9432 3143
f 3141 9434 9433
f 3141 9433 3142
f 3140 9435 9434
f 3140 9434 3141
f 3139 9436 9435
f 3139 9435 3140
f 3138 9437 9436
f 3138 9436 3139
f 3137 9438 9437
f 3137 9437 3138
f 3136 9439 9438
f 3136 9438 3137
f 3135 9440 9439
f 3135 9439 3136
f 3134 9441 9440
f 3134 9440 3135
f 3133 9442 9441
f 3133 9441 3134
f 3132 9443 9442
f 3132 9442 3133
f 3131 9443 3132
f 3131 9444 9443
f 3130 9444 3131
f 3130 9445 9444
f 3129 9445 3130
f 3129 9446 9445
f 3128 9446 3129
f 3128 9447 9446
f 3127 9447 3128
f 3127 9448 9447
f 3126 9448 3127
f 3126 9449 9448
f 3125 9449 3126
f 3125 9450 9449
f 3124 9450 3125
f 3124 9451 9450
f 3124 9431 9451
f 3123 9431 3124
f 3164 9410 3144
f 3164 9411 9410
f 3163 9412 9411
f 3163 9411 3164
f 3162 9413 9412
f 3162 9412 3163
f 3161 9414 9413
f 3161 9413 3162
f 3160 9415 9414
f 3160 9414 3161
f 3159 9416 9415
f 3159 9415 3160
f 3158 9417 9416
f 3158 9416 3159
f 3157 9418 9417
f 3157 9417 3158
f 3156 9419 9418
f 3156 9418 3157
f 3155 9420 9419
f 3155 9419 3156
f 3154 9421 9420
f 3154 9420 3155
f 3153 9422 9421
f 3153 9421 3154
f 3152 9422 3153
f 3152 9423 9422
f 3151 9423 3152
f 3151 9424 9423
f 3150 9424 3151
f 3150 9425 9424
f 3149 9425 3150
f 3149 9426 9425
f 3148 9426 3149
f 3148 9427 9426
f 3147 9427 3148
f 3147 9428 9427
f 3146 9428 3147
f 3146 9429 9428
f 3145 9429 3146
f 3145 9430 9429
f 3145 9410 9430
f 3144 9410 3145
f 3185 9389 3165
f 3185 9390 9389
f 3184 9391 9390
f 3184 9390 3185
f 3183 9392 9391
f 3183 9391 3184
f 3182 9393 9392
f 3182 9392 3183
f 3181 9394 9393
f 3181 9393 3182
f 3180 9395 9394
f 3180 9394 3181
f 3179 9396 9395
f 3179 9395 3180
f 3178 9397 9396
f 3178 9396 3179
f 3177 9398 9397
f 3177 9397 3178
f 3176 9399 9398
f 3176 9398 3177
f 3175 9400 9399
f 3175 9399 3176
f 3174 9401 9400
f 3174 9400 3175
f 3173 9401 3174
f 3173 9402 9401
f 3172 9402 3173
f 3172 9403 9402
f 3171 9403 3172
f 3171 9404 9403
f 3170 9404 3171
f 3170 9405 9404
f 3169 9405 3170
f 3169 9406 9405
f 3168 9406 3169
f 3168 9407 9406
f 3167 9407 3168
f 3167 9408 9407
f 3166 9408 3167
f 3166 9409 9408
f 3165 9409 3166
f 3165 9389 9409
f 3206 9368 3186
f 3206 9369 9368
f 3205 9370 9369
f 3205 9369 3206
f 3204 9371 9370
f 3204 9370 3205
f 3203 9372 9371
f 3203 9371 3204
f 3202 9373 9372
f 3202 9372 3203
f 3201 9374 9373
f 3201 9373 3202
f 3200 9375 9374
f 3200 9374 3201
f 3199 9376 9375
f 3199 9375 3200
f 3198 9377 9376
f 3198 9376 3199
f 3197 9378 9377
f 3197 9377 3198
f 3196 9379 9378
f 3196 9378 3197
f 3195 9380 9379
f 3195 9379 3196
f 3194 9380 3195
f 3194 9381 9380
f 3193 9381 3194
f 3193 9382 9381
f 3192 9382 3193
f 3192 9383 9382
f 3191 9383 3192
f 3191 9384 9383
f 3190 9384 3191
f 3190 9385 9384
f 3189 9385 3190
f 3189 9386 9385
f 3188 9386 3189
f 3188 9387 9386
f 3187 9387 3188
f 3187 9388 9387
f 3187 9368 9388
f 3186 9368 3187
f 3227 9347 3207
f 3227 9348 9347
f 3226 9349 9348
f 3226 9348 3227
f 3225 9350 9349
f 3225 9349 3226
f 3224 9351 9350
f 3224 9350 3225
f 3223 9352 9351
f 3223 9351 3224
f 3222 9353 9352
f 3222 9352 3223
f 3221 9354 9353
f 3221 9353 3222
f 3220 9355 9354
f 3220 9354 3221
f 3219 9356 9355
f 3219 9355 3220
f 3218 9357 9356
f 3218 9356 3219
f 3217 9358 9357
f 3217 9357 3218
f 3216 9359 9358
f 3216 9358 3217
f 3215 9359 3216
f 3215 9360 9359
f 3214 9360 3215
f 3214 9361 9360
f 3213 9361 3214
f 3213 9362 9361
f 3212 9362 3213
f 3212 9363 9362
f 3211 9363 3212
f 3211 9364 9363
f 3210 9364 3211
f 3210 9365 9364
f 3209 9365 3210
f 3209 9366 9365
f 3208 9366 3209
f 3208 9367 9366
f 3208 9347 9367
f 3207 9347 3208
f 3248 9326 3228
f 3248 9327 9326
f 3247 9328 9327
f 3247 9327 3248
f 3246 9329 9328
f 3246 9328 3247
f 3245 9330 9329
f 3245 9329 3246
f 3244 9331 9330
f 3244 9330 3245
f 3243 9332 9331
f 3243 9331 3244
f 3242 9333 9332
f 3242 9332 3243
f 3241 9334 9333
f 3241 9333 3242
f 3240 9335 9334
f 3240 9334 3241
f 3239 9336 9335
f 3239 9335 3240
f 3238 9337 9336
f 3238 9336 3239
f 3237 9338 9337
f 3237 9337 3238
f 3236 9338 3237
f 3236 9339 9338
f 3235 9339 3236
f 3235 9340 9339
f 3234 9340 3235
f 3234 9341 9340
f 3233 9341 3234
f 3233 9342 9341
f 3232 9342 3233
f 3232 9343 9342
f 3231 9343 3232
f 3231 9344 9343
f 3230 9344 3231
f 3230 9345 9344
f 3229 9345 3230
f 3229 9346 9345
f 3229 9326 9346
f 3228 9326 3229
f 3269 8423 3249
f 3269 8424 8423
f 3268 8425 8424
f 3268 8424 3269
f 3267 8426 8425
f 3267 8425 3268
f 3266 8427 8426
f 3266 8426 3267
f 3265 8428 8427
f 3265 8427 3266
f 3264 8429 8428
f 3264 8428 3265
f 3263 8430 8429
f 3263 8429 3264
f 3262 8431 8430
f 3262 8430 3263
f 3261 8432 8431
f 3261 8431 3262
f 3260 8433 8432
f 3260 8432 3261
f 3259 8434 8433
f 3259 8433 3260
f 3258 8435 8434
f 3258 8434 3259
f 3257 8435 3258
f 3257 8436 8435
f 3256 8436 3257
f 3256 8437 8436
f 3255 8437 3256
f 3255 8438 8437
f 3254 8438 3255
f 3254 8439 8438
f 3253 8439 3254
f 3253 8440 8439
f 3252 8440 3253
f 3252 8441 8440
f 3251 8441 3252
f 3251 8442 8441
f 3250 8442 3251
f 3250 8443 8442
f 3249 8443 3250
f 3249 8423 8443
f 3290 9305 3270
f 3290 9306 9305
f 3289 9307 9306
f 3289 9306 3290
f 3288 9308 9307
f 3288 9307 3289
f 3287 9309 9308
f 3287 9308 3288
f 3286 9310 9309
f 3286 9309 3287
f 3285 9311 9310
f 3285 9310 3286
f 3284 9312 9311
f 3284 9311 3285
f 3283 9313 9312
f 3283 9312 3284
f 3282 9314 9313
f 3282 9313 3283
f 3281 9315 9314
f 3281 9314 3282
f 3280 9316 9315
f 3280 9315 3281
f 3279 9317 9316
f 3279 9316 3280
f 3278 9317 3279
f 3278 9318 9317
f 3277 9318 3278
f 3277 9319 9318
f 3276 9319 3277
f 3276 9320 9319
f 3275 9320 3276
f 3275 9321 9320
f 3274 9321 3275
f 3274 9322 9321
f 3273 9322 3274
f 3273 9323 9322
f 3272 9323 3273
f 3272 9324 9323
f 3271 9324 3272
f 3271 9325 9324
f 3271 9305 9325
f 3270 9305 3271
f 3311 9284 3291
f 3311 9285 9284
f 3310 9286 9285
f 3310 9285 3311
f 3309 9287 9286
f 3309 9286 3310
f 3308 9288 9287
f 3308 9287 3309
f 3307 9289 9288
f 3307 9288 3308
f 3306 9290 9289
f 3306 9289 3307
f 3305 9291 9290
f 3305 9290 3306
f 3304 9292 9291
f 3304 9291 3305
f 3303 9293 9292
f 3303 9292 3304
f 3302 9294 9293
f 3302 9293 3303
f 3301 9295 9294
f 3301 9294 3302
f 3300 9296 9295
f 3300 9295 3301
f 3299 9296 3300
f 3299 9297 9296
f 3298 9297 3299
f 3298 9298 9297
f 3297 9298 3298
f 3297 9299 9298
f 3296 9299 3297
f 3296 9300 9299
f 3295 9300 3296
f 3295 9301 9300
f 3294 9301 3295
f 3294 9302 9301
f 3293 9302 3294
f 3293 9303 9302
f 3292 9303 3293
f 3292 9304 9303
f 3292 9284 9304
f 3291 9284 3292
f 3332 9263 3312
f 3332 9264 9263
f 3331 9265 9264
f 3331 9264 3332
f 3330 9266 9265
f 3330 9265 3331
f 3329 9267 9266
f 3329 9266 3330
f 3328 9268 9267
f 3328 9267 3329
f 3327 9269 9268
f 3327 9268 3328
f 3326 9270 9269
f 3326 9269 3327
f 3325 9271 9270
f 3325 9270 3326
f 3324 9272 9271
f 3324 9271 3325
f 3323 9273 9272
f 3323 9272 3324
f 3322 9274 9273
f 3322 9273 3323
f 3321 9275 9274
f 3321 9274 3322
f 3320 9275 3321
f 3320 9276 9275
f 3319 9276 3320
f 3319 9277 9276
f 3318 9277 3319
f 3318 9278 9277
f 3317 9278 3318
f 3317 9279 9278
f 3316 9279 3317
f 3316 9280 9279
f 3315 9280 3316
f 3315 9281 9280
f 3314 9281 3315
f 3314 9282 9281
f 3313 9282 3314
f 3313 9283 9282
f 3313 9263 9283
f 3312 9263 3313
f 3353 9242 3333
f 3353 9243 9242
f 3352 9244 9243
f 3352 9243 3353
f 3351 9245 9244
f 3351 9244 3352
f 3350 9246 9245
f 3350 9245 3351
f 3349 9247 9246
f 3349 9246 3350
f 3348 9248 9247
f 3348 9247 3349
f 3347 9249 9248
f 3347 9248 3348
f 3346 9250 9249
f 3346 9249 3347
f 3345 9251 9250
f 3345 9250 3346
f 3344 9252 9251
f 3344 9251 3345
f 3343 9253 9252
f 3343 9252 3344
f 3342 9254 9253
f 3342 9253 3343
f 3341 9254 3342
f 3341 9255 9254
f 3340 9255 3341
f 3340 9256 9255
f 3339 9256 3340
f 3339 9257 9256
f 3338 9257 3339
f 3338 9258 9257
f 3337 9258 3338
f 3337 9259 9258
f 3336 9259 3337
f 3336 9260 9259
f 3335 9260 3336
f 3335 9261 9260
f 3334 9261 3335
f 3334 9262 9261
f 3334 9242 9262
f 3333 9242 3334
f 3374 9221 3354
f 3374 9222 9221
f 3373 9223 9222
f 3373 9222 3374
f 3372 9224 9223
f 3372 9223 3373
f 3371 9225 9224
f 3371 9224 3372
f 3370 9226 9225
f 3370 9225 3371
f 3369 9227 9226
f 3369 9226 3370
f 3368 9228 9227
f 3368 9227 3369
f 3367 9229 9228
f 3367 9228 3368
f 3366 9230 9229
f 3366 9229 3367
f 3365 9231 9230
f 3365 9230 3366
f 3364 9232 9231
f 3364 9231 3365
f 3363 9233 9232
f 3363 9232 3364
f 3362 9233 3363
f 3362 9234 9233
f 3361 9234 3362
f 3361 9235 9234
f 3360 9235 3361
f 3360 9236 9235
f 3359 9236 3360
f 3359 9237 9236
f 3358 9237 3359
f 3358 9238 9237
f 3357 9238 3358
f 3357 9239 9238
f 3356 9239 3357
f 3356 9240 9239
f 3355 9240 3356
f 3355 9241 9240
f 3355 9221 9241
f 3354 9221 3355
f 3395 9200 3375
f 3395 9201 9200
f 3394 9202 9201
f 3394 9201 3395
f 3393 9203 9202
f 3393 9202 3394
f 3392 9204 9203
f 3392 9203 3393
f 3391 9205 9204
f 3391 9204 3392
f 3390 9206 9205
f 3390 9205 3391
f 3389 9207 9206
f 3389 9206 3390
f 3388 9208 9207
f 3388 9207 3389
f 3387 9209 9208
f 3387 9208 3388
f 3386 9210 9209
f 3386 9209 3387
f 3385 9211 9210
f 3385 9210 3386
f 3384 9212 9211
f 3384 9211 3385
f 3383 9212 3384
f 3383 9213 9212
f 3382 9213 3383
f 3382 9214 9213
f 3381 9214 3382
f 3381 9215 9214
f 3380 9215 3381
f 3380 9216 9215
f 3379 9216 3380
f 3379 9217 9216
f 3378 9217 3379
f 3378 9218 9217
f 3377 9218 3378
f 3377 9219 9218
f 3376 9219 3377
f 3376 9220 9219
f 3376 9200 9220
f 3375 9200 3376
f 3416 9179 3396
f 3416 9180 9179
f 3415 9181 9180
f 3415 9180 3416
f 3414 9182 9181
f 3414 9181 3415
f 3413 9183 9182
f 3413 9182 3414
f 3412 9184 9183
f 3412 9183 3413
f 3411 9185 9184
f 3411 9184 3412
f 3410 9186 9185
f 3410 9185 3411
f 3409 9187 9186
f 3409 9186 3410
f 3408 9188 9187
f 3408 9187 3409
f 3407 9189 9188
f 3407 9188 3408
f 3406 9190 9189
f 3406 9189 3407
f 3405 9191 9190
f 3405 9190 3406
f 3404 9191 3405
f 3404 9192 9191
f 3403 9192 3404
f 3403 9193 9192
f 3402 9193 3403
f 3402 9194 9193
f 3401 9194 3402
f 3401 9195 9194
f 3400 9195 3401
f 3400 9196 9195
f 3399 9196 3400
f 3399 9197 9196
f 3398 9197 3399
f 3398 9198 9197
f 3397 9198 3398
f 3397 9199 9198
f 3397 9179 9199
f 3396 9179 3397
f 3437 9158 3417
f 3437 9159 9158
f 3436 9160 9159
f 3436 9159 3437
f 3435 9161 9160
f 3435 9160 3436
f 3434 9162 9161
f 3434 9161 3435
f 3433 9163 9162
f 3433 9162 3434
f 3432 9164 9163
f 3432 9163 3433
f 3431 9165 9164
f 3431 9164 3432
f 3430 9166 9165
f 3430 9165 3431
f 3429 9167 9166
f 3429 9166 3430
f 3428 9168 9167
f 3428 9167 3429
f 3427 9169 9168
f 3427 9168 3428
f 3426 9170 9169
f 3426 9169 3427
f 3425 9170 3426
f 3425 9171 9170
f 3424 9171 3425
f 3424 9172 9171
f 3423 9172 3424
f 3423 9173 9172
f 3422 9173 3423
f 3422 9174 9173
f 3421 9174 3422
f 3421 9175 9174
f 3420 9175 3421
f 3420 9176 9175
f 3419 9176 3420
f 3419 9177 9176
f 3418 9177 3419
f 3418 9178 9177
f 3418 9158 9178
f 3417 9158 3418
f 3458 9137 3438
f 3458 9138 9137
f 3457 9139 9138
f 3457 9138 3458
f 3456 9140 9139
f 3456 9139 3457
f 3455 9141 9140
f 3455 9140 3456
f 3454 9142 9141
f 3454 9141 3455
f 3453 9143 9142
f 3453 9142 3454
f 3452 9144 9143
f 3452 9143 3453
f 3451 9145 9144
f 3451 9144 3452
f 3450 9146 9145
f 3450 9145 3451
f 3449 9147 9146
f 3449 9146 3450
f 3448 9148 9147
f 3448 9147 3449
f 3447 9149 9148
f 3447 9148 3448
f 3446 9149 3447
f 3446 9150 9149
f 3445 9150 3446
f 3445 9151 9150
f 3444 9151 3445
f 3444 9152 9151
f 3443 9152 3444
f 3443 9153 9152
f 3442 9153 3443
f 3442 9154 9153
f 3441 9154 3442
f 3441 9155 9154
f 3440 9155 3441
f 3440 9156 9155
f 3439 9156 3440
f 3439 9157 9156
f 3439 9137 9157
f 3438 9137 3439
f 3479 9116 3459
f 3479 9117 9116
f 3478 9118 9117
f 3478 9117 3479
f 3477 9119 9118
f 3477 9118 3478
f 3476 9120 9119
f 3476 9119 3477
f 3475 9121 9120
f 3475 9120 3476
f 3474 9122 9121
f 3474 9121 3475
f 3473 9123 9122
f 3473 9122 3474
f 3472 9124 9123
f 3472 9123 3473
f 3471 9125 9124
f 3471 9124 3472
f 3470 9126 9125
f 3470 9125 3471
f 3469 9127 9126
f 3469 9126 3470
f 3468 9128 9127
f 3468 9127 3469
f 3467 9128 3468
f 3467 9129 9128
f 3466 9129 3467
f 3466 9130 9129
f 3465 9130 3466
f 3465 9131 9130
f 3464 9131 3465
f 3464 9132 9131
f 3463 9132 3464
f 3463 9133 9132
f 3462 9133 3463
f 3462 9134 9133
f 3461 9134 3462
f 3461 9135 9134
f 3460 9135 3461
f 3460 9136 9135
f 3460 9116 9136
f 3459 9116 3460
f 3500 8402 3480
f 3500 8403 8402
f 3499 8404 8403
f 3499 8403 3500
f 3498 8405 8404
f 3498 8404 3499
f 3497 8406 8405
f 3497 8405 3498
f 3496 8407 8406
f 3496 8406 3497
f 3495 8408 8407
f 3495 8407 3496
f 3494 8409 8408
f 3494 8408 3495
f 3493 8410 8409
f 3493 8409 3494
f 3492 8411 8410
f 3492 8410 3493
f 3491 8412 8411
f 3491 8411 3492
f 3490 8413 8412
f 3490 8412 3491
f 3489 8414 8413
f 3489 8413 3490
f 3488 8414 3489
f 3488 8415 8414
f 3487 8415 3488
f 3487 8416 8415
f 3486 8416 3487
f 3486 8417 8416
f 3485 8417 3486
f 3485 8418 8417
f 3484 8418 3485
f 3484 8419 8418
f 3483 8419 3484
f 3483 8420 8419
f 3482 8420 3483
f 3482 8421 8420
f 3481 8421 3482
f 3481 8422 8421
f 3481 8402 8422
f 3480 8402 3481
f 3521 9095 3501
f 3521 9096 9095
f 3520 9097 9096
f 3520 9096 3521
f 3519 9098 9097
f 3519 9097 3520
f 3518 9099 9098
f 3518 9098 3519
f 3517 9100 9099
f 3517 9099 3518
f 3516 9101 9100
f 3516 9100 3517
f 3515 9102 9101
f 3515 9101 3516
f 3514 9103 9102
f 3514 9102 3515
f 3513 9104 9103
f 3513 9103 3514
f 3512 9105 9104
f 3512 9104 3513
f 3511 9106 9105
f 3511 9105 3512
f 3510 9107 9106
f 3510 9106 3511
f 3509 9107 3510
f 3509 9108 9107
f 3508 9108 3509
f 3508 9109 9108
f 3507 9109 3508
f 3507 9110 9109
f 3506 9110 3507
f 3506 9111 9110
f 3505 9111 3506
f 3505 9112 9111
f 3504 9112 3505
f 3504 9113 9112
f 3503 9113 3504
f 3503 9114 9113
f 3502 9114 3503
f 3502 9115 9114
f 3501 9115 3502
f 3501 9095 9115
f 3542 9074 3522
f 3542 9075 9074
f 3541 9076 9075
f 3541 9075 3542
f 3540 9077 9076
f 3540 9076 3541
f 3539 9078 9077
f 3539 9077 3540
f 3538 9079 9078
f 3538 9078 3539
f 3537 9080 9079
f 3537 9079 3538
f 3536 9081 9080
f 3536 9080 3537
f 3535 9082 9081
f 3535 9081 3536
f 3534 9083 9082
f 3534 9082 3535
f 3533 9084 9083
f 3533 9083 3534
f 3532 9085 9084
f 3532 9084 3533
f 3531 9086 9085
f 3531 9085 3532
f 3530 9086 3531
f 3530 9087 9086
f 3529 9087 3530
f 3529 9088 9087
f 3528 9088 3529
f 3528 9089 9088
f 3527 9089 3528
f 3527 9090 9089
f 3526 9090 3527
f 3526 9091 9090
f 3525 9091 3526
f 3525 9092 9091
f 3524 9092 3525
f 3524 9093 9092
f 3523 9093 3524
f 3523 9094 9093
f 3523 9074 9094
f 3522 9074 3523
f 3563 9053 3543
f 3563 9054 9053
f 3562 9055 9054
f 3562 9054 3563
f 3561 9056 9055
f 3561 9055 3562
f 3560 9057 9056
f 3560 9056 3561
f 3559 9058 9057
f 3559 9057 3560
f 3558 9059 9058
f 3558 9058 3559
f 3557 9060 9059
f 3557 9059 3558
f 3556 9061 9060
f 3556 9060 3557
f 3555 9062 9061
f 3555 9061 3556
f 3554 9063 9062
f 3554 9062 3555
f 3553 9064 9063
f 3553 9063 3554
f 3552 9065 9064
f 3552 9064 3553
f 3551 9065 3552
f 3551 9066 9065
f 3550 9066 3551
f 3550 9067 9066
f 3549 9067 3550
f 3549 9068 9067
f 3548 9068 3549
f 3548 9069 9068
f 3547 9069 3548
f 3547 9070 9069
f 3546 9070 3547
f 3546 9071 9070
f 3545 9071 3546
f 3545 9072 9071
f 3544 9072 3545
f 3544 9073 9072
f 3544 9053 9073
f 3543 9053 3544
f 3584 9032 3564
f 3584 9033 9032
f 3583 9034 9033
f 3583 9033 3584
f 3582 9035 9034
f 3582 9034 3583
f 3581 9036 9035
f 3581 9035 3582
f 3580 9037 9036
f 3580 9036 3581
f 3579 9038 9037
f 3579 9037 3580
f 3578 9039 9038
f 3578 9038 3579
f 3577 9040 9039
f 3577 9039 3578
f 3576 9041 9040
f 3576 9040 3577
f 3575 9042 9041
f 3575 9041 3576
f 3574 9043 9042
f 3574 9042 3575
f 3573 9044 9043
f 3573 9043 3574
f 3572 9044 3573
f 3572 9045 9044
f 3571 9045 3572
f 3571 9046 9045
f 3570 9046 3571
f 3570 9047 9046
f 3569 9047 3570
f 3569 9048 9047
f 3568 9048 3569
f 3568 9049 9048
f 3567 9049 3568
f 3567 9050 9049
f 3566 9050 3567
f 3566 9051 9050
f 3565 9051 3566
f 3565 9052 9051
f 3565 9032 9052
f 3564 9032 3565
f 3605 9011 3585
f 3605 9012 9011
f 3604 9013 9012
f 3604 9012 3605
f 3603 9014 9013
f 3603 9013 3604
f 3602 9015 9014
f 3602 9014 3603
f 3601 9016 9015
f 3601 9015 3602
f 3600 9017 9016
f 3600 9016 3601
f 3599 9018 9017
f 3599 9017 3600
f 3598 9019 9018
f 3598 9018 3599
f 3597 9020 9019
f 3597 9019 3598
f 3596 9021 9020
f 3596 9020 3597
f 3595 9022 9021
f 3595 9021 3596
f 3594 9023 9022
f 3594 9022 3595
f 3593 9023 3594
f 3593 9024 9023
f 3592 9024 3593
f 3592 9025 9024
f 3591 9025 3592
f 3591 9026 9025
f 3590 9026 3591
f 3590 9027 9026
f 3589 9027 3590
f 3589 9028 9027
f 3588 9028 3589
f 3588 9029 9028
f 3587 9029 3588
f 3587 9030 9029
f 3586 9030 3587
f 3586 9031 9030
f 3586 9011 9031
f 3585 9011 3586
f 3626 8990 3606
f 3626 8991 8990
f 3625 8992 8991
f 3625 8991 3626
f 3624 8993 8992
f 3624 8992 3625
f 3623 8994 8993
f 3623 8993 3624
f 3622 8995 8994
f 3622 8994 3623
f 3621 8996 8995
f 3621 8995 3622
f 3620 8997 8996
f 3620 8996 3621
f 3619 8998 8997
f 3619 8997 3620
f 3618 8999 8998
f 3618 8998 3619
f 3617 9000 8999
f 3617 8999 3618
f 3616 9001 9000
f 3616 9000 3617
f 3615 9002 9001
f 3615 9001 3616
f 3614 9002 3615
f 3614 9003 9002
f 3613 9003 3614
f 3613 9004 9003
f 3612 9004 3613
f 3612 9005 9004
f 3611 9005 3612
f 3611 9006 9005
f 3610 9006 3611
f 3610 9007 9006
f 3609 9007 3610
f 3609 9008 9007
f 3608 9008 3609
f 3608 9009 9008
f 3607 9009 3608
f 3607 9010 9009
f 3607 8990 9010
f 3606 8990 3607
f 3647 8969 3627
f 3647 8970 8969
f 3646 8971 8970
f 3646 8970 3647
f 3645 8972 8971
f 3645 8971 3646
f 3644 8973 8972
f 3644 8972 3645
f 3643 8974 8973
f 3643 8973 3644
f 3642 8975 8974
f 3642 8974 3643
f 3641 8976 8975
f 3641 8975 3642
f 3640 8977 8976
f 3640 8976 3641
f 3639 8978 8977
f 3639 8977 3640
f 3638 8979 8978
f 3638 8978 3639
f 3637 8980 8979
f 3637 8979 3638
f 3636 8981 8980
f 3636 8980 3637
f 3635 8981 3636
f 3635 8982 8981
f 3634 8982 3635
f 3634 8983 8982
f 3633 8983 3634
f 3633 8984 8983
f 3632 8984 3633
f 3632 8985 8984
f 3631 8985 3632
f 3631 8986 8985
f 3630 8986 3631
f 3630 8987 8986
f 3629 8987 3630
f 3629 8988 8987
f 3628 8988 3629
f 3628 8989 8988
f 3628 8969 8989
f 3627 8969 3628
f 3668 8948 3648
f 3668 8949 8948
f 3667 8950 8949
f 3667 8949 3668
f 3666 8951 8950
f 3666 8950 3667
f 3665 8952 8951
f 3665 8951 3666
f 3664 8953 8952
f 3664 8952 3665
f 3663 8954 8953
f 3663 8953 3664
f 3662 8955 8954
f 3662 8954 3663
f 3661 8956 8955
f 3661 8955 3662
f 3660 8957 8956
f 3660 8956 3661
f 3659 8958 8957
f 3659 8957 3660
f 3658 8959 8958
f 3658 8958 3659
f 3657 8960 8959
f 3657 8959 3658
f 3656 8960 3657
f 3656 8961 8960
f 3655 8961 3656
f 3655 8962 8961
f 3654 8962 3655
f 3654 8963 8962
f 3653 8963 3654
f 3653 8964 8963
f 3652 8964 3653
f 3652 8965 8964
f 3651 8965 3652
f 3651 8966 8965
f 3650 8966 3651
f 3650 8967 8966
f 3649 8967 3650
f 3649 8968 8967
f 3648 8968 3649
f 3648 8948 8968
f 3689 8927 3669
f 3689 8928 8927
f 3688 8929 8928
f 3688 8928 3689
f 3687 8930 8929
f 3687 8929 3688
f 3686 8931 8930
f 3686 8930 3687
f 3685 8932 8931
f 3685 8931 3686
f 3684 8933 8932
f 3684 8932 3685
f 3683 8934 8933
f 3683 8933 3684
f 3682 8935 8934
f 3682 8934 3683
f 3681 8936 8935
f 3681 8935 3682
f 3680 8937 8936
f 3680 8936 3681
f 3679 8938 8937
f 3679 8937 3680
f 3678 8939 8938
f 3678 8938 3679
f 3677 8939 3678
f 3677 8940 8939
f 3676 8940 3677
f 3676 8941 8940
f 3675 8941 3676
f 3675 8942 8941
f 3674 8942 3675
f 3674 8943 8942
f 3673 8943 3674
f 3673 8944 8943
f 3672 8944 3673
f 3672 8945 8944
f 3671 8945 3672
f 3671 8946 8945
f 3670 8946 3671
f 3670 8947 8946
f 3670 8927 8947
f 3669 8927 3670
f 3710 8906 3690
f 3710 8907 8906
f 3709 8908 8907
f 3709 8907 3710
f 3708 8909 8908
f 3708 8908 3709
f 3707 8910 8909
f 3707 8909 3708
f 3706 8911 8910
f 3706 8910 3707
f 3705 8912 8911
f 3705 8911 3706
f 3704 8913 8912
f 3704 8912 3705
f 3703 8914 8913
f 3703 8913 3704
f 3702 8915 8914
f 3702 8914 3703
f 3701 8916 8915
f 3701 8915 3702
f 3700 8917 8916
f 3700 8916 3701
f 3699 8918 8917
f 3699 8917 3700
f 3698 8918 3699
f 3698 8919 8918
f 3697 8919 3698
f 3697 8920 8919
f 3696 8920 3697
f 3696 8921 8920
f 3695 8921 3696
f 3695 8922 8921
f 3694 8922 3695
f 3694 8923 8922
f 3693 8923 3694
f 3693 8924 8923
f 3692 8924 3693
f 3692 8925 8924
f 3691 8925 3692
f 3691 8926 8925
f 3691 8906 8926
f 3690 8906 3691
f 3731 8885 3711
f 3731 8886 8885
f 3730 8887 8886
f 3730 8886 3731
f 3729 8888 8887
f 3729 8887 3730
f 3728 8889 8888
f 3728 8888 3729
f 3727 8890 8889
f 3727 8889 3728
f 3726 8891 8890
f 3726 8890 3727
f 3725 8892 8891
f 3725 8891 3726
f 3724 8893 8892
f 3724 8892 3725
f 3723 8894 8893
f 3723 8893 3724
f 3722 8895 8894
f 3722 8894 3723
f 3721 8896 8895
f 3721 8895 3722
f 3720 8897 8896
f 3720 8896 3721
f 3719 8897 3720
f 3719 8898 8897
f 3718 8898 3719
f 3718 8899 8898
f 3717 8899 3718
f 3717 8900 8899
f 3716 8900 3717
f 3716 8901 8900
f 3715 8901 3716
f 3715 8902 8901
f 3714 8902 3715
f 3714 8903 8902
f 3713 8903 3714
f 3713 8904 8903
f 3712 8904 3713
f 3712 8905 8904
f 3712 8885 8905
f 3711 8885 3712
f 3752 8864 3732
f 3752 8865 8864
f 3751 8866 8865
f 3751 8865 3752
f 3750 8867 8866
f 3750 8866 3751
f 3749 8868 8867
f 3749 8867 3750
f 3748 8869 8868
f 3748 8868 3749
f 3747 8870 8869
f 3747 8869 3748
f 3746 8871 8870
f 3746 8870 3747
f 3745 8872 8871
f 3745 8871 3746
f 3744 8873 8872
f 3744 8872 3745
f 3743 8874 8873
f 3743 8873 3744
f 3742 8875 8874
f 3742 8874 3743
f 3741 8876 8875
f 3741 8875 3742
f 3740 8876 3741
f 3740 8877 8876
f 3739 8877 3740
f 3739 8878 8877
f 3738 8878 3739
f 3738 8879 8878
f 3737 8879 3738
f 3737 8880 8879
f 3736 8880 3737
f 3736 8881 8880
f 3735 8881 3736
f 3735 8882 8881
f 3734 8882 3735
f 3734 8883 8882
f 3733 8883 3734
f 3733 8884 8883
f 3733 8864 8884
f 3732 8864 3733
f 3773 8843 3753
f 3773 8844 8843
f 3772 8845 8844
f 3772 8844 3773
f 3771 8846 8845
f 3771 8845 3772
f 3770 8847 8846
f 3770 8846 3771
f 3769 8848 8847
f 3769 8847 3770
f 3768 8849 8848
f 3768 8848 3769
f 3767 8850 8849
f 3767 8849 3768
f 3766 8851 8850
f 3766 8850 3767
f 3765 8852 8851
f 3765 8851 3766
f 3764 8853 8852
f 3764 8852 3765
f 3763 8854 8853
f 3763 8853 3764
f 3762 8855 8854
f 3762 8854 3763
f 3761 8855 3762
f 3761 8856 8855
f 3760 8856 3761
f 3760 8857 8856
f 3759 8857 3760
f 3759 8858 8857
f 3758 8858 3759
f 3758 8859 8858
f 3757 8859 3758
f 3757 8860 8859
f 3756 8860 3757
f 3756 8861 8860
f 3755 8861 3756
f 3755 8862 8861
f 3754 8862 3755
f 3754 8863 8862
f 3754 8843 8863
f 3753 8843 3754
f 3794 8822 3774
f 3794 8823 8822
f 3793 8824 8823
f 3793 8823 3794
f 3792 8825 8824
f 3792 8824 3793
f 3791 8826 8825
f 3791 8825 3792
f 3790 8827 8826
f 3790 8826 3791
f 3789 8828 8827
f 3789 8827 3790
f 3788 8829 8828
f 3788 8828 3789
f 3787 8830 8829
f 3787 8829 3788
f 3786 8831 8830
f 3786 8830 3787
f 3785 8832 8831
f 3785 8831 3786
f 3784 8833 8832
f 3784 8832 3785
f 3783 8834 8833
f 3783 8833 3784
f 3782 8834 3783
f 3782 8835 8834
f 3781 8835 3782
f 3781 8836 8835
f 3780 8836 3781
f 3780 8837 8836
f 3779 8837 3780
f 3779 8838 8837
f 3778 8838 3779
f 3778 8839 8838
f 3777 8839 3778
f 3777 8840 8839
f 3776 8840 3777
f 3776 8841 8840
f 3775 8841 3776
f 3775 8842 8841
f 3775 8822 8842
f 3774 8822 3775
f 3815 8801 3795
f 3815 8802 8801
f 3814 8803 8802
f 3814 8802 3815
f 3813 8804 8803
f 3813 8803 3814
f 3812 8805 8804
f 3812 8804 3813
f 3811 8806 8805
f 3811 8805 3812
f 3810 8807 8806
f 3810 8806 3811
f 3809 8808 8807
f 3809 8807 3810
f 3808 8809 8808
f 3808 8808 3809
f 3807 8810 8809
f 3807 8809 3808
f 3806 8811 8810
f 3806 8810 3807
f 3805 8812 8811
f 3805 8811 3806
f 3804 8813 8812
f 3804 8812 3805
f 3803 8813 3804
f 3803 8814 8813
f 3802 8814 3803
f 3802 8815 8814
f 3801 8815 3802
f 3801 8816 8815
f 3800 8816 3801
f 3800 8817 8816
f 3799 8817 3800
f 3799 8818 8817
f 3798 8818 3799
f 3798 8819 8818
f 3797 8819 3798
f 3797 8820 8819
f 3796 8820 3797
f 3796 8821 8820
f 3796 8801 8821
f 3795 8801 3796
f 3836 8780 3816
f 3836 8781 8780
f 3835 8782 8781
f 3835 8781 3836
f 3834 8783 8782
f 3834 8782 3835
f 3833 8784 8783
f 3833 8783 3834
f 3832 8785 8784
f 3832 8784 3833
f 3831 8786 8785
f 3831 8785 3832
f 3830 8787 8786
f 3830 8786 3831
f 3829 8788 8787
f 3829 8787 3830
f 3828 8789 8788
f 3828 8788 3829
f 3827 8790 8789
f 3827 8789 3828
f 3826 8791 8790
f 3826 8790 3827
f 3825 8792 8791
f 3825 8791 3826
f 3824 8792 3825
f 3824 8793 8792
f 3823 8793 3824
f 3823 8794 8793
f 3822 8794 3823
f 3822 8795 8794
f 3821 8795 3822
f 3821 8796 8795
f 3820 8796 3821
f 3820 8797 8796
f 3819 8797 3820
f 3819 8798 8797
f 3818 8798 3819
f 3818 8799 8798
f 3817 8799 3818
f 3817 8800 8799
f 3816 8800 3817
f 3816 8780 8800
f 3857 8759 3837
f 3857 8760 8759
f 3856 8761 8760
f 3856 8760 3857
f 3855 8762 8761
f 3855 8761 3856
f 3854 8763 8762
f 3854 8762 3855
f 3853 8764 8763
f 3853 8763 3854
f 3852 8765 8764
f 3852 8764 3853
f 3851 8766 8765
f 3851 8765 3852
f 3850 8767 8766
f 3850 8766 3851
f 3849 8768 8767
f 3849 8767 3850
f 3848 8769 8768
f 3848 8768 3849
f 3847 8770 8769
f 3847 8769 3848
f 3846 8771 8770
f 3846 8770 3847
f 3845 8771 3846
f 3845 8772 8771
f 3844 8772 3845
f 3844 8773 8772
f 3843 8773 3844
f 3843 8774 8773
f 3842 8774 3843
f 3842 8775 8774
f 3841 8775 3842
f 3841 8776 8775
f 3840 8776 3841
f 3840 8777 8776
f 3839 8777 3840
f 3839 8778 8777
f 3838 8778 3839
f 3838 8779 8778
f 3838 8759 8779
f 3837 8759 3838
f 3878 8738 3858
f 3878 8739 8738
f 3877 8740 8739
f 3877 8739 3878
f 3876 8741 8740
f 3876 8740 3877
f 3875 8742 8741
f 3875 8741 3876
f 3874 8743 8742
f 3874 8742 3875
f 3873 8744 8743
f 3873 8743 3874
f 3872 8745 8744
f 3872 8744 3873
f 3871 8746 8745
f 3871 8745 3872
f 3870 8747 8746
f 3870 8746 3871
f 3869 8748 8747
f 3869 8747 3870
f 3868 8749 8748
f 3868 8748 3869
f 3867 8750 8749
f 3867 8749 3868
f 3866 8750 3867
f 3866 8751 8750
f 3865 8751 3866
f 3865 8752 8751
f 3864 8752 3865
f 3864 8753 8752
f 3863 8753 3864
f 3863 8754 8753
f 3862 8754 3863
f 3862 8755 8754
f 3861 8755 3862
f 3861 8756 8755
f 3860 8756 3861
f 3860 8757 8756
f 3859 8757 3860
f 3859 8758 8757
f 3859 8738 8758
f 3858 8738 3859
f 3899 8717 3879
f 3899 8718 8717
f 3898 8719 8718
f 3898 8718 3899
f 3897 8720 8719
f 3897 8719 3898
f 3896 8721 8720
f 3896 8720 3897
f 3895 8722 8721
f 3895 8721 3896
f 3894 8723 8722
f 3894 8722 3895
f 3893 8724 8723
f 3893 8723 3894
f 3892 8725 8724
f 3892 8724 3893
f 3891 8726 8725
f 3891 8725 3892
f 3890 8727 8726
f 3890 8726 3891
f 3889 8728 8727
f 3889 8727 3890
f 3888 8729 8728
f 3888 8728 3889
f 3887 8729 3888
f 3887 8730 8729
f 3886 8730 3887
f 3886 8731 8730
f 3885 8731 3886
f 3885 8732 8731
f 3884 8732 3885
f 3884 8733 8732
f 3883 8733 3884
f 3883 8734 8733
f 3882 8734 3883
f 3882 8735 8734
f 3881 8735 3882
f 3881 8736 8735
f 3880 8736 3881
f 3880 8737 8736
f 3880 8717 8737
f 3879 8717 3880
f 3920 8696 3900
f 3920 8697 8696
f 3919 8698 8697
f 3919 8697 3920
f 3918 8699 8698
f 3918 8698 3919
f 3917 8700 8699
f 3917 8699 3918
f 3916 8701 8700
f 3916 8700 3917
f 3915 8702 8701
f 3915 8701 3916
f 3914 8703 8702
f 3914 8702 3915
f 3913 8704 8703
f 3913 8703 3914
f 3912 8705 8704
f 3912 8704 3913
f 3911 8706 8705
f 3911 8705 3912
f 3910 8707 8706
f 3910 8706 3911
f 3909 8708 8707
f 3909 8707 3910
f 3908 8708 3909
f 3908 8709 8708
f 3907 8709 3908
f 3907 8710 8709
f 3906 8710 3907
f 3906 8711 8710
f 3905 8711 3906
f 3905 8712 8711
f 3904 8712 3905
f 3904 8713 8712
f 3903 8713 3904
f 3903 8714 8713
f 3902 8714 3903
f 3902 8715 8714
f 3901 8715 3902
f 3901 8716 8715
f 3901 8696 8716
f 3900 8696 3901
f 3941 8675 3921
f 3941 8676 8675
f 3940 8677 8676
f 3940 8676 3941
f 3939 8678 8677
f 3939 8677 3940
f 3938 8679 8678
f 3938 8678 3939
f 3937 8680 8679
f 3937 8679 3938
f 3936 8681 8680
f 3936 8680 3937
f 3935 8682 8681
f 3935 8681 3936
f 3934 8683 8682
f 3934 8682 3935
f 3933 8684 8683
f 3933 8683 3934
f 3932 8685 8684
f 3932 8684 3933
f 3931 8686 8685
f 3931 8685 3932
f 3930 8687 8686
f 3930 8686 3931
f 3929 8687 3930
f 3929 8688 8687
f 3928 8688 3929
f 3928 8689 8688
f 3927 8689 3928
f 3927 8690 8689
f 3926 8690 3927
f 3926 8691 8690
f 3925 8691 3926
f 3925 8692 8691
f 3924 8692 3925
f 3924 8693 8692
f 3923 8693 3924
f 3923 8694 8693
f 3922 8694 3923
f 3922 8695 8694
f 3922 8675 8695
f 3921 8675 3922
f 3962 8654 3942
f 3962 8655 8654
f 3961 8656 8655
f 3961 8655 3962
f 3960 8657 8656
f 3960 8656 3961
f 3959 8658 8657
f 3959 8657 3960
f 3958 8659 8658
f 3958 8658 3959
f 3957 8660 8659
f 3957 8659 3958
f 3956 8661 8660
f 3956 8660 3957
f 3955 8662 8661
f 3955 8661 3956
f 3954 8663 8662
f 3954 8662 3955
f 3953 8664 8663
f 3953 8663 3954
f 3952 8665 8664
f 3952 8664 3953
f 3951 8666 8665
f 3951 8665 3952
f 3950 8666 3951
f 3950 8667 8666
f 3949 8667 3950
f 3949 8668 8667
f 3948 8668 3949
f 3948 8669 8668
f 3947 8669 3948
f 3947 8670 8669
f 3946 8670 3947
f 3946 8671 8670
f 3945 8671 3946
f 3945 8672 8671
f 3944 8672 3945
f 3944 8673 8672
f 3943 8673 3944
f 3943 8674 8673
f 3942 8674 3943
f 3942 8654 8674
f 3983 8633 3963
f 3983 8634 8633
f 3982 8635 8634
f 3982 8634 3983
f 3981 8636 8635
f 3981 8635 3982
f 3980 8637 8636
f 3980 8636 3981
f 3979 8638 8637
f 3979 8637 3980
f 3978 8639 8638
f 3978 8638 3979
f 3977 8640 8639
f 3977 8639 3978
f 3976 8641 8640
f 3976 8640 3977
f 3975 8642 8641
f 3975 8641 3976
f 3974 8643 8642
f 3974 8642 3975
f 3973 8644 8643
f 3973 8643 3974
f 3972 8645 8644
f 3972 8644 3973
f 3971 8645 3972
f 3971 8646 8645
f 3970 8646 3971
f 3970 8647 8646
f 3969 8647 3970
f 3969 8648 8647
f 3968 8648 3969
f 3968 8649 8648
f 3967 8649 3968
f 3967 8650 8649
f 3966 8650 3967
f 3966 8651 8650
f 3965 8651 3966
f 3965 8652 8651
f 3964 8652 3965
f 3964 8653 8652
f 3964 8633 8653
f 3963 8633 3964
f 4004 8612 3984
f 4004 8613 8612
f 4003 8614 8613
f 4003 8613 4004
f 4002 8615 8614
f 4002 8614 4003
f 4001 8616 8615
f 4001 8615 4002
f 4000 8617 8616
f 4000 8616 4001
f 3999 8618 8617
f 3999 8617 4000
f 3998 8619 8618
f 3998 8618 3999
f 3997 8620 8619
f 3997 8619 3998
f 3996 8621 8620
f 3996 8620 3997
f 3995 8622 8621
f 3995 8621 3996
f 3994 8623 8622
f 3994 8622 3995
f 3993 8624 8623
f 3993 8623 3994
f 3992 8624 3993
f 3992 8625 8624
f 3991 8625 3992
f 3991 8626 8625
f 3990 8626 3991
f 3990 8627 8626
f 3989 8627 3990
f 3989 8628 8627
f 3988 8628 3989
f 3988 8629 8628
f 3987 8629 3988
f 3987 8630 8629
f 3986 8630 3987
f 3986 8631 8630
f 3985 8631 3986
f 3985 8632 8631
f 3985 8612 8632
f 3984 8612 3985
f 4025 8591 4005
f 4025 8592 8591
f 4024 8593 8592
f 4024 8592 4025
f 4023 8594 8593
f 4023 8593 4024
f 4022 8595 8594
f 4022 8594 4023
f 4021 8596 8595
f 4021 8595 4022
f 4020 8597 8596
f 4020 8596 4021
f 4019 8598 8597
f 4019 8597 4020
f 4018 8599 8598
f 4018 8598 4019
f 4017 8600 8599
f 4017 8599 4018
f 4016 8601 8600
f 4016 8600 4017
f 4015 8602 8601
f 4015 8601 4016
f 4014 8603 8602
f 4014 8602 4015
f 4013 8603 4014
f 4013 8604 8603
f 4012 8604 4013
f 4012 8605 8604
f 4011 8605 4012
f 4011 8606 8605
f 4010 8606 4011
f 4010 8607 8606
f 4009 8607 4010
f 4009 8608 8607
f 4008 8608 4009
f 4008 8609 8608
f 4007 8609 4008
f 4007 8610 8609
f 4006 8610 4007
f 4006 8611 8610
f 4006 8591 8611
f 4005 8591 4006
f 4046 8570 4026
f 4046 8571 8570
f 4045 8572 8571
f 4045 8571 4046
f 4044 8573 8572
f 4044 8572 4045
f 4043 8574 8573
f 4043 8573 4044
f 4042 8575 8574
f 4042 8574 4043
f 4041 8576 8575
f 4041 8575 4042
f 4040 8577 8576
f 4040 8576 4041
f 4039 8578 8577
f 4039 8577 4040
f 4038 8579 8578
f 4038 8578 4039
f 4037 8580 8579
f 4037 8579 4038
f 4036 8581 8580
f 4036 8580 4037
f 4035 8582 8581
f 4035 8581 4036
f 4034 8582 4035
f 4034 8583 8582
f 4033 8583 4034
f 4033 8584 8583
f 4032 8584 4033
f 4032 8585 8584
f 4031 8585 4032
f 4031 8586 8585
f 4030 8586 4031
f 4030 8587 8586
f 4029 8587 4030
f 4029 8588 8587
f 4028 8588 4029
f 4028 8589 8588
f 4027 8589 4028
f 4027 8590 8589
f 4027 8570 8590
f 4026 8570 4027
f 4067 8549 4047
f 4067 8550 8549
f 4066 8551 8550
f 4066 8550 4067
f 4065 8552 8551
f 4065 8551 4066
f 4064 8553 8552
f 4064 8552 4065
f 4063 8554 8553
f 4063 8553 4064
f 4062 8555 8554
f 4062 8554 4063
f 4061 8556 8555
f 4061 8555 4062
f 4060 8557 8556
f 4060 8556 4061
f 4059 8558 8557
f 4059 8557 4060
f 4058 8559 8558
f 4058 8558 4059
f 4057 8560 8559
f 4057 8559 4058
f 4056 8561 8560
f 4056 8560 4057
f 4055 8561 4056
f 4055 8562 8561
f 4054 8562 4055
f 4054 8563 8562
f 4053 8563 4054
f 4053 8564 8563
f 4052 8564 4053
f 4052 8565 8564
f 4051 8565 4052
f 4051 8566 8565
f 4050 8566 4051
f 4050 8567 8566
f 4049 8567 4050
f 4049 8568 8567
f 4048 8568 4049
f 4048 8569 8568
f 4048 8549 8569
f 4047 8549 4048
f 4088 8528 4068
f 4088 8529 8528
f 4087 8530 8529
f 4087 8529 4088
f 4086 8531 8530
f 4086 8530 4087
f 4085 8532 8531
f 4085 8531 4086
f 4084 8533 8532
f 4084 8532 4085
f 4083 8534 8533
f 4083 8533 4084
f 4082 8535 8534
f 4082 8534 4083
f 4081 8536 8535
f 4081 8535 4082
f 4080 8537 8536
f 4080 8536 4081
f 4079 8538 8537
f 4079 8537 4080
f 4078 8539 8538
f 4078 8538 4079
f 4077 8540 8539
f 4077 8539 4078
f 4076 8540 4077
f 4076 8541 8540
f 4075 8541 4076
f 4075 8542 8541
f 4074 8542 4075
f 4074 8543 8542
f 4073 8543 4074
f 4073 8544 8543
f 4072 8544 4073
f 4072 8545 8544
f 4071 8545 4072
f 4071 8546 8545
f 4070 8546 4071
f 4070 8547 8546
f 4069 8547 4070
f 4069 8548 8547
f 4069 8528 8548
f 4068 8528 4069
f 4109 8507 4089
f 4109 8508 8507
f 4108 8509 8508
f 4108 8508 4109
f 4107 8510 8509
f 4107 8509 4108
f 4106 8511 8510
f 4106 8510 4107
f 4105 8512 8511
f 4105 8511 4106
f 4104 8513 8512
f 4104 8512 4105
f 4103 8514 8513
f 4103 8513 4104
f 4102 8515 8514
f 4102 8514 4103
f 4101 8516 8515
f 4101 8515 4102
f 4100 8517 8516
f 4100 8516 4101
f 4099 8518 8517
f 4099 8517 4100
f 4098 8519 8518
f 4098 8518 4099
f 4097 8519 4098
f 4097 8520 8519
f 4096 8520 4097
f 4096 8521 8520
f 4095 8521 4096
f 4095 8522 8521
f 4094 8522 4095
f 4094 8523 8522
f 4093 8523 4094
f 4093 8524 8523
f 4092 8524 4093
f 4092 8525 8524
f 4091 8525 4092
f 4091 8526 8525
f 4090 8526 4091
f 4090 8527 8526
f 4090 8507 8527
f 4089 8507 4090
f 4130 8486 4110
f 4130 8487 8486
f 4129 8488 8487
f 4129 8487 4130
f 4128 8489 8488
f 4128 8488 4129
f 4127 8490 8489
f 4127 8489 4128
f 4126 8491 8490
f 4126 8490 4127
f 4125 8492 8491
f 4125 8491 4126
f 4124 8493 8492
f 4124 8492 4125
f 4123 8494 8493
f 4123 8493 4124
f 4122 8495 8494
f 4122 8494 4123
f 4121 8496 8495
f 4121 8495 4122
f 4120 8497 8496
f 4120 8496 4121
f 4119 8498 8497
f 4119 8497 4120
f 4118 8498 4119
f 4118 8499 8498
f 4117 8499 4118
f 4117 8500 8499
f 4116 8500 4117
f 4116 8501 8500
f 4115 8501 4116
f 4115 8502 8501
f 4114 8502 4115
f 4114 8503 8502
f 4113 8503 4114
f 4113 8504 8503
f 4112 8504 4113
f 4112 8505 8504
f 4111 8505 4112
f 4111 8506 8505
f 4110 8506 4111
f 4110 8486 8506
f 4151 8465 4131
f 4151 8466 8465
f 4150 8467 8466
f 4150 8466 4151
f 4149 8468 8467
f 4149 8467 4150
f 4148 8469 8468
f 4148 8468 4149
f 4147 8470 8469
f 4147 8469 4148
f 4146 8471 8470
f 4146 8470 4147
f 4145 8472 8471
f 4145 8471 4146
f 4144 8473 8472
f 4144 8472 4145
f 4143 8474 8473
f 4143 8473 4144
f 4142 8475 8474
f 4142 8474 4143
f 4141 8476 8475
f 4141 8475 4142
f 4140 8477 8476
f 4140 8476 4141
f 4139 8477 4140
f 4139 8478 8477
f 4138 8478 4139
f 4138 8479 8478
f 4137 8479 4138
f 4137 8480 8479
f 4136 8480 4137
f 4136 8481 8480
f 4135 8481 4136
f 4135 8482 8481
f 4134 8482 4135
f 4134 8483 8482
f 4133 8483 4134
f 4133 8484 8483
f 4132 8484 4133
f 4132 8485 8484
f 4132 8465 8485
f 4131 8465 4132
f 4277 11700 4257
f 4277 11701 11700
f 4276 11702 11701
f 4276 11701 4277
f 4275 11703 11702
f 4275 11702 4276
f 4274 11704 11703
f 4274 11703 4275
f 4273 11705 11704
f 4273 11704 4274
f 4272 11706 11705
f 4272 11705 4273
f 4271 11707 11706
f 4271 11706 4272
f 4270 11708 11707
f 4270 11707 4271
f 4269 11709 11708
f 4269 11708 4270
f 4268 11710 11709
f 4268 11709 4269
f 4267 11711 11710
f 4267 11710 4268
f 4266 11712 11711
f 4266 11711 4267
f 4265 11712 4266
f 4265 11713 11712
f 4264 11713 4265
f 4264 11714 11713
f 4263 11714 4264
f 4263 11715 11714
f 4262 11715 4263
f 4262 11716 11715
f 4261 11716 4262
f 4261 11717 11716
f 4260 11717 4261
f 4260 11718 11717
f 4259 11718 4260
f 4259 11719 11718
f 4258 11719 4259
f 4258 11720 11719
f 4258 11700 11720
f 4257 11700 4258
f 4298 11721 4278
f 4298 11722 11721
f 4297 11723 11722
f 4297 11722 4298
f 4296 11724 11723
f 4296 11723 4297
f 4295 11725 11724
f 4295 11724 4296
f 4294 11726 11725
f 4294 11725 4295
f 4293 11727 11726
f 4293 11726 4294
f 4292 11728 11727
f 4292 11727 4293
f 4291 11729 11728
f 4291 11728 4292
f 4290 11730 11729
f 4290 11729 4291
f 4289 11731 11730
f 4289 11730 4290
f 4288 11732 11731
f 4288 11731 4289
f 4287 11733 11732
f 4287 11732 4288
f 4286 11733 4287
f 4286 11734 11733
f 4285 11734 4286
f 4285 11735 11734
f 4284 11735 4285
f 4284 11736 11735
f 4283 11736 4284
f 4283 11737 11736
f 4282 11737 4283
f 4282 11738 11737
f 4281 11738 4282
f 4281 11739 11738
f 4280 11739 4281
f 4280 11740 11739
f 4279 11740 4280
f 4279 11741 11740
f 4279 11721 11741
f 4278 11721 4279
f 4319 11742 4299
f 4319 11743 11742
f 4318 11744 11743
f 4318 11743 4319
f 4317 11745 11744
f 4317 11744 4318
f 4316 11746 11745
f 4316 11745 4317
f 4315 11747 11746
f 4315 11746 4316
f 4314 11748 11747
f 4314 11747 4315
f 4313 11749 11748
f 4313 11748 4314
f 4312 11750 11749
f 4312 11749 4313
f 4311 11751 11750
f 4311 11750 4312
f 4310 11752 11751
f 4310 11751 4311
f 4309 11753 11752
f 4309 11752 4310
f 4308 11754 11753
f 4308 11753 4309
f 4307 11754 4308
f 4307 11755 11754
f 4306 11755 4307
f 4306 11756 11755
f 4305 11756 4306
f 4305 11757 11756
f 4304 11757 4305
f 4304 11758 11757
f 4303 11758 4304
f 4303 11759 11758
f 4302 11759 4303
f 4302 11760 11759
f 4301 11760 4302
f 4301 11761 11760
f 4300 11761 4301
f 4300 11762 11761
f 4300 11742 11762
f 4299 11742 4300
f 4340 11763 4320
f 4340 11764 11763
f 4339 11765 11764
f 4339 11764 4340
f 4338 11766 11765
f 4338 11765 4339
f 4337 11767 11766
f 4337 11766 4338
f 4336 11768 11767
f 4336 11767 4337
f 4335 11769 11768
f 4335 11768 4336
f 4334 11770 11769
f 4334 11769 4335
f 4333 11771 11770
f 4333 11770 4334
f 4332 11772 11771
f 4332 11771 4333
f 4331 11773 11772
f 4331 11772 4332
f 4330 11774 11773
f 4330 11773 4331
f 4329 11775 11774
f 4329 11774 4330
f 4328 11775 4329
f 4328 11776 11775
f 4327 11776 4328
f 4327 11777 11776
f 4326 11777 4327
f 4326 11778 11777
f 4325 11778 4326
f 4325 11779 11778
f 4324 11779 4325
f 4324 11780 11779
f 4323 11780 4324
f 4323 11781 11780
f 4322 11781 4323
f 4322 11782 11781
f 4321 11782 4322
f 4321 11783 11782
f 4321 11763 11783
f 4320 11763 4321
f 4361 11784 4341
f 4361 11785 11784
f 4360 11786 11785
f 4360 11785 4361
f 4359 11787 11786
f 4359 11786 4360
f 4358 11788 11787
f 4358 11787 4359
f 4357 11789 11788
f 4357 11788 4358
f 4356 11790 11789
f 4356 11789 4357
f 4355 11791 11790
f 4355 11790 4356
f 4354 11792 11791
f 4354 11791 4355
f 4353 11793 11792
f 4353 11792 4354
f 4352 11794 11793
f 4352 11793 4353
f 4351 11795 11794
f 4351 11794 4352
f 4350 11796 11795
f 4350 11795 4351
f 4349 11796 4350
f 4349 11797 11796
f 4348 11797 4349
f 4348 11798 11797
f 4347 11798 4348
f 4347 11799 11798
f 4346 11799 4347
f 4346 11800 11799
f 4345 11800 4346
f 4345 11801 11800
f 4344 11801 4345
f 4344 11802 11801
f 4343 11802 4344
f 4343 11803 11802
f 4342 11803 4343
f 4342 11804 11803
f 4342 11784 11804
f 4341 11784 4342
f 4382 11805 4362
f 4382 11806 11805
f 4381 11807 11806
f 4381 11806 4382
f 4380 11808 11807
f 4380 11807 4381
f 4379 11809 11808
f 4379 11808 4380
f 4378 11810 11809
f 4378 11809 4379
f 4377 11811 11810
f 4377 11810 4378
f 4376 11812 11811
f 4376 11811 4377
f 4375 11813 11812
f 4375 11812 4376
f 4374 11814 11813
f 4374 11813 4375
f 4373 11815 11814
f 4373 11814 4374
f 4372 11816 11815
f 4372 11815 4373
f 4371 11817 11816
f 4371 11816 4372
f 4370 11817 4371
f 4370 11818 11817
f 4369 11818 4370
f 4369 11819 11818
f 4368 11819 4369
f 4368 11820 11819
f 4367 11820 4368
f 4367 11821 11820
f 4366 11821 4367
f 4366 11822 11821
f 4365 11822 4366
f 4365 11823 11822
f 4364 11823 4365
f 4364 11824 11823
f 4363 11824 4364
f 4363 11825 11824
f 4363 11805 11825
f 4362 11805 4363
f 4403 11826 4383
f 4403 11827 11826
f 4402 11828 11827
f 4402 11827 4403
f 4401 11829 11828
f 4401 11828 4402
f 4400 11830 11829
f 4400 11829 4401
f 4399 11831 11830
f 4399 11830 4400
f 4398 11832 11831
f 4398 11831 4399
f 4397 11833 11832
f 4397 11832 4398
f 4396 11834 11833
f 4396 11833 4397
f 4395 11835 11834
f 4395 11834 4396
f 4394 11836 11835
f 4394 11835 4395
f 4393 11837 11836
f 4393 11836 4394
f 4392 11838 11837
f 4392 11837 4393
f 4391 11838 4392
f 4391 11839 11838
f 4390 11839 4391
f 4390 11840 11839
f 4389 11840 4390
f 4389 11841 11840
f 4388 11841 4389
f 4388 11842 11841
f 4387 11842 4388
f 4387 11843 11842
f 4386 11843 4387
f 4386 11844 11843
f 4385 11844 4386
f 4385 11845 11844
f 4384 11845 4385
f 4384 11846 11845
f 4384 11826 11846
f 4383 11826 4384
f 4424 11847 4404
f 4424 11848 11847
f 4423 11849 11848
f 4423 11848 4424
f 4422 11850 11849
f 4422 11849 4423
f 4421 11851 11850
f 4421 11850 4422
f 4420 11852 11851
f 4420 11851 4421
f 4419 11853 11852
f 4419 11852 4420
f 4418 11854 11853
f 4418 11853 4419
f 4417 11855 11854
f 4417 11854 4418
f 4416 11856 11855
f 4416 11855 4417
f 4415 11857 11856
f 4415 11856 4416
f 4414 11858 11857
f 4414 11857 4415
f 4413 11859 11858
f 4413 11858 4414
f 4412 11859 4413
f 4412 11860 11859
f 4411 11860 4412
f 4411 11861 11860
f 4410 11861 4411
f 4410 11862 11861
f 4409 11862 4410
f 4409 11863 11862
f 4408 11863 4409
f 4408 11864 11863
f 4407 11864 4408
f 4407 11865 11864
f 4406 11865 4407
f 4406 11866 11865
f 4405 11866 4406
f 4405 11867 11866
f 4405 11847 11867
f 4404 11847 4405
f 4445 11868 4425
f 4445 11869 11868
f 4444 11870 11869
f 4444 11869 4445
f 4443 11871 11870
f 4443 11870 4444
f 4442 11872 11871
f 4442 11871 4443
f 4441 11873 11872
f 4441 11872 4442
f 4440 11874 11873
f 4440 11873 4441
f 4439 11875 11874
f 4439 11874 4440
f 4438 11876 11875
f 4438 11875 4439
f 4437 11877 11876
f 4437 11876 4438
f 4436 11878 11877
f 4436 11877 4437
f 4435 11879 11878
f 4435 11878 4436
f 4434 11880 11879
f 4434 11879 4435
f 4433 11880 4434
f 4433 11881 11880
f 4432 11881 4433
f 4432 11882 11881
f 4431 11882 4432
f 4431 11883 11882
f 4430 11883 4431
f 4430 11884 11883
f 4429 11884 4430
f 4429 11885 11884
f 4428 11885 4429
f 4428 11886 11885
f 4427 11886 4428
f 4427 11887 11886
f 4426 11887 4427
f 4426 11888 11887
f 4426 11868 11888
f 4425 11868 4426
f 4466 11889 4446
f 4466 11890 11889
f 4465 11891 11890
f 4465 11890 4466
f 4464 11892 11891
f 4464 11891 4465
f 4463 11893 11892
f 4463 11892 4464
f 4462 11894 11893
f 4462 11893 4463
f 4461 11895 11894
f 4461 11894 4462
f 4460 11896 11895
f 4460 11895 4461
f 4459 11897 11896
f 4459 11896 4460
f 4458 11898 11897
f 4458 11897 4459
f 4457 11899 11898
f 4457 11898 4458
f 4456 11900 11899
f 4456 11899 4457
f 4455 11901 11900
f 4455 11900 4456
f 4454 11901 4455
f 4454 11902 11901
f 4453 11902 4454
f 4453 11903 11902
f 4452 11903 4453
f 4452 11904 11903
f 4451 11904 4452
f 4451 11905 11904
f 4450 11905 4451
f 4450 11906 11905
f 4449 11906 4450
f 4449 11907 11906
f 4448 11907 4449
f 4448 11908 11907
f 4447 11908 4448
f 4447 11909 11908
f 4446 11909 4447
f 4446 11889 11909
f 4487 11910 4467
f 4487 11911 11910
f 4486 11912 11911
f 4486 11911 4487
f 4485 11913 11912
f 4485 11912 4486
f 4484 11914 11913
f 4484 11913 4485
f 4483 11915 11914
f 4483 11914 4484
f 4482 11916 11915
f 4482 11915 4483
f 4481 11917 11916
f 4481 11916 4482
f 4480 11918 11917
f 4480 11917 4481
f 4479 11919 11918
f 4479 11918 4480
f 4478 11920 11919
f 4478 11919 4479
f 4477 11921 11920
f 4477 11920 4478
f 4476 11922 11921
f 4476 11921 4477
f 4475 11922 4476
f 4475 11923 11922
f 4474 11923 4475
f 4474 11924 11923
f 4473 11924 4474
f 4473 11925 11924
f 4472 11925 4473
f 4472 11926 11925
f 4471 11926 4472
f 4471 11927 11926
f 4470 11927 4471
f 4470 11928 11927
f 4469 11928 4470
f 4469 11929 11928
f 4468 11929 4469
f 4468 11930 11929
f 4468 11910 11930
f 4467 11910 4468
f 4508 11931 4488
f 4508 11932 11931
f 4507 11933 11932
f 4507 11932 4508
f 4506 11934 11933
f 4506 11933 4507
f 4505 11935 11934
f 4505 11934 4506
f 4504 11936 11935
f 4504 11935 4505
f 4503 11937 11936
f 4503 11936 4504
f 4502 11938 11937
f 4502 11937 4503
f 4501 11939 11938
f 4501 11938 4502
f 4500 11940 11939
f 4500 11939 4501
f 4499 11941 11940
f 4499 11940 4500
f 4498 11942 11941
f 4498 11941 4499
f 4497 11943 11942
f 4497 11942 4498
f 4496 11943 4497
f 4496 11944 11943
f 4495 11944 4496
f 4495 11945 11944
f 4494 11945 4495
f 4494 11946 11945
f 4493 11946 4494
f 4493 11947 11946
f 4492 11947 4493
f 4492 11948 11947
f 4491 11948 4492
f 4491 11949 11948
f 4490 11949 4491
f 4490 11950 11949
f 4489 11950 4490
f 4489 11951 11950
f 4489 11931 11951
f 4488 11931 4489
f 4529 11952 4509
f 4529 11953 11952
f 4528 11954 11953
f 4528 11953 4529
f 4527 11955 11954
f 4527 11954 4528
f 4526 11956 11955
f 4526 11955 4527
f 4525 11957 11956
f 4525 11956 4526
f 4524 11958 11957
f 4524 11957 4525
f 4523 11959 11958
f 4523 11958 4524
f 4522 11960 11959
f 4522 11959 4523
f 4521 11961 11960
f 4521 11960 4522
f 4520 11962 11961
f 4520 11961 4521
f 4519 11963 11962
f 4519 11962 4520
f 4518 11964 11963
f 4518 11963 4519
f 4517 11964 4518
f 4517 11965 11964
f 4516 11965 4517
f 4516 11966 11965
f 4515 11966 4516
f 4515 11967 11966
f 4514 11967 4515
f 4514 11968 11967
f 4513 11968 4514
f 4513 11969 11968
f 4512 11969 4513
f 4512 11970 11969
f 4511 11970 4512
f 4511 11971 11970
f 4510 11971 4511
f 4510 11972 11971
f 4509 11972 4510
f 4509 11952 11972
f 4550 11973 4530
f 4550 11974 11973
f 4549 11975 11974
f 4549 11974 4550
f 4548 11976 11975
f 4548 11975 4549
f 4547 11977 11976
f 4547 11976 4548
f 4546 11978 11977
f 4546 11977 4547
f 4545 11979 11978
f 4545 11978 4546
f 4544 11980 11979
f 4544 11979 4545
f 4543 11981 11980
f 4543 11980 4544
f 4542 11982 11981
f 4542 11981 4543
f 4541 11983 11982
f 4541 11982 4542
f 4540 11984 11983
f 4540 11983 4541
f 4539 11985 11984
f 4539 11984 4540
f 4538 11985 4539
f 4538 11986 11985
f 4537 11986 4538
f 4537 11987 11986
f 4536 11987 4537
f 4536 11988 11987
f 4535 11988 4536
f 4535 11989 11988
f 4534 11989 4535
f 4534 11990 11989
f 4533 11990 4534
f 4533 11991 11990
f 4532 11991 4533
f 4532 11992 11991
f 4531 11992 4532
f 4531 11993 11992
f 4531 11973 11993
f 4530 11973 4531
f 4571 11994 4551
f 4571 11995 11994
f 4570 11996 11995
f 4570 11995 4571
f 4569 11997 11996
f 4569 11996 4570
f 4568 11998 11997
f 4568 11997 4569
f 4567 11999 11998
f 4567 11998 4568
f 4566 12000 11999
f 4566 11999 4567
f 4565 12001 12000
f 4565 12000 4566
f 4564 12002 12001
f 4564 12001 4565
f 4563 12003 12002
f 4563 12002 4564
f 4562 12004 12003
f 4562 12003 4563
f 4561 12005 12004
f 4561 12004 4562
f 4560 12006 12005
f 4560 12005 4561
f 4559 12006 4560
f 4559 12007 12006
f 4558 12007 4559
f 4558 12008 12007
f 4557 12008 4558
f 4557 12009 12008
f 4556 12009 4557
f 4556 12010 12009
f 4555 12010 4556
f 4555 12011 12010
f 4554 12011 4555
f 4554 12012 12011
f 4553 12012 4554
f 4553 12013 12012
f 4552 12013 4553
f 4552 12014 12013
f 4552 11994 12014
f 4551 11994 4552
f 4592 12015 4572
f 4592 12016 12015
f 4591 12017 12016
f 4591 12016 4592
f 4590 12018 12017
f 4590 12017 4591
f 4589 12019 12018
f 4589 12018 4590
f 4588 12020 12019
f 4588 12019 4589
f 4587 12021 12020
f 4587 12020 4588
f 4586 12022 12021
f 4586 12021 4587
f 4585 12023 12022
f 4585 12022 4586
f 4584 12024 12023
f 4584 12023 4585
f 4583 12025 12024
f 4583 12024 4584
f 4582 12026 12025
f 4582 12025 4583
f 4581 12027 12026
f 4581 12026 4582
f 4580 12027 4581
f 4580 12028 12027
f 4579 12028 4580
f 4579 12029 12028
f 4578 12029 4579
f 4578 12030 12029
f 4577 12030 4578
f 4577 12031 12030
f 4576 12031 4577
f 4576 12032 12031
f 4575 12032 4576
f 4575 12033 12032
f 4574 12033 4575
f 4574 12034 12033
f 4573 12034 4574
f 4573 12035 12034
f 4573 12015 12035
f 4572 12015 4573
f 4613 12036 4593
f 4613 12037 12036
f 4612 12038 12037
f 4612 12037 4613
f 4611 12039 12038
f 4611 12038 4612
f 4610 12040 12039
f 4610 12039 4611
f 4609 12041 12040
f 4609 12040 4610
f 4608 12042 12041
f 4608 12041 4609
f 4607 12043 12042
f 4607 12042 4608
f 4606 12044 12043
f 4606 12043 4607
f 4605 12045 12044
f 4605 12044 4606
f 4604 12046 12045
f 4604 12045 4605
f 4603 12047 12046
f 4603 12046 4604
f 4602 12048 12047
f 4602 12047 4603
f 4601 12048 4602
f 4601 12049 12048
f 4600 12049 4601
f 4600 12050 12049
f 4599 12050 4600
f 4599 12051 12050
f 4598 12051 4599
f 4598 12052 12051
f 4597 12052 4598
f 4597 12053 12052
f 4596 12053 4597
f 4596 12054 12053
f 4595 12054 4596
f 4595 12055 12054
f 4594 12055 4595
f 4594 12056 12055
f 4594 12036 12056
f 4593 12036 4594
f 4634 12057 4614
f 4634 12058 12057
f 4633 12059 12058
f 4633 12058 4634
f 4632 12060 12059
f 4632 12059 4633
f 4631 12061 12060
f 4631 12060 4632
f 4630 12062 12061
f 4630 12061 4631
f 4629 12063 12062
f 4629 12062 4630
f 4628 12064 12063
f 4628 12063 4629
f 4627 12065 12064
f 4627 12064 4628
f 4626 12066 12065
f 4626 12065 4627
f 4625 12067 12066
f 4625 12066 4626
f 4624 12068 12067
f 4624 12067 4625
f 4623 12069 12068
f 4623 12068 4624
f 4622 12069 4623
f 4622 12070 12069
f 4621 12070 4622
f 4621 12071 12070
f 4620 12071 4621
f 4620 12072 12071
f 4619 12072 4620
f 4619 12073 12072
f 4618 12073 4619
f 4618 12074 12073
f 4617 12074 4618
f 4617 12075 12074
f 4616 12075 4617
f 4616 12076 12075
f 4615 12076 4616
f 4615 12077 12076
f 4615 12057 12077
f 4614 12057 4615
f 4655 12078 4635
f 4655 12079 12078
f 4654 12080 12079
f 4654 12079 4655
f 4653 12081 12080
f 4653 12080 4654
f 4652 12082 12081
f 4652 12081 4653
f 4651 12083 12082
f 4651 12082 4652
f 4650 12084 12083
f 4650 12083 4651
f 4649 12085 12084
f 4649 12084 4650
f 4648 12086 12085
f 4648 12085 4649
f 4647 12087 12086
f 4647 12086 4648
f 4646 12088 12087
f 4646 12087 4647
f 4645 12089 12088
f 4645 12088 4646
f 4644 12090 12089
f 4644 12089 4645
f 4643 12090 4644
f 4643 12091 12090
f 4642 12091 4643
f 4642 12092 12091
f 4641 12092 4642
f 4641 12093 12092
f 4640 12093 4641
f 4640 12094 12093
f 4639 12094 4640
f 4639 12095 12094
f 4638 12095 4639
f 4638 12096 12095
f 4637 12096 4638
f 4637 12097 12096
f 4636 12097 4637
f 4636 12098 12097
f 4636 12078 12098
f 4635 12078 4636
f 4676 12099 4656
f 4676 12100 12099
f 4675 12101 12100
f 4675 12100 4676
f 4674 12102 12101
f 4674 12101 4675
f 4673 12103 12102
f 4673 12102 4674
f 4672 12104 12103
f 4672 12103 4673
f 4671 12105 12104
f 4671 12104 4672
f 4670 12106 12105
f 4670 12105 4671
f 4669 12107 12106
f 4669 12106 4670
f 4668 12108 12107
f 4668 12107 4669
f 4667 12109 12108
f 4667 12108 4668
f 4666 12110 12109
f 4666 12109 4667
f 4665 12111 12110
f 4665 12110 4666
f 4664 12111 4665
f 4664 12112 12111
f 4663 12112 4664
f 4663 12113 12112
f 4662 12113 4663
f 4662 12114 12113
f 4661 12114 4662
f 4661 12115 12114
f 4660 12115 4661
f 4660 12116 12115
f 4659 12116 4660
f 4659 12117 12116
f 4658 12117 4659
f 4658 12118 12117
f 4657 12118 4658
f 4657 12119 12118
f 4657 12099 12119
f 4656 12099 4657
f 4697 12120 4677
f 4697 12121 12120
f 4696 12122 12121
f 4696 12121 4697
f 4695 12123 12122
f 4695 12122 4696
f 4694 12124 12123
f 4694 12123 4695
f 4693 12125 12124
f 4693 12124 4694
f 4692 12126 12125
f 4692 12125 4693
f 4691 12127 12126
f 4691 12126 4692
f 4690 12128 12127
f 4690 12127 4691
f 4689 12129 12128
f 4689 12128 4690
f 4688 12130 12129
f 4688 12129 4689
f 4687 12131 12130
f 4687 12130 4688
f 4686 12132 12131
f 4686 12131 4687
f 4685 12132 4686
f 4685 12133 12132
f 4684 12133 4685
f 4684 12134 12133
f 4683 12134 4684
f 4683 12135 12134
f 4682 12135 4683
f 4682 12136 12135
f 4681 12136 4682
f 4681 12137 12136
f 4680 12137 4681
f 4680 12138 12137
f 4679 12138 4680
f 4679 12139 12138
f 4678 12139 4679
f 4678 12140 12139
f 4678 12120 12140
f 4677 12120 4678
f 4718 12141 4698
f 4718 12142 12141
f 4717 12143 12142
f 4717 12142 4718
f 4716 12144 12143
f 4716 12143 4717
f 4715 12145 12144
f 4715 12144 4716
f 4714 12146 12145
f 4714 12145 4715
f 4713 12147 12146
f 4713 12146 4714
f 4712 12148 12147
f 4712 12147 4713
f 4711 12149 12148
f 4711 12148 4712
f 4710 12150 12149
f 4710 12149 4711
f 4709 12151 12150
f 4709 12150 4710
f 4708 12152 12151
f 4708 12151 4709
f 4707 12153 12152
f 4707 12152 4708
f 4706 12153 4707
f 4706 12154 12153
f 4705 12154 4706
f 4705 12155 12154
f 4704 12155 4705
f 4704 12156 12155
f 4703 12156 4704
f 4703 12157 12156
f 4702 12157 4703
f 4702 12158 12157
f 4701 12158 4702
f 4701 12159 12158
f 4700 12159 4701
f 4700 12160 12159
f 4699 12160 4700
f 4699 12161 12160
f 4699 12141 12161
f 4698 12141 4699
f 4739 12162 4719
f 4739 12163 12162
f 4738 12164 12163
f 4738 12163 4739
f 4737 12165 12164
f 4737 12164 4738
f 4736 12166 12165
f 4736 12165 4737
f 4735 12167 12166
f 4735 12166 4736
f 4734 12168 12167
f 4734 12167 4735
f 4733 12169 12168
f 4733 12168 4734
f 4732 12170 12169
f 4732 12169 4733
f 4731 12171 12170
f 4731 12170 4732
f 4730 12172 12171
f 4730 12171 4731
f 4729 12173 12172
f 4729 12172 4730
f 4728 12174 12173
f 4728 12173 4729
f 4727 12174 4728
f 4727 12175 12174
f 4726 12175 4727
f 4726 12176 12175
f 4725 12176 4726
f 4725 12177 12176
f 4724 12177 4725
f 4724 12178 12177
f 4723 12178 4724
f 4723 12179 12178
f 4722 12179 4723
f 4722 12180 12179
f 4721 12180 4722
f 4721 12181 12180
f 4720 12181 4721
f 4720 12182 12181
f 4719 12182 4720
f 4719 12162 12182
f 4760 12183 4740
f 4760 12184 12183
f 4759 12185 12184
f 4759 12184 4760
f 4758 12186 12185
f 4758 12185 4759
f 4757 12187 12186
f 4757 12186 4758
f 4756 12188 12187
f 4756 12187 4757
f 4755 12189 12188
f 4755 12188 4756
f 4754 12190 12189
f 4754 12189 4755
f 4753 12191 12190
f 4753 12190 4754
f 4752 12192 12191
f 4752 12191 4753
f 4751 12193 12192
f 4751 12192 4752
f 4750 12194 12193
f 4750 12193 4751
f 4749 12195 12194
f 4749 12194 4750
f 4748 12195 4749
f 4748 12196 12195
f 4747 12196 4748
f 4747 12197 12196
f 4746 12197 4747
f 4746 12198 12197
f 4745 12198 4746
f 4745 12199 12198
f 4744 12199 4745
f 4744 12200 12199
f 4743 12200 4744
f 4743 12201 12200
f 4742 12201 4743
f 4742 12202 12201
f 4741 12202 4742
f 4741 12203 12202
f 4741 12183 12203
f 4740 12183 4741
f 4781 12204 4761
f 4781 12205 12204
f 4780 12206 12205
f 4780 12205 4781
f 4779 12207 12206
f 4779 12206 4780
f 4778 12208 12207
f 4778 12207 4779
f 4777 12209 12208
f 4777 12208 4778
f 4776 12210 12209
f 4776 12209 4777
f 4775 12211 12210
f 4775 12210 4776
f 4774 12212 12211
f 4774 12211 4775
f 4773 12213 12212
f 4773 12212 4774
f 4772 12214 12213
f 4772 12213 4773
f 4771 12215 12214
f 4771 12214 4772
f 4770 12216 12215
f 4770 12215 4771
f 4769 12216 4770
f 4769 12217 12216
f 4768 12217 4769
f 4768 12218 12217
f 4767 12218 4768
f 4767 12219 12218
f 4766 12219 4767
f 4766 12220 12219
f 4765 12220 4766
f 4765 12221 12220
f 4764 12221 4765
f 4764 12222 12221
f 4763 12222 4764
f 4763 12223 12222
f 4762 12223 4763
f 4762 12224 12223
f 4762 12204 12224
f 4761 12204 4762
f 4802 12225 4782
f 4802 12226 12225
f 4801 12227 12226
f 4801 12226 4802
f 4800 12228 12227
f 4800 12227 4801
f 4799 12229 12228
f 4799 12228 4800
f 4798 12230 12229
f 4798 12229 4799
f 4797 12231 12230
f 4797 12230 4798
f 4796 12232 12231
f 4796 12231 4797
f 4795 12233 12232
f 4795 12232 4796
f 4794 12234 12233
f 4794 12233 4795
f 4793 12235 12234
f 4793 12234 4794
f 4792 12236 12235
f 4792 12235 4793
f 4791 12237 12236
f 4791 12236 4792
f 4790 12237 4791
f 4790 12238 12237
f 4789 12238 4790
f 4789 12239 12238
f 4788 12239 4789
f 4788 12240 12239
f 4787 12240 4788
f 4787 12241 12240
f 4786 12241 4787
f 4786 12242 12241
f 4785 12242 4786
f 4785 12243 12242
f 4784 12243 4785
f 4784 12244 12243
f 4783 12244 4784
f 4783 12245 12244
f 4782 12245 4783
f 4782 12225 12245
f 4823 12246 4803
f 4823 12247 12246
f 4822 12248 12247
f 4822 12247 4823
f 4821 12249 12248
f 4821 12248 4822
f 4820 12250 12249
f 4820 12249 4821
f 4819 12251 12250
f 4819 12250 4820
f 4818 12252 12251
f 4818 12251 4819
f 4817 12253 12252
f 4817 12252 4818
f 4816 12254 12253
f 4816 12253 4817
f 4815 12255 12254
f 4815 12254 4816
f 4814 12256 12255
f 4814 12255 4815
f 4813 12257 12256
f 4813 12256 4814
f 4812 12258 12257
f 4812 12257 4813
f 4811 12258 4812
f 4811 12259 12258
f 4810 12259 4811
f 4810 12260 12259
f 4809 12260 4810
f 4809 12261 12260
f 4808 12261 4809
f 4808 12262 12261
f 4807 12262 4808
f 4807 12263 12262
f 4806 12263 4807
f 4806 12264 12263
f 4805 12264 4806
f 4805 12265 12264
f 4804 12265 4805
f 4804 12266 12265
f 4804 12246 12266
f 4803 12246 4804
f 4844 12267 4824
f 4844 12268 12267
f 4843 12269 12268
f 4843 12268 4844
f 4842 12270 12269
f 4842 12269 4843
f 4841 12271 12270
f 4841 12270 4842
f 4840 12272 12271
f 4840 12271 4841
f 4839 12273 12272
f 4839 12272 4840
f 4838 12274 12273
f 4838 12273 4839
f 4837 12275 12274
f 4837 12274 4838
f 4836 12276 12275
f 4836 12275 4837
f 4835 12277 12276
f 4835 12276 4836
f 4834 12278 12277
f 4834 12277 4835
f 4833 12279 12278
f 4833 12278 4834
f 4832 12279 4833
f 4832 12280 12279
f 4831 12280 4832
f 4831 12281 12280
f 4830 12281 4831
f 4830 12282 12281
f 4829 12282 4830
f 4829 12283 12282
f 4828 12283 4829
f 4828 12284 12283
f 4827 12284 4828
f 4827 12285 12284
f 4826 12285 4827
f 4826 12286 12285
f 4825 12286 4826
f 4825 12287 12286
f 4825 12267 12287
f 4824 12267 4825
f 4865 12288 4845
f 4865 12289 12288
f 4864 12290 12289
f 4864 12289 4865
f 4863 12291 12290
f 4863 12290 4864
f 4862 12292 12291
f 4862 12291 4863
f 4861 12293 12292
f 4861 12292 4862
f 4860 12294 12293
f 4860 12293 4861
f 4859 12295 12294
f 4859 12294 4860
f 4858 12296 12295
f 4858 12295 4859
f 4857 12297 12296
f 4857 12296 4858
f 4856 12298 12297
f 4856 12297 4857
f 4855 12299 12298
f 4855 12298 4856
f 4854 12300 12299
f 4854 12299 4855
f 4853 12300 4854
f 4853 12301 12300
f 4852 12301 4853
f 4852 12302 12301
f 4851 12302 4852
f 4851 12303 12302
f 4850 12303 4851
f 4850 12304 12303
f 4849 12304 4850
f 4849 12305 12304
f 4848 12305 4849
f 4848 12306 12305
f 4847 12306 4848
f 4847 12307 12306
f 4846 12307 4847
f 4846 12308 12307
f 4846 12288 12308
f 4845 12288 4846
f 4886 12309 4866
f 4886 12310 12309
f 4885 12311 12310
f 4885 12310 4886
f 4884 12312 12311
f 4884 12311 4885
f 4883 12313 12312
f 4883 12312 4884
f 4882 12314 12313
f 4882 12313 4883
f 4881 12315 12314
f 4881 12314 4882
f 4880 12316 12315
f 4880 12315 4881
f 4879 12317 12316
f 4879 12316 4880
f 4878 12318 12317
f 4878 12317 4879
f 4877 12319 12318
f 4877 12318 4878
f 4876 12320 12319
f 4876 12319 4877
f 4875 12321 12320
f 4875 12320 4876
f 4874 12321 4875
f 4874 12322 12321
f 4873 12322 4874
f 4873 12323 12322
f 4872 12323 4873
f 4872 12324 12323
f 4871 12324 4872
f 4871 12325 12324
f 4870 12325 4871
f 4870 12326 12325
f 4869 12326 4870
f 4869 12327 12326
f 4868 12327 4869
f 4868 12328 12327
f 4867 12328 4868
f 4867 12329 12328
f 4867 12309 12329
f 4866 12309 4867
f 4907 12330 4887
f 4907 12331 12330
f 4906 12332 12331
f 4906 12331 4907
f 4905 12333 12332
f 4905 12332 4906
f 4904 12334 12333
f 4904 12333 4905
f 4903 12335 12334
f 4903 12334 4904
f 4902 12336 12335
f 4902 12335 4903
f 4901 12337 12336
f 4901 12336 4902
f 4900 12338 12337
f 4900 12337 4901
f 4899 12339 12338
f 4899 12338 4900
f 4898 12340 12339
f 4898 12339 4899
f 4897 12341 12340
f 4897 12340 4898
f 4896 12342 12341
f 4896 12341 4897
f 4895 12342 4896
f 4895 12343 12342
f 4894 12343 4895
f 4894 12344 12343
f 4893 12344 4894
f 4893 12345 12344
f 4892 12345 4893
f 4892 12346 12345
f 4891 12346 4892
f 4891 12347 12346
f 4890 12347 4891
f 4890 12348 12347
f 4889 12348 4890
f 4889 12349 12348
f 4888 12349 4889
f 4888 12350 12349
f 4888 12330 12350
f 4887 12330 4888
f 4928 12351 4908
f 4928 12352 12351
f 4927 12353 12352
f 4927 12352 4928
f 4926 12354 12353
f 4926 12353 4927
f 4925 12355 12354
f 4925 12354 4926
f 4924 12356 12355
f 4924 12355 4925
f 4923 12357 12356
f 4923 12356 4924
f 4922 12358 12357
f 4922 12357 4923
f 4921 12359 12358
f 4921 12358 4922
f 4920 12360 12359
f 4920 12359 4921
f 4919 12361 12360
f 4919 12360 4920
f 4918 12362 12361
f 4918 12361 4919
f 4917 12363 12362
f 4917 12362 4918
f 4916 12363 4917
f 4916 12364 12363
f 4915 12364 4916
f 4915 12365 12364
f 4914 12365 4915
f 4914 12366 12365
f 4913 12366 4914
f 4913 12367 12366
f 4912 12367 4913
f 4912 12368 12367
f 4911 12368 4912
f 4911 12369 12368
f 4910 12369 4911
f 4910 12370 12369
f 4909 12370 4910
f 4909 12371 12370
f 4909 12351 12371
f 4908 12351 4909
f 4949 12372 4929
f 4949 12373 12372
f 4948 12374 12373
f 4948 12373 4949
f 4947 12375 12374
f 4947 12374 4948
f 4946 12376 12375
f 4946 12375 4947
f 4945 12377 12376
f 4945 12376 4946
f 4944 12378 12377
f 4944 12377 4945
f 4943 12379 12378
f 4943 12378 4944
f 4942 12380 12379
f 4942 12379 4943
f 4941 12381 12380
f 4941 12380 4942
f 4940 12382 12381
f 4940 12381 4941
f 4939 12383 12382
f 4939 12382 4940
f 4938 12384 12383
f 4938 12383 4939
f 4937 12384 4938
f 4937 12385 12384
f 4936 12385 4937
f 4936 12386 12385
f 4935 12386 4936
f 4935 12387 12386
f 4934 12387 4935
f 4934 12388 12387
f 4933 12388 4934
f 4933 12389 12388
f 4932 12389 4933
f 4932 12390 12389
f 4931 12390 4932
f 4931 12391 12390
f 4930 12391 4931
f 4930 12392 12391
f 4930 12372 12392
f 4929 12372 4930
f 4970 12393 4950
f 4970 12394 12393
f 4969 12395 12394
f 4969 12394 4970
f 4968 12396 12395
f 4968 12395 4969
f 4967 12397 12396
f 4967 12396 4968
f 4966 12398 12397
f 4966 12397 4967
f 4965 12399 12398
f 4965 12398 4966
f 4964 12400 12399
f 4964 12399 4965
f 4963 12401 12400
f 4963 12400 4964
f 4962 12402 12401
f 4962 12401 4963
f 4961 12403 12402
f 4961 12402 4962
f 4960 12404 12403
f 4960 12403 4961
f 4959 12405 12404
f 4959 12404 4960
f 4958 12405 4959
f 4958 12406 12405
f 4957 12406 4958
f 4957 12407 12406
f 4956 12407 4957
f 4956 12408 12407
f 4955 12408 4956
f 4955 12409 12408
f 4954 12409 4955
f 4954 12410 12409
f 4953 12410 4954
f 4953 12411 12410
f 4952 12411 4953
f 4952 12412 12411
f 4951 12412 4952
f 4951 12413 12412
f 4951 12393 12413
f 4950 12393 4951
f 4991 12414 4971
f 4991 12415 12414
f 4990 12416 12415
f 4990 12415 4991
f 4989 12417 12416
f 4989 12416 4990
f 4988 12418 12417
f 4988 12417 4989
f 4987 12419 12418
f 4987 12418 4988
f 4986 12420 12419
f 4986 12419 4987
f 4985 12421 12420
f 4985 12420 4986
f 4984 12422 12421
f 4984 12421 4985
f 4983 12423 12422
f 4983 12422 4984
f 4982 12424 12423
f 4982 12423 4983
f 4981 12425 12424
f 4981 12424 4982
f 4980 12426 12425
f 4980 12425 4981
f 4979 12426 4980
f 4979 12427 12426
f 4978 12427 4979
f 4978 12428 12427
f 4977 12428 4978
f 4977 12429 12428
f 4976 12429 4977
f 4976 12430 12429
f 4975 12430 4976
f 4975 12431 12430
f 4974 12431 4975
f 4974 12432 12431
f 4973 12432 4974
f 4973 12433 12432
f 4972 12433 4973
f 4972 12434 12433
f 4972 12414 12434
f 4971 12414 4972
f 5012 12435 4992
f 5012 12436 12435
f 5011 12437 12436
f 5011 12436 5012
f 5010 12438 12437
f 5010 12437 5011
f 5009 12439 12438
f 5009 12438 5010
f 5008 12440 12439
f 5008 12439 5009
f 5007 12441 12440
f 5007 12440 5008
f 5006 12442 12441
f 5006 12441 5007
f 5005 12443 12442
f 5005 12442 5006
f 5004 12444 12443
f 5004 12443 5005
f 5003 12445 12444
f 5003 12444 5004
f 5002 12446 12445
f 5002 12445 5003
f 5001 12447 12446
f 5001 12446 5002
f 5000 12447 5001
f 5000 12448 12447
f 4999 12448 5000
f 4999 12449 12448
f 4998 12449 4999
f 4998 12450 12449
f 4997 12450 4998
f 4997 12451 12450
f 4996 12451 4997
f 4996 12452 12451
f 4995 12452 4996
f 4995 12453 12452
f 4994 12453 4995
f 4994 12454 12453
f 4993 12454 4994
f 4993 12455 12454
f 4993 12435 12455
f 4992 12435 4993
f 5033 12456 5013
f 5033 12457 12456
f 5032 12458 12457
f 5032 12457 5033
f 5031 12459 12458
f 5031 12458 5032
f 5030 12460 12459
f 5030 12459 5031
f 5029 12461 12460
f 5029 12460 5030
f 5028 12462 12461
f 5028 12461 5029
f 5027 12463 12462
f 5027 12462 5028
f 5026 12464 12463
f 5026 12463 5027
f 5025 12465 12464
f 5025 12464 5026
f 5024 12466 12465
f 5024 12465 5025
f 5023 12467 12466
f 5023 12466 5024
f 5022 12468 12467
f 5022 12467 5023
f 5021 12468 5022
f 5021 12469 12468
f 5020 12469 5021
f 5020 12470 12469
f 5019 12470 5020
f 5019 12471 12470
f 5018 12471 5019
f 5018 12472 12471
f 5017 12472 5018
f 5017 12473 12472
f 5016 12473 5017
f 5016 12474 12473
f 5015 12474 5016
f 5015 12475 12474
f 5014 12475 5015
f 5014 12476 12475
f 5013 12476 5014
f 5013 12456 12476
f 5054 12477 5034
f 5054 12478 12477
f 5053 12479 12478
f 5053 12478 5054
f 5052 12480 12479
f 5052 12479 5053
f 5051 12481 12480
f 5051 12480 5052
f 5050 12482 12481
f 5050 12481 5051
f 5049 12483 12482
f 5049 12482 5050
f 5048 12484 12483
f 5048 12483 5049
f 5047 12485 12484
f 5047 12484 5048
f 5046 12486 12485
f 5046 12485 5047
f 5045 12487 12486
f 5045 12486 5046
f 5044 12488 12487
f 5044 12487 5045
f 5043 12489 12488
f 5043 12488 5044
f 5042 12489 5043
f 5042 12490 12489
f 5041 12490 5042
f 5041 12491 12490
f 5040 12491 5041
f 5040 12492 12491
f 5039 12492 5040
f 5039 12493 12492
f 5038 12493 5039
f 5038 12494 12493
f 5037 12494 5038
f 5037 12495 12494
f 5036 12495 5037
f 5036 12496 12495
f 5035 12496 5036
f 5035 12497 12496
f 5035 12477 12497
f 5034 12477 5035
f 5075 12498 5055
f 5075 12499 12498
f 5074 12500 12499
f 5074 12499 5075
f 5073 12501 12500
f 5073 12500 5074
f 5072 12502 12501
f 5072 12501 5073
f 5071 12503 12502
f 5071 12502 5072
f 5070 12504 12503
f 5070 12503 5071
f 5069 12505 12504
f 5069 12504 5070
f 5068 12506 12505
f 5068 12505 5069
f 5067 12507 12506
f 5067 12506 5068
f 5066 12508 12507
f 5066 12507 5067
f 5065 12509 12508
f 5065 12508 5066
f 5064 12510 12509
f 5064 12509 5065
f 5063 12510 5064
f 5063 12511 12510
f 5062 12511 5063
f 5062 12512 12511
f 5061 12512 5062
f 5061 12513 12512
f 5060 12513 5061
f 5060 12514 12513
f 5059 12514 5060
f 5059 12515 12514
f 5058 12515 5059
f 5058 12516 12515
f 5057 12516 5058
f 5057 12517 12516
f 5056 12517 5057
f 5056 12518 12517
f 5056 12498 12518
f 5055 12498 5056
f 5096 12519 5076
f 5096 12520 12519
f 5095 12521 12520
f 5095 12520 5096
f 5094 12522 12521
f 5094 12521 5095
f 5093 12523 12522
f 5093 12522 5094
f 5092 12524 12523
f 5092 12523 5093
f 5091 12525 12524
f 5091 12524 5092
f 5090 12526 12525
f 5090 12525 5091
f 5089 12527 12526
f 5089 12526 5090
f 5088 12528 12527
f 5088 12527 5089
f 5087 12529 12528
f 5087 12528 5088
f 5086 12530 12529
f 5086 12529 5087
f 5085 12531 12530
f 5085 12530 5086
f 5084 12531 5085
f 5084 12532 12531
f 5083 12532 5084
f 5083 12533 12532
f 5082 12533 5083
f 5082 12534 12533
f 5081 12534 5082
f 5081 12535 12534
f 5080 12535 5081
f 5080 12536 12535
f 5079 12536 5080
f 5079 12537 12536
f 5078 12537 5079
f 5078 12538 12537
f 5077 12538 5078
f 5077 12539 12538
f 5076 12539 5077
f 5076 12519 12539
f 5117 12540 5097
f 5117 12541 12540
f 5116 12542 12541
f 5116 12541 5117
f 5115 12543 12542
f 5115 12542 5116
f 5114 12544 12543
f 5114 12543 5115
f 5113 12545 12544
f 5113 12544 5114
f 5112 12546 12545
f 5112 12545 5113
f 5111 12547 12546
f 5111 12546 5112
f 5110 12548 12547
f 5110 12547 5111
f 5109 12549 12548
f 5109 12548 5110
f 5108 12550 12549
f 5108 12549 5109
f 5107 12551 12550
f 5107 12550 5108
f 5106 12552 12551
f 5106 12551 5107
f 5105 12552 5106
f 5105 12553 12552
f 5104 12553 5105
f 5104 12554 12553
f 5103 12554 5104
f 5103 12555 12554
f 5102 12555 5103
f 5102 12556 12555
f 5101 12556 5102
f 5101 12557 12556
f 5100 12557 5101
f 5100 12558 12557
f 5099 12558 5100
f 5099 12559 12558
f 5098 12559 5099
f 5098 12560 12559
f 5098 12540 12560
f 5097 12540 5098
f 5138 12561 5118
f 5138 12562 12561
f 5137 12563 12562
f 5137 12562 5138
f 5136 12564 12563
f 5136 12563 5137
f 5135 12565 12564
f 5135 12564 5136
f 5134 12566 12565
f 5134 12565 5135
f 5133 12567 12566
f 5133 12566 5134
f 5132 12568 12567
f 5132 12567 5133
f 5131 12569 12568
f 5131 12568 5132
f 5130 12570 12569
f 5130 12569 5131
f 5129 12571 12570
f 5129 12570 5130
f 5128 12572 12571
f 5128 12571 5129
f 5127 12573 12572
f 5127 12572 5128
f 5126 12573 5127
f 5126 12574 12573
f 5125 12574 5126
f 5125 12575 12574
f 5124 12575 5125
f 5124 12576 12575
f 5123 12576 5124
f 5123 12577 12576
f 5122 12577 5123
f 5122 12578 12577
f 5121 12578 5122
f 5121 12579 12578
f 5120 12579 5121
f 5120 12580 12579
f 5119 12580 5120
f 5119 12581 12580
f 5119 12561 12581
f 5118 12561 5119
f 5159 12582 5139
f 5159 12583 12582
f 5158 12584 12583
f 5158 12583 5159
f 5157 12585 12584
f 5157 12584 5158
f 5156 12586 12585
f 5156 12585 5157
f 5155 12587 12586
f 5155 12586 5156
f 5154 12588 12587
f 5154 12587 5155
f 5153 12589 12588
f 5153 12588 5154
f 5152 12590 12589
f 5152 12589 5153
f 5151 12591 12590
f 5151 12590 5152
f 5150 12592 12591
f 5150 12591 5151
f 5149 12593 12592
f 5149 12592 5150
f 5148 12594 12593
f 5148 12593 5149
f 5147 12594 5148
f 5147 12595 12594
f 5146 12595 5147
f 5146 12596 12595
f 5145 12596 5146
f 5145 12597 12596
f 5144 12597 5145
f 5144 12598 12597
f 5143 12598 5144
f 5143 12599 12598
f 5142 12599 5143
f 5142 12600 12599
f 5141 12600 5142
f 5141 12601 12600
f 5140 12601 5141
f 5140 12602 12601
f 5140 12582 12602
f 5139 12582 5140
f 5180 12603 5160
f 5180 12604 12603
f 5179 12605 12604
f 5179 12604 5180
f 5178 12606 12605
f 5178 12605 5179
f 5177 12607 12606
f 5177 12606 5178
f 5176 12608 12607
f 5176 12607 5177
f 5175 12609 12608
f 5175 12608 5176
f 5174 12610 12609
f 5174 12609 5175
f 5173 12611 12610
f 5173 12610 5174
f 5172 12612 12611
f 5172 12611 5173
f 5171 12613 12612
f 5171 12612 5172
f 5170 12614 12613
f 5170 12613 5171
f 5169 12615 12614
f 5169 12614 5170
f 5168 12615 5169
f 5168 12616 12615
f 5167 12616 5168
f 5167 12617 12616
f 5166 12617 5167
f 5166 12618 12617
f 5165 12618 5166
f 5165 12619 12618
f 5164 12619 5165
f 5164 12620 12619
f 5163 12620 5164
f 5163 12621 12620
f 5162 12621 5163
f 5162 12622 12621
f 5161 12622 5162
f 5161 12623 12622
f 5161 12603 12623
f 5160 12603 5161
f 5201 12624 5181
f 5201 12625 12624
f 5200 12626 12625
f 5200 12625 5201
f 5199 12627 12626
f 5199 12626 5200
f 5198 12628 12627
f 5198 12627 5199
f 5197 12629 12628
f 5197 12628 5198
f 5196 12630 12629
f 5196 12629 5197
f 5195 12631 12630
f 5195 12630 5196
f 5194 12632 12631
f 5194 12631 5195
f 5193 12633 12632
f 5193 12632 5194
f 5192 12634 12633
f 5192 12633 5193
f 5191 12635 12634
f 5191 12634 5192
f 5190 12636 12635
f 5190 12635 5191
f 5189 12636 5190
f 5189 12637 12636
f 5188 12637 5189
f 5188 12638 12637
f 5187 12638 5188
f 5187 12639 12638
f 5186 12639 5187
f 5186 12640 12639
f 5185 12640 5186
f 5185 12641 12640
f 5184 12641 5185
f 5184 12642 12641
f 5183 12642 5184
f 5183 12643 12642
f 5182 12643 5183
f 5182 12644 12643
f 5182 12624 12644
f 5181 12624 5182
f 5222 12645 5202
f 5222 12646 12645
f 5221 12647 12646
f 5221 12646 5222
f 5220 12648 12647
f 5220 12647 5221
f 5219 12649 12648
f 5219 12648 5220
f 5218 12650 12649
f 5218 12649 5219
f 5217 12651 12650
f 5217 12650 5218
f 5216 12652 12651
f 5216 12651 5217
f 5215 12653 12652
f 5215 12652 5216
f 5214 12654 12653
f 5214 12653 5215
f 5213 12655 12654
f 5213 12654 5214
f 5212 12656 12655
f 5212 12655 5213
f 5211 12657 12656
f 5211 12656 5212
f 5210 12657 5211
f 5210 12658 12657
f 5209 12658 5210
f 5209 12659 12658
f 5208 12659 5209
f 5208 12660 12659
f 5207 12660 5208
f 5207 12661 12660
f 5206 12661 5207
f 5206 12662 12661
f 5205 12662 5206
f 5205 12663 12662
f 5204 12663 5205
f 5204 12664 12663
f 5203 12664 5204
f 5203 12665 12664
f 5203 12645 12665
f 5202 12645 5203
f 5243 12666 5223
f 5243 12667 12666
f 5242 12668 12667
f 5242 12667 5243
f 5241 12669 12668
f 5241 12668 5242
f 5240 12670 12669
f 5240 12669 5241
f 5239 12671 12670
f 5239 12670 5240
f 5238 12672 12671
f 5238 12671 5239
f 5237 12673 12672
f 5237 12672 5238
f 5236 12674 12673
f 5236 12673 5237
f 5235 12675 12674
f 5235 12674 5236
f 5234 12676 12675
f 5234 12675 5235
f 5233 12677 12676
f 5233 12676 5234
f 5232 12678 12677
f 5232 12677 5233
f 5231 12678 5232
f 5231 12679 12678
f 5230 12679 5231
f 5230 12680 12679
f 5229 12680 5230
f 5229 12681 12680
f 5228 12681 5229
f 5228 12682 12681
f 5227 12682 5228
f 5227 12683 12682
f 5226 12683 5227
f 5226 12684 12683
f 5225 12684 5226
f 5225 12685 12684
f 5224 12685 5225
f 5224 12686 12685
f 5224 12666 12686
f 5223 12666 5224
f 5264 12687 5244
f 5264 12688 12687
f 5263 12689 12688
f 5263 12688 5264
f 5262 12690 12689
f 5262 12689 5263
f 5261 12691 12690
f 5261 12690 5262
f 5260 12692 12691
f 5260 12691 5261
f 5259 12693 12692
f 5259 12692 5260
f 5258 12694 12693
f 5258 12693 5259
f 5257 12695 12694
f 5257 12694 5258
f 5256 12696 12695
f 5256 12695 5257
f 5255 12697 12696
f 5255 12696 5256
f 5254 12698 12697
f 5254 12697 5255
f 5253 12699 12698
f 5253 12698 5254
f 5252 12699 5253
f 5252 12700 12699
f 5251 12700 5252
f 5251 12701 12700
f 5250 12701 5251
f 5250 12702 12701
f 5249 12702 5250
f 5249 12703 12702
f 5248 12703 5249
f 5248 12704 12703
f 5247 12704 5248
f 5247 12705 12704
f 5246 12705 5247
f 5246 12706 12705
f 5245 12706 5246
f 5245 12707 12706
f 5245 12687 12707
f 5244 12687 5245
f 5285 12708 5265
f 5285 12709 12708
f 5284 12710 12709
f 5284 12709 5285
f 5283 12711 12710
f 5283 12710 5284
f 5282 12712 12711
f 5282 12711 5283
f 5281 12713 12712
f 5281 12712 5282
f 5280 12714 12713
f 5280 12713 5281
f 5279 12715 12714
f 5279 12714 5280
f 5278 12716 12715
f 5278 12715 5279
f 5277 12717 12716
f 5277 12716 5278
f 5276 12718 12717
f 5276 12717 5277
f 5275 12719 12718
f 5275 12718 5276
f 5274 12720 12719
f 5274 12719 5275
f 5273 12720 5274
f 5273 12721 12720
f 5272 12721 5273
f 5272 12722 12721
f 5271 12722 5272
f 5271 12723 12722
f 5270 12723 5271
f 5270 12724 12723
f 5269 12724 5270
f 5269 12725 12724
f 5268 12725 5269
f 5268 12726 12725
f 5267 12726 5268
f 5267 12727 12726
f 5266 12727 5267
f 5266 12728 12727
f 5266 12708 12728
f 5265 12708 5266
f 5306 12729 5286
f 5306 12730 12729
f 5305 12731 12730
f 5305 12730 5306
f 5304 12732 12731
f 5304 12731 5305
f 5303 12733 12732
f 5303 12732 5304
f 5302 12734 12733
f 5302 12733 5303
f 5301 12735 12734
f 5301 12734 5302
f 5300 12736 12735
f 5300 12735 5301
f 5299 12737 12736
f 5299 12736 5300
f 5298 12738 12737
f 5298 12737 5299
f 5297 12739 12738
f 5297 12738 5298
f 5296 12740 12739
f 5296 12739 5297
f 5295 12741 12740
f 5295 12740 5296
f 5294 12741 5295
f 5294 12742 12741
f 5293 12742 5294
f 5293 12743 12742
f 5292 12743 5293
f 5292 12744 12743
f 5291 12744 5292
f 5291 12745 12744
f 5290 12745 5291
f 5290 12746 12745
f 5289 12746 5290
f 5289 12747 12746
f 5288 12747 5289
f 5288 12748 12747
f 5287 12748 5288
f 5287 12749 12748
f 5287 12729 12749
f 5286 12729 5287
f 5327 12750 5307
f 5327 12751 12750
f 5326 12752 12751
f 5326 12751 5327
f 5325 12753 12752
f 5325 12752 5326
f 5324 12754 12753
f 5324 12753 5325
f 5323 12755 12754
f 5323 12754 5324
f 5322 12756 12755
f 5322 12755 5323
f 5321 12757 12756
f 5321 12756 5322
f 5320 12758 12757
f 5320 12757 5321
f 5319 12759 12758
f 5319 12758 5320
f 5318 12760 12759
f 5318 12759 5319
f 5317 12761 12760
f 5317 12760 5318
f 5316 12762 12761
f 5316 12761 5317
f 5315 12762 5316
f 5315 12763 12762
f 5314 12763 5315
f 5314 12764 12763
f 5313 12764 5314
f 5313 12765 12764
f 5312 12765 5313
f 5312 12766 12765
f 5311 12766 5312
f 5311 12767 12766
f 5310 12767 5311
f 5310 12768 12767
f 5309 12768 5310
f 5309 12769 12768
f 5308 12769 5309
f 5308 12770 12769
f 5307 12770 5308
f 5307 12750 12770
f 5348 12771 5328
f 5348 12772 12771
f 5347 12773 12772
f 5347 12772 5348
f 5346 12774 12773
f 5346 12773 5347
f 5345 12775 12774
f 5345 12774 5346
f 5344 12776 12775
f 5344 12775 5345
f 5343 12777 12776
f 5343 12776 5344
f 5342 12778 12777
f 5342 12777 5343
f 5341 12779 12778
f 5341 12778 5342
f 5340 12780 12779
f 5340 12779 5341
f 5339 12781 12780
f 5339 12780 5340
f 5338 12782 12781
f 5338 12781 5339
f 5337 12783 12782
f 5337 12782 5338
f 5336 12783 5337
f 5336 12784 12783
f 5335 12784 5336
f 5335 12785 12784
f 5334 12785 5335
f 5334 12786 12785
f 5333 12786 5334
f 5333 12787 12786
f 5332 12787 5333
f 5332 12788 12787
f 5331 12788 5332
f 5331 12789 12788
f 5330 12789 5331
f 5330 12790 12789
f 5329 12790 5330
f 5329 12791 12790
f 5329 12771 12791
f 5328 12771 5329
f 5369 12792 5349
f 5369 12793 12792
f 5368 12794 12793
f 5368 12793 5369
f 5367 12795 12794
f 5367 12794 5368
f 5366 12796 12795
f 5366 12795 5367
f 5365 12797 12796
f 5365 12796 5366
f 5364 12798 12797
f 5364 12797 5365
f 5363 12799 12798
f 5363 12798 5364
f 5362 12800 12799
f 5362 12799 5363
f 5361 12801 12800
f 5361 12800 5362
f 5360 12802 12801
f 5360 12801 5361
f 5359 12803 12802
f 5359 12802 5360
f 5358 12804 12803
f 5358 12803 5359
f 5357 12804 5358
f 5357 12805 12804
f 5356 12805 5357
f 5356 12806 12805
f 5355 12806 5356
f 5355 12807 12806
f 5354 12807 5355
f 5354 12808 12807
f 5353 12808 5354
f 5353 12809 12808
f 5352 12809 5353
f 5352 12810 12809
f 5351 12810 5352
f 5351 12811 12810
f 5350 12811 5351
f 5350 12812 12811
f 5350 12792 12812
f 5349 12792 5350
f 5390 12813 5370
f 5390 12814 12813
f 5389 12815 12814
f 5389 12814 5390
f 5388 12816 12815
f 5388 12815 5389
f 5387 12817 12816
f 5387 12816 5388
f 5386 12818 12817
f 5386 12817 5387
f 5385 12819 12818
f 5385 12818 5386
f 5384 12820 12819
f 5384 12819 5385
f 5383 12821 12820
f 5383 12820 5384
f 5382 12822 12821
f 5382 12821 5383
f 5381 12823 12822
f 5381 12822 5382
f 5380 12824 12823
f 5380 12823 5381
f 5379 12825 12824
f 5379 12824 5380
f 5378 12825 5379
f 5378 12826 12825
f 5377 12826 5378
f 5377 12827 12826
f 5376 12827 5377
f 5376 12828 12827
f 5375 12828 5376
f 5375 12829 12828
f 5374 12829 5375
f 5374 12830 12829
f 5373 12830 5374
f 5373 12831 12830
f 5372 12831 5373
f 5372 12832 12831
f 5371 12832 5372
f 5371 12833 12832
f 5370 12833 5371
f 5370 12813 12833
f 5411 12834 5391
f 5411 12835 12834
f 5410 12836 12835
f 5410 12835 5411
f 5409 12837 12836
f 5409 12836 5410
f 5408 12838 12837
f 5408 12837 5409
f 5407 12839 12838
f 5407 12838 5408
f 5406 12840 12839
f 5406 12839 5407
f 5405 12841 12840
f 5405 12840 5406
f 5404 12842 12841
f 5404 12841 5405
f 5403 12843 12842
f 5403 12842 5404
f 5402 12844 12843
f 5402 12843 5403
f 5401 12845 12844
f 5401 12844 5402
f 5400 12846 12845
f 5400 12845 5401
f 5399 12846 5400
f 5399 12847 12846
f 5398 12847 5399
f 5398 12848 12847
f 5397 12848 5398
f 5397 12849 12848
f 5396 12849 5397
f 5396 12850 12849
f 5395 12850 5396
f 5395 12851 12850
f 5394 12851 5395
f 5394 12852 12851
f 5393 12852 5394
f 5393 12853 12852
f 5392 12853 5393
f 5392 12854 12853
f 5392 12834 12854
f 5391 12834 5392
f 5432 12855 5412
f 5432 12856 12855
f 5431 12857 12856
f 5431 12856 5432
f 5430 12858 12857
f 5430 12857 5431
f 5429 12859 12858
f 5429 12858 5430
f 5428 12860 12859
f 5428 12859 5429
f 5427 12861 12860
f 5427 12860 5428
f 5426 12862 12861
f 5426 12861 5427
f 5425 12863 12862
f 5425 12862 5426
f 5424 12864 12863
f 5424 12863 5425
f 5423 12865 12864
f 5423 12864 5424
f 5422 12866 12865
f 5422 12865 5423
f 5421 12867 12866
f 5421 12866 5422
f 5420 12867 5421
f 5420 12868 12867
f 5419 12868 5420
f 5419 12869 12868
f 5418 12869 5419
f 5418 12870 12869
f 5417 12870 5418
f 5417 12871 12870
f 5416 12871 5417
f 5416 12872 12871
f 5415 12872 5416
f 5415 12873 12872
f 5414 12873 5415
f 5414 12874 12873
f 5413 12874 5414
f 5413 12875 12874
f 5413 12855 12875
f 5412 12855 5413
f 5453 12876 5433
f 5453 12877 12876
f 5452 12878 12877
f 5452 12877 5453
f 5451 12879 12878
f 5451 12878 5452
f 5450 12880 12879
f 5450 12879 5451
f 5449 12881 12880
f 5449 12880 5450
f 5448 12882 12881
f 5448 12881 5449
f 5447 12883 12882
f 5447 12882 5448
f 5446 12884 12883
f 5446 12883 5447
f 5445 12885 12884
f 5445 12884 5446
f 5444 12886 12885
f 5444 12885 5445
f 5443 12887 12886
f 5443 12886 5444
f 5442 12888 12887
f 5442 12887 5443
f 5441 12888 5442
f 5441 12889 12888
f 5440 12889 5441
f 5440 12890 12889
f 5439 12890 5440
f 5439 12891 12890
f 5438 12891 5439
f 5438 12892 12891
f 5437 12892 5438
f 5437 12893 12892
f 5436 12893 5437
f 5436 12894 12893
f 5435 12894 5436
f 5435 12895 12894
f 5434 12895 5435
f 5434 12896 12895
f 5434 12876 12896
f 5433 12876 5434
f 5474 12897 5454
f 5474 12898 12897
f 5473 12899 12898
f 5473 12898 5474
f 5472 12900 12899
f 5472 12899 5473
f 5471 12901 12900
f 5471 12900 5472
f 5470 12902 12901
f 5470 12901 5471
f 5469 12903 12902
f 5469 12902 5470
f 5468 12904 12903
f 5468 12903 5469
f 5467 12905 12904
f 5467 12904 5468
f 5466 12906 12905
f 5466 12905 5467
f 5465 12907 12906
f 5465 12906 5466
f 5464 12908 12907
f 5464 12907 5465
f 5463 12909 12908
f 5463 12908 5464
f 5462 12909 5463
f 5462 12910 12909
f 5461 12910 5462
f 5461 12911 12910
f 5460 12911 5461
f 5460 12912 12911
f 5459 12912 5460
f 5459 12913 12912
f 5458 12913 5459
f 5458 12914 12913
f 5457 12914 5458
f 5457 12915 12914
f 5456 12915 5457
f 5456 12916 12915
f 5455 12916 5456
f 5455 12917 12916
f 5455 12897 12917
f 5454 12897 5455
f 5495 12918 5475
f 5495 12919 12918
f 5494 12920 12919
f 5494 12919 5495
f 5493 12921 12920
f 5493 12920 5494
f 5492 12922 12921
f 5492 12921 5493
f 5491 12923 12922
f 5491 12922 5492
f 5490 12924 12923
f 5490 12923 5491
f 5489 12925 12924
f 5489 12924 5490
f 5488 12926 12925
f 5488 12925 5489
f 5487 12927 12926
f 5487 12926 5488
f 5486 12928 12927
f 5486 12927 5487
f 5485 12929 12928
f 5485 12928 5486
f 5484 12930 12929
f 5484 12929 5485
f 5483 12930 5484
f 5483 12931 12930
f 5482 12931 5483
f 5482 12932 12931
f 5481 12932 5482
f 5481 12933 12932
f 5480 12933 5481
f 5480 12934 12933
f 5479 12934 5480
f 5479 12935 12934
f 5478 12935 5479
f 5478 12936 12935
f 5477 12936 5478
f 5477 12937 12936
f 5476 12937 5477
f 5476 12938 12937
f 5476 12918 12938
f 5475 12918 5476
f 5516 12939 5496
f 5516 12940 12939
f 5515 12941 12940
f 5515 12940 5516
f 5514 12942 12941
f 5514 12941 5515
f 5513 12943 12942
f 5513 12942 5514
f 5512 12944 12943
f 5512 12943 5513
f 5511 12945 12944
f 5511 12944 5512
f 5510 12946 12945
f 5510 12945 5511
f 5509 12947 12946
f 5509 12946 5510
f 5508 12948 12947
f 5508 12947 5509
f 5507 12949 12948
f 5507 12948 5508
f 5506 12950 12949
f 5506 12949 5507
f 5505 12951 12950
f 5505 12950 5506
f 5504 12951 5505
f 5504 12952 12951
f 5503 12952 5504
f 5503 12953 12952
f 5502 12953 5503
f 5502 12954 12953
f 5501 12954 5502
f 5501 12955 12954
f 5500 12955 5501
f 5500 12956 12955
f 5499 12956 5500
f 5499 12957 12956
f 5498 12957 5499
f 5498 12958 12957
f 5497 12958 5498
f 5497 12959 12958
f 5497 12939 12959
f 5496 12939 5497
f 5537 12960 5517
f 5537 12961 12960
f 5536 12962 12961
f 5536 12961 5537
f 5535 12963 12962
f 5535 12962 5536
f 5534 12964 12963
f 5534 12963 5535
f 5533 12965 12964
f 5533 12964 5534
f 5532 12966 12965
f 5532 12965 5533
f 5531 12967 12966
f 5531 12966 5532
f 5530 12968 12967
f 5530 12967 5531
f 5529 12969 12968
f 5529 12968 5530
f 5528 12970 12969
f 5528 12969 5529
f 5527 12971 12970
f 5527 12970 5528
f 5526 12972 12971
f 5526 12971 5527
f 5525 12972 5526
f 5525 12973 12972
f 5524 12973 5525
f 5524 12974 12973
f 5523 12974 5524
f 5523 12975 12974
f 5522 12975 5523
f 5522 12976 12975
f 5521 12976 5522
f 5521 12977 12976
f 5520 12977 5521
f 5520 12978 12977
f 5519 12978 5520
f 5519 12979 12978
f 5518 12979 5519
f 5518 12980 12979
f 5518 12960 12980
f 5517 12960 5518
f 5558 12981 5538
f 5558 12982 12981
f 5557 12983 12982
f 5557 12982 5558
f 5556 12984 12983
f 5556 12983 5557
f 5555 12985 12984
f 5555 12984 5556
f 5554 12986 12985
f 5554 12985 5555
f 5553 12987 12986
f 5553 12986 5554
f 5552 12988 12987
f 5552 12987 5553
f 5551 12989 12988
f 5551 12988 5552
f 5550 12990 12989
f 5550 12989 5551
f 5549 12991 12990
f 5549 12990 5550
f 5548 12992 12991
f 5548 12991 5549
f 5547 12993 12992
f 5547 12992 5548
f 5546 12993 5547
f 5546 12994 12993
f 5545 12994 5546
f 5545 12995 12994
f 5544 12995 5545
f 5544 12996 12995
f 5543 12996 5544
f 5543 12997 12996
f 5542 12997 5543
f 5542 12998 12997
f 5541 12998 5542
f 5541 12999 12998
f 5540 12999 5541
f 5540 13000 12999
f 5539 13000 5540
f 5539 13001 13000
f 5539 12981 13001
f 5538 12981 5539
f 5579 13002 5559
f 5579 13003 13002
f 5578 13004 13003
f 5578 13003 5579
f 5577 13005 13004
f 5577 13004 5578
f 5576 13006 13005
f 5576 13005 5577
f 5575 13007 13006
f 5575 13006 5576
f 5574 13008 13007
f 5574 13007 5575
f 5573 13009 13008
f 5573 13008 5574
f 5572 13010 13009
f 5572 13009 5573
f 5571 13011 13010
f 5571 13010 5572
f 5570 13012 13011
f 5570 13011 5571
f 5569 13013 13012
f 5569 13012 5570
f 5568 13014 13013
f 5568 13013 5569
f 5567 13014 5568
f 5567 13015 13014
f 5566 13015 5567
f 5566 13016 13015
f 5565 13016 5566
f 5565 13017 13016
f 5564 13017 5565
f 5564 13018 13017
f 5563 13018 5564
f 5563 13019 13018
f 5562 13019 5563
f 5562 13020 13019
f 5561 13020 5562
f 5561 13021 13020
f 5560 13021 5561
f 5560 13022 13021
f 5559 13022 5560
f 5559 13002 13022
f 5600 13023 5580
f 5600 13024 13023
f 5599 13025 13024
f 5599 13024 5600
f 5598 13026 13025
f 5598 13025 5599
f 5597 13027 13026
f 5597 13026 5598
f 5596 13028 13027
f 5596 13027 5597
f 5595 13029 13028
f 5595 13028 5596
f 5594 13030 13029
f 5594 13029 5595
f 5593 13031 13030
f 5593 13030 5594
f 5592 13032 13031
f 5592 13031 5593
f 5591 13033 13032
f 5591 13032 5592
f 5590 13034 13033
f 5590 13033 5591
f 5589 13035 13034
f 5589 13034 5590
f 5588 13035 5589
f 5588 13036 13035
f 5587 13036 5588
f 5587 13037 13036
f 5586 13037 5587
f 5586 13038 13037
f 5585 13038 5586
f 5585 13039 13038
f 5584 13039 5585
f 5584 13040 13039
f 5583 13040 5584
f 5583 13041 13040
f 5582 13041 5583
f 5582 13042 13041
f 5581 13042 5582
f 5581 13043 13042
f 5581 13023 13043
f 5580 13023 5581
f 5621 13044 5601
f 5621 13045 13044
f 5620 13046 13045
f 5620 13045 5621
f 5619 13047 13046
f 5619 13046 5620
f 5618 13048 13047
f 5618 13047 5619
f 5617 13049 13048
f 5617 13048 5618
f 5616 13050 13049
f 5616 13049 5617
f 5615 13051 13050
f 5615 13050 5616
f 5614 13052 13051
f 5614 13051 5615
f 5613 13053 13052
f 5613 13052 5614
f 5612 13054 13053
f 5612 13053 5613
f 5611 13055 13054
f 5611 13054 5612
f 5610 13056 13055
f 5610 13055 5611
f 5609 13056 5610
f 5609 13057 13056
f 5608 13057 5609
f 5608 13058 13057
f 5607 13058 5608
f 5607 13059 13058
f 5606 13059 5607
f 5606 13060 13059
f 5605 13060 5606
f 5605 13061 13060
f 5604 13061 5605
f 5604 13062 13061
f 5603 13062 5604
f 5603 13063 13062
f 5602 13063 5603
f 5602 13064 13063
f 5602 13044 13064
f 5601 13044 5602
f 5642 13065 5622
f 5642 13066 13065
f 5641 13067 13066
f 5641 13066 5642
f 5640 13068 13067
f 5640 13067 5641
f 5639 13069 13068
f 5639 13068 5640
f 5638 13070 13069
f 5638 13069 5639
f 5637 13071 13070
f 5637 13070 5638
f 5636 13072 13071
f 5636 13071 5637
f 5635 13073 13072
f 5635 13072 5636
f 5634 13074 13073
f 5634 13073 5635
f 5633 13075 13074
f 5633 13074 5634
f 5632 13076 13075
f 5632 13075 5633
f 5631 13077 13076
f 5631 13076 5632
f 5630 13077 5631
f 5630 13078 13077
f 5629 13078 5630
f 5629 13079 13078
f 5628 13079 5629
f 5628 13080 13079
f 5627 13080 5628
f 5627 13081 13080
f 5626 13081 5627
f 5626 13082 13081
f 5625 13082 5626
f 5625 13083 13082
f 5624 13083 5625
f 5624 13084 13083
f 5623 13084 5624
f 5623 13085 13084
f 5623 13065 13085
f 5622 13065 5623
f 5663 13086 5643
f 5663 13087 13086
f 5662 13088 13087
f 5662 13087 5663
f 5661 13089 13088
f 5661 13088 5662
f 5660 13090 13089
f 5660 13089 5661
f 5659 13091 13090
f 5659 13090 5660
f 5658 13092 13091
f 5658 13091 5659
f 5657 13093 13092
f 5657 13092 5658
f 5656 13094 13093
f 5656 13093 5657
f 5655 13095 13094
f 5655 13094 5656
f 5654 13096 13095
f 5654 13095 5655
f 5653 13097 13096
f 5653 13096 5654
f 5652 13098 13097
f 5652 13097 5653
f 5651 13098 5652
f 5651 13099 13098
f 5650 13099 5651
f 5650 13100 13099
f 5649 13100 5650
f 5649 13101 13100
f 5648 13101 5649
f 5648 13102 13101
f 5647 13102 5648
f 5647 13103 13102
f 5646 13103 5647
f 5646 13104 13103
f 5645 13104 5646
f 5645 13105 13104
f 5644 13105 5645
f 5644 13106 13105
f 5644 13086 13106
f 5643 13086 5644
f 5684 13107 5664
f 5684 13108 13107
f 5683 13109 13108
f 5683 13108 5684
f 5682 13110 13109
f 5682 13109 5683
f 5681 13111 13110
f 5681 13110 5682
f 5680 13112 13111
f 5680 13111 5681
f 5679 13113 13112
f 5679 13112 5680
f 5678 13114 13113
f 5678 13113 5679
f 5677 13115 13114
f 5677 13114 5678
f 5676 13116 13115
f 5676 13115 5677
f 5675 13117 13116
f 5675 13116 5676
f 5674 13118 13117
f 5674 13117 5675
f 5673 13119 13118
f 5673 13118 5674
f 5672 13119 5673
f 5672 13120 13119
f 5671 13120 5672
f 5671 13121 13120
f 5670 13121 5671
f 5670 13122 13121
f 5669 13122 5670
f 5669 13123 13122
f 5668 13123 5669
f 5668 13124 13123
f 5667 13124 5668
f 5667 13125 13124
f 5666 13125 5667
f 5666 13126 13125
f 5665 13126 5666
f 5665 13127 13126
f 5665 13107 13127
f 5664 13107 5665
f 5705 13128 5685
f 5705 13129 13128
f 5704 13130 13129
f 5704 13129 5705
f 5703 13131 13130
f 5703 13130 5704
f 5702 13132 13131
f 5702 13131 5703
f 5701 13133 13132
f 5701 13132 5702
f 5700 13134 13133
f 5700 13133 5701
f 5699 13135 13134
f 5699 13134 5700
f 5698 13136 13135
f 5698 13135 5699
f 5697 13137 13136
f 5697 13136 5698
f 5696 13138 13137
f 5696 13137 5697
f 5695 13139 13138
f 5695 13138 5696
f 5694 13140 13139
f 5694 13139 5695
f 5693 13140 5694
f 5693 13141 13140
f 5692 13141 5693
f 5692 13142 13141
f 5691 13142 5692
f 5691 13143 13142
f 5690 13143 5691
f 5690 13144 13143
f 5689 13144 5690
f 5689 13145 13144
f 5688 13145 5689
f 5688 13146 13145
f 5687 13146 5688
f 5687 13147 13146
f 5686 13147 5687
f 5686 13148 13147
f 5686 13128 13148
f 5685 13128 5686
f 5726 13149 5706
f 5726 13150 13149
f 5725 13151 13150
f 5725 13150 5726
f 5724 13152 13151
f 5724 13151 5725
f 5723 13153 13152
f 5723 13152 5724
f 5722 13154 13153
f 5722 13153 5723
f 5721 13155 13154
f 5721 13154 5722
f 5720 13156 13155
f 5720 13155 5721
f 5719 13157 13156
f 5719 13156 5720
f 5718 13158 13157
f 5718 13157 5719
f 5717 13159 13158
f 5717 13158 5718
f 5716 13160 13159
f 5716 13159 5717
f 5715 13161 13160
f 5715 13160 5716
f 5714 13161 5715
f 5714 13162 13161
f 5713 13162 5714
f 5713 13163 13162
f 5712 13163 5713
f 5712 13164 13163
f 5711 13164 5712
f 5711 13165 13164
f 5710 13165 5711
f 5710 13166 13165
f 5709 13166 5710
f 5709 13167 13166
f 5708 13167 5709
f 5708 13168 13167
f 5707 13168 5708
f 5707 13169 13168
f 5707 13149 13169
f 5706 13149 5707
f 5747 13170 5727
f 5747 13171 13170
f 5746 13172 13171
f 5746 13171 5747
f 5745 13173 13172
f 5745 13172 5746
f 5744 13174 13173
f 5744 13173 5745
f 5743 13175 13174
f 5743 13174 5744
f 5742 13176 13175
f 5742 13175 5743
f 5741 13177 13176
f 5741 13176 5742
f 5740 13178 13177
f 5740 13177 5741
f 5739 13179 13178
f 5739 13178 5740
f 5738 13180 13179
f 5738 13179 5739
f 5737 13181 13180
f 5737 13180 5738
f 5736 13182 13181
f 5736 13181 5737
f 5735 13182 5736
f 5735 13183 13182
f 5734 13183 5735
f 5734 13184 13183
f 5733 13184 5734
f 5733 13185 13184
f 5732 13185 5733
f 5732 13186 13185
f 5731 13186 5732
f 5731 13187 13186
f 5730 13187 5731
f 5730 13188 13187
f 5729 13188 5730
f 5729 13189 13188
f 5728 13189 5729
f 5728 13190 13189
f 5728 13170 13190
f 5727 13170 5728
f 5768 13191 5748
f 5768 13192 13191
f 5767 13193 13192
f 5767 13192 5768
f 5766 13194 13193
f 5766 13193 5767
f 5765 13195 13194
f 5765 13194 5766
f 5764 13196 13195
f 5764 13195 5765
f 5763 13197 13196
f 5763 13196 5764
f 5762 13198 13197
f 5762 13197 5763
f 5761 13199 13198
f 5761 13198 5762
f 5760 13200 13199
f 5760 13199 5761
f 5759 13201 13200
f 5759 13200 5760
f 5758 13202 13201
f 5758 13201 5759
f 5757 13203 13202
f 5757 13202 5758
f 5756 13203 5757
f 5756 13204 13203
f 5755 13204 5756
f 5755 13205 13204
f 5754 13205 5755
f 5754 13206 13205
f 5753 13206 5754
f 5753 13207 13206
f 5752 13207 5753
f 5752 13208 13207
f 5751 13208 5752
f 5751 13209 13208
f 5750 13209 5751
f 5750 13210 13209
f 5749 13210 5750
f 5749 13211 13210
f 5749 13191 13211
f 5748 13191 5749
f 5789 13212 5769
f 5789 13213 13212
f 5788 13214 13213
f 5788 13213 5789
f 5787 13215 13214
f 5787 13214 5788
f 5786 13216 13215
f 5786 13215 5787
f 5785 13217 13216
f 5785 13216 5786
f 5784 13218 13217
f 5784 13217 5785
f 5783 13219 13218
f 5783 13218 5784
f 5782 13220 13219
f 5782 13219 5783
f 5781 13221 13220
f 5781 13220 5782
f 5780 13222 13221
f 5780 13221 5781
f 5779 13223 13222
f 5779 13222 5780
f 5778 13224 13223
f 5778 13223 5779
f 5777 13224 5778
f 5777 13225 13224
f 5776 13225 5777
f 5776 13226 13225
f 5775 13226 5776
f 5775 13227 13226
f 5774 13227 5775
f 5774 13228 13227
f 5773 13228 5774
f 5773 13229 13228
f 5772 13229 5773
f 5772 13230 13229
f 5771 13230 5772
f 5771 13231 13230
f 5770 13231 5771
f 5770 13232 13231
f 5770 13212 13232
f 5769 13212 5770
f 5810 13233 5790
f 5810 13234 13233
f 5809 13235 13234
f 5809 13234 5810
f 5808 13236 13235
f 5808 13235 5809
f 5807 13237 13236
f 5807 13236 5808
f 5806 13238 13237
f 5806 13237 5807
f 5805 13239 13238
f 5805 13238 5806
f 5804 13240 13239
f 5804 13239 5805
f 5803 13241 13240
f 5803 13240 5804
f 5802 13242 13241
f 5802 13241 5803
f 5801 13243 13242
f 5801 13242 5802
f 5800 13244 13243
f 5800 13243 5801
f 5799 13245 13244
f 5799 13244 5800
f 5798 13245 5799
f 5798 13246 13245
f 5797 13246 5798
f 5797 13247 13246
f 5796 13247 5797
f 5796 13248 13247
f 5795 13248 5796
f 5795 13249 13248
f 5794 13249 5795
f 5794 13250 13249
f 5793 13250 5794
f 5793 13251 13250
f 5792 13251 5793
f 5792 13252 13251
f 5791 13252 5792
f 5791 13253 13252
f 5791 13233 13253
f 5790 13233 5791
f 5831 13254 5811
f 5831 13255 13254
f 5830 13256 13255
f 5830 13255 5831
f 5829 13257 13256
f 5829 13256 5830
f 5828 13258 13257
f 5828 13257 5829
f 5827 13259 13258
f 5827 13258 5828
f 5826 13260 13259
f 5826 13259 5827
f 5825 13261 13260
f 5825 13260 5826
f 5824 13262 13261
f 5824 13261 5825
f 5823 13263 13262
f 5823 13262 5824
f 5822 13264 13263
f 5822 13263 5823
f 5821 13265 13264
f 5821 13264 5822
f 5820 13266 13265
f 5820 13265 5821
f 5819 13266 5820
f 5819 13267 13266
f 5818 13267 5819
f 5818 13268 13267
f 5817 13268 5818
f 5817 13269 13268
f 5816 13269 5817
f 5816 13270 13269
f 5815 13270 5816
f 5815 13271 13270
f 5814 13271 5815
f 5814 13272 13271
f 5813 13272 5814
f 5813 13273 13272
f 5812 13273 5813
f 5812 13274 13273
f 5811 13274 5812
f 5811 13254 13274
f 5852 13275 5832
f 5852 13276 13275
f 5851 13277 13276
f 5851 13276 5852
f 5850 13278 13277
f 5850 13277 5851
f 5849 13279 13278
f 5849 13278 5850
f 5848 13280 13279
f 5848 13279 5849
f 5847 13281 13280
f 5847 13280 5848
f 5846 13282 13281
f 5846 13281 5847
f 5845 13283 13282
f 5845 13282 5846
f 5844 13284 13283
f 5844 13283 5845
f 5843 13285 13284
f 5843 13284 5844
f 5842 13286 13285
f 5842 13285 5843
f 5841 13287 13286
f 5841 13286 5842
f 5840 13287 5841
f 5840 13288 13287
f 5839 13288 5840
f 5839 13289 13288
f 5838 13289 5839
f 5838 13290 13289
f 5837 13290 5838
f 5837 13291 13290
f 5836 13291 5837
f 5836 13292 13291
f 5835 13292 5836
f 5835 13293 13292
f 5834 13293 5835
f 5834 13294 13293
f 5833 13294 5834
f 5833 13295 13294
f 5833 13275 13295
f 5832 13275 5833
f 5873 13296 5853
f 5873 13297 13296
f 5872 13298 13297
f 5872 13297 5873
f 5871 13299 13298
f 5871 13298 5872
f 5870 13300 13299
f 5870 13299 5871
f 5869 13301 13300
f 5869 13300 5870
f 5868 13302 13301
f 5868 13301 5869
f 5867 13303 13302
f 5867 13302 5868
f 5866 13304 13303
f 5866 13303 5867
f 5865 13305 13304
f 5865 13304 5866
f 5864 13306 13305
f 5864 13305 5865
f 5863 13307 13306
f 5863 13306 5864
f 5862 13308 13307
f 5862 13307 5863
f 5861 13308 5862
f 5861 13309 13308
f 5860 13309 5861
f 5860 13310 13309
f 5859 13310 5860
f 5859 13311 13310
f 5858 13311 5859
f 5858 13312 13311
f 5857 13312 5858
f 5857 13313 13312
f 5856 13313 5857
f 5856 13314 13313
f 5855 13314 5856
f 5855 13315 13314
f 5854 13315 5855
f 5854 13316 13315
f 5854 13296 13316
f 5853 13296 5854
f 5894 13317 5874
f 5894 13318 13317
f 5893 13319 13318
f 5893 13318 5894
f 5892 13320 13319
f 5892 13319 5893
f 5891 13321 13320
f 5891 13320 5892
f 5890 13322 13321
f 5890 13321 5891
f 5889 13323 13322
f 5889 13322 5890
f 5888 13324 13323
f 5888 13323 5889
f 5887 13325 13324
f 5887 13324 5888
f 5886 13326 13325
f 5886 13325 5887
f 5885 13327 13326
f 5885 13326 5886
f 5884 13328 13327
f 5884 13327 5885
f 5883 13329 13328
f 5883 13328 5884
f 5882 13329 5883
f 5882 13330 13329
f 5881 13330 5882
f 5881 13331 13330
f 5880 13331 5881
f 5880 13332 13331
f 5879 13332 5880
f 5879 13333 13332
f 5878 13333 5879
f 5878 13334 13333
f 5877 13334 5878
f 5877 13335 13334
f 5876 13335 5877
f 5876 13336 13335
f 5875 13336 5876
f 5875 13337 13336
f 5874 13337 5875
f 5874 13317 13337
f 5915 13338 5895
f 5915 13339 13338
f 5914 13340 13339
f 5914 13339 5915
f 5913 13341 13340
f 5913 13340 5914
f 5912 13342 13341
f 5912 13341 5913
f 5911 13343 13342
f 5911 13342 5912
f 5910 13344 13343
f 5910 13343 5911
f 5909 13345 13344
f 5909 13344 5910
f 5908 13346 13345
f 5908 13345 5909
f 5907 13347 13346
f 5907 13346 5908
f 5906 13348 13347
f 5906 13347 5907
f 5905 13349 13348
f 5905 13348 5906
f 5904 13350 13349
f 5904 13349 5905
f 5903 13350 5904
f 5903 13351 13350
f 5902 13351 5903
f 5902 13352 13351
f 5901 13352 5902
f 5901 13353 13352
f 5900 13353 5901
f 5900 13354 13353
f 5899 13354 5900
f 5899 13355 13354
f 5898 13355 5899
f 5898 13356 13355
f 5897 13356 5898
f 5897 13357 13356
f 5896 13357 5897
f 5896 13358 13357
f 5896 13338 13358
f 5895 13338 5896
f 5936 13359 5916
f 5936 13360 13359
f 5935 13361 13360
f 5935 13360 5936
f 5934 13362 13361
f 5934 13361 5935
f 5933 13363 13362
f 5933 13362 5934
f 5932 13364 13363
f 5932 13363 5933
f 5931 13365 13364
f 5931 13364 5932
f 5930 13366 13365
f 5930 13365 5931
f 5929 13367 13366
f 5929 13366 5930
f 5928 13368 13367
f 5928 13367 5929
f 5927 13369 13368
f 5927 13368 5928
f 5926 13370 13369
f 5926 13369 5927
f 5925 13371 13370
f 5925 13370 5926
f 5924 13371 5925
f 5924 13372 13371
f 5923 13372 5924
f 5923 13373 13372
f 5922 13373 5923
f 5922 13374 13373
f 5921 13374 5922
f 5921 13375 13374
f 5920 13375 5921
f 5920 13376 13375
f 5919 13376 5920
f 5919 13377 13376
f 5918 13377 5919
f 5918 13378 13377
f 5917 13378 5918
f 5917 13379 13378
f 5917 13359 13379
f 5916 13359 5917
f 5957 13380 5937
f 5957 13381 13380
f 5956 13382 13381
f 5956 13381 5957
f 5955 13383 13382
f 5955 13382 5956
f 5954 13384 13383
f 5954 13383 5955
f 5953 13385 13384
f 5953 13384 5954
f 5952 13386 13385
f 5952 13385 5953
f 5951 13387 13386
f 5951 13386 5952
f 5950 13388 13387
f 5950 13387 5951
f 5949 13389 13388
f 5949 13388 5950
f 5948 13390 13389
f 5948 13389 5949
f 5947 13391 13390
f 5947 13390 5948
f 5946 13392 13391
f 5946 13391 5947
f 5945 13392 5946
f 5945 13393 13392
f 5944 13393 5945
f 5944 13394 13393
f 5943 13394 5944
f 5943 13395 13394
f 5942 13395 5943
f 5942 13396 13395
f 5941 13396 5942
f 5941 13397 13396
f 5940 13397 5941
f 5940 13398 13397
f 5939 13398 5940
f 5939 13399 13398
f 5938 13399 5939
f 5938 13400 13399
f 5938 13380 13400
f 5937 13380 5938
f 5978 13401 5958
f 5978 13402 13401
f 5977 13403 13402
f 5977 13402 5978
f 5976 13404 13403
f 5976 13403 5977
f 5975 13405 13404
f 5975 13404 5976
f 5974 13406 13405
f 5974 13405 5975
f 5973 13407 13406
f 5973 13406 5974
f 5972 13408 13407
f 5972 13407 5973
f 5971 13409 13408
f 5971 13408 5972
f 5970 13410 13409
f 5970 13409 5971
f 5969 13411 13410
f 5969 13410 5970
f 5968 13412 13411
f 5968 13411 5969
f 5967 13413 13412
f 5967 13412 5968
f 5966 13413 5967
f 5966 13414 13413
f 5965 13414 5966
f 5965 13415 13414
f 5964 13415 5965
f 5964 13416 13415
f 5963 13416 5964
f 5963 13417 13416
f 5962 13417 5963
f 5962 13418 13417
f 5961 13418 5962
f 5961 13419 13418
f 5960 13419 5961
f 5960 13420 13419
f 5959 13420 5960
f 5959 13421 13420
f 5959 13401 13421
f 5958 13401 5959
f 5999 13422 5979
f 5999 13423 13422
f 5998 13424 13423
f 5998 13423 5999
f 5997 13425 13424
f 5997 13424 5998
f 5996 13426 13425
f 5996 13425 5997
f 5995 13427 13426
f 5995 13426 5996
f 5994 13428 13427
f 5994 13427 5995
f 5993 13429 13428
f 5993 13428 5994
f 5992 13430 13429
f 5992 13429 5993
f 5991 13431 13430
f 5991 13430 5992
f 5990 13432 13431
f 5990 13431 5991
f 5989 13433 13432
f 5989 13432 5990
f 5988 13434 13433
f 5988 13433 5989
f 5987 13434 5988
f 5987 13435 13434
f 5986 13435 5987
f 5986 13436 13435
f 5985 13436 5986
f 5985 13437 13436
f 5984 13437 5985
f 5984 13438 13437
f 5983 13438 5984
f 5983 13439 13438
f 5982 13439 5983
f 5982 13440 13439
f 5981 13440 5982
f 5981 13441 13440
f 5980 13441 5981
f 5980 13442 13441
f 5980 13422 13442
f 5979 13422 5980
f 6020 13443 6000
f 6020 13444 13443
f 6019 13445 13444
f 6019 13444 6020
f 6018 13446 13445
f 6018 13445 6019
f 6017 13447 13446
f 6017 13446 6018
f 6016 13448 13447
f 6016 13447 6017
f 6015 13449 13448
f 6015 13448 6016
f 6014 13450 13449
f 6014 13449 6015
f 6013 13451 13450
f 6013 13450 6014
f 6012 13452 13451
f 6012 13451 6013
f 6011 13453 13452
f 6011 13452 6012
f 6010 13454 13453
f 6010 13453 6011
f 6009 13455 13454
f 6009 13454 6010
f 6008 13455 6009
f 6008 13456 13455
f 6007 13456 6008
f 6007 13457 13456
f 6006 13457 6007
f 6006 13458 13457
f 6005 13458 6006
f 6005 13459 13458
f 6004 13459 6005
f 6004 13460 13459
f 6003 13460 6004
f 6003 13461 13460
f 6002 13461 6003
f 6002 13462 13461
f 6001 13462 6002
f 6001 13463 13462
f 6001 13443 13463
f 6000 13443 6001
f 6041 13464 6021
f 6041 13465 13464
f 6040 13466 13465
f 6040 13465 6041
f 6039 13467 13466
f 6039 13466 6040
f 6038 13468 13467
f 6038 13467 6039
f 6037 13469 13468
f 6037 13468 6038
f 6036 13470 13469
f 6036 13469 6037
f 6035 13471 13470
f 6035 13470 6036
f 6034 13472 13471
f 6034 13471 6035
f 6033 13473 13472
f 6033 13472 6034
f 6032 13474 13473
f 6032 13473 6033
f 6031 13475 13474
f 6031 13474 6032
f 6030 13476 13475
f 6030 13475 6031
f 6029 13476 6030
f 6029 13477 13476
f 6028 13477 6029
f 6028 13478 13477
f 6027 13478 6028
f 6027 13479 13478
f 6026 13479 6027
f 6026 13480 13479
f 6025 13480 6026
f 6025 13481 13480
f 6024 13481 6025
f 6024 13482 13481
f 6023 13482 6024
f 6023 13483 13482
f 6022 13483 6023
f 6022 13484 13483
f 6022 13464 13484
f 6021 13464 6022
f 6062 13485 6042
f 6062 13486 13485
f 6061 13487 13486
f 6061 13486 6062
f 6060 13488 13487
f 6060 13487 6061
f 6059 13489 13488
f 6059 13488 6060
f 6058 13490 13489
f 6058 13489 6059
f 6057 13491 13490
f 6057 13490 6058
f 6056 13492 13491
f 6056 13491 6057
f 6055 13493 13492
f 6055 13492 6056
f 6054 13494 13493
f 6054 13493 6055
f 6053 13495 13494
f 6053 13494 6054
f 6052 13496 13495
f 6052 13495 6053
f 6051 13497 13496
f 6051 13496 6052
f 6050 13497 6051
f 6050 13498 13497
f 6049 13498 6050
f 6049 13499 13498
f 6048 13499 6049
f 6048 13500 13499
f 6047 13500 6048
f 6047 13501 13500
f 6046 13501 6047
f 6046 13502 13501
f 6045 13502 6046
f 6045 13503 13502
f 6044 13503 6045
f 6044 13504 13503
f 6043 13504 6044
f 6043 13505 13504
f 6043 13485 13505
f 6042 13485 6043
f 6083 13506 6063
f 6083 13507 13506
f 6082 13508 13507
f 6082 13507 6083
f 6081 13509 13508
f 6081 13508 6082
f 6080 13510 13509
f 6080 13509 6081
f 6079 13511 13510
f 6079 13510 6080
f 6078 13512 13511
f 6078 13511 6079
f 6077 13513 13512
f 6077 13512 6078
f 6076 13514 13513
f 6076 13513 6077
f 6075 13515 13514
f 6075 13514 6076
f 6074 13516 13515
f 6074 13515 6075
f 6073 13517 13516
f 6073 13516 6074
f 6072 13518 13517
f 6072 13517 6073
f 6071 13518 6072
f 6071 13519 13518
f 6070 13519 6071
f 6070 13520 13519
f 6069 13520 6070
f 6069 13521 13520
f 6068 13521 6069
f 6068 13522 13521
f 6067 13522 6068
f 6067 13523 13522
f 6066 13523 6067
f 6066 13524 13523
f 6065 13524 6066
f 6065 13525 13524
f 6064 13525 6065
f 6064 13526 13525
f 6064 13506 13526
f 6063 13506 6064
f 6104 13527 6084
f 6104 13528 13527
f 6103 13529 13528
f 6103 13528 6104
f 6102 13530 13529
f 6102 13529 6103
f 6101 13531 13530
f 6101 13530 6102
f 6100 13532 13531
f 6100 13531 6101
f 6099 13533 13532
f 6099 13532 6100
f 6098 13534 13533
f 6098 13533 6099
f 6097 13535 13534
f 6097 13534 6098
f 6096 13536 13535
f 6096 13535 6097
f 6095 13537 13536
f 6095 13536 6096
f 6094 13538 13537
f 6094 13537 6095
f 6093 13539 13538
f 6093 13538 6094
f 6092 13539 6093
f 6092 13540 13539
f 6091 13540 6092
f 6091 13541 13540
f 6090 13541 6091
f 6090 13542 13541
f 6089 13542 6090
f 6089 13543 13542
f 6088 13543 6089
f 6088 13544 13543
f 6087 13544 6088
f 6087 13545 13544
f 6086 13545 6087
f 6086 13546 13545
f 6085 13546 6086
f 6085 13547 13546
f 6084 13547 6085
f 6084 13527 13547
f 6125 13548 6105
f 6125 13549 13548
f 6124 13550 13549
f 6124 13549 6125
f 6123 13551 13550
f 6123 13550 6124
f 6122 13552 13551
f 6122 13551 6123
f 6121 13553 13552
f 6121 13552 6122
f 6120 13554 13553
f 6120 13553 6121
f 6119 13555 13554
f 6119 13554 6120
f 6118 13556 13555
f 6118 13555 6119
f 6117 13557 13556
f 6117 13556 6118
f 6116 13558 13557
f 6116 13557 6117
f 6115 13559 13558
f 6115 13558 6116
f 6114 13560 13559
f 6114 13559 6115
f 6113 13560 6114
f 6113 13561 13560
f 6112 13561 6113
f 6112 13562 13561
f 6111 13562 6112
f 6111 13563 13562
f 6110 13563 6111
f 6110 13564 13563
f 6109 13564 6110
f 6109 13565 13564
f 6108 13565 6109
f 6108 13566 13565
f 6107 13566 6108
f 6107 13567 13566
f 6106 13567 6107
f 6106 13568 13567
f 6106 13548 13568
f 6105 13548 6106
f 6146 13569 6126
f 6146 13570 13569
f 6145 13571 13570
f 6145 13570 6146
f 6144 13572 13571
f 6144 13571 6145
f 6143 13573 13572
f 6143 13572 6144
f 6142 13574 13573
f 6142 13573 6143
f 6141 13575 13574
f 6141 13574 6142
f 6140 13576 13575
f 6140 13575 6141
f 6139 13577 13576
f 6139 13576 6140
f 6138 13578 13577
f 6138 13577 6139
f 6137 13579 13578
f 6137 13578 6138
f 6136 13580 13579
f 6136 13579 6137
f 6135 13581 13580
f 6135 13580 6136
f 6134 13581 6135
f 6134 13582 13581
f 6133 13582 6134
f 6133 13583 13582
f 6132 13583 6133
f 6132 13584 13583
f 6131 13584 6132
f 6131 13585 13584
f 6130 13585 6131
f 6130 13586 13585
f 6129 13586 6130
f 6129 13587 13586
f 6128 13587 6129
f 6128 13588 13587
f 6127 13588 6128
f 6127 13589 13588
f 6127 13569 13589
f 6126 13569 6127
f 6167 13590 6147
f 6167 13591 13590
f 6166 13592 13591
f 6166 13591 6167
f 6165 13593 13592
f 6165 13592 6166
f 6164 13594 13593
f 6164 13593 6165
f 6163 13595 13594
f 6163 13594 6164
f 6162 13596 13595
f 6162 13595 6163
f 6161 13597 13596
f 6161 13596 6162
f 6160 13598 13597
f 6160 13597 6161
f 6159 13599 13598
f 6159 13598 6160
f 6158 13600 13599
f 6158 13599 6159
f 6157 13601 13600
f 6157 13600 6158
f 6156 13602 13601
f 6156 13601 6157
f 6155 13602 6156
f 6155 13603 13602
f 6154 13603 6155
f 6154 13604 13603
f 6153 13604 6154
f 6153 13605 13604
f 6152 13605 6153
f 6152 13606 13605
f 6151 13606 6152
f 6151 13607 13606
f 6150 13607 6151
f 6150 13608 13607
f 6149 13608 6150
f 6149 13609 13608
f 6148 13609 6149
f 6148 13610 13609
f 6147 13610 6148
f 6147 13590 13610
f 6188 13611 6168
f 6188 13612 13611
f 6187 13613 13612
f 6187 13612 6188
f 6186 13614 13613
f 6186 13613 6187
f 6185 13615 13614
f 6185 13614 6186
f 6184 13616 13615
f 6184 13615 6185
f 6183 13617 13616
f 6183 13616 6184
f 6182 13618 13617
f 6182 13617 6183
f 6181 13619 13618
f 6181 13618 6182
f 6180 13620 13619
f 6180 13619 6181
f 6179 13621 13620
f 6179 13620 6180
f 6178 13622 13621
f 6178 13621 6179
f 6177 13623 13622
f 6177 13622 6178
f 6176 13623 6177
f 6176 13624 13623
f 6175 13624 6176
f 6175 13625 13624
f 6174 13625 6175
f 6174 13626 13625
f 6173 13626 6174
f 6173 13627 13626
f 6172 13627 6173
f 6172 13628 13627
f 6171 13628 6172
f 6171 13629 13628
f 6170 13629 6171
f 6170 13630 13629
f 6169 13630 6170
f 6169 13631 13630
f 6169 13611 13631
f 6168 13611 6169
f 6209 13632 6189
f 6209 13633 13632
f 6208 13634 13633
f 6208 13633 6209
f 6207 13635 13634
f 6207 13634 6208
f 6206 13636 13635
f 6206 13635 6207
f 6205 13637 13636
f 6205 13636 6206
f 6204 13638 13637
f 6204 13637 6205
f 6203 13639 13638
f 6203 13638 6204
f 6202 13640 13639
f 6202 13639 6203
f 6201 13641 13640
f 6201 13640 6202
f 6200 13642 13641
f 6200 13641 6201
f 6199 13643 13642
f 6199 13642 6200
f 6198 13644 13643
f 6198 13643 6199
f 6197 13644 6198
f 6197 13645 13644
f 6196 13645 6197
f 6196 13646 13645
f 6195 13646 6196
f 6195 13647 13646
f 6194 13647 6195
f 6194 13648 13647
f 6193 13648 6194
f 6193 13649 13648
f 6192 13649 6193
f 6192 13650 13649
f 6191 13650 6192
f 6191 13651 13650
f 6190 13651 6191
f 6190 13652 13651
f 6190 13632 13652
f 6189 13632 6190
f 6230 13653 6210
f 6230 13654 13653
f 6229 13655 13654
f 6229 13654 6230
f 6228 13656 13655
f 6228 13655 6229
f 6227 13657 13656
f 6227 13656 6228
f 6226 13658 13657
f 6226 13657 6227
f 6225 13659 13658
f 6225 13658 6226
f 6224 13660 13659
f 6224 13659 6225
f 6223 13661 13660
f 6223 13660 6224
f 6222 13662 13661
f 6222 13661 6223
f 6221 13663 13662
f 6221 13662 6222
f 6220 13664 13663
f 6220 13663 6221
f 6219 13665 13664
f 6219 13664 6220
f 6218 13665 6219
f 6218 13666 13665
f 6217 13666 6218
f 6217 13667 13666
f 6216 13667 6217
f 6216 13668 13667
f 6215 13668 6216
f 6215 13669 13668
f 6214 13669 6215
f 6214 13670 13669
f 6213 13670 6214
f 6213 13671 13670
f 6212 13671 6213
f 6212 13672 13671
f 6211 13672 6212
f 6211 13673 13672
f 6211 13653 13673
f 6210 13653 6211
f 6251 13674 6231
f 6251 13675 13674
f 6250 13676 13675
f 6250 13675 6251
f 6249 13677 13676
f 6249 13676 6250
f 6248 13678 13677
f 6248 13677 6249
f 6247 13679 13678
f 6247 13678 6248
f 6246 13680 13679
f 6246 13679 6247
f 6245 13681 13680
f 6245 13680 6246
f 6244 13682 13681
f 6244 13681 6245
f 6243 13683 13682
f 6243 13682 6244
f 6242 13684 13683
f 6242 13683 6243
f 6241 13685 13684
f 6241 13684 6242
f 6240 13686 13685
f 6240 13685 6241
f 6239 13686 6240
f 6239 13687 13686
f 6238 13687 6239
f 6238 13688 13687
f 6237 13688 6238
f 6237 13689 13688
f 6236 13689 6237
f 6236 13690 13689
f 6235 13690 6236
f 6235 13691 13690
f 6234 13691 6235
f 6234 13692 13691
f 6233 13692 6234
f 6233 13693 13692
f 6232 13693 6233
f 6232 13694 13693
f 6232 13674 13694
f 6231 13674 6232
f 6272 13695 6252
f 6272 13696 13695
f 6271 13697 13696
f 6271 13696 6272
f 6270 13698 13697
f 6270 13697 6271
f 6269 13699 13698
f 6269 13698 6270
f 6268 13700 13699
f 6268 13699 6269
f 6267 13701 13700
f 6267 13700 6268
f 6266 13702 13701
f 6266 13701 6267
f 6265 13703 13702
f 6265 13702 6266
f 6264 13704 13703
f 6264 13703 6265
f 6263 13705 13704
f 6263 13704 6264
f 6262 13706 13705
f 6262 13705 6263
f 6261 13707 13706
f 6261 13706 6262
f 6260 13707 6261
f 6260 13708 13707
f 6259 13708 6260
f 6259 13709 13708
f 6258 13709 6259
f 6258 13710 13709
f 6257 13710 6258
f 6257 13711 13710
f 6256 13711 6257
f 6256 13712 13711
f 6255 13712 6256
f 6255 13713 13712
f 6254 13713 6255
f 6254 13714 13713
f 6253 13714 6254
f 6253 13715 13714
f 6253 13695 13715
f 6252 13695 6253
f 6293 13716 6273
f 6293 13717 13716
f 6292 13718 13717
f 6292 13717 6293
f 6291 13719 13718
f 6291 13718 6292
f 6290 13720 13719
f 6290 13719 6291
f 6289 13721 13720
f 6289 13720 6290
f 6288 13722 13721
f 6288 13721 6289
f 6287 13723 13722
f 6287 13722 6288
f 6286 13724 13723
f 6286 13723 6287
f 6285 13725 13724
f 6285 13724 6286
f 6284 13726 13725
f 6284 13725 6285
f 6283 13727 13726
f 6283 13726 6284
f 6282 13728 13727
f 6282 13727 6283
f 6281 13728 6282
f 6281 13729 13728
f 6280 13729 6281
f 6280 13730 13729
f 6279 13730 6280
f 6279 13731 13730
f 6278 13731 6279
f 6278 13732 13731
f 6277 13732 6278
f 6277 13733 13732
f 6276 13733 6277
f 6276 13734 13733
f 6275 13734 6276
f 6275 13735 13734
f 6274 13735 6275
f 6274 13736 13735
f 6274 13716 13736
f 6273 13716 6274
f 6314 13737 6294
f 6314 13738 13737
f 6313 13739 13738
f 6313 13738 6314
f 6312 13740 13739
f 6312 13739 6313
f 6311 13741 13740
f 6311 13740 6312
f 6310 13742 13741
f 6310 13741 6311
f 6309 13743 13742
f 6309 13742 6310
f 6308 13744 13743
f 6308 13743 6309
f 6307 13745 13744
f 6307 13744 6308
f 6306 13746 13745
f 6306 13745 6307
f 6305 13747 13746
f 6305 13746 6306
f 6304 13748 13747
f 6304 13747 6305
f 6303 13749 13748
f 6303 13748 6304
f 6302 13749 6303
f 6302 13750 13749
f 6301 13750 6302
f 6301 13751 13750
f 6300 13751 6301
f 6300 13752 13751
f 6299 13752 6300
f 6299 13753 13752
f 6298 13753 6299
f 6298 13754 13753
f 6297 13754 6298
f 6297 13755 13754
f 6296 13755 6297
f 6296 13756 13755
f 6295 13756 6296
f 6295 13757 13756
f 6295 13737 13757
f 6294 13737 6295
f 6335 13758 6315
f 6335 13759 13758
f 6334 13760 13759
f 6334 13759 6335
f 6333 13761 13760
f 6333 13760 6334
f 6332 13762 13761
f 6332 13761 6333
f 6331 13763 13762
f 6331 13762 6332
f 6330 13764 13763
f 6330 13763 6331
f 6329 13765 13764
f 6329 13764 6330
f 6328 13766 13765
f 6328 13765 6329
f 6327 13767 13766
f 6327 13766 6328
f 6326 13768 13767
f 6326 13767 6327
f 6325 13769 13768
f 6325 13768 6326
f 6324 13770 13769
f 6324 13769 6325
f 6323 13770 6324
f 6323 13771 13770
f 6322 13771 6323
f 6322 13772 13771
f 6321 13772 6322
f 6321 13773 13772
f 6320 13773 6321
f 6320 13774 13773
f 6319 13774 6320
f 6319 13775 13774
f 6318 13775 6319
f 6318 13776 13775
f 6317 13776 6318
f 6317 13777 13776
f 6316 13777 6317
f 6316 13778 13777
f 6316 13758 13778
f 6315 13758 6316
f 6356 13779 6336
f 6356 13780 13779
f 6355 13781 13780
f 6355 13780 6356
f 6354 13782 13781
f 6354 13781 6355
f 6353 13783 13782
f 6353 13782 6354
f 6352 13784 13783
f 6352 13783 6353
f 6351 13785 13784
f 6351 13784 6352
f 6350 13786 13785
f 6350 13785 6351
f 6349 13787 13786
f 6349 13786 6350
f 6348 13788 13787
f 6348 13787 6349
f 6347 13789 13788
f 6347 13788 6348
f 6346 13790 13789
f 6346 13789 6347
f 6345 13791 13790
f 6345 13790 6346
f 6344 13791 6345
f 6344 13792 13791
f 6343 13792 6344
f 6343 13793 13792
f 6342 13793 6343
f 6342 13794 13793
f 6341 13794 6342
f 6341 13795 13794
f 6340 13795 6341
f 6340 13796 13795
f 6339 13796 6340
f 6339 13797 13796
f 6338 13797 6339
f 6338 13798 13797
f 6337 13798 6338
f 6337 13799 13798
f 6336 13799 6337
f 6336 13779 13799
f 6377 13800 6357
f 6377 13801 13800
f 6376 13802 13801
f 6376 13801 6377
f 6375 13803 13802
f 6375 13802 6376
f 6374 13804 13803
f 6374 13803 6375
f 6373 13805 13804
f 6373 13804 6374
f 6372 13806 13805
f 6372 13805 6373
f 6371 13807 13806
f 6371 13806 6372
f 6370 13808 13807
f 6370 13807 6371
f 6369 13809 13808
f 6369 13808 6370
f 6368 13810 13809
f 6368 13809 6369
f 6367 13811 13810
f 6367 13810 6368
f 6366 13812 13811
f 6366 13811 6367
f 6365 13812 6366
f 6365 13813 13812
f 6364 13813 6365
f 6364 13814 13813
f 6363 13814 6364
f 6363 13815 13814
f 6362 13815 6363
f 6362 13816 13815
f 6361 13816 6362
f 6361 13817 13816
f 6360 13817 6361
f 6360 13818 13817
f 6359 13818 6360
f 6359 13819 13818
f 6358 13819 6359
f 6358 13820 13819
f 6358 13800 13820
f 6357 13800 6358
f 6398 13821 6378
f 6398 13822 13821
f 6397 13823 13822
f 6397 13822 6398
f 6396 13824 13823
f 6396 13823 6397
f 6395 13825 13824
f 6395 13824 6396
f 6394 13826 13825
f 6394 13825 6395
f 6393 13827 13826
f 6393 13826 6394
f 6392 13828 13827
f 6392 13827 6393
f 6391 13829 13828
f 6391 13828 6392
f 6390 13830 13829
f 6390 13829 6391
f 6389 13831 13830
f 6389 13830 6390
f 6388 13832 13831
f 6388 13831 6389
f 6387 13833 13832
f 6387 13832 6388
f 6386 13833 6387
f 6386 13834 13833
f 6385 13834 6386
f 6385 13835 13834
f 6384 13835 6385
f 6384 13836 13835
f 6383 13836 6384
f 6383 13837 13836
f 6382 13837 6383
f 6382 13838 13837
f 6381 13838 6382
f 6381 13839 13838
f 6380 13839 6381
f 6380 13840 13839
f 6379 13840 6380
f 6379 13841 13840
f 6379 13821 13841
f 6378 13821 6379
f 6419 13842 6399
f 6419 13843 13842
f 6418 13844 13843
f 6418 13843 6419
f 6417 13845 13844
f 6417 13844 6418
f 6416 13846 13845
f 6416 13845 6417
f 6415 13847 13846
f 6415 13846 6416
f 6414 13848 13847
f 6414 13847 6415
f 6413 13849 13848
f 6413 13848 6414
f 6412 13850 13849
f 6412 13849 6413
f 6411 13851 13850
f 6411 13850 6412
f 6410 13852 13851
f 6410 13851 6411
f 6409 13853 13852
f 6409 13852 6410
f 6408 13854 13853
f 6408 13853 6409
f 6407 13854 6408
f 6407 13855 13854
f 6406 13855 6407
f 6406 13856 13855
f 6405 13856 6406
f 6405 13857 13856
f 6404 13857 6405
f 6404 13858 13857
f 6403 13858 6404
f 6403 13859 13858
f 6402 13859 6403
f 6402 13860 13859
f 6401 13860 6402
f 6401 13861 13860
f 6400 13861 6401
f 6400 13862 13861
f 6399 13862 6400
f 6399 13842 13862
f 6440 13863 6420
f 6440 13864 13863
f 6439 13865 13864
f 6439 13864 6440
f 6438 13866 13865
f 6438 13865 6439
f 6437 13867 13866
f 6437 13866 6438
f 6436 13868 13867
f 6436 13867 6437
f 6435 13869 13868
f 6435 13868 6436
f 6434 13870 13869
f 6434 13869 6435
f 6433 13871 13870
f 6433 13870 6434
f 6432 13872 13871
f 6432 13871 6433
f 6431 13873 13872
f 6431 13872 6432
f 6430 13874 13873
f 6430 13873 6431
f 6429 13875 13874
f 6429 13874 6430
f 6428 13875 6429
f 6428 13876 13875
f 6427 13876 6428
f 6427 13877 13876
f 6426 13877 6427
f 6426 13878 13877
f 6425 13878 6426
f 6425 13879 13878
f 6424 13879 6425
f 6424 13880 13879
f 6423 13880 6424
f 6423 13881 13880
f 6422 13881 6423
f 6422 13882 13881
f 6421 13882 6422
f 6421 13883 13882
f 6421 13863 13883
f 6420 13863 6421
f 6461 13884 6441
f 6461 13885 13884
f 6460 13886 13885
f 6460 13885 6461
f 6459 13887 13886
f 6459 13886 6460
f 6458 13888 13887
f 6458 13887 6459
f 6457 13889 13888
f 6457 13888 6458
f 6456 13890 13889
f 6456 13889 6457
f 6455 13891 13890
f 6455 13890 6456
f 6454 13892 13891
f 6454 13891 6455
f 6453 13893 13892
f 6453 13892 6454
f 6452 13894 13893
f 6452 13893 6453
f 6451 13895 13894
f 6451 13894 6452
f 6450 13896 13895
f 6450 13895 6451
f 6449 13896 6450
f 6449 13897 13896
f 6448 13897 6449
f 6448 13898 13897
f 6447 13898 6448
f 6447 13899 13898
f 6446 13899 6447
f 6446 13900 13899
f 6445 13900 6446
f 6445 13901 13900
f 6444 13901 6445
f 6444 13902 13901
f 6443 13902 6444
f 6443 13903 13902
f 6442 13903 6443
f 6442 13904 13903
f 6442 13884 13904
f 6441 13884 6442
f 6482 13905 6462
f 6482 13906 13905
f 6481 13907 13906
f 6481 13906 6482
f 6480 13908 13907
f 6480 13907 6481
f 6479 13909 13908
f 6479 13908 6480
f 6478 13910 13909
f 6478 13909 6479
f 6477 13911 13910
f 6477 13910 6478
f 6476 13912 13911
f 6476 13911 6477
f 6475 13913 13912
f 6475 13912 6476
f 6474 13914 13913
f 6474 13913 6475
f 6473 13915 13914
f 6473 13914 6474
f 6472 13916 13915
f 6472 13915 6473
f 6471 13917 13916
f 6471 13916 6472
f 6470 13917 6471
f 6470 13918 13917
f 6469 13918 6470
f 6469 13919 13918
f 6468 13919 6469
f 6468 13920 13919
f 6467 13920 6468
f 6467 13921 13920
f 6466 13921 6467
f 6466 13922 13921
f 6465 13922 6466
f 6465 13923 13922
f 6464 13923 6465
f 6464 13924 13923
f 6463 13924 6464
f 6463 13925 13924
f 6463 13905 13925
f 6462 13905 6463
f 6503 13926 6483
f 6503 13927 13926
f 6502 13928 13927
f 6502 13927 6503
f 6501 13929 13928
f 6501 13928 6502
f 6500 13930 13929
f 6500 13929 6501
f 6499 13931 13930
f 6499 13930 6500
f 6498 13932 13931
f 6498 13931 6499
f 6497 13933 13932
f 6497 13932 6498
f 6496 13934 13933
f 6496 13933 6497
f 6495 13935 13934
f 6495 13934 6496
f 6494 13936 13935
f 6494 13935 6495
f 6493 13937 13936
f 6493 13936 6494
f 6492 13938 13937
f 6492 13937 6493
f 6491 13938 6492
f 6491 13939 13938
f 6490 13939 6491
f 6490 13940 13939
f 6489 13940 6490
f 6489 13941 13940
f 6488 13941 6489
f 6488 13942 13941
f 6487 13942 6488
f 6487 13943 13942
f 6486 13943 6487
f 6486 13944 13943
f 6485 13944 6486
f 6485 13945 13944
f 6484 13945 6485
f 6484 13946 13945
f 6484 13926 13946
f 6483 13926 6484
f 6524 13947 6504
f 6524 13948 13947
f 6523 13949 13948
f 6523 13948 6524
f 6522 13950 13949
f 6522 13949 6523
f 6521 13951 13950
f 6521 13950 6522
f 6520 13952 13951
f 6520 13951 6521
f 6519 13953 13952
f 6519 13952 6520
f 6518 13954 13953
f 6518 13953 6519
f 6517 13955 13954
f 6517 13954 6518
f 6516 13956 13955
f 6516 13955 6517
f 6515 13957 13956
f 6515 13956 6516
f 6514 13958 13957
f 6514 13957 6515
f 6513 13959 13958
f 6513 13958 6514
f 6512 13959 6513
f 6512 13960 13959
f 6511 13960 6512
f 6511 13961 13960
f 6510 13961 6511
f 6510 13962 13961
f 6509 13962 6510
f 6509 13963 13962
f 6508 13963 6509
f 6508 13964 13963
f 6507 13964 6508
f 6507 13965 13964
f 6506 13965 6507
f 6506 13966 13965
f 6505 13966 6506
f 6505 13967 13966
f 6505 13947 13967
f 6504 13947 6505
f 6545 13968 6525
f 6545 13969 13968
f 6544 13970 13969
f 6544 13969 6545
f 6543 13971 13970
f 6543 13970 6544
f 6542 13972 13971
f 6542 13971 6543
f 6541 13973 13972
f 6541 13972 6542
f 6540 13974 13973
f 6540 13973 6541
f 6539 13975 13974
f 6539 13974 6540
f 6538 13976 13975
f 6538 13975 6539
f 6537 13977 13976
f 6537 13976 6538
f 6536 13978 13977
f 6536 13977 6537
f 6535 13979 13978
f 6535 13978 6536
f 6534 13980 13979
f 6534 13979 6535
f 6533 13980 6534
f 6533 13981 13980
f 6532 13981 6533
f 6532 13982 13981
f 6531 13982 6532
f 6531 13983 13982
f 6530 13983 6531
f 6530 13984 13983
f 6529 13984 6530
f 6529 13985 13984
f 6528 13985 6529
f 6528 13986 13985
f 6527 13986 6528
f 6527 13987 13986
f 6526 13987 6527
f 6526 13988 13987
f 6526 13968 13988
f 6525 13968 6526
f 6566 13989 6546
f 6566 13990 13989
f 6565 13991 13990
f 6565 13990 6566
f 6564 13992 13991
f 6564 13991 6565
f 6563 13993 13992
f 6563 13992 6564
f 6562 13994 13993
f 6562 13993 6563
f 6561 13995 13994
f 6561 13994 6562
f 6560 13996 13995
f 6560 13995 6561
f 6559 13997 13996
f 6559 13996 6560
f 6558 13998 13997
f 6558 13997 6559
f 6557 13999 13998
f 6557 13998 6558
f 6556 14000 13999
f 6556 13999 6557
f 6555 14001 14000
f 6555 14000 6556
f 6554 14001 6555
f 6554 14002 14001
f 6553 14002 6554
f 6553 14003 14002
f 6552 14003 6553
f 6552 14004 14003
f 6551 14004 6552
f 6551 14005 14004
f 6550 14005 6551
f 6550 14006 14005
f 6549 14006 6550
f 6549 14007 14006
f 6548 14007 6549
f 6548 14008 14007
f 6547 14008 6548
f 6547 14009 14008
f 6546 14009 6547
f 6546 13989 14009
f 6587 14010 6567
f 6587 14011 14010
f 6586 14012 14011
f 6586 14011 6587
f 6585 14013 14012
f 6585 14012 6586
f 6584 14014 14013
f 6584 14013 6585
f 6583 14015 14014
f 6583 14014 6584
f 6582 14016 14015
f 6582 14015 6583
f 6581 14017 14016
f 6581 14016 6582
f 6580 14018 14017
f 6580 14017 6581
f 6579 14019 14018
f 6579 14018 6580
f 6578 14020 14019
f 6578 14019 6579
f 6577 14021 14020
f 6577 14020 6578
f 6576 14022 14021
f 6576 14021 6577
f 6575 14022 6576
f 6575 14023 14022
f 6574 14023 6575
f 6574 14024 14023
f 6573 14024 6574
f 6573 14025 14024
f 6572 14025 6573
f 6572 14026 14025
f 6571 14026 6572
f 6571 14027 14026
f 6570 14027 6571
f 6570 14028 14027
f 6569 14028 6570
f 6569 14029 14028
f 6568 14029 6569
f 6568 14030 14029
f 6568 14010 14030
f 6567 14010 6568
f 6608 14031 6588
f 6608 14032 14031
f 6607 14033 14032
f 6607 14032 6608
f 6606 14034 14033
f 6606 14033 6607
f 6605 14035 14034
f 6605 14034 6606
f 6604 14036 14035
f 6604 14035 6605
f 6603 14037 14036
f 6603 14036 6604
f 6602 14038 14037
f 6602 14037 6603
f 6601 14039 14038
f 6601 14038 6602
f 6600 14040 14039
f 6600 14039 6601
f 6599 14041 14040
f 6599 14040 6600
f 6598 14042 14041
f 6598 14041 6599
f 6597 14043 14042
f 6597 14042 6598
f 6596 14043 6597
f 6596 14044 14043
f 6595 14044 6596
f 6595 14045 14044
f 6594 14045 6595
f 6594 14046 14045
f 6593 14046 6594
f 6593 14047 14046
f 6592 14047 6593
f 6592 14048 14047
f 6591 14048 6592
f 6591 14049 14048
f 6590 14049 6591
f 6590 14050 14049
f 6589 14050 6590
f 6589 14051 14050
f 6589 14031 14051
f 6588 14031 6589
f 6629 14052 6609
f 6629 14053 14052
f 6628 14054 14053
f 6628 14053 6629
f 6627 14055 14054
f 6627 14054 6628
f 6626 14056 14055
f 6626 14055 6627
f 6625 14057 14056
f 6625 14056 6626
f 6624 14058 14057
f 6624 14057 6625
f 6623 14059 14058
f 6623 14058 6624
f 6622 14060 14059
f 6622 14059 6623
f 6621 14061 14060
f 6621 14060 6622
f 6620 14062 14061
f 6620 14061 6621
f 6619 14063 14062
f 6619 14062 6620
f 6618 14064 14063
f 6618 14063 6619
f 6617 14064 6618
f 6617 14065 14064
f 6616 14065 6617
f 6616 14066 14065
f 6615 14066 6616
f 6615 14067 14066
f 6614 14067 6615
f 6614 14068 14067
f 6613 14068 6614
f 6613 14069 14068
f 6612 14069 6613
f 6612 14070 14069
f 6611 14070 6612
f 6611 14071 14070
f 6610 14071 6611
f 6610 14072 14071
f 6609 14072 6610
f 6609 14052 14072
f 6650 14073 6630
f 6650 14074 14073
f 6649 14075 14074
f 6649 14074 6650
f 6648 14076 14075
f 6648 14075 6649
f 6647 14077 14076
f 6647 14076 6648
f 6646 14078 14077
f 6646 14077 6647
f 6645 14079 14078
f 6645 14078 6646
f 6644 14080 14079
f 6644 14079 6645
f 6643 14081 14080
f 6643 14080 6644
f 6642 14082 14081
f 6642 14081 6643
f 6641 14083 14082
f 6641 14082 6642
f 6640 14084 14083
f 6640 14083 6641
f 6639 14085 14084
f 6639 14084 6640
f 6638 14085 6639
f 6638 14086 14085
f 6637 14086 6638
f 6637 14087 14086
f 6636 14087 6637
f 6636 14088 14087
f 6635 14088 6636
f 6635 14089 14088
f 6634 14089 6635
f 6634 14090 14089
f 6633 14090 6634
f 6633 14091 14090
f 6632 14091 6633
f 6632 14092 14091
f 6631 14092 6632
f 6631 14093 14092
f 6631 14073 14093
f 6630 14073 6631
f 6671 14094 6651
f 6671 14095 14094
f 6670 14096 14095
f 6670 14095 6671
f 6669 14097 14096
f 6669 14096 6670
f 6668 14098 14097
f 6668 14097 6669
f 6667 14099 14098
f 6667 14098 6668
f 6666 14100 14099
f 6666 14099 6667
f 6665 14101 14100
f 6665 14100 6666
f 6664 14102 14101
f 6664 14101 6665
f 6663 14103 14102
f 6663 14102 6664
f 6662 14104 14103
f 6662 14103 6663
f 6661 14105 14104
f 6661 14104 6662
f 6660 14106 14105
f 6660 14105 6661
f 6659 14106 6660
f 6659 14107 14106
f 6658 14107 6659
f 6658 14108 14107
f 6657 14108 6658
f 6657 14109 14108
f 6656 14109 6657
f 6656 14110 14109
f 6655 14110 6656
f 6655 14111 14110
f 6654 14111 6655
f 6654 14112 14111
f 6653 14112 6654
f 6653 14113 14112
f 6652 14113 6653
f 6652 14114 14113
f 6652 14094 14114
f 6651 14094 6652
f 6692 14115 6672
f 6692 14116 14115
f 6691 14117 14116
f 6691 14116 6692
f 6690 14118 14117
f 6690 14117 6691
f 6689 14119 14118
f 6689 14118 6690
f 6688 14120 14119
f 6688 14119 6689
f 6687 14121 14120
f 6687 14120 6688
f 6686 14122 14121
f 6686 14121 6687
f 6685 14123 14122
f 6685 14122 6686
f 6684 14124 14123
f 6684 14123 6685
f 6683 14125 14124
f 6683 14124 6684
f 6682 14126 14125
f 6682 14125 6683
f 6681 14127 14126
f 6681 14126 6682
f 6680 14127 6681
f 6680 14128 14127
f 6679 14128 6680
f 6679 14129 14128
f 6678 14129 6679
f 6678 14130 14129
f 6677 14130 6678
f 6677 14131 14130
f 6676 14131 6677
f 6676 14132 14131
f 6675 14132 6676
f 6675 14133 14132
f 6674 14133 6675
f 6674 14134 14133
f 6673 14134 6674
f 6673 14135 14134
f 6673 14115 14135
f 6672 14115 6673
f 6713 14136 6693
f 6713 14137 14136
f 6712 14138 14137
f 6712 14137 6713
f 6711 14139 14138
f 6711 14138 6712
f 6710 14140 14139
f 6710 14139 6711
f 6709 14141 14140
f 6709 14140 6710
f 6708 14142 14141
f 6708 14141 6709
f 6707 14143 14142
f 6707 14142 6708
f 6706 14144 14143
f 6706 14143 6707
f 6705 14145 14144
f 6705 14144 6706
f 6704 14146 14145
f 6704 14145 6705
f 6703 14147 14146
f 6703 14146 6704
f 6702 14148 14147
f 6702 14147 6703
f 6701 14148 6702
f 6701 14149 14148
f 6700 14149 6701
f 6700 14150 14149
f 6699 14150 6700
f 6699 14151 14150
f 6698 14151 6699
f 6698 14152 14151
f 6697 14152 6698
f 6697 14153 14152
f 6696 14153 6697
f 6696 14154 14153
f 6695 14154 6696
f 6695 14155 14154
f 6694 14155 6695
f 6694 14156 14155
f 6694 14136 14156
f 6693 14136 6694
f 6734 14157 6714
f 6734 14158 14157
f 6733 14159 14158
f 6733 14158 6734
f 6732 14160 14159
f 6732 14159 6733
f 6731 14161 14160
f 6731 14160 6732
f 6730 14162 14161
f 6730 14161 6731
f 6729 14163 14162
f 6729 14162 6730
f 6728 14164 14163
f 6728 14163 6729
f 6727 14165 14164
f 6727 14164 6728
f 6726 14166 14165
f 6726 14165 6727
f 6725 14167 14166
f 6725 14166 6726
f 6724 14168 14167
f 6724 14167 6725
f 6723 14169 14168
f 6723 14168 6724
f 6722 14169 6723
f 6722 14170 14169
f 6721 14170 6722
f 6721 14171 14170
f 6720 14171 6721
f 6720 14172 14171
f 6719 14172 6720
f 6719 14173 14172
f 6718 14173 6719
f 6718 14174 14173
f 6717 14174 6718
f 6717 14175 14174
f 6716 14175 6717
f 6716 14176 14175
f 6715 14176 6716
f 6715 14177 14176
f 6715 14157 14177
f 6714 14157 6715
f 6755 14178 6735
f 6755 14179 14178
f 6754 14180 14179
f 6754 14179 6755
f 6753 14181 14180
f 6753 14180 6754
f 6752 14182 14181
f 6752 14181 6753
f 6751 14183 14182
f 6751 14182 6752
f 6750 14184 14183
f 6750 14183 6751
f 6749 14185 14184
f 6749 14184 6750
f 6748 14186 14185
f 6748 14185 6749
f 6747 14187 14186
f 6747 14186 6748
f 6746 14188 14187
f 6746 14187 6747
f 6745 14189 14188
f 6745 14188 6746
f 6744 14190 14189
f 6744 14189 6745
f 6743 14190 6744
f 6743 14191 14190
f 6742 14191 6743
f 6742 14192 14191
f 6741 14192 6742
f 6741 14193 14192
f 6740 14193 6741
f 6740 14194 14193
f 6739 14194 6740
f 6739 14195 14194
f 6738 14195 6739
f 6738 14196 14195
f 6737 14196 6738
f 6737 14197 14196
f 6736 14197 6737
f 6736 14198 14197
f 6736 14178 14198
f 6735 14178 6736
f 6776 14199 6756
f 6776 14200 14199
f 6775 14201 14200
f 6775 14200 6776
f 6774 14202 14201
f 6774 14201 6775
f 6773 14203 14202
f 6773 14202 6774
f 6772 14204 14203
f 6772 14203 6773
f 6771 14205 14204
f 6771 14204 6772
f 6770 14206 14205
f 6770 14205 6771
f 6769 14207 14206
f 6769 14206 6770
f 6768 14208 14207
f 6768 14207 6769
f 6767 14209 14208
f 6767 14208 6768
f 6766 14210 14209
f 6766 14209 6767
f 6765 14211 14210
f 6765 14210 6766
f 6764 14211 6765
f 6764 14212 14211
f 6763 14212 6764
f 6763 14213 14212
f 6762 14213 6763
f 6762 14214 14213
f 6761 14214 6762
f 6761 14215 14214
f 6760 14215 6761
f 6760 14216 14215
f 6759 14216 6760
f 6759 14217 14216
f 6758 14217 6759
f 6758 14218 14217
f 6757 14218 6758
f 6757 14219 14218
f 6757 14199 14219
f 6756 14199 6757
f 6797 14220 6777
f 6797 14221 14220
f 6796 14222 14221
f 6796 14221 6797
f 6795 14223 14222
f 6795 14222 6796
f 6794 14224 14223
f 6794 14223 6795
f 6793 14225 14224
f 6793 14224 6794
f 6792 14226 14225
f 6792 14225 6793
f 6791 14227 14226
f 6791 14226 6792
f 6790 14228 14227
f 6790 14227 6791
f 6789 14229 14228
f 6789 14228 6790
f 6788 14230 14229
f 6788 14229 6789
f 6787 14231 14230
f 6787 14230 6788
f 6786 14232 14231
f 6786 14231 6787
f 6785 14232 6786
f 6785 14233 14232
f 6784 14233 6785
f 6784 14234 14233
f 6783 14234 6784
f 6783 14235 14234
f 6782 14235 6783
f 6782 14236 14235
f 6781 14236 6782
f 6781 14237 14236
f 6780 14237 6781
f 6780 14238 14237
f 6779 14238 6780
f 6779 14239 14238
f 6778 14239 6779
f 6778 14240 14239
f 6778 14220 14240
f 6777 14220 6778
f 6818 14241 6798
f 6818 14242 14241
f 6817 14243 14242
f 6817 14242 6818
f 6816 14244 14243
f 6816 14243 6817
f 6815 14245 14244
f 6815 14244 6816
f 6814 14246 14245
f 6814 14245 6815
f 6813 14247 14246
f 6813 14246 6814
f 6812 14248 14247
f 6812 14247 6813
f 6811 14249 14248
f 6811 14248 6812
f 6810 14250 14249
f 6810 14249 6811
f 6809 14251 14250
f 6809 14250 6810
f 6808 14252 14251
f 6808 14251 6809
f 6807 14253 14252
f 6807 14252 6808
f 6806 14253 6807
f 6806 14254 14253
f 6805 14254 6806
f 6805 14255 14254
f 6804 14255 6805
f 6804 14256 14255
f 6803 14256 6804
f 6803 14257 14256
f 6802 14257 6803
f 6802 14258 14257
f 6801 14258 6802
f 6801 14259 14258
f 6800 14259 6801
f 6800 14260 14259
f 6799 14260 6800
f 6799 14261 14260
f 6799 14241 14261
f 6798 14241 6799
f 6839 14262 6819
f 6839 14263 14262
f 6838 14264 14263
f 6838 14263 6839
f 6837 14265 14264
f 6837 14264 6838
f 6836 14266 14265
f 6836 14265 6837
f 6835 14267 14266
f 6835 14266 6836
f 6834 14268 14267
f 6834 14267 6835
f 6833 14269 14268
f 6833 14268 6834
f 6832 14270 14269
f 6832 14269 6833
f 6831 14271 14270
f 6831 14270 6832
f 6830 14272 14271
f 6830 14271 6831
f 6829 14273 14272
f 6829 14272 6830
f 6828 14274 14273
f 6828 14273 6829
f 6827 14274 6828
f 6827 14275 14274
f 6826 14275 6827
f 6826 14276 14275
f 6825 14276 6826
f 6825 14277 14276
f 6824 14277 6825
f 6824 14278 14277
f 6823 14278 6824
f 6823 14279 14278
f 6822 14279 6823
f 6822 14280 14279
f 6821 14280 6822
f 6821 14281 14280
f 6820 14281 6821
f 6820 14282 14281
f 6820 14262 14282
f 6819 14262 6820
f 6860 14283 6840
f 6860 14284 14283
f 6859 14285 14284
f 6859 14284 6860
f 6858 14286 14285
f 6858 14285 6859
f 6857 14287 14286
f 6857 14286 6858
f 6856 14288 14287
f 6856 14287 6857
f 6855 14289 14288
f 6855 14288 6856
f 6854 14290 14289
f 6854 14289 6855
f 6853 14291 14290
f 6853 14290 6854
f 6852 14292 14291
f 6852 14291 6853
f 6851 14293 14292
f 6851 14292 6852
f 6850 14294 14293
f 6850 14293 6851
f 6849 14295 14294
f 6849 14294 6850
f 6848 14295 6849
f 6848 14296 14295
f 6847 14296 6848
f 6847 14297 14296
f 6846 14297 6847
f 6846 14298 14297
f 6845 14298 6846
f 6845 14299 14298
f 6844 14299 6845
f 6844 14300 14299
f 6843 14300 6844
f 6843 14301 14300
f 6842 14301 6843
f 6842 14302 14301
f 6841 14302 6842
f 6841 14303 14302
f 6841 14283 14303
f 6840 14283 6841
f 6881 14304 6861
f 6881 14305 14304
f 6880 14306 14305
f 6880 14305 6881
f 6879 14307 14306
f 6879 14306 6880
f 6878 14308 14307
f 6878 14307 6879
f 6877 14309 14308
f 6877 14308 6878
f 6876 14310 14309
f 6876 14309 6877
f 6875 14311 14310
f 6875 14310 6876
f 6874 14312 14311
f 6874 14311 6875
f 6873 14313 14312
f 6873 14312 6874
f 6872 14314 14313
f 6872 14313 6873
f 6871 14315 14314
f 6871 14314 6872
f 6870 14316 14315
f 6870 14315 6871
f 6869 14316 6870
f 6869 14317 14316
f 6868 14317 6869
f 6868 14318 14317
f 6867 14318 6868
f 6867 14319 14318
f 6866 14319 6867
f 6866 14320 14319
f 6865 14320 6866
f 6865 14321 14320
f 6864 14321 6865
f 6864 14322 14321
f 6863 14322 6864
f 6863 14323 14322
f 6862 14323 6863
f 6862 14324 14323
f 6861 14324 6862
f 6861 14304 14324
f 6902 14325 6882
f 6902 14326 14325
f 6901 14327 14326
f 6901 14326 6902
f 6900 14328 14327
f 6900 14327 6901
f 6899 14329 14328
f 6899 14328 6900
f 6898 14330 14329
f 6898 14329 6899
f 6897 14331 14330
f 6897 14330 6898
f 6896 14332 14331
f 6896 14331 6897
f 6895 14333 14332
f 6895 14332 6896
f 6894 14334 14333
f 6894 14333 6895
f 6893 14335 14334
f 6893 14334 6894
f 6892 14336 14335
f 6892 14335 6893
f 6891 14337 14336
f 6891 14336 6892
f 6890 14337 6891
f 6890 14338 14337
f 6889 14338 6890
f 6889 14339 14338
f 6888 14339 6889
f 6888 14340 14339
f 6887 14340 6888
f 6887 14341 14340
f 6886 14341 6887
f 6886 14342 14341
f 6885 14342 6886
f 6885 14343 14342
f 6884 14343 6885
f 6884 14344 14343
f 6883 14344 6884
f 6883 14345 14344
f 6883 14325 14345
f 6882 14325 6883
f 6923 14346 6903
f 6923 14347 14346
f 6922 14348 14347
f 6922 14347 6923
f 6921 14349 14348
f 6921 14348 6922
f 6920 14350 14349
f 6920 14349 6921
f 6919 14351 14350
f 6919 14350 6920
f 6918 14352 14351
f 6918 14351 6919
f 6917 14353 14352
f 6917 14352 6918
f 6916 14354 14353
f 6916 14353 6917
f 6915 14355 14354
f 6915 14354 6916
f 6914 14356 14355
f 6914 14355 6915
f 6913 14357 14356
f 6913 14356 6914
f 6912 14358 14357
f 6912 14357 6913
f 6911 14358 6912
f 6911 14359 14358
f 6910 14359 6911
f 6910 14360 14359
f 6909 14360 6910
f 6909 14361 14360
f 6908 14361 6909
f 6908 14362 14361
f 6907 14362 6908
f 6907 14363 14362
f 6906 14363 6907
f 6906 14364 14363
f 6905 14364 6906
f 6905 14365 14364
f 6904 14365 6905
f 6904 14366 14365
f 6904 14346 14366
f 6903 14346 6904
f 6944 14367 6924
f 6944 14368 14367
f 6943 14369 14368
f 6943 14368 6944
f 6942 14370 14369
f 6942 14369 6943
f 6941 14371 14370
f 6941 14370 6942
f 6940 14372 14371
f 6940 14371 6941
f 6939 14373 14372
f 6939 14372 6940
f 6938 14374 14373
f 6938 14373 6939
f 6937 14375 14374
f 6937 14374 6938
f 6936 14376 14375
f 6936 14375 6937
f 6935 14377 14376
f 6935 14376 6936
f 6934 14378 14377
f 6934 14377 6935
f 6933 14379 14378
f 6933 14378 6934
f 6932 14379 6933
f 6932 14380 14379
f 6931 14380 6932
f 6931 14381 14380
f 6930 14381 6931
f 6930 14382 14381
f 6929 14382 6930
f 6929 14383 14382
f 6928 14383 6929
f 6928 14384 14383
f 6927 14384 6928
f 6927 14385 14384
f 6926 14385 6927
f 6926 14386 14385
f 6925 14386 6926
f 6925 14387 14386
f 6924 14387 6925
f 6924 14367 14387
f 6965 14388 6945
f 6965 14389 14388
f 6964 14390 14389
f 6964 14389 6965
f 6963 14391 14390
f 6963 14390 6964
f 6962 14392 14391
f 6962 14391 6963
f 6961 14393 14392
f 6961 14392 6962
f 6960 14394 14393
f 6960 14393 6961
f 6959 14395 14394
f 6959 14394 6960
f 6958 14396 14395
f 6958 14395 6959
f 6957 14397 14396
f 6957 14396 6958
f 6956 14398 14397
f 6956 14397 6957
f 6955 14399 14398
f 6955 14398 6956
f 6954 14400 14399
f 6954 14399 6955
f 6953 14400 6954
f 6953 14401 14400
f 6952 14401 6953
f 6952 14402 14401
f 6951 14402 6952
f 6951 14403 14402
f 6950 14403 6951
f 6950 14404 14403
f 6949 14404 6950
f 6949 14405 14404
f 6948 14405 6949
f 6948 14406 14405
f 6947 14406 6948
f 6947 14407 14406
f 6946 14407 6947
f 6946 14408 14407
f 6946 14388 14408
f 6945 14388 6946
f 6986 14409 6966
f 6986 14410 14409
f 6985 14411 14410
f 6985 14410 6986
f 6984 14412 14411
f 6984 14411 6985
f 6983 14413 14412
f 6983 14412 6984
f 6982 14414 14413
f 6982 14413 6983
f 6981 14415 14414
f 6981 14414 6982
f 6980 14416 14415
f 6980 14415 6981
f 6979 14417 14416
f 6979 14416 6980
f 6978 14418 14417
f 6978 14417 6979
f 6977 14419 14418
f 6977 14418 6978
f 6976 14420 14419
f 6976 14419 6977
f 6975 14421 14420
f 6975 14420 6976
f 6974 14421 6975
f 6974 14422 14421
f 6973 14422 6974
f 6973 14423 14422
f 6972 14423 6973
f 6972 14424 14423
f 6971 14424 6972
f 6971 14425 14424
f 6970 14425 6971
f 6970 14426 14425
f 6969 14426 6970
f 6969 14427 14426
f 6968 14427 6969
f 6968 14428 14427
f 6967 14428 6968
f 6967 14429 14428
f 6967 14409 14429
f 6966 14409 6967
f 7007 14430 6987
f 7007 14431 14430
f 7006 14432 14431
f 7006 14431 7007
f 7005 14433 14432
f 7005 14432 7006
f 7004 14434 14433
f 7004 14433 7005
f 7003 14435 14434
f 7003 14434 7004
f 7002 14436 14435
f 7002 14435 7003
f 7001 14437 14436
f 7001 14436 7002
f 7000 14438 14437
f 7000 14437 7001
f 6999 14439 14438
f 6999 14438 7000
f 6998 14440 14439
f 6998 14439 6999
f 6997 14441 14440
f 6997 14440 6998
f 6996 14442 14441
f 6996 14441 6997
f 6995 14442 6996
f 6995 14443 14442
f 6994 14443 6995
f 6994 14444 14443
f 6993 14444 6994
f 6993 14445 14444
f 6992 14445 6993
f 6992 14446 14445
f 6991 14446 6992
f 6991 14447 14446
f 6990 14447 6991
f 6990 14448 14447
f 6989 14448 6990
f 6989 14449 14448
f 6988 14449 6989
f 6988 14450 14449
f 6988 14430 14450
f 6987 14430 6988
f 7028 14451 7008
f 7028 14452 14451
f 7027 14453 14452
f 7027 14452 7028
f 7026 14454 14453
f 7026 14453 7027
f 7025 14455 14454
f 7025 14454 7026
f 7024 14456 14455
f 7024 14455 7025
f 7023 14457 14456
f 7023 14456 7024
f 7022 14458 14457
f 7022 14457 7023
f 7021 14459 14458
f 7021 14458 7022
f 7020 14460 14459
f 7020 14459 7021
f 7019 14461 14460
f 7019 14460 7020
f 7018 14462 14461
f 7018 14461 7019
f 7017 14463 14462
f 7017 14462 7018
f 7016 14463 7017
f 7016 14464 14463
f 7015 14464 7016
f 7015 14465 14464
f 7014 14465 7015
f 7014 14466 14465
f 7013 14466 7014
f 7013 14467 14466
f 7012 14467 7013
f 7012 14468 14467
f 7011 14468 7012
f 7011 14469 14468
f 7010 14469 7011
f 7010 14470 14469
f 7009 14470 7010
f 7009 14471 14470
f 7009 14451 14471
f 7008 14451 7009
f 7049 14472 7029
f 7049 14473 14472
f 7048 14474 14473
f 7048 14473 7049
f 7047 14475 14474
f 7047 14474 7048
f 7046 14476 14475
f 7046 14475 7047
f 7045 14477 14476
f 7045 14476 7046
f 7044 14478 14477
f 7044 14477 7045
f 7043 14479 14478
f 7043 14478 7044
f 7042 14480 14479
f 7042 14479 7043
f 7041 14481 14480
f 7041 14480 7042
f 7040 14482 14481
f 7040 14481 7041
f 7039 14483 14482
f 7039 14482 7040
f 7038 14484 14483
f 7038 14483 7039
f 7037 14484 7038
f 7037 14485 14484
f 7036 14485 7037
f 7036 14486 14485
f 7035 14486 7036
f 7035 14487 14486
f 7034 14487 7035
f 7034 14488 14487
f 7033 14488 7034
f 7033 14489 14488
f 7032 14489 7033
f 7032 14490 14489
f 7031 14490 7032
f 7031 14491 14490
f 7030 14491 7031
f 7030 14492 14491
f 7030 14472 14492
f 7029 14472 7030
f 7070 14493 7050
f 7070 14494 14493
f 7069 14495 14494
f 7069 14494 7070
f 7068 14496 14495
f 7068 14495 7069
f 7067 14497 14496
f 7067 14496 7068
f 7066 14498 14497
f 7066 14497 7067
f 7065 14499 14498
f 7065 14498 7066
f 7064 14500 14499
f 7064 14499 7065
f 7063 14501 14500
f 7063 14500 7064
f 7062 14502 14501
f 7062 14501 7063
f 7061 14503 14502
f 7061 14502 7062
f 7060 14504 14503
f 7060 14503 7061
f 7059 14505 14504
f 7059 14504 7060
f 7058 14505 7059
f 7058 14506 14505
f 7057 14506 7058
f 7057 14507 14506
f 7056 14507 7057
f 7056 14508 14507
f 7055 14508 7056
f 7055 14509 14508
f 7054 14509 7055
f 7054 14510 14509
f 7053 14510 7054
f 7053 14511 14510
f 7052 14511 7053
f 7052 14512 14511
f 7051 14512 7052
f 7051 14513 14512
f 7051 14493 14513
f 7050 14493 7051
f 7091 14514 7071
f 7091 14515 14514
f 7090 14516 14515
f 7090 14515 7091
f 7089 14517 14516
f 7089 14516 7090
f 7088 14518 14517
f 7088 14517 7089
f 7087 14519 14518
f 7087 14518 7088
f 7086 14520 14519
f 7086 14519 7087
f 7085 14521 14520
f 7085 14520 7086
f 7084 14522 14521
f 7084 14521 7085
f 7083 14523 14522
f 7083 14522 7084
f 7082 14524 14523
f 7082 14523 7083
f 7081 14525 14524
f 7081 14524 7082
f 7080 14526 14525
f 7080 14525 7081
f 7079 14526 7080
f 7079 14527 14526
f 7078 14527 7079
f 7078 14528 14527
f 7077 14528 7078
f 7077 14529 14528
f 7076 14529 7077
f 7076 14530 14529
f 7075 14530 7076
f 7075 14531 14530
f 7074 14531 7075
f 7074 14532 14531
f 7073 14532 7074
f 7073 14533 14532
f 7072 14533 7073
f 7072 14534 14533
f 7072 14514 14534
f 7071 14514 7072
f 7112 14535 7092
f 7112 14536 14535
f 7111 14537 14536
f 7111 14536 7112
f 7110 14538 14537
f 7110 14537 7111
f 7109 14539 14538
f 7109 14538 7110
f 7108 14540 14539
f 7108 14539 7109
f 7107 14541 14540
f 7107 14540 7108
f 7106 14542 14541
f 7106 14541 7107
f 7105 14543 14542
f 7105 14542 7106
f 7104 14544 14543
f 7104 14543 7105
f 7103 14545 14544
f 7103 14544 7104
f 7102 14546 14545
f 7102 14545 7103
f 7101 14547 14546
f 7101 14546 7102
f 7100 14547 7101
f 7100 14548 14547
f 7099 14548 7100
f 7099 14549 14548
f 7098 14549 7099
f 7098 14550 14549
f 7097 14550 7098
f 7097 14551 14550
f 7096 14551 7097
f 7096 14552 14551
f 7095 14552 7096
f 7095 14553 14552
f 7094 14553 7095
f 7094 14554 14553
f 7093 14554 7094
f 7093 14555 14554
f 7092 14555 7093
f 7092 14535 14555
f 7133 14556 7113
f 7133 14557 14556
f 7132 14558 14557
f 7132 14557 7133
f 7131 14559 14558
f 7131 14558 7132
f 7130 14560 14559
f 7130 14559 7131
f 7129 14561 14560
f 7129 14560 7130
f 7128 14562 14561
f 7128 14561 7129
f 7127 14563 14562
f 7127 14562 7128
f 7126 14564 14563
f 7126 14563 7127
f 7125 14565 14564
f 7125 14564 7126
f 7124 14566 14565
f 7124 14565 7125
f 7123 14567 14566
f 7123 14566 7124
f 7122 14568 14567
f 7122 14567 7123
f 7121 14568 7122
f 7121 14569 14568
f 7120 14569 7121
f 7120 14570 14569
f 7119 14570 7120
f 7119 14571 14570
f 7118 14571 7119
f 7118 14572 14571
f 7117 14572 7118
f 7117 14573 14572
f 7116 14573 7117
f 7116 14574 14573
f 7115 14574 7116
f 7115 14575 14574
f 7114 14575 7115
f 7114 14576 14575
f 7114 14556 14576
f 7113 14556 7114
f 7154 14577 7134
f 7154 14578 14577
f 7153 14579 14578
f 7153 14578 7154
f 7152 14580 14579
f 7152 14579 7153
f 7151 14581 14580
f 7151 14580 7152
f 7150 14582 14581
f 7150 14581 7151
f 7149 14583 14582
f 7149 14582 7150
f 7148 14584 14583
f 7148 14583 7149
f 7147 14585 14584
f 7147 14584 7148
f 7146 14586 14585
f 7146 14585 7147
f 7145 14587 14586
f 7145 14586 7146
f 7144 14588 14587
f 7144 14587 7145
f 7143 14589 14588
f 7143 14588 7144
f 7142 14589 7143
f 7142 14590 14589
f 7141 14590 7142
f 7141 14591 14590
f 7140 14591 7141
f 7140 14592 14591
f 7139 14592 7140
f 7139 14593 14592
f 7138 14593 7139
f 7138 14594 14593
f 7137 14594 7138
f 7137 14595 14594
f 7136 14595 7137
f 7136 14596 14595
f 7135 14596 7136
f 7135 14597 14596
f 7135 14577 14597
f 7134 14577 7135
f 7175 14598 7155
f 7175 14599 14598
f 7174 14600 14599
f 7174 14599 7175
f 7173 14601 14600
f 7173 14600 7174
f 7172 14602 14601
f 7172 14601 7173
f 7171 14603 14602
f 7171 14602 7172
f 7170 14604 14603
f 7170 14603 7171
f 7169 14605 14604
f 7169 14604 7170
f 7168 14606 14605
f 7168 14605 7169
f 7167 14607 14606
f 7167 14606 7168
f 7166 14608 14607
f 7166 14607 7167
f 7165 14609 14608
f 7165 14608 7166
f 7164 14610 14609
f 7164 14609 7165
f 7163 14610 7164
f 7163 14611 14610
f 7162 14611 7163
f 7162 14612 14611
f 7161 14612 7162
f 7161 14613 14612
f 7160 14613 7161
f 7160 14614 14613
f 7159 14614 7160
f 7159 14615 14614
f 7158 14615 7159
f 7158 14616 14615
f 7157 14616 7158
f 7157 14617 14616
f 7156 14617 7157
f 7156 14618 14617
f 7155 14618 7156
f 7155 14598 14618
