# Bed mesh (millimetres)
# bbox_min 0.00000 0.00000 -6.00000
# bbox_max 206.00006 206.00000 0.00000
# thickness_mm 6.00000
o Z1_MDF
v 205.000 0.000 -6.000
v 205.000 0.000 0.000
v 1.000 0.000 -6.000
v 1.000 0.000 0.000
v 0.000 1.000 -6.000
v 0.000 1.000 0.000
v 0.000 205.000 -6.000
v 0.000 205.000 0.000
v 206.000 205.000 -6.000
v 206.000 1.000 -6.000
v 206.000 205.000 0.000
v 206.000 1.000 0.000
v 1.000 206.000 0.000
v 205.000 206.000 0.000
v 205.000 206.000 -6.000
v 1.000 206.000 -6.000
v 67.500 160.000 0.000
v 67.389 160.737 0.000
v 67.066 161.408 0.000
v 66.559 161.955 0.000
v 65.913 162.327 0.000
v 65.187 162.493 0.000
v 64.444 162.437 0.000
v 63.750 162.165 0.000
v 63.167 161.700 0.000
v 62.748 161.085 0.000
v 62.528 160.373 0.000
v 62.528 159.627 0.000
v 62.748 158.915 0.000
v 63.167 158.300 0.000
v 63.750 157.835 0.000
v 64.444 157.563 0.000
v 65.187 157.507 0.000
v 65.913 157.673 0.000
v 66.559 158.045 0.000
v 67.066 158.592 0.000
v 67.389 159.263 0.000
v 112.500 160.000 0.000
v 112.389 160.737 0.000
v 112.066 161.408 0.000
v 111.559 161.955 0.000
v 110.913 162.327 0.000
v 110.187 162.493 0.000
v 109.444 162.437 0.000
v 108.750 162.165 0.000
v 108.167 161.700 0.000
v 107.748 161.085 0.000
v 107.528 160.373 0.000
v 107.528 159.627 0.000
v 107.748 158.915 0.000
v 108.167 158.300 0.000
v 108.750 157.835 0.000
v 109.444 157.563 0.000
v 110.187 157.507 0.000
v 110.913 157.673 0.000
v 111.559 158.045 0.000
v 112.066 158.592 0.000
v 112.389 159.263 0.000
v 112.500 65.000 0.000
v 112.389 65.737 0.000
v 112.066 66.408 0.000
v 111.559 66.955 0.000
v 110.913 67.327 0.000
v 110.187 67.493 0.000
v 109.444 67.437 0.000
v 108.750 67.165 0.000
v 108.167 66.700 0.000
v 107.748 66.085 0.000
v 107.528 65.373 0.000
v 107.528 64.627 0.000
v 107.748 63.915 0.000
v 108.167 63.300 0.000
v 108.750 62.835 0.000
v 109.444 62.563 0.000
v 110.187 62.507 0.000
v 110.913 62.673 0.000
v 111.559 63.045 0.000
v 112.066 63.592 0.000
v 112.389 64.263 0.000
v 112.500 110.000 0.000
v 112.389 110.737 0.000
v 112.066 111.408 0.000
v 111.559 111.955 0.000
v 110.913 112.327 0.000
v 110.187 112.493 0.000
v 109.444 112.437 0.000
v 108.750 112.165 0.000
v 108.167 111.700 0.000
v 107.748 111.085 0.000
v 107.528 110.373 0.000
v 107.528 109.627 0.000
v 107.748 108.915 0.000
v 108.167 108.300 0.000
v 108.750 107.835 0.000
v 109.444 107.563 0.000
v 110.187 107.507 0.000
v 110.913 107.673 0.000
v 111.559 108.045 0.000
v 112.066 108.592 0.000
v 112.389 109.263 0.000
v 112.500 20.000 0.000
v 112.389 20.737 0.000
v 112.066 21.408 0.000
v 111.559 21.955 0.000
v 110.913 22.327 0.000
v 110.187 22.493 0.000
v 109.444 22.437 0.000
v 108.750 22.165 0.000
v 108.167 21.700 0.000
v 107.748 21.085 0.000
v 107.528 20.373 0.000
v 107.528 19.627 0.000
v 107.748 18.915 0.000
v 108.167 18.300 0.000
v 108.750 17.835 0.000
v 109.444 17.563 0.000
v 110.187 17.507 0.000
v 110.913 17.673 0.000
v 111.559 18.045 0.000
v 112.066 18.592 0.000
v 112.389 19.263 0.000
v 162.500 65.000 0.000
v 162.389 65.737 0.000
v 162.066 66.408 0.000
v 161.559 66.955 0.000
v 160.913 67.327 0.000
v 160.187 67.493 0.000
v 159.444 67.437 0.000
v 158.750 67.165 0.000
v 158.167 66.700 0.000
v 157.748 66.085 0.000
v 157.528 65.373 0.000
v 157.528 64.627 0.000
v 157.748 63.915 0.000
v 158.167 63.300 0.000
v 158.750 62.835 0.000
v 159.444 62.563 0.000
v 160.187 62.507 0.000
v 160.913 62.673 0.000
v 161.559 63.045 0.000
v 162.066 63.592 0.000
v 162.389 64.263 0.000
v 22.500 20.000 0.000
v 22.389 20.737 0.000
v 22.066 21.408 0.000
v 21.559 21.955 0.000
v 20.913 22.327 0.000
v 20.187 22.493 0.000
v 19.444 22.437 0.000
v 18.750 22.165 0.000
v 18.167 21.700 0.000
v 17.748 21.085 0.000
v 17.528 20.373 0.000
v 17.528 19.627 0.000
v 17.748 18.915 0.000
v 18.167 18.300 0.000
v 18.750 17.835 0.000
v 19.444 17.563 0.000
v 20.187 17.507 0.000
v 20.913 17.673 0.000
v 21.559 18.045 0.000
v 22.066 18.592 0.000
v 22.389 19.263 0.000
v 22.500 65.000 0.000
v 22.389 65.737 0.000
v 22.066 66.408 0.000
v 21.559 66.955 0.000
v 20.913 67.327 0.000
v 20.187 67.493 0.000
v 19.444 67.437 0.000
v 18.750 67.165 0.000
v 18.167 66.700 0.000
v 17.748 66.085 0.000
v 17.528 65.373 0.000
v 17.528 64.627 0.000
v 17.748 63.915 0.000
v 18.167 63.300 0.000
v 18.750 62.835 0.000
v 19.444 62.563 0.000
v 20.187 62.507 0.000
v 20.913 62.673 0.000
v 21.559 63.045 0.000
v 22.066 63.592 0.000
v 22.389 64.263 0.000
v 162.500 20.000 0.000
v 162.389 20.737 0.000
v 162.066 21.408 0.000
v 161.559 21.955 0.000
v 160.913 22.327 0.000
v 160.187 22.493 0.000
v 159.444 22.437 0.000
v 158.750 22.165 0.000
v 158.167 21.700 0.000
v 157.748 21.085 0.000
v 157.528 20.373 0.000
v 157.528 19.627 0.000
v 157.748 18.915 0.000
v 158.167 18.300 0.000
v 158.750 17.835 0.000
v 159.444 17.563 0.000
v 160.187 17.507 0.000
v 160.913 17.673 0.000
v 161.559 18.045 0.000
v 162.066 18.592 0.000
v 162.389 19.263 0.000
v 22.500 160.000 0.000
v 22.389 160.737 0.000
v 22.066 161.408 0.000
v 21.559 161.955 0.000
v 20.913 162.327 0.000
v 20.187 162.493 0.000
v 19.444 162.437 0.000
v 18.750 162.165 0.000
v 18.167 161.700 0.000
v 17.748 161.085 0.000
v 17.528 160.373 0.000
v 17.528 159.627 0.000
v 17.748 158.915 0.000
v 18.167 158.300 0.000
v 18.750 157.835 0.000
v 19.444 157.563 0.000
v 20.187 157.507 0.000
v 20.913 157.673 0.000
v 21.559 158.045 0.000
v 22.066 158.592 0.000
v 22.389 159.263 0.000
v 67.500 110.000 0.000
v 67.389 110.737 0.000
v 67.066 111.408 0.000
v 66.559 111.955 0.000
v 65.913 112.327 0.000
v 65.187 112.493 0.000
v 64.444 112.437 0.000
v 63.750 112.165 0.000
v 63.167 111.700 0.000
v 62.748 111.085 0.000
v 62.528 110.373 0.000
v 62.528 109.627 0.000
v 62.748 108.915 0.000
v 63.167 108.300 0.000
v 63.750 107.835 0.000
v 64.444 107.563 0.000
v 65.187 107.507 0.000
v 65.913 107.673 0.000
v 66.559 108.045 0.000
v 67.066 108.592 0.000
v 67.389 109.263 0.000
v 67.500 20.000 0.000
v 67.389 20.737 0.000
v 67.066 21.408 0.000
v 66.559 21.955 0.000
v 65.913 22.327 0.000
v 65.187 22.493 0.000
v 64.444 22.437 0.000
v 63.750 22.165 0.000
v 63.167 21.700 0.000
v 62.748 21.085 0.000
v 62.528 20.373 0.000
v 62.528 19.627 0.000
v 62.748 18.915 0.000
v 63.167 18.300 0.000
v 63.750 17.835 0.000
v 64.444 17.563 0.000
v 65.187 17.507 0.000
v 65.913 17.673 0.000
v 66.559 18.045 0.000
v 67.066 18.592 0.000
v 67.389 19.263 0.000
v 162.500 110.000 0.000
v 162.389 110.737 0.000
v 162.066 111.408 0.000
v 161.559 111.955 0.000
v 160.913 112.327 0.000
v 160.187 112.493 0.000
v 159.444 112.437 0.000
v 158.750 112.165 0.000
v 158.167 111.700 0.000
v 157.748 111.085 0.000
v 157.528 110.373 0.000
v 157.528 109.627 0.000
v 157.748 108.915 0.000
v 158.167 108.300 0.000
v 158.750 107.835 0.000
v 159.444 107.563 0.000
v 160.187 107.507 0.000
v 160.913 107.673 0.000
v 161.559 108.045 0.000
v 162.066 108.592 0.000
v 162.389 109.263 0.000
v 22.500 110.000 0.000
v 22.389 110.737 0.000
v 22.066 111.408 0.000
v 21.559 111.955 0.000
v 20.913 112.327 0.000
v 20.187 112.493 0.000
v 19.444 112.437 0.000
v 18.750 112.165 0.000
v 18.167 111.700 0.000
v 17.748 111.085 0.000
v 17.528 110.373 0.000
v 17.528 109.627 0.000
v 17.748 108.915 0.000
v 18.167 108.300 0.000
v 18.750 107.835 0.000
v 19.444 107.563 0.000
v 20.187 107.507 0.000
v 20.913 107.673 0.000
v 21.559 108.045 0.000
v 22.066 108.592 0.000
v 22.389 109.263 0.000
v 201.000 96.000 0.000
v 200.889 96.737 0.000
v 200.566 97.408 0.000
v 200.059 97.955 0.000
v 199.413 98.327 0.000
v 198.687 98.493 0.000
v 197.944 98.437 0.000
v 197.250 98.165 0.000
v 196.667 97.700 0.000
v 196.248 97.085 0.000
v 196.028 96.373 0.000
v 196.028 95.627 0.000
v 196.248 94.915 0.000
v 196.667 94.300 0.000
v 197.250 93.835 0.000
v 197.944 93.563 0.000
v 198.687 93.507 0.000
v 199.413 93.673 0.000
v 200.059 94.045 0.000
v 200.566 94.592 0.000
v 200.889 95.263 0.000
v 10.000 96.000 0.000
v 9.889 96.737 0.000
v 9.566 97.408 0.000
v 9.059 97.955 0.000
v 8.413 98.327 0.000
v 7.687 98.493 0.000
v 6.944 98.437 0.000
v 6.250 98.165 0.000
v 5.667 97.700 0.000
v 5.248 97.085 0.000
v 5.028 96.373 0.000
v 5.028 95.627 0.000
v 5.248 94.915 0.000
v 5.667 94.300 0.000
v 6.250 93.835 0.000
v 6.944 93.563 0.000
v 7.687 93.507 0.000
v 8.413 93.673 0.000
v 9.059 94.045 0.000
v 9.566 94.592 0.000
v 9.889 95.263 0.000
v 98.500 7.500 0.000
v 98.389 8.237 0.000
v 98.066 8.908 0.000
v 97.559 9.455 0.000
v 96.913 9.827 0.000
v 96.187 9.993 0.000
v 95.444 9.937 0.000
v 94.750 9.665 0.000
v 94.167 9.200 0.000
v 93.748 8.585 0.000
v 93.528 7.873 0.000
v 93.528 7.127 0.000
v 93.748 6.415 0.000
v 94.167 5.800 0.000
v 94.750 5.335 0.000
v 95.444 5.063 0.000
v 96.187 5.007 0.000
v 96.913 5.173 0.000
v 97.559 5.545 0.000
v 98.066 6.092 0.000
v 98.389 6.763 0.000
v 201.250 196.000 0.000
v 201.017 197.547 0.000
v 200.338 198.957 0.000
v 199.273 200.105 0.000
v 197.918 200.887 0.000
v 196.392 201.235 0.000
v 194.832 201.118 0.000
v 193.375 200.547 0.000
v 192.151 199.571 0.000
v 191.270 198.278 0.000
v 190.809 196.782 0.000
v 190.809 195.218 0.000
v 191.270 193.722 0.000
v 192.151 192.429 0.000
v 193.375 191.453 0.000
v 194.832 190.882 0.000
v 196.392 190.765 0.000
v 197.918 191.113 0.000
v 199.273 191.895 0.000
v 200.338 193.043 0.000
v 201.017 194.453 0.000
v 39.000 196.000 0.000
v 38.778 197.474 0.000
v 38.131 198.817 0.000
v 37.117 199.909 0.000
v 35.827 200.654 0.000
v 34.374 200.986 0.000
v 32.887 200.875 0.000
v 31.500 200.330 0.000
v 30.335 199.401 0.000
v 29.495 198.169 0.000
v 29.056 196.745 0.000
v 29.056 195.255 0.000
v 29.495 193.831 0.000
v 30.335 192.599 0.000
v 31.500 191.670 0.000
v 32.887 191.125 0.000
v 34.374 191.014 0.000
v 35.827 191.346 0.000
v 37.117 192.091 0.000
v 38.131 193.183 0.000
v 38.778 194.526 0.000
v 178.000 10.500 0.000
v 177.778 11.974 0.000
v 177.131 13.317 0.000
v 176.117 14.409 0.000
v 174.827 15.154 0.000
v 173.374 15.486 0.000
v 171.887 15.375 0.000
v 170.500 14.830 0.000
v 169.335 13.901 0.000
v 168.495 12.669 0.000
v 168.056 11.245 0.000
v 168.056 9.755 0.000
v 168.495 8.331 0.000
v 169.335 7.099 0.000
v 170.500 6.170 0.000
v 171.887 5.625 0.000
v 173.374 5.514 0.000
v 174.827 5.846 0.000
v 176.117 6.591 0.000
v 177.131 7.683 0.000
v 177.778 9.026 0.000
v 130.000 10.500 0.000
v 129.778 11.974 0.000
v 129.131 13.317 0.000
v 128.117 14.409 0.000
v 126.827 15.154 0.000
v 125.374 15.486 0.000
v 123.887 15.375 0.000
v 122.500 14.830 0.000
v 121.335 13.901 0.000
v 120.495 12.669 0.000
v 120.056 11.245 0.000
v 120.056 9.755 0.000
v 120.495 8.331 0.000
v 121.335 7.099 0.000
v 122.500 6.170 0.000
v 123.887 5.625 0.000
v 125.374 5.514 0.000
v 126.827 5.846 0.000
v 128.117 6.591 0.000
v 129.131 7.683 0.000
v 129.778 9.026 0.000
v 90.000 7.500 0.000
v 89.778 8.974 0.000
v 89.131 10.317 0.000
v 88.117 11.409 0.000
v 86.827 12.154 0.000
v 85.374 12.486 0.000
v 83.887 12.375 0.000
v 82.500 11.830 0.000
v 81.335 10.901 0.000
v 80.495 9.669 0.000
v 80.056 8.245 0.000
v 80.056 6.755 0.000
v 80.495 5.331 0.000
v 81.335 4.099 0.000
v 82.500 3.170 0.000
v 83.887 2.625 0.000
v 85.374 2.514 0.000
v 86.827 2.846 0.000
v 88.117 3.591 0.000
v 89.131 4.683 0.000
v 89.778 6.026 0.000
v 50.000 12.000 0.000
v 49.778 13.474 0.000
v 49.131 14.817 0.000
v 48.117 15.909 0.000
v 46.827 16.654 0.000
v 45.374 16.986 0.000
v 43.887 16.875 0.000
v 42.500 16.330 0.000
v 41.335 15.401 0.000
v 40.495 14.169 0.000
v 40.056 12.745 0.000
v 40.056 11.255 0.000
v 40.495 9.831 0.000
v 41.335 8.599 0.000
v 42.500 7.670 0.000
v 43.887 7.125 0.000
v 45.374 7.014 0.000
v 46.827 7.346 0.000
v 48.117 8.091 0.000
v 49.131 9.183 0.000
v 49.778 10.526 0.000
v 35.000 7.500 0.000
v 34.778 8.974 0.000
v 34.131 10.317 0.000
v 33.117 11.409 0.000
v 31.827 12.154 0.000
v 30.374 12.486 0.000
v 28.887 12.375 0.000
v 27.500 11.830 0.000
v 26.335 10.901 0.000
v 25.495 9.669 0.000
v 25.056 8.245 0.000
v 25.056 6.755 0.000
v 25.495 5.331 0.000
v 26.335 4.099 0.000
v 27.500 3.170 0.000
v 28.887 2.625 0.000
v 30.374 2.514 0.000
v 31.827 2.846 0.000
v 33.117 3.591 0.000
v 34.131 4.683 0.000
v 34.778 6.026 0.000
v 17.000 45.000 0.000
v 16.778 46.474 0.000
v 16.131 47.817 0.000
v 15.117 48.909 0.000
v 13.827 49.654 0.000
v 12.374 49.986 0.000
v 10.887 49.875 0.000
v 9.500 49.330 0.000
v 8.335 48.401 0.000
v 7.495 47.169 0.000
v 7.056 45.745 0.000
v 7.056 44.255 0.000
v 7.495 42.831 0.000
v 8.335 41.599 0.000
v 9.500 40.670 0.000
v 10.887 40.125 0.000
v 12.374 40.014 0.000
v 13.827 40.346 0.000
v 15.117 41.091 0.000
v 16.131 42.183 0.000
v 16.778 43.526 0.000
v 85.000 196.000 0.000
v 84.778 197.474 0.000
v 84.131 198.817 0.000
v 83.117 199.909 0.000
v 81.827 200.654 0.000
v 80.374 200.986 0.000
v 78.887 200.875 0.000
v 77.500 200.330 0.000
v 76.335 199.401 0.000
v 75.495 198.169 0.000
v 75.056 196.745 0.000
v 75.056 195.255 0.000
v 75.495 193.831 0.000
v 76.335 192.599 0.000
v 77.500 191.670 0.000
v 78.887 191.125 0.000
v 80.374 191.014 0.000
v 81.827 191.346 0.000
v 83.117 192.091 0.000
v 84.131 193.183 0.000
v 84.778 194.526 0.000
v 130.000 196.000 0.000
v 129.778 197.474 0.000
v 129.131 198.817 0.000
v 128.117 199.909 0.000
v 126.827 200.654 0.000
v 125.374 200.986 0.000
v 123.887 200.875 0.000
v 122.500 200.330 0.000
v 121.335 199.401 0.000
v 120.495 198.169 0.000
v 120.056 196.745 0.000
v 120.056 195.255 0.000
v 120.495 193.831 0.000
v 121.335 192.599 0.000
v 122.500 191.670 0.000
v 123.887 191.125 0.000
v 125.374 191.014 0.000
v 126.827 191.346 0.000
v 128.117 192.091 0.000
v 129.131 193.183 0.000
v 129.778 194.526 0.000
v 175.000 196.000 0.000
v 174.778 197.474 0.000
v 174.131 198.817 0.000
v 173.117 199.909 0.000
v 171.827 200.654 0.000
v 170.374 200.986 0.000
v 168.887 200.875 0.000
v 167.500 200.330 0.000
v 166.335 199.401 0.000
v 165.495 198.169 0.000
v 165.056 196.745 0.000
v 165.056 195.255 0.000
v 165.495 193.831 0.000
v 166.335 192.599 0.000
v 167.500 191.670 0.000
v 168.887 191.125 0.000
v 170.374 191.014 0.000
v 171.827 191.346 0.000
v 173.117 192.091 0.000
v 174.131 193.183 0.000
v 174.778 194.526 0.000
v 201.000 159.000 0.000
v 200.778 160.474 0.000
v 200.131 161.817 0.000
v 199.117 162.909 0.000
v 197.827 163.654 0.000
v 196.374 163.986 0.000
v 194.887 163.875 0.000
v 193.500 163.330 0.000
v 192.335 162.401 0.000
v 191.495 161.169 0.000
v 191.056 159.745 0.000
v 191.056 158.255 0.000
v 191.495 156.831 0.000
v 192.335 155.599 0.000
v 193.500 154.670 0.000
v 194.887 154.125 0.000
v 196.374 154.014 0.000
v 197.827 154.346 0.000
v 199.117 155.091 0.000
v 200.131 156.183 0.000
v 200.778 157.526 0.000
v 201.000 123.000 0.000
v 200.778 124.474 0.000
v 200.131 125.817 0.000
v 199.117 126.909 0.000
v 197.827 127.654 0.000
v 196.374 127.986 0.000
v 194.887 127.875 0.000
v 193.500 127.330 0.000
v 192.335 126.401 0.000
v 191.495 125.169 0.000
v 191.056 123.745 0.000
v 191.056 122.255 0.000
v 191.495 120.831 0.000
v 192.335 119.599 0.000
v 193.500 118.670 0.000
v 194.887 118.125 0.000
v 196.374 118.014 0.000
v 197.827 118.346 0.000
v 199.117 119.091 0.000
v 200.131 120.183 0.000
v 200.778 121.526 0.000
v 201.000 80.000 0.000
v 200.778 81.474 0.000
v 200.131 82.817 0.000
v 199.117 83.909 0.000
v 197.827 84.654 0.000
v 196.374 84.986 0.000
v 194.887 84.875 0.000
v 193.500 84.330 0.000
v 192.335 83.401 0.000
v 191.495 82.169 0.000
v 191.056 80.745 0.000
v 191.056 79.255 0.000
v 191.495 77.831 0.000
v 192.335 76.599 0.000
v 193.500 75.670 0.000
v 194.887 75.125 0.000
v 196.374 75.014 0.000
v 197.827 75.346 0.000
v 199.117 76.091 0.000
v 200.131 77.183 0.000
v 200.778 78.526 0.000
v 201.000 42.500 0.000
v 200.778 43.974 0.000
v 200.131 45.317 0.000
v 199.117 46.409 0.000
v 197.827 47.154 0.000
v 196.374 47.486 0.000
v 194.887 47.375 0.000
v 193.500 46.830 0.000
v 192.335 45.901 0.000
v 191.495 44.669 0.000
v 191.056 43.245 0.000
v 191.056 41.755 0.000
v 191.495 40.331 0.000
v 192.335 39.099 0.000
v 193.500 38.170 0.000
v 194.887 37.625 0.000
v 196.374 37.514 0.000
v 197.827 37.846 0.000
v 199.117 38.591 0.000
v 200.131 39.683 0.000
v 200.778 41.026 0.000
v 201.000 10.500 0.000
v 200.778 11.974 0.000
v 200.131 13.317 0.000
v 199.117 14.409 0.000
v 197.827 15.154 0.000
v 196.374 15.486 0.000
v 194.887 15.375 0.000
v 193.500 14.830 0.000
v 192.335 13.901 0.000
v 191.495 12.669 0.000
v 191.056 11.245 0.000
v 191.056 9.755 0.000
v 191.495 8.331 0.000
v 192.335 7.099 0.000
v 193.500 6.170 0.000
v 194.887 5.625 0.000
v 196.374 5.514 0.000
v 197.827 5.846 0.000
v 199.117 6.591 0.000
v 200.131 7.683 0.000
v 200.778 9.026 0.000
v 15.500 159.000 0.000
v 15.278 160.474 0.000
v 14.631 161.817 0.000
v 13.617 162.909 0.000
v 12.327 163.654 0.000
v 10.874 163.986 0.000
v 9.387 163.875 0.000
v 8.000 163.330 0.000
v 6.835 162.401 0.000
v 5.995 161.169 0.000
v 5.556 159.745 0.000
v 5.556 158.255 0.000
v 5.995 156.831 0.000
v 6.835 155.599 0.000
v 8.000 154.670 0.000
v 9.387 154.125 0.000
v 10.874 154.014 0.000
v 12.327 154.346 0.000
v 13.617 155.091 0.000
v 14.631 156.183 0.000
v 15.278 157.526 0.000
v 39.001 159.000 0.000
v 38.779 160.474 0.000
v 38.133 161.817 0.000
v 37.119 162.909 0.000
v 35.828 163.654 0.000
v 34.375 163.986 0.000
v 32.889 163.875 0.000
v 31.501 163.330 0.000
v 30.336 162.401 0.000
v 29.496 161.169 0.000
v 29.057 159.745 0.000
v 29.057 158.255 0.000
v 29.496 156.831 0.000
v 30.336 155.599 0.000
v 31.501 154.670 0.000
v 32.889 154.125 0.000
v 34.375 154.014 0.000
v 35.828 154.346 0.000
v 37.119 155.091 0.000
v 38.133 156.183 0.000
v 38.779 157.526 0.000
v 178.000 42.500 0.000
v 177.778 43.974 0.000
v 177.131 45.317 0.000
v 176.117 46.409 0.000
v 174.827 47.154 0.000
v 173.374 47.486 0.000
v 171.887 47.375 0.000
v 170.500 46.830 0.000
v 169.335 45.901 0.000
v 168.495 44.669 0.000
v 168.056 43.245 0.000
v 168.056 41.755 0.000
v 168.495 40.331 0.000
v 169.335 39.099 0.000
v 170.500 38.170 0.000
v 171.887 37.625 0.000
v 173.374 37.514 0.000
v 174.827 37.846 0.000
v 176.117 38.591 0.000
v 177.131 39.683 0.000
v 177.778 41.026 0.000
v 45.000 90.000 0.000
v 44.778 91.474 0.000
v 44.131 92.817 0.000
v 43.117 93.909 0.000
v 41.827 94.654 0.000
v 40.374 94.986 0.000
v 38.887 94.875 0.000
v 37.500 94.330 0.000
v 36.335 93.401 0.000
v 35.495 92.169 0.000
v 35.056 90.745 0.000
v 35.056 89.255 0.000
v 35.495 87.831 0.000
v 36.335 86.599 0.000
v 37.500 85.670 0.000
v 38.887 85.125 0.000
v 40.374 85.014 0.000
v 41.827 85.346 0.000
v 43.117 86.091 0.000
v 44.131 87.183 0.000
v 44.778 88.526 0.000
v 39.001 80.000 0.000
v 38.779 81.474 0.000
v 38.133 82.817 0.000
v 37.119 83.909 0.000
v 35.828 84.654 0.000
v 34.375 84.986 0.000
v 32.889 84.875 0.000
v 31.501 84.330 0.000
v 30.336 83.401 0.000
v 29.496 82.169 0.000
v 29.057 80.745 0.000
v 29.057 79.255 0.000
v 29.496 77.831 0.000
v 30.336 76.599 0.000
v 31.501 75.670 0.000
v 32.889 75.125 0.000
v 34.375 75.014 0.000
v 35.828 75.346 0.000
v 37.119 76.091 0.000
v 38.133 77.183 0.000
v 38.779 78.526 0.000
v 39.001 120.000 0.000
v 38.779 121.474 0.000
v 38.133 122.817 0.000
v 37.119 123.909 0.000
v 35.828 124.654 0.000
v 34.375 124.986 0.000
v 32.889 124.875 0.000
v 31.501 124.330 0.000
v 30.336 123.401 0.000
v 29.496 122.169 0.000
v 29.057 120.745 0.000
v 29.057 119.255 0.000
v 29.496 117.831 0.000
v 30.336 116.599 0.000
v 31.501 115.670 0.000
v 32.889 115.125 0.000
v 34.375 115.014 0.000
v 35.828 115.346 0.000
v 37.119 116.091 0.000
v 38.133 117.183 0.000
v 38.779 118.526 0.000
v 130.000 42.500 0.000
v 129.778 43.974 0.000
v 129.131 45.317 0.000
v 128.117 46.409 0.000
v 126.827 47.154 0.000
v 125.374 47.486 0.000
v 123.887 47.375 0.000
v 122.500 46.830 0.000
v 121.335 45.901 0.000
v 120.495 44.669 0.000
v 120.056 43.245 0.000
v 120.056 41.755 0.000
v 120.495 40.331 0.000
v 121.335 39.099 0.000
v 122.500 38.170 0.000
v 123.887 37.625 0.000
v 125.374 37.514 0.000
v 126.827 37.846 0.000
v 128.117 38.591 0.000
v 129.131 39.683 0.000
v 129.778 41.026 0.000
v 85.042 42.500 0.000
v 84.819 43.974 0.000
v 84.173 45.317 0.000
v 83.159 46.409 0.000
v 81.868 47.154 0.000
v 80.415 47.486 0.000
v 78.929 47.375 0.000
v 77.542 46.830 0.000
v 76.376 45.901 0.000
v 75.537 44.669 0.000
v 75.097 43.245 0.000
v 75.097 41.755 0.000
v 75.537 40.331 0.000
v 76.376 39.099 0.000
v 77.542 38.170 0.000
v 78.929 37.625 0.000
v 80.415 37.514 0.000
v 81.868 37.846 0.000
v 83.159 38.591 0.000
v 84.173 39.683 0.000
v 84.819 41.026 0.000
v 12.500 85.000 0.000
v 12.278 86.474 0.000
v 11.631 87.817 0.000
v 10.617 88.909 0.000
v 9.327 89.654 0.000
v 7.874 89.986 0.000
v 6.387 89.875 0.000
v 5.000 89.330 0.000
v 3.835 88.401 0.000
v 2.995 87.169 0.000
v 2.556 85.745 0.000
v 2.556 84.255 0.000
v 2.995 82.831 0.000
v 3.835 81.599 0.000
v 5.000 80.670 0.000
v 6.387 80.125 0.000
v 7.874 80.014 0.000
v 9.327 80.346 0.000
v 10.617 81.091 0.000
v 11.631 82.183 0.000
v 12.278 83.526 0.000
v 85.042 122.900 0.000
v 84.819 124.374 0.000
v 84.173 125.717 0.000
v 83.159 126.809 0.000
v 81.868 127.555 0.000
v 80.415 127.886 0.000
v 78.929 127.775 0.000
v 77.542 127.230 0.000
v 76.376 126.301 0.000
v 75.537 125.070 0.000
v 75.097 123.645 0.000
v 75.097 122.155 0.000
v 75.537 120.731 0.000
v 76.376 119.499 0.000
v 77.542 118.570 0.000
v 78.929 118.026 0.000
v 80.415 117.914 0.000
v 81.868 118.246 0.000
v 83.159 118.991 0.000
v 84.173 120.084 0.000
v 84.819 121.426 0.000
v 130.000 123.000 0.000
v 129.778 124.474 0.000
v 129.131 125.817 0.000
v 128.117 126.909 0.000
v 126.827 127.654 0.000
v 125.374 127.986 0.000
v 123.887 127.875 0.000
v 122.500 127.330 0.000
v 121.335 126.401 0.000
v 120.495 125.169 0.000
v 120.056 123.745 0.000
v 120.056 122.255 0.000
v 120.495 120.831 0.000
v 121.335 119.599 0.000
v 122.500 118.670 0.000
v 123.887 118.125 0.000
v 125.374 118.014 0.000
v 126.827 118.346 0.000
v 128.117 119.091 0.000
v 129.131 120.183 0.000
v 129.778 121.526 0.000
v 178.000 123.000 0.000
v 177.778 124.474 0.000
v 177.131 125.817 0.000
v 176.117 126.909 0.000
v 174.827 127.654 0.000
v 173.374 127.986 0.000
v 171.887 127.875 0.000
v 170.500 127.330 0.000
v 169.335 126.401 0.000
v 168.495 125.169 0.000
v 168.056 123.745 0.000
v 168.056 122.255 0.000
v 168.495 120.831 0.000
v 169.335 119.599 0.000
v 170.500 118.670 0.000
v 171.887 118.125 0.000
v 173.374 118.014 0.000
v 174.827 118.346 0.000
v 176.117 119.091 0.000
v 177.131 120.183 0.000
v 177.778 121.526 0.000
v 130.000 159.000 0.000
v 129.778 160.474 0.000
v 129.131 161.817 0.000
v 128.117 162.909 0.000
v 126.827 163.654 0.000
v 125.374 163.986 0.000
v 123.887 163.875 0.000
v 122.500 163.330 0.000
v 121.335 162.401 0.000
v 120.495 161.169 0.000
v 120.056 159.745 0.000
v 120.056 158.255 0.000
v 120.495 156.831 0.000
v 121.335 155.599 0.000
v 122.500 154.670 0.000
v 123.887 154.125 0.000
v 125.374 154.014 0.000
v 126.827 154.346 0.000
v 128.117 155.091 0.000
v 129.131 156.183 0.000
v 129.778 157.526 0.000
v 85.000 159.000 0.000
v 84.778 160.474 0.000
v 84.131 161.817 0.000
v 83.117 162.909 0.000
v 81.827 163.654 0.000
v 80.374 163.986 0.000
v 78.887 163.875 0.000
v 77.500 163.330 0.000
v 76.335 162.401 0.000
v 75.495 161.169 0.000
v 75.056 159.745 0.000
v 75.056 158.255 0.000
v 75.495 156.831 0.000
v 76.335 155.599 0.000
v 77.500 154.670 0.000
v 78.887 154.125 0.000
v 80.374 154.014 0.000
v 81.827 154.346 0.000
v 83.117 155.091 0.000
v 84.131 156.183 0.000
v 84.778 157.526 0.000
v 178.000 159.000 0.000
v 177.778 160.474 0.000
v 177.131 161.817 0.000
v 176.117 162.909 0.000
v 174.827 163.654 0.000
v 173.374 163.986 0.000
v 171.887 163.875 0.000
v 170.500 163.330 0.000
v 169.335 162.401 0.000
v 168.495 161.169 0.000
v 168.056 159.745 0.000
v 168.056 158.255 0.000
v 168.495 156.831 0.000
v 169.335 155.599 0.000
v 170.500 154.670 0.000
v 171.887 154.125 0.000
v 173.374 154.014 0.000
v 174.827 154.346 0.000
v 176.117 155.091 0.000
v 177.131 156.183 0.000
v 177.778 157.526 0.000
v 15.500 120.000 0.000
v 15.278 121.474 0.000
v 14.631 122.817 0.000
v 13.617 123.909 0.000
v 12.327 124.654 0.000
v 10.874 124.986 0.000
v 9.387 124.875 0.000
v 8.000 124.330 0.000
v 6.835 123.401 0.000
v 5.995 122.169 0.000
v 5.556 120.745 0.000
v 5.556 119.255 0.000
v 5.995 117.831 0.000
v 6.835 116.599 0.000
v 8.000 115.670 0.000
v 9.387 115.125 0.000
v 10.874 115.014 0.000
v 12.327 115.346 0.000
v 13.617 116.091 0.000
v 14.631 117.183 0.000
v 15.278 118.526 0.000
v 85.042 80.000 0.000
v 84.819 81.474 0.000
v 84.173 82.817 0.000
v 83.159 83.909 0.000
v 81.868 84.654 0.000
v 80.415 84.986 0.000
v 78.929 84.875 0.000
v 77.542 84.330 0.000
v 76.376 83.401 0.000
v 75.537 82.169 0.000
v 75.097 80.745 0.000
v 75.097 79.255 0.000
v 75.537 77.831 0.000
v 76.376 76.599 0.000
v 77.542 75.670 0.000
v 78.929 75.125 0.000
v 80.415 75.014 0.000
v 81.868 75.346 0.000
v 83.159 76.091 0.000
v 84.173 77.183 0.000
v 84.819 78.526 0.000
v 130.000 80.000 0.000
v 129.778 81.474 0.000
v 129.131 82.817 0.000
v 128.117 83.909 0.000
v 126.827 84.654 0.000
v 125.374 84.986 0.000
v 123.887 84.875 0.000
v 122.500 84.330 0.000
v 121.335 83.401 0.000
v 120.495 82.169 0.000
v 120.056 80.745 0.000
v 120.056 79.255 0.000
v 120.495 77.831 0.000
v 121.335 76.599 0.000
v 122.500 75.670 0.000
v 123.887 75.125 0.000
v 125.374 75.014 0.000
v 126.827 75.346 0.000
v 128.117 76.091 0.000
v 129.131 77.183 0.000
v 129.778 78.526 0.000
v 178.000 80.000 0.000
v 177.778 81.474 0.000
v 177.131 82.817 0.000
v 176.117 83.909 0.000
v 174.827 84.654 0.000
v 173.374 84.986 0.000
v 171.887 84.875 0.000
v 170.500 84.330 0.000
v 169.335 83.401 0.000
v 168.495 82.169 0.000
v 168.056 80.745 0.000
v 168.056 79.255 0.000
v 168.495 77.831 0.000
v 169.335 76.599 0.000
v 170.500 75.670 0.000
v 171.887 75.125 0.000
v 173.374 75.014 0.000
v 174.827 75.346 0.000
v 176.117 76.091 0.000
v 177.131 77.183 0.000
v 177.778 78.526 0.000
v 39.001 42.500 0.000
v 38.779 43.974 0.000
v 38.133 45.317 0.000
v 37.119 46.409 0.000
v 35.828 47.154 0.000
v 34.375 47.486 0.000
v 32.889 47.375 0.000
v 31.501 46.830 0.000
v 30.336 45.901 0.000
v 29.496 44.669 0.000
v 29.057 43.245 0.000
v 29.057 41.755 0.000
v 29.496 40.331 0.000
v 30.336 39.099 0.000
v 31.501 38.170 0.000
v 32.889 37.625 0.000
v 34.375 37.514 0.000
v 35.828 37.846 0.000
v 37.119 38.591 0.000
v 38.133 39.683 0.000
v 38.779 41.026 0.000
v 15.500 196.000 0.000
v 15.278 197.474 0.000
v 14.631 198.817 0.000
v 13.617 199.909 0.000
v 12.327 200.654 0.000
v 10.874 200.986 0.000
v 9.387 200.875 0.000
v 8.000 200.330 0.000
v 6.835 199.401 0.000
v 5.995 198.169 0.000
v 5.556 196.745 0.000
v 5.556 195.255 0.000
v 5.995 193.831 0.000
v 6.835 192.599 0.000
v 8.000 191.670 0.000
v 9.387 191.125 0.000
v 10.874 191.014 0.000
v 12.327 191.346 0.000
v 13.617 192.091 0.000
v 14.631 193.183 0.000
v 15.278 194.526 0.000
v 67.500 160.000 -6.000
v 67.389 160.737 -6.000
v 67.066 161.408 -6.000
v 66.559 161.955 -6.000
v 65.913 162.327 -6.000
v 65.187 162.493 -6.000
v 64.444 162.437 -6.000
v 63.750 162.165 -6.000
v 63.167 161.700 -6.000
v 62.748 161.085 -6.000
v 62.528 160.373 -6.000
v 62.528 159.627 -6.000
v 62.748 158.915 -6.000
v 63.167 158.300 -6.000
v 63.750 157.835 -6.000
v 64.444 157.563 -6.000
v 65.187 157.507 -6.000
v 65.913 157.673 -6.000
v 66.559 158.045 -6.000
v 67.066 158.592 -6.000
v 67.389 159.263 -6.000
v 112.500 160.000 -6.000
v 112.389 160.737 -6.000
v 112.066 161.408 -6.000
v 111.559 161.955 -6.000
v 110.913 162.327 -6.000
v 110.187 162.493 -6.000
v 109.444 162.437 -6.000
v 108.750 162.165 -6.000
v 108.167 161.700 -6.000
v 107.748 161.085 -6.000
v 107.528 160.373 -6.000
v 107.528 159.627 -6.000
v 107.748 158.915 -6.000
v 108.167 158.300 -6.000
v 108.750 157.835 -6.000
v 109.444 157.563 -6.000
v 110.187 157.507 -6.000
v 110.913 157.673 -6.000
v 111.559 158.045 -6.000
v 112.066 158.592 -6.000
v 112.389 159.263 -6.000
v 112.500 65.000 -6.000
v 112.389 65.737 -6.000
v 112.066 66.408 -6.000
v 111.559 66.955 -6.000
v 110.913 67.327 -6.000
v 110.187 67.493 -6.000
v 109.444 67.437 -6.000
v 108.750 67.165 -6.000
v 108.167 66.700 -6.000
v 107.748 66.085 -6.000
v 107.528 65.373 -6.000
v 107.528 64.627 -6.000
v 107.748 63.915 -6.000
v 108.167 63.300 -6.000
v 108.750 62.835 -6.000
v 109.444 62.563 -6.000
v 110.187 62.507 -6.000
v 110.913 62.673 -6.000
v 111.559 63.045 -6.000
v 112.066 63.592 -6.000
v 112.389 64.263 -6.000
v 112.500 110.000 -6.000
v 112.389 110.737 -6.000
v 112.066 111.408 -6.000
v 111.559 111.955 -6.000
v 110.913 112.327 -6.000
v 110.187 112.493 -6.000
v 109.444 112.437 -6.000
v 108.750 112.165 -6.000
v 108.167 111.700 -6.000
v 107.748 111.085 -6.000
v 107.528 110.373 -6.000
v 107.528 109.627 -6.000
v 107.748 108.915 -6.000
v 108.167 108.300 -6.000
v 108.750 107.835 -6.000
v 109.444 107.563 -6.000
v 110.187 107.507 -6.000
v 110.913 107.673 -6.000
v 111.559 108.045 -6.000
v 112.066 108.592 -6.000
v 112.389 109.263 -6.000
v 112.500 20.000 -6.000
v 112.389 20.737 -6.000
v 112.066 21.408 -6.000
v 111.559 21.955 -6.000
v 110.913 22.327 -6.000
v 110.187 22.493 -6.000
v 109.444 22.437 -6.000
v 108.750 22.165 -6.000
v 108.167 21.700 -6.000
v 107.748 21.085 -6.000
v 107.528 20.373 -6.000
v 107.528 19.627 -6.000
v 107.748 18.915 -6.000
v 108.167 18.300 -6.000
v 108.750 17.835 -6.000
v 109.444 17.563 -6.000
v 110.187 17.507 -6.000
v 110.913 17.673 -6.000
v 111.559 18.045 -6.000
v 112.066 18.592 -6.000
v 112.389 19.263 -6.000
v 162.500 65.000 -6.000
v 162.389 65.737 -6.000
v 162.066 66.408 -6.000
v 161.559 66.955 -6.000
v 160.913 67.327 -6.000
v 160.187 67.493 -6.000
v 159.444 67.437 -6.000
v 158.750 67.165 -6.000
v 158.167 66.700 -6.000
v 157.748 66.085 -6.000
v 157.528 65.373 -6.000
v 157.528 64.627 -6.000
v 157.748 63.915 -6.000
v 158.167 63.300 -6.000
v 158.750 62.835 -6.000
v 159.444 62.563 -6.000
v 160.187 62.507 -6.000
v 160.913 62.673 -6.000
v 161.559 63.045 -6.000
v 162.066 63.592 -6.000
v 162.389 64.263 -6.000
v 22.500 20.000 -6.000
v 22.389 20.737 -6.000
v 22.066 21.408 -6.000
v 21.559 21.955 -6.000
v 20.913 22.327 -6.000
v 20.187 22.493 -6.000
v 19.444 22.437 -6.000
v 18.750 22.165 -6.000
v 18.167 21.700 -6.000
v 17.748 21.085 -6.000
v 17.528 20.373 -6.000
v 17.528 19.627 -6.000
v 17.748 18.915 -6.000
v 18.167 18.300 -6.000
v 18.750 17.835 -6.000
v 19.444 17.563 -6.000
v 20.187 17.507 -6.000
v 20.913 17.673 -6.000
v 21.559 18.045 -6.000
v 22.066 18.592 -6.000
v 22.389 19.263 -6.000
v 22.500 65.000 -6.000
v 22.389 65.737 -6.000
v 22.066 66.408 -6.000
v 21.559 66.955 -6.000
v 20.913 67.327 -6.000
v 20.187 67.493 -6.000
v 19.444 67.437 -6.000
v 18.750 67.165 -6.000
v 18.167 66.700 -6.000
v 17.748 66.085 -6.000
v 17.528 65.373 -6.000
v 17.528 64.627 -6.000
v 17.748 63.915 -6.000
v 18.167 63.300 -6.000
v 18.750 62.835 -6.000
v 19.444 62.563 -6.000
v 20.187 62.507 -6.000
v 20.913 62.673 -6.000
v 21.559 63.045 -6.000
v 22.066 63.592 -6.000
v 22.389 64.263 -6.000
v 162.500 20.000 -6.000
v 162.389 20.737 -6.000
v 162.066 21.408 -6.000
v 161.559 21.955 -6.000
v 160.913 22.327 -6.000
v 160.187 22.493 -6.000
v 159.444 22.437 -6.000
v 158.750 22.165 -6.000
v 158.167 21.700 -6.000
v 157.748 21.085 -6.000
v 157.528 20.373 -6.000
v 157.528 19.627 -6.000
v 157.748 18.915 -6.000
v 158.167 18.300 -6.000
v 158.750 17.835 -6.000
v 159.444 17.563 -6.000
v 160.187 17.507 -6.000
v 160.913 17.673 -6.000
v 161.559 18.045 -6.000
v 162.066 18.592 -6.000
v 162.389 19.263 -6.000
v 22.500 160.000 -6.000
v 22.389 160.737 -6.000
v 22.066 161.408 -6.000
v 21.559 161.955 -6.000
v 20.913 162.327 -6.000
v 20.187 162.493 -6.000
v 19.444 162.437 -6.000
v 18.750 162.165 -6.000
v 18.167 161.700 -6.000
v 17.748 161.085 -6.000
v 17.528 160.373 -6.000
v 17.528 159.627 -6.000
v 17.748 158.915 -6.000
v 18.167 158.300 -6.000
v 18.750 157.835 -6.000
v 19.444 157.563 -6.000
v 20.187 157.507 -6.000
v 20.913 157.673 -6.000
v 21.559 158.045 -6.000
v 22.066 158.592 -6.000
v 22.389 159.263 -6.000
v 67.500 110.000 -6.000
v 67.389 110.737 -6.000
v 67.066 111.408 -6.000
v 66.559 111.955 -6.000
v 65.913 112.327 -6.000
v 65.187 112.493 -6.000
v 64.444 112.437 -6.000
v 63.750 112.165 -6.000
v 63.167 111.700 -6.000
v 62.748 111.085 -6.000
v 62.528 110.373 -6.000
v 62.528 109.627 -6.000
v 62.748 108.915 -6.000
v 63.167 108.300 -6.000
v 63.750 107.835 -6.000
v 64.444 107.563 -6.000
v 65.187 107.507 -6.000
v 65.913 107.673 -6.000
v 66.559 108.045 -6.000
v 67.066 108.592 -6.000
v 67.389 109.263 -6.000
v 67.500 20.000 -6.000
v 67.389 20.737 -6.000
v 67.066 21.408 -6.000
v 66.559 21.955 -6.000
v 65.913 22.327 -6.000
v 65.187 22.493 -6.000
v 64.444 22.437 -6.000
v 63.750 22.165 -6.000
v 63.167 21.700 -6.000
v 62.748 21.085 -6.000
v 62.528 20.373 -6.000
v 62.528 19.627 -6.000
v 62.748 18.915 -6.000
v 63.167 18.300 -6.000
v 63.750 17.835 -6.000
v 64.444 17.563 -6.000
v 65.187 17.507 -6.000
v 65.913 17.673 -6.000
v 66.559 18.045 -6.000
v 67.066 18.592 -6.000
v 67.389 19.263 -6.000
v 162.500 110.000 -6.000
v 162.389 110.737 -6.000
v 162.066 111.408 -6.000
v 161.559 111.955 -6.000
v 160.913 112.327 -6.000
v 160.187 112.493 -6.000
v 159.444 112.437 -6.000
v 158.750 112.165 -6.000
v 158.167 111.700 -6.000
v 157.748 111.085 -6.000
v 157.528 110.373 -6.000
v 157.528 109.627 -6.000
v 157.748 108.915 -6.000
v 158.167 108.300 -6.000
v 158.750 107.835 -6.000
v 159.444 107.563 -6.000
v 160.187 107.507 -6.000
v 160.913 107.673 -6.000
v 161.559 108.045 -6.000
v 162.066 108.592 -6.000
v 162.389 109.263 -6.000
v 22.500 110.000 -6.000
v 22.389 110.737 -6.000
v 22.066 111.408 -6.000
v 21.559 111.955 -6.000
v 20.913 112.327 -6.000
v 20.187 112.493 -6.000
v 19.444 112.437 -6.000
v 18.750 112.165 -6.000
v 18.167 111.700 -6.000
v 17.748 111.085 -6.000
v 17.528 110.373 -6.000
v 17.528 109.627 -6.000
v 17.748 108.915 -6.000
v 18.167 108.300 -6.000
v 18.750 107.835 -6.000
v 19.444 107.563 -6.000
v 20.187 107.507 -6.000
v 20.913 107.673 -6.000
v 21.559 108.045 -6.000
v 22.066 108.592 -6.000
v 22.389 109.263 -6.000
v 201.000 96.000 -6.000
v 200.889 96.737 -6.000
v 200.566 97.408 -6.000
v 200.059 97.955 -6.000
v 199.413 98.327 -6.000
v 198.687 98.493 -6.000
v 197.944 98.437 -6.000
v 197.250 98.165 -6.000
v 196.667 97.700 -6.000
v 196.248 97.085 -6.000
v 196.028 96.373 -6.000
v 196.028 95.627 -6.000
v 196.248 94.915 -6.000
v 196.667 94.300 -6.000
v 197.250 93.835 -6.000
v 197.944 93.563 -6.000
v 198.687 93.507 -6.000
v 199.413 93.673 -6.000
v 200.059 94.045 -6.000
v 200.566 94.592 -6.000
v 200.889 95.263 -6.000
v 10.000 96.000 -6.000
v 9.889 96.737 -6.000
v 9.566 97.408 -6.000
v 9.059 97.955 -6.000
v 8.413 98.327 -6.000
v 7.687 98.493 -6.000
v 6.944 98.437 -6.000
v 6.250 98.165 -6.000
v 5.667 97.700 -6.000
v 5.248 97.085 -6.000
v 5.028 96.373 -6.000
v 5.028 95.627 -6.000
v 5.248 94.915 -6.000
v 5.667 94.300 -6.000
v 6.250 93.835 -6.000
v 6.944 93.563 -6.000
v 7.687 93.507 -6.000
v 8.413 93.673 -6.000
v 9.059 94.045 -6.000
v 9.566 94.592 -6.000
v 9.889 95.263 -6.000
v 98.500 7.500 -6.000
v 98.389 8.237 -6.000
v 98.066 8.908 -6.000
v 97.559 9.455 -6.000
v 96.913 9.827 -6.000
v 96.187 9.993 -6.000
v 95.444 9.937 -6.000
v 94.750 9.665 -6.000
v 94.167 9.200 -6.000
v 93.748 8.585 -6.000
v 93.528 7.873 -6.000
v 93.528 7.127 -6.000
v 93.748 6.415 -6.000
v 94.167 5.800 -6.000
v 94.750 5.335 -6.000
v 95.444 5.063 -6.000
v 96.187 5.007 -6.000
v 96.913 5.173 -6.000
v 97.559 5.545 -6.000
v 98.066 6.092 -6.000
v 98.389 6.763 -6.000
v 201.250 196.000 -6.000
v 201.017 197.547 -6.000
v 200.338 198.957 -6.000
v 199.273 200.105 -6.000
v 197.918 200.887 -6.000
v 196.392 201.235 -6.000
v 194.832 201.118 -6.000
v 193.375 200.547 -6.000
v 192.151 199.571 -6.000
v 191.270 198.278 -6.000
v 190.809 196.782 -6.000
v 190.809 195.218 -6.000
v 191.270 193.722 -6.000
v 192.151 192.429 -6.000
v 193.375 191.453 -6.000
v 194.832 190.882 -6.000
v 196.392 190.765 -6.000
v 197.918 191.113 -6.000
v 199.273 191.895 -6.000
v 200.338 193.043 -6.000
v 201.017 194.453 -6.000
v 36.750 196.000 -6.000
v 36.628 196.811 -6.000
v 36.272 197.549 -6.000
v 35.715 198.150 -6.000
v 35.005 198.560 -6.000
v 34.206 198.742 -6.000
v 33.388 198.681 -6.000
v 32.625 198.382 -6.000
v 31.984 197.870 -6.000
v 31.522 197.193 -6.000
v 31.281 196.410 -6.000
v 31.281 195.590 -6.000
v 31.522 194.807 -6.000
v 31.984 194.130 -6.000
v 32.625 193.618 -6.000
v 33.388 193.319 -6.000
v 34.206 193.258 -6.000
v 35.005 193.440 -6.000
v 35.715 193.850 -6.000
v 36.272 194.451 -6.000
v 36.628 195.189 -6.000
v 175.750 10.500 -6.000
v 175.628 11.311 -6.000
v 175.272 12.049 -6.000
v 174.715 12.650 -6.000
v 174.005 13.060 -6.000
v 173.206 13.242 -6.000
v 172.388 13.181 -6.000
v 171.625 12.882 -6.000
v 170.984 12.370 -6.000
v 170.522 11.693 -6.000
v 170.281 10.910 -6.000
v 170.281 10.090 -6.000
v 170.522 9.307 -6.000
v 170.984 8.630 -6.000
v 171.625 8.118 -6.000
v 172.388 7.819 -6.000
v 173.206 7.758 -6.000
v 174.005 7.940 -6.000
v 174.715 8.350 -6.000
v 175.272 8.951 -6.000
v 175.628 9.689 -6.000
v 127.750 10.500 -6.000
v 127.628 11.311 -6.000
v 127.272 12.049 -6.000
v 126.715 12.650 -6.000
v 126.005 13.060 -6.000
v 125.206 13.242 -6.000
v 124.388 13.181 -6.000
v 123.625 12.882 -6.000
v 122.984 12.370 -6.000
v 122.522 11.693 -6.000
v 122.281 10.910 -6.000
v 122.281 10.090 -6.000
v 122.522 9.307 -6.000
v 122.984 8.630 -6.000
v 123.625 8.118 -6.000
v 124.388 7.819 -6.000
v 125.206 7.758 -6.000
v 126.005 7.940 -6.000
v 126.715 8.350 -6.000
v 127.272 8.951 -6.000
v 127.628 9.689 -6.000
v 87.750 7.500 -6.000
v 87.628 8.311 -6.000
v 87.272 9.049 -6.000
v 86.715 9.650 -6.000
v 86.005 10.060 -6.000
v 85.206 10.242 -6.000
v 84.388 10.181 -6.000
v 83.625 9.882 -6.000
v 82.984 9.370 -6.000
v 82.522 8.693 -6.000
v 82.281 7.910 -6.000
v 82.281 7.090 -6.000
v 82.522 6.307 -6.000
v 82.984 5.630 -6.000
v 83.625 5.118 -6.000
v 84.388 4.819 -6.000
v 85.206 4.758 -6.000
v 86.005 4.940 -6.000
v 86.715 5.350 -6.000
v 87.272 5.951 -6.000
v 87.628 6.689 -6.000
v 47.750 12.000 -6.000
v 47.628 12.811 -6.000
v 47.272 13.549 -6.000
v 46.715 14.150 -6.000
v 46.005 14.560 -6.000
v 45.206 14.742 -6.000
v 44.388 14.681 -6.000
v 43.625 14.382 -6.000
v 42.984 13.870 -6.000
v 42.522 13.193 -6.000
v 42.281 12.410 -6.000
v 42.281 11.590 -6.000
v 42.522 10.807 -6.000
v 42.984 10.130 -6.000
v 43.625 9.618 -6.000
v 44.388 9.319 -6.000
v 45.206 9.258 -6.000
v 46.005 9.440 -6.000
v 46.715 9.850 -6.000
v 47.272 10.451 -6.000
v 47.628 11.189 -6.000
v 32.750 7.500 -6.000
v 32.628 8.311 -6.000
v 32.272 9.049 -6.000
v 31.715 9.650 -6.000
v 31.005 10.060 -6.000
v 30.206 10.242 -6.000
v 29.388 10.181 -6.000
v 28.625 9.882 -6.000
v 27.984 9.370 -6.000
v 27.522 8.693 -6.000
v 27.281 7.910 -6.000
v 27.281 7.090 -6.000
v 27.522 6.307 -6.000
v 27.984 5.630 -6.000
v 28.625 5.118 -6.000
v 29.388 4.819 -6.000
v 30.206 4.758 -6.000
v 31.005 4.940 -6.000
v 31.715 5.350 -6.000
v 32.272 5.951 -6.000
v 32.628 6.689 -6.000
v 14.750 45.000 -6.000
v 14.628 45.811 -6.000
v 14.272 46.549 -6.000
v 13.715 47.150 -6.000
v 13.005 47.560 -6.000
v 12.206 47.742 -6.000
v 11.388 47.681 -6.000
v 10.625 47.382 -6.000
v 9.984 46.870 -6.000
v 9.522 46.193 -6.000
v 9.281 45.410 -6.000
v 9.281 44.590 -6.000
v 9.522 43.807 -6.000
v 9.984 43.130 -6.000
v 10.625 42.618 -6.000
v 11.388 42.319 -6.000
v 12.206 42.258 -6.000
v 13.005 42.440 -6.000
v 13.715 42.850 -6.000
v 14.272 43.451 -6.000
v 14.628 44.189 -6.000
v 82.750 196.000 -6.000
v 82.628 196.811 -6.000
v 82.272 197.549 -6.000
v 81.715 198.150 -6.000
v 81.005 198.560 -6.000
v 80.206 198.742 -6.000
v 79.388 198.681 -6.000
v 78.625 198.382 -6.000
v 77.984 197.870 -6.000
v 77.522 197.193 -6.000
v 77.281 196.410 -6.000
v 77.281 195.590 -6.000
v 77.522 194.807 -6.000
v 77.984 194.130 -6.000
v 78.625 193.618 -6.000
v 79.388 193.319 -6.000
v 80.206 193.258 -6.000
v 81.005 193.440 -6.000
v 81.715 193.850 -6.000
v 82.272 194.451 -6.000
v 82.628 195.189 -6.000
v 127.750 196.000 -6.000
v 127.628 196.811 -6.000
v 127.272 197.549 -6.000
v 126.715 198.150 -6.000
v 126.005 198.560 -6.000
v 125.206 198.742 -6.000
v 124.388 198.681 -6.000
v 123.625 198.382 -6.000
v 122.984 197.870 -6.000
v 122.522 197.193 -6.000
v 122.281 196.410 -6.000
v 122.281 195.590 -6.000
v 122.522 194.807 -6.000
v 122.984 194.130 -6.000
v 123.625 193.618 -6.000
v 124.388 193.319 -6.000
v 125.206 193.258 -6.000
v 126.005 193.440 -6.000
v 126.715 193.850 -6.000
v 127.272 194.451 -6.000
v 127.628 195.189 -6.000
v 172.750 196.000 -6.000
v 172.628 196.811 -6.000
v 172.272 197.549 -6.000
v 171.715 198.150 -6.000
v 171.005 198.560 -6.000
v 170.206 198.742 -6.000
v 169.388 198.681 -6.000
v 168.625 198.382 -6.000
v 167.984 197.870 -6.000
v 167.522 197.193 -6.000
v 167.281 196.410 -6.000
v 167.281 195.590 -6.000
v 167.522 194.807 -6.000
v 167.984 194.130 -6.000
v 168.625 193.618 -6.000
v 169.388 193.319 -6.000
v 170.206 193.258 -6.000
v 171.005 193.440 -6.000
v 171.715 193.850 -6.000
v 172.272 194.451 -6.000
v 172.628 195.189 -6.000
v 198.750 159.000 -6.000
v 198.628 159.811 -6.000
v 198.272 160.549 -6.000
v 197.715 161.150 -6.000
v 197.005 161.560 -6.000
v 196.206 161.742 -6.000
v 195.388 161.681 -6.000
v 194.625 161.382 -6.000
v 193.984 160.870 -6.000
v 193.522 160.193 -6.000
v 193.281 159.410 -6.000
v 193.281 158.590 -6.000
v 193.522 157.807 -6.000
v 193.984 157.130 -6.000
v 194.625 156.618 -6.000
v 195.388 156.319 -6.000
v 196.206 156.258 -6.000
v 197.005 156.440 -6.000
v 197.715 156.850 -6.000
v 198.272 157.451 -6.000
v 198.628 158.189 -6.000
v 198.750 123.000 -6.000
v 198.628 123.811 -6.000
v 198.272 124.549 -6.000
v 197.715 125.150 -6.000
v 197.005 125.560 -6.000
v 196.206 125.742 -6.000
v 195.388 125.681 -6.000
v 194.625 125.382 -6.000
v 193.984 124.870 -6.000
v 193.522 124.193 -6.000
v 193.281 123.410 -6.000
v 193.281 122.590 -6.000
v 193.522 121.807 -6.000
v 193.984 121.130 -6.000
v 194.625 120.618 -6.000
v 195.388 120.319 -6.000
v 196.206 120.258 -6.000
v 197.005 120.440 -6.000
v 197.715 120.850 -6.000
v 198.272 121.451 -6.000
v 198.628 122.189 -6.000
v 198.750 80.000 -6.000
v 198.628 80.811 -6.000
v 198.272 81.549 -6.000
v 197.715 82.150 -6.000
v 197.005 82.560 -6.000
v 196.206 82.742 -6.000
v 195.388 82.681 -6.000
v 194.625 82.382 -6.000
v 193.984 81.870 -6.000
v 193.522 81.193 -6.000
v 193.281 80.410 -6.000
v 193.281 79.590 -6.000
v 193.522 78.807 -6.000
v 193.984 78.130 -6.000
v 194.625 77.618 -6.000
v 195.388 77.319 -6.000
v 196.206 77.258 -6.000
v 197.005 77.440 -6.000
v 197.715 77.850 -6.000
v 198.272 78.451 -6.000
v 198.628 79.189 -6.000
v 198.750 42.500 -6.000
v 198.628 43.311 -6.000
v 198.272 44.049 -6.000
v 197.715 44.650 -6.000
v 197.005 45.060 -6.000
v 196.206 45.242 -6.000
v 195.388 45.181 -6.000
v 194.625 44.882 -6.000
v 193.984 44.370 -6.000
v 193.522 43.693 -6.000
v 193.281 42.910 -6.000
v 193.281 42.090 -6.000
v 193.522 41.307 -6.000
v 193.984 40.630 -6.000
v 194.625 40.118 -6.000
v 195.388 39.819 -6.000
v 196.206 39.758 -6.000
v 197.005 39.940 -6.000
v 197.715 40.350 -6.000
v 198.272 40.951 -6.000
v 198.628 41.689 -6.000
v 198.750 10.500 -6.000
v 198.628 11.311 -6.000
v 198.272 12.049 -6.000
v 197.715 12.650 -6.000
v 197.005 13.060 -6.000
v 196.206 13.242 -6.000
v 195.388 13.181 -6.000
v 194.625 12.882 -6.000
v 193.984 12.370 -6.000
v 193.522 11.693 -6.000
v 193.281 10.910 -6.000
v 193.281 10.090 -6.000
v 193.522 9.307 -6.000
v 193.984 8.630 -6.000
v 194.625 8.118 -6.000
v 195.388 7.819 -6.000
v 196.206 7.758 -6.000
v 197.005 7.940 -6.000
v 197.715 8.350 -6.000
v 198.272 8.951 -6.000
v 198.628 9.689 -6.000
v 13.250 159.000 -6.000
v 13.128 159.811 -6.000
v 12.772 160.549 -6.000
v 12.215 161.150 -6.000
v 11.505 161.560 -6.000
v 10.706 161.742 -6.000
v 9.888 161.681 -6.000
v 9.125 161.382 -6.000
v 8.484 160.870 -6.000
v 8.022 160.193 -6.000
v 7.781 159.410 -6.000
v 7.781 158.590 -6.000
v 8.022 157.807 -6.000
v 8.484 157.130 -6.000
v 9.125 156.618 -6.000
v 9.888 156.319 -6.000
v 10.706 156.258 -6.000
v 11.505 156.440 -6.000
v 12.215 156.850 -6.000
v 12.772 157.451 -6.000
v 13.128 158.189 -6.000
v 36.751 159.000 -6.000
v 36.629 159.811 -6.000
v 36.273 160.549 -6.000
v 35.716 161.150 -6.000
v 35.006 161.560 -6.000
v 34.207 161.742 -6.000
v 33.389 161.681 -6.000
v 32.626 161.382 -6.000
v 31.985 160.870 -6.000
v 31.524 160.193 -6.000
v 31.282 159.410 -6.000
v 31.282 158.590 -6.000
v 31.524 157.807 -6.000
v 31.985 157.130 -6.000
v 32.626 156.618 -6.000
v 33.389 156.319 -6.000
v 34.207 156.258 -6.000
v 35.006 156.440 -6.000
v 35.716 156.850 -6.000
v 36.273 157.451 -6.000
v 36.629 158.189 -6.000
v 175.750 42.500 -6.000
v 175.628 43.311 -6.000
v 175.272 44.049 -6.000
v 174.715 44.650 -6.000
v 174.005 45.060 -6.000
v 173.206 45.242 -6.000
v 172.388 45.181 -6.000
v 171.625 44.882 -6.000
v 170.984 44.370 -6.000
v 170.522 43.693 -6.000
v 170.281 42.910 -6.000
v 170.281 42.090 -6.000
v 170.522 41.307 -6.000
v 170.984 40.630 -6.000
v 171.625 40.118 -6.000
v 172.388 39.819 -6.000
v 173.206 39.758 -6.000
v 174.005 39.940 -6.000
v 174.715 40.350 -6.000
v 175.272 40.951 -6.000
v 175.628 41.689 -6.000
v 42.750 90.000 -6.000
v 42.628 90.811 -6.000
v 42.272 91.549 -6.000
v 41.715 92.150 -6.000
v 41.005 92.560 -6.000
v 40.206 92.742 -6.000
v 39.388 92.681 -6.000
v 38.625 92.382 -6.000
v 37.984 91.870 -6.000
v 37.522 91.193 -6.000
v 37.281 90.410 -6.000
v 37.281 89.590 -6.000
v 37.522 88.807 -6.000
v 37.984 88.130 -6.000
v 38.625 87.618 -6.000
v 39.388 87.319 -6.000
v 40.206 87.258 -6.000
v 41.005 87.440 -6.000
v 41.715 87.850 -6.000
v 42.272 88.451 -6.000
v 42.628 89.189 -6.000
v 36.751 80.000 -6.000
v 36.629 80.811 -6.000
v 36.273 81.549 -6.000
v 35.716 82.150 -6.000
v 35.006 82.560 -6.000
v 34.207 82.742 -6.000
v 33.389 82.681 -6.000
v 32.626 82.382 -6.000
v 31.985 81.870 -6.000
v 31.524 81.193 -6.000
v 31.282 80.410 -6.000
v 31.282 79.590 -6.000
v 31.524 78.807 -6.000
v 31.985 78.130 -6.000
v 32.626 77.618 -6.000
v 33.389 77.319 -6.000
v 34.207 77.258 -6.000
v 35.006 77.440 -6.000
v 35.716 77.850 -6.000
v 36.273 78.451 -6.000
v 36.629 79.189 -6.000
v 36.751 120.000 -6.000
v 36.629 120.811 -6.000
v 36.273 121.549 -6.000
v 35.716 122.150 -6.000
v 35.006 122.560 -6.000
v 34.207 122.742 -6.000
v 33.389 122.681 -6.000
v 32.626 122.382 -6.000
v 31.985 121.870 -6.000
v 31.524 121.193 -6.000
v 31.282 120.410 -6.000
v 31.282 119.590 -6.000
v 31.524 118.807 -6.000
v 31.985 118.130 -6.000
v 32.626 117.618 -6.000
v 33.389 117.319 -6.000
v 34.207 117.258 -6.000
v 35.006 117.440 -6.000
v 35.716 117.850 -6.000
v 36.273 118.451 -6.000
v 36.629 119.189 -6.000
v 127.750 42.500 -6.000
v 127.628 43.311 -6.000
v 127.272 44.049 -6.000
v 126.715 44.650 -6.000
v 126.005 45.060 -6.000
v 125.206 45.242 -6.000
v 124.388 45.181 -6.000
v 123.625 44.882 -6.000
v 122.984 44.370 -6.000
v 122.522 43.693 -6.000
v 122.281 42.910 -6.000
v 122.281 42.090 -6.000
v 122.522 41.307 -6.000
v 122.984 40.630 -6.000
v 123.625 40.118 -6.000
v 124.388 39.819 -6.000
v 125.206 39.758 -6.000
v 126.005 39.940 -6.000
v 126.715 40.350 -6.000
v 127.272 40.951 -6.000
v 127.628 41.689 -6.000
v 82.792 42.500 -6.000
v 82.669 43.311 -6.000
v 82.314 44.049 -6.000
v 81.756 44.650 -6.000
v 81.046 45.060 -6.000
v 80.247 45.242 -6.000
v 79.430 45.181 -6.000
v 78.667 44.882 -6.000
v 78.026 44.370 -6.000
v 77.564 43.693 -6.000
v 77.322 42.910 -6.000
v 77.322 42.090 -6.000
v 77.564 41.307 -6.000
v 78.026 40.630 -6.000
v 78.667 40.118 -6.000
v 79.430 39.819 -6.000
v 80.247 39.758 -6.000
v 81.046 39.940 -6.000
v 81.756 40.350 -6.000
v 82.314 40.951 -6.000
v 82.669 41.689 -6.000
v 10.250 85.000 -6.000
v 10.128 85.811 -6.000
v 9.772 86.549 -6.000
v 9.215 87.150 -6.000
v 8.505 87.560 -6.000
v 7.706 87.742 -6.000
v 6.888 87.681 -6.000
v 6.125 87.382 -6.000
v 5.484 86.870 -6.000
v 5.022 86.193 -6.000
v 4.781 85.410 -6.000
v 4.781 84.590 -6.000
v 5.022 83.807 -6.000
v 5.484 83.130 -6.000
v 6.125 82.618 -6.000
v 6.888 82.319 -6.000
v 7.706 82.258 -6.000
v 8.505 82.440 -6.000
v 9.215 82.850 -6.000
v 9.772 83.451 -6.000
v 10.128 84.189 -6.000
v 82.792 122.900 -6.000
v 82.669 123.711 -6.000
v 82.314 124.449 -6.000
v 81.756 125.050 -6.000
v 81.046 125.460 -6.000
v 80.247 125.642 -6.000
v 79.430 125.581 -6.000
v 78.667 125.282 -6.000
v 78.026 124.771 -6.000
v 77.564 124.093 -6.000
v 77.322 123.310 -6.000
v 77.322 122.490 -6.000
v 77.564 121.707 -6.000
v 78.026 121.030 -6.000
v 78.667 120.519 -6.000
v 79.430 120.219 -6.000
v 80.247 120.158 -6.000
v 81.046 120.340 -6.000
v 81.756 120.750 -6.000
v 82.314 121.351 -6.000
v 82.669 122.090 -6.000
v 127.750 123.000 -6.000
v 127.628 123.811 -6.000
v 127.272 124.549 -6.000
v 126.715 125.150 -6.000
v 126.005 125.560 -6.000
v 125.206 125.742 -6.000
v 124.388 125.681 -6.000
v 123.625 125.382 -6.000
v 122.984 124.870 -6.000
v 122.522 124.193 -6.000
v 122.281 123.410 -6.000
v 122.281 122.590 -6.000
v 122.522 121.807 -6.000
v 122.984 121.130 -6.000
v 123.625 120.618 -6.000
v 124.388 120.319 -6.000
v 125.206 120.258 -6.000
v 126.005 120.440 -6.000
v 126.715 120.850 -6.000
v 127.272 121.451 -6.000
v 127.628 122.189 -6.000
v 175.750 123.000 -6.000
v 175.628 123.811 -6.000
v 175.272 124.549 -6.000
v 174.715 125.150 -6.000
v 174.005 125.560 -6.000
v 173.206 125.742 -6.000
v 172.388 125.681 -6.000
v 171.625 125.382 -6.000
v 170.984 124.870 -6.000
v 170.522 124.193 -6.000
v 170.281 123.410 -6.000
v 170.281 122.590 -6.000
v 170.522 121.807 -6.000
v 170.984 121.130 -6.000
v 171.625 120.618 -6.000
v 172.388 120.319 -6.000
v 173.206 120.258 -6.000
v 174.005 120.440 -6.000
v 174.715 120.850 -6.000
v 175.272 121.451 -6.000
v 175.628 122.189 -6.000
v 127.750 159.000 -6.000
v 127.628 159.811 -6.000
v 127.272 160.549 -6.000
v 126.715 161.150 -6.000
v 126.005 161.560 -6.000
v 125.206 161.742 -6.000
v 124.388 161.681 -6.000
v 123.625 161.382 -6.000
v 122.984 160.870 -6.000
v 122.522 160.193 -6.000
v 122.281 159.410 -6.000
v 122.281 158.590 -6.000
v 122.522 157.807 -6.000
v 122.984 157.130 -6.000
v 123.625 156.618 -6.000
v 124.388 156.319 -6.000
v 125.206 156.258 -6.000
v 126.005 156.440 -6.000
v 126.715 156.850 -6.000
v 127.272 157.451 -6.000
v 127.628 158.189 -6.000
v 82.750 159.000 -6.000
v 82.628 159.811 -6.000
v 82.272 160.549 -6.000
v 81.715 161.150 -6.000
v 81.005 161.560 -6.000
v 80.206 161.742 -6.000
v 79.388 161.681 -6.000
v 78.625 161.382 -6.000
v 77.984 160.870 -6.000
v 77.522 160.193 -6.000
v 77.281 159.410 -6.000
v 77.281 158.590 -6.000
v 77.522 157.807 -6.000
v 77.984 157.130 -6.000
v 78.625 156.618 -6.000
v 79.388 156.319 -6.000
v 80.206 156.258 -6.000
v 81.005 156.440 -6.000
v 81.715 156.850 -6.000
v 82.272 157.451 -6.000
v 82.628 158.189 -6.000
v 175.750 159.000 -6.000
v 175.628 159.811 -6.000
v 175.272 160.549 -6.000
v 174.715 161.150 -6.000
v 174.005 161.560 -6.000
v 173.206 161.742 -6.000
v 172.388 161.681 -6.000
v 171.625 161.382 -6.000
v 170.984 160.870 -6.000
v 170.522 160.193 -6.000
v 170.281 159.410 -6.000
v 170.281 158.590 -6.000
v 170.522 157.807 -6.000
v 170.984 157.130 -6.000
v 171.625 156.618 -6.000
v 172.388 156.319 -6.000
v 173.206 156.258 -6.000
v 174.005 156.440 -6.000
v 174.715 156.850 -6.000
v 175.272 157.451 -6.000
v 175.628 158.189 -6.000
v 13.250 120.000 -6.000
v 13.128 120.811 -6.000
v 12.772 121.549 -6.000
v 12.215 122.150 -6.000
v 11.505 122.560 -6.000
v 10.706 122.742 -6.000
v 9.888 122.681 -6.000
v 9.125 122.382 -6.000
v 8.484 121.870 -6.000
v 8.022 121.193 -6.000
v 7.781 120.410 -6.000
v 7.781 119.590 -6.000
v 8.022 118.807 -6.000
v 8.484 118.130 -6.000
v 9.125 117.618 -6.000
v 9.888 117.319 -6.000
v 10.706 117.258 -6.000
v 11.505 117.440 -6.000
v 12.215 117.850 -6.000
v 12.772 118.451 -6.000
v 13.128 119.189 -6.000
v 82.792 80.000 -6.000
v 82.669 80.811 -6.000
v 82.314 81.549 -6.000
v 81.756 82.150 -6.000
v 81.046 82.560 -6.000
v 80.247 82.742 -6.000
v 79.430 82.681 -6.000
v 78.667 82.382 -6.000
v 78.026 81.870 -6.000
v 77.564 81.193 -6.000
v 77.322 80.410 -6.000
v 77.322 79.590 -6.000
v 77.564 78.807 -6.000
v 78.026 78.130 -6.000
v 78.667 77.618 -6.000
v 79.430 77.319 -6.000
v 80.247 77.258 -6.000
v 81.046 77.440 -6.000
v 81.756 77.850 -6.000
v 82.314 78.451 -6.000
v 82.669 79.189 -6.000
v 127.750 80.000 -6.000
v 127.628 80.811 -6.000
v 127.272 81.549 -6.000
v 126.715 82.150 -6.000
v 126.005 82.560 -6.000
v 125.206 82.742 -6.000
v 124.388 82.681 -6.000
v 123.625 82.382 -6.000
v 122.984 81.870 -6.000
v 122.522 81.193 -6.000
v 122.281 80.410 -6.000
v 122.281 79.590 -6.000
v 122.522 78.807 -6.000
v 122.984 78.130 -6.000
v 123.625 77.618 -6.000
v 124.388 77.319 -6.000
v 125.206 77.258 -6.000
v 126.005 77.440 -6.000
v 126.715 77.850 -6.000
v 127.272 78.451 -6.000
v 127.628 79.189 -6.000
v 175.750 80.000 -6.000
v 175.628 80.811 -6.000
v 175.272 81.549 -6.000
v 174.715 82.150 -6.000
v 174.005 82.560 -6.000
v 173.206 82.742 -6.000
v 172.388 82.681 -6.000
v 171.625 82.382 -6.000
v 170.984 81.870 -6.000
v 170.522 81.193 -6.000
v 170.281 80.410 -6.000
v 170.281 79.590 -6.000
v 170.522 78.807 -6.000
v 170.984 78.130 -6.000
v 171.625 77.618 -6.000
v 172.388 77.319 -6.000
v 173.206 77.258 -6.000
v 174.005 77.440 -6.000
v 174.715 77.850 -6.000
v 175.272 78.451 -6.000
v 175.628 79.189 -6.000
v 36.751 42.500 -6.000
v 36.629 43.311 -6.000
v 36.273 44.049 -6.000
v 35.716 44.650 -6.000
v 35.006 45.060 -6.000
v 34.207 45.242 -6.000
v 33.389 45.181 -6.000
v 32.626 44.882 -6.000
v 31.985 44.370 -6.000
v 31.524 43.693 -6.000
v 31.282 42.910 -6.000
v 31.282 42.090 -6.000
v 31.524 41.307 -6.000
v 31.985 40.630 -6.000
v 32.626 40.118 -6.000
v 33.389 39.819 -6.000
v 34.207 39.758 -6.000
v 35.006 39.940 -6.000
v 35.716 40.350 -6.000
v 36.273 40.951 -6.000
v 36.629 41.689 -6.000
v 13.250 196.000 -6.000
v 13.128 196.811 -6.000
v 12.772 197.549 -6.000
v 12.215 198.150 -6.000
v 11.505 198.560 -6.000
v 10.706 198.742 -6.000
v 9.888 198.681 -6.000
v 9.125 198.382 -6.000
v 8.484 197.870 -6.000
v 8.022 197.193 -6.000
v 7.781 196.410 -6.000
v 7.781 195.590 -6.000
v 8.022 194.807 -6.000
v 8.484 194.130 -6.000
v 9.125 193.618 -6.000
v 9.888 193.319 -6.000
v 10.706 193.258 -6.000
v 11.505 193.440 -6.000
v 12.215 193.850 -6.000
v 12.772 194.451 -6.000
v 13.128 195.189 -6.000
v 13.250 196.000 -2.000
v 13.128 196.811 -2.000
v 12.772 197.549 -2.000
v 12.215 198.150 -2.000
v 11.505 198.560 -2.000
v 10.706 198.742 -2.000
v 9.888 198.681 -2.000
v 9.125 198.382 -2.000
v 8.484 197.870 -2.000
v 8.022 197.193 -2.000
v 7.781 196.410 -2.000
v 7.781 195.590 -2.000
v 8.022 194.807 -2.000
v 8.484 194.130 -2.000
v 9.125 193.618 -2.000
v 9.888 193.319 -2.000
v 10.706 193.258 -2.000
v 11.505 193.440 -2.000
v 12.215 193.850 -2.000
v 12.772 194.451 -2.000
v 13.128 195.189 -2.000
v 15.500 196.000 -2.000
v 15.278 197.474 -2.000
v 14.631 198.817 -2.000
v 13.617 199.909 -2.000
v 12.327 200.654 -2.000
v 10.874 200.986 -2.000
v 9.387 200.875 -2.000
v 8.000 200.330 -2.000
v 6.835 199.401 -2.000
v 5.995 198.169 -2.000
v 5.556 196.745 -2.000
v 5.556 195.255 -2.000
v 5.995 193.831 -2.000
v 6.835 192.599 -2.000
v 8.000 191.670 -2.000
v 9.387 191.125 -2.000
v 10.874 191.014 -2.000
v 12.327 191.346 -2.000
v 13.617 192.091 -2.000
v 14.631 193.183 -2.000
v 15.278 194.526 -2.000
v 36.751 42.500 -2.000
v 36.629 43.311 -2.000
v 36.273 44.049 -2.000
v 35.716 44.650 -2.000
v 35.006 45.060 -2.000
v 34.207 45.242 -2.000
v 33.389 45.181 -2.000
v 32.626 44.882 -2.000
v 31.985 44.370 -2.000
v 31.524 43.693 -2.000
v 31.282 42.910 -2.000
v 31.282 42.090 -2.000
v 31.524 41.307 -2.000
v 31.985 40.630 -2.000
v 32.626 40.118 -2.000
v 33.389 39.819 -2.000
v 34.207 39.758 -2.000
v 35.006 39.940 -2.000
v 35.716 40.350 -2.000
v 36.273 40.951 -2.000
v 36.629 41.689 -2.000
v 39.001 42.500 -2.000
v 38.779 43.974 -2.000
v 38.133 45.317 -2.000
v 37.119 46.409 -2.000
v 35.828 47.154 -2.000
v 34.375 47.486 -2.000
v 32.889 47.375 -2.000
v 31.501 46.830 -2.000
v 30.336 45.901 -2.000
v 29.496 44.669 -2.000
v 29.057 43.245 -2.000
v 29.057 41.755 -2.000
v 29.496 40.331 -2.000
v 30.336 39.099 -2.000
v 31.501 38.170 -2.000
v 32.889 37.625 -2.000
v 34.375 37.514 -2.000
v 35.828 37.846 -2.000
v 37.119 38.591 -2.000
v 38.133 39.683 -2.000
v 38.779 41.026 -2.000
v 175.750 80.000 -2.000
v 175.628 80.811 -2.000
v 175.272 81.549 -2.000
v 174.715 82.150 -2.000
v 174.005 82.560 -2.000
v 173.206 82.742 -2.000
v 172.388 82.681 -2.000
v 171.625 82.382 -2.000
v 170.984 81.870 -2.000
v 170.522 81.193 -2.000
v 170.281 80.410 -2.000
v 170.281 79.590 -2.000
v 170.522 78.807 -2.000
v 170.984 78.130 -2.000
v 171.625 77.618 -2.000
v 172.388 77.319 -2.000
v 173.206 77.258 -2.000
v 174.005 77.440 -2.000
v 174.715 77.850 -2.000
v 175.272 78.451 -2.000
v 175.628 79.189 -2.000
v 178.000 80.000 -2.000
v 177.778 81.474 -2.000
v 177.131 82.817 -2.000
v 176.117 83.909 -2.000
v 174.827 84.654 -2.000
v 173.374 84.986 -2.000
v 171.887 84.875 -2.000
v 170.500 84.330 -2.000
v 169.335 83.401 -2.000
v 168.495 82.169 -2.000
v 168.056 80.745 -2.000
v 168.056 79.255 -2.000
v 168.495 77.831 -2.000
v 169.335 76.599 -2.000
v 170.500 75.670 -2.000
v 171.887 75.125 -2.000
v 173.374 75.014 -2.000
v 174.827 75.346 -2.000
v 176.117 76.091 -2.000
v 177.131 77.183 -2.000
v 177.778 78.526 -2.000
v 127.750 80.000 -2.000
v 127.628 80.811 -2.000
v 127.272 81.549 -2.000
v 126.715 82.150 -2.000
v 126.005 82.560 -2.000
v 125.206 82.742 -2.000
v 124.388 82.681 -2.000
v 123.625 82.382 -2.000
v 122.984 81.870 -2.000
v 122.522 81.193 -2.000
v 122.281 80.410 -2.000
v 122.281 79.590 -2.000
v 122.522 78.807 -2.000
v 122.984 78.130 -2.000
v 123.625 77.618 -2.000
v 124.388 77.319 -2.000
v 125.206 77.258 -2.000
v 126.005 77.440 -2.000
v 126.715 77.850 -2.000
v 127.272 78.451 -2.000
v 127.628 79.189 -2.000
v 130.000 80.000 -2.000
v 129.778 81.474 -2.000
v 129.131 82.817 -2.000
v 128.117 83.909 -2.000
v 126.827 84.654 -2.000
v 125.374 84.986 -2.000
v 123.887 84.875 -2.000
v 122.500 84.330 -2.000
v 121.335 83.401 -2.000
v 120.495 82.169 -2.000
v 120.056 80.745 -2.000
v 120.056 79.255 -2.000
v 120.495 77.831 -2.000
v 121.335 76.599 -2.000
v 122.500 75.670 -2.000
v 123.887 75.125 -2.000
v 125.374 75.014 -2.000
v 126.827 75.346 -2.000
v 128.117 76.091 -2.000
v 129.131 77.183 -2.000
v 129.778 78.526 -2.000
v 82.792 80.000 -2.000
v 82.669 80.811 -2.000
v 82.314 81.549 -2.000
v 81.756 82.150 -2.000
v 81.046 82.560 -2.000
v 80.247 82.742 -2.000
v 79.430 82.681 -2.000
v 78.667 82.382 -2.000
v 78.026 81.870 -2.000
v 77.564 81.193 -2.000
v 77.322 80.410 -2.000
v 77.322 79.590 -2.000
v 77.564 78.807 -2.000
v 78.026 78.130 -2.000
v 78.667 77.618 -2.000
v 79.430 77.319 -2.000
v 80.247 77.258 -2.000
v 81.046 77.440 -2.000
v 81.756 77.850 -2.000
v 82.314 78.451 -2.000
v 82.669 79.189 -2.000
v 85.042 80.000 -2.000
v 84.819 81.474 -2.000
v 84.173 82.817 -2.000
v 83.159 83.909 -2.000
v 81.868 84.654 -2.000
v 80.415 84.986 -2.000
v 78.929 84.875 -2.000
v 77.542 84.330 -2.000
v 76.376 83.401 -2.000
v 75.537 82.169 -2.000
v 75.097 80.745 -2.000
v 75.097 79.255 -2.000
v 75.537 77.831 -2.000
v 76.376 76.599 -2.000
v 77.542 75.670 -2.000
v 78.929 75.125 -2.000
v 80.415 75.014 -2.000
v 81.868 75.346 -2.000
v 83.159 76.091 -2.000
v 84.173 77.183 -2.000
v 84.819 78.526 -2.000
v 13.250 120.000 -2.000
v 13.128 120.811 -2.000
v 12.772 121.549 -2.000
v 12.215 122.150 -2.000
v 11.505 122.560 -2.000
v 10.706 122.742 -2.000
v 9.888 122.681 -2.000
v 9.125 122.382 -2.000
v 8.484 121.870 -2.000
v 8.022 121.193 -2.000
v 7.781 120.410 -2.000
v 7.781 119.590 -2.000
v 8.022 118.807 -2.000
v 8.484 118.130 -2.000
v 9.125 117.618 -2.000
v 9.888 117.319 -2.000
v 10.706 117.258 -2.000
v 11.505 117.440 -2.000
v 12.215 117.850 -2.000
v 12.772 118.451 -2.000
v 13.128 119.189 -2.000
v 15.500 120.000 -2.000
v 15.278 121.474 -2.000
v 14.631 122.817 -2.000
v 13.617 123.909 -2.000
v 12.327 124.654 -2.000
v 10.874 124.986 -2.000
v 9.387 124.875 -2.000
v 8.000 124.330 -2.000
v 6.835 123.401 -2.000
v 5.995 122.169 -2.000
v 5.556 120.745 -2.000
v 5.556 119.255 -2.000
v 5.995 117.831 -2.000
v 6.835 116.599 -2.000
v 8.000 115.670 -2.000
v 9.387 115.125 -2.000
v 10.874 115.014 -2.000
v 12.327 115.346 -2.000
v 13.617 116.091 -2.000
v 14.631 117.183 -2.000
v 15.278 118.526 -2.000
v 175.750 159.000 -2.000
v 175.628 159.811 -2.000
v 175.272 160.549 -2.000
v 174.715 161.150 -2.000
v 174.005 161.560 -2.000
v 173.206 161.742 -2.000
v 172.388 161.681 -2.000
v 171.625 161.382 -2.000
v 170.984 160.870 -2.000
v 170.522 160.193 -2.000
v 170.281 159.410 -2.000
v 170.281 158.590 -2.000
v 170.522 157.807 -2.000
v 170.984 157.130 -2.000
v 171.625 156.618 -2.000
v 172.388 156.319 -2.000
v 173.206 156.258 -2.000
v 174.005 156.440 -2.000
v 174.715 156.850 -2.000
v 175.272 157.451 -2.000
v 175.628 158.189 -2.000
v 178.000 159.000 -2.000
v 177.778 160.474 -2.000
v 177.131 161.817 -2.000
v 176.117 162.909 -2.000
v 174.827 163.654 -2.000
v 173.374 163.986 -2.000
v 171.887 163.875 -2.000
v 170.500 163.330 -2.000
v 169.335 162.401 -2.000
v 168.495 161.169 -2.000
v 168.056 159.745 -2.000
v 168.056 158.255 -2.000
v 168.495 156.831 -2.000
v 169.335 155.599 -2.000
v 170.500 154.670 -2.000
v 171.887 154.125 -2.000
v 173.374 154.014 -2.000
v 174.827 154.346 -2.000
v 176.117 155.091 -2.000
v 177.131 156.183 -2.000
v 177.778 157.526 -2.000
v 82.750 159.000 -2.000
v 82.628 159.811 -2.000
v 82.272 160.549 -2.000
v 81.715 161.150 -2.000
v 81.005 161.560 -2.000
v 80.206 161.742 -2.000
v 79.388 161.681 -2.000
v 78.625 161.382 -2.000
v 77.984 160.870 -2.000
v 77.522 160.193 -2.000
v 77.281 159.410 -2.000
v 77.281 158.590 -2.000
v 77.522 157.807 -2.000
v 77.984 157.130 -2.000
v 78.625 156.618 -2.000
v 79.388 156.319 -2.000
v 80.206 156.258 -2.000
v 81.005 156.440 -2.000
v 81.715 156.850 -2.000
v 82.272 157.451 -2.000
v 82.628 158.189 -2.000
v 85.000 159.000 -2.000
v 84.778 160.474 -2.000
v 84.131 161.817 -2.000
v 83.117 162.909 -2.000
v 81.827 163.654 -2.000
v 80.374 163.986 -2.000
v 78.887 163.875 -2.000
v 77.500 163.330 -2.000
v 76.335 162.401 -2.000
v 75.495 161.169 -2.000
v 75.056 159.745 -2.000
v 75.056 158.255 -2.000
v 75.495 156.831 -2.000
v 76.335 155.599 -2.000
v 77.500 154.670 -2.000
v 78.887 154.125 -2.000
v 80.374 154.014 -2.000
v 81.827 154.346 -2.000
v 83.117 155.091 -2.000
v 84.131 156.183 -2.000
v 84.778 157.526 -2.000
v 127.750 159.000 -2.000
v 127.628 159.811 -2.000
v 127.272 160.549 -2.000
v 126.715 161.150 -2.000
v 126.005 161.560 -2.000
v 125.206 161.742 -2.000
v 124.388 161.681 -2.000
v 123.625 161.382 -2.000
v 122.984 160.870 -2.000
v 122.522 160.193 -2.000
v 122.281 159.410 -2.000
v 122.281 158.590 -2.000
v 122.522 157.807 -2.000
v 122.984 157.130 -2.000
v 123.625 156.618 -2.000
v 124.388 156.319 -2.000
v 125.206 156.258 -2.000
v 126.005 156.440 -2.000
v 126.715 156.850 -2.000
v 127.272 157.451 -2.000
v 127.628 158.189 -2.000
v 130.000 159.000 -2.000
v 129.778 160.474 -2.000
v 129.131 161.817 -2.000
v 128.117 162.909 -2.000
v 126.827 163.654 -2.000
v 125.374 163.986 -2.000
v 123.887 163.875 -2.000
v 122.500 163.330 -2.000
v 121.335 162.401 -2.000
v 120.495 161.169 -2.000
v 120.056 159.745 -2.000
v 120.056 158.255 -2.000
v 120.495 156.831 -2.000
v 121.335 155.599 -2.000
v 122.500 154.670 -2.000
v 123.887 154.125 -2.000
v 125.374 154.014 -2.000
v 126.827 154.346 -2.000
v 128.117 155.091 -2.000
v 129.131 156.183 -2.000
v 129.778 157.526 -2.000
v 175.750 123.000 -2.000
v 175.628 123.811 -2.000
v 175.272 124.549 -2.000
v 174.715 125.150 -2.000
v 174.005 125.560 -2.000
v 173.206 125.742 -2.000
v 172.388 125.681 -2.000
v 171.625 125.382 -2.000
v 170.984 124.870 -2.000
v 170.522 124.193 -2.000
v 170.281 123.410 -2.000
v 170.281 122.590 -2.000
v 170.522 121.807 -2.000
v 170.984 121.130 -2.000
v 171.625 120.618 -2.000
v 172.388 120.319 -2.000
v 173.206 120.258 -2.000
v 174.005 120.440 -2.000
v 174.715 120.850 -2.000
v 175.272 121.451 -2.000
v 175.628 122.189 -2.000
v 178.000 123.000 -2.000
v 177.778 124.474 -2.000
v 177.131 125.817 -2.000
v 176.117 126.909 -2.000
v 174.827 127.654 -2.000
v 173.374 127.986 -2.000
v 171.887 127.875 -2.000
v 170.500 127.330 -2.000
v 169.335 126.401 -2.000
v 168.495 125.169 -2.000
v 168.056 123.745 -2.000
v 168.056 122.255 -2.000
v 168.495 120.831 -2.000
v 169.335 119.599 -2.000
v 170.500 118.670 -2.000
v 171.887 118.125 -2.000
v 173.374 118.014 -2.000
v 174.827 118.346 -2.000
v 176.117 119.091 -2.000
v 177.131 120.183 -2.000
v 177.778 121.526 -2.000
v 127.750 123.000 -2.000
v 127.628 123.811 -2.000
v 127.272 124.549 -2.000
v 126.715 125.150 -2.000
v 126.005 125.560 -2.000
v 125.206 125.742 -2.000
v 124.388 125.681 -2.000
v 123.625 125.382 -2.000
v 122.984 124.870 -2.000
v 122.522 124.193 -2.000
v 122.281 123.410 -2.000
v 122.281 122.590 -2.000
v 122.522 121.807 -2.000
v 122.984 121.130 -2.000
v 123.625 120.618 -2.000
v 124.388 120.319 -2.000
v 125.206 120.258 -2.000
v 126.005 120.440 -2.000
v 126.715 120.850 -2.000
v 127.272 121.451 -2.000
v 127.628 122.189 -2.000
v 130.000 123.000 -2.000
v 129.778 124.474 -2.000
v 129.131 125.817 -2.000
v 128.117 126.909 -2.000
v 126.827 127.654 -2.000
v 125.374 127.986 -2.000
v 123.887 127.875 -2.000
v 122.500 127.330 -2.000
v 121.335 126.401 -2.000
v 120.495 125.169 -2.000
v 120.056 123.745 -2.000
v 120.056 122.255 -2.000
v 120.495 120.831 -2.000
v 121.335 119.599 -2.000
v 122.500 118.670 -2.000
v 123.887 118.125 -2.000
v 125.374 118.014 -2.000
v 126.827 118.346 -2.000
v 128.117 119.091 -2.000
v 129.131 120.183 -2.000
v 129.778 121.526 -2.000
v 82.792 122.900 -2.000
v 82.669 123.711 -2.000
v 82.314 124.449 -2.000
v 81.756 125.050 -2.000
v 81.046 125.460 -2.000
v 80.247 125.642 -2.000
v 79.430 125.581 -2.000
v 78.667 125.282 -2.000
v 78.026 124.771 -2.000
v 77.564 124.093 -2.000
v 77.322 123.310 -2.000
v 77.322 122.490 -2.000
v 77.564 121.707 -2.000
v 78.026 121.030 -2.000
v 78.667 120.519 -2.000
v 79.430 120.219 -2.000
v 80.247 120.158 -2.000
v 81.046 120.340 -2.000
v 81.756 120.750 -2.000
v 82.314 121.351 -2.000
v 82.669 122.090 -2.000
v 85.042 122.900 -2.000
v 84.819 124.374 -2.000
v 84.173 125.717 -2.000
v 83.159 126.809 -2.000
v 81.868 127.555 -2.000
v 80.415 127.886 -2.000
v 78.929 127.775 -2.000
v 77.542 127.230 -2.000
v 76.376 126.301 -2.000
v 75.537 125.070 -2.000
v 75.097 123.645 -2.000
v 75.097 122.155 -2.000
v 75.537 120.731 -2.000
v 76.376 119.499 -2.000
v 77.542 118.570 -2.000
v 78.929 118.026 -2.000
v 80.415 117.914 -2.000
v 81.868 118.246 -2.000
v 83.159 118.991 -2.000
v 84.173 120.084 -2.000
v 84.819 121.426 -2.000
v 10.250 85.000 -2.000
v 10.128 85.811 -2.000
v 9.772 86.549 -2.000
v 9.215 87.150 -2.000
v 8.505 87.560 -2.000
v 7.706 87.742 -2.000
v 6.888 87.681 -2.000
v 6.125 87.382 -2.000
v 5.484 86.870 -2.000
v 5.022 86.193 -2.000
v 4.781 85.410 -2.000
v 4.781 84.590 -2.000
v 5.022 83.807 -2.000
v 5.484 83.130 -2.000
v 6.125 82.618 -2.000
v 6.888 82.319 -2.000
v 7.706 82.258 -2.000
v 8.505 82.440 -2.000
v 9.215 82.850 -2.000
v 9.772 83.451 -2.000
v 10.128 84.189 -2.000
v 12.500 85.000 -2.000
v 12.278 86.474 -2.000
v 11.631 87.817 -2.000
v 10.617 88.909 -2.000
v 9.327 89.654 -2.000
v 7.874 89.986 -2.000
v 6.387 89.875 -2.000
v 5.000 89.330 -2.000
v 3.835 88.401 -2.000
v 2.995 87.169 -2.000
v 2.556 85.745 -2.000
v 2.556 84.255 -2.000
v 2.995 82.831 -2.000
v 3.835 81.599 -2.000
v 5.000 80.670 -2.000
v 6.387 80.125 -2.000
v 7.874 80.014 -2.000
v 9.327 80.346 -2.000
v 10.617 81.091 -2.000
v 11.631 82.183 -2.000
v 12.278 83.526 -2.000
v 82.792 42.500 -2.000
v 82.669 43.311 -2.000
v 82.314 44.049 -2.000
v 81.756 44.650 -2.000
v 81.046 45.060 -2.000
v 80.247 45.242 -2.000
v 79.430 45.181 -2.000
v 78.667 44.882 -2.000
v 78.026 44.370 -2.000
v 77.564 43.693 -2.000
v 77.322 42.910 -2.000
v 77.322 42.090 -2.000
v 77.564 41.307 -2.000
v 78.026 40.630 -2.000
v 78.667 40.118 -2.000
v 79.430 39.819 -2.000
v 80.247 39.758 -2.000
v 81.046 39.940 -2.000
v 81.756 40.350 -2.000
v 82.314 40.951 -2.000
v 82.669 41.689 -2.000
v 85.042 42.500 -2.000
v 84.819 43.974 -2.000
v 84.173 45.317 -2.000
v 83.159 46.409 -2.000
v 81.868 47.154 -2.000
v 80.415 47.486 -2.000
v 78.929 47.375 -2.000
v 77.542 46.830 -2.000
v 76.376 45.901 -2.000
v 75.537 44.669 -2.000
v 75.097 43.245 -2.000
v 75.097 41.755 -2.000
v 75.537 40.331 -2.000
v 76.376 39.099 -2.000
v 77.542 38.170 -2.000
v 78.929 37.625 -2.000
v 80.415 37.514 -2.000
v 81.868 37.846 -2.000
v 83.159 38.591 -2.000
v 84.173 39.683 -2.000
v 84.819 41.026 -2.000
v 127.750 42.500 -2.000
v 127.628 43.311 -2.000
v 127.272 44.049 -2.000
v 126.715 44.650 -2.000
v 126.005 45.060 -2.000
v 125.206 45.242 -2.000
v 124.388 45.181 -2.000
v 123.625 44.882 -2.000
v 122.984 44.370 -2.000
v 122.522 43.693 -2.000
v 122.281 42.910 -2.000
v 122.281 42.090 -2.000
v 122.522 41.307 -2.000
v 122.984 40.630 -2.000
v 123.625 40.118 -2.000
v 124.388 39.819 -2.000
v 125.206 39.758 -2.000
v 126.005 39.940 -2.000
v 126.715 40.350 -2.000
v 127.272 40.951 -2.000
v 127.628 41.689 -2.000
v 130.000 42.500 -2.000
v 129.778 43.974 -2.000
v 129.131 45.317 -2.000
v 128.117 46.409 -2.000
v 126.827 47.154 -2.000
v 125.374 47.486 -2.000
v 123.887 47.375 -2.000
v 122.500 46.830 -2.000
v 121.335 45.901 -2.000
v 120.495 44.669 -2.000
v 120.056 43.245 -2.000
v 120.056 41.755 -2.000
v 120.495 40.331 -2.000
v 121.335 39.099 -2.000
v 122.500 38.170 -2.000
v 123.887 37.625 -2.000
v 125.374 37.514 -2.000
v 126.827 37.846 -2.000
v 128.117 38.591 -2.000
v 129.131 39.683 -2.000
v 129.778 41.026 -2.000
v 36.751 120.000 -2.000
v 36.629 120.811 -2.000
v 36.273 121.549 -2.000
v 35.716 122.150 -2.000
v 35.006 122.560 -2.000
v 34.207 122.742 -2.000
v 33.389 122.681 -2.000
v 32.626 122.382 -2.000
v 31.985 121.870 -2.000
v 31.524 121.193 -2.000
v 31.282 120.410 -2.000
v 31.282 119.590 -2.000
v 31.524 118.807 -2.000
v 31.985 118.130 -2.000
v 32.626 117.618 -2.000
v 33.389 117.319 -2.000
v 34.207 117.258 -2.000
v 35.006 117.440 -2.000
v 35.716 117.850 -2.000
v 36.273 118.451 -2.000
v 36.629 119.189 -2.000
v 39.001 120.000 -2.000
v 38.779 121.474 -2.000
v 38.133 122.817 -2.000
v 37.119 123.909 -2.000
v 35.828 124.654 -2.000
v 34.375 124.986 -2.000
v 32.889 124.875 -2.000
v 31.501 124.330 -2.000
v 30.336 123.401 -2.000
v 29.496 122.169 -2.000
v 29.057 120.745 -2.000
v 29.057 119.255 -2.000
v 29.496 117.831 -2.000
v 30.336 116.599 -2.000
v 31.501 115.670 -2.000
v 32.889 115.125 -2.000
v 34.375 115.014 -2.000
v 35.828 115.346 -2.000
v 37.119 116.091 -2.000
v 38.133 117.183 -2.000
v 38.779 118.526 -2.000
v 36.751 80.000 -2.000
v 36.629 80.811 -2.000
v 36.273 81.549 -2.000
v 35.716 82.150 -2.000
v 35.006 82.560 -2.000
v 34.207 82.742 -2.000
v 33.389 82.681 -2.000
v 32.626 82.382 -2.000
v 31.985 81.870 -2.000
v 31.524 81.193 -2.000
v 31.282 80.410 -2.000
v 31.282 79.590 -2.000
v 31.524 78.807 -2.000
v 31.985 78.130 -2.000
v 32.626 77.618 -2.000
v 33.389 77.319 -2.000
v 34.207 77.258 -2.000
v 35.006 77.440 -2.000
v 35.716 77.850 -2.000
v 36.273 78.451 -2.000
v 36.629 79.189 -2.000
v 39.001 80.000 -2.000
v 38.779 81.474 -2.000
v 38.133 82.817 -2.000
v 37.119 83.909 -2.000
v 35.828 84.654 -2.000
v 34.375 84.986 -2.000
v 32.889 84.875 -2.000
v 31.501 84.330 -2.000
v 30.336 83.401 -2.000
v 29.496 82.169 -2.000
v 29.057 80.745 -2.000
v 29.057 79.255 -2.000
v 29.496 77.831 -2.000
v 30.336 76.599 -2.000
v 31.501 75.670 -2.000
v 32.889 75.125 -2.000
v 34.375 75.014 -2.000
v 35.828 75.346 -2.000
v 37.119 76.091 -2.000
v 38.133 77.183 -2.000
v 38.779 78.526 -2.000
v 42.750 90.000 -2.000
v 42.628 90.811 -2.000
v 42.272 91.549 -2.000
v 41.715 92.150 -2.000
v 41.005 92.560 -2.000
v 40.206 92.742 -2.000
v 39.388 92.681 -2.000
v 38.625 92.382 -2.000
v 37.984 91.870 -2.000
v 37.522 91.193 -2.000
v 37.281 90.410 -2.000
v 37.281 89.590 -2.000
v 37.522 88.807 -2.000
v 37.984 88.130 -2.000
v 38.625 87.618 -2.000
v 39.388 87.319 -2.000
v 40.206 87.258 -2.000
v 41.005 87.440 -2.000
v 41.715 87.850 -2.000
v 42.272 88.451 -2.000
v 42.628 89.189 -2.000
v 45.000 90.000 -2.000
v 44.778 91.474 -2.000
v 44.131 92.817 -2.000
v 43.117 93.909 -2.000
v 41.827 94.654 -2.000
v 40.374 94.986 -2.000
v 38.887 94.875 -2.000
v 37.500 94.330 -2.000
v 36.335 93.401 -2.000
v 35.495 92.169 -2.000
v 35.056 90.745 -2.000
v 35.056 89.255 -2.000
v 35.495 87.831 -2.000
v 36.335 86.599 -2.000
v 37.500 85.670 -2.000
v 38.887 85.125 -2.000
v 40.374 85.014 -2.000
v 41.827 85.346 -2.000
v 43.117 86.091 -2.000
v 44.131 87.183 -2.000
v 44.778 88.526 -2.000
v 175.750 42.500 -2.000
v 175.628 43.311 -2.000
v 175.272 44.049 -2.000
v 174.715 44.650 -2.000
v 174.005 45.060 -2.000
v 173.206 45.242 -2.000
v 172.388 45.181 -2.000
v 171.625 44.882 -2.000
v 170.984 44.370 -2.000
v 170.522 43.693 -2.000
v 170.281 42.910 -2.000
v 170.281 42.090 -2.000
v 170.522 41.307 -2.000
v 170.984 40.630 -2.000
v 171.625 40.118 -2.000
v 172.388 39.819 -2.000
v 173.206 39.758 -2.000
v 174.005 39.940 -2.000
v 174.715 40.350 -2.000
v 175.272 40.951 -2.000
v 175.628 41.689 -2.000
v 178.000 42.500 -2.000
v 177.778 43.974 -2.000
v 177.131 45.317 -2.000
v 176.117 46.409 -2.000
v 174.827 47.154 -2.000
v 173.374 47.486 -2.000
v 171.887 47.375 -2.000
v 170.500 46.830 -2.000
v 169.335 45.901 -2.000
v 168.495 44.669 -2.000
v 168.056 43.245 -2.000
v 168.056 41.755 -2.000
v 168.495 40.331 -2.000
v 169.335 39.099 -2.000
v 170.500 38.170 -2.000
v 171.887 37.625 -2.000
v 173.374 37.514 -2.000
v 174.827 37.846 -2.000
v 176.117 38.591 -2.000
v 177.131 39.683 -2.000
v 177.778 41.026 -2.000
v 36.751 159.000 -2.000
v 36.629 159.811 -2.000
v 36.273 160.549 -2.000
v 35.716 161.150 -2.000
v 35.006 161.560 -2.000
v 34.207 161.742 -2.000
v 33.389 161.681 -2.000
v 32.626 161.382 -2.000
v 31.985 160.870 -2.000
v 31.524 160.193 -2.000
v 31.282 159.410 -2.000
v 31.282 158.590 -2.000
v 31.524 157.807 -2.000
v 31.985 157.130 -2.000
v 32.626 156.618 -2.000
v 33.389 156.319 -2.000
v 34.207 156.258 -2.000
v 35.006 156.440 -2.000
v 35.716 156.850 -2.000
v 36.273 157.451 -2.000
v 36.629 158.189 -2.000
v 39.001 159.000 -2.000
v 38.779 160.474 -2.000
v 38.133 161.817 -2.000
v 37.119 162.909 -2.000
v 35.828 163.654 -2.000
v 34.375 163.986 -2.000
v 32.889 163.875 -2.000
v 31.501 163.330 -2.000
v 30.336 162.401 -2.000
v 29.496 161.169 -2.000
v 29.057 159.745 -2.000
v 29.057 158.255 -2.000
v 29.496 156.831 -2.000
v 30.336 155.599 -2.000
v 31.501 154.670 -2.000
v 32.889 154.125 -2.000
v 34.375 154.014 -2.000
v 35.828 154.346 -2.000
v 37.119 155.091 -2.000
v 38.133 156.183 -2.000
v 38.779 157.526 -2.000
v 13.250 159.000 -2.000
v 13.128 159.811 -2.000
v 12.772 160.549 -2.000
v 12.215 161.150 -2.000
v 11.505 161.560 -2.000
v 10.706 161.742 -2.000
v 9.888 161.681 -2.000
v 9.125 161.382 -2.000
v 8.484 160.870 -2.000
v 8.022 160.193 -2.000
v 7.781 159.410 -2.000
v 7.781 158.590 -2.000
v 8.022 157.807 -2.000
v 8.484 157.130 -2.000
v 9.125 156.618 -2.000
v 9.888 156.319 -2.000
v 10.706 156.258 -2.000
v 11.505 156.440 -2.000
v 12.215 156.850 -2.000
v 12.772 157.451 -2.000
v 13.128 158.189 -2.000
v 15.500 159.000 -2.000
v 15.278 160.474 -2.000
v 14.631 161.817 -2.000
v 13.617 162.909 -2.000
v 12.327 163.654 -2.000
v 10.874 163.986 -2.000
v 9.387 163.875 -2.000
v 8.000 163.330 -2.000
v 6.835 162.401 -2.000
v 5.995 161.169 -2.000
v 5.556 159.745 -2.000
v 5.556 158.255 -2.000
v 5.995 156.831 -2.000
v 6.835 155.599 -2.000
v 8.000 154.670 -2.000
v 9.387 154.125 -2.000
v 10.874 154.014 -2.000
v 12.327 154.346 -2.000
v 13.617 155.091 -2.000
v 14.631 156.183 -2.000
v 15.278 157.526 -2.000
v 198.750 10.500 -2.000
v 198.628 11.311 -2.000
v 198.272 12.049 -2.000
v 197.715 12.650 -2.000
v 197.005 13.060 -2.000
v 196.206 13.242 -2.000
v 195.388 13.181 -2.000
v 194.625 12.882 -2.000
v 193.984 12.370 -2.000
v 193.522 11.693 -2.000
v 193.281 10.910 -2.000
v 193.281 10.090 -2.000
v 193.522 9.307 -2.000
v 193.984 8.630 -2.000
v 194.625 8.118 -2.000
v 195.388 7.819 -2.000
v 196.206 7.758 -2.000
v 197.005 7.940 -2.000
v 197.715 8.350 -2.000
v 198.272 8.951 -2.000
v 198.628 9.689 -2.000
v 201.000 10.500 -2.000
v 200.778 11.974 -2.000
v 200.131 13.317 -2.000
v 199.117 14.409 -2.000
v 197.827 15.154 -2.000
v 196.374 15.486 -2.000
v 194.887 15.375 -2.000
v 193.500 14.830 -2.000
v 192.335 13.901 -2.000
v 191.495 12.669 -2.000
v 191.056 11.245 -2.000
v 191.056 9.755 -2.000
v 191.495 8.331 -2.000
v 192.335 7.099 -2.000
v 193.500 6.170 -2.000
v 194.887 5.625 -2.000
v 196.374 5.514 -2.000
v 197.827 5.846 -2.000
v 199.117 6.591 -2.000
v 200.131 7.683 -2.000
v 200.778 9.026 -2.000
v 198.750 42.500 -2.000
v 198.628 43.311 -2.000
v 198.272 44.049 -2.000
v 197.715 44.650 -2.000
v 197.005 45.060 -2.000
v 196.206 45.242 -2.000
v 195.388 45.181 -2.000
v 194.625 44.882 -2.000
v 193.984 44.370 -2.000
v 193.522 43.693 -2.000
v 193.281 42.910 -2.000
v 193.281 42.090 -2.000
v 193.522 41.307 -2.000
v 193.984 40.630 -2.000
v 194.625 40.118 -2.000
v 195.388 39.819 -2.000
v 196.206 39.758 -2.000
v 197.005 39.940 -2.000
v 197.715 40.350 -2.000
v 198.272 40.951 -2.000
v 198.628 41.689 -2.000
v 201.000 42.500 -2.000
v 200.778 43.974 -2.000
v 200.131 45.317 -2.000
v 199.117 46.409 -2.000
v 197.827 47.154 -2.000
v 196.374 47.486 -2.000
v 194.887 47.375 -2.000
v 193.500 46.830 -2.000
v 192.335 45.901 -2.000
v 191.495 44.669 -2.000
v 191.056 43.245 -2.000
v 191.056 41.755 -2.000
v 191.495 40.331 -2.000
v 192.335 39.099 -2.000
v 193.500 38.170 -2.000
v 194.887 37.625 -2.000
v 196.374 37.514 -2.000
v 197.827 37.846 -2.000
v 199.117 38.591 -2.000
v 200.131 39.683 -2.000
v 200.778 41.026 -2.000
v 198.750 80.000 -2.000
v 198.628 80.811 -2.000
v 198.272 81.549 -2.000
v 197.715 82.150 -2.000
v 197.005 82.560 -2.000
v 196.206 82.742 -2.000
v 195.388 82.681 -2.000
v 194.625 82.382 -2.000
v 193.984 81.870 -2.000
v 193.522 81.193 -2.000
v 193.281 80.410 -2.000
v 193.281 79.590 -2.000
v 193.522 78.807 -2.000
v 193.984 78.130 -2.000
v 194.625 77.618 -2.000
v 195.388 77.319 -2.000
v 196.206 77.258 -2.000
v 197.005 77.440 -2.000
v 197.715 77.850 -2.000
v 198.272 78.451 -2.000
v 198.628 79.189 -2.000
v 201.000 80.000 -2.000
v 200.778 81.474 -2.000
v 200.131 82.817 -2.000
v 199.117 83.909 -2.000
v 197.827 84.654 -2.000
v 196.374 84.986 -2.000
v 194.887 84.875 -2.000
v 193.500 84.330 -2.000
v 192.335 83.401 -2.000
v 191.495 82.169 -2.000
v 191.056 80.745 -2.000
v 191.056 79.255 -2.000
v 191.495 77.831 -2.000
v 192.335 76.599 -2.000
v 193.500 75.670 -2.000
v 194.887 75.125 -2.000
v 196.374 75.014 -2.000
v 197.827 75.346 -2.000
v 199.117 76.091 -2.000
v 200.131 77.183 -2.000
v 200.778 78.526 -2.000
v 198.750 123.000 -2.000
v 198.628 123.811 -2.000
v 198.272 124.549 -2.000
v 197.715 125.150 -2.000
v 197.005 125.560 -2.000
v 196.206 125.742 -2.000
v 195.388 125.681 -2.000
v 194.625 125.382 -2.000
v 193.984 124.870 -2.000
v 193.522 124.193 -2.000
v 193.281 123.410 -2.000
v 193.281 122.590 -2.000
v 193.522 121.807 -2.000
v 193.984 121.130 -2.000
v 194.625 120.618 -2.000
v 195.388 120.319 -2.000
v 196.206 120.258 -2.000
v 197.005 120.440 -2.000
v 197.715 120.850 -2.000
v 198.272 121.451 -2.000
v 198.628 122.189 -2.000
v 201.000 123.000 -2.000
v 200.778 124.474 -2.000
v 200.131 125.817 -2.000
v 199.117 126.909 -2.000
v 197.827 127.654 -2.000
v 196.374 127.986 -2.000
v 194.887 127.875 -2.000
v 193.500 127.330 -2.000
v 192.335 126.401 -2.000
v 191.495 125.169 -2.000
v 191.056 123.745 -2.000
v 191.056 122.255 -2.000
v 191.495 120.831 -2.000
v 192.335 119.599 -2.000
v 193.500 118.670 -2.000
v 194.887 118.125 -2.000
v 196.374 118.014 -2.000
v 197.827 118.346 -2.000
v 199.117 119.091 -2.000
v 200.131 120.183 -2.000
v 200.778 121.526 -2.000
v 198.750 159.000 -2.000
v 198.628 159.811 -2.000
v 198.272 160.549 -2.000
v 197.715 161.150 -2.000
v 197.005 161.560 -2.000
v 196.206 161.742 -2.000
v 195.388 161.681 -2.000
v 194.625 161.382 -2.000
v 193.984 160.870 -2.000
v 193.522 160.193 -2.000
v 193.281 159.410 -2.000
v 193.281 158.590 -2.000
v 193.522 157.807 -2.000
v 193.984 157.130 -2.000
v 194.625 156.618 -2.000
v 195.388 156.319 -2.000
v 196.206 156.258 -2.000
v 197.005 156.440 -2.000
v 197.715 156.850 -2.000
v 198.272 157.451 -2.000
v 198.628 158.189 -2.000
v 201.000 159.000 -2.000
v 200.778 160.474 -2.000
v 200.131 161.817 -2.000
v 199.117 162.909 -2.000
v 197.827 163.654 -2.000
v 196.374 163.986 -2.000
v 194.887 163.875 -2.000
v 193.500 163.330 -2.000
v 192.335 162.401 -2.000
v 191.495 161.169 -2.000
v 191.056 159.745 -2.000
v 191.056 158.255 -2.000
v 191.495 156.831 -2.000
v 192.335 155.599 -2.000
v 193.500 154.670 -2.000
v 194.887 154.125 -2.000
v 196.374 154.014 -2.000
v 197.827 154.346 -2.000
v 199.117 155.091 -2.000
v 200.131 156.183 -2.000
v 200.778 157.526 -2.000
v 172.750 196.000 -2.000
v 172.628 196.811 -2.000
v 172.272 197.549 -2.000
v 171.715 198.150 -2.000
v 171.005 198.560 -2.000
v 170.206 198.742 -2.000
v 169.388 198.681 -2.000
v 168.625 198.382 -2.000
v 167.984 197.870 -2.000
v 167.522 197.193 -2.000
v 167.281 196.410 -2.000
v 167.281 195.590 -2.000
v 167.522 194.807 -2.000
v 167.984 194.130 -2.000
v 168.625 193.618 -2.000
v 169.388 193.319 -2.000
v 170.206 193.258 -2.000
v 171.005 193.440 -2.000
v 171.715 193.850 -2.000
v 172.272 194.451 -2.000
v 172.628 195.189 -2.000
v 175.000 196.000 -2.000
v 174.778 197.474 -2.000
v 174.131 198.817 -2.000
v 173.117 199.909 -2.000
v 171.827 200.654 -2.000
v 170.374 200.986 -2.000
v 168.887 200.875 -2.000
v 167.500 200.330 -2.000
v 166.335 199.401 -2.000
v 165.495 198.169 -2.000
v 165.056 196.745 -2.000
v 165.056 195.255 -2.000
v 165.495 193.831 -2.000
v 166.335 192.599 -2.000
v 167.500 191.670 -2.000
v 168.887 191.125 -2.000
v 170.374 191.014 -2.000
v 171.827 191.346 -2.000
v 173.117 192.091 -2.000
v 174.131 193.183 -2.000
v 174.778 194.526 -2.000
v 127.750 196.000 -2.000
v 127.628 196.811 -2.000
v 127.272 197.549 -2.000
v 126.715 198.150 -2.000
v 126.005 198.560 -2.000
v 125.206 198.742 -2.000
v 124.388 198.681 -2.000
v 123.625 198.382 -2.000
v 122.984 197.870 -2.000
v 122.522 197.193 -2.000
v 122.281 196.410 -2.000
v 122.281 195.590 -2.000
v 122.522 194.807 -2.000
v 122.984 194.130 -2.000
v 123.625 193.618 -2.000
v 124.388 193.319 -2.000
v 125.206 193.258 -2.000
v 126.005 193.440 -2.000
v 126.715 193.850 -2.000
v 127.272 194.451 -2.000
v 127.628 195.189 -2.000
v 130.000 196.000 -2.000
v 129.778 197.474 -2.000
v 129.131 198.817 -2.000
v 128.117 199.909 -2.000
v 126.827 200.654 -2.000
v 125.374 200.986 -2.000
v 123.887 200.875 -2.000
v 122.500 200.330 -2.000
v 121.335 199.401 -2.000
v 120.495 198.169 -2.000
v 120.056 196.745 -2.000
v 120.056 195.255 -2.000
v 120.495 193.831 -2.000
v 121.335 192.599 -2.000
v 122.500 191.670 -2.000
v 123.887 191.125 -2.000
v 125.374 191.014 -2.000
v 126.827 191.346 -2.000
v 128.117 192.091 -2.000
v 129.131 193.183 -2.000
v 129.778 194.526 -2.000
v 82.750 196.000 -2.000
v 82.628 196.811 -2.000
v 82.272 197.549 -2.000
v 81.715 198.150 -2.000
v 81.005 198.560 -2.000
v 80.206 198.742 -2.000
v 79.388 198.681 -2.000
v 78.625 198.382 -2.000
v 77.984 197.870 -2.000
v 77.522 197.193 -2.000
v 77.281 196.410 -2.000
v 77.281 195.590 -2.000
v 77.522 194.807 -2.000
v 77.984 194.130 -2.000
v 78.625 193.618 -2.000
v 79.388 193.319 -2.000
v 80.206 193.258 -2.000
v 81.005 193.440 -2.000
v 81.715 193.850 -2.000
v 82.272 194.451 -2.000
v 82.628 195.189 -2.000
v 85.000 196.000 -2.000
v 84.778 197.474 -2.000
v 84.131 198.817 -2.000
v 83.117 199.909 -2.000
v 81.827 200.654 -2.000
v 80.374 200.986 -2.000
v 78.887 200.875 -2.000
v 77.500 200.330 -2.000
v 76.335 199.401 -2.000
v 75.495 198.169 -2.000
v 75.056 196.745 -2.000
v 75.056 195.255 -2.000
v 75.495 193.831 -2.000
v 76.335 192.599 -2.000
v 77.500 191.670 -2.000
v 78.887 191.125 -2.000
v 80.374 191.014 -2.000
v 81.827 191.346 -2.000
v 83.117 192.091 -2.000
v 84.131 193.183 -2.000
v 84.778 194.526 -2.000
v 14.750 45.000 -2.000
v 14.628 45.811 -2.000
v 14.272 46.549 -2.000
v 13.715 47.150 -2.000
v 13.005 47.560 -2.000
v 12.206 47.742 -2.000
v 11.388 47.681 -2.000
v 10.625 47.382 -2.000
v 9.984 46.870 -2.000
v 9.522 46.193 -2.000
v 9.281 45.410 -2.000
v 9.281 44.590 -2.000
v 9.522 43.807 -2.000
v 9.984 43.130 -2.000
v 10.625 42.618 -2.000
v 11.388 42.319 -2.000
v 12.206 42.258 -2.000
v 13.005 42.440 -2.000
v 13.715 42.850 -2.000
v 14.272 43.451 -2.000
v 14.628 44.189 -2.000
v 17.000 45.000 -2.000
v 16.778 46.474 -2.000
v 16.131 47.817 -2.000
v 15.117 48.909 -2.000
v 13.827 49.654 -2.000
v 12.374 49.986 -2.000
v 10.887 49.875 -2.000
v 9.500 49.330 -2.000
v 8.335 48.401 -2.000
v 7.495 47.169 -2.000
v 7.056 45.745 -2.000
v 7.056 44.255 -2.000
v 7.495 42.831 -2.000
v 8.335 41.599 -2.000
v 9.500 40.670 -2.000
v 10.887 40.125 -2.000
v 12.374 40.014 -2.000
v 13.827 40.346 -2.000
v 15.117 41.091 -2.000
v 16.131 42.183 -2.000
v 16.778 43.526 -2.000
v 32.750 7.500 -2.000
v 32.628 8.311 -2.000
v 32.272 9.049 -2.000
v 31.715 9.650 -2.000
v 31.005 10.060 -2.000
v 30.206 10.242 -2.000
v 29.388 10.181 -2.000
v 28.625 9.882 -2.000
v 27.984 9.370 -2.000
v 27.522 8.693 -2.000
v 27.281 7.910 -2.000
v 27.281 7.090 -2.000
v 27.522 6.307 -2.000
v 27.984 5.630 -2.000
v 28.625 5.118 -2.000
v 29.388 4.819 -2.000
v 30.206 4.758 -2.000
v 31.005 4.940 -2.000
v 31.715 5.350 -2.000
v 32.272 5.951 -2.000
v 32.628 6.689 -2.000
v 35.000 7.500 -2.000
v 34.778 8.974 -2.000
v 34.131 10.317 -2.000
v 33.117 11.409 -2.000
v 31.827 12.154 -2.000
v 30.374 12.486 -2.000
v 28.887 12.375 -2.000
v 27.500 11.830 -2.000
v 26.335 10.901 -2.000
v 25.495 9.669 -2.000
v 25.056 8.245 -2.000
v 25.056 6.755 -2.000
v 25.495 5.331 -2.000
v 26.335 4.099 -2.000
v 27.500 3.170 -2.000
v 28.887 2.625 -2.000
v 30.374 2.514 -2.000
v 31.827 2.846 -2.000
v 33.117 3.591 -2.000
v 34.131 4.683 -2.000
v 34.778 6.026 -2.000
v 47.750 12.000 -2.000
v 47.628 12.811 -2.000
v 47.272 13.549 -2.000
v 46.715 14.150 -2.000
v 46.005 14.560 -2.000
v 45.206 14.742 -2.000
v 44.388 14.681 -2.000
v 43.625 14.382 -2.000
v 42.984 13.870 -2.000
v 42.522 13.193 -2.000
v 42.281 12.410 -2.000
v 42.281 11.590 -2.000
v 42.522 10.807 -2.000
v 42.984 10.130 -2.000
v 43.625 9.618 -2.000
v 44.388 9.319 -2.000
v 45.206 9.258 -2.000
v 46.005 9.440 -2.000
v 46.715 9.850 -2.000
v 47.272 10.451 -2.000
v 47.628 11.189 -2.000
v 50.000 12.000 -2.000
v 49.778 13.474 -2.000
v 49.131 14.817 -2.000
v 48.117 15.909 -2.000
v 46.827 16.654 -2.000
v 45.374 16.986 -2.000
v 43.887 16.875 -2.000
v 42.500 16.330 -2.000
v 41.335 15.401 -2.000
v 40.495 14.169 -2.000
v 40.056 12.745 -2.000
v 40.056 11.255 -2.000
v 40.495 9.831 -2.000
v 41.335 8.599 -2.000
v 42.500 7.670 -2.000
v 43.887 7.125 -2.000
v 45.374 7.014 -2.000
v 46.827 7.346 -2.000
v 48.117 8.091 -2.000
v 49.131 9.183 -2.000
v 49.778 10.526 -2.000
v 87.750 7.500 -2.000
v 87.628 8.311 -2.000
v 87.272 9.049 -2.000
v 86.715 9.650 -2.000
v 86.005 10.060 -2.000
v 85.206 10.242 -2.000
v 84.388 10.181 -2.000
v 83.625 9.882 -2.000
v 82.984 9.370 -2.000
v 82.522 8.693 -2.000
v 82.281 7.910 -2.000
v 82.281 7.090 -2.000
v 82.522 6.307 -2.000
v 82.984 5.630 -2.000
v 83.625 5.118 -2.000
v 84.388 4.819 -2.000
v 85.206 4.758 -2.000
v 86.005 4.940 -2.000
v 86.715 5.350 -2.000
v 87.272 5.951 -2.000
v 87.628 6.689 -2.000
v 90.000 7.500 -2.000
v 89.778 8.974 -2.000
v 89.131 10.317 -2.000
v 88.117 11.409 -2.000
v 86.827 12.154 -2.000
v 85.374 12.486 -2.000
v 83.887 12.375 -2.000
v 82.500 11.830 -2.000
v 81.335 10.901 -2.000
v 80.495 9.669 -2.000
v 80.056 8.245 -2.000
v 80.056 6.755 -2.000
v 80.495 5.331 -2.000
v 81.335 4.099 -2.000
v 82.500 3.170 -2.000
v 83.887 2.625 -2.000
v 85.374 2.514 -2.000
v 86.827 2.846 -2.000
v 88.117 3.591 -2.000
v 89.131 4.683 -2.000
v 89.778 6.026 -2.000
v 127.750 10.500 -2.000
v 127.628 11.311 -2.000
v 127.272 12.049 -2.000
v 126.715 12.650 -2.000
v 126.005 13.060 -2.000
v 125.206 13.242 -2.000
v 124.388 13.181 -2.000
v 123.625 12.882 -2.000
v 122.984 12.370 -2.000
v 122.522 11.693 -2.000
v 122.281 10.910 -2.000
v 122.281 10.090 -2.000
v 122.522 9.307 -2.000
v 122.984 8.630 -2.000
v 123.625 8.118 -2.000
v 124.388 7.819 -2.000
v 125.206 7.758 -2.000
v 126.005 7.940 -2.000
v 126.715 8.350 -2.000
v 127.272 8.951 -2.000
v 127.628 9.689 -2.000
v 130.000 10.500 -2.000
v 129.778 11.974 -2.000
v 129.131 13.317 -2.000
v 128.117 14.409 -2.000
v 126.827 15.154 -2.000
v 125.374 15.486 -2.000
v 123.887 15.375 -2.000
v 122.500 14.830 -2.000
v 121.335 13.901 -2.000
v 120.495 12.669 -2.000
v 120.056 11.245 -2.000
v 120.056 9.755 -2.000
v 120.495 8.331 -2.000
v 121.335 7.099 -2.000
v 122.500 6.170 -2.000
v 123.887 5.625 -2.000
v 125.374 5.514 -2.000
v 126.827 5.846 -2.000
v 128.117 6.591 -2.000
v 129.131 7.683 -2.000
v 129.778 9.026 -2.000
v 175.750 10.500 -2.000
v 175.628 11.311 -2.000
v 175.272 12.049 -2.000
v 174.715 12.650 -2.000
v 174.005 13.060 -2.000
v 173.206 13.242 -2.000
v 172.388 13.181 -2.000
v 171.625 12.882 -2.000
v 170.984 12.370 -2.000
v 170.522 11.693 -2.000
v 170.281 10.910 -2.000
v 170.281 10.090 -2.000
v 170.522 9.307 -2.000
v 170.984 8.630 -2.000
v 171.625 8.118 -2.000
v 172.388 7.819 -2.000
v 173.206 7.758 -2.000
v 174.005 7.940 -2.000
v 174.715 8.350 -2.000
v 175.272 8.951 -2.000
v 175.628 9.689 -2.000
v 178.000 10.500 -2.000
v 177.778 11.974 -2.000
v 177.131 13.317 -2.000
v 176.117 14.409 -2.000
v 174.827 15.154 -2.000
v 173.374 15.486 -2.000
v 171.887 15.375 -2.000
v 170.500 14.830 -2.000
v 169.335 13.901 -2.000
v 168.495 12.669 -2.000
v 168.056 11.245 -2.000
v 168.056 9.755 -2.000
v 168.495 8.331 -2.000
v 169.335 7.099 -2.000
v 170.500 6.170 -2.000
v 171.887 5.625 -2.000
v 173.374 5.514 -2.000
v 174.827 5.846 -2.000
v 176.117 6.591 -2.000
v 177.131 7.683 -2.000
v 177.778 9.026 -2.000
v 36.750 196.000 -2.000
v 36.628 196.811 -2.000
v 36.272 197.549 -2.000
v 35.715 198.150 -2.000
v 35.005 198.560 -2.000
v 34.206 198.742 -2.000
v 33.388 198.681 -2.000
v 32.625 198.382 -2.000
v 31.984 197.870 -2.000
v 31.522 197.193 -2.000
v 31.281 196.410 -2.000
v 31.281 195.590 -2.000
v 31.522 194.807 -2.000
v 31.984 194.130 -2.000
v 32.625 193.618 -2.000
v 33.388 193.319 -2.000
v 34.206 193.258 -2.000
v 35.005 193.440 -2.000
v 35.715 193.850 -2.000
v 36.272 194.451 -2.000
v 36.628 195.189 -2.000
v 39.000 196.000 -2.000
v 38.778 197.474 -2.000
v 38.131 198.817 -2.000
v 37.117 199.909 -2.000
v 35.827 200.654 -2.000
v 34.374 200.986 -2.000
v 32.887 200.875 -2.000
v 31.500 200.330 -2.000
v 30.335 199.401 -2.000
v 29.495 198.169 -2.000
v 29.056 196.745 -2.000
v 29.056 195.255 -2.000
v 29.495 193.831 -2.000
v 30.335 192.599 -2.000
v 31.500 191.670 -2.000
v 32.887 191.125 -2.000
v 34.374 191.014 -2.000
v 35.827 191.346 -2.000
v 37.117 192.091 -2.000
v 38.131 193.183 -2.000
v 38.778 194.526 -2.000
f 2 3 1
f 2 4 3
f 7 5 6
f 7 6 8
f 9 11 12
f 9 12 10
f 14 15 16
f 14 16 13
f 514 513 4
f 512 4 513
f 515 514 4
f 511 4 512
f 516 515 4
f 156 6 4
f 157 156 4
f 157 4 511
f 157 511 510
f 155 6 156
f 158 157 510
f 158 510 509
f 154 6 155
f 159 158 509
f 153 6 154
f 160 159 509
f 160 509 508
f 161 160 508
f 161 508 507
f 162 161 507
f 506 162 507
f 163 162 506
f 143 163 506
f 505 143 506
f 144 143 505
f 492 500 520
f 493 520 519
f 493 492 520
f 535 534 6
f 535 153 152
f 535 6 153
f 491 500 492
f 491 501 500
f 533 6 534
f 494 519 518
f 494 493 519
f 536 535 152
f 536 152 151
f 490 501 491
f 490 502 501
f 532 6 533
f 495 518 517
f 495 494 518
f 537 536 151
f 537 151 150
f 489 502 490
f 489 503 502
f 531 6 532
f 538 149 148
f 538 150 149
f 538 537 150
f 488 503 489
f 488 504 503
f 539 538 148
f 487 504 488
f 487 505 504
f 487 144 505
f 1122 539 148
f 1122 148 147
f 1123 147 146
f 1123 1122 147
f 1121 540 539
f 1121 539 1122
f 1124 1123 146
f 1124 145 144
f 1124 146 145
f 1120 541 540
f 1120 540 1121
f 1125 144 487
f 1125 487 486
f 1125 1124 144
f 1119 541 1120
f 1119 521 541
f 1126 1125 486
f 1126 486 485
f 1118 522 521
f 1118 521 1119
f 1127 1126 485
f 1127 485 484
f 1117 523 522
f 1117 522 1118
f 1128 1127 484
f 1128 484 483
f 261 480 479
f 177 527 526
f 262 261 479
f 262 479 499
f 178 526 525
f 178 177 526
f 260 480 261
f 176 527 177
f 263 262 499
f 263 499 498
f 179 525 524
f 179 178 525
f 259 480 260
f 259 481 480
f 175 528 527
f 175 527 176
f 264 263 498
f 180 524 523
f 180 179 524
f 258 481 259
f 258 482 481
f 181 523 1117
f 181 180 523
f 181 1117 1116
f 257 482 258
f 257 483 482
f 182 181 1116
f 182 1116 1115
f 256 1129 1128
f 256 1128 483
f 256 483 257
f 471 497 496
f 891 530 529
f 183 182 1115
f 472 495 517
f 472 496 495
f 472 471 496
f 892 529 528
f 892 891 529
f 470 264 498
f 470 498 497
f 470 497 471
f 890 531 530
f 890 530 891
f 255 1109 1129
f 255 1129 256
f 473 517 516
f 473 472 517
f 893 528 175
f 893 175 174
f 893 892 528
f 184 183 1115
f 184 1115 1114
f 469 264 470
f 469 265 264
f 889 6 531
f 889 531 890
f 474 516 4
f 474 473 516
f 894 893 174
f 894 173 172
f 894 174 173
f 468 265 469
f 468 266 265
f 895 894 172
f 895 172 171
f 467 267 266
f 467 266 468
f 896 171 170
f 896 895 171
f 466 267 467
f 466 268 267
f 466 248 268
f 897 170 169
f 897 896 170
f 465 249 248
f 465 248 466
f 464 249 465
f 366 478 477
f 346 345 885
f 346 885 884
f 367 366 477
f 367 477 476
f 344 885 345
f 344 886 885
f 365 478 366
f 347 346 884
f 347 884 883
f 368 367 476
f 368 476 475
f 343 886 344
f 343 887 886
f 364 478 365
f 364 458 478
f 348 347 883
f 369 368 475
f 342 887 343
f 342 888 887
f 363 459 458
f 363 458 364
f 349 883 882
f 349 348 883
f 362 459 363
f 350 349 882
f 350 882 881
f 361 459 362
f 361 460 459
f 351 350 881
f 360 460 361
f 360 461 460
f 352 881 880
f 352 351 881
f 359 461 360
f 332 352 880
f 807 167 166
f 807 168 167
f 808 807 166
f 808 166 165
f 806 168 807
f 806 169 168
f 809 165 164
f 809 808 165
f 805 897 169
f 805 898 897
f 805 169 806
f 810 809 164
f 810 184 1114
f 810 164 184
f 810 1114 1113
f 804 878 898
f 804 898 805
f 811 810 1113
f 803 879 878
f 803 878 804
f 812 811 1113
f 812 1113 1112
f 802 880 879
f 802 879 803
f 813 812 1112
f 813 1112 1111
f 870 253 252
f 871 251 250
f 871 252 251
f 871 870 252
f 869 254 253
f 869 253 870
f 872 250 249
f 872 871 250
f 868 254 869
f 868 255 254
f 868 1109 255
f 873 464 463
f 873 249 464
f 873 872 249
f 867 1109 868
f 867 1110 1109
f 874 463 462
f 874 873 463
f 866 1110 867
f 866 1111 1110
f 875 874 462
f 865 1111 866
f 865 813 1111
f 786 799 798
f 787 786 798
f 787 798 797
f 785 799 786
f 785 800 799
f 1038 340 339
f 1039 339 338
f 1039 1038 339
f 1037 341 340
f 1037 340 1038
f 788 787 797
f 788 797 796
f 784 800 785
f 784 801 800
f 1040 338 337
f 1040 1039 338
f 1036 342 341
f 1036 888 342
f 1036 341 1037
f 789 788 796
f 789 796 795
f 783 332 880
f 783 801 784
f 783 880 802
f 783 802 801
f 1041 1040 337
f 1035 888 1036
f 114 356 355
f 303 336 335
f 115 114 355
f 115 355 354
f 304 335 334
f 304 303 335
f 113 357 356
f 113 356 114
f 302 337 336
f 302 336 303
f 302 1041 337
f 116 115 354
f 116 354 353
f 305 334 333
f 305 304 334
f 112 358 357
f 112 357 113
f 301 1041 302
f 790 789 795
f 790 795 794
f 117 116 353
f 306 333 332
f 306 783 782
f 306 332 783
f 306 305 333
f 111 359 358
f 111 462 461
f 111 461 359
f 111 358 112
f 300 1041 301
f 300 1042 1041
f 450 372 371
f 307 306 782
f 451 450 371
f 451 371 370
f 449 372 450
f 449 373 372
f 449 353 373
f 110 462 111
f 110 875 462
f 110 876 875
f 299 1042 300
f 791 790 794
f 791 794 814
f 452 369 475
f 452 451 370
f 452 370 369
f 308 307 782
f 1043 1042 299
f 781 308 782
f 448 118 117
f 448 353 449
f 448 117 353
f 109 876 110
f 109 877 876
f 298 1043 299
f 309 308 781
f 453 452 475
f 453 475 474
f 108 877 109
f 297 1043 298
f 447 119 118
f 447 118 448
f 1044 1043 297
f 780 309 781
f 296 1044 297
f 446 120 119
f 446 119 447
f 1045 1044 296
f 1045 296 295
f 445 120 446
f 445 121 120
f 445 101 121
f 1025 1045 295
f 1025 295 294
f 444 101 445
f 444 102 101
f 443 102 444
f 443 103 102
f 828 292 291
f 829 828 291
f 829 291 290
f 827 293 292
f 827 292 828
f 830 309 780
f 830 829 290
f 830 310 309
f 830 290 310
f 826 1025 294
f 826 294 293
f 826 293 827
f 831 830 780
f 831 780 779
f 825 1026 1025
f 825 1025 826
f 832 831 779
f 832 779 778
f 824 1027 1026
f 824 1026 825
f 1059 813 865
f 833 832 778
f 833 778 777
f 1060 865 864
f 1060 1059 865
f 1058 813 1059
f 1058 814 813
f 823 1028 1027
f 823 1027 824
f 1061 863 862
f 1061 864 863
f 1061 1060 864
f 1057 791 814
f 1057 792 791
f 1057 814 1058
f 834 833 777
f 1062 1061 862
f 1062 862 861
f 822 1028 823
f 1056 792 1057
f 1056 793 792
f 1063 1062 861
f 1055 793 1056
f 1055 773 793
f 1064 1063 861
f 1064 861 860
f 849 106 105
f 850 849 105
f 850 104 103
f 850 105 104
f 848 106 849
f 848 107 106
f 851 850 103
f 851 103 443
f 847 857 877
f 847 107 848
f 847 877 108
f 847 108 107
f 723 1034 1033
f 724 1033 1032
f 724 723 1033
f 722 1034 723
f 852 851 443
f 852 443 442
f 846 858 857
f 846 857 847
f 725 724 1032
f 725 1032 1031
f 721 1035 1034
f 721 1034 722
f 853 442 441
f 853 852 442
f 726 1031 1030
f 726 725 1031
f 727 1030 1029
f 727 726 1030
f 854 441 440
f 854 853 441
f 728 1029 1028
f 728 727 1029
f 72 859 858
f 73 72 858
f 73 858 846
f 241 240 775
f 241 775 774
f 71 860 859
f 71 859 72
f 239 775 240
f 239 776 775
f 74 846 845
f 74 73 846
f 242 773 1055
f 242 1055 1054
f 242 241 774
f 242 774 773
f 70 860 71
f 70 1064 860
f 238 834 777
f 238 776 239
f 238 777 776
f 75 845 844
f 75 74 845
f 243 1054 1053
f 243 242 1054
f 69 1065 1064
f 69 1064 70
f 237 834 238
f 237 835 834
f 76 75 844
f 76 844 843
f 244 243 1053
f 68 1065 69
f 68 1066 1065
f 236 815 835
f 236 835 237
f 77 76 843
f 245 244 1053
f 245 1053 1052
f 235 815 236
f 235 816 815
f 67 1066 68
f 67 1046 1066
f 78 843 842
f 78 77 843
f 246 1052 1051
f 246 245 1052
f 234 816 235
f 66 1047 1046
f 66 1046 67
f 429 456 455
f 198 437 457
f 199 198 457
f 199 457 456
f 220 219 730
f 220 730 729
f 79 842 841
f 79 78 842
f 197 437 198
f 197 438 437
f 218 730 219
f 218 710 730
f 430 429 455
f 430 455 454
f 428 456 429
f 428 199 456
f 200 199 428
f 221 729 728
f 221 220 729
f 196 439 438
f 196 438 197
f 217 710 218
f 217 711 710
f 431 430 454
f 431 454 453
f 222 221 728
f 427 200 428
f 427 201 200
f 195 439 196
f 195 440 439
f 216 711 217
f 194 440 195
f 194 855 854
f 194 854 440
f 215 711 216
f 215 712 711
f 426 201 427
f 426 202 201
f 193 855 194
f 193 856 855
f 214 712 215
f 192 856 193
f 213 712 214
f 213 713 712
f 425 202 426
f 425 203 202
f 425 204 203
f 212 713 213
f 212 714 713
f 424 204 425
f 424 205 204
f 423 205 424
f 423 185 205
f 744 223 222
f 744 224 223
f 745 744 222
f 745 1028 822
f 745 728 1028
f 745 222 728
f 743 225 224
f 743 224 744
f 746 822 821
f 746 745 822
f 422 185 423
f 422 186 185
f 422 187 186
f 742 226 225
f 742 225 743
f 747 821 820
f 747 746 821
f 741 206 226
f 741 226 742
f 741 207 206
f 421 187 422
f 748 819 818
f 748 820 819
f 748 747 820
f 740 207 741
f 740 208 207
f 749 748 818
f 739 208 740
f 739 209 208
f 738 209 739
f 738 210 209
f 912 230 229
f 913 228 227
f 913 229 228
f 913 912 229
f 911 231 230
f 911 230 912
f 914 913 227
f 914 227 247
f 910 232 231
f 910 231 911
f 1080 62 61
f 1081 61 60
f 1081 1080 61
f 1079 62 1080
f 1079 63 62
f 1079 64 63
f 915 1051 1050
f 915 247 246
f 915 246 1051
f 915 914 247
f 909 233 232
f 909 232 910
f 1082 60 59
f 1082 1081 60
f 1078 64 1079
f 1078 65 64
f 702 435 434
f 703 702 434
f 703 434 433
f 1144 718 717
f 1144 1143 718
f 701 436 435
f 701 435 702
f 1142 719 718
f 1142 718 1143
f 916 915 1050
f 1083 79 841
f 1083 1082 59
f 1083 59 79
f 704 703 433
f 1145 717 716
f 1145 1144 717
f 908 233 909
f 908 817 816
f 908 234 233
f 908 816 234
f 1077 65 1078
f 1077 66 65
f 1077 1047 66
f 700 416 436
f 700 436 701
f 1146 716 715
f 1146 1145 716
f 1146 715 714
f 1084 1083 841
f 1084 840 839
f 1084 841 840
f 699 417 416
f 699 416 700
f 1076 1047 1077
f 1147 212 211
f 1147 1146 714
f 1147 714 212
f 698 418 417
f 698 417 699
f 1085 1084 839
f 2 432 431
f 2 433 432
f 2 704 433
f 2 431 453
f 2 453 474
f 2 705 704
f 2 706 705
f 8 720 719
f 8 721 720
f 8 1140 1139
f 8 1141 1140
f 8 1142 1141
f 8 719 1142
f 707 706 2
f 1148 1147 211
f 697 419 418
f 697 418 698
f 1138 8 1139
f 12 707 2
f 13 8 1138
f 708 707 12
f 696 419 697
f 1137 13 1138
f 765 190 189
f 766 189 188
f 766 765 189
f 764 190 765
f 764 191 190
f 767 766 188
f 767 188 187
f 709 708 12
f 763 191 764
f 763 836 856
f 763 192 191
f 763 856 192
f 1136 13 1137
f 768 421 420
f 768 767 187
f 768 187 421
f 762 836 763
f 762 837 836
f 689 709 12
f 1135 13 1136
f 769 420 419
f 769 768 420
f 690 689 12
f 1134 13 1135
f 770 419 696
f 770 769 419
f 93 1049 1048
f 94 1048 1047
f 94 93 1048
f 92 916 1050
f 92 1049 93
f 92 1050 1049
f 92 917 916
f 95 1076 1075
f 95 1047 1076
f 95 94 1047
f 91 917 92
f 96 1075 1074
f 96 95 1075
f 90 918 917
f 90 917 91
f 97 96 1074
f 89 919 918
f 89 918 90
f 98 97 1074
f 98 1074 1073
f 88 899 919
f 88 919 89
f 99 1073 1072
f 99 98 1073
f 87 899 88
f 87 900 899
f 135 838 837
f 136 837 762
f 136 135 837
f 31 818 817
f 31 30 750
f 31 750 749
f 31 749 818
f 134 839 838
f 134 838 135
f 29 750 30
f 29 751 750
f 86 900 87
f 137 762 761
f 137 136 762
f 32 817 908
f 32 31 817
f 32 908 907
f 133 839 134
f 133 1085 839
f 28 731 751
f 28 751 29
f 138 761 760
f 138 137 761
f 33 32 907
f 33 907 906
f 132 1085 133
f 132 1086 1085
f 27 732 731
f 27 731 28
f 408 1149 1148
f 409 211 210
f 409 408 1148
f 409 210 738
f 409 1148 211
f 407 1150 1149
f 407 1149 408
f 139 760 759
f 139 138 760
f 131 1086 132
f 131 1087 1086
f 26 733 732
f 26 732 27
f 410 738 737
f 410 409 738
f 406 1130 1150
f 406 1150 407
f 140 759 758
f 140 139 759
f 130 1087 131
f 130 1067 1087
f 25 734 733
f 25 733 26
f 411 410 737
f 411 737 736
f 141 758 757
f 141 140 758
f 405 1131 1130
f 405 1130 406
f 129 1068 1067
f 129 1067 130
f 142 141 757
f 412 736 735
f 412 411 736
f 404 1132 1131
f 404 1131 405
f 413 25 24
f 413 735 734
f 413 734 25
f 413 412 735
f 403 1132 404
f 403 1133 1132
f 414 24 23
f 414 413 24
f 681 771 770
f 682 681 770
f 682 696 695
f 682 770 696
f 680 771 681
f 680 772 771
f 402 1134 1133
f 402 1133 403
f 996 35 34
f 997 34 33
f 997 33 906
f 997 996 34
f 995 36 35
f 995 35 996
f 683 682 695
f 679 772 680
f 679 752 772
f 998 997 906
f 998 906 905
f 994 36 995
f 994 37 36
f 401 13 1134
f 401 1134 402
f 684 683 695
f 684 694 693
f 684 695 694
f 678 753 752
f 678 752 679
f 999 905 904
f 999 998 905
f 993 18 17
f 993 17 37
f 993 37 994
f 400 13 401
f 685 684 693
f 677 753 678
f 677 754 753
f 1000 999 904
f 1000 904 903
f 992 19 18
f 992 18 993
f 686 685 693
f 686 692 691
f 686 693 692
f 1001 1000 903
f 1001 903 902
f 676 754 677
f 676 755 754
f 991 20 19
f 991 19 992
f 687 686 691
f 675 755 676
f 990 21 20
f 990 20 991
f 933 83 82
f 934 933 82
f 934 81 80
f 934 82 81
f 932 83 933
f 932 84 83
f 688 690 12
f 688 691 690
f 688 687 691
f 935 934 80
f 935 80 100
f 931 84 932
f 931 85 84
f 936 99 1072
f 936 935 100
f 936 100 99
f 668 688 12
f 930 85 931
f 930 900 86
f 930 86 85
f 937 936 1072
f 937 1072 1071
f 929 900 930
f 929 901 900
f 1101 126 125
f 1102 124 123
f 1102 125 124
f 1102 1101 125
f 1100 127 126
f 1100 126 1101
f 1103 1102 123
f 1103 123 122
f 938 1071 1070
f 938 937 1071
f 1099 128 127
f 1099 127 1100
f 1104 122 142
f 1104 142 757
f 1104 757 756
f 1104 1103 122
f 1098 129 128
f 1098 128 1099
f 1098 1068 129
f 1105 756 755
f 1105 1104 756
f 1097 1068 1098
f 1106 1105 755
f 282 1070 1069
f 283 282 1069
f 283 1069 1068
f 283 1068 1097
f 52 1001 902
f 52 51 1002
f 52 1002 1001
f 52 902 901
f 281 1070 282
f 281 938 1070
f 50 1002 51
f 50 1003 1002
f 284 283 1097
f 284 1097 1096
f 53 929 928
f 53 52 901
f 53 901 929
f 280 939 938
f 280 938 281
f 49 1003 50
f 49 983 1003
f 285 284 1096
f 285 1096 1095
f 54 928 927
f 54 53 928
f 279 940 939
f 279 939 280
f 48 984 983
f 48 983 49
f 286 1095 1094
f 286 285 1095
f 278 920 940
f 278 940 279
f 47 985 984
f 47 984 48
f 660 1107 1106
f 555 23 22
f 661 1106 755
f 661 755 675
f 661 660 1106
f 556 21 990
f 556 22 21
f 556 555 22
f 659 1108 1107
f 659 1107 660
f 554 415 414
f 554 23 555
f 554 414 23
f 287 1094 1093
f 287 286 1094
f 277 920 278
f 46 985 47
f 46 986 985
f 662 661 675
f 662 674 673
f 662 675 674
f 557 990 989
f 557 556 990
f 658 1108 659
f 658 1088 1108
f 553 395 415
f 553 415 554
f 288 287 1093
f 276 921 920
f 276 920 277
f 45 986 46
f 663 662 673
f 558 557 989
f 558 988 987
f 558 989 988
f 657 1088 658
f 657 1089 1088
f 552 396 395
f 552 395 553
f 664 672 671
f 664 673 672
f 664 663 673
f 559 558 987
f 559 987 986
f 656 1089 657
f 656 1090 1089
f 551 396 552
f 551 397 396
f 665 664 671
f 560 559 986
f 560 986 45
f 655 1090 656
f 655 1091 1090
f 550 397 551
f 550 398 397
f 975 56 55
f 976 975 55
f 976 55 54
f 976 54 927
f 666 670 669
f 666 671 670
f 666 665 671
f 561 45 44
f 561 560 45
f 974 57 56
f 974 56 975
f 549 398 550
f 549 399 398
f 977 927 926
f 977 976 927
f 973 57 974
f 973 58 57
f 667 669 668
f 667 666 669
f 978 925 924
f 978 926 925
f 978 977 926
f 548 400 399
f 548 399 549
f 972 58 973
f 972 39 38
f 972 38 58
f 647 667 668
f 979 978 924
f 971 39 972
f 971 40 39
f 980 923 922
f 980 924 923
f 980 979 924
f 970 41 40
f 970 40 971
f 981 980 922
f 969 42 41
f 969 41 970
f 954 272 271
f 955 954 271
f 955 271 270
f 953 272 954
f 953 273 272
f 953 274 273
f 956 955 270
f 956 270 269
f 952 274 953
f 952 275 274
f 324 654 653
f 325 653 652
f 325 324 653
f 323 655 654
f 323 654 324
f 957 956 269
f 957 289 288
f 957 269 289
f 957 288 1093
f 326 325 652
f 322 655 323
f 322 1091 655
f 951 921 276
f 951 276 275
f 951 275 952
f 327 652 651
f 327 326 652
f 321 1092 1091
f 321 1091 322
f 328 327 651
f 328 651 650
f 958 957 1093
f 958 1093 1092
f 958 1092 321
f 320 958 321
f 950 922 921
f 950 921 951
f 329 650 649
f 329 328 650
f 330 649 648
f 330 329 649
f 959 320 319
f 959 958 320
f 949 922 950
f 331 648 647
f 331 330 648
f 311 331 647
f 639 960 959
f 640 319 318
f 640 639 959
f 640 959 319
f 638 960 639
f 638 961 960
f 641 318 317
f 641 640 318
f 637 941 961
f 637 961 638
f 576 44 43
f 577 576 43
f 577 43 42
f 577 42 969
f 575 44 576
f 575 562 561
f 575 561 44
f 642 317 316
f 642 641 317
f 636 942 941
f 636 941 637
f 578 577 969
f 578 969 968
f 574 542 562
f 574 562 575
f 643 316 315
f 643 642 316
f 579 968 967
f 579 578 968
f 635 943 942
f 635 942 636
f 573 543 542
f 573 542 574
f 580 579 967
f 580 967 966
f 644 315 314
f 644 643 315
f 572 544 543
f 572 543 573
f 634 944 943
f 634 943 635
f 581 965 964
f 581 966 965
f 581 580 966
f 645 314 313
f 645 644 314
f 571 545 544
f 571 544 572
f 633 944 634
f 646 313 312
f 646 645 313
f 582 581 964
f 570 546 545
f 570 545 571
f 626 312 311
f 626 646 312
f 569 546 570
f 569 547 546
f 1017 981 922
f 1017 922 949
f 1018 948 947
f 1018 949 948
f 1018 1017 949
f 1016 981 1017
f 1016 982 981
f 1019 1018 947
f 1015 982 1016
f 1015 962 982
f 1020 1019 947
f 1020 946 945
f 1020 947 946
f 1014 963 962
f 1014 962 1015
f 1021 945 944
f 1021 1020 945
f 1013 963 1014
f 1013 964 963
f 1022 1021 944
f 1022 944 633
f 1012 964 1013
f 618 1023 1022
f 619 1022 633
f 619 618 1022
f 617 1024 1023
f 617 1023 618
f 620 632 631
f 620 633 632
f 620 619 633
f 616 1004 1024
f 616 1024 617
f 621 631 630
f 621 620 631
f 615 1004 616
f 615 1005 1004
f 622 630 629
f 622 621 630
f 614 1005 615
f 614 1006 1005
f 623 622 629
f 613 1006 614
f 613 1007 1006
f 624 628 627
f 624 629 628
f 624 623 629
f 612 1007 613
f 625 624 627
f 597 964 1012
f 597 582 964
f 598 597 1012
f 598 1012 1011
f 596 582 597
f 596 583 582
f 605 627 626
f 605 625 627
f 599 598 1011
f 599 1011 1010
f 595 583 596
f 595 563 583
f 600 599 1010
f 600 1010 1009
f 594 564 563
f 594 563 595
f 601 600 1009
f 601 1009 1008
f 593 565 564
f 593 564 594
f 602 601 1008
f 592 565 593
f 592 566 565
f 591 566 592
f 591 567 566
f 590 567 591
f 590 568 567
f 387 603 602
f 388 387 602
f 388 1008 1007
f 388 602 1008
f 388 1007 612
f 386 603 387
f 386 604 603
f 389 388 612
f 389 612 611
f 385 604 386
f 385 584 604
f 390 389 611
f 390 610 609
f 390 611 610
f 384 584 385
f 384 585 584
f 391 390 609
f 391 609 608
f 383 585 384
f 383 586 585
f 392 391 608
f 392 608 607
f 382 586 383
f 382 587 586
f 393 392 607
f 393 607 606
f 381 587 382
f 381 588 587
f 394 393 606
f 380 588 381
f 14 378 377
f 14 379 378
f 14 380 379
f 14 589 588
f 14 588 380
f 11 375 374
f 11 376 375
f 11 377 376
f 11 14 377
f 11 394 606
f 11 374 394
f 11 606 605
f 12 11 605
f 12 605 626
f 12 626 311
f 12 311 647
f 12 647 668
f 14 13 589
f 589 13 590
f 590 13 568
f 568 13 569
f 569 13 547
f 547 13 548
f 548 13 400
f 8 6 889
f 8 889 888
f 8 888 1035
f 8 1035 721
f 4 2 474
f 1841 10 1
f 1842 10 1841
f 1840 1841 1
f 1843 10 1842
f 1839 1840 1
f 1823 10 1843
f 1838 1839 1
f 1824 10 1823
f 1837 1838 1
f 1568 1836 1837
f 1569 1836 1568
f 1569 1835 1836
f 1567 1837 1
f 1567 1568 1837
f 1570 1835 1569
f 1570 1834 1835
f 1566 1567 1
f 1550 1833 1834
f 1550 1834 1570
f 1565 1566 1
f 1551 1832 1833
f 1551 1833 1550
f 1552 1831 1832
f 1552 1832 1551
f 1553 1830 1831
f 1553 1831 1552
f 1821 1826 1820
f 1821 1824 1825
f 1821 1825 1826
f 1819 1820 1826
f 1819 1826 1827
f 1822 10 1824
f 1822 1824 1821
f 1818 1819 1827
f 1818 1827 1828
f 1818 1828 1829
f 1802 10 1822
f 1817 1818 1829
f 1817 1829 1830
f 1816 1817 1830
f 1337 1559 1560
f 1338 1558 1559
f 1338 1559 1337
f 1336 1560 1561
f 1336 1337 1560
f 1339 1557 1558
f 1339 1558 1338
f 1335 1561 1562
f 1335 1336 1561
f 1319 1556 1557
f 1319 1557 1339
f 1334 1562 1563
f 1334 1335 1562
f 1320 1555 1556
f 1320 1556 1319
f 1333 1334 1563
f 1904 1830 1553
f 1904 1816 1830
f 1904 1815 1816
f 1905 1815 1904
f 1905 1814 1815
f 1903 1553 1554
f 1903 1904 1553
f 1906 1814 1905
f 1906 1813 1814
f 1902 1554 1555
f 1902 1555 1320
f 1902 1320 1321
f 1902 1903 1554
f 1886 1813 1906
f 1886 1812 1813
f 1901 1321 1322
f 1901 1902 1321
f 1887 1812 1886
f 1887 1811 1812
f 1900 1901 1322
f 1900 1322 1323
f 1888 1811 1887
f 1888 1810 1811
f 1899 1900 1323
f 1899 1323 1324
f 1889 1810 1888
f 1889 1809 1810
f 1898 1899 1324
f 1898 1324 1325
f 1897 1898 1325
f 1897 1325 1326
f 1799 1804 1805
f 1800 1804 1799
f 1800 1803 1804
f 1798 1799 1805
f 1798 1805 1806
f 1801 1803 1800
f 1801 1802 1803
f 1797 1798 1806
f 1797 1806 1807
f 1797 1807 1808
f 1781 1802 1801
f 1589 1563 1564
f 1590 1563 1589
f 1590 1333 1563
f 1796 1797 1808
f 1588 1564 1565
f 1588 1589 1564
f 1591 1333 1590
f 1591 1332 1333
f 1587 1588 1565
f 1587 1565 1
f 1571 1332 1591
f 1571 1331 1332
f 1795 1808 1809
f 1795 1796 1808
f 1572 1331 1571
f 1572 1330 1331
f 1573 1330 1572
f 1573 1329 1330
f 1574 1329 1573
f 1574 1328 1329
f 1463 1783 1784
f 1464 1783 1463
f 1464 1782 1783
f 1462 1463 1784
f 1462 1784 1785
f 1465 10 1802
f 1465 1781 1782
f 1465 1802 1781
f 1465 1782 1464
f 1461 1462 1785
f 1445 10 1465
f 1460 1461 1785
f 1460 1785 1786
f 1459 1786 1787
f 1459 1460 1786
f 1458 1459 1787
f 1458 1787 1788
f 1457 1788 1789
f 1457 1458 1788
f 1274 1892 1893
f 1275 1892 1274
f 1275 1891 1892
f 1273 1893 1894
f 1273 1274 1893
f 1276 1890 1891
f 1276 1891 1275
f 1272 1273 1894
f 1272 1894 1895
f 1271 1895 1896
f 1271 1272 1895
f 2240 1795 1809
f 2240 1809 1889
f 2240 1794 1795
f 2241 1793 1794
f 2241 1794 2240
f 2239 1276 1256
f 2239 1889 1890
f 2239 1890 1276
f 2239 2240 1889
f 2242 1793 2241
f 2242 1792 1793
f 2238 1256 1257
f 2238 2239 1256
f 1270 1271 1896
f 2222 1791 1792
f 2222 1792 2242
f 2237 1257 1258
f 2237 2238 1257
f 2223 1790 1791
f 2223 1791 2222
f 2236 2237 1258
f 2236 1258 1259
f 2224 1789 1790
f 2224 1457 1789
f 2224 1790 2223
f 1253 1580 1581
f 1254 1579 1580
f 1254 1580 1253
f 1252 1581 1582
f 1252 1253 1581
f 1255 1579 1254
f 1255 1578 1579
f 2235 1259 1260
f 2235 2236 1259
f 1251 1252 1582
f 1251 1582 1583
f 2225 1457 2224
f 2225 1456 1457
f 1235 1578 1255
f 1235 1577 1578
f 1505 1585 1586
f 1506 1584 1585
f 1506 1585 1505
f 1504 1586 1587
f 1504 1505 1586
f 2234 1260 1261
f 2234 2235 1260
f 1236 1576 1577
f 1236 1577 1235
f 1507 1583 1584
f 1507 1584 1506
f 1507 1251 1583
f 2226 1456 2225
f 2226 1455 1456
f 1503 1504 1587
f 1503 1587 1
f 1487 1250 1251
f 1487 1251 1507
f 2233 1261 1262
f 2233 2234 1261
f 1488 1249 1250
f 1488 1250 1487
f 2232 2233 1262
f 2232 1262 1263
f 1489 1248 1249
f 1489 1249 1488
f 1490 1247 1248
f 1490 1248 1489
f 1491 1246 1247
f 1491 1247 1490
f 1988 1574 1575
f 1988 1328 1574
f 1989 1328 1988
f 1989 1327 1328
f 1492 1245 1246
f 1492 1246 1491
f 1987 1988 1575
f 1987 1575 1576
f 1990 1327 1989
f 1990 1326 1327
f 1493 1244 1245
f 1493 1245 1492
f 1986 1987 1576
f 1986 1576 1236
f 1986 1236 1237
f 1970 1897 1326
f 1970 1896 1897
f 1970 1270 1896
f 1970 1326 1990
f 1985 1986 1237
f 1985 1237 1238
f 1971 1270 1970
f 1971 1269 1270
f 1984 1985 1238
f 1984 1238 1239
f 1972 1268 1269
f 1972 1269 1971
f 1983 1984 1239
f 1983 1239 1240
f 1973 1267 1268
f 1973 1268 1972
f 1610 1500 1501
f 1611 1500 1610
f 1611 1499 1500
f 1982 1983 1240
f 1982 1240 1241
f 1609 1610 1501
f 1609 1501 1502
f 1612 1499 1611
f 1612 1498 1499
f 1608 1502 1503
f 1608 1609 1502
f 1592 1497 1498
f 1592 1498 1612
f 1981 1982 1241
f 1593 1496 1497
f 1593 1497 1592
f 1594 1495 1496
f 1594 1496 1593
f 1595 1494 1495
f 1595 1495 1594
f 1778 1448 1449
f 1779 1447 1448
f 1779 1448 1778
f 1777 1449 1450
f 1777 1778 1449
f 1780 1446 1447
f 1780 1447 1779
f 1776 1450 1451
f 1776 1777 1450
f 1596 1493 1494
f 1596 1494 1595
f 1760 1445 1446
f 1760 1446 1780
f 1775 1451 1452
f 1775 1776 1451
f 1774 1452 1453
f 1774 1775 1452
f 2093 1453 1454
f 2093 1774 1453
f 2093 1773 1774
f 2094 1773 2093
f 2094 1772 1773
f 2092 2093 1454
f 1421 2227 2228
f 1422 1455 2226
f 1422 2227 1421
f 1422 2226 2227
f 2095 1771 1772
f 2095 1772 2094
f 1420 1421 2228
f 1420 2228 2229
f 1423 1454 1455
f 1423 1455 1422
f 1423 2092 1454
f 2091 2092 1423
f 2075 1770 1771
f 2075 1771 2095
f 1419 2229 2230
f 1419 1420 2229
f 1403 2091 1423
f 2090 2091 1403
f 1418 2230 2231
f 1418 1419 2230
f 2076 1769 1770
f 2076 1770 2075
f 1404 2090 1403
f 2089 2090 1404
f 1417 1418 2231
f 2077 1768 1769
f 2077 1769 2076
f 1405 2089 1404
f 2088 2089 1405
f 1406 2088 1405
f 2078 1767 1768
f 2078 1768 2077
f 2219 1266 1267
f 2219 1267 1973
f 2220 1265 1266
f 2220 1266 2219
f 2087 2088 1406
f 1407 2087 1406
f 2218 1973 1974
f 2218 2219 1973
f 1211 1976 1977
f 1400 1601 1602
f 1212 1975 1976
f 1212 1976 1211
f 1401 1601 1400
f 1401 1600 1601
f 2221 1265 2220
f 2221 1264 1265
f 1210 1977 1978
f 1210 1211 1977
f 1399 1400 1602
f 1399 1602 1603
f 1213 1975 1212
f 1402 1600 1401
f 1402 1599 1600
f 2217 2218 1974
f 2217 1974 1975
f 2217 1975 1213
f 2201 1263 1264
f 2201 1264 2221
f 2086 2087 1407
f 2086 1407 1408
f 1209 1978 1979
f 1209 1210 1978
f 1398 1399 1603
f 1398 1603 1604
f 1193 2217 1213
f 1382 1599 1402
f 1382 1598 1599
f 2216 2217 1193
f 1208 1979 1980
f 1208 1209 1979
f 2085 2086 1408
f 2085 1408 1409
f 2202 1263 2201
f 2202 2232 1263
f 2202 2231 2232
f 2202 1417 2231
f 1194 2216 1193
f 1383 1598 1382
f 2084 1409 1410
f 2084 2085 1409
f 2215 2216 1194
f 2203 1416 1417
f 2203 1417 2202
f 1195 2215 1194
f 2214 2215 1195
f 1196 2214 1195
f 2204 1416 2203
f 2204 1415 1416
f 2213 2214 1196
f 1197 2213 1196
f 2205 1415 2204
f 2212 2213 1197
f 2212 1197 1198
f 2211 1198 1199
f 2211 2212 1198
f 2009 1244 1493
f 2009 1493 1596
f 2010 1243 1244
f 2010 1244 2009
f 2210 2211 1199
f 2008 1596 1597
f 2008 2009 1596
f 2011 1243 2010
f 2011 1242 1243
f 1758 1762 1763
f 1758 1763 1757
f 1756 1763 1764
f 1756 1757 1763
f 2007 1598 1383
f 2007 1383 1384
f 2007 1597 1598
f 2007 2008 1597
f 1759 1760 1761
f 1759 1761 1762
f 1759 1762 1758
f 1991 1980 1981
f 1991 1208 1980
f 1991 1207 1208
f 1991 1981 1241
f 1991 1242 2011
f 1991 1241 1242
f 1755 1764 1765
f 1755 1756 1764
f 1739 1760 1759
f 2006 1384 1385
f 2006 2007 1384
f 1992 1206 1207
f 1992 1207 1991
f 1754 1765 1766
f 1754 1766 1767
f 1754 1755 1765
f 2005 1385 1386
f 2005 2006 1385
f 1993 1205 1206
f 1993 1206 1992
f 1753 1754 1767
f 2004 1386 1387
f 2004 2005 1386
f 1994 1205 1993
f 1994 1204 1205
f 1631 1604 1605
f 1632 1398 1604
f 1632 1604 1631
f 1632 1397 1398
f 1630 1631 1605
f 1630 1605 1606
f 1633 1397 1632
f 1633 1396 1397
f 2003 1387 1388
f 2003 2004 1387
f 1995 1204 1994
f 1629 1630 1606
f 1613 1396 1633
f 1613 1395 1396
f 2002 2003 1388
f 1614 1395 1613
f 1614 1394 1395
f 1615 1394 1614
f 1615 1393 1394
f 1616 1393 1615
f 1616 1391 1392
f 1616 1392 1393
f 1617 1390 1391
f 1617 1391 1616
f 1652 1628 1629
f 1653 1627 1628
f 1653 1628 1652
f 1651 1629 1606
f 1651 1606 1607
f 1651 1652 1629
f 1654 1626 1627
f 1654 1627 1653
f 1650 1651 1607
f 1634 1626 1654
f 1634 1625 1626
f 1635 1625 1634
f 1635 1624 1625
f 1636 1624 1635
f 1636 1623 1624
f 1637 1623 1636
f 1637 1622 1623
f 1638 1622 1637
f 1638 1621 1622
f 2156 1752 1753
f 2156 1767 2078
f 2156 1753 1767
f 2157 1751 1752
f 2157 1752 2156
f 2155 2078 2079
f 2155 2156 2078
f 2158 1750 1751
f 2158 1751 2157
f 2154 2155 2079
f 2154 2079 2080
f 2138 1749 1750
f 2138 1750 2158
f 2153 2154 2080
f 2153 2080 2081
f 2153 2081 2082
f 2139 1748 1749
f 2139 1749 2138
f 2152 2153 2082
f 2140 1748 2139
f 2140 1747 1748
f 2151 2082 2083
f 2151 2152 2082
f 2141 1747 2140
f 2141 1746 1747
f 1526 1741 1742
f 1527 1741 1526
f 1527 1740 1741
f 1525 1526 1742
f 1525 1742 1743
f 1528 1740 1527
f 2072 1414 1415
f 2073 1414 2072
f 2073 1413 1414
f 1524 1525 1743
f 1524 1743 1744
f 1524 1744 1745
f 2071 2072 1415
f 2071 1415 2205
f 2074 1413 2073
f 2074 1412 1413
f 2054 1412 2074
f 2054 1411 1412
f 1523 1524 1745
f 1523 1745 1746
f 2198 1203 1204
f 2199 1202 1203
f 2199 1203 2198
f 2055 1410 1411
f 2055 2084 1410
f 2055 1411 2054
f 2197 1204 1995
f 2197 1995 1996
f 2197 2198 1204
f 1232 2207 2208
f 1295 1641 1642
f 2200 1202 2199
f 2200 1201 1202
f 1233 2206 2207
f 1233 2207 1232
f 1296 1641 1295
f 1296 1640 1641
f 1231 1232 2208
f 1231 2208 2209
f 1294 1295 1642
f 1294 1642 1643
f 1234 2070 2071
f 1234 2205 2206
f 1234 2071 2205
f 1234 2206 1233
f 1297 1640 1296
f 1297 1639 1640
f 2196 2197 1996
f 2180 1201 2200
f 2180 1200 1201
f 2056 2083 2084
f 2056 2151 2083
f 2056 2084 2055
f 1230 1231 2209
f 1230 2209 2210
f 1293 1643 1644
f 1293 1294 1643
f 1277 1621 1638
f 1277 1639 1297
f 1277 1638 1639
f 1214 2069 2070
f 1214 2070 1234
f 2195 1996 1997
f 2195 2196 1996
f 1522 1746 2141
f 1522 1523 1746
f 1522 2141 2142
f 1292 1293 1644
f 1292 1644 1645
f 1229 1230 2210
f 2181 1229 2210
f 2181 1200 2180
f 2181 1199 1200
f 2181 2210 1199
f 1278 1621 1277
f 1278 1620 1621
f 1215 2069 1214
f 1215 2068 2069
f 2194 2195 1997
f 2194 1997 1998
f 2194 1998 1999
f 3 1647 1648
f 3 1648 1649
f 3 1649 1650
f 3 1607 1608
f 3 1650 1607
f 3 1645 1646
f 3 1646 1647
f 9 1445 1760
f 9 1760 1739
f 9 1508 1509
f 9 1509 1510
f 9 1528 1508
f 9 1740 1528
f 9 1739 1740
f 1291 1292 1645
f 1291 1645 3
f 1228 1229 2181
f 2182 1228 2181
f 1216 2067 2068
f 1216 2068 1215
f 2193 2194 1999
f 1290 1291 3
f 1227 1228 2182
f 1521 1522 2142
f 2183 1227 2182
f 1217 2066 2067
f 1217 2067 1216
f 1511 9 1510
f 5 1290 3
f 15 9 1511
f 1289 1290 5
f 1226 1227 2183
f 1218 2066 1217
f 1218 2065 2066
f 2184 1226 2183
f 1288 1289 5
f 1219 2064 2065
f 1219 2065 1218
f 1287 1288 5
f 1512 15 1511
f 1220 2063 2064
f 1220 2064 1219
f 2261 1618 1619
f 2262 1617 1618
f 2262 1390 1617
f 2262 1618 2261
f 1513 15 1512
f 2260 1619 1620
f 2260 2261 1619
f 2263 1389 1390
f 2263 1390 2262
f 2259 1278 1279
f 2259 1620 1278
f 2259 2260 1620
f 2243 1389 2263
f 2243 2002 1388
f 2243 1388 1389
f 2243 2001 2002
f 1514 15 1513
f 2258 1279 1280
f 2258 2259 1279
f 2244 2000 2001
f 2244 2001 2243
f 2257 2258 1280
f 2257 1280 1281
f 2245 2000 2244
f 2245 1999 2000
f 2256 1281 1282
f 2256 2257 1281
f 1736 1521 2142
f 1737 1521 1736
f 1737 1520 1521
f 1735 1736 2142
f 1735 2142 2143
f 1738 1520 1737
f 1738 1519 1520
f 1734 1735 2143
f 1734 2143 2144
f 1718 1519 1738
f 1718 1518 1519
f 1733 2144 2145
f 1733 1734 2144
f 1719 1518 1718
f 1719 1517 1518
f 1732 1733 2145
f 1732 2145 2146
f 1720 1517 1719
f 1720 1516 1517
f 1731 1732 2146
f 1721 1516 1720
f 1722 1516 1721
f 1722 1515 1516
f 1723 15 1514
f 1723 1515 1722
f 1723 1514 1515
f 1673 2255 2256
f 1673 1282 1283
f 1673 2256 1282
f 1674 2254 2255
f 1674 2255 1673
f 1672 1283 1284
f 1672 1673 1283
f 1675 2253 2254
f 1675 2254 1674
f 1671 1284 1285
f 1671 1672 1284
f 2115 2056 2057
f 2115 2151 2056
f 2115 2057 2114
f 2115 2150 2151
f 1655 2253 1675
f 1655 2252 2253
f 2113 2057 2058
f 2113 2114 2057
f 2116 2150 2115
f 2116 2149 2150
f 1670 1671 1285
f 1670 1285 1286
f 2112 2058 2059
f 2112 2113 2058
f 1656 2252 1655
f 1656 2251 2252
f 2096 2149 2116
f 2096 2148 2149
f 2111 2059 2060
f 2111 2112 2059
f 1669 1286 1287
f 1669 1670 1286
f 2097 2148 2096
f 2097 2147 2148
f 1657 2251 1656
f 2110 2060 2061
f 2110 2111 2060
f 1668 1669 1287
f 1668 1287 5
f 2098 2147 2097
f 2098 1731 2146
f 2098 2146 2147
f 1667 1668 5
f 1666 1667 5
f 1665 1666 5
f 2051 1224 1225
f 2052 1224 2051
f 2052 1223 1224
f 2050 1226 2184
f 2050 2051 1225
f 2050 1225 1226
f 2053 1223 2052
f 2053 1222 1223
f 2033 1222 2053
f 2033 1221 1222
f 2034 2063 1220
f 2034 1221 2033
f 2034 1220 1221
f 1316 2249 2250
f 1379 2186 2187
f 1317 2249 1316
f 1317 2248 2249
f 1380 2186 1379
f 1380 2185 2186
f 1315 2251 1657
f 1315 1316 2250
f 1315 2250 2251
f 1378 1379 2187
f 1378 2187 2188
f 1318 2248 1317
f 1318 2247 2248
f 1381 2185 1380
f 1381 2050 2184
f 1381 2184 2185
f 1381 2049 2050
f 2035 2063 2034
f 1947 2246 1946
f 1947 2193 1999
f 1947 2192 2193
f 1947 2245 2246
f 1947 1999 2245
f 1314 1657 1658
f 1314 1315 1657
f 1377 2188 2189
f 1377 1378 2188
f 1945 1946 2246
f 1945 2246 2247
f 1945 2247 1318
f 1361 2048 2049
f 1361 2049 1381
f 1948 2191 2192
f 1948 2192 1947
f 1944 1945 1318
f 1944 1318 1298
f 1313 1658 1659
f 1313 1314 1658
f 1376 1377 2189
f 1362 2048 1361
f 1362 2047 2048
f 1943 1944 1298
f 1943 1298 1299
f 1312 1659 1660
f 1312 1313 1659
f 1363 2047 1362
f 1363 2046 2047
f 1942 1943 1299
f 1942 1299 1300
f 1311 1660 1661
f 1311 1312 1660
f 1364 2046 1363
f 1364 2045 2046
f 1925 2191 1948
f 1925 1948 1928
f 1941 1300 1301
f 1941 1942 1300
f 1310 1661 1662
f 1310 1311 1661
f 1926 2190 2191
f 1926 2191 1925
f 1365 2045 1364
f 1365 2044 2045
f 1924 1925 1928
f 1924 1928 1929
f 1190 2108 2109
f 1191 2108 1190
f 1927 2190 1926
f 1927 2189 2190
f 1189 2109 2110
f 1189 1190 2109
f 1189 2110 2061
f 1192 2108 1191
f 1192 2107 2108
f 1923 1929 1930
f 1923 1924 1929
f 1309 1662 1663
f 1309 1310 1662
f 1907 2189 1927
f 1907 1376 2189
f 1940 1301 1302
f 1940 1941 1301
f 1303 1940 1302
f 1366 2044 1365
f 1366 2043 2044
f 1188 2061 2062
f 1188 1189 2061
f 1172 2106 2107
f 1172 2107 1192
f 1922 1923 1930
f 1922 1930 1931
f 1367 2043 1366
f 1367 2042 2043
f 1187 2062 2063
f 1187 2063 2035
f 1187 1188 2062
f 1908 1376 1907
f 1908 1375 1376
f 1939 1940 1303
f 1173 2105 2106
f 1173 2106 1172
f 1921 1922 1931
f 1921 1931 1932
f 1186 1187 2035
f 1186 2035 2036
f 1909 1374 1375
f 1909 1375 1908
f 1174 2105 1173
f 1174 2104 2105
f 1920 1921 1932
f 1920 1932 1933
f 1175 2104 1174
f 1175 2103 2104
f 1910 1372 1373
f 1910 1373 1374
f 1910 1374 1909
f 1919 1920 1933
f 1919 1933 1934
f 1176 2103 1175
f 1176 2102 2103
f 1911 1372 1910
f 1918 1919 1934
f 1918 1934 1935
f 1917 1935 1936
f 1917 1918 1935
f 1716 2098 2099
f 1716 2099 1715
f 1716 1730 1731
f 1716 1731 2098
f 1714 2099 2100
f 1714 1715 2099
f 1717 1730 1716
f 1717 1729 1730
f 1713 2100 2101
f 1713 1714 2100
f 1713 2101 2102
f 1697 1729 1717
f 1697 1728 1729
f 1712 1713 2102
f 1712 2102 1176
f 1698 1728 1697
f 1698 1727 1728
f 1711 1712 1176
f 1711 1176 1177
f 1699 1727 1698
f 1699 1726 1727
f 1710 1177 1178
f 1710 1711 1177
f 1700 1726 1699
f 1700 1725 1726
f 1709 1710 1178
f 1701 1725 1700
f 1701 1724 1725
f 1702 1724 1701
f 2030 1304 1305
f 2031 1939 1303
f 2031 1303 1304
f 2031 1304 2030
f 2029 2030 1305
f 2029 1305 1306
f 2032 1939 2031
f 2032 1938 1939
f 2028 2029 1306
f 2028 1306 1307
f 2012 1938 2032
f 2012 1937 1938
f 2135 1186 2036
f 2135 1185 1186
f 2135 2036 2037
f 2136 1184 1185
f 2136 1185 2135
f 2027 2028 1307
f 2027 1307 1308
f 2134 2135 2037
f 2134 2037 2038
f 2137 1183 1184
f 2137 1184 2136
f 2013 1937 2012
f 2013 1936 1937
f 2133 2134 2038
f 2133 2038 2039
f 2117 1182 1183
f 2117 1183 2137
f 2026 1309 1663
f 2026 1308 1309
f 2026 2027 1308
f 2132 2133 2039
f 2132 2039 2040
f 2118 1182 2117
f 2118 1181 1182
f 2025 1663 1664
f 2025 2026 1663
f 2131 2132 2040
f 2119 1180 1181
f 2119 1181 2118
f 2024 1664 1665
f 2024 2025 1664
f 2120 1180 2119
f 2023 2024 1665
f 2023 1665 5
f 1967 1911 1912
f 1967 1372 1911
f 1968 1371 1372
f 1968 1372 1967
f 1966 1967 1912
f 1966 1912 1913
f 1969 1370 1371
f 1969 1371 1968
f 1965 1913 1914
f 1965 1966 1913
f 1949 1369 1370
f 1949 1370 1969
f 1950 1368 1369
f 1950 1369 1949
f 1484 2015 2016
f 1485 2015 1484
f 1485 2014 2015
f 1483 1484 2016
f 1483 2016 2017
f 1951 1367 1368
f 1951 2042 1367
f 1951 1368 1950
f 1486 2013 2014
f 1486 2014 1485
f 1486 1936 2013
f 1486 1917 1936
f 1482 1483 2017
f 1466 1917 1486
f 1442 1915 1916
f 1443 1915 1442
f 1443 1914 1915
f 1481 1482 2017
f 1481 2017 2018
f 1441 1916 1917
f 1441 1442 1916
f 1441 1917 1466
f 1444 1965 1914
f 1444 1964 1965
f 1444 1914 1443
f 1440 1466 1467
f 1440 1441 1466
f 1424 1963 1964
f 1424 1964 1444
f 1480 2018 2019
f 1480 1481 2018
f 1439 1467 1468
f 1439 1440 1467
f 1425 1962 1963
f 1425 1963 1424
f 1479 2019 2020
f 1479 1480 2019
f 1438 1468 1469
f 1438 1439 1468
f 1426 1961 1962
f 1426 1962 1425
f 1478 2020 2021
f 1478 1479 2020
f 1437 1438 1469
f 1437 1469 1470
f 1427 1960 1961
f 1427 1961 1426
f 1477 1478 2021
f 1477 2021 2022
f 1436 1470 1471
f 1436 1437 1470
f 1476 1477 2022
f 1428 1959 1960
f 1428 1960 1427
f 1169 2129 2130
f 1170 2129 1169
f 1168 2130 2131
f 1168 2131 2040
f 1168 1169 2130
f 1171 2129 1170
f 1171 2128 2129
f 1435 1436 1471
f 1429 1959 1428
f 1167 1168 2040
f 1167 2040 2041
f 1151 2128 1171
f 1151 2127 2128
f 1166 2042 1951
f 1166 1167 2041
f 1166 2041 2042
f 1152 2127 1151
f 1152 2126 2127
f 1165 1951 1952
f 1165 1166 1951
f 1153 2125 2126
f 1153 2126 1152
f 1154 2124 2125
f 1154 2125 1153
f 1155 2124 1154
f 1155 2123 2124
f 2177 1432 1433
f 2178 1432 2177
f 2178 1431 1432
f 2176 2177 1433
f 2176 1433 1434
f 2179 1431 2178
f 2179 1430 1431
f 2175 2176 1434
f 2175 1434 1435
f 2159 1430 2179
f 2159 1959 1429
f 2159 1429 1430
f 2174 2175 1435
f 2174 1471 1472
f 2174 1435 1471
f 2160 1958 1959
f 2160 1959 2159
f 2173 2174 1472
f 2173 1472 1473
f 2161 1957 1958
f 2161 1958 2160
f 2172 1473 1474
f 2172 2173 1473
f 2162 1956 1957
f 2162 1957 2161
f 2171 2172 1474
f 2171 1474 1475
f 2170 2171 1475
f 2170 1475 1476
f 1694 1179 1180
f 1694 2120 2121
f 1694 1180 2120
f 1695 1179 1694
f 1695 1709 1178
f 1695 1178 1179
f 1693 1694 2121
f 1696 1709 1695
f 1696 1708 1709
f 2169 2170 1476
f 1692 1693 2121
f 1692 2121 2122
f 1676 1708 1696
f 1676 1707 1708
f 1691 1692 2122
f 1691 2122 2123
f 1691 2123 1155
f 1677 1707 1676
f 1677 1706 1707
f 1690 1155 1156
f 1690 1691 1155
f 1678 1705 1706
f 1678 1706 1677
f 1689 1156 1157
f 1689 1690 1156
f 1679 1705 1678
f 1679 1704 1705
f 1688 1689 1157
f 1680 1703 1704
f 1680 1704 1679
f 1681 1703 1680
f 1883 1952 1953
f 1883 1164 1165
f 1883 1165 1952
f 1884 1163 1164
f 1884 1164 1883
f 1882 1883 1953
f 1885 1162 1163
f 1885 1163 1884
f 1881 1953 1954
f 1881 1882 1953
f 1865 1161 1162
f 1865 1162 1885
f 1880 1954 1955
f 1880 1881 1954
f 1866 1160 1161
f 1866 1161 1865
f 1879 1955 1956
f 1879 1880 1955
f 1867 1159 1160
f 1867 1160 1866
f 1868 1159 1867
f 1358 1877 1878
f 1359 1876 1877
f 1359 1877 1358
f 1357 1879 1956
f 1357 1878 1879
f 1357 1358 1878
f 1360 1876 1359
f 1356 2162 2163
f 1356 1357 1956
f 1356 1956 2162
f 1340 1875 1876
f 1340 1876 1360
f 1355 1356 2163
f 1341 1874 1875
f 1341 1875 1340
f 1342 1873 1874
f 1342 1874 1341
f 1343 1872 1873
f 1343 1873 1342
f 1344 1871 1872
f 1344 1872 1343
f 1862 1354 1355
f 1863 1353 1354
f 1863 1354 1862
f 1861 1355 2163
f 1861 1862 1355
f 1864 1352 1353
f 1864 1353 1863
f 1860 2163 2164
f 1860 2164 2165
f 1860 1861 2163
f 1844 1351 1352
f 1844 1352 1864
f 1859 2165 2166
f 1859 1860 2165
f 1845 1350 1351
f 1845 1351 1844
f 1858 2166 2167
f 1858 1859 2166
f 1846 1349 1350
f 1846 1350 1845
f 1857 2167 2168
f 1857 1858 2167
f 1847 1348 1349
f 1847 1349 1846
f 1856 2168 2169
f 1856 1857 2168
f 1848 1347 1348
f 1848 1348 1847
f 1855 1856 2169
f 1849 1346 1347
f 1849 1347 1848
f 1547 1158 1159
f 1547 1868 1869
f 1547 1159 1868
f 1548 1688 1157
f 1548 1157 1158
f 1548 1158 1547
f 1546 1869 1870
f 1546 1547 1869
f 1549 1687 1688
f 1549 1688 1548
f 1545 1546 1870
f 1545 1870 1871
f 1529 1687 1549
f 1529 1686 1687
f 1544 1545 1871
f 1544 1871 1344
f 1530 1686 1529
f 1530 1685 1686
f 1543 1344 1345
f 1543 1544 1344
f 1531 1684 1685
f 1531 1685 1530
f 1532 1684 1531
f 1532 1683 1684
f 1533 1683 1532
f 1533 1682 1683
f 1534 1682 1533
f 2282 1543 1345
f 2282 1542 1543
f 2283 1542 2282
f 2283 1541 1542
f 2281 1345 1346
f 2281 2282 1345
f 2284 1541 2283
f 2284 1540 1541
f 2280 1346 1849
f 2280 1849 1850
f 2280 2281 1346
f 2264 1540 2284
f 2264 1539 1540
f 2279 2280 1850
f 2265 1539 2264
f 2265 1538 1539
f 2278 1850 1851
f 2278 1851 1852
f 2278 2279 1850
f 2266 1538 2265
f 2266 1537 1538
f 2277 2278 1852
f 2267 1537 2266
f 2267 1536 1537
f 2276 1852 1853
f 2276 2277 1852
f 2268 1536 2267
f 7 1853 1854
f 7 1854 1855
f 7 2272 2273
f 7 2273 2274
f 7 2274 2275
f 7 2275 2276
f 7 2169 1476
f 7 2276 1853
f 7 1855 2169
f 16 2268 2269
f 16 2269 2270
f 16 2270 2271
f 16 2271 2272
f 16 1536 2268
f 16 2272 7
f 16 1534 1535
f 16 1535 1536
f 16 15 1723
f 16 1723 1724
f 16 1724 1702
f 16 1702 1703
f 16 1703 1681
f 16 1681 1682
f 16 1682 1534
f 9 10 1445
f 1 3 1608
f 1 1608 1503
f 5 7 2022
f 2022 7 1476
f 5 2022 2023
f 2286 2265 2264
f 2286 2264 2285
f 2287 2266 2265
f 2287 2265 2286
f 2288 2267 2266
f 2288 2266 2287
f 2289 2268 2267
f 2289 2269 2268
f 2289 2267 2288
f 2290 2269 2289
f 2291 2270 2269
f 2291 2271 2270
f 2291 2269 2290
f 2292 2271 2291
f 2293 2272 2271
f 2293 2273 2272
f 2293 2271 2292
f 2294 2273 2293
f 2295 2274 2273
f 2295 2273 2294
f 2296 2275 2274
f 2296 2274 2295
f 2297 2276 2275
f 2297 2275 2296
f 2298 2276 2297
f 2298 2277 2276
f 2299 2277 2298
f 2299 2278 2277
f 2300 2278 2299
f 2300 2279 2278
f 2301 2279 2300
f 2301 2280 2279
f 2301 2281 2280
f 2302 2281 2301
f 2303 2282 2281
f 2303 2281 2302
f 2304 2283 2282
f 2304 2282 2303
f 2305 2284 2283
f 2305 2283 2304
f 2285 2264 2284
f 2285 2284 2305
f 2304 2324 2325
f 2304 2325 2326
f 2304 2303 2324
f 2302 2323 2324
f 2302 2324 2303
f 2305 2304 2326
f 2301 2322 2323
f 2301 2323 2302
f 2285 2326 2306
f 2285 2305 2326
f 2300 2321 2322
f 2300 2322 2301
f 2320 2321 2300
f 2286 2306 2307
f 2286 2285 2306
f 2299 2320 2300
f 2287 2307 2308
f 2287 2286 2307
f 2319 2299 2298
f 2319 2320 2299
f 2309 2288 2287
f 2309 2287 2308
f 2318 2298 2297
f 2318 2319 2298
f 2310 2289 2288
f 2310 2290 2289
f 2310 2288 2309
f 2317 2297 2296
f 2317 2318 2297
f 2311 2290 2310
f 2311 2291 2290
f 2316 2317 2296
f 2316 2295 2294
f 2316 2296 2295
f 2312 2291 2311
f 2315 2316 2294
f 2313 2291 2312
f 2313 2292 2291
f 2314 2315 2294
f 2314 2292 2313
f 2314 2293 2292
f 2314 2294 2293
f 1131 2307 2306
f 1131 2306 1130
f 1132 2308 2307
f 1132 2307 1131
f 1133 2309 2308
f 1133 2308 1132
f 1134 2310 2309
f 1134 2309 1133
f 1135 2311 2310
f 1135 2310 1134
f 1136 2312 2311
f 1136 2311 1135
f 1137 2313 2312
f 1137 2312 1136
f 1138 2314 2313
f 1138 2313 1137
f 1139 2315 2314
f 1139 2314 1138
f 1140 2316 2315
f 1140 2317 2316
f 1140 2315 1139
f 1141 2317 1140
f 1142 2318 2317
f 1142 2319 2318
f 1142 2317 1141
f 1143 2319 1142
f 1144 2319 1143
f 1144 2320 2319
f 1145 2320 1144
f 1145 2321 2320
f 1146 2321 1145
f 1146 2322 2321
f 1147 2322 1146
f 1147 2323 2322
f 1147 2324 2323
f 1148 2324 1147
f 1149 2325 2324
f 1149 2324 1148
f 1150 2326 2325
f 1150 2325 1149
f 1130 2306 2326
f 1130 2326 1150
f 2328 2244 2243
f 2328 2243 2327
f 2329 2245 2244
f 2329 2244 2328
f 2330 2246 2245
f 2330 2245 2329
f 2331 2247 2246
f 2331 2248 2247
f 2331 2246 2330
f 2332 2248 2331
f 2333 2249 2248
f 2333 2250 2249
f 2333 2248 2332
f 2334 2250 2333
f 2335 2251 2250
f 2335 2252 2251
f 2335 2250 2334
f 2336 2252 2335
f 2337 2253 2252
f 2337 2252 2336
f 2338 2254 2253
f 2338 2253 2337
f 2339 2255 2254
f 2339 2254 2338
f 2340 2255 2339
f 2340 2256 2255
f 2341 2256 2340
f 2341 2257 2256
f 2342 2257 2341
f 2342 2258 2257
f 2343 2258 2342
f 2343 2259 2258
f 2343 2260 2259
f 2344 2260 2343
f 2345 2261 2260
f 2345 2260 2344
f 2346 2262 2261
f 2346 2261 2345
f 2347 2263 2262
f 2347 2262 2346
f 2327 2243 2263
f 2327 2263 2347
f 2346 2366 2367
f 2346 2367 2368
f 2346 2345 2366
f 2344 2365 2366
f 2344 2366 2345
f 2347 2346 2368
f 2343 2364 2365
f 2343 2365 2344
f 2327 2368 2348
f 2327 2347 2368
f 2342 2363 2364
f 2342 2364 2343
f 2362 2363 2342
f 2328 2348 2349
f 2328 2327 2348
f 2341 2362 2342
f 2329 2349 2350
f 2329 2328 2349
f 2361 2341 2340
f 2361 2362 2341
f 2351 2330 2329
f 2351 2329 2350
f 2360 2340 2339
f 2360 2361 2340
f 2352 2331 2330
f 2352 2332 2331
f 2352 2330 2351
f 2359 2339 2338
f 2359 2360 2339
f 2353 2332 2352
f 2353 2333 2332
f 2358 2359 2338
f 2358 2337 2336
f 2358 2338 2337
f 2354 2333 2353
f 2357 2358 2336
f 2355 2333 2354
f 2355 2334 2333
f 2356 2357 2336
f 2356 2334 2355
f 2356 2335 2334
f 2356 2336 2335
f 1110 2349 2348
f 1110 2348 1109
f 1111 2350 2349
f 1111 2349 1110
f 1112 2351 2350
f 1112 2350 1111
f 1113 2352 2351
f 1113 2351 1112
f 1114 2353 2352
f 1114 2352 1113
f 1115 2354 2353
f 1115 2353 1114
f 1116 2355 2354
f 1116 2354 1115
f 1117 2356 2355
f 1117 2355 1116
f 1118 2357 2356
f 1118 2356 1117
f 1119 2358 2357
f 1119 2359 2358
f 1119 2357 1118
f 1120 2359 1119
f 1121 2360 2359
f 1121 2361 2360
f 1121 2359 1120
f 1122 2361 1121
f 1123 2361 1122
f 1123 2362 2361
f 1124 2362 1123
f 1124 2363 2362
f 1125 2363 1124
f 1125 2364 2363
f 1126 2364 1125
f 1126 2365 2364
f 1126 2366 2365
f 1127 2366 1126
f 1128 2367 2366
f 1128 2366 1127
f 1129 2368 2367
f 1129 2367 1128
f 1109 2348 2368
f 1109 2368 1129
f 2370 2223 2222
f 2370 2222 2369
f 2371 2224 2223
f 2371 2223 2370
f 2372 2225 2224
f 2372 2224 2371
f 2373 2226 2225
f 2373 2227 2226
f 2373 2225 2372
f 2374 2227 2373
f 2375 2228 2227
f 2375 2229 2228
f 2375 2227 2374
f 2376 2229 2375
f 2377 2230 2229
f 2377 2231 2230
f 2377 2229 2376
f 2378 2231 2377
f 2379 2232 2231
f 2379 2231 2378
f 2380 2233 2232
f 2380 2232 2379
f 2381 2234 2233
f 2381 2233 2380
f 2382 2234 2381
f 2382 2235 2234
f 2383 2235 2382
f 2383 2236 2235
f 2384 2236 2383
f 2384 2237 2236
f 2385 2237 2384
f 2385 2238 2237
f 2385 2239 2238
f 2386 2239 2385
f 2387 2240 2239
f 2387 2239 2386
f 2388 2241 2240
f 2388 2240 2387
f 2389 2242 2241
f 2389 2241 2388
f 2369 2222 2242
f 2369 2242 2389
f 2387 2407 2408
f 2388 2408 2409
f 2388 2387 2408
f 2386 2406 2407
f 2386 2407 2387
f 2389 2409 2410
f 2389 2388 2409
f 2385 2406 2386
f 2369 2390 2391
f 2369 2410 2390
f 2369 2389 2410
f 2384 2405 2406
f 2384 2406 2385
f 2370 2369 2391
f 2392 2370 2391
f 2383 2404 2405
f 2383 2405 2384
f 2371 2370 2392
f 2382 2404 2383
f 2403 2404 2382
f 2393 2372 2371
f 2393 2371 2392
f 2381 2403 2382
f 2402 2403 2381
f 2394 2373 2372
f 2394 2372 2393
f 2401 2380 2379
f 2401 2381 2380
f 2401 2402 2381
f 2395 2373 2394
f 2395 2374 2373
f 2400 2401 2379
f 2396 2374 2395
f 2396 2375 2374
f 2396 2376 2375
f 2399 2400 2379
f 2399 2379 2378
f 2397 2376 2396
f 2397 2377 2376
f 2398 2399 2378
f 2398 2377 2397
f 2398 2378 2377
f 1089 2391 2390
f 1089 2390 1088
f 1090 2392 2391
f 1090 2391 1089
f 1091 2393 2392
f 1091 2392 1090
f 1092 2394 2393
f 1092 2393 1091
f 1093 2395 2394
f 1093 2394 1092
f 1094 2396 2395
f 1094 2395 1093
f 1095 2397 2396
f 1095 2396 1094
f 1096 2398 2397
f 1096 2397 1095
f 1097 2399 2398
f 1097 2398 1096
f 1098 2400 2399
f 1098 2401 2400
f 1098 2399 1097
f 1099 2401 1098
f 1100 2402 2401
f 1100 2403 2402
f 1100 2401 1099
f 1101 2403 1100
f 1102 2403 1101
f 1102 2404 2403
f 1103 2404 1102
f 1103 2405 2404
f 1104 2405 1103
f 1104 2406 2405
f 1105 2406 1104
f 1105 2407 2406
f 1105 2408 2407
f 1106 2408 1105
f 1107 2409 2408
f 1107 2408 1106
f 1108 2410 2409
f 1108 2409 1107
f 1088 2390 2410
f 1088 2410 1108
f 2412 2202 2201
f 2412 2201 2411
f 2413 2203 2202
f 2413 2202 2412
f 2414 2204 2203
f 2414 2203 2413
f 2415 2205 2204
f 2415 2206 2205
f 2415 2204 2414
f 2416 2206 2415
f 2417 2207 2206
f 2417 2208 2207
f 2417 2206 2416
f 2418 2208 2417
f 2419 2209 2208
f 2419 2210 2209
f 2419 2208 2418
f 2420 2210 2419
f 2421 2211 2210
f 2421 2210 2420
f 2422 2212 2211
f 2422 2211 2421
f 2423 2213 2212
f 2423 2212 2422
f 2424 2213 2423
f 2424 2214 2213
f 2425 2214 2424
f 2425 2215 2214
f 2426 2215 2425
f 2426 2216 2215
f 2427 2216 2426
f 2427 2217 2216
f 2427 2218 2217
f 2428 2218 2427
f 2429 2219 2218
f 2429 2218 2428
f 2430 2220 2219
f 2430 2219 2429
f 2431 2221 2220
f 2431 2220 2430
f 2411 2201 2221
f 2411 2221 2431
f 2429 2449 2450
f 2430 2450 2451
f 2430 2429 2450
f 2428 2448 2449
f 2428 2449 2429
f 2431 2451 2452
f 2431 2430 2451
f 2427 2448 2428
f 2411 2432 2433
f 2411 2452 2432
f 2411 2431 2452
f 2426 2447 2448
f 2426 2448 2427
f 2412 2411 2433
f 2434 2412 2433
f 2425 2446 2447
f 2425 2447 2426
f 2413 2412 2434
f 2424 2446 2425
f 2445 2446 2424
f 2435 2414 2413
f 2435 2413 2434
f 2423 2445 2424
f 2444 2445 2423
f 2436 2415 2414
f 2436 2414 2435
f 2443 2422 2421
f 2443 2423 2422
f 2443 2444 2423
f 2437 2415 2436
f 2437 2416 2415
f 2442 2443 2421
f 2438 2416 2437
f 2438 2417 2416
f 2438 2418 2417
f 2441 2442 2421
f 2441 2421 2420
f 2439 2418 2438
f 2439 2419 2418
f 2440 2441 2420
f 2440 2419 2439
f 2440 2420 2419
f 1068 2433 2432
f 1068 2432 1067
f 1069 2434 2433
f 1069 2433 1068
f 1070 2435 2434
f 1070 2434 1069
f 1071 2436 2435
f 1071 2435 1070
f 1072 2437 2436
f 1072 2436 1071
f 1073 2438 2437
f 1073 2437 1072
f 1074 2439 2438
f 1074 2438 1073
f 1075 2440 2439
f 1075 2439 1074
f 1076 2441 2440
f 1076 2440 1075
f 1077 2442 2441
f 1077 2443 2442
f 1077 2441 1076
f 1078 2443 1077
f 1079 2444 2443
f 1079 2445 2444
f 1079 2443 1078
f 1080 2445 1079
f 1081 2445 1080
f 1081 2446 2445
f 1082 2446 1081
f 1082 2447 2446
f 1083 2447 1082
f 1083 2448 2447
f 1084 2448 1083
f 1084 2449 2448
f 1084 2450 2449
f 1085 2450 1084
f 1086 2451 2450
f 1086 2450 1085
f 1087 2452 2451
f 1087 2451 1086
f 1067 2432 2452
f 1067 2452 1087
f 2454 2181 2180
f 2454 2180 2453
f 2455 2182 2181
f 2455 2181 2454
f 2456 2183 2182
f 2456 2182 2455
f 2457 2184 2183
f 2457 2185 2184
f 2457 2183 2456
f 2458 2185 2457
f 2459 2186 2185
f 2459 2187 2186
f 2459 2185 2458
f 2460 2187 2459
f 2461 2188 2187
f 2461 2189 2188
f 2461 2187 2460
f 2462 2189 2461
f 2463 2190 2189
f 2463 2189 2462
f 2464 2191 2190
f 2464 2190 2463
f 2465 2192 2191
f 2465 2191 2464
f 2466 2192 2465
f 2466 2193 2192
f 2467 2193 2466
f 2467 2194 2193
f 2468 2194 2467
f 2468 2195 2194
f 2469 2195 2468
f 2469 2196 2195
f 2469 2197 2196
f 2470 2197 2469
f 2471 2198 2197
f 2471 2197 2470
f 2472 2199 2198
f 2472 2198 2471
f 2473 2200 2199
f 2473 2199 2472
f 2453 2180 2200
f 2453 2200 2473
f 2471 2492 2493
f 2472 2493 2494
f 2472 2471 2493
f 2470 2491 2492
f 2470 2492 2471
f 2473 2472 2494
f 2469 2490 2491
f 2469 2491 2470
f 2453 2494 2474
f 2453 2473 2494
f 2468 2489 2490
f 2468 2490 2469
f 2454 2474 2475
f 2454 2453 2474
f 2467 2488 2489
f 2467 2489 2468
f 2455 2475 2476
f 2455 2454 2475
f 2466 2488 2467
f 2487 2488 2466
f 2477 2456 2455
f 2477 2455 2476
f 2486 2466 2465
f 2486 2487 2466
f 2478 2457 2456
f 2478 2456 2477
f 2485 2464 2463
f 2485 2465 2464
f 2485 2486 2465
f 2479 2457 2478
f 2479 2458 2457
f 2484 2463 2462
f 2484 2485 2463
f 2480 2458 2479
f 2480 2459 2458
f 2483 2484 2462
f 2481 2459 2480
f 2481 2460 2459
f 2482 2483 2462
f 2482 2460 2481
f 2482 2461 2460
f 2482 2462 2461
f 1047 2475 2474
f 1047 2474 1046
f 1048 2476 2475
f 1048 2475 1047
f 1049 2477 2476
f 1049 2476 1048
f 1050 2478 2477
f 1050 2477 1049
f 1051 2479 2478
f 1051 2478 1050
f 1052 2480 2479
f 1052 2479 1051
f 1053 2481 2480
f 1053 2480 1052
f 1054 2482 2481
f 1054 2481 1053
f 1055 2483 2482
f 1055 2482 1054
f 1056 2484 2483
f 1056 2485 2484
f 1056 2483 1055
f 1057 2485 1056
f 1058 2486 2485
f 1058 2487 2486
f 1058 2485 1057
f 1059 2487 1058
f 1060 2487 1059
f 1060 2488 2487
f 1061 2488 1060
f 1061 2489 2488
f 1062 2489 1061
f 1062 2490 2489
f 1063 2490 1062
f 1063 2491 2490
f 1063 2492 2491
f 1064 2492 1063
f 1065 2493 2492
f 1065 2492 1064
f 1066 2494 2493
f 1066 2493 1065
f 1046 2474 2494
f 1046 2494 1066
f 2496 2160 2159
f 2496 2159 2495
f 2497 2161 2160
f 2497 2160 2496
f 2498 2162 2161
f 2498 2161 2497
f 2499 2163 2162
f 2499 2164 2163
f 2499 2162 2498
f 2500 2164 2499
f 2501 2165 2164
f 2501 2166 2165
f 2501 2164 2500
f 2502 2166 2501
f 2503 2167 2166
f 2503 2168 2167
f 2503 2166 2502
f 2504 2168 2503
f 2505 2169 2168
f 2505 2168 2504
f 2506 2170 2169
f 2506 2169 2505
f 2507 2171 2170
f 2507 2170 2506
f 2508 2171 2507
f 2508 2172 2171
f 2509 2172 2508
f 2509 2173 2172
f 2510 2173 2509
f 2510 2174 2173
f 2511 2174 2510
f 2511 2175 2174
f 2511 2176 2175
f 2512 2176 2511
f 2513 2177 2176
f 2513 2176 2512
f 2514 2178 2177
f 2514 2177 2513
f 2515 2179 2178
f 2515 2178 2514
f 2495 2159 2179
f 2495 2179 2515
f 2514 2534 2535
f 2514 2535 2536
f 2514 2513 2534
f 2512 2533 2534
f 2512 2534 2513
f 2515 2514 2536
f 2511 2532 2533
f 2511 2533 2512
f 2495 2536 2516
f 2495 2515 2536
f 2510 2531 2532
f 2510 2532 2511
f 2530 2531 2510
f 2496 2516 2517
f 2496 2495 2516
f 2509 2530 2510
f 2497 2517 2518
f 2497 2496 2517
f 2529 2509 2508
f 2529 2530 2509
f 2519 2498 2497
f 2519 2497 2518
f 2528 2508 2507
f 2528 2529 2508
f 2520 2499 2498
f 2520 2500 2499
f 2520 2498 2519
f 2527 2507 2506
f 2527 2528 2507
f 2521 2500 2520
f 2521 2501 2500
f 2526 2527 2506
f 2526 2505 2504
f 2526 2506 2505
f 2522 2501 2521
f 2525 2526 2504
f 2523 2501 2522
f 2523 2502 2501
f 2524 2525 2504
f 2524 2502 2523
f 2524 2503 2502
f 2524 2504 2503
f 1026 2517 2516
f 1026 2516 1025
f 1027 2518 2517
f 1027 2517 1026
f 1028 2519 2518
f 1028 2518 1027
f 1029 2520 2519
f 1029 2519 1028
f 1030 2521 2520
f 1030 2520 1029
f 1031 2522 2521
f 1031 2521 1030
f 1032 2523 2522
f 1032 2522 1031
f 1033 2524 2523
f 1033 2523 1032
f 1034 2525 2524
f 1034 2524 1033
f 1035 2526 2525
f 1035 2527 2526
f 1035 2525 1034
f 1036 2527 1035
f 1037 2528 2527
f 1037 2529 2528
f 1037 2527 1036
f 1038 2529 1037
f 1039 2529 1038
f 1039 2530 2529
f 1040 2530 1039
f 1040 2531 2530
f 1041 2531 1040
f 1041 2532 2531
f 1042 2532 1041
f 1042 2533 2532
f 1042 2534 2533
f 1043 2534 1042
f 1044 2535 2534
f 1044 2534 1043
f 1045 2536 2535
f 1045 2535 1044
f 1025 2516 2536
f 1025 2536 1045
f 2538 2139 2138
f 2538 2138 2537
f 2539 2140 2139
f 2539 2139 2538
f 2540 2141 2140
f 2540 2140 2539
f 2541 2142 2141
f 2541 2143 2142
f 2541 2141 2540
f 2542 2143 2541
f 2543 2144 2143
f 2543 2145 2144
f 2543 2143 2542
f 2544 2145 2543
f 2545 2146 2145
f 2545 2147 2146
f 2545 2145 2544
f 2546 2147 2545
f 2547 2148 2147
f 2547 2147 2546
f 2548 2149 2148
f 2548 2148 2547
f 2549 2150 2149
f 2549 2149 2548
f 2550 2150 2549
f 2550 2151 2150
f 2551 2151 2550
f 2551 2152 2151
f 2552 2152 2551
f 2552 2153 2152
f 2553 2153 2552
f 2553 2154 2153
f 2553 2155 2154
f 2554 2155 2553
f 2555 2156 2155
f 2555 2155 2554
f 2556 2157 2156
f 2556 2156 2555
f 2557 2158 2157
f 2557 2157 2556
f 2537 2138 2158
f 2537 2158 2557
f 2555 2575 2576
f 2556 2576 2577
f 2556 2555 2576
f 2554 2574 2575
f 2554 2575 2555
f 2557 2577 2578
f 2557 2556 2577
f 2553 2574 2554
f 2537 2558 2559
f 2537 2578 2558
f 2537 2557 2578
f 2552 2573 2574
f 2552 2574 2553
f 2538 2537 2559
f 2560 2538 2559
f 2551 2572 2573
f 2551 2573 2552
f 2539 2538 2560
f 2550 2572 2551
f 2571 2572 2550
f 2561 2540 2539
f 2561 2539 2560
f 2549 2571 2550
f 2570 2549 2548
f 2570 2571 2549
f 2562 2541 2540
f 2562 2540 2561
f 2569 2570 2548
f 2563 2541 2562
f 2563 2542 2541
f 2563 2543 2542
f 2568 2569 2548
f 2568 2548 2547
f 2564 2543 2563
f 2564 2544 2543
f 2567 2568 2547
f 2567 2547 2546
f 2565 2544 2564
f 2565 2545 2544
f 2566 2567 2546
f 2566 2545 2565
f 2566 2546 2545
f 1005 2559 2558
f 1005 2558 1004
f 1006 2560 2559
f 1006 2559 1005
f 1007 2561 2560
f 1007 2560 1006
f 1008 2562 2561
f 1008 2561 1007
f 1009 2563 2562
f 1009 2562 1008
f 1010 2564 2563
f 1010 2563 1009
f 1011 2565 2564
f 1011 2564 1010
f 1012 2566 2565
f 1012 2565 1011
f 1013 2567 2566
f 1013 2566 1012
f 1014 2568 2567
f 1014 2569 2568
f 1014 2567 1013
f 1015 2569 1014
f 1016 2570 2569
f 1016 2571 2570
f 1016 2569 1015
f 1017 2571 1016
f 1018 2571 1017
f 1018 2572 2571
f 1019 2572 1018
f 1019 2573 2572
f 1020 2573 1019
f 1020 2574 2573
f 1021 2574 1020
f 1021 2575 2574
f 1021 2576 2575
f 1022 2576 1021
f 1023 2577 2576
f 1023 2576 1022
f 1024 2578 2577
f 1024 2577 1023
f 1004 2558 2578
f 1004 2578 1024
f 2580 2118 2117
f 2580 2117 2579
f 2581 2119 2118
f 2581 2118 2580
f 2582 2120 2119
f 2582 2119 2581
f 2583 2121 2120
f 2583 2122 2121
f 2583 2120 2582
f 2584 2122 2583
f 2585 2123 2122
f 2585 2124 2123
f 2585 2122 2584
f 2586 2124 2585
f 2587 2125 2124
f 2587 2126 2125
f 2587 2124 2586
f 2588 2126 2587
f 2589 2127 2126
f 2589 2126 2588
f 2590 2128 2127
f 2590 2127 2589
f 2591 2129 2128
f 2591 2128 2590
f 2592 2129 2591
f 2592 2130 2129
f 2593 2130 2592
f 2593 2131 2130
f 2594 2131 2593
f 2594 2132 2131
f 2595 2132 2594
f 2595 2133 2132
f 2595 2134 2133
f 2596 2134 2595
f 2597 2135 2134
f 2597 2134 2596
f 2598 2136 2135
f 2598 2135 2597
f 2599 2137 2136
f 2599 2136 2598
f 2579 2117 2137
f 2579 2137 2599
f 2598 2618 2619
f 2598 2619 2620
f 2598 2597 2618
f 2596 2617 2618
f 2596 2618 2597
f 2599 2598 2620
f 2595 2616 2617
f 2595 2617 2596
f 2579 2620 2600
f 2579 2599 2620
f 2594 2615 2616
f 2594 2616 2595
f 2614 2615 2594
f 2580 2600 2601
f 2580 2579 2600
f 2593 2614 2594
f 2581 2601 2602
f 2581 2580 2601
f 2613 2593 2592
f 2613 2614 2593
f 2603 2582 2581
f 2603 2581 2602
f 2612 2592 2591
f 2612 2613 2592
f 2604 2583 2582
f 2604 2584 2583
f 2604 2582 2603
f 2611 2591 2590
f 2611 2612 2591
f 2605 2584 2604
f 2605 2585 2584
f 2610 2611 2590
f 2610 2589 2588
f 2610 2590 2589
f 2606 2585 2605
f 2609 2610 2588
f 2607 2585 2606
f 2607 2586 2585
f 2608 2609 2588
f 2608 2586 2607
f 2608 2587 2586
f 2608 2588 2587
f 984 2601 2600
f 984 2600 983
f 985 2602 2601
f 985 2601 984
f 986 2603 2602
f 986 2602 985
f 987 2604 2603
f 987 2603 986
f 988 2605 2604
f 988 2604 987
f 989 2606 2605
f 989 2605 988
f 990 2607 2606
f 990 2606 989
f 991 2608 2607
f 991 2607 990
f 992 2609 2608
f 992 2608 991
f 993 2610 2609
f 993 2611 2610
f 993 2609 992
f 994 2611 993
f 995 2612 2611
f 995 2613 2612
f 995 2611 994
f 996 2613 995
f 997 2613 996
f 997 2614 2613
f 998 2614 997
f 998 2615 2614
f 999 2615 998
f 999 2616 2615
f 1000 2616 999
f 1000 2617 2616
f 1000 2618 2617
f 1001 2618 1000
f 1002 2619 2618
f 1002 2618 1001
f 1003 2620 2619
f 1003 2619 1002
f 983 2600 2620
f 983 2620 1003
f 2622 2097 2096
f 2622 2096 2621
f 2623 2098 2097
f 2623 2097 2622
f 2624 2099 2098
f 2624 2098 2623
f 2625 2100 2099
f 2625 2101 2100
f 2625 2099 2624
f 2626 2101 2625
f 2627 2102 2101
f 2627 2103 2102
f 2627 2101 2626
f 2628 2103 2627
f 2629 2104 2103
f 2629 2105 2104
f 2629 2103 2628
f 2630 2105 2629
f 2631 2106 2105
f 2631 2105 2630
f 2632 2107 2106
f 2632 2106 2631
f 2633 2108 2107
f 2633 2107 2632
f 2634 2108 2633
f 2634 2109 2108
f 2635 2109 2634
f 2635 2110 2109
f 2636 2110 2635
f 2636 2111 2110
f 2637 2111 2636
f 2637 2112 2111
f 2637 2113 2112
f 2638 2113 2637
f 2639 2114 2113
f 2639 2113 2638
f 2640 2115 2114
f 2640 2114 2639
f 2641 2116 2115
f 2641 2115 2640
f 2621 2096 2116
f 2621 2116 2641
f 2639 2659 2660
f 2640 2660 2661
f 2640 2639 2660
f 2638 2658 2659
f 2638 2659 2639
f 2641 2661 2662
f 2641 2640 2661
f 2637 2658 2638
f 2621 2642 2643
f 2621 2662 2642
f 2621 2641 2662
f 2636 2657 2658
f 2636 2658 2637
f 2622 2621 2643
f 2644 2622 2643
f 2635 2656 2657
f 2635 2657 2636
f 2623 2622 2644
f 2634 2656 2635
f 2655 2656 2634
f 2645 2624 2623
f 2645 2623 2644
f 2633 2655 2634
f 2654 2633 2632
f 2654 2655 2633
f 2646 2625 2624
f 2646 2624 2645
f 2653 2654 2632
f 2647 2625 2646
f 2647 2626 2625
f 2647 2627 2626
f 2652 2653 2632
f 2652 2632 2631
f 2648 2627 2647
f 2648 2628 2627
f 2651 2652 2631
f 2651 2631 2630
f 2649 2628 2648
f 2649 2629 2628
f 2650 2629 2649
f 2650 2651 2630
f 2650 2630 2629
f 963 2643 2642
f 963 2642 962
f 964 2644 2643
f 964 2643 963
f 965 2645 2644
f 965 2644 964
f 966 2646 2645
f 966 2645 965
f 967 2647 2646
f 967 2646 966
f 968 2648 2647
f 968 2647 967
f 969 2649 2648
f 969 2648 968
f 970 2650 2649
f 970 2649 969
f 971 2651 2650
f 971 2650 970
f 972 2652 2651
f 972 2653 2652
f 972 2651 971
f 973 2653 972
f 974 2654 2653
f 974 2655 2654
f 974 2653 973
f 975 2655 974
f 976 2655 975
f 976 2656 2655
f 977 2656 976
f 977 2657 2656
f 978 2657 977
f 978 2658 2657
f 979 2658 978
f 979 2659 2658
f 979 2660 2659
f 980 2660 979
f 981 2661 2660
f 981 2660 980
f 982 2662 2661
f 982 2661 981
f 962 2642 2662
f 962 2662 982
f 2664 2076 2075
f 2664 2075 2663
f 2665 2077 2076
f 2665 2076 2664
f 2666 2078 2077
f 2666 2077 2665
f 2667 2079 2078
f 2667 2080 2079
f 2667 2078 2666
f 2668 2080 2667
f 2669 2081 2080
f 2669 2082 2081
f 2669 2080 2668
f 2670 2082 2669
f 2671 2083 2082
f 2671 2084 2083
f 2671 2082 2670
f 2672 2084 2671
f 2673 2085 2084
f 2673 2084 2672
f 2674 2086 2085
f 2674 2085 2673
f 2675 2087 2086
f 2675 2086 2674
f 2676 2087 2675
f 2676 2088 2087
f 2677 2088 2676
f 2677 2089 2088
f 2678 2089 2677
f 2678 2090 2089
f 2679 2090 2678
f 2679 2091 2090
f 2679 2092 2091
f 2680 2092 2679
f 2681 2093 2092
f 2681 2092 2680
f 2682 2094 2093
f 2682 2093 2681
f 2683 2095 2094
f 2683 2094 2682
f 2663 2075 2095
f 2663 2095 2683
f 2681 2701 2702
f 2682 2702 2703
f 2682 2681 2702
f 2680 2700 2701
f 2680 2701 2681
f 2683 2703 2704
f 2683 2682 2703
f 2679 2700 2680
f 2663 2684 2685
f 2663 2704 2684
f 2663 2683 2704
f 2678 2699 2700
f 2678 2700 2679
f 2664 2663 2685
f 2686 2664 2685
f 2677 2698 2699
f 2677 2699 2678
f 2665 2664 2686
f 2676 2698 2677
f 2697 2698 2676
f 2687 2666 2665
f 2687 2665 2686
f 2675 2697 2676
f 2696 2675 2674
f 2696 2697 2675
f 2688 2667 2666
f 2688 2666 2687
f 2695 2696 2674
f 2689 2667 2688
f 2689 2668 2667
f 2689 2669 2668
f 2694 2695 2674
f 2694 2674 2673
f 2690 2669 2689
f 2690 2670 2669
f 2693 2694 2673
f 2693 2673 2672
f 2691 2670 2690
f 2691 2671 2670
f 2692 2693 2672
f 2692 2671 2691
f 2692 2672 2671
f 942 2685 2684
f 942 2684 941
f 943 2686 2685
f 943 2685 942
f 944 2687 2686
f 944 2686 943
f 945 2688 2687
f 945 2687 944
f 946 2689 2688
f 946 2688 945
f 947 2690 2689
f 947 2689 946
f 948 2691 2690
f 948 2690 947
f 949 2692 2691
f 949 2691 948
f 950 2693 2692
f 950 2692 949
f 951 2694 2693
f 951 2695 2694
f 951 2693 950
f 952 2695 951
f 953 2696 2695
f 953 2697 2696
f 953 2695 952
f 954 2697 953
f 955 2697 954
f 955 2698 2697
f 956 2698 955
f 956 2699 2698
f 957 2699 956
f 957 2700 2699
f 958 2700 957
f 958 2701 2700
f 958 2702 2701
f 959 2702 958
f 960 2703 2702
f 960 2702 959
f 961 2704 2703
f 961 2703 960
f 941 2684 2704
f 941 2704 961
f 2706 2055 2054
f 2706 2054 2705
f 2707 2056 2055
f 2707 2055 2706
f 2708 2057 2056
f 2708 2056 2707
f 2709 2058 2057
f 2709 2059 2058
f 2709 2057 2708
f 2710 2059 2709
f 2711 2060 2059
f 2711 2061 2060
f 2711 2059 2710
f 2712 2061 2711
f 2713 2062 2061
f 2713 2063 2062
f 2713 2061 2712
f 2714 2063 2713
f 2715 2064 2063
f 2715 2063 2714
f 2716 2065 2064
f 2716 2064 2715
f 2717 2066 2065
f 2717 2065 2716
f 2718 2066 2717
f 2718 2067 2066
f 2719 2067 2718
f 2719 2068 2067
f 2720 2068 2719
f 2720 2069 2068
f 2721 2069 2720
f 2721 2070 2069
f 2721 2071 2070
f 2722 2071 2721
f 2723 2072 2071
f 2723 2071 2722
f 2724 2073 2072
f 2724 2072 2723
f 2725 2074 2073
f 2725 2073 2724
f 2705 2054 2074
f 2705 2074 2725
f 2723 2743 2744
f 2724 2744 2745
f 2724 2723 2744
f 2722 2742 2743
f 2722 2743 2723
f 2725 2745 2746
f 2725 2724 2745
f 2721 2742 2722
f 2705 2726 2727
f 2705 2746 2726
f 2705 2725 2746
f 2720 2741 2742
f 2720 2742 2721
f 2706 2705 2727
f 2728 2706 2727
f 2719 2740 2741
f 2719 2741 2720
f 2707 2706 2728
f 2718 2740 2719
f 2739 2740 2718
f 2729 2708 2707
f 2729 2707 2728
f 2717 2739 2718
f 2738 2717 2716
f 2738 2739 2717
f 2730 2709 2708
f 2730 2708 2729
f 2737 2738 2716
f 2731 2709 2730
f 2731 2710 2709
f 2731 2711 2710
f 2736 2737 2716
f 2736 2716 2715
f 2732 2711 2731
f 2732 2712 2711
f 2735 2736 2715
f 2735 2715 2714
f 2733 2712 2732
f 2733 2713 2712
f 2734 2735 2714
f 2734 2713 2733
f 2734 2714 2713
f 921 2727 2726
f 921 2726 920
f 922 2728 2727
f 922 2727 921
f 923 2729 2728
f 923 2728 922
f 924 2730 2729
f 924 2729 923
f 925 2731 2730
f 925 2730 924
f 926 2732 2731
f 926 2731 925
f 927 2733 2732
f 927 2732 926
f 928 2734 2733
f 928 2733 927
f 929 2735 2734
f 929 2734 928
f 930 2736 2735
f 930 2737 2736
f 930 2735 929
f 931 2737 930
f 932 2738 2737
f 932 2739 2738
f 932 2737 931
f 933 2739 932
f 934 2739 933
f 934 2740 2739
f 935 2740 934
f 935 2741 2740
f 936 2741 935
f 936 2742 2741
f 937 2742 936
f 937 2743 2742
f 937 2744 2743
f 938 2744 937
f 939 2745 2744
f 939 2744 938
f 940 2746 2745
f 940 2745 939
f 920 2726 2746
f 920 2746 940
f 2748 2034 2033
f 2748 2033 2747
f 2749 2035 2034
f 2749 2034 2748
f 2750 2036 2035
f 2750 2035 2749
f 2751 2037 2036
f 2751 2038 2037
f 2751 2036 2750
f 2752 2038 2751
f 2753 2039 2038
f 2753 2040 2039
f 2753 2038 2752
f 2754 2040 2753
f 2755 2041 2040
f 2755 2042 2041
f 2755 2040 2754
f 2756 2042 2755
f 2757 2043 2042
f 2757 2042 2756
f 2758 2044 2043
f 2758 2043 2757
f 2759 2045 2044
f 2759 2044 2758
f 2760 2045 2759
f 2760 2046 2045
f 2761 2046 2760
f 2761 2047 2046
f 2762 2047 2761
f 2762 2048 2047
f 2763 2048 2762
f 2763 2049 2048
f 2763 2050 2049
f 2764 2050 2763
f 2765 2051 2050
f 2765 2050 2764
f 2766 2052 2051
f 2766 2051 2765
f 2767 2053 2052
f 2767 2052 2766
f 2747 2033 2053
f 2747 2053 2767
f 2766 2786 2787
f 2766 2787 2788
f 2766 2765 2786
f 2764 2785 2786
f 2764 2786 2765
f 2767 2766 2788
f 2763 2784 2785
f 2763 2785 2764
f 2747 2788 2768
f 2747 2767 2788
f 2762 2783 2784
f 2762 2784 2763
f 2782 2783 2762
f 2748 2768 2769
f 2748 2747 2768
f 2761 2782 2762
f 2749 2769 2770
f 2749 2748 2769
f 2781 2761 2760
f 2781 2782 2761
f 2771 2750 2749
f 2771 2749 2770
f 2780 2760 2759
f 2780 2781 2760
f 2772 2751 2750
f 2772 2752 2751
f 2772 2750 2771
f 2779 2759 2758
f 2779 2780 2759
f 2773 2752 2772
f 2773 2753 2752
f 2778 2779 2758
f 2778 2757 2756
f 2778 2758 2757
f 2774 2753 2773
f 2777 2778 2756
f 2775 2753 2774
f 2775 2754 2753
f 2776 2777 2756
f 2776 2754 2775
f 2776 2755 2754
f 2776 2756 2755
f 900 2769 2768
f 900 2768 899
f 901 2770 2769
f 901 2769 900
f 902 2771 2770
f 902 2770 901
f 903 2772 2771
f 903 2771 902
f 904 2773 2772
f 904 2772 903
f 905 2774 2773
f 905 2773 904
f 906 2775 2774
f 906 2774 905
f 907 2776 2775
f 907 2775 906
f 908 2777 2776
f 908 2776 907
f 909 2778 2777
f 909 2779 2778
f 909 2777 908
f 910 2779 909
f 911 2780 2779
f 911 2781 2780
f 911 2779 910
f 912 2781 911
f 913 2781 912
f 913 2782 2781
f 914 2782 913
f 914 2783 2782
f 915 2783 914
f 915 2784 2783
f 916 2784 915
f 916 2785 2784
f 916 2786 2785
f 917 2786 916
f 918 2787 2786
f 918 2786 917
f 919 2788 2787
f 919 2787 918
f 899 2768 2788
f 899 2788 919
f 2790 2013 2012
f 2790 2012 2789
f 2791 2014 2013
f 2791 2013 2790
f 2792 2015 2014
f 2792 2014 2791
f 2793 2016 2015
f 2793 2017 2016
f 2793 2015 2792
f 2794 2017 2793
f 2795 2018 2017
f 2795 2019 2018
f 2795 2017 2794
f 2796 2019 2795
f 2797 2020 2019
f 2797 2021 2020
f 2797 2019 2796
f 2798 2021 2797
f 2799 2022 2021
f 2799 2021 2798
f 2800 2023 2022
f 2800 2022 2799
f 2801 2024 2023
f 2801 2023 2800
f 2802 2024 2801
f 2802 2025 2024
f 2803 2025 2802
f 2803 2026 2025
f 2804 2026 2803
f 2804 2027 2026
f 2805 2027 2804
f 2805 2028 2027
f 2805 2029 2028
f 2806 2029 2805
f 2807 2030 2029
f 2807 2029 2806
f 2808 2031 2030
f 2808 2030 2807
f 2809 2032 2031
f 2809 2031 2808
f 2789 2012 2032
f 2789 2032 2809
f 2808 2828 2829
f 2808 2829 2830
f 2808 2807 2828
f 2806 2827 2828
f 2806 2828 2807
f 2809 2808 2830
f 2805 2826 2827
f 2805 2827 2806
f 2789 2830 2810
f 2789 2809 2830
f 2804 2825 2826
f 2804 2826 2805
f 2824 2825 2804
f 2790 2810 2811
f 2790 2789 2810
f 2803 2824 2804
f 2791 2811 2812
f 2791 2790 2811
f 2823 2803 2802
f 2823 2824 2803
f 2813 2792 2791
f 2813 2791 2812
f 2822 2802 2801
f 2822 2823 2802
f 2814 2793 2792
f 2814 2794 2793
f 2814 2792 2813
f 2821 2801 2800
f 2821 2822 2801
f 2815 2794 2814
f 2815 2795 2794
f 2820 2821 2800
f 2820 2799 2798
f 2820 2800 2799
f 2816 2795 2815
f 2819 2820 2798
f 2817 2795 2816
f 2817 2796 2795
f 2818 2819 2798
f 2818 2796 2817
f 2818 2797 2796
f 2818 2798 2797
f 879 2811 2810
f 879 2810 878
f 880 2812 2811
f 880 2811 879
f 881 2813 2812
f 881 2812 880
f 882 2814 2813
f 882 2813 881
f 883 2815 2814
f 883 2814 882
f 884 2816 2815
f 884 2815 883
f 885 2817 2816
f 885 2816 884
f 886 2818 2817
f 886 2817 885
f 887 2819 2818
f 887 2818 886
f 888 2820 2819
f 888 2821 2820
f 888 2819 887
f 889 2821 888
f 890 2822 2821
f 890 2823 2822
f 890 2821 889
f 891 2823 890
f 892 2823 891
f 892 2824 2823
f 893 2824 892
f 893 2825 2824
f 894 2825 893
f 894 2826 2825
f 895 2826 894
f 895 2827 2826
f 895 2828 2827
f 896 2828 895
f 897 2829 2828
f 897 2828 896
f 898 2830 2829
f 898 2829 897
f 878 2810 2830
f 878 2830 898
f 2832 1992 1991
f 2832 1991 2831
f 2833 1993 1992
f 2833 1992 2832
f 2834 1994 1993
f 2834 1993 2833
f 2835 1995 1994
f 2835 1996 1995
f 2835 1994 2834
f 2836 1996 2835
f 2837 1997 1996
f 2837 1998 1997
f 2837 1996 2836
f 2838 1998 2837
f 2839 1999 1998
f 2839 2000 1999
f 2839 1998 2838
f 2840 2000 2839
f 2841 2001 2000
f 2841 2000 2840
f 2842 2002 2001
f 2842 2001 2841
f 2843 2003 2002
f 2843 2002 2842
f 2844 2003 2843
f 2844 2004 2003
f 2845 2004 2844
f 2845 2005 2004
f 2846 2005 2845
f 2846 2006 2005
f 2847 2006 2846
f 2847 2007 2006
f 2847 2008 2007
f 2848 2008 2847
f 2849 2009 2008
f 2849 2008 2848
f 2850 2010 2009
f 2850 2009 2849
f 2851 2011 2010
f 2851 2010 2850
f 2831 1991 2011
f 2831 2011 2851
f 2850 2870 2871
f 2850 2871 2872
f 2850 2849 2870
f 2848 2869 2870
f 2848 2870 2849
f 2851 2850 2872
f 2847 2868 2869
f 2847 2869 2848
f 2831 2872 2852
f 2831 2851 2872
f 2846 2867 2868
f 2846 2868 2847
f 2866 2867 2846
f 2832 2852 2853
f 2832 2831 2852
f 2845 2866 2846
f 2833 2853 2854
f 2833 2832 2853
f 2865 2845 2844
f 2865 2866 2845
f 2855 2834 2833
f 2855 2833 2854
f 2864 2844 2843
f 2864 2865 2844
f 2856 2835 2834
f 2856 2836 2835
f 2856 2834 2855
f 2863 2843 2842
f 2863 2864 2843
f 2857 2836 2856
f 2857 2837 2836
f 2862 2863 2842
f 2862 2841 2840
f 2862 2842 2841
f 2858 2837 2857
f 2861 2862 2840
f 2859 2837 2858
f 2859 2838 2837
f 2860 2861 2840
f 2860 2838 2859
f 2860 2839 2838
f 2860 2840 2839
f 858 2853 2852
f 858 2852 857
f 859 2854 2853
f 859 2853 858
f 860 2855 2854
f 860 2854 859
f 861 2856 2855
f 861 2855 860
f 862 2857 2856
f 862 2856 861
f 863 2858 2857
f 863 2857 862
f 864 2859 2858
f 864 2858 863
f 865 2860 2859
f 865 2859 864
f 866 2861 2860
f 866 2860 865
f 867 2862 2861
f 867 2863 2862
f 867 2861 866
f 868 2863 867
f 869 2864 2863
f 869 2865 2864
f 869 2863 868
f 870 2865 869
f 871 2865 870
f 871 2866 2865
f 872 2866 871
f 872 2867 2866
f 873 2867 872
f 873 2868 2867
f 874 2868 873
f 874 2869 2868
f 874 2870 2869
f 875 2870 874
f 876 2871 2870
f 876 2870 875
f 877 2872 2871
f 877 2871 876
f 857 2852 2872
f 857 2872 877
f 2874 1971 1970
f 2874 1970 2873
f 2875 1972 1971
f 2875 1971 2874
f 2876 1973 1972
f 2876 1972 2875
f 2877 1974 1973
f 2877 1975 1974
f 2877 1973 2876
f 2878 1975 2877
f 2879 1976 1975
f 2879 1977 1976
f 2879 1975 2878
f 2880 1977 2879
f 2881 1978 1977
f 2881 1979 1978
f 2881 1977 2880
f 2882 1979 2881
f 2883 1980 1979
f 2883 1979 2882
f 2884 1981 1980
f 2884 1980 2883
f 2885 1982 1981
f 2885 1981 2884
f 2886 1982 2885
f 2886 1983 1982
f 2887 1983 2886
f 2887 1984 1983
f 2888 1984 2887
f 2888 1985 1984
f 2889 1985 2888
f 2889 1986 1985
f 2889 1987 1986
f 2890 1987 2889
f 2891 1988 1987
f 2891 1987 2890
f 2892 1989 1988
f 2892 1988 2891
f 2893 1990 1989
f 2893 1989 2892
f 2873 1970 1990
f 2873 1990 2893
f 2891 2911 2912
f 2892 2912 2913
f 2892 2891 2912
f 2890 2910 2911
f 2890 2911 2891
f 2893 2913 2914
f 2893 2892 2913
f 2889 2910 2890
f 2873 2894 2895
f 2873 2914 2894
f 2873 2893 2914
f 2888 2909 2910
f 2888 2910 2889
f 2874 2873 2895
f 2896 2874 2895
f 2887 2908 2909
f 2887 2909 2888
f 2875 2874 2896
f 2886 2908 2887
f 2907 2908 2886
f 2897 2876 2875
f 2897 2875 2896
f 2885 2907 2886
f 2906 2885 2884
f 2906 2907 2885
f 2898 2877 2876
f 2898 2876 2897
f 2905 2906 2884
f 2899 2877 2898
f 2899 2878 2877
f 2899 2879 2878
f 2904 2905 2884
f 2904 2884 2883
f 2900 2879 2899
f 2900 2880 2879
f 2903 2904 2883
f 2903 2883 2882
f 2901 2880 2900
f 2901 2881 2880
f 2902 2903 2882
f 2902 2881 2901
f 2902 2882 2881
f 837 2895 2894
f 837 2894 836
f 838 2896 2895
f 838 2895 837
f 839 2897 2896
f 839 2896 838
f 840 2898 2897
f 840 2897 839
f 841 2899 2898
f 841 2898 840
f 842 2900 2899
f 842 2899 841
f 843 2901 2900
f 843 2900 842
f 844 2902 2901
f 844 2901 843
f 845 2903 2902
f 845 2902 844
f 846 2904 2903
f 846 2905 2904
f 846 2903 845
f 847 2905 846
f 848 2906 2905
f 848 2907 2906
f 848 2905 847
f 849 2907 848
f 850 2907 849
f 850 2908 2907
f 851 2908 850
f 851 2909 2908
f 852 2909 851
f 852 2910 2909
f 853 2910 852
f 853 2911 2910
f 853 2912 2911
f 854 2912 853
f 855 2913 2912
f 855 2912 854
f 856 2914 2913
f 856 2913 855
f 836 2894 2914
f 836 2914 856
f 2916 1950 1949
f 2916 1949 2915
f 2917 1951 1950
f 2917 1950 2916
f 2918 1952 1951
f 2918 1951 2917
f 2919 1953 1952
f 2919 1954 1953
f 2919 1952 2918
f 2920 1954 2919
f 2921 1955 1954
f 2921 1956 1955
f 2921 1954 2920
f 2922 1956 2921
f 2923 1957 1956
f 2923 1958 1957
f 2923 1956 2922
f 2924 1958 2923
f 2925 1959 1958
f 2925 1958 2924
f 2926 1960 1959
f 2926 1959 2925
f 2927 1961 1960
f 2927 1960 2926
f 2928 1961 2927
f 2928 1962 1961
f 2929 1962 2928
f 2929 1963 1962
f 2930 1963 2929
f 2930 1964 1963
f 2931 1964 2930
f 2931 1965 1964
f 2931 1966 1965
f 2932 1966 2931
f 2933 1967 1966
f 2933 1966 2932
f 2934 1968 1967
f 2934 1967 2933
f 2935 1969 1968
f 2935 1968 2934
f 2915 1949 1969
f 2915 1969 2935
f 2934 2954 2955
f 2934 2955 2956
f 2934 2933 2954
f 2932 2953 2954
f 2932 2954 2933
f 2935 2934 2956
f 2931 2952 2953
f 2931 2953 2932
f 2915 2956 2936
f 2915 2935 2956
f 2930 2951 2952
f 2930 2952 2931
f 2950 2951 2930
f 2916 2936 2937
f 2916 2915 2936
f 2929 2950 2930
f 2917 2937 2938
f 2917 2916 2937
f 2949 2929 2928
f 2949 2950 2929
f 2939 2918 2917
f 2939 2917 2938
f 2948 2928 2927
f 2948 2949 2928
f 2940 2919 2918
f 2940 2920 2919
f 2940 2918 2939
f 2947 2927 2926
f 2947 2948 2927
f 2941 2920 2940
f 2941 2921 2920
f 2946 2947 2926
f 2946 2925 2924
f 2946 2926 2925
f 2942 2921 2941
f 2945 2946 2924
f 2943 2921 2942
f 2943 2922 2921
f 2944 2945 2924
f 2944 2922 2943
f 2944 2923 2922
f 2944 2924 2923
f 816 2937 2936
f 816 2936 815
f 817 2938 2937
f 817 2937 816
f 818 2939 2938
f 818 2938 817
f 819 2940 2939
f 819 2939 818
f 820 2941 2940
f 820 2940 819
f 821 2942 2941
f 821 2941 820
f 822 2943 2942
f 822 2942 821
f 823 2944 2943
f 823 2943 822
f 824 2945 2944
f 824 2944 823
f 825 2946 2945
f 825 2947 2946
f 825 2945 824
f 826 2947 825
f 827 2948 2947
f 827 2949 2948
f 827 2947 826
f 828 2949 827
f 829 2949 828
f 829 2950 2949
f 830 2950 829
f 830 2951 2950
f 831 2951 830
f 831 2952 2951
f 832 2952 831
f 832 2953 2952
f 832 2954 2953
f 833 2954 832
f 834 2955 2954
f 834 2954 833
f 835 2956 2955
f 835 2955 834
f 815 2936 2956
f 815 2956 835
f 2958 1929 1928
f 2958 1928 2957
f 2959 1930 1929
f 2959 1929 2958
f 2960 1931 1930
f 2960 1930 2959
f 2961 1932 1931
f 2961 1933 1932
f 2961 1931 2960
f 2962 1933 2961
f 2963 1934 1933
f 2963 1935 1934
f 2963 1933 2962
f 2964 1935 2963
f 2965 1936 1935
f 2965 1937 1936
f 2965 1935 2964
f 2966 1937 2965
f 2967 1938 1937
f 2967 1937 2966
f 2968 1939 1938
f 2968 1938 2967
f 2969 1940 1939
f 2969 1939 2968
f 2970 1940 2969
f 2970 1941 1940
f 2971 1941 2970
f 2971 1942 1941
f 2972 1942 2971
f 2972 1943 1942
f 2973 1943 2972
f 2973 1944 1943
f 2973 1945 1944
f 2974 1945 2973
f 2975 1946 1945
f 2975 1945 2974
f 2976 1947 1946
f 2976 1946 2975
f 2977 1948 1947
f 2977 1947 2976
f 2957 1928 1948
f 2957 1948 2977
f 2975 2996 2997
f 2976 2997 2998
f 2976 2975 2997
f 2974 2995 2996
f 2974 2996 2975
f 2977 2998 2978
f 2977 2976 2998
f 2973 2994 2995
f 2973 2995 2974
f 2957 2977 2978
f 2972 2993 2994
f 2972 2994 2973
f 2958 2978 2979
f 2958 2957 2978
f 2971 2992 2993
f 2971 2993 2972
f 2959 2979 2980
f 2959 2958 2979
f 2970 2992 2971
f 2991 2992 2970
f 2960 2959 2980
f 2981 2960 2980
f 2990 2970 2969
f 2990 2991 2970
f 2982 2961 2960
f 2982 2960 2981
f 2989 2969 2968
f 2989 2990 2969
f 2983 2961 2982
f 2983 2962 2961
f 2988 2989 2968
f 2988 2967 2966
f 2988 2968 2967
f 2984 2962 2983
f 2984 2963 2962
f 2987 2988 2966
f 2985 2964 2963
f 2985 2963 2984
f 2986 2987 2966
f 2986 2964 2985
f 2986 2965 2964
f 2986 2966 2965
f 795 2979 2978
f 795 2978 794
f 796 2980 2979
f 796 2979 795
f 797 2981 2980
f 797 2980 796
f 798 2982 2981
f 798 2981 797
f 799 2983 2982
f 799 2982 798
f 800 2984 2983
f 800 2983 799
f 801 2985 2984
f 801 2984 800
f 802 2986 2985
f 802 2985 801
f 803 2987 2986
f 803 2986 802
f 804 2988 2987
f 804 2989 2988
f 804 2987 803
f 805 2989 804
f 806 2990 2989
f 806 2991 2990
f 806 2989 805
f 807 2991 806
f 808 2991 807
f 808 2992 2991
f 809 2992 808
f 809 2993 2992
f 810 2993 809
f 810 2994 2993
f 811 2994 810
f 811 2995 2994
f 811 2996 2995
f 812 2996 811
f 813 2997 2996
f 813 2996 812
f 814 2998 2997
f 814 2997 813
f 794 2978 2998
f 794 2998 814
f 3000 1908 1907
f 3000 1907 2999
f 3001 1909 1908
f 3001 1908 3000
f 3002 1910 1909
f 3002 1909 3001
f 3003 1911 1910
f 3003 1912 1911
f 3003 1910 3002
f 3004 1912 3003
f 3005 1913 1912
f 3005 1914 1913
f 3005 1912 3004
f 3006 1914 3005
f 3007 1915 1914
f 3007 1916 1915
f 3007 1914 3006
f 3008 1916 3007
f 3009 1917 1916
f 3009 1916 3008
f 3010 1918 1917
f 3010 1917 3009
f 3011 1919 1918
f 3011 1918 3010
f 3012 1919 3011
f 3012 1920 1919
f 3013 1920 3012
f 3013 1921 1920
f 3014 1921 3013
f 3014 1922 1921
f 3015 1922 3014
f 3015 1923 1922
f 3015 1924 1923
f 3016 1924 3015
f 3017 1925 1924
f 3017 1924 3016
f 3018 1926 1925
f 3018 1925 3017
f 3019 1927 1926
f 3019 1926 3018
f 2999 1907 1927
f 2999 1927 3019
f 3017 3038 3039
f 3018 3039 3040
f 3018 3017 3039
f 3016 3037 3038
f 3016 3038 3017
f 3019 3018 3040
f 3015 3036 3037
f 3015 3037 3016
f 2999 3040 3020
f 2999 3019 3040
f 3014 3035 3036
f 3014 3036 3015
f 3000 3020 3021
f 3000 2999 3020
f 3013 3034 3035
f 3013 3035 3014
f 3001 3021 3022
f 3001 3000 3021
f 3012 3034 3013
f 3033 3034 3012
f 3023 3002 3001
f 3023 3001 3022
f 3032 3012 3011
f 3032 3033 3012
f 3024 3003 3002
f 3024 3004 3003
f 3024 3002 3023
f 3031 3011 3010
f 3031 3032 3011
f 3025 3004 3024
f 3030 3031 3010
f 3030 3010 3009
f 3026 3004 3025
f 3026 3005 3004
f 3029 3030 3009
f 3029 3008 3007
f 3029 3009 3008
f 3027 3005 3026
f 3027 3006 3005
f 3028 3029 3007
f 3028 3006 3027
f 3028 3007 3006
f 774 3021 3020
f 774 3020 773
f 775 3022 3021
f 775 3021 774
f 776 3023 3022
f 776 3022 775
f 777 3024 3023
f 777 3023 776
f 778 3025 3024
f 778 3024 777
f 779 3026 3025
f 779 3025 778
f 780 3027 3026
f 780 3026 779
f 781 3028 3027
f 781 3027 780
f 782 3029 3028
f 782 3028 781
f 783 3030 3029
f 783 3031 3030
f 783 3029 782
f 784 3031 783
f 785 3032 3031
f 785 3033 3032
f 785 3031 784
f 786 3033 785
f 787 3033 786
f 787 3034 3033
f 788 3034 787
f 788 3035 3034
f 789 3035 788
f 789 3036 3035
f 790 3036 789
f 790 3037 3036
f 790 3038 3037
f 791 3038 790
f 792 3039 3038
f 792 3038 791
f 793 3040 3039
f 793 3039 792
f 773 3020 3040
f 773 3040 793
f 3042 1887 1886
f 3042 1886 3041
f 3043 1888 1887
f 3043 1887 3042
f 3044 1889 1888
f 3044 1888 3043
f 3045 1890 1889
f 3045 1891 1890
f 3045 1889 3044
f 3046 1891 3045
f 3047 1892 1891
f 3047 1893 1892
f 3047 1891 3046
f 3048 1893 3047
f 3049 1894 1893
f 3049 1895 1894
f 3049 1893 3048
f 3050 1895 3049
f 3051 1896 1895
f 3051 1895 3050
f 3052 1897 1896
f 3052 1896 3051
f 3053 1898 1897
f 3053 1897 3052
f 3054 1898 3053
f 3054 1899 1898
f 3055 1899 3054
f 3055 1900 1899
f 3056 1900 3055
f 3056 1901 1900
f 3057 1901 3056
f 3057 1902 1901
f 3057 1903 1902
f 3058 1903 3057
f 3059 1904 1903
f 3059 1903 3058
f 3060 1905 1904
f 3060 1904 3059
f 3061 1906 1905
f 3061 1905 3060
f 3041 1886 1906
f 3041 1906 3061
f 3059 3079 3080
f 3060 3080 3081
f 3060 3059 3080
f 3058 3078 3079
f 3058 3079 3059
f 3061 3081 3082
f 3061 3060 3081
f 3057 3078 3058
f 3041 3062 3063
f 3041 3082 3062
f 3041 3061 3082
f 3056 3077 3078
f 3056 3078 3057
f 3042 3041 3063
f 3064 3042 3063
f 3055 3076 3077
f 3055 3077 3056
f 3043 3042 3064
f 3054 3076 3055
f 3075 3076 3054
f 3065 3044 3043
f 3065 3043 3064
f 3053 3075 3054
f 3074 3053 3052
f 3074 3075 3053
f 3066 3045 3044
f 3066 3044 3065
f 3073 3074 3052
f 3067 3045 3066
f 3067 3046 3045
f 3067 3047 3046
f 3072 3073 3052
f 3072 3052 3051
f 3068 3047 3067
f 3068 3048 3047
f 3071 3072 3051
f 3071 3051 3050
f 3069 3048 3068
f 3069 3049 3048
f 3070 3071 3050
f 3070 3049 3069
f 3070 3050 3049
f 753 3063 3062
f 753 3062 752
f 754 3064 3063
f 754 3063 753
f 755 3065 3064
f 755 3064 754
f 756 3066 3065
f 756 3065 755
f 757 3067 3066
f 757 3066 756
f 758 3068 3067
f 758 3067 757
f 759 3069 3068
f 759 3068 758
f 760 3070 3069
f 760 3069 759
f 761 3071 3070
f 761 3070 760
f 762 3072 3071
f 762 3073 3072
f 762 3071 761
f 763 3073 762
f 764 3074 3073
f 764 3075 3074
f 764 3073 763
f 765 3075 764
f 766 3075 765
f 766 3076 3075
f 767 3076 766
f 767 3077 3076
f 768 3077 767
f 768 3078 3077
f 769 3078 768
f 769 3079 3078
f 769 3080 3079
f 770 3080 769
f 771 3081 3080
f 771 3080 770
f 772 3082 3081
f 772 3081 771
f 752 3062 3082
f 752 3082 772
f 3084 1866 1865
f 3084 1865 3083
f 3085 1867 1866
f 3085 1866 3084
f 3086 1868 1867
f 3086 1867 3085
f 3087 1869 1868
f 3087 1870 1869
f 3087 1868 3086
f 3088 1870 3087
f 3089 1871 1870
f 3089 1872 1871
f 3089 1870 3088
f 3090 1872 3089
f 3091 1873 1872
f 3091 1874 1873
f 3091 1872 3090
f 3092 1874 3091
f 3093 1875 1874
f 3093 1874 3092
f 3094 1876 1875
f 3094 1875 3093
f 3095 1877 1876
f 3095 1876 3094
f 3096 1877 3095
f 3096 1878 1877
f 3097 1878 3096
f 3097 1879 1878
f 3098 1879 3097
f 3098 1880 1879
f 3099 1880 3098
f 3099 1881 1880
f 3099 1882 1881
f 3100 1882 3099
f 3101 1883 1882
f 3101 1882 3100
f 3102 1884 1883
f 3102 1883 3101
f 3103 1885 1884
f 3103 1884 3102
f 3083 1865 1885
f 3083 1885 3103
f 3102 3122 3123
f 3102 3123 3124
f 3102 3101 3122
f 3100 3121 3122
f 3100 3122 3101
f 3103 3102 3124
f 3099 3120 3121
f 3099 3121 3100
f 3083 3124 3104
f 3083 3103 3124
f 3098 3119 3120
f 3098 3120 3099
f 3118 3119 3098
f 3084 3104 3105
f 3084 3083 3104
f 3097 3118 3098
f 3085 3105 3106
f 3085 3084 3105
f 3117 3097 3096
f 3117 3118 3097
f 3107 3086 3085
f 3107 3085 3106
f 3116 3096 3095
f 3116 3117 3096
f 3108 3087 3086
f 3108 3088 3087
f 3108 3086 3107
f 3115 3095 3094
f 3115 3116 3095
f 3109 3088 3108
f 3109 3089 3088
f 3114 3115 3094
f 3114 3093 3092
f 3114 3094 3093
f 3110 3089 3109
f 3113 3114 3092
f 3111 3089 3110
f 3111 3090 3089
f 3112 3113 3092
f 3112 3090 3111
f 3112 3091 3090
f 3112 3092 3091
f 732 3105 3104
f 732 3104 731
f 733 3106 3105
f 733 3105 732
f 734 3107 3106
f 734 3106 733
f 735 3108 3107
f 735 3107 734
f 736 3109 3108
f 736 3108 735
f 737 3110 3109
f 737 3109 736
f 738 3111 3110
f 738 3110 737
f 739 3112 3111
f 739 3111 738
f 740 3113 3112
f 740 3112 739
f 741 3114 3113
f 741 3115 3114
f 741 3113 740
f 742 3115 741
f 743 3116 3115
f 743 3117 3116
f 743 3115 742
f 744 3117 743
f 745 3117 744
f 745 3118 3117
f 746 3118 745
f 746 3119 3118
f 747 3119 746
f 747 3120 3119
f 748 3120 747
f 748 3121 3120
f 748 3122 3121
f 749 3122 748
f 750 3123 3122
f 750 3122 749
f 751 3124 3123
f 751 3123 750
f 731 3104 3124
f 731 3124 751
f 3126 1845 1844
f 3126 1844 3125
f 3127 1846 1845
f 3127 1845 3126
f 3128 1847 1846
f 3128 1846 3127
f 3129 1848 1847
f 3129 1849 1848
f 3129 1847 3128
f 3130 1849 3129
f 3131 1850 1849
f 3131 1851 1850
f 3131 1849 3130
f 3132 1851 3131
f 3133 1852 1851
f 3133 1853 1852
f 3133 1851 3132
f 3134 1853 3133
f 3135 1854 1853
f 3135 1853 3134
f 3136 1855 1854
f 3136 1854 3135
f 3137 1856 1855
f 3137 1855 3136
f 3138 1856 3137
f 3138 1857 1856
f 3139 1857 3138
f 3139 1858 1857
f 3140 1858 3139
f 3140 1859 1858
f 3141 1859 3140
f 3141 1860 1859
f 3141 1861 1860
f 3142 1861 3141
f 3143 1862 1861
f 3143 1861 3142
f 3144 1863 1862
f 3144 1862 3143
f 3145 1864 1863
f 3145 1863 3144
f 3125 1844 1864
f 3125 1864 3145
f 3144 3164 3165
f 3144 3165 3166
f 3144 3143 3164
f 3142 3163 3164
f 3142 3164 3143
f 3145 3144 3166
f 3141 3162 3163
f 3141 3163 3142
f 3125 3166 3146
f 3125 3145 3166
f 3140 3161 3162
f 3140 3162 3141
f 3160 3161 3140
f 3126 3146 3147
f 3126 3125 3146
f 3139 3160 3140
f 3127 3147 3148
f 3127 3126 3147
f 3159 3139 3138
f 3159 3160 3139
f 3149 3128 3127
f 3149 3127 3148
f 3158 3138 3137
f 3158 3159 3138
f 3150 3129 3128
f 3150 3130 3129
f 3150 3128 3149
f 3157 3137 3136
f 3157 3158 3137
f 3151 3130 3150
f 3151 3131 3130
f 3156 3157 3136
f 3156 3135 3134
f 3156 3136 3135
f 3152 3131 3151
f 3155 3156 3134
f 3153 3131 3152
f 3153 3132 3131
f 3154 3155 3134
f 3154 3132 3153
f 3154 3133 3132
f 3154 3134 3133
f 711 3147 3146
f 711 3146 710
f 712 3148 3147
f 712 3147 711
f 713 3149 3148
f 713 3148 712
f 714 3150 3149
f 714 3149 713
f 715 3151 3150
f 715 3150 714
f 716 3152 3151
f 716 3151 715
f 717 3153 3152
f 717 3152 716
f 718 3154 3153
f 718 3153 717
f 719 3155 3154
f 719 3154 718
f 720 3156 3155
f 720 3157 3156
f 720 3155 719
f 721 3157 720
f 722 3158 3157
f 722 3159 3158
f 722 3157 721
f 723 3159 722
f 724 3159 723
f 724 3160 3159
f 725 3160 724
f 725 3161 3160
f 726 3161 725
f 726 3162 3161
f 727 3162 726
f 727 3163 3162
f 727 3164 3163
f 728 3164 727
f 729 3165 3164
f 729 3164 728
f 730 3166 3165
f 730 3165 729
f 710 3146 3166
f 710 3166 730
f 3168 1824 1823
f 3168 1823 3167
f 3169 1825 1824
f 3169 1824 3168
f 3170 1826 1825
f 3170 1825 3169
f 3171 1827 1826
f 3171 1828 1827
f 3171 1826 3170
f 3172 1828 3171
f 3173 1829 1828
f 3173 1830 1829
f 3173 1828 3172
f 3174 1830 3173
f 3175 1831 1830
f 3175 1832 1831
f 3175 1830 3174
f 3176 1832 3175
f 3177 1833 1832
f 3177 1832 3176
f 3178 1834 1833
f 3178 1833 3177
f 3179 1835 1834
f 3179 1834 3178
f 3180 1835 3179
f 3180 1836 1835
f 3181 1836 3180
f 3181 1837 1836
f 3182 1837 3181
f 3182 1838 1837
f 3183 1838 3182
f 3183 1839 1838
f 3183 1840 1839
f 3184 1840 3183
f 3185 1841 1840
f 3185 1840 3184
f 3186 1842 1841
f 3186 1841 3185
f 3187 1843 1842
f 3187 1842 3186
f 3167 1823 1843
f 3167 1843 3187
f 3185 3205 3206
f 3186 3206 3207
f 3186 3185 3206
f 3184 3204 3205
f 3184 3205 3185
f 3187 3207 3208
f 3187 3186 3207
f 3183 3204 3184
f 3167 3188 3189
f 3167 3208 3188
f 3167 3187 3208
f 3182 3203 3204
f 3182 3204 3183
f 3168 3167 3189
f 3190 3168 3189
f 3181 3202 3203
f 3181 3203 3182
f 3169 3168 3190
f 3180 3202 3181
f 3201 3202 3180
f 3191 3170 3169
f 3191 3169 3190
f 3179 3201 3180
f 3200 3179 3178
f 3200 3201 3179
f 3192 3171 3170
f 3192 3170 3191
f 3199 3200 3178
f 3193 3171 3192
f 3193 3172 3171
f 3193 3173 3172
f 3198 3199 3178
f 3198 3178 3177
f 3194 3173 3193
f 3194 3174 3173
f 3197 3198 3177
f 3197 3177 3176
f 3195 3174 3194
f 3195 3175 3174
f 3196 3175 3195
f 3196 3197 3176
f 3196 3176 3175
f 690 3189 3188
f 690 3188 689
f 691 3190 3189
f 691 3189 690
f 692 3191 3190
f 692 3190 691
f 693 3192 3191
f 693 3191 692
f 694 3193 3192
f 694 3192 693
f 695 3194 3193
f 695 3193 694
f 696 3195 3194
f 696 3194 695
f 697 3196 3195
f 697 3195 696
f 698 3197 3196
f 698 3196 697
f 699 3198 3197
f 699 3199 3198
f 699 3197 698
f 700 3199 699
f 701 3200 3199
f 701 3201 3200
f 701 3199 700
f 702 3201 701
f 703 3201 702
f 703 3202 3201
f 704 3202 703
f 704 3203 3202
f 705 3203 704
f 705 3204 3203
f 706 3204 705
f 706 3205 3204
f 706 3206 3205
f 707 3206 706
f 708 3207 3206
f 708 3206 707
f 709 3208 3207
f 709 3207 708
f 689 3188 3208
f 689 3208 709
f 3210 1803 1802
f 3210 1802 3209
f 3211 1804 1803
f 3211 1803 3210
f 3212 1805 1804
f 3212 1804 3211
f 3213 1806 1805
f 3213 1807 1806
f 3213 1805 3212
f 3214 1807 3213
f 3215 1808 1807
f 3215 1809 1808
f 3215 1807 3214
f 3216 1809 3215
f 3217 1810 1809
f 3217 1811 1810
f 3217 1809 3216
f 3218 1811 3217
f 3219 1812 1811
f 3219 1811 3218
f 3220 1813 1812
f 3220 1812 3219
f 3221 1814 1813
f 3221 1813 3220
f 3222 1814 3221
f 3222 1815 1814
f 3223 1815 3222
f 3223 1816 1815
f 3224 1816 3223
f 3224 1817 1816
f 3225 1817 3224
f 3225 1818 1817
f 3225 1819 1818
f 3226 1819 3225
f 3227 1820 1819
f 3227 1819 3226
f 3228 1821 1820
f 3228 1820 3227
f 3229 1822 1821
f 3229 1821 3228
f 3209 1802 1822
f 3209 1822 3229
f 3227 3247 3248
f 3228 3248 3249
f 3228 3227 3248
f 3226 3246 3247
f 3226 3247 3227
f 3229 3249 3250
f 3229 3228 3249
f 3225 3246 3226
f 3209 3230 3231
f 3209 3250 3230
f 3209 3229 3250
f 3224 3245 3246
f 3224 3246 3225
f 3210 3209 3231
f 3232 3210 3231
f 3223 3244 3245
f 3223 3245 3224
f 3211 3210 3232
f 3222 3244 3223
f 3243 3244 3222
f 3233 3212 3211
f 3233 3211 3232
f 3221 3243 3222
f 3242 3221 3220
f 3242 3243 3221
f 3234 3213 3212
f 3234 3212 3233
f 3241 3242 3220
f 3235 3213 3234
f 3235 3214 3213
f 3235 3215 3214
f 3240 3241 3220
f 3240 3220 3219
f 3236 3215 3235
f 3236 3216 3215
f 3239 3240 3219
f 3239 3219 3218
f 3237 3216 3236
f 3237 3217 3216
f 3238 3217 3237
f 3238 3239 3218
f 3238 3218 3217
f 669 3231 3230
f 669 3230 668
f 670 3232 3231
f 670 3231 669
f 671 3233 3232
f 671 3232 670
f 672 3234 3233
f 672 3233 671
f 673 3235 3234
f 673 3234 672
f 674 3236 3235
f 674 3235 673
f 675 3237 3236
f 675 3236 674
f 676 3238 3237
f 676 3237 675
f 677 3239 3238
f 677 3238 676
f 678 3240 3239
f 678 3241 3240
f 678 3239 677
f 679 3241 678
f 680 3242 3241
f 680 3243 3242
f 680 3241 679
f 681 3243 680
f 682 3243 681
f 682 3244 3243
f 683 3244 682
f 683 3245 3244
f 684 3245 683
f 684 3246 3245
f 685 3246 684
f 685 3247 3246
f 685 3248 3247
f 686 3248 685
f 687 3249 3248
f 687 3248 686
f 688 3250 3249
f 688 3249 687
f 668 3230 3250
f 668 3250 688
f 3252 1782 1781
f 3252 1781 3251
f 3253 1783 1782
f 3253 1782 3252
f 3254 1784 1783
f 3254 1783 3253
f 3255 1785 1784
f 3255 1786 1785
f 3255 1784 3254
f 3256 1786 3255
f 3257 1787 1786
f 3257 1788 1787
f 3257 1786 3256
f 3258 1788 3257
f 3259 1789 1788
f 3259 1790 1789
f 3259 1788 3258
f 3260 1790 3259
f 3261 1791 1790
f 3261 1790 3260
f 3262 1792 1791
f 3262 1791 3261
f 3263 1793 1792
f 3263 1792 3262
f 3264 1793 3263
f 3264 1794 1793
f 3265 1794 3264
f 3265 1795 1794
f 3266 1795 3265
f 3266 1796 1795
f 3267 1796 3266
f 3267 1797 1796
f 3267 1798 1797
f 3268 1798 3267
f 3269 1799 1798
f 3269 1798 3268
f 3270 1800 1799
f 3270 1799 3269
f 3271 1801 1800
f 3271 1800 3270
f 3251 1781 1801
f 3251 1801 3271
f 3269 3289 3290
f 3270 3290 3291
f 3270 3269 3290
f 3268 3288 3289
f 3268 3289 3269
f 3271 3291 3292
f 3271 3270 3291
f 3267 3288 3268
f 3251 3272 3273
f 3251 3292 3272
f 3251 3271 3292
f 3266 3287 3288
f 3266 3288 3267
f 3252 3251 3273
f 3274 3252 3273
f 3265 3286 3287
f 3265 3287 3266
f 3253 3252 3274
f 3264 3286 3265
f 3285 3286 3264
f 3275 3254 3253
f 3275 3253 3274
f 3263 3285 3264
f 3284 3263 3262
f 3284 3285 3263
f 3276 3255 3254
f 3276 3254 3275
f 3283 3284 3262
f 3277 3255 3276
f 3277 3256 3255
f 3277 3257 3256
f 3282 3283 3262
f 3282 3262 3261
f 3278 3257 3277
f 3278 3258 3257
f 3281 3282 3261
f 3281 3261 3260
f 3279 3258 3278
f 3279 3259 3258
f 3280 3281 3260
f 3280 3259 3279
f 3280 3260 3259
f 648 3273 3272
f 648 3272 647
f 649 3274 3273
f 649 3273 648
f 650 3275 3274
f 650 3274 649
f 651 3276 3275
f 651 3275 650
f 652 3277 3276
f 652 3276 651
f 653 3278 3277
f 653 3277 652
f 654 3279 3278
f 654 3278 653
f 655 3280 3279
f 655 3279 654
f 656 3281 3280
f 656 3280 655
f 657 3282 3281
f 657 3283 3282
f 657 3281 656
f 658 3283 657
f 659 3284 3283
f 659 3285 3284
f 659 3283 658
f 660 3285 659
f 661 3285 660
f 661 3286 3285
f 662 3286 661
f 662 3287 3286
f 663 3287 662
f 663 3288 3287
f 664 3288 663
f 664 3289 3288
f 664 3290 3289
f 665 3290 664
f 666 3291 3290
f 666 3290 665
f 667 3292 3291
f 667 3291 666
f 647 3272 3292
f 647 3292 667
f 3294 1761 1760
f 3294 1760 3293
f 3295 1762 1761
f 3295 1761 3294
f 3296 1763 1762
f 3296 1762 3295
f 3297 1764 1763
f 3297 1765 1764
f 3297 1763 3296
f 3298 1765 3297
f 3299 1766 1765
f 3299 1767 1766
f 3299 1765 3298
f 3300 1767 3299
f 3301 1768 1767
f 3301 1769 1768
f 3301 1767 3300
f 3302 1769 3301
f 3303 1770 1769
f 3303 1769 3302
f 3304 1771 1770
f 3304 1770 3303
f 3305 1772 1771
f 3305 1771 3304
f 3306 1772 3305
f 3306 1773 1772
f 3307 1773 3306
f 3307 1774 1773
f 3308 1774 3307
f 3308 1775 1774
f 3309 1775 3308
f 3309 1776 1775
f 3309 1777 1776
f 3310 1777 3309
f 3311 1778 1777
f 3311 1777 3310
f 3312 1779 1778
f 3312 1778 3311
f 3313 1780 1779
f 3313 1779 3312
f 3293 1760 1780
f 3293 1780 3313
f 3311 3331 3332
f 3312 3332 3333
f 3312 3311 3332
f 3310 3330 3331
f 3310 3331 3311
f 3313 3333 3334
f 3313 3312 3333
f 3309 3330 3310
f 3293 3314 3315
f 3293 3334 3314
f 3293 3313 3334
f 3308 3329 3330
f 3308 3330 3309
f 3294 3293 3315
f 3316 3294 3315
f 3307 3328 3329
f 3307 3329 3308
f 3295 3294 3316
f 3306 3328 3307
f 3327 3328 3306
f 3317 3296 3295
f 3317 3295 3316
f 3305 3327 3306
f 3326 3305 3304
f 3326 3327 3305
f 3318 3297 3296
f 3318 3296 3317
f 3325 3326 3304
f 3319 3297 3318
f 3319 3298 3297
f 3319 3299 3298
f 3324 3325 3304
f 3324 3304 3303
f 3320 3299 3319
f 3320 3300 3299
f 3323 3324 3303
f 3323 3303 3302
f 3321 3300 3320
f 3321 3301 3300
f 3322 3301 3321
f 3322 3323 3302
f 3322 3302 3301
f 627 3315 3314
f 627 3314 626
f 628 3316 3315
f 628 3315 627
f 629 3317 3316
f 629 3316 628
f 630 3318 3317
f 630 3317 629
f 631 3319 3318
f 631 3318 630
f 632 3320 3319
f 632 3319 631
f 633 3321 3320
f 633 3320 632
f 634 3322 3321
f 634 3321 633
f 635 3323 3322
f 635 3322 634
f 636 3324 3323
f 636 3325 3324
f 636 3323 635
f 637 3325 636
f 638 3326 3325
f 638 3327 3326
f 638 3325 637
f 639 3327 638
f 640 3327 639
f 640 3328 3327
f 641 3328 640
f 641 3329 3328
f 642 3329 641
f 642 3330 3329
f 643 3330 642
f 643 3331 3330
f 643 3332 3331
f 644 3332 643
f 645 3333 3332
f 645 3332 644
f 646 3334 3333
f 646 3333 645
f 626 3314 3334
f 626 3334 646
f 3336 1740 1739
f 3336 1739 3335
f 3337 1741 1740
f 3337 1740 3336
f 3338 1742 1741
f 3338 1741 3337
f 3339 1743 1742
f 3339 1744 1743
f 3339 1742 3338
f 3340 1744 3339
f 3341 1745 1744
f 3341 1746 1745
f 3341 1744 3340
f 3342 1746 3341
f 3343 1747 1746
f 3343 1748 1747
f 3343 1746 3342
f 3344 1748 3343
f 3345 1749 1748
f 3345 1748 3344
f 3346 1750 1749
f 3346 1749 3345
f 3347 1751 1750
f 3347 1750 3346
f 3348 1751 3347
f 3348 1752 1751
f 3349 1752 3348
f 3349 1753 1752
f 3350 1753 3349
f 3350 1754 1753
f 3351 1754 3350
f 3351 1755 1754
f 3351 1756 1755
f 3352 1756 3351
f 3353 1757 1756
f 3353 1756 3352
f 3354 1758 1757
f 3354 1757 3353
f 3355 1759 1758
f 3355 1758 3354
f 3335 1739 1759
f 3335 1759 3355
f 3353 3373 3374
f 3354 3374 3375
f 3354 3353 3374
f 3352 3372 3373
f 3352 3373 3353
f 3355 3375 3376
f 3355 3354 3375
f 3351 3372 3352
f 3335 3356 3357
f 3335 3376 3356
f 3335 3355 3376
f 3350 3371 3372
f 3350 3372 3351
f 3336 3335 3357
f 3358 3336 3357
f 3349 3370 3371
f 3349 3371 3350
f 3337 3336 3358
f 3348 3370 3349
f 3369 3370 3348
f 3359 3338 3337
f 3359 3337 3358
f 3347 3369 3348
f 3368 3347 3346
f 3368 3369 3347
f 3360 3339 3338
f 3360 3338 3359
f 3367 3368 3346
f 3361 3339 3360
f 3361 3340 3339
f 3361 3341 3340
f 3366 3367 3346
f 3366 3346 3345
f 3362 3341 3361
f 3362 3342 3341
f 3365 3366 3345
f 3365 3345 3344
f 3363 3342 3362
f 3363 3343 3342
f 3364 3343 3363
f 3364 3365 3344
f 3364 3344 3343
f 606 3357 3356
f 606 3356 605
f 607 3358 3357
f 607 3357 606
f 608 3359 3358
f 608 3358 607
f 609 3360 3359
f 609 3359 608
f 610 3361 3360
f 610 3360 609
f 611 3362 3361
f 611 3361 610
f 612 3363 3362
f 612 3362 611
f 613 3364 3363
f 613 3363 612
f 614 3365 3364
f 614 3364 613
f 615 3366 3365
f 615 3367 3366
f 615 3365 614
f 616 3367 615
f 617 3368 3367
f 617 3369 3368
f 617 3367 616
f 618 3369 617
f 619 3369 618
f 619 3370 3369
f 620 3370 619
f 620 3371 3370
f 621 3371 620
f 621 3372 3371
f 622 3372 621
f 622 3373 3372
f 622 3374 3373
f 623 3374 622
f 624 3375 3374
f 624 3374 623
f 625 3376 3375
f 625 3375 624
f 605 3356 3376
f 605 3376 625
f 3378 1719 1718
f 3378 1718 3377
f 3379 1720 1719
f 3379 1719 3378
f 3380 1721 1720
f 3380 1720 3379
f 3381 1722 1721
f 3381 1723 1722
f 3381 1721 3380
f 3382 1723 3381
f 3383 1724 1723
f 3383 1725 1724
f 3383 1723 3382
f 3384 1725 3383
f 3385 1726 1725
f 3385 1727 1726
f 3385 1725 3384
f 3386 1727 3385
f 3387 1728 1727
f 3387 1727 3386
f 3388 1729 1728
f 3388 1728 3387
f 3389 1730 1729
f 3389 1729 3388
f 3390 1730 3389
f 3390 1731 1730
f 3391 1731 3390
f 3391 1732 1731
f 3392 1732 3391
f 3392 1733 1732
f 3393 1733 3392
f 3393 1734 1733
f 3393 1735 1734
f 3394 1735 3393
f 3395 1736 1735
f 3395 1735 3394
f 3396 1737 1736
f 3396 1736 3395
f 3397 1738 1737
f 3397 1737 3396
f 3377 1718 1738
f 3377 1738 3397
f 3395 3415 3416
f 3396 3416 3417
f 3396 3395 3416
f 3394 3414 3415
f 3394 3415 3395
f 3397 3417 3418
f 3397 3396 3417
f 3393 3414 3394
f 3377 3398 3399
f 3377 3418 3398
f 3377 3397 3418
f 3392 3413 3414
f 3392 3414 3393
f 3378 3377 3399
f 3400 3378 3399
f 3391 3412 3413
f 3391 3413 3392
f 3379 3378 3400
f 3390 3412 3391
f 3411 3412 3390
f 3401 3380 3379
f 3401 3379 3400
f 3389 3411 3390
f 3410 3389 3388
f 3410 3411 3389
f 3402 3381 3380
f 3402 3380 3401
f 3409 3410 3388
f 3403 3381 3402
f 3403 3382 3381
f 3403 3383 3382
f 3408 3409 3388
f 3408 3388 3387
f 3404 3383 3403
f 3404 3384 3383
f 3407 3408 3387
f 3407 3387 3386
f 3405 3384 3404
f 3405 3385 3384
f 3406 3385 3405
f 3406 3407 3386
f 3406 3386 3385
f 585 3399 3398
f 585 3398 584
f 586 3400 3399
f 586 3399 585
f 587 3401 3400
f 587 3400 586
f 588 3402 3401
f 588 3401 587
f 589 3403 3402
f 589 3402 588
f 590 3404 3403
f 590 3403 589
f 591 3405 3404
f 591 3404 590
f 592 3406 3405
f 592 3405 591
f 593 3407 3406
f 593 3406 592
f 594 3408 3407
f 594 3409 3408
f 594 3407 593
f 595 3409 594
f 596 3410 3409
f 596 3411 3410
f 596 3409 595
f 597 3411 596
f 598 3411 597
f 598 3412 3411
f 599 3412 598
f 599 3413 3412
f 600 3413 599
f 600 3414 3413
f 601 3414 600
f 601 3415 3414
f 601 3416 3415
f 602 3416 601
f 603 3417 3416
f 603 3416 602
f 604 3418 3417
f 604 3417 603
f 584 3398 3418
f 584 3418 604
f 3420 1698 1697
f 3420 1697 3419
f 3421 1699 1698
f 3421 1698 3420
f 3422 1700 1699
f 3422 1699 3421
f 3423 1701 1700
f 3423 1702 1701
f 3423 1700 3422
f 3424 1702 3423
f 3425 1703 1702
f 3425 1704 1703
f 3425 1702 3424
f 3426 1704 3425
f 3427 1705 1704
f 3427 1706 1705
f 3427 1704 3426
f 3428 1706 3427
f 3429 1707 1706
f 3429 1706 3428
f 3430 1708 1707
f 3430 1707 3429
f 3431 1709 1708
f 3431 1708 3430
f 3432 1709 3431
f 3432 1710 1709
f 3433 1710 3432
f 3433 1711 1710
f 3434 1711 3433
f 3434 1712 1711
f 3435 1712 3434
f 3435 1713 1712
f 3435 1714 1713
f 3436 1714 3435
f 3437 1715 1714
f 3437 1714 3436
f 3438 1716 1715
f 3438 1715 3437
f 3439 1717 1716
f 3439 1716 3438
f 3419 1697 1717
f 3419 1717 3439
f 3437 3457 3458
f 3438 3458 3459
f 3438 3437 3458
f 3436 3456 3457
f 3436 3457 3437
f 3439 3459 3460
f 3439 3438 3459
f 3435 3456 3436
f 3419 3440 3441
f 3419 3460 3440
f 3419 3439 3460
f 3434 3455 3456
f 3434 3456 3435
f 3420 3419 3441
f 3442 3420 3441
f 3433 3454 3455
f 3433 3455 3434
f 3421 3420 3442
f 3432 3454 3433
f 3453 3454 3432
f 3443 3422 3421
f 3443 3421 3442
f 3431 3453 3432
f 3452 3431 3430
f 3452 3453 3431
f 3444 3423 3422
f 3444 3422 3443
f 3451 3452 3430
f 3445 3423 3444
f 3445 3424 3423
f 3445 3425 3424
f 3450 3451 3430
f 3450 3430 3429
f 3446 3425 3445
f 3446 3426 3425
f 3449 3450 3429
f 3449 3429 3428
f 3447 3426 3446
f 3447 3427 3426
f 3448 3427 3447
f 3448 3449 3428
f 3448 3428 3427
f 564 3441 3440
f 564 3440 563
f 565 3442 3441
f 565 3441 564
f 566 3443 3442
f 566 3442 565
f 567 3444 3443
f 567 3443 566
f 568 3445 3444
f 568 3444 567
f 569 3446 3445
f 569 3445 568
f 570 3447 3446
f 570 3446 569
f 571 3448 3447
f 571 3447 570
f 572 3449 3448
f 572 3448 571
f 573 3450 3449
f 573 3451 3450
f 573 3449 572
f 574 3451 573
f 575 3452 3451
f 575 3453 3452
f 575 3451 574
f 576 3453 575
f 577 3453 576
f 577 3454 3453
f 578 3454 577
f 578 3455 3454
f 579 3455 578
f 579 3456 3455
f 580 3456 579
f 580 3457 3456
f 580 3458 3457
f 581 3458 580
f 582 3459 3458
f 582 3458 581
f 583 3460 3459
f 583 3459 582
f 563 3440 3460
f 563 3460 583
f 3462 1677 1676
f 3462 1676 3461
f 3463 1678 1677
f 3463 1677 3462
f 3464 1679 1678
f 3464 1678 3463
f 3465 1680 1679
f 3465 1681 1680
f 3465 1679 3464
f 3466 1681 3465
f 3467 1682 1681
f 3467 1683 1682
f 3467 1681 3466
f 3468 1683 3467
f 3469 1684 1683
f 3469 1685 1684
f 3469 1683 3468
f 3470 1685 3469
f 3471 1686 1685
f 3471 1685 3470
f 3472 1687 1686
f 3472 1686 3471
f 3473 1688 1687
f 3473 1687 3472
f 3474 1688 3473
f 3474 1689 1688
f 3475 1689 3474
f 3475 1690 1689
f 3476 1690 3475
f 3476 1691 1690
f 3477 1691 3476
f 3477 1692 1691
f 3477 1693 1692
f 3478 1693 3477
f 3479 1694 1693
f 3479 1693 3478
f 3480 1695 1694
f 3480 1694 3479
f 3481 1696 1695
f 3481 1695 3480
f 3461 1676 1696
f 3461 1696 3481
f 3480 3500 3501
f 3480 3501 3502
f 3480 3479 3500
f 3478 3499 3500
f 3478 3500 3479
f 3481 3480 3502
f 3477 3498 3499
f 3477 3499 3478
f 3461 3502 3482
f 3461 3481 3502
f 3476 3497 3498
f 3476 3498 3477
f 3496 3497 3476
f 3462 3482 3483
f 3462 3461 3482
f 3475 3496 3476
f 3463 3483 3484
f 3463 3462 3483
f 3495 3475 3474
f 3495 3496 3475
f 3485 3464 3463
f 3485 3463 3484
f 3494 3474 3473
f 3494 3495 3474
f 3486 3465 3464
f 3486 3466 3465
f 3486 3464 3485
f 3493 3473 3472
f 3493 3494 3473
f 3487 3466 3486
f 3487 3467 3466
f 3492 3493 3472
f 3492 3471 3470
f 3492 3472 3471
f 3488 3467 3487
f 3491 3492 3470
f 3489 3467 3488
f 3489 3468 3467
f 3490 3491 3470
f 3490 3468 3489
f 3490 3469 3468
f 3490 3470 3469
f 543 3483 3482
f 543 3482 542
f 544 3484 3483
f 544 3483 543
f 545 3485 3484
f 545 3484 544
f 546 3486 3485
f 546 3485 545
f 547 3487 3486
f 547 3486 546
f 548 3488 3487
f 548 3487 547
f 549 3489 3488
f 549 3488 548
f 550 3490 3489
f 550 3489 549
f 551 3491 3490
f 551 3490 550
f 552 3492 3491
f 552 3493 3492
f 552 3491 551
f 553 3493 552
f 554 3494 3493
f 554 3495 3494
f 554 3493 553
f 555 3495 554
f 556 3495 555
f 556 3496 3495
f 557 3496 556
f 557 3497 3496
f 558 3497 557
f 558 3498 3497
f 559 3498 558
f 559 3499 3498
f 559 3500 3499
f 560 3500 559
f 561 3501 3500
f 561 3500 560
f 562 3502 3501
f 562 3501 561
f 542 3482 3502
f 542 3502 562
f 3504 1656 1655
f 3504 1655 3503
f 3505 1657 1656
f 3505 1656 3504
f 3506 1658 1657
f 3506 1657 3505
f 3507 1659 1658
f 3507 1660 1659
f 3507 1658 3506
f 3508 1660 3507
f 3509 1661 1660
f 3509 1662 1661
f 3509 1660 3508
f 3510 1662 3509
f 3511 1663 1662
f 3511 1664 1663
f 3511 1662 3510
f 3512 1664 3511
f 3513 1665 1664
f 3513 1664 3512
f 3514 1666 1665
f 3514 1665 3513
f 3515 1667 1666
f 3515 1666 3514
f 3516 1667 3515
f 3516 1668 1667
f 3517 1668 3516
f 3517 1669 1668
f 3518 1669 3517
f 3518 1670 1669
f 3519 1670 3518
f 3519 1671 1670
f 3519 1672 1671
f 3520 1672 3519
f 3521 1673 1672
f 3521 1672 3520
f 3522 1674 1673
f 3522 1673 3521
f 3523 1675 1674
f 3523 1674 3522
f 3503 1655 1675
f 3503 1675 3523
f 3522 3542 3543
f 3522 3543 3544
f 3522 3521 3542
f 3520 3541 3542
f 3520 3542 3521
f 3523 3522 3544
f 3519 3540 3541
f 3519 3541 3520
f 3503 3544 3524
f 3503 3523 3544
f 3518 3539 3540
f 3518 3540 3519
f 3538 3539 3518
f 3504 3524 3525
f 3504 3503 3524
f 3517 3538 3518
f 3505 3525 3526
f 3505 3504 3525
f 3537 3517 3516
f 3537 3538 3517
f 3527 3506 3505
f 3527 3505 3526
f 3536 3516 3515
f 3536 3537 3516
f 3528 3507 3506
f 3528 3508 3507
f 3528 3506 3527
f 3535 3515 3514
f 3535 3536 3515
f 3529 3508 3528
f 3529 3509 3508
f 3534 3535 3514
f 3534 3513 3512
f 3534 3514 3513
f 3530 3509 3529
f 3533 3534 3512
f 3531 3509 3530
f 3531 3510 3509
f 3532 3533 3512
f 3532 3510 3531
f 3532 3511 3510
f 3532 3512 3511
f 522 3525 3524
f 522 3524 521
f 523 3526 3525
f 523 3525 522
f 524 3527 3526
f 524 3526 523
f 525 3528 3527
f 525 3527 524
f 526 3529 3528
f 526 3528 525
f 527 3530 3529
f 527 3529 526
f 528 3531 3530
f 528 3530 527
f 529 3532 3531
f 529 3531 528
f 530 3533 3532
f 530 3532 529
f 531 3534 3533
f 531 3535 3534
f 531 3533 530
f 532 3535 531
f 533 3536 3535
f 533 3537 3536
f 533 3535 532
f 534 3537 533
f 535 3537 534
f 535 3538 3537
f 536 3538 535
f 536 3539 3538
f 537 3539 536
f 537 3540 3539
f 538 3540 537
f 538 3541 3540
f 538 3542 3541
f 539 3542 538
f 540 3543 3542
f 540 3542 539
f 541 3544 3543
f 541 3543 540
f 521 3524 3544
f 521 3544 541
f 3546 1635 1634
f 3546 1634 3545
f 3547 1636 1635
f 3547 1635 3546
f 3548 1637 1636
f 3548 1636 3547
f 3549 1638 1637
f 3549 1639 1638
f 3549 1637 3548
f 3550 1639 3549
f 3551 1640 1639
f 3551 1641 1640
f 3551 1639 3550
f 3552 1641 3551
f 3553 1642 1641
f 3553 1643 1642
f 3553 1641 3552
f 3554 1643 3553
f 3555 1644 1643
f 3555 1643 3554
f 3556 1645 1644
f 3556 1644 3555
f 3557 1646 1645
f 3557 1645 3556
f 3558 1646 3557
f 3558 1647 1646
f 3559 1647 3558
f 3559 1648 1647
f 3560 1648 3559
f 3560 1649 1648
f 3561 1649 3560
f 3561 1650 1649
f 3561 1651 1650
f 3562 1651 3561
f 3563 1652 1651
f 3563 1651 3562
f 3564 1653 1652
f 3564 1652 3563
f 3565 1654 1653
f 3565 1653 3564
f 3545 1634 1654
f 3545 1654 3565
f 3564 3584 3585
f 3564 3585 3586
f 3564 3563 3584
f 3562 3583 3584
f 3562 3584 3563
f 3565 3564 3586
f 3561 3582 3583
f 3561 3583 3562
f 3545 3586 3566
f 3545 3565 3586
f 3560 3581 3582
f 3560 3582 3561
f 3580 3581 3560
f 3546 3566 3567
f 3546 3545 3566
f 3559 3580 3560
f 3547 3567 3568
f 3547 3546 3567
f 3579 3559 3558
f 3579 3580 3559
f 3569 3548 3547
f 3569 3547 3568
f 3578 3558 3557
f 3578 3579 3558
f 3570 3549 3548
f 3570 3550 3549
f 3570 3548 3569
f 3577 3557 3556
f 3577 3578 3557
f 3571 3550 3570
f 3571 3551 3550
f 3576 3577 3556
f 3576 3555 3554
f 3576 3556 3555
f 3572 3551 3571
f 3575 3576 3554
f 3573 3551 3572
f 3573 3552 3551
f 3574 3575 3554
f 3574 3552 3573
f 3574 3553 3552
f 3574 3554 3553
f 501 3567 3566
f 501 3566 500
f 502 3568 3567
f 502 3567 501
f 503 3569 3568
f 503 3568 502
f 504 3570 3569
f 504 3569 503
f 505 3571 3570
f 505 3570 504
f 506 3572 3571
f 506 3571 505
f 507 3573 3572
f 507 3572 506
f 508 3574 3573
f 508 3573 507
f 509 3575 3574
f 509 3574 508
f 510 3576 3575
f 510 3577 3576
f 510 3575 509
f 511 3577 510
f 512 3578 3577
f 512 3579 3578
f 512 3577 511
f 513 3579 512
f 514 3579 513
f 514 3580 3579
f 515 3580 514
f 515 3581 3580
f 516 3581 515
f 516 3582 3581
f 517 3582 516
f 517 3583 3582
f 517 3584 3583
f 518 3584 517
f 519 3585 3584
f 519 3584 518
f 520 3586 3585
f 520 3585 519
f 500 3566 3586
f 500 3586 520
f 3588 1614 1613
f 3588 1613 3587
f 3589 1615 1614
f 3589 1614 3588
f 3590 1616 1615
f 3590 1615 3589
f 3591 1617 1616
f 3591 1618 1617
f 3591 1616 3590
f 3592 1618 3591
f 3593 1619 1618
f 3593 1620 1619
f 3593 1618 3592
f 3594 1620 3593
f 3595 1621 1620
f 3595 1622 1621
f 3595 1620 3594
f 3596 1622 3595
f 3597 1623 1622
f 3597 1622 3596
f 3598 1624 1623
f 3598 1623 3597
f 3599 1625 1624
f 3599 1624 3598
f 3600 1625 3599
f 3600 1626 1625
f 3601 1626 3600
f 3601 1627 1626
f 3602 1627 3601
f 3602 1628 1627
f 3603 1628 3602
f 3603 1629 1628
f 3603 1630 1629
f 3604 1630 3603
f 3605 1631 1630
f 3605 1630 3604
f 3606 1632 1631
f 3606 1631 3605
f 3607 1633 1632
f 3607 1632 3606
f 3587 1613 1633
f 3587 1633 3607
f 3606 3626 3627
f 3606 3627 3628
f 3606 3605 3626
f 3604 3625 3626
f 3604 3626 3605
f 3607 3606 3628
f 3603 3624 3625
f 3603 3625 3604
f 3587 3628 3608
f 3587 3607 3628
f 3602 3623 3624
f 3602 3624 3603
f 3622 3623 3602
f 3588 3608 3609
f 3588 3587 3608
f 3601 3622 3602
f 3589 3609 3610
f 3589 3588 3609
f 3621 3601 3600
f 3621 3622 3601
f 3611 3590 3589
f 3611 3589 3610
f 3620 3600 3599
f 3620 3621 3600
f 3612 3591 3590
f 3612 3592 3591
f 3612 3590 3611
f 3619 3599 3598
f 3619 3620 3599
f 3613 3592 3612
f 3613 3593 3592
f 3618 3619 3598
f 3618 3597 3596
f 3618 3598 3597
f 3614 3593 3613
f 3617 3618 3596
f 3615 3593 3614
f 3615 3594 3593
f 3616 3617 3596
f 3616 3594 3615
f 3616 3595 3594
f 3616 3596 3595
f 480 3609 3608
f 480 3608 479
f 481 3610 3609
f 481 3609 480
f 482 3611 3610
f 482 3610 481
f 483 3612 3611
f 483 3611 482
f 484 3613 3612
f 484 3612 483
f 485 3614 3613
f 485 3613 484
f 486 3615 3614
f 486 3614 485
f 487 3616 3615
f 487 3615 486
f 488 3617 3616
f 488 3616 487
f 489 3618 3617
f 489 3619 3618
f 489 3617 488
f 490 3619 489
f 491 3620 3619
f 491 3621 3620
f 491 3619 490
f 492 3621 491
f 493 3621 492
f 493 3622 3621
f 494 3622 493
f 494 3623 3622
f 495 3623 494
f 495 3624 3623
f 496 3624 495
f 496 3625 3624
f 496 3626 3625
f 497 3626 496
f 498 3627 3626
f 498 3626 497
f 499 3628 3627
f 499 3627 498
f 479 3608 3628
f 479 3628 499
f 3630 1593 1592
f 3630 1592 3629
f 3631 1594 1593
f 3631 1593 3630
f 3632 1595 1594
f 3632 1594 3631
f 3633 1596 1595
f 3633 1597 1596
f 3633 1595 3632
f 3634 1597 3633
f 3635 1598 1597
f 3635 1599 1598
f 3635 1597 3634
f 3636 1599 3635
f 3637 1600 1599
f 3637 1601 1600
f 3637 1599 3636
f 3638 1601 3637
f 3639 1602 1601
f 3639 1601 3638
f 3640 1603 1602
f 3640 1602 3639
f 3641 1604 1603
f 3641 1603 3640
f 3642 1604 3641
f 3642 1605 1604
f 3643 1605 3642
f 3643 1606 1605
f 3644 1606 3643
f 3644 1607 1606
f 3645 1607 3644
f 3645 1608 1607
f 3645 1609 1608
f 3646 1609 3645
f 3647 1610 1609
f 3647 1609 3646
f 3648 1611 1610
f 3648 1610 3647
f 3649 1612 1611
f 3649 1611 3648
f 3629 1592 1612
f 3629 1612 3649
f 3647 3668 3669
f 3648 3669 3670
f 3648 3647 3669
f 3646 3667 3668
f 3646 3668 3647
f 3649 3648 3670
f 3645 3666 3667
f 3645 3667 3646
f 3629 3670 3650
f 3629 3649 3670
f 3644 3665 3666
f 3644 3666 3645
f 3664 3665 3644
f 3630 3650 3651
f 3630 3629 3650
f 3643 3664 3644
f 3631 3651 3652
f 3631 3630 3651
f 3663 3643 3642
f 3663 3664 3643
f 3632 3631 3652
f 3653 3632 3652
f 3662 3642 3641
f 3662 3663 3642
f 3654 3633 3632
f 3654 3634 3633
f 3654 3632 3653
f 3661 3641 3640
f 3661 3662 3641
f 3655 3634 3654
f 3655 3635 3634
f 3660 3661 3640
f 3660 3639 3638
f 3660 3640 3639
f 3656 3635 3655
f 3659 3660 3638
f 3657 3636 3635
f 3657 3635 3656
f 3658 3636 3657
f 3658 3637 3636
f 3658 3638 3637
f 3658 3659 3638
f 459 3651 3650
f 459 3650 458
f 460 3652 3651
f 460 3651 459
f 461 3653 3652
f 461 3652 460
f 462 3654 3653
f 462 3653 461
f 463 3655 3654
f 463 3654 462
f 464 3656 3655
f 464 3655 463
f 465 3657 3656
f 465 3656 464
f 466 3658 3657
f 466 3657 465
f 467 3659 3658
f 467 3658 466
f 468 3660 3659
f 468 3661 3660
f 468 3659 467
f 469 3661 468
f 470 3662 3661
f 470 3663 3662
f 470 3661 469
f 471 3663 470
f 472 3663 471
f 472 3664 3663
f 473 3664 472
f 473 3665 3664
f 474 3665 473
f 474 3666 3665
f 475 3666 474
f 475 3667 3666
f 475 3668 3667
f 476 3668 475
f 477 3669 3668
f 477 3668 476
f 478 3670 3669
f 478 3669 477
f 458 3650 3670
f 458 3670 478
f 3672 1572 1571
f 3672 1571 3671
f 3673 1573 1572
f 3673 1572 3672
f 3674 1574 1573
f 3674 1573 3673
f 3675 1575 1574
f 3675 1576 1575
f 3675 1574 3674
f 3676 1576 3675
f 3677 1577 1576
f 3677 1578 1577
f 3677 1576 3676
f 3678 1578 3677
f 3679 1579 1578
f 3679 1580 1579
f 3679 1578 3678
f 3680 1580 3679
f 3681 1581 1580
f 3681 1580 3680
f 3682 1582 1581
f 3682 1581 3681
f 3683 1583 1582
f 3683 1582 3682
f 3684 1583 3683
f 3684 1584 1583
f 3685 1584 3684
f 3685 1585 1584
f 3686 1585 3685
f 3686 1586 1585
f 3687 1586 3686
f 3687 1587 1586
f 3687 1588 1587
f 3688 1588 3687
f 3689 1589 1588
f 3689 1588 3688
f 3690 1590 1589
f 3690 1589 3689
f 3691 1591 1590
f 3691 1590 3690
f 3671 1571 1591
f 3671 1591 3691
f 3689 3709 3710
f 3690 3710 3711
f 3690 3689 3710
f 3688 3708 3709
f 3688 3709 3689
f 3691 3711 3712
f 3691 3690 3711
f 3687 3708 3688
f 3671 3692 3693
f 3671 3712 3692
f 3671 3691 3712
f 3686 3707 3708
f 3686 3708 3687
f 3672 3671 3693
f 3694 3672 3693
f 3685 3706 3707
f 3685 3707 3686
f 3673 3672 3694
f 3684 3706 3685
f 3705 3706 3684
f 3695 3674 3673
f 3695 3673 3694
f 3683 3705 3684
f 3704 3683 3682
f 3704 3705 3683
f 3696 3675 3674
f 3696 3674 3695
f 3703 3704 3682
f 3697 3675 3696
f 3697 3676 3675
f 3697 3677 3676
f 3702 3703 3682
f 3702 3682 3681
f 3698 3677 3697
f 3698 3678 3677
f 3701 3702 3681
f 3701 3681 3680
f 3699 3678 3698
f 3699 3679 3678
f 3700 3701 3680
f 3700 3679 3699
f 3700 3680 3679
f 438 3693 3692
f 438 3692 437
f 439 3694 3693
f 439 3693 438
f 440 3695 3694
f 440 3694 439
f 441 3696 3695
f 441 3695 440
f 442 3697 3696
f 442 3696 441
f 443 3698 3697
f 443 3697 442
f 444 3699 3698
f 444 3698 443
f 445 3700 3699
f 445 3699 444
f 446 3701 3700
f 446 3700 445
f 447 3702 3701
f 447 3703 3702
f 447 3701 446
f 448 3703 447
f 449 3704 3703
f 449 3705 3704
f 449 3703 448
f 450 3705 449
f 451 3705 450
f 451 3706 3705
f 452 3706 451
f 452 3707 3706
f 453 3707 452
f 453 3708 3707
f 454 3708 453
f 454 3709 3708
f 454 3710 3709
f 455 3710 454
f 456 3711 3710
f 456 3710 455
f 457 3712 3711
f 457 3711 456
f 437 3692 3712
f 437 3712 457
f 3714 1551 1550
f 3714 1550 3713
f 3715 1552 1551
f 3715 1551 3714
f 3716 1553 1552
f 3716 1552 3715
f 3717 1554 1553
f 3717 1555 1554
f 3717 1553 3716
f 3718 1555 3717
f 3719 1556 1555
f 3719 1557 1556
f 3719 1555 3718
f 3720 1557 3719
f 3721 1558 1557
f 3721 1559 1558
f 3721 1557 3720
f 3722 1559 3721
f 3723 1560 1559
f 3723 1559 3722
f 3724 1561 1560
f 3724 1560 3723
f 3725 1562 1561
f 3725 1561 3724
f 3726 1562 3725
f 3726 1563 1562
f 3727 1563 3726
f 3727 1564 1563
f 3728 1564 3727
f 3728 1565 1564
f 3729 1565 3728
f 3729 1566 1565
f 3729 1567 1566
f 3730 1567 3729
f 3731 1568 1567
f 3731 1567 3730
f 3732 1569 1568
f 3732 1568 3731
f 3733 1570 1569
f 3733 1569 3732
f 3713 1550 1570
f 3713 1570 3733
f 3731 3751 3752
f 3732 3752 3753
f 3732 3731 3752
f 3730 3750 3751
f 3730 3751 3731
f 3733 3753 3754
f 3733 3732 3753
f 3729 3750 3730
f 3713 3734 3735
f 3713 3754 3734
f 3713 3733 3754
f 3728 3749 3750
f 3728 3750 3729
f 3714 3713 3735
f 3736 3714 3735
f 3727 3748 3749
f 3727 3749 3728
f 3715 3714 3736
f 3726 3748 3727
f 3747 3748 3726
f 3737 3716 3715
f 3737 3715 3736
f 3725 3747 3726
f 3746 3725 3724
f 3746 3747 3725
f 3738 3717 3716
f 3738 3716 3737
f 3745 3746 3724
f 3739 3717 3738
f 3739 3718 3717
f 3739 3719 3718
f 3744 3745 3724
f 3744 3724 3723
f 3740 3719 3739
f 3740 3720 3719
f 3743 3744 3723
f 3743 3723 3722
f 3741 3720 3740
f 3741 3721 3720
f 3742 3743 3722
f 3742 3721 3741
f 3742 3722 3721
f 417 3735 3734
f 417 3734 416
f 418 3736 3735
f 418 3735 417
f 419 3737 3736
f 419 3736 418
f 420 3738 3737
f 420 3737 419
f 421 3739 3738
f 421 3738 420
f 422 3740 3739
f 422 3739 421
f 423 3741 3740
f 423 3740 422
f 424 3742 3741
f 424 3741 423
f 425 3743 3742
f 425 3742 424
f 426 3744 3743
f 426 3745 3744
f 426 3743 425
f 427 3745 426
f 428 3746 3745
f 428 3747 3746
f 428 3745 427
f 429 3747 428
f 430 3747 429
f 430 3748 3747
f 431 3748 430
f 431 3749 3748
f 432 3749 431
f 432 3750 3749
f 433 3750 432
f 433 3751 3750
f 433 3752 3751
f 434 3752 433
f 435 3753 3752
f 435 3752 434
f 436 3754 3753
f 436 3753 435
f 416 3734 3754
f 416 3754 436
f 3756 1530 1529
f 3756 1529 3755
f 3757 1531 1530
f 3757 1530 3756
f 3758 1532 1531
f 3758 1531 3757
f 3759 1533 1532
f 3759 1534 1533
f 3759 1532 3758
f 3760 1534 3759
f 3761 1535 1534
f 3761 1536 1535
f 3761 1534 3760
f 3762 1536 3761
f 3763 1537 1536
f 3763 1538 1537
f 3763 1536 3762
f 3764 1538 3763
f 3765 1539 1538
f 3765 1538 3764
f 3766 1540 1539
f 3766 1539 3765
f 3767 1541 1540
f 3767 1540 3766
f 3768 1541 3767
f 3768 1542 1541
f 3769 1542 3768
f 3769 1543 1542
f 3770 1543 3769
f 3770 1544 1543
f 3771 1544 3770
f 3771 1545 1544
f 3771 1546 1545
f 3772 1546 3771
f 3773 1547 1546
f 3773 1546 3772
f 3774 1548 1547
f 3774 1547 3773
f 3775 1549 1548
f 3775 1548 3774
f 3755 1529 1549
f 3755 1549 3775
f 3774 3794 3795
f 3774 3795 3796
f 3774 3773 3794
f 3772 3793 3794
f 3772 3794 3773
f 3775 3774 3796
f 3771 3792 3793
f 3771 3793 3772
f 3755 3796 3776
f 3755 3775 3796
f 3770 3791 3792
f 3770 3792 3771
f 3790 3791 3770
f 3756 3776 3777
f 3756 3755 3776
f 3769 3790 3770
f 3757 3777 3778
f 3757 3756 3777
f 3789 3769 3768
f 3789 3790 3769
f 3779 3758 3757
f 3779 3757 3778
f 3788 3768 3767
f 3788 3789 3768
f 3780 3759 3758
f 3780 3760 3759
f 3780 3758 3779
f 3787 3767 3766
f 3787 3788 3767
f 3781 3760 3780
f 3781 3761 3760
f 3786 3787 3766
f 3786 3765 3764
f 3786 3766 3765
f 3782 3761 3781
f 3785 3786 3764
f 3783 3761 3782
f 3783 3762 3761
f 3784 3785 3764
f 3784 3762 3783
f 3784 3763 3762
f 3784 3764 3763
f 396 3777 3776
f 396 3776 395
f 397 3778 3777
f 397 3777 396
f 398 3779 3778
f 398 3778 397
f 399 3780 3779
f 399 3779 398
f 400 3781 3780
f 400 3780 399
f 401 3782 3781
f 401 3781 400
f 402 3783 3782
f 402 3782 401
f 403 3784 3783
f 403 3783 402
f 404 3785 3784
f 404 3784 403
f 405 3786 3785
f 405 3787 3786
f 405 3785 404
f 406 3787 405
f 407 3788 3787
f 407 3789 3788
f 407 3787 406
f 408 3789 407
f 409 3789 408
f 409 3790 3789
f 410 3790 409
f 410 3791 3790
f 411 3791 410
f 411 3792 3791
f 412 3792 411
f 412 3793 3792
f 412 3794 3793
f 413 3794 412
f 414 3795 3794
f 414 3794 413
f 415 3796 3795
f 415 3795 414
f 395 3776 3796
f 395 3796 415
f 375 1509 1508
f 375 1508 374
f 376 1510 1509
f 376 1511 1510
f 376 1509 375
f 377 1511 376
f 378 1512 1511
f 378 1513 1512
f 378 1511 377
f 379 1514 1513
f 379 1513 378
f 380 1514 379
f 381 1515 1514
f 381 1514 380
f 382 1516 1515
f 382 1517 1516
f 382 1515 381
f 383 1517 382
f 384 1518 1517
f 384 1517 383
f 385 1519 1518
f 385 1518 384
f 386 1520 1519
f 386 1519 385
f 387 1520 386
f 387 1521 1520
f 388 1521 387
f 388 1522 1521
f 389 1522 388
f 389 1523 1522
f 390 1523 389
f 390 1524 1523
f 390 1525 1524
f 391 1525 390
f 392 1526 1525
f 392 1525 391
f 392 1527 1526
f 393 1527 392
f 394 1528 1527
f 394 1527 393
f 374 1528 394
f 374 1508 1528
f 354 1488 1487
f 354 1487 353
f 355 1489 1488
f 355 1490 1489
f 355 1488 354
f 356 1490 355
f 357 1491 1490
f 357 1492 1491
f 357 1490 356
f 358 1493 1492
f 358 1492 357
f 359 1493 358
f 360 1494 1493
f 360 1493 359
f 361 1495 1494
f 361 1496 1495
f 361 1494 360
f 362 1496 361
f 363 1497 1496
f 363 1496 362
f 364 1498 1497
f 364 1497 363
f 365 1499 1498
f 365 1498 364
f 366 1499 365
f 366 1500 1499
f 367 1500 366
f 367 1501 1500
f 368 1501 367
f 368 1502 1501
f 369 1502 368
f 369 1503 1502
f 369 1504 1503
f 370 1504 369
f 371 1505 1504
f 371 1504 370
f 371 1506 1505
f 372 1506 371
f 373 1507 1506
f 373 1506 372
f 353 1507 373
f 353 1487 1507
f 333 1467 1466
f 333 1466 332
f 334 1468 1467
f 334 1469 1468
f 334 1467 333
f 335 1469 334
f 336 1470 1469
f 336 1471 1470
f 336 1469 335
f 337 1472 1471
f 337 1471 336
f 338 1472 337
f 339 1473 1472
f 339 1472 338
f 340 1474 1473
f 340 1475 1474
f 340 1473 339
f 341 1475 340
f 342 1476 1475
f 342 1475 341
f 343 1477 1476
f 343 1476 342
f 344 1478 1477
f 344 1477 343
f 345 1478 344
f 345 1479 1478
f 346 1479 345
f 346 1480 1479
f 347 1480 346
f 347 1481 1480
f 348 1481 347
f 348 1482 1481
f 348 1483 1482
f 349 1483 348
f 350 1484 1483
f 350 1483 349
f 350 1485 1484
f 351 1485 350
f 352 1486 1485
f 352 1485 351
f 332 1486 352
f 332 1466 1486
f 9 15 14
f 9 14 11
f 13 16 7
f 13 7 8
f 6 5 3
f 4 6 3
f 2 1 10
f 2 10 12
f 312 1446 1445
f 312 1445 311
f 313 1447 1446
f 313 1448 1447
f 313 1446 312
f 314 1448 313
f 315 1449 1448
f 315 1450 1449
f 315 1448 314
f 316 1451 1450
f 316 1450 315
f 317 1451 316
f 318 1452 1451
f 318 1451 317
f 319 1453 1452
f 319 1454 1453
f 319 1452 318
f 320 1454 319
f 321 1455 1454
f 321 1454 320
f 322 1456 1455
f 322 1455 321
f 323 1457 1456
f 323 1456 322
f 324 1457 323
f 324 1458 1457
f 325 1458 324
f 325 1459 1458
f 326 1459 325
f 326 1460 1459
f 327 1460 326
f 327 1461 1460
f 327 1462 1461
f 328 1462 327
f 329 1463 1462
f 329 1462 328
f 329 1464 1463
f 330 1464 329
f 331 1465 1464
f 331 1464 330
f 311 1465 331
f 311 1445 1465
f 291 1425 1424
f 291 1424 290
f 292 1426 1425
f 292 1427 1426
f 292 1425 291
f 293 1427 292
f 294 1428 1427
f 294 1429 1428
f 294 1427 293
f 295 1430 1429
f 295 1429 294
f 296 1430 295
f 297 1431 1430
f 297 1430 296
f 298 1432 1431
f 298 1433 1432
f 298 1431 297
f 299 1433 298
f 300 1434 1433
f 300 1433 299
f 301 1435 1434
f 301 1434 300
f 302 1436 1435
f 302 1435 301
f 303 1436 302
f 303 1437 1436
f 304 1437 303
f 304 1438 1437
f 305 1438 304
f 305 1439 1438
f 306 1439 305
f 306 1440 1439
f 306 1441 1440
f 307 1441 306
f 308 1442 1441
f 308 1441 307
f 308 1443 1442
f 309 1443 308
f 310 1444 1443
f 310 1443 309
f 290 1444 310
f 290 1424 1444
f 270 1404 1403
f 270 1403 269
f 271 1405 1404
f 271 1406 1405
f 271 1404 270
f 272 1406 271
f 273 1407 1406
f 273 1408 1407
f 273 1406 272
f 274 1409 1408
f 274 1408 273
f 275 1409 274
f 276 1410 1409
f 276 1409 275
f 277 1411 1410
f 277 1412 1411
f 277 1410 276
f 278 1412 277
f 279 1413 1412
f 279 1412 278
f 280 1414 1413
f 280 1413 279
f 281 1415 1414
f 281 1414 280
f 282 1415 281
f 282 1416 1415
f 283 1416 282
f 283 1417 1416
f 284 1417 283
f 284 1418 1417
f 285 1418 284
f 285 1419 1418
f 285 1420 1419
f 286 1420 285
f 287 1421 1420
f 287 1420 286
f 287 1422 1421
f 288 1422 287
f 289 1423 1422
f 289 1422 288
f 269 1423 289
f 269 1403 1423
f 249 1383 1382
f 249 1382 248
f 250 1384 1383
f 250 1385 1384
f 250 1383 249
f 251 1385 250
f 252 1386 1385
f 252 1387 1386
f 252 1385 251
f 253 1388 1387
f 253 1387 252
f 254 1388 253
f 255 1389 1388
f 255 1388 254
f 256 1390 1389
f 256 1391 1390
f 256 1389 255
f 257 1391 256
f 258 1392 1391
f 258 1391 257
f 259 1393 1392
f 259 1392 258
f 260 1394 1393
f 260 1393 259
f 261 1394 260
f 261 1395 1394
f 262 1395 261
f 262 1396 1395
f 263 1396 262
f 263 1397 1396
f 264 1397 263
f 264 1398 1397
f 264 1399 1398
f 265 1399 264
f 266 1400 1399
f 266 1399 265
f 266 1401 1400
f 267 1401 266
f 268 1402 1401
f 268 1401 267
f 248 1402 268
f 248 1382 1402
f 228 1362 1361
f 228 1361 227
f 229 1363 1362
f 229 1364 1363
f 229 1362 228
f 230 1364 229
f 231 1365 1364
f 231 1366 1365
f 231 1364 230
f 232 1367 1366
f 232 1366 231
f 233 1367 232
f 234 1368 1367
f 234 1367 233
f 235 1369 1368
f 235 1370 1369
f 235 1368 234
f 236 1370 235
f 237 1371 1370
f 237 1370 236
f 238 1372 1371
f 238 1371 237
f 239 1373 1372
f 239 1372 238
f 240 1373 239
f 240 1374 1373
f 241 1374 240
f 241 1375 1374
f 242 1375 241
f 242 1376 1375
f 243 1376 242
f 243 1377 1376
f 243 1378 1377
f 244 1378 243
f 245 1379 1378
f 245 1378 244
f 245 1380 1379
f 246 1380 245
f 247 1381 1380
f 247 1380 246
f 227 1381 247
f 227 1361 1381
f 207 1341 1340
f 207 1340 206
f 208 1342 1341
f 208 1343 1342
f 208 1341 207
f 209 1343 208
f 210 1344 1343
f 210 1345 1344
f 210 1343 209
f 211 1346 1345
f 211 1345 210
f 212 1346 211
f 213 1347 1346
f 213 1346 212
f 214 1348 1347
f 214 1349 1348
f 214 1347 213
f 215 1349 214
f 216 1350 1349
f 216 1349 215
f 217 1351 1350
f 217 1350 216
f 218 1352 1351
f 218 1351 217
f 219 1352 218
f 219 1353 1352
f 220 1353 219
f 220 1354 1353
f 221 1354 220
f 221 1355 1354
f 222 1355 221
f 222 1356 1355
f 222 1357 1356
f 223 1357 222
f 224 1358 1357
f 224 1357 223
f 224 1359 1358
f 225 1359 224
f 226 1360 1359
f 226 1359 225
f 206 1360 226
f 206 1340 1360
f 186 1320 1319
f 186 1319 185
f 187 1321 1320
f 187 1322 1321
f 187 1320 186
f 188 1322 187
f 189 1323 1322
f 189 1324 1323
f 189 1322 188
f 190 1325 1324
f 190 1324 189
f 191 1325 190
f 192 1326 1325
f 192 1325 191
f 193 1327 1326
f 193 1328 1327
f 193 1326 192
f 194 1328 193
f 195 1329 1328
f 195 1328 194
f 196 1330 1329
f 196 1329 195
f 197 1331 1330
f 197 1330 196
f 198 1331 197
f 198 1332 1331
f 199 1332 198
f 199 1333 1332
f 200 1333 199
f 200 1334 1333
f 201 1334 200
f 201 1335 1334
f 201 1336 1335
f 202 1336 201
f 203 1337 1336
f 203 1336 202
f 203 1338 1337
f 204 1338 203
f 205 1339 1338
f 205 1338 204
f 185 1339 205
f 185 1319 1339
f 165 1299 1298
f 165 1298 164
f 166 1300 1299
f 166 1301 1300
f 166 1299 165
f 167 1301 166
f 168 1302 1301
f 168 1303 1302
f 168 1301 167
f 169 1304 1303
f 169 1303 168
f 170 1304 169
f 171 1305 1304
f 171 1304 170
f 172 1306 1305
f 172 1307 1306
f 172 1305 171
f 173 1307 172
f 174 1308 1307
f 174 1307 173
f 175 1309 1308
f 175 1308 174
f 176 1310 1309
f 176 1309 175
f 177 1310 176
f 177 1311 1310
f 178 1311 177
f 178 1312 1311
f 179 1312 178
f 179 1313 1312
f 180 1313 179
f 180 1314 1313
f 180 1315 1314
f 181 1315 180
f 182 1316 1315
f 182 1315 181
f 182 1317 1316
f 183 1317 182
f 184 1318 1317
f 184 1317 183
f 164 1318 184
f 164 1298 1318
f 144 1278 1277
f 144 1277 143
f 145 1279 1278
f 145 1280 1279
f 145 1278 144
f 146 1280 145
f 147 1281 1280
f 147 1282 1281
f 147 1280 146
f 148 1283 1282
f 148 1282 147
f 149 1283 148
f 150 1284 1283
f 150 1283 149
f 151 1285 1284
f 151 1286 1285
f 151 1284 150
f 152 1286 151
f 153 1287 1286
f 153 1286 152
f 154 1288 1287
f 154 1287 153
f 155 1289 1288
f 155 1288 154
f 156 1289 155
f 156 1290 1289
f 157 1290 156
f 157 1291 1290
f 158 1291 157
f 158 1292 1291
f 159 1292 158
f 159 1293 1292
f 159 1294 1293
f 160 1294 159
f 161 1295 1294
f 161 1294 160
f 161 1296 1295
f 162 1296 161
f 163 1297 1296
f 163 1296 162
f 143 1297 163
f 143 1277 1297
f 123 1257 1256
f 123 1256 122
f 124 1258 1257
f 124 1259 1258
f 124 1257 123
f 125 1259 124
f 126 1260 1259
f 126 1261 1260
f 126 1259 125
f 127 1262 1261
f 127 1261 126
f 128 1262 127
f 129 1263 1262
f 129 1262 128
f 130 1264 1263
f 130 1265 1264
f 130 1263 129
f 131 1265 130
f 132 1266 1265
f 132 1265 131
f 133 1267 1266
f 133 1266 132
f 134 1268 1267
f 134 1267 133
f 135 1268 134
f 135 1269 1268
f 136 1269 135
f 136 1270 1269
f 137 1270 136
f 137 1271 1270
f 138 1271 137
f 138 1272 1271
f 138 1273 1272
f 139 1273 138
f 140 1274 1273
f 140 1273 139
f 140 1275 1274
f 141 1275 140
f 142 1276 1275
f 142 1275 141
f 122 1276 142
f 122 1256 1276
f 102 1236 1235
f 102 1235 101
f 103 1237 1236
f 103 1238 1237
f 103 1236 102
f 104 1238 103
f 105 1239 1238
f 105 1240 1239
f 105 1238 104
f 106 1241 1240
f 106 1240 105
f 107 1241 106
f 108 1242 1241
f 108 1241 107
f 109 1243 1242
f 109 1244 1243
f 109 1242 108
f 110 1244 109
f 111 1245 1244
f 111 1244 110
f 112 1246 1245
f 112 1245 111
f 113 1247 1246
f 113 1246 112
f 114 1247 113
f 114 1248 1247
f 115 1248 114
f 115 1249 1248
f 116 1249 115
f 116 1250 1249
f 117 1250 116
f 117 1251 1250
f 117 1252 1251
f 118 1252 117
f 119 1253 1252
f 119 1252 118
f 119 1254 1253
f 120 1254 119
f 121 1255 1254
f 121 1254 120
f 101 1255 121
f 101 1235 1255
f 81 1215 1214
f 81 1214 80
f 82 1216 1215
f 82 1217 1216
f 82 1215 81
f 83 1217 82
f 84 1218 1217
f 84 1219 1218
f 84 1217 83
f 85 1220 1219
f 85 1219 84
f 86 1220 85
f 87 1221 1220
f 87 1220 86
f 88 1222 1221
f 88 1223 1222
f 88 1221 87
f 89 1223 88
f 90 1224 1223
f 90 1223 89
f 91 1225 1224
f 91 1224 90
f 92 1226 1225
f 92 1225 91
f 93 1226 92
f 93 1227 1226
f 94 1227 93
f 94 1228 1227
f 95 1228 94
f 95 1229 1228
f 96 1229 95
f 96 1230 1229
f 96 1231 1230
f 97 1231 96
f 98 1232 1231
f 98 1231 97
f 98 1233 1232
f 99 1233 98
f 100 1234 1233
f 100 1233 99
f 80 1234 100
f 80 1214 1234
f 60 1194 1193
f 60 1193 59
f 61 1195 1194
f 61 1196 1195
f 61 1194 60
f 62 1196 61
f 63 1197 1196
f 63 1198 1197
f 63 1196 62
f 64 1199 1198
f 64 1198 63
f 65 1199 64
f 66 1200 1199
f 66 1199 65
f 67 1201 1200
f 67 1202 1201
f 67 1200 66
f 68 1202 67
f 69 1203 1202
f 69 1202 68
f 70 1204 1203
f 70 1203 69
f 71 1205 1204
f 71 1204 70
f 72 1205 71
f 72 1206 1205
f 73 1206 72
f 73 1207 1206
f 74 1207 73
f 74 1208 1207
f 75 1208 74
f 75 1209 1208
f 75 1210 1209
f 76 1210 75
f 77 1211 1210
f 77 1210 76
f 77 1212 1211
f 78 1212 77
f 79 1213 1212
f 79 1212 78
f 59 1213 79
f 59 1193 1213
f 39 1173 1172
f 39 1172 38
f 40 1174 1173
f 40 1175 1174
f 40 1173 39
f 41 1175 40
f 42 1176 1175
f 42 1177 1176
f 42 1175 41
f 43 1178 1177
f 43 1177 42
f 44 1178 43
f 45 1179 1178
f 45 1178 44
f 46 1180 1179
f 46 1181 1180
f 46 1179 45
f 47 1181 46
f 48 1182 1181
f 48 1181 47
f 49 1183 1182
f 49 1182 48
f 50 1184 1183
f 50 1183 49
f 51 1184 50
f 51 1185 1184
f 52 1185 51
f 52 1186 1185
f 53 1186 52
f 53 1187 1186
f 54 1187 53
f 54 1188 1187
f 54 1189 1188
f 55 1189 54
f 56 1190 1189
f 56 1189 55
f 56 1191 1190
f 57 1191 56
f 58 1192 1191
f 58 1191 57
f 38 1192 58
f 38 1172 1192
f 18 1152 1151
f 18 1151 17
f 19 1153 1152
f 19 1154 1153
f 19 1152 18
f 20 1154 19
f 21 1155 1154
f 21 1156 1155
f 21 1154 20
f 22 1157 1156
f 22 1156 21
f 23 1157 22
f 24 1158 1157
f 24 1157 23
f 25 1159 1158
f 25 1160 1159
f 25 1158 24
f 26 1160 25
f 27 1161 1160
f 27 1160 26
f 28 1162 1161
f 28 1161 27
f 29 1163 1162
f 29 1162 28
f 30 1163 29
f 30 1164 1163
f 31 1164 30
f 31 1165 1164
f 32 1165 31
f 32 1166 1165
f 33 1166 32
f 33 1167 1166
f 33 1168 1167
f 34 1168 33
f 35 1169 1168
f 35 1168 34
f 35 1170 1169
f 36 1170 35
f 37 1171 1170
f 37 1170 36
f 17 1171 37
f 17 1151 1171
