# Bed mesh (millimetres)
# bbox_min 0.00000 0.00000 -12.19200
# bbox_max 223.00000 201.92999 0.00000
# thickness_mm 12.19200
o Z1_SMW_Inches
v 193.750 5.162 0.000
v 193.858 5.161 0.000
v 193.750 5.162 -1.104
v 193.858 5.161 -1.104
v 193.770 5.193 -0.828
v 193.839 5.192 -0.828
v 193.804 5.205 -0.552
v 193.770 5.193 -0.276
v 193.839 5.192 -0.276
v 196.359 6.987 -1.104
v 196.325 7.038 -1.104
v 192.808 7.973 -1.104
v 189.196 7.973 -1.104
v 185.679 7.038 -1.104
v 185.645 6.987 -1.104
v 185.645 3.173 -1.104
v 185.679 3.122 -1.104
v 189.196 2.187 -1.104
v 192.808 2.187 -1.104
v 196.325 3.122 -1.104
v 196.359 3.173 -1.104
v 189.941 5.158 -1.104
v 190.048 5.158 -1.104
v 190.583 7.341 -1.104
v 190.635 7.383 -1.104
v 191.273 7.385 -1.104
v 191.327 7.335 -1.104
v 191.741 2.863 -1.104
v 191.688 2.803 -1.104
v 191.067 2.786 -1.104
v 191.011 2.836 -1.104
v 190.834 5.104 -1.104
v 190.725 5.114 -1.104
v 190.141 2.858 -1.104
v 190.084 2.817 -1.104
v 189.880 2.832 -1.104
v 189.831 2.874 -1.104
v 189.274 5.110 -1.104
v 189.166 5.102 -1.104
v 188.965 3.000 -1.104
v 188.901 2.951 -1.104
v 188.290 3.062 -1.104
v 188.246 3.123 -1.104
v 188.706 7.149 -1.104
v 188.752 7.197 -1.104
v 189.378 7.289 -1.104
v 189.439 7.247 -1.104
v 187.253 6.170 -1.104
v 187.050 6.060 -1.104
v 186.949 5.806 -1.104
v 187.082 5.609 -1.104
v 187.440 5.476 -1.104
v 187.762 5.309 -1.104
v 187.978 5.058 -1.104
v 188.083 4.773 -1.104
v 188.118 4.413 -1.104
v 188.048 3.824 -1.104
v 187.962 3.602 -1.104
v 187.843 3.432 -1.104
v 187.507 3.248 -1.104
v 187.290 3.237 -1.104
v 187.053 3.287 -1.104
v 186.636 3.496 -1.104
v 186.392 3.684 -1.104
v 186.151 3.914 -1.104
v 186.144 3.980 -1.104
v 186.381 4.405 -1.104
v 186.471 4.416 -1.104
v 186.765 4.151 -1.104
v 187.035 4.030 -1.104
v 187.268 4.071 -1.104
v 187.379 4.333 -1.104
v 187.256 4.601 -1.104
v 186.948 4.777 -1.104
v 186.620 4.921 -1.104
v 186.440 5.046 -1.104
v 186.279 5.286 -1.104
v 186.227 5.612 -1.104
v 186.282 5.986 -1.104
v 186.447 6.335 -1.104
v 186.712 6.651 -1.104
v 186.915 6.800 -1.104
v 187.141 6.901 -1.104
v 187.355 6.949 -1.104
v 187.563 6.956 -1.104
v 187.766 6.922 -1.104
v 187.964 6.846 -1.104
v 187.992 6.779 -1.104
v 187.749 6.074 -1.104
v 187.662 6.049 -1.104
v 187.460 6.159 -1.104
v 193.284 3.016 -1.104
v 193.239 2.973 -1.104
v 192.590 2.879 -1.104
v 192.530 2.924 -1.104
v 191.716 7.301 -1.104
v 191.774 7.366 -1.104
v 191.991 7.351 -1.104
v 192.208 7.334 -1.104
v 192.424 7.312 -1.104
v 192.472 7.266 -1.104
v 192.901 4.738 -1.104
v 193.009 4.736 -1.104
v 193.526 7.093 -1.104
v 193.591 7.135 -1.104
v 194.074 7.030 -1.104
v 194.115 6.987 -1.104
v 194.591 4.798 -1.104
v 194.699 4.799 -1.104
v 195.143 6.667 -1.104
v 195.214 6.705 -1.104
v 195.833 6.481 -1.104
v 195.865 6.412 -1.104
v 195.035 3.434 -1.104
v 195.030 3.421 -1.104
v 195.022 3.410 -1.104
v 195.010 3.400 -1.104
v 194.998 3.395 -1.104
v 194.361 3.213 -1.104
v 194.293 3.253 -1.104
v 194.293 3.253 0.000
v 192.530 2.924 0.000
v 192.590 2.879 0.000
v 192.551 2.890 -0.552
v 191.716 7.301 0.000
v 193.239 2.973 0.000
v 193.284 3.016 0.000
v 194.361 3.213 0.000
v 194.319 3.219 -0.552
v 194.998 3.395 0.000
v 195.010 3.400 0.000
v 195.022 3.410 0.000
v 195.030 3.421 0.000
v 195.035 3.434 0.000
v 194.699 4.799 0.000
v 194.591 4.798 0.000
v 194.610 4.767 -0.828
v 194.679 4.768 -0.828
v 194.645 4.755 -0.552
v 194.679 4.768 -0.276
v 194.610 4.767 -0.276
v 195.143 6.667 0.000
v 193.009 4.736 0.000
v 192.901 4.738 0.000
v 192.990 4.705 -0.828
v 192.919 4.706 -0.828
v 192.954 4.693 -0.552
v 192.990 4.705 -0.276
v 192.919 4.706 -0.276
v 193.526 7.093 0.000
v 191.688 2.803 0.000
v 191.741 2.863 0.000
v 191.727 2.822 -0.552
v 191.067 2.786 0.000
v 190.048 5.158 0.000
v 189.941 5.158 0.000
v 190.028 5.127 -0.828
v 189.960 5.128 -0.828
v 189.994 5.116 -0.552
v 190.028 5.127 -0.276
v 189.960 5.128 -0.276
v 190.583 7.341 0.000
v 190.725 5.114 0.000
v 190.834 5.104 0.000
v 190.818 5.139 -0.828
v 190.747 5.145 -0.828
v 190.784 5.155 -0.552
v 190.747 5.145 -0.276
v 190.818 5.139 -0.276
v 190.141 2.858 0.000
v 189.166 5.102 0.000
v 189.274 5.110 0.000
v 189.253 5.141 -0.828
v 189.182 5.136 -0.828
v 189.217 5.151 -0.552
v 189.182 5.136 -0.276
v 189.253 5.141 -0.276
v 189.831 2.874 0.000
v 191.011 2.836 0.000
v 191.029 2.800 -0.552
v 190.084 2.817 0.000
v 190.120 2.827 -0.552
v 189.880 2.832 0.000
v 189.849 2.845 -0.552
v 188.901 2.951 0.000
v 188.965 3.000 0.000
v 188.943 2.961 -0.552
v 188.290 3.062 0.000
v 188.246 3.123 0.000
v 188.256 3.084 -0.552
v 188.706 7.149 0.000
v 186.144 3.980 0.000
v 186.151 3.914 0.000
v 186.136 3.946 -0.552
v 186.381 4.405 0.000
v 186.471 4.416 0.000
v 186.423 4.434 -0.552
v 187.035 4.030 0.000
v 186.765 4.151 0.000
v 187.662 6.049 0.000
v 187.749 6.074 0.000
v 187.712 6.039 -0.552
v 187.253 6.170 0.000
v 187.460 6.159 0.000
v 187.992 6.779 0.000
v 187.964 6.846 0.000
v 187.991 6.818 -0.552
v 188.752 7.197 0.000
v 188.721 7.181 -0.552
v 189.378 7.289 0.000
v 189.439 7.247 0.000
v 189.416 7.280 -0.552
v 190.635 7.383 0.000
v 190.602 7.371 -0.552
v 191.273 7.385 0.000
v 191.327 7.335 0.000
v 191.309 7.371 -0.552
v 191.774 7.366 0.000
v 191.729 7.347 -0.552
v 192.424 7.312 0.000
v 192.208 7.334 0.000
v 191.991 7.351 0.000
v 192.472 7.266 0.000
v 192.456 7.297 -0.552
v 193.591 7.135 0.000
v 193.550 7.127 -0.552
v 194.074 7.030 0.000
v 194.115 6.987 0.000
v 195.214 6.705 0.000
v 195.170 6.701 -0.552
v 195.833 6.481 0.000
v 195.865 6.412 0.000
v 195.863 6.453 -0.552
v 196.325 7.038 0.000
v 196.359 6.987 0.000
v 196.359 3.173 0.000
v 196.325 3.122 0.000
v 185.645 6.987 0.000
v 185.679 7.038 0.000
v 185.645 3.173 0.000
v 185.679 3.122 0.000
v 187.141 6.901 0.000
v 187.355 6.949 0.000
v 187.563 6.956 0.000
v 187.766 6.922 0.000
v 186.937 6.812 0.000
v 186.749 6.683 0.000
v 186.589 6.526 0.000
v 186.447 6.335 0.000
v 186.282 5.986 0.000
v 186.227 5.612 0.000
v 186.279 5.286 0.000
v 186.440 5.046 0.000
v 186.620 4.921 0.000
v 186.948 4.777 0.000
v 187.256 4.601 0.000
v 187.379 4.333 0.000
v 187.268 4.071 0.000
v 187.053 3.287 0.000
v 186.636 3.496 0.000
v 186.392 3.684 0.000
v 187.290 3.237 0.000
v 187.507 3.248 0.000
v 187.771 3.366 0.000
v 187.962 3.602 0.000
v 188.079 3.954 0.000
v 188.118 4.413 0.000
v 188.083 4.773 0.000
v 187.978 5.058 0.000
v 187.762 5.309 0.000
v 187.440 5.476 0.000
v 187.082 5.609 0.000
v 186.949 5.806 0.000
v 187.050 6.060 0.000
v 189.196 2.187 0.000
v 192.808 2.187 0.000
v 192.808 7.973 0.000
v 189.196 7.973 0.000
v 16.889 6.100 0.000
v 16.762 6.134 0.000
v 16.669 6.227 0.000
v 16.635 6.354 0.000
v 16.635 6.354 -0.254
v 16.889 6.100 -0.254
v 16.762 6.134 -0.254
v 16.669 6.227 -0.254
v 23.245 6.100 0.000
v 23.245 6.100 -0.254
v 16.635 97.775 0.000
v 16.635 97.775 -0.254
v 15.365 97.775 -0.254
v 15.396 97.971 -0.254
v 15.486 98.148 -0.254
v 15.627 98.289 -0.254
v 15.804 98.379 -0.254
v 16.000 98.410 -0.254
v 16.196 98.379 -0.254
v 16.373 98.289 -0.254
v 16.514 98.148 -0.254
v 16.604 97.971 -0.254
v 15.365 97.775 0.000
v 15.396 97.971 0.000
v 15.486 98.148 0.000
v 15.627 98.289 0.000
v 15.804 98.379 0.000
v 16.000 98.410 0.000
v 16.196 98.379 0.000
v 16.373 98.289 0.000
v 16.514 98.148 0.000
v 16.604 97.971 0.000
v 15.365 95.868 -0.254
v 15.365 95.868 0.000
v 16.635 95.868 0.000
v 16.635 95.868 -0.254
v 16.215 95.960 -0.254
v 15.785 95.960 -0.254
v 16.635 36.820 0.000
v 16.635 36.820 -0.254
v 16.635 50.810 -0.254
v 16.635 50.810 0.000
v 15.365 50.939 0.000
v 15.365 50.939 -0.254
v 15.365 36.691 -0.254
v 15.365 36.691 0.000
v 16.206 36.849 -0.254
v 15.779 36.805 -0.254
v 15.779 50.825 -0.254
v 16.206 50.781 -0.254
v 35.824 6.100 0.000
v 35.824 6.100 -0.254
v 28.305 6.100 -0.254
v 28.305 6.100 0.000
v 28.176 4.830 0.000
v 28.176 4.830 -0.254
v 35.824 4.830 -0.254
v 35.824 4.830 0.000
v 35.750 5.465 -0.254
v 35.758 5.252 -0.254
v 35.783 5.040 -0.254
v 35.783 5.890 -0.254
v 35.758 5.678 -0.254
v 28.290 5.244 -0.254
v 28.334 5.671 -0.254
v 102.597 6.100 0.000
v 102.597 6.100 -0.254
v 96.176 6.100 -0.254
v 96.176 6.100 0.000
v 96.176 4.830 0.000
v 96.176 4.830 -0.254
v 102.597 4.830 -0.254
v 102.597 4.830 0.000
v 102.493 5.465 -0.254
v 102.505 5.250 -0.254
v 102.539 5.038 -0.254
v 102.539 5.892 -0.254
v 102.505 5.680 -0.254
v 96.242 5.252 -0.254
v 96.242 5.678 -0.254
v 210.810 93.330 0.000
v 210.810 93.330 -0.254
v 210.810 94.600 -0.254
v 211.006 94.569 -0.254
v 211.183 94.479 -0.254
v 211.324 94.338 -0.254
v 211.414 94.161 -0.254
v 211.445 93.965 -0.254
v 211.414 93.769 -0.254
v 211.324 93.592 -0.254
v 211.183 93.451 -0.254
v 211.006 93.361 -0.254
v 210.810 94.600 0.000
v 211.006 94.569 0.000
v 211.183 94.479 0.000
v 211.324 94.338 0.000
v 211.414 94.161 0.000
v 211.445 93.965 0.000
v 211.414 93.769 0.000
v 211.324 93.592 0.000
v 211.183 93.451 0.000
v 211.006 93.361 0.000
v 208.903 94.600 -0.254
v 208.903 94.600 0.000
v 208.903 93.330 0.000
v 208.903 93.330 -0.254
v 208.995 93.750 -0.254
v 208.995 94.180 -0.254
v 206.365 90.155 0.000
v 206.365 90.155 -0.254
v 207.635 90.155 -0.254
v 207.604 89.959 -0.254
v 207.514 89.782 -0.254
v 207.373 89.641 -0.254
v 207.196 89.551 -0.254
v 207.000 89.520 -0.254
v 206.804 89.551 -0.254
v 206.627 89.641 -0.254
v 206.486 89.782 -0.254
v 206.396 89.959 -0.254
v 207.635 90.155 0.000
v 207.604 89.959 0.000
v 207.514 89.782 0.000
v 207.373 89.641 0.000
v 207.196 89.551 0.000
v 207.000 89.520 0.000
v 206.804 89.551 0.000
v 206.627 89.641 0.000
v 206.486 89.782 0.000
v 206.396 89.959 0.000
v 207.635 92.062 -0.254
v 207.635 92.062 0.000
v 206.365 92.062 0.000
v 206.365 92.062 -0.254
v 206.785 91.970 -0.254
v 207.215 91.970 -0.254
v 103.865 1.655 0.000
v 103.865 1.655 -0.254
v 105.135 1.655 -0.254
v 105.104 1.459 -0.254
v 105.014 1.282 -0.254
v 104.873 1.141 -0.254
v 104.696 1.051 -0.254
v 104.500 1.020 -0.254
v 104.304 1.051 -0.254
v 104.127 1.141 -0.254
v 103.986 1.282 -0.254
v 103.896 1.459 -0.254
v 105.135 1.655 0.000
v 105.104 1.459 0.000
v 105.014 1.282 0.000
v 104.873 1.141 0.000
v 104.696 1.051 0.000
v 104.500 1.020 0.000
v 104.304 1.051 0.000
v 104.127 1.141 0.000
v 103.986 1.282 0.000
v 103.896 1.459 0.000
v 105.135 3.562 -0.254
v 105.135 3.562 0.000
v 103.865 3.562 0.000
v 103.865 3.562 -0.254
v 104.285 3.470 -0.254
v 104.715 3.470 -0.254
v 90.824 6.100 0.000
v 90.824 6.100 -0.254
v 85.455 6.100 -0.254
v 85.455 6.100 0.000
v 85.326 4.830 0.000
v 85.326 4.830 -0.254
v 90.824 4.830 -0.254
v 90.824 4.830 0.000
v 90.750 5.465 -0.254
v 90.758 5.252 -0.254
v 90.783 5.040 -0.254
v 90.783 5.890 -0.254
v 90.758 5.678 -0.254
v 85.440 5.244 -0.254
v 85.484 5.671 -0.254
v 42.295 6.100 0.000
v 42.295 6.100 -0.254
v 41.176 6.100 -0.254
v 41.176 6.100 0.000
v 41.176 4.830 0.000
v 41.176 4.830 -0.254
v 42.424 4.830 -0.254
v 42.424 4.830 0.000
v 42.266 5.715 -0.254
v 42.284 5.414 -0.254
v 42.337 5.118 -0.254
v 42.279 5.972 -0.254
v 42.269 5.844 -0.254
v 41.242 5.252 -0.254
v 41.242 5.678 -0.254
v 16.635 55.870 0.000
v 16.635 55.870 -0.254
v 16.635 69.860 -0.254
v 16.635 69.860 0.000
v 15.365 69.989 0.000
v 15.365 69.989 -0.254
v 15.365 55.741 -0.254
v 15.365 55.741 0.000
v 16.206 55.899 -0.254
v 15.779 55.855 -0.254
v 15.779 69.875 -0.254
v 16.206 69.831 -0.254
v 12.190 94.600 0.000
v 12.190 94.600 -0.254
v 12.190 93.330 -0.254
v 11.994 93.361 -0.254
v 11.817 93.451 -0.254
v 11.676 93.592 -0.254
v 11.586 93.769 -0.254
v 11.555 93.965 -0.254
v 11.586 94.161 -0.254
v 11.676 94.338 -0.254
v 11.817 94.479 -0.254
v 11.994 94.569 -0.254
v 12.190 93.330 0.000
v 11.994 93.361 0.000
v 11.817 93.451 0.000
v 11.676 93.592 0.000
v 11.586 93.769 0.000
v 11.555 93.965 0.000
v 11.586 94.161 0.000
v 11.676 94.338 0.000
v 11.817 94.479 0.000
v 11.994 94.569 0.000
v 14.097 93.330 -0.254
v 14.097 93.330 0.000
v 14.097 94.600 0.000
v 14.097 94.600 -0.254
v 13.993 93.965 -0.254
v 14.005 93.750 -0.254
v 14.039 93.538 -0.254
v 14.039 94.392 -0.254
v 14.005 94.180 -0.254
v 16.635 85.641 0.000
v 16.635 85.641 -0.254
v 16.635 92.062 -0.254
v 16.635 92.062 0.000
v 15.365 92.062 0.000
v 15.365 92.062 -0.254
v 15.365 85.641 -0.254
v 15.365 85.641 0.000
v 16.213 85.707 -0.254
v 15.787 85.707 -0.254
v 15.785 91.970 -0.254
v 16.215 91.970 -0.254
v 16.635 17.770 0.000
v 16.635 17.770 -0.254
v 16.635 31.760 -0.254
v 16.635 31.760 0.000
v 15.365 31.889 0.000
v 15.365 31.889 -0.254
v 15.365 17.641 -0.254
v 15.365 17.641 0.000
v 16.206 17.799 -0.254
v 15.779 17.755 -0.254
v 15.779 31.775 -0.254
v 16.206 31.731 -0.254
v 61.345 6.100 0.000
v 61.345 6.100 -0.254
v 47.355 6.100 -0.254
v 47.355 6.100 0.000
v 47.226 4.830 0.000
v 47.226 4.830 -0.254
v 61.474 4.830 -0.254
v 61.474 4.830 0.000
v 61.316 5.715 -0.254
v 61.334 5.414 -0.254
v 61.387 5.118 -0.254
v 61.329 5.972 -0.254
v 61.319 5.844 -0.254
v 47.340 5.244 -0.254
v 47.384 5.671 -0.254
v 105.135 9.275 0.000
v 105.135 9.275 -0.254
v 103.865 9.275 -0.254
v 103.896 9.471 -0.254
v 103.986 9.648 -0.254
v 104.127 9.789 -0.254
v 104.304 9.879 -0.254
v 104.500 9.910 -0.254
v 104.696 9.879 -0.254
v 104.873 9.789 -0.254
v 105.014 9.648 -0.254
v 105.104 9.471 -0.254
v 103.865 9.275 0.000
v 103.896 9.471 0.000
v 103.986 9.648 0.000
v 104.127 9.789 0.000
v 104.304 9.879 0.000
v 104.500 9.910 0.000
v 104.696 9.879 0.000
v 104.873 9.789 0.000
v 105.014 9.648 0.000
v 105.104 9.471 0.000
v 103.865 7.368 -0.254
v 103.865 7.368 0.000
v 105.135 7.368 0.000
v 105.135 7.368 -0.254
v 104.715 7.460 -0.254
v 104.285 7.460 -0.254
v 207.635 97.775 0.000
v 207.635 97.775 -0.254
v 206.365 97.775 -0.254
v 206.396 97.971 -0.254
v 206.486 98.148 -0.254
v 206.627 98.289 -0.254
v 206.804 98.379 -0.254
v 207.000 98.410 -0.254
v 207.196 98.379 -0.254
v 207.373 98.289 -0.254
v 207.514 98.148 -0.254
v 207.604 97.971 -0.254
v 206.365 97.775 0.000
v 206.396 97.971 0.000
v 206.486 98.148 0.000
v 206.627 98.289 0.000
v 206.804 98.379 0.000
v 207.000 98.410 0.000
v 207.196 98.379 0.000
v 207.373 98.289 0.000
v 207.514 98.148 0.000
v 207.604 97.971 0.000
v 206.365 95.868 -0.254
v 206.365 95.868 0.000
v 207.635 95.868 0.000
v 207.635 95.868 -0.254
v 207.215 95.960 -0.254
v 206.785 95.960 -0.254
v 203.190 94.600 0.000
v 203.190 94.600 -0.254
v 203.190 93.330 -0.254
v 202.994 93.361 -0.254
v 202.817 93.451 -0.254
v 202.676 93.592 -0.254
v 202.586 93.769 -0.254
v 202.555 93.965 -0.254
v 202.586 94.161 -0.254
v 202.676 94.338 -0.254
v 202.817 94.479 -0.254
v 202.994 94.569 -0.254
v 203.190 93.330 0.000
v 202.994 93.361 0.000
v 202.817 93.451 0.000
v 202.676 93.592 0.000
v 202.586 93.769 0.000
v 202.555 93.965 0.000
v 202.586 94.161 0.000
v 202.676 94.338 0.000
v 202.817 94.479 0.000
v 202.994 94.569 0.000
v 205.097 93.330 -0.254
v 205.097 93.330 0.000
v 205.097 94.600 0.000
v 205.097 94.600 -0.254
v 204.993 93.965 -0.254
v 205.005 93.750 -0.254
v 205.039 93.538 -0.254
v 205.039 94.392 -0.254
v 205.005 94.180 -0.254
v 108.310 4.830 0.000
v 108.310 4.830 -0.254
v 108.310 6.100 -0.254
v 108.506 6.069 -0.254
v 108.683 5.979 -0.254
v 108.824 5.838 -0.254
v 108.914 5.661 -0.254
v 108.945 5.465 -0.254
v 108.914 5.269 -0.254
v 108.824 5.092 -0.254
v 108.683 4.951 -0.254
v 108.506 4.861 -0.254
v 108.310 6.100 0.000
v 108.506 6.069 0.000
v 108.683 5.979 0.000
v 108.824 5.838 0.000
v 108.914 5.661 0.000
v 108.945 5.465 0.000
v 108.914 5.269 0.000
v 108.824 5.092 0.000
v 108.683 4.951 0.000
v 108.506 4.861 0.000
v 106.403 6.100 -0.254
v 106.403 6.100 0.000
v 106.403 4.830 0.000
v 106.403 4.830 -0.254
v 106.495 5.250 -0.254
v 106.495 5.680 -0.254
v 80.395 6.100 0.000
v 80.395 6.100 -0.254
v 66.405 6.100 -0.254
v 66.405 6.100 0.000
v 66.276 4.830 0.000
v 66.276 4.830 -0.254
v 80.524 4.830 -0.254
v 80.524 4.830 0.000
v 80.366 5.715 -0.254
v 80.384 5.414 -0.254
v 80.437 5.118 -0.254
v 80.379 5.972 -0.254
v 80.369 5.844 -0.254
v 66.390 5.244 -0.254
v 66.434 5.671 -0.254
v 16.635 12.710 -0.254
v 16.635 12.710 0.000
v 15.365 12.839 0.000
v 15.365 12.839 -0.254
v 15.365 5.465 -0.254
v 15.365 5.465 0.000
v 16.000 4.830 -0.254
v 15.804 4.861 -0.254
v 15.627 4.951 -0.254
v 15.486 5.092 -0.254
v 15.396 5.269 -0.254
v 16.000 4.830 0.000
v 15.804 4.861 0.000
v 15.627 4.951 0.000
v 15.486 5.092 0.000
v 15.396 5.269 0.000
v 23.374 4.830 -0.254
v 23.374 4.830 0.000
v 15.779 12.725 -0.254
v 16.206 12.681 -0.254
v 23.216 5.715 -0.254
v 23.234 5.414 -0.254
v 23.287 5.118 -0.254
v 23.229 5.972 -0.254
v 23.219 5.844 -0.254
v 16.635 74.920 0.000
v 16.635 74.920 -0.254
v 16.635 80.289 -0.254
v 16.635 80.289 0.000
v 15.365 80.289 0.000
v 15.365 80.289 -0.254
v 15.365 74.791 -0.254
v 15.365 74.791 0.000
v 16.206 74.949 -0.254
v 15.779 74.905 -0.254
v 15.787 80.223 -0.254
v 16.213 80.223 -0.254
v 19.810 93.330 0.000
v 19.810 93.330 -0.254
v 19.810 94.600 -0.254
v 20.006 94.569 -0.254
v 20.183 94.479 -0.254
v 20.324 94.338 -0.254
v 20.414 94.161 -0.254
v 20.445 93.965 -0.254
v 20.414 93.769 -0.254
v 20.324 93.592 -0.254
v 20.183 93.451 -0.254
v 20.006 93.361 -0.254
v 19.810 94.600 0.000
v 20.006 94.569 0.000
v 20.183 94.479 0.000
v 20.324 94.338 0.000
v 20.414 94.161 0.000
v 20.445 93.965 0.000
v 20.414 93.769 0.000
v 20.324 93.592 0.000
v 20.183 93.451 0.000
v 20.006 93.361 0.000
v 17.903 94.600 -0.254
v 17.903 94.600 0.000
v 17.903 93.330 0.000
v 17.903 93.330 -0.254
v 17.995 93.750 -0.254
v 17.995 94.180 -0.254
v 36.128 6.856 0.000
v 36.639 7.490 0.000
v 37.314 7.946 0.000
v 38.093 8.185 0.000
v 38.907 8.185 0.000
v 39.686 7.946 0.000
v 40.361 7.490 0.000
v 40.872 6.856 0.000
v 40.872 4.074 0.000
v 40.361 3.440 0.000
v 39.686 2.984 0.000
v 38.907 2.745 0.000
v 38.093 2.745 0.000
v 37.314 2.984 0.000
v 36.639 3.440 0.000
v 36.128 4.074 0.000
v 35.750 5.465 -12.192
v 35.872 4.654 -12.192
v 36.228 3.916 -12.192
v 36.785 3.315 -12.192
v 37.495 2.905 -12.192
v 38.294 2.723 -12.192
v 39.112 2.784 -12.192
v 39.875 3.083 -12.192
v 40.516 3.595 -12.192
v 40.978 4.272 -12.192
v 41.219 5.055 -12.192
v 41.219 5.875 -12.192
v 40.978 6.658 -12.192
v 40.516 7.335 -12.192
v 39.875 7.847 -12.192
v 39.112 8.146 -12.192
v 38.294 8.207 -12.192
v 37.495 8.025 -12.192
v 36.785 7.615 -12.192
v 36.228 7.014 -12.192
v 35.872 6.276 -12.192
v 13.691 53.340 0.000
v 13.691 53.340 -12.192
v 13.805 52.586 -12.192
v 14.136 51.898 -12.192
v 14.654 51.339 -12.192
v 15.315 50.958 -12.192
v 16.059 50.788 -12.192
v 16.819 50.845 -12.192
v 17.530 51.124 -12.192
v 18.126 51.599 -12.192
v 18.556 52.230 -12.192
v 18.780 52.959 -12.192
v 18.780 53.721 -12.192
v 18.556 54.450 -12.192
v 18.126 55.081 -12.192
v 17.530 55.556 -12.192
v 16.819 55.835 -12.192
v 16.059 55.892 -12.192
v 15.315 55.722 -12.192
v 14.654 55.341 -12.192
v 14.136 54.782 -12.192
v 13.805 54.094 -12.192
v 13.766 53.957 0.000
v 13.989 54.538 0.000
v 14.344 55.048 0.000
v 14.812 55.457 0.000
v 17.328 55.661 0.000
v 17.935 55.266 0.000
v 18.407 54.716 0.000
v 18.707 54.057 0.000
v 18.809 53.340 0.000
v 18.707 52.623 0.000
v 18.407 51.964 0.000
v 17.935 51.414 0.000
v 17.328 51.019 0.000
v 14.812 51.223 0.000
v 14.344 51.632 0.000
v 13.989 52.142 0.000
v 13.766 52.723 0.000
v 42.504 6.793 0.000
v 42.899 7.400 0.000
v 43.449 7.872 0.000
v 44.108 8.172 0.000
v 44.825 8.274 0.000
v 45.542 8.172 0.000
v 46.201 7.872 0.000
v 46.751 7.400 0.000
v 47.146 6.793 0.000
v 46.902 4.220 0.000
v 46.427 3.720 0.000
v 45.835 3.364 0.000
v 45.170 3.179 0.000
v 44.480 3.179 0.000
v 43.815 3.364 0.000
v 43.223 3.720 0.000
v 42.748 4.220 0.000
v 42.266 5.715 -12.192
v 42.380 4.961 -12.192
v 42.711 4.273 -12.192
v 43.229 3.714 -12.192
v 43.890 3.333 -12.192
v 44.634 3.163 -12.192
v 45.394 3.220 -12.192
v 46.105 3.499 -12.192
v 46.701 3.974 -12.192
v 47.131 4.605 -12.192
v 47.355 5.334 -12.192
v 47.355 6.096 -12.192
v 47.131 6.825 -12.192
v 46.701 7.456 -12.192
v 46.105 7.931 -12.192
v 45.394 8.210 -12.192
v 44.634 8.267 -12.192
v 43.890 8.097 -12.192
v 43.229 7.716 -12.192
v 42.711 7.157 -12.192
v 42.380 6.469 -12.192
v 205.293 95.020 0.000
v 205.581 95.384 0.000
v 205.945 95.672 0.000
v 208.055 95.672 0.000
v 208.419 95.384 0.000
v 208.707 95.020 0.000
v 208.707 92.910 0.000
v 208.419 92.546 0.000
v 208.055 92.258 0.000
v 205.945 92.258 0.000
v 205.581 92.546 0.000
v 205.293 92.910 0.000
v 204.993 93.965 -7.192
v 205.083 94.556 -7.192
v 205.342 95.095 -7.192
v 205.749 95.534 -7.192
v 206.267 95.833 -7.192
v 206.850 95.966 -7.192
v 207.447 95.921 -7.192
v 208.003 95.703 -7.192
v 208.471 95.330 -7.192
v 208.808 94.836 -7.192
v 208.984 94.264 -7.192
v 208.984 93.666 -7.192
v 208.808 93.094 -7.192
v 208.471 92.600 -7.192
v 208.003 92.227 -7.192
v 207.447 92.009 -7.192
v 206.850 91.964 -7.192
v 206.267 92.097 -7.192
v 205.749 92.396 -7.192
v 205.342 92.835 -7.192
v 205.083 93.374 -7.192
v 102.793 6.520 0.000
v 103.081 6.884 0.000
v 103.445 7.172 0.000
v 105.555 7.172 0.000
v 105.919 6.884 0.000
v 106.207 6.520 0.000
v 106.207 4.410 0.000
v 105.919 4.046 0.000
v 105.555 3.758 0.000
v 103.445 3.758 0.000
v 103.081 4.046 0.000
v 102.793 4.410 0.000
v 102.493 5.465 -7.192
v 102.583 6.056 -7.192
v 102.842 6.595 -7.192
v 103.249 7.034 -7.192
v 103.767 7.333 -7.192
v 104.350 7.466 -7.192
v 104.947 7.421 -7.192
v 105.503 7.203 -7.192
v 105.971 6.830 -7.192
v 106.308 6.336 -7.192
v 106.484 5.764 -7.192
v 106.484 5.166 -7.192
v 106.308 4.594 -7.192
v 105.971 4.100 -7.192
v 105.503 3.727 -7.192
v 104.947 3.509 -7.192
v 104.350 3.464 -7.192
v 103.767 3.597 -7.192
v 103.249 3.896 -7.192
v 102.842 4.335 -7.192
v 102.583 4.874 -7.192
v 61.554 6.793 0.000
v 61.949 7.400 0.000
v 62.499 7.872 0.000
v 63.158 8.172 0.000
v 63.875 8.274 0.000
v 64.592 8.172 0.000
v 65.251 7.872 0.000
v 65.801 7.400 0.000
v 66.196 6.793 0.000
v 65.952 4.220 0.000
v 65.477 3.720 0.000
v 64.885 3.364 0.000
v 64.220 3.179 0.000
v 63.530 3.179 0.000
v 62.865 3.364 0.000
v 62.273 3.720 0.000
v 61.798 4.220 0.000
v 61.316 5.715 -12.192
v 61.430 4.961 -12.192
v 61.761 4.273 -12.192
v 62.279 3.714 -12.192
v 62.940 3.333 -12.192
v 63.684 3.163 -12.192
v 64.444 3.220 -12.192
v 65.155 3.499 -12.192
v 65.751 3.974 -12.192
v 66.181 4.605 -12.192
v 66.405 5.334 -12.192
v 66.405 6.096 -12.192
v 66.181 6.825 -12.192
v 65.751 7.456 -12.192
v 65.155 7.931 -12.192
v 64.444 8.210 -12.192
v 63.684 8.267 -12.192
v 62.940 8.097 -12.192
v 62.279 7.716 -12.192
v 61.761 7.157 -12.192
v 61.430 6.469 -12.192
v 13.691 72.390 0.000
v 13.691 72.390 -12.192
v 13.805 71.636 -12.192
v 14.136 70.948 -12.192
v 14.654 70.389 -12.192
v 15.315 70.008 -12.192
v 16.059 69.838 -12.192
v 16.819 69.895 -12.192
v 17.530 70.174 -12.192
v 18.126 70.649 -12.192
v 18.556 71.280 -12.192
v 18.780 72.009 -12.192
v 18.780 72.771 -12.192
v 18.556 73.500 -12.192
v 18.126 74.131 -12.192
v 17.530 74.606 -12.192
v 16.819 74.885 -12.192
v 16.059 74.942 -12.192
v 15.315 74.772 -12.192
v 14.654 74.391 -12.192
v 14.136 73.832 -12.192
v 13.805 73.144 -12.192
v 13.766 73.007 0.000
v 13.989 73.588 0.000
v 14.344 74.098 0.000
v 14.812 74.507 0.000
v 17.328 74.711 0.000
v 17.935 74.316 0.000
v 18.407 73.766 0.000
v 18.707 73.107 0.000
v 18.809 72.390 0.000
v 18.707 71.673 0.000
v 18.407 71.014 0.000
v 17.935 70.464 0.000
v 17.328 70.069 0.000
v 14.812 70.273 0.000
v 14.344 70.682 0.000
v 13.989 71.192 0.000
v 13.766 71.773 0.000
v 2.115 0.000 0.000
v 1.984 0.017 0.000
v 1.861 0.068 0.000
v 1.756 0.149 0.000
v 220.885 0.000 0.000
v 221.244 0.149 0.000
v 221.139 0.068 0.000
v 221.016 0.017 0.000
v 222.851 1.756 0.000
v 223.000 2.115 0.000
v 222.983 1.984 0.000
v 222.932 1.861 0.000
v 223.000 199.815 0.000
v 222.851 200.174 0.000
v 222.932 200.069 0.000
v 222.983 199.946 0.000
v 221.244 201.781 0.000
v 220.885 201.930 0.000
v 221.016 201.913 0.000
v 221.139 201.862 0.000
v 2.115 201.930 0.000
v 1.756 201.781 0.000
v 1.861 201.862 0.000
v 1.984 201.913 0.000
v 0.149 200.174 0.000
v 0.000 199.815 0.000
v 0.017 199.946 0.000
v 0.068 200.069 0.000
v 0.000 2.115 0.000
v 0.149 1.756 0.000
v 0.068 1.861 0.000
v 0.017 1.984 0.000
v 199.500 8.465 0.000
v 199.722 9.939 0.000
v 200.369 11.282 0.000
v 201.383 12.374 0.000
v 202.673 13.119 0.000
v 204.126 13.451 0.000
v 205.613 13.340 0.000
v 207.000 12.795 0.000
v 208.165 11.866 0.000
v 209.005 10.634 0.000
v 209.444 9.210 0.000
v 209.444 7.720 0.000
v 209.005 6.296 0.000
v 208.165 5.064 0.000
v 207.000 4.135 0.000
v 205.613 3.590 0.000
v 204.126 3.479 0.000
v 202.673 3.811 0.000
v 201.383 4.556 0.000
v 200.369 5.648 0.000
v 199.722 6.991 0.000
v 185.141 186.690 0.000
v 185.255 187.444 0.000
v 185.586 188.132 0.000
v 186.104 188.691 0.000
v 186.765 189.072 0.000
v 187.509 189.242 0.000
v 188.269 189.185 0.000
v 188.980 188.906 0.000
v 189.576 188.431 0.000
v 190.006 187.800 0.000
v 190.230 187.071 0.000
v 190.230 186.309 0.000
v 190.006 185.580 0.000
v 189.576 184.949 0.000
v 188.980 184.474 0.000
v 188.269 184.195 0.000
v 187.509 184.138 0.000
v 186.765 184.308 0.000
v 186.104 184.689 0.000
v 185.586 185.248 0.000
v 185.255 185.936 0.000
v 166.091 186.690 0.000
v 166.205 187.444 0.000
v 166.536 188.132 0.000
v 167.054 188.691 0.000
v 167.715 189.072 0.000
v 168.459 189.242 0.000
v 169.219 189.185 0.000
v 169.930 188.906 0.000
v 170.526 188.431 0.000
v 170.956 187.800 0.000
v 171.180 187.071 0.000
v 171.180 186.309 0.000
v 170.956 185.580 0.000
v 170.526 184.949 0.000
v 169.930 184.474 0.000
v 169.219 184.195 0.000
v 168.459 184.138 0.000
v 167.715 184.308 0.000
v 167.054 184.689 0.000
v 166.536 185.248 0.000
v 166.205 185.936 0.000
v 147.041 186.690 0.000
v 147.155 187.444 0.000
v 147.486 188.132 0.000
v 148.004 188.691 0.000
v 148.665 189.072 0.000
v 149.409 189.242 0.000
v 150.169 189.185 0.000
v 150.880 188.906 0.000
v 151.476 188.431 0.000
v 151.906 187.800 0.000
v 152.130 187.071 0.000
v 152.130 186.309 0.000
v 151.906 185.580 0.000
v 151.476 184.949 0.000
v 150.880 184.474 0.000
v 150.169 184.195 0.000
v 149.409 184.138 0.000
v 148.665 184.308 0.000
v 148.004 184.689 0.000
v 147.486 185.248 0.000
v 147.155 185.936 0.000
v 127.991 186.690 0.000
v 128.105 187.444 0.000
v 128.436 188.132 0.000
v 128.954 188.691 0.000
v 129.615 189.072 0.000
v 130.359 189.242 0.000
v 131.119 189.185 0.000
v 131.830 188.906 0.000
v 132.426 188.431 0.000
v 132.856 187.800 0.000
v 133.080 187.071 0.000
v 133.080 186.309 0.000
v 132.856 185.580 0.000
v 132.426 184.949 0.000
v 131.830 184.474 0.000
v 131.119 184.195 0.000
v 130.359 184.138 0.000
v 129.615 184.308 0.000
v 128.954 184.689 0.000
v 128.436 185.248 0.000
v 128.105 185.936 0.000
v 108.941 186.690 0.000
v 109.055 187.444 0.000
v 109.386 188.132 0.000
v 109.904 188.691 0.000
v 110.565 189.072 0.000
v 111.309 189.242 0.000
v 112.069 189.185 0.000
v 112.780 188.906 0.000
v 113.376 188.431 0.000
v 113.806 187.800 0.000
v 114.030 187.071 0.000
v 114.030 186.309 0.000
v 113.806 185.580 0.000
v 113.376 184.949 0.000
v 112.780 184.474 0.000
v 112.069 184.195 0.000
v 111.309 184.138 0.000
v 110.565 184.308 0.000
v 109.904 184.689 0.000
v 109.386 185.248 0.000
v 109.055 185.936 0.000
v 89.891 186.690 0.000
v 90.005 187.444 0.000
v 90.336 188.132 0.000
v 90.854 188.691 0.000
v 91.515 189.072 0.000
v 92.259 189.242 0.000
v 93.019 189.185 0.000
v 93.730 188.906 0.000
v 94.326 188.431 0.000
v 94.756 187.800 0.000
v 94.980 187.071 0.000
v 94.980 186.309 0.000
v 94.756 185.580 0.000
v 94.326 184.949 0.000
v 93.730 184.474 0.000
v 93.019 184.195 0.000
v 92.259 184.138 0.000
v 91.515 184.308 0.000
v 90.854 184.689 0.000
v 90.336 185.248 0.000
v 90.005 185.936 0.000
v 70.841 186.690 0.000
v 70.955 187.444 0.000
v 71.286 188.132 0.000
v 71.804 188.691 0.000
v 72.465 189.072 0.000
v 73.209 189.242 0.000
v 73.969 189.185 0.000
v 74.680 188.906 0.000
v 75.276 188.431 0.000
v 75.706 187.800 0.000
v 75.930 187.071 0.000
v 75.930 186.309 0.000
v 75.706 185.580 0.000
v 75.276 184.949 0.000
v 74.680 184.474 0.000
v 73.969 184.195 0.000
v 73.209 184.138 0.000
v 72.465 184.308 0.000
v 71.804 184.689 0.000
v 71.286 185.248 0.000
v 70.955 185.936 0.000
v 51.791 186.690 0.000
v 51.905 187.444 0.000
v 52.236 188.132 0.000
v 52.754 188.691 0.000
v 53.415 189.072 0.000
v 54.159 189.242 0.000
v 54.919 189.185 0.000
v 55.630 188.906 0.000
v 56.226 188.431 0.000
v 56.656 187.800 0.000
v 56.880 187.071 0.000
v 56.880 186.309 0.000
v 56.656 185.580 0.000
v 56.226 184.949 0.000
v 55.630 184.474 0.000
v 54.919 184.195 0.000
v 54.159 184.138 0.000
v 53.415 184.308 0.000
v 52.754 184.689 0.000
v 52.236 185.248 0.000
v 51.905 185.936 0.000
v 32.741 186.690 0.000
v 32.855 187.444 0.000
v 33.186 188.132 0.000
v 33.704 188.691 0.000
v 34.365 189.072 0.000
v 35.109 189.242 0.000
v 35.869 189.185 0.000
v 36.580 188.906 0.000
v 37.176 188.431 0.000
v 37.606 187.800 0.000
v 37.830 187.071 0.000
v 37.830 186.309 0.000
v 37.606 185.580 0.000
v 37.176 184.949 0.000
v 36.580 184.474 0.000
v 35.869 184.195 0.000
v 35.109 184.138 0.000
v 34.365 184.308 0.000
v 33.704 184.689 0.000
v 33.186 185.248 0.000
v 32.855 185.936 0.000
v 204.191 167.640 0.000
v 204.305 168.394 0.000
v 204.636 169.082 0.000
v 205.154 169.641 0.000
v 205.815 170.022 0.000
v 206.559 170.192 0.000
v 207.319 170.135 0.000
v 208.030 169.856 0.000
v 208.626 169.381 0.000
v 209.056 168.750 0.000
v 209.280 168.021 0.000
v 209.280 167.259 0.000
v 209.056 166.530 0.000
v 208.626 165.899 0.000
v 208.030 165.424 0.000
v 207.319 165.145 0.000
v 206.559 165.088 0.000
v 205.815 165.258 0.000
v 205.154 165.639 0.000
v 204.636 166.198 0.000
v 204.305 166.886 0.000
v 185.141 167.640 0.000
v 185.255 168.394 0.000
v 185.586 169.082 0.000
v 186.104 169.641 0.000
v 186.765 170.022 0.000
v 187.509 170.192 0.000
v 188.269 170.135 0.000
v 188.980 169.856 0.000
v 189.576 169.381 0.000
v 190.006 168.750 0.000
v 190.230 168.021 0.000
v 190.230 167.259 0.000
v 190.006 166.530 0.000
v 189.576 165.899 0.000
v 188.980 165.424 0.000
v 188.269 165.145 0.000
v 187.509 165.088 0.000
v 186.765 165.258 0.000
v 186.104 165.639 0.000
v 185.586 166.198 0.000
v 185.255 166.886 0.000
v 166.091 167.640 0.000
v 166.205 168.394 0.000
v 166.536 169.082 0.000
v 167.054 169.641 0.000
v 167.715 170.022 0.000
v 168.459 170.192 0.000
v 169.219 170.135 0.000
v 169.930 169.856 0.000
v 170.526 169.381 0.000
v 170.956 168.750 0.000
v 171.180 168.021 0.000
v 171.180 167.259 0.000
v 170.956 166.530 0.000
v 170.526 165.899 0.000
v 169.930 165.424 0.000
v 169.219 165.145 0.000
v 168.459 165.088 0.000
v 167.715 165.258 0.000
v 167.054 165.639 0.000
v 166.536 166.198 0.000
v 166.205 166.886 0.000
v 147.041 167.640 0.000
v 147.155 168.394 0.000
v 147.486 169.082 0.000
v 148.004 169.641 0.000
v 148.665 170.022 0.000
v 149.409 170.192 0.000
v 150.169 170.135 0.000
v 150.880 169.856 0.000
v 151.476 169.381 0.000
v 151.906 168.750 0.000
v 152.130 168.021 0.000
v 152.130 167.259 0.000
v 151.906 166.530 0.000
v 151.476 165.899 0.000
v 150.880 165.424 0.000
v 150.169 165.145 0.000
v 149.409 165.088 0.000
v 148.665 165.258 0.000
v 148.004 165.639 0.000
v 147.486 166.198 0.000
v 147.155 166.886 0.000
v 127.991 167.640 0.000
v 128.105 168.394 0.000
v 128.436 169.082 0.000
v 128.954 169.641 0.000
v 129.615 170.022 0.000
v 130.359 170.192 0.000
v 131.119 170.135 0.000
v 131.830 169.856 0.000
v 132.426 169.381 0.000
v 132.856 168.750 0.000
v 133.080 168.021 0.000
v 133.080 167.259 0.000
v 132.856 166.530 0.000
v 132.426 165.899 0.000
v 131.830 165.424 0.000
v 131.119 165.145 0.000
v 130.359 165.088 0.000
v 129.615 165.258 0.000
v 128.954 165.639 0.000
v 128.436 166.198 0.000
v 128.105 166.886 0.000
v 108.941 167.640 0.000
v 109.055 168.394 0.000
v 109.386 169.082 0.000
v 109.904 169.641 0.000
v 110.565 170.022 0.000
v 111.309 170.192 0.000
v 112.069 170.135 0.000
v 112.780 169.856 0.000
v 113.376 169.381 0.000
v 113.806 168.750 0.000
v 114.030 168.021 0.000
v 114.030 167.259 0.000
v 113.806 166.530 0.000
v 113.376 165.899 0.000
v 112.780 165.424 0.000
v 112.069 165.145 0.000
v 111.309 165.088 0.000
v 110.565 165.258 0.000
v 109.904 165.639 0.000
v 109.386 166.198 0.000
v 109.055 166.886 0.000
v 89.891 167.640 0.000
v 90.005 168.394 0.000
v 90.336 169.082 0.000
v 90.854 169.641 0.000
v 91.515 170.022 0.000
v 92.259 170.192 0.000
v 93.019 170.135 0.000
v 93.730 169.856 0.000
v 94.326 169.381 0.000
v 94.756 168.750 0.000
v 94.980 168.021 0.000
v 94.980 167.259 0.000
v 94.756 166.530 0.000
v 94.326 165.899 0.000
v 93.730 165.424 0.000
v 93.019 165.145 0.000
v 92.259 165.088 0.000
v 91.515 165.258 0.000
v 90.854 165.639 0.000
v 90.336 166.198 0.000
v 90.005 166.886 0.000
v 70.841 167.640 0.000
v 70.955 168.394 0.000
v 71.286 169.082 0.000
v 71.804 169.641 0.000
v 72.465 170.022 0.000
v 73.209 170.192 0.000
v 73.969 170.135 0.000
v 74.680 169.856 0.000
v 75.276 169.381 0.000
v 75.706 168.750 0.000
v 75.930 168.021 0.000
v 75.930 167.259 0.000
v 75.706 166.530 0.000
v 75.276 165.899 0.000
v 74.680 165.424 0.000
v 73.969 165.145 0.000
v 73.209 165.088 0.000
v 72.465 165.258 0.000
v 71.804 165.639 0.000
v 71.286 166.198 0.000
v 70.955 166.886 0.000
v 51.791 167.640 0.000
v 51.905 168.394 0.000
v 52.236 169.082 0.000
v 52.754 169.641 0.000
v 53.415 170.022 0.000
v 54.159 170.192 0.000
v 54.919 170.135 0.000
v 55.630 169.856 0.000
v 56.226 169.381 0.000
v 56.656 168.750 0.000
v 56.880 168.021 0.000
v 56.880 167.259 0.000
v 56.656 166.530 0.000
v 56.226 165.899 0.000
v 55.630 165.424 0.000
v 54.919 165.145 0.000
v 54.159 165.088 0.000
v 53.415 165.258 0.000
v 52.754 165.639 0.000
v 52.236 166.198 0.000
v 51.905 166.886 0.000
v 32.741 167.640 0.000
v 32.855 168.394 0.000
v 33.186 169.082 0.000
v 33.704 169.641 0.000
v 34.365 170.022 0.000
v 35.109 170.192 0.000
v 35.869 170.135 0.000
v 36.580 169.856 0.000
v 37.176 169.381 0.000
v 37.606 168.750 0.000
v 37.830 168.021 0.000
v 37.830 167.259 0.000
v 37.606 166.530 0.000
v 37.176 165.899 0.000
v 36.580 165.424 0.000
v 35.869 165.145 0.000
v 35.109 165.088 0.000
v 34.365 165.258 0.000
v 33.704 165.639 0.000
v 33.186 166.198 0.000
v 32.855 166.886 0.000
v 13.691 167.640 0.000
v 13.805 168.394 0.000
v 14.136 169.082 0.000
v 14.654 169.641 0.000
v 15.315 170.022 0.000
v 16.059 170.192 0.000
v 16.819 170.135 0.000
v 17.530 169.856 0.000
v 18.126 169.381 0.000
v 18.556 168.750 0.000
v 18.780 168.021 0.000
v 18.780 167.259 0.000
v 18.556 166.530 0.000
v 18.126 165.899 0.000
v 17.530 165.424 0.000
v 16.819 165.145 0.000
v 16.059 165.088 0.000
v 15.315 165.258 0.000
v 14.654 165.639 0.000
v 14.136 166.198 0.000
v 13.805 166.886 0.000
v 204.191 148.590 0.000
v 204.305 149.344 0.000
v 204.636 150.032 0.000
v 205.154 150.591 0.000
v 205.815 150.972 0.000
v 206.559 151.142 0.000
v 207.319 151.085 0.000
v 208.030 150.806 0.000
v 208.626 150.331 0.000
v 209.056 149.700 0.000
v 209.280 148.971 0.000
v 209.280 148.209 0.000
v 209.056 147.480 0.000
v 208.626 146.849 0.000
v 208.030 146.374 0.000
v 207.319 146.095 0.000
v 206.559 146.038 0.000
v 205.815 146.208 0.000
v 205.154 146.589 0.000
v 204.636 147.148 0.000
v 204.305 147.836 0.000
v 185.141 148.590 0.000
v 185.255 149.344 0.000
v 185.586 150.032 0.000
v 186.104 150.591 0.000
v 186.765 150.972 0.000
v 187.509 151.142 0.000
v 188.269 151.085 0.000
v 188.980 150.806 0.000
v 189.576 150.331 0.000
v 190.006 149.700 0.000
v 190.230 148.971 0.000
v 190.230 148.209 0.000
v 190.006 147.480 0.000
v 189.576 146.849 0.000
v 188.980 146.374 0.000
v 188.269 146.095 0.000
v 187.509 146.038 0.000
v 186.765 146.208 0.000
v 186.104 146.589 0.000
v 185.586 147.148 0.000
v 185.255 147.836 0.000
v 166.091 148.590 0.000
v 166.205 149.344 0.000
v 166.536 150.032 0.000
v 167.054 150.591 0.000
v 167.715 150.972 0.000
v 168.459 151.142 0.000
v 169.219 151.085 0.000
v 169.930 150.806 0.000
v 170.526 150.331 0.000
v 170.956 149.700 0.000
v 171.180 148.971 0.000
v 171.180 148.209 0.000
v 170.956 147.480 0.000
v 170.526 146.849 0.000
v 169.930 146.374 0.000
v 169.219 146.095 0.000
v 168.459 146.038 0.000
v 167.715 146.208 0.000
v 167.054 146.589 0.000
v 166.536 147.148 0.000
v 166.205 147.836 0.000
v 147.041 148.590 0.000
v 147.155 149.344 0.000
v 147.486 150.032 0.000
v 148.004 150.591 0.000
v 148.665 150.972 0.000
v 149.409 151.142 0.000
v 150.169 151.085 0.000
v 150.880 150.806 0.000
v 151.476 150.331 0.000
v 151.906 149.700 0.000
v 152.130 148.971 0.000
v 152.130 148.209 0.000
v 151.906 147.480 0.000
v 151.476 146.849 0.000
v 150.880 146.374 0.000
v 150.169 146.095 0.000
v 149.409 146.038 0.000
v 148.665 146.208 0.000
v 148.004 146.589 0.000
v 147.486 147.148 0.000
v 147.155 147.836 0.000
v 127.991 148.590 0.000
v 128.105 149.344 0.000
v 128.436 150.032 0.000
v 128.954 150.591 0.000
v 129.615 150.972 0.000
v 130.359 151.142 0.000
v 131.119 151.085 0.000
v 131.830 150.806 0.000
v 132.426 150.331 0.000
v 132.856 149.700 0.000
v 133.080 148.971 0.000
v 133.080 148.209 0.000
v 132.856 147.480 0.000
v 132.426 146.849 0.000
v 131.830 146.374 0.000
v 131.119 146.095 0.000
v 130.359 146.038 0.000
v 129.615 146.208 0.000
v 128.954 146.589 0.000
v 128.436 147.148 0.000
v 128.105 147.836 0.000
v 108.941 148.590 0.000
v 109.055 149.344 0.000
v 109.386 150.032 0.000
v 109.904 150.591 0.000
v 110.565 150.972 0.000
v 111.309 151.142 0.000
v 112.069 151.085 0.000
v 112.780 150.806 0.000
v 113.376 150.331 0.000
v 113.806 149.700 0.000
v 114.030 148.971 0.000
v 114.030 148.209 0.000
v 113.806 147.480 0.000
v 113.376 146.849 0.000
v 112.780 146.374 0.000
v 112.069 146.095 0.000
v 111.309 146.038 0.000
v 110.565 146.208 0.000
v 109.904 146.589 0.000
v 109.386 147.148 0.000
v 109.055 147.836 0.000
v 89.891 148.590 0.000
v 90.005 149.344 0.000
v 90.336 150.032 0.000
v 90.854 150.591 0.000
v 91.515 150.972 0.000
v 92.259 151.142 0.000
v 93.019 151.085 0.000
v 93.730 150.806 0.000
v 94.326 150.331 0.000
v 94.756 149.700 0.000
v 94.980 148.971 0.000
v 94.980 148.209 0.000
v 94.756 147.480 0.000
v 94.326 146.849 0.000
v 93.730 146.374 0.000
v 93.019 146.095 0.000
v 92.259 146.038 0.000
v 91.515 146.208 0.000
v 90.854 146.589 0.000
v 90.336 147.148 0.000
v 90.005 147.836 0.000
v 70.841 148.590 0.000
v 70.955 149.344 0.000
v 71.286 150.032 0.000
v 71.804 150.591 0.000
v 72.465 150.972 0.000
v 73.209 151.142 0.000
v 73.969 151.085 0.000
v 74.680 150.806 0.000
v 75.276 150.331 0.000
v 75.706 149.700 0.000
v 75.930 148.971 0.000
v 75.930 148.209 0.000
v 75.706 147.480 0.000
v 75.276 146.849 0.000
v 74.680 146.374 0.000
v 73.969 146.095 0.000
v 73.209 146.038 0.000
v 72.465 146.208 0.000
v 71.804 146.589 0.000
v 71.286 147.148 0.000
v 70.955 147.836 0.000
v 51.791 148.590 0.000
v 51.905 149.344 0.000
v 52.236 150.032 0.000
v 52.754 150.591 0.000
v 53.415 150.972 0.000
v 54.159 151.142 0.000
v 54.919 151.085 0.000
v 55.630 150.806 0.000
v 56.226 150.331 0.000
v 56.656 149.700 0.000
v 56.880 148.971 0.000
v 56.880 148.209 0.000
v 56.656 147.480 0.000
v 56.226 146.849 0.000
v 55.630 146.374 0.000
v 54.919 146.095 0.000
v 54.159 146.038 0.000
v 53.415 146.208 0.000
v 52.754 146.589 0.000
v 52.236 147.148 0.000
v 51.905 147.836 0.000
v 32.741 148.590 0.000
v 32.855 149.344 0.000
v 33.186 150.032 0.000
v 33.704 150.591 0.000
v 34.365 150.972 0.000
v 35.109 151.142 0.000
v 35.869 151.085 0.000
v 36.580 150.806 0.000
v 37.176 150.331 0.000
v 37.606 149.700 0.000
v 37.830 148.971 0.000
v 37.830 148.209 0.000
v 37.606 147.480 0.000
v 37.176 146.849 0.000
v 36.580 146.374 0.000
v 35.869 146.095 0.000
v 35.109 146.038 0.000
v 34.365 146.208 0.000
v 33.704 146.589 0.000
v 33.186 147.148 0.000
v 32.855 147.836 0.000
v 13.691 148.590 0.000
v 13.805 149.344 0.000
v 14.136 150.032 0.000
v 14.654 150.591 0.000
v 15.315 150.972 0.000
v 16.059 151.142 0.000
v 16.819 151.085 0.000
v 17.530 150.806 0.000
v 18.126 150.331 0.000
v 18.556 149.700 0.000
v 18.780 148.971 0.000
v 18.780 148.209 0.000
v 18.556 147.480 0.000
v 18.126 146.849 0.000
v 17.530 146.374 0.000
v 16.819 146.095 0.000
v 16.059 146.038 0.000
v 15.315 146.208 0.000
v 14.654 146.589 0.000
v 14.136 147.148 0.000
v 13.805 147.836 0.000
v 204.191 129.540 0.000
v 204.305 130.294 0.000
v 204.636 130.982 0.000
v 205.154 131.541 0.000
v 205.815 131.922 0.000
v 206.559 132.092 0.000
v 207.319 132.035 0.000
v 208.030 131.756 0.000
v 208.626 131.281 0.000
v 209.056 130.650 0.000
v 209.280 129.921 0.000
v 209.280 129.159 0.000
v 209.056 128.430 0.000
v 208.626 127.799 0.000
v 208.030 127.324 0.000
v 207.319 127.045 0.000
v 206.559 126.988 0.000
v 205.815 127.158 0.000
v 205.154 127.539 0.000
v 204.636 128.098 0.000
v 204.305 128.786 0.000
v 185.141 129.540 0.000
v 185.255 130.294 0.000
v 185.586 130.982 0.000
v 186.104 131.541 0.000
v 186.765 131.922 0.000
v 187.509 132.092 0.000
v 188.269 132.035 0.000
v 188.980 131.756 0.000
v 189.576 131.281 0.000
v 190.006 130.650 0.000
v 190.230 129.921 0.000
v 190.230 129.159 0.000
v 190.006 128.430 0.000
v 189.576 127.799 0.000
v 188.980 127.324 0.000
v 188.269 127.045 0.000
v 187.509 126.988 0.000
v 186.765 127.158 0.000
v 186.104 127.539 0.000
v 185.586 128.098 0.000
v 185.255 128.786 0.000
v 166.091 129.540 0.000
v 166.205 130.294 0.000
v 166.536 130.982 0.000
v 167.054 131.541 0.000
v 167.715 131.922 0.000
v 168.459 132.092 0.000
v 169.219 132.035 0.000
v 169.930 131.756 0.000
v 170.526 131.281 0.000
v 170.956 130.650 0.000
v 171.180 129.921 0.000
v 171.180 129.159 0.000
v 170.956 128.430 0.000
v 170.526 127.799 0.000
v 169.930 127.324 0.000
v 169.219 127.045 0.000
v 168.459 126.988 0.000
v 167.715 127.158 0.000
v 167.054 127.539 0.000
v 166.536 128.098 0.000
v 166.205 128.786 0.000
v 147.041 129.540 0.000
v 147.155 130.294 0.000
v 147.486 130.982 0.000
v 148.004 131.541 0.000
v 148.665 131.922 0.000
v 149.409 132.092 0.000
v 150.169 132.035 0.000
v 150.880 131.756 0.000
v 151.476 131.281 0.000
v 151.906 130.650 0.000
v 152.130 129.921 0.000
v 152.130 129.159 0.000
v 151.906 128.430 0.000
v 151.476 127.799 0.000
v 150.880 127.324 0.000
v 150.169 127.045 0.000
v 149.409 126.988 0.000
v 148.665 127.158 0.000
v 148.004 127.539 0.000
v 147.486 128.098 0.000
v 147.155 128.786 0.000
v 127.991 129.540 0.000
v 128.105 130.294 0.000
v 128.436 130.982 0.000
v 128.954 131.541 0.000
v 129.615 131.922 0.000
v 130.359 132.092 0.000
v 131.119 132.035 0.000
v 131.830 131.756 0.000
v 132.426 131.281 0.000
v 132.856 130.650 0.000
v 133.080 129.921 0.000
v 133.080 129.159 0.000
v 132.856 128.430 0.000
v 132.426 127.799 0.000
v 131.830 127.324 0.000
v 131.119 127.045 0.000
v 130.359 126.988 0.000
v 129.615 127.158 0.000
v 128.954 127.539 0.000
v 128.436 128.098 0.000
v 128.105 128.786 0.000
v 108.941 129.540 0.000
v 109.055 130.294 0.000
v 109.386 130.982 0.000
v 109.904 131.541 0.000
v 110.565 131.922 0.000
v 111.309 132.092 0.000
v 112.069 132.035 0.000
v 112.780 131.756 0.000
v 113.376 131.281 0.000
v 113.806 130.650 0.000
v 114.030 129.921 0.000
v 114.030 129.159 0.000
v 113.806 128.430 0.000
v 113.376 127.799 0.000
v 112.780 127.324 0.000
v 112.069 127.045 0.000
v 111.309 126.988 0.000
v 110.565 127.158 0.000
v 109.904 127.539 0.000
v 109.386 128.098 0.000
v 109.055 128.786 0.000
v 89.891 129.540 0.000
v 90.005 130.294 0.000
v 90.336 130.982 0.000
v 90.854 131.541 0.000
v 91.515 131.922 0.000
v 92.259 132.092 0.000
v 93.019 132.035 0.000
v 93.730 131.756 0.000
v 94.326 131.281 0.000
v 94.756 130.650 0.000
v 94.980 129.921 0.000
v 94.980 129.159 0.000
v 94.756 128.430 0.000
v 94.326 127.799 0.000
v 93.730 127.324 0.000
v 93.019 127.045 0.000
v 92.259 126.988 0.000
v 91.515 127.158 0.000
v 90.854 127.539 0.000
v 90.336 128.098 0.000
v 90.005 128.786 0.000
v 70.841 129.540 0.000
v 70.955 130.294 0.000
v 71.286 130.982 0.000
v 71.804 131.541 0.000
v 72.465 131.922 0.000
v 73.209 132.092 0.000
v 73.969 132.035 0.000
v 74.680 131.756 0.000
v 75.276 131.281 0.000
v 75.706 130.650 0.000
v 75.930 129.921 0.000
v 75.930 129.159 0.000
v 75.706 128.430 0.000
v 75.276 127.799 0.000
v 74.680 127.324 0.000
v 73.969 127.045 0.000
v 73.209 126.988 0.000
v 72.465 127.158 0.000
v 71.804 127.539 0.000
v 71.286 128.098 0.000
v 70.955 128.786 0.000
v 51.791 129.540 0.000
v 51.905 130.294 0.000
v 52.236 130.982 0.000
v 52.754 131.541 0.000
v 53.415 131.922 0.000
v 54.159 132.092 0.000
v 54.919 132.035 0.000
v 55.630 131.756 0.000
v 56.226 131.281 0.000
v 56.656 130.650 0.000
v 56.880 129.921 0.000
v 56.880 129.159 0.000
v 56.656 128.430 0.000
v 56.226 127.799 0.000
v 55.630 127.324 0.000
v 54.919 127.045 0.000
v 54.159 126.988 0.000
v 53.415 127.158 0.000
v 52.754 127.539 0.000
v 52.236 128.098 0.000
v 51.905 128.786 0.000
v 32.741 129.540 0.000
v 32.855 130.294 0.000
v 33.186 130.982 0.000
v 33.704 131.541 0.000
v 34.365 131.922 0.000
v 35.109 132.092 0.000
v 35.869 132.035 0.000
v 36.580 131.756 0.000
v 37.176 131.281 0.000
v 37.606 130.650 0.000
v 37.830 129.921 0.000
v 37.830 129.159 0.000
v 37.606 128.430 0.000
v 37.176 127.799 0.000
v 36.580 127.324 0.000
v 35.869 127.045 0.000
v 35.109 126.988 0.000
v 34.365 127.158 0.000
v 33.704 127.539 0.000
v 33.186 128.098 0.000
v 32.855 128.786 0.000
v 13.691 129.540 0.000
v 13.805 130.294 0.000
v 14.136 130.982 0.000
v 14.654 131.541 0.000
v 15.315 131.922 0.000
v 16.059 132.092 0.000
v 16.819 132.035 0.000
v 17.530 131.756 0.000
v 18.126 131.281 0.000
v 18.556 130.650 0.000
v 18.780 129.921 0.000
v 18.780 129.159 0.000
v 18.556 128.430 0.000
v 18.126 127.799 0.000
v 17.530 127.324 0.000
v 16.819 127.045 0.000
v 16.059 126.988 0.000
v 15.315 127.158 0.000
v 14.654 127.539 0.000
v 14.136 128.098 0.000
v 13.805 128.786 0.000
v 204.191 110.490 0.000
v 204.305 111.244 0.000
v 204.636 111.932 0.000
v 205.154 112.491 0.000
v 205.815 112.872 0.000
v 206.559 113.042 0.000
v 207.319 112.985 0.000
v 208.030 112.706 0.000
v 208.626 112.231 0.000
v 209.056 111.600 0.000
v 209.280 110.871 0.000
v 209.280 110.109 0.000
v 209.056 109.380 0.000
v 208.626 108.749 0.000
v 208.030 108.274 0.000
v 207.319 107.995 0.000
v 206.559 107.938 0.000
v 205.815 108.108 0.000
v 205.154 108.489 0.000
v 204.636 109.048 0.000
v 204.305 109.736 0.000
v 185.141 110.490 0.000
v 185.255 111.244 0.000
v 185.586 111.932 0.000
v 186.104 112.491 0.000
v 186.765 112.872 0.000
v 187.509 113.042 0.000
v 188.269 112.985 0.000
v 188.980 112.706 0.000
v 189.576 112.231 0.000
v 190.006 111.600 0.000
v 190.230 110.871 0.000
v 190.230 110.109 0.000
v 190.006 109.380 0.000
v 189.576 108.749 0.000
v 188.980 108.274 0.000
v 188.269 107.995 0.000
v 187.509 107.938 0.000
v 186.765 108.108 0.000
v 186.104 108.489 0.000
v 185.586 109.048 0.000
v 185.255 109.736 0.000
v 166.091 110.490 0.000
v 166.205 111.244 0.000
v 166.536 111.932 0.000
v 167.054 112.491 0.000
v 167.715 112.872 0.000
v 168.459 113.042 0.000
v 169.219 112.985 0.000
v 169.930 112.706 0.000
v 170.526 112.231 0.000
v 170.956 111.600 0.000
v 171.180 110.871 0.000
v 171.180 110.109 0.000
v 170.956 109.380 0.000
v 170.526 108.749 0.000
v 169.930 108.274 0.000
v 169.219 107.995 0.000
v 168.459 107.938 0.000
v 167.715 108.108 0.000
v 167.054 108.489 0.000
v 166.536 109.048 0.000
v 166.205 109.736 0.000
v 147.041 110.490 0.000
v 147.155 111.244 0.000
v 147.486 111.932 0.000
v 148.004 112.491 0.000
v 148.665 112.872 0.000
v 149.409 113.042 0.000
v 150.169 112.985 0.000
v 150.880 112.706 0.000
v 151.476 112.231 0.000
v 151.906 111.600 0.000
v 152.130 110.871 0.000
v 152.130 110.109 0.000
v 151.906 109.380 0.000
v 151.476 108.749 0.000
v 150.880 108.274 0.000
v 150.169 107.995 0.000
v 149.409 107.938 0.000
v 148.665 108.108 0.000
v 148.004 108.489 0.000
v 147.486 109.048 0.000
v 147.155 109.736 0.000
v 127.991 110.490 0.000
v 128.105 111.244 0.000
v 128.436 111.932 0.000
v 128.954 112.491 0.000
v 129.615 112.872 0.000
v 130.359 113.042 0.000
v 131.119 112.985 0.000
v 131.830 112.706 0.000
v 132.426 112.231 0.000
v 132.856 111.600 0.000
v 133.080 110.871 0.000
v 133.080 110.109 0.000
v 132.856 109.380 0.000
v 132.426 108.749 0.000
v 131.830 108.274 0.000
v 131.119 107.995 0.000
v 130.359 107.938 0.000
v 129.615 108.108 0.000
v 128.954 108.489 0.000
v 128.436 109.048 0.000
v 128.105 109.736 0.000
v 108.941 110.490 0.000
v 109.055 111.244 0.000
v 109.386 111.932 0.000
v 109.904 112.491 0.000
v 110.565 112.872 0.000
v 111.309 113.042 0.000
v 112.069 112.985 0.000
v 112.780 112.706 0.000
v 113.376 112.231 0.000
v 113.806 111.600 0.000
v 114.030 110.871 0.000
v 114.030 110.109 0.000
v 113.806 109.380 0.000
v 113.376 108.749 0.000
v 112.780 108.274 0.000
v 112.069 107.995 0.000
v 111.309 107.938 0.000
v 110.565 108.108 0.000
v 109.904 108.489 0.000
v 109.386 109.048 0.000
v 109.055 109.736 0.000
v 89.891 110.490 0.000
v 90.005 111.244 0.000
v 90.336 111.932 0.000
v 90.854 112.491 0.000
v 91.515 112.872 0.000
v 92.259 113.042 0.000
v 93.019 112.985 0.000
v 93.730 112.706 0.000
v 94.326 112.231 0.000
v 94.756 111.600 0.000
v 94.980 110.871 0.000
v 94.980 110.109 0.000
v 94.756 109.380 0.000
v 94.326 108.749 0.000
v 93.730 108.274 0.000
v 93.019 107.995 0.000
v 92.259 107.938 0.000
v 91.515 108.108 0.000
v 90.854 108.489 0.000
v 90.336 109.048 0.000
v 90.005 109.736 0.000
v 70.841 110.490 0.000
v 70.955 111.244 0.000
v 71.286 111.932 0.000
v 71.804 112.491 0.000
v 72.465 112.872 0.000
v 73.209 113.042 0.000
v 73.969 112.985 0.000
v 74.680 112.706 0.000
v 75.276 112.231 0.000
v 75.706 111.600 0.000
v 75.930 110.871 0.000
v 75.930 110.109 0.000
v 75.706 109.380 0.000
v 75.276 108.749 0.000
v 74.680 108.274 0.000
v 73.969 107.995 0.000
v 73.209 107.938 0.000
v 72.465 108.108 0.000
v 71.804 108.489 0.000
v 71.286 109.048 0.000
v 70.955 109.736 0.000
v 51.791 110.490 0.000
v 51.905 111.244 0.000
v 52.236 111.932 0.000
v 52.754 112.491 0.000
v 53.415 112.872 0.000
v 54.159 113.042 0.000
v 54.919 112.985 0.000
v 55.630 112.706 0.000
v 56.226 112.231 0.000
v 56.656 111.600 0.000
v 56.880 110.871 0.000
v 56.880 110.109 0.000
v 56.656 109.380 0.000
v 56.226 108.749 0.000
v 55.630 108.274 0.000
v 54.919 107.995 0.000
v 54.159 107.938 0.000
v 53.415 108.108 0.000
v 52.754 108.489 0.000
v 52.236 109.048 0.000
v 51.905 109.736 0.000
v 32.741 110.490 0.000
v 32.855 111.244 0.000
v 33.186 111.932 0.000
v 33.704 112.491 0.000
v 34.365 112.872 0.000
v 35.109 113.042 0.000
v 35.869 112.985 0.000
v 36.580 112.706 0.000
v 37.176 112.231 0.000
v 37.606 111.600 0.000
v 37.830 110.871 0.000
v 37.830 110.109 0.000
v 37.606 109.380 0.000
v 37.176 108.749 0.000
v 36.580 108.274 0.000
v 35.869 107.995 0.000
v 35.109 107.938 0.000
v 34.365 108.108 0.000
v 33.704 108.489 0.000
v 33.186 109.048 0.000
v 32.855 109.736 0.000
v 13.691 110.490 0.000
v 13.805 111.244 0.000
v 14.136 111.932 0.000
v 14.654 112.491 0.000
v 15.315 112.872 0.000
v 16.059 113.042 0.000
v 16.819 112.985 0.000
v 17.530 112.706 0.000
v 18.126 112.231 0.000
v 18.556 111.600 0.000
v 18.780 110.871 0.000
v 18.780 110.109 0.000
v 18.556 109.380 0.000
v 18.126 108.749 0.000
v 17.530 108.274 0.000
v 16.819 107.995 0.000
v 16.059 107.938 0.000
v 15.315 108.108 0.000
v 14.654 108.489 0.000
v 14.136 109.048 0.000
v 13.805 109.736 0.000
v 185.141 91.440 0.000
v 185.255 92.194 0.000
v 185.586 92.882 0.000
v 186.104 93.441 0.000
v 186.765 93.822 0.000
v 187.509 93.992 0.000
v 188.269 93.935 0.000
v 188.980 93.656 0.000
v 189.576 93.181 0.000
v 190.006 92.550 0.000
v 190.230 91.821 0.000
v 190.230 91.059 0.000
v 190.006 90.330 0.000
v 189.576 89.699 0.000
v 188.980 89.224 0.000
v 188.269 88.945 0.000
v 187.509 88.888 0.000
v 186.765 89.058 0.000
v 186.104 89.439 0.000
v 185.586 89.998 0.000
v 185.255 90.686 0.000
v 166.091 91.440 0.000
v 166.205 92.194 0.000
v 166.536 92.882 0.000
v 167.054 93.441 0.000
v 167.715 93.822 0.000
v 168.459 93.992 0.000
v 169.219 93.935 0.000
v 169.930 93.656 0.000
v 170.526 93.181 0.000
v 170.956 92.550 0.000
v 171.180 91.821 0.000
v 171.180 91.059 0.000
v 170.956 90.330 0.000
v 170.526 89.699 0.000
v 169.930 89.224 0.000
v 169.219 88.945 0.000
v 168.459 88.888 0.000
v 167.715 89.058 0.000
v 167.054 89.439 0.000
v 166.536 89.998 0.000
v 166.205 90.686 0.000
v 147.041 91.440 0.000
v 147.155 92.194 0.000
v 147.486 92.882 0.000
v 148.004 93.441 0.000
v 148.665 93.822 0.000
v 149.409 93.992 0.000
v 150.169 93.935 0.000
v 150.880 93.656 0.000
v 151.476 93.181 0.000
v 151.906 92.550 0.000
v 152.130 91.821 0.000
v 152.130 91.059 0.000
v 151.906 90.330 0.000
v 151.476 89.699 0.000
v 150.880 89.224 0.000
v 150.169 88.945 0.000
v 149.409 88.888 0.000
v 148.665 89.058 0.000
v 148.004 89.439 0.000
v 147.486 89.998 0.000
v 147.155 90.686 0.000
v 127.991 91.440 0.000
v 128.105 92.194 0.000
v 128.436 92.882 0.000
v 128.954 93.441 0.000
v 129.615 93.822 0.000
v 130.359 93.992 0.000
v 131.119 93.935 0.000
v 131.830 93.656 0.000
v 132.426 93.181 0.000
v 132.856 92.550 0.000
v 133.080 91.821 0.000
v 133.080 91.059 0.000
v 132.856 90.330 0.000
v 132.426 89.699 0.000
v 131.830 89.224 0.000
v 131.119 88.945 0.000
v 130.359 88.888 0.000
v 129.615 89.058 0.000
v 128.954 89.439 0.000
v 128.436 89.998 0.000
v 128.105 90.686 0.000
v 108.941 91.440 0.000
v 109.055 92.194 0.000
v 109.386 92.882 0.000
v 109.904 93.441 0.000
v 110.565 93.822 0.000
v 111.309 93.992 0.000
v 112.069 93.935 0.000
v 112.780 93.656 0.000
v 113.376 93.181 0.000
v 113.806 92.550 0.000
v 114.030 91.821 0.000
v 114.030 91.059 0.000
v 113.806 90.330 0.000
v 113.376 89.699 0.000
v 112.780 89.224 0.000
v 112.069 88.945 0.000
v 111.309 88.888 0.000
v 110.565 89.058 0.000
v 109.904 89.439 0.000
v 109.386 89.998 0.000
v 109.055 90.686 0.000
v 89.891 91.440 0.000
v 90.005 92.194 0.000
v 90.336 92.882 0.000
v 90.854 93.441 0.000
v 91.515 93.822 0.000
v 92.259 93.992 0.000
v 93.019 93.935 0.000
v 93.730 93.656 0.000
v 94.326 93.181 0.000
v 94.756 92.550 0.000
v 94.980 91.821 0.000
v 94.980 91.059 0.000
v 94.756 90.330 0.000
v 94.326 89.699 0.000
v 93.730 89.224 0.000
v 93.019 88.945 0.000
v 92.259 88.888 0.000
v 91.515 89.058 0.000
v 90.854 89.439 0.000
v 90.336 89.998 0.000
v 90.005 90.686 0.000
v 70.841 91.440 0.000
v 70.955 92.194 0.000
v 71.286 92.882 0.000
v 71.804 93.441 0.000
v 72.465 93.822 0.000
v 73.209 93.992 0.000
v 73.969 93.935 0.000
v 74.680 93.656 0.000
v 75.276 93.181 0.000
v 75.706 92.550 0.000
v 75.930 91.821 0.000
v 75.930 91.059 0.000
v 75.706 90.330 0.000
v 75.276 89.699 0.000
v 74.680 89.224 0.000
v 73.969 88.945 0.000
v 73.209 88.888 0.000
v 72.465 89.058 0.000
v 71.804 89.439 0.000
v 71.286 89.998 0.000
v 70.955 90.686 0.000
v 51.791 91.440 0.000
v 51.905 92.194 0.000
v 52.236 92.882 0.000
v 52.754 93.441 0.000
v 53.415 93.822 0.000
v 54.159 93.992 0.000
v 54.919 93.935 0.000
v 55.630 93.656 0.000
v 56.226 93.181 0.000
v 56.656 92.550 0.000
v 56.880 91.821 0.000
v 56.880 91.059 0.000
v 56.656 90.330 0.000
v 56.226 89.699 0.000
v 55.630 89.224 0.000
v 54.919 88.945 0.000
v 54.159 88.888 0.000
v 53.415 89.058 0.000
v 52.754 89.439 0.000
v 52.236 89.998 0.000
v 51.905 90.686 0.000
v 32.741 91.440 0.000
v 32.855 92.194 0.000
v 33.186 92.882 0.000
v 33.704 93.441 0.000
v 34.365 93.822 0.000
v 35.109 93.992 0.000
v 35.869 93.935 0.000
v 36.580 93.656 0.000
v 37.176 93.181 0.000
v 37.606 92.550 0.000
v 37.830 91.821 0.000
v 37.830 91.059 0.000
v 37.606 90.330 0.000
v 37.176 89.699 0.000
v 36.580 89.224 0.000
v 35.869 88.945 0.000
v 35.109 88.888 0.000
v 34.365 89.058 0.000
v 33.704 89.439 0.000
v 33.186 89.998 0.000
v 32.855 90.686 0.000
v 185.141 72.390 0.000
v 185.255 73.144 0.000
v 185.586 73.832 0.000
v 186.104 74.391 0.000
v 186.765 74.772 0.000
v 187.509 74.942 0.000
v 188.269 74.885 0.000
v 188.980 74.606 0.000
v 189.576 74.131 0.000
v 190.006 73.500 0.000
v 190.230 72.771 0.000
v 190.230 72.009 0.000
v 190.006 71.280 0.000
v 189.576 70.649 0.000
v 188.980 70.174 0.000
v 188.269 69.895 0.000
v 187.509 69.838 0.000
v 186.765 70.008 0.000
v 186.104 70.389 0.000
v 185.586 70.948 0.000
v 185.255 71.636 0.000
v 166.091 72.390 0.000
v 166.205 73.144 0.000
v 166.536 73.832 0.000
v 167.054 74.391 0.000
v 167.715 74.772 0.000
v 168.459 74.942 0.000
v 169.219 74.885 0.000
v 169.930 74.606 0.000
v 170.526 74.131 0.000
v 170.956 73.500 0.000
v 171.180 72.771 0.000
v 171.180 72.009 0.000
v 170.956 71.280 0.000
v 170.526 70.649 0.000
v 169.930 70.174 0.000
v 169.219 69.895 0.000
v 168.459 69.838 0.000
v 167.715 70.008 0.000
v 167.054 70.389 0.000
v 166.536 70.948 0.000
v 166.205 71.636 0.000
v 147.041 72.390 0.000
v 147.155 73.144 0.000
v 147.486 73.832 0.000
v 148.004 74.391 0.000
v 148.665 74.772 0.000
v 149.409 74.942 0.000
v 150.169 74.885 0.000
v 150.880 74.606 0.000
v 151.476 74.131 0.000
v 151.906 73.500 0.000
v 152.130 72.771 0.000
v 152.130 72.009 0.000
v 151.906 71.280 0.000
v 151.476 70.649 0.000
v 150.880 70.174 0.000
v 150.169 69.895 0.000
v 149.409 69.838 0.000
v 148.665 70.008 0.000
v 148.004 70.389 0.000
v 147.486 70.948 0.000
v 147.155 71.636 0.000
v 127.991 72.390 0.000
v 128.105 73.144 0.000
v 128.436 73.832 0.000
v 128.954 74.391 0.000
v 129.615 74.772 0.000
v 130.359 74.942 0.000
v 131.119 74.885 0.000
v 131.830 74.606 0.000
v 132.426 74.131 0.000
v 132.856 73.500 0.000
v 133.080 72.771 0.000
v 133.080 72.009 0.000
v 132.856 71.280 0.000
v 132.426 70.649 0.000
v 131.830 70.174 0.000
v 131.119 69.895 0.000
v 130.359 69.838 0.000
v 129.615 70.008 0.000
v 128.954 70.389 0.000
v 128.436 70.948 0.000
v 128.105 71.636 0.000
v 108.941 72.390 0.000
v 109.055 73.144 0.000
v 109.386 73.832 0.000
v 109.904 74.391 0.000
v 110.565 74.772 0.000
v 111.309 74.942 0.000
v 112.069 74.885 0.000
v 112.780 74.606 0.000
v 113.376 74.131 0.000
v 113.806 73.500 0.000
v 114.030 72.771 0.000
v 114.030 72.009 0.000
v 113.806 71.280 0.000
v 113.376 70.649 0.000
v 112.780 70.174 0.000
v 112.069 69.895 0.000
v 111.309 69.838 0.000
v 110.565 70.008 0.000
v 109.904 70.389 0.000
v 109.386 70.948 0.000
v 109.055 71.636 0.000
v 89.891 72.390 0.000
v 90.005 73.144 0.000
v 90.336 73.832 0.000
v 90.854 74.391 0.000
v 91.515 74.772 0.000
v 92.259 74.942 0.000
v 93.019 74.885 0.000
v 93.730 74.606 0.000
v 94.326 74.131 0.000
v 94.756 73.500 0.000
v 94.980 72.771 0.000
v 94.980 72.009 0.000
v 94.756 71.280 0.000
v 94.326 70.649 0.000
v 93.730 70.174 0.000
v 93.019 69.895 0.000
v 92.259 69.838 0.000
v 91.515 70.008 0.000
v 90.854 70.389 0.000
v 90.336 70.948 0.000
v 90.005 71.636 0.000
v 70.841 72.390 0.000
v 70.955 73.144 0.000
v 71.286 73.832 0.000
v 71.804 74.391 0.000
v 72.465 74.772 0.000
v 73.209 74.942 0.000
v 73.969 74.885 0.000
v 74.680 74.606 0.000
v 75.276 74.131 0.000
v 75.706 73.500 0.000
v 75.930 72.771 0.000
v 75.930 72.009 0.000
v 75.706 71.280 0.000
v 75.276 70.649 0.000
v 74.680 70.174 0.000
v 73.969 69.895 0.000
v 73.209 69.838 0.000
v 72.465 70.008 0.000
v 71.804 70.389 0.000
v 71.286 70.948 0.000
v 70.955 71.636 0.000
v 51.791 72.390 0.000
v 51.905 73.144 0.000
v 52.236 73.832 0.000
v 52.754 74.391 0.000
v 53.415 74.772 0.000
v 54.159 74.942 0.000
v 54.919 74.885 0.000
v 55.630 74.606 0.000
v 56.226 74.131 0.000
v 56.656 73.500 0.000
v 56.880 72.771 0.000
v 56.880 72.009 0.000
v 56.656 71.280 0.000
v 56.226 70.649 0.000
v 55.630 70.174 0.000
v 54.919 69.895 0.000
v 54.159 69.838 0.000
v 53.415 70.008 0.000
v 52.754 70.389 0.000
v 52.236 70.948 0.000
v 51.905 71.636 0.000
v 32.741 72.390 0.000
v 32.855 73.144 0.000
v 33.186 73.832 0.000
v 33.704 74.391 0.000
v 34.365 74.772 0.000
v 35.109 74.942 0.000
v 35.869 74.885 0.000
v 36.580 74.606 0.000
v 37.176 74.131 0.000
v 37.606 73.500 0.000
v 37.830 72.771 0.000
v 37.830 72.009 0.000
v 37.606 71.280 0.000
v 37.176 70.649 0.000
v 36.580 70.174 0.000
v 35.869 69.895 0.000
v 35.109 69.838 0.000
v 34.365 70.008 0.000
v 33.704 70.389 0.000
v 33.186 70.948 0.000
v 32.855 71.636 0.000
v 204.191 53.340 0.000
v 204.305 54.094 0.000
v 204.636 54.782 0.000
v 205.154 55.341 0.000
v 205.815 55.722 0.000
v 206.559 55.892 0.000
v 207.319 55.835 0.000
v 208.030 55.556 0.000
v 208.626 55.081 0.000
v 209.056 54.450 0.000
v 209.280 53.721 0.000
v 209.280 52.959 0.000
v 209.056 52.230 0.000
v 208.626 51.599 0.000
v 208.030 51.124 0.000
v 207.319 50.845 0.000
v 206.559 50.788 0.000
v 205.815 50.958 0.000
v 205.154 51.339 0.000
v 204.636 51.898 0.000
v 204.305 52.586 0.000
v 185.141 53.340 0.000
v 185.255 54.094 0.000
v 185.586 54.782 0.000
v 186.104 55.341 0.000
v 186.765 55.722 0.000
v 187.509 55.892 0.000
v 188.269 55.835 0.000
v 188.980 55.556 0.000
v 189.576 55.081 0.000
v 190.006 54.450 0.000
v 190.230 53.721 0.000
v 190.230 52.959 0.000
v 190.006 52.230 0.000
v 189.576 51.599 0.000
v 188.980 51.124 0.000
v 188.269 50.845 0.000
v 187.509 50.788 0.000
v 186.765 50.958 0.000
v 186.104 51.339 0.000
v 185.586 51.898 0.000
v 185.255 52.586 0.000
v 166.091 53.340 0.000
v 166.205 54.094 0.000
v 166.536 54.782 0.000
v 167.054 55.341 0.000
v 167.715 55.722 0.000
v 168.459 55.892 0.000
v 169.219 55.835 0.000
v 169.930 55.556 0.000
v 170.526 55.081 0.000
v 170.956 54.450 0.000
v 171.180 53.721 0.000
v 171.180 52.959 0.000
v 170.956 52.230 0.000
v 170.526 51.599 0.000
v 169.930 51.124 0.000
v 169.219 50.845 0.000
v 168.459 50.788 0.000
v 167.715 50.958 0.000
v 167.054 51.339 0.000
v 166.536 51.898 0.000
v 166.205 52.586 0.000
v 147.041 53.340 0.000
v 147.155 54.094 0.000
v 147.486 54.782 0.000
v 148.004 55.341 0.000
v 148.665 55.722 0.000
v 149.409 55.892 0.000
v 150.169 55.835 0.000
v 150.880 55.556 0.000
v 151.476 55.081 0.000
v 151.906 54.450 0.000
v 152.130 53.721 0.000
v 152.130 52.959 0.000
v 151.906 52.230 0.000
v 151.476 51.599 0.000
v 150.880 51.124 0.000
v 150.169 50.845 0.000
v 149.409 50.788 0.000
v 148.665 50.958 0.000
v 148.004 51.339 0.000
v 147.486 51.898 0.000
v 147.155 52.586 0.000
v 127.991 53.340 0.000
v 128.105 54.094 0.000
v 128.436 54.782 0.000
v 128.954 55.341 0.000
v 129.615 55.722 0.000
v 130.359 55.892 0.000
v 131.119 55.835 0.000
v 131.830 55.556 0.000
v 132.426 55.081 0.000
v 132.856 54.450 0.000
v 133.080 53.721 0.000
v 133.080 52.959 0.000
v 132.856 52.230 0.000
v 132.426 51.599 0.000
v 131.830 51.124 0.000
v 131.119 50.845 0.000
v 130.359 50.788 0.000
v 129.615 50.958 0.000
v 128.954 51.339 0.000
v 128.436 51.898 0.000
v 128.105 52.586 0.000
v 108.941 53.340 0.000
v 109.055 54.094 0.000
v 109.386 54.782 0.000
v 109.904 55.341 0.000
v 110.565 55.722 0.000
v 111.309 55.892 0.000
v 112.069 55.835 0.000
v 112.780 55.556 0.000
v 113.376 55.081 0.000
v 113.806 54.450 0.000
v 114.030 53.721 0.000
v 114.030 52.959 0.000
v 113.806 52.230 0.000
v 113.376 51.599 0.000
v 112.780 51.124 0.000
v 112.069 50.845 0.000
v 111.309 50.788 0.000
v 110.565 50.958 0.000
v 109.904 51.339 0.000
v 109.386 51.898 0.000
v 109.055 52.586 0.000
v 89.891 53.340 0.000
v 90.005 54.094 0.000
v 90.336 54.782 0.000
v 90.854 55.341 0.000
v 91.515 55.722 0.000
v 92.259 55.892 0.000
v 93.019 55.835 0.000
v 93.730 55.556 0.000
v 94.326 55.081 0.000
v 94.756 54.450 0.000
v 94.980 53.721 0.000
v 94.980 52.959 0.000
v 94.756 52.230 0.000
v 94.326 51.599 0.000
v 93.730 51.124 0.000
v 93.019 50.845 0.000
v 92.259 50.788 0.000
v 91.515 50.958 0.000
v 90.854 51.339 0.000
v 90.336 51.898 0.000
v 90.005 52.586 0.000
v 70.841 53.340 0.000
v 70.955 54.094 0.000
v 71.286 54.782 0.000
v 71.804 55.341 0.000
v 72.465 55.722 0.000
v 73.209 55.892 0.000
v 73.969 55.835 0.000
v 74.680 55.556 0.000
v 75.276 55.081 0.000
v 75.706 54.450 0.000
v 75.930 53.721 0.000
v 75.930 52.959 0.000
v 75.706 52.230 0.000
v 75.276 51.599 0.000
v 74.680 51.124 0.000
v 73.969 50.845 0.000
v 73.209 50.788 0.000
v 72.465 50.958 0.000
v 71.804 51.339 0.000
v 71.286 51.898 0.000
v 70.955 52.586 0.000
v 51.791 53.340 0.000
v 51.905 54.094 0.000
v 52.236 54.782 0.000
v 52.754 55.341 0.000
v 53.415 55.722 0.000
v 54.159 55.892 0.000
v 54.919 55.835 0.000
v 55.630 55.556 0.000
v 56.226 55.081 0.000
v 56.656 54.450 0.000
v 56.880 53.721 0.000
v 56.880 52.959 0.000
v 56.656 52.230 0.000
v 56.226 51.599 0.000
v 55.630 51.124 0.000
v 54.919 50.845 0.000
v 54.159 50.788 0.000
v 53.415 50.958 0.000
v 52.754 51.339 0.000
v 52.236 51.898 0.000
v 51.905 52.586 0.000
v 32.741 53.340 0.000
v 32.855 54.094 0.000
v 33.186 54.782 0.000
v 33.704 55.341 0.000
v 34.365 55.722 0.000
v 35.109 55.892 0.000
v 35.869 55.835 0.000
v 36.580 55.556 0.000
v 37.176 55.081 0.000
v 37.606 54.450 0.000
v 37.830 53.721 0.000
v 37.830 52.959 0.000
v 37.606 52.230 0.000
v 37.176 51.599 0.000
v 36.580 51.124 0.000
v 35.869 50.845 0.000
v 35.109 50.788 0.000
v 34.365 50.958 0.000
v 33.704 51.339 0.000
v 33.186 51.898 0.000
v 32.855 52.586 0.000
v 204.191 34.290 0.000
v 204.305 35.044 0.000
v 204.636 35.732 0.000
v 205.154 36.291 0.000
v 205.815 36.672 0.000
v 206.559 36.842 0.000
v 207.319 36.785 0.000
v 208.030 36.506 0.000
v 208.626 36.031 0.000
v 209.056 35.400 0.000
v 209.280 34.671 0.000
v 209.280 33.909 0.000
v 209.056 33.180 0.000
v 208.626 32.549 0.000
v 208.030 32.074 0.000
v 207.319 31.795 0.000
v 206.559 31.738 0.000
v 205.815 31.908 0.000
v 205.154 32.289 0.000
v 204.636 32.848 0.000
v 204.305 33.536 0.000
v 185.141 34.290 0.000
v 185.255 35.044 0.000
v 185.586 35.732 0.000
v 186.104 36.291 0.000
v 186.765 36.672 0.000
v 187.509 36.842 0.000
v 188.269 36.785 0.000
v 188.980 36.506 0.000
v 189.576 36.031 0.000
v 190.006 35.400 0.000
v 190.230 34.671 0.000
v 190.230 33.909 0.000
v 190.006 33.180 0.000
v 189.576 32.549 0.000
v 188.980 32.074 0.000
v 188.269 31.795 0.000
v 187.509 31.738 0.000
v 186.765 31.908 0.000
v 186.104 32.289 0.000
v 185.586 32.848 0.000
v 185.255 33.536 0.000
v 166.091 34.290 0.000
v 166.205 35.044 0.000
v 166.536 35.732 0.000
v 167.054 36.291 0.000
v 167.715 36.672 0.000
v 168.459 36.842 0.000
v 169.219 36.785 0.000
v 169.930 36.506 0.000
v 170.526 36.031 0.000
v 170.956 35.400 0.000
v 171.180 34.671 0.000
v 171.180 33.909 0.000
v 170.956 33.180 0.000
v 170.526 32.549 0.000
v 169.930 32.074 0.000
v 169.219 31.795 0.000
v 168.459 31.738 0.000
v 167.715 31.908 0.000
v 167.054 32.289 0.000
v 166.536 32.848 0.000
v 166.205 33.536 0.000
v 147.041 34.290 0.000
v 147.155 35.044 0.000
v 147.486 35.732 0.000
v 148.004 36.291 0.000
v 148.665 36.672 0.000
v 149.409 36.842 0.000
v 150.169 36.785 0.000
v 150.880 36.506 0.000
v 151.476 36.031 0.000
v 151.906 35.400 0.000
v 152.130 34.671 0.000
v 152.130 33.909 0.000
v 151.906 33.180 0.000
v 151.476 32.549 0.000
v 150.880 32.074 0.000
v 150.169 31.795 0.000
v 149.409 31.738 0.000
v 148.665 31.908 0.000
v 148.004 32.289 0.000
v 147.486 32.848 0.000
v 147.155 33.536 0.000
v 127.991 34.290 0.000
v 128.105 35.044 0.000
v 128.436 35.732 0.000
v 128.954 36.291 0.000
v 129.615 36.672 0.000
v 130.359 36.842 0.000
v 131.119 36.785 0.000
v 131.830 36.506 0.000
v 132.426 36.031 0.000
v 132.856 35.400 0.000
v 133.080 34.671 0.000
v 133.080 33.909 0.000
v 132.856 33.180 0.000
v 132.426 32.549 0.000
v 131.830 32.074 0.000
v 131.119 31.795 0.000
v 130.359 31.738 0.000
v 129.615 31.908 0.000
v 128.954 32.289 0.000
v 128.436 32.848 0.000
v 128.105 33.536 0.000
v 108.941 34.290 0.000
v 109.055 35.044 0.000
v 109.386 35.732 0.000
v 109.904 36.291 0.000
v 110.565 36.672 0.000
v 111.309 36.842 0.000
v 112.069 36.785 0.000
v 112.780 36.506 0.000
v 113.376 36.031 0.000
v 113.806 35.400 0.000
v 114.030 34.671 0.000
v 114.030 33.909 0.000
v 113.806 33.180 0.000
v 113.376 32.549 0.000
v 112.780 32.074 0.000
v 112.069 31.795 0.000
v 111.309 31.738 0.000
v 110.565 31.908 0.000
v 109.904 32.289 0.000
v 109.386 32.848 0.000
v 109.055 33.536 0.000
v 89.891 34.290 0.000
v 90.005 35.044 0.000
v 90.336 35.732 0.000
v 90.854 36.291 0.000
v 91.515 36.672 0.000
v 92.259 36.842 0.000
v 93.019 36.785 0.000
v 93.730 36.506 0.000
v 94.326 36.031 0.000
v 94.756 35.400 0.000
v 94.980 34.671 0.000
v 94.980 33.909 0.000
v 94.756 33.180 0.000
v 94.326 32.549 0.000
v 93.730 32.074 0.000
v 93.019 31.795 0.000
v 92.259 31.738 0.000
v 91.515 31.908 0.000
v 90.854 32.289 0.000
v 90.336 32.848 0.000
v 90.005 33.536 0.000
v 70.841 34.290 0.000
v 70.955 35.044 0.000
v 71.286 35.732 0.000
v 71.804 36.291 0.000
v 72.465 36.672 0.000
v 73.209 36.842 0.000
v 73.969 36.785 0.000
v 74.680 36.506 0.000
v 75.276 36.031 0.000
v 75.706 35.400 0.000
v 75.930 34.671 0.000
v 75.930 33.909 0.000
v 75.706 33.180 0.000
v 75.276 32.549 0.000
v 74.680 32.074 0.000
v 73.969 31.795 0.000
v 73.209 31.738 0.000
v 72.465 31.908 0.000
v 71.804 32.289 0.000
v 71.286 32.848 0.000
v 70.955 33.536 0.000
v 51.791 34.290 0.000
v 51.905 35.044 0.000
v 52.236 35.732 0.000
v 52.754 36.291 0.000
v 53.415 36.672 0.000
v 54.159 36.842 0.000
v 54.919 36.785 0.000
v 55.630 36.506 0.000
v 56.226 36.031 0.000
v 56.656 35.400 0.000
v 56.880 34.671 0.000
v 56.880 33.909 0.000
v 56.656 33.180 0.000
v 56.226 32.549 0.000
v 55.630 32.074 0.000
v 54.919 31.795 0.000
v 54.159 31.738 0.000
v 53.415 31.908 0.000
v 52.754 32.289 0.000
v 52.236 32.848 0.000
v 51.905 33.536 0.000
v 32.741 34.290 0.000
v 32.855 35.044 0.000
v 33.186 35.732 0.000
v 33.704 36.291 0.000
v 34.365 36.672 0.000
v 35.109 36.842 0.000
v 35.869 36.785 0.000
v 36.580 36.506 0.000
v 37.176 36.031 0.000
v 37.606 35.400 0.000
v 37.830 34.671 0.000
v 37.830 33.909 0.000
v 37.606 33.180 0.000
v 37.176 32.549 0.000
v 36.580 32.074 0.000
v 35.869 31.795 0.000
v 35.109 31.738 0.000
v 34.365 31.908 0.000
v 33.704 32.289 0.000
v 33.186 32.848 0.000
v 32.855 33.536 0.000
v 185.141 15.240 0.000
v 185.255 15.994 0.000
v 185.586 16.682 0.000
v 186.104 17.241 0.000
v 186.765 17.622 0.000
v 187.509 17.792 0.000
v 188.269 17.735 0.000
v 188.980 17.456 0.000
v 189.576 16.981 0.000
v 190.006 16.350 0.000
v 190.230 15.621 0.000
v 190.230 14.859 0.000
v 190.006 14.130 0.000
v 189.576 13.499 0.000
v 188.980 13.024 0.000
v 188.269 12.745 0.000
v 187.509 12.688 0.000
v 186.765 12.858 0.000
v 186.104 13.239 0.000
v 185.586 13.798 0.000
v 185.255 14.486 0.000
v 166.091 15.240 0.000
v 166.205 15.994 0.000
v 166.536 16.682 0.000
v 167.054 17.241 0.000
v 167.715 17.622 0.000
v 168.459 17.792 0.000
v 169.219 17.735 0.000
v 169.930 17.456 0.000
v 170.526 16.981 0.000
v 170.956 16.350 0.000
v 171.180 15.621 0.000
v 171.180 14.859 0.000
v 170.956 14.130 0.000
v 170.526 13.499 0.000
v 169.930 13.024 0.000
v 169.219 12.745 0.000
v 168.459 12.688 0.000
v 167.715 12.858 0.000
v 167.054 13.239 0.000
v 166.536 13.798 0.000
v 166.205 14.486 0.000
v 147.041 15.240 0.000
v 147.155 15.994 0.000
v 147.486 16.682 0.000
v 148.004 17.241 0.000
v 148.665 17.622 0.000
v 149.409 17.792 0.000
v 150.169 17.735 0.000
v 150.880 17.456 0.000
v 151.476 16.981 0.000
v 151.906 16.350 0.000
v 152.130 15.621 0.000
v 152.130 14.859 0.000
v 151.906 14.130 0.000
v 151.476 13.499 0.000
v 150.880 13.024 0.000
v 150.169 12.745 0.000
v 149.409 12.688 0.000
v 148.665 12.858 0.000
v 148.004 13.239 0.000
v 147.486 13.798 0.000
v 147.155 14.486 0.000
v 127.991 15.240 0.000
v 128.105 15.994 0.000
v 128.436 16.682 0.000
v 128.954 17.241 0.000
v 129.615 17.622 0.000
v 130.359 17.792 0.000
v 131.119 17.735 0.000
v 131.830 17.456 0.000
v 132.426 16.981 0.000
v 132.856 16.350 0.000
v 133.080 15.621 0.000
v 133.080 14.859 0.000
v 132.856 14.130 0.000
v 132.426 13.499 0.000
v 131.830 13.024 0.000
v 131.119 12.745 0.000
v 130.359 12.688 0.000
v 129.615 12.858 0.000
v 128.954 13.239 0.000
v 128.436 13.798 0.000
v 128.105 14.486 0.000
v 108.941 15.240 0.000
v 109.055 15.994 0.000
v 109.386 16.682 0.000
v 109.904 17.241 0.000
v 110.565 17.622 0.000
v 111.309 17.792 0.000
v 112.069 17.735 0.000
v 112.780 17.456 0.000
v 113.376 16.981 0.000
v 113.806 16.350 0.000
v 114.030 15.621 0.000
v 114.030 14.859 0.000
v 113.806 14.130 0.000
v 113.376 13.499 0.000
v 112.780 13.024 0.000
v 112.069 12.745 0.000
v 111.309 12.688 0.000
v 110.565 12.858 0.000
v 109.904 13.239 0.000
v 109.386 13.798 0.000
v 109.055 14.486 0.000
v 89.891 15.240 0.000
v 90.005 15.994 0.000
v 90.336 16.682 0.000
v 90.854 17.241 0.000
v 91.515 17.622 0.000
v 92.259 17.792 0.000
v 93.019 17.735 0.000
v 93.730 17.456 0.000
v 94.326 16.981 0.000
v 94.756 16.350 0.000
v 94.980 15.621 0.000
v 94.980 14.859 0.000
v 94.756 14.130 0.000
v 94.326 13.499 0.000
v 93.730 13.024 0.000
v 93.019 12.745 0.000
v 92.259 12.688 0.000
v 91.515 12.858 0.000
v 90.854 13.239 0.000
v 90.336 13.798 0.000
v 90.005 14.486 0.000
v 70.841 15.240 0.000
v 70.955 15.994 0.000
v 71.286 16.682 0.000
v 71.804 17.241 0.000
v 72.465 17.622 0.000
v 73.209 17.792 0.000
v 73.969 17.735 0.000
v 74.680 17.456 0.000
v 75.276 16.981 0.000
v 75.706 16.350 0.000
v 75.930 15.621 0.000
v 75.930 14.859 0.000
v 75.706 14.130 0.000
v 75.276 13.499 0.000
v 74.680 13.024 0.000
v 73.969 12.745 0.000
v 73.209 12.688 0.000
v 72.465 12.858 0.000
v 71.804 13.239 0.000
v 71.286 13.798 0.000
v 70.955 14.486 0.000
v 32.741 15.240 0.000
v 32.855 15.994 0.000
v 33.186 16.682 0.000
v 33.704 17.241 0.000
v 34.365 17.622 0.000
v 35.109 17.792 0.000
v 35.869 17.735 0.000
v 36.580 17.456 0.000
v 37.176 16.981 0.000
v 37.606 16.350 0.000
v 37.830 15.621 0.000
v 37.830 14.859 0.000
v 37.606 14.130 0.000
v 37.176 13.499 0.000
v 36.580 13.024 0.000
v 35.869 12.745 0.000
v 35.109 12.688 0.000
v 34.365 12.858 0.000
v 33.704 13.239 0.000
v 33.186 13.798 0.000
v 32.855 14.486 0.000
v 213.716 196.215 0.000
v 213.830 196.969 0.000
v 214.161 197.657 0.000
v 214.679 198.216 0.000
v 215.340 198.597 0.000
v 216.084 198.767 0.000
v 216.844 198.710 0.000
v 217.555 198.431 0.000
v 218.151 197.956 0.000
v 218.581 197.325 0.000
v 218.805 196.596 0.000
v 218.805 195.834 0.000
v 218.581 195.105 0.000
v 218.151 194.474 0.000
v 217.555 193.999 0.000
v 216.844 193.720 0.000
v 216.084 193.663 0.000
v 215.340 193.833 0.000
v 214.679 194.214 0.000
v 214.161 194.773 0.000
v 213.830 195.461 0.000
v 156.566 196.215 0.000
v 156.680 196.969 0.000
v 157.011 197.657 0.000
v 157.529 198.216 0.000
v 158.190 198.597 0.000
v 158.934 198.767 0.000
v 159.694 198.710 0.000
v 160.405 198.431 0.000
v 161.001 197.956 0.000
v 161.431 197.325 0.000
v 161.655 196.596 0.000
v 161.655 195.834 0.000
v 161.431 195.105 0.000
v 161.001 194.474 0.000
v 160.405 193.999 0.000
v 159.694 193.720 0.000
v 158.934 193.663 0.000
v 158.190 193.833 0.000
v 157.529 194.214 0.000
v 157.011 194.773 0.000
v 156.680 195.461 0.000
v 137.516 196.215 0.000
v 137.630 196.969 0.000
v 137.961 197.657 0.000
v 138.479 198.216 0.000
v 139.140 198.597 0.000
v 139.884 198.767 0.000
v 140.644 198.710 0.000
v 141.355 198.431 0.000
v 141.951 197.956 0.000
v 142.381 197.325 0.000
v 142.605 196.596 0.000
v 142.605 195.834 0.000
v 142.381 195.105 0.000
v 141.951 194.474 0.000
v 141.355 193.999 0.000
v 140.644 193.720 0.000
v 139.884 193.663 0.000
v 139.140 193.833 0.000
v 138.479 194.214 0.000
v 137.961 194.773 0.000
v 137.630 195.461 0.000
v 118.466 196.215 0.000
v 118.580 196.969 0.000
v 118.911 197.657 0.000
v 119.429 198.216 0.000
v 120.090 198.597 0.000
v 120.834 198.767 0.000
v 121.594 198.710 0.000
v 122.305 198.431 0.000
v 122.901 197.956 0.000
v 123.331 197.325 0.000
v 123.555 196.596 0.000
v 123.555 195.834 0.000
v 123.331 195.105 0.000
v 122.901 194.474 0.000
v 122.305 193.999 0.000
v 121.594 193.720 0.000
v 120.834 193.663 0.000
v 120.090 193.833 0.000
v 119.429 194.214 0.000
v 118.911 194.773 0.000
v 118.580 195.461 0.000
v 99.416 196.215 0.000
v 99.530 196.969 0.000
v 99.861 197.657 0.000
v 100.379 198.216 0.000
v 101.040 198.597 0.000
v 101.784 198.767 0.000
v 102.544 198.710 0.000
v 103.255 198.431 0.000
v 103.851 197.956 0.000
v 104.281 197.325 0.000
v 104.505 196.596 0.000
v 104.505 195.834 0.000
v 104.281 195.105 0.000
v 103.851 194.474 0.000
v 103.255 193.999 0.000
v 102.544 193.720 0.000
v 101.784 193.663 0.000
v 101.040 193.833 0.000
v 100.379 194.214 0.000
v 99.861 194.773 0.000
v 99.530 195.461 0.000
v 80.366 196.215 0.000
v 80.480 196.969 0.000
v 80.811 197.657 0.000
v 81.329 198.216 0.000
v 81.990 198.597 0.000
v 82.734 198.767 0.000
v 83.494 198.710 0.000
v 84.205 198.431 0.000
v 84.801 197.956 0.000
v 85.231 197.325 0.000
v 85.455 196.596 0.000
v 85.455 195.834 0.000
v 85.231 195.105 0.000
v 84.801 194.474 0.000
v 84.205 193.999 0.000
v 83.494 193.720 0.000
v 82.734 193.663 0.000
v 81.990 193.833 0.000
v 81.329 194.214 0.000
v 80.811 194.773 0.000
v 80.480 195.461 0.000
v 61.316 196.215 0.000
v 61.430 196.969 0.000
v 61.761 197.657 0.000
v 62.279 198.216 0.000
v 62.940 198.597 0.000
v 63.684 198.767 0.000
v 64.444 198.710 0.000
v 65.155 198.431 0.000
v 65.751 197.956 0.000
v 66.181 197.325 0.000
v 66.405 196.596 0.000
v 66.405 195.834 0.000
v 66.181 195.105 0.000
v 65.751 194.474 0.000
v 65.155 193.999 0.000
v 64.444 193.720 0.000
v 63.684 193.663 0.000
v 62.940 193.833 0.000
v 62.279 194.214 0.000
v 61.761 194.773 0.000
v 61.430 195.461 0.000
v 42.266 196.215 0.000
v 42.380 196.969 0.000
v 42.711 197.657 0.000
v 43.229 198.216 0.000
v 43.890 198.597 0.000
v 44.634 198.767 0.000
v 45.394 198.710 0.000
v 46.105 198.431 0.000
v 46.701 197.956 0.000
v 47.131 197.325 0.000
v 47.355 196.596 0.000
v 47.355 195.834 0.000
v 47.131 195.105 0.000
v 46.701 194.474 0.000
v 46.105 193.999 0.000
v 45.394 193.720 0.000
v 44.634 193.663 0.000
v 43.890 193.833 0.000
v 43.229 194.214 0.000
v 42.711 194.773 0.000
v 42.380 195.461 0.000
v 4.166 196.215 0.000
v 4.280 196.969 0.000
v 4.611 197.657 0.000
v 5.129 198.216 0.000
v 5.790 198.597 0.000
v 6.534 198.767 0.000
v 7.294 198.710 0.000
v 8.005 198.431 0.000
v 8.601 197.956 0.000
v 9.031 197.325 0.000
v 9.255 196.596 0.000
v 9.255 195.834 0.000
v 9.031 195.105 0.000
v 8.601 194.474 0.000
v 8.005 193.999 0.000
v 7.294 193.720 0.000
v 6.534 193.663 0.000
v 5.790 193.833 0.000
v 5.129 194.214 0.000
v 4.611 194.773 0.000
v 4.280 195.461 0.000
v 213.716 177.165 0.000
v 213.830 177.919 0.000
v 214.161 178.607 0.000
v 214.679 179.166 0.000
v 215.340 179.547 0.000
v 216.084 179.717 0.000
v 216.844 179.660 0.000
v 217.555 179.381 0.000
v 218.151 178.906 0.000
v 218.581 178.275 0.000
v 218.805 177.546 0.000
v 218.805 176.784 0.000
v 218.581 176.055 0.000
v 218.151 175.424 0.000
v 217.555 174.949 0.000
v 216.844 174.670 0.000
v 216.084 174.613 0.000
v 215.340 174.783 0.000
v 214.679 175.164 0.000
v 214.161 175.723 0.000
v 213.830 176.411 0.000
v 194.666 177.165 0.000
v 194.780 177.919 0.000
v 195.111 178.607 0.000
v 195.629 179.166 0.000
v 196.290 179.547 0.000
v 197.034 179.717 0.000
v 197.794 179.660 0.000
v 198.505 179.381 0.000
v 199.101 178.906 0.000
v 199.531 178.275 0.000
v 199.755 177.546 0.000
v 199.755 176.784 0.000
v 199.531 176.055 0.000
v 199.101 175.424 0.000
v 198.505 174.949 0.000
v 197.794 174.670 0.000
v 197.034 174.613 0.000
v 196.290 174.783 0.000
v 195.629 175.164 0.000
v 195.111 175.723 0.000
v 194.780 176.411 0.000
v 175.616 177.165 0.000
v 175.730 177.919 0.000
v 176.061 178.607 0.000
v 176.579 179.166 0.000
v 177.240 179.547 0.000
v 177.984 179.717 0.000
v 178.744 179.660 0.000
v 179.455 179.381 0.000
v 180.051 178.906 0.000
v 180.481 178.275 0.000
v 180.705 177.546 0.000
v 180.705 176.784 0.000
v 180.481 176.055 0.000
v 180.051 175.424 0.000
v 179.455 174.949 0.000
v 178.744 174.670 0.000
v 177.984 174.613 0.000
v 177.240 174.783 0.000
v 176.579 175.164 0.000
v 176.061 175.723 0.000
v 175.730 176.411 0.000
v 156.566 177.165 0.000
v 156.680 177.919 0.000
v 157.011 178.607 0.000
v 157.529 179.166 0.000
v 158.190 179.547 0.000
v 158.934 179.717 0.000
v 159.694 179.660 0.000
v 160.405 179.381 0.000
v 161.001 178.906 0.000
v 161.431 178.275 0.000
v 161.655 177.546 0.000
v 161.655 176.784 0.000
v 161.431 176.055 0.000
v 161.001 175.424 0.000
v 160.405 174.949 0.000
v 159.694 174.670 0.000
v 158.934 174.613 0.000
v 158.190 174.783 0.000
v 157.529 175.164 0.000
v 157.011 175.723 0.000
v 156.680 176.411 0.000
v 137.516 177.165 0.000
v 137.630 177.919 0.000
v 137.961 178.607 0.000
v 138.479 179.166 0.000
v 139.140 179.547 0.000
v 139.884 179.717 0.000
v 140.644 179.660 0.000
v 141.355 179.381 0.000
v 141.951 178.906 0.000
v 142.381 178.275 0.000
v 142.605 177.546 0.000
v 142.605 176.784 0.000
v 142.381 176.055 0.000
v 141.951 175.424 0.000
v 141.355 174.949 0.000
v 140.644 174.670 0.000
v 139.884 174.613 0.000
v 139.140 174.783 0.000
v 138.479 175.164 0.000
v 137.961 175.723 0.000
v 137.630 176.411 0.000
v 118.466 177.165 0.000
v 118.580 177.919 0.000
v 118.911 178.607 0.000
v 119.429 179.166 0.000
v 120.090 179.547 0.000
v 120.834 179.717 0.000
v 121.594 179.660 0.000
v 122.305 179.381 0.000
v 122.901 178.906 0.000
v 123.331 178.275 0.000
v 123.555 177.546 0.000
v 123.555 176.784 0.000
v 123.331 176.055 0.000
v 122.901 175.424 0.000
v 122.305 174.949 0.000
v 121.594 174.670 0.000
v 120.834 174.613 0.000
v 120.090 174.783 0.000
v 119.429 175.164 0.000
v 118.911 175.723 0.000
v 118.580 176.411 0.000
v 99.416 177.165 0.000
v 99.530 177.919 0.000
v 99.861 178.607 0.000
v 100.379 179.166 0.000
v 101.040 179.547 0.000
v 101.784 179.717 0.000
v 102.544 179.660 0.000
v 103.255 179.381 0.000
v 103.851 178.906 0.000
v 104.281 178.275 0.000
v 104.505 177.546 0.000
v 104.505 176.784 0.000
v 104.281 176.055 0.000
v 103.851 175.424 0.000
v 103.255 174.949 0.000
v 102.544 174.670 0.000
v 101.784 174.613 0.000
v 101.040 174.783 0.000
v 100.379 175.164 0.000
v 99.861 175.723 0.000
v 99.530 176.411 0.000
v 80.366 177.165 0.000
v 80.480 177.919 0.000
v 80.811 178.607 0.000
v 81.329 179.166 0.000
v 81.990 179.547 0.000
v 82.734 179.717 0.000
v 83.494 179.660 0.000
v 84.205 179.381 0.000
v 84.801 178.906 0.000
v 85.231 178.275 0.000
v 85.455 177.546 0.000
v 85.455 176.784 0.000
v 85.231 176.055 0.000
v 84.801 175.424 0.000
v 84.205 174.949 0.000
v 83.494 174.670 0.000
v 82.734 174.613 0.000
v 81.990 174.783 0.000
v 81.329 175.164 0.000
v 80.811 175.723 0.000
v 80.480 176.411 0.000
v 61.316 177.165 0.000
v 61.430 177.919 0.000
v 61.761 178.607 0.000
v 62.279 179.166 0.000
v 62.940 179.547 0.000
v 63.684 179.717 0.000
v 64.444 179.660 0.000
v 65.155 179.381 0.000
v 65.751 178.906 0.000
v 66.181 178.275 0.000
v 66.405 177.546 0.000
v 66.405 176.784 0.000
v 66.181 176.055 0.000
v 65.751 175.424 0.000
v 65.155 174.949 0.000
v 64.444 174.670 0.000
v 63.684 174.613 0.000
v 62.940 174.783 0.000
v 62.279 175.164 0.000
v 61.761 175.723 0.000
v 61.430 176.411 0.000
v 42.266 177.165 0.000
v 42.380 177.919 0.000
v 42.711 178.607 0.000
v 43.229 179.166 0.000
v 43.890 179.547 0.000
v 44.634 179.717 0.000
v 45.394 179.660 0.000
v 46.105 179.381 0.000
v 46.701 178.906 0.000
v 47.131 178.275 0.000
v 47.355 177.546 0.000
v 47.355 176.784 0.000
v 47.131 176.055 0.000
v 46.701 175.424 0.000
v 46.105 174.949 0.000
v 45.394 174.670 0.000
v 44.634 174.613 0.000
v 43.890 174.783 0.000
v 43.229 175.164 0.000
v 42.711 175.723 0.000
v 42.380 176.411 0.000
v 23.216 177.165 0.000
v 23.330 177.919 0.000
v 23.661 178.607 0.000
v 24.179 179.166 0.000
v 24.840 179.547 0.000
v 25.584 179.717 0.000
v 26.344 179.660 0.000
v 27.055 179.381 0.000
v 27.651 178.906 0.000
v 28.081 178.275 0.000
v 28.305 177.546 0.000
v 28.305 176.784 0.000
v 28.081 176.055 0.000
v 27.651 175.424 0.000
v 27.055 174.949 0.000
v 26.344 174.670 0.000
v 25.584 174.613 0.000
v 24.840 174.783 0.000
v 24.179 175.164 0.000
v 23.661 175.723 0.000
v 23.330 176.411 0.000
v 4.166 177.165 0.000
v 4.280 177.919 0.000
v 4.611 178.607 0.000
v 5.129 179.166 0.000
v 5.790 179.547 0.000
v 6.534 179.717 0.000
v 7.294 179.660 0.000
v 8.005 179.381 0.000
v 8.601 178.906 0.000
v 9.031 178.275 0.000
v 9.255 177.546 0.000
v 9.255 176.784 0.000
v 9.031 176.055 0.000
v 8.601 175.424 0.000
v 8.005 174.949 0.000
v 7.294 174.670 0.000
v 6.534 174.613 0.000
v 5.790 174.783 0.000
v 5.129 175.164 0.000
v 4.611 175.723 0.000
v 4.280 176.411 0.000
v 213.716 158.115 0.000
v 213.830 158.869 0.000
v 214.161 159.557 0.000
v 214.679 160.116 0.000
v 215.340 160.497 0.000
v 216.084 160.667 0.000
v 216.844 160.610 0.000
v 217.555 160.331 0.000
v 218.151 159.856 0.000
v 218.581 159.225 0.000
v 218.805 158.496 0.000
v 218.805 157.734 0.000
v 218.581 157.005 0.000
v 218.151 156.374 0.000
v 217.555 155.899 0.000
v 216.844 155.620 0.000
v 216.084 155.563 0.000
v 215.340 155.733 0.000
v 214.679 156.114 0.000
v 214.161 156.673 0.000
v 213.830 157.361 0.000
v 194.666 158.115 0.000
v 194.780 158.869 0.000
v 195.111 159.557 0.000
v 195.629 160.116 0.000
v 196.290 160.497 0.000
v 197.034 160.667 0.000
v 197.794 160.610 0.000
v 198.505 160.331 0.000
v 199.101 159.856 0.000
v 199.531 159.225 0.000
v 199.755 158.496 0.000
v 199.755 157.734 0.000
v 199.531 157.005 0.000
v 199.101 156.374 0.000
v 198.505 155.899 0.000
v 197.794 155.620 0.000
v 197.034 155.563 0.000
v 196.290 155.733 0.000
v 195.629 156.114 0.000
v 195.111 156.673 0.000
v 194.780 157.361 0.000
v 175.616 158.115 0.000
v 175.730 158.869 0.000
v 176.061 159.557 0.000
v 176.579 160.116 0.000
v 177.240 160.497 0.000
v 177.984 160.667 0.000
v 178.744 160.610 0.000
v 179.455 160.331 0.000
v 180.051 159.856 0.000
v 180.481 159.225 0.000
v 180.705 158.496 0.000
v 180.705 157.734 0.000
v 180.481 157.005 0.000
v 180.051 156.374 0.000
v 179.455 155.899 0.000
v 178.744 155.620 0.000
v 177.984 155.563 0.000
v 177.240 155.733 0.000
v 176.579 156.114 0.000
v 176.061 156.673 0.000
v 175.730 157.361 0.000
v 156.566 158.115 0.000
v 156.680 158.869 0.000
v 157.011 159.557 0.000
v 157.529 160.116 0.000
v 158.190 160.497 0.000
v 158.934 160.667 0.000
v 159.694 160.610 0.000
v 160.405 160.331 0.000
v 161.001 159.856 0.000
v 161.431 159.225 0.000
v 161.655 158.496 0.000
v 161.655 157.734 0.000
v 161.431 157.005 0.000
v 161.001 156.374 0.000
v 160.405 155.899 0.000
v 159.694 155.620 0.000
v 158.934 155.563 0.000
v 158.190 155.733 0.000
v 157.529 156.114 0.000
v 157.011 156.673 0.000
v 156.680 157.361 0.000
v 137.516 158.115 0.000
v 137.630 158.869 0.000
v 137.961 159.557 0.000
v 138.479 160.116 0.000
v 139.140 160.497 0.000
v 139.884 160.667 0.000
v 140.644 160.610 0.000
v 141.355 160.331 0.000
v 141.951 159.856 0.000
v 142.381 159.225 0.000
v 142.605 158.496 0.000
v 142.605 157.734 0.000
v 142.381 157.005 0.000
v 141.951 156.374 0.000
v 141.355 155.899 0.000
v 140.644 155.620 0.000
v 139.884 155.563 0.000
v 139.140 155.733 0.000
v 138.479 156.114 0.000
v 137.961 156.673 0.000
v 137.630 157.361 0.000
v 118.466 158.115 0.000
v 118.580 158.869 0.000
v 118.911 159.557 0.000
v 119.429 160.116 0.000
v 120.090 160.497 0.000
v 120.834 160.667 0.000
v 121.594 160.610 0.000
v 122.305 160.331 0.000
v 122.901 159.856 0.000
v 123.331 159.225 0.000
v 123.555 158.496 0.000
v 123.555 157.734 0.000
v 123.331 157.005 0.000
v 122.901 156.374 0.000
v 122.305 155.899 0.000
v 121.594 155.620 0.000
v 120.834 155.563 0.000
v 120.090 155.733 0.000
v 119.429 156.114 0.000
v 118.911 156.673 0.000
v 118.580 157.361 0.000
v 99.416 158.115 0.000
v 99.530 158.869 0.000
v 99.861 159.557 0.000
v 100.379 160.116 0.000
v 101.040 160.497 0.000
v 101.784 160.667 0.000
v 102.544 160.610 0.000
v 103.255 160.331 0.000
v 103.851 159.856 0.000
v 104.281 159.225 0.000
v 104.505 158.496 0.000
v 104.505 157.734 0.000
v 104.281 157.005 0.000
v 103.851 156.374 0.000
v 103.255 155.899 0.000
v 102.544 155.620 0.000
v 101.784 155.563 0.000
v 101.040 155.733 0.000
v 100.379 156.114 0.000
v 99.861 156.673 0.000
v 99.530 157.361 0.000
v 80.366 158.115 0.000
v 80.480 158.869 0.000
v 80.811 159.557 0.000
v 81.329 160.116 0.000
v 81.990 160.497 0.000
v 82.734 160.667 0.000
v 83.494 160.610 0.000
v 84.205 160.331 0.000
v 84.801 159.856 0.000
v 85.231 159.225 0.000
v 85.455 158.496 0.000
v 85.455 157.734 0.000
v 85.231 157.005 0.000
v 84.801 156.374 0.000
v 84.205 155.899 0.000
v 83.494 155.620 0.000
v 82.734 155.563 0.000
v 81.990 155.733 0.000
v 81.329 156.114 0.000
v 80.811 156.673 0.000
v 80.480 157.361 0.000
v 61.316 158.115 0.000
v 61.430 158.869 0.000
v 61.761 159.557 0.000
v 62.279 160.116 0.000
v 62.940 160.497 0.000
v 63.684 160.667 0.000
v 64.444 160.610 0.000
v 65.155 160.331 0.000
v 65.751 159.856 0.000
v 66.181 159.225 0.000
v 66.405 158.496 0.000
v 66.405 157.734 0.000
v 66.181 157.005 0.000
v 65.751 156.374 0.000
v 65.155 155.899 0.000
v 64.444 155.620 0.000
v 63.684 155.563 0.000
v 62.940 155.733 0.000
v 62.279 156.114 0.000
v 61.761 156.673 0.000
v 61.430 157.361 0.000
v 42.266 158.115 0.000
v 42.380 158.869 0.000
v 42.711 159.557 0.000
v 43.229 160.116 0.000
v 43.890 160.497 0.000
v 44.634 160.667 0.000
v 45.394 160.610 0.000
v 46.105 160.331 0.000
v 46.701 159.856 0.000
v 47.131 159.225 0.000
v 47.355 158.496 0.000
v 47.355 157.734 0.000
v 47.131 157.005 0.000
v 46.701 156.374 0.000
v 46.105 155.899 0.000
v 45.394 155.620 0.000
v 44.634 155.563 0.000
v 43.890 155.733 0.000
v 43.229 156.114 0.000
v 42.711 156.673 0.000
v 42.380 157.361 0.000
v 23.216 158.115 0.000
v 23.330 158.869 0.000
v 23.661 159.557 0.000
v 24.179 160.116 0.000
v 24.840 160.497 0.000
v 25.584 160.667 0.000
v 26.344 160.610 0.000
v 27.055 160.331 0.000
v 27.651 159.856 0.000
v 28.081 159.225 0.000
v 28.305 158.496 0.000
v 28.305 157.734 0.000
v 28.081 157.005 0.000
v 27.651 156.374 0.000
v 27.055 155.899 0.000
v 26.344 155.620 0.000
v 25.584 155.563 0.000
v 24.840 155.733 0.000
v 24.179 156.114 0.000
v 23.661 156.673 0.000
v 23.330 157.361 0.000
v 4.166 158.115 0.000
v 4.280 158.869 0.000
v 4.611 159.557 0.000
v 5.129 160.116 0.000
v 5.790 160.497 0.000
v 6.534 160.667 0.000
v 7.294 160.610 0.000
v 8.005 160.331 0.000
v 8.601 159.856 0.000
v 9.031 159.225 0.000
v 9.255 158.496 0.000
v 9.255 157.734 0.000
v 9.031 157.005 0.000
v 8.601 156.374 0.000
v 8.005 155.899 0.000
v 7.294 155.620 0.000
v 6.534 155.563 0.000
v 5.790 155.733 0.000
v 5.129 156.114 0.000
v 4.611 156.673 0.000
v 4.280 157.361 0.000
v 213.716 139.065 0.000
v 213.830 139.819 0.000
v 214.161 140.507 0.000
v 214.679 141.066 0.000
v 215.340 141.447 0.000
v 216.084 141.617 0.000
v 216.844 141.560 0.000
v 217.555 141.281 0.000
v 218.151 140.806 0.000
v 218.581 140.175 0.000
v 218.805 139.446 0.000
v 218.805 138.684 0.000
v 218.581 137.955 0.000
v 218.151 137.324 0.000
v 217.555 136.849 0.000
v 216.844 136.570 0.000
v 216.084 136.513 0.000
v 215.340 136.683 0.000
v 214.679 137.064 0.000
v 214.161 137.623 0.000
v 213.830 138.311 0.000
v 194.666 139.065 0.000
v 194.780 139.819 0.000
v 195.111 140.507 0.000
v 195.629 141.066 0.000
v 196.290 141.447 0.000
v 197.034 141.617 0.000
v 197.794 141.560 0.000
v 198.505 141.281 0.000
v 199.101 140.806 0.000
v 199.531 140.175 0.000
v 199.755 139.446 0.000
v 199.755 138.684 0.000
v 199.531 137.955 0.000
v 199.101 137.324 0.000
v 198.505 136.849 0.000
v 197.794 136.570 0.000
v 197.034 136.513 0.000
v 196.290 136.683 0.000
v 195.629 137.064 0.000
v 195.111 137.623 0.000
v 194.780 138.311 0.000
v 175.616 139.065 0.000
v 175.730 139.819 0.000
v 176.061 140.507 0.000
v 176.579 141.066 0.000
v 177.240 141.447 0.000
v 177.984 141.617 0.000
v 178.744 141.560 0.000
v 179.455 141.281 0.000
v 180.051 140.806 0.000
v 180.481 140.175 0.000
v 180.705 139.446 0.000
v 180.705 138.684 0.000
v 180.481 137.955 0.000
v 180.051 137.324 0.000
v 179.455 136.849 0.000
v 178.744 136.570 0.000
v 177.984 136.513 0.000
v 177.240 136.683 0.000
v 176.579 137.064 0.000
v 176.061 137.623 0.000
v 175.730 138.311 0.000
v 156.566 139.065 0.000
v 156.680 139.819 0.000
v 157.011 140.507 0.000
v 157.529 141.066 0.000
v 158.190 141.447 0.000
v 158.934 141.617 0.000
v 159.694 141.560 0.000
v 160.405 141.281 0.000
v 161.001 140.806 0.000
v 161.431 140.175 0.000
v 161.655 139.446 0.000
v 161.655 138.684 0.000
v 161.431 137.955 0.000
v 161.001 137.324 0.000
v 160.405 136.849 0.000
v 159.694 136.570 0.000
v 158.934 136.513 0.000
v 158.190 136.683 0.000
v 157.529 137.064 0.000
v 157.011 137.623 0.000
v 156.680 138.311 0.000
v 137.516 139.065 0.000
v 137.630 139.819 0.000
v 137.961 140.507 0.000
v 138.479 141.066 0.000
v 139.140 141.447 0.000
v 139.884 141.617 0.000
v 140.644 141.560 0.000
v 141.355 141.281 0.000
v 141.951 140.806 0.000
v 142.381 140.175 0.000
v 142.605 139.446 0.000
v 142.605 138.684 0.000
v 142.381 137.955 0.000
v 141.951 137.324 0.000
v 141.355 136.849 0.000
v 140.644 136.570 0.000
v 139.884 136.513 0.000
v 139.140 136.683 0.000
v 138.479 137.064 0.000
v 137.961 137.623 0.000
v 137.630 138.311 0.000
v 118.466 139.065 0.000
v 118.580 139.819 0.000
v 118.911 140.507 0.000
v 119.429 141.066 0.000
v 120.090 141.447 0.000
v 120.834 141.617 0.000
v 121.594 141.560 0.000
v 122.305 141.281 0.000
v 122.901 140.806 0.000
v 123.331 140.175 0.000
v 123.555 139.446 0.000
v 123.555 138.684 0.000
v 123.331 137.955 0.000
v 122.901 137.324 0.000
v 122.305 136.849 0.000
v 121.594 136.570 0.000
v 120.834 136.513 0.000
v 120.090 136.683 0.000
v 119.429 137.064 0.000
v 118.911 137.623 0.000
v 118.580 138.311 0.000
v 99.416 139.065 0.000
v 99.530 139.819 0.000
v 99.861 140.507 0.000
v 100.379 141.066 0.000
v 101.040 141.447 0.000
v 101.784 141.617 0.000
v 102.544 141.560 0.000
v 103.255 141.281 0.000
v 103.851 140.806 0.000
v 104.281 140.175 0.000
v 104.505 139.446 0.000
v 104.505 138.684 0.000
v 104.281 137.955 0.000
v 103.851 137.324 0.000
v 103.255 136.849 0.000
v 102.544 136.570 0.000
v 101.784 136.513 0.000
v 101.040 136.683 0.000
v 100.379 137.064 0.000
v 99.861 137.623 0.000
v 99.530 138.311 0.000
v 80.366 139.065 0.000
v 80.480 139.819 0.000
v 80.811 140.507 0.000
v 81.329 141.066 0.000
v 81.990 141.447 0.000
v 82.734 141.617 0.000
v 83.494 141.560 0.000
v 84.205 141.281 0.000
v 84.801 140.806 0.000
v 85.231 140.175 0.000
v 85.455 139.446 0.000
v 85.455 138.684 0.000
v 85.231 137.955 0.000
v 84.801 137.324 0.000
v 84.205 136.849 0.000
v 83.494 136.570 0.000
v 82.734 136.513 0.000
v 81.990 136.683 0.000
v 81.329 137.064 0.000
v 80.811 137.623 0.000
v 80.480 138.311 0.000
v 61.316 139.065 0.000
v 61.430 139.819 0.000
v 61.761 140.507 0.000
v 62.279 141.066 0.000
v 62.940 141.447 0.000
v 63.684 141.617 0.000
v 64.444 141.560 0.000
v 65.155 141.281 0.000
v 65.751 140.806 0.000
v 66.181 140.175 0.000
v 66.405 139.446 0.000
v 66.405 138.684 0.000
v 66.181 137.955 0.000
v 65.751 137.324 0.000
v 65.155 136.849 0.000
v 64.444 136.570 0.000
v 63.684 136.513 0.000
v 62.940 136.683 0.000
v 62.279 137.064 0.000
v 61.761 137.623 0.000
v 61.430 138.311 0.000
v 42.266 139.065 0.000
v 42.380 139.819 0.000
v 42.711 140.507 0.000
v 43.229 141.066 0.000
v 43.890 141.447 0.000
v 44.634 141.617 0.000
v 45.394 141.560 0.000
v 46.105 141.281 0.000
v 46.701 140.806 0.000
v 47.131 140.175 0.000
v 47.355 139.446 0.000
v 47.355 138.684 0.000
v 47.131 137.955 0.000
v 46.701 137.324 0.000
v 46.105 136.849 0.000
v 45.394 136.570 0.000
v 44.634 136.513 0.000
v 43.890 136.683 0.000
v 43.229 137.064 0.000
v 42.711 137.623 0.000
v 42.380 138.311 0.000
v 23.216 139.065 0.000
v 23.330 139.819 0.000
v 23.661 140.507 0.000
v 24.179 141.066 0.000
v 24.840 141.447 0.000
v 25.584 141.617 0.000
v 26.344 141.560 0.000
v 27.055 141.281 0.000
v 27.651 140.806 0.000
v 28.081 140.175 0.000
v 28.305 139.446 0.000
v 28.305 138.684 0.000
v 28.081 137.955 0.000
v 27.651 137.324 0.000
v 27.055 136.849 0.000
v 26.344 136.570 0.000
v 25.584 136.513 0.000
v 24.840 136.683 0.000
v 24.179 137.064 0.000
v 23.661 137.623 0.000
v 23.330 138.311 0.000
v 4.166 139.065 0.000
v 4.280 139.819 0.000
v 4.611 140.507 0.000
v 5.129 141.066 0.000
v 5.790 141.447 0.000
v 6.534 141.617 0.000
v 7.294 141.560 0.000
v 8.005 141.281 0.000
v 8.601 140.806 0.000
v 9.031 140.175 0.000
v 9.255 139.446 0.000
v 9.255 138.684 0.000
v 9.031 137.955 0.000
v 8.601 137.324 0.000
v 8.005 136.849 0.000
v 7.294 136.570 0.000
v 6.534 136.513 0.000
v 5.790 136.683 0.000
v 5.129 137.064 0.000
v 4.611 137.623 0.000
v 4.280 138.311 0.000
v 213.716 120.015 0.000
v 213.830 120.769 0.000
v 214.161 121.457 0.000
v 214.679 122.016 0.000
v 215.340 122.397 0.000
v 216.084 122.567 0.000
v 216.844 122.510 0.000
v 217.555 122.231 0.000
v 218.151 121.756 0.000
v 218.581 121.125 0.000
v 218.805 120.396 0.000
v 218.805 119.634 0.000
v 218.581 118.905 0.000
v 218.151 118.274 0.000
v 217.555 117.799 0.000
v 216.844 117.520 0.000
v 216.084 117.463 0.000
v 215.340 117.633 0.000
v 214.679 118.014 0.000
v 214.161 118.573 0.000
v 213.830 119.261 0.000
v 194.666 120.015 0.000
v 194.780 120.769 0.000
v 195.111 121.457 0.000
v 195.629 122.016 0.000
v 196.290 122.397 0.000
v 197.034 122.567 0.000
v 197.794 122.510 0.000
v 198.505 122.231 0.000
v 199.101 121.756 0.000
v 199.531 121.125 0.000
v 199.755 120.396 0.000
v 199.755 119.634 0.000
v 199.531 118.905 0.000
v 199.101 118.274 0.000
v 198.505 117.799 0.000
v 197.794 117.520 0.000
v 197.034 117.463 0.000
v 196.290 117.633 0.000
v 195.629 118.014 0.000
v 195.111 118.573 0.000
v 194.780 119.261 0.000
v 175.616 120.015 0.000
v 175.730 120.769 0.000
v 176.061 121.457 0.000
v 176.579 122.016 0.000
v 177.240 122.397 0.000
v 177.984 122.567 0.000
v 178.744 122.510 0.000
v 179.455 122.231 0.000
v 180.051 121.756 0.000
v 180.481 121.125 0.000
v 180.705 120.396 0.000
v 180.705 119.634 0.000
v 180.481 118.905 0.000
v 180.051 118.274 0.000
v 179.455 117.799 0.000
v 178.744 117.520 0.000
v 177.984 117.463 0.000
v 177.240 117.633 0.000
v 176.579 118.014 0.000
v 176.061 118.573 0.000
v 175.730 119.261 0.000
v 156.566 120.015 0.000
v 156.680 120.769 0.000
v 157.011 121.457 0.000
v 157.529 122.016 0.000
v 158.190 122.397 0.000
v 158.934 122.567 0.000
v 159.694 122.510 0.000
v 160.405 122.231 0.000
v 161.001 121.756 0.000
v 161.431 121.125 0.000
v 161.655 120.396 0.000
v 161.655 119.634 0.000
v 161.431 118.905 0.000
v 161.001 118.274 0.000
v 160.405 117.799 0.000
v 159.694 117.520 0.000
v 158.934 117.463 0.000
v 158.190 117.633 0.000
v 157.529 118.014 0.000
v 157.011 118.573 0.000
v 156.680 119.261 0.000
v 118.466 120.015 0.000
v 118.580 120.769 0.000
v 118.911 121.457 0.000
v 119.429 122.016 0.000
v 120.090 122.397 0.000
v 120.834 122.567 0.000
v 121.594 122.510 0.000
v 122.305 122.231 0.000
v 122.901 121.756 0.000
v 123.331 121.125 0.000
v 123.555 120.396 0.000
v 123.555 119.634 0.000
v 123.331 118.905 0.000
v 122.901 118.274 0.000
v 122.305 117.799 0.000
v 121.594 117.520 0.000
v 120.834 117.463 0.000
v 120.090 117.633 0.000
v 119.429 118.014 0.000
v 118.911 118.573 0.000
v 118.580 119.261 0.000
v 99.416 120.015 0.000
v 99.530 120.769 0.000
v 99.861 121.457 0.000
v 100.379 122.016 0.000
v 101.040 122.397 0.000
v 101.784 122.567 0.000
v 102.544 122.510 0.000
v 103.255 122.231 0.000
v 103.851 121.756 0.000
v 104.281 121.125 0.000
v 104.505 120.396 0.000
v 104.505 119.634 0.000
v 104.281 118.905 0.000
v 103.851 118.274 0.000
v 103.255 117.799 0.000
v 102.544 117.520 0.000
v 101.784 117.463 0.000
v 101.040 117.633 0.000
v 100.379 118.014 0.000
v 99.861 118.573 0.000
v 99.530 119.261 0.000
v 80.366 120.015 0.000
v 80.480 120.769 0.000
v 80.811 121.457 0.000
v 81.329 122.016 0.000
v 81.990 122.397 0.000
v 82.734 122.567 0.000
v 83.494 122.510 0.000
v 84.205 122.231 0.000
v 84.801 121.756 0.000
v 85.231 121.125 0.000
v 85.455 120.396 0.000
v 85.455 119.634 0.000
v 85.231 118.905 0.000
v 84.801 118.274 0.000
v 84.205 117.799 0.000
v 83.494 117.520 0.000
v 82.734 117.463 0.000
v 81.990 117.633 0.000
v 81.329 118.014 0.000
v 80.811 118.573 0.000
v 80.480 119.261 0.000
v 61.316 120.015 0.000
v 61.430 120.769 0.000
v 61.761 121.457 0.000
v 62.279 122.016 0.000
v 62.940 122.397 0.000
v 63.684 122.567 0.000
v 64.444 122.510 0.000
v 65.155 122.231 0.000
v 65.751 121.756 0.000
v 66.181 121.125 0.000
v 66.405 120.396 0.000
v 66.405 119.634 0.000
v 66.181 118.905 0.000
v 65.751 118.274 0.000
v 65.155 117.799 0.000
v 64.444 117.520 0.000
v 63.684 117.463 0.000
v 62.940 117.633 0.000
v 62.279 118.014 0.000
v 61.761 118.573 0.000
v 61.430 119.261 0.000
v 42.266 120.015 0.000
v 42.380 120.769 0.000
v 42.711 121.457 0.000
v 43.229 122.016 0.000
v 43.890 122.397 0.000
v 44.634 122.567 0.000
v 45.394 122.510 0.000
v 46.105 122.231 0.000
v 46.701 121.756 0.000
v 47.131 121.125 0.000
v 47.355 120.396 0.000
v 47.355 119.634 0.000
v 47.131 118.905 0.000
v 46.701 118.274 0.000
v 46.105 117.799 0.000
v 45.394 117.520 0.000
v 44.634 117.463 0.000
v 43.890 117.633 0.000
v 43.229 118.014 0.000
v 42.711 118.573 0.000
v 42.380 119.261 0.000
v 23.216 120.015 0.000
v 23.330 120.769 0.000
v 23.661 121.457 0.000
v 24.179 122.016 0.000
v 24.840 122.397 0.000
v 25.584 122.567 0.000
v 26.344 122.510 0.000
v 27.055 122.231 0.000
v 27.651 121.756 0.000
v 28.081 121.125 0.000
v 28.305 120.396 0.000
v 28.305 119.634 0.000
v 28.081 118.905 0.000
v 27.651 118.274 0.000
v 27.055 117.799 0.000
v 26.344 117.520 0.000
v 25.584 117.463 0.000
v 24.840 117.633 0.000
v 24.179 118.014 0.000
v 23.661 118.573 0.000
v 23.330 119.261 0.000
v 4.166 120.015 0.000
v 4.280 120.769 0.000
v 4.611 121.457 0.000
v 5.129 122.016 0.000
v 5.790 122.397 0.000
v 6.534 122.567 0.000
v 7.294 122.510 0.000
v 8.005 122.231 0.000
v 8.601 121.756 0.000
v 9.031 121.125 0.000
v 9.255 120.396 0.000
v 9.255 119.634 0.000
v 9.031 118.905 0.000
v 8.601 118.274 0.000
v 8.005 117.799 0.000
v 7.294 117.520 0.000
v 6.534 117.463 0.000
v 5.790 117.633 0.000
v 5.129 118.014 0.000
v 4.611 118.573 0.000
v 4.280 119.261 0.000
v 213.716 100.965 0.000
v 213.830 101.719 0.000
v 214.161 102.407 0.000
v 214.679 102.966 0.000
v 215.340 103.347 0.000
v 216.084 103.517 0.000
v 216.844 103.460 0.000
v 217.555 103.181 0.000
v 218.151 102.706 0.000
v 218.581 102.075 0.000
v 218.805 101.346 0.000
v 218.805 100.584 0.000
v 218.581 99.855 0.000
v 218.151 99.224 0.000
v 217.555 98.749 0.000
v 216.844 98.470 0.000
v 216.084 98.413 0.000
v 215.340 98.583 0.000
v 214.679 98.964 0.000
v 214.161 99.523 0.000
v 213.830 100.211 0.000
v 194.666 100.965 0.000
v 194.780 101.719 0.000
v 195.111 102.407 0.000
v 195.629 102.966 0.000
v 196.290 103.347 0.000
v 197.034 103.517 0.000
v 197.794 103.460 0.000
v 198.505 103.181 0.000
v 199.101 102.706 0.000
v 199.531 102.075 0.000
v 199.755 101.346 0.000
v 199.755 100.584 0.000
v 199.531 99.855 0.000
v 199.101 99.224 0.000
v 198.505 98.749 0.000
v 197.794 98.470 0.000
v 197.034 98.413 0.000
v 196.290 98.583 0.000
v 195.629 98.964 0.000
v 195.111 99.523 0.000
v 194.780 100.211 0.000
v 175.616 100.965 0.000
v 175.730 101.719 0.000
v 176.061 102.407 0.000
v 176.579 102.966 0.000
v 177.240 103.347 0.000
v 177.984 103.517 0.000
v 178.744 103.460 0.000
v 179.455 103.181 0.000
v 180.051 102.706 0.000
v 180.481 102.075 0.000
v 180.705 101.346 0.000
v 180.705 100.584 0.000
v 180.481 99.855 0.000
v 180.051 99.224 0.000
v 179.455 98.749 0.000
v 178.744 98.470 0.000
v 177.984 98.413 0.000
v 177.240 98.583 0.000
v 176.579 98.964 0.000
v 176.061 99.523 0.000
v 175.730 100.211 0.000
v 156.566 100.965 0.000
v 156.680 101.719 0.000
v 157.011 102.407 0.000
v 157.529 102.966 0.000
v 158.190 103.347 0.000
v 158.934 103.517 0.000
v 159.694 103.460 0.000
v 160.405 103.181 0.000
v 161.001 102.706 0.000
v 161.431 102.075 0.000
v 161.655 101.346 0.000
v 161.655 100.584 0.000
v 161.431 99.855 0.000
v 161.001 99.224 0.000
v 160.405 98.749 0.000
v 159.694 98.470 0.000
v 158.934 98.413 0.000
v 158.190 98.583 0.000
v 157.529 98.964 0.000
v 157.011 99.523 0.000
v 156.680 100.211 0.000
v 137.516 100.965 0.000
v 137.630 101.719 0.000
v 137.961 102.407 0.000
v 138.479 102.966 0.000
v 139.140 103.347 0.000
v 139.884 103.517 0.000
v 140.644 103.460 0.000
v 141.355 103.181 0.000
v 141.951 102.706 0.000
v 142.381 102.075 0.000
v 142.605 101.346 0.000
v 142.605 100.584 0.000
v 142.381 99.855 0.000
v 141.951 99.224 0.000
v 141.355 98.749 0.000
v 140.644 98.470 0.000
v 139.884 98.413 0.000
v 139.140 98.583 0.000
v 138.479 98.964 0.000
v 137.961 99.523 0.000
v 137.630 100.211 0.000
v 118.466 100.965 0.000
v 118.580 101.719 0.000
v 118.911 102.407 0.000
v 119.429 102.966 0.000
v 120.090 103.347 0.000
v 120.834 103.517 0.000
v 121.594 103.460 0.000
v 122.305 103.181 0.000
v 122.901 102.706 0.000
v 123.331 102.075 0.000
v 123.555 101.346 0.000
v 123.555 100.584 0.000
v 123.331 99.855 0.000
v 122.901 99.224 0.000
v 122.305 98.749 0.000
v 121.594 98.470 0.000
v 120.834 98.413 0.000
v 120.090 98.583 0.000
v 119.429 98.964 0.000
v 118.911 99.523 0.000
v 118.580 100.211 0.000
v 99.416 100.965 0.000
v 99.530 101.719 0.000
v 99.861 102.407 0.000
v 100.379 102.966 0.000
v 101.040 103.347 0.000
v 101.784 103.517 0.000
v 102.544 103.460 0.000
v 103.255 103.181 0.000
v 103.851 102.706 0.000
v 104.281 102.075 0.000
v 104.505 101.346 0.000
v 104.505 100.584 0.000
v 104.281 99.855 0.000
v 103.851 99.224 0.000
v 103.255 98.749 0.000
v 102.544 98.470 0.000
v 101.784 98.413 0.000
v 101.040 98.583 0.000
v 100.379 98.964 0.000
v 99.861 99.523 0.000
v 99.530 100.211 0.000
v 80.366 100.965 0.000
v 80.480 101.719 0.000
v 80.811 102.407 0.000
v 81.329 102.966 0.000
v 81.990 103.347 0.000
v 82.734 103.517 0.000
v 83.494 103.460 0.000
v 84.205 103.181 0.000
v 84.801 102.706 0.000
v 85.231 102.075 0.000
v 85.455 101.346 0.000
v 85.455 100.584 0.000
v 85.231 99.855 0.000
v 84.801 99.224 0.000
v 84.205 98.749 0.000
v 83.494 98.470 0.000
v 82.734 98.413 0.000
v 81.990 98.583 0.000
v 81.329 98.964 0.000
v 80.811 99.523 0.000
v 80.480 100.211 0.000
v 61.316 100.965 0.000
v 61.430 101.719 0.000
v 61.761 102.407 0.000
v 62.279 102.966 0.000
v 62.940 103.347 0.000
v 63.684 103.517 0.000
v 64.444 103.460 0.000
v 65.155 103.181 0.000
v 65.751 102.706 0.000
v 66.181 102.075 0.000
v 66.405 101.346 0.000
v 66.405 100.584 0.000
v 66.181 99.855 0.000
v 65.751 99.224 0.000
v 65.155 98.749 0.000
v 64.444 98.470 0.000
v 63.684 98.413 0.000
v 62.940 98.583 0.000
v 62.279 98.964 0.000
v 61.761 99.523 0.000
v 61.430 100.211 0.000
v 42.266 100.965 0.000
v 42.380 101.719 0.000
v 42.711 102.407 0.000
v 43.229 102.966 0.000
v 43.890 103.347 0.000
v 44.634 103.517 0.000
v 45.394 103.460 0.000
v 46.105 103.181 0.000
v 46.701 102.706 0.000
v 47.131 102.075 0.000
v 47.355 101.346 0.000
v 47.355 100.584 0.000
v 47.131 99.855 0.000
v 46.701 99.224 0.000
v 46.105 98.749 0.000
v 45.394 98.470 0.000
v 44.634 98.413 0.000
v 43.890 98.583 0.000
v 43.229 98.964 0.000
v 42.711 99.523 0.000
v 42.380 100.211 0.000
v 23.216 100.965 0.000
v 23.330 101.719 0.000
v 23.661 102.407 0.000
v 24.179 102.966 0.000
v 24.840 103.347 0.000
v 25.584 103.517 0.000
v 26.344 103.460 0.000
v 27.055 103.181 0.000
v 27.651 102.706 0.000
v 28.081 102.075 0.000
v 28.305 101.346 0.000
v 28.305 100.584 0.000
v 28.081 99.855 0.000
v 27.651 99.224 0.000
v 27.055 98.749 0.000
v 26.344 98.470 0.000
v 25.584 98.413 0.000
v 24.840 98.583 0.000
v 24.179 98.964 0.000
v 23.661 99.523 0.000
v 23.330 100.211 0.000
v 4.166 100.965 0.000
v 4.280 101.719 0.000
v 4.611 102.407 0.000
v 5.129 102.966 0.000
v 5.790 103.347 0.000
v 6.534 103.517 0.000
v 7.294 103.460 0.000
v 8.005 103.181 0.000
v 8.601 102.706 0.000
v 9.031 102.075 0.000
v 9.255 101.346 0.000
v 9.255 100.584 0.000
v 9.031 99.855 0.000
v 8.601 99.224 0.000
v 8.005 98.749 0.000
v 7.294 98.470 0.000
v 6.534 98.413 0.000
v 5.790 98.583 0.000
v 5.129 98.964 0.000
v 4.611 99.523 0.000
v 4.280 100.211 0.000
v 213.716 81.915 0.000
v 213.830 82.669 0.000
v 214.161 83.357 0.000
v 214.679 83.916 0.000
v 215.340 84.297 0.000
v 216.084 84.467 0.000
v 216.844 84.410 0.000
v 217.555 84.131 0.000
v 218.151 83.656 0.000
v 218.581 83.025 0.000
v 218.805 82.296 0.000
v 218.805 81.534 0.000
v 218.581 80.805 0.000
v 218.151 80.174 0.000
v 217.555 79.699 0.000
v 216.844 79.420 0.000
v 216.084 79.363 0.000
v 215.340 79.533 0.000
v 214.679 79.914 0.000
v 214.161 80.473 0.000
v 213.830 81.161 0.000
v 194.666 81.915 0.000
v 194.780 82.669 0.000
v 195.111 83.357 0.000
v 195.629 83.916 0.000
v 196.290 84.297 0.000
v 197.034 84.467 0.000
v 197.794 84.410 0.000
v 198.505 84.131 0.000
v 199.101 83.656 0.000
v 199.531 83.025 0.000
v 199.755 82.296 0.000
v 199.755 81.534 0.000
v 199.531 80.805 0.000
v 199.101 80.174 0.000
v 198.505 79.699 0.000
v 197.794 79.420 0.000
v 197.034 79.363 0.000
v 196.290 79.533 0.000
v 195.629 79.914 0.000
v 195.111 80.473 0.000
v 194.780 81.161 0.000
v 175.616 81.915 0.000
v 175.730 82.669 0.000
v 176.061 83.357 0.000
v 176.579 83.916 0.000
v 177.240 84.297 0.000
v 177.984 84.467 0.000
v 178.744 84.410 0.000
v 179.455 84.131 0.000
v 180.051 83.656 0.000
v 180.481 83.025 0.000
v 180.705 82.296 0.000
v 180.705 81.534 0.000
v 180.481 80.805 0.000
v 180.051 80.174 0.000
v 179.455 79.699 0.000
v 178.744 79.420 0.000
v 177.984 79.363 0.000
v 177.240 79.533 0.000
v 176.579 79.914 0.000
v 176.061 80.473 0.000
v 175.730 81.161 0.000
v 156.566 81.915 0.000
v 156.680 82.669 0.000
v 157.011 83.357 0.000
v 157.529 83.916 0.000
v 158.190 84.297 0.000
v 158.934 84.467 0.000
v 159.694 84.410 0.000
v 160.405 84.131 0.000
v 161.001 83.656 0.000
v 161.431 83.025 0.000
v 161.655 82.296 0.000
v 161.655 81.534 0.000
v 161.431 80.805 0.000
v 161.001 80.174 0.000
v 160.405 79.699 0.000
v 159.694 79.420 0.000
v 158.934 79.363 0.000
v 158.190 79.533 0.000
v 157.529 79.914 0.000
v 157.011 80.473 0.000
v 156.680 81.161 0.000
v 137.516 81.915 0.000
v 137.630 82.669 0.000
v 137.961 83.357 0.000
v 138.479 83.916 0.000
v 139.140 84.297 0.000
v 139.884 84.467 0.000
v 140.644 84.410 0.000
v 141.355 84.131 0.000
v 141.951 83.656 0.000
v 142.381 83.025 0.000
v 142.605 82.296 0.000
v 142.605 81.534 0.000
v 142.381 80.805 0.000
v 141.951 80.174 0.000
v 141.355 79.699 0.000
v 140.644 79.420 0.000
v 139.884 79.363 0.000
v 139.140 79.533 0.000
v 138.479 79.914 0.000
v 137.961 80.473 0.000
v 137.630 81.161 0.000
v 118.466 81.915 0.000
v 118.580 82.669 0.000
v 118.911 83.357 0.000
v 119.429 83.916 0.000
v 120.090 84.297 0.000
v 120.834 84.467 0.000
v 121.594 84.410 0.000
v 122.305 84.131 0.000
v 122.901 83.656 0.000
v 123.331 83.025 0.000
v 123.555 82.296 0.000
v 123.555 81.534 0.000
v 123.331 80.805 0.000
v 122.901 80.174 0.000
v 122.305 79.699 0.000
v 121.594 79.420 0.000
v 120.834 79.363 0.000
v 120.090 79.533 0.000
v 119.429 79.914 0.000
v 118.911 80.473 0.000
v 118.580 81.161 0.000
v 99.416 81.915 0.000
v 99.530 82.669 0.000
v 99.861 83.357 0.000
v 100.379 83.916 0.000
v 101.040 84.297 0.000
v 101.784 84.467 0.000
v 102.544 84.410 0.000
v 103.255 84.131 0.000
v 103.851 83.656 0.000
v 104.281 83.025 0.000
v 104.505 82.296 0.000
v 104.505 81.534 0.000
v 104.281 80.805 0.000
v 103.851 80.174 0.000
v 103.255 79.699 0.000
v 102.544 79.420 0.000
v 101.784 79.363 0.000
v 101.040 79.533 0.000
v 100.379 79.914 0.000
v 99.861 80.473 0.000
v 99.530 81.161 0.000
v 80.366 81.915 0.000
v 80.480 82.669 0.000
v 80.811 83.357 0.000
v 81.329 83.916 0.000
v 81.990 84.297 0.000
v 82.734 84.467 0.000
v 83.494 84.410 0.000
v 84.205 84.131 0.000
v 84.801 83.656 0.000
v 85.231 83.025 0.000
v 85.455 82.296 0.000
v 85.455 81.534 0.000
v 85.231 80.805 0.000
v 84.801 80.174 0.000
v 84.205 79.699 0.000
v 83.494 79.420 0.000
v 82.734 79.363 0.000
v 81.990 79.533 0.000
v 81.329 79.914 0.000
v 80.811 80.473 0.000
v 80.480 81.161 0.000
v 61.316 81.915 0.000
v 61.430 82.669 0.000
v 61.761 83.357 0.000
v 62.279 83.916 0.000
v 62.940 84.297 0.000
v 63.684 84.467 0.000
v 64.444 84.410 0.000
v 65.155 84.131 0.000
v 65.751 83.656 0.000
v 66.181 83.025 0.000
v 66.405 82.296 0.000
v 66.405 81.534 0.000
v 66.181 80.805 0.000
v 65.751 80.174 0.000
v 65.155 79.699 0.000
v 64.444 79.420 0.000
v 63.684 79.363 0.000
v 62.940 79.533 0.000
v 62.279 79.914 0.000
v 61.761 80.473 0.000
v 61.430 81.161 0.000
v 42.266 81.915 0.000
v 42.380 82.669 0.000
v 42.711 83.357 0.000
v 43.229 83.916 0.000
v 43.890 84.297 0.000
v 44.634 84.467 0.000
v 45.394 84.410 0.000
v 46.105 84.131 0.000
v 46.701 83.656 0.000
v 47.131 83.025 0.000
v 47.355 82.296 0.000
v 47.355 81.534 0.000
v 47.131 80.805 0.000
v 46.701 80.174 0.000
v 46.105 79.699 0.000
v 45.394 79.420 0.000
v 44.634 79.363 0.000
v 43.890 79.533 0.000
v 43.229 79.914 0.000
v 42.711 80.473 0.000
v 42.380 81.161 0.000
v 23.216 81.915 0.000
v 23.330 82.669 0.000
v 23.661 83.357 0.000
v 24.179 83.916 0.000
v 24.840 84.297 0.000
v 25.584 84.467 0.000
v 26.344 84.410 0.000
v 27.055 84.131 0.000
v 27.651 83.656 0.000
v 28.081 83.025 0.000
v 28.305 82.296 0.000
v 28.305 81.534 0.000
v 28.081 80.805 0.000
v 27.651 80.174 0.000
v 27.055 79.699 0.000
v 26.344 79.420 0.000
v 25.584 79.363 0.000
v 24.840 79.533 0.000
v 24.179 79.914 0.000
v 23.661 80.473 0.000
v 23.330 81.161 0.000
v 4.166 81.915 0.000
v 4.280 82.669 0.000
v 4.611 83.357 0.000
v 5.129 83.916 0.000
v 5.790 84.297 0.000
v 6.534 84.467 0.000
v 7.294 84.410 0.000
v 8.005 84.131 0.000
v 8.601 83.656 0.000
v 9.031 83.025 0.000
v 9.255 82.296 0.000
v 9.255 81.534 0.000
v 9.031 80.805 0.000
v 8.601 80.174 0.000
v 8.005 79.699 0.000
v 7.294 79.420 0.000
v 6.534 79.363 0.000
v 5.790 79.533 0.000
v 5.129 79.914 0.000
v 4.611 80.473 0.000
v 4.280 81.161 0.000
v 213.716 62.865 0.000
v 213.830 63.619 0.000
v 214.161 64.307 0.000
v 214.679 64.866 0.000
v 215.340 65.247 0.000
v 216.084 65.417 0.000
v 216.844 65.360 0.000
v 217.555 65.081 0.000
v 218.151 64.606 0.000
v 218.581 63.975 0.000
v 218.805 63.246 0.000
v 218.805 62.484 0.000
v 218.581 61.755 0.000
v 218.151 61.124 0.000
v 217.555 60.649 0.000
v 216.844 60.370 0.000
v 216.084 60.313 0.000
v 215.340 60.483 0.000
v 214.679 60.864 0.000
v 214.161 61.423 0.000
v 213.830 62.111 0.000
v 194.666 62.865 0.000
v 194.780 63.619 0.000
v 195.111 64.307 0.000
v 195.629 64.866 0.000
v 196.290 65.247 0.000
v 197.034 65.417 0.000
v 197.794 65.360 0.000
v 198.505 65.081 0.000
v 199.101 64.606 0.000
v 199.531 63.975 0.000
v 199.755 63.246 0.000
v 199.755 62.484 0.000
v 199.531 61.755 0.000
v 199.101 61.124 0.000
v 198.505 60.649 0.000
v 197.794 60.370 0.000
v 197.034 60.313 0.000
v 196.290 60.483 0.000
v 195.629 60.864 0.000
v 195.111 61.423 0.000
v 194.780 62.111 0.000
v 175.616 62.865 0.000
v 175.730 63.619 0.000
v 176.061 64.307 0.000
v 176.579 64.866 0.000
v 177.240 65.247 0.000
v 177.984 65.417 0.000
v 178.744 65.360 0.000
v 179.455 65.081 0.000
v 180.051 64.606 0.000
v 180.481 63.975 0.000
v 180.705 63.246 0.000
v 180.705 62.484 0.000
v 180.481 61.755 0.000
v 180.051 61.124 0.000
v 179.455 60.649 0.000
v 178.744 60.370 0.000
v 177.984 60.313 0.000
v 177.240 60.483 0.000
v 176.579 60.864 0.000
v 176.061 61.423 0.000
v 175.730 62.111 0.000
v 156.566 62.865 0.000
v 156.680 63.619 0.000
v 157.011 64.307 0.000
v 157.529 64.866 0.000
v 158.190 65.247 0.000
v 158.934 65.417 0.000
v 159.694 65.360 0.000
v 160.405 65.081 0.000
v 161.001 64.606 0.000
v 161.431 63.975 0.000
v 161.655 63.246 0.000
v 161.655 62.484 0.000
v 161.431 61.755 0.000
v 161.001 61.124 0.000
v 160.405 60.649 0.000
v 159.694 60.370 0.000
v 158.934 60.313 0.000
v 158.190 60.483 0.000
v 157.529 60.864 0.000
v 157.011 61.423 0.000
v 156.680 62.111 0.000
v 137.516 62.865 0.000
v 137.630 63.619 0.000
v 137.961 64.307 0.000
v 138.479 64.866 0.000
v 139.140 65.247 0.000
v 139.884 65.417 0.000
v 140.644 65.360 0.000
v 141.355 65.081 0.000
v 141.951 64.606 0.000
v 142.381 63.975 0.000
v 142.605 63.246 0.000
v 142.605 62.484 0.000
v 142.381 61.755 0.000
v 141.951 61.124 0.000
v 141.355 60.649 0.000
v 140.644 60.370 0.000
v 139.884 60.313 0.000
v 139.140 60.483 0.000
v 138.479 60.864 0.000
v 137.961 61.423 0.000
v 137.630 62.111 0.000
v 118.466 62.865 0.000
v 118.580 63.619 0.000
v 118.911 64.307 0.000
v 119.429 64.866 0.000
v 120.090 65.247 0.000
v 120.834 65.417 0.000
v 121.594 65.360 0.000
v 122.305 65.081 0.000
v 122.901 64.606 0.000
v 123.331 63.975 0.000
v 123.555 63.246 0.000
v 123.555 62.484 0.000
v 123.331 61.755 0.000
v 122.901 61.124 0.000
v 122.305 60.649 0.000
v 121.594 60.370 0.000
v 120.834 60.313 0.000
v 120.090 60.483 0.000
v 119.429 60.864 0.000
v 118.911 61.423 0.000
v 118.580 62.111 0.000
v 99.416 62.865 0.000
v 99.530 63.619 0.000
v 99.861 64.307 0.000
v 100.379 64.866 0.000
v 101.040 65.247 0.000
v 101.784 65.417 0.000
v 102.544 65.360 0.000
v 103.255 65.081 0.000
v 103.851 64.606 0.000
v 104.281 63.975 0.000
v 104.505 63.246 0.000
v 104.505 62.484 0.000
v 104.281 61.755 0.000
v 103.851 61.124 0.000
v 103.255 60.649 0.000
v 102.544 60.370 0.000
v 101.784 60.313 0.000
v 101.040 60.483 0.000
v 100.379 60.864 0.000
v 99.861 61.423 0.000
v 99.530 62.111 0.000
v 80.366 62.865 0.000
v 80.480 63.619 0.000
v 80.811 64.307 0.000
v 81.329 64.866 0.000
v 81.990 65.247 0.000
v 82.734 65.417 0.000
v 83.494 65.360 0.000
v 84.205 65.081 0.000
v 84.801 64.606 0.000
v 85.231 63.975 0.000
v 85.455 63.246 0.000
v 85.455 62.484 0.000
v 85.231 61.755 0.000
v 84.801 61.124 0.000
v 84.205 60.649 0.000
v 83.494 60.370 0.000
v 82.734 60.313 0.000
v 81.990 60.483 0.000
v 81.329 60.864 0.000
v 80.811 61.423 0.000
v 80.480 62.111 0.000
v 61.316 62.865 0.000
v 61.430 63.619 0.000
v 61.761 64.307 0.000
v 62.279 64.866 0.000
v 62.940 65.247 0.000
v 63.684 65.417 0.000
v 64.444 65.360 0.000
v 65.155 65.081 0.000
v 65.751 64.606 0.000
v 66.181 63.975 0.000
v 66.405 63.246 0.000
v 66.405 62.484 0.000
v 66.181 61.755 0.000
v 65.751 61.124 0.000
v 65.155 60.649 0.000
v 64.444 60.370 0.000
v 63.684 60.313 0.000
v 62.940 60.483 0.000
v 62.279 60.864 0.000
v 61.761 61.423 0.000
v 61.430 62.111 0.000
v 42.266 62.865 0.000
v 42.380 63.619 0.000
v 42.711 64.307 0.000
v 43.229 64.866 0.000
v 43.890 65.247 0.000
v 44.634 65.417 0.000
v 45.394 65.360 0.000
v 46.105 65.081 0.000
v 46.701 64.606 0.000
v 47.131 63.975 0.000
v 47.355 63.246 0.000
v 47.355 62.484 0.000
v 47.131 61.755 0.000
v 46.701 61.124 0.000
v 46.105 60.649 0.000
v 45.394 60.370 0.000
v 44.634 60.313 0.000
v 43.890 60.483 0.000
v 43.229 60.864 0.000
v 42.711 61.423 0.000
v 42.380 62.111 0.000
v 23.216 62.865 0.000
v 23.330 63.619 0.000
v 23.661 64.307 0.000
v 24.179 64.866 0.000
v 24.840 65.247 0.000
v 25.584 65.417 0.000
v 26.344 65.360 0.000
v 27.055 65.081 0.000
v 27.651 64.606 0.000
v 28.081 63.975 0.000
v 28.305 63.246 0.000
v 28.305 62.484 0.000
v 28.081 61.755 0.000
v 27.651 61.124 0.000
v 27.055 60.649 0.000
v 26.344 60.370 0.000
v 25.584 60.313 0.000
v 24.840 60.483 0.000
v 24.179 60.864 0.000
v 23.661 61.423 0.000
v 23.330 62.111 0.000
v 4.166 62.865 0.000
v 4.280 63.619 0.000
v 4.611 64.307 0.000
v 5.129 64.866 0.000
v 5.790 65.247 0.000
v 6.534 65.417 0.000
v 7.294 65.360 0.000
v 8.005 65.081 0.000
v 8.601 64.606 0.000
v 9.031 63.975 0.000
v 9.255 63.246 0.000
v 9.255 62.484 0.000
v 9.031 61.755 0.000
v 8.601 61.124 0.000
v 8.005 60.649 0.000
v 7.294 60.370 0.000
v 6.534 60.313 0.000
v 5.790 60.483 0.000
v 5.129 60.864 0.000
v 4.611 61.423 0.000
v 4.280 62.111 0.000
v 213.716 43.815 0.000
v 213.830 44.569 0.000
v 214.161 45.257 0.000
v 214.679 45.816 0.000
v 215.340 46.197 0.000
v 216.084 46.367 0.000
v 216.844 46.310 0.000
v 217.555 46.031 0.000
v 218.151 45.556 0.000
v 218.581 44.925 0.000
v 218.805 44.196 0.000
v 218.805 43.434 0.000
v 218.581 42.705 0.000
v 218.151 42.074 0.000
v 217.555 41.599 0.000
v 216.844 41.320 0.000
v 216.084 41.263 0.000
v 215.340 41.433 0.000
v 214.679 41.814 0.000
v 214.161 42.373 0.000
v 213.830 43.061 0.000
v 194.666 43.815 0.000
v 194.780 44.569 0.000
v 195.111 45.257 0.000
v 195.629 45.816 0.000
v 196.290 46.197 0.000
v 197.034 46.367 0.000
v 197.794 46.310 0.000
v 198.505 46.031 0.000
v 199.101 45.556 0.000
v 199.531 44.925 0.000
v 199.755 44.196 0.000
v 199.755 43.434 0.000
v 199.531 42.705 0.000
v 199.101 42.074 0.000
v 198.505 41.599 0.000
v 197.794 41.320 0.000
v 197.034 41.263 0.000
v 196.290 41.433 0.000
v 195.629 41.814 0.000
v 195.111 42.373 0.000
v 194.780 43.061 0.000
v 175.616 43.815 0.000
v 175.730 44.569 0.000
v 176.061 45.257 0.000
v 176.579 45.816 0.000
v 177.240 46.197 0.000
v 177.984 46.367 0.000
v 178.744 46.310 0.000
v 179.455 46.031 0.000
v 180.051 45.556 0.000
v 180.481 44.925 0.000
v 180.705 44.196 0.000
v 180.705 43.434 0.000
v 180.481 42.705 0.000
v 180.051 42.074 0.000
v 179.455 41.599 0.000
v 178.744 41.320 0.000
v 177.984 41.263 0.000
v 177.240 41.433 0.000
v 176.579 41.814 0.000
v 176.061 42.373 0.000
v 175.730 43.061 0.000
v 156.566 43.815 0.000
v 156.680 44.569 0.000
v 157.011 45.257 0.000
v 157.529 45.816 0.000
v 158.190 46.197 0.000
v 158.934 46.367 0.000
v 159.694 46.310 0.000
v 160.405 46.031 0.000
v 161.001 45.556 0.000
v 161.431 44.925 0.000
v 161.655 44.196 0.000
v 161.655 43.434 0.000
v 161.431 42.705 0.000
v 161.001 42.074 0.000
v 160.405 41.599 0.000
v 159.694 41.320 0.000
v 158.934 41.263 0.000
v 158.190 41.433 0.000
v 157.529 41.814 0.000
v 157.011 42.373 0.000
v 156.680 43.061 0.000
v 137.516 43.815 0.000
v 137.630 44.569 0.000
v 137.961 45.257 0.000
v 138.479 45.816 0.000
v 139.140 46.197 0.000
v 139.884 46.367 0.000
v 140.644 46.310 0.000
v 141.355 46.031 0.000
v 141.951 45.556 0.000
v 142.381 44.925 0.000
v 142.605 44.196 0.000
v 142.605 43.434 0.000
v 142.381 42.705 0.000
v 141.951 42.074 0.000
v 141.355 41.599 0.000
v 140.644 41.320 0.000
v 139.884 41.263 0.000
v 139.140 41.433 0.000
v 138.479 41.814 0.000
v 137.961 42.373 0.000
v 137.630 43.061 0.000
v 118.466 43.815 0.000
v 118.580 44.569 0.000
v 118.911 45.257 0.000
v 119.429 45.816 0.000
v 120.090 46.197 0.000
v 120.834 46.367 0.000
v 121.594 46.310 0.000
v 122.305 46.031 0.000
v 122.901 45.556 0.000
v 123.331 44.925 0.000
v 123.555 44.196 0.000
v 123.555 43.434 0.000
v 123.331 42.705 0.000
v 122.901 42.074 0.000
v 122.305 41.599 0.000
v 121.594 41.320 0.000
v 120.834 41.263 0.000
v 120.090 41.433 0.000
v 119.429 41.814 0.000
v 118.911 42.373 0.000
v 118.580 43.061 0.000
v 99.416 43.815 0.000
v 99.530 44.569 0.000
v 99.861 45.257 0.000
v 100.379 45.816 0.000
v 101.040 46.197 0.000
v 101.784 46.367 0.000
v 102.544 46.310 0.000
v 103.255 46.031 0.000
v 103.851 45.556 0.000
v 104.281 44.925 0.000
v 104.505 44.196 0.000
v 104.505 43.434 0.000
v 104.281 42.705 0.000
v 103.851 42.074 0.000
v 103.255 41.599 0.000
v 102.544 41.320 0.000
v 101.784 41.263 0.000
v 101.040 41.433 0.000
v 100.379 41.814 0.000
v 99.861 42.373 0.000
v 99.530 43.061 0.000
v 80.366 43.815 0.000
v 80.480 44.569 0.000
v 80.811 45.257 0.000
v 81.329 45.816 0.000
v 81.990 46.197 0.000
v 82.734 46.367 0.000
v 83.494 46.310 0.000
v 84.205 46.031 0.000
v 84.801 45.556 0.000
v 85.231 44.925 0.000
v 85.455 44.196 0.000
v 85.455 43.434 0.000
v 85.231 42.705 0.000
v 84.801 42.074 0.000
v 84.205 41.599 0.000
v 83.494 41.320 0.000
v 82.734 41.263 0.000
v 81.990 41.433 0.000
v 81.329 41.814 0.000
v 80.811 42.373 0.000
v 80.480 43.061 0.000
v 61.316 43.815 0.000
v 61.430 44.569 0.000
v 61.761 45.257 0.000
v 62.279 45.816 0.000
v 62.940 46.197 0.000
v 63.684 46.367 0.000
v 64.444 46.310 0.000
v 65.155 46.031 0.000
v 65.751 45.556 0.000
v 66.181 44.925 0.000
v 66.405 44.196 0.000
v 66.405 43.434 0.000
v 66.181 42.705 0.000
v 65.751 42.074 0.000
v 65.155 41.599 0.000
v 64.444 41.320 0.000
v 63.684 41.263 0.000
v 62.940 41.433 0.000
v 62.279 41.814 0.000
v 61.761 42.373 0.000
v 61.430 43.061 0.000
v 4.166 43.815 0.000
v 4.280 44.569 0.000
v 4.611 45.257 0.000
v 5.129 45.816 0.000
v 5.790 46.197 0.000
v 6.534 46.367 0.000
v 7.294 46.310 0.000
v 8.005 46.031 0.000
v 8.601 45.556 0.000
v 9.031 44.925 0.000
v 9.255 44.196 0.000
v 9.255 43.434 0.000
v 9.031 42.705 0.000
v 8.601 42.074 0.000
v 8.005 41.599 0.000
v 7.294 41.320 0.000
v 6.534 41.263 0.000
v 5.790 41.433 0.000
v 5.129 41.814 0.000
v 4.611 42.373 0.000
v 4.280 43.061 0.000
v 213.716 24.765 0.000
v 213.830 25.519 0.000
v 214.161 26.207 0.000
v 214.679 26.766 0.000
v 215.340 27.147 0.000
v 216.084 27.317 0.000
v 216.844 27.260 0.000
v 217.555 26.981 0.000
v 218.151 26.506 0.000
v 218.581 25.875 0.000
v 218.805 25.146 0.000
v 218.805 24.384 0.000
v 218.581 23.655 0.000
v 218.151 23.024 0.000
v 217.555 22.549 0.000
v 216.844 22.270 0.000
v 216.084 22.213 0.000
v 215.340 22.383 0.000
v 214.679 22.764 0.000
v 214.161 23.323 0.000
v 213.830 24.011 0.000
v 194.666 24.765 0.000
v 194.780 25.519 0.000
v 195.111 26.207 0.000
v 195.629 26.766 0.000
v 196.290 27.147 0.000
v 197.034 27.317 0.000
v 197.794 27.260 0.000
v 198.505 26.981 0.000
v 199.101 26.506 0.000
v 199.531 25.875 0.000
v 199.755 25.146 0.000
v 199.755 24.384 0.000
v 199.531 23.655 0.000
v 199.101 23.024 0.000
v 198.505 22.549 0.000
v 197.794 22.270 0.000
v 197.034 22.213 0.000
v 196.290 22.383 0.000
v 195.629 22.764 0.000
v 195.111 23.323 0.000
v 194.780 24.011 0.000
v 175.616 24.765 0.000
v 175.730 25.519 0.000
v 176.061 26.207 0.000
v 176.579 26.766 0.000
v 177.240 27.147 0.000
v 177.984 27.317 0.000
v 178.744 27.260 0.000
v 179.455 26.981 0.000
v 180.051 26.506 0.000
v 180.481 25.875 0.000
v 180.705 25.146 0.000
v 180.705 24.384 0.000
v 180.481 23.655 0.000
v 180.051 23.024 0.000
v 179.455 22.549 0.000
v 178.744 22.270 0.000
v 177.984 22.213 0.000
v 177.240 22.383 0.000
v 176.579 22.764 0.000
v 176.061 23.323 0.000
v 175.730 24.011 0.000
v 156.566 24.765 0.000
v 156.680 25.519 0.000
v 157.011 26.207 0.000
v 157.529 26.766 0.000
v 158.190 27.147 0.000
v 158.934 27.317 0.000
v 159.694 27.260 0.000
v 160.405 26.981 0.000
v 161.001 26.506 0.000
v 161.431 25.875 0.000
v 161.655 25.146 0.000
v 161.655 24.384 0.000
v 161.431 23.655 0.000
v 161.001 23.024 0.000
v 160.405 22.549 0.000
v 159.694 22.270 0.000
v 158.934 22.213 0.000
v 158.190 22.383 0.000
v 157.529 22.764 0.000
v 157.011 23.323 0.000
v 156.680 24.011 0.000
v 137.516 24.765 0.000
v 137.630 25.519 0.000
v 137.961 26.207 0.000
v 138.479 26.766 0.000
v 139.140 27.147 0.000
v 139.884 27.317 0.000
v 140.644 27.260 0.000
v 141.355 26.981 0.000
v 141.951 26.506 0.000
v 142.381 25.875 0.000
v 142.605 25.146 0.000
v 142.605 24.384 0.000
v 142.381 23.655 0.000
v 141.951 23.024 0.000
v 141.355 22.549 0.000
v 140.644 22.270 0.000
v 139.884 22.213 0.000
v 139.140 22.383 0.000
v 138.479 22.764 0.000
v 137.961 23.323 0.000
v 137.630 24.011 0.000
v 118.466 24.765 0.000
v 118.580 25.519 0.000
v 118.911 26.207 0.000
v 119.429 26.766 0.000
v 120.090 27.147 0.000
v 120.834 27.317 0.000
v 121.594 27.260 0.000
v 122.305 26.981 0.000
v 122.901 26.506 0.000
v 123.331 25.875 0.000
v 123.555 25.146 0.000
v 123.555 24.384 0.000
v 123.331 23.655 0.000
v 122.901 23.024 0.000
v 122.305 22.549 0.000
v 121.594 22.270 0.000
v 120.834 22.213 0.000
v 120.090 22.383 0.000
v 119.429 22.764 0.000
v 118.911 23.323 0.000
v 118.580 24.011 0.000
v 99.416 24.765 0.000
v 99.530 25.519 0.000
v 99.861 26.207 0.000
v 100.379 26.766 0.000
v 101.040 27.147 0.000
v 101.784 27.317 0.000
v 102.544 27.260 0.000
v 103.255 26.981 0.000
v 103.851 26.506 0.000
v 104.281 25.875 0.000
v 104.505 25.146 0.000
v 104.505 24.384 0.000
v 104.281 23.655 0.000
v 103.851 23.024 0.000
v 103.255 22.549 0.000
v 102.544 22.270 0.000
v 101.784 22.213 0.000
v 101.040 22.383 0.000
v 100.379 22.764 0.000
v 99.861 23.323 0.000
v 99.530 24.011 0.000
v 80.366 24.765 0.000
v 80.480 25.519 0.000
v 80.811 26.207 0.000
v 81.329 26.766 0.000
v 81.990 27.147 0.000
v 82.734 27.317 0.000
v 83.494 27.260 0.000
v 84.205 26.981 0.000
v 84.801 26.506 0.000
v 85.231 25.875 0.000
v 85.455 25.146 0.000
v 85.455 24.384 0.000
v 85.231 23.655 0.000
v 84.801 23.024 0.000
v 84.205 22.549 0.000
v 83.494 22.270 0.000
v 82.734 22.213 0.000
v 81.990 22.383 0.000
v 81.329 22.764 0.000
v 80.811 23.323 0.000
v 80.480 24.011 0.000
v 61.316 24.765 0.000
v 61.430 25.519 0.000
v 61.761 26.207 0.000
v 62.279 26.766 0.000
v 62.940 27.147 0.000
v 63.684 27.317 0.000
v 64.444 27.260 0.000
v 65.155 26.981 0.000
v 65.751 26.506 0.000
v 66.181 25.875 0.000
v 66.405 25.146 0.000
v 66.405 24.384 0.000
v 66.181 23.655 0.000
v 65.751 23.024 0.000
v 65.155 22.549 0.000
v 64.444 22.270 0.000
v 63.684 22.213 0.000
v 62.940 22.383 0.000
v 62.279 22.764 0.000
v 61.761 23.323 0.000
v 61.430 24.011 0.000
v 42.266 24.765 0.000
v 42.380 25.519 0.000
v 42.711 26.207 0.000
v 43.229 26.766 0.000
v 43.890 27.147 0.000
v 44.634 27.317 0.000
v 45.394 27.260 0.000
v 46.105 26.981 0.000
v 46.701 26.506 0.000
v 47.131 25.875 0.000
v 47.355 25.146 0.000
v 47.355 24.384 0.000
v 47.131 23.655 0.000
v 46.701 23.024 0.000
v 46.105 22.549 0.000
v 45.394 22.270 0.000
v 44.634 22.213 0.000
v 43.890 22.383 0.000
v 43.229 22.764 0.000
v 42.711 23.323 0.000
v 42.380 24.011 0.000
v 23.216 24.765 0.000
v 23.330 25.519 0.000
v 23.661 26.207 0.000
v 24.179 26.766 0.000
v 24.840 27.147 0.000
v 25.584 27.317 0.000
v 26.344 27.260 0.000
v 27.055 26.981 0.000
v 27.651 26.506 0.000
v 28.081 25.875 0.000
v 28.305 25.146 0.000
v 28.305 24.384 0.000
v 28.081 23.655 0.000
v 27.651 23.024 0.000
v 27.055 22.549 0.000
v 26.344 22.270 0.000
v 25.584 22.213 0.000
v 24.840 22.383 0.000
v 24.179 22.764 0.000
v 23.661 23.323 0.000
v 23.330 24.011 0.000
v 4.166 24.765 0.000
v 4.280 25.519 0.000
v 4.611 26.207 0.000
v 5.129 26.766 0.000
v 5.790 27.147 0.000
v 6.534 27.317 0.000
v 7.294 27.260 0.000
v 8.005 26.981 0.000
v 8.601 26.506 0.000
v 9.031 25.875 0.000
v 9.255 25.146 0.000
v 9.255 24.384 0.000
v 9.031 23.655 0.000
v 8.601 23.024 0.000
v 8.005 22.549 0.000
v 7.294 22.270 0.000
v 6.534 22.213 0.000
v 5.790 22.383 0.000
v 5.129 22.764 0.000
v 4.611 23.323 0.000
v 4.280 24.011 0.000
v 213.716 5.715 0.000
v 213.830 6.469 0.000
v 214.161 7.157 0.000
v 214.679 7.716 0.000
v 215.340 8.097 0.000
v 216.084 8.267 0.000
v 216.844 8.210 0.000
v 217.555 7.931 0.000
v 218.151 7.456 0.000
v 218.581 6.825 0.000
v 218.805 6.096 0.000
v 218.805 5.334 0.000
v 218.581 4.605 0.000
v 218.151 3.974 0.000
v 217.555 3.499 0.000
v 216.844 3.220 0.000
v 216.084 3.163 0.000
v 215.340 3.333 0.000
v 214.679 3.714 0.000
v 214.161 4.273 0.000
v 213.830 4.961 0.000
v 175.616 5.715 0.000
v 175.730 6.469 0.000
v 176.061 7.157 0.000
v 176.579 7.716 0.000
v 177.240 8.097 0.000
v 177.984 8.267 0.000
v 178.744 8.210 0.000
v 179.455 7.931 0.000
v 180.051 7.456 0.000
v 180.481 6.825 0.000
v 180.705 6.096 0.000
v 180.705 5.334 0.000
v 180.481 4.605 0.000
v 180.051 3.974 0.000
v 179.455 3.499 0.000
v 178.744 3.220 0.000
v 177.984 3.163 0.000
v 177.240 3.333 0.000
v 176.579 3.714 0.000
v 176.061 4.273 0.000
v 175.730 4.961 0.000
v 156.566 5.715 0.000
v 156.680 6.469 0.000
v 157.011 7.157 0.000
v 157.529 7.716 0.000
v 158.190 8.097 0.000
v 158.934 8.267 0.000
v 159.694 8.210 0.000
v 160.405 7.931 0.000
v 161.001 7.456 0.000
v 161.431 6.825 0.000
v 161.655 6.096 0.000
v 161.655 5.334 0.000
v 161.431 4.605 0.000
v 161.001 3.974 0.000
v 160.405 3.499 0.000
v 159.694 3.220 0.000
v 158.934 3.163 0.000
v 158.190 3.333 0.000
v 157.529 3.714 0.000
v 157.011 4.273 0.000
v 156.680 4.961 0.000
v 137.516 5.715 0.000
v 137.630 6.469 0.000
v 137.961 7.157 0.000
v 138.479 7.716 0.000
v 139.140 8.097 0.000
v 139.884 8.267 0.000
v 140.644 8.210 0.000
v 141.355 7.931 0.000
v 141.951 7.456 0.000
v 142.381 6.825 0.000
v 142.605 6.096 0.000
v 142.605 5.334 0.000
v 142.381 4.605 0.000
v 141.951 3.974 0.000
v 141.355 3.499 0.000
v 140.644 3.220 0.000
v 139.884 3.163 0.000
v 139.140 3.333 0.000
v 138.479 3.714 0.000
v 137.961 4.273 0.000
v 137.630 4.961 0.000
v 118.466 5.715 0.000
v 118.580 6.469 0.000
v 118.911 7.157 0.000
v 119.429 7.716 0.000
v 120.090 8.097 0.000
v 120.834 8.267 0.000
v 121.594 8.210 0.000
v 122.305 7.931 0.000
v 122.901 7.456 0.000
v 123.331 6.825 0.000
v 123.555 6.096 0.000
v 123.555 5.334 0.000
v 123.331 4.605 0.000
v 122.901 3.974 0.000
v 122.305 3.499 0.000
v 121.594 3.220 0.000
v 120.834 3.163 0.000
v 120.090 3.333 0.000
v 119.429 3.714 0.000
v 118.911 4.273 0.000
v 118.580 4.961 0.000
v 4.166 5.715 0.000
v 4.280 6.469 0.000
v 4.611 7.157 0.000
v 5.129 7.716 0.000
v 5.790 8.097 0.000
v 6.534 8.267 0.000
v 7.294 8.210 0.000
v 8.005 7.931 0.000
v 8.601 7.456 0.000
v 9.031 6.825 0.000
v 9.255 6.096 0.000
v 9.255 5.334 0.000
v 9.031 4.605 0.000
v 8.601 3.974 0.000
v 8.005 3.499 0.000
v 7.294 3.220 0.000
v 6.534 3.163 0.000
v 5.790 3.333 0.000
v 5.129 3.714 0.000
v 4.611 4.273 0.000
v 4.280 4.961 0.000
v 210.067 193.965 0.000
v 209.820 192.324 0.000
v 209.100 190.829 0.000
v 207.971 189.612 0.000
v 206.534 188.782 0.000
v 204.916 188.413 0.000
v 203.261 188.537 0.000
v 201.716 189.143 0.000
v 200.419 190.178 0.000
v 199.484 191.549 0.000
v 198.995 193.135 0.000
v 198.995 194.795 0.000
v 199.484 196.381 0.000
v 200.419 197.752 0.000
v 201.716 198.787 0.000
v 203.261 199.393 0.000
v 204.916 199.517 0.000
v 206.534 199.148 0.000
v 207.971 198.318 0.000
v 209.100 197.101 0.000
v 209.820 195.606 0.000
v 173.500 193.965 0.000
v 173.722 195.439 0.000
v 174.369 196.782 0.000
v 175.383 197.874 0.000
v 176.673 198.619 0.000
v 178.126 198.951 0.000
v 179.613 198.840 0.000
v 181.000 198.295 0.000
v 182.165 197.366 0.000
v 183.005 196.134 0.000
v 183.444 194.710 0.000
v 183.444 193.220 0.000
v 183.005 191.796 0.000
v 182.165 190.564 0.000
v 181.000 189.635 0.000
v 179.613 189.090 0.000
v 178.126 188.979 0.000
v 176.673 189.311 0.000
v 175.383 190.056 0.000
v 174.369 191.148 0.000
v 173.722 192.491 0.000
v 37.501 40.465 0.000
v 37.723 41.939 0.000
v 38.370 43.282 0.000
v 39.384 44.374 0.000
v 40.675 45.119 0.000
v 42.128 45.451 0.000
v 43.614 45.340 0.000
v 45.001 44.795 0.000
v 46.167 43.866 0.000
v 47.006 42.634 0.000
v 47.445 41.210 0.000
v 47.445 39.720 0.000
v 47.006 38.296 0.000
v 46.167 37.064 0.000
v 45.001 36.135 0.000
v 43.614 35.590 0.000
v 42.128 35.479 0.000
v 40.675 35.811 0.000
v 39.384 36.556 0.000
v 38.370 37.648 0.000
v 37.723 38.991 0.000
v 50.750 9.965 0.000
v 50.872 10.776 0.000
v 51.228 11.514 0.000
v 51.785 12.115 0.000
v 52.495 12.525 0.000
v 53.294 12.707 0.000
v 54.112 12.646 0.000
v 54.875 12.347 0.000
v 55.516 11.835 0.000
v 55.978 11.158 0.000
v 56.219 10.375 0.000
v 56.219 9.555 0.000
v 55.978 8.772 0.000
v 55.516 8.095 0.000
v 54.875 7.583 0.000
v 54.112 7.284 0.000
v 53.294 7.223 0.000
v 52.495 7.405 0.000
v 51.785 7.815 0.000
v 51.228 8.416 0.000
v 50.872 9.154 0.000
v 130.750 77.965 0.000
v 130.872 78.776 0.000
v 131.228 79.514 0.000
v 131.785 80.115 0.000
v 132.495 80.525 0.000
v 133.294 80.707 0.000
v 134.112 80.646 0.000
v 134.875 80.347 0.000
v 135.516 79.835 0.000
v 135.978 79.158 0.000
v 136.219 78.375 0.000
v 136.219 77.555 0.000
v 135.978 76.772 0.000
v 135.516 76.095 0.000
v 134.875 75.583 0.000
v 134.112 75.284 0.000
v 133.294 75.223 0.000
v 132.495 75.405 0.000
v 131.785 75.815 0.000
v 131.228 76.416 0.000
v 130.872 77.154 0.000
v 17.750 42.965 0.000
v 17.872 43.776 0.000
v 18.228 44.514 0.000
v 18.785 45.115 0.000
v 19.495 45.525 0.000
v 20.294 45.707 0.000
v 21.112 45.646 0.000
v 21.875 45.347 0.000
v 22.516 44.835 0.000
v 22.978 44.158 0.000
v 23.219 43.375 0.000
v 23.219 42.555 0.000
v 22.978 41.772 0.000
v 22.516 41.095 0.000
v 21.875 40.583 0.000
v 21.112 40.284 0.000
v 20.294 40.223 0.000
v 19.495 40.405 0.000
v 18.785 40.815 0.000
v 18.228 41.416 0.000
v 17.872 42.154 0.000
v 45.750 87.965 0.000
v 45.872 88.776 0.000
v 46.228 89.514 0.000
v 46.785 90.115 0.000
v 47.495 90.525 0.000
v 48.294 90.707 0.000
v 49.112 90.646 0.000
v 49.875 90.347 0.000
v 50.516 89.835 0.000
v 50.978 89.158 0.000
v 51.219 88.375 0.000
v 51.219 87.555 0.000
v 50.978 86.772 0.000
v 50.516 86.095 0.000
v 49.875 85.583 0.000
v 49.112 85.284 0.000
v 48.294 85.223 0.000
v 47.495 85.405 0.000
v 46.785 85.815 0.000
v 46.228 86.416 0.000
v 45.872 87.154 0.000
v 201.750 77.965 0.000
v 201.872 78.776 0.000
v 202.228 79.514 0.000
v 202.785 80.115 0.000
v 203.495 80.525 0.000
v 204.294 80.707 0.000
v 205.112 80.646 0.000
v 205.875 80.347 0.000
v 206.516 79.835 0.000
v 206.978 79.158 0.000
v 207.219 78.375 0.000
v 207.219 77.555 0.000
v 206.978 76.772 0.000
v 206.516 76.095 0.000
v 205.875 75.583 0.000
v 205.112 75.284 0.000
v 204.294 75.223 0.000
v 203.495 75.405 0.000
v 202.785 75.815 0.000
v 202.228 76.416 0.000
v 201.872 77.154 0.000
v 128.500 120.965 0.000
v 128.722 122.439 0.000
v 129.369 123.782 0.000
v 130.383 124.874 0.000
v 131.673 125.619 0.000
v 133.126 125.951 0.000
v 134.613 125.840 0.000
v 136.000 125.295 0.000
v 137.165 124.366 0.000
v 138.005 123.134 0.000
v 138.444 121.710 0.000
v 138.444 120.220 0.000
v 138.005 118.796 0.000
v 137.165 117.564 0.000
v 136.000 116.635 0.000
v 134.613 116.090 0.000
v 133.126 115.979 0.000
v 131.673 116.311 0.000
v 130.383 117.056 0.000
v 129.369 118.148 0.000
v 128.722 119.491 0.000
v 14.000 193.965 0.000
v 14.222 195.439 0.000
v 14.869 196.782 0.000
v 15.883 197.874 0.000
v 17.173 198.619 0.000
v 18.626 198.951 0.000
v 20.113 198.840 0.000
v 21.500 198.295 0.000
v 22.665 197.366 0.000
v 23.505 196.134 0.000
v 23.944 194.710 0.000
v 23.944 193.220 0.000
v 23.505 191.796 0.000
v 22.665 190.564 0.000
v 21.500 189.635 0.000
v 20.113 189.090 0.000
v 18.626 188.979 0.000
v 17.173 189.311 0.000
v 15.883 190.056 0.000
v 14.869 191.148 0.000
v 14.222 192.491 0.000
v 23.454 6.793 0.000
v 23.849 7.400 0.000
v 24.399 7.872 0.000
v 25.058 8.172 0.000
v 25.775 8.274 0.000
v 26.492 8.172 0.000
v 27.151 7.872 0.000
v 27.701 7.400 0.000
v 28.096 6.793 0.000
v 80.604 6.793 0.000
v 80.999 7.400 0.000
v 81.549 7.872 0.000
v 82.208 8.172 0.000
v 82.925 8.274 0.000
v 83.642 8.172 0.000
v 84.301 7.872 0.000
v 84.851 7.400 0.000
v 85.246 6.793 0.000
v 91.128 6.856 0.000
v 91.639 7.490 0.000
v 92.314 7.946 0.000
v 93.093 8.185 0.000
v 93.907 8.185 0.000
v 94.686 7.946 0.000
v 95.361 7.490 0.000
v 95.872 6.856 0.000
v 95.872 4.074 0.000
v 95.361 3.440 0.000
v 94.686 2.984 0.000
v 93.907 2.745 0.000
v 93.093 2.745 0.000
v 92.314 2.984 0.000
v 91.639 3.440 0.000
v 91.128 4.074 0.000
v 85.002 4.220 0.000
v 84.527 3.720 0.000
v 83.935 3.364 0.000
v 83.270 3.179 0.000
v 82.580 3.179 0.000
v 81.915 3.364 0.000
v 81.323 3.720 0.000
v 80.848 4.220 0.000
v 27.852 4.220 0.000
v 27.377 3.720 0.000
v 26.785 3.364 0.000
v 26.120 3.179 0.000
v 25.430 3.179 0.000
v 24.765 3.364 0.000
v 24.173 3.720 0.000
v 23.698 4.220 0.000
v 14.812 13.123 0.000
v 14.344 13.532 0.000
v 13.989 14.042 0.000
v 13.766 14.623 0.000
v 13.691 15.240 0.000
v 13.766 15.857 0.000
v 13.989 16.438 0.000
v 14.344 16.948 0.000
v 14.812 17.357 0.000
v 14.812 32.173 0.000
v 14.344 32.582 0.000
v 13.989 33.092 0.000
v 13.766 33.673 0.000
v 13.691 34.290 0.000
v 13.766 34.907 0.000
v 13.989 35.488 0.000
v 14.344 35.998 0.000
v 14.812 36.407 0.000
v 14.680 80.552 0.000
v 14.089 80.987 0.000
v 13.634 81.563 0.000
v 13.348 82.238 0.000
v 13.250 82.965 0.000
v 13.348 83.692 0.000
v 13.634 84.367 0.000
v 14.089 84.943 0.000
v 14.680 85.378 0.000
v 14.945 92.258 0.000
v 14.581 92.546 0.000
v 14.293 92.910 0.000
v 14.293 95.020 0.000
v 14.581 95.384 0.000
v 14.945 95.672 0.000
v 17.055 95.672 0.000
v 17.419 95.384 0.000
v 17.707 95.020 0.000
v 17.707 92.910 0.000
v 17.419 92.546 0.000
v 17.055 92.258 0.000
v 17.391 85.337 0.000
v 18.025 84.826 0.000
v 18.481 84.151 0.000
v 18.720 83.372 0.000
v 18.720 82.558 0.000
v 18.481 81.779 0.000
v 18.025 81.104 0.000
v 17.391 80.593 0.000
v 17.328 36.611 0.000
v 17.935 36.216 0.000
v 18.407 35.666 0.000
v 18.707 35.007 0.000
v 18.809 34.290 0.000
v 18.707 33.573 0.000
v 18.407 32.914 0.000
v 17.935 32.364 0.000
v 17.328 31.969 0.000
v 17.328 17.561 0.000
v 17.935 17.166 0.000
v 18.407 16.616 0.000
v 18.707 15.957 0.000
v 18.809 15.240 0.000
v 18.707 14.523 0.000
v 18.407 13.864 0.000
v 17.935 13.314 0.000
v 17.328 12.919 0.000
v 199.500 8.465 -5.192
v 199.722 9.939 -5.192
v 200.369 11.282 -5.192
v 201.383 12.374 -5.192
v 202.673 13.119 -5.192
v 204.126 13.451 -5.192
v 205.613 13.340 -5.192
v 207.000 12.795 -5.192
v 208.165 11.866 -5.192
v 209.005 10.634 -5.192
v 209.444 9.210 -5.192
v 209.444 7.720 -5.192
v 209.005 6.296 -5.192
v 208.165 5.064 -5.192
v 207.000 4.135 -5.192
v 205.613 3.590 -5.192
v 204.126 3.479 -5.192
v 202.673 3.811 -5.192
v 201.383 4.556 -5.192
v 200.369 5.648 -5.192
v 199.722 6.991 -5.192
v 14.000 193.965 -5.192
v 14.222 195.439 -5.192
v 14.869 196.782 -5.192
v 15.883 197.874 -5.192
v 17.173 198.619 -5.192
v 18.626 198.951 -5.192
v 20.113 198.840 -5.192
v 21.500 198.295 -5.192
v 22.665 197.366 -5.192
v 23.505 196.134 -5.192
v 23.944 194.710 -5.192
v 23.944 193.220 -5.192
v 23.505 191.796 -5.192
v 22.665 190.564 -5.192
v 21.500 189.635 -5.192
v 20.113 189.090 -5.192
v 18.626 188.979 -5.192
v 17.173 189.311 -5.192
v 15.883 190.056 -5.192
v 14.869 191.148 -5.192
v 14.222 192.491 -5.192
v 220.885 0.000 -12.192
v 2.115 0.000 -12.192
v 221.016 0.017 -12.192
v 221.139 0.068 -12.192
v 221.244 0.149 -12.192
v 222.851 1.756 -12.192
v 222.932 1.861 -12.192
v 222.983 1.984 -12.192
v 223.000 2.115 -12.192
v 223.000 199.815 -12.192
v 222.983 199.946 -12.192
v 222.932 200.069 -12.192
v 222.851 200.174 -12.192
v 221.244 201.781 -12.192
v 221.139 201.862 -12.192
v 221.016 201.913 -12.192
v 220.885 201.930 -12.192
v 2.115 201.930 -12.192
v 1.984 201.913 -12.192
v 1.861 201.862 -12.192
v 1.756 201.781 -12.192
v 0.149 200.174 -12.192
v 0.068 200.069 -12.192
v 0.017 199.946 -12.192
v 0.000 199.815 -12.192
v 0.000 2.115 -12.192
v 0.017 1.984 -12.192
v 0.068 1.861 -12.192
v 0.149 1.756 -12.192
v 1.756 0.149 -12.192
v 1.861 0.068 -12.192
v 1.984 0.017 -12.192
v 130.750 120.965 -12.192
v 130.872 120.154 -12.192
v 131.228 119.416 -12.192
v 131.785 118.815 -12.192
v 132.495 118.405 -12.192
v 133.294 118.223 -12.192
v 134.112 118.284 -12.192
v 134.875 118.583 -12.192
v 135.516 119.095 -12.192
v 135.978 119.772 -12.192
v 136.219 120.555 -12.192
v 136.219 121.375 -12.192
v 135.978 122.158 -12.192
v 135.516 122.835 -12.192
v 134.875 123.347 -12.192
v 134.112 123.646 -12.192
v 133.294 123.707 -12.192
v 132.495 123.525 -12.192
v 131.785 123.115 -12.192
v 131.228 122.514 -12.192
v 130.872 121.776 -12.192
v 39.751 40.465 -12.192
v 39.873 39.654 -12.192
v 40.229 38.916 -12.192
v 40.787 38.315 -12.192
v 41.497 37.905 -12.192
v 42.296 37.723 -12.192
v 43.113 37.784 -12.192
v 43.876 38.083 -12.192
v 44.517 38.595 -12.192
v 44.979 39.272 -12.192
v 45.221 40.055 -12.192
v 45.221 40.875 -12.192
v 44.979 41.658 -12.192
v 44.517 42.335 -12.192
v 43.876 42.847 -12.192
v 43.113 43.146 -12.192
v 42.296 43.207 -12.192
v 41.497 43.025 -12.192
v 40.787 42.615 -12.192
v 40.229 42.014 -12.192
v 39.873 41.276 -12.192
v 185.141 186.690 -12.192
v 185.255 185.936 -12.192
v 185.586 185.248 -12.192
v 186.104 184.689 -12.192
v 186.765 184.308 -12.192
v 187.509 184.138 -12.192
v 188.269 184.195 -12.192
v 188.980 184.474 -12.192
v 189.576 184.949 -12.192
v 190.006 185.580 -12.192
v 190.230 186.309 -12.192
v 190.230 187.071 -12.192
v 190.006 187.800 -12.192
v 189.576 188.431 -12.192
v 188.980 188.906 -12.192
v 188.269 189.185 -12.192
v 187.509 189.242 -12.192
v 186.765 189.072 -12.192
v 186.104 188.691 -12.192
v 185.586 188.132 -12.192
v 185.255 187.444 -12.192
v 166.091 186.690 -12.192
v 166.205 185.936 -12.192
v 166.536 185.248 -12.192
v 167.054 184.689 -12.192
v 167.715 184.308 -12.192
v 168.459 184.138 -12.192
v 169.219 184.195 -12.192
v 169.930 184.474 -12.192
v 170.526 184.949 -12.192
v 170.956 185.580 -12.192
v 171.180 186.309 -12.192
v 171.180 187.071 -12.192
v 170.956 187.800 -12.192
v 170.526 188.431 -12.192
v 169.930 188.906 -12.192
v 169.219 189.185 -12.192
v 168.459 189.242 -12.192
v 167.715 189.072 -12.192
v 167.054 188.691 -12.192
v 166.536 188.132 -12.192
v 166.205 187.444 -12.192
v 147.041 186.690 -12.192
v 147.155 185.936 -12.192
v 147.486 185.248 -12.192
v 148.004 184.689 -12.192
v 148.665 184.308 -12.192
v 149.409 184.138 -12.192
v 150.169 184.195 -12.192
v 150.880 184.474 -12.192
v 151.476 184.949 -12.192
v 151.906 185.580 -12.192
v 152.130 186.309 -12.192
v 152.130 187.071 -12.192
v 151.906 187.800 -12.192
v 151.476 188.431 -12.192
v 150.880 188.906 -12.192
v 150.169 189.185 -12.192
v 149.409 189.242 -12.192
v 148.665 189.072 -12.192
v 148.004 188.691 -12.192
v 147.486 188.132 -12.192
v 147.155 187.444 -12.192
v 127.991 186.690 -12.192
v 128.105 185.936 -12.192
v 128.436 185.248 -12.192
v 128.954 184.689 -12.192
v 129.615 184.308 -12.192
v 130.359 184.138 -12.192
v 131.119 184.195 -12.192
v 131.830 184.474 -12.192
v 132.426 184.949 -12.192
v 132.856 185.580 -12.192
v 133.080 186.309 -12.192
v 133.080 187.071 -12.192
v 132.856 187.800 -12.192
v 132.426 188.431 -12.192
v 131.830 188.906 -12.192
v 131.119 189.185 -12.192
v 130.359 189.242 -12.192
v 129.615 189.072 -12.192
v 128.954 188.691 -12.192
v 128.436 188.132 -12.192
v 128.105 187.444 -12.192
v 108.941 186.690 -12.192
v 109.055 185.936 -12.192
v 109.386 185.248 -12.192
v 109.904 184.689 -12.192
v 110.565 184.308 -12.192
v 111.309 184.138 -12.192
v 112.069 184.195 -12.192
v 112.780 184.474 -12.192
v 113.376 184.949 -12.192
v 113.806 185.580 -12.192
v 114.030 186.309 -12.192
v 114.030 187.071 -12.192
v 113.806 187.800 -12.192
v 113.376 188.431 -12.192
v 112.780 188.906 -12.192
v 112.069 189.185 -12.192
v 111.309 189.242 -12.192
v 110.565 189.072 -12.192
v 109.904 188.691 -12.192
v 109.386 188.132 -12.192
v 109.055 187.444 -12.192
v 89.891 186.690 -12.192
v 90.005 185.936 -12.192
v 90.336 185.248 -12.192
v 90.854 184.689 -12.192
v 91.515 184.308 -12.192
v 92.259 184.138 -12.192
v 93.019 184.195 -12.192
v 93.730 184.474 -12.192
v 94.326 184.949 -12.192
v 94.756 185.580 -12.192
v 94.980 186.309 -12.192
v 94.980 187.071 -12.192
v 94.756 187.800 -12.192
v 94.326 188.431 -12.192
v 93.730 188.906 -12.192
v 93.019 189.185 -12.192
v 92.259 189.242 -12.192
v 91.515 189.072 -12.192
v 90.854 188.691 -12.192
v 90.336 188.132 -12.192
v 90.005 187.444 -12.192
v 70.841 186.690 -12.192
v 70.955 185.936 -12.192
v 71.286 185.248 -12.192
v 71.804 184.689 -12.192
v 72.465 184.308 -12.192
v 73.209 184.138 -12.192
v 73.969 184.195 -12.192
v 74.680 184.474 -12.192
v 75.276 184.949 -12.192
v 75.706 185.580 -12.192
v 75.930 186.309 -12.192
v 75.930 187.071 -12.192
v 75.706 187.800 -12.192
v 75.276 188.431 -12.192
v 74.680 188.906 -12.192
v 73.969 189.185 -12.192
v 73.209 189.242 -12.192
v 72.465 189.072 -12.192
v 71.804 188.691 -12.192
v 71.286 188.132 -12.192
v 70.955 187.444 -12.192
v 51.791 186.690 -12.192
v 51.905 185.936 -12.192
v 52.236 185.248 -12.192
v 52.754 184.689 -12.192
v 53.415 184.308 -12.192
v 54.159 184.138 -12.192
v 54.919 184.195 -12.192
v 55.630 184.474 -12.192
v 56.226 184.949 -12.192
v 56.656 185.580 -12.192
v 56.880 186.309 -12.192
v 56.880 187.071 -12.192
v 56.656 187.800 -12.192
v 56.226 188.431 -12.192
v 55.630 188.906 -12.192
v 54.919 189.185 -12.192
v 54.159 189.242 -12.192
v 53.415 189.072 -12.192
v 52.754 188.691 -12.192
v 52.236 188.132 -12.192
v 51.905 187.444 -12.192
v 32.741 186.690 -12.192
v 32.855 185.936 -12.192
v 33.186 185.248 -12.192
v 33.704 184.689 -12.192
v 34.365 184.308 -12.192
v 35.109 184.138 -12.192
v 35.869 184.195 -12.192
v 36.580 184.474 -12.192
v 37.176 184.949 -12.192
v 37.606 185.580 -12.192
v 37.830 186.309 -12.192
v 37.830 187.071 -12.192
v 37.606 187.800 -12.192
v 37.176 188.431 -12.192
v 36.580 188.906 -12.192
v 35.869 189.185 -12.192
v 35.109 189.242 -12.192
v 34.365 189.072 -12.192
v 33.704 188.691 -12.192
v 33.186 188.132 -12.192
v 32.855 187.444 -12.192
v 204.191 167.640 -12.192
v 204.305 166.886 -12.192
v 204.636 166.198 -12.192
v 205.154 165.639 -12.192
v 205.815 165.258 -12.192
v 206.559 165.088 -12.192
v 207.319 165.145 -12.192
v 208.030 165.424 -12.192
v 208.626 165.899 -12.192
v 209.056 166.530 -12.192
v 209.280 167.259 -12.192
v 209.280 168.021 -12.192
v 209.056 168.750 -12.192
v 208.626 169.381 -12.192
v 208.030 169.856 -12.192
v 207.319 170.135 -12.192
v 206.559 170.192 -12.192
v 205.815 170.022 -12.192
v 205.154 169.641 -12.192
v 204.636 169.082 -12.192
v 204.305 168.394 -12.192
v 185.141 167.640 -12.192
v 185.255 166.886 -12.192
v 185.586 166.198 -12.192
v 186.104 165.639 -12.192
v 186.765 165.258 -12.192
v 187.509 165.088 -12.192
v 188.269 165.145 -12.192
v 188.980 165.424 -12.192
v 189.576 165.899 -12.192
v 190.006 166.530 -12.192
v 190.230 167.259 -12.192
v 190.230 168.021 -12.192
v 190.006 168.750 -12.192
v 189.576 169.381 -12.192
v 188.980 169.856 -12.192
v 188.269 170.135 -12.192
v 187.509 170.192 -12.192
v 186.765 170.022 -12.192
v 186.104 169.641 -12.192
v 185.586 169.082 -12.192
v 185.255 168.394 -12.192
v 166.091 167.640 -12.192
v 166.205 166.886 -12.192
v 166.536 166.198 -12.192
v 167.054 165.639 -12.192
v 167.715 165.258 -12.192
v 168.459 165.088 -12.192
v 169.219 165.145 -12.192
v 169.930 165.424 -12.192
v 170.526 165.899 -12.192
v 170.956 166.530 -12.192
v 171.180 167.259 -12.192
v 171.180 168.021 -12.192
v 170.956 168.750 -12.192
v 170.526 169.381 -12.192
v 169.930 169.856 -12.192
v 169.219 170.135 -12.192
v 168.459 170.192 -12.192
v 167.715 170.022 -12.192
v 167.054 169.641 -12.192
v 166.536 169.082 -12.192
v 166.205 168.394 -12.192
v 147.041 167.640 -12.192
v 147.155 166.886 -12.192
v 147.486 166.198 -12.192
v 148.004 165.639 -12.192
v 148.665 165.258 -12.192
v 149.409 165.088 -12.192
v 150.169 165.145 -12.192
v 150.880 165.424 -12.192
v 151.476 165.899 -12.192
v 151.906 166.530 -12.192
v 152.130 167.259 -12.192
v 152.130 168.021 -12.192
v 151.906 168.750 -12.192
v 151.476 169.381 -12.192
v 150.880 169.856 -12.192
v 150.169 170.135 -12.192
v 149.409 170.192 -12.192
v 148.665 170.022 -12.192
v 148.004 169.641 -12.192
v 147.486 169.082 -12.192
v 147.155 168.394 -12.192
v 127.991 167.640 -12.192
v 128.105 166.886 -12.192
v 128.436 166.198 -12.192
v 128.954 165.639 -12.192
v 129.615 165.258 -12.192
v 130.359 165.088 -12.192
v 131.119 165.145 -12.192
v 131.830 165.424 -12.192
v 132.426 165.899 -12.192
v 132.856 166.530 -12.192
v 133.080 167.259 -12.192
v 133.080 168.021 -12.192
v 132.856 168.750 -12.192
v 132.426 169.381 -12.192
v 131.830 169.856 -12.192
v 131.119 170.135 -12.192
v 130.359 170.192 -12.192
v 129.615 170.022 -12.192
v 128.954 169.641 -12.192
v 128.436 169.082 -12.192
v 128.105 168.394 -12.192
v 108.941 167.640 -12.192
v 109.055 166.886 -12.192
v 109.386 166.198 -12.192
v 109.904 165.639 -12.192
v 110.565 165.258 -12.192
v 111.309 165.088 -12.192
v 112.069 165.145 -12.192
v 112.780 165.424 -12.192
v 113.376 165.899 -12.192
v 113.806 166.530 -12.192
v 114.030 167.259 -12.192
v 114.030 168.021 -12.192
v 113.806 168.750 -12.192
v 113.376 169.381 -12.192
v 112.780 169.856 -12.192
v 112.069 170.135 -12.192
v 111.309 170.192 -12.192
v 110.565 170.022 -12.192
v 109.904 169.641 -12.192
v 109.386 169.082 -12.192
v 109.055 168.394 -12.192
v 89.891 167.640 -12.192
v 90.005 166.886 -12.192
v 90.336 166.198 -12.192
v 90.854 165.639 -12.192
v 91.515 165.258 -12.192
v 92.259 165.088 -12.192
v 93.019 165.145 -12.192
v 93.730 165.424 -12.192
v 94.326 165.899 -12.192
v 94.756 166.530 -12.192
v 94.980 167.259 -12.192
v 94.980 168.021 -12.192
v 94.756 168.750 -12.192
v 94.326 169.381 -12.192
v 93.730 169.856 -12.192
v 93.019 170.135 -12.192
v 92.259 170.192 -12.192
v 91.515 170.022 -12.192
v 90.854 169.641 -12.192
v 90.336 169.082 -12.192
v 90.005 168.394 -12.192
v 70.841 167.640 -12.192
v 70.955 166.886 -12.192
v 71.286 166.198 -12.192
v 71.804 165.639 -12.192
v 72.465 165.258 -12.192
v 73.209 165.088 -12.192
v 73.969 165.145 -12.192
v 74.680 165.424 -12.192
v 75.276 165.899 -12.192
v 75.706 166.530 -12.192
v 75.930 167.259 -12.192
v 75.930 168.021 -12.192
v 75.706 168.750 -12.192
v 75.276 169.381 -12.192
v 74.680 169.856 -12.192
v 73.969 170.135 -12.192
v 73.209 170.192 -12.192
v 72.465 170.022 -12.192
v 71.804 169.641 -12.192
v 71.286 169.082 -12.192
v 70.955 168.394 -12.192
v 51.791 167.640 -12.192
v 51.905 166.886 -12.192
v 52.236 166.198 -12.192
v 52.754 165.639 -12.192
v 53.415 165.258 -12.192
v 54.159 165.088 -12.192
v 54.919 165.145 -12.192
v 55.630 165.424 -12.192
v 56.226 165.899 -12.192
v 56.656 166.530 -12.192
v 56.880 167.259 -12.192
v 56.880 168.021 -12.192
v 56.656 168.750 -12.192
v 56.226 169.381 -12.192
v 55.630 169.856 -12.192
v 54.919 170.135 -12.192
v 54.159 170.192 -12.192
v 53.415 170.022 -12.192
v 52.754 169.641 -12.192
v 52.236 169.082 -12.192
v 51.905 168.394 -12.192
v 32.741 167.640 -12.192
v 32.855 166.886 -12.192
v 33.186 166.198 -12.192
v 33.704 165.639 -12.192
v 34.365 165.258 -12.192
v 35.109 165.088 -12.192
v 35.869 165.145 -12.192
v 36.580 165.424 -12.192
v 37.176 165.899 -12.192
v 37.606 166.530 -12.192
v 37.830 167.259 -12.192
v 37.830 168.021 -12.192
v 37.606 168.750 -12.192
v 37.176 169.381 -12.192
v 36.580 169.856 -12.192
v 35.869 170.135 -12.192
v 35.109 170.192 -12.192
v 34.365 170.022 -12.192
v 33.704 169.641 -12.192
v 33.186 169.082 -12.192
v 32.855 168.394 -12.192
v 13.691 167.640 -12.192
v 13.805 166.886 -12.192
v 14.136 166.198 -12.192
v 14.654 165.639 -12.192
v 15.315 165.258 -12.192
v 16.059 165.088 -12.192
v 16.819 165.145 -12.192
v 17.530 165.424 -12.192
v 18.126 165.899 -12.192
v 18.556 166.530 -12.192
v 18.780 167.259 -12.192
v 18.780 168.021 -12.192
v 18.556 168.750 -12.192
v 18.126 169.381 -12.192
v 17.530 169.856 -12.192
v 16.819 170.135 -12.192
v 16.059 170.192 -12.192
v 15.315 170.022 -12.192
v 14.654 169.641 -12.192
v 14.136 169.082 -12.192
v 13.805 168.394 -12.192
v 204.191 148.590 -12.192
v 204.305 147.836 -12.192
v 204.636 147.148 -12.192
v 205.154 146.589 -12.192
v 205.815 146.208 -12.192
v 206.559 146.038 -12.192
v 207.319 146.095 -12.192
v 208.030 146.374 -12.192
v 208.626 146.849 -12.192
v 209.056 147.480 -12.192
v 209.280 148.209 -12.192
v 209.280 148.971 -12.192
v 209.056 149.700 -12.192
v 208.626 150.331 -12.192
v 208.030 150.806 -12.192
v 207.319 151.085 -12.192
v 206.559 151.142 -12.192
v 205.815 150.972 -12.192
v 205.154 150.591 -12.192
v 204.636 150.032 -12.192
v 204.305 149.344 -12.192
v 185.141 148.590 -12.192
v 185.255 147.836 -12.192
v 185.586 147.148 -12.192
v 186.104 146.589 -12.192
v 186.765 146.208 -12.192
v 187.509 146.038 -12.192
v 188.269 146.095 -12.192
v 188.980 146.374 -12.192
v 189.576 146.849 -12.192
v 190.006 147.480 -12.192
v 190.230 148.209 -12.192
v 190.230 148.971 -12.192
v 190.006 149.700 -12.192
v 189.576 150.331 -12.192
v 188.980 150.806 -12.192
v 188.269 151.085 -12.192
v 187.509 151.142 -12.192
v 186.765 150.972 -12.192
v 186.104 150.591 -12.192
v 185.586 150.032 -12.192
v 185.255 149.344 -12.192
v 166.091 148.590 -12.192
v 166.205 147.836 -12.192
v 166.536 147.148 -12.192
v 167.054 146.589 -12.192
v 167.715 146.208 -12.192
v 168.459 146.038 -12.192
v 169.219 146.095 -12.192
v 169.930 146.374 -12.192
v 170.526 146.849 -12.192
v 170.956 147.480 -12.192
v 171.180 148.209 -12.192
v 171.180 148.971 -12.192
v 170.956 149.700 -12.192
v 170.526 150.331 -12.192
v 169.930 150.806 -12.192
v 169.219 151.085 -12.192
v 168.459 151.142 -12.192
v 167.715 150.972 -12.192
v 167.054 150.591 -12.192
v 166.536 150.032 -12.192
v 166.205 149.344 -12.192
v 147.041 148.590 -12.192
v 147.155 147.836 -12.192
v 147.486 147.148 -12.192
v 148.004 146.589 -12.192
v 148.665 146.208 -12.192
v 149.409 146.038 -12.192
v 150.169 146.095 -12.192
v 150.880 146.374 -12.192
v 151.476 146.849 -12.192
v 151.906 147.480 -12.192
v 152.130 148.209 -12.192
v 152.130 148.971 -12.192
v 151.906 149.700 -12.192
v 151.476 150.331 -12.192
v 150.880 150.806 -12.192
v 150.169 151.085 -12.192
v 149.409 151.142 -12.192
v 148.665 150.972 -12.192
v 148.004 150.591 -12.192
v 147.486 150.032 -12.192
v 147.155 149.344 -12.192
v 127.991 148.590 -12.192
v 128.105 147.836 -12.192
v 128.436 147.148 -12.192
v 128.954 146.589 -12.192
v 129.615 146.208 -12.192
v 130.359 146.038 -12.192
v 131.119 146.095 -12.192
v 131.830 146.374 -12.192
v 132.426 146.849 -12.192
v 132.856 147.480 -12.192
v 133.080 148.209 -12.192
v 133.080 148.971 -12.192
v 132.856 149.700 -12.192
v 132.426 150.331 -12.192
v 131.830 150.806 -12.192
v 131.119 151.085 -12.192
v 130.359 151.142 -12.192
v 129.615 150.972 -12.192
v 128.954 150.591 -12.192
v 128.436 150.032 -12.192
v 128.105 149.344 -12.192
v 108.941 148.590 -12.192
v 109.055 147.836 -12.192
v 109.386 147.148 -12.192
v 109.904 146.589 -12.192
v 110.565 146.208 -12.192
v 111.309 146.038 -12.192
v 112.069 146.095 -12.192
v 112.780 146.374 -12.192
v 113.376 146.849 -12.192
v 113.806 147.480 -12.192
v 114.030 148.209 -12.192
v 114.030 148.971 -12.192
v 113.806 149.700 -12.192
v 113.376 150.331 -12.192
v 112.780 150.806 -12.192
v 112.069 151.085 -12.192
v 111.309 151.142 -12.192
v 110.565 150.972 -12.192
v 109.904 150.591 -12.192
v 109.386 150.032 -12.192
v 109.055 149.344 -12.192
v 89.891 148.590 -12.192
v 90.005 147.836 -12.192
v 90.336 147.148 -12.192
v 90.854 146.589 -12.192
v 91.515 146.208 -12.192
v 92.259 146.038 -12.192
v 93.019 146.095 -12.192
v 93.730 146.374 -12.192
v 94.326 146.849 -12.192
v 94.756 147.480 -12.192
v 94.980 148.209 -12.192
v 94.980 148.971 -12.192
v 94.756 149.700 -12.192
v 94.326 150.331 -12.192
v 93.730 150.806 -12.192
v 93.019 151.085 -12.192
v 92.259 151.142 -12.192
v 91.515 150.972 -12.192
v 90.854 150.591 -12.192
v 90.336 150.032 -12.192
v 90.005 149.344 -12.192
v 70.841 148.590 -12.192
v 70.955 147.836 -12.192
v 71.286 147.148 -12.192
v 71.804 146.589 -12.192
v 72.465 146.208 -12.192
v 73.209 146.038 -12.192
v 73.969 146.095 -12.192
v 74.680 146.374 -12.192
v 75.276 146.849 -12.192
v 75.706 147.480 -12.192
v 75.930 148.209 -12.192
v 75.930 148.971 -12.192
v 75.706 149.700 -12.192
v 75.276 150.331 -12.192
v 74.680 150.806 -12.192
v 73.969 151.085 -12.192
v 73.209 151.142 -12.192
v 72.465 150.972 -12.192
v 71.804 150.591 -12.192
v 71.286 150.032 -12.192
v 70.955 149.344 -12.192
v 51.791 148.590 -12.192
v 51.905 147.836 -12.192
v 52.236 147.148 -12.192
v 52.754 146.589 -12.192
v 53.415 146.208 -12.192
v 54.159 146.038 -12.192
v 54.919 146.095 -12.192
v 55.630 146.374 -12.192
v 56.226 146.849 -12.192
v 56.656 147.480 -12.192
v 56.880 148.209 -12.192
v 56.880 148.971 -12.192
v 56.656 149.700 -12.192
v 56.226 150.331 -12.192
v 55.630 150.806 -12.192
v 54.919 151.085 -12.192
v 54.159 151.142 -12.192
v 53.415 150.972 -12.192
v 52.754 150.591 -12.192
v 52.236 150.032 -12.192
v 51.905 149.344 -12.192
v 32.741 148.590 -12.192
v 32.855 147.836 -12.192
v 33.186 147.148 -12.192
v 33.704 146.589 -12.192
v 34.365 146.208 -12.192
v 35.109 146.038 -12.192
v 35.869 146.095 -12.192
v 36.580 146.374 -12.192
v 37.176 146.849 -12.192
v 37.606 147.480 -12.192
v 37.830 148.209 -12.192
v 37.830 148.971 -12.192
v 37.606 149.700 -12.192
v 37.176 150.331 -12.192
v 36.580 150.806 -12.192
v 35.869 151.085 -12.192
v 35.109 151.142 -12.192
v 34.365 150.972 -12.192
v 33.704 150.591 -12.192
v 33.186 150.032 -12.192
v 32.855 149.344 -12.192
v 13.691 148.590 -12.192
v 13.805 147.836 -12.192
v 14.136 147.148 -12.192
v 14.654 146.589 -12.192
v 15.315 146.208 -12.192
v 16.059 146.038 -12.192
v 16.819 146.095 -12.192
v 17.530 146.374 -12.192
v 18.126 146.849 -12.192
v 18.556 147.480 -12.192
v 18.780 148.209 -12.192
v 18.780 148.971 -12.192
v 18.556 149.700 -12.192
v 18.126 150.331 -12.192
v 17.530 150.806 -12.192
v 16.819 151.085 -12.192
v 16.059 151.142 -12.192
v 15.315 150.972 -12.192
v 14.654 150.591 -12.192
v 14.136 150.032 -12.192
v 13.805 149.344 -12.192
v 204.191 129.540 -12.192
v 204.305 128.786 -12.192
v 204.636 128.098 -12.192
v 205.154 127.539 -12.192
v 205.815 127.158 -12.192
v 206.559 126.988 -12.192
v 207.319 127.045 -12.192
v 208.030 127.324 -12.192
v 208.626 127.799 -12.192
v 209.056 128.430 -12.192
v 209.280 129.159 -12.192
v 209.280 129.921 -12.192
v 209.056 130.650 -12.192
v 208.626 131.281 -12.192
v 208.030 131.756 -12.192
v 207.319 132.035 -12.192
v 206.559 132.092 -12.192
v 205.815 131.922 -12.192
v 205.154 131.541 -12.192
v 204.636 130.982 -12.192
v 204.305 130.294 -12.192
v 185.141 129.540 -12.192
v 185.255 128.786 -12.192
v 185.586 128.098 -12.192
v 186.104 127.539 -12.192
v 186.765 127.158 -12.192
v 187.509 126.988 -12.192
v 188.269 127.045 -12.192
v 188.980 127.324 -12.192
v 189.576 127.799 -12.192
v 190.006 128.430 -12.192
v 190.230 129.159 -12.192
v 190.230 129.921 -12.192
v 190.006 130.650 -12.192
v 189.576 131.281 -12.192
v 188.980 131.756 -12.192
v 188.269 132.035 -12.192
v 187.509 132.092 -12.192
v 186.765 131.922 -12.192
v 186.104 131.541 -12.192
v 185.586 130.982 -12.192
v 185.255 130.294 -12.192
v 166.091 129.540 -12.192
v 166.205 128.786 -12.192
v 166.536 128.098 -12.192
v 167.054 127.539 -12.192
v 167.715 127.158 -12.192
v 168.459 126.988 -12.192
v 169.219 127.045 -12.192
v 169.930 127.324 -12.192
v 170.526 127.799 -12.192
v 170.956 128.430 -12.192
v 171.180 129.159 -12.192
v 171.180 129.921 -12.192
v 170.956 130.650 -12.192
v 170.526 131.281 -12.192
v 169.930 131.756 -12.192
v 169.219 132.035 -12.192
v 168.459 132.092 -12.192
v 167.715 131.922 -12.192
v 167.054 131.541 -12.192
v 166.536 130.982 -12.192
v 166.205 130.294 -12.192
v 147.041 129.540 -12.192
v 147.155 128.786 -12.192
v 147.486 128.098 -12.192
v 148.004 127.539 -12.192
v 148.665 127.158 -12.192
v 149.409 126.988 -12.192
v 150.169 127.045 -12.192
v 150.880 127.324 -12.192
v 151.476 127.799 -12.192
v 151.906 128.430 -12.192
v 152.130 129.159 -12.192
v 152.130 129.921 -12.192
v 151.906 130.650 -12.192
v 151.476 131.281 -12.192
v 150.880 131.756 -12.192
v 150.169 132.035 -12.192
v 149.409 132.092 -12.192
v 148.665 131.922 -12.192
v 148.004 131.541 -12.192
v 147.486 130.982 -12.192
v 147.155 130.294 -12.192
v 127.991 129.540 -12.192
v 128.105 128.786 -12.192
v 128.436 128.098 -12.192
v 128.954 127.539 -12.192
v 129.615 127.158 -12.192
v 130.359 126.988 -12.192
v 131.119 127.045 -12.192
v 131.830 127.324 -12.192
v 132.426 127.799 -12.192
v 132.856 128.430 -12.192
v 133.080 129.159 -12.192
v 133.080 129.921 -12.192
v 132.856 130.650 -12.192
v 132.426 131.281 -12.192
v 131.830 131.756 -12.192
v 131.119 132.035 -12.192
v 130.359 132.092 -12.192
v 129.615 131.922 -12.192
v 128.954 131.541 -12.192
v 128.436 130.982 -12.192
v 128.105 130.294 -12.192
v 108.941 129.540 -12.192
v 109.055 128.786 -12.192
v 109.386 128.098 -12.192
v 109.904 127.539 -12.192
v 110.565 127.158 -12.192
v 111.309 126.988 -12.192
v 112.069 127.045 -12.192
v 112.780 127.324 -12.192
v 113.376 127.799 -12.192
v 113.806 128.430 -12.192
v 114.030 129.159 -12.192
v 114.030 129.921 -12.192
v 113.806 130.650 -12.192
v 113.376 131.281 -12.192
v 112.780 131.756 -12.192
v 112.069 132.035 -12.192
v 111.309 132.092 -12.192
v 110.565 131.922 -12.192
v 109.904 131.541 -12.192
v 109.386 130.982 -12.192
v 109.055 130.294 -12.192
v 89.891 129.540 -12.192
v 90.005 128.786 -12.192
v 90.336 128.098 -12.192
v 90.854 127.539 -12.192
v 91.515 127.158 -12.192
v 92.259 126.988 -12.192
v 93.019 127.045 -12.192
v 93.730 127.324 -12.192
v 94.326 127.799 -12.192
v 94.756 128.430 -12.192
v 94.980 129.159 -12.192
v 94.980 129.921 -12.192
v 94.756 130.650 -12.192
v 94.326 131.281 -12.192
v 93.730 131.756 -12.192
v 93.019 132.035 -12.192
v 92.259 132.092 -12.192
v 91.515 131.922 -12.192
v 90.854 131.541 -12.192
v 90.336 130.982 -12.192
v 90.005 130.294 -12.192
v 70.841 129.540 -12.192
v 70.955 128.786 -12.192
v 71.286 128.098 -12.192
v 71.804 127.539 -12.192
v 72.465 127.158 -12.192
v 73.209 126.988 -12.192
v 73.969 127.045 -12.192
v 74.680 127.324 -12.192
v 75.276 127.799 -12.192
v 75.706 128.430 -12.192
v 75.930 129.159 -12.192
v 75.930 129.921 -12.192
v 75.706 130.650 -12.192
v 75.276 131.281 -12.192
v 74.680 131.756 -12.192
v 73.969 132.035 -12.192
v 73.209 132.092 -12.192
v 72.465 131.922 -12.192
v 71.804 131.541 -12.192
v 71.286 130.982 -12.192
v 70.955 130.294 -12.192
v 51.791 129.540 -12.192
v 51.905 128.786 -12.192
v 52.236 128.098 -12.192
v 52.754 127.539 -12.192
v 53.415 127.158 -12.192
v 54.159 126.988 -12.192
v 54.919 127.045 -12.192
v 55.630 127.324 -12.192
v 56.226 127.799 -12.192
v 56.656 128.430 -12.192
v 56.880 129.159 -12.192
v 56.880 129.921 -12.192
v 56.656 130.650 -12.192
v 56.226 131.281 -12.192
v 55.630 131.756 -12.192
v 54.919 132.035 -12.192
v 54.159 132.092 -12.192
v 53.415 131.922 -12.192
v 52.754 131.541 -12.192
v 52.236 130.982 -12.192
v 51.905 130.294 -12.192
v 32.741 129.540 -12.192
v 32.855 128.786 -12.192
v 33.186 128.098 -12.192
v 33.704 127.539 -12.192
v 34.365 127.158 -12.192
v 35.109 126.988 -12.192
v 35.869 127.045 -12.192
v 36.580 127.324 -12.192
v 37.176 127.799 -12.192
v 37.606 128.430 -12.192
v 37.830 129.159 -12.192
v 37.830 129.921 -12.192
v 37.606 130.650 -12.192
v 37.176 131.281 -12.192
v 36.580 131.756 -12.192
v 35.869 132.035 -12.192
v 35.109 132.092 -12.192
v 34.365 131.922 -12.192
v 33.704 131.541 -12.192
v 33.186 130.982 -12.192
v 32.855 130.294 -12.192
v 13.691 129.540 -12.192
v 13.805 128.786 -12.192
v 14.136 128.098 -12.192
v 14.654 127.539 -12.192
v 15.315 127.158 -12.192
v 16.059 126.988 -12.192
v 16.819 127.045 -12.192
v 17.530 127.324 -12.192
v 18.126 127.799 -12.192
v 18.556 128.430 -12.192
v 18.780 129.159 -12.192
v 18.780 129.921 -12.192
v 18.556 130.650 -12.192
v 18.126 131.281 -12.192
v 17.530 131.756 -12.192
v 16.819 132.035 -12.192
v 16.059 132.092 -12.192
v 15.315 131.922 -12.192
v 14.654 131.541 -12.192
v 14.136 130.982 -12.192
v 13.805 130.294 -12.192
v 204.191 110.490 -12.192
v 204.305 109.736 -12.192
v 204.636 109.048 -12.192
v 205.154 108.489 -12.192
v 205.815 108.108 -12.192
v 206.559 107.938 -12.192
v 207.319 107.995 -12.192
v 208.030 108.274 -12.192
v 208.626 108.749 -12.192
v 209.056 109.380 -12.192
v 209.280 110.109 -12.192
v 209.280 110.871 -12.192
v 209.056 111.600 -12.192
v 208.626 112.231 -12.192
v 208.030 112.706 -12.192
v 207.319 112.985 -12.192
v 206.559 113.042 -12.192
v 205.815 112.872 -12.192
v 205.154 112.491 -12.192
v 204.636 111.932 -12.192
v 204.305 111.244 -12.192
v 185.141 110.490 -12.192
v 185.255 109.736 -12.192
v 185.586 109.048 -12.192
v 186.104 108.489 -12.192
v 186.765 108.108 -12.192
v 187.509 107.938 -12.192
v 188.269 107.995 -12.192
v 188.980 108.274 -12.192
v 189.576 108.749 -12.192
v 190.006 109.380 -12.192
v 190.230 110.109 -12.192
v 190.230 110.871 -12.192
v 190.006 111.600 -12.192
v 189.576 112.231 -12.192
v 188.980 112.706 -12.192
v 188.269 112.985 -12.192
v 187.509 113.042 -12.192
v 186.765 112.872 -12.192
v 186.104 112.491 -12.192
v 185.586 111.932 -12.192
v 185.255 111.244 -12.192
v 166.091 110.490 -12.192
v 166.205 109.736 -12.192
v 166.536 109.048 -12.192
v 167.054 108.489 -12.192
v 167.715 108.108 -12.192
v 168.459 107.938 -12.192
v 169.219 107.995 -12.192
v 169.930 108.274 -12.192
v 170.526 108.749 -12.192
v 170.956 109.380 -12.192
v 171.180 110.109 -12.192
v 171.180 110.871 -12.192
v 170.956 111.600 -12.192
v 170.526 112.231 -12.192
v 169.930 112.706 -12.192
v 169.219 112.985 -12.192
v 168.459 113.042 -12.192
v 167.715 112.872 -12.192
v 167.054 112.491 -12.192
v 166.536 111.932 -12.192
v 166.205 111.244 -12.192
v 147.041 110.490 -12.192
v 147.155 109.736 -12.192
v 147.486 109.048 -12.192
v 148.004 108.489 -12.192
v 148.665 108.108 -12.192
v 149.409 107.938 -12.192
v 150.169 107.995 -12.192
v 150.880 108.274 -12.192
v 151.476 108.749 -12.192
v 151.906 109.380 -12.192
v 152.130 110.109 -12.192
v 152.130 110.871 -12.192
v 151.906 111.600 -12.192
v 151.476 112.231 -12.192
v 150.880 112.706 -12.192
v 150.169 112.985 -12.192
v 149.409 113.042 -12.192
v 148.665 112.872 -12.192
v 148.004 112.491 -12.192
v 147.486 111.932 -12.192
v 147.155 111.244 -12.192
v 127.991 110.490 -12.192
v 128.105 109.736 -12.192
v 128.436 109.048 -12.192
v 128.954 108.489 -12.192
v 129.615 108.108 -12.192
v 130.359 107.938 -12.192
v 131.119 107.995 -12.192
v 131.830 108.274 -12.192
v 132.426 108.749 -12.192
v 132.856 109.380 -12.192
v 133.080 110.109 -12.192
v 133.080 110.871 -12.192
v 132.856 111.600 -12.192
v 132.426 112.231 -12.192
v 131.830 112.706 -12.192
v 131.119 112.985 -12.192
v 130.359 113.042 -12.192
v 129.615 112.872 -12.192
v 128.954 112.491 -12.192
v 128.436 111.932 -12.192
v 128.105 111.244 -12.192
v 108.941 110.490 -12.192
v 109.055 109.736 -12.192
v 109.386 109.048 -12.192
v 109.904 108.489 -12.192
v 110.565 108.108 -12.192
v 111.309 107.938 -12.192
v 112.069 107.995 -12.192
v 112.780 108.274 -12.192
v 113.376 108.749 -12.192
v 113.806 109.380 -12.192
v 114.030 110.109 -12.192
v 114.030 110.871 -12.192
v 113.806 111.600 -12.192
v 113.376 112.231 -12.192
v 112.780 112.706 -12.192
v 112.069 112.985 -12.192
v 111.309 113.042 -12.192
v 110.565 112.872 -12.192
v 109.904 112.491 -12.192
v 109.386 111.932 -12.192
v 109.055 111.244 -12.192
v 89.891 110.490 -12.192
v 90.005 109.736 -12.192
v 90.336 109.048 -12.192
v 90.854 108.489 -12.192
v 91.515 108.108 -12.192
v 92.259 107.938 -12.192
v 93.019 107.995 -12.192
v 93.730 108.274 -12.192
v 94.326 108.749 -12.192
v 94.756 109.380 -12.192
v 94.980 110.109 -12.192
v 94.980 110.871 -12.192
v 94.756 111.600 -12.192
v 94.326 112.231 -12.192
v 93.730 112.706 -12.192
v 93.019 112.985 -12.192
v 92.259 113.042 -12.192
v 91.515 112.872 -12.192
v 90.854 112.491 -12.192
v 90.336 111.932 -12.192
v 90.005 111.244 -12.192
v 70.841 110.490 -12.192
v 70.955 109.736 -12.192
v 71.286 109.048 -12.192
v 71.804 108.489 -12.192
v 72.465 108.108 -12.192
v 73.209 107.938 -12.192
v 73.969 107.995 -12.192
v 74.680 108.274 -12.192
v 75.276 108.749 -12.192
v 75.706 109.380 -12.192
v 75.930 110.109 -12.192
v 75.930 110.871 -12.192
v 75.706 111.600 -12.192
v 75.276 112.231 -12.192
v 74.680 112.706 -12.192
v 73.969 112.985 -12.192
v 73.209 113.042 -12.192
v 72.465 112.872 -12.192
v 71.804 112.491 -12.192
v 71.286 111.932 -12.192
v 70.955 111.244 -12.192
v 51.791 110.490 -12.192
v 51.905 109.736 -12.192
v 52.236 109.048 -12.192
v 52.754 108.489 -12.192
v 53.415 108.108 -12.192
v 54.159 107.938 -12.192
v 54.919 107.995 -12.192
v 55.630 108.274 -12.192
v 56.226 108.749 -12.192
v 56.656 109.380 -12.192
v 56.880 110.109 -12.192
v 56.880 110.871 -12.192
v 56.656 111.600 -12.192
v 56.226 112.231 -12.192
v 55.630 112.706 -12.192
v 54.919 112.985 -12.192
v 54.159 113.042 -12.192
v 53.415 112.872 -12.192
v 52.754 112.491 -12.192
v 52.236 111.932 -12.192
v 51.905 111.244 -12.192
v 32.741 110.490 -12.192
v 32.855 109.736 -12.192
v 33.186 109.048 -12.192
v 33.704 108.489 -12.192
v 34.365 108.108 -12.192
v 35.109 107.938 -12.192
v 35.869 107.995 -12.192
v 36.580 108.274 -12.192
v 37.176 108.749 -12.192
v 37.606 109.380 -12.192
v 37.830 110.109 -12.192
v 37.830 110.871 -12.192
v 37.606 111.600 -12.192
v 37.176 112.231 -12.192
v 36.580 112.706 -12.192
v 35.869 112.985 -12.192
v 35.109 113.042 -12.192
v 34.365 112.872 -12.192
v 33.704 112.491 -12.192
v 33.186 111.932 -12.192
v 32.855 111.244 -12.192
v 13.691 110.490 -12.192
v 13.805 109.736 -12.192
v 14.136 109.048 -12.192
v 14.654 108.489 -12.192
v 15.315 108.108 -12.192
v 16.059 107.938 -12.192
v 16.819 107.995 -12.192
v 17.530 108.274 -12.192
v 18.126 108.749 -12.192
v 18.556 109.380 -12.192
v 18.780 110.109 -12.192
v 18.780 110.871 -12.192
v 18.556 111.600 -12.192
v 18.126 112.231 -12.192
v 17.530 112.706 -12.192
v 16.819 112.985 -12.192
v 16.059 113.042 -12.192
v 15.315 112.872 -12.192
v 14.654 112.491 -12.192
v 14.136 111.932 -12.192
v 13.805 111.244 -12.192
v 185.141 91.440 -12.192
v 185.255 90.686 -12.192
v 185.586 89.998 -12.192
v 186.104 89.439 -12.192
v 186.765 89.058 -12.192
v 187.509 88.888 -12.192
v 188.269 88.945 -12.192
v 188.980 89.224 -12.192
v 189.576 89.699 -12.192
v 190.006 90.330 -12.192
v 190.230 91.059 -12.192
v 190.230 91.821 -12.192
v 190.006 92.550 -12.192
v 189.576 93.181 -12.192
v 188.980 93.656 -12.192
v 188.269 93.935 -12.192
v 187.509 93.992 -12.192
v 186.765 93.822 -12.192
v 186.104 93.441 -12.192
v 185.586 92.882 -12.192
v 185.255 92.194 -12.192
v 166.091 91.440 -12.192
v 166.205 90.686 -12.192
v 166.536 89.998 -12.192
v 167.054 89.439 -12.192
v 167.715 89.058 -12.192
v 168.459 88.888 -12.192
v 169.219 88.945 -12.192
v 169.930 89.224 -12.192
v 170.526 89.699 -12.192
v 170.956 90.330 -12.192
v 171.180 91.059 -12.192
v 171.180 91.821 -12.192
v 170.956 92.550 -12.192
v 170.526 93.181 -12.192
v 169.930 93.656 -12.192
v 169.219 93.935 -12.192
v 168.459 93.992 -12.192
v 167.715 93.822 -12.192
v 167.054 93.441 -12.192
v 166.536 92.882 -12.192
v 166.205 92.194 -12.192
v 147.041 91.440 -12.192
v 147.155 90.686 -12.192
v 147.486 89.998 -12.192
v 148.004 89.439 -12.192
v 148.665 89.058 -12.192
v 149.409 88.888 -12.192
v 150.169 88.945 -12.192
v 150.880 89.224 -12.192
v 151.476 89.699 -12.192
v 151.906 90.330 -12.192
v 152.130 91.059 -12.192
v 152.130 91.821 -12.192
v 151.906 92.550 -12.192
v 151.476 93.181 -12.192
v 150.880 93.656 -12.192
v 150.169 93.935 -12.192
v 149.409 93.992 -12.192
v 148.665 93.822 -12.192
v 148.004 93.441 -12.192
v 147.486 92.882 -12.192
v 147.155 92.194 -12.192
v 127.991 91.440 -12.192
v 128.105 90.686 -12.192
v 128.436 89.998 -12.192
v 128.954 89.439 -12.192
v 129.615 89.058 -12.192
v 130.359 88.888 -12.192
v 131.119 88.945 -12.192
v 131.830 89.224 -12.192
v 132.426 89.699 -12.192
v 132.856 90.330 -12.192
v 133.080 91.059 -12.192
v 133.080 91.821 -12.192
v 132.856 92.550 -12.192
v 132.426 93.181 -12.192
v 131.830 93.656 -12.192
v 131.119 93.935 -12.192
v 130.359 93.992 -12.192
v 129.615 93.822 -12.192
v 128.954 93.441 -12.192
v 128.436 92.882 -12.192
v 128.105 92.194 -12.192
v 108.941 91.440 -12.192
v 109.055 90.686 -12.192
v 109.386 89.998 -12.192
v 109.904 89.439 -12.192
v 110.565 89.058 -12.192
v 111.309 88.888 -12.192
v 112.069 88.945 -12.192
v 112.780 89.224 -12.192
v 113.376 89.699 -12.192
v 113.806 90.330 -12.192
v 114.030 91.059 -12.192
v 114.030 91.821 -12.192
v 113.806 92.550 -12.192
v 113.376 93.181 -12.192
v 112.780 93.656 -12.192
v 112.069 93.935 -12.192
v 111.309 93.992 -12.192
v 110.565 93.822 -12.192
v 109.904 93.441 -12.192
v 109.386 92.882 -12.192
v 109.055 92.194 -12.192
v 89.891 91.440 -12.192
v 90.005 90.686 -12.192
v 90.336 89.998 -12.192
v 90.854 89.439 -12.192
v 91.515 89.058 -12.192
v 92.259 88.888 -12.192
v 93.019 88.945 -12.192
v 93.730 89.224 -12.192
v 94.326 89.699 -12.192
v 94.756 90.330 -12.192
v 94.980 91.059 -12.192
v 94.980 91.821 -12.192
v 94.756 92.550 -12.192
v 94.326 93.181 -12.192
v 93.730 93.656 -12.192
v 93.019 93.935 -12.192
v 92.259 93.992 -12.192
v 91.515 93.822 -12.192
v 90.854 93.441 -12.192
v 90.336 92.882 -12.192
v 90.005 92.194 -12.192
v 70.841 91.440 -12.192
v 70.955 90.686 -12.192
v 71.286 89.998 -12.192
v 71.804 89.439 -12.192
v 72.465 89.058 -12.192
v 73.209 88.888 -12.192
v 73.969 88.945 -12.192
v 74.680 89.224 -12.192
v 75.276 89.699 -12.192
v 75.706 90.330 -12.192
v 75.930 91.059 -12.192
v 75.930 91.821 -12.192
v 75.706 92.550 -12.192
v 75.276 93.181 -12.192
v 74.680 93.656 -12.192
v 73.969 93.935 -12.192
v 73.209 93.992 -12.192
v 72.465 93.822 -12.192
v 71.804 93.441 -12.192
v 71.286 92.882 -12.192
v 70.955 92.194 -12.192
v 51.791 91.440 -12.192
v 51.905 90.686 -12.192
v 52.236 89.998 -12.192
v 52.754 89.439 -12.192
v 53.415 89.058 -12.192
v 54.159 88.888 -12.192
v 54.919 88.945 -12.192
v 55.630 89.224 -12.192
v 56.226 89.699 -12.192
v 56.656 90.330 -12.192
v 56.880 91.059 -12.192
v 56.880 91.821 -12.192
v 56.656 92.550 -12.192
v 56.226 93.181 -12.192
v 55.630 93.656 -12.192
v 54.919 93.935 -12.192
v 54.159 93.992 -12.192
v 53.415 93.822 -12.192
v 52.754 93.441 -12.192
v 52.236 92.882 -12.192
v 51.905 92.194 -12.192
v 32.741 91.440 -12.192
v 32.855 90.686 -12.192
v 33.186 89.998 -12.192
v 33.704 89.439 -12.192
v 34.365 89.058 -12.192
v 35.109 88.888 -12.192
v 35.869 88.945 -12.192
v 36.580 89.224 -12.192
v 37.176 89.699 -12.192
v 37.606 90.330 -12.192
v 37.830 91.059 -12.192
v 37.830 91.821 -12.192
v 37.606 92.550 -12.192
v 37.176 93.181 -12.192
v 36.580 93.656 -12.192
v 35.869 93.935 -12.192
v 35.109 93.992 -12.192
v 34.365 93.822 -12.192
v 33.704 93.441 -12.192
v 33.186 92.882 -12.192
v 32.855 92.194 -12.192
v 185.141 72.390 -12.192
v 185.255 71.636 -12.192
v 185.586 70.948 -12.192
v 186.104 70.389 -12.192
v 186.765 70.008 -12.192
v 187.509 69.838 -12.192
v 188.269 69.895 -12.192
v 188.980 70.174 -12.192
v 189.576 70.649 -12.192
v 190.006 71.280 -12.192
v 190.230 72.009 -12.192
v 190.230 72.771 -12.192
v 190.006 73.500 -12.192
v 189.576 74.131 -12.192
v 188.980 74.606 -12.192
v 188.269 74.885 -12.192
v 187.509 74.942 -12.192
v 186.765 74.772 -12.192
v 186.104 74.391 -12.192
v 185.586 73.832 -12.192
v 185.255 73.144 -12.192
v 166.091 72.390 -12.192
v 166.205 71.636 -12.192
v 166.536 70.948 -12.192
v 167.054 70.389 -12.192
v 167.715 70.008 -12.192
v 168.459 69.838 -12.192
v 169.219 69.895 -12.192
v 169.930 70.174 -12.192
v 170.526 70.649 -12.192
v 170.956 71.280 -12.192
v 171.180 72.009 -12.192
v 171.180 72.771 -12.192
v 170.956 73.500 -12.192
v 170.526 74.131 -12.192
v 169.930 74.606 -12.192
v 169.219 74.885 -12.192
v 168.459 74.942 -12.192
v 167.715 74.772 -12.192
v 167.054 74.391 -12.192
v 166.536 73.832 -12.192
v 166.205 73.144 -12.192
v 147.041 72.390 -12.192
v 147.155 71.636 -12.192
v 147.486 70.948 -12.192
v 148.004 70.389 -12.192
v 148.665 70.008 -12.192
v 149.409 69.838 -12.192
v 150.169 69.895 -12.192
v 150.880 70.174 -12.192
v 151.476 70.649 -12.192
v 151.906 71.280 -12.192
v 152.130 72.009 -12.192
v 152.130 72.771 -12.192
v 151.906 73.500 -12.192
v 151.476 74.131 -12.192
v 150.880 74.606 -12.192
v 150.169 74.885 -12.192
v 149.409 74.942 -12.192
v 148.665 74.772 -12.192
v 148.004 74.391 -12.192
v 147.486 73.832 -12.192
v 147.155 73.144 -12.192
v 127.991 72.390 -12.192
v 128.105 71.636 -12.192
v 128.436 70.948 -12.192
v 128.954 70.389 -12.192
v 129.615 70.008 -12.192
v 130.359 69.838 -12.192
v 131.119 69.895 -12.192
v 131.830 70.174 -12.192
v 132.426 70.649 -12.192
v 132.856 71.280 -12.192
v 133.080 72.009 -12.192
v 133.080 72.771 -12.192
v 132.856 73.500 -12.192
v 132.426 74.131 -12.192
v 131.830 74.606 -12.192
v 131.119 74.885 -12.192
v 130.359 74.942 -12.192
v 129.615 74.772 -12.192
v 128.954 74.391 -12.192
v 128.436 73.832 -12.192
v 128.105 73.144 -12.192
v 108.941 72.390 -12.192
v 109.055 71.636 -12.192
v 109.386 70.948 -12.192
v 109.904 70.389 -12.192
v 110.565 70.008 -12.192
v 111.309 69.838 -12.192
v 112.069 69.895 -12.192
v 112.780 70.174 -12.192
v 113.376 70.649 -12.192
v 113.806 71.280 -12.192
v 114.030 72.009 -12.192
v 114.030 72.771 -12.192
v 113.806 73.500 -12.192
v 113.376 74.131 -12.192
v 112.780 74.606 -12.192
v 112.069 74.885 -12.192
v 111.309 74.942 -12.192
v 110.565 74.772 -12.192
v 109.904 74.391 -12.192
v 109.386 73.832 -12.192
v 109.055 73.144 -12.192
v 89.891 72.390 -12.192
v 90.005 71.636 -12.192
v 90.336 70.948 -12.192
v 90.854 70.389 -12.192
v 91.515 70.008 -12.192
v 92.259 69.838 -12.192
v 93.019 69.895 -12.192
v 93.730 70.174 -12.192
v 94.326 70.649 -12.192
v 94.756 71.280 -12.192
v 94.980 72.009 -12.192
v 94.980 72.771 -12.192
v 94.756 73.500 -12.192
v 94.326 74.131 -12.192
v 93.730 74.606 -12.192
v 93.019 74.885 -12.192
v 92.259 74.942 -12.192
v 91.515 74.772 -12.192
v 90.854 74.391 -12.192
v 90.336 73.832 -12.192
v 90.005 73.144 -12.192
v 70.841 72.390 -12.192
v 70.955 71.636 -12.192
v 71.286 70.948 -12.192
v 71.804 70.389 -12.192
v 72.465 70.008 -12.192
v 73.209 69.838 -12.192
v 73.969 69.895 -12.192
v 74.680 70.174 -12.192
v 75.276 70.649 -12.192
v 75.706 71.280 -12.192
v 75.930 72.009 -12.192
v 75.930 72.771 -12.192
v 75.706 73.500 -12.192
v 75.276 74.131 -12.192
v 74.680 74.606 -12.192
v 73.969 74.885 -12.192
v 73.209 74.942 -12.192
v 72.465 74.772 -12.192
v 71.804 74.391 -12.192
v 71.286 73.832 -12.192
v 70.955 73.144 -12.192
v 51.791 72.390 -12.192
v 51.905 71.636 -12.192
v 52.236 70.948 -12.192
v 52.754 70.389 -12.192
v 53.415 70.008 -12.192
v 54.159 69.838 -12.192
v 54.919 69.895 -12.192
v 55.630 70.174 -12.192
v 56.226 70.649 -12.192
v 56.656 71.280 -12.192
v 56.880 72.009 -12.192
v 56.880 72.771 -12.192
v 56.656 73.500 -12.192
v 56.226 74.131 -12.192
v 55.630 74.606 -12.192
v 54.919 74.885 -12.192
v 54.159 74.942 -12.192
v 53.415 74.772 -12.192
v 52.754 74.391 -12.192
v 52.236 73.832 -12.192
v 51.905 73.144 -12.192
v 32.741 72.390 -12.192
v 32.855 71.636 -12.192
v 33.186 70.948 -12.192
v 33.704 70.389 -12.192
v 34.365 70.008 -12.192
v 35.109 69.838 -12.192
v 35.869 69.895 -12.192
v 36.580 70.174 -12.192
v 37.176 70.649 -12.192
v 37.606 71.280 -12.192
v 37.830 72.009 -12.192
v 37.830 72.771 -12.192
v 37.606 73.500 -12.192
v 37.176 74.131 -12.192
v 36.580 74.606 -12.192
v 35.869 74.885 -12.192
v 35.109 74.942 -12.192
v 34.365 74.772 -12.192
v 33.704 74.391 -12.192
v 33.186 73.832 -12.192
v 32.855 73.144 -12.192
v 204.191 53.340 -12.192
v 204.305 52.586 -12.192
v 204.636 51.898 -12.192
v 205.154 51.339 -12.192
v 205.815 50.958 -12.192
v 206.559 50.788 -12.192
v 207.319 50.845 -12.192
v 208.030 51.124 -12.192
v 208.626 51.599 -12.192
v 209.056 52.230 -12.192
v 209.280 52.959 -12.192
v 209.280 53.721 -12.192
v 209.056 54.450 -12.192
v 208.626 55.081 -12.192
v 208.030 55.556 -12.192
v 207.319 55.835 -12.192
v 206.559 55.892 -12.192
v 205.815 55.722 -12.192
v 205.154 55.341 -12.192
v 204.636 54.782 -12.192
v 204.305 54.094 -12.192
v 185.141 53.340 -12.192
v 185.255 52.586 -12.192
v 185.586 51.898 -12.192
v 186.104 51.339 -12.192
v 186.765 50.958 -12.192
v 187.509 50.788 -12.192
v 188.269 50.845 -12.192
v 188.980 51.124 -12.192
v 189.576 51.599 -12.192
v 190.006 52.230 -12.192
v 190.230 52.959 -12.192
v 190.230 53.721 -12.192
v 190.006 54.450 -12.192
v 189.576 55.081 -12.192
v 188.980 55.556 -12.192
v 188.269 55.835 -12.192
v 187.509 55.892 -12.192
v 186.765 55.722 -12.192
v 186.104 55.341 -12.192
v 185.586 54.782 -12.192
v 185.255 54.094 -12.192
v 166.091 53.340 -12.192
v 166.205 52.586 -12.192
v 166.536 51.898 -12.192
v 167.054 51.339 -12.192
v 167.715 50.958 -12.192
v 168.459 50.788 -12.192
v 169.219 50.845 -12.192
v 169.930 51.124 -12.192
v 170.526 51.599 -12.192
v 170.956 52.230 -12.192
v 171.180 52.959 -12.192
v 171.180 53.721 -12.192
v 170.956 54.450 -12.192
v 170.526 55.081 -12.192
v 169.930 55.556 -12.192
v 169.219 55.835 -12.192
v 168.459 55.892 -12.192
v 167.715 55.722 -12.192
v 167.054 55.341 -12.192
v 166.536 54.782 -12.192
v 166.205 54.094 -12.192
v 147.041 53.340 -12.192
v 147.155 52.586 -12.192
v 147.486 51.898 -12.192
v 148.004 51.339 -12.192
v 148.665 50.958 -12.192
v 149.409 50.788 -12.192
v 150.169 50.845 -12.192
v 150.880 51.124 -12.192
v 151.476 51.599 -12.192
v 151.906 52.230 -12.192
v 152.130 52.959 -12.192
v 152.130 53.721 -12.192
v 151.906 54.450 -12.192
v 151.476 55.081 -12.192
v 150.880 55.556 -12.192
v 150.169 55.835 -12.192
v 149.409 55.892 -12.192
v 148.665 55.722 -12.192
v 148.004 55.341 -12.192
v 147.486 54.782 -12.192
v 147.155 54.094 -12.192
v 127.991 53.340 -12.192
v 128.105 52.586 -12.192
v 128.436 51.898 -12.192
v 128.954 51.339 -12.192
v 129.615 50.958 -12.192
v 130.359 50.788 -12.192
v 131.119 50.845 -12.192
v 131.830 51.124 -12.192
v 132.426 51.599 -12.192
v 132.856 52.230 -12.192
v 133.080 52.959 -12.192
v 133.080 53.721 -12.192
v 132.856 54.450 -12.192
v 132.426 55.081 -12.192
v 131.830 55.556 -12.192
v 131.119 55.835 -12.192
v 130.359 55.892 -12.192
v 129.615 55.722 -12.192
v 128.954 55.341 -12.192
v 128.436 54.782 -12.192
v 128.105 54.094 -12.192
v 108.941 53.340 -12.192
v 109.055 52.586 -12.192
v 109.386 51.898 -12.192
v 109.904 51.339 -12.192
v 110.565 50.958 -12.192
v 111.309 50.788 -12.192
v 112.069 50.845 -12.192
v 112.780 51.124 -12.192
v 113.376 51.599 -12.192
v 113.806 52.230 -12.192
v 114.030 52.959 -12.192
v 114.030 53.721 -12.192
v 113.806 54.450 -12.192
v 113.376 55.081 -12.192
v 112.780 55.556 -12.192
v 112.069 55.835 -12.192
v 111.309 55.892 -12.192
v 110.565 55.722 -12.192
v 109.904 55.341 -12.192
v 109.386 54.782 -12.192
v 109.055 54.094 -12.192
v 89.891 53.340 -12.192
v 90.005 52.586 -12.192
v 90.336 51.898 -12.192
v 90.854 51.339 -12.192
v 91.515 50.958 -12.192
v 92.259 50.788 -12.192
v 93.019 50.845 -12.192
v 93.730 51.124 -12.192
v 94.326 51.599 -12.192
v 94.756 52.230 -12.192
v 94.980 52.959 -12.192
v 94.980 53.721 -12.192
v 94.756 54.450 -12.192
v 94.326 55.081 -12.192
v 93.730 55.556 -12.192
v 93.019 55.835 -12.192
v 92.259 55.892 -12.192
v 91.515 55.722 -12.192
v 90.854 55.341 -12.192
v 90.336 54.782 -12.192
v 90.005 54.094 -12.192
v 70.841 53.340 -12.192
v 70.955 52.586 -12.192
v 71.286 51.898 -12.192
v 71.804 51.339 -12.192
v 72.465 50.958 -12.192
v 73.209 50.788 -12.192
v 73.969 50.845 -12.192
v 74.680 51.124 -12.192
v 75.276 51.599 -12.192
v 75.706 52.230 -12.192
v 75.930 52.959 -12.192
v 75.930 53.721 -12.192
v 75.706 54.450 -12.192
v 75.276 55.081 -12.192
v 74.680 55.556 -12.192
v 73.969 55.835 -12.192
v 73.209 55.892 -12.192
v 72.465 55.722 -12.192
v 71.804 55.341 -12.192
v 71.286 54.782 -12.192
v 70.955 54.094 -12.192
v 51.791 53.340 -12.192
v 51.905 52.586 -12.192
v 52.236 51.898 -12.192
v 52.754 51.339 -12.192
v 53.415 50.958 -12.192
v 54.159 50.788 -12.192
v 54.919 50.845 -12.192
v 55.630 51.124 -12.192
v 56.226 51.599 -12.192
v 56.656 52.230 -12.192
v 56.880 52.959 -12.192
v 56.880 53.721 -12.192
v 56.656 54.450 -12.192
v 56.226 55.081 -12.192
v 55.630 55.556 -12.192
v 54.919 55.835 -12.192
v 54.159 55.892 -12.192
v 53.415 55.722 -12.192
v 52.754 55.341 -12.192
v 52.236 54.782 -12.192
v 51.905 54.094 -12.192
v 32.741 53.340 -12.192
v 32.855 52.586 -12.192
v 33.186 51.898 -12.192
v 33.704 51.339 -12.192
v 34.365 50.958 -12.192
v 35.109 50.788 -12.192
v 35.869 50.845 -12.192
v 36.580 51.124 -12.192
v 37.176 51.599 -12.192
v 37.606 52.230 -12.192
v 37.830 52.959 -12.192
v 37.830 53.721 -12.192
v 37.606 54.450 -12.192
v 37.176 55.081 -12.192
v 36.580 55.556 -12.192
v 35.869 55.835 -12.192
v 35.109 55.892 -12.192
v 34.365 55.722 -12.192
v 33.704 55.341 -12.192
v 33.186 54.782 -12.192
v 32.855 54.094 -12.192
v 204.191 34.290 -12.192
v 204.305 33.536 -12.192
v 204.636 32.848 -12.192
v 205.154 32.289 -12.192
v 205.815 31.908 -12.192
v 206.559 31.738 -12.192
v 207.319 31.795 -12.192
v 208.030 32.074 -12.192
v 208.626 32.549 -12.192
v 209.056 33.180 -12.192
v 209.280 33.909 -12.192
v 209.280 34.671 -12.192
v 209.056 35.400 -12.192
v 208.626 36.031 -12.192
v 208.030 36.506 -12.192
v 207.319 36.785 -12.192
v 206.559 36.842 -12.192
v 205.815 36.672 -12.192
v 205.154 36.291 -12.192
v 204.636 35.732 -12.192
v 204.305 35.044 -12.192
v 185.141 34.290 -12.192
v 185.255 33.536 -12.192
v 185.586 32.848 -12.192
v 186.104 32.289 -12.192
v 186.765 31.908 -12.192
v 187.509 31.738 -12.192
v 188.269 31.795 -12.192
v 188.980 32.074 -12.192
v 189.576 32.549 -12.192
v 190.006 33.180 -12.192
v 190.230 33.909 -12.192
v 190.230 34.671 -12.192
v 190.006 35.400 -12.192
v 189.576 36.031 -12.192
v 188.980 36.506 -12.192
v 188.269 36.785 -12.192
v 187.509 36.842 -12.192
v 186.765 36.672 -12.192
v 186.104 36.291 -12.192
v 185.586 35.732 -12.192
v 185.255 35.044 -12.192
v 166.091 34.290 -12.192
v 166.205 33.536 -12.192
v 166.536 32.848 -12.192
v 167.054 32.289 -12.192
v 167.715 31.908 -12.192
v 168.459 31.738 -12.192
v 169.219 31.795 -12.192
v 169.930 32.074 -12.192
v 170.526 32.549 -12.192
v 170.956 33.180 -12.192
v 171.180 33.909 -12.192
v 171.180 34.671 -12.192
v 170.956 35.400 -12.192
v 170.526 36.031 -12.192
v 169.930 36.506 -12.192
v 169.219 36.785 -12.192
v 168.459 36.842 -12.192
v 167.715 36.672 -12.192
v 167.054 36.291 -12.192
v 166.536 35.732 -12.192
v 166.205 35.044 -12.192
v 147.041 34.290 -12.192
v 147.155 33.536 -12.192
v 147.486 32.848 -12.192
v 148.004 32.289 -12.192
v 148.665 31.908 -12.192
v 149.409 31.738 -12.192
v 150.169 31.795 -12.192
v 150.880 32.074 -12.192
v 151.476 32.549 -12.192
v 151.906 33.180 -12.192
v 152.130 33.909 -12.192
v 152.130 34.671 -12.192
v 151.906 35.400 -12.192
v 151.476 36.031 -12.192
v 150.880 36.506 -12.192
v 150.169 36.785 -12.192
v 149.409 36.842 -12.192
v 148.665 36.672 -12.192
v 148.004 36.291 -12.192
v 147.486 35.732 -12.192
v 147.155 35.044 -12.192
v 127.991 34.290 -12.192
v 128.105 33.536 -12.192
v 128.436 32.848 -12.192
v 128.954 32.289 -12.192
v 129.615 31.908 -12.192
v 130.359 31.738 -12.192
v 131.119 31.795 -12.192
v 131.830 32.074 -12.192
v 132.426 32.549 -12.192
v 132.856 33.180 -12.192
v 133.080 33.909 -12.192
v 133.080 34.671 -12.192
v 132.856 35.400 -12.192
v 132.426 36.031 -12.192
v 131.830 36.506 -12.192
v 131.119 36.785 -12.192
v 130.359 36.842 -12.192
v 129.615 36.672 -12.192
v 128.954 36.291 -12.192
v 128.436 35.732 -12.192
v 128.105 35.044 -12.192
v 108.941 34.290 -12.192
v 109.055 33.536 -12.192
v 109.386 32.848 -12.192
v 109.904 32.289 -12.192
v 110.565 31.908 -12.192
v 111.309 31.738 -12.192
v 112.069 31.795 -12.192
v 112.780 32.074 -12.192
v 113.376 32.549 -12.192
v 113.806 33.180 -12.192
v 114.030 33.909 -12.192
v 114.030 34.671 -12.192
v 113.806 35.400 -12.192
v 113.376 36.031 -12.192
v 112.780 36.506 -12.192
v 112.069 36.785 -12.192
v 111.309 36.842 -12.192
v 110.565 36.672 -12.192
v 109.904 36.291 -12.192
v 109.386 35.732 -12.192
v 109.055 35.044 -12.192
v 89.891 34.290 -12.192
v 90.005 33.536 -12.192
v 90.336 32.848 -12.192
v 90.854 32.289 -12.192
v 91.515 31.908 -12.192
v 92.259 31.738 -12.192
v 93.019 31.795 -12.192
v 93.730 32.074 -12.192
v 94.326 32.549 -12.192
v 94.756 33.180 -12.192
v 94.980 33.909 -12.192
v 94.980 34.671 -12.192
v 94.756 35.400 -12.192
v 94.326 36.031 -12.192
v 93.730 36.506 -12.192
v 93.019 36.785 -12.192
v 92.259 36.842 -12.192
v 91.515 36.672 -12.192
v 90.854 36.291 -12.192
v 90.336 35.732 -12.192
v 90.005 35.044 -12.192
v 70.841 34.290 -12.192
v 70.955 33.536 -12.192
v 71.286 32.848 -12.192
v 71.804 32.289 -12.192
v 72.465 31.908 -12.192
v 73.209 31.738 -12.192
v 73.969 31.795 -12.192
v 74.680 32.074 -12.192
v 75.276 32.549 -12.192
v 75.706 33.180 -12.192
v 75.930 33.909 -12.192
v 75.930 34.671 -12.192
v 75.706 35.400 -12.192
v 75.276 36.031 -12.192
v 74.680 36.506 -12.192
v 73.969 36.785 -12.192
v 73.209 36.842 -12.192
v 72.465 36.672 -12.192
v 71.804 36.291 -12.192
v 71.286 35.732 -12.192
v 70.955 35.044 -12.192
v 51.791 34.290 -12.192
v 51.905 33.536 -12.192
v 52.236 32.848 -12.192
v 52.754 32.289 -12.192
v 53.415 31.908 -12.192
v 54.159 31.738 -12.192
v 54.919 31.795 -12.192
v 55.630 32.074 -12.192
v 56.226 32.549 -12.192
v 56.656 33.180 -12.192
v 56.880 33.909 -12.192
v 56.880 34.671 -12.192
v 56.656 35.400 -12.192
v 56.226 36.031 -12.192
v 55.630 36.506 -12.192
v 54.919 36.785 -12.192
v 54.159 36.842 -12.192
v 53.415 36.672 -12.192
v 52.754 36.291 -12.192
v 52.236 35.732 -12.192
v 51.905 35.044 -12.192
v 32.741 34.290 -12.192
v 32.855 33.536 -12.192
v 33.186 32.848 -12.192
v 33.704 32.289 -12.192
v 34.365 31.908 -12.192
v 35.109 31.738 -12.192
v 35.869 31.795 -12.192
v 36.580 32.074 -12.192
v 37.176 32.549 -12.192
v 37.606 33.180 -12.192
v 37.830 33.909 -12.192
v 37.830 34.671 -12.192
v 37.606 35.400 -12.192
v 37.176 36.031 -12.192
v 36.580 36.506 -12.192
v 35.869 36.785 -12.192
v 35.109 36.842 -12.192
v 34.365 36.672 -12.192
v 33.704 36.291 -12.192
v 33.186 35.732 -12.192
v 32.855 35.044 -12.192
v 13.691 34.290 -12.192
v 13.805 33.536 -12.192
v 14.136 32.848 -12.192
v 14.654 32.289 -12.192
v 15.315 31.908 -12.192
v 16.059 31.738 -12.192
v 16.819 31.795 -12.192
v 17.530 32.074 -12.192
v 18.126 32.549 -12.192
v 18.556 33.180 -12.192
v 18.780 33.909 -12.192
v 18.780 34.671 -12.192
v 18.556 35.400 -12.192
v 18.126 36.031 -12.192
v 17.530 36.506 -12.192
v 16.819 36.785 -12.192
v 16.059 36.842 -12.192
v 15.315 36.672 -12.192
v 14.654 36.291 -12.192
v 14.136 35.732 -12.192
v 13.805 35.044 -12.192
v 185.141 15.240 -12.192
v 185.255 14.486 -12.192
v 185.586 13.798 -12.192
v 186.104 13.239 -12.192
v 186.765 12.858 -12.192
v 187.509 12.688 -12.192
v 188.269 12.745 -12.192
v 188.980 13.024 -12.192
v 189.576 13.499 -12.192
v 190.006 14.130 -12.192
v 190.230 14.859 -12.192
v 190.230 15.621 -12.192
v 190.006 16.350 -12.192
v 189.576 16.981 -12.192
v 188.980 17.456 -12.192
v 188.269 17.735 -12.192
v 187.509 17.792 -12.192
v 186.765 17.622 -12.192
v 186.104 17.241 -12.192
v 185.586 16.682 -12.192
v 185.255 15.994 -12.192
v 166.091 15.240 -12.192
v 166.205 14.486 -12.192
v 166.536 13.798 -12.192
v 167.054 13.239 -12.192
v 167.715 12.858 -12.192
v 168.459 12.688 -12.192
v 169.219 12.745 -12.192
v 169.930 13.024 -12.192
v 170.526 13.499 -12.192
v 170.956 14.130 -12.192
v 171.180 14.859 -12.192
v 171.180 15.621 -12.192
v 170.956 16.350 -12.192
v 170.526 16.981 -12.192
v 169.930 17.456 -12.192
v 169.219 17.735 -12.192
v 168.459 17.792 -12.192
v 167.715 17.622 -12.192
v 167.054 17.241 -12.192
v 166.536 16.682 -12.192
v 166.205 15.994 -12.192
v 147.041 15.240 -12.192
v 147.155 14.486 -12.192
v 147.486 13.798 -12.192
v 148.004 13.239 -12.192
v 148.665 12.858 -12.192
v 149.409 12.688 -12.192
v 150.169 12.745 -12.192
v 150.880 13.024 -12.192
v 151.476 13.499 -12.192
v 151.906 14.130 -12.192
v 152.130 14.859 -12.192
v 152.130 15.621 -12.192
v 151.906 16.350 -12.192
v 151.476 16.981 -12.192
v 150.880 17.456 -12.192
v 150.169 17.735 -12.192
v 149.409 17.792 -12.192
v 148.665 17.622 -12.192
v 148.004 17.241 -12.192
v 147.486 16.682 -12.192
v 147.155 15.994 -12.192
v 127.991 15.240 -12.192
v 128.105 14.486 -12.192
v 128.436 13.798 -12.192
v 128.954 13.239 -12.192
v 129.615 12.858 -12.192
v 130.359 12.688 -12.192
v 131.119 12.745 -12.192
v 131.830 13.024 -12.192
v 132.426 13.499 -12.192
v 132.856 14.130 -12.192
v 133.080 14.859 -12.192
v 133.080 15.621 -12.192
v 132.856 16.350 -12.192
v 132.426 16.981 -12.192
v 131.830 17.456 -12.192
v 131.119 17.735 -12.192
v 130.359 17.792 -12.192
v 129.615 17.622 -12.192
v 128.954 17.241 -12.192
v 128.436 16.682 -12.192
v 128.105 15.994 -12.192
v 108.941 15.240 -12.192
v 109.055 14.486 -12.192
v 109.386 13.798 -12.192
v 109.904 13.239 -12.192
v 110.565 12.858 -12.192
v 111.309 12.688 -12.192
v 112.069 12.745 -12.192
v 112.780 13.024 -12.192
v 113.376 13.499 -12.192
v 113.806 14.130 -12.192
v 114.030 14.859 -12.192
v 114.030 15.621 -12.192
v 113.806 16.350 -12.192
v 113.376 16.981 -12.192
v 112.780 17.456 -12.192
v 112.069 17.735 -12.192
v 111.309 17.792 -12.192
v 110.565 17.622 -12.192
v 109.904 17.241 -12.192
v 109.386 16.682 -12.192
v 109.055 15.994 -12.192
v 89.891 15.240 -12.192
v 90.005 14.486 -12.192
v 90.336 13.798 -12.192
v 90.854 13.239 -12.192
v 91.515 12.858 -12.192
v 92.259 12.688 -12.192
v 93.019 12.745 -12.192
v 93.730 13.024 -12.192
v 94.326 13.499 -12.192
v 94.756 14.130 -12.192
v 94.980 14.859 -12.192
v 94.980 15.621 -12.192
v 94.756 16.350 -12.192
v 94.326 16.981 -12.192
v 93.730 17.456 -12.192
v 93.019 17.735 -12.192
v 92.259 17.792 -12.192
v 91.515 17.622 -12.192
v 90.854 17.241 -12.192
v 90.336 16.682 -12.192
v 90.005 15.994 -12.192
v 70.841 15.240 -12.192
v 70.955 14.486 -12.192
v 71.286 13.798 -12.192
v 71.804 13.239 -12.192
v 72.465 12.858 -12.192
v 73.209 12.688 -12.192
v 73.969 12.745 -12.192
v 74.680 13.024 -12.192
v 75.276 13.499 -12.192
v 75.706 14.130 -12.192
v 75.930 14.859 -12.192
v 75.930 15.621 -12.192
v 75.706 16.350 -12.192
v 75.276 16.981 -12.192
v 74.680 17.456 -12.192
v 73.969 17.735 -12.192
v 73.209 17.792 -12.192
v 72.465 17.622 -12.192
v 71.804 17.241 -12.192
v 71.286 16.682 -12.192
v 70.955 15.994 -12.192
v 32.741 15.240 -12.192
v 32.855 14.486 -12.192
v 33.186 13.798 -12.192
v 33.704 13.239 -12.192
v 34.365 12.858 -12.192
v 35.109 12.688 -12.192
v 35.869 12.745 -12.192
v 36.580 13.024 -12.192
v 37.176 13.499 -12.192
v 37.606 14.130 -12.192
v 37.830 14.859 -12.192
v 37.830 15.621 -12.192
v 37.606 16.350 -12.192
v 37.176 16.981 -12.192
v 36.580 17.456 -12.192
v 35.869 17.735 -12.192
v 35.109 17.792 -12.192
v 34.365 17.622 -12.192
v 33.704 17.241 -12.192
v 33.186 16.682 -12.192
v 32.855 15.994 -12.192
v 175.750 193.965 -12.192
v 175.872 193.154 -12.192
v 176.228 192.416 -12.192
v 176.785 191.815 -12.192
v 177.495 191.405 -12.192
v 178.294 191.223 -12.192
v 179.112 191.284 -12.192
v 179.875 191.583 -12.192
v 180.516 192.095 -12.192
v 180.978 192.772 -12.192
v 181.219 193.555 -12.192
v 181.219 194.375 -12.192
v 180.978 195.158 -12.192
v 180.516 195.835 -12.192
v 179.875 196.347 -12.192
v 179.112 196.646 -12.192
v 178.294 196.707 -12.192
v 177.495 196.525 -12.192
v 176.785 196.115 -12.192
v 176.228 195.514 -12.192
v 175.872 194.776 -12.192
v 13.691 15.240 -12.192
v 13.805 14.486 -12.192
v 14.136 13.798 -12.192
v 14.654 13.239 -12.192
v 15.315 12.858 -12.192
v 16.059 12.688 -12.192
v 16.819 12.745 -12.192
v 17.530 13.024 -12.192
v 18.126 13.499 -12.192
v 18.556 14.130 -12.192
v 18.780 14.859 -12.192
v 18.780 15.621 -12.192
v 18.556 16.350 -12.192
v 18.126 16.981 -12.192
v 17.530 17.456 -12.192
v 16.819 17.735 -12.192
v 16.059 17.792 -12.192
v 15.315 17.622 -12.192
v 14.654 17.241 -12.192
v 14.136 16.682 -12.192
v 13.805 15.994 -12.192
v 50.750 9.965 -12.192
v 50.872 9.154 -12.192
v 51.228 8.416 -12.192
v 51.785 7.815 -12.192
v 52.495 7.405 -12.192
v 53.294 7.223 -12.192
v 54.112 7.284 -12.192
v 54.875 7.583 -12.192
v 55.516 8.095 -12.192
v 55.978 8.772 -12.192
v 56.219 9.555 -12.192
v 56.219 10.375 -12.192
v 55.978 11.158 -12.192
v 55.516 11.835 -12.192
v 54.875 12.347 -12.192
v 54.112 12.646 -12.192
v 53.294 12.707 -12.192
v 52.495 12.525 -12.192
v 51.785 12.115 -12.192
v 51.228 11.514 -12.192
v 50.872 10.776 -12.192
v 130.750 77.965 -12.192
v 130.872 77.154 -12.192
v 131.228 76.416 -12.192
v 131.785 75.815 -12.192
v 132.495 75.405 -12.192
v 133.294 75.223 -12.192
v 134.112 75.284 -12.192
v 134.875 75.583 -12.192
v 135.516 76.095 -12.192
v 135.978 76.772 -12.192
v 136.219 77.555 -12.192
v 136.219 78.375 -12.192
v 135.978 79.158 -12.192
v 135.516 79.835 -12.192
v 134.875 80.347 -12.192
v 134.112 80.646 -12.192
v 133.294 80.707 -12.192
v 132.495 80.525 -12.192
v 131.785 80.115 -12.192
v 131.228 79.514 -12.192
v 130.872 78.776 -12.192
v 13.250 82.965 -12.192
v 13.372 82.154 -12.192
v 13.728 81.416 -12.192
v 14.285 80.815 -12.192
v 14.995 80.405 -12.192
v 15.794 80.223 -12.192
v 16.612 80.284 -12.192
v 17.375 80.583 -12.192
v 18.016 81.095 -12.192
v 18.478 81.772 -12.192
v 18.719 82.555 -12.192
v 18.719 83.375 -12.192
v 18.478 84.158 -12.192
v 18.016 84.835 -12.192
v 17.375 85.347 -12.192
v 16.612 85.646 -12.192
v 15.794 85.707 -12.192
v 14.995 85.525 -12.192
v 14.285 85.115 -12.192
v 13.728 84.514 -12.192
v 13.372 83.776 -12.192
v 90.750 5.465 -12.192
v 90.872 4.654 -12.192
v 91.228 3.916 -12.192
v 91.785 3.315 -12.192
v 92.495 2.905 -12.192
v 93.294 2.723 -12.192
v 94.112 2.784 -12.192
v 94.875 3.083 -12.192
v 95.516 3.595 -12.192
v 95.978 4.272 -12.192
v 96.219 5.055 -12.192
v 96.219 5.875 -12.192
v 95.978 6.658 -12.192
v 95.516 7.335 -12.192
v 94.875 7.847 -12.192
v 94.112 8.146 -12.192
v 93.294 8.207 -12.192
v 92.495 8.025 -12.192
v 91.785 7.615 -12.192
v 91.228 7.014 -12.192
v 90.872 6.276 -12.192
v 17.750 42.965 -12.192
v 17.872 42.154 -12.192
v 18.228 41.416 -12.192
v 18.785 40.815 -12.192
v 19.495 40.405 -12.192
v 20.294 40.223 -12.192
v 21.112 40.284 -12.192
v 21.875 40.583 -12.192
v 22.516 41.095 -12.192
v 22.978 41.772 -12.192
v 23.219 42.555 -12.192
v 23.219 43.375 -12.192
v 22.978 44.158 -12.192
v 22.516 44.835 -12.192
v 21.875 45.347 -12.192
v 21.112 45.646 -12.192
v 20.294 45.707 -12.192
v 19.495 45.525 -12.192
v 18.785 45.115 -12.192
v 18.228 44.514 -12.192
v 17.872 43.776 -12.192
v 45.750 87.965 -12.192
v 45.872 87.154 -12.192
v 46.228 86.416 -12.192
v 46.785 85.815 -12.192
v 47.495 85.405 -12.192
v 48.294 85.223 -12.192
v 49.112 85.284 -12.192
v 49.875 85.583 -12.192
v 50.516 86.095 -12.192
v 50.978 86.772 -12.192
v 51.219 87.555 -12.192
v 51.219 88.375 -12.192
v 50.978 89.158 -12.192
v 50.516 89.835 -12.192
v 49.875 90.347 -12.192
v 49.112 90.646 -12.192
v 48.294 90.707 -12.192
v 47.495 90.525 -12.192
v 46.785 90.115 -12.192
v 46.228 89.514 -12.192
v 45.872 88.776 -12.192
v 201.750 77.965 -12.192
v 201.872 77.154 -12.192
v 202.228 76.416 -12.192
v 202.785 75.815 -12.192
v 203.495 75.405 -12.192
v 204.294 75.223 -12.192
v 205.112 75.284 -12.192
v 205.875 75.583 -12.192
v 206.516 76.095 -12.192
v 206.978 76.772 -12.192
v 207.219 77.555 -12.192
v 207.219 78.375 -12.192
v 206.978 79.158 -12.192
v 206.516 79.835 -12.192
v 205.875 80.347 -12.192
v 205.112 80.646 -12.192
v 204.294 80.707 -12.192
v 203.495 80.525 -12.192
v 202.785 80.115 -12.192
v 202.228 79.514 -12.192
v 201.872 78.776 -12.192
v 4.166 5.715 -12.192
v 4.280 4.961 -12.192
v 4.611 4.273 -12.192
v 5.129 3.714 -12.192
v 5.790 3.333 -12.192
v 6.534 3.163 -12.192
v 7.294 3.220 -12.192
v 8.005 3.499 -12.192
v 8.601 3.974 -12.192
v 9.031 4.605 -12.192
v 9.255 5.334 -12.192
v 9.255 6.096 -12.192
v 9.031 6.825 -12.192
v 8.601 7.456 -12.192
v 8.005 7.931 -12.192
v 7.294 8.210 -12.192
v 6.534 8.267 -12.192
v 5.790 8.097 -12.192
v 5.129 7.716 -12.192
v 4.611 7.157 -12.192
v 4.280 6.469 -12.192
v 23.216 5.715 -12.192
v 23.330 4.961 -12.192
v 23.661 4.273 -12.192
v 24.179 3.714 -12.192
v 24.840 3.333 -12.192
v 25.584 3.163 -12.192
v 26.344 3.220 -12.192
v 27.055 3.499 -12.192
v 27.651 3.974 -12.192
v 28.081 4.605 -12.192
v 28.305 5.334 -12.192
v 28.305 6.096 -12.192
v 28.081 6.825 -12.192
v 27.651 7.456 -12.192
v 27.055 7.931 -12.192
v 26.344 8.210 -12.192
v 25.584 8.267 -12.192
v 24.840 8.097 -12.192
v 24.179 7.716 -12.192
v 23.661 7.157 -12.192
v 23.330 6.469 -12.192
v 80.366 5.715 -12.192
v 80.480 4.961 -12.192
v 80.811 4.273 -12.192
v 81.329 3.714 -12.192
v 81.990 3.333 -12.192
v 82.734 3.163 -12.192
v 83.494 3.220 -12.192
v 84.205 3.499 -12.192
v 84.801 3.974 -12.192
v 85.231 4.605 -12.192
v 85.455 5.334 -12.192
v 85.455 6.096 -12.192
v 85.231 6.825 -12.192
v 84.801 7.456 -12.192
v 84.205 7.931 -12.192
v 83.494 8.210 -12.192
v 82.734 8.267 -12.192
v 81.990 8.097 -12.192
v 81.329 7.716 -12.192
v 80.811 7.157 -12.192
v 80.480 6.469 -12.192
v 118.466 5.715 -12.192
v 118.580 4.961 -12.192
v 118.911 4.273 -12.192
v 119.429 3.714 -12.192
v 120.090 3.333 -12.192
v 120.834 3.163 -12.192
v 121.594 3.220 -12.192
v 122.305 3.499 -12.192
v 122.901 3.974 -12.192
v 123.331 4.605 -12.192
v 123.555 5.334 -12.192
v 123.555 6.096 -12.192
v 123.331 6.825 -12.192
v 122.901 7.456 -12.192
v 122.305 7.931 -12.192
v 121.594 8.210 -12.192
v 120.834 8.267 -12.192
v 120.090 8.097 -12.192
v 119.429 7.716 -12.192
v 118.911 7.157 -12.192
v 118.580 6.469 -12.192
v 137.516 5.715 -12.192
v 137.630 4.961 -12.192
v 137.961 4.273 -12.192
v 138.479 3.714 -12.192
v 139.140 3.333 -12.192
v 139.884 3.163 -12.192
v 140.644 3.220 -12.192
v 141.355 3.499 -12.192
v 141.951 3.974 -12.192
v 142.381 4.605 -12.192
v 142.605 5.334 -12.192
v 142.605 6.096 -12.192
v 142.381 6.825 -12.192
v 141.951 7.456 -12.192
v 141.355 7.931 -12.192
v 140.644 8.210 -12.192
v 139.884 8.267 -12.192
v 139.140 8.097 -12.192
v 138.479 7.716 -12.192
v 137.961 7.157 -12.192
v 137.630 6.469 -12.192
v 156.566 5.715 -12.192
v 156.680 4.961 -12.192
v 157.011 4.273 -12.192
v 157.529 3.714 -12.192
v 158.190 3.333 -12.192
v 158.934 3.163 -12.192
v 159.694 3.220 -12.192
v 160.405 3.499 -12.192
v 161.001 3.974 -12.192
v 161.431 4.605 -12.192
v 161.655 5.334 -12.192
v 161.655 6.096 -12.192
v 161.431 6.825 -12.192
v 161.001 7.456 -12.192
v 160.405 7.931 -12.192
v 159.694 8.210 -12.192
v 158.934 8.267 -12.192
v 158.190 8.097 -12.192
v 157.529 7.716 -12.192
v 157.011 7.157 -12.192
v 156.680 6.469 -12.192
v 175.616 5.715 -12.192
v 175.730 4.961 -12.192
v 176.061 4.273 -12.192
v 176.579 3.714 -12.192
v 177.240 3.333 -12.192
v 177.984 3.163 -12.192
v 178.744 3.220 -12.192
v 179.455 3.499 -12.192
v 180.051 3.974 -12.192
v 180.481 4.605 -12.192
v 180.705 5.334 -12.192
v 180.705 6.096 -12.192
v 180.481 6.825 -12.192
v 180.051 7.456 -12.192
v 179.455 7.931 -12.192
v 178.744 8.210 -12.192
v 177.984 8.267 -12.192
v 177.240 8.097 -12.192
v 176.579 7.716 -12.192
v 176.061 7.157 -12.192
v 175.730 6.469 -12.192
v 213.716 5.715 -12.192
v 213.830 4.961 -12.192
v 214.161 4.273 -12.192
v 214.679 3.714 -12.192
v 215.340 3.333 -12.192
v 216.084 3.163 -12.192
v 216.844 3.220 -12.192
v 217.555 3.499 -12.192
v 218.151 3.974 -12.192
v 218.581 4.605 -12.192
v 218.805 5.334 -12.192
v 218.805 6.096 -12.192
v 218.581 6.825 -12.192
v 218.151 7.456 -12.192
v 217.555 7.931 -12.192
v 216.844 8.210 -12.192
v 216.084 8.267 -12.192
v 215.340 8.097 -12.192
v 214.679 7.716 -12.192
v 214.161 7.157 -12.192
v 213.830 6.469 -12.192
v 4.166 24.765 -12.192
v 4.280 24.011 -12.192
v 4.611 23.323 -12.192
v 5.129 22.764 -12.192
v 5.790 22.383 -12.192
v 6.534 22.213 -12.192
v 7.294 22.270 -12.192
v 8.005 22.549 -12.192
v 8.601 23.024 -12.192
v 9.031 23.655 -12.192
v 9.255 24.384 -12.192
v 9.255 25.146 -12.192
v 9.031 25.875 -12.192
v 8.601 26.506 -12.192
v 8.005 26.981 -12.192
v 7.294 27.260 -12.192
v 6.534 27.317 -12.192
v 5.790 27.147 -12.192
v 5.129 26.766 -12.192
v 4.611 26.207 -12.192
v 4.280 25.519 -12.192
v 23.216 24.765 -12.192
v 23.330 24.011 -12.192
v 23.661 23.323 -12.192
v 24.179 22.764 -12.192
v 24.840 22.383 -12.192
v 25.584 22.213 -12.192
v 26.344 22.270 -12.192
v 27.055 22.549 -12.192
v 27.651 23.024 -12.192
v 28.081 23.655 -12.192
v 28.305 24.384 -12.192
v 28.305 25.146 -12.192
v 28.081 25.875 -12.192
v 27.651 26.506 -12.192
v 27.055 26.981 -12.192
v 26.344 27.260 -12.192
v 25.584 27.317 -12.192
v 24.840 27.147 -12.192
v 24.179 26.766 -12.192
v 23.661 26.207 -12.192
v 23.330 25.519 -12.192
v 42.266 24.765 -12.192
v 42.380 24.011 -12.192
v 42.711 23.323 -12.192
v 43.229 22.764 -12.192
v 43.890 22.383 -12.192
v 44.634 22.213 -12.192
v 45.394 22.270 -12.192
v 46.105 22.549 -12.192
v 46.701 23.024 -12.192
v 47.131 23.655 -12.192
v 47.355 24.384 -12.192
v 47.355 25.146 -12.192
v 47.131 25.875 -12.192
v 46.701 26.506 -12.192
v 46.105 26.981 -12.192
v 45.394 27.260 -12.192
v 44.634 27.317 -12.192
v 43.890 27.147 -12.192
v 43.229 26.766 -12.192
v 42.711 26.207 -12.192
v 42.380 25.519 -12.192
v 61.316 24.765 -12.192
v 61.430 24.011 -12.192
v 61.761 23.323 -12.192
v 62.279 22.764 -12.192
v 62.940 22.383 -12.192
v 63.684 22.213 -12.192
v 64.444 22.270 -12.192
v 65.155 22.549 -12.192
v 65.751 23.024 -12.192
v 66.181 23.655 -12.192
v 66.405 24.384 -12.192
v 66.405 25.146 -12.192
v 66.181 25.875 -12.192
v 65.751 26.506 -12.192
v 65.155 26.981 -12.192
v 64.444 27.260 -12.192
v 63.684 27.317 -12.192
v 62.940 27.147 -12.192
v 62.279 26.766 -12.192
v 61.761 26.207 -12.192
v 61.430 25.519 -12.192
v 80.366 24.765 -12.192
v 80.480 24.011 -12.192
v 80.811 23.323 -12.192
v 81.329 22.764 -12.192
v 81.990 22.383 -12.192
v 82.734 22.213 -12.192
v 83.494 22.270 -12.192
v 84.205 22.549 -12.192
v 84.801 23.024 -12.192
v 85.231 23.655 -12.192
v 85.455 24.384 -12.192
v 85.455 25.146 -12.192
v 85.231 25.875 -12.192
v 84.801 26.506 -12.192
v 84.205 26.981 -12.192
v 83.494 27.260 -12.192
v 82.734 27.317 -12.192
v 81.990 27.147 -12.192
v 81.329 26.766 -12.192
v 80.811 26.207 -12.192
v 80.480 25.519 -12.192
v 99.416 24.765 -12.192
v 99.530 24.011 -12.192
v 99.861 23.323 -12.192
v 100.379 22.764 -12.192
v 101.040 22.383 -12.192
v 101.784 22.213 -12.192
v 102.544 22.270 -12.192
v 103.255 22.549 -12.192
v 103.851 23.024 -12.192
v 104.281 23.655 -12.192
v 104.505 24.384 -12.192
v 104.505 25.146 -12.192
v 104.281 25.875 -12.192
v 103.851 26.506 -12.192
v 103.255 26.981 -12.192
v 102.544 27.260 -12.192
v 101.784 27.317 -12.192
v 101.040 27.147 -12.192
v 100.379 26.766 -12.192
v 99.861 26.207 -12.192
v 99.530 25.519 -12.192
v 118.466 24.765 -12.192
v 118.580 24.011 -12.192
v 118.911 23.323 -12.192
v 119.429 22.764 -12.192
v 120.090 22.383 -12.192
v 120.834 22.213 -12.192
v 121.594 22.270 -12.192
v 122.305 22.549 -12.192
v 122.901 23.024 -12.192
v 123.331 23.655 -12.192
v 123.555 24.384 -12.192
v 123.555 25.146 -12.192
v 123.331 25.875 -12.192
v 122.901 26.506 -12.192
v 122.305 26.981 -12.192
v 121.594 27.260 -12.192
v 120.834 27.317 -12.192
v 120.090 27.147 -12.192
v 119.429 26.766 -12.192
v 118.911 26.207 -12.192
v 118.580 25.519 -12.192
v 137.516 24.765 -12.192
v 137.630 24.011 -12.192
v 137.961 23.323 -12.192
v 138.479 22.764 -12.192
v 139.140 22.383 -12.192
v 139.884 22.213 -12.192
v 140.644 22.270 -12.192
v 141.355 22.549 -12.192
v 141.951 23.024 -12.192
v 142.381 23.655 -12.192
v 142.605 24.384 -12.192
v 142.605 25.146 -12.192
v 142.381 25.875 -12.192
v 141.951 26.506 -12.192
v 141.355 26.981 -12.192
v 140.644 27.260 -12.192
v 139.884 27.317 -12.192
v 139.140 27.147 -12.192
v 138.479 26.766 -12.192
v 137.961 26.207 -12.192
v 137.630 25.519 -12.192
v 156.566 24.765 -12.192
v 156.680 24.011 -12.192
v 157.011 23.323 -12.192
v 157.529 22.764 -12.192
v 158.190 22.383 -12.192
v 158.934 22.213 -12.192
v 159.694 22.270 -12.192
v 160.405 22.549 -12.192
v 161.001 23.024 -12.192
v 161.431 23.655 -12.192
v 161.655 24.384 -12.192
v 161.655 25.146 -12.192
v 161.431 25.875 -12.192
v 161.001 26.506 -12.192
v 160.405 26.981 -12.192
v 159.694 27.260 -12.192
v 158.934 27.317 -12.192
v 158.190 27.147 -12.192
v 157.529 26.766 -12.192
v 157.011 26.207 -12.192
v 156.680 25.519 -12.192
v 175.616 24.765 -12.192
v 175.730 24.011 -12.192
v 176.061 23.323 -12.192
v 176.579 22.764 -12.192
v 177.240 22.383 -12.192
v 177.984 22.213 -12.192
v 178.744 22.270 -12.192
v 179.455 22.549 -12.192
v 180.051 23.024 -12.192
v 180.481 23.655 -12.192
v 180.705 24.384 -12.192
v 180.705 25.146 -12.192
v 180.481 25.875 -12.192
v 180.051 26.506 -12.192
v 179.455 26.981 -12.192
v 178.744 27.260 -12.192
v 177.984 27.317 -12.192
v 177.240 27.147 -12.192
v 176.579 26.766 -12.192
v 176.061 26.207 -12.192
v 175.730 25.519 -12.192
v 194.666 24.765 -12.192
v 194.780 24.011 -12.192
v 195.111 23.323 -12.192
v 195.629 22.764 -12.192
v 196.290 22.383 -12.192
v 197.034 22.213 -12.192
v 197.794 22.270 -12.192
v 198.505 22.549 -12.192
v 199.101 23.024 -12.192
v 199.531 23.655 -12.192
v 199.755 24.384 -12.192
v 199.755 25.146 -12.192
v 199.531 25.875 -12.192
v 199.101 26.506 -12.192
v 198.505 26.981 -12.192
v 197.794 27.260 -12.192
v 197.034 27.317 -12.192
v 196.290 27.147 -12.192
v 195.629 26.766 -12.192
v 195.111 26.207 -12.192
v 194.780 25.519 -12.192
v 213.716 24.765 -12.192
v 213.830 24.011 -12.192
v 214.161 23.323 -12.192
v 214.679 22.764 -12.192
v 215.340 22.383 -12.192
v 216.084 22.213 -12.192
v 216.844 22.270 -12.192
v 217.555 22.549 -12.192
v 218.151 23.024 -12.192
v 218.581 23.655 -12.192
v 218.805 24.384 -12.192
v 218.805 25.146 -12.192
v 218.581 25.875 -12.192
v 218.151 26.506 -12.192
v 217.555 26.981 -12.192
v 216.844 27.260 -12.192
v 216.084 27.317 -12.192
v 215.340 27.147 -12.192
v 214.679 26.766 -12.192
v 214.161 26.207 -12.192
v 213.830 25.519 -12.192
v 4.166 43.815 -12.192
v 4.280 43.061 -12.192
v 4.611 42.373 -12.192
v 5.129 41.814 -12.192
v 5.790 41.433 -12.192
v 6.534 41.263 -12.192
v 7.294 41.320 -12.192
v 8.005 41.599 -12.192
v 8.601 42.074 -12.192
v 9.031 42.705 -12.192
v 9.255 43.434 -12.192
v 9.255 44.196 -12.192
v 9.031 44.925 -12.192
v 8.601 45.556 -12.192
v 8.005 46.031 -12.192
v 7.294 46.310 -12.192
v 6.534 46.367 -12.192
v 5.790 46.197 -12.192
v 5.129 45.816 -12.192
v 4.611 45.257 -12.192
v 4.280 44.569 -12.192
v 61.316 43.815 -12.192
v 61.430 43.061 -12.192
v 61.761 42.373 -12.192
v 62.279 41.814 -12.192
v 62.940 41.433 -12.192
v 63.684 41.263 -12.192
v 64.444 41.320 -12.192
v 65.155 41.599 -12.192
v 65.751 42.074 -12.192
v 66.181 42.705 -12.192
v 66.405 43.434 -12.192
v 66.405 44.196 -12.192
v 66.181 44.925 -12.192
v 65.751 45.556 -12.192
v 65.155 46.031 -12.192
v 64.444 46.310 -12.192
v 63.684 46.367 -12.192
v 62.940 46.197 -12.192
v 62.279 45.816 -12.192
v 61.761 45.257 -12.192
v 61.430 44.569 -12.192
v 80.366 43.815 -12.192
v 80.480 43.061 -12.192
v 80.811 42.373 -12.192
v 81.329 41.814 -12.192
v 81.990 41.433 -12.192
v 82.734 41.263 -12.192
v 83.494 41.320 -12.192
v 84.205 41.599 -12.192
v 84.801 42.074 -12.192
v 85.231 42.705 -12.192
v 85.455 43.434 -12.192
v 85.455 44.196 -12.192
v 85.231 44.925 -12.192
v 84.801 45.556 -12.192
v 84.205 46.031 -12.192
v 83.494 46.310 -12.192
v 82.734 46.367 -12.192
v 81.990 46.197 -12.192
v 81.329 45.816 -12.192
v 80.811 45.257 -12.192
v 80.480 44.569 -12.192
v 99.416 43.815 -12.192
v 99.530 43.061 -12.192
v 99.861 42.373 -12.192
v 100.379 41.814 -12.192
v 101.040 41.433 -12.192
v 101.784 41.263 -12.192
v 102.544 41.320 -12.192
v 103.255 41.599 -12.192
v 103.851 42.074 -12.192
v 104.281 42.705 -12.192
v 104.505 43.434 -12.192
v 104.505 44.196 -12.192
v 104.281 44.925 -12.192
v 103.851 45.556 -12.192
v 103.255 46.031 -12.192
v 102.544 46.310 -12.192
v 101.784 46.367 -12.192
v 101.040 46.197 -12.192
v 100.379 45.816 -12.192
v 99.861 45.257 -12.192
v 99.530 44.569 -12.192
v 118.466 43.815 -12.192
v 118.580 43.061 -12.192
v 118.911 42.373 -12.192
v 119.429 41.814 -12.192
v 120.090 41.433 -12.192
v 120.834 41.263 -12.192
v 121.594 41.320 -12.192
v 122.305 41.599 -12.192
v 122.901 42.074 -12.192
v 123.331 42.705 -12.192
v 123.555 43.434 -12.192
v 123.555 44.196 -12.192
v 123.331 44.925 -12.192
v 122.901 45.556 -12.192
v 122.305 46.031 -12.192
v 121.594 46.310 -12.192
v 120.834 46.367 -12.192
v 120.090 46.197 -12.192
v 119.429 45.816 -12.192
v 118.911 45.257 -12.192
v 118.580 44.569 -12.192
v 137.516 43.815 -12.192
v 137.630 43.061 -12.192
v 137.961 42.373 -12.192
v 138.479 41.814 -12.192
v 139.140 41.433 -12.192
v 139.884 41.263 -12.192
v 140.644 41.320 -12.192
v 141.355 41.599 -12.192
v 141.951 42.074 -12.192
v 142.381 42.705 -12.192
v 142.605 43.434 -12.192
v 142.605 44.196 -12.192
v 142.381 44.925 -12.192
v 141.951 45.556 -12.192
v 141.355 46.031 -12.192
v 140.644 46.310 -12.192
v 139.884 46.367 -12.192
v 139.140 46.197 -12.192
v 138.479 45.816 -12.192
v 137.961 45.257 -12.192
v 137.630 44.569 -12.192
v 156.566 43.815 -12.192
v 156.680 43.061 -12.192
v 157.011 42.373 -12.192
v 157.529 41.814 -12.192
v 158.190 41.433 -12.192
v 158.934 41.263 -12.192
v 159.694 41.320 -12.192
v 160.405 41.599 -12.192
v 161.001 42.074 -12.192
v 161.431 42.705 -12.192
v 161.655 43.434 -12.192
v 161.655 44.196 -12.192
v 161.431 44.925 -12.192
v 161.001 45.556 -12.192
v 160.405 46.031 -12.192
v 159.694 46.310 -12.192
v 158.934 46.367 -12.192
v 158.190 46.197 -12.192
v 157.529 45.816 -12.192
v 157.011 45.257 -12.192
v 156.680 44.569 -12.192
v 175.616 43.815 -12.192
v 175.730 43.061 -12.192
v 176.061 42.373 -12.192
v 176.579 41.814 -12.192
v 177.240 41.433 -12.192
v 177.984 41.263 -12.192
v 178.744 41.320 -12.192
v 179.455 41.599 -12.192
v 180.051 42.074 -12.192
v 180.481 42.705 -12.192
v 180.705 43.434 -12.192
v 180.705 44.196 -12.192
v 180.481 44.925 -12.192
v 180.051 45.556 -12.192
v 179.455 46.031 -12.192
v 178.744 46.310 -12.192
v 177.984 46.367 -12.192
v 177.240 46.197 -12.192
v 176.579 45.816 -12.192
v 176.061 45.257 -12.192
v 175.730 44.569 -12.192
v 194.666 43.815 -12.192
v 194.780 43.061 -12.192
v 195.111 42.373 -12.192
v 195.629 41.814 -12.192
v 196.290 41.433 -12.192
v 197.034 41.263 -12.192
v 197.794 41.320 -12.192
v 198.505 41.599 -12.192
v 199.101 42.074 -12.192
v 199.531 42.705 -12.192
v 199.755 43.434 -12.192
v 199.755 44.196 -12.192
v 199.531 44.925 -12.192
v 199.101 45.556 -12.192
v 198.505 46.031 -12.192
v 197.794 46.310 -12.192
v 197.034 46.367 -12.192
v 196.290 46.197 -12.192
v 195.629 45.816 -12.192
v 195.111 45.257 -12.192
v 194.780 44.569 -12.192
v 213.716 43.815 -12.192
v 213.830 43.061 -12.192
v 214.161 42.373 -12.192
v 214.679 41.814 -12.192
v 215.340 41.433 -12.192
v 216.084 41.263 -12.192
v 216.844 41.320 -12.192
v 217.555 41.599 -12.192
v 218.151 42.074 -12.192
v 218.581 42.705 -12.192
v 218.805 43.434 -12.192
v 218.805 44.196 -12.192
v 218.581 44.925 -12.192
v 218.151 45.556 -12.192
v 217.555 46.031 -12.192
v 216.844 46.310 -12.192
v 216.084 46.367 -12.192
v 215.340 46.197 -12.192
v 214.679 45.816 -12.192
v 214.161 45.257 -12.192
v 213.830 44.569 -12.192
v 4.166 62.865 -12.192
v 4.280 62.111 -12.192
v 4.611 61.423 -12.192
v 5.129 60.864 -12.192
v 5.790 60.483 -12.192
v 6.534 60.313 -12.192
v 7.294 60.370 -12.192
v 8.005 60.649 -12.192
v 8.601 61.124 -12.192
v 9.031 61.755 -12.192
v 9.255 62.484 -12.192
v 9.255 63.246 -12.192
v 9.031 63.975 -12.192
v 8.601 64.606 -12.192
v 8.005 65.081 -12.192
v 7.294 65.360 -12.192
v 6.534 65.417 -12.192
v 5.790 65.247 -12.192
v 5.129 64.866 -12.192
v 4.611 64.307 -12.192
v 4.280 63.619 -12.192
v 23.216 62.865 -12.192
v 23.330 62.111 -12.192
v 23.661 61.423 -12.192
v 24.179 60.864 -12.192
v 24.840 60.483 -12.192
v 25.584 60.313 -12.192
v 26.344 60.370 -12.192
v 27.055 60.649 -12.192
v 27.651 61.124 -12.192
v 28.081 61.755 -12.192
v 28.305 62.484 -12.192
v 28.305 63.246 -12.192
v 28.081 63.975 -12.192
v 27.651 64.606 -12.192
v 27.055 65.081 -12.192
v 26.344 65.360 -12.192
v 25.584 65.417 -12.192
v 24.840 65.247 -12.192
v 24.179 64.866 -12.192
v 23.661 64.307 -12.192
v 23.330 63.619 -12.192
v 42.266 62.865 -12.192
v 42.380 62.111 -12.192
v 42.711 61.423 -12.192
v 43.229 60.864 -12.192
v 43.890 60.483 -12.192
v 44.634 60.313 -12.192
v 45.394 60.370 -12.192
v 46.105 60.649 -12.192
v 46.701 61.124 -12.192
v 47.131 61.755 -12.192
v 47.355 62.484 -12.192
v 47.355 63.246 -12.192
v 47.131 63.975 -12.192
v 46.701 64.606 -12.192
v 46.105 65.081 -12.192
v 45.394 65.360 -12.192
v 44.634 65.417 -12.192
v 43.890 65.247 -12.192
v 43.229 64.866 -12.192
v 42.711 64.307 -12.192
v 42.380 63.619 -12.192
v 61.316 62.865 -12.192
v 61.430 62.111 -12.192
v 61.761 61.423 -12.192
v 62.279 60.864 -12.192
v 62.940 60.483 -12.192
v 63.684 60.313 -12.192
v 64.444 60.370 -12.192
v 65.155 60.649 -12.192
v 65.751 61.124 -12.192
v 66.181 61.755 -12.192
v 66.405 62.484 -12.192
v 66.405 63.246 -12.192
v 66.181 63.975 -12.192
v 65.751 64.606 -12.192
v 65.155 65.081 -12.192
v 64.444 65.360 -12.192
v 63.684 65.417 -12.192
v 62.940 65.247 -12.192
v 62.279 64.866 -12.192
v 61.761 64.307 -12.192
v 61.430 63.619 -12.192
v 80.366 62.865 -12.192
v 80.480 62.111 -12.192
v 80.811 61.423 -12.192
v 81.329 60.864 -12.192
v 81.990 60.483 -12.192
v 82.734 60.313 -12.192
v 83.494 60.370 -12.192
v 84.205 60.649 -12.192
v 84.801 61.124 -12.192
v 85.231 61.755 -12.192
v 85.455 62.484 -12.192
v 85.455 63.246 -12.192
v 85.231 63.975 -12.192
v 84.801 64.606 -12.192
v 84.205 65.081 -12.192
v 83.494 65.360 -12.192
v 82.734 65.417 -12.192
v 81.990 65.247 -12.192
v 81.329 64.866 -12.192
v 80.811 64.307 -12.192
v 80.480 63.619 -12.192
v 99.416 62.865 -12.192
v 99.530 62.111 -12.192
v 99.861 61.423 -12.192
v 100.379 60.864 -12.192
v 101.040 60.483 -12.192
v 101.784 60.313 -12.192
v 102.544 60.370 -12.192
v 103.255 60.649 -12.192
v 103.851 61.124 -12.192
v 104.281 61.755 -12.192
v 104.505 62.484 -12.192
v 104.505 63.246 -12.192
v 104.281 63.975 -12.192
v 103.851 64.606 -12.192
v 103.255 65.081 -12.192
v 102.544 65.360 -12.192
v 101.784 65.417 -12.192
v 101.040 65.247 -12.192
v 100.379 64.866 -12.192
v 99.861 64.307 -12.192
v 99.530 63.619 -12.192
v 118.466 62.865 -12.192
v 118.580 62.111 -12.192
v 118.911 61.423 -12.192
v 119.429 60.864 -12.192
v 120.090 60.483 -12.192
v 120.834 60.313 -12.192
v 121.594 60.370 -12.192
v 122.305 60.649 -12.192
v 122.901 61.124 -12.192
v 123.331 61.755 -12.192
v 123.555 62.484 -12.192
v 123.555 63.246 -12.192
v 123.331 63.975 -12.192
v 122.901 64.606 -12.192
v 122.305 65.081 -12.192
v 121.594 65.360 -12.192
v 120.834 65.417 -12.192
v 120.090 65.247 -12.192
v 119.429 64.866 -12.192
v 118.911 64.307 -12.192
v 118.580 63.619 -12.192
v 137.516 62.865 -12.192
v 137.630 62.111 -12.192
v 137.961 61.423 -12.192
v 138.479 60.864 -12.192
v 139.140 60.483 -12.192
v 139.884 60.313 -12.192
v 140.644 60.370 -12.192
v 141.355 60.649 -12.192
v 141.951 61.124 -12.192
v 142.381 61.755 -12.192
v 142.605 62.484 -12.192
v 142.605 63.246 -12.192
v 142.381 63.975 -12.192
v 141.951 64.606 -12.192
v 141.355 65.081 -12.192
v 140.644 65.360 -12.192
v 139.884 65.417 -12.192
v 139.140 65.247 -12.192
v 138.479 64.866 -12.192
v 137.961 64.307 -12.192
v 137.630 63.619 -12.192
v 156.566 62.865 -12.192
v 156.680 62.111 -12.192
v 157.011 61.423 -12.192
v 157.529 60.864 -12.192
v 158.190 60.483 -12.192
v 158.934 60.313 -12.192
v 159.694 60.370 -12.192
v 160.405 60.649 -12.192
v 161.001 61.124 -12.192
v 161.431 61.755 -12.192
v 161.655 62.484 -12.192
v 161.655 63.246 -12.192
v 161.431 63.975 -12.192
v 161.001 64.606 -12.192
v 160.405 65.081 -12.192
v 159.694 65.360 -12.192
v 158.934 65.417 -12.192
v 158.190 65.247 -12.192
v 157.529 64.866 -12.192
v 157.011 64.307 -12.192
v 156.680 63.619 -12.192
v 175.616 62.865 -12.192
v 175.730 62.111 -12.192
v 176.061 61.423 -12.192
v 176.579 60.864 -12.192
v 177.240 60.483 -12.192
v 177.984 60.313 -12.192
v 178.744 60.370 -12.192
v 179.455 60.649 -12.192
v 180.051 61.124 -12.192
v 180.481 61.755 -12.192
v 180.705 62.484 -12.192
v 180.705 63.246 -12.192
v 180.481 63.975 -12.192
v 180.051 64.606 -12.192
v 179.455 65.081 -12.192
v 178.744 65.360 -12.192
v 177.984 65.417 -12.192
v 177.240 65.247 -12.192
v 176.579 64.866 -12.192
v 176.061 64.307 -12.192
v 175.730 63.619 -12.192
v 194.666 62.865 -12.192
v 194.780 62.111 -12.192
v 195.111 61.423 -12.192
v 195.629 60.864 -12.192
v 196.290 60.483 -12.192
v 197.034 60.313 -12.192
v 197.794 60.370 -12.192
v 198.505 60.649 -12.192
v 199.101 61.124 -12.192
v 199.531 61.755 -12.192
v 199.755 62.484 -12.192
v 199.755 63.246 -12.192
v 199.531 63.975 -12.192
v 199.101 64.606 -12.192
v 198.505 65.081 -12.192
v 197.794 65.360 -12.192
v 197.034 65.417 -12.192
v 196.290 65.247 -12.192
v 195.629 64.866 -12.192
v 195.111 64.307 -12.192
v 194.780 63.619 -12.192
v 213.716 62.865 -12.192
v 213.830 62.111 -12.192
v 214.161 61.423 -12.192
v 214.679 60.864 -12.192
v 215.340 60.483 -12.192
v 216.084 60.313 -12.192
v 216.844 60.370 -12.192
v 217.555 60.649 -12.192
v 218.151 61.124 -12.192
v 218.581 61.755 -12.192
v 218.805 62.484 -12.192
v 218.805 63.246 -12.192
v 218.581 63.975 -12.192
v 218.151 64.606 -12.192
v 217.555 65.081 -12.192
v 216.844 65.360 -12.192
v 216.084 65.417 -12.192
v 215.340 65.247 -12.192
v 214.679 64.866 -12.192
v 214.161 64.307 -12.192
v 213.830 63.619 -12.192
v 4.166 81.915 -12.192
v 4.280 81.161 -12.192
v 4.611 80.473 -12.192
v 5.129 79.914 -12.192
v 5.790 79.533 -12.192
v 6.534 79.363 -12.192
v 7.294 79.420 -12.192
v 8.005 79.699 -12.192
v 8.601 80.174 -12.192
v 9.031 80.805 -12.192
v 9.255 81.534 -12.192
v 9.255 82.296 -12.192
v 9.031 83.025 -12.192
v 8.601 83.656 -12.192
v 8.005 84.131 -12.192
v 7.294 84.410 -12.192
v 6.534 84.467 -12.192
v 5.790 84.297 -12.192
v 5.129 83.916 -12.192
v 4.611 83.357 -12.192
v 4.280 82.669 -12.192
v 23.216 81.915 -12.192
v 23.330 81.161 -12.192
v 23.661 80.473 -12.192
v 24.179 79.914 -12.192
v 24.840 79.533 -12.192
v 25.584 79.363 -12.192
v 26.344 79.420 -12.192
v 27.055 79.699 -12.192
v 27.651 80.174 -12.192
v 28.081 80.805 -12.192
v 28.305 81.534 -12.192
v 28.305 82.296 -12.192
v 28.081 83.025 -12.192
v 27.651 83.656 -12.192
v 27.055 84.131 -12.192
v 26.344 84.410 -12.192
v 25.584 84.467 -12.192
v 24.840 84.297 -12.192
v 24.179 83.916 -12.192
v 23.661 83.357 -12.192
v 23.330 82.669 -12.192
v 42.266 81.915 -12.192
v 42.380 81.161 -12.192
v 42.711 80.473 -12.192
v 43.229 79.914 -12.192
v 43.890 79.533 -12.192
v 44.634 79.363 -12.192
v 45.394 79.420 -12.192
v 46.105 79.699 -12.192
v 46.701 80.174 -12.192
v 47.131 80.805 -12.192
v 47.355 81.534 -12.192
v 47.355 82.296 -12.192
v 47.131 83.025 -12.192
v 46.701 83.656 -12.192
v 46.105 84.131 -12.192
v 45.394 84.410 -12.192
v 44.634 84.467 -12.192
v 43.890 84.297 -12.192
v 43.229 83.916 -12.192
v 42.711 83.357 -12.192
v 42.380 82.669 -12.192
v 61.316 81.915 -12.192
v 61.430 81.161 -12.192
v 61.761 80.473 -12.192
v 62.279 79.914 -12.192
v 62.940 79.533 -12.192
v 63.684 79.363 -12.192
v 64.444 79.420 -12.192
v 65.155 79.699 -12.192
v 65.751 80.174 -12.192
v 66.181 80.805 -12.192
v 66.405 81.534 -12.192
v 66.405 82.296 -12.192
v 66.181 83.025 -12.192
v 65.751 83.656 -12.192
v 65.155 84.131 -12.192
v 64.444 84.410 -12.192
v 63.684 84.467 -12.192
v 62.940 84.297 -12.192
v 62.279 83.916 -12.192
v 61.761 83.357 -12.192
v 61.430 82.669 -12.192
v 80.366 81.915 -12.192
v 80.480 81.161 -12.192
v 80.811 80.473 -12.192
v 81.329 79.914 -12.192
v 81.990 79.533 -12.192
v 82.734 79.363 -12.192
v 83.494 79.420 -12.192
v 84.205 79.699 -12.192
v 84.801 80.174 -12.192
v 85.231 80.805 -12.192
v 85.455 81.534 -12.192
v 85.455 82.296 -12.192
v 85.231 83.025 -12.192
v 84.801 83.656 -12.192
v 84.205 84.131 -12.192
v 83.494 84.410 -12.192
v 82.734 84.467 -12.192
v 81.990 84.297 -12.192
v 81.329 83.916 -12.192
v 80.811 83.357 -12.192
v 80.480 82.669 -12.192
v 99.416 81.915 -12.192
v 99.530 81.161 -12.192
v 99.861 80.473 -12.192
v 100.379 79.914 -12.192
v 101.040 79.533 -12.192
v 101.784 79.363 -12.192
v 102.544 79.420 -12.192
v 103.255 79.699 -12.192
v 103.851 80.174 -12.192
v 104.281 80.805 -12.192
v 104.505 81.534 -12.192
v 104.505 82.296 -12.192
v 104.281 83.025 -12.192
v 103.851 83.656 -12.192
v 103.255 84.131 -12.192
v 102.544 84.410 -12.192
v 101.784 84.467 -12.192
v 101.040 84.297 -12.192
v 100.379 83.916 -12.192
v 99.861 83.357 -12.192
v 99.530 82.669 -12.192
v 118.466 81.915 -12.192
v 118.580 81.161 -12.192
v 118.911 80.473 -12.192
v 119.429 79.914 -12.192
v 120.090 79.533 -12.192
v 120.834 79.363 -12.192
v 121.594 79.420 -12.192
v 122.305 79.699 -12.192
v 122.901 80.174 -12.192
v 123.331 80.805 -12.192
v 123.555 81.534 -12.192
v 123.555 82.296 -12.192
v 123.331 83.025 -12.192
v 122.901 83.656 -12.192
v 122.305 84.131 -12.192
v 121.594 84.410 -12.192
v 120.834 84.467 -12.192
v 120.090 84.297 -12.192
v 119.429 83.916 -12.192
v 118.911 83.357 -12.192
v 118.580 82.669 -12.192
v 137.516 81.915 -12.192
v 137.630 81.161 -12.192
v 137.961 80.473 -12.192
v 138.479 79.914 -12.192
v 139.140 79.533 -12.192
v 139.884 79.363 -12.192
v 140.644 79.420 -12.192
v 141.355 79.699 -12.192
v 141.951 80.174 -12.192
v 142.381 80.805 -12.192
v 142.605 81.534 -12.192
v 142.605 82.296 -12.192
v 142.381 83.025 -12.192
v 141.951 83.656 -12.192
v 141.355 84.131 -12.192
v 140.644 84.410 -12.192
v 139.884 84.467 -12.192
v 139.140 84.297 -12.192
v 138.479 83.916 -12.192
v 137.961 83.357 -12.192
v 137.630 82.669 -12.192
v 156.566 81.915 -12.192
v 156.680 81.161 -12.192
v 157.011 80.473 -12.192
v 157.529 79.914 -12.192
v 158.190 79.533 -12.192
v 158.934 79.363 -12.192
v 159.694 79.420 -12.192
v 160.405 79.699 -12.192
v 161.001 80.174 -12.192
v 161.431 80.805 -12.192
v 161.655 81.534 -12.192
v 161.655 82.296 -12.192
v 161.431 83.025 -12.192
v 161.001 83.656 -12.192
v 160.405 84.131 -12.192
v 159.694 84.410 -12.192
v 158.934 84.467 -12.192
v 158.190 84.297 -12.192
v 157.529 83.916 -12.192
v 157.011 83.357 -12.192
v 156.680 82.669 -12.192
v 175.616 81.915 -12.192
v 175.730 81.161 -12.192
v 176.061 80.473 -12.192
v 176.579 79.914 -12.192
v 177.240 79.533 -12.192
v 177.984 79.363 -12.192
v 178.744 79.420 -12.192
v 179.455 79.699 -12.192
v 180.051 80.174 -12.192
v 180.481 80.805 -12.192
v 180.705 81.534 -12.192
v 180.705 82.296 -12.192
v 180.481 83.025 -12.192
v 180.051 83.656 -12.192
v 179.455 84.131 -12.192
v 178.744 84.410 -12.192
v 177.984 84.467 -12.192
v 177.240 84.297 -12.192
v 176.579 83.916 -12.192
v 176.061 83.357 -12.192
v 175.730 82.669 -12.192
v 194.666 81.915 -12.192
v 194.780 81.161 -12.192
v 195.111 80.473 -12.192
v 195.629 79.914 -12.192
v 196.290 79.533 -12.192
v 197.034 79.363 -12.192
v 197.794 79.420 -12.192
v 198.505 79.699 -12.192
v 199.101 80.174 -12.192
v 199.531 80.805 -12.192
v 199.755 81.534 -12.192
v 199.755 82.296 -12.192
v 199.531 83.025 -12.192
v 199.101 83.656 -12.192
v 198.505 84.131 -12.192
v 197.794 84.410 -12.192
v 197.034 84.467 -12.192
v 196.290 84.297 -12.192
v 195.629 83.916 -12.192
v 195.111 83.357 -12.192
v 194.780 82.669 -12.192
v 213.716 81.915 -12.192
v 213.830 81.161 -12.192
v 214.161 80.473 -12.192
v 214.679 79.914 -12.192
v 215.340 79.533 -12.192
v 216.084 79.363 -12.192
v 216.844 79.420 -12.192
v 217.555 79.699 -12.192
v 218.151 80.174 -12.192
v 218.581 80.805 -12.192
v 218.805 81.534 -12.192
v 218.805 82.296 -12.192
v 218.581 83.025 -12.192
v 218.151 83.656 -12.192
v 217.555 84.131 -12.192
v 216.844 84.410 -12.192
v 216.084 84.467 -12.192
v 215.340 84.297 -12.192
v 214.679 83.916 -12.192
v 214.161 83.357 -12.192
v 213.830 82.669 -12.192
v 4.166 100.965 -12.192
v 4.280 100.211 -12.192
v 4.611 99.523 -12.192
v 5.129 98.964 -12.192
v 5.790 98.583 -12.192
v 6.534 98.413 -12.192
v 7.294 98.470 -12.192
v 8.005 98.749 -12.192
v 8.601 99.224 -12.192
v 9.031 99.855 -12.192
v 9.255 100.584 -12.192
v 9.255 101.346 -12.192
v 9.031 102.075 -12.192
v 8.601 102.706 -12.192
v 8.005 103.181 -12.192
v 7.294 103.460 -12.192
v 6.534 103.517 -12.192
v 5.790 103.347 -12.192
v 5.129 102.966 -12.192
v 4.611 102.407 -12.192
v 4.280 101.719 -12.192
v 23.216 100.965 -12.192
v 23.330 100.211 -12.192
v 23.661 99.523 -12.192
v 24.179 98.964 -12.192
v 24.840 98.583 -12.192
v 25.584 98.413 -12.192
v 26.344 98.470 -12.192
v 27.055 98.749 -12.192
v 27.651 99.224 -12.192
v 28.081 99.855 -12.192
v 28.305 100.584 -12.192
v 28.305 101.346 -12.192
v 28.081 102.075 -12.192
v 27.651 102.706 -12.192
v 27.055 103.181 -12.192
v 26.344 103.460 -12.192
v 25.584 103.517 -12.192
v 24.840 103.347 -12.192
v 24.179 102.966 -12.192
v 23.661 102.407 -12.192
v 23.330 101.719 -12.192
v 42.266 100.965 -12.192
v 42.380 100.211 -12.192
v 42.711 99.523 -12.192
v 43.229 98.964 -12.192
v 43.890 98.583 -12.192
v 44.634 98.413 -12.192
v 45.394 98.470 -12.192
v 46.105 98.749 -12.192
v 46.701 99.224 -12.192
v 47.131 99.855 -12.192
v 47.355 100.584 -12.192
v 47.355 101.346 -12.192
v 47.131 102.075 -12.192
v 46.701 102.706 -12.192
v 46.105 103.181 -12.192
v 45.394 103.460 -12.192
v 44.634 103.517 -12.192
v 43.890 103.347 -12.192
v 43.229 102.966 -12.192
v 42.711 102.407 -12.192
v 42.380 101.719 -12.192
v 61.316 100.965 -12.192
v 61.430 100.211 -12.192
v 61.761 99.523 -12.192
v 62.279 98.964 -12.192
v 62.940 98.583 -12.192
v 63.684 98.413 -12.192
v 64.444 98.470 -12.192
v 65.155 98.749 -12.192
v 65.751 99.224 -12.192
v 66.181 99.855 -12.192
v 66.405 100.584 -12.192
v 66.405 101.346 -12.192
v 66.181 102.075 -12.192
v 65.751 102.706 -12.192
v 65.155 103.181 -12.192
v 64.444 103.460 -12.192
v 63.684 103.517 -12.192
v 62.940 103.347 -12.192
v 62.279 102.966 -12.192
v 61.761 102.407 -12.192
v 61.430 101.719 -12.192
v 80.366 100.965 -12.192
v 80.480 100.211 -12.192
v 80.811 99.523 -12.192
v 81.329 98.964 -12.192
v 81.990 98.583 -12.192
v 82.734 98.413 -12.192
v 83.494 98.470 -12.192
v 84.205 98.749 -12.192
v 84.801 99.224 -12.192
v 85.231 99.855 -12.192
v 85.455 100.584 -12.192
v 85.455 101.346 -12.192
v 85.231 102.075 -12.192
v 84.801 102.706 -12.192
v 84.205 103.181 -12.192
v 83.494 103.460 -12.192
v 82.734 103.517 -12.192
v 81.990 103.347 -12.192
v 81.329 102.966 -12.192
v 80.811 102.407 -12.192
v 80.480 101.719 -12.192
v 99.416 100.965 -12.192
v 99.530 100.211 -12.192
v 99.861 99.523 -12.192
v 100.379 98.964 -12.192
v 101.040 98.583 -12.192
v 101.784 98.413 -12.192
v 102.544 98.470 -12.192
v 103.255 98.749 -12.192
v 103.851 99.224 -12.192
v 104.281 99.855 -12.192
v 104.505 100.584 -12.192
v 104.505 101.346 -12.192
v 104.281 102.075 -12.192
v 103.851 102.706 -12.192
v 103.255 103.181 -12.192
v 102.544 103.460 -12.192
v 101.784 103.517 -12.192
v 101.040 103.347 -12.192
v 100.379 102.966 -12.192
v 99.861 102.407 -12.192
v 99.530 101.719 -12.192
v 118.466 100.965 -12.192
v 118.580 100.211 -12.192
v 118.911 99.523 -12.192
v 119.429 98.964 -12.192
v 120.090 98.583 -12.192
v 120.834 98.413 -12.192
v 121.594 98.470 -12.192
v 122.305 98.749 -12.192
v 122.901 99.224 -12.192
v 123.331 99.855 -12.192
v 123.555 100.584 -12.192
v 123.555 101.346 -12.192
v 123.331 102.075 -12.192
v 122.901 102.706 -12.192
v 122.305 103.181 -12.192
v 121.594 103.460 -12.192
v 120.834 103.517 -12.192
v 120.090 103.347 -12.192
v 119.429 102.966 -12.192
v 118.911 102.407 -12.192
v 118.580 101.719 -12.192
v 137.516 100.965 -12.192
v 137.630 100.211 -12.192
v 137.961 99.523 -12.192
v 138.479 98.964 -12.192
v 139.140 98.583 -12.192
v 139.884 98.413 -12.192
v 140.644 98.470 -12.192
v 141.355 98.749 -12.192
v 141.951 99.224 -12.192
v 142.381 99.855 -12.192
v 142.605 100.584 -12.192
v 142.605 101.346 -12.192
v 142.381 102.075 -12.192
v 141.951 102.706 -12.192
v 141.355 103.181 -12.192
v 140.644 103.460 -12.192
v 139.884 103.517 -12.192
v 139.140 103.347 -12.192
v 138.479 102.966 -12.192
v 137.961 102.407 -12.192
v 137.630 101.719 -12.192
v 156.566 100.965 -12.192
v 156.680 100.211 -12.192
v 157.011 99.523 -12.192
v 157.529 98.964 -12.192
v 158.190 98.583 -12.192
v 158.934 98.413 -12.192
v 159.694 98.470 -12.192
v 160.405 98.749 -12.192
v 161.001 99.224 -12.192
v 161.431 99.855 -12.192
v 161.655 100.584 -12.192
v 161.655 101.346 -12.192
v 161.431 102.075 -12.192
v 161.001 102.706 -12.192
v 160.405 103.181 -12.192
v 159.694 103.460 -12.192
v 158.934 103.517 -12.192
v 158.190 103.347 -12.192
v 157.529 102.966 -12.192
v 157.011 102.407 -12.192
v 156.680 101.719 -12.192
v 175.616 100.965 -12.192
v 175.730 100.211 -12.192
v 176.061 99.523 -12.192
v 176.579 98.964 -12.192
v 177.240 98.583 -12.192
v 177.984 98.413 -12.192
v 178.744 98.470 -12.192
v 179.455 98.749 -12.192
v 180.051 99.224 -12.192
v 180.481 99.855 -12.192
v 180.705 100.584 -12.192
v 180.705 101.346 -12.192
v 180.481 102.075 -12.192
v 180.051 102.706 -12.192
v 179.455 103.181 -12.192
v 178.744 103.460 -12.192
v 177.984 103.517 -12.192
v 177.240 103.347 -12.192
v 176.579 102.966 -12.192
v 176.061 102.407 -12.192
v 175.730 101.719 -12.192
v 194.666 100.965 -12.192
v 194.780 100.211 -12.192
v 195.111 99.523 -12.192
v 195.629 98.964 -12.192
v 196.290 98.583 -12.192
v 197.034 98.413 -12.192
v 197.794 98.470 -12.192
v 198.505 98.749 -12.192
v 199.101 99.224 -12.192
v 199.531 99.855 -12.192
v 199.755 100.584 -12.192
v 199.755 101.346 -12.192
v 199.531 102.075 -12.192
v 199.101 102.706 -12.192
v 198.505 103.181 -12.192
v 197.794 103.460 -12.192
v 197.034 103.517 -12.192
v 196.290 103.347 -12.192
v 195.629 102.966 -12.192
v 195.111 102.407 -12.192
v 194.780 101.719 -12.192
v 213.716 100.965 -12.192
v 213.830 100.211 -12.192
v 214.161 99.523 -12.192
v 214.679 98.964 -12.192
v 215.340 98.583 -12.192
v 216.084 98.413 -12.192
v 216.844 98.470 -12.192
v 217.555 98.749 -12.192
v 218.151 99.224 -12.192
v 218.581 99.855 -12.192
v 218.805 100.584 -12.192
v 218.805 101.346 -12.192
v 218.581 102.075 -12.192
v 218.151 102.706 -12.192
v 217.555 103.181 -12.192
v 216.844 103.460 -12.192
v 216.084 103.517 -12.192
v 215.340 103.347 -12.192
v 214.679 102.966 -12.192
v 214.161 102.407 -12.192
v 213.830 101.719 -12.192
v 4.166 120.015 -12.192
v 4.280 119.261 -12.192
v 4.611 118.573 -12.192
v 5.129 118.014 -12.192
v 5.790 117.633 -12.192
v 6.534 117.463 -12.192
v 7.294 117.520 -12.192
v 8.005 117.799 -12.192
v 8.601 118.274 -12.192
v 9.031 118.905 -12.192
v 9.255 119.634 -12.192
v 9.255 120.396 -12.192
v 9.031 121.125 -12.192
v 8.601 121.756 -12.192
v 8.005 122.231 -12.192
v 7.294 122.510 -12.192
v 6.534 122.567 -12.192
v 5.790 122.397 -12.192
v 5.129 122.016 -12.192
v 4.611 121.457 -12.192
v 4.280 120.769 -12.192
v 23.216 120.015 -12.192
v 23.330 119.261 -12.192
v 23.661 118.573 -12.192
v 24.179 118.014 -12.192
v 24.840 117.633 -12.192
v 25.584 117.463 -12.192
v 26.344 117.520 -12.192
v 27.055 117.799 -12.192
v 27.651 118.274 -12.192
v 28.081 118.905 -12.192
v 28.305 119.634 -12.192
v 28.305 120.396 -12.192
v 28.081 121.125 -12.192
v 27.651 121.756 -12.192
v 27.055 122.231 -12.192
v 26.344 122.510 -12.192
v 25.584 122.567 -12.192
v 24.840 122.397 -12.192
v 24.179 122.016 -12.192
v 23.661 121.457 -12.192
v 23.330 120.769 -12.192
v 42.266 120.015 -12.192
v 42.380 119.261 -12.192
v 42.711 118.573 -12.192
v 43.229 118.014 -12.192
v 43.890 117.633 -12.192
v 44.634 117.463 -12.192
v 45.394 117.520 -12.192
v 46.105 117.799 -12.192
v 46.701 118.274 -12.192
v 47.131 118.905 -12.192
v 47.355 119.634 -12.192
v 47.355 120.396 -12.192
v 47.131 121.125 -12.192
v 46.701 121.756 -12.192
v 46.105 122.231 -12.192
v 45.394 122.510 -12.192
v 44.634 122.567 -12.192
v 43.890 122.397 -12.192
v 43.229 122.016 -12.192
v 42.711 121.457 -12.192
v 42.380 120.769 -12.192
v 61.316 120.015 -12.192
v 61.430 119.261 -12.192
v 61.761 118.573 -12.192
v 62.279 118.014 -12.192
v 62.940 117.633 -12.192
v 63.684 117.463 -12.192
v 64.444 117.520 -12.192
v 65.155 117.799 -12.192
v 65.751 118.274 -12.192
v 66.181 118.905 -12.192
v 66.405 119.634 -12.192
v 66.405 120.396 -12.192
v 66.181 121.125 -12.192
v 65.751 121.756 -12.192
v 65.155 122.231 -12.192
v 64.444 122.510 -12.192
v 63.684 122.567 -12.192
v 62.940 122.397 -12.192
v 62.279 122.016 -12.192
v 61.761 121.457 -12.192
v 61.430 120.769 -12.192
v 80.366 120.015 -12.192
v 80.480 119.261 -12.192
v 80.811 118.573 -12.192
v 81.329 118.014 -12.192
v 81.990 117.633 -12.192
v 82.734 117.463 -12.192
v 83.494 117.520 -12.192
v 84.205 117.799 -12.192
v 84.801 118.274 -12.192
v 85.231 118.905 -12.192
v 85.455 119.634 -12.192
v 85.455 120.396 -12.192
v 85.231 121.125 -12.192
v 84.801 121.756 -12.192
v 84.205 122.231 -12.192
v 83.494 122.510 -12.192
v 82.734 122.567 -12.192
v 81.990 122.397 -12.192
v 81.329 122.016 -12.192
v 80.811 121.457 -12.192
v 80.480 120.769 -12.192
v 99.416 120.015 -12.192
v 99.530 119.261 -12.192
v 99.861 118.573 -12.192
v 100.379 118.014 -12.192
v 101.040 117.633 -12.192
v 101.784 117.463 -12.192
v 102.544 117.520 -12.192
v 103.255 117.799 -12.192
v 103.851 118.274 -12.192
v 104.281 118.905 -12.192
v 104.505 119.634 -12.192
v 104.505 120.396 -12.192
v 104.281 121.125 -12.192
v 103.851 121.756 -12.192
v 103.255 122.231 -12.192
v 102.544 122.510 -12.192
v 101.784 122.567 -12.192
v 101.040 122.397 -12.192
v 100.379 122.016 -12.192
v 99.861 121.457 -12.192
v 99.530 120.769 -12.192
v 118.466 120.015 -12.192
v 118.580 119.261 -12.192
v 118.911 118.573 -12.192
v 119.429 118.014 -12.192
v 120.090 117.633 -12.192
v 120.834 117.463 -12.192
v 121.594 117.520 -12.192
v 122.305 117.799 -12.192
v 122.901 118.274 -12.192
v 123.331 118.905 -12.192
v 123.555 119.634 -12.192
v 123.555 120.396 -12.192
v 123.331 121.125 -12.192
v 122.901 121.756 -12.192
v 122.305 122.231 -12.192
v 121.594 122.510 -12.192
v 120.834 122.567 -12.192
v 120.090 122.397 -12.192
v 119.429 122.016 -12.192
v 118.911 121.457 -12.192
v 118.580 120.769 -12.192
v 156.566 120.015 -12.192
v 156.680 119.261 -12.192
v 157.011 118.573 -12.192
v 157.529 118.014 -12.192
v 158.190 117.633 -12.192
v 158.934 117.463 -12.192
v 159.694 117.520 -12.192
v 160.405 117.799 -12.192
v 161.001 118.274 -12.192
v 161.431 118.905 -12.192
v 161.655 119.634 -12.192
v 161.655 120.396 -12.192
v 161.431 121.125 -12.192
v 161.001 121.756 -12.192
v 160.405 122.231 -12.192
v 159.694 122.510 -12.192
v 158.934 122.567 -12.192
v 158.190 122.397 -12.192
v 157.529 122.016 -12.192
v 157.011 121.457 -12.192
v 156.680 120.769 -12.192
v 175.616 120.015 -12.192
v 175.730 119.261 -12.192
v 176.061 118.573 -12.192
v 176.579 118.014 -12.192
v 177.240 117.633 -12.192
v 177.984 117.463 -12.192
v 178.744 117.520 -12.192
v 179.455 117.799 -12.192
v 180.051 118.274 -12.192
v 180.481 118.905 -12.192
v 180.705 119.634 -12.192
v 180.705 120.396 -12.192
v 180.481 121.125 -12.192
v 180.051 121.756 -12.192
v 179.455 122.231 -12.192
v 178.744 122.510 -12.192
v 177.984 122.567 -12.192
v 177.240 122.397 -12.192
v 176.579 122.016 -12.192
v 176.061 121.457 -12.192
v 175.730 120.769 -12.192
v 194.666 120.015 -12.192
v 194.780 119.261 -12.192
v 195.111 118.573 -12.192
v 195.629 118.014 -12.192
v 196.290 117.633 -12.192
v 197.034 117.463 -12.192
v 197.794 117.520 -12.192
v 198.505 117.799 -12.192
v 199.101 118.274 -12.192
v 199.531 118.905 -12.192
v 199.755 119.634 -12.192
v 199.755 120.396 -12.192
v 199.531 121.125 -12.192
v 199.101 121.756 -12.192
v 198.505 122.231 -12.192
v 197.794 122.510 -12.192
v 197.034 122.567 -12.192
v 196.290 122.397 -12.192
v 195.629 122.016 -12.192
v 195.111 121.457 -12.192
v 194.780 120.769 -12.192
v 213.716 120.015 -12.192
v 213.830 119.261 -12.192
v 214.161 118.573 -12.192
v 214.679 118.014 -12.192
v 215.340 117.633 -12.192
v 216.084 117.463 -12.192
v 216.844 117.520 -12.192
v 217.555 117.799 -12.192
v 218.151 118.274 -12.192
v 218.581 118.905 -12.192
v 218.805 119.634 -12.192
v 218.805 120.396 -12.192
v 218.581 121.125 -12.192
v 218.151 121.756 -12.192
v 217.555 122.231 -12.192
v 216.844 122.510 -12.192
v 216.084 122.567 -12.192
v 215.340 122.397 -12.192
v 214.679 122.016 -12.192
v 214.161 121.457 -12.192
v 213.830 120.769 -12.192
v 4.166 139.065 -12.192
v 4.280 138.311 -12.192
v 4.611 137.623 -12.192
v 5.129 137.064 -12.192
v 5.790 136.683 -12.192
v 6.534 136.513 -12.192
v 7.294 136.570 -12.192
v 8.005 136.849 -12.192
v 8.601 137.324 -12.192
v 9.031 137.955 -12.192
v 9.255 138.684 -12.192
v 9.255 139.446 -12.192
v 9.031 140.175 -12.192
v 8.601 140.806 -12.192
v 8.005 141.281 -12.192
v 7.294 141.560 -12.192
v 6.534 141.617 -12.192
v 5.790 141.447 -12.192
v 5.129 141.066 -12.192
v 4.611 140.507 -12.192
v 4.280 139.819 -12.192
v 23.216 139.065 -12.192
v 23.330 138.311 -12.192
v 23.661 137.623 -12.192
v 24.179 137.064 -12.192
v 24.840 136.683 -12.192
v 25.584 136.513 -12.192
v 26.344 136.570 -12.192
v 27.055 136.849 -12.192
v 27.651 137.324 -12.192
v 28.081 137.955 -12.192
v 28.305 138.684 -12.192
v 28.305 139.446 -12.192
v 28.081 140.175 -12.192
v 27.651 140.806 -12.192
v 27.055 141.281 -12.192
v 26.344 141.560 -12.192
v 25.584 141.617 -12.192
v 24.840 141.447 -12.192
v 24.179 141.066 -12.192
v 23.661 140.507 -12.192
v 23.330 139.819 -12.192
v 42.266 139.065 -12.192
v 42.380 138.311 -12.192
v 42.711 137.623 -12.192
v 43.229 137.064 -12.192
v 43.890 136.683 -12.192
v 44.634 136.513 -12.192
v 45.394 136.570 -12.192
v 46.105 136.849 -12.192
v 46.701 137.324 -12.192
v 47.131 137.955 -12.192
v 47.355 138.684 -12.192
v 47.355 139.446 -12.192
v 47.131 140.175 -12.192
v 46.701 140.806 -12.192
v 46.105 141.281 -12.192
v 45.394 141.560 -12.192
v 44.634 141.617 -12.192
v 43.890 141.447 -12.192
v 43.229 141.066 -12.192
v 42.711 140.507 -12.192
v 42.380 139.819 -12.192
v 61.316 139.065 -12.192
v 61.430 138.311 -12.192
v 61.761 137.623 -12.192
v 62.279 137.064 -12.192
v 62.940 136.683 -12.192
v 63.684 136.513 -12.192
v 64.444 136.570 -12.192
v 65.155 136.849 -12.192
v 65.751 137.324 -12.192
v 66.181 137.955 -12.192
v 66.405 138.684 -12.192
v 66.405 139.446 -12.192
v 66.181 140.175 -12.192
v 65.751 140.806 -12.192
v 65.155 141.281 -12.192
v 64.444 141.560 -12.192
v 63.684 141.617 -12.192
v 62.940 141.447 -12.192
v 62.279 141.066 -12.192
v 61.761 140.507 -12.192
v 61.430 139.819 -12.192
v 80.366 139.065 -12.192
v 80.480 138.311 -12.192
v 80.811 137.623 -12.192
v 81.329 137.064 -12.192
v 81.990 136.683 -12.192
v 82.734 136.513 -12.192
v 83.494 136.570 -12.192
v 84.205 136.849 -12.192
v 84.801 137.324 -12.192
v 85.231 137.955 -12.192
v 85.455 138.684 -12.192
v 85.455 139.446 -12.192
v 85.231 140.175 -12.192
v 84.801 140.806 -12.192
v 84.205 141.281 -12.192
v 83.494 141.560 -12.192
v 82.734 141.617 -12.192
v 81.990 141.447 -12.192
v 81.329 141.066 -12.192
v 80.811 140.507 -12.192
v 80.480 139.819 -12.192
v 99.416 139.065 -12.192
v 99.530 138.311 -12.192
v 99.861 137.623 -12.192
v 100.379 137.064 -12.192
v 101.040 136.683 -12.192
v 101.784 136.513 -12.192
v 102.544 136.570 -12.192
v 103.255 136.849 -12.192
v 103.851 137.324 -12.192
v 104.281 137.955 -12.192
v 104.505 138.684 -12.192
v 104.505 139.446 -12.192
v 104.281 140.175 -12.192
v 103.851 140.806 -12.192
v 103.255 141.281 -12.192
v 102.544 141.560 -12.192
v 101.784 141.617 -12.192
v 101.040 141.447 -12.192
v 100.379 141.066 -12.192
v 99.861 140.507 -12.192
v 99.530 139.819 -12.192
v 118.466 139.065 -12.192
v 118.580 138.311 -12.192
v 118.911 137.623 -12.192
v 119.429 137.064 -12.192
v 120.090 136.683 -12.192
v 120.834 136.513 -12.192
v 121.594 136.570 -12.192
v 122.305 136.849 -12.192
v 122.901 137.324 -12.192
v 123.331 137.955 -12.192
v 123.555 138.684 -12.192
v 123.555 139.446 -12.192
v 123.331 140.175 -12.192
v 122.901 140.806 -12.192
v 122.305 141.281 -12.192
v 121.594 141.560 -12.192
v 120.834 141.617 -12.192
v 120.090 141.447 -12.192
v 119.429 141.066 -12.192
v 118.911 140.507 -12.192
v 118.580 139.819 -12.192
v 137.516 139.065 -12.192
v 137.630 138.311 -12.192
v 137.961 137.623 -12.192
v 138.479 137.064 -12.192
v 139.140 136.683 -12.192
v 139.884 136.513 -12.192
v 140.644 136.570 -12.192
v 141.355 136.849 -12.192
v 141.951 137.324 -12.192
v 142.381 137.955 -12.192
v 142.605 138.684 -12.192
v 142.605 139.446 -12.192
v 142.381 140.175 -12.192
v 141.951 140.806 -12.192
v 141.355 141.281 -12.192
v 140.644 141.560 -12.192
v 139.884 141.617 -12.192
v 139.140 141.447 -12.192
v 138.479 141.066 -12.192
v 137.961 140.507 -12.192
v 137.630 139.819 -12.192
v 156.566 139.065 -12.192
v 156.680 138.311 -12.192
v 157.011 137.623 -12.192
v 157.529 137.064 -12.192
v 158.190 136.683 -12.192
v 158.934 136.513 -12.192
v 159.694 136.570 -12.192
v 160.405 136.849 -12.192
v 161.001 137.324 -12.192
v 161.431 137.955 -12.192
v 161.655 138.684 -12.192
v 161.655 139.446 -12.192
v 161.431 140.175 -12.192
v 161.001 140.806 -12.192
v 160.405 141.281 -12.192
v 159.694 141.560 -12.192
v 158.934 141.617 -12.192
v 158.190 141.447 -12.192
v 157.529 141.066 -12.192
v 157.011 140.507 -12.192
v 156.680 139.819 -12.192
v 175.616 139.065 -12.192
v 175.730 138.311 -12.192
v 176.061 137.623 -12.192
v 176.579 137.064 -12.192
v 177.240 136.683 -12.192
v 177.984 136.513 -12.192
v 178.744 136.570 -12.192
v 179.455 136.849 -12.192
v 180.051 137.324 -12.192
v 180.481 137.955 -12.192
v 180.705 138.684 -12.192
v 180.705 139.446 -12.192
v 180.481 140.175 -12.192
v 180.051 140.806 -12.192
v 179.455 141.281 -12.192
v 178.744 141.560 -12.192
v 177.984 141.617 -12.192
v 177.240 141.447 -12.192
v 176.579 141.066 -12.192
v 176.061 140.507 -12.192
v 175.730 139.819 -12.192
v 194.666 139.065 -12.192
v 194.780 138.311 -12.192
v 195.111 137.623 -12.192
v 195.629 137.064 -12.192
v 196.290 136.683 -12.192
v 197.034 136.513 -12.192
v 197.794 136.570 -12.192
v 198.505 136.849 -12.192
v 199.101 137.324 -12.192
v 199.531 137.955 -12.192
v 199.755 138.684 -12.192
v 199.755 139.446 -12.192
v 199.531 140.175 -12.192
v 199.101 140.806 -12.192
v 198.505 141.281 -12.192
v 197.794 141.560 -12.192
v 197.034 141.617 -12.192
v 196.290 141.447 -12.192
v 195.629 141.066 -12.192
v 195.111 140.507 -12.192
v 194.780 139.819 -12.192
v 213.716 139.065 -12.192
v 213.830 138.311 -12.192
v 214.161 137.623 -12.192
v 214.679 137.064 -12.192
v 215.340 136.683 -12.192
v 216.084 136.513 -12.192
v 216.844 136.570 -12.192
v 217.555 136.849 -12.192
v 218.151 137.324 -12.192
v 218.581 137.955 -12.192
v 218.805 138.684 -12.192
v 218.805 139.446 -12.192
v 218.581 140.175 -12.192
v 218.151 140.806 -12.192
v 217.555 141.281 -12.192
v 216.844 141.560 -12.192
v 216.084 141.617 -12.192
v 215.340 141.447 -12.192
v 214.679 141.066 -12.192
v 214.161 140.507 -12.192
v 213.830 139.819 -12.192
v 4.166 158.115 -12.192
v 4.280 157.361 -12.192
v 4.611 156.673 -12.192
v 5.129 156.114 -12.192
v 5.790 155.733 -12.192
v 6.534 155.563 -12.192
v 7.294 155.620 -12.192
v 8.005 155.899 -12.192
v 8.601 156.374 -12.192
v 9.031 157.005 -12.192
v 9.255 157.734 -12.192
v 9.255 158.496 -12.192
v 9.031 159.225 -12.192
v 8.601 159.856 -12.192
v 8.005 160.331 -12.192
v 7.294 160.610 -12.192
v 6.534 160.667 -12.192
v 5.790 160.497 -12.192
v 5.129 160.116 -12.192
v 4.611 159.557 -12.192
v 4.280 158.869 -12.192
v 23.216 158.115 -12.192
v 23.330 157.361 -12.192
v 23.661 156.673 -12.192
v 24.179 156.114 -12.192
v 24.840 155.733 -12.192
v 25.584 155.563 -12.192
v 26.344 155.620 -12.192
v 27.055 155.899 -12.192
v 27.651 156.374 -12.192
v 28.081 157.005 -12.192
v 28.305 157.734 -12.192
v 28.305 158.496 -12.192
v 28.081 159.225 -12.192
v 27.651 159.856 -12.192
v 27.055 160.331 -12.192
v 26.344 160.610 -12.192
v 25.584 160.667 -12.192
v 24.840 160.497 -12.192
v 24.179 160.116 -12.192
v 23.661 159.557 -12.192
v 23.330 158.869 -12.192
v 42.266 158.115 -12.192
v 42.380 157.361 -12.192
v 42.711 156.673 -12.192
v 43.229 156.114 -12.192
v 43.890 155.733 -12.192
v 44.634 155.563 -12.192
v 45.394 155.620 -12.192
v 46.105 155.899 -12.192
v 46.701 156.374 -12.192
v 47.131 157.005 -12.192
v 47.355 157.734 -12.192
v 47.355 158.496 -12.192
v 47.131 159.225 -12.192
v 46.701 159.856 -12.192
v 46.105 160.331 -12.192
v 45.394 160.610 -12.192
v 44.634 160.667 -12.192
v 43.890 160.497 -12.192
v 43.229 160.116 -12.192
v 42.711 159.557 -12.192
v 42.380 158.869 -12.192
v 61.316 158.115 -12.192
v 61.430 157.361 -12.192
v 61.761 156.673 -12.192
v 62.279 156.114 -12.192
v 62.940 155.733 -12.192
v 63.684 155.563 -12.192
v 64.444 155.620 -12.192
v 65.155 155.899 -12.192
v 65.751 156.374 -12.192
v 66.181 157.005 -12.192
v 66.405 157.734 -12.192
v 66.405 158.496 -12.192
v 66.181 159.225 -12.192
v 65.751 159.856 -12.192
v 65.155 160.331 -12.192
v 64.444 160.610 -12.192
v 63.684 160.667 -12.192
v 62.940 160.497 -12.192
v 62.279 160.116 -12.192
v 61.761 159.557 -12.192
v 61.430 158.869 -12.192
v 80.366 158.115 -12.192
v 80.480 157.361 -12.192
v 80.811 156.673 -12.192
v 81.329 156.114 -12.192
v 81.990 155.733 -12.192
v 82.734 155.563 -12.192
v 83.494 155.620 -12.192
v 84.205 155.899 -12.192
v 84.801 156.374 -12.192
v 85.231 157.005 -12.192
v 85.455 157.734 -12.192
v 85.455 158.496 -12.192
v 85.231 159.225 -12.192
v 84.801 159.856 -12.192
v 84.205 160.331 -12.192
v 83.494 160.610 -12.192
v 82.734 160.667 -12.192
v 81.990 160.497 -12.192
v 81.329 160.116 -12.192
v 80.811 159.557 -12.192
v 80.480 158.869 -12.192
v 99.416 158.115 -12.192
v 99.530 157.361 -12.192
v 99.861 156.673 -12.192
v 100.379 156.114 -12.192
v 101.040 155.733 -12.192
v 101.784 155.563 -12.192
v 102.544 155.620 -12.192
v 103.255 155.899 -12.192
v 103.851 156.374 -12.192
v 104.281 157.005 -12.192
v 104.505 157.734 -12.192
v 104.505 158.496 -12.192
v 104.281 159.225 -12.192
v 103.851 159.856 -12.192
v 103.255 160.331 -12.192
v 102.544 160.610 -12.192
v 101.784 160.667 -12.192
v 101.040 160.497 -12.192
v 100.379 160.116 -12.192
v 99.861 159.557 -12.192
v 99.530 158.869 -12.192
v 118.466 158.115 -12.192
v 118.580 157.361 -12.192
v 118.911 156.673 -12.192
v 119.429 156.114 -12.192
v 120.090 155.733 -12.192
v 120.834 155.563 -12.192
v 121.594 155.620 -12.192
v 122.305 155.899 -12.192
v 122.901 156.374 -12.192
v 123.331 157.005 -12.192
v 123.555 157.734 -12.192
v 123.555 158.496 -12.192
v 123.331 159.225 -12.192
v 122.901 159.856 -12.192
v 122.305 160.331 -12.192
v 121.594 160.610 -12.192
v 120.834 160.667 -12.192
v 120.090 160.497 -12.192
v 119.429 160.116 -12.192
v 118.911 159.557 -12.192
v 118.580 158.869 -12.192
v 137.516 158.115 -12.192
v 137.630 157.361 -12.192
v 137.961 156.673 -12.192
v 138.479 156.114 -12.192
v 139.140 155.733 -12.192
v 139.884 155.563 -12.192
v 140.644 155.620 -12.192
v 141.355 155.899 -12.192
v 141.951 156.374 -12.192
v 142.381 157.005 -12.192
v 142.605 157.734 -12.192
v 142.605 158.496 -12.192
v 142.381 159.225 -12.192
v 141.951 159.856 -12.192
v 141.355 160.331 -12.192
v 140.644 160.610 -12.192
v 139.884 160.667 -12.192
v 139.140 160.497 -12.192
v 138.479 160.116 -12.192
v 137.961 159.557 -12.192
v 137.630 158.869 -12.192
v 156.566 158.115 -12.192
v 156.680 157.361 -12.192
v 157.011 156.673 -12.192
v 157.529 156.114 -12.192
v 158.190 155.733 -12.192
v 158.934 155.563 -12.192
v 159.694 155.620 -12.192
v 160.405 155.899 -12.192
v 161.001 156.374 -12.192
v 161.431 157.005 -12.192
v 161.655 157.734 -12.192
v 161.655 158.496 -12.192
v 161.431 159.225 -12.192
v 161.001 159.856 -12.192
v 160.405 160.331 -12.192
v 159.694 160.610 -12.192
v 158.934 160.667 -12.192
v 158.190 160.497 -12.192
v 157.529 160.116 -12.192
v 157.011 159.557 -12.192
v 156.680 158.869 -12.192
v 175.616 158.115 -12.192
v 175.730 157.361 -12.192
v 176.061 156.673 -12.192
v 176.579 156.114 -12.192
v 177.240 155.733 -12.192
v 177.984 155.563 -12.192
v 178.744 155.620 -12.192
v 179.455 155.899 -12.192
v 180.051 156.374 -12.192
v 180.481 157.005 -12.192
v 180.705 157.734 -12.192
v 180.705 158.496 -12.192
v 180.481 159.225 -12.192
v 180.051 159.856 -12.192
v 179.455 160.331 -12.192
v 178.744 160.610 -12.192
v 177.984 160.667 -12.192
v 177.240 160.497 -12.192
v 176.579 160.116 -12.192
v 176.061 159.557 -12.192
v 175.730 158.869 -12.192
v 194.666 158.115 -12.192
v 194.780 157.361 -12.192
v 195.111 156.673 -12.192
v 195.629 156.114 -12.192
v 196.290 155.733 -12.192
v 197.034 155.563 -12.192
v 197.794 155.620 -12.192
v 198.505 155.899 -12.192
v 199.101 156.374 -12.192
v 199.531 157.005 -12.192
v 199.755 157.734 -12.192
v 199.755 158.496 -12.192
v 199.531 159.225 -12.192
v 199.101 159.856 -12.192
v 198.505 160.331 -12.192
v 197.794 160.610 -12.192
v 197.034 160.667 -12.192
v 196.290 160.497 -12.192
v 195.629 160.116 -12.192
v 195.111 159.557 -12.192
v 194.780 158.869 -12.192
v 213.716 158.115 -12.192
v 213.830 157.361 -12.192
v 214.161 156.673 -12.192
v 214.679 156.114 -12.192
v 215.340 155.733 -12.192
v 216.084 155.563 -12.192
v 216.844 155.620 -12.192
v 217.555 155.899 -12.192
v 218.151 156.374 -12.192
v 218.581 157.005 -12.192
v 218.805 157.734 -12.192
v 218.805 158.496 -12.192
v 218.581 159.225 -12.192
v 218.151 159.856 -12.192
v 217.555 160.331 -12.192
v 216.844 160.610 -12.192
v 216.084 160.667 -12.192
v 215.340 160.497 -12.192
v 214.679 160.116 -12.192
v 214.161 159.557 -12.192
v 213.830 158.869 -12.192
v 4.166 177.165 -12.192
v 4.280 176.411 -12.192
v 4.611 175.723 -12.192
v 5.129 175.164 -12.192
v 5.790 174.783 -12.192
v 6.534 174.613 -12.192
v 7.294 174.670 -12.192
v 8.005 174.949 -12.192
v 8.601 175.424 -12.192
v 9.031 176.055 -12.192
v 9.255 176.784 -12.192
v 9.255 177.546 -12.192
v 9.031 178.275 -12.192
v 8.601 178.906 -12.192
v 8.005 179.381 -12.192
v 7.294 179.660 -12.192
v 6.534 179.717 -12.192
v 5.790 179.547 -12.192
v 5.129 179.166 -12.192
v 4.611 178.607 -12.192
v 4.280 177.919 -12.192
v 23.216 177.165 -12.192
v 23.330 176.411 -12.192
v 23.661 175.723 -12.192
v 24.179 175.164 -12.192
v 24.840 174.783 -12.192
v 25.584 174.613 -12.192
v 26.344 174.670 -12.192
v 27.055 174.949 -12.192
v 27.651 175.424 -12.192
v 28.081 176.055 -12.192
v 28.305 176.784 -12.192
v 28.305 177.546 -12.192
v 28.081 178.275 -12.192
v 27.651 178.906 -12.192
v 27.055 179.381 -12.192
v 26.344 179.660 -12.192
v 25.584 179.717 -12.192
v 24.840 179.547 -12.192
v 24.179 179.166 -12.192
v 23.661 178.607 -12.192
v 23.330 177.919 -12.192
v 42.266 177.165 -12.192
v 42.380 176.411 -12.192
v 42.711 175.723 -12.192
v 43.229 175.164 -12.192
v 43.890 174.783 -12.192
v 44.634 174.613 -12.192
v 45.394 174.670 -12.192
v 46.105 174.949 -12.192
v 46.701 175.424 -12.192
v 47.131 176.055 -12.192
v 47.355 176.784 -12.192
v 47.355 177.546 -12.192
v 47.131 178.275 -12.192
v 46.701 178.906 -12.192
v 46.105 179.381 -12.192
v 45.394 179.660 -12.192
v 44.634 179.717 -12.192
v 43.890 179.547 -12.192
v 43.229 179.166 -12.192
v 42.711 178.607 -12.192
v 42.380 177.919 -12.192
v 61.316 177.165 -12.192
v 61.430 176.411 -12.192
v 61.761 175.723 -12.192
v 62.279 175.164 -12.192
v 62.940 174.783 -12.192
v 63.684 174.613 -12.192
v 64.444 174.670 -12.192
v 65.155 174.949 -12.192
v 65.751 175.424 -12.192
v 66.181 176.055 -12.192
v 66.405 176.784 -12.192
v 66.405 177.546 -12.192
v 66.181 178.275 -12.192
v 65.751 178.906 -12.192
v 65.155 179.381 -12.192
v 64.444 179.660 -12.192
v 63.684 179.717 -12.192
v 62.940 179.547 -12.192
v 62.279 179.166 -12.192
v 61.761 178.607 -12.192
v 61.430 177.919 -12.192
v 80.366 177.165 -12.192
v 80.480 176.411 -12.192
v 80.811 175.723 -12.192
v 81.329 175.164 -12.192
v 81.990 174.783 -12.192
v 82.734 174.613 -12.192
v 83.494 174.670 -12.192
v 84.205 174.949 -12.192
v 84.801 175.424 -12.192
v 85.231 176.055 -12.192
v 85.455 176.784 -12.192
v 85.455 177.546 -12.192
v 85.231 178.275 -12.192
v 84.801 178.906 -12.192
v 84.205 179.381 -12.192
v 83.494 179.660 -12.192
v 82.734 179.717 -12.192
v 81.990 179.547 -12.192
v 81.329 179.166 -12.192
v 80.811 178.607 -12.192
v 80.480 177.919 -12.192
v 99.416 177.165 -12.192
v 99.530 176.411 -12.192
v 99.861 175.723 -12.192
v 100.379 175.164 -12.192
v 101.040 174.783 -12.192
v 101.784 174.613 -12.192
v 102.544 174.670 -12.192
v 103.255 174.949 -12.192
v 103.851 175.424 -12.192
v 104.281 176.055 -12.192
v 104.505 176.784 -12.192
v 104.505 177.546 -12.192
v 104.281 178.275 -12.192
v 103.851 178.906 -12.192
v 103.255 179.381 -12.192
v 102.544 179.660 -12.192
v 101.784 179.717 -12.192
v 101.040 179.547 -12.192
v 100.379 179.166 -12.192
v 99.861 178.607 -12.192
v 99.530 177.919 -12.192
v 118.466 177.165 -12.192
v 118.580 176.411 -12.192
v 118.911 175.723 -12.192
v 119.429 175.164 -12.192
v 120.090 174.783 -12.192
v 120.834 174.613 -12.192
v 121.594 174.670 -12.192
v 122.305 174.949 -12.192
v 122.901 175.424 -12.192
v 123.331 176.055 -12.192
v 123.555 176.784 -12.192
v 123.555 177.546 -12.192
v 123.331 178.275 -12.192
v 122.901 178.906 -12.192
v 122.305 179.381 -12.192
v 121.594 179.660 -12.192
v 120.834 179.717 -12.192
v 120.090 179.547 -12.192
v 119.429 179.166 -12.192
v 118.911 178.607 -12.192
v 118.580 177.919 -12.192
v 137.516 177.165 -12.192
v 137.630 176.411 -12.192
v 137.961 175.723 -12.192
v 138.479 175.164 -12.192
v 139.140 174.783 -12.192
v 139.884 174.613 -12.192
v 140.644 174.670 -12.192
v 141.355 174.949 -12.192
v 141.951 175.424 -12.192
v 142.381 176.055 -12.192
v 142.605 176.784 -12.192
v 142.605 177.546 -12.192
v 142.381 178.275 -12.192
v 141.951 178.906 -12.192
v 141.355 179.381 -12.192
v 140.644 179.660 -12.192
v 139.884 179.717 -12.192
v 139.140 179.547 -12.192
v 138.479 179.166 -12.192
v 137.961 178.607 -12.192
v 137.630 177.919 -12.192
v 156.566 177.165 -12.192
v 156.680 176.411 -12.192
v 157.011 175.723 -12.192
v 157.529 175.164 -12.192
v 158.190 174.783 -12.192
v 158.934 174.613 -12.192
v 159.694 174.670 -12.192
v 160.405 174.949 -12.192
v 161.001 175.424 -12.192
v 161.431 176.055 -12.192
v 161.655 176.784 -12.192
v 161.655 177.546 -12.192
v 161.431 178.275 -12.192
v 161.001 178.906 -12.192
v 160.405 179.381 -12.192
v 159.694 179.660 -12.192
v 158.934 179.717 -12.192
v 158.190 179.547 -12.192
v 157.529 179.166 -12.192
v 157.011 178.607 -12.192
v 156.680 177.919 -12.192
v 175.616 177.165 -12.192
v 175.730 176.411 -12.192
v 176.061 175.723 -12.192
v 176.579 175.164 -12.192
v 177.240 174.783 -12.192
v 177.984 174.613 -12.192
v 178.744 174.670 -12.192
v 179.455 174.949 -12.192
v 180.051 175.424 -12.192
v 180.481 176.055 -12.192
v 180.705 176.784 -12.192
v 180.705 177.546 -12.192
v 180.481 178.275 -12.192
v 180.051 178.906 -12.192
v 179.455 179.381 -12.192
v 178.744 179.660 -12.192
v 177.984 179.717 -12.192
v 177.240 179.547 -12.192
v 176.579 179.166 -12.192
v 176.061 178.607 -12.192
v 175.730 177.919 -12.192
v 194.666 177.165 -12.192
v 194.780 176.411 -12.192
v 195.111 175.723 -12.192
v 195.629 175.164 -12.192
v 196.290 174.783 -12.192
v 197.034 174.613 -12.192
v 197.794 174.670 -12.192
v 198.505 174.949 -12.192
v 199.101 175.424 -12.192
v 199.531 176.055 -12.192
v 199.755 176.784 -12.192
v 199.755 177.546 -12.192
v 199.531 178.275 -12.192
v 199.101 178.906 -12.192
v 198.505 179.381 -12.192
v 197.794 179.660 -12.192
v 197.034 179.717 -12.192
v 196.290 179.547 -12.192
v 195.629 179.166 -12.192
v 195.111 178.607 -12.192
v 194.780 177.919 -12.192
v 213.716 177.165 -12.192
v 213.830 176.411 -12.192
v 214.161 175.723 -12.192
v 214.679 175.164 -12.192
v 215.340 174.783 -12.192
v 216.084 174.613 -12.192
v 216.844 174.670 -12.192
v 217.555 174.949 -12.192
v 218.151 175.424 -12.192
v 218.581 176.055 -12.192
v 218.805 176.784 -12.192
v 218.805 177.546 -12.192
v 218.581 178.275 -12.192
v 218.151 178.906 -12.192
v 217.555 179.381 -12.192
v 216.844 179.660 -12.192
v 216.084 179.717 -12.192
v 215.340 179.547 -12.192
v 214.679 179.166 -12.192
v 214.161 178.607 -12.192
v 213.830 177.919 -12.192
v 4.166 196.215 -12.192
v 4.280 195.461 -12.192
v 4.611 194.773 -12.192
v 5.129 194.214 -12.192
v 5.790 193.833 -12.192
v 6.534 193.663 -12.192
v 7.294 193.720 -12.192
v 8.005 193.999 -12.192
v 8.601 194.474 -12.192
v 9.031 195.105 -12.192
v 9.255 195.834 -12.192
v 9.255 196.596 -12.192
v 9.031 197.325 -12.192
v 8.601 197.956 -12.192
v 8.005 198.431 -12.192
v 7.294 198.710 -12.192
v 6.534 198.767 -12.192
v 5.790 198.597 -12.192
v 5.129 198.216 -12.192
v 4.611 197.657 -12.192
v 4.280 196.969 -12.192
v 42.266 196.215 -12.192
v 42.380 195.461 -12.192
v 42.711 194.773 -12.192
v 43.229 194.214 -12.192
v 43.890 193.833 -12.192
v 44.634 193.663 -12.192
v 45.394 193.720 -12.192
v 46.105 193.999 -12.192
v 46.701 194.474 -12.192
v 47.131 195.105 -12.192
v 47.355 195.834 -12.192
v 47.355 196.596 -12.192
v 47.131 197.325 -12.192
v 46.701 197.956 -12.192
v 46.105 198.431 -12.192
v 45.394 198.710 -12.192
v 44.634 198.767 -12.192
v 43.890 198.597 -12.192
v 43.229 198.216 -12.192
v 42.711 197.657 -12.192
v 42.380 196.969 -12.192
v 61.316 196.215 -12.192
v 61.430 195.461 -12.192
v 61.761 194.773 -12.192
v 62.279 194.214 -12.192
v 62.940 193.833 -12.192
v 63.684 193.663 -12.192
v 64.444 193.720 -12.192
v 65.155 193.999 -12.192
v 65.751 194.474 -12.192
v 66.181 195.105 -12.192
v 66.405 195.834 -12.192
v 66.405 196.596 -12.192
v 66.181 197.325 -12.192
v 65.751 197.956 -12.192
v 65.155 198.431 -12.192
v 64.444 198.710 -12.192
v 63.684 198.767 -12.192
v 62.940 198.597 -12.192
v 62.279 198.216 -12.192
v 61.761 197.657 -12.192
v 61.430 196.969 -12.192
v 80.366 196.215 -12.192
v 80.480 195.461 -12.192
v 80.811 194.773 -12.192
v 81.329 194.214 -12.192
v 81.990 193.833 -12.192
v 82.734 193.663 -12.192
v 83.494 193.720 -12.192
v 84.205 193.999 -12.192
v 84.801 194.474 -12.192
v 85.231 195.105 -12.192
v 85.455 195.834 -12.192
v 85.455 196.596 -12.192
v 85.231 197.325 -12.192
v 84.801 197.956 -12.192
v 84.205 198.431 -12.192
v 83.494 198.710 -12.192
v 82.734 198.767 -12.192
v 81.990 198.597 -12.192
v 81.329 198.216 -12.192
v 80.811 197.657 -12.192
v 80.480 196.969 -12.192
v 99.416 196.215 -12.192
v 99.530 195.461 -12.192
v 99.861 194.773 -12.192
v 100.379 194.214 -12.192
v 101.040 193.833 -12.192
v 101.784 193.663 -12.192
v 102.544 193.720 -12.192
v 103.255 193.999 -12.192
v 103.851 194.474 -12.192
v 104.281 195.105 -12.192
v 104.505 195.834 -12.192
v 104.505 196.596 -12.192
v 104.281 197.325 -12.192
v 103.851 197.956 -12.192
v 103.255 198.431 -12.192
v 102.544 198.710 -12.192
v 101.784 198.767 -12.192
v 101.040 198.597 -12.192
v 100.379 198.216 -12.192
v 99.861 197.657 -12.192
v 99.530 196.969 -12.192
v 118.466 196.215 -12.192
v 118.580 195.461 -12.192
v 118.911 194.773 -12.192
v 119.429 194.214 -12.192
v 120.090 193.833 -12.192
v 120.834 193.663 -12.192
v 121.594 193.720 -12.192
v 122.305 193.999 -12.192
v 122.901 194.474 -12.192
v 123.331 195.105 -12.192
v 123.555 195.834 -12.192
v 123.555 196.596 -12.192
v 123.331 197.325 -12.192
v 122.901 197.956 -12.192
v 122.305 198.431 -12.192
v 121.594 198.710 -12.192
v 120.834 198.767 -12.192
v 120.090 198.597 -12.192
v 119.429 198.216 -12.192
v 118.911 197.657 -12.192
v 118.580 196.969 -12.192
v 137.516 196.215 -12.192
v 137.630 195.461 -12.192
v 137.961 194.773 -12.192
v 138.479 194.214 -12.192
v 139.140 193.833 -12.192
v 139.884 193.663 -12.192
v 140.644 193.720 -12.192
v 141.355 193.999 -12.192
v 141.951 194.474 -12.192
v 142.381 195.105 -12.192
v 142.605 195.834 -12.192
v 142.605 196.596 -12.192
v 142.381 197.325 -12.192
v 141.951 197.956 -12.192
v 141.355 198.431 -12.192
v 140.644 198.710 -12.192
v 139.884 198.767 -12.192
v 139.140 198.597 -12.192
v 138.479 198.216 -12.192
v 137.961 197.657 -12.192
v 137.630 196.969 -12.192
v 156.566 196.215 -12.192
v 156.680 195.461 -12.192
v 157.011 194.773 -12.192
v 157.529 194.214 -12.192
v 158.190 193.833 -12.192
v 158.934 193.663 -12.192
v 159.694 193.720 -12.192
v 160.405 193.999 -12.192
v 161.001 194.474 -12.192
v 161.431 195.105 -12.192
v 161.655 195.834 -12.192
v 161.655 196.596 -12.192
v 161.431 197.325 -12.192
v 161.001 197.956 -12.192
v 160.405 198.431 -12.192
v 159.694 198.710 -12.192
v 158.934 198.767 -12.192
v 158.190 198.597 -12.192
v 157.529 198.216 -12.192
v 157.011 197.657 -12.192
v 156.680 196.969 -12.192
v 213.716 196.215 -12.192
v 213.830 195.461 -12.192
v 214.161 194.773 -12.192
v 214.679 194.214 -12.192
v 215.340 193.833 -12.192
v 216.084 193.663 -12.192
v 216.844 193.720 -12.192
v 217.555 193.999 -12.192
v 218.151 194.474 -12.192
v 218.581 195.105 -12.192
v 218.805 195.834 -12.192
v 218.805 196.596 -12.192
v 218.581 197.325 -12.192
v 218.151 197.956 -12.192
v 217.555 198.431 -12.192
v 216.844 198.710 -12.192
v 216.084 198.767 -12.192
v 215.340 198.597 -12.192
v 214.679 198.216 -12.192
v 214.161 197.657 -12.192
v 213.830 196.969 -12.192
v 210.067 193.965 -12.192
v 209.820 195.606 -12.192
v 209.100 197.101 -12.192
v 207.971 198.318 -12.192
v 206.534 199.148 -12.192
v 204.916 199.517 -12.192
v 203.261 199.393 -12.192
v 201.716 198.787 -12.192
v 200.419 197.752 -12.192
v 199.484 196.381 -12.192
v 198.995 194.795 -12.192
v 198.995 193.135 -12.192
v 199.484 191.549 -12.192
v 200.419 190.178 -12.192
v 201.716 189.143 -12.192
v 203.261 188.537 -12.192
v 204.916 188.413 -12.192
v 206.534 188.782 -12.192
v 207.971 189.612 -12.192
v 209.100 190.829 -12.192
v 209.820 192.324 -12.192
v 16.250 193.965 -12.192
v 16.372 193.154 -12.192
v 16.728 192.416 -12.192
v 17.285 191.815 -12.192
v 17.995 191.405 -12.192
v 18.794 191.223 -12.192
v 19.612 191.284 -12.192
v 20.375 191.583 -12.192
v 21.016 192.095 -12.192
v 21.478 192.772 -12.192
v 21.719 193.555 -12.192
v 21.719 194.375 -12.192
v 21.478 195.158 -12.192
v 21.016 195.835 -12.192
v 20.375 196.347 -12.192
v 19.612 196.646 -12.192
v 18.794 196.707 -12.192
v 17.995 196.525 -12.192
v 17.285 196.115 -12.192
v 16.728 195.514 -12.192
v 16.372 194.776 -12.192
v 201.750 8.465 -12.192
v 201.872 7.654 -12.192
v 202.228 6.916 -12.192
v 202.785 6.315 -12.192
v 203.495 5.905 -12.192
v 204.294 5.723 -12.192
v 205.112 5.784 -12.192
v 205.875 6.083 -12.192
v 206.516 6.595 -12.192
v 206.978 7.272 -12.192
v 207.219 8.055 -12.192
v 207.219 8.875 -12.192
v 206.978 9.658 -12.192
v 206.516 10.335 -12.192
v 205.875 10.847 -12.192
v 205.112 11.146 -12.192
v 204.294 11.207 -12.192
v 203.495 11.025 -12.192
v 202.785 10.615 -12.192
v 202.228 10.014 -12.192
v 201.872 9.276 -12.192
v 173.500 193.965 -5.192
v 173.722 195.439 -5.192
v 174.369 196.782 -5.192
v 175.383 197.874 -5.192
v 176.673 198.619 -5.192
v 178.126 198.951 -5.192
v 179.613 198.840 -5.192
v 181.000 198.295 -5.192
v 182.165 197.366 -5.192
v 183.005 196.134 -5.192
v 183.444 194.710 -5.192
v 183.444 193.220 -5.192
v 183.005 191.796 -5.192
v 182.165 190.564 -5.192
v 181.000 189.635 -5.192
v 179.613 189.090 -5.192
v 178.126 188.979 -5.192
v 176.673 189.311 -5.192
v 175.383 190.056 -5.192
v 174.369 191.148 -5.192
v 173.722 192.491 -5.192
v 175.750 193.965 -5.192
v 175.872 194.776 -5.192
v 176.228 195.514 -5.192
v 176.785 196.115 -5.192
v 177.495 196.525 -5.192
v 178.294 196.707 -5.192
v 179.112 196.646 -5.192
v 179.875 196.347 -5.192
v 180.516 195.835 -5.192
v 180.978 195.158 -5.192
v 181.219 194.375 -5.192
v 181.219 193.555 -5.192
v 180.978 192.772 -5.192
v 180.516 192.095 -5.192
v 179.875 191.583 -5.192
v 179.112 191.284 -5.192
v 178.294 191.223 -5.192
v 177.495 191.405 -5.192
v 176.785 191.815 -5.192
v 176.228 192.416 -5.192
v 175.872 193.154 -5.192
v 128.500 120.965 -5.192
v 128.722 122.439 -5.192
v 129.369 123.782 -5.192
v 130.383 124.874 -5.192
v 131.673 125.619 -5.192
v 133.126 125.951 -5.192
v 134.613 125.840 -5.192
v 136.000 125.295 -5.192
v 137.165 124.366 -5.192
v 138.005 123.134 -5.192
v 138.444 121.710 -5.192
v 138.444 120.220 -5.192
v 138.005 118.796 -5.192
v 137.165 117.564 -5.192
v 136.000 116.635 -5.192
v 134.613 116.090 -5.192
v 133.126 115.979 -5.192
v 131.673 116.311 -5.192
v 130.383 117.056 -5.192
v 129.369 118.148 -5.192
v 128.722 119.491 -5.192
v 13.993 93.965 -7.192
v 14.083 94.556 -7.192
v 14.342 95.095 -7.192
v 14.749 95.534 -7.192
v 15.267 95.833 -7.192
v 15.850 95.966 -7.192
v 16.447 95.921 -7.192
v 17.003 95.703 -7.192
v 17.471 95.330 -7.192
v 17.808 94.836 -7.192
v 17.984 94.264 -7.192
v 17.984 93.666 -7.192
v 17.808 93.094 -7.192
v 17.471 92.600 -7.192
v 17.003 92.227 -7.192
v 16.447 92.009 -7.192
v 15.850 91.964 -7.192
v 15.267 92.097 -7.192
v 14.749 92.396 -7.192
v 14.342 92.835 -7.192
v 14.083 93.374 -7.192
v 39.751 40.465 -5.192
v 39.873 41.276 -5.192
v 40.229 42.014 -5.192
v 40.787 42.615 -5.192
v 41.497 43.025 -5.192
v 42.296 43.207 -5.192
v 43.113 43.146 -5.192
v 43.876 42.847 -5.192
v 44.517 42.335 -5.192
v 44.979 41.658 -5.192
v 45.221 40.875 -5.192
v 45.221 40.055 -5.192
v 44.979 39.272 -5.192
v 44.517 38.595 -5.192
v 43.876 38.083 -5.192
v 43.113 37.784 -5.192
v 42.296 37.723 -5.192
v 41.497 37.905 -5.192
v 40.787 38.315 -5.192
v 40.229 38.916 -5.192
v 39.873 39.654 -5.192
v 37.501 40.465 -5.192
v 37.723 41.939 -5.192
v 38.370 43.282 -5.192
v 39.384 44.374 -5.192
v 40.675 45.119 -5.192
v 42.128 45.451 -5.192
v 43.614 45.340 -5.192
v 45.001 44.795 -5.192
v 46.167 43.866 -5.192
v 47.006 42.634 -5.192
v 47.445 41.210 -5.192
v 47.445 39.720 -5.192
v 47.006 38.296 -5.192
v 46.167 37.064 -5.192
v 45.001 36.135 -5.192
v 43.614 35.590 -5.192
v 42.128 35.479 -5.192
v 40.675 35.811 -5.192
v 39.384 36.556 -5.192
v 38.370 37.648 -5.192
v 37.723 38.991 -5.192
v 201.750 8.465 -5.192
v 201.872 9.276 -5.192
v 202.228 10.014 -5.192
v 202.785 10.615 -5.192
v 203.495 11.025 -5.192
v 204.294 11.207 -5.192
v 205.112 11.146 -5.192
v 205.875 10.847 -5.192
v 206.516 10.335 -5.192
v 206.978 9.658 -5.192
v 207.219 8.875 -5.192
v 207.219 8.055 -5.192
v 206.978 7.272 -5.192
v 206.516 6.595 -5.192
v 205.875 6.083 -5.192
v 205.112 5.784 -5.192
v 204.294 5.723 -5.192
v 203.495 5.905 -5.192
v 202.785 6.315 -5.192
v 202.228 6.916 -5.192
v 201.872 7.654 -5.192
v 16.250 193.965 -5.192
v 16.372 194.776 -5.192
v 16.728 195.514 -5.192
v 17.285 196.115 -5.192
v 17.995 196.525 -5.192
v 18.794 196.707 -5.192
v 19.612 196.646 -5.192
v 20.375 196.347 -5.192
v 21.016 195.835 -5.192
v 21.478 195.158 -5.192
v 21.719 194.375 -5.192
v 21.719 193.555 -5.192
v 21.478 192.772 -5.192
v 21.016 192.095 -5.192
v 20.375 191.583 -5.192
v 19.612 191.284 -5.192
v 18.794 191.223 -5.192
v 17.995 191.405 -5.192
v 17.285 191.815 -5.192
v 16.728 192.416 -5.192
v 16.372 193.154 -5.192
v 130.750 120.965 -5.192
v 130.872 121.776 -5.192
v 131.228 122.514 -5.192
v 131.785 123.115 -5.192
v 132.495 123.525 -5.192
v 133.294 123.707 -5.192
v 134.112 123.646 -5.192
v 134.875 123.347 -5.192
v 135.516 122.835 -5.192
v 135.978 122.158 -5.192
v 136.219 121.375 -5.192
v 136.219 120.555 -5.192
v 135.978 119.772 -5.192
v 135.516 119.095 -5.192
v 134.875 118.583 -5.192
v 134.112 118.284 -5.192
v 133.294 118.223 -5.192
v 132.495 118.405 -5.192
v 131.785 118.815 -5.192
v 131.228 119.416 -5.192
v 130.872 120.154 -5.192
f 5 3 4
f 6 5 4
f 6 7 5
f 8 1 3
f 8 3 5
f 8 5 7
f 9 2 1
f 9 4 2
f 9 1 8
f 9 7 6
f 9 6 4
f 9 8 7
f 64 16 17
f 64 65 16
f 66 16 65
f 63 64 17
f 62 63 17
f 61 62 17
f 42 60 61
f 43 60 42
f 43 59 60
f 18 61 17
f 18 42 61
f 75 76 67
f 75 67 68
f 58 59 43
f 77 16 66
f 77 67 76
f 77 66 67
f 72 70 71
f 74 68 69
f 74 75 68
f 78 16 77
f 41 42 18
f 73 74 69
f 73 69 70
f 73 70 72
f 57 58 43
f 40 41 18
f 15 16 78
f 15 78 79
f 37 40 18
f 36 37 18
f 80 14 15
f 80 15 79
f 35 36 18
f 49 50 51
f 81 14 80
f 48 49 51
f 91 51 52
f 91 48 51
f 90 91 52
f 90 52 53
f 82 14 81
f 89 90 53
f 89 53 54
f 30 31 34
f 30 34 35
f 30 35 18
f 83 14 82
f 84 14 83
f 38 39 40
f 38 40 37
f 19 29 30
f 19 30 18
f 95 28 29
f 94 29 19
f 94 95 29
f 33 34 31
f 44 86 87
f 44 87 88
f 44 88 89
f 32 33 31
f 45 86 44
f 93 94 19
f 47 22 23
f 13 45 46
f 13 46 47
f 13 86 45
f 13 84 85
f 13 85 86
f 13 14 84
f 119 93 19
f 119 120 92
f 119 92 93
f 24 47 23
f 24 13 47
f 25 13 24
f 26 13 25
f 97 27 96
f 97 26 27
f 20 114 115
f 20 115 116
f 20 116 117
f 20 117 118
f 20 118 119
f 20 119 19
f 21 114 20
f 12 101 104
f 12 13 26
f 12 26 97
f 12 97 98
f 12 98 99
f 12 99 100
f 12 100 101
f 12 104 105
f 106 12 105
f 110 108 109
f 111 107 110
f 111 106 107
f 10 112 113
f 10 113 21
f 11 111 112
f 11 12 106
f 11 106 111
f 11 112 10
f 27 28 96
f 43 44 56
f 56 44 55
f 55 44 54
f 54 44 89
f 43 56 57
f 3 92 4
f 4 92 120
f 95 96 28
f 103 104 102
f 102 104 101
f 107 108 110
f 113 114 21
f 2 120 121
f 2 4 120
f 124 122 95
f 124 123 122
f 124 94 123
f 124 95 94
f 125 96 95
f 125 95 122
f 126 92 127
f 126 93 92
f 123 93 126
f 123 94 93
f 129 121 120
f 129 128 121
f 129 119 128
f 129 120 119
f 133 114 134
f 133 115 114
f 132 116 115
f 132 115 133
f 131 117 116
f 131 116 132
f 130 118 117
f 130 117 131
f 128 118 130
f 128 119 118
f 137 109 108
f 137 138 109
f 137 139 138
f 140 135 109
f 140 109 138
f 140 138 139
f 141 136 135
f 141 108 136
f 141 135 140
f 141 139 137
f 141 137 108
f 141 140 139
f 110 109 135
f 142 110 135
f 145 103 102
f 146 145 102
f 146 147 145
f 148 143 103
f 148 103 145
f 148 145 147
f 149 144 143
f 149 102 144
f 149 143 148
f 149 147 146
f 149 146 102
f 149 148 147
f 104 103 143
f 150 104 143
f 153 151 29
f 153 152 151
f 153 28 152
f 153 29 28
f 154 30 29
f 154 29 151
f 157 23 22
f 158 157 22
f 158 159 157
f 160 155 23
f 160 23 157
f 160 157 159
f 161 156 155
f 161 22 156
f 161 155 160
f 161 159 158
f 161 158 22
f 161 160 159
f 162 24 23
f 162 23 155
f 165 33 32
f 165 166 33
f 165 167 166
f 168 163 33
f 168 33 166
f 168 166 167
f 169 164 163
f 169 32 164
f 169 163 168
f 169 167 165
f 169 165 32
f 169 168 167
f 34 33 163
f 170 34 163
f 173 39 38
f 173 174 39
f 173 175 174
f 176 171 39
f 176 39 174
f 176 174 175
f 177 172 171
f 177 38 172
f 177 171 176
f 177 175 173
f 177 173 38
f 177 176 175
f 172 37 178
f 172 38 37
f 180 179 31
f 180 154 179
f 180 30 154
f 180 31 30
f 32 31 179
f 164 32 179
f 182 181 35
f 182 170 181
f 182 34 170
f 182 35 34
f 183 36 35
f 183 35 181
f 184 178 37
f 184 183 178
f 184 36 183
f 184 37 36
f 187 185 41
f 187 186 185
f 187 40 186
f 187 41 40
f 185 42 41
f 188 42 185
f 190 189 43
f 190 188 189
f 190 42 188
f 190 43 42
f 44 43 189
f 191 44 189
f 194 192 66
f 194 193 192
f 194 65 193
f 194 66 65
f 192 67 66
f 195 67 192
f 197 196 68
f 197 195 196
f 197 67 195
f 197 68 67
f 199 69 68
f 199 68 196
f 198 70 69
f 198 69 199
f 202 200 90
f 202 201 200
f 202 89 201
f 202 90 89
f 204 91 90
f 204 90 200
f 203 48 91
f 203 91 204
f 207 205 88
f 207 206 205
f 207 87 206
f 207 88 87
f 205 89 88
f 201 89 205
f 209 208 45
f 209 191 208
f 209 44 191
f 209 45 44
f 210 46 45
f 210 45 208
f 212 211 47
f 212 210 211
f 212 46 210
f 212 47 46
f 22 47 211
f 156 22 211
f 214 213 25
f 214 162 213
f 214 24 162
f 214 25 24
f 213 26 25
f 215 26 213
f 217 216 27
f 217 215 216
f 217 26 215
f 217 27 26
f 152 27 216
f 152 28 27
f 219 218 97
f 219 125 218
f 219 96 125
f 219 97 96
f 221 220 100
f 221 100 99
f 222 99 98
f 222 221 99
f 218 98 97
f 218 222 98
f 224 223 101
f 224 220 223
f 224 100 220
f 224 101 100
f 102 101 223
f 144 102 223
f 226 225 105
f 226 150 225
f 226 104 150
f 226 105 104
f 225 106 105
f 227 106 225
f 227 107 106
f 228 107 227
f 108 107 228
f 136 108 228
f 230 229 111
f 230 142 229
f 230 110 142
f 230 111 110
f 229 112 111
f 231 112 229
f 233 232 113
f 233 231 232
f 233 112 231
f 233 113 112
f 134 113 232
f 134 114 113
f 235 234 11
f 235 11 10
f 235 21 236
f 235 10 21
f 237 236 21
f 237 21 20
f 239 238 15
f 239 15 14
f 240 16 15
f 240 15 238
f 240 241 17
f 240 17 16
f 127 92 3
f 127 3 1
f 242 84 83
f 243 85 84
f 243 84 242
f 244 86 85
f 244 85 243
f 245 87 86
f 245 86 244
f 206 87 245
f 248 80 249
f 248 81 80
f 247 82 81
f 247 81 248
f 246 83 82
f 246 82 247
f 242 83 246
f 251 79 78
f 250 80 79
f 250 79 251
f 249 80 250
f 253 77 76
f 252 78 77
f 252 77 253
f 251 78 252
f 253 75 254
f 253 76 75
f 254 74 255
f 254 75 74
f 256 74 73
f 255 74 256
f 257 71 258
f 257 72 71
f 256 73 72
f 256 72 257
f 258 70 198
f 258 71 70
f 260 62 259
f 260 63 62
f 261 64 63
f 261 63 260
f 193 65 64
f 193 64 261
f 262 60 263
f 262 61 60
f 259 62 61
f 259 61 262
f 266 56 267
f 266 57 56
f 265 58 57
f 265 59 58
f 265 57 266
f 264 60 59
f 264 59 265
f 263 60 264
f 268 54 269
f 268 55 54
f 267 56 55
f 267 55 268
f 271 53 52
f 270 54 53
f 270 53 271
f 269 54 270
f 272 52 51
f 271 52 272
f 273 49 274
f 273 50 49
f 273 51 50
f 272 51 273
f 203 49 48
f 274 49 203
f 40 39 171
f 186 40 171
f 18 17 241
f 275 18 241
f 19 18 275
f 276 19 275
f 20 19 276
f 237 20 276
f 12 11 234
f 277 12 234
f 278 13 12
f 278 12 277
f 239 14 13
f 239 13 278
f 192 193 261
f 199 196 195
f 199 195 192
f 199 261 260
f 199 192 261
f 198 260 259
f 198 199 260
f 258 259 262
f 258 262 263
f 258 263 264
f 258 198 259
f 265 258 264
f 266 257 258
f 266 258 265
f 267 257 266
f 272 252 253
f 272 253 254
f 272 254 255
f 273 250 251
f 273 251 252
f 273 252 272
f 249 250 273
f 268 256 257
f 268 257 267
f 271 255 256
f 271 272 255
f 269 256 268
f 270 271 256
f 270 256 269
f 274 249 273
f 248 249 274
f 247 248 274
f 247 274 203
f 246 247 203
f 201 204 200
f 242 246 203
f 243 242 203
f 243 203 204
f 244 243 204
f 245 244 204
f 205 245 204
f 205 204 201
f 206 245 205
f 186 189 188
f 186 188 185
f 170 178 183
f 170 183 181
f 171 189 186
f 152 179 154
f 152 154 151
f 156 172 178
f 155 178 170
f 155 156 178
f 163 155 170
f 191 171 172
f 191 189 171
f 164 179 152
f 211 210 208
f 211 208 191
f 211 191 172
f 211 172 156
f 162 163 164
f 162 155 163
f 216 215 213
f 216 213 162
f 216 164 152
f 216 162 164
f 126 122 123
f 127 122 126
f 130 121 128
f 132 130 131
f 134 132 133
f 134 121 130
f 134 130 132
f 125 122 144
f 222 218 125
f 136 121 134
f 135 136 134
f 221 222 125
f 223 220 221
f 223 125 144
f 223 221 125
f 228 1 2
f 228 150 1
f 227 225 150
f 227 150 228
f 232 142 135
f 232 135 134
f 231 229 142
f 231 142 232
f 127 1 143
f 2 121 136
f 136 228 2
f 150 143 1
f 143 144 127
f 127 144 122
f 285 279 280
f 285 284 279
f 286 280 281
f 286 285 280
f 283 281 282
f 283 286 281
f 288 287 279
f 288 279 284
f 292 301 291
f 292 302 301
f 293 303 302
f 293 302 292
f 294 304 303
f 294 303 293
f 295 305 304
f 295 304 294
f 296 306 305
f 296 305 295
f 297 307 306
f 297 306 296
f 298 308 307
f 298 307 297
f 299 309 308
f 299 308 298
f 300 310 309
f 300 309 299
f 290 289 310
f 290 310 300
f 301 312 311
f 291 301 311
f 313 289 290
f 314 313 290
f 294 296 295
f 294 297 296
f 294 298 297
f 292 294 293
f 292 299 298
f 292 300 299
f 292 290 300
f 292 298 294
f 291 290 292
f 315 314 290
f 315 290 291
f 316 315 291
f 311 316 291
f 318 320 319
f 318 317 320
f 322 324 323
f 322 321 324
f 318 319 328
f 325 318 328
f 326 328 327
f 326 325 328
f 323 327 322
f 323 326 327
f 330 332 331
f 330 329 332
f 334 336 335
f 334 333 336
f 331 340 330
f 331 341 340
f 343 338 337
f 343 337 341
f 343 341 331
f 342 339 338
f 342 335 339
f 342 338 343
f 334 335 342
f 345 347 346
f 345 344 347
f 349 351 350
f 349 348 351
f 346 355 345
f 358 356 355
f 358 352 356
f 358 355 346
f 357 353 352
f 357 354 353
f 357 352 358
f 349 350 354
f 349 354 357
f 362 371 361
f 362 372 371
f 363 373 372
f 363 372 362
f 364 374 373
f 364 373 363
f 365 375 374
f 365 374 364
f 366 376 375
f 366 375 365
f 367 377 376
f 367 376 366
f 368 378 377
f 368 377 367
f 369 379 378
f 369 378 368
f 370 380 379
f 370 379 369
f 360 359 380
f 360 380 370
f 361 382 381
f 361 371 382
f 384 359 360
f 384 383 359
f 367 366 365
f 370 364 363
f 370 365 364
f 370 368 367
f 370 369 368
f 370 367 365
f 360 362 361
f 360 363 362
f 360 370 363
f 386 361 381
f 385 360 361
f 385 361 386
f 384 360 385
f 390 399 389
f 390 400 399
f 391 401 400
f 391 400 390
f 392 402 401
f 392 401 391
f 393 403 402
f 393 402 392
f 394 404 403
f 394 403 393
f 395 405 404
f 395 404 394
f 396 406 405
f 396 405 395
f 397 407 406
f 397 406 396
f 398 408 407
f 398 407 397
f 388 387 408
f 388 408 398
f 389 410 409
f 389 399 410
f 412 387 388
f 412 411 387
f 389 409 414
f 388 413 412
f 388 414 413
f 388 389 414
f 397 388 398
f 396 390 389
f 396 391 390
f 396 392 391
f 396 393 392
f 396 394 393
f 396 395 394
f 396 389 388
f 396 388 397
f 418 427 417
f 418 428 427
f 419 429 428
f 419 428 418
f 420 430 429
f 420 429 419
f 421 431 430
f 421 430 420
f 422 432 431
f 422 431 421
f 423 433 432
f 423 432 422
f 424 434 433
f 424 433 423
f 425 435 434
f 425 434 424
f 426 436 435
f 426 435 425
f 416 415 436
f 416 436 426
f 417 438 437
f 417 427 438
f 440 415 416
f 440 439 415
f 417 437 442
f 419 418 417
f 416 441 440
f 416 442 441
f 416 417 442
f 422 420 419
f 422 421 420
f 424 423 422
f 425 416 426
f 425 417 416
f 425 419 417
f 425 422 419
f 425 424 422
f 444 446 445
f 444 443 446
f 447 450 449
f 448 447 449
f 445 454 444
f 445 455 454
f 457 452 451
f 457 451 455
f 457 455 445
f 456 453 452
f 456 449 453
f 456 452 457
f 448 449 456
f 459 461 460
f 459 458 461
f 463 465 464
f 463 462 465
f 460 469 459
f 472 467 466
f 472 470 469
f 472 466 470
f 472 469 460
f 471 468 467
f 471 467 472
f 463 464 468
f 463 468 471
f 474 476 475
f 474 473 476
f 478 480 479
f 478 477 480
f 474 475 484
f 481 474 484
f 482 484 483
f 482 481 484
f 479 483 478
f 479 482 483
f 488 497 487
f 488 498 497
f 489 499 498
f 489 498 488
f 490 500 499
f 490 499 489
f 491 501 500
f 491 500 490
f 492 502 501
f 492 501 491
f 493 503 502
f 493 502 492
f 494 504 503
f 494 503 493
f 495 505 504
f 495 504 494
f 496 506 505
f 496 505 495
f 486 485 506
f 486 506 496
f 487 508 507
f 487 497 508
f 510 485 486
f 510 509 485
f 486 514 510
f 486 515 514
f 486 511 515
f 494 496 495
f 487 512 511
f 487 513 512
f 487 507 513
f 487 511 486
f 489 488 487
f 489 494 493
f 489 486 496
f 489 487 486
f 489 496 494
f 490 492 491
f 490 493 492
f 490 489 493
f 516 519 518
f 517 516 518
f 521 523 522
f 521 520 523
f 517 518 527
f 524 527 526
f 524 517 527
f 525 524 526
f 522 526 521
f 522 525 526
f 529 531 530
f 529 528 531
f 533 535 534
f 533 532 535
f 529 530 539
f 536 529 539
f 537 539 538
f 537 536 539
f 534 538 533
f 534 537 538
f 541 543 542
f 541 540 543
f 545 547 546
f 545 544 547
f 542 551 541
f 542 552 551
f 554 549 548
f 554 548 552
f 554 552 542
f 553 550 549
f 553 549 554
f 545 546 550
f 545 550 553
f 558 567 557
f 558 568 567
f 559 569 568
f 559 568 558
f 560 570 569
f 560 569 559
f 561 571 570
f 561 570 560
f 562 572 571
f 562 571 561
f 563 573 572
f 563 572 562
f 564 574 573
f 564 573 563
f 565 575 574
f 565 574 564
f 566 576 575
f 566 575 565
f 556 555 576
f 556 576 566
f 557 578 577
f 557 567 578
f 580 555 556
f 580 579 555
f 558 560 559
f 558 561 560
f 558 562 561
f 558 563 562
f 558 564 563
f 558 565 564
f 558 566 565
f 558 556 566
f 557 556 558
f 581 580 556
f 582 556 557
f 582 581 556
f 577 582 557
f 586 595 585
f 586 596 595
f 587 597 596
f 587 596 586
f 588 598 597
f 588 597 587
f 589 599 598
f 589 598 588
f 590 600 599
f 590 599 589
f 591 601 600
f 591 600 590
f 592 602 601
f 592 601 591
f 593 603 602
f 593 602 592
f 594 604 603
f 594 603 593
f 584 583 604
f 584 604 594
f 595 606 605
f 585 595 605
f 608 583 584
f 608 607 583
f 584 592 591
f 584 593 592
f 584 594 593
f 590 584 591
f 586 588 587
f 586 589 588
f 586 590 589
f 586 584 590
f 585 584 586
f 609 608 584
f 609 584 585
f 610 609 585
f 605 610 585
f 614 623 613
f 614 624 623
f 615 625 624
f 615 624 614
f 616 626 625
f 616 625 615
f 617 627 626
f 617 626 616
f 618 628 627
f 618 627 617
f 619 629 628
f 619 628 618
f 620 630 629
f 620 629 619
f 621 631 630
f 621 630 620
f 622 632 631
f 622 631 621
f 612 611 632
f 612 632 622
f 613 634 633
f 613 623 634
f 636 611 612
f 636 635 611
f 612 640 636
f 612 641 640
f 612 637 641
f 620 622 621
f 613 638 637
f 613 639 638
f 613 633 639
f 613 637 612
f 617 619 618
f 615 614 613
f 615 620 619
f 615 612 622
f 615 622 620
f 615 613 612
f 616 615 619
f 616 619 617
f 645 654 644
f 645 655 654
f 646 656 655
f 646 655 645
f 647 657 656
f 647 656 646
f 648 658 657
f 648 657 647
f 649 659 658
f 649 658 648
f 650 660 659
f 650 659 649
f 651 661 660
f 651 660 650
f 652 662 661
f 652 661 651
f 653 663 662
f 653 662 652
f 643 642 663
f 643 663 653
f 644 665 664
f 644 654 665
f 667 642 643
f 667 666 642
f 643 645 644
f 643 646 645
f 643 647 646
f 643 648 647
f 643 649 648
f 643 650 649
f 643 651 650
f 643 652 651
f 643 653 652
f 669 644 664
f 669 643 644
f 668 643 669
f 667 643 668
f 670 673 672
f 671 670 672
f 675 677 676
f 675 674 677
f 672 681 671
f 672 682 681
f 684 679 678
f 684 678 682
f 684 682 672
f 683 680 679
f 683 679 684
f 675 676 680
f 675 680 683
f 283 686 685
f 283 282 686
f 688 690 689
f 688 687 690
f 692 696 691
f 692 697 696
f 693 698 697
f 693 697 692
f 694 699 698
f 694 698 693
f 695 700 699
f 695 699 694
f 689 690 700
f 689 700 695
f 691 702 701
f 691 696 702
f 284 706 705
f 284 707 706
f 284 701 707
f 284 708 288
f 284 709 708
f 284 705 709
f 283 703 688
f 283 704 703
f 283 685 704
f 689 285 286
f 689 286 283
f 689 283 688
f 691 284 285
f 691 701 284
f 691 285 689
f 692 691 689
f 694 693 692
f 694 689 695
f 694 692 689
f 711 713 712
f 711 710 713
f 715 717 716
f 715 714 717
f 711 712 721
f 718 721 720
f 718 711 721
f 719 720 715
f 719 718 720
f 716 719 715
f 725 734 724
f 725 735 734
f 726 736 735
f 726 735 725
f 727 737 736
f 727 736 726
f 728 738 737
f 728 737 727
f 729 739 738
f 729 738 728
f 730 740 739
f 730 739 729
f 731 741 740
f 731 740 730
f 732 742 741
f 732 741 731
f 733 743 742
f 733 742 732
f 723 722 743
f 723 743 733
f 724 745 744
f 724 734 745
f 747 722 723
f 747 746 722
f 730 729 728
f 733 727 726
f 733 728 727
f 733 731 730
f 733 732 731
f 733 730 728
f 723 725 724
f 723 726 725
f 723 733 726
f 749 724 744
f 748 723 724
f 748 724 749
f 747 723 748
f 750 329 330
f 766 340 341
f 766 341 337
f 786 330 340
f 786 340 766
f 786 750 330
f 785 751 750
f 785 750 786
f 784 752 751
f 784 751 785
f 783 753 752
f 783 752 784
f 782 754 753
f 782 753 783
f 781 755 754
f 781 754 782
f 780 756 755
f 780 755 781
f 460 461 757
f 779 757 756
f 779 756 780
f 778 460 757
f 778 757 779
f 777 460 778
f 777 471 472
f 777 472 460
f 758 462 463
f 776 463 471
f 776 471 777
f 775 758 463
f 775 463 776
f 774 759 758
f 774 758 775
f 773 760 759
f 773 759 774
f 772 761 760
f 772 760 773
f 771 762 761
f 771 761 772
f 770 763 762
f 770 762 771
f 769 764 763
f 769 763 770
f 335 336 765
f 768 765 764
f 768 764 769
f 767 339 335
f 767 765 768
f 767 335 765
f 766 337 338
f 766 338 339
f 766 339 767
f 788 809 787
f 808 810 809
f 808 809 788
f 807 811 810
f 807 810 808
f 479 480 812
f 806 812 811
f 806 811 807
f 805 482 479
f 805 479 812
f 805 812 806
f 813 473 474
f 804 474 481
f 804 481 482
f 804 482 805
f 803 474 804
f 803 813 474
f 802 814 813
f 802 813 803
f 801 815 814
f 801 814 802
f 800 815 801
f 800 816 815
f 799 816 800
f 799 817 816
f 798 817 799
f 798 818 817
f 797 818 798
f 797 819 818
f 796 819 797
f 796 820 819
f 319 320 821
f 795 820 796
f 795 821 820
f 794 319 821
f 794 821 795
f 822 321 322
f 793 319 794
f 793 327 328
f 793 328 319
f 792 822 322
f 792 327 793
f 792 322 327
f 791 822 792
f 791 823 822
f 790 823 791
f 790 824 823
f 789 825 824
f 789 824 790
f 788 787 825
f 788 825 789
f 826 458 459
f 843 459 469
f 843 469 470
f 843 470 466
f 863 459 843
f 863 826 459
f 862 827 826
f 862 826 863
f 861 828 827
f 861 827 862
f 860 829 828
f 860 828 861
f 859 830 829
f 859 829 860
f 858 831 830
f 858 830 859
f 857 832 831
f 857 831 858
f 856 833 832
f 856 832 857
f 542 543 834
f 855 833 856
f 855 542 834
f 855 834 833
f 854 542 855
f 854 554 542
f 835 544 545
f 853 545 553
f 853 553 554
f 853 554 854
f 852 545 853
f 852 835 545
f 851 836 835
f 851 835 852
f 850 837 836
f 850 836 851
f 849 838 837
f 849 837 850
f 848 839 838
f 848 838 849
f 847 840 839
f 847 839 848
f 464 465 842
f 846 841 840
f 846 842 841
f 846 840 847
f 845 842 846
f 845 464 842
f 844 467 468
f 844 468 464
f 844 464 845
f 843 466 467
f 843 467 844
f 864 635 636
f 876 641 637
f 877 636 640
f 877 640 641
f 877 641 876
f 878 865 864
f 878 636 877
f 878 864 636
f 605 606 866
f 879 866 865
f 879 865 878
f 880 605 866
f 880 866 879
f 881 609 610
f 881 610 605
f 881 605 880
f 867 607 608
f 882 609 881
f 882 608 609
f 883 868 867
f 883 867 608
f 883 608 882
f 381 382 869
f 884 868 883
f 884 869 868
f 885 869 884
f 885 381 869
f 886 385 386
f 886 386 381
f 886 381 885
f 870 383 384
f 887 384 385
f 887 385 886
f 888 384 887
f 888 870 384
f 409 410 872
f 889 871 870
f 889 870 888
f 890 872 871
f 890 871 889
f 890 409 872
f 891 414 409
f 891 409 890
f 873 411 412
f 892 412 413
f 892 413 414
f 892 414 891
f 893 873 412
f 893 412 892
f 633 634 875
f 894 874 873
f 894 873 893
f 895 875 874
f 895 633 875
f 895 874 894
f 896 638 639
f 896 639 633
f 896 633 895
f 876 637 638
f 876 638 896
f 897 344 345
f 909 356 352
f 910 345 355
f 910 355 356
f 910 356 909
f 911 898 897
f 911 345 910
f 911 897 345
f 577 578 899
f 912 899 898
f 912 898 911
f 913 577 899
f 913 899 912
f 914 581 582
f 914 582 577
f 914 577 913
f 900 579 580
f 915 580 581
f 915 581 914
f 916 900 580
f 916 580 915
f 916 901 900
f 664 665 902
f 917 902 901
f 917 901 916
f 918 664 902
f 918 902 917
f 919 669 664
f 919 664 918
f 903 666 667
f 920 667 668
f 920 668 669
f 920 669 919
f 921 903 667
f 921 667 920
f 437 438 905
f 922 904 903
f 922 903 921
f 923 905 904
f 923 437 905
f 923 904 922
f 924 442 437
f 924 437 923
f 906 439 440
f 925 440 441
f 925 441 442
f 925 442 924
f 926 906 440
f 926 440 925
f 350 351 908
f 927 907 906
f 927 906 926
f 928 908 907
f 928 350 908
f 928 907 927
f 929 353 354
f 929 354 350
f 929 350 928
f 909 352 353
f 909 353 929
f 930 540 541
f 947 541 551
f 947 551 552
f 947 552 548
f 967 541 947
f 967 930 541
f 966 931 930
f 966 930 967
f 965 932 931
f 965 931 966
f 964 933 932
f 964 932 965
f 963 934 933
f 963 933 964
f 962 935 934
f 962 934 963
f 961 936 935
f 961 935 962
f 960 937 936
f 960 936 961
f 672 673 938
f 959 937 960
f 959 672 938
f 959 938 937
f 958 672 959
f 958 684 672
f 939 674 675
f 957 675 683
f 957 683 684
f 957 684 958
f 956 675 957
f 956 939 675
f 955 940 939
f 955 939 956
f 954 941 940
f 954 940 955
f 953 942 941
f 953 941 954
f 952 943 942
f 952 942 953
f 951 944 943
f 951 943 952
f 546 547 946
f 950 945 944
f 950 946 945
f 950 944 951
f 949 946 950
f 949 546 946
f 948 549 550
f 948 550 546
f 948 546 949
f 947 548 549
f 947 549 948
f 969 990 968
f 989 991 990
f 989 990 969
f 988 992 991
f 988 991 989
f 716 717 993
f 987 993 992
f 987 992 988
f 986 719 716
f 986 716 993
f 986 993 987
f 994 710 711
f 985 711 718
f 985 718 719
f 985 719 986
f 984 711 985
f 984 994 711
f 983 995 994
f 983 994 984
f 982 996 995
f 982 995 983
f 981 996 982
f 981 997 996
f 980 997 981
f 980 998 997
f 979 998 980
f 979 999 998
f 978 999 979
f 978 1000 999
f 977 1000 978
f 977 1001 1000
f 475 476 1002
f 976 1001 977
f 976 1002 1001
f 975 475 1002
f 975 1002 976
f 1003 477 478
f 974 475 975
f 974 483 484
f 974 484 475
f 973 1003 478
f 973 483 974
f 973 478 483
f 972 1003 973
f 972 1004 1003
f 971 1004 972
f 971 1005 1004
f 970 1006 1005
f 970 1005 971
f 969 968 1006
f 969 1006 970
f 1008 1010 1009
f 1038 1037 1036
f 1035 1038 1036
f 1007 1010 1008
f 5657 1036 1010
f 5657 1035 1036
f 5657 1010 1007
f 5657 1007 5656
f 5655 5656 1007
f 5658 1035 5657
f 5654 5655 1007
f 5638 1035 5658
f 5653 5654 1007
f 5639 1035 5638
f 5652 5653 1007
f 5640 1035 5639
f 698 5650 5651
f 699 5650 698
f 700 5650 699
f 700 5649 5650
f 697 5651 5652
f 697 698 5651
f 690 5647 5648
f 690 5648 5649
f 690 5649 700
f 696 697 5652
f 696 5652 1007
f 279 281 280
f 279 282 281
f 5920 5645 5646
f 5918 696 5917
f 5531 5641 5530
f 5531 5640 5641
f 5531 1035 5640
f 5919 5920 5646
f 5919 5646 5647
f 5919 5647 690
f 5921 5645 5920
f 5921 5644 5645
f 5916 696 1007
f 5916 5917 696
f 5529 5530 5641
f 5529 5641 5642
f 687 5919 690
f 702 696 5918
f 5532 1035 5531
f 5922 5644 5921
f 5915 5916 1007
f 5528 5529 5642
f 5528 5642 5643
f 5923 5528 5643
f 5923 5644 5922
f 5923 5643 5644
f 5512 1035 5532
f 5914 5915 1007
f 5527 5528 5923
f 5924 5527 5923
f 5983 282 279
f 5983 686 282
f 5869 5983 279
f 5869 279 287
f 5925 5527 5924
f 5526 5527 5925
f 5982 5983 5869
f 5870 5982 5869
f 5926 5526 5925
f 5525 5526 5926
f 5927 5525 5926
f 5981 5982 5870
f 5871 5981 5870
f 5524 5525 5927
f 535 5524 5927
f 5980 5981 5871
f 5872 5980 5871
f 5523 5524 535
f 5979 5980 5872
f 5873 5979 5872
f 764 5911 5912
f 764 5912 5913
f 765 5911 764
f 765 333 5911
f 763 764 5913
f 763 5913 5914
f 336 333 765
f 762 5914 1007
f 762 763 5914
f 761 762 1007
f 329 5877 332
f 750 5877 329
f 5929 5519 5520
f 841 758 759
f 5509 5976 5977
f 3136 5876 5877
f 842 758 841
f 5279 5513 5514
f 5279 5514 5515
f 5279 5515 5278
f 5510 5975 5976
f 5510 5976 5509
f 3137 5876 3136
f 3137 5875 5876
f 5928 5929 5520
f 5928 5520 5521
f 5930 5518 5519
f 5930 5519 5929
f 840 759 760
f 840 841 759
f 5277 5515 5516
f 5277 5278 5515
f 5508 5977 5978
f 5508 5509 5977
f 3135 5877 750
f 3135 750 751
f 3135 3136 5877
f 532 5521 5522
f 532 5928 5521
f 465 462 758
f 465 758 842
f 5280 5513 5279
f 5511 528 5975
f 5511 5975 5510
f 3138 5874 5875
f 3138 5875 3137
f 5931 5518 5930
f 839 840 760
f 839 760 761
f 5276 5516 5517
f 5276 5277 5516
f 5507 5978 5979
f 5507 5508 5978
f 3134 3135 751
f 3134 751 752
f 5932 5276 5517
f 5932 5517 5518
f 5932 5518 5931
f 5260 5512 5513
f 5260 5513 5280
f 5260 1035 5512
f 5491 528 5511
f 3118 5979 5873
f 3118 5507 5979
f 3118 5874 3138
f 3118 5873 5874
f 838 839 761
f 5275 5276 5932
f 5506 5507 3118
f 3133 3134 752
f 3133 752 753
f 5933 5275 5932
f 5492 531 5491
f 3119 5506 3118
f 5974 531 5492
f 826 757 461
f 826 461 458
f 5934 5275 5933
f 5274 5275 5934
f 5505 5506 3119
f 3132 3133 753
f 3132 753 754
f 5493 5974 5492
f 3120 5505 3119
f 5973 5974 5493
f 827 756 757
f 827 757 826
f 5935 5274 5934
f 5273 5274 5935
f 5504 5505 3120
f 3131 3132 754
f 3131 754 755
f 5494 5973 5493
f 3121 5504 3120
f 5936 5273 5935
f 5972 5973 5494
f 828 756 827
f 828 755 756
f 5272 5273 5936
f 5503 5504 3121
f 3130 3131 755
f 3130 755 828
f 5495 5972 5494
f 3122 5503 3121
f 324 5272 5936
f 5971 5972 5495
f 829 3130 828
f 5502 5503 3122
f 3129 3130 829
f 5496 5971 5495
f 3123 5502 3122
f 5970 5971 5496
f 830 3129 829
f 5501 5502 3123
f 3128 3129 830
f 5782 317 5966
f 5741 834 543
f 5741 543 5740
f 5783 317 5782
f 5781 5966 5967
f 5781 5782 5966
f 5742 833 834
f 5742 834 5741
f 5780 5967 5968
f 5780 5781 5967
f 5722 832 833
f 5722 833 5742
f 5779 5968 5969
f 5779 5780 5968
f 5723 831 832
f 5723 832 5722
f 5778 5969 5970
f 5778 5779 5969
f 5724 830 831
f 5724 831 5723
f 823 5267 5268
f 2968 5499 5500
f 5488 3126 3127
f 5069 5263 5068
f 5069 5261 5262
f 5069 5262 5263
f 5489 3125 3126
f 5489 3126 5488
f 2969 5498 5499
f 2969 5499 2968
f 822 823 5268
f 822 5268 5269
f 824 5267 823
f 824 5266 5267
f 944 836 837
f 944 837 838
f 944 945 836
f 5067 5068 5263
f 5067 5263 5264
f 5067 5264 5265
f 2967 5500 5501
f 2967 2968 5500
f 5487 3127 3128
f 5487 5488 3127
f 321 822 5269
f 5070 5261 5069
f 5490 3124 3125
f 5490 3125 5489
f 2970 5497 5498
f 2970 5498 2969
f 825 5266 824
f 943 838 761
f 943 944 838
f 5066 5067 5265
f 2966 5501 3123
f 2966 2967 5501
f 5486 5487 3128
f 5486 3128 830
f 5486 830 5724
f 787 5266 825
f 787 5066 5265
f 787 5265 5266
f 5050 5260 5261
f 5050 5261 5070
f 5470 3124 5490
f 5470 2966 3123
f 5470 3123 3124
f 2950 5970 5496
f 2950 5496 5497
f 2950 5778 5970
f 2950 5497 2970
f 320 5766 5767
f 320 5767 5768
f 540 5734 5735
f 5065 5066 787
f 2965 2966 5470
f 5485 5724 5725
f 5485 5486 5724
f 809 5065 787
f 5471 2965 5470
f 2951 5778 2950
f 2951 5777 5778
f 821 5768 5769
f 821 320 5768
f 930 5733 5734
f 930 5734 540
f 810 5065 809
f 5064 5065 810
f 2964 2965 5471
f 5484 5725 5726
f 5484 5485 5725
f 2952 5777 2951
f 2952 5776 5777
f 5472 2964 5471
f 820 821 5769
f 931 5732 5733
f 931 5733 930
f 811 5064 810
f 5063 5064 811
f 2963 2964 5472
f 5483 5484 5726
f 5483 5726 5727
f 5473 2963 5472
f 2953 5776 2952
f 2953 5775 5776
f 812 5063 811
f 819 820 5769
f 819 5769 5770
f 932 5731 5732
f 932 5732 931
f 5062 5063 812
f 5482 5727 5728
f 5482 5483 5727
f 2962 2963 5473
f 5474 2962 5473
f 2954 5775 2953
f 480 5062 812
f 818 5770 5771
f 818 819 5770
f 933 5731 932
f 5061 5062 480
f 5719 2958 2959
f 5719 2959 2960
f 5720 2958 5719
f 5720 2957 2958
f 5718 5719 2960
f 5718 2960 2961
f 5721 2955 2956
f 5721 2956 2957
f 5721 2957 5720
f 5717 5718 2961
f 5717 2962 5474
f 5717 2961 2962
f 5701 2955 5721
f 5701 2954 2955
f 5716 5717 5474
f 5716 5474 5475
f 5716 5475 5476
f 5702 5775 2954
f 5702 2954 5701
f 5702 5774 5775
f 5715 5716 5476
f 1004 5057 5058
f 5909 939 940
f 5047 814 815
f 2758 5773 5774
f 2947 5478 5479
f 5467 5729 5730
f 3115 937 938
f 5910 939 5909
f 4817 5053 4816
f 4817 5051 5052
f 4817 5052 5053
f 5048 814 5047
f 5048 813 814
f 2759 5773 2758
f 2759 5772 5773
f 2948 5478 2947
f 2948 5477 5478
f 3116 937 3115
f 3116 936 937
f 5468 5729 5467
f 5468 5728 5729
f 1003 1004 5058
f 1003 5058 5059
f 1005 5057 1004
f 1005 5056 5057
f 5908 940 941
f 5908 941 942
f 5908 5909 940
f 4815 4816 5053
f 4815 5053 5054
f 4815 5054 5055
f 5046 5047 815
f 5046 815 816
f 2757 5774 5702
f 2757 5702 5703
f 2757 2758 5774
f 2946 2947 5479
f 2946 5479 5480
f 5466 5467 5730
f 5466 5730 5731
f 3114 938 673
f 3114 3115 938
f 477 1003 5059
f 477 5059 5060
f 677 674 939
f 677 939 5910
f 4818 5051 4817
f 2949 5715 5476
f 2949 5477 2948
f 2949 5476 5477
f 5049 813 5048
f 5049 473 813
f 2760 818 5771
f 2760 5772 2759
f 2760 5771 5772
f 5469 5482 5728
f 5469 5728 5468
f 5469 5481 5482
f 3117 935 936
f 3117 936 3116
f 1006 5056 1005
f 5907 5908 942
f 4814 4815 5055
f 5045 5046 816
f 5045 816 817
f 2756 2757 5703
f 5465 933 934
f 5465 5731 933
f 5465 5466 5731
f 2945 2946 5480
f 2945 5480 5481
f 3113 3114 673
f 4798 5051 4818
f 4798 5050 5051
f 968 5056 1006
f 968 4814 5055
f 968 5055 5056
f 2740 5045 817
f 2740 818 2760
f 2740 817 818
f 5029 473 5049
f 2929 5714 5715
f 2929 5715 2949
f 5449 2945 5481
f 5449 5481 5469
f 3097 934 935
f 3097 5465 934
f 3097 935 3117
f 670 3113 673
f 4813 4814 968
f 5044 5045 2740
f 2755 5703 5704
f 2755 2756 5703
f 2944 2945 5449
f 5464 5465 3097
f 3112 3113 670
f 990 4813 968
f 2741 5044 2740
f 2930 5713 5714
f 2930 5714 2929
f 5030 476 5029
f 5450 2944 5449
f 3098 5464 3097
f 1002 476 5030
f 5878 3112 670
f 991 4813 990
f 4812 4813 991
f 2754 2755 5704
f 2754 5704 5705
f 2943 2944 5450
f 5043 5044 2741
f 5463 5464 3098
f 3111 3112 5878
f 5031 1002 5030
f 2931 5713 2930
f 2931 5712 5713
f 2742 5043 2741
f 5451 2943 5450
f 3099 5463 3098
f 1001 1002 5031
f 5879 3111 5878
f 992 4812 991
f 4811 4812 992
f 2753 5705 5706
f 2753 2754 5705
f 5042 5043 2742
f 2942 2943 5451
f 3110 3111 5879
f 5462 5463 3099
f 2932 5712 2931
f 2743 5042 2742
f 5032 1001 5031
f 5452 2942 5451
f 3100 5462 3099
f 1000 1001 5032
f 5880 3110 5879
f 5041 5042 2743
f 2752 2753 5706
f 2941 2942 5452
f 5461 5462 3100
f 3109 3110 5880
f 2744 5041 2743
f 5033 1000 5032
f 5453 2941 5452
f 2933 5712 2932
f 2933 5711 5712
f 3101 5461 3100
f 999 1000 5033
f 5881 3109 5880
f 2751 2752 5706
f 2751 5706 5707
f 5040 5041 2744
f 2940 2941 5453
f 3108 3109 5881
f 5460 5461 3101
f 5034 999 5033
f 2745 5040 2744
f 2934 5711 2933
f 5454 2940 5453
f 3102 5460 3101
f 998 999 5034
f 5882 3108 5881
f 2939 2940 5454
f 5039 5040 2745
f 5459 5460 3102
f 3107 3108 5882
f 5938 4811 992
f 5938 992 993
f 5938 4810 4811
f 5901 5903 5904
f 5901 5904 5905
f 5939 4809 4810
f 5939 4810 5938
f 5902 447 5903
f 5902 5903 5901
f 5937 993 717
f 5937 5938 993
f 5900 5905 5906
f 5900 5901 5905
f 5940 4808 4809
f 5940 4809 5939
f 714 5937 717
f 450 447 5902
f 5899 5900 5906
f 5941 4807 4808
f 5941 4808 5940
f 713 710 994
f 443 5886 446
f 5942 4806 4807
f 5942 4807 5941
f 5965 994 995
f 5965 713 994
f 5887 5886 443
f 5887 5885 5886
f 5943 4805 4806
f 5943 4806 5942
f 5944 4805 5943
f 5964 5965 995
f 5888 5885 5887
f 4795 995 996
f 2548 5037 5038
f 3094 5885 5888
f 5026 2748 2749
f 5257 2937 2938
f 2926 5457 5458
f 5446 3105 3106
f 4565 4800 4801
f 4565 4801 4564
f 2738 5708 5709
f 2738 5709 2737
f 4796 5964 995
f 4796 995 4795
f 3095 5884 5885
f 3095 5885 3094
f 2549 5036 5037
f 2549 5037 2548
f 2927 5456 5457
f 2927 5457 2926
f 5258 2937 5257
f 5258 2936 2937
f 5027 2748 5026
f 5027 2747 2748
f 5447 3104 3105
f 5447 3105 5446
f 4563 4801 4802
f 4563 4564 4801
f 4794 4795 996
f 4794 996 997
f 3093 3094 5888
f 3093 5888 5889
f 2736 5709 5710
f 2736 2737 5709
f 5025 5026 2749
f 5025 2749 2750
f 2547 5038 5039
f 2547 2548 5038
f 5256 5257 2938
f 5256 2938 2939
f 2925 5458 5459
f 2925 2926 5458
f 5445 3106 3107
f 5445 5446 3106
f 4566 4799 4800
f 4566 4800 4565
f 4797 5963 5964
f 4797 5964 4796
f 3096 5884 3095
f 3096 5883 5884
f 2739 5708 2738
f 2739 5707 5708
f 5028 2746 2747
f 5028 2747 5027
f 2928 5455 5456
f 2928 5456 2927
f 5448 3104 5447
f 5448 3103 3104
f 2550 5035 5036
f 2550 5036 2549
f 5259 2935 2936
f 5259 2936 5258
f 4562 4802 4803
f 4562 4563 4802
f 4793 4794 997
f 4793 997 998
f 2735 5710 5711
f 2735 5711 2934
f 2735 2736 5710
f 5255 5256 2939
f 5255 2939 5454
f 2546 2547 5039
f 2546 5039 2745
f 3092 5889 5890
f 3092 3093 5889
f 5024 5025 2750
f 5024 2750 2751
f 5444 5445 3107
f 5444 3107 5882
f 2924 5459 3102
f 2924 2925 5459
f 4546 4799 4566
f 4546 4798 4799
f 4777 5963 4797
f 4777 5962 5963
f 2719 2751 5707
f 2719 5707 2739
f 2719 5024 2751
f 3076 5883 3096
f 3076 5882 5883
f 3076 5444 5882
f 5008 2746 5028
f 5008 2546 2745
f 5008 2745 2746
f 2908 5255 5454
f 2908 5455 2928
f 2908 5454 5455
f 2530 4793 998
f 2530 5034 5035
f 2530 998 5034
f 2530 5035 2550
f 5239 2935 5259
f 5239 2735 2934
f 5239 2934 2935
f 5428 3103 5448
f 5428 3102 3103
f 5428 2924 3102
f 500 4803 4804
f 499 500 4804
f 499 4804 4805
f 435 5896 5897
f 434 5897 5898
f 434 435 5897
f 501 4562 4803
f 501 4803 500
f 498 499 4805
f 498 4805 5944
f 433 5898 5899
f 433 5906 5907
f 433 5899 5906
f 433 434 5898
f 436 5896 435
f 502 4562 501
f 497 5944 5945
f 497 498 5944
f 415 5896 436
f 415 5895 5896
f 432 942 943
f 432 943 761
f 432 761 1007
f 432 5907 942
f 432 433 5907
f 4561 502 503
f 4561 4562 502
f 4792 4793 2530
f 5023 5024 2719
f 2734 2735 5239
f 3091 3092 5890
f 3091 5890 5891
f 2545 2546 5008
f 5254 5255 2908
f 2923 2924 5428
f 5443 5444 3076
f 4778 5962 4777
f 4778 5961 5962
f 2720 5023 2719
f 3077 5443 3076
f 2531 4792 2530
f 5009 2545 5008
f 2909 5254 2908
f 5429 2923 5428
f 5240 2734 5239
f 4560 503 504
f 4560 504 505
f 4560 4561 503
f 4791 4792 2531
f 3090 5891 5892
f 3090 3091 5891
f 2922 2923 5429
f 2544 2545 5009
f 5253 5254 2909
f 2733 2734 5240
f 5022 5023 2720
f 5442 5443 3077
f 4779 5961 4778
f 4779 5960 5961
f 2721 5022 2720
f 5010 2544 5009
f 2532 4791 2531
f 3078 5442 3077
f 5241 2733 5240
f 5430 2922 5429
f 2910 5253 2909
f 5946 497 5945
f 5946 5947 497
f 5948 497 5947
f 906 907 415
f 908 415 907
f 908 5895 415
f 520 5945 523
f 520 5946 5945
f 508 497 5948
f 351 5895 908
f 351 348 5895
f 439 906 415
f 4559 505 506
f 4559 4560 505
f 4790 4791 2532
f 2732 2733 5241
f 3089 5892 5893
f 3089 3090 5892
f 5021 5022 2721
f 5252 5253 2910
f 2543 2544 5010
f 2921 2922 5430
f 5441 5442 3078
f 4780 5960 4779
f 4780 5959 5960
f 2722 5021 2721
f 5011 2543 5010
f 3079 5441 3078
f 2533 4790 2532
f 5242 2732 5241
f 5431 2921 5430
f 2911 5252 2910
f 519 516 5958
f 344 5894 347
f 4558 506 485
f 4558 4559 506
f 4789 4790 2533
f 3088 3089 5893
f 5020 5021 2722
f 2542 2543 5011
f 2920 2921 5431
f 5251 5252 2911
f 2731 2732 5242
f 5440 5441 3079
f 5012 2542 5011
f 2723 5020 2722
f 3080 5440 3079
f 5243 2731 5242
f 2534 4789 2533
f 5432 2920 5431
f 2912 5251 2911
f 5949 485 509
f 5957 519 5958
f 897 5894 344
f 905 438 427
f 4788 4789 2534
f 2730 2731 5243
f 5019 5020 2723
f 2541 2542 5012
f 5439 5440 3080
f 5250 5251 2912
f 2919 2920 5432
f 5950 485 5949
f 904 905 427
f 2724 5019 2723
f 3081 5439 3080
f 5013 2541 5012
f 5244 2730 5243
f 5433 2919 5432
f 2535 4788 2534
f 2913 5250 2912
f 5018 5019 2724
f 5438 5439 3081
f 301 4558 485
f 301 5950 5951
f 301 5951 312
f 301 485 5950
f 722 746 5955
f 722 5955 5956
f 722 5956 5957
f 722 5958 5959
f 722 5957 5958
f 642 666 903
f 642 903 904
f 642 904 427
f 567 5893 5894
f 567 897 898
f 567 898 899
f 567 899 578
f 567 5894 897
f 743 4780 4781
f 743 5959 4780
f 743 722 5959
f 302 4558 301
f 302 4557 4558
f 568 3088 5893
f 568 5893 567
f 663 642 427
f 663 427 428
f 303 4557 302
f 742 4781 4782
f 742 743 4781
f 569 3087 3088
f 569 3088 568
f 662 663 428
f 662 428 429
f 741 742 4782
f 304 4557 303
f 304 4556 4557
f 570 3086 3087
f 570 3087 569
f 305 4556 304
f 740 741 4782
f 571 3086 570
f 289 313 5952
f 289 5952 5953
f 734 5953 5954
f 734 5954 745
f 734 289 5953
f 654 901 902
f 654 902 665
f 555 901 654
f 555 579 900
f 555 900 901
f 4312 4549 4550
f 2170 4554 4555
f 4543 736 737
f 2359 4785 4786
f 4774 2538 2539
f 2527 5016 5017
f 2905 5436 5437
f 5005 2727 2728
f 5236 2916 2917
f 2716 5247 5248
f 5635 662 429
f 5425 3084 3085
f 3073 575 576
f 4313 4549 4312
f 4313 4548 4549
f 2171 4554 2170
f 2171 4553 4554
f 4544 289 734
f 4544 734 735
f 4544 735 736
f 4544 736 4543
f 2360 4784 4785
f 2360 4785 2359
f 4775 2538 4774
f 4775 2537 2538
f 5006 2726 2727
f 5006 2727 5005
f 2717 5246 5247
f 2717 5247 2716
f 2528 5015 5016
f 2528 5016 2527
f 2906 5435 5436
f 2906 5436 2905
f 3074 575 3073
f 3074 574 575
f 5636 662 5635
f 5636 661 662
f 5426 3083 3084
f 5426 3084 5425
f 5237 2916 5236
f 5237 2915 2916
f 4311 4312 4550
f 4542 4543 737
f 4542 737 738
f 4542 738 739
f 4773 4774 2539
f 4773 2539 2540
f 2169 2170 4555
f 2169 4555 4556
f 2169 4556 305
f 2904 5437 5438
f 2904 2905 5437
f 2358 4786 4787
f 2358 2359 4786
f 2526 5017 5018
f 2526 2527 5017
f 5235 2917 2918
f 5235 5236 2917
f 5004 5005 2728
f 5004 2728 2729
f 2715 5248 5249
f 2715 2716 5248
f 3072 3073 576
f 3072 576 555
f 3072 654 655
f 3072 555 654
f 5424 3085 3086
f 5424 5425 3085
f 5634 5635 429
f 5634 429 430
f 4314 4546 4547
f 4314 4547 4548
f 4314 4548 4313
f 2172 4552 4553
f 2172 4553 2171
f 4545 309 310
f 4545 310 289
f 4545 289 4544
f 4776 2536 2537
f 4776 2537 4775
f 2361 4783 4784
f 2361 4784 2360
f 2907 5435 2906
f 2907 5434 5435
f 2529 5014 5015
f 2529 5015 2528
f 5007 2725 2726
f 5007 2726 5006
f 5427 3082 3083
f 5427 3083 5426
f 2718 5245 5246
f 2718 5246 2717
f 5238 2914 2915
f 5238 2915 5237
f 3075 572 573
f 3075 573 574
f 3075 574 3074
f 5637 659 660
f 5637 660 661
f 5637 661 5636
f 4310 4311 4550
f 4310 4550 4551
f 4541 4542 739
f 4541 739 740
f 4772 4773 2540
f 4772 2541 5013
f 4772 2540 2541
f 2168 305 306
f 2168 2169 305
f 2357 4787 4788
f 2357 4788 2535
f 2357 2358 4787
f 2903 2904 5438
f 2903 5438 3081
f 2525 5018 2724
f 2525 2526 5018
f 5234 2918 2919
f 5234 2919 5433
f 5234 5235 2918
f 5003 5004 2729
f 5003 2730 5244
f 5003 2729 2730
f 2714 2715 5249
f 2714 5250 2913
f 2714 5249 5250
f 3071 3072 655
f 3071 655 656
f 3071 656 657
f 5633 5634 430
f 5633 430 431
f 5423 5424 3086
f 5423 3086 571
f 4294 4546 4314
f 2152 4552 2172
f 2152 4310 4551
f 2152 4551 4552
f 4525 308 309
f 4525 309 4545
f 4756 2536 4776
f 4756 2357 2535
f 4756 2535 2536
f 2341 4782 4783
f 2341 740 4782
f 2341 4783 2361
f 2509 5014 2529
f 2509 5013 5014
f 2509 4772 5013
f 2887 5434 2907
f 2887 5234 5433
f 2887 5433 5434
f 4987 2725 5007
f 4987 2525 2724
f 4987 2724 2725
f 2698 5244 5245
f 2698 5003 5244
f 2698 5245 2718
f 5218 2914 5238
f 5218 2913 2914
f 5218 2714 2913
f 5407 3081 3082
f 5407 3082 5427
f 5407 2903 3081
f 3055 572 3075
f 3055 571 572
f 5617 659 5637
f 5617 658 659
f 4309 4310 2152
f 4540 4541 740
f 4540 740 2341
f 4771 4772 2509
f 2902 2903 5407
f 2356 2357 4756
f 2167 306 307
f 2167 2168 306
f 5002 5003 2698
f 2713 2714 5218
f 2524 2525 4987
f 3070 657 658
f 3070 3071 657
f 5422 571 3055
f 5422 5423 571
f 5233 5234 2887
f 4757 2356 4756
f 4526 2167 307
f 4526 308 4525
f 4526 307 308
f 2153 4309 2152
f 2342 4540 2341
f 4988 2524 4987
f 2888 5233 2887
f 2510 4771 2509
f 5219 2713 5218
f 2699 5002 2698
f 3056 5422 3055
f 5408 2902 5407
f 5618 658 5617
f 5618 3070 658
f 4308 4309 2153
f 2166 2167 4526
f 4539 4540 2342
f 2355 2356 4757
f 4770 4771 2510
f 2901 2902 5408
f 2523 2524 4988
f 5232 5233 2888
f 2712 2713 5219
f 5001 5002 2699
f 3069 3070 5618
f 5421 5422 3056
f 4758 2355 4757
f 2154 4308 2153
f 4527 2166 4526
f 2343 4539 2342
f 2511 4770 2510
f 4989 2523 4988
f 2889 5232 2888
f 3057 5421 3056
f 5220 2712 5219
f 2700 5001 2699
f 5409 2901 5408
f 5619 3069 5618
f 4307 4308 2154
f 4538 4539 2343
f 2900 2901 5409
f 2165 2166 4527
f 2354 2355 4758
f 4769 4770 2511
f 2711 2712 5220
f 2522 2523 4989
f 5231 5232 2889
f 5000 5001 2700
f 3068 3069 5619
f 5420 5421 3057
f 2155 4307 2154
f 4528 2165 4527
f 4759 2354 4758
f 2344 4538 2343
f 5221 2711 5220
f 2512 4769 2511
f 2890 5231 2889
f 4990 2522 4989
f 3058 5420 3057
f 2701 5000 2700
f 5410 2900 5409
f 5620 3068 5619
f 4306 4307 2155
f 2164 2165 4528
f 4537 4538 2344
f 2353 2354 4759
f 4768 4769 2512
f 2899 2900 5410
f 5230 5231 2890
f 3067 3068 5620
f 4999 5000 2701
f 2710 2711 5221
f 2521 2522 4990
f 5419 5420 3058
f 2156 4306 2155
f 4529 2164 4528
f 4991 2521 4990
f 2345 4537 2344
f 2513 4768 2512
f 2891 5230 2890
f 2702 4999 2701
f 3059 5419 3058
f 5222 2710 5221
f 5621 3067 5620
f 5411 2899 5410
f 4767 4768 2513
f 4305 4306 2156
f 4536 4537 2345
f 2898 2899 5411
f 2163 2164 4529
f 2709 2710 5222
f 3066 3067 5621
f 5229 5230 2891
f 2520 2521 4991
f 4998 4999 2702
f 5418 5419 3059
f 4530 2163 4529
f 2157 4305 2156
f 2346 4536 2345
f 4992 2520 4991
f 2892 5229 2891
f 5223 2709 5222
f 5622 3066 5621
f 3060 5418 3059
f 5412 2898 5411
f 2514 4767 2513
f 2703 4998 2702
f 4304 4305 2157
f 2162 2163 4530
f 2897 2898 5412
f 5417 5418 3060
f 2708 2709 5223
f 5803 4762 4763
f 5804 4762 5803
f 5804 4761 4762
f 5802 5803 4763
f 5802 4763 4764
f 5805 4760 4761
f 5805 4761 5804
f 5801 5802 4764
f 5801 4764 4765
f 5785 4759 4760
f 5785 4760 5805
f 5785 2353 4759
f 5800 4765 4766
f 5800 5801 4765
f 5786 2353 5785
f 5786 2352 2353
f 5799 4767 2514
f 5799 4766 4767
f 5799 5800 4766
f 5787 2352 5786
f 5787 2351 2352
f 5798 5799 2514
f 5788 2351 5787
f 4291 2160 2161
f 4753 2517 2518
f 2149 4533 4534
f 2338 5794 5795
f 1939 4302 4303
f 4522 2349 2350
f 4081 4297 4298
f 2695 5226 5227
f 5215 2895 2896
f 4984 2706 2707
f 3052 5625 5626
f 2506 4995 4996
f 5404 3063 3064
f 2884 5415 5416
f 5614 5630 5631
f 4292 2159 2160
f 4292 2160 4291
f 4523 2349 4522
f 4523 2348 2349
f 2339 5793 5794
f 2339 5794 2338
f 4082 4296 4297
f 4082 4297 4081
f 2696 5225 5226
f 2696 5226 2695
f 4754 2517 4753
f 4754 2516 2517
f 1940 4301 4302
f 1940 4302 1939
f 2150 4533 2149
f 2150 4532 4533
f 2507 4994 4995
f 2507 4995 2506
f 3053 5624 5625
f 3053 5625 3052
f 5216 2894 2895
f 5216 2895 5215
f 2885 5415 2884
f 2885 5414 5415
f 4985 2706 4984
f 4985 2705 2706
f 5615 5630 5614
f 5615 5629 5630
f 5405 3063 5404
f 5405 3062 3063
f 4290 2161 2162
f 4290 4291 2161
f 4752 4753 2518
f 4752 2518 2519
f 2694 2695 5227
f 2694 5227 5228
f 4080 4081 4298
f 1938 4303 4304
f 1938 1939 4303
f 4521 2351 5788
f 4521 4522 2350
f 4521 2350 2351
f 2148 4534 4535
f 2148 2149 4534
f 2337 5795 5796
f 2337 2338 5795
f 3051 3052 5626
f 3051 5626 5627
f 2505 4996 4997
f 2505 2506 4996
f 2883 5416 5417
f 2883 2884 5416
f 5214 2896 2897
f 5214 5215 2896
f 4983 2707 2708
f 4983 4984 2707
f 5613 5631 5632
f 5613 5614 5631
f 5403 3064 3065
f 5403 5404 3064
f 4293 2158 2159
f 4293 2159 4292
f 4524 2348 4523
f 4524 2347 2348
f 4755 2516 4754
f 4755 2515 2516
f 2697 5224 5225
f 2697 5225 2696
f 2340 5792 5793
f 2340 5793 2339
f 4083 4295 4296
f 4083 4296 4082
f 1941 4301 1940
f 1941 4300 4301
f 2151 4531 4532
f 2151 4532 2150
f 3054 5623 5624
f 3054 5624 3053
f 2508 4993 4994
f 2508 4994 2507
f 2886 5413 5414
f 2886 5414 2885
f 4986 2704 2705
f 4986 2705 4985
f 5616 5628 5629
f 5616 5629 5615
f 5217 2894 5216
f 5217 2893 2894
f 5406 3062 5405
f 5406 3061 3062
f 4289 4290 2162
f 4289 2162 4530
f 4520 4521 5788
f 4520 5788 5789
f 1937 4304 2157
f 1937 1938 4304
f 4079 4298 4299
f 4079 4080 4298
f 4751 2520 4992
f 4751 4752 2519
f 4751 2519 2520
f 2693 2694 5228
f 2693 5229 2892
f 2693 5228 5229
f 2147 2148 4535
f 2147 4535 4536
f 2147 4536 2346
f 2336 5796 5797
f 2336 2337 5796
f 2504 2505 4997
f 2504 4997 4998
f 2504 4998 2703
f 4982 2708 5223
f 4982 4983 2708
f 3050 5627 5628
f 3050 3051 5627
f 2882 5417 3060
f 2882 2883 5417
f 5213 5214 2897
f 5213 2897 5412
f 5402 3065 3066
f 5402 3066 5622
f 5402 5403 3065
f 5612 5632 5633
f 5612 5613 5632
f 5612 5633 431
f 5612 431 432
f 4273 2157 2158
f 4273 1937 2157
f 4273 2158 4293
f 4063 4294 4295
f 4063 4295 4083
f 1921 4299 4300
f 1921 4300 1941
f 1921 4079 4299
f 2677 5224 2697
f 2677 5223 5224
f 2677 4982 5223
f 2131 4289 4530
f 2131 4530 4531
f 2131 4531 2151
f 4735 5798 2514
f 4735 2515 4755
f 4735 2514 2515
f 4504 2347 4524
f 4504 2147 2346
f 4504 2346 2347
f 2320 5792 2340
f 5197 2693 2892
f 5197 2892 2893
f 5197 2893 5217
f 2866 5213 5412
f 2866 5412 5413
f 2866 5413 2886
f 3034 5623 3054
f 3034 5622 5623
f 3034 5402 5622
f 4966 2704 4986
f 4966 2703 2704
f 4966 2504 2703
f 5386 3061 5406
f 5386 2882 3060
f 5386 3060 3061
f 2488 4992 4993
f 2488 4751 4992
f 2488 4993 2508
f 5596 5628 5616
f 5596 3050 5628
f 4519 4520 5789
f 4519 5789 5790
f 1936 1937 4273
f 4288 4289 2131
f 2692 2693 5197
f 2335 5798 4735
f 2335 5797 5798
f 2335 2336 5797
f 4750 4751 2488
f 4078 4079 1921
f 2146 2147 4504
f 4981 4982 2677
f 3049 3050 5596
f 5212 5213 2866
f 2503 2504 4966
f 2881 2882 5386
f 5401 5402 3034
f 4274 1936 4273
f 2132 4288 2131
f 4736 2335 4735
f 2321 5791 5792
f 2321 5792 2320
f 2678 4981 2677
f 4505 2146 4504
f 1922 4078 1921
f 3035 5401 3034
f 4967 2503 4966
f 2489 4750 2488
f 2867 5212 2866
f 5597 3049 5596
f 5198 2692 5197
f 5387 2881 5386
f 4287 4288 2132
f 4518 4519 5790
f 1935 1936 4274
f 2334 2335 4736
f 2691 2692 5198
f 4077 4078 1922
f 5211 5212 2867
f 4749 4750 2489
f 2145 2146 4505
f 2502 2503 4967
f 2880 2881 5387
f 4980 4981 2678
f 3048 3049 5597
f 5400 5401 3035
f 4275 1935 4274
f 2133 4287 2132
f 4506 2145 4505
f 2679 4980 2678
f 2322 5790 5791
f 2322 4518 5790
f 2322 5791 2321
f 1923 4077 1922
f 4737 2334 4736
f 2490 4749 2489
f 4968 2502 4967
f 2868 5211 2867
f 3036 5400 3035
f 5199 2691 5198
f 5598 3048 5597
f 5388 2880 5387
f 4076 4077 1923
f 4517 4518 2322
f 2333 2334 4737
f 4286 4287 2133
f 1934 1935 4275
f 2690 2691 5199
f 2144 2145 4506
f 4748 4749 2490
f 5210 5211 2868
f 5399 5400 3036
f 2501 2502 4968
f 2879 2880 5388
f 3047 3048 5598
f 4979 4980 2679
f 4276 1934 4275
f 4507 2144 4506
f 2134 4286 2133
f 2323 4517 2322
f 4738 2333 4737
f 1924 4076 1923
f 2680 4979 2679
f 3037 5399 3036
f 2491 4748 2490
f 5200 2690 5199
f 2869 5210 2868
f 4969 2501 4968
f 5389 2879 5388
f 5599 3047 5598
f 4285 4286 2134
f 4516 4517 2323
f 1933 1934 4276
f 2332 2333 4738
f 4075 4076 1924
f 2689 2690 5200
f 4747 4748 2491
f 2143 2144 4507
f 2878 2879 5389
f 2500 2501 4969
f 5398 5399 3037
f 5209 5210 2869
f 3046 3047 5599
f 4978 4979 2680
f 4277 1933 4276
f 4508 2143 4507
f 2681 4978 2680
f 2324 4516 2323
f 4739 2332 4738
f 1925 4075 1924
f 2492 4747 2491
f 2135 4285 2134
f 4970 2500 4969
f 5201 2689 5200
f 2870 5209 2869
f 3038 5398 3037
f 5600 3046 5599
f 5390 2878 5389
f 4515 4516 2324
f 4074 4075 1925
f 4284 4285 2135
f 1932 1933 4277
f 2688 2689 5201
f 4746 4747 2492
f 2331 2332 4739
f 2142 2143 4508
f 5208 5209 2870
f 2877 2878 5390
f 3045 3046 5600
f 2499 2500 4970
f 4977 4978 2681
f 5397 5398 3038
f 4278 1932 4277
f 4740 2331 4739
f 2136 4284 2135
f 2682 4977 2681
f 2325 4515 2324
f 1926 4074 1925
f 4509 2142 4508
f 4971 2499 4970
f 5202 2688 5201
f 2871 5208 2870
f 3039 5397 3038
f 5601 3045 5600
f 2493 4746 2492
f 5391 2877 5390
f 2330 2331 4740
f 4283 4284 2136
f 2141 2142 4509
f 4745 4746 2493
f 2876 2877 5391
f 2498 2499 4971
f 5207 5208 2871
f 4976 4977 2682
f 4270 2139 2140
f 4060 1929 1930
f 2128 4512 4513
f 4501 2328 2329
f 1708 4071 4072
f 4732 2496 2497
f 3829 4065 4066
f 2317 4743 4744
f 2485 4974 4975
f 1918 4281 4282
f 2674 5205 5206
f 5194 2874 2875
f 2863 5394 5395
f 4963 2685 2686
f 3031 5604 5605
f 5593 5609 5610
f 5383 3042 3043
f 2129 4511 4512
f 2129 4512 2128
f 2318 4743 2317
f 2318 4742 4743
f 3830 4065 3829
f 4271 2139 4270
f 4271 2138 2139
f 4502 2328 4501
f 4502 2327 2328
f 4733 2495 2496
f 4733 2496 4732
f 2486 4974 2485
f 2486 4973 4974
f 4061 1928 1929
f 4061 1929 4060
f 2675 5205 2674
f 2675 5204 5205
f 1709 4071 1708
f 1709 4070 4071
f 1919 4280 4281
f 1919 4281 1918
f 2864 5393 5394
f 2864 5394 2863
f 3032 5603 5604
f 3032 5604 3031
f 5594 5608 5609
f 5594 5609 5593
f 5195 2873 2874
f 5195 2874 5194
f 4964 2684 2685
f 4964 2685 4963
f 5384 3041 3042
f 5384 3042 5383
f 3828 3829 4066
f 3828 4066 4067
f 3828 4067 4068
f 4269 4270 2140
f 4269 2140 2141
f 1707 1708 4072
f 1707 4072 4073
f 4731 2497 2498
f 4731 4732 2497
f 2484 2485 4975
f 2484 4975 4976
f 4059 4060 1930
f 4059 1930 1931
f 4500 4501 2329
f 4500 2329 2330
f 1917 4282 4283
f 1917 1918 4282
f 2673 2674 5206
f 2673 5206 5207
f 2127 4513 4514
f 2127 2128 4513
f 2316 2317 4744
f 2316 4744 4745
f 2862 5395 5396
f 2862 2863 5395
f 4962 2686 2687
f 4962 4963 2686
f 5193 2875 2876
f 5193 5194 2875
f 5592 5593 5610
f 5592 5610 5611
f 5382 3043 3044
f 5382 5383 3043
f 3030 5605 5606
f 3030 3031 5605
f 4272 2137 2138
f 4272 2138 4271
f 4503 2327 4502
f 4503 2326 2327
f 2130 4511 2129
f 2130 4510 4511
f 2319 4741 4742
f 2319 4742 2318
f 3831 4065 3830
f 3831 4064 4065
f 4062 1928 4061
f 4062 1927 1928
f 1920 4279 4280
f 1920 4280 1919
f 1710 4070 1709
f 1710 4069 4070
f 2487 4973 2486
f 2487 4972 4973
f 4734 2495 4733
f 4734 2494 2495
f 5595 5607 5608
f 5595 5608 5594
f 2676 5203 5204
f 2676 5204 2675
f 2865 5392 5393
f 2865 5393 2864
f 4965 2683 2684
f 4965 2684 4964
f 5196 2872 2873
f 5196 2873 5195
f 5385 3041 5384
f 5385 3040 3041
f 3033 5602 5603
f 3033 5603 3032
f 4268 2141 4509
f 4268 4269 2141
f 4730 4731 2498
f 4730 2498 4971
f 3827 3828 4068
f 4058 1932 4278
f 4058 4059 1931
f 4058 1931 1932
f 4499 4500 2330
f 4499 2330 4740
f 2483 2484 4976
f 2483 4976 2682
f 1706 4073 4074
f 1706 1707 4073
f 1706 4074 1926
f 4961 4962 2687
f 4961 2687 2688
f 4961 2688 5202
f 2315 2316 4745
f 2315 4745 2493
f 2126 4514 4515
f 2126 2127 4514
f 2126 4515 2325
f 2861 5396 5397
f 2861 5397 3039
f 2861 2862 5396
f 2672 2673 5207
f 2672 5207 2871
f 1916 1917 4283
f 1916 4283 2136
f 5192 2876 5391
f 5192 5193 2876
f 5591 5611 5612
f 5591 5612 432
f 5591 5592 5611
f 5381 3045 5601
f 5381 5382 3044
f 5381 3044 3045
f 3029 5606 5607
f 3029 3030 5606
f 4252 1916 2136
f 4252 2136 2137
f 4252 2137 4272
f 1690 4069 1710
f 1690 4068 4069
f 1690 3827 4068
f 4042 1706 1926
f 4042 1927 4062
f 4042 1926 1927
f 4483 2126 2325
f 4483 2326 4503
f 4483 2325 2326
f 3811 4064 3831
f 3811 4063 4064
f 2467 4730 4971
f 2467 4972 2487
f 2467 4971 4972
f 2110 4509 4510
f 2110 4268 4509
f 2110 4510 2130
f 4714 2494 4734
f 4714 2493 2494
f 4714 2315 2493
f 2299 4499 4740
f 2299 4740 4741
f 2299 4741 2319
f 1900 4278 4279
f 1900 4058 4278
f 1900 4279 1920
f 2656 4961 5202
f 2656 5202 5203
f 2656 5203 2676
f 2845 5391 5392
f 2845 5192 5391
f 2845 5392 2865
f 4945 2483 2682
f 4945 2682 2683
f 4945 2683 4965
f 5176 2871 2872
f 5176 2872 5196
f 5176 2672 2871
f 5575 3029 5607
f 5575 5607 5595
f 5365 3040 5385
f 5365 3039 3040
f 5365 2861 3039
f 3013 5601 5602
f 3013 5602 3033
f 3013 5381 5601
f 4267 4268 2110
f 4057 4058 1900
f 1705 1706 4042
f 4498 4499 2299
f 2125 2126 4483
f 4729 4730 2467
f 2314 2315 4714
f 3826 3827 1690
f 2482 2483 4945
f 2671 2672 5176
f 1915 1916 4252
f 3028 3029 5575
f 5191 5192 2845
f 2860 2861 5365
f 4960 4961 2656
f 5380 5381 3013
f 4253 1915 4252
f 4484 2125 4483
f 4043 1705 4042
f 2657 4960 2656
f 4715 2314 4714
f 1691 3826 1690
f 2111 4267 2110
f 2468 4729 2467
f 2300 4498 2299
f 1901 4057 1900
f 2846 5191 2845
f 5576 3028 5575
f 4946 2482 4945
f 5177 2671 5176
f 3014 5380 3013
f 5366 2860 5365
f 1704 1705 4043
f 4056 4057 1901
f 4266 4267 2111
f 4497 4498 2300
f 4728 4729 2468
f 2124 2125 4484
f 2313 2314 4715
f 2481 2482 4946
f 1914 1915 4253
f 3825 3826 1691
f 4959 4960 2657
f 2670 2671 5177
f 2859 2860 5366
f 5190 5191 2846
f 3027 3028 5576
f 5379 5380 3014
f 4254 1914 4253
f 1692 3825 1691
f 4485 2124 4484
f 4716 2313 4715
f 2112 4266 2111
f 2301 4497 2300
f 4044 1704 4043
f 2658 4959 2657
f 4947 2481 4946
f 2469 4728 2468
f 1902 4056 1901
f 3015 5379 3014
f 5178 2670 5177
f 2847 5190 2846
f 5367 2859 5366
f 5577 3027 5576
f 2480 2481 4947
f 2123 2124 4485
f 4727 4728 2469
f 2312 2313 4716
f 3824 3825 1692
f 4055 4056 1902
f 1703 1704 4044
f 4496 4497 2301
f 4265 4266 2112
f 1913 1914 4254
f 2669 2670 5178
f 2858 2859 5367
f 4958 4959 2658
f 3026 3027 5577
f 5189 5190 2847
f 5378 5379 3015
f 4717 2312 4716
f 2113 4265 2112
f 4255 1913 4254
f 2470 4727 2469
f 4045 1703 4044
f 4486 2123 4485
f 1693 3824 1692
f 1903 4055 1902
f 5179 2669 5178
f 2302 4496 2301
f 2659 4958 2658
f 2848 5189 2847
f 4948 2480 4947
f 5578 3026 5577
f 5368 2858 5367
f 3016 5378 3015
f 1702 1703 4045
f 4054 4055 1903
f 4264 4265 2113
f 4495 4496 2302
f 2122 2123 4486
f 2311 2312 4717
f 3823 3824 1693
f 2479 2480 4948
f 4957 4958 2659
f 2857 2858 5368
f 2668 2669 5179
f 4726 4727 2470
f 1912 1913 4255
f 3025 3026 5578
f 5188 5189 2848
f 5377 5378 3016
f 4046 1702 4045
f 4256 1912 4255
f 1694 3823 1693
f 2114 4264 2113
f 2303 4495 2302
f 4487 2122 4486
f 2471 4726 2470
f 4718 2311 4717
f 2660 4957 2659
f 1904 4054 1903
f 4949 2479 4948
f 3017 5377 3016
f 5180 2668 5179
f 2849 5188 2848
f 5579 3025 5578
f 5369 2857 5368
f 4053 4054 1904
f 3822 3823 1694
f 1701 1702 4046
f 2478 2479 4949
f 4494 4495 2303
f 4725 4726 2471
f 4263 4264 2114
f 1911 1912 4256
f 2121 2122 4487
f 2310 2311 4718
f 2667 2668 5180
f 2856 2857 5369
f 4956 4957 2660
f 5187 5188 2849
f 3024 3025 5579
f 5376 5377 3017
f 1695 3822 1694
f 4047 1701 4046
f 4257 1911 4256
f 4488 2121 4487
f 2115 4263 2114
f 2304 4494 2303
f 4719 2310 4718
f 2472 4725 2471
f 4950 2478 4949
f 1905 4053 1904
f 5181 2667 5180
f 2661 4956 2660
f 2850 5187 2849
f 5370 2856 5369
f 3018 5376 3017
f 5580 3024 5579
f 3821 3822 1695
f 4724 4725 2472
f 4052 4053 1905
f 2477 2478 4950
f 4262 4263 2115
f 1910 1911 4257
f 4955 4956 2661
f 2296 4722 4723
f 3577 3813 3814
f 4249 2118 2119
f 1477 3819 3820
f 1897 4260 4261
f 2107 4491 4492
f 4711 2475 2476
f 3808 1698 1699
f 1687 4050 4051
f 2464 4953 4954
f 4039 1908 1909
f 2653 5184 5185
f 4480 2307 2308
f 4942 2664 2665
f 2842 5373 5374
f 3010 5583 5584
f 5173 2853 2854
f 5572 5588 5589
f 5362 3021 3022
f 1478 3819 1477
f 1478 3818 3819
f 3578 3812 3813
f 3578 3813 3577
f 2108 4490 4491
f 2108 4491 2107
f 2297 4722 2296
f 2297 4721 4722
f 3809 1697 1698
f 3809 1698 3808
f 4250 2118 4249
f 4250 2117 2118
f 4040 1907 1908
f 4040 1908 4039
f 4481 2306 2307
f 4481 2307 4480
f 1898 4260 1897
f 1898 4259 4260
f 4712 2475 4711
f 4712 2474 2475
f 1688 4050 1687
f 1688 4049 4050
f 2465 4952 4953
f 2465 4953 2464
f 2654 5184 2653
f 2654 5183 5184
f 3011 5583 3010
f 3011 5582 5583
f 5363 3021 5362
f 5363 3020 3021
f 5573 5588 5572
f 5573 5587 5588
f 2843 5372 5373
f 2843 5373 2842
f 4943 2663 2664
f 4943 2664 4942
f 5174 2852 2853
f 5174 2853 5173
f 3576 3814 3815
f 3576 3815 3816
f 3576 3577 3814
f 2295 4723 4724
f 2295 2296 4723
f 3807 1699 1700
f 3807 3808 1699
f 4248 4249 2119
f 4248 2119 2120
f 1476 3820 3821
f 1476 1477 3820
f 4710 4711 2476
f 4710 2476 2477
f 1686 1687 4051
f 1686 4051 4052
f 2463 4954 4955
f 2463 2464 4954
f 4038 1909 1910
f 4038 4039 1909
f 2652 5185 5186
f 2652 2653 5185
f 4479 2308 2309
f 4479 4480 2308
f 1896 1897 4261
f 1896 4261 4262
f 2106 4492 4493
f 2106 2107 4492
f 5172 2854 2855
f 5172 5173 2854
f 5571 5589 5590
f 5571 5572 5589
f 4941 2665 2666
f 4941 4942 2665
f 2841 2842 5374
f 2841 5374 5375
f 3009 3010 5584
f 3009 5584 5585
f 5361 5362 3022
f 5361 3022 3023
f 3579 3812 3578
f 1479 3818 1478
f 1479 3817 3818
f 2298 4721 2297
f 2298 4720 4721
f 4041 1907 4040
f 4041 1906 1907
f 4251 2117 4250
f 4251 2116 2117
f 4482 2305 2306
f 4482 2306 4481
f 1899 4259 1898
f 1899 4258 4259
f 2109 4489 4490
f 2109 4490 2108
f 4713 2473 2474
f 4713 2474 4712
f 3810 1696 1697
f 3810 1697 3809
f 1689 4049 1688
f 1689 4048 4049
f 2655 5183 2654
f 2655 5182 5183
f 5364 3020 5363
f 5364 3019 3020
f 3012 5582 3011
f 3012 5581 5582
f 2466 4952 2465
f 2466 4951 4952
f 5574 5587 5573
f 5574 5586 5587
f 4944 2662 2663
f 4944 2663 4943
f 5175 2852 5174
f 5175 2851 2852
f 2844 5372 2843
f 2844 5371 5372
f 1475 1476 3821
f 1475 3821 1695
f 4247 4248 2120
f 4247 2120 2121
f 4247 2121 4488
f 2294 4724 2472
f 2294 2295 4724
f 4037 1910 4257
f 4037 4038 1910
f 4478 2310 4719
f 4478 4479 2309
f 4478 2309 2310
f 3575 3576 3816
f 3806 1700 1701
f 3806 3807 1700
f 3806 1701 4047
f 1685 1686 4052
f 1685 4052 1905
f 1895 1896 4262
f 1895 4262 2115
f 4709 4710 2477
f 4709 2477 4950
f 2105 4493 4494
f 2105 4494 2304
f 2105 2106 4493
f 2462 4955 2661
f 2462 2463 4955
f 2651 5186 5187
f 2651 2652 5186
f 2651 5187 2850
f 4940 2666 2667
f 4940 4941 2666
f 4940 2667 5181
f 5171 2856 5370
f 5171 5172 2855
f 5171 2855 2856
f 5360 5361 3023
f 5360 3023 3024
f 5360 3024 5580
f 3008 3009 5585
f 3008 5585 5586
f 5570 5590 5591
f 5570 5571 5590
f 2840 5376 3018
f 2840 2841 5375
f 2840 5375 5376
f 1459 3816 3817
f 1459 3575 3816
f 1459 3817 1479
f 2278 4720 2298
f 2278 4719 4720
f 2278 4478 4719
f 4462 2304 2305
f 4462 2305 4482
f 4462 2105 2304
f 3790 1696 3810
f 3790 1475 1695
f 3790 1695 1696
f 3559 3812 3579
f 3559 3811 3812
f 4021 1905 1906
f 4021 1685 1905
f 4021 1906 4041
f 4231 1895 2115
f 4231 2115 2116
f 4231 2116 4251
f 4693 2472 2473
f 4693 2473 4713
f 4693 2294 2472
f 2089 4488 4489
f 2089 4489 2109
f 2089 4247 4488
f 1669 4048 1689
f 1669 3806 4047
f 1669 4047 4048
f 2446 4709 4950
f 2446 4951 2466
f 2446 4950 4951
f 1879 4037 4257
f 1879 4257 4258
f 1879 4258 1899
f 2635 5182 2655
f 2635 4940 5181
f 2635 5181 5182
f 5155 2851 5175
f 5155 2651 2850
f 5155 2850 2851
f 5554 5586 5574
f 5554 3008 5586
f 4924 2661 2662
f 4924 2662 4944
f 4924 2462 2661
f 2824 5371 2844
f 2824 5370 5371
f 2824 5171 5370
f 2992 5581 3012
f 2992 5360 5580
f 2992 5580 5581
f 5344 3019 5364
f 5344 3018 3019
f 5344 2840 3018
f 1474 1475 3790
f 2293 2294 4693
f 4246 4247 2089
f 3574 3575 1459
f 3805 3806 1669
f 4036 4037 1879
f 4477 4478 2278
f 1894 1895 4231
f 2104 2105 4462
f 4708 4709 2446
f 1684 1685 4021
f 2461 2462 4924
f 2650 2651 5155
f 5359 5360 2992
f 3007 3008 5554
f 2839 2840 5344
f 4939 4940 2635
f 5170 5171 2824
f 2279 4477 2278
f 4022 1684 4021
f 4232 1894 4231
f 1460 3574 1459
f 3791 1474 3790
f 4463 2104 4462
f 1880 4036 1879
f 2090 4246 2089
f 4694 2293 4693
f 1670 3805 1669
f 2447 4708 2446
f 2636 4939 2635
f 2993 5359 2992
f 5345 2839 5344
f 4925 2461 4924
f 5555 3007 5554
f 5156 2650 5155
f 2825 5170 2824
f 1473 1474 3791
f 3573 3574 1460
f 2292 2293 4694
f 3804 3805 1670
f 1683 1684 4022
f 4035 4036 1880
f 4476 4477 2279
f 4245 4246 2090
f 1893 1894 4232
f 2103 2104 4463
f 4707 4708 2447
f 5169 5170 2825
f 2460 2461 4925
f 2649 2650 5156
f 2838 2839 5345
f 4938 4939 2636
f 5358 5359 2993
f 3006 3007 5555
f 2280 4476 2279
f 4233 1893 4232
f 1881 4035 1880
f 1461 3573 1460
f 3792 1473 3791
f 1671 3804 1670
f 4464 2103 4463
f 4695 2292 4694
f 2448 4707 2447
f 4023 1683 4022
f 2091 4245 2090
f 2637 4938 2636
f 4926 2460 4925
f 2994 5358 2993
f 5556 3006 5555
f 2826 5169 2825
f 5157 2649 5156
f 5346 2838 5345
f 1472 1473 3792
f 3572 3573 1461
f 2291 2292 4695
f 2102 2103 4464
f 3803 3804 1671
f 1682 1683 4023
f 4034 4035 1881
f 4244 4245 2091
f 2648 2649 5157
f 4475 4476 2280
f 4706 4707 2448
f 1892 1893 4233
f 2459 2460 4926
f 4937 4938 2637
f 2837 2838 5346
f 3005 3006 5556
f 5168 5169 2826
f 5357 5358 2994
f 1462 3572 1461
f 4234 1892 4233
f 4696 2291 4695
f 2281 4475 2280
f 3793 1472 3792
f 4024 1682 4023
f 1882 4034 1881
f 4465 2102 4464
f 2092 4244 2091
f 1672 3803 1671
f 2449 4706 2448
f 2638 4937 2637
f 2995 5357 2994
f 5557 3005 5556
f 5158 2648 5157
f 4927 2459 4926
f 5347 2837 5346
f 2827 5168 2826
f 1471 1472 3793
f 2290 2291 4696
f 3802 3803 1672
f 1681 1682 4024
f 4033 4034 1882
f 3571 3572 1462
f 4243 4244 2092
f 4474 4475 2281
f 4705 4706 2449
f 2101 2102 4465
f 1891 1892 4234
f 2458 2459 4927
f 2647 2648 5158
f 2836 2837 5347
f 4936 4937 2638
f 3004 3005 5557
f 5356 5357 2995
f 5167 5168 2827
f 3794 1471 3793
f 2282 4474 2281
f 1673 3802 1672
f 4025 1681 4024
f 4235 1891 4234
f 1463 3571 1462
f 4466 2101 4465
f 2093 4243 2092
f 4697 2290 4696
f 1883 4033 1882
f 5558 3004 5557
f 2450 4705 2449
f 2639 4936 2638
f 4928 2458 4927
f 2996 5356 2995
f 5159 2647 5158
f 5348 2836 5347
f 2828 5167 2827
f 3570 3571 1463
f 2289 2290 4697
f 1470 1471 3794
f 3801 3802 1673
f 1680 1681 4025
f 4032 4033 1883
f 4242 4243 2093
f 2646 2647 5159
f 4473 4474 2282
f 4704 4705 2450
f 1890 1891 4235
f 2100 2101 4466
f 2457 2458 4928
f 5166 5167 2828
f 2835 2836 5348
f 4935 4936 2639
f 3003 3004 5558
f 5355 5356 2996
f 2283 4473 2282
f 1464 3570 1463
f 3795 1470 3794
f 4236 1890 4235
f 4026 1680 4025
f 4467 2100 4466
f 4698 2289 4697
f 1674 3801 1673
f 2451 4704 2450
f 2094 4242 2093
f 2640 4935 2639
f 1884 4032 1883
f 4929 2457 4928
f 5559 3003 5558
f 2829 5166 2828
f 5160 2646 5159
f 2997 5355 2996
f 5349 2835 5348
f 2288 2289 4698
f 3800 3801 1674
f 3569 3570 1464
f 1679 1680 4026
f 4031 4032 1884
f 4472 4473 2283
f 4703 4704 2451
f 1889 1890 4236
f 5165 5166 2829
f 241 5567 5568
f 241 5568 5569
f 240 5567 241
f 240 5565 5566
f 240 5566 5567
f 275 5591 432
f 275 241 5569
f 275 5570 5591
f 275 5569 5570
f 238 5565 240
f 238 5563 5564
f 238 5564 5565
f 239 5563 238
f 239 5562 5563
f 2086 4470 4471
f 4228 2097 2098
f 1456 3798 3799
f 4018 1887 1888
f 3556 1467 1468
f 2275 4701 4702
f 1666 4029 4030
f 4459 2286 2287
f 1876 4239 4240
f 2443 4932 4933
f 2632 5163 5164
f 4690 2454 2455
f 3787 1677 1678
f 4921 2643 2644
f 2821 5352 5353
f 5152 2832 2833
f 5341 3000 3001
f 2989 5562 239
f 3326 3561 3562
f 3326 3562 3325
f 1457 3797 3798
f 1457 3798 1456
f 2087 4470 2086
f 2087 4469 4470
f 3557 1466 1467
f 3557 1467 3556
f 2276 4701 2275
f 2276 4700 4701
f 3788 1676 1677
f 3788 1677 3787
f 1667 4029 1666
f 1667 4028 4029
f 1877 4238 4239
f 1877 4239 1876
f 4019 1886 1887
f 4019 1887 4018
f 4229 2097 4228
f 4229 2096 2097
f 4460 2285 2286
f 4460 2286 4459
f 4691 2454 4690
f 4691 2453 2454
f 2444 4932 2443
f 2444 4931 4932
f 2633 5163 2632
f 2633 5162 5163
f 2990 5562 2989
f 2990 5561 5562
f 5153 2832 5152
f 5153 2831 2832
f 5342 2999 3000
f 5342 3000 5341
f 2822 5352 2821
f 2822 5351 5352
f 4922 2642 2643
f 4922 2643 4921
f 3324 3562 3563
f 3324 3325 3562
f 3786 1678 1679
f 3786 3787 1678
f 2085 2086 4471
f 2085 4471 4472
f 3555 1468 1469
f 3555 3556 1468
f 2274 2275 4702
f 2274 4702 4703
f 4227 4228 2098
f 4227 2098 2099
f 1455 3799 3800
f 1455 1456 3799
f 1665 4030 4031
f 1665 1666 4030
f 2442 2443 4933
f 2442 4933 4934
f 4017 4018 1888
f 4017 1888 1889
f 4689 4690 2455
f 4689 2455 2456
f 4458 2287 2288
f 4458 4459 2287
f 1875 4240 4241
f 1875 1876 4240
f 2988 2989 239
f 5151 5152 2833
f 5151 2833 2834
f 5340 5341 3001
f 5340 3001 3002
f 2631 5164 5165
f 2631 2632 5164
f 2820 5353 5354
f 2820 2821 5353
f 4920 2644 2645
f 4920 4921 2644
f 3558 1466 3557
f 3558 1465 1466
f 2088 4469 2087
f 2088 4468 4469
f 1878 4238 1877
f 1878 4237 4238
f 2277 4700 2276
f 2277 4699 4700
f 3789 1675 1676
f 3789 1676 3788
f 1668 4028 1667
f 1668 4027 4028
f 4020 1886 4019
f 4020 1885 1886
f 4230 2096 4229
f 4230 2095 2096
f 4461 2285 4460
f 4461 2284 2285
f 1458 3796 3797
f 1458 3797 1457
f 2991 5561 2990
f 2991 5560 5561
f 2445 4931 2444
f 2445 4930 4931
f 4692 2453 4691
f 4692 2452 2453
f 5154 2831 5153
f 5154 2830 2831
f 5343 2998 2999
f 5343 2999 5342
f 2634 5162 2633
f 2634 5161 5162
f 2823 5351 2822
f 2823 5350 5351
f 4923 2641 2642
f 4923 2642 4922
f 1032 3561 3326
f 1032 4063 3811
f 1032 3811 3559
f 1032 3326 3327
f 1032 3559 3560
f 1032 3560 3561
f 3323 3324 3563
f 3323 3563 3564
f 3323 3564 3565
f 1454 1455 3800
f 1454 3800 1674
f 2084 4472 2283
f 2084 2085 4472
f 3554 1469 1470
f 3554 1470 3795
f 3554 3555 1469
f 2273 4703 2451
f 2273 2274 4703
f 3785 1679 4026
f 3785 3786 1679
f 1664 1665 4031
f 1664 4031 1884
f 4016 1889 4236
f 4016 4017 1889
f 4226 4227 2099
f 4226 2099 2100
f 4226 2100 4467
f 4457 2288 4698
f 4457 4458 2288
f 4688 4689 2456
f 4688 2457 4929
f 4688 2456 2457
f 2441 2442 4934
f 2441 4935 2640
f 2441 4934 4935
f 1874 4242 2094
f 1874 1875 4241
f 1874 4241 4242
f 5150 5151 2834
f 5150 2834 2835
f 5150 2835 5349
f 2630 5165 2829
f 2630 2631 5165
f 2819 2820 5354
f 2819 5354 5355
f 2819 5355 2997
f 4919 2646 5160
f 4919 2645 2646
f 4919 4920 2645
f 2987 239 278
f 2987 2988 239
f 5339 3002 3003
f 5339 3003 5559
f 5339 5340 3002
f 1031 1033 1032
f 1031 1034 1033
f 2068 4226 4467
f 2068 4467 4468
f 2068 4468 2088
f 4210 2094 2095
f 4210 1874 2094
f 4210 2095 4230
f 3307 1032 3327
f 3538 1464 1465
f 3538 1465 3558
f 3538 3569 1464
f 4441 2283 2284
f 4441 2084 2283
f 4441 2284 4461
f 1438 3554 3795
f 1438 3795 3796
f 1438 3796 1458
f 1648 4027 1668
f 1648 4026 4027
f 1648 3785 4026
f 2257 4457 4698
f 2257 4698 4699
f 2257 4699 2277
f 3769 1674 1675
f 3769 1454 1674
f 3769 1675 3789
f 4000 1885 4020
f 4000 1884 1885
f 4000 1664 1884
f 4672 2452 4692
f 4672 2273 2451
f 4672 2451 2452
f 2425 4929 4930
f 2425 4930 2445
f 2425 4688 4929
f 2614 5161 2634
f 2614 5160 5161
f 2614 4919 5160
f 1858 4016 4236
f 1858 4236 4237
f 1858 4237 1878
f 4903 2641 4923
f 4903 2441 2640
f 4903 2640 2641
f 5134 2830 5154
f 5134 2630 2829
f 5134 2829 2830
f 2803 5150 5349
f 2803 5350 2823
f 2803 5349 5350
f 5323 2819 2997
f 5323 2997 2998
f 5323 2998 5343
f 2971 5339 5559
f 2971 5560 2991
f 2971 5559 5560
f 3322 3323 3565
f 3553 3554 1438
f 2083 2084 4441
f 2272 2273 4672
f 4225 4226 2068
f 4456 4457 2257
f 1453 1454 3769
f 1873 1874 4210
f 3784 3785 1648
f 1663 1664 4000
f 4015 4016 1858
f 4687 4688 2425
f 5338 5339 2971
f 2440 2441 4903
f 2629 2630 5134
f 2986 2987 278
f 5149 5150 2803
f 2818 2819 5323
f 4918 4919 2614
f 2069 4225 2068
f 3308 1032 3307
f 3770 1453 3769
f 4001 1663 4000
f 4211 1873 4210
f 4442 2083 4441
f 3539 3568 3569
f 3539 3569 3538
f 2258 4456 2257
f 1649 3784 1648
f 1439 3553 1438
f 5135 2629 5134
f 4673 2272 4672
f 2426 4687 2425
f 1859 4015 1858
f 2972 5338 2971
f 2804 5149 2803
f 5324 2818 5323
f 4904 2440 4903
f 2615 4918 2614
f 3552 3553 1439
f 2082 2083 4442
f 2271 2272 4673
f 1662 1663 4001
f 3783 3784 1649
f 4014 4015 1859
f 4224 4225 2069
f 1872 1873 4211
f 4455 4456 2258
f 1452 1453 3770
f 4686 4687 2426
f 5337 5338 2972
f 5148 5149 2804
f 4917 4918 2615
f 2439 2440 4904
f 2628 2629 5135
f 2817 2818 5324
f 2985 278 277
f 2985 2986 278
f 3309 1031 1032
f 3309 1032 3308
f 2070 4224 2069
f 2259 4455 2258
f 3771 1452 3770
f 1650 3783 1649
f 4212 1872 4211
f 4443 2082 4442
f 4002 1662 4001
f 4674 2271 4673
f 1440 3552 1439
f 1860 4014 1859
f 2427 4686 2426
f 2616 4917 2615
f 5325 2817 5324
f 2805 5148 2804
f 4905 2439 4904
f 2973 5337 2972
f 5136 2628 5135
f 2081 2082 4443
f 3551 3552 1440
f 4223 4224 2070
f 4454 4455 2259
f 1451 1452 3771
f 4685 4686 2427
f 4013 4014 1860
f 2270 2271 4674
f 3782 3783 1650
f 1661 1662 4002
f 2438 2439 4905
f 2627 2628 5136
f 1871 1872 4212
f 2816 2817 5325
f 5147 5148 2805
f 5336 5337 2973
f 4916 4917 2616
f 2984 2985 277
f 2071 4223 2070
f 4213 1871 4212
f 4675 2270 4674
f 4444 2081 4443
f 2260 4454 2259
f 3772 1451 3771
f 2428 4685 2427
f 4003 1661 4002
f 1651 3782 1650
f 1441 3551 1440
f 1861 4013 1860
f 5137 2627 5136
f 5326 2816 5325
f 4906 2438 4905
f 2617 4916 2616
f 2806 5147 2805
f 2974 5336 2973
f 1028 1031 3309
f 1027 1029 1028
f 1027 1030 1029
f 1027 1028 3309
f 1027 3309 3310
f 3550 3551 1441
f 2080 2081 4444
f 4453 4454 2260
f 2269 2270 4675
f 3781 3782 1651
f 1660 1661 4003
f 4012 4013 1861
f 4222 4223 2071
f 1450 1451 3772
f 1870 1871 4213
f 5146 5147 2806
f 5335 5336 2974
f 2437 2438 4906
f 2626 2627 5137
f 2815 2816 5326
f 2983 2984 277
f 4915 4916 2617
f 3311 1027 3310
f 2072 4222 2071
f 2261 4453 2260
f 3773 1450 3772
f 1652 3781 1651
f 4214 1870 4213
f 4004 1660 4003
f 4445 2080 4444
f 1442 3550 1441
f 1862 4012 1861
f 4676 2269 4675
f 5327 2815 5326
f 2618 4915 2617
f 5138 2626 5137
f 4907 2437 4906
f 2975 5335 2974
f 2807 5146 2806
f 2079 2080 4445
f 3549 3550 1442
f 1869 1870 4214
f 4221 4222 2072
f 2268 2269 4676
f 3780 3781 1652
f 1659 1660 4004
f 2436 2437 4907
f 4011 4012 1862
f 4452 4453 2261
f 1449 1450 3773
f 5334 5335 2975
f 5145 5146 2807
f 2625 2626 5138
f 2814 2815 5327
f 4914 4915 2618
f 2073 4221 2072
f 3312 1027 3311
f 4215 1869 4214
f 4446 2079 4445
f 1443 3549 1442
f 2262 4452 2261
f 3774 1449 3773
f 1653 3780 1652
f 4005 1659 4004
f 1863 4011 1862
f 2619 4914 2618
f 4677 2268 4676
f 4908 2436 4907
f 5139 2625 5138
f 5328 2814 5327
f 2808 5145 2807
f 2976 5334 2975
f 2078 2079 4446
f 3548 3549 1443
f 2267 2268 4677
f 3779 3780 1653
f 4451 4452 2262
f 1658 1659 4005
f 4010 4011 1863
f 1448 1449 3774
f 4913 4914 2619
f 5144 5145 2808
f 1057 236 237
f 5866 3566 3567
f 3313 1027 3312
f 1058 235 236
f 1058 236 1057
f 5867 3566 5866
f 5867 3321 3322
f 5867 3322 3565
f 5867 3565 3566
f 1056 1057 237
f 5865 5866 3567
f 5865 3567 3568
f 1059 235 1058
f 5868 3320 3321
f 5868 3321 5867
f 5761 2431 2432
f 1055 237 276
f 1055 1056 237
f 5864 3568 3539
f 5864 5865 3568
f 5864 3539 3540
f 5864 3540 3541
f 5762 2430 2431
f 5762 2431 5761
f 5760 2432 2433
f 5760 5761 2432
f 1039 234 235
f 1039 235 1059
f 5848 3318 3319
f 5848 3319 3320
f 5848 3320 5868
f 5763 2429 2430
f 5763 2430 5762
f 5759 2433 2434
f 5759 5760 2433
f 5743 2429 5763
f 5743 4684 4685
f 5743 4685 2428
f 5743 2428 2429
f 5863 5864 3541
f 5863 3541 3542
f 5758 5759 2434
f 5758 2434 2435
f 5744 4683 4684
f 5744 4684 5743
f 1040 2982 2983
f 1040 277 234
f 1040 234 1039
f 1040 2983 277
f 5849 3317 3318
f 5849 3318 5848
f 5757 5758 2435
f 5757 2435 2436
f 5745 4682 4683
f 5745 4683 5744
f 5862 5863 3542
f 5862 3542 3543
f 5756 5757 2436
f 5756 2436 4908
f 1041 2981 2982
f 1041 2982 1040
f 5850 3315 3316
f 5850 3316 3317
f 5850 3317 5849
f 5746 4682 5745
f 5861 5862 3543
f 5861 3543 3544
f 1042 2981 1041
f 5851 3315 5850
f 5851 3314 3315
f 5852 1027 3313
f 5852 3313 3314
f 5852 3314 5851
f 5853 1027 5852
f 3535 1446 1447
f 2254 4680 4681
f 4207 2076 2077
f 1855 4218 4219
f 1435 3777 3778
f 2065 4449 4450
f 3766 1656 1657
f 1246 3546 3547
f 3997 1866 1867
f 4438 2265 2266
f 1645 4008 4009
f 2422 4911 4912
f 2611 5142 5143
f 4669 5752 5753
f 4900 2622 2623
f 5320 2979 2980
f 5131 2811 2812
f 2800 5331 5332
f 1247 3545 3546
f 1247 3546 1246
f 1856 4217 4218
f 1856 4218 1855
f 3767 1655 1656
f 3767 1656 3766
f 4208 2076 4207
f 4208 2075 2076
f 1436 3776 3777
f 1436 3777 1435
f 2066 4449 2065
f 2066 4448 4449
f 3536 1446 3535
f 3536 1445 1446
f 2255 4679 4680
f 2255 4680 2254
f 1646 4008 1645
f 1646 4007 4008
f 3998 1865 1866
f 3998 1866 3997
f 4439 2264 2265
f 4439 2265 4438
f 5321 2978 2979
f 5321 2979 5320
f 2423 4910 4911
f 2423 4911 2422
f 2612 5141 5142
f 2612 5142 2611
f 4670 5751 5752
f 4670 5752 4669
f 4901 2622 4900
f 4901 2621 2622
f 5132 2811 5131
f 5132 2810 2811
f 2801 5331 2800
f 2801 5330 5331
f 5552 1052 1053
f 5552 1053 5551
f 3534 1447 1448
f 3534 3535 1447
f 3765 1657 1658
f 3765 3766 1657
f 4206 4207 2077
f 4206 2077 2078
f 1854 1855 4219
f 1854 4219 4220
f 2064 4450 4451
f 2064 2065 4450
f 1245 3547 3548
f 1245 1246 3547
f 2253 4681 4682
f 2253 2254 4681
f 2253 4682 5746
f 1644 1645 4009
f 1644 4009 4010
f 3996 1867 1868
f 3996 3997 1867
f 4437 2266 2267
f 4437 4438 2266
f 1434 3778 3779
f 1434 1435 3778
f 2799 2800 5332
f 2799 5332 5333
f 4668 4669 5753
f 4668 5753 5754
f 5130 5131 2812
f 5130 2812 2813
f 2421 4912 4913
f 2421 2422 4912
f 5319 2980 2981
f 5319 5320 2980
f 5550 1053 1054
f 5550 5551 1053
f 2610 2611 5143
f 2610 5143 5144
f 4899 4900 2623
f 4899 2623 2624
f 3537 1445 3536
f 3537 1444 1445
f 1857 4217 1856
f 1857 4216 4217
f 1437 3775 3776
f 1437 3776 1436
f 2067 4448 2066
f 2067 4447 4448
f 2256 4679 2255
f 2256 4678 4679
f 1248 3545 1247
f 1248 3544 3545
f 1647 4007 1646
f 1647 4006 4007
f 3768 1654 1655
f 3768 1655 3767
f 3999 1864 1865
f 3999 1865 3998
f 4209 2074 2075
f 4209 2075 4208
f 4440 2263 2264
f 4440 2264 4439
f 2613 5140 5141
f 2613 5141 2612
f 2802 5330 2801
f 2802 5329 5330
f 4671 5751 4670
f 4671 5750 5751
f 4902 2621 4901
f 4902 2620 2621
f 5133 2809 2810
f 5133 2810 5132
f 5322 2977 2978
f 5322 2978 5321
f 5553 1051 1052
f 5553 1052 5552
f 2424 4909 4910
f 2424 4910 2423
f 5854 1027 5853
f 2063 2064 4451
f 2063 4451 2262
f 1244 3548 1443
f 1244 1245 3548
f 3533 3534 1448
f 3533 1448 3774
f 2252 5746 5747
f 2252 2253 5746
f 1643 1644 4010
f 1643 4010 1863
f 3764 3765 1658
f 3764 1658 4005
f 3995 1868 1869
f 3995 3996 1868
f 3995 1869 4215
f 4205 2078 4446
f 4205 4206 2078
f 4436 2267 4677
f 4436 4437 2267
f 1853 4221 2073
f 1853 1854 4220
f 1853 4220 4221
f 1433 1434 3779
f 1433 3779 1653
f 2798 5333 5334
f 2798 2799 5333
f 2798 5334 2976
f 4667 5754 5755
f 4667 4668 5754
f 5129 2813 2814
f 5129 2814 5328
f 5129 5130 2813
f 2420 2421 4913
f 2420 4913 2619
f 2609 2610 5144
f 2609 5144 2808
f 4898 4899 2624
f 4898 2624 2625
f 4898 2625 5139
f 5318 2981 1042
f 5318 5319 2981
f 1228 5861 3544
f 1228 3544 1248
f 3517 1444 3537
f 3517 1244 1443
f 3517 1443 1444
f 2236 4678 2256
f 2236 4436 4677
f 2236 4677 4678
f 3979 1863 1864
f 3979 1643 1863
f 3979 1864 3999
f 4189 2073 2074
f 4189 2074 4209
f 4189 1853 2073
f 1837 4216 1857
f 1837 4215 4216
f 1837 3995 4215
f 1417 3774 3775
f 1417 3775 1437
f 1417 3533 3774
f 4651 5749 5750
f 4651 5750 4671
f 2047 4447 2067
f 2047 4446 4447
f 2047 4205 4446
f 1627 3764 4005
f 1627 4005 4006
f 1627 4006 1647
f 3748 1653 1654
f 3748 1654 3768
f 3748 1433 1653
f 4420 2262 2263
f 4420 2263 4440
f 4420 2063 2262
f 5113 2809 5133
f 5113 2808 2809
f 5113 2609 2808
f 4882 2420 2619
f 4882 2620 4902
f 4882 2619 2620
f 2404 4909 2424
f 2404 5756 4908
f 2404 4908 4909
f 2404 5755 5756
f 2593 4898 5139
f 2593 5140 2613
f 2593 5139 5140
f 2782 5129 5328
f 2782 5329 2802
f 2782 5328 5329
f 5302 2976 2977
f 5302 2977 5322
f 5302 2798 2976
f 5533 1050 1051
f 5533 1051 5553
f 3532 3533 1417
f 1852 1853 4189
f 2062 2063 4420
f 1243 1244 3517
f 2251 5747 5748
f 2251 2252 5747
f 4204 4205 2047
f 4435 4436 2236
f 1432 1433 3748
f 1642 1643 3979
f 3763 3764 1627
f 3994 3995 1837
f 5128 5129 2782
f 5317 5318 1042
f 5317 1042 1043
f 2797 2798 5302
f 2419 2420 4882
f 2608 2609 5113
f 4666 5755 2404
f 4666 4667 5755
f 4897 4898 2593
f 3518 1243 3517
f 2237 4435 2236
f 4190 1852 4189
f 3749 1432 3748
f 3980 1642 3979
f 1229 5861 1228
f 1229 5860 5861
f 1838 3994 1837
f 1418 3532 1417
f 2048 4204 2047
f 4421 2062 4420
f 1628 3763 1627
f 4652 5749 4651
f 2405 4666 2404
f 5114 2608 5113
f 2594 4897 2593
f 2783 5128 2782
f 4883 2419 4882
f 5303 2797 5302
f 5534 1050 5533
f 1011 1054 1055
f 1011 276 275
f 1011 1055 276
f 1011 5548 5549
f 1011 5549 5550
f 1011 5550 1054
f 3531 3532 1418
f 1851 1852 4190
f 2061 2062 4421
f 4665 4666 2405
f 1242 1243 3518
f 2250 2251 5748
f 1641 1642 3980
f 3762 3763 1628
f 3993 3994 1838
f 4203 4204 2048
f 4434 4435 2237
f 1431 1432 3749
f 5127 5128 2783
f 2796 2797 5303
f 5316 5317 1043
f 2418 2419 4883
f 2607 2608 5114
f 4896 4897 2594
f 5547 5548 1011
f 1013 1011 1014
f 2049 4203 2048
f 3519 1242 3518
f 2238 4434 2237
f 1629 3762 1628
f 3750 1431 3749
f 4191 1851 4190
f 1839 3993 1838
f 4422 2061 4421
f 1419 3531 1418
f 1230 5859 5860
f 1230 5860 1229
f 3981 1641 3980
f 5115 2607 5114
f 5304 2796 5303
f 2406 4665 2405
f 2595 4896 2594
f 4653 5749 4652
f 4653 2250 5748
f 4653 5748 5749
f 5535 1049 1050
f 5535 1050 5534
f 2784 5127 2783
f 4884 2418 4883
f 1012 1011 1013
f 3530 3531 1419
f 4202 4203 2049
f 1850 1851 4191
f 1430 1431 3750
f 4433 4434 2238
f 1241 1242 3519
f 2249 2250 4653
f 3992 3993 1839
f 2060 2061 4422
f 1640 1641 3981
f 3761 3762 1629
f 2417 2418 4884
f 2606 2607 5115
f 4664 4665 2406
f 5126 5127 2784
f 5315 1043 1044
f 5315 5316 1043
f 2795 2796 5304
f 5546 5547 1011
f 5546 1011 1012
f 4895 4896 2595
f 1231 5858 5859
f 1231 5859 1230
f 3982 1640 3981
f 4192 1850 4191
f 1840 3992 1839
f 2050 4202 2049
f 3520 1241 3519
f 2239 4433 2238
f 3751 1430 3750
f 4654 2249 4653
f 4423 2060 4422
f 1420 3530 1419
f 5116 2606 5115
f 5305 2795 5304
f 1630 3761 1629
f 2596 4895 2595
f 5536 1048 1049
f 5536 1049 5535
f 2407 4664 2406
f 2785 5126 2784
f 4885 2417 4884
f 3529 3530 1420
f 2059 2060 4423
f 1240 1241 3520
f 4201 4202 2050
f 2248 2249 4654
f 1639 1640 3982
f 3760 3761 1630
f 3991 3992 1840
f 4432 4433 2239
f 1849 1850 4192
f 1429 1430 3751
f 2794 2795 5305
f 5125 5126 2785
f 5314 1044 1045
f 5314 5315 1044
f 2416 2417 4885
f 2605 2606 5116
f 4663 4664 2407
f 4894 4895 2596
f 3521 1240 3520
f 2051 4201 2050
f 1232 5858 1231
f 1232 5857 5858
f 2240 4432 2239
f 1631 3760 1630
f 3752 1429 3751
f 3983 1639 3982
f 4193 1849 4192
f 4424 2059 4423
f 1841 3991 1840
f 1421 3529 1420
f 5117 2605 5116
f 4886 2416 4885
f 2408 4663 2407
f 2786 5125 2785
f 5306 2794 5305
f 2597 4894 2596
f 4655 2248 4654
f 5537 1048 5536
f 3528 3529 1421
f 1848 1849 4193
f 1239 1240 3521
f 2247 2248 4655
f 4200 4201 2051
f 2058 2059 4424
f 2793 2794 5306
f 1638 1639 3983
f 3759 3760 1631
f 3990 3991 1841
f 4431 4432 2240
f 4662 4663 2408
f 1428 1429 3752
f 5124 5125 2786
f 2415 2416 4886
f 4893 4894 2597
f 2604 2605 5117
f 1233 5857 1232
f 3522 1239 3521
f 3984 1638 3983
f 4194 1848 4193
f 4425 2058 4424
f 1842 3990 1841
f 1422 3528 1421
f 2052 4200 2051
f 2241 4431 2240
f 1632 3759 1631
f 3753 1428 3752
f 2787 5124 2786
f 2409 4662 2408
f 2598 4893 2597
f 5118 2604 5117
f 4656 2247 4655
f 4887 2415 4886
f 5307 2793 5306
f 5538 1048 5537
f 1015 5546 1012
f 1015 5545 5546
f 4199 4200 2052
f 4430 4431 2241
f 1427 1428 3753
f 4661 4662 2409
f 5123 5124 2787
f 1017 1015 1018
f 1016 5545 1015
f 1016 5543 5544
f 1016 5544 5545
f 1016 1015 1017
f 5542 5543 1016
f 2044 4428 4429
f 1225 3525 3526
f 3304 1236 1237
f 3514 1425 1426
f 2233 4659 4660
f 1624 3987 3988
f 3976 1845 1846
f 4186 2055 2056
f 1834 4197 4198
f 1414 3756 3757
f 3745 1635 1636
f 5110 2790 2791
f 2401 4890 4891
f 2590 5121 5122
f 4417 2244 2245
f 4648 2412 2413
f 4879 2601 2602
f 2779 5310 5311
f 5299 1046 1047
f 1226 3524 3525
f 1226 3525 1225
f 3305 1236 3304
f 3305 1235 1236
f 3515 1425 3514
f 3515 1424 1425
f 1625 3986 3987
f 1625 3987 1624
f 3746 1635 3745
f 3746 1634 1635
f 4187 2054 2055
f 4187 2055 4186
f 1835 4196 4197
f 1835 4197 1834
f 1415 3756 1414
f 1415 3755 3756
f 2045 4427 4428
f 2045 4428 2044
f 2234 4659 2233
f 2234 4658 4659
f 3977 1845 3976
f 3977 1844 1845
f 4418 2244 4417
f 4418 2243 2244
f 4649 2411 2412
f 4649 2412 4648
f 5111 2789 2790
f 5111 2790 5110
f 2402 4889 4890
f 2402 4890 2401
f 2591 5120 5121
f 2591 5121 2590
f 4880 2600 2601
f 4880 2601 4879
f 5300 1045 1046
f 5300 1046 5299
f 2780 5309 5310
f 2780 5310 2779
f 3303 3304 1237
f 3303 1237 1238
f 3513 3514 1426
f 3513 1426 1427
f 1623 3988 3989
f 1623 1624 3988
f 3744 3745 1636
f 3744 1636 1637
f 4185 2056 2057
f 4185 4186 2056
f 2043 4429 4430
f 2043 2044 4429
f 1224 1225 3526
f 1224 3526 3527
f 3975 3976 1846
f 3975 1846 1847
f 1833 4198 4199
f 1833 1834 4198
f 2232 2233 4660
f 2232 4660 4661
f 2589 2590 5122
f 2589 5122 5123
f 4416 4417 2245
f 4416 2245 2246
f 2778 2779 5311
f 2778 5311 5312
f 4647 4648 2413
f 4647 2413 2414
f 1413 1414 3757
f 1413 3757 3758
f 4878 2602 2603
f 4878 4879 2602
f 5109 2791 2792
f 5109 5110 2791
f 2400 4891 4892
f 2400 2401 4891
f 5298 5299 1047
f 3306 1235 3305
f 3306 1234 1235
f 3516 1424 3515
f 3516 1423 1424
f 1227 3523 3524
f 1227 3524 1226
f 1626 3985 3986
f 1626 3986 1625
f 2046 4426 4427
f 2046 4427 2045
f 2235 4658 2234
f 2235 4657 4658
f 3747 1634 3746
f 3747 1633 1634
f 3978 1844 3977
f 3978 1843 1844
f 4188 2053 2054
f 4188 2054 4187
f 2592 5119 5120
f 2592 5120 2591
f 4419 2243 4418
f 4419 2242 2243
f 1836 4195 4196
f 1836 4196 1835
f 4650 2410 2411
f 4650 2411 4649
f 1416 3755 1415
f 1416 3754 3755
f 2403 4888 4889
f 2403 4889 2402
f 2781 5308 5309
f 2781 5309 2780
f 4881 2600 4880
f 4881 2599 2600
f 5112 2788 2789
f 5112 2789 5111
f 5301 5313 5314
f 5301 1045 5300
f 5301 5314 1045
f 3302 1239 3522
f 3302 1238 1239
f 3302 3303 1238
f 3512 3513 1427
f 3512 1427 3753
f 1622 1623 3989
f 1622 3989 3990
f 1622 3990 1842
f 2042 2043 4430
f 2042 4430 2241
f 1223 3527 3528
f 1223 3528 1422
f 1223 1224 3527
f 3743 3744 1637
f 3743 1637 1638
f 3743 1638 3984
f 3974 3975 1847
f 3974 1848 4194
f 3974 1847 1848
f 4184 2057 2058
f 4184 4185 2057
f 4184 2058 4425
f 2588 5123 2787
f 2588 2589 5123
f 4415 2247 4656
f 4415 4416 2246
f 4415 2246 2247
f 1832 1833 4199
f 1832 4199 2052
f 4646 2415 4887
f 4646 4647 2414
f 4646 2414 2415
f 1412 1413 3758
f 1412 3759 1632
f 1412 3758 3759
f 2231 2232 4661
f 2231 4661 2409
f 2399 4892 4893
f 2399 2400 4892
f 2399 4893 2598
f 2777 2778 5312
f 2777 5312 5313
f 5108 5109 2792
f 5108 2793 5307
f 5108 2792 2793
f 4877 2604 5118
f 4877 2603 2604
f 4877 4878 2603
f 5297 1047 1048
f 5297 5298 1047
f 5297 5538 5539
f 5297 1048 5538
f 3286 1234 3306
f 3286 1233 1234
f 1207 3523 1227
f 1207 3522 3523
f 1207 3302 3522
f 2026 4425 4426
f 2026 4426 2046
f 2026 4184 4425
f 3496 1423 3516
f 3496 1422 1423
f 3496 1223 1422
f 1606 3984 3985
f 1606 3743 3984
f 1606 3985 1626
f 3727 1412 1632
f 3727 1633 3747
f 3727 1632 1633
f 3958 1843 3978
f 3958 1622 1842
f 3958 1842 1843
f 4168 2053 4188
f 4168 1832 2052
f 4168 2052 2053
f 4399 2242 4419
f 4399 2042 2241
f 4399 2241 2242
f 1396 3754 1416
f 1396 3753 3754
f 1396 3512 3753
f 4630 2410 4650
f 4630 2409 2410
f 4630 2231 2409
f 2215 4657 2235
f 2215 4415 4656
f 2215 4656 4657
f 1816 4195 1836
f 1816 4194 4195
f 1816 3974 4194
f 5092 2787 2788
f 5092 2788 5112
f 5092 2588 2787
f 2383 4646 4887
f 2383 4887 4888
f 2383 4888 2403
f 2572 5118 5119
f 2572 5119 2592
f 2572 4877 5118
f 2761 5307 5308
f 2761 5108 5307
f 2761 5308 2781
f 4861 2598 2599
f 4861 2599 4881
f 4861 2399 2598
f 5281 2777 5313
f 5281 5313 5301
f 3301 3302 1207
f 3511 3512 1396
f 2041 2042 4399
f 1222 1223 3496
f 2230 2231 4630
f 1621 1622 3958
f 3973 3974 1816
f 4183 4184 2026
f 1831 1832 4168
f 1411 1412 3727
f 4645 4646 2383
f 3742 3743 1606
f 2587 2588 5092
f 4414 4415 2215
f 4876 4877 2572
f 5107 5108 2761
f 2398 2399 4861
f 2776 2777 5281
f 5296 5297 5539
f 5296 5539 5540
f 1208 3301 1207
f 1397 3511 1396
f 2027 4183 2026
f 3287 1233 3286
f 3287 5857 1233
f 3497 1222 3496
f 1607 3742 1606
f 3728 1411 3727
f 3959 1621 3958
f 4169 1831 4168
f 1817 3973 1816
f 4631 2230 4630
f 2573 4876 2572
f 4400 2041 4399
f 5093 2587 5092
f 2216 4414 2215
f 4862 2398 4861
f 2384 4645 2383
f 2762 5107 2761
f 5282 2776 5281
f 3300 3301 1208
f 1620 1621 3959
f 1221 1222 3497
f 3510 3511 1397
f 2040 2041 4400
f 2229 2230 4631
f 3741 3742 1607
f 3972 3973 1817
f 4182 4183 2027
f 4413 4414 2216
f 1830 1831 4169
f 4644 4645 2384
f 1410 1411 3728
f 5106 5107 2762
f 2586 2587 5093
f 2775 2776 5282
f 4875 4876 2573
f 2397 2398 4862
f 5295 5540 5541
f 5295 5296 5540
f 3288 5856 5857
f 3288 5857 3287
f 3498 1221 3497
f 1608 3741 1607
f 1209 3300 1208
f 2028 4182 2027
f 2217 4413 2216
f 3729 1410 3728
f 3960 1620 3959
f 4170 1830 4169
f 1818 3972 1817
f 1398 3510 1397
f 4401 2040 4400
f 5094 2586 5093
f 2385 4644 2384
f 2574 4875 2573
f 4632 2229 4631
f 4863 2397 4862
f 5283 2775 5282
f 2763 5106 2762
f 1220 1221 3498
f 3299 3300 1209
f 3509 3510 1398
f 1619 1620 3960
f 3971 3972 1818
f 4181 4182 2028
f 1409 1410 3729
f 2039 2040 4401
f 2228 2229 4632
f 3740 3741 1608
f 1829 1830 4170
f 5105 5106 2763
f 2396 2397 4863
f 2585 2586 5094
f 4412 4413 2217
f 4643 4644 2385
f 4874 4875 2574
f 2774 2775 5283
f 5294 5295 5541
f 1210 3299 1209
f 3289 5855 5856
f 3289 5856 3288
f 1609 3740 1608
f 3730 1409 3729
f 3961 1619 3960
f 4171 1829 4170
f 2029 4181 2028
f 5095 2585 5094
f 2218 4412 2217
f 3499 1220 3498
f 2386 4643 2385
f 4402 2039 4401
f 1819 3971 1818
f 1399 3509 1398
f 4633 2228 4632
f 2575 4874 2574
f 4864 2396 4863
f 5284 2774 5283
f 2764 5105 2763
f 3298 3299 1210
f 1618 1619 3961
f 1219 1220 3499
f 3508 3509 1399
f 2038 2039 4402
f 2227 2228 4633
f 3739 3740 1609
f 3970 3971 1819
f 4411 4412 2218
f 1828 1829 4171
f 4642 4643 2386
f 1408 1409 3730
f 5104 5105 2764
f 4873 4874 2575
f 2584 2585 5095
f 2773 2774 5284
f 2395 2396 4864
f 5293 5294 5541
f 5293 5542 1016
f 5293 5541 5542
f 3290 5855 3289
f 3290 5854 5855
f 1610 3739 1609
f 3500 1219 3499
f 1211 3298 1210
f 2219 4411 2218
f 3731 1408 3730
f 3962 1618 3961
f 4172 1828 4171
f 4634 2227 4633
f 1820 3970 1819
f 1400 3508 1399
f 4865 2395 4864
f 5096 2584 5095
f 2576 4873 2575
f 4403 2038 4402
f 2387 4642 2386
f 2765 5104 2764
f 5285 2773 5284
f 3297 3298 1211
f 1617 1618 3962
f 1827 1828 4172
f 2037 2038 4403
f 1218 1219 3500
f 3507 3508 1400
f 3969 3970 1820
f 2226 2227 4634
f 3738 3739 1610
f 2583 2584 5096
f 4641 4642 2387
f 4410 4411 2219
f 2772 2773 5285
f 1407 1408 3731
f 4872 4873 2576
f 5103 5104 2765
f 5292 5293 1016
f 2394 2395 4865
f 3291 5854 3290
f 1212 3297 1211
f 3501 1218 3500
f 1611 3738 1610
f 3732 1407 3731
f 3963 1617 3962
f 4173 1827 4172
f 4404 2037 4403
f 1401 3507 1400
f 2220 4410 2219
f 1821 3969 1820
f 5097 2583 5096
f 2388 4641 2387
f 4866 2394 4865
f 2577 4872 2576
f 2766 5103 2765
f 4635 2226 4634
f 5286 2772 5285
f 2036 2037 4404
f 3296 3297 1212
f 3737 3738 1611
f 3506 3507 1401
f 3968 3969 1821
f 4640 4641 2388
f 4871 4872 2577
f 2771 2772 5286
f 5291 5292 1016
f 5845 2029 2030
f 5845 2030 2031
f 5846 4180 4181
f 5846 4181 2029
f 5846 2029 5845
f 5844 2031 2032
f 5844 5845 2031
f 5847 4180 5846
f 5847 4179 4180
f 5843 2032 2033
f 5843 2033 2034
f 5843 5844 2032
f 5827 4177 4178
f 5827 4178 4179
f 5827 4179 5847
f 5842 5843 2034
f 5842 2034 2035
f 5828 4176 4177
f 5828 4177 5827
f 5841 5842 2035
f 5841 2035 2036
f 5829 4176 5828
f 1393 3735 3736
f 1204 3504 3505
f 2023 4407 4408
f 3283 1215 1216
f 2212 4638 4639
f 3493 1404 1405
f 1603 3966 3967
f 3724 1614 1615
f 3955 1824 1825
f 4858 2580 2581
f 2380 4869 4870
f 2569 5100 5101
f 5089 2769 2770
f 4396 2223 2224
f 4627 2391 2392
f 1205 3503 3504
f 1205 3504 1204
f 3284 1215 3283
f 3284 1214 1215
f 3725 1614 3724
f 3725 1613 1614
f 1394 3735 1393
f 1394 3734 3735
f 2024 4406 4407
f 2024 4407 2023
f 2213 4637 4638
f 2213 4638 2212
f 3494 1404 3493
f 3494 1403 1404
f 1604 3966 1603
f 1604 3965 3966
f 2381 4869 2380
f 2381 4868 4869
f 3956 1824 3955
f 3956 1823 1824
f 4397 2223 4396
f 4397 2222 2223
f 1814 4175 4176
f 1814 4176 5829
f 1814 5829 1813
f 4628 2391 4627
f 4628 2390 2391
f 4859 2579 2580
f 4859 2580 4858
f 5090 2768 2769
f 5090 2769 5089
f 2570 5099 5100
f 2570 5100 2569
f 3282 3283 1216
f 3282 1216 1217
f 3492 3493 1405
f 3492 1405 1406
f 1602 1603 3967
f 1602 3967 3968
f 3723 3724 1615
f 3723 1615 1616
f 1812 5829 5830
f 1812 1813 5829
f 1392 1393 3736
f 1392 3736 3737
f 5088 2770 2771
f 5088 5089 2770
f 1203 3505 3506
f 1203 1204 3505
f 2022 4408 4409
f 2022 2023 4408
f 2211 2212 4639
f 2211 4639 4640
f 2379 2380 4870
f 2379 4870 4871
f 4857 4858 2581
f 4857 2581 2582
f 3954 3955 1825
f 3954 1825 1826
f 2568 2569 5101
f 2568 5101 5102
f 4395 4396 2224
f 4395 2224 2225
f 4626 2392 2393
f 4626 4627 2392
f 3285 1214 3284
f 3285 1213 1214
f 3495 1402 1403
f 3495 1403 3494
f 4398 2221 2222
f 4398 2222 4397
f 1815 4174 4175
f 1815 4175 1814
f 1395 3733 3734
f 1395 3734 1394
f 1206 3502 3503
f 1206 3503 1205
f 2025 4406 2024
f 2025 4405 4406
f 2214 4637 2213
f 2214 4636 4637
f 1605 3965 1604
f 1605 3964 3965
f 3726 1612 1613
f 3726 1613 3725
f 2382 4868 2381
f 2382 4867 4868
f 3957 1822 1823
f 3957 1823 3956
f 2571 5098 5099
f 2571 5099 2570
f 4629 2390 4628
f 4629 2389 2390
f 5091 2767 2768
f 5091 2768 5090
f 4860 2578 2579
f 4860 2579 4859
f 3281 1217 1218
f 3281 1218 3501
f 3281 3282 1217
f 1391 3737 1611
f 1391 1392 3737
f 1202 1203 3506
f 1202 3506 1401
f 2021 4409 4410
f 2021 2022 4409
f 2021 4410 2220
f 2210 2211 4640
f 2210 4640 2388
f 3491 3492 1406
f 3491 1406 1407
f 3491 1407 3732
f 1601 1602 3968
f 1601 3968 1821
f 3722 3723 1616
f 3722 1617 3963
f 3722 1616 1617
f 2378 2379 4871
f 2378 4871 2577
f 3953 1827 4173
f 3953 3954 1826
f 3953 1826 1827
f 2567 5102 5103
f 2567 5103 2766
f 2567 2568 5102
f 4394 4395 2225
f 4394 2226 4635
f 4394 2225 2226
f 1811 5830 5831
f 1811 1812 5830
f 4625 2394 4866
f 4625 2393 2394
f 4625 4626 2393
f 5087 5286 5287
f 5087 2771 5286
f 5087 5088 2771
f 4856 2582 2583
f 4856 4857 2582
f 4856 2583 5097
f 3265 1213 3285
f 3265 1212 1213
f 3265 3296 1212
f 1375 3733 1395
f 1375 3732 3733
f 1375 3491 3732
f 3475 1202 1401
f 3475 1402 3495
f 3475 1401 1402
f 1585 3722 3963
f 1585 3964 1605
f 1585 3963 3964
f 3706 1391 1611
f 3706 1612 3726
f 3706 1611 1612
f 3937 1601 1821
f 3937 1821 1822
f 3937 1822 3957
f 1795 3953 4173
f 1795 4174 1815
f 1795 4173 4174
f 4378 2221 4398
f 4378 2220 2221
f 4378 2021 2220
f 4609 2210 2388
f 4609 2388 2389
f 4609 2389 4629
f 1186 3502 1206
f 1186 3501 3502
f 1186 3281 3501
f 5071 2766 2767
f 5071 2567 2766
f 5071 2767 5091
f 2005 2036 4404
f 2005 4404 4405
f 2005 4405 2025
f 2005 5841 2036
f 2194 4636 2214
f 2194 4635 4636
f 2194 4394 4635
f 2362 4867 2382
f 2362 4625 4866
f 2362 4866 4867
f 2551 4856 5097
f 2551 5097 5098
f 2551 5098 2571
f 4840 2577 2578
f 4840 2378 2577
f 4840 2578 4860
f 3280 3281 1186
f 3490 3491 1375
f 1390 1391 3706
f 1201 1202 3475
f 2020 2021 4378
f 2209 2210 4609
f 1600 1601 3937
f 3721 3722 1585
f 3952 3953 1795
f 4393 4394 2194
f 1810 1811 5831
f 4624 4625 2362
f 5086 5287 5288
f 5086 5087 5287
f 2377 2378 4840
f 2566 2567 5071
f 4855 4856 2551
f 1376 3490 1375
f 3266 3296 3265
f 3266 3295 3296
f 2195 4393 2194
f 3476 1201 3475
f 1586 3721 1585
f 3707 1390 3706
f 2363 4624 2362
f 3938 1600 3937
f 1796 3952 1795
f 4379 2020 4378
f 4610 2209 4609
f 1187 3280 1186
f 5072 2566 5071
f 2006 5840 5841
f 2006 5841 2005
f 2552 4855 2551
f 4841 2377 4840
f 1200 1201 3476
f 3279 3280 1187
f 3489 3490 1376
f 1599 1600 3938
f 1389 1390 3707
f 2019 2020 4379
f 2208 2209 4610
f 3720 3721 1586
f 2376 2377 4841
f 3951 3952 1796
f 2565 2566 5072
f 4392 4393 2195
f 1809 1810 5831
f 1809 5831 5832
f 4623 4624 2363
f 4854 4855 2552
f 5085 5288 5289
f 5085 5086 5288
f 3267 3294 3295
f 3267 3295 3266
f 3477 1200 3476
f 1587 3720 1586
f 1377 3489 1376
f 2007 5840 2006
f 2007 5839 5840
f 2196 4392 2195
f 3708 1389 3707
f 3939 1599 3938
f 1797 3951 1796
f 4611 2208 4610
f 1188 3279 1187
f 5073 2565 5072
f 2364 4623 2363
f 2553 4854 2552
f 4380 2019 4379
f 4842 2376 4841
f 1388 1389 3708
f 1199 1200 3477
f 3278 3279 1188
f 3488 3489 1377
f 1598 1599 3939
f 3719 3720 1587
f 3950 3951 1797
f 1808 1809 5832
f 5084 5085 5289
f 2018 2019 4380
f 2207 2208 4611
f 2375 2376 4842
f 2564 2565 5073
f 4391 4392 2196
f 4622 4623 2364
f 4853 4854 2553
f 3268 3293 3294
f 3268 3294 3267
f 1378 3488 1377
f 2008 5839 2007
f 2008 5838 5839
f 2197 4391 2196
f 3478 1199 3477
f 1588 3719 1587
f 3709 1388 3708
f 2365 4622 2364
f 3940 1598 3939
f 2554 4853 2553
f 1798 3950 1797
f 4381 2018 4380
f 4612 2207 4611
f 4843 2375 4842
f 1189 3278 1188
f 5074 2564 5073
f 3277 3278 1189
f 1387 1388 3709
f 1198 1199 3478
f 2017 2018 4381
f 2206 2207 4612
f 3487 3488 1378
f 1597 1598 3940
f 3718 3719 1588
f 2374 2375 4843
f 3949 3950 1798
f 2563 2564 5074
f 4390 4391 2197
f 1807 1808 5832
f 1807 5832 5833
f 4621 4622 2365
f 4852 4853 2554
f 5083 5289 5290
f 5083 5290 5291
f 5083 5084 5289
f 3269 3292 3293
f 3269 3293 3268
f 3479 1198 3478
f 1589 3718 1588
f 1379 3487 1378
f 2009 5838 2008
f 2198 4390 2197
f 3710 1387 3709
f 2366 4621 2365
f 3941 1597 3940
f 2555 4852 2554
f 1799 3949 1798
f 4382 2017 4381
f 4613 2206 4612
f 4844 2374 4843
f 1190 3277 1189
f 5075 2563 5074
f 3276 3277 1190
f 3486 3487 1379
f 1596 1597 3941
f 1806 5833 5834
f 1806 1807 5833
f 1386 1387 3710
f 5082 5291 1016
f 5082 5083 5291
f 2016 2017 4382
f 2205 2206 4613
f 3717 3718 1589
f 2373 2374 4844
f 3948 3949 1799
f 2562 2563 5075
f 4389 4390 2198
f 4620 4621 2366
f 4851 4852 2555
f 1197 1198 3479
f 3270 3292 3269
f 1380 3486 1379
f 2199 4389 2198
f 3480 1197 3479
f 1590 3717 1589
f 3711 1386 3710
f 3942 1596 3941
f 1800 3948 1799
f 4383 2016 4382
f 4614 2205 4613
f 1191 3276 1190
f 2367 4620 2366
f 2556 4851 2555
f 4845 2373 4844
f 5076 2562 5075
f 3275 3276 1191
f 3485 3486 1380
f 1595 1596 3942
f 3716 3717 1590
f 4388 4389 2199
f 1805 1806 5834
f 1385 1386 3711
f 4619 4620 2367
f 2015 2016 4383
f 2204 2205 4614
f 4850 4851 2556
f 5081 5082 1016
f 2002 4386 4387
f 3262 1194 1195
f 2191 4617 4618
f 3472 1383 1384
f 1582 3945 3946
f 3703 1593 1594
f 3934 1803 1804
f 4165 2013 2014
f 4375 2202 2203
f 1372 3714 3715
f 4606 2370 2371
f 1183 3483 3484
f 4837 2559 2560
f 3263 1194 3262
f 3263 1193 1194
f 3473 1382 1383
f 3473 1383 3472
f 1583 3945 1582
f 1583 3944 3945
f 3704 1592 1593
f 3704 1593 3703
f 4166 2013 4165
f 4166 2012 2013
f 1793 5837 1792
f 1793 5836 5837
f 4376 2201 2202
f 4376 2202 4375
f 1373 3714 1372
f 1373 3713 3714
f 4607 2369 2370
f 4607 2370 4606
f 1184 3482 3483
f 1184 3483 1183
f 2003 4385 4386
f 2003 4386 2002
f 2192 4617 2191
f 2192 4616 4617
f 3935 1802 1803
f 3935 1803 3934
f 4838 2558 2559
f 4838 2559 4837
f 3261 3262 1195
f 3261 1195 1196
f 2190 4618 4619
f 2190 2191 4618
f 3471 1384 1385
f 3471 3472 1384
f 1581 1582 3946
f 1581 3946 3947
f 3702 3703 1594
f 3702 1594 1595
f 3933 3934 1804
f 3933 1804 1805
f 4164 4165 2014
f 4164 2014 2015
f 1371 1372 3715
f 1371 3715 3716
f 4374 4375 2203
f 4374 2203 2204
f 4605 4606 2371
f 4605 2371 2372
f 1182 3484 3485
f 1182 1183 3484
f 2001 4387 4388
f 2001 2002 4387
f 1791 1792 5837
f 1791 5838 2009
f 1791 5837 5838
f 4836 4837 2560
f 4836 2560 2561
f 3264 1193 3263
f 3264 1192 1193
f 2193 4615 4616
f 2193 4616 2192
f 3474 1382 3473
f 3474 1381 1382
f 4167 2012 4166
f 4167 2011 2012
f 1374 3712 3713
f 1374 3713 1373
f 1185 3481 3482
f 1185 3482 1184
f 2004 4384 4385
f 2004 4385 2003
f 1584 3944 1583
f 1584 3943 3944
f 3705 1591 1592
f 3705 1592 3704
f 3936 1801 1802
f 3936 1802 3935
f 1794 5835 5836
f 1794 5836 1793
f 4377 2201 4376
f 4377 2200 2201
f 4608 2368 2369
f 4608 2369 4607
f 4839 2558 4838
f 4839 2557 2558
f 3260 3261 1196
f 3260 1196 1197
f 3260 1197 3480
f 2189 4619 2367
f 2189 2190 4619
f 3470 3471 1385
f 3470 1385 3711
f 1580 3948 1800
f 1580 1581 3947
f 1580 3947 3948
f 4163 2015 4383
f 4163 4164 2015
f 1370 3716 1590
f 1370 1371 3716
f 1181 3485 1380
f 1181 1182 3485
f 2000 4388 2199
f 2000 2001 4388
f 3701 1595 3942
f 3701 3702 1595
f 3932 1805 5834
f 3932 3933 1805
f 1790 2009 2010
f 1790 1791 2009
f 4373 4374 2204
f 4373 2204 4614
f 4604 4605 2372
f 4835 2561 2562
f 4835 2562 5076
f 4835 5076 5077
f 4835 4836 2561
f 3244 1191 1192
f 3244 3275 1191
f 3244 1192 3264
f 1165 3480 3481
f 1165 3260 3480
f 1165 3481 1185
f 1984 4384 2004
f 1984 4383 4384
f 1984 4163 4383
f 2173 4614 4615
f 2173 4615 2193
f 2173 4373 4614
f 1564 3943 1584
f 1564 3701 3942
f 1564 3942 3943
f 3454 1380 1381
f 3454 1381 3474
f 3454 1181 1380
f 3685 1591 3705
f 3685 1590 1591
f 3685 1370 1590
f 3916 1800 1801
f 3916 1801 3936
f 3916 1580 1800
f 4147 1790 2010
f 4147 2010 2011
f 4147 2011 4167
f 1354 3712 1374
f 1354 3470 3711
f 1354 3711 3712
f 1774 5834 5835
f 1774 5835 1794
f 1774 3932 5834
f 4357 2199 2200
f 4357 2200 4377
f 4357 2000 2199
f 4588 2367 2368
f 4588 2189 2367
f 4588 2368 4608
f 4819 2557 4839
f 4819 4850 2556
f 4819 2556 2557
f 3259 3260 1165
f 3469 3470 1354
f 1180 1181 3454
f 1999 2000 4357
f 2188 2189 4588
f 1579 1580 3916
f 3700 3701 1564
f 3931 3932 1774
f 4162 4163 1984
f 1789 1790 4147
f 1369 1370 3685
f 4372 4373 2173
f 4834 4835 5077
f 4834 5077 5078
f 1166 3259 1165
f 1985 4162 1984
f 3245 3274 3275
f 3245 3275 3244
f 2174 4372 2173
f 1565 3700 1564
f 3455 1180 3454
f 3686 1369 3685
f 3917 1579 3916
f 4148 1789 4147
f 1355 3469 1354
f 1775 3931 1774
f 4358 1999 4357
f 4589 2188 4588
f 4820 4850 4819
f 4820 4849 4850
f 3258 3259 1166
f 3468 3469 1355
f 4371 4372 2174
f 1179 1180 3455
f 1998 1999 4358
f 2187 2188 4589
f 1578 1579 3917
f 3699 3700 1565
f 3930 3931 1775
f 4161 4162 1985
f 1788 1789 4148
f 1368 1369 3686
f 4833 4834 5078
f 4833 5078 5079
f 3246 3273 3274
f 3246 3274 3245
f 3456 1179 3455
f 1986 4161 1985
f 2175 4371 2174
f 1566 3699 1565
f 3687 1368 3686
f 3918 1578 3917
f 4149 1788 4148
f 1356 3468 1355
f 1776 3930 1775
f 4359 1998 4358
f 1167 3258 1166
f 4590 2187 4589
f 5824 4845 4846
f 5825 2372 2373
f 5825 4845 5824
f 5825 4603 4604
f 5825 4604 2372
f 5825 2373 4845
f 5823 5824 4846
f 5823 4846 4847
f 5823 4847 4848
f 5826 4602 4603
f 5826 4603 5825
f 1997 1998 4359
f 3257 3258 1167
f 2186 2187 4590
f 3467 3468 1356
f 1577 1578 3918
f 3698 3699 1566
f 3929 3930 1776
f 4160 4161 1986
f 1787 1788 4149
f 1367 1368 3687
f 4370 4371 2175
f 1178 1179 3456
f 4832 4833 5079
f 5822 4848 4849
f 5822 5823 4848
f 1987 4160 1986
f 3247 3272 3273
f 3247 3273 3246
f 1567 3698 1566
f 3457 1178 3456
f 3688 1367 3687
f 3919 1577 3918
f 4150 1787 4149
f 1357 3467 1356
f 4360 1997 4359
f 1168 3257 1167
f 4591 2186 4590
f 2176 4370 2175
f 1777 3929 1776
f 5806 4601 4602
f 5806 4602 5826
f 3256 3257 1168
f 2185 2186 4591
f 3466 3467 1357
f 1576 1577 3919
f 4159 4160 1987
f 1366 1367 3688
f 4369 4370 2176
f 1177 1178 3457
f 1996 1997 4360
f 3697 3698 1567
f 3928 3929 1777
f 1786 1787 4150
f 4831 4832 5079
f 4831 5079 5080
f 4831 5080 5081
f 5821 4820 4821
f 5821 4849 4820
f 5821 5822 4849
f 3248 3271 3272
f 3248 3272 3247
f 3458 1177 3457
f 1169 3256 1168
f 1988 4159 1987
f 2177 4369 2176
f 1568 3697 1567
f 3689 1366 3688
f 3920 1576 3919
f 4151 1786 4150
f 1358 3466 1357
f 1778 3928 1777
f 4361 1996 4360
f 4592 2185 4591
f 5807 4600 4601
f 5807 4601 5806
f 3255 3256 1169
f 2184 2185 4592
f 3465 3466 1358
f 1575 1576 3920
f 3696 3697 1568
f 3927 3928 1778
f 4158 4159 1988
f 1785 1786 4151
f 1365 1366 3689
f 4368 4369 2177
f 1176 1177 3458
f 1995 1996 4361
f 4830 4831 5081
f 5820 4821 4822
f 5820 5821 4821
f 3249 3271 3248
f 3459 1176 3458
f 1359 3465 1358
f 1170 3255 1169
f 2178 4368 2177
f 1569 3696 1568
f 3690 1365 3689
f 3921 1575 3920
f 4152 1785 4151
f 4362 1995 4361
f 4593 2184 4592
f 1989 4158 1988
f 1779 3927 1778
f 5808 4599 4600
f 5808 4600 5807
f 1175 1176 3459
f 3254 3255 1170
f 4157 4158 1989
f 3926 3927 1779
f 5819 5820 4822
f 5819 4822 4823
f 5809 4599 5808
f 5809 4598 4599
f 5818 5819 4823
f 5810 4598 5809
f 5810 4597 4598
f 5811 4597 5810
f 3241 1173 1174
f 1351 3693 3694
f 1981 4365 4366
f 1561 3924 3925
f 3451 1362 1363
f 4144 1992 1993
f 1771 4155 4156
f 4354 2181 2182
f 1162 3462 3463
f 3682 1572 1573
f 3913 1782 1783
f 4585 5817 5818
f 1163 3462 1162
f 1163 3461 3462
f 3242 1172 1173
f 3242 1173 3241
f 3452 1361 1362
f 3452 1362 3451
f 4145 1991 1992
f 4145 1992 4144
f 1352 3692 3693
f 1352 3693 1351
f 4355 2180 2181
f 4355 2181 4354
f 1982 4365 1981
f 1982 4364 4365
f 1562 3923 3924
f 1562 3924 1561
f 3683 1571 1572
f 3683 1572 3682
f 3914 1781 1782
f 3914 1782 3913
f 1772 4155 1771
f 1772 4154 4155
f 4586 5817 4585
f 4586 5816 5817
f 3240 3241 1174
f 3240 1174 1175
f 1980 1981 4366
f 1980 4366 4367
f 3450 3451 1363
f 3450 1363 1364
f 3681 1573 1574
f 3681 3682 1573
f 4143 1993 1994
f 4143 4144 1993
f 1350 1351 3694
f 1350 3694 3695
f 4353 2182 2183
f 4353 4354 2182
f 1161 1162 3463
f 1161 3463 3464
f 1560 1561 3925
f 1560 3925 3926
f 3912 1783 1784
f 3912 3913 1783
f 1770 1771 4156
f 1770 4156 4157
f 4584 4585 5818
f 4584 5818 4823
f 4584 4823 4824
f 1983 4364 1982
f 1983 4363 4364
f 3243 1171 1172
f 3243 1172 3242
f 3453 1360 1361
f 3453 1361 3452
f 3915 1780 1781
f 3915 1781 3914
f 4146 1990 1991
f 4146 1991 4145
f 1353 3691 3692
f 1353 3692 1352
f 1773 4154 1772
f 1773 4153 4154
f 4356 2180 4355
f 4356 2179 2180
f 1164 3461 1163
f 1164 3460 3461
f 1563 3922 3923
f 1563 3923 1562
f 3684 1570 1571
f 3684 1571 3683
f 4587 5815 5816
f 4587 5816 4586
f 3239 3240 1175
f 3239 1175 3459
f 4142 1995 4362
f 4142 1994 1995
f 4142 4143 1994
f 1349 3695 3696
f 1349 3696 1569
f 1349 1350 3695
f 1160 1161 3464
f 1160 3465 1359
f 1160 3464 3465
f 1979 4368 2178
f 1979 1980 4367
f 1979 4367 4368
f 1559 1560 3926
f 1559 3926 1779
f 3449 1365 3690
f 3449 1364 1365
f 3449 3450 1364
f 3680 1574 1575
f 3680 1575 3921
f 3680 3681 1574
f 3911 1785 4152
f 3911 1784 1785
f 3911 3912 1784
f 1769 1770 4157
f 1769 4157 1989
f 4352 4353 2183
f 4583 4824 4825
f 4583 4584 4824
f 3223 1170 1171
f 3223 3254 1170
f 3223 1171 3243
f 1333 3449 3690
f 1333 3690 3691
f 1333 3691 1353
f 4126 1990 4146
f 4126 1989 1990
f 4126 1769 1989
f 1144 3460 1164
f 1144 3239 3459
f 1144 3459 3460
f 1543 3680 3921
f 1543 3922 1563
f 1543 3921 3922
f 3433 1359 1360
f 3433 1160 1359
f 3433 1360 3453
f 3664 1569 1570
f 3664 1570 3684
f 3664 1349 1569
f 3895 1779 1780
f 3895 1780 3915
f 3895 1559 1779
f 4336 2179 4356
f 4336 2178 2179
f 4336 1979 2178
f 1963 4363 1983
f 1963 4142 4362
f 1963 4362 4363
f 1753 4153 1773
f 1753 3911 4152
f 1753 4152 4153
f 4567 5814 5815
f 4567 5815 4587
f 3238 3239 1144
f 3448 3449 1333
f 4141 4142 1963
f 1348 1349 3664
f 1159 1160 3433
f 1978 1979 4336
f 1558 1559 3895
f 3910 3911 1753
f 1768 1769 4126
f 3679 3680 1543
f 4582 4583 4825
f 4582 4825 4826
f 626 4593 4594
f 406 4597 5811
f 406 4596 4597
f 407 4596 406
f 625 4594 4595
f 625 626 4594
f 405 5811 5812
f 405 406 5811
f 408 4596 407
f 408 4595 4596
f 624 4595 408
f 624 625 4595
f 627 2183 2184
f 627 2184 4593
f 627 4352 2183
f 627 4593 626
f 3224 3254 3223
f 3224 3253 3254
f 3896 1558 3895
f 1334 3448 1333
f 4127 1768 4126
f 1145 3238 1144
f 3434 1159 3433
f 3665 1348 3664
f 1754 3910 1753
f 4337 1978 4336
f 4568 5813 5814
f 4568 5814 4567
f 1964 4141 1963
f 1544 3679 1543
f 404 405 5812
f 404 5812 5813
f 623 624 408
f 623 408 387
f 628 4352 627
f 628 4351 4352
f 629 4351 628
f 403 404 5813
f 403 5813 4568
f 1977 1978 4337
f 3237 3238 1145
f 1557 1558 3896
f 3447 3448 1334
f 3678 3679 1544
f 3909 3910 1754
f 4140 4141 1964
f 1347 1348 3665
f 4350 4351 629
f 4350 629 630
f 1158 1159 3434
f 1767 1768 4127
f 4581 4582 4826
f 631 4350 630
f 3225 3253 3224
f 3225 3252 3253
f 1545 3678 1544
f 3435 1158 3434
f 1335 3447 1334
f 4128 1767 4127
f 1146 3237 1145
f 4338 1977 4337
f 3666 1347 3665
f 1755 3909 1754
f 4569 401 402
f 4569 402 403
f 4569 403 4568
f 1965 4140 1964
f 3897 1557 3896
f 874 623 387
f 873 874 387
f 875 623 874
f 3236 3237 1146
f 1346 1347 3666
f 1556 1557 3897
f 3446 3447 1335
f 4139 4140 1965
f 1766 1767 4128
f 4349 4350 631
f 4349 631 632
f 1157 1158 3435
f 1976 1977 4338
f 3677 3678 1545
f 3908 3909 1755
f 4580 4581 4826
f 4580 4826 4827
f 4580 4827 4828
f 411 873 387
f 634 623 875
f 3226 3252 3225
f 3226 3251 3252
f 1336 3446 1335
f 4129 1766 4128
f 1147 3236 1146
f 4339 1976 4338
f 1966 4139 1965
f 1546 3677 1545
f 3436 1157 3435
f 3667 1346 3666
f 3898 1556 3897
f 1756 3908 1755
f 4570 400 401
f 4570 401 4569
f 3235 3236 1147
f 3445 3446 1336
f 4138 4139 1966
f 4348 4349 632
f 4348 632 611
f 1156 1157 3436
f 1975 1976 4339
f 1555 1556 3898
f 3676 3677 1546
f 3907 3908 1756
f 1345 1346 3667
f 1765 1766 4129
f 4579 4580 4828
f 1967 4138 1966
f 3227 3251 3226
f 3227 3250 3251
f 1547 3676 1546
f 3437 1156 3436
f 3899 1555 3898
f 1337 3445 1336
f 4130 1765 4129
f 1148 3235 1147
f 4340 1975 4339
f 3668 1345 3667
f 1757 3907 1756
f 864 611 635
f 872 410 399
f 3234 3235 1148
f 1974 1975 4340
f 3444 3445 1337
f 4137 4138 1967
f 1344 1345 3668
f 1155 1156 3437
f 1554 1555 3899
f 3675 3676 1547
f 3906 3907 1757
f 1764 1765 4130
f 4578 4579 4828
f 4578 4828 4829
f 3228 3250 3227
f 1968 4137 1967
f 1548 3675 1547
f 3438 1155 3437
f 3669 1344 3668
f 3900 1554 3899
f 1338 3444 1337
f 4131 1764 4130
f 1758 3906 1757
f 1149 3234 1148
f 4341 1974 4340
f 871 872 399
f 865 611 864
f 1154 1155 3438
f 3233 3234 1149
f 1553 1554 3900
f 3443 3444 1338
f 3905 3906 1758
f 359 383 870
f 359 870 871
f 359 399 400
f 359 871 399
f 595 865 866
f 595 866 606
f 595 4348 611
f 595 611 865
f 380 359 400
f 380 400 4570
f 380 4570 4571
f 596 4348 595
f 596 4347 4348
f 597 4347 596
f 597 4346 4347
f 379 380 4571
f 379 4571 4572
f 598 4346 597
f 378 379 4572
f 378 4572 4573
f 599 4346 598
f 377 378 4573
f 583 607 867
f 583 867 868
f 371 583 868
f 371 868 869
f 371 869 382
f 3220 1152 1153
f 4123 1971 1972
f 1540 3903 3904
f 3430 1341 1342
f 3661 1551 1552
f 3892 1761 1762
f 1330 3672 3673
f 1141 3441 3442
f 1750 4134 4135
f 4333 372 373
f 4333 373 374
f 1960 4344 4345
f 3221 1151 1152
f 3221 1152 3220
f 1541 3903 1540
f 1541 3902 3903
f 3431 1341 3430
f 3431 1340 1341
f 3662 1550 1551
f 3662 1551 3661
f 3893 1760 1761
f 3893 1761 3892
f 1331 3671 3672
f 1331 3672 1330
f 4124 1970 1971
f 4124 1971 4123
f 1142 3441 1141
f 1142 3440 3441
f 1751 4133 4134
f 1751 4134 1750
f 4334 583 371
f 4334 372 4333
f 4334 604 583
f 4334 371 372
f 1961 4343 4344
f 1961 4344 1960
f 3219 3220 1153
f 3219 1153 1154
f 1539 1540 3904
f 1539 3904 3905
f 3429 3430 1342
f 3429 1342 1343
f 3660 1552 1553
f 3660 3661 1552
f 3891 1762 1763
f 3891 3892 1762
f 1329 3673 3674
f 1329 1330 3673
f 1140 1141 3442
f 1140 3442 3443
f 4122 1972 1973
f 4122 4123 1972
f 1749 4135 4136
f 1749 1750 4135
f 4332 4333 374
f 4332 374 375
f 1959 4346 599
f 1959 4345 4346
f 1959 1960 4345
f 3222 1150 1151
f 3222 1151 3221
f 3432 1340 3431
f 3432 1339 1340
f 4125 1969 1970
f 4125 1970 4124
f 1143 3439 3440
f 1143 3440 1142
f 1752 4132 4133
f 1752 4133 1751
f 1962 4343 1961
f 1962 4342 4343
f 1542 3901 3902
f 1542 3902 1541
f 3663 1549 1550
f 3663 1550 3662
f 3894 1759 1760
f 3894 1760 3893
f 1332 3670 3671
f 1332 3671 1331
f 4335 603 604
f 4335 604 4334
f 3218 3219 1154
f 3218 1154 3438
f 1538 1539 3905
f 1538 3905 1758
f 3428 1344 3669
f 3428 3429 1343
f 3428 1343 1344
f 3659 3660 1553
f 3659 1553 3900
f 3890 1763 1764
f 3890 3891 1763
f 3890 1764 4131
f 1328 3674 3675
f 1328 3675 1548
f 1328 1329 3674
f 1139 1140 3443
f 1139 3443 1338
f 4121 1973 1974
f 4121 4122 1973
f 4121 1974 4341
f 1748 4137 1968
f 1748 4136 4137
f 1748 1749 4136
f 1958 1959 599
f 1958 599 600
f 4331 4332 375
f 4331 375 376
f 4331 376 377
f 3202 1149 1150
f 3202 1150 3222
f 3202 3233 1149
f 1123 3439 1143
f 1123 3218 3438
f 1123 3438 3439
f 1522 3900 3901
f 1522 3659 3900
f 1522 3901 1542
f 3412 1339 3432
f 3412 1139 1338
f 3412 1338 1339
f 3643 1548 1549
f 3643 1549 3663
f 3643 1328 1548
f 3874 1758 1759
f 3874 1759 3894
f 3874 1538 1758
f 1312 3669 3670
f 1312 3428 3669
f 1312 3670 1332
f 1732 4132 1752
f 1732 3890 4131
f 1732 4131 4132
f 4105 1968 1969
f 4105 1748 1968
f 4105 1969 4125
f 4315 603 4335
f 4315 602 603
f 1942 4342 1962
f 1942 4121 4341
f 1942 4341 4342
f 3217 3218 1123
f 4120 4121 1942
f 1537 1538 3874
f 3427 3428 1312
f 3658 3659 1522
f 3889 3890 1732
f 1327 1328 3643
f 1138 1139 3412
f 1747 1748 4105
f 4330 377 4573
f 4330 4331 377
f 1957 1958 600
f 1957 600 601
f 1124 3217 1123
f 3203 3232 3233
f 3203 3233 3202
f 1523 3658 1522
f 3413 1138 3412
f 3644 1327 3643
f 3875 1537 3874
f 1313 3427 1312
f 4106 1747 4105
f 1733 3889 1732
f 4316 1957 601
f 4316 601 602
f 4316 602 4315
f 1943 4120 1942
f 3216 3217 1124
f 3426 3427 1313
f 3888 3889 1733
f 1137 1138 3413
f 4119 4120 1943
f 1746 1747 4106
f 1536 1537 3875
f 3657 3658 1523
f 1326 1327 3644
f 4329 4573 4574
f 4329 4574 4575
f 4329 4330 4573
f 1956 1957 4316
f 3204 3231 3232
f 3204 3232 3203
f 4107 1746 4106
f 1524 3657 1523
f 3414 1137 3413
f 3645 1326 3644
f 1125 3216 1124
f 3876 1536 3875
f 1314 3426 1313
f 1734 3888 1733
f 4317 1956 4316
f 1944 4119 1943
f 3215 3216 1125
f 1535 1536 3876
f 3425 3426 1314
f 3656 3657 1524
f 3887 3888 1734
f 1325 1326 3645
f 1136 1137 3414
f 4118 4119 1944
f 1745 1746 4107
f 4328 4329 4575
f 1955 1956 4317
f 3205 3231 3204
f 3205 3230 3231
f 1525 3656 1524
f 3415 1136 3414
f 3646 1325 3645
f 3877 1535 3876
f 1126 3215 1125
f 1315 3425 1314
f 4108 1745 4107
f 1735 3887 1734
f 4318 1955 4317
f 1945 4118 1944
f 3214 3215 1126
f 1534 1535 3877
f 3424 3425 1315
f 3655 3656 1525
f 3886 3887 1735
f 1324 1325 3646
f 1135 1136 3415
f 4117 4118 1945
f 1744 1745 4108
f 1954 1955 4318
f 4327 4328 4575
f 4327 4575 4576
f 4327 4576 4577
f 3206 3229 3230
f 3206 3230 3205
f 3878 1534 3877
f 4109 1744 4108
f 1526 3655 1525
f 3416 1135 3415
f 3647 1324 3646
f 1127 3214 1126
f 1316 3424 1315
f 1736 3886 1735
f 4319 1954 4318
f 1946 4117 1945
f 3213 3214 1127
f 1533 1534 3878
f 3423 3424 1316
f 3654 3655 1526
f 3885 3886 1736
f 1323 1324 3647
f 1134 1135 3416
f 4116 4117 1946
f 1743 1744 4109
f 4326 4327 4577
f 1953 1954 4319
f 3207 3229 3206
f 3417 1134 3416
f 3879 1533 3878
f 1128 3213 1127
f 1317 3423 1316
f 4110 1743 4109
f 1527 3654 1526
f 3648 1323 3647
f 1737 3885 1736
f 4320 1953 4319
f 1947 4116 1946
f 3212 3213 1128
f 1133 1134 3417
f 3653 3654 1527
f 1322 1323 3648
f 3199 1131 1132
f 1120 3420 3421
f 3871 1740 1741
f 1309 3651 3652
f 1519 3882 3883
f 3409 1320 1321
f 3640 1530 1531
f 1729 4113 4114
f 4102 1950 1951
f 1121 3419 3420
f 1121 3420 1120
f 3200 1131 3199
f 3200 1130 1131
f 3410 1320 3409
f 3410 1319 1320
f 3641 1530 3640
f 3641 1529 1530
f 3872 1740 3871
f 3872 1739 1740
f 1310 3651 1309
f 1310 3650 3651
f 4103 1950 4102
f 4103 1949 1950
f 1520 3882 1519
f 1520 3881 3882
f 1730 4112 4113
f 1730 4113 1729
f 3198 3199 1132
f 3198 1132 1133
f 1518 1519 3883
f 1518 3883 3884
f 3639 3640 1531
f 3639 1531 1532
f 3408 3409 1321
f 3408 1321 1322
f 1119 1120 3421
f 1119 3421 3422
f 3870 3871 1741
f 3870 1741 1742
f 1728 4114 4115
f 1728 1729 4114
f 4101 4102 1951
f 4101 1951 1952
f 1308 1309 3652
f 1308 3652 3653
f 3201 1130 3200
f 3201 1129 1130
f 1521 3880 3881
f 1521 3881 1520
f 3411 1319 3410
f 3411 1318 1319
f 3642 1529 3641
f 3642 1528 1529
f 1122 3419 1121
f 1122 3418 3419
f 3873 1739 3872
f 3873 1738 1739
f 1311 3650 1310
f 1311 3649 3650
f 1731 4111 4112
f 1731 4112 1730
f 4104 1949 4103
f 4104 1948 1949
f 3197 3198 1133
f 3197 1133 3417
f 1517 3884 3885
f 1517 1518 3884
f 1517 3885 1737
f 3407 3408 1322
f 3407 1322 3648
f 1307 1308 3653
f 1307 3653 1527
f 1727 4115 4116
f 1727 4116 1947
f 1727 1728 4115
f 4100 1952 1953
f 4100 1953 4320
f 4100 4101 1952
f 3638 3639 1532
f 3638 1532 1533
f 3638 1533 3879
f 1118 1119 3422
f 1118 3423 1317
f 1118 3422 3423
f 3869 3870 1742
f 3869 1742 1743
f 3869 1743 4110
f 1501 3879 3880
f 1501 3638 3879
f 1501 3880 1521
f 3181 3212 1128
f 3181 1129 3201
f 3181 1128 1129
f 3391 1118 1317
f 3391 1317 1318
f 3391 1318 3411
f 1102 3417 3418
f 1102 3418 1122
f 1102 3197 3417
f 3622 1528 3642
f 3622 1527 1528
f 3622 1307 1527
f 1291 3648 3649
f 1291 3649 1311
f 1291 3407 3648
f 3853 1517 1737
f 3853 1738 3873
f 3853 1737 1738
f 1711 4110 4111
f 1711 4111 1731
f 1711 3869 4110
f 4084 1727 1947
f 4084 1948 4104
f 4084 1947 1948
f 3196 3197 1102
f 1516 1517 3853
f 3406 3407 1291
f 3637 3638 1501
f 1117 1118 3391
f 1306 1307 3622
f 3868 3869 1711
f 1726 1727 4084
f 4099 4320 4321
f 4099 4321 4322
f 4099 4100 4320
f 3182 3212 3181
f 3182 3211 3212
f 1502 3637 1501
f 3392 1117 3391
f 1103 3196 1102
f 3623 1306 3622
f 1292 3406 1291
f 3854 1516 3853
f 1712 3868 1711
f 4085 1726 4084
f 3195 3196 1103
f 1515 1516 3854
f 3405 3406 1292
f 3636 3637 1502
f 1116 1117 3392
f 1305 1306 3623
f 3867 3868 1712
f 1725 1726 4085
f 4098 4099 4322
f 4098 4322 4323
f 3183 3211 3182
f 3183 3210 3211
f 1503 3636 1502
f 3393 1116 3392
f 1104 3195 1103
f 3624 1305 3623
f 1293 3405 1292
f 3855 1515 3854
f 4086 1725 4085
f 1713 3867 1712
f 3194 3195 1104
f 1115 1116 3393
f 1304 1305 3624
f 3866 3867 1713
f 1514 1515 3855
f 3404 3405 1293
f 3635 3636 1503
f 1724 1725 4086
f 4097 4098 4323
f 3856 1514 3855
f 3184 3210 3183
f 3184 3209 3210
f 1105 3194 1104
f 3625 1304 3624
f 1294 3404 1293
f 4087 1724 4086
f 1504 3635 1503
f 3394 1115 3393
f 1714 3866 1713
f 3193 3194 1105
f 1513 1514 3856
f 3403 3404 1294
f 3634 3635 1504
f 1114 1115 3394
f 3865 3866 1714
f 1303 1304 3625
f 1723 1724 4087
f 4096 4323 4324
f 4096 4324 4325
f 4096 4097 4323
f 3185 3209 3184
f 3185 3208 3209
f 1505 3634 1504
f 3395 1114 3394
f 1106 3193 1105
f 3626 1303 3625
f 1295 3403 1294
f 3857 1513 3856
f 1715 3865 1714
f 4088 1723 4087
f 3192 3193 1106
f 1512 1513 3857
f 1722 1723 4088
f 3402 3403 1295
f 3633 3634 1505
f 1113 1114 3395
f 3864 3865 1715
f 4095 4096 4325
f 1302 1303 3626
f 3186 3208 3185
f 1506 3633 1505
f 3396 1113 3395
f 1107 3192 1106
f 3627 1302 3626
f 1296 3402 1295
f 3858 1512 3857
f 1716 3864 1715
f 4089 1722 4088
f 3191 3192 1107
f 1511 1512 3858
f 3401 3402 1296
f 3632 3633 1506
f 1112 1113 3396
f 1301 1302 3627
f 1498 3861 3862
f 3178 1110 1111
f 3388 1299 1300
f 1099 3399 3400
f 3619 1509 1510
f 1288 3630 3631
f 3850 1719 1720
f 1499 3861 1498
f 1499 3860 3861
f 3179 1109 1110
f 3179 1110 3178
f 3389 1299 3388
f 3389 1298 1299
f 1100 3398 3399
f 1100 3399 1099
f 3620 1509 3619
f 3620 1508 1509
f 1289 3629 3630
f 1289 3630 1288
f 3851 1718 1719
f 3851 1719 3850
f 1497 1498 3862
f 1497 3862 3863
f 3177 1111 1112
f 3177 3178 1111
f 3387 3388 1300
f 3387 1300 1301
f 1098 3400 3401
f 1098 1099 3400
f 3618 1510 1511
f 3618 3619 1510
f 1287 3631 3632
f 1287 1288 3631
f 3849 1720 1721
f 3849 3850 1720
f 3180 1109 3179
f 3180 1108 1109
f 3390 1298 3389
f 3390 1297 1298
f 1290 3629 1289
f 1290 3628 3629
f 1500 3860 1499
f 1500 3859 3860
f 1101 3398 1100
f 1101 3397 3398
f 3621 1508 3620
f 3621 1507 1508
f 3852 1718 3851
f 3852 1717 1718
f 1496 1497 3863
f 1496 3863 3864
f 1496 3864 1716
f 3176 3177 1112
f 3176 1112 3396
f 3386 3387 1301
f 3386 1301 3627
f 1097 1098 3401
f 1097 3401 1296
f 3617 1511 3858
f 3617 3618 1511
f 1286 3632 1506
f 1286 1287 3632
f 3848 4089 4090
f 3848 1722 4089
f 3848 3849 1721
f 3848 1721 1722
f 3160 1108 3180
f 3160 1107 1108
f 3160 3191 1107
f 3370 1297 3390
f 3370 1097 1296
f 3370 1296 1297
f 1270 3628 1290
f 1270 3627 3628
f 1270 3386 3627
f 1480 3859 1500
f 1480 3617 3858
f 1480 3858 3859
f 1081 3396 3397
f 1081 3176 3396
f 1081 3397 1101
f 3601 1286 1506
f 3601 1507 3621
f 3601 1506 1507
f 3832 1496 1716
f 3832 1717 3852
f 3832 1716 1717
f 3175 3176 1081
f 3385 3386 1270
f 1285 1286 3601
f 1495 1496 3832
f 1096 1097 3370
f 3616 3617 1480
f 3847 3848 4090
f 3161 3190 3191
f 3161 3191 3160
f 1082 3175 1081
f 1271 3385 1270
f 1481 3616 1480
f 3371 1096 3370
f 3602 1285 3601
f 3833 1495 3832
f 3174 3175 1082
f 3384 3385 1271
f 1494 1495 3833
f 1095 1096 3371
f 3615 3616 1481
f 1284 1285 3602
f 3846 4090 4091
f 3846 4091 4092
f 3846 3847 4090
f 3162 3189 3190
f 3162 3190 3161
f 3372 1095 3371
f 3603 1284 3602
f 1482 3615 1481
f 1083 3174 1082
f 1272 3384 1271
f 3834 1494 3833
f 1493 1494 3834
f 3173 3174 1083
f 1094 1095 3372
f 3383 3384 1272
f 3614 3615 1482
f 1283 1284 3603
f 3845 3846 4092
f 1483 3614 1482
f 3163 3188 3189
f 3163 3189 3162
f 1084 3173 1083
f 3373 1094 3372
f 1273 3383 1272
f 3604 1283 3603
f 3835 1493 3834
f 1492 1493 3835
f 3172 3173 1084
f 1093 1094 3373
f 3382 3383 1273
f 3613 3614 1483
f 1282 1283 3604
f 3844 4092 4093
f 3844 4093 4094
f 3844 3845 4092
f 3164 3187 3188
f 3164 3188 3163
f 3374 1093 3373
f 1484 3613 1483
f 1274 3382 1273
f 3605 1282 3604
f 1085 3172 1084
f 3836 1492 3835
f 1491 1492 3836
f 3171 3172 1085
f 3381 3382 1274
f 3612 3613 1484
f 1281 1282 3605
f 3843 3844 4094
f 1485 3612 1484
f 3165 3187 3164
f 1086 3171 1085
f 3606 1281 3605
f 1275 3381 1274
f 3837 1491 3836
f 3380 3381 1275
f 5698 1090 1091
f 5699 1090 5698
f 5699 1088 1089
f 5699 1089 1090
f 5697 1091 1092
f 5697 1092 1093
f 5697 1093 3374
f 5697 5698 1091
f 5700 1087 1088
f 5700 1088 5699
f 5696 3374 3375
f 5696 3375 3376
f 5696 5697 3374
f 5680 1087 5700
f 5680 1086 1087
f 5680 3171 1086
f 5695 5696 3376
f 5681 3169 3170
f 5681 3170 3171
f 5681 3171 5680
f 1078 3378 3379
f 3367 1278 1279
f 1267 3609 3610
f 3598 1488 1489
f 1079 3377 3378
f 1079 3378 1078
f 3368 1277 1278
f 3368 1278 3367
f 1268 3608 3609
f 1268 3609 1267
f 3599 1488 3598
f 3599 1487 1488
f 1077 3379 3380
f 1077 1078 3379
f 3366 1279 1280
f 3366 3367 1279
f 1266 1267 3610
f 1266 3610 3611
f 3597 3598 1489
f 3597 1489 1490
f 5682 3168 3169
f 5682 3169 5681
f 1080 3376 3377
f 1080 5695 3376
f 1080 3377 1079
f 3369 1276 1277
f 3369 1277 3368
f 1269 3607 3608
f 1269 3608 1268
f 3600 1487 3599
f 3600 1486 1487
f 1076 1077 3380
f 1076 3380 1275
f 1265 1266 3611
f 1265 3611 3612
f 1265 3612 1485
f 3365 1280 1281
f 3365 3366 1280
f 3365 1281 3606
f 3596 1491 3837
f 3596 1490 1491
f 3596 3837 3838
f 3596 3597 1490
f 3349 1076 1275
f 3349 1276 3369
f 3349 1275 1276
f 1249 3607 1269
f 1249 3606 3607
f 1249 3365 3606
f 1060 5694 5695
f 1060 5695 1080
f 3580 1486 3600
f 3580 1265 1485
f 3580 1485 1486
f 1075 1076 3349
f 3364 3365 1249
f 1264 1265 3580
f 3595 3596 3838
f 3350 1075 3349
f 1250 3364 1249
f 3581 1264 3580
f 1061 5694 1060
f 5693 5694 1061
f 5683 3167 3168
f 5683 3168 5682
f 1074 1075 3350
f 3363 3364 1250
f 1263 1264 3581
f 3594 3838 3839
f 3594 3839 3840
f 3594 3595 3838
f 3351 1074 3350
f 1251 3363 1250
f 3582 1263 3581
f 1062 5693 1061
f 1073 1074 3351
f 3362 3363 1251
f 1262 1263 3582
f 3593 3594 3840
f 3352 1073 3351
f 1063 5693 1062
f 1252 3362 1251
f 3583 1262 3582
f 5692 5693 1063
f 5684 3166 3167
f 5684 3167 5683
f 1072 1073 3352
f 3361 3362 1252
f 1261 1262 3583
f 3592 3593 3840
f 3592 3840 3841
f 3592 3841 3842
f 3353 1072 3352
f 1253 3361 1252
f 3584 1261 3583
f 1064 5692 1063
f 1071 1072 3353
f 3360 3361 1253
f 1260 1261 3584
f 3591 3592 3842
f 5691 5692 1064
f 3354 1071 3353
f 1254 3360 1253
f 1065 5691 1064
f 3585 1260 3584
f 5685 3165 3166
f 5685 3166 5684
f 3359 3360 1254
f 5690 5691 1065
f 5690 1065 1066
f 3346 1257 1258
f 3347 1256 1257
f 3347 1257 3346
f 3345 1258 1259
f 3345 3346 1258
f 3348 1255 1256
f 3348 1256 3347
f 5667 1071 3354
f 5667 1070 1071
f 3344 1259 1260
f 3344 1260 3585
f 3344 3345 1259
f 5666 3354 3355
f 5666 3355 3356
f 5666 5667 3354
f 3328 1254 1255
f 3328 3359 1254
f 3328 1255 3348
f 5668 1069 1070
f 5668 1070 5667
f 3343 3585 3586
f 3343 3344 3585
f 3329 3359 3328
f 3329 3358 3359
f 5665 3356 3357
f 5665 5666 3356
f 5669 1069 5668
f 5669 1067 1068
f 5669 1068 1069
f 3342 3586 3587
f 3342 3343 3586
f 5664 3357 3358
f 5664 5665 3357
f 5664 3358 3329
f 3341 3587 3588
f 3341 3342 3587
f 5670 5689 5690
f 5670 1066 1067
f 5670 1067 5669
f 5670 5690 1066
f 3340 3588 3589
f 3340 3589 3590
f 3340 3341 3588
f 5663 3329 3330
f 5663 3330 3331
f 5663 5664 3329
f 3339 3340 3590
f 5671 5689 5670
f 5671 5688 5689
f 5662 5663 3331
f 5662 3331 3332
f 5672 5688 5671
f 5672 5687 5688
f 5661 5662 3332
f 5661 3332 3333
f 5673 5687 5672
f 5673 5686 5687
f 5674 5686 5673
f 3158 5660 3157
f 3158 5659 5660
f 3156 3157 5660
f 3156 5660 5661
f 3159 5659 3158
f 3159 5679 5659
f 3155 3156 5661
f 3155 5661 3333
f 3139 5679 3159
f 3154 3155 3333
f 3154 3333 3334
f 3140 5679 3139
f 3140 5678 5679
f 3153 3154 3334
f 3153 3334 3335
f 3141 5678 3140
f 3141 5677 5678
f 3152 3153 3335
f 3152 3335 3336
f 3142 5677 3141
f 3151 3336 3337
f 3151 3152 3336
f 3143 5677 3142
f 3143 5676 5677
f 1019 3339 3590
f 1019 3590 3591
f 1019 3337 3338
f 1019 3338 3339
f 1019 3151 3337
f 1019 3591 3842
f 1019 3148 3149
f 1019 3149 3150
f 1019 3150 3151
f 1024 3143 3144
f 1024 3144 3145
f 1024 3145 3146
f 1024 3146 3147
f 1024 5674 5675
f 1024 5675 5676
f 1024 5676 3143
f 1023 1025 1024
f 1023 1026 1025
f 1023 1024 3147
f 1020 1022 1021
f 1020 1019 1022
f 1020 1023 3147
f 1020 3148 1019
f 1020 3147 3148
f 1007 1011 432
f 432 1011 275
f 1016 1019 3842
f 1016 3842 3843
f 1016 3843 4094
f 1016 4094 4095
f 1016 4095 4325
f 1016 4325 4326
f 1016 4326 4577
f 1016 4577 4578
f 1016 4578 4829
f 1016 4829 4830
f 1016 4830 5081
f 1024 1027 5674
f 5674 1027 5685
f 5685 1027 3165
f 3165 1027 3186
f 3186 1027 3207
f 3207 1027 3228
f 3228 1027 3249
f 3249 1027 3270
f 3270 1027 3291
f 3291 1027 5854
f 5674 5685 5686
f 3165 3186 3187
f 3186 3207 3208
f 3207 3228 3229
f 3228 3249 3250
f 3249 3270 3271
f 3270 3291 3292
f 1032 1035 5260
f 1032 5260 5050
f 1032 5050 4798
f 1032 4798 4546
f 1032 4546 4294
f 1032 4294 4063
f 543 540 5738
f 5738 540 5737
f 5737 540 5736
f 5736 540 5735
f 543 5738 5739
f 543 5739 5740
f 945 946 836
f 836 946 835
f 835 946 544
f 544 946 547
f 535 532 5522
f 535 5522 5523
f 324 321 5270
f 5270 321 5269
f 324 5270 5271
f 324 5271 5272
f 480 477 5060
f 480 5060 5061
f 476 473 5029
f 320 317 5764
f 5764 317 5784
f 5784 317 5783
f 320 5764 5765
f 320 5765 5766
f 531 528 5491
f 5985 1039 5984
f 5985 1040 1039
f 5985 1041 1040
f 5986 1041 5985
f 5987 1042 1041
f 5987 1041 5986
f 5988 1043 1042
f 5988 1042 5987
f 5989 1044 1043
f 5989 1045 1044
f 5989 1043 5988
f 5990 1045 5989
f 5991 1046 1045
f 5991 1045 5990
f 5992 1047 1046
f 5992 1046 5991
f 5993 1048 1047
f 5993 1047 5992
f 5994 1049 1048
f 5994 1048 5993
f 5995 1050 1049
f 5995 1049 5994
f 5996 1051 1050
f 5996 1050 5995
f 5997 1051 5996
f 5997 1052 1051
f 5997 1053 1052
f 5998 1053 5997
f 5999 1053 5998
f 5999 1054 1053
f 5999 1055 1054
f 6000 1055 5999
f 6001 1055 6000
f 6001 1056 1055
f 6001 1057 1056
f 6002 1057 6001
f 6003 1057 6002
f 6003 1058 1057
f 6004 1058 6003
f 6004 1059 1058
f 5984 1059 6004
f 5984 1039 1059
f 6006 5848 6005
f 6006 5849 5848
f 6006 5850 5849
f 6007 5850 6006
f 6008 5851 5850
f 6008 5850 6007
f 6009 5852 5851
f 6009 5851 6008
f 6010 5853 5852
f 6010 5854 5853
f 6010 5852 6009
f 6011 5854 6010
f 6012 5855 5854
f 6012 5854 6011
f 6013 5856 5855
f 6013 5855 6012
f 6014 5857 5856
f 6014 5856 6013
f 6015 5858 5857
f 6015 5857 6014
f 6016 5859 5858
f 6016 5858 6015
f 6017 5860 5859
f 6017 5859 6016
f 6018 5860 6017
f 6018 5861 5860
f 6018 5862 5861
f 6019 5862 6018
f 6020 5862 6019
f 6020 5863 5862
f 6020 5864 5863
f 6021 5864 6020
f 6022 5864 6021
f 6022 5865 5864
f 6022 5866 5865
f 6023 5866 6022
f 6024 5866 6023
f 6024 5867 5866
f 6025 5867 6024
f 6025 5868 5867
f 6005 5868 6025
f 6005 5848 5868
f 6052 6054 6053
f 6051 6054 6052
f 6027 6056 6055
f 6027 6057 6056
f 8391 6055 6054
f 8391 6054 6051
f 8391 6027 6055
f 8391 8392 6027
f 8393 6027 8392
f 8390 8391 6051
f 8394 6027 8393
f 8389 8390 6051
f 8395 6027 8394
f 8409 8389 6051
f 8396 6027 8395
f 8408 8409 6051
f 8224 8401 8402
f 8413 8396 8397
f 8560 8406 8407
f 8223 8402 8403
f 8223 8224 8402
f 8412 8413 8397
f 8412 8397 8398
f 8559 8407 8408
f 8559 8408 6051
f 8559 8560 8407
f 8225 8401 8224
f 8225 8400 8401
f 8414 6027 8396
f 8414 8396 8413
f 8561 8406 8560
f 8561 8405 8406
f 8222 8223 8403
f 8222 8403 8404
f 8558 8559 6051
f 8411 8412 8398
f 8411 8398 8399
f 8226 8399 8400
f 8226 8400 8225
f 8415 6027 8414
f 8562 8405 8561
f 8221 8405 8562
f 8221 8404 8405
f 8221 8222 8404
f 8410 8399 8226
f 8410 8411 8399
f 8557 8558 6051
f 8227 8410 8226
f 8563 8221 8562
f 8241 8221 8563
f 8430 8410 8227
f 8228 8430 8227
f 8564 8241 8563
f 8240 8241 8564
f 8429 8430 8228
f 8229 8429 8228
f 8565 8240 8564
f 8239 8240 8565
f 8428 8429 8229
f 8230 8428 8229
f 8566 8239 8565
f 8238 8239 8566
f 8427 8428 8230
f 8231 8427 8230
f 8567 8238 8566
f 8237 8238 8567
f 8426 8427 8231
f 769 8417 8418
f 768 8418 8419
f 768 769 8418
f 770 8416 8417
f 770 8417 769
f 767 8419 8420
f 767 768 8419
f 771 6027 8415
f 771 8415 8416
f 771 8416 770
f 766 767 8420
f 766 8420 8421
f 786 8421 8422
f 786 766 8421
f 785 786 8422
f 8014 8569 8570
f 8812 8574 8575
f 846 773 774
f 8581 8233 8234
f 8182 8422 8423
f 8811 8812 8575
f 8811 8575 8576
f 8811 8576 8577
f 8013 8570 8571
f 8013 8014 8570
f 845 774 775
f 845 846 774
f 8580 8234 8235
f 8580 8581 8234
f 8181 8423 8424
f 8181 8182 8423
f 8015 8568 8569
f 8015 8569 8014
f 8813 8574 8812
f 8582 8233 8581
f 8582 8232 8233
f 847 772 773
f 847 773 846
f 8183 8422 8182
f 8183 785 8422
f 8810 8811 8577
f 8012 8571 8572
f 8012 8013 8571
f 8579 8235 8236
f 8579 8580 8235
f 844 775 776
f 844 845 775
f 8180 8181 8424
f 8180 8424 8425
f 8016 8567 8568
f 8016 8568 8015
f 8016 8237 8567
f 8814 8574 8813
f 8814 8573 8574
f 848 772 847
f 8583 8231 8232
f 8583 8232 8582
f 8583 8426 8231
f 8184 785 8183
f 8184 784 785
f 8809 8557 6051
f 8809 8577 8557
f 8809 8810 8577
f 8011 8012 8572
f 8011 8572 8573
f 8011 8573 8814
f 8578 8237 8016
f 8578 8236 8237
f 8578 8579 8236
f 843 776 777
f 843 844 776
f 8179 8426 8583
f 8179 8425 8426
f 8179 8180 8425
f 8815 8011 8814
f 8017 8578 8016
f 8584 8179 8583
f 8185 783 784
f 8185 784 8184
f 8031 8011 8815
f 863 777 778
f 863 843 777
f 8598 8578 8017
f 8199 8179 8584
f 8018 8598 8017
f 8816 8031 8815
f 8585 8199 8584
f 8186 782 783
f 8186 783 8185
f 8030 8031 8816
f 8597 8598 8018
f 862 778 779
f 862 863 778
f 8198 8199 8585
f 8019 8597 8018
f 8817 8030 8816
f 8586 8198 8585
f 8187 782 8186
f 8187 781 782
f 8029 8030 8817
f 861 779 780
f 861 862 779
f 8596 8597 8019
f 8197 8198 8586
f 8818 8029 8817
f 8020 8596 8019
f 8587 8197 8586
f 8188 780 781
f 8188 781 8187
f 8028 8029 8818
f 8595 8596 8020
f 860 780 8188
f 860 861 780
f 8196 8197 8587
f 8021 8595 8020
f 8588 8196 8587
f 8189 860 8188
f 8594 8595 8021
f 859 860 8189
f 8195 8196 8588
f 8022 8594 8021
f 8245 853 854
f 8329 8025 8026
f 8329 8026 8027
f 8328 8027 8028
f 8328 8329 8027
f 8244 854 855
f 8244 8245 854
f 8246 852 853
f 8246 853 8245
f 8330 8024 8025
f 8330 8025 8329
f 8327 8028 8818
f 8327 8818 8819
f 8327 8328 8028
f 8243 855 856
f 8243 8244 855
f 8331 8023 8024
f 8331 8024 8330
f 8247 851 852
f 8247 852 8246
f 8242 856 857
f 8242 8243 856
f 8326 8327 8819
f 8326 8819 8820
f 8332 8023 8331
f 8332 8022 8023
f 8262 8242 857
f 8262 857 858
f 8346 8820 8821
f 8346 8326 8820
f 8333 8022 8332
f 8345 8346 8821
f 8261 858 859
f 8261 8262 858
f 791 8821 8822
f 7993 8590 8591
f 950 8247 8248
f 950 850 851
f 950 851 8247
f 8602 8191 8192
f 790 791 8822
f 790 8822 8823
f 9021 9022 8827
f 9021 8827 8828
f 9021 8828 8829
f 949 950 8248
f 7992 8591 8592
f 7992 7993 8591
f 8601 8602 8192
f 8601 8192 8193
f 792 8345 8821
f 792 8821 791
f 9023 8827 9022
f 9023 8826 8827
f 951 849 850
f 951 850 950
f 7994 8590 7993
f 7994 8589 8590
f 8603 8191 8602
f 8603 8190 8191
f 789 790 8823
f 789 8823 8824
f 9020 9021 8829
f 948 949 8248
f 948 8248 8249
f 7991 8592 8593
f 7991 7992 8592
f 8600 8601 8193
f 8600 8193 8194
f 793 8345 792
f 793 8344 8345
f 9024 8826 9023
f 9024 8825 8826
f 7995 8195 8588
f 7995 8588 8589
f 7995 8589 7994
f 952 772 848
f 952 849 951
f 952 771 772
f 952 6027 771
f 952 848 849
f 8604 859 8189
f 8604 8261 859
f 8604 8190 8603
f 8604 8189 8190
f 788 789 8824
f 788 8824 8825
f 788 8825 9024
f 9019 8829 8809
f 9019 9020 8829
f 8599 8195 7995
f 8599 8600 8194
f 8599 8194 8195
f 7990 8022 8333
f 7990 7991 8593
f 7990 8593 8594
f 7990 8594 8022
f 947 8249 8250
f 947 948 8249
f 794 8343 8344
f 794 8344 793
f 9025 788 9024
f 7996 8599 7995
f 8605 8261 8604
f 8605 8260 8261
f 808 788 9025
f 8619 8599 7996
f 967 947 8250
f 967 8250 8251
f 8010 8333 8334
f 8010 7990 8333
f 795 8343 794
f 795 8342 8343
f 9026 808 9025
f 7997 8619 7996
f 8606 8260 8605
f 8606 8259 8260
f 807 808 9026
f 8009 8010 8334
f 8009 8334 8335
f 966 967 8251
f 966 8251 8252
f 8618 8619 7997
f 796 8342 795
f 796 8341 8342
f 9027 807 9026
f 7998 8618 7997
f 8607 8258 8259
f 8607 8259 8606
f 806 807 9027
f 965 8252 8253
f 965 966 8252
f 8008 8335 8336
f 8008 8009 8335
f 8617 8618 7998
f 797 8340 8341
f 797 8341 796
f 9028 806 9027
f 7999 8617 7998
f 8608 8257 8258
f 8608 8258 8607
f 805 806 9028
f 8616 8617 7999
f 8007 8336 8337
f 8007 8008 8336
f 964 965 8253
f 964 8253 8254
f 798 8340 797
f 9029 805 9028
f 8000 8616 7999
f 804 805 9029
f 963 964 8254
f 6082 8002 8003
f 6081 8003 8004
f 6081 6082 8003
f 6083 8002 6082
f 6083 8001 8002
f 6080 8004 8005
f 6080 6081 8004
f 6084 8616 8000
f 6084 8615 8616
f 6084 8001 6083
f 6084 8000 8001
f 6079 8005 8006
f 6079 6080 8005
f 6085 8614 8615
f 6085 8615 6084
f 6099 8006 8007
f 6099 6079 8006
f 6086 8614 6085
f 9274 9036 9037
f 972 9031 9032
f 9043 800 801
f 7783 8337 8338
f 7972 8611 8612
f 8434 954 955
f 8623 8255 8256
f 8161 959 960
f 9273 9037 9038
f 9273 9274 9037
f 7971 8612 8613
f 7971 7972 8612
f 971 972 9032
f 971 9032 9033
f 9042 9043 801
f 9042 801 802
f 7782 8338 8339
f 7782 7783 8338
f 8622 8623 8256
f 8622 8256 8257
f 8433 955 956
f 8433 8434 955
f 8160 8161 960
f 8160 960 961
f 9275 9036 9274
f 973 9031 972
f 973 9030 9031
f 7784 8337 7783
f 7784 6099 8007
f 7784 8007 8337
f 9044 800 9043
f 9044 799 800
f 7973 8611 7972
f 7973 8610 8611
f 8624 8255 8623
f 8624 8254 8255
f 8162 959 8161
f 8162 958 959
f 8435 954 8434
f 8435 953 954
f 9272 9273 9038
f 9272 9038 9039
f 970 971 9033
f 970 9033 9034
f 9041 9042 802
f 9041 802 803
f 7970 8613 8614
f 7970 7971 8613
f 7970 8614 6086
f 7781 7782 8339
f 7781 8339 8340
f 7781 8340 798
f 8432 8433 956
f 8432 956 957
f 8621 8257 8608
f 8621 8608 8609
f 8621 8622 8257
f 8159 8160 961
f 8159 961 962
f 9276 9036 9275
f 9276 9035 9036
f 9045 799 9044
f 9045 798 799
f 974 804 9029
f 974 9030 973
f 974 9029 9030
f 7785 6099 7784
f 7785 6098 6099
f 8625 8254 8624
f 8625 963 8254
f 8436 953 8435
f 8436 952 953
f 7974 8610 7973
f 7974 8609 8610
f 8163 958 8162
f 8163 957 958
f 9271 9272 9039
f 9271 9039 9019
f 969 970 9034
f 969 9035 9276
f 969 9034 9035
f 9040 9041 803
f 9040 803 804
f 9040 804 974
f 7780 798 9045
f 7780 7781 798
f 7969 6086 6087
f 7969 7970 6086
f 8431 8432 957
f 8431 957 8163
f 8620 8621 8609
f 8620 8609 7974
f 8158 8159 962
f 8158 962 963
f 8158 963 8625
f 9277 969 9276
f 975 9040 974
f 9046 7780 9045
f 7975 8620 7974
f 7786 6097 6098
f 7786 6098 7785
f 8626 8158 8625
f 8164 8431 8163
f 989 969 9277
f 9060 9040 975
f 7800 7780 9046
f 7989 6087 6088
f 7989 7969 6087
f 8640 8620 7975
f 8451 8431 8164
f 8178 8158 8626
f 9278 989 9277
f 9047 7800 9046
f 7787 6096 6097
f 7787 6097 7786
f 976 9060 975
f 7976 8640 7975
f 8165 8451 8164
f 8627 8178 8626
f 988 989 9278
f 7988 7989 6088
f 7988 6088 6089
f 9059 9060 976
f 7799 7800 9047
f 8639 8640 7976
f 8450 8451 8165
f 8177 8178 8627
f 9279 988 9278
f 7788 6096 7787
f 7788 6095 6096
f 9048 7799 9047
f 977 9059 976
f 7977 8639 7976
f 8628 8177 8627
f 8166 8450 8165
f 987 988 9279
f 9058 9059 977
f 7987 6089 6090
f 7987 7988 6089
f 7798 7799 9048
f 8638 8639 7977
f 8449 8450 8166
f 8176 8177 8628
f 978 9058 977
f 7789 6094 6095
f 7789 6095 7788
f 7978 8638 7977
f 9049 7798 9048
f 8629 8176 8628
f 8167 8449 8166
f 7797 7798 9049
f 9057 9058 978
f 7986 7987 6090
f 7986 6090 6091
f 8448 8449 8167
f 8637 8638 7978
f 8175 8176 8629
f 979 9057 978
f 9050 7797 9049
f 7979 8637 7978
f 8630 8175 8629
f 8168 8448 8167
f 9056 9057 979
f 7796 7797 9050
f 8636 8637 7979
f 8447 8448 8168
f 8174 8175 8630
f 9051 7796 9050
f 8631 8174 8630
f 8287 9279 9280
f 8287 987 9279
f 8308 8438 8439
f 8286 9280 9281
f 8286 8287 9280
f 8307 8308 8439
f 8307 8439 8440
f 8288 987 8287
f 8288 986 987
f 8309 8438 8308
f 8309 8437 8438
f 8285 9281 9282
f 8285 8286 9281
f 8306 8307 8440
f 8306 8440 8441
f 8289 986 8288
f 8289 985 986
f 8310 952 8436
f 8310 8437 8309
f 8310 6027 952
f 8310 8436 8437
f 8284 9282 9283
f 8284 8285 9282
f 8305 8306 8441
f 8305 8441 8442
f 8290 985 8289
f 8290 984 985
f 8304 9283 9284
f 8304 8284 9283
f 8325 8305 8442
f 8325 8442 8443
f 8291 984 8290
f 8291 983 984
f 8303 8304 9284
f 8303 9284 9285
f 8324 8325 8443
f 8324 8443 8444
f 8292 982 983
f 8292 983 8291
f 8302 9285 9286
f 8302 8303 9285
f 9526 9288 9289
f 9295 981 982
f 9064 7792 7793
f 7762 6092 6093
f 8140 8323 8324
f 8140 8324 8444
f 7573 9052 9053
f 8644 8170 8171
f 8833 7981 7982
f 7951 8632 8633
f 9525 9526 9289
f 9525 9289 9290
f 9294 982 8292
f 9294 9295 982
f 7761 7762 6093
f 7761 6093 6094
f 9063 7793 7794
f 9063 9064 7793
f 8139 8140 8444
f 8139 8444 8445
f 8832 7982 7983
f 8832 8833 7982
f 7572 9053 9054
f 7572 7573 9053
f 7950 7951 8633
f 7950 8633 8634
f 8643 8171 8172
f 8643 8644 8171
f 9527 9288 9526
f 9296 980 981
f 9296 981 9295
f 8141 8322 8323
f 8141 8323 8140
f 7952 8632 7951
f 7952 8631 8632
f 9065 7791 7792
f 9065 7792 9064
f 7763 6092 7762
f 7763 7986 6091
f 7763 6091 6092
f 7763 7985 7986
f 7574 9051 9052
f 7574 9052 7573
f 8834 7981 8833
f 8834 7980 7981
f 8645 8170 8644
f 8645 8169 8170
f 9524 9525 9290
f 9524 9290 9291
f 9524 9291 9271
f 9293 9294 8292
f 9293 8292 8293
f 9062 7794 7795
f 9062 9063 7794
f 8138 8445 8446
f 8138 8139 8445
f 7760 6094 7789
f 7760 7761 6094
f 7760 7789 7790
f 8831 8832 7983
f 8831 7983 7984
f 7571 9054 9055
f 7571 7572 9054
f 8642 8643 8172
f 8642 8172 8173
f 7949 7950 8634
f 7949 8634 8635
f 9528 9288 9527
f 9528 9286 9287
f 9528 9287 9288
f 9297 9056 979
f 9297 979 980
f 9297 980 9296
f 7575 9051 7574
f 7575 7796 9051
f 9066 7790 7791
f 9066 7791 9065
f 8142 8321 8322
f 8142 8322 8141
f 8835 8636 7979
f 8835 7979 7980
f 8835 7980 8834
f 7764 7985 7763
f 8646 8447 8168
f 8646 8168 8169
f 8646 8169 8645
f 7953 8174 8631
f 7953 8631 7952
f 9523 9524 9271
f 9292 9293 8293
f 9292 8293 8294
f 7570 9056 9297
f 7570 9055 9056
f 7570 7571 9055
f 7759 7790 9066
f 7759 7760 7790
f 9061 7796 7575
f 9061 9062 7795
f 9061 7795 7796
f 8830 8831 7984
f 8830 7985 7764
f 8830 7984 7985
f 8137 8446 8447
f 8137 8447 8646
f 8137 8138 8446
f 7948 8636 8835
f 7948 7949 8635
f 7948 8635 8636
f 8641 8642 8173
f 8641 8173 8174
f 8641 8174 7953
f 9298 7570 9297
f 9529 9286 9528
f 9529 8302 9286
f 7765 8830 7764
f 9067 7759 9066
f 8143 8320 8321
f 8143 8321 8142
f 7576 9061 7575
f 7954 8641 7953
f 8836 7948 8835
f 8647 8137 8646
f 9312 8294 8295
f 9312 9292 8294
f 7779 7759 9067
f 8157 8137 8647
f 9081 9061 7576
f 8850 8830 7765
f 7590 7570 9298
f 8661 8641 7954
f 7968 7948 8836
f 9530 8302 9529
f 9530 8301 8302
f 9299 7590 9298
f 7766 8850 7765
f 9068 7779 9067
f 7577 9081 7576
f 8144 8319 8320
f 8144 8320 8143
f 8837 7968 8836
f 7955 8661 7954
f 8648 8157 8647
f 7778 7779 9068
f 9311 9312 8295
f 9311 8295 8296
f 7967 7968 8837
f 7589 7590 9299
f 8156 8157 8648
f 8849 8850 7766
f 9080 9081 7577
f 8660 8661 7955
f 9531 8301 9530
f 9531 8300 8301
f 9300 7589 9299
f 7767 8849 7766
f 9069 7778 9068
f 7578 9080 7577
f 8145 8318 8319
f 8145 8319 8144
f 7956 8660 7955
f 8838 7967 8837
f 8649 8156 8648
f 9310 9311 8296
f 9310 8296 8297
f 7777 7778 9069
f 8155 8156 8649
f 8848 8849 7767
f 7588 7589 9300
f 7966 7967 8838
f 9079 9080 7578
f 8659 8660 7956
f 9532 8300 9531
f 9301 7588 9300
f 8146 8318 8145
f 7768 8848 7767
f 8839 7966 8838
f 9070 7777 9069
f 7957 8659 7956
f 7579 9079 7578
f 8650 8155 8649
f 9309 9310 8297
f 9309 8297 8298
f 8154 8155 8650
f 9078 9079 7579
f 7776 7777 9070
f 7587 7588 9301
f 8847 8848 7768
f 8658 8659 7957
f 7965 7966 8839
f 9302 7587 9301
f 9071 7776 9070
f 7769 8847 7768
f 7580 9078 7579
f 8840 7965 8839
f 7958 8658 7957
f 8651 8154 8650
f 8153 8154 8651
f 7775 7776 9071
f 9077 9078 7580
f 8846 8847 7769
f 8657 8658 7958
f 7586 7587 9302
f 7964 7965 8840
f 7959 8657 7958
f 9778 9540 9541
f 9547 8298 8299
f 7195 9535 9536
f 9316 7582 7583
f 7384 9304 9305
f 7930 8653 8654
f 8854 7960 7961
f 7552 9073 9074
f 9085 7771 7772
f 8119 8315 8316
f 7741 8842 8843
f 8665 8149 8150
f 8455 8312 8313
f 9546 8300 9532
f 9546 9547 8299
f 9546 8299 8300
f 9777 9778 9541
f 9777 9541 9542
f 7194 7195 9536
f 7194 9536 9537
f 7929 8654 8655
f 7929 7930 8654
f 7383 7384 9305
f 7383 9305 9306
f 9315 7583 7584
f 9315 9316 7583
f 7551 7552 9074
f 7551 9074 9075
f 8118 8119 8316
f 8118 8316 8317
f 9084 9085 7772
f 9084 7772 7773
f 7740 7741 8843
f 7740 8843 8844
f 8853 7961 7962
f 8853 8854 7961
f 8664 8150 8151
f 8664 8665 8150
f 8454 8455 8313
f 8454 8313 8314
f 9779 9540 9778
f 9548 9309 8298
f 9548 8298 9547
f 7196 9535 7195
f 7196 9534 9535
f 7385 9304 7384
f 7385 9303 9304
f 9317 7581 7582
f 9317 7582 9316
f 7931 8652 8653
f 7931 8653 7930
f 7553 9072 9073
f 7553 9073 7552
f 9086 7771 9085
f 9086 7770 7771
f 7742 8842 7741
f 7742 8841 8842
f 8120 8315 8119
f 8855 7959 7960
f 8855 7960 8854
f 8456 8311 8312
f 8456 8312 8455
f 8666 8149 8665
f 8666 8148 8149
f 9776 9777 9542
f 9776 9542 9543
f 9776 9543 9523
f 9545 9546 9532
f 9545 9532 9533
f 7193 7194 9537
f 7193 9537 9538
f 7382 7383 9306
f 7382 9306 9307
f 7928 8655 8656
f 7928 7929 8655
f 9314 9315 7584
f 9314 7584 7585
f 8852 7962 7963
f 8852 8853 7962
f 9083 9084 7773
f 9083 7773 7774
f 7739 7740 8844
f 7739 8844 8845
f 7550 7551 9075
f 7550 9075 9076
f 8117 8317 8318
f 8117 8118 8317
f 8117 8318 8146
f 8117 8146 8147
f 8453 8314 8315
f 8453 8454 8314
f 8453 8315 8120
f 8663 8151 8152
f 8663 8664 8151
f 9780 9540 9779
f 9780 9539 9540
f 7197 9534 7196
f 7197 9533 9534
f 9549 9309 9548
f 9549 9308 9309
f 9318 9077 7580
f 9318 7580 7581
f 9318 7581 9317
f 7932 8652 7931
f 7932 8153 8651
f 7932 8651 8652
f 7386 9302 9303
f 7386 9303 7385
f 7386 7586 9302
f 7554 7775 9071
f 7554 9071 9072
f 7554 9072 7553
f 8856 8657 7959
f 8856 7959 8855
f 7743 7964 8840
f 7743 8841 7742
f 7743 8840 8841
f 9087 8846 7769
f 9087 7769 7770
f 9087 7770 9086
f 8457 8310 8311
f 8457 8311 8456
f 8121 8453 8120
f 8667 8147 8148
f 8667 8148 8666
f 9775 9776 9523
f 9544 9533 7197
f 9544 9545 9533
f 9313 9314 7585
f 9313 7586 7386
f 9313 7585 7586
f 7192 9539 9780
f 7192 9538 9539
f 7192 7193 9538
f 7927 8656 8657
f 7927 8657 8856
f 7927 7928 8656
f 7381 7382 9307
f 7381 9307 9308
f 7381 9308 9549
f 7549 9076 9077
f 7549 9077 9318
f 7549 7550 9076
f 8662 8153 7932
f 8662 8663 8152
f 8662 8152 8153
f 8851 8852 7963
f 8851 7963 7964
f 8851 7964 7743
f 9082 9083 7774
f 9082 7774 7775
f 9082 7775 7554
f 7738 7739 8845
f 7738 8846 9087
f 7738 8845 8846
f 8116 8147 8667
f 8116 8117 8147
f 8452 8453 8121
f 9781 7192 9780
f 9550 7381 9549
f 7198 9544 7197
f 9319 7549 9318
f 7387 9313 7386
f 9088 7738 9087
f 7555 9082 7554
f 8857 7927 8856
f 7744 8851 7743
f 7933 8662 7932
f 8122 8452 8121
f 8668 8116 8667
f 9564 9544 7198
f 7212 7192 9781
f 9333 9313 7387
f 7401 7381 9550
f 7947 7927 8857
f 7569 7549 9319
f 9102 9082 7555
f 7758 7738 9088
f 8871 8851 7744
f 8136 8116 8668
f 8682 8662 7933
f 8472 8452 8122
f 9782 7212 9781
f 7199 9564 7198
f 7388 9333 7387
f 9320 7569 9319
f 9551 7401 9550
f 7745 8871 7744
f 7934 8682 7933
f 7556 9102 7555
f 9089 7758 9088
f 8123 8472 8122
f 8858 7947 8857
f 8669 8136 8668
f 7211 7212 9782
f 9563 9564 7199
f 7400 7401 9551
f 9332 9333 7388
f 7946 7947 8858
f 7568 7569 9320
f 7757 7758 9089
f 9101 9102 7556
f 8681 8682 7934
f 8135 8136 8669
f 8870 8871 7745
f 8471 8472 8123
f 9783 7211 9782
f 7200 9563 7199
f 9321 7568 9320
f 7389 9332 7388
f 9552 7400 9551
f 7935 8681 7934
f 9090 7757 9089
f 7557 9101 7556
f 7746 8870 7745
f 8859 7946 8858
f 8124 8471 8123
f 8670 8135 8669
f 7210 7211 9783
f 9562 9563 7200
f 9331 9332 7389
f 7399 7400 9552
f 7945 7946 8859
f 7567 7568 9321
f 8470 8471 8124
f 7756 7757 9090
f 8680 8681 7935
f 8134 8135 8670
f 9100 9101 7557
f 8869 8870 7746
f 9784 7210 9783
f 9322 7567 9321
f 9553 7399 9552
f 7936 8680 7935
f 7201 9562 7200
f 7390 9331 7389
f 9091 7756 9090
f 7747 8869 7746
f 8125 8470 8124
f 7558 9100 7557
f 8860 7945 8859
f 8671 8134 8670
f 9561 9562 7201
f 7398 7399 9553
f 7209 7210 9784
f 7944 7945 8860
f 8679 8680 7936
f 7755 7756 9091
f 8868 8869 7747
f 8469 8470 8125
f 8133 8134 8671
f 9099 9100 7558
f 7566 7567 9322
f 9785 7209 9784
f 7202 9561 7201
f 9554 7398 9553
f 9323 7566 9322
f 7937 8679 7936
f 7559 9099 7558
f 8126 8469 8125
f 7748 8868 7747
f 9092 7755 9091
f 8861 7944 8860
f 8672 8133 8671
f 9560 9561 7202
f 7208 7209 9785
f 9098 9099 7559
f 7397 7398 9554
f 7565 7566 9323
f 7754 7755 9092
f 7943 7944 8861
f 8867 8868 7748
f 8132 8133 8672
f 8678 8679 7937
f 8468 8469 8126
f 7938 8678 7937
f 7749 8867 7748
f 8862 7943 8861
f 8350 9327 9328
f 8349 8350 9328
f 8349 9328 9329
f 8351 9327 8350
f 8351 9326 9327
f 8348 8349 9329
f 8348 9329 9330
f 8352 9326 8351
f 8352 9325 9326
f 8347 9331 7390
f 8347 8348 9330
f 8347 9330 9331
f 8353 9325 8352
f 8353 9324 9325
f 8367 7390 7391
f 8367 8347 7390
f 8354 7565 9323
f 8354 9324 8353
f 8354 9323 9324
f 8366 8367 7391
f 8366 7391 7392
f 8355 7565 8354
f 8365 8366 7392
f 6964 9787 9788
f 9799 7204 7205
f 9568 7393 7394
f 7363 8358 8359
f 7720 8863 8864
f 7174 9556 9557
f 9106 7750 7751
f 9337 7561 7562
f 8875 7939 7940
f 8098 8464 8465
f 7909 8674 8675
f 7531 9094 9095
f 8686 8128 8129
f 8476 8459 8460
f 9567 7394 7395
f 9567 9568 7394
f 7719 8864 8865
f 7719 7720 8864
f 7362 8359 8360
f 7362 7363 8359
f 9798 9799 7205
f 9798 7205 7206
f 10008 9793 9794
f 10008 10009 9793
f 7908 7909 8675
f 7908 8675 8676
f 6963 9788 9789
f 6963 6964 9788
f 7173 9557 9558
f 7173 7174 9557
f 9336 9337 7562
f 9336 7562 7563
f 9105 7751 7752
f 9105 9106 7751
f 8097 8465 8466
f 8097 8098 8465
f 8874 8875 7940
f 8874 7940 7941
f 7530 7531 9095
f 7530 9095 9096
f 8685 8686 8129
f 8685 8129 8130
f 8475 8476 8460
f 8475 8460 8461
f 9800 7204 9799
f 9800 7203 7204
f 6965 9786 9787
f 6965 9787 6964
f 9569 7392 7393
f 9569 8365 7392
f 9569 7393 9568
f 7364 8357 8358
f 7364 8358 7363
f 7175 9556 7174
f 7175 9555 9556
f 10010 9792 9793
f 10010 9793 10009
f 7721 8862 8863
f 7721 8863 7720
f 9338 7561 9337
f 9338 7560 7561
f 7910 8673 8674
f 7910 8674 7909
f 8099 8463 8464
f 8099 8464 8098
f 8687 8127 8128
f 8687 8128 8686
f 9107 7749 7750
f 9107 7750 9106
f 7532 9094 7531
f 7532 9093 9094
f 8876 7938 7939
f 8876 7939 8875
f 8477 8458 8459
f 8477 8459 8476
f 9566 7395 7396
f 9566 9567 7395
f 6962 9789 9790
f 6962 6963 9789
f 7361 7362 8360
f 7361 8360 8361
f 7718 7719 8865
f 7718 8865 8866
f 9797 9798 7206
f 9797 7206 7207
f 10007 9794 9795
f 10007 10008 9794
f 7172 9558 9559
f 7172 7173 9558
f 9335 7563 7564
f 9335 9336 7563
f 8096 8466 8467
f 8096 8097 8466
f 8873 7941 7942
f 8873 8874 7941
f 7907 7908 8676
f 7907 8676 8677
f 7529 7530 9096
f 7529 9096 9097
f 9104 9105 7752
f 9104 7752 7753
f 8474 8461 8462
f 8474 8475 8461
f 8684 8685 8130
f 8684 8130 8131
f 9801 7203 9800
f 9801 9560 7202
f 9801 7202 7203
f 6966 9785 9786
f 6966 9786 6965
f 6966 7208 9785
f 9570 8364 8365
f 9570 8365 9569
f 9339 9098 7559
f 9339 7559 7560
f 9339 7560 9338
f 7722 7943 8862
f 7722 8862 7721
f 7176 7397 9554
f 7176 9555 7175
f 7176 9554 9555
f 9108 8867 7749
f 9108 7749 9107
f 7365 8357 7364
f 7365 8356 8357
f 8877 8678 7938
f 8877 7938 8876
f 7533 7754 9092
f 7533 9092 9093
f 7533 9093 7532
f 10011 9791 9792
f 10011 9792 10010
f 8100 8462 8463
f 8100 8463 8099
f 8478 8457 8458
f 8478 8458 8477
f 8688 8126 8127
f 8688 8468 8126
f 8688 8127 8687
f 7911 8132 8672
f 7911 8672 8673
f 7911 8673 7910
f 9796 7208 6966
f 9796 7207 7208
f 9796 9797 7207
f 7360 7361 8361
f 9334 7564 7565
f 9334 7565 8355
f 9334 9335 7564
f 9565 7397 7176
f 9565 9566 7396
f 9565 7396 7397
f 6961 9790 9791
f 6961 6962 9790
f 6961 9791 10011
f 8872 8873 7942
f 8872 7943 7722
f 8872 7942 7943
f 9103 7754 7533
f 9103 7753 7754
f 9103 9104 7753
f 7717 8866 8867
f 7717 8867 9108
f 7717 7718 8866
f 10006 9795 9775
f 10006 10007 9795
f 7528 9097 9098
f 7528 7529 9097
f 7528 9098 9339
f 7171 9559 9560
f 7171 7172 9559
f 7171 9560 9801
f 8095 8467 8468
f 8095 8468 8688
f 8095 8096 8467
f 8473 8462 8100
f 8473 8474 8462
f 7906 7907 8677
f 7906 8677 8678
f 7906 8678 8877
f 8683 8131 8132
f 8683 8684 8131
f 8683 8132 7911
f 10012 6961 10011
f 9802 7171 9801
f 6967 9796 6966
f 7366 9334 8355
f 7366 8355 8356
f 7366 8356 7365
f 7177 9565 7176
f 9571 8364 9570
f 9571 8363 8364
f 7723 8872 7722
f 9340 7528 9339
f 7534 9103 7533
f 8878 7906 8877
f 8101 8473 8100
f 7912 8683 7911
f 9109 7717 9108
f 8689 8095 8688
f 9816 9796 6967
f 9354 9334 7366
f 6981 6961 10012
f 7737 7717 9109
f 9585 9565 7177
f 7380 7360 8361
f 7380 8361 8362
f 9123 9103 7534
f 7548 7528 9340
f 7191 7171 9802
f 8115 8095 8689
f 7926 7906 8878
f 8892 8872 7723
f 8493 8473 8101
f 8703 8683 7912
f 9803 7191 9802
f 9572 8363 9571
f 9341 7548 9340
f 7367 9354 7366
f 7724 8892 7723
f 6968 9816 6967
f 10013 6981 10012
f 8879 7926 8878
f 7535 9123 7534
f 9110 7737 9109
f 7178 9585 7177
f 7913 8703 7912
f 8690 8115 8689
f 8102 8493 8101
f 7379 7380 8362
f 7379 8362 8363
f 7379 8363 9572
f 9815 9816 6968
f 9353 9354 7367
f 7736 7737 9110
f 9584 9585 7178
f 6980 6981 10013
f 7925 7926 8879
f 8891 8892 7724
f 7190 7191 9803
f 7547 7548 9341
f 9122 9123 7535
f 8702 8703 7913
f 8114 8115 8690
f 8492 8493 8102
f 9804 7190 9803
f 9573 7379 9572
f 7725 8891 7724
f 10014 6980 10013
f 7368 9353 7367
f 6969 9815 6968
f 7179 9584 7178
f 9342 7547 9341
f 9111 7736 9110
f 8103 8492 8102
f 7536 9122 7535
f 7914 8702 7913
f 8880 7925 8879
f 8691 8114 8690
f 9814 9815 6969
f 6979 6980 10014
f 7735 7736 9111
f 9583 9584 7179
f 7378 7379 9573
f 9352 9353 7368
f 7189 7190 9804
f 8890 8891 7725
f 8113 8114 8691
f 7924 7925 8880
f 8491 8492 8103
f 8701 8702 7914
f 9121 9122 7536
f 7546 7547 9342
f 9574 7378 9573
f 7369 9352 7368
f 6970 9814 6969
f 9343 7546 9342
f 9805 7189 9804
f 10015 6979 10014
f 7726 8890 7725
f 7180 9583 7179
f 8881 7924 8880
f 7537 9121 7536
f 9112 7735 9111
f 7915 8701 7914
f 8692 8113 8691
f 8104 8491 8103
f 9813 9814 6970
f 9351 9352 7369
f 7188 7189 9805
f 7377 7378 9574
f 7734 7735 9112
f 9582 9583 7180
f 6978 6979 10015
f 8112 8113 8692
f 7923 7924 8881
f 8490 8491 8104
f 8700 8701 7915
f 8889 8890 7726
f 9120 9121 7537
f 7545 7546 9343
f 7727 8889 7726
f 7370 9351 7369
f 6971 9813 6970
f 9575 7377 9574
f 9806 7188 9805
f 7181 9582 7180
f 10016 6978 10015
f 9344 7545 9343
f 8105 8490 8104
f 7538 9120 7537
f 9113 7734 9112
f 8882 7923 8881
f 7916 8700 7915
f 8693 8112 8692
f 9581 9582 7181
f 9812 9813 6971
f 9350 9351 7370
f 7376 7377 9575
f 6977 6978 10016
f 7733 7734 9113
f 7187 7188 9806
f 8888 8889 7727
f 7922 7923 8882
f 8111 8112 8693
f 7544 7545 9344
f 9119 9120 7538
f 8489 8490 8105
f 8699 8700 7916
f 6972 9812 6971
f 7371 9350 7370
f 9345 7544 9344
f 9576 7376 9575
f 9114 7733 9113
f 9820 7183 7184
f 10261 10024 10025
f 9589 7372 7373
f 6733 10018 10019
f 10030 6973 6974
f 6943 9808 9809
f 7153 9577 9578
f 7342 9346 9347
f 7510 9115 9116
f 9127 7729 7730
f 9358 7540 7541
f 7699 8884 8885
f 7888 8695 8696
f 8896 7918 7919
f 8497 8480 8481
f 8707 8107 8108
f 8077 8485 8486
f 9819 9820 7184
f 9819 7184 7185
f 7152 9578 9579
f 7152 7153 9578
f 9588 7373 7374
f 9588 9589 7373
f 7341 7342 9347
f 7341 9347 9348
f 9357 7541 7542
f 9357 9358 7541
f 10260 10261 10025
f 10260 10025 10026
f 7509 9116 9117
f 7509 7510 9116
f 6732 6733 10019
f 6732 10019 10020
f 7698 8885 8886
f 7698 7699 8885
f 10029 6974 6975
f 10029 10030 6974
f 9126 7730 7731
f 9126 9127 7730
f 7887 7888 8696
f 7887 8696 8697
f 6942 6943 9809
f 6942 9809 9810
f 8895 7919 7920
f 8895 8896 7919
f 8076 8486 8487
f 8076 8077 8486
f 8496 8481 8482
f 8496 8497 8481
f 8706 8108 8109
f 8706 8707 8108
f 10031 6972 6973
f 10031 6973 10030
f 9590 7371 7372
f 9590 7372 9589
f 6734 10018 6733
f 6734 10017 10018
f 9821 7182 7183
f 9821 7183 9820
f 6944 9808 6943
f 6944 9807 9808
f 7154 9576 9577
f 7154 9577 7153
f 7343 9346 7342
f 7343 9345 9346
f 7511 9114 9115
f 7511 9115 7510
f 10262 10022 10023
f 10262 10023 10024
f 10262 10024 10261
f 9359 7540 9358
f 9359 7539 7540
f 9128 7728 7729
f 9128 7729 9127
f 7700 8883 8884
f 7700 8884 7699
f 7889 8695 7888
f 7889 8694 8695
f 8897 7917 7918
f 8897 7918 8896
f 8078 8484 8485
f 8078 8485 8077
f 8498 8479 8480
f 8498 8480 8497
f 8708 8106 8107
f 8708 8107 8707
f 10028 10029 6975
f 10028 6975 6976
f 7340 7341 9348
f 7340 9348 9349
f 7151 7152 9579
f 7151 9579 9580
f 6731 10020 10021
f 6731 6732 10020
f 7508 7509 9117
f 7508 9117 9118
f 10259 10260 10026
f 9587 9588 7374
f 9587 7374 7375
f 9356 7542 7543
f 9356 9357 7542
f 6941 9810 9811
f 6941 6942 9810
f 9818 7185 7186
f 9818 9819 7185
f 7886 7887 8697
f 7886 8697 8698
f 7697 7698 8886
f 7697 8886 8887
f 8495 8482 8483
f 8495 8496 8482
f 8894 8895 7920
f 8894 7920 7921
f 9125 7731 7732
f 9125 9126 7731
f 8705 8109 8110
f 8705 8706 8109
f 8075 8487 8488
f 8075 8076 8487
f 9822 7181 7182
f 9822 7182 9821
f 9822 9581 7181
f 6735 10016 10017
f 6735 6977 10016
f 6735 10017 6734
f 7155 7376 9576
f 7155 9576 7154
f 10263 10022 10262
f 10032 9812 6972
f 10032 6972 10031
f 7512 7733 9114
f 7512 9114 7511
f 9360 7539 9359
f 9360 9119 7538
f 9360 7538 7539
f 9591 9350 7371
f 9591 7371 9590
f 8898 7916 7917
f 8898 7917 8897
f 8898 8699 7916
f 6945 9806 9807
f 6945 7187 9806
f 6945 9807 6944
f 7344 7544 9345
f 7344 9345 7343
f 9129 7727 7728
f 9129 8888 7727
f 9129 7728 9128
f 7701 8883 7700
f 7701 8882 8883
f 7701 7922 8882
f 8079 8483 8484
f 8079 8484 8078
f 8499 8478 8479
f 8499 8479 8498
f 8709 8105 8106
f 8709 8489 8105
f 8709 8106 8708
f 7890 8694 7889
f 7890 8693 8694
f 7890 8111 8693
f 6730 10022 10263
f 6730 6731 10021
f 6730 10021 10022
f 9817 9818 7186
f 9817 7186 7187
f 9817 7187 6945
f 10027 10028 6976
f 10027 6976 6977
f 10027 6977 6735
f 10258 10259 10026
f 10258 10026 10006
f 7150 9581 9822
f 7150 9580 9581
f 7150 7151 9580
f 7507 9118 9119
f 7507 7508 9118
f 7507 9119 9360
f 9586 7375 7376
f 9586 9587 7375
f 9586 7376 7155
f 9355 7543 7544
f 9355 9356 7543
f 9355 7544 7344
f 7885 7886 8698
f 7885 8698 8699
f 7885 8699 8898
f 7339 7340 9349
f 7339 9349 9350
f 7339 9350 9591
f 9124 9125 7732
f 9124 7732 7733
f 9124 7733 7512
f 7696 8887 8888
f 7696 7697 8887
f 7696 8888 9129
f 6940 9812 10032
f 6940 9811 9812
f 6940 6941 9811
f 8074 8075 8488
f 8074 8488 8489
f 8074 8489 8709
f 8494 8495 8483
f 8494 8483 8079
f 8704 8110 8111
f 8704 8705 8110
f 8704 8111 7890
f 8893 8894 7921
f 8893 7921 7922
f 8893 7922 7701
f 9823 7150 9822
f 10033 6940 10032
f 6736 10027 6735
f 10264 6730 10263
f 7156 9586 7155
f 7345 9355 7344
f 6946 9817 6945
f 7513 9124 7512
f 7702 8893 7701
f 9361 7507 9360
f 9592 7339 9591
f 9130 7696 9129
f 8080 8494 8079
f 8899 7885 8898
f 7891 8704 7890
f 8710 8074 8709
f 9837 9817 6946
f 7359 7339 9592
f 7170 7150 9823
f 6750 6730 10264
f 6960 6940 10033
f 9606 9586 7156
f 7527 7507 9361
f 9375 9355 7345
f 10047 10027 6736
f 9144 9124 7513
f 7905 7885 8899
f 7716 7696 9130
f 8514 8494 8080
f 8913 8893 7702
f 8724 8704 7891
f 8094 8074 8710
f 10265 6750 10264
f 9824 7170 9823
f 7346 9375 7345
f 9593 7359 9592
f 7157 9606 7156
f 10034 6960 10033
f 9362 7527 9361
f 6737 10047 6736
f 7514 9144 7513
f 7703 8913 7702
f 6947 9837 6946
f 9131 7716 9130
f 7892 8724 7891
f 8900 7905 8899
f 8081 8514 8080
f 8711 8094 8710
f 7169 7170 9824
f 7358 7359 9593
f 9605 9606 7157
f 9836 9837 6947
f 10046 10047 6737
f 6959 6960 10034
f 6749 6750 10265
f 7715 7716 9131
f 9374 9375 7346
f 7526 7527 9362
f 8912 8913 7703
f 9143 9144 7514
f 7904 7905 8900
f 8513 8514 8081
f 8093 8094 8711
f 8723 8724 7892
f 9825 7169 9824
f 6948 9836 6947
f 7158 9605 7157
f 9594 7358 9593
f 7515 9143 7514
f 7347 9374 7346
f 10035 6959 10034
f 6738 10046 6737
f 10266 6749 10265
f 9363 7526 9362
f 7704 8912 7703
f 7893 8723 7892
f 9132 7715 9131
f 8901 7904 8900
f 8082 8513 8081
f 8712 8093 8711
f 9604 9605 7158
f 9835 9836 6948
f 9373 9374 7347
f 10045 10046 6738
f 7168 7169 9825
f 7357 7358 9594
f 6748 6749 10266
f 7525 7526 9363
f 6958 6959 10035
f 8911 8912 7704
f 7714 7715 9132
f 7903 7904 8901
f 8092 8093 8712
f 9142 9143 7515
f 8512 8513 8082
f 8722 8723 7893
f 9595 7357 9594
f 9826 7168 9825
f 10267 6748 10266
f 7159 9604 7158
f 10036 6958 10035
f 7348 9373 7347
f 6739 10045 6738
f 6949 9835 6948
f 9364 7525 9363
f 8902 7903 8901
f 7516 9142 7515
f 7894 8722 7893
f 9133 7714 9132
f 7705 8911 7704
f 8083 8512 8082
f 8713 8092 8712
f 10044 10045 6739
f 9834 9835 6949
f 9603 9604 7159
f 6747 6748 10267
f 7356 7357 9595
f 7167 7168 9826
f 6957 6958 10036
f 9372 9373 7348
f 7524 7525 9364
f 7902 7903 8902
f 7713 7714 9133
f 9141 9142 7516
f 8511 8512 8083
f 8721 8722 7894
f 8910 8911 7705
f 8091 8092 8713
f 9596 7356 9595
f 7160 9603 7159
f 10268 6747 10267
f 7349 9372 7348
f 6740 10044 6739
f 6950 9834 6949
f 9365 7524 9364
f 7517 9141 7516
f 10037 6957 10036
f 9827 7167 9826
f 7706 8910 7705
f 9134 7713 9133
f 7895 8721 7894
f 8903 7902 8902
f 8714 8091 8713
f 8084 8511 8083
f 9602 9603 7160
f 6746 6747 10268
f 9371 9372 7349
f 9833 9834 6950
f 6956 6957 10037
f 7523 7524 9365
f 7166 7167 9827
f 10043 10044 6740
f 7355 7356 9596
f 8510 8511 8084
f 9140 9141 7517
f 8909 8910 7706
f 7712 7713 9134
f 7901 7902 8903
f 8720 8721 7895
f 8090 8091 8714
f 10269 6746 10268
f 7350 9371 7349
f 6741 10043 6740
f 7518 9140 7517
f 9597 7355 9596
f 10051 6952 6953
f 10513 10276 10277
f 9610 7351 7352
f 7321 9367 9368
f 9841 7162 7163
f 6712 10039 10040
f 10282 6742 6743
f 6922 9829 9830
f 6502 10270 10271
f 7132 9598 9599
f 9379 7519 7520
f 7489 9136 9137
f 7678 8905 8906
f 9148 7708 7709
f 8917 7897 7898
f 8518 8501 8502
f 8056 8506 8507
f 7867 8716 8717
f 8728 8086 8087
f 7320 9368 9369
f 7320 7321 9368
f 10512 10277 10278
f 10512 10513 10277
f 6501 10271 10272
f 6501 6502 10271
f 9840 9841 7163
f 9840 7163 7164
f 10050 10051 6953
f 10050 6953 6954
f 7677 7678 8906
f 7677 8906 8907
f 10281 6743 6744
f 10281 10282 6743
f 9609 9610 7352
f 9609 7352 7353
f 6711 6712 10040
f 6711 10040 10041
f 7488 7489 9137
f 7488 9137 9138
f 7131 7132 9599
f 7131 9599 9600
f 9378 9379 7520
f 9378 7520 7521
f 6921 6922 9830
f 6921 9830 9831
f 7866 8717 8718
f 7866 7867 8717
f 9147 9148 7709
f 9147 7709 7710
f 8517 8502 8503
f 8517 8518 8502
f 8916 8917 7898
f 8916 7898 7899
f 8055 8507 8508
f 8055 8056 8507
f 8727 8728 8087
f 8727 8087 8088
f 7322 9367 7321
f 7322 9366 9367
f 6503 10269 10270
f 6503 10270 6502
f 10514 10275 10276
f 10514 10276 10513
f 10283 6741 6742
f 10283 6742 10282
f 9842 7161 7162
f 9842 7162 9841
f 10052 6952 10051
f 10052 6951 6952
f 7133 9597 9598
f 7133 9598 7132
f 9380 7519 9379
f 9380 7518 7519
f 6713 10038 10039
f 6713 10039 6712
f 7490 9136 7489
f 7490 9135 9136
f 6923 9829 6922
f 6923 9828 9829
f 9611 7350 7351
f 9611 7351 9610
f 7679 8905 7678
f 7679 8904 8905
f 8519 8500 8501
f 8519 8501 8518
f 9149 7708 9148
f 9149 7707 7708
f 7868 8716 7867
f 7868 8715 8716
f 8057 8506 8056
f 8057 8505 8506
f 8729 8086 8728
f 8729 8085 8086
f 8918 7897 8917
f 8918 7896 7897
f 7319 7320 9369
f 7319 9369 9370
f 10511 10512 10278
f 6920 9831 9832
f 6920 6921 9831
f 9839 7164 7165
f 9839 9840 7164
f 10280 6744 6745
f 10280 10281 6744
f 7130 9600 9601
f 7130 7131 9600
f 10049 6954 6955
f 10049 10050 6954
f 6710 10041 10042
f 6710 6711 10041
f 7676 8907 8908
f 7676 7677 8907
f 9377 7521 7522
f 9377 9378 7521
f 9608 9609 7353
f 9608 7353 7354
f 6500 10272 10273
f 6500 6501 10272
f 7487 9138 9139
f 7487 7488 9138
f 8516 8517 8503
f 8516 8503 8504
f 8726 8727 8088
f 8726 8088 8089
f 8054 8055 8508
f 8054 8508 8509
f 8915 8916 7899
f 8915 7899 7900
f 9146 7710 7711
f 9146 9147 7710
f 7865 8718 8719
f 7865 7866 8718
f 10284 6741 10283
f 10284 10043 6741
f 10515 10274 10275
f 10515 10275 10514
f 7323 9365 9366
f 7323 9366 7322
f 7323 7523 9365
f 6714 10038 6713
f 6714 6956 10037
f 6714 10037 10038
f 9381 7518 9380
f 9381 9140 7518
f 9612 9371 7350
f 9612 7350 9611
f 6504 6746 10269
f 6504 10269 6503
f 9843 7160 7161
f 9843 9602 7160
f 9843 7161 9842
f 10053 6951 10052
f 10053 6950 6951
f 10053 9833 6950
f 7134 9597 7133
f 7134 7355 9597
f 6924 9828 6923
f 6924 9827 9828
f 6924 7166 9827
f 8520 8499 8500
f 8520 8500 8519
f 7491 9135 7490
f 7491 9134 9135
f 7491 7712 9134
f 8919 7896 8918
f 8919 8720 7895
f 8919 7895 7896
f 9150 7707 9149
f 9150 8909 7706
f 9150 7706 7707
f 7680 7901 8903
f 7680 8903 8904
f 7680 8904 7679
f 8730 8085 8729
f 8730 8510 8084
f 8730 8084 8085
f 8058 8504 8505
f 8058 8505 8057
f 7869 8090 8714
f 7869 8715 7868
f 7869 8714 8715
f 10279 6746 6504
f 10279 6745 6746
f 10279 10280 6745
f 7318 9370 9371
f 7318 9371 9612
f 7318 7319 9370
f 6709 6710 10042
f 6709 10042 10043
f 6709 10043 10284
f 6499 10273 10274
f 6499 6500 10273
f 6499 10274 10515
f 9376 9377 7522
f 9376 7523 7323
f 9376 7522 7523
f 9607 7354 7355
f 9607 9608 7354
f 9607 7355 7134
f 10510 10278 10258
f 10510 10511 10278
f 9838 7166 6924
f 9838 9839 7165
f 9838 7165 7166
f 10048 6955 6956
f 10048 6956 6714
f 10048 10049 6955
f 7675 8909 9150
f 7675 8908 8909
f 7675 7676 8908
f 6919 6920 9832
f 6919 9833 10053
f 6919 9832 9833
f 8515 8516 8504
f 8515 8504 8058
f 7486 7487 9139
f 7486 9139 9140
f 7486 9140 9381
f 8914 8915 7900
f 8914 7900 7901
f 8914 7901 7680
f 9145 7712 7491
f 9145 9146 7711
f 9145 7711 7712
f 7129 9601 9602
f 7129 9602 9843
f 7129 7130 9601
f 7864 8720 8919
f 7864 8719 8720
f 7864 7865 8719
f 8053 8510 8730
f 8053 8509 8510
f 8053 8054 8509
f 8725 8090 7869
f 8725 8726 8089
f 8725 8089 8090
f 10516 6499 10515
f 7324 9376 7323
f 10054 6919 10053
f 9844 7129 9843
f 9382 7486 9381
f 10285 6709 10284
f 9613 7318 9612
f 6715 10048 6714
f 6505 10279 6504
f 7492 9145 7491
f 9151 7675 9150
f 7681 8914 7680
f 6925 9838 6924
f 7135 9607 7134
f 7870 8725 7869
f 8059 8515 8058
f 8920 7864 8919
f 8731 8053 8730
f 10068 10048 6715
f 9627 9607 7135
f 7338 7318 9613
f 6939 6919 10054
f 9858 9838 6925
f 6519 6499 10516
f 10299 10279 6505
f 6729 6709 10285
f 7149 7129 9844
f 7695 7675 9151
f 9396 9376 7324
f 7506 7486 9382
f 9165 9145 7492
f 8745 8725 7870
f 8535 8515 8059
f 8934 8914 7681
f 7884 7864 8920
f 8073 8053 8731
f 10286 6729 10285
f 9614 7338 9613
f 7136 9627 7135
f 7325 9396 7324
f 10055 6939 10054
f 9383 7506 9382
f 10517 6519 10516
f 9845 7149 9844
f 6716 10068 6715
f 7493 9165 7492
f 7682 8934 7681
f 6926 9858 6925
f 6506 10299 6505
f 7871 8745 7870
f 9152 7695 9151
f 8060 8535 8059
f 8921 7884 8920
f 8732 8073 8731
f 10298 10299 6506
f 7337 7338 9614
f 6938 6939 10055
f 9626 9627 7136
f 9395 9396 7325
f 7148 7149 9845
f 10067 10068 6716
f 9857 9858 6926
f 6728 6729 10286
f 7505 7506 9383
f 7694 7695 9152
f 6518 6519 10517
f 9164 9165 7493
f 7883 7884 8921
f 8534 8535 8060
f 8744 8745 7871
f 8933 8934 7682
f 8072 8073 8732
f 7326 9395 7325
f 10518 6518 10517
f 6507 10298 6506
f 10056 6938 10055
f 10287 6728 10286
f 6717 10067 6716
f 7137 9626 7136
f 7494 9164 7493
f 9384 7505 9383
f 7683 8933 7682
f 6927 9857 6926
f 9615 7337 9614
f 9846 7148 9845
f 9153 7694 9152
f 8061 8534 8060
f 8922 7883 8921
f 7872 8744 7871
f 8733 8072 8732
f 7336 7337 9615
f 9625 9626 7137
f 6937 6938 10056
f 6517 6518 10518
f 9856 9857 6927
f 10066 10067 6717
f 10297 10298 6507
f 7147 7148 9846
f 6727 6728 10287
f 7504 7505 9384
f 7693 7694 9153
f 9394 9395 7326
f 9163 9164 7494
f 8533 8534 8061
f 7882 7883 8922
f 8071 8072 8733
f 8932 8933 7683
f 8743 8744 7872
f 9616 7336 9615
f 10057 6937 10056
f 7327 9394 7326
f 9385 7504 9384
f 6928 9856 6927
f 10519 6517 10518
f 9847 7147 9846
f 10288 6727 10287
f 7138 9625 7137
f 6718 10066 6717
f 6508 10297 6507
f 7495 9163 7494
f 9154 7693 9153
f 7684 8932 7683
f 7873 8743 7872
f 8734 8071 8733
f 8923 7882 8922
f 8062 8533 8061
f 7335 7336 9616
f 10065 10066 6718
f 10296 10297 6508
f 6516 6517 10519
f 9855 9856 6928
f 7146 7147 9847
f 6726 6727 10288
f 7503 7504 9385
f 7692 7693 9154
f 6936 6937 10057
f 9624 9625 7138
f 9393 9394 7327
f 8532 8533 8062
f 9162 9163 7495
f 8931 8932 7684
f 8070 8071 8734
f 8742 8743 7873
f 7881 7882 8923
f 7328 9393 7327
f 10289 6726 10288
f 9617 7335 9616
f 10520 6516 10519
f 10058 6936 10057
f 9386 7503 9385
f 9848 7146 9847
f 6719 10065 6718
f 7496 9162 7495
f 7685 8931 7684
f 6929 9855 6928
f 6509 10296 6508
f 7139 9624 7138
f 9155 7692 9154
f 8924 7881 8923
f 7874 8742 7873
f 8063 8532 8062
f 8735 8070 8734
f 10064 10065 6719
f 10295 10296 6509
f 7334 7335 9617
f 6725 6726 10289
f 9392 9393 7328
f 9623 9624 7139
f 6935 6936 10058
f 6515 6516 10520
f 9854 9855 6929
f 7145 7146 9848
f 7691 7692 9155
f 8531 8532 8063
f 8069 8070 8735
f 8741 8742 7874
f 7502 7503 9386
f 8930 8931 7685
f 9161 9162 7496
f 7880 7881 8924
f 7329 9392 7328
f 10521 6515 10520
f 10290 6725 10289
f 9618 7334 9617
f 9387 7502 9386
f 8064 8531 8063
f 8925 7880 8924
f 10534 6511 6512
f 7111 9619 9620
f 10072 6931 6932
f 9862 7141 7142
f 7300 9388 9389
f 6691 10060 10061
f 9631 7330 7331
f 10303 6721 6722
f 6481 10291 10292
f 7846 8737 8738
f 7468 9157 9158
f 9400 7498 7499
f 7657 8926 8927
f 9169 7687 7688
f 6901 9850 9851
f 8035 8527 8528
f 8938 7876 7877
f 8749 8065 8066
f 10764 10765 10528
f 10764 10528 10529
f 7110 7111 9620
f 7110 9620 9621
f 10533 10534 6512
f 10533 6512 6513
f 9630 9631 7331
f 9630 7331 7332
f 10071 10072 6932
f 10071 6932 6933
f 7299 9389 9390
f 7299 7300 9389
f 6690 10061 10062
f 6690 6691 10061
f 6480 10292 10293
f 6480 6481 10292
f 9861 7142 7143
f 9861 9862 7142
f 10302 10303 6722
f 10302 6722 6723
f 9399 9400 7499
f 9399 7499 7500
f 7467 9158 9159
f 7467 7468 9158
f 7656 7657 8927
f 7656 8927 8928
f 6900 6901 9851
f 6900 9851 9852
f 7845 7846 8738
f 7845 8738 8739
f 8034 8035 8528
f 8034 8528 8529
f 9168 9169 7688
f 9168 7688 7689
f 8748 8749 8066
f 8748 8066 8067
f 8937 8938 7877
f 8937 7877 7878
f 7112 9618 9619
f 7112 9619 7111
f 10535 6510 6511
f 10535 6511 10534
f 10766 10528 10765
f 10766 10527 10528
f 6482 10290 10291
f 6482 10291 6481
f 10073 6931 10072
f 10073 6930 6931
f 7301 9387 9388
f 7301 9388 7300
f 6692 10060 6691
f 6692 10059 10060
f 9632 7330 9631
f 9632 7329 7330
f 10304 6720 6721
f 10304 6721 10303
f 9863 7140 7141
f 9863 7141 9862
f 7469 9156 9157
f 7469 9157 7468
f 6902 9850 6901
f 6902 9849 9850
f 9401 7498 9400
f 9401 7497 7498
f 8036 8527 8035
f 8036 8526 8527
f 8750 8065 8749
f 8750 8064 8065
f 7847 8737 7846
f 7847 8736 8737
f 8939 7876 8938
f 8939 7875 7876
f 7658 8926 7657
f 7658 8925 8926
f 9170 7687 9169
f 9170 7686 7687
f 10070 10071 6933
f 10070 6933 6934
f 7109 7110 9621
f 7109 9621 9622
f 10532 10533 6513
f 10532 6513 6514
f 6689 6690 10062
f 6689 10062 10063
f 9860 7143 7144
f 9860 9861 7143
f 10301 10302 6723
f 10301 6723 6724
f 9629 9630 7332
f 9629 7332 7333
f 7466 9159 9160
f 7466 7467 9159
f 6899 6900 9852
f 6899 9852 9853
f 9398 7500 7501
f 9398 9399 7500
f 6479 6480 10293
f 6479 10293 10294
f 7298 9390 9391
f 7298 7299 9390
f 8033 8529 8530
f 8033 8034 8529
f 8936 7878 7879
f 8936 8937 7878
f 7844 7845 8739
f 7844 8739 8740
f 8747 8067 8068
f 8747 8748 8067
f 9167 9168 7689
f 9167 7689 7690
f 7655 8928 8929
f 7655 7656 8928
f 6050 10258 10006
f 6050 10510 10258
f 6050 10764 10529
f 6050 10529 10530
f 6050 10530 10510
f 6050 10763 10764
f 6048 6050 6049
f 10536 6510 10535
f 10536 10295 6509
f 10536 6509 6510
f 10767 10527 10766
f 10767 10526 10527
f 7113 9618 7112
f 7113 7334 9618
f 10305 6720 10304
f 10305 10064 6719
f 10305 6719 6720
f 9864 7139 7140
f 9864 9623 7139
f 9864 7140 9863
f 7302 7502 9387
f 7302 9387 7301
f 6693 6935 10058
f 6693 10059 6692
f 6693 10058 10059
f 6483 10290 6482
f 6483 6725 10290
f 9633 7329 9632
f 9633 9392 7329
f 9402 7497 9401
f 9402 7496 7497
f 9402 9161 7496
f 10074 6930 10073
f 10074 9854 6929
f 10074 6929 6930
f 6903 7145 9848
f 6903 9849 6902
f 6903 9848 9849
f 8037 8526 8036
f 8037 8525 8526
f 8940 8741 7874
f 8940 7875 8939
f 8940 7874 7875
f 8751 8531 8064
f 8751 8064 8750
f 7470 9155 9156
f 7470 7691 9155
f 7470 9156 7469
f 9171 7686 9170
f 9171 8930 7685
f 9171 7685 7686
f 7659 8925 7658
f 7659 7880 8925
f 7848 8069 8735
f 7848 8736 7847
f 7848 8735 8736
f 6047 6050 6048
f 10531 10532 6514
f 10531 6514 6515
f 10531 6515 10521
f 10762 10763 6050
f 7108 9623 9864
f 7108 9622 9623
f 7108 7109 9622
f 10300 10301 6724
f 10300 6724 6725
f 10300 6725 6483
f 7297 7298 9391
f 7297 9391 9392
f 7297 9392 9633
f 6688 10063 10064
f 6688 10064 10305
f 6688 6689 10063
f 7465 9161 9402
f 7465 9160 9161
f 7465 7466 9160
f 6478 10295 10536
f 6478 10294 10295
f 6478 6479 10294
f 9628 7334 7113
f 9628 9629 7333
f 9628 7333 7334
f 9859 7144 7145
f 9859 9860 7144
f 9859 7145 6903
f 10069 6934 6935
f 10069 10070 6934
f 10069 6935 6693
f 6898 9854 10074
f 6898 6899 9853
f 6898 9853 9854
f 9397 7502 7302
f 9397 9398 7501
f 9397 7501 7502
f 8032 8033 8530
f 8032 8531 8751
f 8032 8530 8531
f 8746 8068 8069
f 8746 8747 8068
f 8746 8069 7848
f 8935 7880 7659
f 8935 8936 7879
f 8935 7879 7880
f 9166 9167 7690
f 9166 7691 7470
f 9166 7690 7691
f 7654 8930 9171
f 7654 7655 8929
f 7654 8929 8930
f 7843 8741 8940
f 7843 7844 8740
f 7843 8740 8741
f 10768 10525 10526
f 10768 10526 10767
f 10075 6898 10074
f 7114 9628 7113
f 10306 6688 10305
f 10537 6478 10536
f 6694 10069 6693
f 9634 7297 9633
f 9865 7108 9864
f 7303 9397 7302
f 9403 7465 9402
f 6484 10300 6483
f 7471 9166 7470
f 6904 9859 6903
f 7660 8935 7659
f 8038 8525 8037
f 7849 8746 7848
f 8941 7843 8940
f 9172 7654 9171
f 8752 8032 8751
f 10782 10762 6050
f 10551 10521 10522
f 10551 10531 10521
f 10320 10300 6484
f 7128 7108 9865
f 9879 9859 6904
f 7317 7297 9634
f 6708 6688 10306
f 6918 6898 10075
f 9648 9628 7114
f 6498 6478 10537
f 10089 10069 6694
f 7485 7465 9403
f 9417 9397 7303
f 8052 8032 8752
f 7863 7843 8941
f 7674 7654 9172
f 9186 9166 7471
f 8955 8935 7660
f 8766 8746 7849
f 10769 10524 10525
f 10769 10525 10768
f 7115 9648 7114
f 10307 6708 10306
f 10538 6498 10537
f 9404 7485 9403
f 7304 9417 7303
f 6695 10089 6694
f 6905 9879 6904
f 9635 7317 9634
f 10076 6918 10075
f 9866 7128 9865
f 7472 9186 7471
f 7661 8955 7660
f 6485 10320 6484
f 8942 7863 8941
f 9173 7674 9172
f 7850 8766 7849
f 8753 8052 8752
f 10781 6050 6047
f 10781 10782 6050
f 9647 9648 7115
f 10088 10089 6695
f 10550 10551 10522
f 7316 7317 9635
f 6707 6708 10307
f 10319 10320 6485
f 9416 9417 7304
f 6917 6918 10076
f 7127 7128 9866
f 9878 9879 6905
f 7484 7485 9404
f 7673 7674 9173
f 6497 6498 10538
f 8954 8955 7661
f 7862 7863 8942
f 9185 9186 7472
f 8051 8052 8753
f 8765 8766 7850
f 7116 9647 7115
f 9867 7127 9866
f 10539 6497 10538
f 7305 9416 7304
f 6486 10319 6485
f 6906 9878 6905
f 10077 6917 10076
f 6696 10088 6695
f 7473 9185 7472
f 10308 6707 10307
f 9405 7484 9404
f 9636 7316 9635
f 7851 8765 7850
f 9174 7673 9173
f 7662 8954 7661
f 8754 8051 8753
f 8943 7862 8942
f 7126 7127 9867
f 9646 9647 7116
f 9877 9878 6906
f 7315 7316 9636
f 6706 6707 10308
f 6496 6497 10539
f 10087 10088 6696
f 10318 10319 6486
f 9415 9416 7305
f 7483 7484 9405
f 7672 7673 9174
f 6916 6917 10077
f 8050 8051 8754
f 7861 7862 8943
f 8764 8765 7851
f 9184 9185 7473
f 8953 8954 7662
f 6046 10781 6047
f 6043 10780 10781
f 6043 6045 6044
f 6043 6046 6045
f 6043 10781 6046
f 7117 9646 7116
f 10309 6706 10308
f 9868 7126 9867
f 6907 9877 6906
f 10540 6496 10539
f 7306 9415 7305
f 6697 10087 6696
f 9637 7315 9636
f 10078 6916 10077
f 6487 10318 6486
f 7852 8764 7851
f 7474 9184 7473
f 9175 7672 9174
f 7663 8953 7662
f 8944 7861 8943
f 8755 8050 8754
f 10086 10087 6697
f 10779 10780 6043
f 7125 7126 9868
f 10317 10318 6487
f 7314 7315 9637
f 9645 9646 7117
f 6495 6496 10540
f 9876 9877 6907
f 8049 8050 8755
f 6705 6706 10309
f 9414 9415 7306
f 6915 6916 10078
f 8763 8764 7852
f 9183 9184 7474
f 7671 7672 9175
f 7860 7861 8944
f 8952 8953 7663
f 7118 9645 7117
f 10310 6705 10309
f 10541 6495 10540
f 7307 9414 7306
f 9869 7125 9868
f 10079 6915 10078
f 9638 7314 9637
f 6698 10086 6697
f 7475 9183 7474
f 6908 9876 6907
f 6488 10317 6487
f 9176 7671 9175
f 7664 8952 7663
f 7853 8763 7852
f 8756 8049 8755
f 8945 7860 8944
f 10778 10779 6043
f 10085 10086 6698
f 7124 7125 9869
f 10316 10317 6488
f 7313 7314 9638
f 6704 6705 10310
f 9413 9414 7307
f 6914 6915 10079
f 9644 9645 7118
f 6494 6495 10541
f 9875 9876 6908
f 8048 8049 8756
f 9182 9183 7475
f 8951 8952 7664
f 8762 8763 7853
f 7859 7860 8945
f 7670 7671 9176
f 7119 9644 7118
f 10311 6704 10310
f 10542 6494 10541
f 7308 9413 7307
f 6489 10316 6488
f 8946 7859 8945
f 10777 10778 6043
f 10776 10777 6043
f 8266 7479 7480
f 8265 7480 7481
f 8265 8266 7480
f 8267 7479 8266
f 8267 7478 7479
f 8264 7481 7482
f 8264 8265 7481
f 8268 7477 7478
f 8268 7478 8267
f 8263 7483 9405
f 8263 7482 7483
f 8263 9405 9406
f 8263 8264 7482
f 10996 8523 8524
f 10975 10523 10524
f 10975 10524 10769
f 10995 8525 8038
f 10995 10996 8524
f 10995 8524 8525
f 10974 10769 10770
f 10974 10975 10769
f 8269 7477 8268
f 8269 7476 7477
f 10997 8523 10996
f 10997 8522 8523
f 10976 10523 10975
f 10976 10550 10522
f 10976 10522 10523
f 10994 10995 8038
f 10994 8038 8039
f 10973 10770 10771
f 10973 10974 10770
f 8283 8263 9406
f 8283 9406 9407
f 10998 8522 10997
f 10998 8521 8522
f 10977 10550 10976
f 10977 10549 10550
f 10993 10994 8039
f 10993 8039 8040
f 10972 10771 10772
f 10972 10973 10771
f 8270 7475 7476
f 8270 7476 8269
f 8282 9407 9408
f 8282 8283 9407
f 10978 10549 10977
f 10978 10548 10549
f 11013 8040 8041
f 11013 10993 8040
f 10992 10772 10773
f 10992 10972 10772
f 8271 9182 7475
f 8271 7475 8270
f 8281 8282 9408
f 10979 10548 10978
f 10979 10547 10548
f 11012 8041 8042
f 11012 11013 8041
f 10991 10773 10774
f 10991 10992 10773
f 10980 10547 10979
f 10990 10774 10775
f 10990 10991 10774
f 10989 10775 10776
f 10989 10990 10775
f 10988 10989 10776
f 10988 10776 6043
f 10987 10988 6043
f 7090 9640 9641
f 10093 6910 6911
f 7279 9409 9410
f 9883 7120 7121
f 6880 9871 9872
f 6460 10312 10313
f 9652 7309 7310
f 10324 6700 6701
f 6271 10543 10544
f 10555 6490 6491
f 6670 10081 10082
f 9421 8274 8275
f 9190 7666 7667
f 7447 9178 9179
f 8770 8044 8045
f 8959 7855 7856
f 7636 8947 8948
f 7825 8758 8759
f 8539 10999 11000
f 10554 6491 6492
f 10554 10555 6491
f 6459 10313 10314
f 6459 6460 10313
f 9882 9883 7121
f 9882 7121 7122
f 10092 10093 6911
f 10092 6911 6912
f 7089 7090 9641
f 7089 9641 9642
f 7278 7279 9410
f 7278 9410 9411
f 10323 10324 6701
f 10323 6701 6702
f 6879 9872 9873
f 6879 6880 9872
f 9651 9652 7310
f 9651 7310 7311
f 6270 6271 10544
f 6270 10544 10545
f 6669 6670 10082
f 6669 10082 10083
f 7446 9179 9180
f 7446 7447 9179
f 7635 7636 8948
f 7635 8948 8949
f 9420 8275 8276
f 9420 9421 8275
f 8958 8959 7856
f 8958 7856 7857
f 8769 8045 8046
f 8769 8770 8045
f 7824 8759 8760
f 7824 7825 8759
f 8538 8539 11000
f 8538 11000 11001
f 9189 9190 7667
f 9189 7667 7668
f 6881 9871 6880
f 6881 9870 9871
f 6461 10312 6460
f 6461 10311 10312
f 10556 6490 10555
f 10556 6489 6490
f 9884 7120 9883
f 9884 7119 7120
f 6272 10543 6271
f 6272 10542 10543
f 10094 6910 10093
f 10094 6909 6910
f 7091 9639 9640
f 7091 9640 7090
f 10325 6700 10324
f 10325 6699 6700
f 7280 8281 9408
f 7280 9409 7279
f 7280 9408 9409
f 6671 10080 10081
f 6671 10081 6670
f 9653 7309 9652
f 9653 7308 7309
f 8960 7854 7855
f 8960 7855 8959
f 7448 9178 7447
f 7448 9177 9178
f 9422 8273 8274
f 9422 8274 9421
f 7826 8757 8758
f 7826 8758 7825
f 8771 8043 8044
f 8771 8044 8770
f 7637 8947 7636
f 7637 8946 8947
f 9191 7665 7666
f 9191 7666 9190
f 8540 10998 10999
f 8540 10999 8539
f 10553 6492 6493
f 10553 10554 6492
f 6878 9873 9874
f 6878 6879 9873
f 10322 10323 6702
f 10322 6702 6703
f 7277 7278 9411
f 7277 9411 9412
f 10091 6912 6913
f 10091 10092 6912
f 6458 10314 10315
f 6458 6459 10314
f 6269 6270 10545
f 6269 10545 10546
f 9881 7122 7123
f 9881 9882 7122
f 7088 7089 9642
f 7088 9642 9643
f 6668 10083 10084
f 6668 6669 10083
f 7634 7635 8949
f 7634 8949 8950
f 9188 9189 7668
f 9188 7668 7669
f 9419 9420 8276
f 9419 8276 8277
f 7823 7824 8760
f 7823 8760 8761
f 9650 9651 7311
f 9650 7311 7312
f 8957 7857 7858
f 8957 8958 7857
f 8537 11001 11002
f 8537 8538 11001
f 7445 9180 9181
f 7445 7446 9180
f 8768 8046 8047
f 8768 8769 8046
f 10557 10316 6489
f 10557 6489 10556
f 9885 7119 9884
f 9885 9644 7119
f 10095 9875 6908
f 10095 6909 10094
f 10095 6908 6909
f 7092 7313 9638
f 7092 9639 7091
f 7092 9638 9639
f 7281 8281 7280
f 7281 8280 8281
f 10326 6699 10325
f 10326 6698 6699
f 10326 10085 6698
f 6672 10079 10080
f 6672 6914 10079
f 6672 10080 6671
f 6882 9869 9870
f 6882 7124 9869
f 6882 9870 6881
f 6462 6704 10311
f 6462 10311 6461
f 9423 8273 9422
f 9423 8272 8273
f 9654 9413 7308
f 9654 7308 9653
f 6273 10542 6272
f 6273 6494 10542
f 7449 9176 9177
f 7449 7670 9176
f 7449 9177 7448
f 8772 8042 8043
f 8772 11011 11012
f 8772 8043 8771
f 8772 11012 8042
f 8961 8762 7853
f 8961 7853 7854
f 8961 7854 8960
f 7638 7859 8946
f 7638 8946 7637
f 9192 8951 7664
f 9192 7665 9191
f 9192 7664 7665
f 7827 8048 8756
f 7827 8756 8757
f 7827 8757 7826
f 10552 6494 6273
f 10552 6493 6494
f 10552 10553 6493
f 9880 7124 6882
f 9880 9881 7123
f 9880 7123 7124
f 10090 10091 6913
f 10090 6913 6914
f 10090 6914 6672
f 10321 6703 6704
f 10321 10322 6703
f 10321 6704 6462
f 7087 9644 9885
f 7087 7088 9643
f 7087 9643 9644
f 6667 10084 10085
f 6667 6668 10084
f 6667 10085 10326
f 7276 7277 9412
f 7276 9412 9413
f 7276 9413 9654
f 6877 9874 9875
f 6877 6878 9874
f 6877 9875 10095
f 6457 10316 10557
f 6457 10315 10316
f 6457 6458 10315
f 9418 8277 8278
f 9418 9419 8277
f 9649 7312 7313
f 9649 7313 7092
f 9649 9650 7312
f 6268 10547 10980
f 6268 10546 10547
f 6268 6269 10546
f 7444 9182 8271
f 7444 9181 9182
f 7444 8271 8272
f 7444 7445 9181
f 8767 8768 8047
f 8767 8047 8048
f 8767 8048 7827
f 8956 8957 7858
f 8956 7859 7638
f 8956 7858 7859
f 7633 8950 8951
f 7633 8951 9192
f 7633 7634 8950
f 9187 9188 7669
f 9187 7670 7449
f 9187 7669 7670
f 7822 8761 8762
f 7822 7823 8761
f 7822 8762 8961
f 8536 8537 11002
f 7093 9649 7092
f 10327 6667 10326
f 10558 6457 10557
f 7282 8280 7281
f 7282 8279 8280
f 6673 10090 6672
f 6883 9880 6882
f 6463 10321 6462
f 9655 7276 9654
f 10096 6877 10095
f 9886 7087 9885
f 6274 10552 6273
f 7450 9187 7449
f 8773 11011 8772
f 8773 11010 11011
f 8962 7822 8961
f 9424 7444 8272
f 9424 8272 9423
f 7639 8956 7638
f 9193 7633 9192
f 7828 8767 7827
f 6897 6877 10096
f 6477 6457 10558
f 10110 10090 6673
f 6288 10980 10981
f 6288 6268 10980
f 7107 7087 9886
f 10572 10552 6274
f 9669 9649 7093
f 10341 10321 6463
f 7296 7276 9655
f 6687 6667 10327
f 9900 9880 6883
f 9207 9187 7450
f 7653 7633 9193
f 9438 9418 8278
f 7842 7822 8962
f 7464 7444 9424
f 8976 8956 7639
f 8556 11002 11003
f 8556 8536 11002
f 8787 8767 7828
f 6026 8521 10998
f 6026 8520 8521
f 6026 8499 8520
f 6026 10998 8540
f 6026 8540 8541
f 6026 8541 8542
f 10328 6687 10327
f 9887 7107 9886
f 10097 6897 10096
f 7094 9669 7093
f 10559 6477 10558
f 7283 8279 7282
f 6674 10110 6673
f 6464 10341 6463
f 9656 7296 9655
f 6884 9900 6883
f 6275 10572 6274
f 7451 9207 7450
f 9194 7653 9193
f 7640 8976 7639
f 9425 7464 9424
f 8774 11009 11010
f 8774 11010 8773
f 8963 7842 8962
f 7829 8787 7828
f 8543 6026 8542
f 6029 6028 6026
f 10340 10341 6464
f 9899 9900 6884
f 6896 6897 10097
f 10571 10572 6275
f 7295 7296 9656
f 6686 6687 10328
f 7106 7107 9887
f 6476 6477 10559
f 9668 9669 7094
f 10109 10110 6674
f 6287 10981 10982
f 6287 6288 10981
f 7463 7464 9425
f 7652 7653 9194
f 9437 9438 8278
f 9437 8278 8279
f 9437 8279 7283
f 8975 8976 7640
f 8786 8787 7829
f 9206 9207 7451
f 7841 7842 8963
f 8555 11003 11004
f 8555 8556 11003
f 6030 6029 6026
f 10560 6476 10559
f 9888 7106 9887
f 7284 9437 7283
f 6885 9899 6884
f 7095 9668 7094
f 10098 6896 10097
f 6465 10340 6464
f 6276 10571 6275
f 10329 6686 10328
f 6675 10109 6674
f 7641 8975 7640
f 9426 7463 9425
f 9657 7295 9656
f 7452 9206 7451
f 8775 11008 11009
f 8775 11009 8774
f 9195 7652 9194
f 8964 7841 8963
f 7830 8786 7829
f 8544 6030 6026
f 8544 6026 8543
f 10570 10571 6276
f 7294 7295 9657
f 9667 9668 7095
f 6895 6896 10098
f 6475 6476 10560
f 9898 9899 6885
f 10108 10109 6675
f 6286 10982 10983
f 6286 6287 10982
f 7105 7106 9888
f 10339 10340 6465
f 6685 6686 10329
f 8785 8786 7830
f 7462 7463 9426
f 7651 7652 9195
f 9436 9437 7284
f 8554 11004 11005
f 8554 8555 11004
f 8974 8975 7641
f 7840 7841 8964
f 9205 9206 7452
f 6886 9898 6885
f 10099 6895 10098
f 7096 9667 7095
f 10330 6685 10329
f 10561 6475 10560
f 7285 9436 7284
f 6676 10108 6675
f 6466 10339 6465
f 9658 7294 9657
f 9889 7105 9888
f 6277 10570 6276
f 9427 7462 9426
f 7642 8974 7641
f 9196 7651 9195
f 8776 11008 8775
f 7453 9205 7452
f 8965 7840 8964
f 7831 8785 7830
f 6285 10983 10984
f 6285 6286 10983
f 10338 10339 6466
f 10569 10570 6277
f 10107 10108 6676
f 7293 7294 9658
f 6894 6895 10099
f 9897 9898 6886
f 7104 7105 9889
f 6474 6475 10561
f 9666 9667 7096
f 6684 6685 10330
f 9435 9436 7285
f 7839 7840 8965
f 8553 11005 11006
f 8553 8554 11005
f 8784 8785 7831
f 7461 7462 9427
f 7650 7651 9196
f 8973 8974 7642
f 9204 9205 7453
f 7286 9435 7285
f 6887 9897 6886
f 9890 7104 9889
f 7097 9666 7096
f 10331 6684 10330
f 10562 6474 10561
f 10100 6894 10099
f 6677 10107 6676
f 9428 7461 9427
f 6467 10338 6466
f 9659 7293 9658
f 6278 10569 6277
f 7454 9204 7453
f 8966 7839 8965
f 9197 7650 9196
f 7643 8973 7642
f 7832 8784 7831
f 10568 10569 6278
f 10337 10338 6467
f 6893 6894 10100
f 10106 10107 6677
f 7103 7104 9890
f 7292 7293 9659
f 6683 6684 10331
f 9434 9435 7286
f 6473 6474 10562
f 9665 9666 7097
f 9896 9897 6887
f 7649 7650 9197
f 9203 9204 7454
f 7838 7839 8966
f 8783 8784 7832
f 7460 7461 9428
f 8972 8973 7643
f 6031 6030 8544
f 6031 8544 8545
f 10101 6893 10100
f 10563 6473 10562
f 6888 9896 6887
f 9891 7103 9890
f 6279 10568 6278
f 10332 6683 10331
f 9660 7292 9659
f 8967 7838 8966
f 9429 7460 9428
f 7833 8783 7832
f 6033 6032 6031
f 6034 8546 8547
f 6034 6031 8545
f 6034 6033 6031
f 6034 8545 8546
f 8548 6034 8547
f 10786 6280 6281
f 6649 10102 10103
f 7069 9661 9662
f 10576 6469 6470
f 10345 6679 6680
f 9673 7288 7289
f 6859 9892 9893
f 6250 10564 10565
f 10114 6889 6890
f 9904 7099 7100
f 7258 9430 9431
f 8980 7834 7835
f 6439 10333 10334
f 7426 9199 9200
f 7615 8968 8969
f 9442 7456 7457
f 7804 8779 8780
f 9211 7645 7646
f 8791 11006 11007
f 10785 10786 6281
f 10785 6281 6282
f 6648 6649 10103
f 6648 10103 10104
f 10575 6470 6471
f 10575 10576 6470
f 10113 10114 6890
f 10113 6890 6891
f 6438 10334 10335
f 6438 6439 10334
f 6249 6250 10565
f 6249 10565 10566
f 9903 7100 7101
f 9903 9904 7100
f 7068 9662 9663
f 7068 7069 9662
f 10344 10345 6680
f 10344 6680 6681
f 7257 7258 9431
f 7257 9431 9432
f 6858 6859 9893
f 6858 9893 9894
f 7425 9200 9201
f 7425 7426 9200
f 8979 7835 7836
f 8979 8980 7835
f 7614 8969 8970
f 7614 7615 8969
f 9210 7646 7647
f 9210 9211 7646
f 9441 7457 7458
f 9441 9442 7457
f 9672 9673 7289
f 9672 7289 7290
f 7803 8780 8781
f 7803 7804 8780
f 8790 8791 11007
f 8790 11007 11008
f 8790 11008 8776
f 10787 6280 10786
f 10787 6279 6280
f 10115 6889 10114
f 10115 6888 6889
f 10577 6469 10576
f 10577 6468 6469
f 6650 10102 6649
f 6650 10101 10102
f 6440 10332 10333
f 6440 10333 6439
f 6251 10564 6250
f 6251 10563 10564
f 9905 7098 7099
f 9905 7099 9904
f 7070 9660 9661
f 7070 9661 7069
f 10346 6678 6679
f 10346 6679 10345
f 7259 9429 9430
f 7259 9430 7258
f 6860 9892 6859
f 6860 9891 9892
f 9212 7645 9211
f 9212 7644 7645
f 7427 9199 7426
f 7427 9198 9199
f 8981 7834 8980
f 8981 7833 7834
f 7616 8967 8968
f 7616 8968 7615
f 9443 7455 7456
f 9443 7456 9442
f 7805 8778 8779
f 7805 8779 7804
f 9674 7288 9673
f 9674 7287 7288
f 8792 11006 8791
f 8792 8553 11006
f 6647 6648 10104
f 6647 10104 10105
f 10574 10575 6471
f 10574 6471 6472
f 10784 10785 6282
f 10784 6282 6283
f 6857 6858 9894
f 6857 9894 9895
f 6248 10566 10567
f 6248 6249 10566
f 7067 9663 9664
f 7067 7068 9663
f 10112 10113 6891
f 10112 6891 6892
f 10343 10344 6681
f 10343 6681 6682
f 9902 9903 7101
f 9902 7101 7102
f 7256 7257 9432
f 7256 9432 9433
f 7424 9201 9202
f 7424 7425 9201
f 7613 8970 8971
f 7613 7614 8970
f 9209 7647 7648
f 9209 9210 7647
f 6437 10335 10336
f 6437 6438 10335
f 9440 9441 7458
f 9440 7458 7459
f 7802 7803 8781
f 7802 8781 8782
f 9671 9672 7290
f 9671 7290 7291
f 8978 7836 7837
f 8978 8979 7836
f 8789 8790 8776
f 8789 8776 8777
f 10788 6279 10787
f 10788 10568 6279
f 6651 10101 6650
f 6651 6893 10101
f 10116 6888 10115
f 10116 9896 6888
f 10578 6467 6468
f 10578 6468 10577
f 10578 10337 6467
f 9906 9665 7097
f 9906 7098 9905
f 9906 7097 7098
f 7071 7292 9660
f 7071 9660 7070
f 10347 6678 10346
f 10347 10106 6677
f 10347 6677 6678
f 7260 9429 7259
f 7260 7460 9429
f 9444 7454 7455
f 9444 9203 7454
f 9444 7455 9443
f 6441 6683 10332
f 6441 10332 6440
f 6861 9891 6860
f 6861 7103 9891
f 6252 10563 6251
f 6252 6473 10563
f 9675 7287 9674
f 9675 9434 7286
f 9675 7286 7287
f 7617 8967 7616
f 7617 7838 8967
f 9213 8972 7643
f 9213 7643 7644
f 9213 7644 9212
f 7428 9197 9198
f 7428 7649 9197
f 7428 9198 7427
f 8982 8783 7833
f 8982 7833 8981
f 7806 8777 8778
f 7806 8778 7805
f 8793 8552 8553
f 8793 8553 8792
f 6646 10105 10106
f 6646 10106 10347
f 6646 6647 10105
f 10783 10784 6283
f 10783 6283 6284
f 10573 10574 6472
f 10573 6473 6252
f 10573 6472 6473
f 7066 9664 9665
f 7066 7067 9664
f 7066 9665 9906
f 10111 6892 6893
f 10111 6893 6651
f 10111 10112 6892
f 7255 9434 9675
f 7255 9433 9434
f 7255 7256 9433
f 10342 10343 6682
f 10342 6683 6441
f 10342 6682 6683
f 6436 10337 10578
f 6436 6437 10336
f 6436 10336 10337
f 6856 9895 9896
f 6856 6857 9895
f 6856 9896 10116
f 9439 7459 7460
f 9439 9440 7459
f 9439 7460 7260
f 6247 10567 10568
f 6247 6248 10567
f 6247 10568 10788
f 9670 7292 7071
f 9670 9671 7291
f 9670 7291 7292
f 9901 9902 7102
f 9901 7103 6861
f 9901 7102 7103
f 7612 8971 8972
f 7612 8972 9213
f 7612 7613 8971
f 9208 7649 7428
f 9208 9209 7648
f 9208 7648 7649
f 7423 9203 9444
f 7423 9202 9203
f 7423 7424 9202
f 8977 7837 7838
f 8977 8978 7837
f 8977 7838 7617
f 7801 8782 8783
f 7801 8783 8982
f 7801 7802 8782
f 8788 8789 8777
f 8788 8777 7806
f 10789 6247 10788
f 6652 10111 6651
f 7072 9670 7071
f 10117 6856 10116
f 10579 6436 10578
f 7261 9439 7260
f 6442 10342 6441
f 6862 9901 6861
f 6253 10573 6252
f 9907 7066 9906
f 10348 6646 10347
f 9676 7255 9675
f 8983 7801 8982
f 7429 9208 7428
f 7618 8977 7617
f 9214 7612 9213
f 9445 7423 9444
f 8794 8550 8551
f 8794 8551 8552
f 8794 8552 8793
f 7807 8788 7806
f 10803 10984 10985
f 10803 6284 6285
f 10803 10783 6284
f 10803 6285 10984
f 6666 6646 10348
f 10593 10573 6253
f 6267 6247 10789
f 7086 7066 9907
f 10131 10111 6652
f 10362 10342 6442
f 7275 7255 9676
f 9459 9439 7261
f 7632 7612 9214
f 6876 6856 10117
f 6456 6436 10579
f 9690 9670 7072
f 9921 9901 6862
f 7443 7423 9445
f 9228 9208 7429
f 7821 7801 8983
f 8997 8977 7618
f 8808 8788 7807
f 10790 6267 10789
f 10349 6666 10348
f 9908 7086 9907
f 6653 10131 6652
f 10580 6456 10579
f 6863 9921 6862
f 6254 10593 6253
f 7073 9690 7072
f 10118 6876 10117
f 7262 9459 7261
f 6443 10362 6442
f 9446 7443 9445
f 9677 7275 9676
f 7430 9228 7429
f 8984 7821 8983
f 7619 8997 7618
f 9215 7632 9214
f 7808 8808 7807
f 8795 8549 8550
f 8795 8550 8794
f 10802 10985 10986
f 10802 10803 10985
f 10361 10362 6443
f 10592 10593 6254
f 6665 6666 10349
f 6875 6876 10118
f 6266 6267 10790
f 9920 9921 6863
f 10130 10131 6653
f 7274 7275 9677
f 6455 6456 10580
f 9458 9459 7262
f 9689 9690 7073
f 7085 7086 9908
f 7442 7443 9446
f 8996 8997 7619
f 7631 7632 9215
f 9227 9228 7430
f 7820 7821 8984
f 8807 8808 7808
f 7074 9689 7073
f 10791 6266 10790
f 6654 10130 6653
f 9909 7085 9908
f 10119 6875 10118
f 10350 6665 10349
f 10581 6455 10580
f 6444 10361 6443
f 6864 9920 6863
f 6255 10592 6254
f 7263 9458 7262
f 7431 9227 7430
f 8985 7820 8984
f 7620 8996 7619
f 9216 7631 9215
f 9447 7442 9446
f 9678 7274 9677
f 7809 8807 7808
f 8796 8549 8795
f 10801 10802 10986
f 10801 10986 10987
f 10591 10592 6255
f 7084 7085 9909
f 10129 10130 6654
f 7273 7274 9678
f 6664 6665 10350
f 9919 9920 6864
f 6874 6875 10119
f 6454 6455 10581
f 6265 6266 10791
f 10360 10361 6444
f 9688 9689 7074
f 7441 7442 9447
f 8995 8996 7620
f 7630 7631 9216
f 9226 9227 7431
f 9457 9458 7263
f 8806 8807 7809
f 7819 7820 8985
f 10792 6265 10791
f 10582 6454 10581
f 6655 10129 6654
f 6865 9919 6864
f 6256 10591 6255
f 10351 6664 10350
f 10120 6874 10119
f 7264 9457 7263
f 6445 10360 6444
f 9448 7441 9447
f 7075 9688 7074
f 9679 7273 9678
f 9910 7084 9909
f 8986 7819 8985
f 7432 9226 7431
f 7621 8995 7620
f 9217 7630 9216
f 7810 8806 7809
f 8797 8548 8549
f 8797 6034 8548
f 8797 8549 8796
f 7083 7084 9910
f 10590 10591 6256
f 10800 10987 6043
f 10800 10801 10987
f 6663 6664 10351
f 6873 6874 10120
f 6264 6265 10792
f 10359 10360 6445
f 9918 9919 6865
f 10128 10129 6655
f 9687 9688 7075
f 7629 7630 9217
f 6453 6454 10582
f 9225 9226 7432
f 9456 9457 7264
f 7818 7819 8986
f 7272 7273 9679
f 7440 7441 9448
f 8805 8806 7810
f 8994 8995 7621
f 7076 9687 7075
f 10793 6264 10792
f 6656 10128 6655
f 6866 9918 6865
f 10352 6663 10351
f 10121 6873 10120
f 10583 6453 10582
f 6257 10590 6256
f 7265 9456 7264
f 9680 7272 9679
f 7622 8994 7621
f 9218 7629 9217
f 6446 10359 6445
f 9449 7440 9448
f 7433 9225 7432
f 8987 7818 8986
f 7811 8805 7810
f 8798 6034 8797
f 10589 10590 6257
f 10799 10800 6043
f 6662 6663 10352
f 10358 10359 6446
f 10127 10128 6656
f 7271 7272 9680
f 7628 7629 9218
f 6872 6873 10121
f 6452 6453 10583
f 9455 9456 7265
f 9686 9687 7076
f 6263 6264 10793
f 9917 9918 6866
f 7439 7440 9449
f 9224 9225 7433
f 7817 7818 8987
f 8804 8805 7811
f 8993 8994 7622
f 7077 9686 7076
f 10353 6662 10352
f 10794 6263 10793
f 10584 6452 10583
f 9450 7439 9449
f 7812 8804 7811
f 8799 6034 8798
f 6061 7082 7083
f 6060 6061 7083
f 6060 7083 9910
f 6062 7082 6061
f 6062 7081 7082
f 6059 6060 9910
f 6059 9910 9911
f 6059 9911 9912
f 6063 7081 6062
f 6063 7080 7081
f 6058 6059 9912
f 6058 9912 9913
f 6064 7079 7080
f 6064 7080 6063
f 6078 6058 9913
f 6065 7078 7079
f 6065 7079 6064
f 6066 7077 7078
f 6066 7078 6065
f 10807 6259 6260
f 10597 6448 6449
f 6418 10354 10355
f 10366 6658 6659
f 6628 10123 10124
f 7237 9451 9452
f 10135 6868 6869
f 6838 6078 9913
f 6838 9913 9914
f 6229 10585 10586
f 9232 7624 7625
f 9463 7435 7436
f 9694 7267 7268
f 7405 9220 9221
f 9001 7813 7814
f 7594 8989 8990
f 7048 9682 9683
f 6417 6418 10355
f 6417 10355 10356
f 10134 6869 6870
f 10134 10135 6869
f 10365 10366 6659
f 10365 6659 6660
f 10596 6449 6450
f 10596 10597 6449
f 6627 10124 10125
f 6627 6628 10124
f 10806 6260 6261
f 10806 10807 6260
f 6228 10586 10587
f 6228 6229 10586
f 7236 7237 9452
f 7236 9452 9453
f 7404 9221 9222
f 7404 7405 9221
f 9000 7814 7815
f 9000 9001 7814
f 7593 7594 8990
f 7593 8990 8991
f 6837 6838 9914
f 6837 9914 9915
f 9231 7625 7626
f 9231 9232 7625
f 9462 9463 7436
f 9462 7436 7437
f 9693 9694 7268
f 9693 7268 7269
f 7047 7048 9683
f 7047 9683 9684
f 10808 6259 10807
f 10808 6258 6259
f 6419 10354 6418
f 6419 10353 10354
f 10367 6657 6658
f 10367 6658 10366
f 10598 6447 6448
f 10598 6448 10597
f 6629 10122 10123
f 6629 10123 6628
f 6230 10585 6229
f 6230 10584 10585
f 9464 7435 9463
f 9464 7434 7435
f 9695 7266 7267
f 9695 7267 9694
f 10136 6867 6868
f 10136 6868 10135
f 7049 9681 9682
f 7049 9682 7048
f 7238 9451 7237
f 7238 9450 9451
f 7406 9220 7405
f 7406 9219 9220
f 7595 8989 7594
f 7595 8988 8989
f 6839 6077 6078
f 6839 6078 6838
f 9233 7623 7624
f 9233 7624 9232
f 9002 7812 7813
f 9002 7813 9001
f 10133 10134 6870
f 10133 6870 6871
f 10364 10365 6660
f 10364 6660 6661
f 7235 7236 9453
f 7235 9453 9454
f 6626 10125 10126
f 6626 6627 10125
f 10595 6450 6451
f 10595 10596 6450
f 10805 10806 6261
f 10805 6261 6262
f 6416 6417 10356
f 6416 10356 10357
f 6227 10587 10588
f 6227 6228 10587
f 6836 9915 9916
f 6836 6837 9915
f 9692 7269 7270
f 9692 9693 7269
f 7403 9222 9223
f 7403 7404 9222
f 7592 8991 8992
f 7592 7593 8991
f 9230 9231 7626
f 9230 7626 7627
f 9461 9462 7437
f 9461 7437 7438
f 7046 9684 9685
f 7046 7047 9684
f 8999 7815 7816
f 8999 9000 7815
f 10599 6446 6447
f 10599 10358 6446
f 10599 6447 10598
f 10809 6257 6258
f 10809 10589 6257
f 10809 6258 10808
f 6420 10353 6419
f 6420 6662 10353
f 7050 7271 9680
f 7050 9680 9681
f 7050 9681 7049
f 9696 9455 7265
f 9696 7266 9695
f 9696 7265 7266
f 10137 6866 6867
f 10137 6867 10136
f 10137 9917 6866
f 6630 6872 10121
f 6630 10122 6629
f 6630 10121 10122
f 7239 9450 7238
f 7239 7439 9450
f 7407 7628 9218
f 7407 9219 7406
f 7407 9218 9219
f 7596 8987 8988
f 7596 7817 8987
f 7596 8988 7595
f 6840 6076 6077
f 6840 6077 6839
f 6231 6452 10584
f 6231 10584 6230
f 9234 7622 7623
f 9234 8993 7622
f 9234 7623 9233
f 9465 7434 9464
f 9465 9224 7433
f 9465 7433 7434
f 10368 6656 6657
f 10368 10127 6656
f 10368 6657 10367
f 9003 7812 9002
f 9003 8804 7812
f 10363 6662 6420
f 10363 6661 6662
f 10363 10364 6661
f 10594 10595 6451
f 10594 6451 6452
f 10594 6452 6231
f 6625 6626 10126
f 6625 10126 10127
f 6625 10127 10368
f 10804 6263 10794
f 10804 6262 6263
f 10804 10805 6262
f 6415 10358 10599
f 6415 6416 10357
f 6415 10357 10358
f 6835 6836 9916
f 6835 9916 9917
f 6835 9917 10137
f 10132 6871 6872
f 10132 10133 6871
f 10132 6872 6630
f 7234 9455 9696
f 7234 7235 9454
f 7234 9454 9455
f 7402 7403 9223
f 7402 9224 9465
f 7402 9223 9224
f 6226 10588 10589
f 6226 6227 10588
f 6226 10589 10809
f 9460 9461 7438
f 9460 7439 7239
f 9460 7438 7439
f 9691 7270 7271
f 9691 7271 7050
f 9691 9692 7270
f 7045 7046 9685
f 7045 9685 9686
f 7045 9686 7077
f 8998 8999 7816
f 8998 7817 7596
f 8998 7816 7817
f 7591 8992 8993
f 7591 7592 8992
f 7591 8993 9234
f 9229 7627 7628
f 9229 9230 7627
f 9229 7628 7407
f 6421 10363 6420
f 10810 6226 10809
f 10600 6415 10599
f 7051 9691 7050
f 10138 6835 10137
f 10369 6625 10368
f 6631 10132 6630
f 7240 9460 7239
f 6841 6076 6840
f 6841 6075 6076
f 9235 7591 9234
f 6232 10594 6231
f 9466 7402 9465
f 7408 9229 7407
f 9004 8804 9003
f 9004 8802 8803
f 9004 8803 8804
f 7597 8998 7596
f 9697 7234 9696
f 10614 10594 6232
f 10824 10804 10794
f 10824 10794 10795
f 6435 6415 10600
f 6855 6835 10138
f 7065 7045 7077
f 7065 7077 6066
f 10152 10132 6631
f 7254 7234 9697
f 9711 9691 7051
f 6645 6625 10369
f 10383 10363 6421
f 7422 7402 9466
f 7611 7591 9235
f 6246 6226 10810
f 9480 9460 7240
f 9018 8998 7597
f 9249 9229 7408
f 10370 6645 10369
f 10601 6435 10600
f 6632 10152 6631
f 10811 6246 10810
f 6422 10383 6421
f 6233 10614 6232
f 7052 9711 7051
f 10139 6855 10138
f 7241 9480 7240
f 6842 6074 6075
f 6842 6075 6841
f 9236 7611 9235
f 9467 7422 9466
f 9698 7254 9697
f 7409 9249 7408
f 9005 8802 9004
f 9005 8801 8802
f 7598 9018 7597
f 10382 10383 6422
f 10613 10614 6233
f 6644 6645 10370
f 6434 6435 10601
f 6854 6855 10139
f 10823 10795 10796
f 10823 10824 10795
f 6245 6246 10811
f 7064 6066 6067
f 7064 7065 6066
f 7253 7254 9698
f 9248 9249 7409
f 9479 9480 7241
f 9710 9711 7052
f 10151 10152 6632
f 7421 7422 9467
f 9017 9018 7598
f 7610 7611 9236
f 6423 10382 6422
f 10602 6434 10601
f 10812 6245 10811
f 6633 10151 6632
f 7242 9479 7241
f 6843 6073 6074
f 6843 6074 6842
f 7053 9710 7052
f 10140 6854 10139
f 10371 6644 10370
f 7410 9248 7409
f 9006 8801 9005
f 7599 9017 7598
f 9237 7610 9236
f 6234 10613 6233
f 9468 7421 9467
f 9699 7253 9698
f 10612 10613 6234
f 10822 10796 10797
f 10822 10823 10796
f 6433 6434 10602
f 7063 7064 6067
f 7063 6067 6068
f 10150 10151 6633
f 10381 10382 6423
f 6643 6644 10371
f 6853 6854 10140
f 6244 6245 10812
f 7252 7253 9699
f 7420 7421 9468
f 9016 9017 7599
f 7609 7610 9237
f 9247 9248 7410
f 9478 9479 7242
f 9709 9710 7053
f 10813 6244 10812
f 7054 9709 7053
f 10141 6853 10140
f 10372 6643 10371
f 10603 6433 10602
f 7243 9478 7242
f 6634 10150 6633
f 6424 10381 6423
f 6844 6072 6073
f 6844 6073 6843
f 9238 7609 9237
f 6235 10612 6234
f 9469 7420 9468
f 9700 7252 9699
f 7411 9247 7410
f 9007 8801 9006
f 9007 8799 8800
f 9007 8800 8801
f 7600 9016 7599
f 10149 10150 6634
f 10380 10381 6424
f 6642 6643 10372
f 10821 10797 10798
f 10821 10822 10797
f 10611 10612 6235
f 7419 7420 9469
f 7608 7609 9238
f 6432 6433 10603
f 6852 6853 10141
f 6243 6244 10813
f 9477 9478 7243
f 9708 9709 7054
f 7062 7063 6068
f 7251 7252 9700
f 9015 9016 7600
f 9246 9247 7411
f 10373 6642 10372
f 10604 6432 10603
f 6635 10149 6634
f 10814 6243 10813
f 6425 10380 6424
f 6845 6071 6072
f 6845 6072 6844
f 7055 9708 7054
f 10142 6852 10141
f 7244 9477 7243
f 7412 9246 7411
f 7601 9015 7600
f 9239 7608 9238
f 6236 10611 6235
f 9470 7419 9469
f 9701 7251 9700
f 9008 6034 8799
f 9008 8799 9007
f 10610 10611 6236
f 10820 10821 10798
f 6641 6642 10373
f 6431 6432 10604
f 10148 10149 6635
f 10379 10380 6425
f 7250 7251 9701
f 7418 7419 9470
f 7607 7608 9239
f 6851 6852 10142
f 9245 9246 7412
f 6242 6243 10814
f 9476 9477 7244
f 9707 9708 7055
f 9014 9015 7601
f 10605 6431 10604
f 6636 10148 6635
f 10815 6242 10814
f 6426 10379 6425
f 9471 7418 9470
f 9702 7250 9701
f 7245 9476 7244
f 9009 6034 9008
f 9240 7607 9239
f 10828 6238 6239
f 6208 10606 10607
f 10618 6427 6428
f 10387 6637 6638
f 6607 10144 10145
f 9925 7057 7058
f 10156 6847 6848
f 6397 10375 10376
f 7216 9472 9473
f 6817 6068 6069
f 9484 7414 7415
f 9715 7246 7247
f 7027 9703 9704
f 9253 7603 7604
f 10155 6848 6849
f 10155 10156 6848
f 10827 6239 6240
f 10827 10828 6239
f 10386 6638 6639
f 10386 10387 6638
f 7026 9704 9705
f 7026 7027 9704
f 6606 6607 10145
f 6606 10145 10146
f 10617 10618 6428
f 10617 6428 6429
f 6207 6208 10607
f 6207 10607 10608
f 6396 10376 10377
f 6396 6397 10376
f 6816 6069 6070
f 6816 6817 6069
f 9483 9484 7415
f 9483 7415 7416
f 9714 7247 7248
f 9714 9715 7247
f 9924 7058 7059
f 9924 9925 7058
f 7215 9473 9474
f 7215 7216 9473
f 9252 9253 7604
f 9252 7604 7605
f 6209 10605 10606
f 6209 10606 6208
f 10157 6846 6847
f 10157 6847 10156
f 10388 6636 6637
f 10388 6637 10387
f 6608 10144 6607
f 6608 10143 10144
f 10619 6427 10618
f 10619 6426 6427
f 7217 9471 9472
f 7217 9472 7216
f 10829 6237 6238
f 10829 6238 10828
f 6398 10374 10375
f 6398 10375 6397
f 6818 7062 6068
f 6818 6068 6817
f 9485 7414 9484
f 9485 7413 7414
f 9716 7245 7246
f 9716 7246 9715
f 9926 7057 9925
f 9926 7056 7057
f 7028 9703 7027
f 7028 9702 9703
f 9254 7603 9253
f 9254 7602 7603
f 10826 6240 6241
f 10826 10827 6240
f 6206 10608 10609
f 6206 6207 10608
f 7214 9474 9475
f 7214 7215 9474
f 6605 10146 10147
f 6605 6606 10146
f 10616 6429 6430
f 10616 10617 6429
f 6395 10377 10378
f 6395 6396 10377
f 9713 7248 7249
f 9713 9714 7248
f 9923 7059 7060
f 9923 9924 7059
f 10154 6849 6850
f 10154 10155 6849
f 10385 6639 6640
f 10385 10386 6639
f 6815 6070 6071
f 6815 6816 6070
f 9251 9252 7605
f 9251 7605 7606
f 9482 9483 7416
f 9482 7416 7417
f 7025 9705 9706
f 7025 7026 9705
f 10389 10148 6636
f 10389 6636 10388
f 6609 10143 6608
f 6609 6851 10142
f 6609 10142 10143
f 10620 6426 10619
f 10620 10379 6426
f 10830 6236 6237
f 10830 10610 6236
f 10830 6237 10829
f 6210 6431 10605
f 6210 10605 6209
f 6399 10373 10374
f 6399 6641 10373
f 6399 10374 6398
f 9717 7245 9716
f 9717 9476 7245
f 9927 7055 7056
f 9927 7056 9926
f 9927 9707 7055
f 10158 6845 6846
f 10158 6846 10157
f 7218 7418 9471
f 7218 9471 7217
f 6819 7061 7062
f 6819 7062 6818
f 9486 7413 9485
f 7029 9702 7028
f 7029 7250 9702
f 9255 7602 9254
f 9255 9014 7601
f 9255 9013 9014
f 9255 7601 7602
f 6604 6605 10147
f 6604 10148 10389
f 6604 10147 10148
f 10615 6430 6431
f 10615 6431 6210
f 10615 10616 6430
f 10825 6241 6242
f 10825 10826 6241
f 10825 6242 10815
f 6205 6206 10609
f 6205 10610 10830
f 6205 10609 10610
f 10153 6851 6609
f 10153 6850 6851
f 10153 10154 6850
f 10384 10385 6640
f 10384 6640 6641
f 10384 6641 6399
f 6394 10378 10379
f 6394 10379 10620
f 6394 6395 10378
f 6814 6815 6071
f 6814 6845 10158
f 6814 6071 6845
f 9481 7418 7218
f 9481 9482 7417
f 9481 7417 7418
f 9712 7249 7250
f 9712 9713 7249
f 9712 7250 7029
f 7024 9707 9927
f 7024 7025 9706
f 7024 9706 9707
f 9922 9923 7060
f 9922 7060 7061
f 9922 7061 6819
f 7213 9475 9476
f 7213 7214 9475
f 7213 9476 9717
f 9250 7607 9240
f 9250 9251 7606
f 9250 7606 7607
f 10621 6394 10620
f 10831 6205 10830
f 10159 6814 10158
f 10390 6604 10389
f 6610 10153 6609
f 6211 10615 6210
f 6400 10384 6399
f 7219 9481 7218
f 6820 9922 6819
f 9718 7213 9717
f 9928 7024 9927
f 7030 9712 7029
f 9256 9012 9013
f 9256 9013 9255
f 10845 10825 10815
f 10845 10815 10816
f 7233 7213 9718
f 6414 6394 10621
f 6225 6205 10831
f 9942 9922 6820
f 10173 10153 6610
f 10404 10384 6400
f 6624 6604 10390
f 6834 6814 10159
f 9501 9481 7219
f 9732 9712 7030
f 7044 7024 9928
f 10635 10615 6211
f 9270 9250 9240
f 9270 9240 9241
f 10391 6624 10390
f 10622 6414 10621
f 10832 6225 10831
f 6212 10635 6211
f 9929 7044 9928
f 6611 10173 6610
f 7220 9501 7219
f 6401 10404 6400
f 6821 9942 6820
f 10160 6834 10159
f 9719 7233 9718
f 7031 9732 7030
f 9257 9012 9256
f 10634 10635 6212
f 10844 10845 10816
f 10844 10816 10817
f 6224 6225 10832
f 10403 10404 6401
f 9941 9942 6821
f 10172 10173 6611
f 6623 6624 10391
f 7232 7233 9719
f 6413 6414 10622
f 6833 6834 10160
f 9500 9501 7220
f 9731 9732 7031
f 7043 7044 9929
f 8371 9244 9245
f 8370 7413 9486
f 8370 8371 9245
f 8370 9486 9487
f 8370 7412 7413
f 8370 9245 7412
f 8372 9244 8371
f 8372 9242 9243
f 8372 9243 9244
f 8369 8370 9487
f 8369 9487 9488
f 10161 6833 10160
f 6612 10172 6611
f 10623 6413 10622
f 7221 9500 7220
f 10833 6224 10832
f 6213 10634 6212
f 6402 10403 6401
f 9720 7232 9719
f 10392 6623 10391
f 9930 7043 9929
f 7032 9731 7031
f 6822 9941 6821
f 9258 9011 9012
f 9258 9012 9257
f 8373 9242 8372
f 8373 9241 9242
f 10843 10817 10818
f 10843 10844 10817
f 10633 10634 6213
f 10171 10172 6612
f 10402 10403 6402
f 6622 6623 10392
f 7231 7232 9720
f 6412 6413 10623
f 6223 6224 10833
f 6832 6833 10161
f 9499 9500 7221
f 9730 9731 7032
f 9940 9941 6822
f 7042 7043 9930
f 8368 8369 9488
f 8368 9488 9489
f 10624 6412 10623
f 6613 10171 6612
f 10834 6223 10833
f 6403 10402 6402
f 6214 10633 6213
f 6823 9940 6822
f 9931 7042 9930
f 10162 6832 10161
f 10393 6622 10392
f 7222 9499 7221
f 9721 7231 9720
f 7033 9730 7032
f 9259 9011 9258
f 9259 9010 9011
f 8374 9269 9270
f 8374 9270 9241
f 8374 9241 8373
f 6222 6223 10834
f 10170 10171 6613
f 10401 10402 6403
f 10632 10633 6214
f 6621 6622 10393
f 7230 7231 9721
f 10842 10843 10818
f 10842 10818 10819
f 6411 6412 10624
f 9498 9499 7222
f 9729 9730 7033
f 9939 9940 6823
f 6831 6832 10162
f 7041 7042 9931
f 8388 9489 9490
f 8388 8368 9489
f 10163 6831 10162
f 10394 6621 10393
f 10625 6411 10624
f 6614 10170 6613
f 7223 9498 7222
f 10835 6222 10834
f 6404 10401 6403
f 6215 10632 6214
f 6824 9939 6823
f 9722 7230 9721
f 9932 7041 9931
f 7034 9729 7033
f 9260 9010 9259
f 9260 9009 9010
f 8375 9268 9269
f 8375 9269 8374
f 10400 10401 6404
f 10631 10632 6215
f 6620 6621 10394
f 7229 7230 9722
f 10841 10842 10819
f 6410 6411 10625
f 6221 6222 10835
f 9728 9729 7034
f 9938 9939 6824
f 10169 10170 6614
f 6830 6831 10163
f 9497 9498 7223
f 7040 7041 9932
f 8387 9490 9491
f 8387 8388 9490
f 6216 10631 6215
f 10395 6620 10394
f 10836 6221 10835
f 6405 10400 6404
f 9723 7229 9722
f 9933 7040 9932
f 8376 9267 9268
f 8376 9268 8375
f 8386 8387 9491
f 8386 9491 9492
f 8377 9267 8376
f 8385 9492 9493
f 8385 8386 9492
f 8384 9493 9494
f 8384 8385 9493
f 8383 8384 9494
f 10849 6217 6218
f 10639 6406 6407
f 6187 10627 10628
f 6376 10396 10397
f 9736 7225 7226
f 9946 7036 7037
f 10408 6616 6617
f 6586 10165 10166
f 10177 6826 6827
f 6796 9934 9935
f 9505 8377 8378
f 7006 9724 9725
f 10848 10849 6218
f 10848 6218 6219
f 6186 6187 10628
f 6186 10628 10629
f 6375 6376 10397
f 6375 10397 10398
f 6585 10166 10167
f 6585 6586 10166
f 10638 10639 6407
f 10638 6407 6408
f 9735 9736 7226
f 9735 7226 7227
f 9945 7037 7038
f 9945 9946 7037
f 10176 10177 6827
f 10176 6827 6828
f 10407 10408 6617
f 10407 6617 6618
f 6795 9935 9936
f 6795 6796 9935
f 9504 8378 8379
f 9504 9505 8378
f 7005 7006 9725
f 7005 9725 9726
f 10850 6217 10849
f 10850 6216 6217
f 6188 10626 10627
f 6188 10627 6187
f 6377 10395 10396
f 6377 10396 6376
f 9947 7035 7036
f 9947 7036 9946
f 10640 6405 6406
f 10640 6406 10639
f 10178 6826 10177
f 10178 6825 6826
f 6587 10164 10165
f 6587 10165 6586
f 9737 7225 9736
f 9737 7224 7225
f 7007 9724 7006
f 7007 9723 9724
f 10409 6616 10408
f 10409 6615 6616
f 6797 9933 9934
f 6797 9934 6796
f 9506 8377 9505
f 9506 9266 9267
f 9506 9267 8377
f 10175 10176 6828
f 10175 6828 6829
f 6584 10167 10168
f 6584 6585 10167
f 10406 10407 6618
f 10406 6618 6619
f 10637 10638 6408
f 10637 6408 6409
f 10847 10848 6219
f 10847 6219 6220
f 6185 6186 10629
f 6185 10629 10630
f 6374 10398 10399
f 6374 6375 10398
f 6794 9936 9937
f 6794 6795 9936
f 9734 9735 7227
f 9734 7227 7228
f 7004 7005 9726
f 7004 9726 9727
f 9944 7038 7039
f 9944 9945 7038
f 9503 8379 8380
f 9503 9504 8379
f 10851 10631 6216
f 10851 6216 10850
f 10641 10400 6405
f 10641 6405 10640
f 9948 9728 7034
f 9948 7035 9947
f 9948 7034 7035
f 10179 9938 6824
f 10179 6825 10178
f 10179 6824 6825
f 10410 10169 6614
f 10410 6615 10409
f 10410 6614 6615
f 6588 10163 10164
f 6588 10164 6587
f 6588 6830 10163
f 6189 10626 6188
f 6189 6410 10625
f 6189 10625 10626
f 6378 10395 6377
f 6378 6620 10395
f 6798 7040 9933
f 6798 9933 6797
f 9507 9265 9266
f 9507 9266 9506
f 9738 7224 9737
f 9738 9496 9497
f 9738 9497 7223
f 9738 7223 7224
f 7008 7229 9723
f 7008 9723 7007
f 6583 10168 10169
f 6583 10169 10410
f 6583 6584 10168
f 10405 6620 6378
f 10405 10406 6619
f 10405 6619 6620
f 10636 10637 6409
f 10636 6410 6189
f 10636 6409 6410
f 10846 10847 6220
f 10846 6220 6221
f 10846 6221 10836
f 6184 6185 10630
f 6184 10630 10631
f 6184 10631 10851
f 6373 6374 10399
f 6373 10400 10641
f 6373 10399 10400
f 9733 7229 7008
f 9733 9734 7228
f 9733 7228 7229
f 9943 7039 7040
f 9943 9944 7039
f 9943 7040 6798
f 10174 6830 6588
f 10174 10175 6829
f 10174 6829 6830
f 6793 9938 10179
f 6793 6794 9937
f 6793 9937 9938
f 9502 9503 8380
f 9502 8380 8381
f 7003 7004 9727
f 7003 9728 9948
f 7003 9727 9728
f 6589 10174 6588
f 10642 6373 10641
f 10852 6184 10851
f 6379 10405 6378
f 9739 9496 9738
f 9949 7003 9948
f 10180 6793 10179
f 10411 6583 10410
f 6190 10636 6189
f 6799 9943 6798
f 9508 9265 9507
f 7009 9733 7008
f 10194 10174 6589
f 10656 10636 6190
f 10866 10846 10836
f 10866 10836 10837
f 6204 6184 10852
f 6393 6373 10642
f 6813 6793 10180
f 7023 7003 9949
f 9963 9943 6799
f 10425 10405 6379
f 6603 6583 10411
f 9522 9502 8381
f 9522 8381 8382
f 9753 9733 7009
f 10181 6813 10180
f 6590 10194 6589
f 10643 6393 10642
f 10853 6204 10852
f 6191 10656 6190
f 6380 10425 6379
f 9740 9496 9739
f 9740 9495 9496
f 9950 7023 9949
f 10412 6603 10411
f 6800 9963 6799
f 9509 9264 9265
f 9509 9265 9508
f 7010 9753 7009
f 10193 10194 6590
f 10424 10425 6380
f 6602 6603 10412
f 10865 10866 10837
f 10865 10837 10838
f 6203 6204 10853
f 6392 6393 10643
f 6812 6813 10181
f 9752 9753 7010
f 9962 9963 6800
f 10655 10656 6191
f 9521 9522 8382
f 9521 8382 8383
f 7022 7023 9950
f 10854 6203 10853
f 6381 10424 6380
f 6192 10655 6191
f 6801 9962 6800
f 9741 9495 9740
f 9741 9494 9495
f 9741 8383 9494
f 7011 9752 7010
f 9951 7022 9950
f 10644 6392 10643
f 10182 6812 10181
f 10413 6602 10412
f 6591 10193 6590
f 9510 9262 9263
f 9510 9263 9264
f 9510 9264 9509
f 10654 10655 6192
f 10864 10838 10839
f 10864 10865 10838
f 6391 6392 10644
f 9751 9752 7011
f 6601 6602 10413
f 6202 6203 10854
f 6811 6812 10182
f 7021 7022 9951
f 9961 9962 6801
f 10192 10193 6591
f 9520 9521 8383
f 10423 10424 6381
f 10645 6391 10644
f 10855 6202 10854
f 6193 10654 6192
f 10183 6811 10182
f 10414 6601 10413
f 6592 10192 6591
f 6382 10423 6381
f 6802 9961 6801
f 9511 9261 9262
f 9511 9262 9510
f 7012 9751 7011
f 9952 7021 9951
f 6201 6202 10855
f 10863 10864 10839
f 10863 10839 10840
f 10191 10192 6592
f 10422 10423 6382
f 6600 6601 10414
f 10653 10654 6193
f 6390 6391 10645
f 6810 6811 10183
f 9750 9751 7012
f 7020 7021 9952
f 9960 9961 6802
f 10856 6201 10855
f 10415 6600 10414
f 10646 6390 10645
f 6194 10653 6193
f 6383 10422 6382
f 7013 9750 7012
f 9953 7020 9952
f 10184 6810 10183
f 6593 10191 6592
f 6803 9960 6802
f 9512 9261 9511
f 10862 10863 10840
f 10652 10653 6194
f 6200 6201 10856
f 6389 6390 10646
f 7019 7020 9953
f 9959 9960 6803
f 10190 10191 6593
f 10421 10422 6383
f 6599 6600 10415
f 6809 6810 10184
f 9749 9750 7013
f 6195 10652 6194
f 10185 6809 10184
f 6594 10190 6593
f 10857 6200 10856
f 7014 9749 7013
f 10870 6196 6197
f 6166 10648 10649
f 9967 7015 7016
f 10198 6805 6806
f 10429 6595 6596
f 10660 6385 6386
f 6565 10186 10187
f 6355 10417 10418
f 6775 9955 9956
f 9757 8383 9741
f 9757 9520 8383
f 6985 9745 9746
f 10869 6197 6198
f 10869 10870 6197
f 10197 10198 6806
f 10197 6806 6807
f 10659 10660 6386
f 10659 6386 6387
f 6564 6565 10187
f 6564 10187 10188
f 6165 6166 10649
f 6165 10649 10650
f 10428 10429 6596
f 10428 6596 6597
f 6354 10418 10419
f 6354 6355 10418
f 6774 6775 9956
f 6774 9956 9957
f 9756 9757 9741
f 9756 9741 9742
f 6984 9746 9747
f 6984 6985 9746
f 9966 9967 7016
f 9966 7016 7017
f 10871 6196 10870
f 10871 6195 6196
f 10199 6805 10198
f 10199 6804 6805
f 6566 10186 6565
f 6566 10185 10186
f 10430 6594 6595
f 10430 6595 10429
f 6167 10648 6166
f 6167 10647 10648
f 10661 6384 6385
f 10661 6385 10660
f 6356 10416 10417
f 6356 10417 6355
f 6776 9955 6775
f 6776 9954 9955
f 9758 9520 9757
f 9758 9519 9520
f 6986 9745 6985
f 6986 9744 9745
f 9968 7014 7015
f 9968 7015 9967
f 6164 6165 10650
f 6164 10650 10651
f 10868 10869 6198
f 10868 6198 6199
f 6773 6774 9957
f 6773 9957 9958
f 10196 6807 6808
f 10196 10197 6807
f 6563 10188 10189
f 6563 6564 10188
f 10427 6597 6598
f 10427 10428 6597
f 10658 6387 6388
f 10658 10659 6387
f 6983 6984 9747
f 6983 9747 9748
f 9755 9756 9742
f 9755 9742 9743
f 9965 9966 7017
f 9965 7017 7018
f 6353 10419 10420
f 6353 6354 10419
f 10872 6195 10871
f 10872 10652 6195
f 10200 9959 6803
f 10200 6803 6804
f 10200 6804 10199
f 6567 10185 6566
f 6567 6809 10185
f 10431 10190 6594
f 10431 6594 10430
f 6168 10647 6167
f 6168 10646 10647
f 6168 6389 10646
f 10662 6384 10661
f 10662 10421 6383
f 10662 6383 6384
f 6357 10416 6356
f 6357 6599 10415
f 6357 10415 10416
f 6777 9954 6776
f 6777 7019 9953
f 6777 9953 9954
f 6987 9744 6986
f 6987 9743 9744
f 9969 9749 7014
f 9969 7014 9968
f 9759 9519 9758
f 9759 9518 9519
f 6163 6164 10651
f 6163 10652 10872
f 6163 10651 10652
f 10657 10658 6388
f 10657 6388 6389
f 10657 6389 6168
f 10867 6200 10857
f 10867 10868 6199
f 10867 6199 6200
f 9964 9965 7018
f 9964 7018 7019
f 9964 7019 6777
f 10195 10196 6808
f 10195 6809 6567
f 10195 6808 6809
f 6562 10189 10190
f 6562 10190 10431
f 6562 6563 10189
f 10426 10427 6598
f 10426 6598 6599
f 10426 6599 6357
f 6352 10420 10421
f 6352 10421 10662
f 6352 6353 10420
f 6772 6773 9958
f 6772 9959 10200
f 6772 9958 9959
f 6982 6983 9748
f 6982 9748 9749
f 6982 9749 9969
f 9754 9755 9743
f 9754 9743 6987
f 10873 6163 10872
f 9970 6982 9969
f 10201 6772 10200
f 6568 10195 6567
f 10432 6562 10431
f 6169 10657 6168
f 10663 6352 10662
f 6358 10426 6357
f 6778 9964 6777
f 9760 9518 9759
f 9760 9516 9517
f 9760 9517 9518
f 6988 9754 6987
f 6183 6163 10873
f 10887 10867 10857
f 10887 10857 10858
f 6792 6772 10201
f 7002 6982 9970
f 9984 9964 6778
f 10677 10657 6169
f 10215 10195 6568
f 6582 6562 10432
f 10446 10426 6358
f 6372 6352 10663
f 9774 9754 6988
f 10433 6582 10432
f 6170 10677 6169
f 10874 6183 10873
f 9971 7002 9970
f 10202 6792 10201
f 6569 10215 6568
f 6359 10446 6358
f 6779 9984 6778
f 9761 9515 9516
f 9761 9516 9760
f 6989 9774 6988
f 10664 6372 10663
f 10445 10446 6359
f 10886 10858 10859
f 10886 10887 10858
f 6182 6183 10874
f 9983 9984 6779
f 10214 10215 6569
f 6581 6582 10433
f 10676 10677 6170
f 6371 6372 10664
f 6791 6792 10202
f 9773 9774 6989
f 7001 7002 9971
f 9972 7001 9971
f 10203 6791 10202
f 6570 10214 6569
f 10434 6581 10433
f 6171 10676 6170
f 10665 6371 10664
f 10875 6182 10874
f 6360 10445 6359
f 6780 9983 6779
f 9762 9515 9761
f 6990 9773 6989
f 10885 10886 10859
f 10885 10859 10860
f 9982 9983 6780
f 10213 10214 6570
f 6580 6581 10434
f 10444 10445 6360
f 10675 10676 6171
f 6181 6182 10875
f 6370 6371 10665
f 6790 6791 10203
f 9772 9773 6990
f 7000 7001 9972
f 10204 6790 10203
f 10876 6181 10875
f 6571 10213 6570
f 10435 6580 10434
f 6172 10675 6171
f 10666 6370 10665
f 6361 10444 6360
f 6781 9982 6780
f 9973 7000 9972
f 9763 9515 9762
f 9763 9513 9514
f 9763 9514 9515
f 6991 9772 6990
f 10212 10213 6571
f 10884 10885 10860
f 10884 10860 10861
f 6180 6181 10876
f 6789 6790 10204
f 10443 10444 6361
f 10674 10675 6172
f 6369 6370 10666
f 9771 9772 6991
f 6999 7000 9973
f 9981 9982 6781
f 6579 6580 10435
f 10205 6789 10204
f 6572 10212 6571
f 10436 6579 10435
f 10667 6369 10666
f 6173 10674 6172
f 10877 6180 10876
f 6362 10443 6361
f 6782 9981 6781
f 6992 9771 6991
f 9974 6999 9973
f 9764 9513 9763
f 10211 10212 6572
f 6578 6579 10436
f 10442 10443 6362
f 10673 10674 6173
f 10883 10884 10861
f 6179 6180 10877
f 6368 6369 10667
f 6788 6789 10205
f 9770 9771 6992
f 6998 6999 9974
f 9980 9981 6782
f 6174 10673 6173
f 10878 6179 10877
f 6783 9980 6782
f 10437 6578 10436
f 6363 10442 6362
f 6993 9770 6992
f 6544 10207 10208
f 10219 6784 6785
f 10450 6574 6575
f 6334 10438 10439
f 10891 6175 6176
f 10681 6364 6365
f 6145 10669 10670
f 9988 6994 6995
f 6754 9976 9977
f 10218 10219 6785
f 10218 6785 6786
f 6333 6334 10439
f 6333 10439 10440
f 10890 10891 6176
f 10890 6176 6177
f 6144 10670 10671
f 6144 6145 10670
f 6543 10208 10209
f 6543 6544 10208
f 10449 6575 6576
f 10449 10450 6575
f 10680 10681 6365
f 10680 6365 6366
f 9987 9988 6995
f 9987 6995 6996
f 6753 9977 9978
f 6753 6754 9977
f 6545 10206 10207
f 6545 10207 6544
f 10220 6784 10219
f 10220 6783 6784
f 10451 6574 10450
f 10451 6573 6574
f 10682 6363 6364
f 10682 6364 10681
f 6335 10438 6334
f 6335 10437 10438
f 10892 6175 10891
f 10892 6174 6175
f 6146 10668 10669
f 6146 10669 6145
f 6755 9975 9976
f 6755 9976 6754
f 9989 6993 6994
f 9989 6994 9988
f 6542 10209 10210
f 6542 6543 10209
f 10217 10218 6786
f 10217 6786 6787
f 10448 10449 6576
f 10448 6576 6577
f 10679 6366 6367
f 10679 10680 6366
f 6332 6333 10440
f 6332 10440 10441
f 10889 6177 6178
f 10889 10890 6177
f 6752 9978 9979
f 6752 6753 9978
f 6143 10671 10672
f 6143 6144 10671
f 9986 9987 6996
f 9986 6996 6997
f 10893 6174 10892
f 10893 10673 6174
f 6546 6788 10205
f 6546 10205 10206
f 6546 10206 6545
f 10452 10211 6572
f 10452 6572 6573
f 10452 6573 10451
f 10683 10442 6363
f 10683 6363 10682
f 10221 9980 6783
f 10221 6783 10220
f 6336 6578 10437
f 6336 10437 6335
f 6756 9975 6755
f 6756 9974 9975
f 6756 6998 9974
f 6147 10667 10668
f 6147 10668 6146
f 6147 6368 10667
f 9990 6993 9989
f 9990 9770 6993
f 6541 6542 10210
f 6541 10211 10452
f 6541 10210 10211
f 10216 6787 6788
f 10216 6788 6546
f 10216 10217 6787
f 10447 10448 6577
f 10447 6578 6336
f 10447 6577 6578
f 10678 6368 6147
f 10678 10679 6367
f 10678 6367 6368
f 6331 6332 10441
f 6331 10442 10683
f 6331 10441 10442
f 10888 6179 10878
f 10888 6178 6179
f 10888 10889 6178
f 6751 9979 9980
f 6751 9980 10221
f 6751 6752 9979
f 6142 10673 10893
f 6142 10672 10673
f 6142 6143 10672
f 9985 9986 6997
f 9985 6998 6756
f 9985 6997 6998
f 6547 10216 6546
f 10222 6751 10221
f 10453 6541 10452
f 10684 6331 10683
f 10894 6142 10893
f 6337 10447 6336
f 6148 10678 6147
f 9991 9768 9769
f 9991 9769 9770
f 9991 9770 9990
f 6757 9985 6756
f 6561 6541 10453
f 10236 10216 6547
f 6162 6142 10894
f 10467 10447 6337
f 10698 10678 6148
f 10908 10878 10879
f 10908 10888 10878
f 6351 6331 10684
f 6771 6751 10222
f 10005 9985 6757
f 6548 10236 6547
f 10223 6771 10222
f 10454 6561 10453
f 10685 6351 10684
f 10895 6162 10894
f 6338 10467 6337
f 6149 10698 6148
f 9992 9767 9768
f 9992 9768 9991
f 6758 10005 6757
f 6560 6561 10454
f 10235 10236 6548
f 6161 6162 10895
f 10907 10879 10880
f 10907 10908 10879
f 10466 10467 6338
f 10697 10698 6149
f 6350 6351 10685
f 6770 6771 10223
f 10004 10005 6758
f 10224 6770 10223
f 6339 10466 6338
f 10896 6161 10895
f 6549 10235 6548
f 10455 6560 10454
f 10686 6350 10685
f 6759 10004 6758
f 6150 10697 6149
f 9993 9767 9992
f 10234 10235 6549
f 6160 6161 10896
f 10696 10697 6150
f 10906 10880 10881
f 10906 10907 10880
f 6349 6350 10686
f 6559 6560 10455
f 10465 10466 6339
f 6769 6770 10224
f 10003 10004 6759
f 10225 6769 10224
f 10687 6349 10686
f 10897 6160 10896
f 6151 10696 6150
f 6550 10234 6549
f 10456 6559 10455
f 6340 10465 6339
f 6760 10003 6759
f 9994 9767 9993
f 9994 9765 9766
f 9994 9766 9767
f 6558 6559 10456
f 10233 10234 6550
f 6159 6160 10897
f 10464 10465 6340
f 10695 10696 6151
f 10905 10906 10881
f 10905 10881 10882
f 6348 6349 10687
f 6768 6769 10225
f 10002 10003 6760
f 10457 6558 10456
f 10898 6159 10897
f 6551 10233 6550
f 10226 6768 10225
f 10688 6348 10687
f 6761 10002 6760
f 9995 9765 9994
f 6152 10695 6151
f 6341 10464 6340
f 6557 6558 10457
f 10694 10695 6152
f 10904 10905 10882
f 10463 10464 6341
f 6347 6348 10688
f 6767 6768 10226
f 10001 10002 6761
f 6158 6159 10898
f 10232 10233 6551
f 6153 10694 6152
f 6552 10232 6551
f 10458 6557 10457
f 10689 6347 10688
f 10899 6158 10898
f 6762 10001 6761
f 10912 6154 6155
f 10471 6553 6554
f 10702 6343 6344
f 6124 10690 10691
f 10240 6763 6764
f 6313 10459 10460
f 6523 10228 10229
f 10239 6764 6765
f 10239 10240 6764
f 10470 6554 6555
f 10470 10471 6554
f 6312 6313 10460
f 6312 10460 10461
f 10701 6344 6345
f 10701 10702 6344
f 10911 6155 6156
f 10911 10912 6155
f 6123 10691 10692
f 6123 6124 10691
f 6522 6523 10229
f 6522 10229 10230
f 6314 10459 6313
f 6314 10458 10459
f 10703 6342 6343
f 10703 6343 10702
f 10913 6153 6154
f 10913 6154 10912
f 10241 6762 6763
f 10241 6763 10240
f 10472 6552 6553
f 10472 6553 10471
f 6125 10689 10690
f 6125 10690 6124
f 6524 10228 6523
f 6524 10227 10228
f 6311 6312 10461
f 6311 10461 10462
f 10700 6345 6346
f 10700 10701 6345
f 10910 6156 6157
f 10910 10911 6156
f 6122 10692 10693
f 6122 6123 10692
f 6521 6522 10230
f 6521 10230 10231
f 10238 6765 6766
f 10238 10239 6765
f 10469 6555 6556
f 10469 10470 6555
f 10473 10232 6552
f 10473 6552 10472
f 6315 10458 6314
f 6315 6557 10458
f 10704 6341 6342
f 10704 6342 10703
f 10704 10463 6341
f 10914 6153 10913
f 10914 10694 6153
f 6126 10689 6125
f 6126 6347 10689
f 6525 10227 6524
f 6525 10226 10227
f 6525 6767 10226
f 10242 6762 10241
f 10242 10000 10001
f 10242 10001 6762
f 10699 6346 6347
f 10699 10700 6346
f 10699 6347 6126
f 10909 6158 10899
f 10909 6157 6158
f 10909 10910 6157
f 10468 6557 6315
f 10468 10469 6556
f 10468 6556 6557
f 6310 10463 10704
f 6310 6311 10462
f 6310 10462 10463
f 6520 10232 10473
f 6520 6521 10231
f 6520 10231 10232
f 10237 6767 6525
f 10237 6766 6767
f 10237 10238 6766
f 6121 6122 10693
f 6121 10693 10694
f 6121 10694 10914
f 10474 6520 10473
f 10705 6310 10704
f 10915 6121 10914
f 10243 10000 10242
f 10243 9999 10000
f 6316 10468 6315
f 6127 10699 6126
f 6526 10237 6525
f 6330 6310 10705
f 10929 10909 10899
f 10929 10899 10900
f 6540 6520 10474
f 10719 10699 6127
f 6141 6121 10915
f 10257 10237 6526
f 10488 10468 6316
f 10916 6141 10915
f 10475 6540 10474
f 10706 6330 10705
f 6128 10719 6127
f 10244 9998 9999
f 10244 9999 10243
f 6317 10488 6316
f 6527 10257 6526
f 10487 10488 6317
f 10928 10900 10901
f 10928 10929 10900
f 10718 10719 6128
f 6140 6141 10916
f 6539 6540 10475
f 10256 10257 6527
f 6329 6330 10706
f 10245 9998 10244
f 10476 6539 10475
f 6318 10487 6317
f 10707 6329 10706
f 10917 6140 10916
f 6129 10718 6128
f 6528 10256 6527
f 10927 10928 10901
f 10927 10901 10902
f 10717 10718 6129
f 6538 6539 10476
f 10255 10256 6528
f 10486 10487 6318
f 6328 6329 10707
f 6139 6140 10917
f 10246 9998 10245
f 10246 9997 9998
f 10477 6538 10476
f 6319 10486 6318
f 10708 6328 10707
f 10918 6139 10917
f 6130 10717 6129
f 6529 10255 6528
f 6537 6538 10477
f 10254 10255 6529
f 10485 10486 6319
f 10716 10717 6130
f 6327 6328 10708
f 10926 10902 10903
f 10926 10927 10902
f 6138 6139 10918
f 10247 9997 10246
f 10247 9996 9997
f 10478 6537 10477
f 6320 10485 6319
f 10709 6327 10708
f 10919 6138 10918
f 6131 10716 6130
f 6530 10254 6529
f 10925 10926 10903
f 10253 10254 6530
f 10484 10485 6320
f 10715 10716 6131
f 6326 6327 10709
f 6137 6138 10919
f 6536 6537 10478
f 10710 6326 10709
f 10920 6137 10919
f 8203 6132 6133
f 8202 6133 6134
f 8202 8203 6133
f 8204 6131 6132
f 8204 6132 8203
f 8201 6134 6135
f 8201 8202 6134
f 8205 10714 10715
f 8205 10715 6131
f 8205 6131 8204
f 8200 6135 6136
f 8200 8201 6135
f 8206 10714 8205
f 8220 6136 6137
f 8220 6137 10920
f 8220 8200 6136
f 6292 10480 10481
f 10492 6532 6533
f 10723 6322 6323
f 6103 10711 10712
f 6291 10481 10482
f 6291 6292 10481
f 10722 10723 6323
f 10722 6323 6324
f 6102 10712 10713
f 6102 6103 10712
f 10491 10492 6533
f 10491 6533 6534
f 6293 10479 10480
f 6293 10480 6292
f 10724 6322 10723
f 10724 6321 6322
f 6104 10711 6103
f 6104 10710 10711
f 10493 6531 6532
f 10493 6532 10492
f 6101 6102 10713
f 6101 10713 10714
f 6290 6291 10482
f 6290 10482 10483
f 10490 6534 6535
f 10490 10491 6534
f 10721 10722 6324
f 10721 6324 6325
f 10725 10484 6320
f 10725 6321 10724
f 10725 6320 6321
f 6294 10478 10479
f 6294 6536 10478
f 6294 10479 6293
f 6105 10710 6104
f 6105 6326 10710
f 10494 6530 6531
f 10494 10253 6530
f 10494 6531 10493
f 8219 10920 10921
f 8219 8220 10920
f 6289 10483 10484
f 6289 6290 10483
f 6289 10484 10725
f 10489 6535 6536
f 10489 10490 6535
f 10489 6536 6294
f 10720 6326 6105
f 10720 10721 6325
f 10720 6325 6326
f 6100 8206 8207
f 6100 6101 10714
f 6100 10714 8206
f 6295 10489 6294
f 10495 10252 10253
f 10495 10253 10494
f 10726 6289 10725
f 6106 10720 6105
f 6309 6289 10726
f 10509 10489 6295
f 10740 10720 6106
f 6120 8207 8208
f 6120 6100 8207
f 8218 10921 10922
f 8218 8219 10921
f 6296 10509 6295
f 10496 10252 10495
f 10496 10251 10252
f 10727 6309 10726
f 6107 10740 6106
f 6308 6309 10727
f 10508 10509 6296
f 10739 10740 6107
f 6119 6120 8208
f 8209 6119 8208
f 8217 8218 10922
f 8217 10922 10923
f 6297 10508 6296
f 10728 6308 10727
f 6108 10739 6107
f 10497 10251 10496
f 10497 10250 10251
f 6307 6308 10728
f 10738 10739 6108
f 6118 6119 8209
f 10507 10508 6297
f 8216 10923 10924
f 8216 8217 10923
f 10729 6307 10728
f 6109 10738 6108
f 6298 10507 6297
f 10498 10250 10497
f 10498 10248 10249
f 10498 10249 10250
f 6117 6118 8209
f 6117 8209 8210
f 6306 6307 10729
f 10506 10507 6298
f 10737 10738 6109
f 10730 6306 10729
f 6110 10737 6109
f 6299 10506 6298
f 10499 10248 10498
f 6305 6306 10730
f 10736 10737 6110
f 6116 8210 8211
f 6116 6117 8210
f 10505 10506 6299
f 6300 10505 6299
f 10731 6305 10730
f 6115 8211 8212
f 6115 6116 8211
f 10744 6301 6302
f 10743 10744 6302
f 10743 6302 6303
f 10745 6300 6301
f 10745 6301 10744
f 10742 6303 6304
f 10742 10743 6303
f 10964 10736 6110
f 10964 6110 6111
f 10746 10504 10505
f 10746 10505 6300
f 10746 6300 10745
f 10965 10734 10735
f 10965 10735 10736
f 10965 10736 10964
f 10741 6305 10731
f 10741 6304 6305
f 10741 10742 6304
f 10963 10964 6111
f 10963 6111 6112
f 10747 10504 10746
f 10761 10731 10732
f 10761 10741 10731
f 10966 10733 10734
f 10966 10734 10965
f 10962 10963 6112
f 10962 6112 6113
f 10962 6113 6114
f 10748 10502 10503
f 10748 10503 10504
f 10748 10504 10747
f 10967 10733 10966
f 10967 10732 10733
f 10967 10761 10732
f 10749 10502 10748
f 10961 10962 6114
f 10961 6114 6115
f 10750 10502 10749
f 10750 10500 10501
f 10750 10501 10502
f 10968 10761 10967
f 10968 10759 10760
f 10968 10760 10761
f 10751 10500 10750
f 10960 8212 8213
f 10960 6115 8212
f 10960 10961 6115
f 10969 10759 10968
f 10969 10758 10759
f 10959 8213 8214
f 10959 10960 8213
f 10970 10758 10969
f 10970 10757 10758
f 10958 8214 8215
f 10958 10959 8214
f 10957 8215 8216
f 10957 8216 10924
f 10957 10958 8215
f 10932 10971 10951
f 10932 10933 10971
f 10934 10970 10971
f 10934 10971 10933
f 10931 10932 10951
f 10931 10951 10952
f 10935 10757 10970
f 10935 10970 10934
f 10930 10931 10952
f 10936 10757 10935
f 10936 10756 10757
f 10950 10930 10952
f 10950 10952 10953
f 10937 10755 10756
f 10937 10756 10936
f 10949 10953 10954
f 10949 10950 10953
f 10938 10754 10755
f 10938 10755 10937
f 10948 10949 10954
f 10939 10753 10754
f 10939 10754 10938
f 10947 10948 10954
f 10947 10954 10955
f 6035 10753 10939
f 6035 10499 10500
f 6035 10939 10940
f 6035 10940 10941
f 6035 10941 10942
f 6035 10248 10499
f 6035 10500 10751
f 6035 10751 10752
f 6035 10752 10753
f 6042 10947 10955
f 6042 10943 10944
f 6042 10944 10945
f 6042 10945 10946
f 6042 10946 10947
f 6042 10955 10956
f 6042 10956 10957
f 6040 6042 6041
f 6038 6036 6035
f 6038 6037 6036
f 6038 6035 10942
f 6038 10942 10943
f 6039 6042 6040
f 6039 6038 10943
f 6039 10943 6042
f 6027 8310 6026
f 8310 8457 6026
f 8457 8478 6026
f 8478 8499 6026
f 6034 10247 6035
f 10247 10248 6035
f 6034 9996 10247
f 6034 9995 9996
f 6034 9765 9995
f 6034 9764 9765
f 6034 9513 9764
f 6034 9512 9513
f 6034 9261 9512
f 6034 9260 9261
f 6034 9009 9260
f 6042 10957 6043
f 10957 10925 6043
f 10925 10904 6043
f 10904 10883 6043
f 10883 10862 6043
f 10862 10841 6043
f 10841 10820 6043
f 10820 10799 6043
f 10820 10798 10799
f 10957 10924 10925
f 10925 10903 10904
f 10904 10882 10883
f 10883 10861 10862
f 10862 10840 10841
f 10841 10819 10820
f 6050 8809 6051
f 6050 9019 8809
f 6050 9271 9019
f 6050 9523 9271
f 6050 9775 9523
f 6050 10006 9775
f 11037 11017 11016
f 11037 11038 11017
f 11039 11018 11017
f 11039 11017 11038
f 11036 11016 11015
f 11036 11037 11016
f 11040 11019 11018
f 11040 11018 11039
f 11035 11015 11014
f 11035 11036 11015
f 11041 11020 11019
f 11041 11019 11040
f 11055 11014 11034
f 11055 11035 11014
f 11042 11021 11020
f 11042 11020 11041
f 11054 11034 11033
f 11054 11055 11034
f 11022 11042 11043
f 11022 11021 11042
f 11032 11053 11054
f 11032 11054 11033
f 11044 11022 11043
f 11052 11053 11032
f 11023 11044 11045
f 11023 11022 11044
f 11031 11052 11032
f 11024 11023 11045
f 11024 11045 11046
f 11030 11052 11031
f 11030 11050 11051
f 11030 11051 11052
f 11025 11024 11046
f 11029 11050 11030
f 11026 11025 11046
f 11026 11046 11047
f 11026 11047 11048
f 11028 11049 11050
f 11028 11050 11029
f 11027 11026 11048
f 11027 11049 11028
f 11027 11048 11049
f 11057 5827 11056
f 11057 5828 5827
f 11057 5829 5828
f 11058 5829 11057
f 11059 5830 5829
f 11059 5829 11058
f 11060 5831 5830
f 11060 5830 11059
f 11061 5832 5831
f 11061 5833 5832
f 11061 5831 11060
f 11062 5833 11061
f 11063 5834 5833
f 11063 5833 11062
f 11064 5835 5834
f 11064 5834 11063
f 11065 5836 5835
f 11065 5835 11064
f 11066 5837 5836
f 11066 5836 11065
f 11067 5838 5837
f 11067 5837 11066
f 11068 5839 5838
f 11068 5838 11067
f 11069 5839 11068
f 11069 5840 5839
f 11069 5841 5840
f 11070 5841 11069
f 11071 5841 11070
f 11071 5842 5841
f 11071 5843 5842
f 11072 5843 11071
f 11073 5843 11072
f 11073 5844 5843
f 11073 5845 5844
f 11074 5845 11073
f 11075 5845 11074
f 11075 5846 5845
f 11076 5846 11075
f 11076 5847 5846
f 11056 5847 11076
f 11056 5827 5847
f 5949 509 510
f 11077 515 511
f 11078 510 514
f 11078 514 515
f 11078 515 11077
f 11079 5950 5949
f 11079 510 11078
f 11079 5949 510
f 311 312 5951
f 11080 5951 5950
f 11080 5950 11079
f 11081 311 5951
f 11081 5951 11080
f 11082 315 316
f 11082 316 311
f 11082 311 11081
f 5952 313 314
f 11083 315 11082
f 11083 314 315
f 11084 5953 5952
f 11084 5952 314
f 11084 314 11083
f 744 745 5954
f 11085 5953 11084
f 11085 5954 5953
f 11086 5954 11085
f 11086 744 5954
f 11087 748 749
f 11087 749 744
f 11087 744 11086
f 5955 746 747
f 11088 747 748
f 11088 748 11087
f 11089 747 11088
f 11089 5955 747
f 518 519 5957
f 11090 5956 5955
f 11090 5955 11089
f 11091 5957 5956
f 11091 5956 11090
f 11091 518 5957
f 11092 527 518
f 11092 518 11091
f 5946 520 521
f 11093 521 526
f 11093 526 527
f 11093 527 11092
f 11094 5946 521
f 11094 521 11093
f 507 508 5948
f 11095 5947 5946
f 11095 5946 11094
f 11096 5948 5947
f 11096 507 5948
f 11096 5947 11095
f 11097 512 513
f 11097 513 507
f 11097 507 11096
f 11077 511 512
f 11077 512 11097
f 6099 11098 6079
f 6099 11099 11098
f 6098 11100 11099
f 6098 11099 6099
f 6097 11101 11100
f 6097 11100 6098
f 6096 11102 11101
f 6096 11101 6097
f 6095 11103 11102
f 6095 11102 6096
f 6094 11104 11103
f 6094 11103 6095
f 6093 11105 11104
f 6093 11104 6094
f 6092 11106 11105
f 6092 11105 6093
f 6091 11107 11106
f 6091 11106 6092
f 6090 11108 11107
f 6090 11107 6091
f 6089 11109 11108
f 6089 11108 6090
f 6088 11110 11109
f 6088 11109 6089
f 6087 11110 6088
f 6087 11111 11110
f 6086 11111 6087
f 6086 11112 11111
f 6085 11112 6086
f 6085 11113 11112
f 6084 11113 6085
f 6084 11114 11113
f 6083 11114 6084
f 6083 11115 11114
f 6082 11115 6083
f 6082 11116 11115
f 6081 11116 6082
f 6081 11117 11116
f 6080 11117 6081
f 6080 11118 11117
f 6079 11118 6080
f 6079 11098 11118
f 11120 5701 11119
f 11120 5702 5701
f 11120 5703 5702
f 11121 5703 11120
f 11122 5704 5703
f 11122 5703 11121
f 11123 5705 5704
f 11123 5704 11122
f 11124 5706 5705
f 11124 5707 5706
f 11124 5705 11123
f 11125 5707 11124
f 11126 5708 5707
f 11126 5707 11125
f 11127 5709 5708
f 11127 5708 11126
f 11128 5710 5709
f 11128 5709 11127
f 11129 5711 5710
f 11129 5710 11128
f 11130 5712 5711
f 11130 5711 11129
f 11131 5713 5712
f 11131 5712 11130
f 11132 5713 11131
f 11132 5714 5713
f 11132 5715 5714
f 11133 5715 11132
f 11134 5715 11133
f 11134 5716 5715
f 11134 5717 5716
f 11135 5717 11134
f 11136 5717 11135
f 11136 5718 5717
f 11136 5719 5718
f 11137 5719 11136
f 11138 5719 11137
f 11138 5720 5719
f 11139 5720 11138
f 11139 5721 5720
f 11119 5721 11139
f 11119 5701 5721
f 894 877 876
f 894 896 895
f 894 876 896
f 885 882 881
f 885 883 882
f 885 884 883
f 891 893 892
f 891 894 893
f 889 878 877
f 889 879 878
f 889 880 879
f 889 881 880
f 889 886 885
f 889 887 886
f 889 888 887
f 889 891 890
f 889 894 891
f 889 877 894
f 889 885 881
f 11095 11078 11077
f 11095 11097 11096
f 11095 11077 11097
f 11086 11083 11082
f 11086 11084 11083
f 11086 11085 11084
f 11092 11094 11093
f 11092 11095 11094
f 11090 11079 11078
f 11090 11080 11079
f 11090 11081 11080
f 11090 11082 11081
f 11090 11087 11086
f 11090 11088 11087
f 11090 11089 11088
f 11090 11092 11091
f 11090 11095 11092
f 11090 11078 11095
f 11090 11086 11082
f 11142 5987 5986
f 11142 11143 5987
f 11144 5988 5987
f 11144 5987 11143
f 11141 5986 5985
f 11141 11142 5986
f 11145 5989 5988
f 11145 5988 11144
f 11140 5985 5984
f 11140 11141 5985
f 11146 5990 5989
f 11146 5989 11145
f 11160 5984 6004
f 11160 11140 5984
f 11147 5991 5990
f 11147 5990 11146
f 11159 6004 6003
f 11159 11160 6004
f 5992 11147 11148
f 5992 5991 11147
f 6002 11158 11159
f 6002 11159 6003
f 11149 5992 11148
f 11157 11158 6002
f 5993 11149 11150
f 5993 5992 11149
f 6001 11157 6002
f 5994 5993 11150
f 5994 11150 11151
f 6000 11157 6001
f 6000 11155 11156
f 6000 11156 11157
f 5995 5994 11151
f 5999 11155 6000
f 5996 5995 11151
f 5996 11151 11152
f 5996 11152 11153
f 5998 11154 11155
f 5998 11155 5999
f 5997 5996 11153
f 5997 11154 5998
f 5997 11153 11154
f 8220 11035 8200
f 8220 11036 11035
f 8219 11037 11036
f 8219 11036 8220
f 8218 11038 11037
f 8218 11037 8219
f 8217 11039 11038
f 8217 11038 8218
f 8216 11040 11039
f 8216 11039 8217
f 8215 11041 11040
f 8215 11040 8216
f 8214 11042 11041
f 8214 11041 8215
f 8213 11043 11042
f 8213 11042 8214
f 8212 11044 11043
f 8212 11043 8213
f 8211 11045 11044
f 8211 11044 8212
f 8210 11046 11045
f 8210 11045 8211
f 8209 11047 11046
f 8209 11046 8210
f 8208 11047 8209
f 8208 11048 11047
f 8207 11048 8208
f 8207 11049 11048
f 8206 11049 8207
f 8206 11050 11049
f 8205 11050 8206
f 8205 11051 11050
f 8204 11051 8205
f 8204 11052 11051
f 8203 11052 8204
f 8203 11053 11052
f 8202 11053 8203
f 8202 11054 11053
f 8201 11054 8202
f 8201 11055 11054
f 8200 11055 8201
f 8200 11035 11055
f 11163 6008 6007
f 11163 11164 6008
f 11165 6009 6008
f 11165 6008 11164
f 11162 6007 6006
f 11162 11163 6007
f 11166 6010 6009
f 11166 6009 11165
f 11161 6006 6005
f 11161 11162 6006
f 11167 6011 6010
f 11167 6010 11166
f 11181 6005 6025
f 11181 11161 6005
f 11168 6012 6011
f 11168 6011 11167
f 11180 6025 6024
f 11180 11181 6025
f 6013 11168 11169
f 6013 6012 11168
f 6023 11179 11180
f 6023 11180 6024
f 11170 6013 11169
f 11178 11179 6023
f 6014 11170 11171
f 6014 6013 11170
f 6022 11178 6023
f 6015 6014 11171
f 6015 11171 11172
f 6021 11178 6022
f 6021 11176 11177
f 6021 11177 11178
f 6016 6015 11172
f 6020 11176 6021
f 6017 6016 11172
f 6017 11172 11173
f 6017 11173 11174
f 6019 11175 11176
f 6019 11176 6020
f 6018 6017 11174
f 6018 11175 6019
f 6018 11174 11175
f 11184 11059 11058
f 11184 11185 11059
f 11186 11060 11059
f 11186 11059 11185
f 11183 11058 11057
f 11183 11184 11058
f 11187 11061 11060
f 11187 11060 11186
f 11182 11057 11056
f 11182 11183 11057
f 11188 11062 11061
f 11188 11061 11187
f 11063 11062 11188
f 11202 11056 11076
f 11202 11182 11056
f 11189 11063 11188
f 11201 11076 11075
f 11201 11202 11076
f 11190 11063 11189
f 11064 11063 11190
f 11200 11201 11075
f 11074 11200 11075
f 11191 11064 11190
f 11065 11064 11191
f 11073 11198 11199
f 11073 11199 11200
f 11073 11200 11074
f 11066 11191 11192
f 11066 11065 11191
f 11072 11198 11073
f 11072 11197 11198
f 11067 11192 11193
f 11067 11066 11192
f 11071 11197 11072
f 11068 11067 11193
f 11068 11193 11194
f 11070 11197 11071
f 11070 11196 11197
f 11069 11068 11194
f 11069 11196 11070
f 11069 11194 11195
f 11069 11195 11196
f 928 910 909
f 928 909 929
f 927 911 910
f 927 912 911
f 927 910 928
f 918 917 916
f 924 913 912
f 924 914 913
f 924 915 914
f 924 916 915
f 924 926 925
f 924 927 926
f 924 912 927
f 922 919 918
f 922 920 919
f 922 921 920
f 922 924 923
f 922 918 916
f 922 916 924
f 8221 5924 5923
f 8241 5925 5924
f 8241 5924 8221
f 8240 5926 5925
f 8240 5925 8241
f 534 535 5927
f 8239 5927 5926
f 8239 5926 8240
f 8238 537 534
f 8238 534 5927
f 8238 5927 8239
f 5975 528 529
f 8237 529 536
f 8237 536 537
f 8237 537 8238
f 8236 529 8237
f 8236 5975 529
f 8235 5976 5975
f 8235 5975 8236
f 8234 5977 5976
f 8234 5976 8235
f 8233 5977 8234
f 8233 5978 5977
f 8232 5978 8233
f 8232 5979 5978
f 8231 5979 8232
f 8231 5980 5979
f 8230 5980 8231
f 8230 5981 5980
f 8229 5981 8230
f 8229 5982 5981
f 685 686 5983
f 8228 5982 8229
f 8228 5983 5982
f 8227 685 5983
f 8227 5983 8228
f 5919 687 688
f 8226 685 8227
f 8226 703 704
f 8226 704 685
f 8225 5919 688
f 8225 703 8226
f 8225 688 703
f 8224 5919 8225
f 8224 5920 5919
f 8223 5920 8224
f 8223 5921 5920
f 8222 5922 5921
f 8222 5921 8223
f 8221 5923 5922
f 8221 5922 8222
f 8409 5638 8389
f 8409 5639 5638
f 8408 5640 5639
f 8408 5639 8409
f 8407 5641 5640
f 8407 5640 8408
f 8406 5642 5641
f 8406 5641 8407
f 8405 5643 5642
f 8405 5642 8406
f 8404 5644 5643
f 8404 5643 8405
f 8403 5645 5644
f 8403 5644 8404
f 8402 5646 5645
f 8402 5645 8403
f 8401 5647 5646
f 8401 5646 8402
f 8400 5648 5647
f 8400 5647 8401
f 8399 5649 5648
f 8399 5648 8400
f 8398 5650 5649
f 8398 5649 8399
f 8397 5650 8398
f 8397 5651 5650
f 8396 5651 8397
f 8396 5652 5651
f 8395 5652 8396
f 8395 5653 5652
f 8394 5653 8395
f 8394 5654 5653
f 8393 5654 8394
f 8393 5655 5654
f 8392 5655 8393
f 8392 5656 5655
f 8391 5656 8392
f 8391 5657 5656
f 8390 5657 8391
f 8390 5658 5657
f 8390 5638 5658
f 8389 5638 8390
f 1009 1010 6055
f 1009 6055 6056
f 1008 6056 6057
f 1008 1009 6056
f 1007 6057 6027
f 1007 1008 6057
f 1010 6054 6055
f 1036 6054 1010
f 6045 6046 1028
f 6045 1028 1029
f 6044 1029 1030
f 6044 6045 1029
f 6043 1030 1027
f 6043 6044 1030
f 1031 6046 6047
f 1028 6046 1031
f 1011 1007 6027
f 1011 6027 6026
f 1027 1024 6042
f 1027 6042 6043
f 1026 1023 6039
f 1026 6039 6040
f 1025 6040 6041
f 1025 1026 6040
f 1024 6041 6042
f 1024 1025 6041
f 6039 1023 1020
f 6039 1020 6038
f 6029 6030 1012
f 6029 1012 1013
f 6028 1013 1014
f 6028 6029 1013
f 6026 1014 1011
f 6026 6028 1014
f 6031 1012 6030
f 6031 1015 1012
f 10971 5659 10951
f 10971 5660 5659
f 10970 5661 5660
f 10970 5660 10971
f 10969 5662 5661
f 10969 5661 10970
f 10968 5663 5662
f 10968 5662 10969
f 10967 5664 5663
f 10967 5663 10968
f 10966 5665 5664
f 10966 5664 10967
f 10965 5666 5665
f 10965 5665 10966
f 10964 5667 5666
f 10964 5666 10965
f 10963 5668 5667
f 10963 5667 10964
f 10962 5669 5668
f 10962 5668 10963
f 10961 5670 5669
f 10961 5669 10962
f 10960 5671 5670
f 10960 5670 10961
f 10959 5671 10960
f 10959 5672 5671
f 10958 5672 10959
f 10958 5673 5672
f 10957 5673 10958
f 10957 5674 5673
f 10956 5674 10957
f 10956 5675 5674
f 10955 5675 10956
f 10955 5676 5675
f 10954 5676 10955
f 10954 5677 5676
f 10953 5677 10954
f 10953 5678 5677
f 10952 5678 10953
f 10952 5679 5678
f 10951 5679 10952
f 10951 5659 5679
f 6053 6054 1036
f 6053 1036 1037
f 6053 1037 1038
f 6052 1038 1035
f 6052 6053 1038
f 6051 6052 1035
f 1034 1031 6047
f 1034 6047 6048
f 1034 6048 6049
f 1033 6049 6050
f 1033 1034 6049
f 1032 1033 6050
f 6038 1020 1021
f 6037 1021 1022
f 6037 6038 1021
f 6036 1022 1019
f 6036 6037 1022
f 6035 6036 1019
f 1019 1016 6034
f 1019 6034 6035
f 1018 1015 6031
f 1018 6031 6032
f 1018 6032 6033
f 1017 6033 6034
f 1017 1018 6033
f 1016 1017 6034
f 8388 5806 8368
f 8388 5807 5806
f 8387 5808 5807
f 8387 5807 8388
f 8386 5809 5808
f 8386 5808 8387
f 8385 5810 5809
f 8385 5809 8386
f 8384 5811 5810
f 8384 5810 8385
f 8383 5812 5811
f 8383 5811 8384
f 8382 5813 5812
f 8382 5812 8383
f 8381 5814 5813
f 8381 5813 8382
f 8380 5815 5814
f 8380 5814 8381
f 8379 5816 5815
f 8379 5815 8380
f 8378 5817 5816
f 8378 5816 8379
f 8377 5818 5817
f 8377 5817 8378
f 8376 5818 8377
f 8376 5819 5818
f 8375 5819 8376
f 8375 5820 5819
f 8374 5820 8375
f 8374 5821 5820
f 8373 5821 8374
f 8373 5822 5821
f 8372 5822 8373
f 8372 5823 5822
f 8371 5823 8372
f 8371 5824 5823
f 8370 5824 8371
f 8370 5825 5824
f 8369 5825 8370
f 8369 5826 5825
f 8368 5826 8369
f 8368 5806 5826
f 8367 5785 8347
f 8367 5786 5785
f 8366 5787 5786
f 8366 5786 8367
f 8365 5788 5787
f 8365 5787 8366
f 8364 5789 5788
f 8364 5788 8365
f 8363 5790 5789
f 8363 5789 8364
f 8362 5791 5790
f 8362 5790 8363
f 8361 5792 5791
f 8361 5791 8362
f 8360 5793 5792
f 8360 5792 8361
f 8359 5794 5793
f 8359 5793 8360
f 8358 5795 5794
f 8358 5794 8359
f 8357 5796 5795
f 8357 5795 8358
f 8356 5797 5796
f 8356 5796 8357
f 8355 5797 8356
f 8355 5798 5797
f 8354 5798 8355
f 8354 5799 5798
f 8353 5799 8354
f 8353 5800 5799
f 8352 5800 8353
f 8352 5801 5800
f 8351 5801 8352
f 8351 5802 5801
f 8350 5802 8351
f 8350 5803 5802
f 8349 5803 8350
f 8349 5804 5803
f 8348 5804 8349
f 8348 5805 5804
f 8347 5805 8348
f 8347 5785 5805
f 8346 5764 8326
f 8346 5765 5764
f 8345 5766 5765
f 8345 5765 8346
f 8344 5767 5766
f 8344 5766 8345
f 8343 5768 5767
f 8343 5767 8344
f 8342 5769 5768
f 8342 5768 8343
f 8341 5770 5769
f 8341 5769 8342
f 8340 5771 5770
f 8340 5770 8341
f 8339 5772 5771
f 8339 5771 8340
f 8338 5773 5772
f 8338 5772 8339
f 8337 5774 5773
f 8337 5773 8338
f 8336 5775 5774
f 8336 5774 8337
f 8335 5776 5775
f 8335 5775 8336
f 8334 5776 8335
f 8334 5777 5776
f 8333 5777 8334
f 8333 5778 5777
f 8332 5778 8333
f 8332 5779 5778
f 8331 5779 8332
f 8331 5780 5779
f 8330 5780 8331
f 8330 5781 5780
f 8329 5781 8330
f 8329 5782 5781
f 8328 5782 8329
f 8328 5783 5782
f 8327 5783 8328
f 8327 5784 5783
f 8326 5784 8327
f 8326 5764 5784
f 5887 443 444
f 8305 454 455
f 8305 455 451
f 8325 444 454
f 8325 454 8305
f 8325 5887 444
f 8324 5888 5887
f 8324 5887 8325
f 8323 5889 5888
f 8323 5888 8324
f 8322 5890 5889
f 8322 5889 8323
f 8321 5891 5890
f 8321 5890 8322
f 8320 5892 5891
f 8320 5891 8321
f 8319 5893 5892
f 8319 5892 8320
f 346 347 5894
f 8318 5894 5893
f 8318 5893 8319
f 8317 346 5894
f 8317 5894 8318
f 8316 346 8317
f 8316 357 358
f 8316 358 346
f 5895 348 349
f 8315 349 357
f 8315 357 8316
f 8314 5895 349
f 8314 349 8315
f 8313 5896 5895
f 8313 5895 8314
f 8312 5897 5896
f 8312 5896 8313
f 8311 5898 5897
f 8311 5897 8312
f 8310 5899 5898
f 8310 5898 8311
f 8309 5900 5899
f 8309 5899 8310
f 8308 5901 5900
f 8308 5900 8309
f 449 450 5902
f 8307 5902 5901
f 8307 5901 8308
f 8306 453 449
f 8306 5902 8307
f 8306 449 5902
f 8305 451 452
f 8305 452 453
f 8305 453 8306
f 8284 5942 5941
f 8304 5943 5942
f 8304 5942 8284
f 8303 5944 5943
f 8303 5943 8304
f 522 523 5945
f 8302 5945 5944
f 8302 5944 8303
f 8301 5945 8302
f 8301 522 5945
f 8300 524 525
f 8300 525 522
f 8300 522 8301
f 5958 516 517
f 8299 517 524
f 8299 524 8300
f 8298 5958 517
f 8298 517 8299
f 8297 5959 5958
f 8297 5958 8298
f 8296 5959 8297
f 8296 5960 5959
f 8295 5960 8296
f 8295 5961 5960
f 8294 5961 8295
f 8294 5962 5961
f 8294 5963 5962
f 8293 5963 8294
f 8293 5964 5963
f 8292 5964 8293
f 8292 5965 5964
f 712 713 5965
f 8291 5965 8292
f 8291 712 5965
f 8290 712 8291
f 8290 721 712
f 5937 714 715
f 8289 721 8290
f 8289 715 720
f 8289 720 721
f 8288 715 8289
f 8288 5937 715
f 8287 5937 8288
f 8287 5938 5937
f 8286 5938 8287
f 8286 5939 5938
f 8285 5939 8286
f 8285 5940 5939
f 8284 5940 8285
f 8284 5941 5940
f 8283 5743 8263
f 8283 5744 5743
f 8282 5745 5744
f 8282 5744 8283
f 8281 5746 5745
f 8281 5745 8282
f 8280 5747 5746
f 8280 5746 8281
f 8279 5748 5747
f 8279 5747 8280
f 8278 5749 5748
f 8278 5748 8279
f 8277 5750 5749
f 8277 5749 8278
f 8276 5751 5750
f 8276 5750 8277
f 8275 5752 5751
f 8275 5751 8276
f 8274 5753 5752
f 8274 5752 8275
f 8273 5754 5753
f 8273 5753 8274
f 8272 5755 5754
f 8272 5754 8273
f 8271 5755 8272
f 8271 5756 5755
f 8270 5756 8271
f 8270 5757 5756
f 8269 5757 8270
f 8269 5758 5757
f 8268 5758 8269
f 8268 5759 5758
f 8267 5759 8268
f 8267 5760 5759
f 8266 5760 8267
f 8266 5761 5760
f 8265 5761 8266
f 8265 5762 5761
f 8264 5762 8265
f 8264 5763 5762
f 8263 5763 8264
f 8263 5743 5763
f 8262 5722 8242
f 8262 5723 5722
f 8261 5724 5723
f 8261 5723 8262
f 8260 5725 5724
f 8260 5724 8261
f 8259 5726 5725
f 8259 5725 8260
f 8258 5727 5726
f 8258 5726 8259
f 8257 5728 5727
f 8257 5727 8258
f 8256 5729 5728
f 8256 5728 8257
f 8255 5730 5729
f 8255 5729 8256
f 8254 5731 5730
f 8254 5730 8255
f 8253 5732 5731
f 8253 5731 8254
f 8252 5733 5732
f 8252 5732 8253
f 8251 5734 5733
f 8251 5733 8252
f 8250 5734 8251
f 8250 5735 5734
f 8249 5735 8250
f 8249 5736 5735
f 8248 5736 8249
f 8248 5737 5736
f 8247 5737 8248
f 8247 5738 5737
f 8246 5738 8247
f 8246 5739 5738
f 8245 5739 8246
f 8245 5740 5739
f 8244 5740 8245
f 8244 5741 5740
f 8243 5741 8244
f 8243 5742 5741
f 8242 5742 8243
f 8242 5722 5742
f 11013 11140 10993
f 11013 11141 11140
f 11012 11142 11141
f 11012 11141 11013
f 11011 11143 11142
f 11011 11142 11012
f 11010 11144 11143
f 11010 11143 11011
f 11009 11145 11144
f 11009 11144 11010
f 11008 11146 11145
f 11008 11145 11009
f 11007 11147 11146
f 11007 11146 11008
f 11006 11148 11147
f 11006 11147 11007
f 11005 11149 11148
f 11005 11148 11006
f 11004 11150 11149
f 11004 11149 11005
f 11003 11151 11150
f 11003 11150 11004
f 11002 11152 11151
f 11002 11151 11003
f 11001 11152 11002
f 11001 11153 11152
f 11000 11153 11001
f 11000 11154 11153
f 10999 11154 11000
f 10999 11155 11154
f 10998 11155 10999
f 10998 11156 11155
f 10997 11156 10998
f 10997 11157 11156
f 10996 11157 10997
f 10996 11158 11157
f 10995 11158 10996
f 10995 11159 11158
f 10994 11159 10995
f 10994 11160 11159
f 10993 11160 10994
f 10993 11140 11160
f 11015 5680 11014
f 11015 5681 5680
f 11015 5682 5681
f 11016 5682 11015
f 11017 5683 5682
f 11017 5682 11016
f 11018 5684 5683
f 11018 5683 11017
f 11019 5685 5684
f 11019 5686 5685
f 11019 5684 11018
f 11020 5686 11019
f 11021 5687 5686
f 11021 5686 11020
f 11022 5688 5687
f 11022 5687 11021
f 11023 5689 5688
f 11023 5688 11022
f 11024 5690 5689
f 11024 5689 11023
f 11025 5691 5690
f 11025 5690 11024
f 11026 5692 5691
f 11026 5691 11025
f 11027 5692 11026
f 11027 5693 5692
f 11027 5694 5693
f 11028 5694 11027
f 11029 5694 11028
f 11029 5695 5694
f 11029 5696 5695
f 11030 5696 11029
f 11031 5696 11030
f 11031 5697 5696
f 11031 5698 5697
f 11032 5698 11031
f 11033 5698 11032
f 11033 5699 5698
f 11034 5699 11033
f 11034 5700 5699
f 11014 5700 11034
f 11014 5680 5700
f 10992 11161 10972
f 10992 11162 11161
f 10991 11163 11162
f 10991 11162 10992
f 10990 11164 11163
f 10990 11163 10991
f 10989 11165 11164
f 10989 11164 10990
f 10988 11166 11165
f 10988 11165 10989
f 10987 11167 11166
f 10987 11166 10988
f 10986 11168 11167
f 10986 11167 10987
f 10985 11169 11168
f 10985 11168 10986
f 10984 11170 11169
f 10984 11169 10985
f 10983 11171 11170
f 10983 11170 10984
f 10982 11172 11171
f 10982 11171 10983
f 10981 11173 11172
f 10981 11172 10982
f 10980 11173 10981
f 10980 11174 11173
f 10979 11174 10980
f 10979 11175 11174
f 10978 11175 10979
f 10978 11176 11175
f 10977 11176 10978
f 10977 11177 11176
f 10976 11177 10977
f 10976 11178 11177
f 10975 11178 10976
f 10975 11179 11178
f 10974 11179 10975
f 10974 11180 11179
f 10973 11180 10974
f 10973 11181 11180
f 10972 11181 10973
f 10972 11161 11181
f 6078 11182 6058
f 6078 11183 11182
f 6077 11184 11183
f 6077 11183 6078
f 6076 11185 11184
f 6076 11184 6077
f 6075 11186 11185
f 6075 11185 6076
f 6074 11187 11186
f 6074 11186 6075
f 6073 11188 11187
f 6073 11187 6074
f 6072 11189 11188
f 6072 11188 6073
f 6071 11190 11189
f 6071 11189 6072
f 6070 11191 11190
f 6070 11190 6071
f 6069 11192 11191
f 6069 11191 6070
f 6068 11193 11192
f 6068 11192 6069
f 6067 11194 11193
f 6067 11193 6068
f 6066 11194 6067
f 6066 11195 11194
f 6065 11195 6066
f 6065 11196 11195
f 6064 11196 6065
f 6064 11197 11196
f 6063 11197 6064
f 6063 11198 11197
f 6062 11198 6063
f 6062 11199 11198
f 6061 11199 6062
f 6061 11200 11199
f 6060 11200 6061
f 6060 11201 11200
f 6059 11201 6060
f 6059 11202 11201
f 6058 11202 6059
f 6058 11182 11202
f 11101 11123 11122
f 11100 11122 11121
f 11100 11101 11122
f 11102 11124 11123
f 11102 11123 11101
f 11099 11121 11120
f 11099 11100 11121
f 11103 11124 11102
f 11098 11120 11119
f 11098 11099 11120
f 11104 11125 11124
f 11104 11124 11103
f 11118 11119 11139
f 11118 11098 11119
f 11105 11126 11125
f 11105 11125 11104
f 11117 11139 11138
f 11117 11118 11139
f 11127 11105 11106
f 11127 11126 11105
f 11137 11116 11117
f 11137 11117 11138
f 11107 11127 11106
f 11128 11107 11108
f 11128 11127 11107
f 11136 11115 11116
f 11136 11116 11137
f 11129 11128 11108
f 11129 11108 11109
f 11135 11115 11136
f 11135 11114 11115
f 11130 11129 11109
f 11130 11109 11110
f 11134 11114 11135
f 11134 11112 11113
f 11134 11113 11114
f 11131 11130 11110
f 11133 11112 11134
f 11132 11112 11133
f 11132 11131 11110
f 11132 11110 11111
f 11132 11111 11112
f 1035 1032 6050
f 1035 6050 6051
f 5869 287 288
f 8410 288 708
f 8410 708 709
f 8410 709 705
f 8430 288 8410
f 8430 5869 288
f 8429 5870 5869
f 8429 5869 8430
f 8428 5871 5870
f 8428 5870 8429
f 8427 5872 5871
f 8427 5871 8428
f 8426 5873 5872
f 8426 5872 8427
f 8425 5874 5873
f 8425 5873 8426
f 8424 5875 5874
f 8424 5874 8425
f 8423 5876 5875
f 8423 5875 8424
f 331 332 5877
f 8422 5876 8423
f 8422 331 5877
f 8422 5877 5876
f 8421 331 8422
f 8421 343 331
f 5911 333 334
f 8420 334 342
f 8420 342 343
f 8420 343 8421
f 8419 334 8420
f 8419 5911 334
f 8418 5912 5911
f 8418 5911 8419
f 8417 5913 5912
f 8417 5912 8418
f 8416 5914 5913
f 8416 5913 8417
f 8415 5915 5914
f 8415 5914 8416
f 8414 5916 5915
f 8414 5915 8415
f 701 702 5918
f 8413 5917 5916
f 8413 5918 5917
f 8413 5916 8414
f 8412 5918 8413
f 8412 701 5918
f 8411 706 707
f 8411 707 701
f 8411 701 8412
f 8410 705 706
f 8410 706 8411
f 5878 670 671
f 8431 671 681
f 8431 681 682
f 8431 682 678
f 8451 671 8431
f 8451 5878 671
f 8450 5879 5878
f 8450 5878 8451
f 8449 5880 5879
f 8449 5879 8450
f 8448 5881 5880
f 8448 5880 8449
f 8447 5882 5881
f 8447 5881 8448
f 8446 5883 5882
f 8446 5882 8447
f 8445 5884 5883
f 8445 5883 8446
f 8444 5885 5884
f 8444 5884 8445
f 445 446 5886
f 8443 5885 8444
f 8443 445 5886
f 8443 5886 5885
f 8442 445 8443
f 8442 457 445
f 5903 447 448
f 8441 448 456
f 8441 456 457
f 8441 457 8442
f 8440 448 8441
f 8440 5903 448
f 8439 5904 5903
f 8439 5903 8440
f 8438 5905 5904
f 8438 5904 8439
f 8437 5906 5905
f 8437 5905 8438
f 8436 5907 5906
f 8436 5906 8437
f 8435 5908 5907
f 8435 5907 8436
f 676 677 5910
f 8434 5909 5908
f 8434 5910 5909
f 8434 5908 8435
f 8433 5910 8434
f 8433 676 5910
f 8432 679 680
f 8432 680 676
f 8432 676 8433
f 8431 678 679
f 8431 679 8432
f 8472 5617 8452
f 8472 5618 5617
f 8471 5619 5618
f 8471 5618 8472
f 8470 5620 5619
f 8470 5619 8471
f 8469 5621 5620
f 8469 5620 8470
f 8468 5622 5621
f 8468 5621 8469
f 8467 5623 5622
f 8467 5622 8468
f 8466 5624 5623
f 8466 5623 8467
f 8465 5625 5624
f 8465 5624 8466
f 8464 5626 5625
f 8464 5625 8465
f 8463 5627 5626
f 8463 5626 8464
f 8462 5628 5627
f 8462 5627 8463
f 8461 5629 5628
f 8461 5628 8462
f 8460 5629 8461
f 8460 5630 5629
f 8459 5630 8460
f 8459 5631 5630
f 8458 5631 8459
f 8458 5632 5631
f 8457 5632 8458
f 8457 5633 5632
f 8456 5633 8457
f 8456 5634 5633
f 8455 5634 8456
f 8455 5635 5634
f 8454 5635 8455
f 8454 5636 5635
f 8453 5636 8454
f 8453 5637 5636
f 8453 5617 5637
f 8452 5617 8453
f 8493 5596 8473
f 8493 5597 5596
f 8492 5598 5597
f 8492 5597 8493
f 8491 5599 5598
f 8491 5598 8492
f 8490 5600 5599
f 8490 5599 8491
f 8489 5601 5600
f 8489 5600 8490
f 8488 5602 5601
f 8488 5601 8489
f 8487 5603 5602
f 8487 5602 8488
f 8486 5604 5603
f 8486 5603 8487
f 8485 5605 5604
f 8485 5604 8486
f 8484 5606 5605
f 8484 5605 8485
f 8483 5607 5606
f 8483 5606 8484
f 8482 5608 5607
f 8482 5607 8483
f 8481 5608 8482
f 8481 5609 5608
f 8480 5609 8481
f 8480 5610 5609
f 8479 5610 8480
f 8479 5611 5610
f 8478 5611 8479
f 8478 5612 5611
f 8477 5612 8478
f 8477 5613 5612
f 8476 5613 8477
f 8476 5614 5613
f 8475 5614 8476
f 8475 5615 5614
f 8474 5615 8475
f 8474 5616 5615
f 8474 5596 5616
f 8473 5596 8474
f 8514 5575 8494
f 8514 5576 5575
f 8513 5577 5576
f 8513 5576 8514
f 8512 5578 5577
f 8512 5577 8513
f 8511 5579 5578
f 8511 5578 8512
f 8510 5580 5579
f 8510 5579 8511
f 8509 5581 5580
f 8509 5580 8510
f 8508 5582 5581
f 8508 5581 8509
f 8507 5583 5582
f 8507 5582 8508
f 8506 5584 5583
f 8506 5583 8507
f 8505 5585 5584
f 8505 5584 8506
f 8504 5586 5585
f 8504 5585 8505
f 8503 5587 5586
f 8503 5586 8504
f 8502 5587 8503
f 8502 5588 5587
f 8501 5588 8502
f 8501 5589 5588
f 8500 5589 8501
f 8500 5590 5589
f 8499 5590 8500
f 8499 5591 5590
f 8498 5591 8499
f 8498 5592 5591
f 8497 5592 8498
f 8497 5593 5592
f 8496 5593 8497
f 8496 5594 5593
f 8495 5594 8496
f 8495 5595 5594
f 8495 5575 5595
f 8494 5575 8495
f 8535 5554 8515
f 8535 5555 5554
f 8534 5556 5555
f 8534 5555 8535
f 8533 5557 5556
f 8533 5556 8534
f 8532 5558 5557
f 8532 5557 8533
f 8531 5559 5558
f 8531 5558 8532
f 8530 5560 5559
f 8530 5559 8531
f 8529 5561 5560
f 8529 5560 8530
f 8528 5562 5561
f 8528 5561 8529
f 8527 5563 5562
f 8527 5562 8528
f 8526 5564 5563
f 8526 5563 8527
f 8525 5565 5564
f 8525 5564 8526
f 8524 5566 5565
f 8524 5565 8525
f 8523 5566 8524
f 8523 5567 5566
f 8522 5567 8523
f 8522 5568 5567
f 8521 5568 8522
f 8521 5569 5568
f 8520 5569 8521
f 8520 5570 5569
f 8519 5570 8520
f 8519 5571 5570
f 8518 5571 8519
f 8518 5572 5571
f 8517 5572 8518
f 8517 5573 5572
f 8516 5573 8517
f 8516 5574 5573
f 8516 5554 5574
f 8515 5554 8516
f 8556 5533 8536
f 8556 5534 5533
f 8555 5535 5534
f 8555 5534 8556
f 8554 5536 5535
f 8554 5535 8555
f 8553 5537 5536
f 8553 5536 8554
f 8552 5538 5537
f 8552 5537 8553
f 8551 5539 5538
f 8551 5538 8552
f 8550 5540 5539
f 8550 5539 8551
f 8549 5541 5540
f 8549 5540 8550
f 8548 5542 5541
f 8548 5541 8549
f 8547 5543 5542
f 8547 5542 8548
f 8546 5544 5543
f 8546 5543 8547
f 8545 5545 5544
f 8545 5544 8546
f 8544 5545 8545
f 8544 5546 5545
f 8543 5546 8544
f 8543 5547 5546
f 8542 5547 8543
f 8542 5548 5547
f 8541 5548 8542
f 8541 5549 5548
f 8540 5549 8541
f 8540 5550 5549
f 8539 5550 8540
f 8539 5551 5550
f 8538 5551 8539
f 8538 5552 5551
f 8537 5552 8538
f 8537 5553 5552
f 8537 5533 5553
f 8536 5533 8537
f 8577 5512 8557
f 8577 5513 5512
f 8576 5514 5513
f 8576 5513 8577
f 8575 5515 5514
f 8575 5514 8576
f 8574 5516 5515
f 8574 5515 8575
f 8573 5517 5516
f 8573 5516 8574
f 8572 5518 5517
f 8572 5517 8573
f 8571 5519 5518
f 8571 5518 8572
f 8570 5520 5519
f 8570 5519 8571
f 8569 5521 5520
f 8569 5520 8570
f 8568 5522 5521
f 8568 5521 8569
f 8567 5523 5522
f 8567 5522 8568
f 8566 5524 5523
f 8566 5523 8567
f 8565 5524 8566
f 8565 5525 5524
f 8564 5525 8565
f 8564 5526 5525
f 8563 5526 8564
f 8563 5527 5526
f 8562 5527 8563
f 8562 5528 5527
f 8561 5528 8562
f 8561 5529 5528
f 8560 5529 8561
f 8560 5530 5529
f 8559 5530 8560
f 8559 5531 5530
f 8558 5531 8559
f 8558 5532 5531
f 8558 5512 5532
f 8557 5512 8558
f 8598 5491 8578
f 8598 5492 5491
f 8597 5493 5492
f 8597 5492 8598
f 8596 5494 5493
f 8596 5493 8597
f 8595 5495 5494
f 8595 5494 8596
f 8594 5496 5495
f 8594 5495 8595
f 8593 5497 5496
f 8593 5496 8594
f 8592 5498 5497
f 8592 5497 8593
f 8591 5499 5498
f 8591 5498 8592
f 8590 5500 5499
f 8590 5499 8591
f 8589 5501 5500
f 8589 5500 8590
f 8588 5502 5501
f 8588 5501 8589
f 8587 5503 5502
f 8587 5502 8588
f 8586 5503 8587
f 8586 5504 5503
f 8585 5504 8586
f 8585 5505 5504
f 8584 5505 8585
f 8584 5506 5505
f 8583 5506 8584
f 8583 5507 5506
f 8582 5507 8583
f 8582 5508 5507
f 8581 5508 8582
f 8581 5509 5508
f 8580 5509 8581
f 8580 5510 5509
f 8579 5510 8580
f 8579 5511 5510
f 8579 5491 5511
f 8578 5491 8579
f 8619 5470 8599
f 8619 5471 5470
f 8618 5472 5471
f 8618 5471 8619
f 8617 5473 5472
f 8617 5472 8618
f 8616 5474 5473
f 8616 5473 8617
f 8615 5475 5474
f 8615 5474 8616
f 8614 5476 5475
f 8614 5475 8615
f 8613 5477 5476
f 8613 5476 8614
f 8612 5478 5477
f 8612 5477 8613
f 8611 5479 5478
f 8611 5478 8612
f 8610 5480 5479
f 8610 5479 8611
f 8609 5481 5480
f 8609 5480 8610
f 8608 5482 5481
f 8608 5481 8609
f 8607 5482 8608
f 8607 5483 5482
f 8606 5483 8607
f 8606 5484 5483
f 8605 5484 8606
f 8605 5485 5484
f 8604 5485 8605
f 8604 5486 5485
f 8603 5486 8604
f 8603 5487 5486
f 8602 5487 8603
f 8602 5488 5487
f 8601 5488 8602
f 8601 5489 5488
f 8600 5489 8601
f 8600 5490 5489
f 8600 5470 5490
f 8599 5470 8600
f 8640 5449 8620
f 8640 5450 5449
f 8639 5451 5450
f 8639 5450 8640
f 8638 5452 5451
f 8638 5451 8639
f 8637 5453 5452
f 8637 5452 8638
f 8636 5454 5453
f 8636 5453 8637
f 8635 5455 5454
f 8635 5454 8636
f 8634 5456 5455
f 8634 5455 8635
f 8633 5457 5456
f 8633 5456 8634
f 8632 5458 5457
f 8632 5457 8633
f 8631 5459 5458
f 8631 5458 8632
f 8630 5460 5459
f 8630 5459 8631
f 8629 5461 5460
f 8629 5460 8630
f 8628 5461 8629
f 8628 5462 5461
f 8627 5462 8628
f 8627 5463 5462
f 8626 5463 8627
f 8626 5464 5463
f 8625 5464 8626
f 8625 5465 5464
f 8624 5465 8625
f 8624 5466 5465
f 8623 5466 8624
f 8623 5467 5466
f 8622 5467 8623
f 8622 5468 5467
f 8621 5468 8622
f 8621 5469 5468
f 8621 5449 5469
f 8620 5449 8621
f 8661 5428 8641
f 8661 5429 5428
f 8660 5430 5429
f 8660 5429 8661
f 8659 5431 5430
f 8659 5430 8660
f 8658 5432 5431
f 8658 5431 8659
f 8657 5433 5432
f 8657 5432 8658
f 8656 5434 5433
f 8656 5433 8657
f 8655 5435 5434
f 8655 5434 8656
f 8654 5436 5435
f 8654 5435 8655
f 8653 5437 5436
f 8653 5436 8654
f 8652 5438 5437
f 8652 5437 8653
f 8651 5439 5438
f 8651 5438 8652
f 8650 5440 5439
f 8650 5439 8651
f 8649 5440 8650
f 8649 5441 5440
f 8648 5441 8649
f 8648 5442 5441
f 8647 5442 8648
f 8647 5443 5442
f 8646 5443 8647
f 8646 5444 5443
f 8645 5444 8646
f 8645 5445 5444
f 8644 5445 8645
f 8644 5446 5445
f 8643 5446 8644
f 8643 5447 5446
f 8642 5447 8643
f 8642 5448 5447
f 8642 5428 5448
f 8641 5428 8642
f 8682 5407 8662
f 8682 5408 5407
f 8681 5409 5408
f 8681 5408 8682
f 8680 5410 5409
f 8680 5409 8681
f 8679 5411 5410
f 8679 5410 8680
f 8678 5412 5411
f 8678 5411 8679
f 8677 5413 5412
f 8677 5412 8678
f 8676 5414 5413
f 8676 5413 8677
f 8675 5415 5414
f 8675 5414 8676
f 8674 5416 5415
f 8674 5415 8675
f 8673 5417 5416
f 8673 5416 8674
f 8672 5418 5417
f 8672 5417 8673
f 8671 5419 5418
f 8671 5418 8672
f 8670 5419 8671
f 8670 5420 5419
f 8669 5420 8670
f 8669 5421 5420
f 8668 5421 8669
f 8668 5422 5421
f 8667 5422 8668
f 8667 5423 5422
f 8666 5423 8667
f 8666 5424 5423
f 8665 5424 8666
f 8665 5425 5424
f 8664 5425 8665
f 8664 5426 5425
f 8663 5426 8664
f 8663 5427 5426
f 8663 5407 5427
f 8662 5407 8663
f 8703 5386 8683
f 8703 5387 5386
f 8702 5388 5387
f 8702 5387 8703
f 8701 5389 5388
f 8701 5388 8702
f 8700 5390 5389
f 8700 5389 8701
f 8699 5391 5390
f 8699 5390 8700
f 8698 5392 5391
f 8698 5391 8699
f 8697 5393 5392
f 8697 5392 8698
f 8696 5394 5393
f 8696 5393 8697
f 8695 5395 5394
f 8695 5394 8696
f 8694 5396 5395
f 8694 5395 8695
f 8693 5397 5396
f 8693 5396 8694
f 8692 5398 5397
f 8692 5397 8693
f 8691 5398 8692
f 8691 5399 5398
f 8690 5399 8691
f 8690 5400 5399
f 8689 5400 8690
f 8689 5401 5400
f 8688 5401 8689
f 8688 5402 5401
f 8687 5402 8688
f 8687 5403 5402
f 8686 5403 8687
f 8686 5404 5403
f 8685 5404 8686
f 8685 5405 5404
f 8684 5405 8685
f 8684 5406 5405
f 8684 5386 5406
f 8683 5386 8684
f 8724 5365 8704
f 8724 5366 5365
f 8723 5367 5366
f 8723 5366 8724
f 8722 5368 5367
f 8722 5367 8723
f 8721 5369 5368
f 8721 5368 8722
f 8720 5370 5369
f 8720 5369 8721
f 8719 5371 5370
f 8719 5370 8720
f 8718 5372 5371
f 8718 5371 8719
f 8717 5373 5372
f 8717 5372 8718
f 8716 5374 5373
f 8716 5373 8717
f 8715 5375 5374
f 8715 5374 8716
f 8714 5376 5375
f 8714 5375 8715
f 8713 5377 5376
f 8713 5376 8714
f 8712 5377 8713
f 8712 5378 5377
f 8711 5378 8712
f 8711 5379 5378
f 8710 5379 8711
f 8710 5380 5379
f 8709 5380 8710
f 8709 5381 5380
f 8708 5381 8709
f 8708 5382 5381
f 8707 5382 8708
f 8707 5383 5382
f 8706 5383 8707
f 8706 5384 5383
f 8705 5384 8706
f 8705 5385 5384
f 8705 5365 5385
f 8704 5365 8705
f 8745 5344 8725
f 8745 5345 5344
f 8744 5346 5345
f 8744 5345 8745
f 8743 5347 5346
f 8743 5346 8744
f 8742 5348 5347
f 8742 5347 8743
f 8741 5349 5348
f 8741 5348 8742
f 8740 5350 5349
f 8740 5349 8741
f 8739 5351 5350
f 8739 5350 8740
f 8738 5352 5351
f 8738 5351 8739
f 8737 5353 5352
f 8737 5352 8738
f 8736 5354 5353
f 8736 5353 8737
f 8735 5355 5354
f 8735 5354 8736
f 8734 5356 5355
f 8734 5355 8735
f 8733 5356 8734
f 8733 5357 5356
f 8732 5357 8733
f 8732 5358 5357
f 8731 5358 8732
f 8731 5359 5358
f 8730 5359 8731
f 8730 5360 5359
f 8729 5360 8730
f 8729 5361 5360
f 8728 5361 8729
f 8728 5362 5361
f 8727 5362 8728
f 8727 5363 5362
f 8726 5363 8727
f 8726 5364 5363
f 8726 5344 5364
f 8725 5344 8726
f 8766 5323 8746
f 8766 5324 5323
f 8765 5325 5324
f 8765 5324 8766
f 8764 5326 5325
f 8764 5325 8765
f 8763 5327 5326
f 8763 5326 8764
f 8762 5328 5327
f 8762 5327 8763
f 8761 5329 5328
f 8761 5328 8762
f 8760 5330 5329
f 8760 5329 8761
f 8759 5331 5330
f 8759 5330 8760
f 8758 5332 5331
f 8758 5331 8759
f 8757 5333 5332
f 8757 5332 8758
f 8756 5334 5333
f 8756 5333 8757
f 8755 5335 5334
f 8755 5334 8756
f 8754 5335 8755
f 8754 5336 5335
f 8753 5336 8754
f 8753 5337 5336
f 8752 5337 8753
f 8752 5338 5337
f 8751 5338 8752
f 8751 5339 5338
f 8750 5339 8751
f 8750 5340 5339
f 8749 5340 8750
f 8749 5341 5340
f 8748 5341 8749
f 8748 5342 5341
f 8747 5342 8748
f 8747 5343 5342
f 8747 5323 5343
f 8746 5323 8747
f 8787 5302 8767
f 8787 5303 5302
f 8786 5304 5303
f 8786 5303 8787
f 8785 5305 5304
f 8785 5304 8786
f 8784 5306 5305
f 8784 5305 8785
f 8783 5307 5306
f 8783 5306 8784
f 8782 5308 5307
f 8782 5307 8783
f 8781 5309 5308
f 8781 5308 8782
f 8780 5310 5309
f 8780 5309 8781
f 8779 5311 5310
f 8779 5310 8780
f 8778 5312 5311
f 8778 5311 8779
f 8777 5313 5312
f 8777 5312 8778
f 8776 5314 5313
f 8776 5313 8777
f 8775 5314 8776
f 8775 5315 5314
f 8774 5315 8775
f 8774 5316 5315
f 8773 5316 8774
f 8773 5317 5316
f 8772 5317 8773
f 8772 5318 5317
f 8771 5318 8772
f 8771 5319 5318
f 8770 5319 8771
f 8770 5320 5319
f 8769 5320 8770
f 8769 5321 5320
f 8768 5321 8769
f 8768 5322 5321
f 8768 5302 5322
f 8767 5302 8768
f 8808 5281 8788
f 8808 5282 5281
f 8807 5283 5282
f 8807 5282 8808
f 8806 5284 5283
f 8806 5283 8807
f 8805 5285 5284
f 8805 5284 8806
f 8804 5286 5285
f 8804 5285 8805
f 8803 5287 5286
f 8803 5286 8804
f 8802 5288 5287
f 8802 5287 8803
f 8801 5289 5288
f 8801 5288 8802
f 8800 5290 5289
f 8800 5289 8801
f 8799 5291 5290
f 8799 5290 8800
f 8798 5292 5291
f 8798 5291 8799
f 8797 5293 5292
f 8797 5292 8798
f 8796 5293 8797
f 8796 5294 5293
f 8795 5294 8796
f 8795 5295 5294
f 8794 5295 8795
f 8794 5296 5295
f 8793 5296 8794
f 8793 5297 5296
f 8792 5297 8793
f 8792 5298 5297
f 8791 5298 8792
f 8791 5299 5298
f 8790 5299 8791
f 8790 5300 5299
f 8789 5300 8790
f 8789 5301 5300
f 8789 5281 5301
f 8788 5281 8789
f 8829 5260 8809
f 8829 5261 5260
f 8828 5262 5261
f 8828 5261 8829
f 8827 5263 5262
f 8827 5262 8828
f 8826 5264 5263
f 8826 5263 8827
f 8825 5265 5264
f 8825 5264 8826
f 8824 5266 5265
f 8824 5265 8825
f 8823 5267 5266
f 8823 5266 8824
f 8822 5268 5267
f 8822 5267 8823
f 8821 5269 5268
f 8821 5268 8822
f 8820 5270 5269
f 8820 5269 8821
f 8819 5271 5270
f 8819 5270 8820
f 8818 5272 5271
f 8818 5271 8819
f 8817 5272 8818
f 8817 5273 5272
f 8816 5273 8817
f 8816 5274 5273
f 8815 5274 8816
f 8815 5275 5274
f 8814 5275 8815
f 8814 5276 5275
f 8813 5276 8814
f 8813 5277 5276
f 8812 5277 8813
f 8812 5278 5277
f 8811 5278 8812
f 8811 5279 5278
f 8810 5279 8811
f 8810 5280 5279
f 8810 5260 5280
f 8809 5260 8810
f 8850 5239 8830
f 8850 5240 5239
f 8849 5241 5240
f 8849 5240 8850
f 8848 5242 5241
f 8848 5241 8849
f 8847 5243 5242
f 8847 5242 8848
f 8846 5244 5243
f 8846 5243 8847
f 8845 5245 5244
f 8845 5244 8846
f 8844 5246 5245
f 8844 5245 8845
f 8843 5247 5246
f 8843 5246 8844
f 8842 5248 5247
f 8842 5247 8843
f 8841 5249 5248
f 8841 5248 8842
f 8840 5250 5249
f 8840 5249 8841
f 8839 5251 5250
f 8839 5250 8840
f 8838 5251 8839
f 8838 5252 5251
f 8837 5252 8838
f 8837 5253 5252
f 8836 5253 8837
f 8836 5254 5253
f 8835 5254 8836
f 8835 5255 5254
f 8834 5255 8835
f 8834 5256 5255
f 8833 5256 8834
f 8833 5257 5256
f 8832 5257 8833
f 8832 5258 5257
f 8831 5258 8832
f 8831 5259 5258
f 8831 5239 5259
f 8830 5239 8831
f 8871 5218 8851
f 8871 5219 5218
f 8870 5220 5219
f 8870 5219 8871
f 8869 5221 5220
f 8869 5220 8870
f 8868 5222 5221
f 8868 5221 8869
f 8867 5223 5222
f 8867 5222 8868
f 8866 5224 5223
f 8866 5223 8867
f 8865 5225 5224
f 8865 5224 8866
f 8864 5226 5225
f 8864 5225 8865
f 8863 5227 5226
f 8863 5226 8864
f 8862 5228 5227
f 8862 5227 8863
f 8861 5229 5228
f 8861 5228 8862
f 8860 5230 5229
f 8860 5229 8861
f 8859 5230 8860
f 8859 5231 5230
f 8858 5231 8859
f 8858 5232 5231
f 8857 5232 8858
f 8857 5233 5232
f 8856 5233 8857
f 8856 5234 5233
f 8855 5234 8856
f 8855 5235 5234
f 8854 5235 8855
f 8854 5236 5235
f 8853 5236 8854
f 8853 5237 5236
f 8852 5237 8853
f 8852 5238 5237
f 8852 5218 5238
f 8851 5218 8852
f 8892 5197 8872
f 8892 5198 5197
f 8891 5199 5198
f 8891 5198 8892
f 8890 5200 5199
f 8890 5199 8891
f 8889 5201 5200
f 8889 5200 8890
f 8888 5202 5201
f 8888 5201 8889
f 8887 5203 5202
f 8887 5202 8888
f 8886 5204 5203
f 8886 5203 8887
f 8885 5205 5204
f 8885 5204 8886
f 8884 5206 5205
f 8884 5205 8885
f 8883 5207 5206
f 8883 5206 8884
f 8882 5208 5207
f 8882 5207 8883
f 8881 5209 5208
f 8881 5208 8882
f 8880 5209 8881
f 8880 5210 5209
f 8879 5210 8880
f 8879 5211 5210
f 8878 5211 8879
f 8878 5212 5211
f 8877 5212 8878
f 8877 5213 5212
f 8876 5213 8877
f 8876 5214 5213
f 8875 5214 8876
f 8875 5215 5214
f 8874 5215 8875
f 8874 5216 5215
f 8873 5216 8874
f 8873 5217 5216
f 8873 5197 5217
f 8872 5197 8873
f 8913 5176 8893
f 8913 5177 5176
f 8912 5178 5177
f 8912 5177 8913
f 8911 5179 5178
f 8911 5178 8912
f 8910 5180 5179
f 8910 5179 8911
f 8909 5181 5180
f 8909 5180 8910
f 8908 5182 5181
f 8908 5181 8909
f 8907 5183 5182
f 8907 5182 8908
f 8906 5184 5183
f 8906 5183 8907
f 8905 5185 5184
f 8905 5184 8906
f 8904 5186 5185
f 8904 5185 8905
f 8903 5187 5186
f 8903 5186 8904
f 8902 5188 5187
f 8902 5187 8903
f 8901 5188 8902
f 8901 5189 5188
f 8900 5189 8901
f 8900 5190 5189
f 8899 5190 8900
f 8899 5191 5190
f 8898 5191 8899
f 8898 5192 5191
f 8897 5192 8898
f 8897 5193 5192
f 8896 5193 8897
f 8896 5194 5193
f 8895 5194 8896
f 8895 5195 5194
f 8894 5195 8895
f 8894 5196 5195
f 8894 5176 5196
f 8893 5176 8894
f 8934 5155 8914
f 8934 5156 5155
f 8933 5157 5156
f 8933 5156 8934
f 8932 5158 5157
f 8932 5157 8933
f 8931 5159 5158
f 8931 5158 8932
f 8930 5160 5159
f 8930 5159 8931
f 8929 5161 5160
f 8929 5160 8930
f 8928 5162 5161
f 8928 5161 8929
f 8927 5163 5162
f 8927 5162 8928
f 8926 5164 5163
f 8926 5163 8927
f 8925 5165 5164
f 8925 5164 8926
f 8924 5166 5165
f 8924 5165 8925
f 8923 5167 5166
f 8923 5166 8924
f 8922 5167 8923
f 8922 5168 5167
f 8921 5168 8922
f 8921 5169 5168
f 8920 5169 8921
f 8920 5170 5169
f 8919 5170 8920
f 8919 5171 5170
f 8918 5171 8919
f 8918 5172 5171
f 8917 5172 8918
f 8917 5173 5172
f 8916 5173 8917
f 8916 5174 5173
f 8915 5174 8916
f 8915 5175 5174
f 8915 5155 5175
f 8914 5155 8915
f 8955 5134 8935
f 8955 5135 5134
f 8954 5136 5135
f 8954 5135 8955
f 8953 5137 5136
f 8953 5136 8954
f 8952 5138 5137
f 8952 5137 8953
f 8951 5139 5138
f 8951 5138 8952
f 8950 5140 5139
f 8950 5139 8951
f 8949 5141 5140
f 8949 5140 8950
f 8948 5142 5141
f 8948 5141 8949
f 8947 5143 5142
f 8947 5142 8948
f 8946 5144 5143
f 8946 5143 8947
f 8945 5145 5144
f 8945 5144 8946
f 8944 5146 5145
f 8944 5145 8945
f 8943 5146 8944
f 8943 5147 5146
f 8942 5147 8943
f 8942 5148 5147
f 8941 5148 8942
f 8941 5149 5148
f 8940 5149 8941
f 8940 5150 5149
f 8939 5150 8940
f 8939 5151 5150
f 8938 5151 8939
f 8938 5152 5151
f 8937 5152 8938
f 8937 5153 5152
f 8936 5153 8937
f 8936 5154 5153
f 8936 5134 5154
f 8935 5134 8936
f 8976 5113 8956
f 8976 5114 5113
f 8975 5115 5114
f 8975 5114 8976
f 8974 5116 5115
f 8974 5115 8975
f 8973 5117 5116
f 8973 5116 8974
f 8972 5118 5117
f 8972 5117 8973
f 8971 5119 5118
f 8971 5118 8972
f 8970 5120 5119
f 8970 5119 8971
f 8969 5121 5120
f 8969 5120 8970
f 8968 5122 5121
f 8968 5121 8969
f 8967 5123 5122
f 8967 5122 8968
f 8966 5124 5123
f 8966 5123 8967
f 8965 5125 5124
f 8965 5124 8966
f 8964 5125 8965
f 8964 5126 5125
f 8963 5126 8964
f 8963 5127 5126
f 8962 5127 8963
f 8962 5128 5127
f 8961 5128 8962
f 8961 5129 5128
f 8960 5129 8961
f 8960 5130 5129
f 8959 5130 8960
f 8959 5131 5130
f 8958 5131 8959
f 8958 5132 5131
f 8957 5132 8958
f 8957 5133 5132
f 8957 5113 5133
f 8956 5113 8957
f 8997 5092 8977
f 8997 5093 5092
f 8996 5094 5093
f 8996 5093 8997
f 8995 5095 5094
f 8995 5094 8996
f 8994 5096 5095
f 8994 5095 8995
f 8993 5097 5096
f 8993 5096 8994
f 8992 5098 5097
f 8992 5097 8993
f 8991 5099 5098
f 8991 5098 8992
f 8990 5100 5099
f 8990 5099 8991
f 8989 5101 5100
f 8989 5100 8990
f 8988 5102 5101
f 8988 5101 8989
f 8987 5103 5102
f 8987 5102 8988
f 8986 5104 5103
f 8986 5103 8987
f 8985 5104 8986
f 8985 5105 5104
f 8984 5105 8985
f 8984 5106 5105
f 8983 5106 8984
f 8983 5107 5106
f 8982 5107 8983
f 8982 5108 5107
f 8981 5108 8982
f 8981 5109 5108
f 8980 5109 8981
f 8980 5110 5109
f 8979 5110 8980
f 8979 5111 5110
f 8978 5111 8979
f 8978 5112 5111
f 8978 5092 5112
f 8977 5092 8978
f 9018 5071 8998
f 9018 5072 5071
f 9017 5073 5072
f 9017 5072 9018
f 9016 5074 5073
f 9016 5073 9017
f 9015 5075 5074
f 9015 5074 9016
f 9014 5076 5075
f 9014 5075 9015
f 9013 5077 5076
f 9013 5076 9014
f 9012 5078 5077
f 9012 5077 9013
f 9011 5079 5078
f 9011 5078 9012
f 9010 5080 5079
f 9010 5079 9011
f 9009 5081 5080
f 9009 5080 9010
f 9008 5082 5081
f 9008 5081 9009
f 9007 5083 5082
f 9007 5082 9008
f 9006 5083 9007
f 9006 5084 5083
f 9005 5084 9006
f 9005 5085 5084
f 9004 5085 9005
f 9004 5086 5085
f 9003 5086 9004
f 9003 5087 5086
f 9002 5087 9003
f 9002 5088 5087
f 9001 5088 9002
f 9001 5089 5088
f 9000 5089 9001
f 9000 5090 5089
f 8999 5090 9000
f 8999 5091 5090
f 8999 5071 5091
f 8998 5071 8999
f 9039 5050 9019
f 9039 5051 5050
f 9038 5052 5051
f 9038 5051 9039
f 9037 5053 5052
f 9037 5052 9038
f 9036 5054 5053
f 9036 5053 9037
f 9035 5055 5054
f 9035 5054 9036
f 9034 5056 5055
f 9034 5055 9035
f 9033 5057 5056
f 9033 5056 9034
f 9032 5058 5057
f 9032 5057 9033
f 9031 5059 5058
f 9031 5058 9032
f 9030 5060 5059
f 9030 5059 9031
f 9029 5061 5060
f 9029 5060 9030
f 9028 5062 5061
f 9028 5061 9029
f 9027 5062 9028
f 9027 5063 5062
f 9026 5063 9027
f 9026 5064 5063
f 9025 5064 9026
f 9025 5065 5064
f 9024 5065 9025
f 9024 5066 5065
f 9023 5066 9024
f 9023 5067 5066
f 9022 5067 9023
f 9022 5068 5067
f 9021 5068 9022
f 9021 5069 5068
f 9020 5069 9021
f 9020 5070 5069
f 9020 5050 5070
f 9019 5050 9020
f 9060 5029 9040
f 9060 5030 5029
f 9059 5031 5030
f 9059 5030 9060
f 9058 5032 5031
f 9058 5031 9059
f 9057 5033 5032
f 9057 5032 9058
f 9056 5034 5033
f 9056 5033 9057
f 9055 5035 5034
f 9055 5034 9056
f 9054 5036 5035
f 9054 5035 9055
f 9053 5037 5036
f 9053 5036 9054
f 9052 5038 5037
f 9052 5037 9053
f 9051 5039 5038
f 9051 5038 9052
f 9050 5040 5039
f 9050 5039 9051
f 9049 5041 5040
f 9049 5040 9050
f 9048 5041 9049
f 9048 5042 5041
f 9047 5042 9048
f 9047 5043 5042
f 9046 5043 9047
f 9046 5044 5043
f 9045 5044 9046
f 9045 5045 5044
f 9044 5045 9045
f 9044 5046 5045
f 9043 5046 9044
f 9043 5047 5046
f 9042 5047 9043
f 9042 5048 5047
f 9041 5048 9042
f 9041 5049 5048
f 9041 5029 5049
f 9040 5029 9041
f 9081 5008 9061
f 9081 5009 5008
f 9080 5010 5009
f 9080 5009 9081
f 9079 5011 5010
f 9079 5010 9080
f 9078 5012 5011
f 9078 5011 9079
f 9077 5013 5012
f 9077 5012 9078
f 9076 5014 5013
f 9076 5013 9077
f 9075 5015 5014
f 9075 5014 9076
f 9074 5016 5015
f 9074 5015 9075
f 9073 5017 5016
f 9073 5016 9074
f 9072 5018 5017
f 9072 5017 9073
f 9071 5019 5018
f 9071 5018 9072
f 9070 5020 5019
f 9070 5019 9071
f 9069 5020 9070
f 9069 5021 5020
f 9068 5021 9069
f 9068 5022 5021
f 9067 5022 9068
f 9067 5023 5022
f 9066 5023 9067
f 9066 5024 5023
f 9065 5024 9066
f 9065 5025 5024
f 9064 5025 9065
f 9064 5026 5025
f 9063 5026 9064
f 9063 5027 5026
f 9062 5027 9063
f 9062 5028 5027
f 9062 5008 5028
f 9061 5008 9062
f 9102 4987 9082
f 9102 4988 4987
f 9101 4989 4988
f 9101 4988 9102
f 9100 4990 4989
f 9100 4989 9101
f 9099 4991 4990
f 9099 4990 9100
f 9098 4992 4991
f 9098 4991 9099
f 9097 4993 4992
f 9097 4992 9098
f 9096 4994 4993
f 9096 4993 9097
f 9095 4995 4994
f 9095 4994 9096
f 9094 4996 4995
f 9094 4995 9095
f 9093 4997 4996
f 9093 4996 9094
f 9092 4998 4997
f 9092 4997 9093
f 9091 4999 4998
f 9091 4998 9092
f 9090 4999 9091
f 9090 5000 4999
f 9089 5000 9090
f 9089 5001 5000
f 9088 5001 9089
f 9088 5002 5001
f 9087 5002 9088
f 9087 5003 5002
f 9086 5003 9087
f 9086 5004 5003
f 9085 5004 9086
f 9085 5005 5004
f 9084 5005 9085
f 9084 5006 5005
f 9083 5006 9084
f 9083 5007 5006
f 9083 4987 5007
f 9082 4987 9083
f 9123 4966 9103
f 9123 4967 4966
f 9122 4968 4967
f 9122 4967 9123
f 9121 4969 4968
f 9121 4968 9122
f 9120 4970 4969
f 9120 4969 9121
f 9119 4971 4970
f 9119 4970 9120
f 9118 4972 4971
f 9118 4971 9119
f 9117 4973 4972
f 9117 4972 9118
f 9116 4974 4973
f 9116 4973 9117
f 9115 4975 4974
f 9115 4974 9116
f 9114 4976 4975
f 9114 4975 9115
f 9113 4977 4976
f 9113 4976 9114
f 9112 4978 4977
f 9112 4977 9113
f 9111 4978 9112
f 9111 4979 4978
f 9110 4979 9111
f 9110 4980 4979
f 9109 4980 9110
f 9109 4981 4980
f 9108 4981 9109
f 9108 4982 4981
f 9107 4982 9108
f 9107 4983 4982
f 9106 4983 9107
f 9106 4984 4983
f 9105 4984 9106
f 9105 4985 4984
f 9104 4985 9105
f 9104 4986 4985
f 9104 4966 4986
f 9103 4966 9104
f 9144 4945 9124
f 9144 4946 4945
f 9143 4947 4946
f 9143 4946 9144
f 9142 4948 4947
f 9142 4947 9143
f 9141 4949 4948
f 9141 4948 9142
f 9140 4950 4949
f 9140 4949 9141
f 9139 4951 4950
f 9139 4950 9140
f 9138 4952 4951
f 9138 4951 9139
f 9137 4953 4952
f 9137 4952 9138
f 9136 4954 4953
f 9136 4953 9137
f 9135 4955 4954
f 9135 4954 9136
f 9134 4956 4955
f 9134 4955 9135
f 9133 4957 4956
f 9133 4956 9134
f 9132 4957 9133
f 9132 4958 4957
f 9131 4958 9132
f 9131 4959 4958
f 9130 4959 9131
f 9130 4960 4959
f 9129 4960 9130
f 9129 4961 4960
f 9128 4961 9129
f 9128 4962 4961
f 9127 4962 9128
f 9127 4963 4962
f 9126 4963 9127
f 9126 4964 4963
f 9125 4964 9126
f 9125 4965 4964
f 9125 4945 4965
f 9124 4945 9125
f 9165 4924 9145
f 9165 4925 4924
f 9164 4926 4925
f 9164 4925 9165
f 9163 4927 4926
f 9163 4926 9164
f 9162 4928 4927
f 9162 4927 9163
f 9161 4929 4928
f 9161 4928 9162
f 9160 4930 4929
f 9160 4929 9161
f 9159 4931 4930
f 9159 4930 9160
f 9158 4932 4931
f 9158 4931 9159
f 9157 4933 4932
f 9157 4932 9158
f 9156 4934 4933
f 9156 4933 9157
f 9155 4935 4934
f 9155 4934 9156
f 9154 4936 4935
f 9154 4935 9155
f 9153 4936 9154
f 9153 4937 4936
f 9152 4937 9153
f 9152 4938 4937
f 9151 4938 9152
f 9151 4939 4938
f 9150 4939 9151
f 9150 4940 4939
f 9149 4940 9150
f 9149 4941 4940
f 9148 4941 9149
f 9148 4942 4941
f 9147 4942 9148
f 9147 4943 4942
f 9146 4943 9147
f 9146 4944 4943
f 9146 4924 4944
f 9145 4924 9146
f 9186 4903 9166
f 9186 4904 4903
f 9185 4905 4904
f 9185 4904 9186
f 9184 4906 4905
f 9184 4905 9185
f 9183 4907 4906
f 9183 4906 9184
f 9182 4908 4907
f 9182 4907 9183
f 9181 4909 4908
f 9181 4908 9182
f 9180 4910 4909
f 9180 4909 9181
f 9179 4911 4910
f 9179 4910 9180
f 9178 4912 4911
f 9178 4911 9179
f 9177 4913 4912
f 9177 4912 9178
f 9176 4914 4913
f 9176 4913 9177
f 9175 4915 4914
f 9175 4914 9176
f 9174 4915 9175
f 9174 4916 4915
f 9173 4916 9174
f 9173 4917 4916
f 9172 4917 9173
f 9172 4918 4917
f 9171 4918 9172
f 9171 4919 4918
f 9170 4919 9171
f 9170 4920 4919
f 9169 4920 9170
f 9169 4921 4920
f 9168 4921 9169
f 9168 4922 4921
f 9167 4922 9168
f 9167 4923 4922
f 9167 4903 4923
f 9166 4903 9167
f 9207 4882 9187
f 9207 4883 4882
f 9206 4884 4883
f 9206 4883 9207
f 9205 4885 4884
f 9205 4884 9206
f 9204 4886 4885
f 9204 4885 9205
f 9203 4887 4886
f 9203 4886 9204
f 9202 4888 4887
f 9202 4887 9203
f 9201 4889 4888
f 9201 4888 9202
f 9200 4890 4889
f 9200 4889 9201
f 9199 4891 4890
f 9199 4890 9200
f 9198 4892 4891
f 9198 4891 9199
f 9197 4893 4892
f 9197 4892 9198
f 9196 4894 4893
f 9196 4893 9197
f 9195 4894 9196
f 9195 4895 4894
f 9194 4895 9195
f 9194 4896 4895
f 9193 4896 9194
f 9193 4897 4896
f 9192 4897 9193
f 9192 4898 4897
f 9191 4898 9192
f 9191 4899 4898
f 9190 4899 9191
f 9190 4900 4899
f 9189 4900 9190
f 9189 4901 4900
f 9188 4901 9189
f 9188 4902 4901
f 9188 4882 4902
f 9187 4882 9188
f 9228 4861 9208
f 9228 4862 4861
f 9227 4863 4862
f 9227 4862 9228
f 9226 4864 4863
f 9226 4863 9227
f 9225 4865 4864
f 9225 4864 9226
f 9224 4866 4865
f 9224 4865 9225
f 9223 4867 4866
f 9223 4866 9224
f 9222 4868 4867
f 9222 4867 9223
f 9221 4869 4868
f 9221 4868 9222
f 9220 4870 4869
f 9220 4869 9221
f 9219 4871 4870
f 9219 4870 9220
f 9218 4872 4871
f 9218 4871 9219
f 9217 4873 4872
f 9217 4872 9218
f 9216 4873 9217
f 9216 4874 4873
f 9215 4874 9216
f 9215 4875 4874
f 9214 4875 9215
f 9214 4876 4875
f 9213 4876 9214
f 9213 4877 4876
f 9212 4877 9213
f 9212 4878 4877
f 9211 4878 9212
f 9211 4879 4878
f 9210 4879 9211
f 9210 4880 4879
f 9209 4880 9210
f 9209 4881 4880
f 9209 4861 4881
f 9208 4861 9209
f 9249 4840 9229
f 9249 4841 4840
f 9248 4842 4841
f 9248 4841 9249
f 9247 4843 4842
f 9247 4842 9248
f 9246 4844 4843
f 9246 4843 9247
f 9245 4845 4844
f 9245 4844 9246
f 9244 4846 4845
f 9244 4845 9245
f 9243 4847 4846
f 9243 4846 9244
f 9242 4848 4847
f 9242 4847 9243
f 9241 4849 4848
f 9241 4848 9242
f 9240 4850 4849
f 9240 4849 9241
f 9239 4851 4850
f 9239 4850 9240
f 9238 4852 4851
f 9238 4851 9239
f 9237 4852 9238
f 9237 4853 4852
f 9236 4853 9237
f 9236 4854 4853
f 9235 4854 9236
f 9235 4855 4854
f 9234 4855 9235
f 9234 4856 4855
f 9233 4856 9234
f 9233 4857 4856
f 9232 4857 9233
f 9232 4858 4857
f 9231 4858 9232
f 9231 4859 4858
f 9230 4859 9231
f 9230 4860 4859
f 9230 4840 4860
f 9229 4840 9230
f 9270 4819 9250
f 9270 4820 4819
f 9269 4821 4820
f 9269 4820 9270
f 9268 4822 4821
f 9268 4821 9269
f 9267 4823 4822
f 9267 4822 9268
f 9266 4824 4823
f 9266 4823 9267
f 9265 4825 4824
f 9265 4824 9266
f 9264 4826 4825
f 9264 4825 9265
f 9263 4827 4826
f 9263 4826 9264
f 9262 4828 4827
f 9262 4827 9263
f 9261 4829 4828
f 9261 4828 9262
f 9260 4830 4829
f 9260 4829 9261
f 9259 4831 4830
f 9259 4830 9260
f 9258 4831 9259
f 9258 4832 4831
f 9257 4832 9258
f 9257 4833 4832
f 9256 4833 9257
f 9256 4834 4833
f 9255 4834 9256
f 9255 4835 4834
f 9254 4835 9255
f 9254 4836 4835
f 9253 4836 9254
f 9253 4837 4836
f 9252 4837 9253
f 9252 4838 4837
f 9251 4838 9252
f 9251 4839 4838
f 9251 4819 4839
f 9250 4819 9251
f 9291 4798 9271
f 9291 4799 4798
f 9290 4800 4799
f 9290 4799 9291
f 9289 4801 4800
f 9289 4800 9290
f 9288 4802 4801
f 9288 4801 9289
f 9287 4803 4802
f 9287 4802 9288
f 9286 4804 4803
f 9286 4803 9287
f 9285 4805 4804
f 9285 4804 9286
f 9284 4806 4805
f 9284 4805 9285
f 9283 4807 4806
f 9283 4806 9284
f 9282 4808 4807
f 9282 4807 9283
f 9281 4809 4808
f 9281 4808 9282
f 9280 4810 4809
f 9280 4809 9281
f 9279 4810 9280
f 9279 4811 4810
f 9278 4811 9279
f 9278 4812 4811
f 9277 4812 9278
f 9277 4813 4812
f 9276 4813 9277
f 9276 4814 4813
f 9275 4814 9276
f 9275 4815 4814
f 9274 4815 9275
f 9274 4816 4815
f 9273 4816 9274
f 9273 4817 4816
f 9272 4817 9273
f 9272 4818 4817
f 9272 4798 4818
f 9271 4798 9272
f 9312 4777 9292
f 9312 4778 4777
f 9311 4779 4778
f 9311 4778 9312
f 9310 4780 4779
f 9310 4779 9311
f 9309 4781 4780
f 9309 4780 9310
f 9308 4782 4781
f 9308 4781 9309
f 9307 4783 4782
f 9307 4782 9308
f 9306 4784 4783
f 9306 4783 9307
f 9305 4785 4784
f 9305 4784 9306
f 9304 4786 4785
f 9304 4785 9305
f 9303 4787 4786
f 9303 4786 9304
f 9302 4788 4787
f 9302 4787 9303
f 9301 4789 4788
f 9301 4788 9302
f 9300 4789 9301
f 9300 4790 4789
f 9299 4790 9300
f 9299 4791 4790
f 9298 4791 9299
f 9298 4792 4791
f 9297 4792 9298
f 9297 4793 4792
f 9296 4793 9297
f 9296 4794 4793
f 9295 4794 9296
f 9295 4795 4794
f 9294 4795 9295
f 9294 4796 4795
f 9293 4796 9294
f 9293 4797 4796
f 9293 4777 4797
f 9292 4777 9293
f 9333 4756 9313
f 9333 4757 4756
f 9332 4758 4757
f 9332 4757 9333
f 9331 4759 4758
f 9331 4758 9332
f 9330 4760 4759
f 9330 4759 9331
f 9329 4761 4760
f 9329 4760 9330
f 9328 4762 4761
f 9328 4761 9329
f 9327 4763 4762
f 9327 4762 9328
f 9326 4764 4763
f 9326 4763 9327
f 9325 4765 4764
f 9325 4764 9326
f 9324 4766 4765
f 9324 4765 9325
f 9323 4767 4766
f 9323 4766 9324
f 9322 4768 4767
f 9322 4767 9323
f 9321 4768 9322
f 9321 4769 4768
f 9320 4769 9321
f 9320 4770 4769
f 9319 4770 9320
f 9319 4771 4770
f 9318 4771 9319
f 9318 4772 4771
f 9317 4772 9318
f 9317 4773 4772
f 9316 4773 9317
f 9316 4774 4773
f 9315 4774 9316
f 9315 4775 4774
f 9314 4775 9315
f 9314 4776 4775
f 9314 4756 4776
f 9313 4756 9314
f 9354 4735 9334
f 9354 4736 4735
f 9353 4737 4736
f 9353 4736 9354
f 9352 4738 4737
f 9352 4737 9353
f 9351 4739 4738
f 9351 4738 9352
f 9350 4740 4739
f 9350 4739 9351
f 9349 4741 4740
f 9349 4740 9350
f 9348 4742 4741
f 9348 4741 9349
f 9347 4743 4742
f 9347 4742 9348
f 9346 4744 4743
f 9346 4743 9347
f 9345 4745 4744
f 9345 4744 9346
f 9344 4746 4745
f 9344 4745 9345
f 9343 4747 4746
f 9343 4746 9344
f 9342 4747 9343
f 9342 4748 4747
f 9341 4748 9342
f 9341 4749 4748
f 9340 4749 9341
f 9340 4750 4749
f 9339 4750 9340
f 9339 4751 4750
f 9338 4751 9339
f 9338 4752 4751
f 9337 4752 9338
f 9337 4753 4752
f 9336 4753 9337
f 9336 4754 4753
f 9335 4754 9336
f 9335 4755 4754
f 9335 4735 4755
f 9334 4735 9335
f 9375 4714 9355
f 9375 4715 4714
f 9374 4716 4715
f 9374 4715 9375
f 9373 4717 4716
f 9373 4716 9374
f 9372 4718 4717
f 9372 4717 9373
f 9371 4719 4718
f 9371 4718 9372
f 9370 4720 4719
f 9370 4719 9371
f 9369 4721 4720
f 9369 4720 9370
f 9368 4722 4721
f 9368 4721 9369
f 9367 4723 4722
f 9367 4722 9368
f 9366 4724 4723
f 9366 4723 9367
f 9365 4725 4724
f 9365 4724 9366
f 9364 4726 4725
f 9364 4725 9365
f 9363 4726 9364
f 9363 4727 4726
f 9362 4727 9363
f 9362 4728 4727
f 9361 4728 9362
f 9361 4729 4728
f 9360 4729 9361
f 9360 4730 4729
f 9359 4730 9360
f 9359 4731 4730
f 9358 4731 9359
f 9358 4732 4731
f 9357 4732 9358
f 9357 4733 4732
f 9356 4733 9357
f 9356 4734 4733
f 9356 4714 4734
f 9355 4714 9356
f 9396 4693 9376
f 9396 4694 4693
f 9395 4695 4694
f 9395 4694 9396
f 9394 4696 4695
f 9394 4695 9395
f 9393 4697 4696
f 9393 4696 9394
f 9392 4698 4697
f 9392 4697 9393
f 9391 4699 4698
f 9391 4698 9392
f 9390 4700 4699
f 9390 4699 9391
f 9389 4701 4700
f 9389 4700 9390
f 9388 4702 4701
f 9388 4701 9389
f 9387 4703 4702
f 9387 4702 9388
f 9386 4704 4703
f 9386 4703 9387
f 9385 4705 4704
f 9385 4704 9386
f 9384 4705 9385
f 9384 4706 4705
f 9383 4706 9384
f 9383 4707 4706
f 9382 4707 9383
f 9382 4708 4707
f 9381 4708 9382
f 9381 4709 4708
f 9380 4709 9381
f 9380 4710 4709
f 9379 4710 9380
f 9379 4711 4710
f 9378 4711 9379
f 9378 4712 4711
f 9377 4712 9378
f 9377 4713 4712
f 9377 4693 4713
f 9376 4693 9377
f 9417 4672 9397
f 9417 4673 4672
f 9416 4674 4673
f 9416 4673 9417
f 9415 4675 4674
f 9415 4674 9416
f 9414 4676 4675
f 9414 4675 9415
f 9413 4677 4676
f 9413 4676 9414
f 9412 4678 4677
f 9412 4677 9413
f 9411 4679 4678
f 9411 4678 9412
f 9410 4680 4679
f 9410 4679 9411
f 9409 4681 4680
f 9409 4680 9410
f 9408 4682 4681
f 9408 4681 9409
f 9407 4683 4682
f 9407 4682 9408
f 9406 4684 4683
f 9406 4683 9407
f 9405 4684 9406
f 9405 4685 4684
f 9404 4685 9405
f 9404 4686 4685
f 9403 4686 9404
f 9403 4687 4686
f 9402 4687 9403
f 9402 4688 4687
f 9401 4688 9402
f 9401 4689 4688
f 9400 4689 9401
f 9400 4690 4689
f 9399 4690 9400
f 9399 4691 4690
f 9398 4691 9399
f 9398 4692 4691
f 9398 4672 4692
f 9397 4672 9398
f 9438 4651 9418
f 9438 4652 4651
f 9437 4653 4652
f 9437 4652 9438
f 9436 4654 4653
f 9436 4653 9437
f 9435 4655 4654
f 9435 4654 9436
f 9434 4656 4655
f 9434 4655 9435
f 9433 4657 4656
f 9433 4656 9434
f 9432 4658 4657
f 9432 4657 9433
f 9431 4659 4658
f 9431 4658 9432
f 9430 4660 4659
f 9430 4659 9431
f 9429 4661 4660
f 9429 4660 9430
f 9428 4662 4661
f 9428 4661 9429
f 9427 4663 4662
f 9427 4662 9428
f 9426 4663 9427
f 9426 4664 4663
f 9425 4664 9426
f 9425 4665 4664
f 9424 4665 9425
f 9424 4666 4665
f 9423 4666 9424
f 9423 4667 4666
f 9422 4667 9423
f 9422 4668 4667
f 9421 4668 9422
f 9421 4669 4668
f 9420 4669 9421
f 9420 4670 4669
f 9419 4670 9420
f 9419 4671 4670
f 9419 4651 4671
f 9418 4651 9419
f 9459 4630 9439
f 9459 4631 4630
f 9458 4632 4631
f 9458 4631 9459
f 9457 4633 4632
f 9457 4632 9458
f 9456 4634 4633
f 9456 4633 9457
f 9455 4635 4634
f 9455 4634 9456
f 9454 4636 4635
f 9454 4635 9455
f 9453 4637 4636
f 9453 4636 9454
f 9452 4638 4637
f 9452 4637 9453
f 9451 4639 4638
f 9451 4638 9452
f 9450 4640 4639
f 9450 4639 9451
f 9449 4641 4640
f 9449 4640 9450
f 9448 4642 4641
f 9448 4641 9449
f 9447 4642 9448
f 9447 4643 4642
f 9446 4643 9447
f 9446 4644 4643
f 9445 4644 9446
f 9445 4645 4644
f 9444 4645 9445
f 9444 4646 4645
f 9443 4646 9444
f 9443 4647 4646
f 9442 4647 9443
f 9442 4648 4647
f 9441 4648 9442
f 9441 4649 4648
f 9440 4649 9441
f 9440 4650 4649
f 9440 4630 4650
f 9439 4630 9440
f 9480 4609 9460
f 9480 4610 4609
f 9479 4611 4610
f 9479 4610 9480
f 9478 4612 4611
f 9478 4611 9479
f 9477 4613 4612
f 9477 4612 9478
f 9476 4614 4613
f 9476 4613 9477
f 9475 4615 4614
f 9475 4614 9476
f 9474 4616 4615
f 9474 4615 9475
f 9473 4617 4616
f 9473 4616 9474
f 9472 4618 4617
f 9472 4617 9473
f 9471 4619 4618
f 9471 4618 9472
f 9470 4620 4619
f 9470 4619 9471
f 9469 4621 4620
f 9469 4620 9470
f 9468 4621 9469
f 9468 4622 4621
f 9467 4622 9468
f 9467 4623 4622
f 9466 4623 9467
f 9466 4624 4623
f 9465 4624 9466
f 9465 4625 4624
f 9464 4625 9465
f 9464 4626 4625
f 9463 4626 9464
f 9463 4627 4626
f 9462 4627 9463
f 9462 4628 4627
f 9461 4628 9462
f 9461 4629 4628
f 9461 4609 4629
f 9460 4609 9461
f 9501 4588 9481
f 9501 4589 4588
f 9500 4590 4589
f 9500 4589 9501
f 9499 4591 4590
f 9499 4590 9500
f 9498 4592 4591
f 9498 4591 9499
f 9497 4593 4592
f 9497 4592 9498
f 9496 4594 4593
f 9496 4593 9497
f 9495 4595 4594
f 9495 4594 9496
f 9494 4596 4595
f 9494 4595 9495
f 9493 4597 4596
f 9493 4596 9494
f 9492 4598 4597
f 9492 4597 9493
f 9491 4599 4598
f 9491 4598 9492
f 9490 4600 4599
f 9490 4599 9491
f 9489 4600 9490
f 9489 4601 4600
f 9488 4601 9489
f 9488 4602 4601
f 9487 4602 9488
f 9487 4603 4602
f 9486 4603 9487
f 9486 4604 4603
f 9485 4604 9486
f 9485 4605 4604
f 9484 4605 9485
f 9484 4606 4605
f 9483 4606 9484
f 9483 4607 4606
f 9482 4607 9483
f 9482 4608 4607
f 9482 4588 4608
f 9481 4588 9482
f 9522 4567 9502
f 9522 4568 4567
f 9521 4569 4568
f 9521 4568 9522
f 9520 4570 4569
f 9520 4569 9521
f 9519 4571 4570
f 9519 4570 9520
f 9518 4572 4571
f 9518 4571 9519
f 9517 4573 4572
f 9517 4572 9518
f 9516 4574 4573
f 9516 4573 9517
f 9515 4575 4574
f 9515 4574 9516
f 9514 4576 4575
f 9514 4575 9515
f 9513 4577 4576
f 9513 4576 9514
f 9512 4578 4577
f 9512 4577 9513
f 9511 4579 4578
f 9511 4578 9512
f 9510 4579 9511
f 9510 4580 4579
f 9509 4580 9510
f 9509 4581 4580
f 9508 4581 9509
f 9508 4582 4581
f 9507 4582 9508
f 9507 4583 4582
f 9506 4583 9507
f 9506 4584 4583
f 9505 4584 9506
f 9505 4585 4584
f 9504 4585 9505
f 9504 4586 4585
f 9503 4586 9504
f 9503 4587 4586
f 9503 4567 4587
f 9502 4567 9503
f 9543 4546 9523
f 9543 4547 4546
f 9542 4548 4547
f 9542 4547 9543
f 9541 4549 4548
f 9541 4548 9542
f 9540 4550 4549
f 9540 4549 9541
f 9539 4551 4550
f 9539 4550 9540
f 9538 4552 4551
f 9538 4551 9539
f 9537 4553 4552
f 9537 4552 9538
f 9536 4554 4553
f 9536 4553 9537
f 9535 4555 4554
f 9535 4554 9536
f 9534 4556 4555
f 9534 4555 9535
f 9533 4557 4556
f 9533 4556 9534
f 9532 4558 4557
f 9532 4557 9533
f 9531 4558 9532
f 9531 4559 4558
f 9530 4559 9531
f 9530 4560 4559
f 9529 4560 9530
f 9529 4561 4560
f 9528 4561 9529
f 9528 4562 4561
f 9527 4562 9528
f 9527 4563 4562
f 9526 4563 9527
f 9526 4564 4563
f 9525 4564 9526
f 9525 4565 4564
f 9524 4565 9525
f 9524 4566 4565
f 9524 4546 4566
f 9523 4546 9524
f 9564 4525 9544
f 9564 4526 4525
f 9563 4527 4526
f 9563 4526 9564
f 9562 4528 4527
f 9562 4527 9563
f 9561 4529 4528
f 9561 4528 9562
f 9560 4530 4529
f 9560 4529 9561
f 9559 4531 4530
f 9559 4530 9560
f 9558 4532 4531
f 9558 4531 9559
f 9557 4533 4532
f 9557 4532 9558
f 9556 4534 4533
f 9556 4533 9557
f 9555 4535 4534
f 9555 4534 9556
f 9554 4536 4535
f 9554 4535 9555
f 9553 4537 4536
f 9553 4536 9554
f 9552 4537 9553
f 9552 4538 4537
f 9551 4538 9552
f 9551 4539 4538
f 9550 4539 9551
f 9550 4540 4539
f 9549 4540 9550
f 9549 4541 4540
f 9548 4541 9549
f 9548 4542 4541
f 9547 4542 9548
f 9547 4543 4542
f 9546 4543 9547
f 9546 4544 4543
f 9545 4544 9546
f 9545 4545 4544
f 9545 4525 4545
f 9544 4525 9545
f 9585 4504 9565
f 9585 4505 4504
f 9584 4506 4505
f 9584 4505 9585
f 9583 4507 4506
f 9583 4506 9584
f 9582 4508 4507
f 9582 4507 9583
f 9581 4509 4508
f 9581 4508 9582
f 9580 4510 4509
f 9580 4509 9581
f 9579 4511 4510
f 9579 4510 9580
f 9578 4512 4511
f 9578 4511 9579
f 9577 4513 4512
f 9577 4512 9578
f 9576 4514 4513
f 9576 4513 9577
f 9575 4515 4514
f 9575 4514 9576
f 9574 4516 4515
f 9574 4515 9575
f 9573 4516 9574
f 9573 4517 4516
f 9572 4517 9573
f 9572 4518 4517
f 9571 4518 9572
f 9571 4519 4518
f 9570 4519 9571
f 9570 4520 4519
f 9569 4520 9570
f 9569 4521 4520
f 9568 4521 9569
f 9568 4522 4521
f 9567 4522 9568
f 9567 4523 4522
f 9566 4523 9567
f 9566 4524 4523
f 9566 4504 4524
f 9565 4504 9566
f 9606 4483 9586
f 9606 4484 4483
f 9605 4485 4484
f 9605 4484 9606
f 9604 4486 4485
f 9604 4485 9605
f 9603 4487 4486
f 9603 4486 9604
f 9602 4488 4487
f 9602 4487 9603
f 9601 4489 4488
f 9601 4488 9602
f 9600 4490 4489
f 9600 4489 9601
f 9599 4491 4490
f 9599 4490 9600
f 9598 4492 4491
f 9598 4491 9599
f 9597 4493 4492
f 9597 4492 9598
f 9596 4494 4493
f 9596 4493 9597
f 9595 4495 4494
f 9595 4494 9596
f 9594 4495 9595
f 9594 4496 4495
f 9593 4496 9594
f 9593 4497 4496
f 9592 4497 9593
f 9592 4498 4497
f 9591 4498 9592
f 9591 4499 4498
f 9590 4499 9591
f 9590 4500 4499
f 9589 4500 9590
f 9589 4501 4500
f 9588 4501 9589
f 9588 4502 4501
f 9587 4502 9588
f 9587 4503 4502
f 9587 4483 4503
f 9586 4483 9587
f 9627 4462 9607
f 9627 4463 4462
f 9626 4464 4463
f 9626 4463 9627
f 9625 4465 4464
f 9625 4464 9626
f 9624 4466 4465
f 9624 4465 9625
f 9623 4467 4466
f 9623 4466 9624
f 9622 4468 4467
f 9622 4467 9623
f 9621 4469 4468
f 9621 4468 9622
f 9620 4470 4469
f 9620 4469 9621
f 9619 4471 4470
f 9619 4470 9620
f 9618 4472 4471
f 9618 4471 9619
f 9617 4473 4472
f 9617 4472 9618
f 9616 4474 4473
f 9616 4473 9617
f 9615 4474 9616
f 9615 4475 4474
f 9614 4475 9615
f 9614 4476 4475
f 9613 4476 9614
f 9613 4477 4476
f 9612 4477 9613
f 9612 4478 4477
f 9611 4478 9612
f 9611 4479 4478
f 9610 4479 9611
f 9610 4480 4479
f 9609 4480 9610
f 9609 4481 4480
f 9608 4481 9609
f 9608 4482 4481
f 9608 4462 4482
f 9607 4462 9608
f 9648 4441 9628
f 9648 4442 4441
f 9647 4443 4442
f 9647 4442 9648
f 9646 4444 4443
f 9646 4443 9647
f 9645 4445 4444
f 9645 4444 9646
f 9644 4446 4445
f 9644 4445 9645
f 9643 4447 4446
f 9643 4446 9644
f 9642 4448 4447
f 9642 4447 9643
f 9641 4449 4448
f 9641 4448 9642
f 9640 4450 4449
f 9640 4449 9641
f 9639 4451 4450
f 9639 4450 9640
f 9638 4452 4451
f 9638 4451 9639
f 9637 4453 4452
f 9637 4452 9638
f 9636 4453 9637
f 9636 4454 4453
f 9635 4454 9636
f 9635 4455 4454
f 9634 4455 9635
f 9634 4456 4455
f 9633 4456 9634
f 9633 4457 4456
f 9632 4457 9633
f 9632 4458 4457
f 9631 4458 9632
f 9631 4459 4458
f 9630 4459 9631
f 9630 4460 4459
f 9629 4460 9630
f 9629 4461 4460
f 9629 4441 4461
f 9628 4441 9629
f 9669 4420 9649
f 9669 4421 4420
f 9668 4422 4421
f 9668 4421 9669
f 9667 4423 4422
f 9667 4422 9668
f 9666 4424 4423
f 9666 4423 9667
f 9665 4425 4424
f 9665 4424 9666
f 9664 4426 4425
f 9664 4425 9665
f 9663 4427 4426
f 9663 4426 9664
f 9662 4428 4427
f 9662 4427 9663
f 9661 4429 4428
f 9661 4428 9662
f 9660 4430 4429
f 9660 4429 9661
f 9659 4431 4430
f 9659 4430 9660
f 9658 4432 4431
f 9658 4431 9659
f 9657 4432 9658
f 9657 4433 4432
f 9656 4433 9657
f 9656 4434 4433
f 9655 4434 9656
f 9655 4435 4434
f 9654 4435 9655
f 9654 4436 4435
f 9653 4436 9654
f 9653 4437 4436
f 9652 4437 9653
f 9652 4438 4437
f 9651 4438 9652
f 9651 4439 4438
f 9650 4439 9651
f 9650 4440 4439
f 9650 4420 4440
f 9649 4420 9650
f 9690 4399 9670
f 9690 4400 4399
f 9689 4401 4400
f 9689 4400 9690
f 9688 4402 4401
f 9688 4401 9689
f 9687 4403 4402
f 9687 4402 9688
f 9686 4404 4403
f 9686 4403 9687
f 9685 4405 4404
f 9685 4404 9686
f 9684 4406 4405
f 9684 4405 9685
f 9683 4407 4406
f 9683 4406 9684
f 9682 4408 4407
f 9682 4407 9683
f 9681 4409 4408
f 9681 4408 9682
f 9680 4410 4409
f 9680 4409 9681
f 9679 4411 4410
f 9679 4410 9680
f 9678 4411 9679
f 9678 4412 4411
f 9677 4412 9678
f 9677 4413 4412
f 9676 4413 9677
f 9676 4414 4413
f 9675 4414 9676
f 9675 4415 4414
f 9674 4415 9675
f 9674 4416 4415
f 9673 4416 9674
f 9673 4417 4416
f 9672 4417 9673
f 9672 4418 4417
f 9671 4418 9672
f 9671 4419 4418
f 9671 4399 4419
f 9670 4399 9671
f 9711 4378 9691
f 9711 4379 4378
f 9710 4380 4379
f 9710 4379 9711
f 9709 4381 4380
f 9709 4380 9710
f 9708 4382 4381
f 9708 4381 9709
f 9707 4383 4382
f 9707 4382 9708
f 9706 4384 4383
f 9706 4383 9707
f 9705 4385 4384
f 9705 4384 9706
f 9704 4386 4385
f 9704 4385 9705
f 9703 4387 4386
f 9703 4386 9704
f 9702 4388 4387
f 9702 4387 9703
f 9701 4389 4388
f 9701 4388 9702
f 9700 4390 4389
f 9700 4389 9701
f 9699 4390 9700
f 9699 4391 4390
f 9698 4391 9699
f 9698 4392 4391
f 9697 4392 9698
f 9697 4393 4392
f 9696 4393 9697
f 9696 4394 4393
f 9695 4394 9696
f 9695 4395 4394
f 9694 4395 9695
f 9694 4396 4395
f 9693 4396 9694
f 9693 4397 4396
f 9692 4397 9693
f 9692 4398 4397
f 9692 4378 4398
f 9691 4378 9692
f 9732 4357 9712
f 9732 4358 4357
f 9731 4359 4358
f 9731 4358 9732
f 9730 4360 4359
f 9730 4359 9731
f 9729 4361 4360
f 9729 4360 9730
f 9728 4362 4361
f 9728 4361 9729
f 9727 4363 4362
f 9727 4362 9728
f 9726 4364 4363
f 9726 4363 9727
f 9725 4365 4364
f 9725 4364 9726
f 9724 4366 4365
f 9724 4365 9725
f 9723 4367 4366
f 9723 4366 9724
f 9722 4368 4367
f 9722 4367 9723
f 9721 4369 4368
f 9721 4368 9722
f 9720 4369 9721
f 9720 4370 4369
f 9719 4370 9720
f 9719 4371 4370
f 9718 4371 9719
f 9718 4372 4371
f 9717 4372 9718
f 9717 4373 4372
f 9716 4373 9717
f 9716 4374 4373
f 9715 4374 9716
f 9715 4375 4374
f 9714 4375 9715
f 9714 4376 4375
f 9713 4376 9714
f 9713 4377 4376
f 9713 4357 4377
f 9712 4357 9713
f 9753 4336 9733
f 9753 4337 4336
f 9752 4338 4337
f 9752 4337 9753
f 9751 4339 4338
f 9751 4338 9752
f 9750 4340 4339
f 9750 4339 9751
f 9749 4341 4340
f 9749 4340 9750
f 9748 4342 4341
f 9748 4341 9749
f 9747 4343 4342
f 9747 4342 9748
f 9746 4344 4343
f 9746 4343 9747
f 9745 4345 4344
f 9745 4344 9746
f 9744 4346 4345
f 9744 4345 9745
f 9743 4347 4346
f 9743 4346 9744
f 9742 4348 4347
f 9742 4347 9743
f 9741 4348 9742
f 9741 4349 4348
f 9740 4349 9741
f 9740 4350 4349
f 9739 4350 9740
f 9739 4351 4350
f 9738 4351 9739
f 9738 4352 4351
f 9737 4352 9738
f 9737 4353 4352
f 9736 4353 9737
f 9736 4354 4353
f 9735 4354 9736
f 9735 4355 4354
f 9734 4355 9735
f 9734 4356 4355
f 9734 4336 4356
f 9733 4336 9734
f 9774 4315 9754
f 9774 4316 4315
f 9773 4317 4316
f 9773 4316 9774
f 9772 4318 4317
f 9772 4317 9773
f 9771 4319 4318
f 9771 4318 9772
f 9770 4320 4319
f 9770 4319 9771
f 9769 4321 4320
f 9769 4320 9770
f 9768 4322 4321
f 9768 4321 9769
f 9767 4323 4322
f 9767 4322 9768
f 9766 4324 4323
f 9766 4323 9767
f 9765 4325 4324
f 9765 4324 9766
f 9764 4326 4325
f 9764 4325 9765
f 9763 4327 4326
f 9763 4326 9764
f 9762 4327 9763
f 9762 4328 4327
f 9761 4328 9762
f 9761 4329 4328
f 9760 4329 9761
f 9760 4330 4329
f 9759 4330 9760
f 9759 4331 4330
f 9758 4331 9759
f 9758 4332 4331
f 9757 4332 9758
f 9757 4333 4332
f 9756 4333 9757
f 9756 4334 4333
f 9755 4334 9756
f 9755 4335 4334
f 9755 4315 4335
f 9754 4315 9755
f 9795 4294 9775
f 9795 4295 4294
f 9794 4296 4295
f 9794 4295 9795
f 9793 4297 4296
f 9793 4296 9794
f 9792 4298 4297
f 9792 4297 9793
f 9791 4299 4298
f 9791 4298 9792
f 9790 4300 4299
f 9790 4299 9791
f 9789 4301 4300
f 9789 4300 9790
f 9788 4302 4301
f 9788 4301 9789
f 9787 4303 4302
f 9787 4302 9788
f 9786 4304 4303
f 9786 4303 9787
f 9785 4305 4304
f 9785 4304 9786
f 9784 4306 4305
f 9784 4305 9785
f 9783 4306 9784
f 9783 4307 4306
f 9782 4307 9783
f 9782 4308 4307
f 9781 4308 9782
f 9781 4309 4308
f 9780 4309 9781
f 9780 4310 4309
f 9779 4310 9780
f 9779 4311 4310
f 9778 4311 9779
f 9778 4312 4311
f 9777 4312 9778
f 9777 4313 4312
f 9776 4313 9777
f 9776 4314 4313
f 9776 4294 4314
f 9775 4294 9776
f 9816 4273 9796
f 9816 4274 4273
f 9815 4275 4274
f 9815 4274 9816
f 9814 4276 4275
f 9814 4275 9815
f 9813 4277 4276
f 9813 4276 9814
f 9812 4278 4277
f 9812 4277 9813
f 9811 4279 4278
f 9811 4278 9812
f 9810 4280 4279
f 9810 4279 9811
f 9809 4281 4280
f 9809 4280 9810
f 9808 4282 4281
f 9808 4281 9809
f 9807 4283 4282
f 9807 4282 9808
f 9806 4284 4283
f 9806 4283 9807
f 9805 4285 4284
f 9805 4284 9806
f 9804 4285 9805
f 9804 4286 4285
f 9803 4286 9804
f 9803 4287 4286
f 9802 4287 9803
f 9802 4288 4287
f 9801 4288 9802
f 9801 4289 4288
f 9800 4289 9801
f 9800 4290 4289
f 9799 4290 9800
f 9799 4291 4290
f 9798 4291 9799
f 9798 4292 4291
f 9797 4292 9798
f 9797 4293 4292
f 9797 4273 4293
f 9796 4273 9797
f 9837 4252 9817
f 9837 4253 4252
f 9836 4254 4253
f 9836 4253 9837
f 9835 4255 4254
f 9835 4254 9836
f 9834 4256 4255
f 9834 4255 9835
f 9833 4257 4256
f 9833 4256 9834
f 9832 4258 4257
f 9832 4257 9833
f 9831 4259 4258
f 9831 4258 9832
f 9830 4260 4259
f 9830 4259 9831
f 9829 4261 4260
f 9829 4260 9830
f 9828 4262 4261
f 9828 4261 9829
f 9827 4263 4262
f 9827 4262 9828
f 9826 4264 4263
f 9826 4263 9827
f 9825 4264 9826
f 9825 4265 4264
f 9824 4265 9825
f 9824 4266 4265
f 9823 4266 9824
f 9823 4267 4266
f 9822 4267 9823
f 9822 4268 4267
f 9821 4268 9822
f 9821 4269 4268
f 9820 4269 9821
f 9820 4270 4269
f 9819 4270 9820
f 9819 4271 4270
f 9818 4271 9819
f 9818 4272 4271
f 9818 4252 4272
f 9817 4252 9818
f 9858 4231 9838
f 9858 4232 4231
f 9857 4233 4232
f 9857 4232 9858
f 9856 4234 4233
f 9856 4233 9857
f 9855 4235 4234
f 9855 4234 9856
f 9854 4236 4235
f 9854 4235 9855
f 9853 4237 4236
f 9853 4236 9854
f 9852 4238 4237
f 9852 4237 9853
f 9851 4239 4238
f 9851 4238 9852
f 9850 4240 4239
f 9850 4239 9851
f 9849 4241 4240
f 9849 4240 9850
f 9848 4242 4241
f 9848 4241 9849
f 9847 4243 4242
f 9847 4242 9848
f 9846 4243 9847
f 9846 4244 4243
f 9845 4244 9846
f 9845 4245 4244
f 9844 4245 9845
f 9844 4246 4245
f 9843 4246 9844
f 9843 4247 4246
f 9842 4247 9843
f 9842 4248 4247
f 9841 4248 9842
f 9841 4249 4248
f 9840 4249 9841
f 9840 4250 4249
f 9839 4250 9840
f 9839 4251 4250
f 9839 4231 4251
f 9838 4231 9839
f 9879 4210 9859
f 9879 4211 4210
f 9878 4212 4211
f 9878 4211 9879
f 9877 4213 4212
f 9877 4212 9878
f 9876 4214 4213
f 9876 4213 9877
f 9875 4215 4214
f 9875 4214 9876
f 9874 4216 4215
f 9874 4215 9875
f 9873 4217 4216
f 9873 4216 9874
f 9872 4218 4217
f 9872 4217 9873
f 9871 4219 4218
f 9871 4218 9872
f 9870 4220 4219
f 9870 4219 9871
f 9869 4221 4220
f 9869 4220 9870
f 9868 4222 4221
f 9868 4221 9869
f 9867 4222 9868
f 9867 4223 4222
f 9866 4223 9867
f 9866 4224 4223
f 9865 4224 9866
f 9865 4225 4224
f 9864 4225 9865
f 9864 4226 4225
f 9863 4226 9864
f 9863 4227 4226
f 9862 4227 9863
f 9862 4228 4227
f 9861 4228 9862
f 9861 4229 4228
f 9860 4229 9861
f 9860 4230 4229
f 9860 4210 4230
f 9859 4210 9860
f 9900 4189 9880
f 9900 4190 4189
f 9899 4191 4190
f 9899 4190 9900
f 9898 4192 4191
f 9898 4191 9899
f 9897 4193 4192
f 9897 4192 9898
f 9896 4194 4193
f 9896 4193 9897
f 9895 4195 4194
f 9895 4194 9896
f 9894 4196 4195
f 9894 4195 9895
f 9893 4197 4196
f 9893 4196 9894
f 9892 4198 4197
f 9892 4197 9893
f 9891 4199 4198
f 9891 4198 9892
f 9890 4200 4199
f 9890 4199 9891
f 9889 4201 4200
f 9889 4200 9890
f 9888 4201 9889
f 9888 4202 4201
f 9887 4202 9888
f 9887 4203 4202
f 9886 4203 9887
f 9886 4204 4203
f 9885 4204 9886
f 9885 4205 4204
f 9884 4205 9885
f 9884 4206 4205
f 9883 4206 9884
f 9883 4207 4206
f 9882 4207 9883
f 9882 4208 4207
f 9881 4208 9882
f 9881 4209 4208
f 9881 4189 4209
f 9880 4189 9881
f 9921 4168 9901
f 9921 4169 4168
f 9920 4170 4169
f 9920 4169 9921
f 9919 4171 4170
f 9919 4170 9920
f 9918 4172 4171
f 9918 4171 9919
f 9917 4173 4172
f 9917 4172 9918
f 9916 4174 4173
f 9916 4173 9917
f 9915 4175 4174
f 9915 4174 9916
f 9914 4176 4175
f 9914 4175 9915
f 9913 4177 4176
f 9913 4176 9914
f 9912 4178 4177
f 9912 4177 9913
f 9911 4179 4178
f 9911 4178 9912
f 9910 4180 4179
f 9910 4179 9911
f 9909 4180 9910
f 9909 4181 4180
f 9908 4181 9909
f 9908 4182 4181
f 9907 4182 9908
f 9907 4183 4182
f 9906 4183 9907
f 9906 4184 4183
f 9905 4184 9906
f 9905 4185 4184
f 9904 4185 9905
f 9904 4186 4185
f 9903 4186 9904
f 9903 4187 4186
f 9902 4187 9903
f 9902 4188 4187
f 9902 4168 4188
f 9901 4168 9902
f 9942 4147 9922
f 9942 4148 4147
f 9941 4149 4148
f 9941 4148 9942
f 9940 4150 4149
f 9940 4149 9941
f 9939 4151 4150
f 9939 4150 9940
f 9938 4152 4151
f 9938 4151 9939
f 9937 4153 4152
f 9937 4152 9938
f 9936 4154 4153
f 9936 4153 9937
f 9935 4155 4154
f 9935 4154 9936
f 9934 4156 4155
f 9934 4155 9935
f 9933 4157 4156
f 9933 4156 9934
f 9932 4158 4157
f 9932 4157 9933
f 9931 4159 4158
f 9931 4158 9932
f 9930 4159 9931
f 9930 4160 4159
f 9929 4160 9930
f 9929 4161 4160
f 9928 4161 9929
f 9928 4162 4161
f 9927 4162 9928
f 9927 4163 4162
f 9926 4163 9927
f 9926 4164 4163
f 9925 4164 9926
f 9925 4165 4164
f 9924 4165 9925
f 9924 4166 4165
f 9923 4166 9924
f 9923 4167 4166
f 9923 4147 4167
f 9922 4147 9923
f 9963 4126 9943
f 9963 4127 4126
f 9962 4128 4127
f 9962 4127 9963
f 9961 4129 4128
f 9961 4128 9962
f 9960 4130 4129
f 9960 4129 9961
f 9959 4131 4130
f 9959 4130 9960
f 9958 4132 4131
f 9958 4131 9959
f 9957 4133 4132
f 9957 4132 9958
f 9956 4134 4133
f 9956 4133 9957
f 9955 4135 4134
f 9955 4134 9956
f 9954 4136 4135
f 9954 4135 9955
f 9953 4137 4136
f 9953 4136 9954
f 9952 4138 4137
f 9952 4137 9953
f 9951 4138 9952
f 9951 4139 4138
f 9950 4139 9951
f 9950 4140 4139
f 9949 4140 9950
f 9949 4141 4140
f 9948 4141 9949
f 9948 4142 4141
f 9947 4142 9948
f 9947 4143 4142
f 9946 4143 9947
f 9946 4144 4143
f 9945 4144 9946
f 9945 4145 4144
f 9944 4145 9945
f 9944 4146 4145
f 9944 4126 4146
f 9943 4126 9944
f 9984 4105 9964
f 9984 4106 4105
f 9983 4107 4106
f 9983 4106 9984
f 9982 4108 4107
f 9982 4107 9983
f 9981 4109 4108
f 9981 4108 9982
f 9980 4110 4109
f 9980 4109 9981
f 9979 4111 4110
f 9979 4110 9980
f 9978 4112 4111
f 9978 4111 9979
f 9977 4113 4112
f 9977 4112 9978
f 9976 4114 4113
f 9976 4113 9977
f 9975 4115 4114
f 9975 4114 9976
f 9974 4116 4115
f 9974 4115 9975
f 9973 4117 4116
f 9973 4116 9974
f 9972 4117 9973
f 9972 4118 4117
f 9971 4118 9972
f 9971 4119 4118
f 9970 4119 9971
f 9970 4120 4119
f 9969 4120 9970
f 9969 4121 4120
f 9968 4121 9969
f 9968 4122 4121
f 9967 4122 9968
f 9967 4123 4122
f 9966 4123 9967
f 9966 4124 4123
f 9965 4124 9966
f 9965 4125 4124
f 9965 4105 4125
f 9964 4105 9965
f 10005 4084 9985
f 10005 4085 4084
f 10004 4086 4085
f 10004 4085 10005
f 10003 4087 4086
f 10003 4086 10004
f 10002 4088 4087
f 10002 4087 10003
f 10001 4089 4088
f 10001 4088 10002
f 10000 4090 4089
f 10000 4089 10001
f 9999 4091 4090
f 9999 4090 10000
f 9998 4092 4091
f 9998 4091 9999
f 9997 4093 4092
f 9997 4092 9998
f 9996 4094 4093
f 9996 4093 9997
f 9995 4095 4094
f 9995 4094 9996
f 9994 4096 4095
f 9994 4095 9995
f 9993 4096 9994
f 9993 4097 4096
f 9992 4097 9993
f 9992 4098 4097
f 9991 4098 9992
f 9991 4099 4098
f 9990 4099 9991
f 9990 4100 4099
f 9989 4100 9990
f 9989 4101 4100
f 9988 4101 9989
f 9988 4102 4101
f 9987 4102 9988
f 9987 4103 4102
f 9986 4103 9987
f 9986 4104 4103
f 9986 4084 4104
f 9985 4084 9986
f 10026 4063 10006
f 10026 4064 4063
f 10025 4065 4064
f 10025 4064 10026
f 10024 4066 4065
f 10024 4065 10025
f 10023 4067 4066
f 10023 4066 10024
f 10022 4068 4067
f 10022 4067 10023
f 10021 4069 4068
f 10021 4068 10022
f 10020 4070 4069
f 10020 4069 10021
f 10019 4071 4070
f 10019 4070 10020
f 10018 4072 4071
f 10018 4071 10019
f 10017 4073 4072
f 10017 4072 10018
f 10016 4074 4073
f 10016 4073 10017
f 10015 4075 4074
f 10015 4074 10016
f 10014 4075 10015
f 10014 4076 4075
f 10013 4076 10014
f 10013 4077 4076
f 10012 4077 10013
f 10012 4078 4077
f 10011 4078 10012
f 10011 4079 4078
f 10010 4079 10011
f 10010 4080 4079
f 10009 4080 10010
f 10009 4081 4080
f 10008 4081 10009
f 10008 4082 4081
f 10007 4082 10008
f 10007 4083 4082
f 10007 4063 4083
f 10006 4063 10007
f 10047 4042 10027
f 10047 4043 4042
f 10046 4044 4043
f 10046 4043 10047
f 10045 4045 4044
f 10045 4044 10046
f 10044 4046 4045
f 10044 4045 10045
f 10043 4047 4046
f 10043 4046 10044
f 10042 4048 4047
f 10042 4047 10043
f 10041 4049 4048
f 10041 4048 10042
f 10040 4050 4049
f 10040 4049 10041
f 10039 4051 4050
f 10039 4050 10040
f 10038 4052 4051
f 10038 4051 10039
f 10037 4053 4052
f 10037 4052 10038
f 10036 4054 4053
f 10036 4053 10037
f 10035 4054 10036
f 10035 4055 4054
f 10034 4055 10035
f 10034 4056 4055
f 10033 4056 10034
f 10033 4057 4056
f 10032 4057 10033
f 10032 4058 4057
f 10031 4058 10032
f 10031 4059 4058
f 10030 4059 10031
f 10030 4060 4059
f 10029 4060 10030
f 10029 4061 4060
f 10028 4061 10029
f 10028 4062 4061
f 10028 4042 4062
f 10027 4042 10028
f 10068 4021 10048
f 10068 4022 4021
f 10067 4023 4022
f 10067 4022 10068
f 10066 4024 4023
f 10066 4023 10067
f 10065 4025 4024
f 10065 4024 10066
f 10064 4026 4025
f 10064 4025 10065
f 10063 4027 4026
f 10063 4026 10064
f 10062 4028 4027
f 10062 4027 10063
f 10061 4029 4028
f 10061 4028 10062
f 10060 4030 4029
f 10060 4029 10061
f 10059 4031 4030
f 10059 4030 10060
f 10058 4032 4031
f 10058 4031 10059
f 10057 4033 4032
f 10057 4032 10058
f 10056 4033 10057
f 10056 4034 4033
f 10055 4034 10056
f 10055 4035 4034
f 10054 4035 10055
f 10054 4036 4035
f 10053 4036 10054
f 10053 4037 4036
f 10052 4037 10053
f 10052 4038 4037
f 10051 4038 10052
f 10051 4039 4038
f 10050 4039 10051
f 10050 4040 4039
f 10049 4040 10050
f 10049 4041 4040
f 10049 4021 4041
f 10048 4021 10049
f 10089 4000 10069
f 10089 4001 4000
f 10088 4002 4001
f 10088 4001 10089
f 10087 4003 4002
f 10087 4002 10088
f 10086 4004 4003
f 10086 4003 10087
f 10085 4005 4004
f 10085 4004 10086
f 10084 4006 4005
f 10084 4005 10085
f 10083 4007 4006
f 10083 4006 10084
f 10082 4008 4007
f 10082 4007 10083
f 10081 4009 4008
f 10081 4008 10082
f 10080 4010 4009
f 10080 4009 10081
f 10079 4011 4010
f 10079 4010 10080
f 10078 4012 4011
f 10078 4011 10079
f 10077 4012 10078
f 10077 4013 4012
f 10076 4013 10077
f 10076 4014 4013
f 10075 4014 10076
f 10075 4015 4014
f 10074 4015 10075
f 10074 4016 4015
f 10073 4016 10074
f 10073 4017 4016
f 10072 4017 10073
f 10072 4018 4017
f 10071 4018 10072
f 10071 4019 4018
f 10070 4019 10071
f 10070 4020 4019
f 10070 4000 4020
f 10069 4000 10070
f 10110 3979 10090
f 10110 3980 3979
f 10109 3981 3980
f 10109 3980 10110
f 10108 3982 3981
f 10108 3981 10109
f 10107 3983 3982
f 10107 3982 10108
f 10106 3984 3983
f 10106 3983 10107
f 10105 3985 3984
f 10105 3984 10106
f 10104 3986 3985
f 10104 3985 10105
f 10103 3987 3986
f 10103 3986 10104
f 10102 3988 3987
f 10102 3987 10103
f 10101 3989 3988
f 10101 3988 10102
f 10100 3990 3989
f 10100 3989 10101
f 10099 3991 3990
f 10099 3990 10100
f 10098 3991 10099
f 10098 3992 3991
f 10097 3992 10098
f 10097 3993 3992
f 10096 3993 10097
f 10096 3994 3993
f 10095 3994 10096
f 10095 3995 3994
f 10094 3995 10095
f 10094 3996 3995
f 10093 3996 10094
f 10093 3997 3996
f 10092 3997 10093
f 10092 3998 3997
f 10091 3998 10092
f 10091 3999 3998
f 10091 3979 3999
f 10090 3979 10091
f 10131 3958 10111
f 10131 3959 3958
f 10130 3960 3959
f 10130 3959 10131
f 10129 3961 3960
f 10129 3960 10130
f 10128 3962 3961
f 10128 3961 10129
f 10127 3963 3962
f 10127 3962 10128
f 10126 3964 3963
f 10126 3963 10127
f 10125 3965 3964
f 10125 3964 10126
f 10124 3966 3965
f 10124 3965 10125
f 10123 3967 3966
f 10123 3966 10124
f 10122 3968 3967
f 10122 3967 10123
f 10121 3969 3968
f 10121 3968 10122
f 10120 3970 3969
f 10120 3969 10121
f 10119 3970 10120
f 10119 3971 3970
f 10118 3971 10119
f 10118 3972 3971
f 10117 3972 10118
f 10117 3973 3972
f 10116 3973 10117
f 10116 3974 3973
f 10115 3974 10116
f 10115 3975 3974
f 10114 3975 10115
f 10114 3976 3975
f 10113 3976 10114
f 10113 3977 3976
f 10112 3977 10113
f 10112 3978 3977
f 10112 3958 3978
f 10111 3958 10112
f 10152 3937 10132
f 10152 3938 3937
f 10151 3939 3938
f 10151 3938 10152
f 10150 3940 3939
f 10150 3939 10151
f 10149 3941 3940
f 10149 3940 10150
f 10148 3942 3941
f 10148 3941 10149
f 10147 3943 3942
f 10147 3942 10148
f 10146 3944 3943
f 10146 3943 10147
f 10145 3945 3944
f 10145 3944 10146
f 10144 3946 3945
f 10144 3945 10145
f 10143 3947 3946
f 10143 3946 10144
f 10142 3948 3947
f 10142 3947 10143
f 10141 3949 3948
f 10141 3948 10142
f 10140 3949 10141
f 10140 3950 3949
f 10139 3950 10140
f 10139 3951 3950
f 10138 3951 10139
f 10138 3952 3951
f 10137 3952 10138
f 10137 3953 3952
f 10136 3953 10137
f 10136 3954 3953
f 10135 3954 10136
f 10135 3955 3954
f 10134 3955 10135
f 10134 3956 3955
f 10133 3956 10134
f 10133 3957 3956
f 10133 3937 3957
f 10132 3937 10133
f 10173 3916 10153
f 10173 3917 3916
f 10172 3918 3917
f 10172 3917 10173
f 10171 3919 3918
f 10171 3918 10172
f 10170 3920 3919
f 10170 3919 10171
f 10169 3921 3920
f 10169 3920 10170
f 10168 3922 3921
f 10168 3921 10169
f 10167 3923 3922
f 10167 3922 10168
f 10166 3924 3923
f 10166 3923 10167
f 10165 3925 3924
f 10165 3924 10166
f 10164 3926 3925
f 10164 3925 10165
f 10163 3927 3926
f 10163 3926 10164
f 10162 3928 3927
f 10162 3927 10163
f 10161 3928 10162
f 10161 3929 3928
f 10160 3929 10161
f 10160 3930 3929
f 10159 3930 10160
f 10159 3931 3930
f 10158 3931 10159
f 10158 3932 3931
f 10157 3932 10158
f 10157 3933 3932
f 10156 3933 10157
f 10156 3934 3933
f 10155 3934 10156
f 10155 3935 3934
f 10154 3935 10155
f 10154 3936 3935
f 10154 3916 3936
f 10153 3916 10154
f 10194 3895 10174
f 10194 3896 3895
f 10193 3897 3896
f 10193 3896 10194
f 10192 3898 3897
f 10192 3897 10193
f 10191 3899 3898
f 10191 3898 10192
f 10190 3900 3899
f 10190 3899 10191
f 10189 3901 3900
f 10189 3900 10190
f 10188 3902 3901
f 10188 3901 10189
f 10187 3903 3902
f 10187 3902 10188
f 10186 3904 3903
f 10186 3903 10187
f 10185 3905 3904
f 10185 3904 10186
f 10184 3906 3905
f 10184 3905 10185
f 10183 3907 3906
f 10183 3906 10184
f 10182 3907 10183
f 10182 3908 3907
f 10181 3908 10182
f 10181 3909 3908
f 10180 3909 10181
f 10180 3910 3909
f 10179 3910 10180
f 10179 3911 3910
f 10178 3911 10179
f 10178 3912 3911
f 10177 3912 10178
f 10177 3913 3912
f 10176 3913 10177
f 10176 3914 3913
f 10175 3914 10176
f 10175 3915 3914
f 10175 3895 3915
f 10174 3895 10175
f 10215 3874 10195
f 10215 3875 3874
f 10214 3876 3875
f 10214 3875 10215
f 10213 3877 3876
f 10213 3876 10214
f 10212 3878 3877
f 10212 3877 10213
f 10211 3879 3878
f 10211 3878 10212
f 10210 3880 3879
f 10210 3879 10211
f 10209 3881 3880
f 10209 3880 10210
f 10208 3882 3881
f 10208 3881 10209
f 10207 3883 3882
f 10207 3882 10208
f 10206 3884 3883
f 10206 3883 10207
f 10205 3885 3884
f 10205 3884 10206
f 10204 3886 3885
f 10204 3885 10205
f 10203 3886 10204
f 10203 3887 3886
f 10202 3887 10203
f 10202 3888 3887
f 10201 3888 10202
f 10201 3889 3888
f 10200 3889 10201
f 10200 3890 3889
f 10199 3890 10200
f 10199 3891 3890
f 10198 3891 10199
f 10198 3892 3891
f 10197 3892 10198
f 10197 3893 3892
f 10196 3893 10197
f 10196 3894 3893
f 10196 3874 3894
f 10195 3874 10196
f 10236 3853 10216
f 10236 3854 3853
f 10235 3855 3854
f 10235 3854 10236
f 10234 3856 3855
f 10234 3855 10235
f 10233 3857 3856
f 10233 3856 10234
f 10232 3858 3857
f 10232 3857 10233
f 10231 3859 3858
f 10231 3858 10232
f 10230 3860 3859
f 10230 3859 10231
f 10229 3861 3860
f 10229 3860 10230
f 10228 3862 3861
f 10228 3861 10229
f 10227 3863 3862
f 10227 3862 10228
f 10226 3864 3863
f 10226 3863 10227
f 10225 3865 3864
f 10225 3864 10226
f 10224 3865 10225
f 10224 3866 3865
f 10223 3866 10224
f 10223 3867 3866
f 10222 3867 10223
f 10222 3868 3867
f 10221 3868 10222
f 10221 3869 3868
f 10220 3869 10221
f 10220 3870 3869
f 10219 3870 10220
f 10219 3871 3870
f 10218 3871 10219
f 10218 3872 3871
f 10217 3872 10218
f 10217 3873 3872
f 10217 3853 3873
f 10216 3853 10217
f 10257 3832 10237
f 10257 3833 3832
f 10256 3834 3833
f 10256 3833 10257
f 10255 3835 3834
f 10255 3834 10256
f 10254 3836 3835
f 10254 3835 10255
f 10253 3837 3836
f 10253 3836 10254
f 10252 3838 3837
f 10252 3837 10253
f 10251 3839 3838
f 10251 3838 10252
f 10250 3840 3839
f 10250 3839 10251
f 10249 3841 3840
f 10249 3840 10250
f 10248 3842 3841
f 10248 3841 10249
f 10247 3843 3842
f 10247 3842 10248
f 10246 3844 3843
f 10246 3843 10247
f 10245 3844 10246
f 10245 3845 3844
f 10244 3845 10245
f 10244 3846 3845
f 10243 3846 10244
f 10243 3847 3846
f 10242 3847 10243
f 10242 3848 3847
f 10241 3848 10242
f 10241 3849 3848
f 10240 3849 10241
f 10240 3850 3849
f 10239 3850 10240
f 10239 3851 3850
f 10238 3851 10239
f 10238 3852 3851
f 10238 3832 3852
f 10237 3832 10238
f 10278 3811 10258
f 10278 3812 3811
f 10277 3813 3812
f 10277 3812 10278
f 10276 3814 3813
f 10276 3813 10277
f 10275 3815 3814
f 10275 3814 10276
f 10274 3816 3815
f 10274 3815 10275
f 10273 3817 3816
f 10273 3816 10274
f 10272 3818 3817
f 10272 3817 10273
f 10271 3819 3818
f 10271 3818 10272
f 10270 3820 3819
f 10270 3819 10271
f 10269 3821 3820
f 10269 3820 10270
f 10268 3822 3821
f 10268 3821 10269
f 10267 3823 3822
f 10267 3822 10268
f 10266 3823 10267
f 10266 3824 3823
f 10265 3824 10266
f 10265 3825 3824
f 10264 3825 10265
f 10264 3826 3825
f 10263 3826 10264
f 10263 3827 3826
f 10262 3827 10263
f 10262 3828 3827
f 10261 3828 10262
f 10261 3829 3828
f 10260 3829 10261
f 10260 3830 3829
f 10259 3830 10260
f 10259 3831 3830
f 10259 3811 3831
f 10258 3811 10259
f 10299 3790 10279
f 10299 3791 3790
f 10298 3792 3791
f 10298 3791 10299
f 10297 3793 3792
f 10297 3792 10298
f 10296 3794 3793
f 10296 3793 10297
f 10295 3795 3794
f 10295 3794 10296
f 10294 3796 3795
f 10294 3795 10295
f 10293 3797 3796
f 10293 3796 10294
f 10292 3798 3797
f 10292 3797 10293
f 10291 3799 3798
f 10291 3798 10292
f 10290 3800 3799
f 10290 3799 10291
f 10289 3801 3800
f 10289 3800 10290
f 10288 3802 3801
f 10288 3801 10289
f 10287 3802 10288
f 10287 3803 3802
f 10286 3803 10287
f 10286 3804 3803
f 10285 3804 10286
f 10285 3805 3804
f 10284 3805 10285
f 10284 3806 3805
f 10283 3806 10284
f 10283 3807 3806
f 10282 3807 10283
f 10282 3808 3807
f 10281 3808 10282
f 10281 3809 3808
f 10280 3809 10281
f 10280 3810 3809
f 10280 3790 3810
f 10279 3790 10280
f 10320 3769 10300
f 10320 3770 3769
f 10319 3771 3770
f 10319 3770 10320
f 10318 3772 3771
f 10318 3771 10319
f 10317 3773 3772
f 10317 3772 10318
f 10316 3774 3773
f 10316 3773 10317
f 10315 3775 3774
f 10315 3774 10316
f 10314 3776 3775
f 10314 3775 10315
f 10313 3777 3776
f 10313 3776 10314
f 10312 3778 3777
f 10312 3777 10313
f 10311 3779 3778
f 10311 3778 10312
f 10310 3780 3779
f 10310 3779 10311
f 10309 3781 3780
f 10309 3780 10310
f 10308 3781 10309
f 10308 3782 3781
f 10307 3782 10308
f 10307 3783 3782
f 10306 3783 10307
f 10306 3784 3783
f 10305 3784 10306
f 10305 3785 3784
f 10304 3785 10305
f 10304 3786 3785
f 10303 3786 10304
f 10303 3787 3786
f 10302 3787 10303
f 10302 3788 3787
f 10301 3788 10302
f 10301 3789 3788
f 10301 3769 3789
f 10300 3769 10301
f 10341 3748 10321
f 10341 3749 3748
f 10340 3750 3749
f 10340 3749 10341
f 10339 3751 3750
f 10339 3750 10340
f 10338 3752 3751
f 10338 3751 10339
f 10337 3753 3752
f 10337 3752 10338
f 10336 3754 3753
f 10336 3753 10337
f 10335 3755 3754
f 10335 3754 10336
f 10334 3756 3755
f 10334 3755 10335
f 10333 3757 3756
f 10333 3756 10334
f 10332 3758 3757
f 10332 3757 10333
f 10331 3759 3758
f 10331 3758 10332
f 10330 3760 3759
f 10330 3759 10331
f 10329 3760 10330
f 10329 3761 3760
f 10328 3761 10329
f 10328 3762 3761
f 10327 3762 10328
f 10327 3763 3762
f 10326 3763 10327
f 10326 3764 3763
f 10325 3764 10326
f 10325 3765 3764
f 10324 3765 10325
f 10324 3766 3765
f 10323 3766 10324
f 10323 3767 3766
f 10322 3767 10323
f 10322 3768 3767
f 10322 3748 3768
f 10321 3748 10322
f 10362 3727 10342
f 10362 3728 3727
f 10361 3729 3728
f 10361 3728 10362
f 10360 3730 3729
f 10360 3729 10361
f 10359 3731 3730
f 10359 3730 10360
f 10358 3732 3731
f 10358 3731 10359
f 10357 3733 3732
f 10357 3732 10358
f 10356 3734 3733
f 10356 3733 10357
f 10355 3735 3734
f 10355 3734 10356
f 10354 3736 3735
f 10354 3735 10355
f 10353 3737 3736
f 10353 3736 10354
f 10352 3738 3737
f 10352 3737 10353
f 10351 3739 3738
f 10351 3738 10352
f 10350 3739 10351
f 10350 3740 3739
f 10349 3740 10350
f 10349 3741 3740
f 10348 3741 10349
f 10348 3742 3741
f 10347 3742 10348
f 10347 3743 3742
f 10346 3743 10347
f 10346 3744 3743
f 10345 3744 10346
f 10345 3745 3744
f 10344 3745 10345
f 10344 3746 3745
f 10343 3746 10344
f 10343 3747 3746
f 10343 3727 3747
f 10342 3727 10343
f 10383 3706 10363
f 10383 3707 3706
f 10382 3708 3707
f 10382 3707 10383
f 10381 3709 3708
f 10381 3708 10382
f 10380 3710 3709
f 10380 3709 10381
f 10379 3711 3710
f 10379 3710 10380
f 10378 3712 3711
f 10378 3711 10379
f 10377 3713 3712
f 10377 3712 10378
f 10376 3714 3713
f 10376 3713 10377
f 10375 3715 3714
f 10375 3714 10376
f 10374 3716 3715
f 10374 3715 10375
f 10373 3717 3716
f 10373 3716 10374
f 10372 3718 3717
f 10372 3717 10373
f 10371 3718 10372
f 10371 3719 3718
f 10370 3719 10371
f 10370 3720 3719
f 10369 3720 10370
f 10369 3721 3720
f 10368 3721 10369
f 10368 3722 3721
f 10367 3722 10368
f 10367 3723 3722
f 10366 3723 10367
f 10366 3724 3723
f 10365 3724 10366
f 10365 3725 3724
f 10364 3725 10365
f 10364 3726 3725
f 10364 3706 3726
f 10363 3706 10364
f 10404 3685 10384
f 10404 3686 3685
f 10403 3687 3686
f 10403 3686 10404
f 10402 3688 3687
f 10402 3687 10403
f 10401 3689 3688
f 10401 3688 10402
f 10400 3690 3689
f 10400 3689 10401
f 10399 3691 3690
f 10399 3690 10400
f 10398 3692 3691
f 10398 3691 10399
f 10397 3693 3692
f 10397 3692 10398
f 10396 3694 3693
f 10396 3693 10397
f 10395 3695 3694
f 10395 3694 10396
f 10394 3696 3695
f 10394 3695 10395
f 10393 3697 3696
f 10393 3696 10394
f 10392 3697 10393
f 10392 3698 3697
f 10391 3698 10392
f 10391 3699 3698
f 10390 3699 10391
f 10390 3700 3699
f 10389 3700 10390
f 10389 3701 3700
f 10388 3701 10389
f 10388 3702 3701
f 10387 3702 10388
f 10387 3703 3702
f 10386 3703 10387
f 10386 3704 3703
f 10385 3704 10386
f 10385 3705 3704
f 10385 3685 3705
f 10384 3685 10385
f 10425 3664 10405
f 10425 3665 3664
f 10424 3666 3665
f 10424 3665 10425
f 10423 3667 3666
f 10423 3666 10424
f 10422 3668 3667
f 10422 3667 10423
f 10421 3669 3668
f 10421 3668 10422
f 10420 3670 3669
f 10420 3669 10421
f 10419 3671 3670
f 10419 3670 10420
f 10418 3672 3671
f 10418 3671 10419
f 10417 3673 3672
f 10417 3672 10418
f 10416 3674 3673
f 10416 3673 10417
f 10415 3675 3674
f 10415 3674 10416
f 10414 3676 3675
f 10414 3675 10415
f 10413 3676 10414
f 10413 3677 3676
f 10412 3677 10413
f 10412 3678 3677
f 10411 3678 10412
f 10411 3679 3678
f 10410 3679 10411
f 10410 3680 3679
f 10409 3680 10410
f 10409 3681 3680
f 10408 3681 10409
f 10408 3682 3681
f 10407 3682 10408
f 10407 3683 3682
f 10406 3683 10407
f 10406 3684 3683
f 10406 3664 3684
f 10405 3664 10406
f 10446 3643 10426
f 10446 3644 3643
f 10445 3645 3644
f 10445 3644 10446
f 10444 3646 3645
f 10444 3645 10445
f 10443 3647 3646
f 10443 3646 10444
f 10442 3648 3647
f 10442 3647 10443
f 10441 3649 3648
f 10441 3648 10442
f 10440 3650 3649
f 10440 3649 10441
f 10439 3651 3650
f 10439 3650 10440
f 10438 3652 3651
f 10438 3651 10439
f 10437 3653 3652
f 10437 3652 10438
f 10436 3654 3653
f 10436 3653 10437
f 10435 3655 3654
f 10435 3654 10436
f 10434 3655 10435
f 10434 3656 3655
f 10433 3656 10434
f 10433 3657 3656
f 10432 3657 10433
f 10432 3658 3657
f 10431 3658 10432
f 10431 3659 3658
f 10430 3659 10431
f 10430 3660 3659
f 10429 3660 10430
f 10429 3661 3660
f 10428 3661 10429
f 10428 3662 3661
f 10427 3662 10428
f 10427 3663 3662
f 10427 3643 3663
f 10426 3643 10427
f 10467 3622 10447
f 10467 3623 3622
f 10466 3624 3623
f 10466 3623 10467
f 10465 3625 3624
f 10465 3624 10466
f 10464 3626 3625
f 10464 3625 10465
f 10463 3627 3626
f 10463 3626 10464
f 10462 3628 3627
f 10462 3627 10463
f 10461 3629 3628
f 10461 3628 10462
f 10460 3630 3629
f 10460 3629 10461
f 10459 3631 3630
f 10459 3630 10460
f 10458 3632 3631
f 10458 3631 10459
f 10457 3633 3632
f 10457 3632 10458
f 10456 3634 3633
f 10456 3633 10457
f 10455 3634 10456
f 10455 3635 3634
f 10454 3635 10455
f 10454 3636 3635
f 10453 3636 10454
f 10453 3637 3636
f 10452 3637 10453
f 10452 3638 3637
f 10451 3638 10452
f 10451 3639 3638
f 10450 3639 10451
f 10450 3640 3639
f 10449 3640 10450
f 10449 3641 3640
f 10448 3641 10449
f 10448 3642 3641
f 10448 3622 3642
f 10447 3622 10448
f 10488 3601 10468
f 10488 3602 3601
f 10487 3603 3602
f 10487 3602 10488
f 10486 3604 3603
f 10486 3603 10487
f 10485 3605 3604
f 10485 3604 10486
f 10484 3606 3605
f 10484 3605 10485
f 10483 3607 3606
f 10483 3606 10484
f 10482 3608 3607
f 10482 3607 10483
f 10481 3609 3608
f 10481 3608 10482
f 10480 3610 3609
f 10480 3609 10481
f 10479 3611 3610
f 10479 3610 10480
f 10478 3612 3611
f 10478 3611 10479
f 10477 3613 3612
f 10477 3612 10478
f 10476 3613 10477
f 10476 3614 3613
f 10475 3614 10476
f 10475 3615 3614
f 10474 3615 10475
f 10474 3616 3615
f 10473 3616 10474
f 10473 3617 3616
f 10472 3617 10473
f 10472 3618 3617
f 10471 3618 10472
f 10471 3619 3618
f 10470 3619 10471
f 10470 3620 3619
f 10469 3620 10470
f 10469 3621 3620
f 10469 3601 3621
f 10468 3601 10469
f 10509 3580 10489
f 10509 3581 3580
f 10508 3582 3581
f 10508 3581 10509
f 10507 3583 3582
f 10507 3582 10508
f 10506 3584 3583
f 10506 3583 10507
f 10505 3585 3584
f 10505 3584 10506
f 10504 3586 3585
f 10504 3585 10505
f 10503 3587 3586
f 10503 3586 10504
f 10502 3588 3587
f 10502 3587 10503
f 10501 3589 3588
f 10501 3588 10502
f 10500 3590 3589
f 10500 3589 10501
f 10499 3591 3590
f 10499 3590 10500
f 10498 3592 3591
f 10498 3591 10499
f 10497 3592 10498
f 10497 3593 3592
f 10496 3593 10497
f 10496 3594 3593
f 10495 3594 10496
f 10495 3595 3594
f 10494 3595 10495
f 10494 3596 3595
f 10493 3596 10494
f 10493 3597 3596
f 10492 3597 10493
f 10492 3598 3597
f 10491 3598 10492
f 10491 3599 3598
f 10490 3599 10491
f 10490 3600 3599
f 10490 3580 3600
f 10489 3580 10490
f 10530 3559 10510
f 10530 3560 3559
f 10529 3561 3560
f 10529 3560 10530
f 10528 3562 3561
f 10528 3561 10529
f 10527 3563 3562
f 10527 3562 10528
f 10526 3564 3563
f 10526 3563 10527
f 10525 3565 3564
f 10525 3564 10526
f 10524 3566 3565
f 10524 3565 10525
f 10523 3567 3566
f 10523 3566 10524
f 10522 3568 3567
f 10522 3567 10523
f 10521 3569 3568
f 10521 3568 10522
f 10520 3570 3569
f 10520 3569 10521
f 10519 3571 3570
f 10519 3570 10520
f 10518 3571 10519
f 10518 3572 3571
f 10517 3572 10518
f 10517 3573 3572
f 10516 3573 10517
f 10516 3574 3573
f 10515 3574 10516
f 10515 3575 3574
f 10514 3575 10515
f 10514 3576 3575
f 10513 3576 10514
f 10513 3577 3576
f 10512 3577 10513
f 10512 3578 3577
f 10511 3578 10512
f 10511 3579 3578
f 10511 3559 3579
f 10510 3559 10511
f 10551 3538 10531
f 10551 3539 3538
f 10550 3540 3539
f 10550 3539 10551
f 10549 3541 3540
f 10549 3540 10550
f 10548 3542 3541
f 10548 3541 10549
f 10547 3543 3542
f 10547 3542 10548
f 10546 3544 3543
f 10546 3543 10547
f 10545 3545 3544
f 10545 3544 10546
f 10544 3546 3545
f 10544 3545 10545
f 10543 3547 3546
f 10543 3546 10544
f 10542 3548 3547
f 10542 3547 10543
f 10541 3549 3548
f 10541 3548 10542
f 10540 3550 3549
f 10540 3549 10541
f 10539 3550 10540
f 10539 3551 3550
f 10538 3551 10539
f 10538 3552 3551
f 10537 3552 10538
f 10537 3553 3552
f 10536 3553 10537
f 10536 3554 3553
f 10535 3554 10536
f 10535 3555 3554
f 10534 3555 10535
f 10534 3556 3555
f 10533 3556 10534
f 10533 3557 3556
f 10532 3557 10533
f 10532 3558 3557
f 10532 3538 3558
f 10531 3538 10532
f 10572 3517 10552
f 10572 3518 3517
f 10571 3519 3518
f 10571 3518 10572
f 10570 3520 3519
f 10570 3519 10571
f 10569 3521 3520
f 10569 3520 10570
f 10568 3522 3521
f 10568 3521 10569
f 10567 3523 3522
f 10567 3522 10568
f 10566 3524 3523
f 10566 3523 10567
f 10565 3525 3524
f 10565 3524 10566
f 10564 3526 3525
f 10564 3525 10565
f 10563 3527 3526
f 10563 3526 10564
f 10562 3528 3527
f 10562 3527 10563
f 10561 3529 3528
f 10561 3528 10562
f 10560 3529 10561
f 10560 3530 3529
f 10559 3530 10560
f 10559 3531 3530
f 10558 3531 10559
f 10558 3532 3531
f 10557 3532 10558
f 10557 3533 3532
f 10556 3533 10557
f 10556 3534 3533
f 10555 3534 10556
f 10555 3535 3534
f 10554 3535 10555
f 10554 3536 3535
f 10553 3536 10554
f 10553 3537 3536
f 10553 3517 3537
f 10552 3517 10553
f 10593 3496 10573
f 10593 3497 3496
f 10592 3498 3497
f 10592 3497 10593
f 10591 3499 3498
f 10591 3498 10592
f 10590 3500 3499
f 10590 3499 10591
f 10589 3501 3500
f 10589 3500 10590
f 10588 3502 3501
f 10588 3501 10589
f 10587 3503 3502
f 10587 3502 10588
f 10586 3504 3503
f 10586 3503 10587
f 10585 3505 3504
f 10585 3504 10586
f 10584 3506 3505
f 10584 3505 10585
f 10583 3507 3506
f 10583 3506 10584
f 10582 3508 3507
f 10582 3507 10583
f 10581 3508 10582
f 10581 3509 3508
f 10580 3509 10581
f 10580 3510 3509
f 10579 3510 10580
f 10579 3511 3510
f 10578 3511 10579
f 10578 3512 3511
f 10577 3512 10578
f 10577 3513 3512
f 10576 3513 10577
f 10576 3514 3513
f 10575 3514 10576
f 10575 3515 3514
f 10574 3515 10575
f 10574 3516 3515
f 10574 3496 3516
f 10573 3496 10574
f 10614 3475 10594
f 10614 3476 3475
f 10613 3477 3476
f 10613 3476 10614
f 10612 3478 3477
f 10612 3477 10613
f 10611 3479 3478
f 10611 3478 10612
f 10610 3480 3479
f 10610 3479 10611
f 10609 3481 3480
f 10609 3480 10610
f 10608 3482 3481
f 10608 3481 10609
f 10607 3483 3482
f 10607 3482 10608
f 10606 3484 3483
f 10606 3483 10607
f 10605 3485 3484
f 10605 3484 10606
f 10604 3486 3485
f 10604 3485 10605
f 10603 3487 3486
f 10603 3486 10604
f 10602 3487 10603
f 10602 3488 3487
f 10601 3488 10602
f 10601 3489 3488
f 10600 3489 10601
f 10600 3490 3489
f 10599 3490 10600
f 10599 3491 3490
f 10598 3491 10599
f 10598 3492 3491
f 10597 3492 10598
f 10597 3493 3492
f 10596 3493 10597
f 10596 3494 3493
f 10595 3494 10596
f 10595 3495 3494
f 10595 3475 3495
f 10594 3475 10595
f 10635 3454 10615
f 10635 3455 3454
f 10634 3456 3455
f 10634 3455 10635
f 10633 3457 3456
f 10633 3456 10634
f 10632 3458 3457
f 10632 3457 10633
f 10631 3459 3458
f 10631 3458 10632
f 10630 3460 3459
f 10630 3459 10631
f 10629 3461 3460
f 10629 3460 10630
f 10628 3462 3461
f 10628 3461 10629
f 10627 3463 3462
f 10627 3462 10628
f 10626 3464 3463
f 10626 3463 10627
f 10625 3465 3464
f 10625 3464 10626
f 10624 3466 3465
f 10624 3465 10625
f 10623 3466 10624
f 10623 3467 3466
f 10622 3467 10623
f 10622 3468 3467
f 10621 3468 10622
f 10621 3469 3468
f 10620 3469 10621
f 10620 3470 3469
f 10619 3470 10620
f 10619 3471 3470
f 10618 3471 10619
f 10618 3472 3471
f 10617 3472 10618
f 10617 3473 3472
f 10616 3473 10617
f 10616 3474 3473
f 10616 3454 3474
f 10615 3454 10616
f 10656 3433 10636
f 10656 3434 3433
f 10655 3435 3434
f 10655 3434 10656
f 10654 3436 3435
f 10654 3435 10655
f 10653 3437 3436
f 10653 3436 10654
f 10652 3438 3437
f 10652 3437 10653
f 10651 3439 3438
f 10651 3438 10652
f 10650 3440 3439
f 10650 3439 10651
f 10649 3441 3440
f 10649 3440 10650
f 10648 3442 3441
f 10648 3441 10649
f 10647 3443 3442
f 10647 3442 10648
f 10646 3444 3443
f 10646 3443 10647
f 10645 3445 3444
f 10645 3444 10646
f 10644 3445 10645
f 10644 3446 3445
f 10643 3446 10644
f 10643 3447 3446
f 10642 3447 10643
f 10642 3448 3447
f 10641 3448 10642
f 10641 3449 3448
f 10640 3449 10641
f 10640 3450 3449
f 10639 3450 10640
f 10639 3451 3450
f 10638 3451 10639
f 10638 3452 3451
f 10637 3452 10638
f 10637 3453 3452
f 10637 3433 3453
f 10636 3433 10637
f 10677 3412 10657
f 10677 3413 3412
f 10676 3414 3413
f 10676 3413 10677
f 10675 3415 3414
f 10675 3414 10676
f 10674 3416 3415
f 10674 3415 10675
f 10673 3417 3416
f 10673 3416 10674
f 10672 3418 3417
f 10672 3417 10673
f 10671 3419 3418
f 10671 3418 10672
f 10670 3420 3419
f 10670 3419 10671
f 10669 3421 3420
f 10669 3420 10670
f 10668 3422 3421
f 10668 3421 10669
f 10667 3423 3422
f 10667 3422 10668
f 10666 3424 3423
f 10666 3423 10667
f 10665 3424 10666
f 10665 3425 3424
f 10664 3425 10665
f 10664 3426 3425
f 10663 3426 10664
f 10663 3427 3426
f 10662 3427 10663
f 10662 3428 3427
f 10661 3428 10662
f 10661 3429 3428
f 10660 3429 10661
f 10660 3430 3429
f 10659 3430 10660
f 10659 3431 3430
f 10658 3431 10659
f 10658 3432 3431
f 10658 3412 3432
f 10657 3412 10658
f 10698 3391 10678
f 10698 3392 3391
f 10697 3393 3392
f 10697 3392 10698
f 10696 3394 3393
f 10696 3393 10697
f 10695 3395 3394
f 10695 3394 10696
f 10694 3396 3395
f 10694 3395 10695
f 10693 3397 3396
f 10693 3396 10694
f 10692 3398 3397
f 10692 3397 10693
f 10691 3399 3398
f 10691 3398 10692
f 10690 3400 3399
f 10690 3399 10691
f 10689 3401 3400
f 10689 3400 10690
f 10688 3402 3401
f 10688 3401 10689
f 10687 3403 3402
f 10687 3402 10688
f 10686 3403 10687
f 10686 3404 3403
f 10685 3404 10686
f 10685 3405 3404
f 10684 3405 10685
f 10684 3406 3405
f 10683 3406 10684
f 10683 3407 3406
f 10682 3407 10683
f 10682 3408 3407
f 10681 3408 10682
f 10681 3409 3408
f 10680 3409 10681
f 10680 3410 3409
f 10679 3410 10680
f 10679 3411 3410
f 10679 3391 3411
f 10678 3391 10679
f 10719 3370 10699
f 10719 3371 3370
f 10718 3372 3371
f 10718 3371 10719
f 10717 3373 3372
f 10717 3372 10718
f 10716 3374 3373
f 10716 3373 10717
f 10715 3375 3374
f 10715 3374 10716
f 10714 3376 3375
f 10714 3375 10715
f 10713 3377 3376
f 10713 3376 10714
f 10712 3378 3377
f 10712 3377 10713
f 10711 3379 3378
f 10711 3378 10712
f 10710 3380 3379
f 10710 3379 10711
f 10709 3381 3380
f 10709 3380 10710
f 10708 3382 3381
f 10708 3381 10709
f 10707 3382 10708
f 10707 3383 3382
f 10706 3383 10707
f 10706 3384 3383
f 10705 3384 10706
f 10705 3385 3384
f 10704 3385 10705
f 10704 3386 3385
f 10703 3386 10704
f 10703 3387 3386
f 10702 3387 10703
f 10702 3388 3387
f 10701 3388 10702
f 10701 3389 3388
f 10700 3389 10701
f 10700 3390 3389
f 10700 3370 3390
f 10699 3370 10700
f 10740 3349 10720
f 10740 3350 3349
f 10739 3351 3350
f 10739 3350 10740
f 10738 3352 3351
f 10738 3351 10739
f 10737 3353 3352
f 10737 3352 10738
f 10736 3354 3353
f 10736 3353 10737
f 10735 3355 3354
f 10735 3354 10736
f 10734 3356 3355
f 10734 3355 10735
f 10733 3357 3356
f 10733 3356 10734
f 10732 3358 3357
f 10732 3357 10733
f 10731 3359 3358
f 10731 3358 10732
f 10730 3360 3359
f 10730 3359 10731
f 10729 3361 3360
f 10729 3360 10730
f 10728 3361 10729
f 10728 3362 3361
f 10727 3362 10728
f 10727 3363 3362
f 10726 3363 10727
f 10726 3364 3363
f 10725 3364 10726
f 10725 3365 3364
f 10724 3365 10725
f 10724 3366 3365
f 10723 3366 10724
f 10723 3367 3366
f 10722 3367 10723
f 10722 3368 3367
f 10721 3368 10722
f 10721 3369 3368
f 10721 3349 3369
f 10720 3349 10721
f 10761 3328 10741
f 10761 3329 3328
f 10760 3330 3329
f 10760 3329 10761
f 10759 3331 3330
f 10759 3330 10760
f 10758 3332 3331
f 10758 3331 10759
f 10757 3333 3332
f 10757 3332 10758
f 10756 3334 3333
f 10756 3333 10757
f 10755 3335 3334
f 10755 3334 10756
f 10754 3336 3335
f 10754 3335 10755
f 10753 3337 3336
f 10753 3336 10754
f 10752 3338 3337
f 10752 3337 10753
f 10751 3339 3338
f 10751 3338 10752
f 10750 3340 3339
f 10750 3339 10751
f 10749 3340 10750
f 10749 3341 3340
f 10748 3341 10749
f 10748 3342 3341
f 10747 3342 10748
f 10747 3343 3342
f 10746 3343 10747
f 10746 3344 3343
f 10745 3344 10746
f 10745 3345 3344
f 10744 3345 10745
f 10744 3346 3345
f 10743 3346 10744
f 10743 3347 3346
f 10742 3347 10743
f 10742 3348 3347
f 10742 3328 3348
f 10741 3328 10742
f 10782 3307 10762
f 10782 3308 3307
f 10781 3309 3308
f 10781 3308 10782
f 10780 3310 3309
f 10780 3309 10781
f 10779 3311 3310
f 10779 3310 10780
f 10778 3312 3311
f 10778 3311 10779
f 10777 3313 3312
f 10777 3312 10778
f 10776 3314 3313
f 10776 3313 10777
f 10775 3315 3314
f 10775 3314 10776
f 10774 3316 3315
f 10774 3315 10775
f 10773 3317 3316
f 10773 3316 10774
f 10772 3318 3317
f 10772 3317 10773
f 10771 3319 3318
f 10771 3318 10772
f 10770 3319 10771
f 10770 3320 3319
f 10769 3320 10770
f 10769 3321 3320
f 10768 3321 10769
f 10768 3322 3321
f 10767 3322 10768
f 10767 3323 3322
f 10766 3323 10767
f 10766 3324 3323
f 10765 3324 10766
f 10765 3325 3324
f 10764 3325 10765
f 10764 3326 3325
f 10763 3326 10764
f 10763 3327 3326
f 10763 3307 3327
f 10762 3307 10763
f 10803 3286 10783
f 10803 3287 3286
f 10802 3288 3287
f 10802 3287 10803
f 10801 3289 3288
f 10801 3288 10802
f 10800 3290 3289
f 10800 3289 10801
f 10799 3291 3290
f 10799 3290 10800
f 10798 3292 3291
f 10798 3291 10799
f 10797 3293 3292
f 10797 3292 10798
f 10796 3294 3293
f 10796 3293 10797
f 10795 3295 3294
f 10795 3294 10796
f 10794 3296 3295
f 10794 3295 10795
f 10793 3297 3296
f 10793 3296 10794
f 10792 3298 3297
f 10792 3297 10793
f 10791 3298 10792
f 10791 3299 3298
f 10790 3299 10791
f 10790 3300 3299
f 10789 3300 10790
f 10789 3301 3300
f 10788 3301 10789
f 10788 3302 3301
f 10787 3302 10788
f 10787 3303 3302
f 10786 3303 10787
f 10786 3304 3303
f 10785 3304 10786
f 10785 3305 3304
f 10784 3305 10785
f 10784 3306 3305
f 10784 3286 3306
f 10783 3286 10784
f 10824 3265 10804
f 10824 3266 3265
f 10823 3267 3266
f 10823 3266 10824
f 10822 3268 3267
f 10822 3267 10823
f 10821 3269 3268
f 10821 3268 10822
f 10820 3270 3269
f 10820 3269 10821
f 10819 3271 3270
f 10819 3270 10820
f 10818 3272 3271
f 10818 3271 10819
f 10817 3273 3272
f 10817 3272 10818
f 10816 3274 3273
f 10816 3273 10817
f 10815 3275 3274
f 10815 3274 10816
f 10814 3276 3275
f 10814 3275 10815
f 10813 3277 3276
f 10813 3276 10814
f 10812 3277 10813
f 10812 3278 3277
f 10811 3278 10812
f 10811 3279 3278
f 10810 3279 10811
f 10810 3280 3279
f 10809 3280 10810
f 10809 3281 3280
f 10808 3281 10809
f 10808 3282 3281
f 10807 3282 10808
f 10807 3283 3282
f 10806 3283 10807
f 10806 3284 3283
f 10805 3284 10806
f 10805 3285 3284
f 10805 3265 3285
f 10804 3265 10805
f 10845 3244 10825
f 10845 3245 3244
f 10844 3246 3245
f 10844 3245 10845
f 10843 3247 3246
f 10843 3246 10844
f 10842 3248 3247
f 10842 3247 10843
f 10841 3249 3248
f 10841 3248 10842
f 10840 3250 3249
f 10840 3249 10841
f 10839 3251 3250
f 10839 3250 10840
f 10838 3252 3251
f 10838 3251 10839
f 10837 3253 3252
f 10837 3252 10838
f 10836 3254 3253
f 10836 3253 10837
f 10835 3255 3254
f 10835 3254 10836
f 10834 3256 3255
f 10834 3255 10835
f 10833 3256 10834
f 10833 3257 3256
f 10832 3257 10833
f 10832 3258 3257
f 10831 3258 10832
f 10831 3259 3258
f 10830 3259 10831
f 10830 3260 3259
f 10829 3260 10830
f 10829 3261 3260
f 10828 3261 10829
f 10828 3262 3261
f 10827 3262 10828
f 10827 3263 3262
f 10826 3263 10827
f 10826 3264 3263
f 10826 3244 3264
f 10825 3244 10826
f 10866 3223 10846
f 10866 3224 3223
f 10865 3225 3224
f 10865 3224 10866
f 10864 3226 3225
f 10864 3225 10865
f 10863 3227 3226
f 10863 3226 10864
f 10862 3228 3227
f 10862 3227 10863
f 10861 3229 3228
f 10861 3228 10862
f 10860 3230 3229
f 10860 3229 10861
f 10859 3231 3230
f 10859 3230 10860
f 10858 3232 3231
f 10858 3231 10859
f 10857 3233 3232
f 10857 3232 10858
f 10856 3234 3233
f 10856 3233 10857
f 10855 3235 3234
f 10855 3234 10856
f 10854 3235 10855
f 10854 3236 3235
f 10853 3236 10854
f 10853 3237 3236
f 10852 3237 10853
f 10852 3238 3237
f 10851 3238 10852
f 10851 3239 3238
f 10850 3239 10851
f 10850 3240 3239
f 10849 3240 10850
f 10849 3241 3240
f 10848 3241 10849
f 10848 3242 3241
f 10847 3242 10848
f 10847 3243 3242
f 10847 3223 3243
f 10846 3223 10847
f 10887 3202 10867
f 10887 3203 3202
f 10886 3204 3203
f 10886 3203 10887
f 10885 3205 3204
f 10885 3204 10886
f 10884 3206 3205
f 10884 3205 10885
f 10883 3207 3206
f 10883 3206 10884
f 10882 3208 3207
f 10882 3207 10883
f 10881 3209 3208
f 10881 3208 10882
f 10880 3210 3209
f 10880 3209 10881
f 10879 3211 3210
f 10879 3210 10880
f 10878 3212 3211
f 10878 3211 10879
f 10877 3213 3212
f 10877 3212 10878
f 10876 3214 3213
f 10876 3213 10877
f 10875 3214 10876
f 10875 3215 3214
f 10874 3215 10875
f 10874 3216 3215
f 10873 3216 10874
f 10873 3217 3216
f 10872 3217 10873
f 10872 3218 3217
f 10871 3218 10872
f 10871 3219 3218
f 10870 3219 10871
f 10870 3220 3219
f 10869 3220 10870
f 10869 3221 3220
f 10868 3221 10869
f 10868 3222 3221
f 10868 3202 3222
f 10867 3202 10868
f 10908 3181 10888
f 10908 3182 3181
f 10907 3183 3182
f 10907 3182 10908
f 10906 3184 3183
f 10906 3183 10907
f 10905 3185 3184
f 10905 3184 10906
f 10904 3186 3185
f 10904 3185 10905
f 10903 3187 3186
f 10903 3186 10904
f 10902 3188 3187
f 10902 3187 10903
f 10901 3189 3188
f 10901 3188 10902
f 10900 3190 3189
f 10900 3189 10901
f 10899 3191 3190
f 10899 3190 10900
f 10898 3192 3191
f 10898 3191 10899
f 10897 3193 3192
f 10897 3192 10898
f 10896 3193 10897
f 10896 3194 3193
f 10895 3194 10896
f 10895 3195 3194
f 10894 3195 10895
f 10894 3196 3195
f 10893 3196 10894
f 10893 3197 3196
f 10892 3197 10893
f 10892 3198 3197
f 10891 3198 10892
f 10891 3199 3198
f 10890 3199 10891
f 10890 3200 3199
f 10889 3200 10890
f 10889 3201 3200
f 10889 3181 3201
f 10888 3181 10889
f 10929 3160 10909
f 10929 3161 3160
f 10928 3162 3161
f 10928 3161 10929
f 10927 3163 3162
f 10927 3162 10928
f 10926 3164 3163
f 10926 3163 10927
f 10925 3165 3164
f 10925 3164 10926
f 10924 3166 3165
f 10924 3165 10925
f 10923 3167 3166
f 10923 3166 10924
f 10922 3168 3167
f 10922 3167 10923
f 10921 3169 3168
f 10921 3168 10922
f 10920 3170 3169
f 10920 3169 10921
f 10919 3171 3170
f 10919 3170 10920
f 10918 3172 3171
f 10918 3171 10919
f 10917 3172 10918
f 10917 3173 3172
f 10916 3173 10917
f 10916 3174 3173
f 10915 3174 10916
f 10915 3175 3174
f 10914 3175 10915
f 10914 3176 3175
f 10913 3176 10914
f 10913 3177 3176
f 10912 3177 10913
f 10912 3178 3177
f 10911 3178 10912
f 10911 3179 3178
f 10910 3179 10911
f 10910 3180 3179
f 10910 3160 3180
f 10909 3160 10910
f 10950 3139 10930
f 10950 3140 3139
f 10949 3141 3140
f 10949 3140 10950
f 10948 3142 3141
f 10948 3141 10949
f 10947 3143 3142
f 10947 3142 10948
f 10946 3144 3143
f 10946 3143 10947
f 10945 3145 3144
f 10945 3144 10946
f 10944 3146 3145
f 10944 3145 10945
f 10943 3147 3146
f 10943 3146 10944
f 10942 3148 3147
f 10942 3147 10943
f 10941 3149 3148
f 10941 3148 10942
f 10940 3150 3149
f 10940 3149 10941
f 10939 3151 3150
f 10939 3150 10940
f 10938 3151 10939
f 10938 3152 3151
f 10937 3152 10938
f 10937 3153 3152
f 10936 3153 10937
f 10936 3154 3153
f 10935 3154 10936
f 10935 3155 3154
f 10934 3155 10935
f 10934 3156 3155
f 10933 3156 10934
f 10933 3157 3156
f 10932 3157 10933
f 10932 3158 3157
f 10931 3158 10932
f 10931 3159 3158
f 10931 3139 3159
f 10930 3139 10931
f 8199 3118 8179
f 8199 3119 3118
f 8198 3120 3119
f 8198 3119 8199
f 8197 3121 3120
f 8197 3120 8198
f 8196 3122 3121
f 8196 3121 8197
f 8195 3123 3122
f 8195 3122 8196
f 8194 3124 3123
f 8194 3123 8195
f 8193 3125 3124
f 8193 3124 8194
f 8192 3126 3125
f 8192 3125 8193
f 8191 3127 3126
f 8191 3126 8192
f 8190 3128 3127
f 8190 3127 8191
f 8189 3129 3128
f 8189 3128 8190
f 8188 3130 3129
f 8188 3129 8189
f 8187 3130 8188
f 8187 3131 3130
f 8186 3131 8187
f 8186 3132 3131
f 8185 3132 8186
f 8185 3133 3132
f 8184 3133 8185
f 8184 3134 3133
f 8183 3134 8184
f 8183 3135 3134
f 8182 3135 8183
f 8182 3136 3135
f 8181 3136 8182
f 8181 3137 3136
f 8180 3137 8181
f 8180 3138 3137
f 8180 3118 3138
f 8179 3118 8180
f 8178 3097 8158
f 8178 3098 3097
f 8177 3099 3098
f 8177 3098 8178
f 8176 3100 3099
f 8176 3099 8177
f 8175 3101 3100
f 8175 3100 8176
f 8174 3102 3101
f 8174 3101 8175
f 8173 3103 3102
f 8173 3102 8174
f 8172 3104 3103
f 8172 3103 8173
f 8171 3105 3104
f 8171 3104 8172
f 8170 3106 3105
f 8170 3105 8171
f 8169 3107 3106
f 8169 3106 8170
f 8168 3108 3107
f 8168 3107 8169
f 8167 3109 3108
f 8167 3108 8168
f 8166 3109 8167
f 8166 3110 3109
f 8165 3110 8166
f 8165 3111 3110
f 8164 3111 8165
f 8164 3112 3111
f 8163 3112 8164
f 8163 3113 3112
f 8162 3113 8163
f 8162 3114 3113
f 8161 3114 8162
f 8161 3115 3114
f 8160 3115 8161
f 8160 3116 3115
f 8159 3116 8160
f 8159 3117 3116
f 8159 3097 3117
f 8158 3097 8159
f 8157 3076 8137
f 8157 3077 3076
f 8156 3078 3077
f 8156 3077 8157
f 8155 3079 3078
f 8155 3078 8156
f 8154 3080 3079
f 8154 3079 8155
f 8153 3081 3080
f 8153 3080 8154
f 8152 3082 3081
f 8152 3081 8153
f 8151 3083 3082
f 8151 3082 8152
f 8150 3084 3083
f 8150 3083 8151
f 8149 3085 3084
f 8149 3084 8150
f 8148 3086 3085
f 8148 3085 8149
f 8147 3087 3086
f 8147 3086 8148
f 8146 3088 3087
f 8146 3087 8147
f 8145 3088 8146
f 8145 3089 3088
f 8144 3089 8145
f 8144 3090 3089
f 8143 3090 8144
f 8143 3091 3090
f 8142 3091 8143
f 8142 3092 3091
f 8141 3092 8142
f 8141 3093 3092
f 8140 3093 8141
f 8140 3094 3093
f 8139 3094 8140
f 8139 3095 3094
f 8138 3095 8139
f 8138 3096 3095
f 8138 3076 3096
f 8137 3076 8138
f 8136 3055 8116
f 8136 3056 3055
f 8135 3057 3056
f 8135 3056 8136
f 8134 3058 3057
f 8134 3057 8135
f 8133 3059 3058
f 8133 3058 8134
f 8132 3060 3059
f 8132 3059 8133
f 8131 3061 3060
f 8131 3060 8132
f 8130 3062 3061
f 8130 3061 8131
f 8129 3063 3062
f 8129 3062 8130
f 8128 3064 3063
f 8128 3063 8129
f 8127 3065 3064
f 8127 3064 8128
f 8126 3066 3065
f 8126 3065 8127
f 8125 3067 3066
f 8125 3066 8126
f 8124 3067 8125
f 8124 3068 3067
f 8123 3068 8124
f 8123 3069 3068
f 8122 3069 8123
f 8122 3070 3069
f 8121 3070 8122
f 8121 3071 3070
f 8120 3071 8121
f 8120 3072 3071
f 8119 3072 8120
f 8119 3073 3072
f 8118 3073 8119
f 8118 3074 3073
f 8117 3074 8118
f 8117 3075 3074
f 8117 3055 3075
f 8116 3055 8117
f 8115 3034 8095
f 8115 3035 3034
f 8114 3036 3035
f 8114 3035 8115
f 8113 3037 3036
f 8113 3036 8114
f 8112 3038 3037
f 8112 3037 8113
f 8111 3039 3038
f 8111 3038 8112
f 8110 3040 3039
f 8110 3039 8111
f 8109 3041 3040
f 8109 3040 8110
f 8108 3042 3041
f 8108 3041 8109
f 8107 3043 3042
f 8107 3042 8108
f 8106 3044 3043
f 8106 3043 8107
f 8105 3045 3044
f 8105 3044 8106
f 8104 3046 3045
f 8104 3045 8105
f 8103 3046 8104
f 8103 3047 3046
f 8102 3047 8103
f 8102 3048 3047
f 8101 3048 8102
f 8101 3049 3048
f 8100 3049 8101
f 8100 3050 3049
f 8099 3050 8100
f 8099 3051 3050
f 8098 3051 8099
f 8098 3052 3051
f 8097 3052 8098
f 8097 3053 3052
f 8096 3053 8097
f 8096 3054 3053
f 8096 3034 3054
f 8095 3034 8096
f 8094 3013 8074
f 8094 3014 3013
f 8093 3015 3014
f 8093 3014 8094
f 8092 3016 3015
f 8092 3015 8093
f 8091 3017 3016
f 8091 3016 8092
f 8090 3018 3017
f 8090 3017 8091
f 8089 3019 3018
f 8089 3018 8090
f 8088 3020 3019
f 8088 3019 8089
f 8087 3021 3020
f 8087 3020 8088
f 8086 3022 3021
f 8086 3021 8087
f 8085 3023 3022
f 8085 3022 8086
f 8084 3024 3023
f 8084 3023 8085
f 8083 3025 3024
f 8083 3024 8084
f 8082 3025 8083
f 8082 3026 3025
f 8081 3026 8082
f 8081 3027 3026
f 8080 3027 8081
f 8080 3028 3027
f 8079 3028 8080
f 8079 3029 3028
f 8078 3029 8079
f 8078 3030 3029
f 8077 3030 8078
f 8077 3031 3030
f 8076 3031 8077
f 8076 3032 3031
f 8075 3032 8076
f 8075 3033 3032
f 8075 3013 3033
f 8074 3013 8075
f 8073 2992 8053
f 8073 2993 2992
f 8072 2994 2993
f 8072 2993 8073
f 8071 2995 2994
f 8071 2994 8072
f 8070 2996 2995
f 8070 2995 8071
f 8069 2997 2996
f 8069 2996 8070
f 8068 2998 2997
f 8068 2997 8069
f 8067 2999 2998
f 8067 2998 8068
f 8066 3000 2999
f 8066 2999 8067
f 8065 3001 3000
f 8065 3000 8066
f 8064 3002 3001
f 8064 3001 8065
f 8063 3003 3002
f 8063 3002 8064
f 8062 3004 3003
f 8062 3003 8063
f 8061 3004 8062
f 8061 3005 3004
f 8060 3005 8061
f 8060 3006 3005
f 8059 3006 8060
f 8059 3007 3006
f 8058 3007 8059
f 8058 3008 3007
f 8057 3008 8058
f 8057 3009 3008
f 8056 3009 8057
f 8056 3010 3009
f 8055 3010 8056
f 8055 3011 3010
f 8054 3011 8055
f 8054 3012 3011
f 8054 2992 3012
f 8053 2992 8054
f 8052 2971 8032
f 8052 2972 2971
f 8051 2973 2972
f 8051 2972 8052
f 8050 2974 2973
f 8050 2973 8051
f 8049 2975 2974
f 8049 2974 8050
f 8048 2976 2975
f 8048 2975 8049
f 8047 2977 2976
f 8047 2976 8048
f 8046 2978 2977
f 8046 2977 8047
f 8045 2979 2978
f 8045 2978 8046
f 8044 2980 2979
f 8044 2979 8045
f 8043 2981 2980
f 8043 2980 8044
f 8042 2982 2981
f 8042 2981 8043
f 8041 2983 2982
f 8041 2982 8042
f 8040 2983 8041
f 8040 2984 2983
f 8039 2984 8040
f 8039 2985 2984
f 8038 2985 8039
f 8038 2986 2985
f 8037 2986 8038
f 8037 2987 2986
f 8036 2987 8037
f 8036 2988 2987
f 8035 2988 8036
f 8035 2989 2988
f 8034 2989 8035
f 8034 2990 2989
f 8033 2990 8034
f 8033 2991 2990
f 8033 2971 2991
f 8032 2971 8033
f 8011 5933 5932
f 8031 5934 5933
f 8031 5933 8011
f 8030 5935 5934
f 8030 5934 8031
f 323 324 5936
f 8029 5936 5935
f 8029 5935 8030
f 8028 326 323
f 8028 323 5936
f 8028 5936 8029
f 5966 317 318
f 8027 318 325
f 8027 325 326
f 8027 326 8028
f 8026 318 8027
f 8026 5966 318
f 8025 5967 5966
f 8025 5966 8026
f 8024 5968 5967
f 8024 5967 8025
f 8023 5968 8024
f 8023 5969 5968
f 8022 5969 8023
f 8022 5970 5969
f 8021 5970 8022
f 8021 5971 5970
f 8020 5971 8021
f 8020 5972 5971
f 8019 5972 8020
f 8019 5973 5972
f 530 531 5974
f 8018 5973 8019
f 8018 5974 5973
f 8017 530 5974
f 8017 5974 8018
f 5928 532 533
f 8016 530 8017
f 8016 538 539
f 8016 539 530
f 8015 5928 533
f 8015 538 8016
f 8015 533 538
f 8014 5928 8015
f 8014 5929 5928
f 8013 5929 8014
f 8013 5930 5929
f 8012 5931 5930
f 8012 5930 8013
f 8011 5932 5931
f 8011 5931 8012
f 8010 2950 7990
f 8010 2951 2950
f 8009 2952 2951
f 8009 2951 8010
f 8008 2953 2952
f 8008 2952 8009
f 8007 2954 2953
f 8007 2953 8008
f 8006 2955 2954
f 8006 2954 8007
f 8005 2956 2955
f 8005 2955 8006
f 8004 2957 2956
f 8004 2956 8005
f 8003 2958 2957
f 8003 2957 8004
f 8002 2959 2958
f 8002 2958 8003
f 8001 2960 2959
f 8001 2959 8002
f 8000 2961 2960
f 8000 2960 8001
f 7999 2962 2961
f 7999 2961 8000
f 7998 2962 7999
f 7998 2963 2962
f 7997 2963 7998
f 7997 2964 2963
f 7996 2964 7997
f 7996 2965 2964
f 7995 2965 7996
f 7995 2966 2965
f 7994 2966 7995
f 7994 2967 2966
f 7993 2967 7994
f 7993 2968 2967
f 7992 2968 7993
f 7992 2969 2968
f 7991 2969 7992
f 7991 2970 2969
f 7991 2950 2970
f 7990 2950 7991
f 7989 2929 7969
f 7989 2930 2929
f 7988 2931 2930
f 7988 2930 7989
f 7987 2932 2931
f 7987 2931 7988
f 7986 2933 2932
f 7986 2932 7987
f 7985 2934 2933
f 7985 2933 7986
f 7984 2935 2934
f 7984 2934 7985
f 7983 2936 2935
f 7983 2935 7984
f 7982 2937 2936
f 7982 2936 7983
f 7981 2938 2937
f 7981 2937 7982
f 7980 2939 2938
f 7980 2938 7981
f 7979 2940 2939
f 7979 2939 7980
f 7978 2941 2940
f 7978 2940 7979
f 7977 2941 7978
f 7977 2942 2941
f 7976 2942 7977
f 7976 2943 2942
f 7975 2943 7976
f 7975 2944 2943
f 7974 2944 7975
f 7974 2945 2944
f 7973 2945 7974
f 7973 2946 2945
f 7972 2946 7973
f 7972 2947 2946
f 7971 2947 7972
f 7971 2948 2947
f 7970 2948 7971
f 7970 2949 2948
f 7970 2929 2949
f 7969 2929 7970
f 7968 2908 7948
f 7968 2909 2908
f 7967 2910 2909
f 7967 2909 7968
f 7966 2911 2910
f 7966 2910 7967
f 7965 2912 2911
f 7965 2911 7966
f 7964 2913 2912
f 7964 2912 7965
f 7963 2914 2913
f 7963 2913 7964
f 7962 2915 2914
f 7962 2914 7963
f 7961 2916 2915
f 7961 2915 7962
f 7960 2917 2916
f 7960 2916 7961
f 7959 2918 2917
f 7959 2917 7960
f 7958 2919 2918
f 7958 2918 7959
f 7957 2920 2919
f 7957 2919 7958
f 7956 2920 7957
f 7956 2921 2920
f 7955 2921 7956
f 7955 2922 2921
f 7954 2922 7955
f 7954 2923 2922
f 7953 2923 7954
f 7953 2924 2923
f 7952 2924 7953
f 7952 2925 2924
f 7951 2925 7952
f 7951 2926 2925
f 7950 2926 7951
f 7950 2927 2926
f 7949 2927 7950
f 7949 2928 2927
f 7949 2908 2928
f 7948 2908 7949
f 7947 2887 7927
f 7947 2888 2887
f 7946 2889 2888
f 7946 2888 7947
f 7945 2890 2889
f 7945 2889 7946
f 7944 2891 2890
f 7944 2890 7945
f 7943 2892 2891
f 7943 2891 7944
f 7942 2893 2892
f 7942 2892 7943
f 7941 2894 2893
f 7941 2893 7942
f 7940 2895 2894
f 7940 2894 7941
f 7939 2896 2895
f 7939 2895 7940
f 7938 2897 2896
f 7938 2896 7939
f 7937 2898 2897
f 7937 2897 7938
f 7936 2899 2898
f 7936 2898 7937
f 7935 2899 7936
f 7935 2900 2899
f 7934 2900 7935
f 7934 2901 2900
f 7933 2901 7934
f 7933 2902 2901
f 7932 2902 7933
f 7932 2903 2902
f 7931 2903 7932
f 7931 2904 2903
f 7930 2904 7931
f 7930 2905 2904
f 7929 2905 7930
f 7929 2906 2905
f 7928 2906 7929
f 7928 2907 2906
f 7928 2887 2907
f 7927 2887 7928
f 7926 2866 7906
f 7926 2867 2866
f 7925 2868 2867
f 7925 2867 7926
f 7924 2869 2868
f 7924 2868 7925
f 7923 2870 2869
f 7923 2869 7924
f 7922 2871 2870
f 7922 2870 7923
f 7921 2872 2871
f 7921 2871 7922
f 7920 2873 2872
f 7920 2872 7921
f 7919 2874 2873
f 7919 2873 7920
f 7918 2875 2874
f 7918 2874 7919
f 7917 2876 2875
f 7917 2875 7918
f 7916 2877 2876
f 7916 2876 7917
f 7915 2878 2877
f 7915 2877 7916
f 7914 2878 7915
f 7914 2879 2878
f 7913 2879 7914
f 7913 2880 2879
f 7912 2880 7913
f 7912 2881 2880
f 7911 2881 7912
f 7911 2882 2881
f 7910 2882 7911
f 7910 2883 2882
f 7909 2883 7910
f 7909 2884 2883
f 7908 2884 7909
f 7908 2885 2884
f 7907 2885 7908
f 7907 2886 2885
f 7907 2866 2886
f 7906 2866 7907
f 7905 2845 7885
f 7905 2846 2845
f 7904 2847 2846
f 7904 2846 7905
f 7903 2848 2847
f 7903 2847 7904
f 7902 2849 2848
f 7902 2848 7903
f 7901 2850 2849
f 7901 2849 7902
f 7900 2851 2850
f 7900 2850 7901
f 7899 2852 2851
f 7899 2851 7900
f 7898 2853 2852
f 7898 2852 7899
f 7897 2854 2853
f 7897 2853 7898
f 7896 2855 2854
f 7896 2854 7897
f 7895 2856 2855
f 7895 2855 7896
f 7894 2857 2856
f 7894 2856 7895
f 7893 2857 7894
f 7893 2858 2857
f 7892 2858 7893
f 7892 2859 2858
f 7891 2859 7892
f 7891 2860 2859
f 7890 2860 7891
f 7890 2861 2860
f 7889 2861 7890
f 7889 2862 2861
f 7888 2862 7889
f 7888 2863 2862
f 7887 2863 7888
f 7887 2864 2863
f 7886 2864 7887
f 7886 2865 2864
f 7886 2845 2865
f 7885 2845 7886
f 7884 2824 7864
f 7884 2825 2824
f 7883 2826 2825
f 7883 2825 7884
f 7882 2827 2826
f 7882 2826 7883
f 7881 2828 2827
f 7881 2827 7882
f 7880 2829 2828
f 7880 2828 7881
f 7879 2830 2829
f 7879 2829 7880
f 7878 2831 2830
f 7878 2830 7879
f 7877 2832 2831
f 7877 2831 7878
f 7876 2833 2832
f 7876 2832 7877
f 7875 2834 2833
f 7875 2833 7876
f 7874 2835 2834
f 7874 2834 7875
f 7873 2836 2835
f 7873 2835 7874
f 7872 2836 7873
f 7872 2837 2836
f 7871 2837 7872
f 7871 2838 2837
f 7870 2838 7871
f 7870 2839 2838
f 7869 2839 7870
f 7869 2840 2839
f 7868 2840 7869
f 7868 2841 2840
f 7867 2841 7868
f 7867 2842 2841
f 7866 2842 7867
f 7866 2843 2842
f 7865 2843 7866
f 7865 2844 2843
f 7865 2824 2844
f 7864 2824 7865
f 7863 2803 7843
f 7863 2804 2803
f 7862 2805 2804
f 7862 2804 7863
f 7861 2806 2805
f 7861 2805 7862
f 7860 2807 2806
f 7860 2806 7861
f 7859 2808 2807
f 7859 2807 7860
f 7858 2809 2808
f 7858 2808 7859
f 7857 2810 2809
f 7857 2809 7858
f 7856 2811 2810
f 7856 2810 7857
f 7855 2812 2811
f 7855 2811 7856
f 7854 2813 2812
f 7854 2812 7855
f 7853 2814 2813
f 7853 2813 7854
f 7852 2815 2814
f 7852 2814 7853
f 7851 2815 7852
f 7851 2816 2815
f 7850 2816 7851
f 7850 2817 2816
f 7849 2817 7850
f 7849 2818 2817
f 7848 2818 7849
f 7848 2819 2818
f 7847 2819 7848
f 7847 2820 2819
f 7846 2820 7847
f 7846 2821 2820
f 7845 2821 7846
f 7845 2822 2821
f 7844 2822 7845
f 7844 2823 2822
f 7844 2803 2823
f 7843 2803 7844
f 7842 2782 7822
f 7842 2783 2782
f 7841 2784 2783
f 7841 2783 7842
f 7840 2785 2784
f 7840 2784 7841
f 7839 2786 2785
f 7839 2785 7840
f 7838 2787 2786
f 7838 2786 7839
f 7837 2788 2787
f 7837 2787 7838
f 7836 2789 2788
f 7836 2788 7837
f 7835 2790 2789
f 7835 2789 7836
f 7834 2791 2790
f 7834 2790 7835
f 7833 2792 2791
f 7833 2791 7834
f 7832 2793 2792
f 7832 2792 7833
f 7831 2794 2793
f 7831 2793 7832
f 7830 2794 7831
f 7830 2795 2794
f 7829 2795 7830
f 7829 2796 2795
f 7828 2796 7829
f 7828 2797 2796
f 7827 2797 7828
f 7827 2798 2797
f 7826 2798 7827
f 7826 2799 2798
f 7825 2799 7826
f 7825 2800 2799
f 7824 2800 7825
f 7824 2801 2800
f 7823 2801 7824
f 7823 2802 2801
f 7823 2782 2802
f 7822 2782 7823
f 7821 2761 7801
f 7821 2762 2761
f 7820 2763 2762
f 7820 2762 7821
f 7819 2764 2763
f 7819 2763 7820
f 7818 2765 2764
f 7818 2764 7819
f 7817 2766 2765
f 7817 2765 7818
f 7816 2767 2766
f 7816 2766 7817
f 7815 2768 2767
f 7815 2767 7816
f 7814 2769 2768
f 7814 2768 7815
f 7813 2770 2769
f 7813 2769 7814
f 7812 2771 2770
f 7812 2770 7813
f 7811 2772 2771
f 7811 2771 7812
f 7810 2773 2772
f 7810 2772 7811
f 7809 2773 7810
f 7809 2774 2773
f 7808 2774 7809
f 7808 2775 2774
f 7807 2775 7808
f 7807 2776 2775
f 7806 2776 7807
f 7806 2777 2776
f 7805 2777 7806
f 7805 2778 2777
f 7804 2778 7805
f 7804 2779 2778
f 7803 2779 7804
f 7803 2780 2779
f 7802 2780 7803
f 7802 2781 2780
f 7802 2761 2781
f 7801 2761 7802
f 7800 2740 7780
f 7800 2741 2740
f 7799 2742 2741
f 7799 2741 7800
f 7798 2743 2742
f 7798 2742 7799
f 7797 2744 2743
f 7797 2743 7798
f 7796 2745 2744
f 7796 2744 7797
f 7795 2746 2745
f 7795 2745 7796
f 7794 2747 2746
f 7794 2746 7795
f 7793 2748 2747
f 7793 2747 7794
f 7792 2749 2748
f 7792 2748 7793
f 7791 2750 2749
f 7791 2749 7792
f 7790 2751 2750
f 7790 2750 7791
f 7789 2752 2751
f 7789 2751 7790
f 7788 2752 7789
f 7788 2753 2752
f 7787 2753 7788
f 7787 2754 2753
f 7786 2754 7787
f 7786 2755 2754
f 7785 2755 7786
f 7785 2756 2755
f 7784 2756 7785
f 7784 2757 2756
f 7783 2757 7784
f 7783 2758 2757
f 7782 2758 7783
f 7782 2759 2758
f 7781 2759 7782
f 7781 2760 2759
f 7781 2740 2760
f 7780 2740 7781
f 7779 2719 7759
f 7779 2720 2719
f 7778 2721 2720
f 7778 2720 7779
f 7777 2722 2721
f 7777 2721 7778
f 7776 2723 2722
f 7776 2722 7777
f 7775 2724 2723
f 7775 2723 7776
f 7774 2725 2724
f 7774 2724 7775
f 7773 2726 2725
f 7773 2725 7774
f 7772 2727 2726
f 7772 2726 7773
f 7771 2728 2727
f 7771 2727 7772
f 7770 2729 2728
f 7770 2728 7771
f 7769 2730 2729
f 7769 2729 7770
f 7768 2731 2730
f 7768 2730 7769
f 7767 2731 7768
f 7767 2732 2731
f 7766 2732 7767
f 7766 2733 2732
f 7765 2733 7766
f 7765 2734 2733
f 7764 2734 7765
f 7764 2735 2734
f 7763 2735 7764
f 7763 2736 2735
f 7762 2736 7763
f 7762 2737 2736
f 7761 2737 7762
f 7761 2738 2737
f 7760 2738 7761
f 7760 2739 2738
f 7760 2719 2739
f 7759 2719 7760
f 7758 2698 7738
f 7758 2699 2698
f 7757 2700 2699
f 7757 2699 7758
f 7756 2701 2700
f 7756 2700 7757
f 7755 2702 2701
f 7755 2701 7756
f 7754 2703 2702
f 7754 2702 7755
f 7753 2704 2703
f 7753 2703 7754
f 7752 2705 2704
f 7752 2704 7753
f 7751 2706 2705
f 7751 2705 7752
f 7750 2707 2706
f 7750 2706 7751
f 7749 2708 2707
f 7749 2707 7750
f 7748 2709 2708
f 7748 2708 7749
f 7747 2710 2709
f 7747 2709 7748
f 7746 2710 7747
f 7746 2711 2710
f 7745 2711 7746
f 7745 2712 2711
f 7744 2712 7745
f 7744 2713 2712
f 7743 2713 7744
f 7743 2714 2713
f 7742 2714 7743
f 7742 2715 2714
f 7741 2715 7742
f 7741 2716 2715
f 7740 2716 7741
f 7740 2717 2716
f 7739 2717 7740
f 7739 2718 2717
f 7739 2698 2718
f 7738 2698 7739
f 7737 2677 7717
f 7737 2678 2677
f 7736 2679 2678
f 7736 2678 7737
f 7735 2680 2679
f 7735 2679 7736
f 7734 2681 2680
f 7734 2680 7735
f 7733 2682 2681
f 7733 2681 7734
f 7732 2683 2682
f 7732 2682 7733
f 7731 2684 2683
f 7731 2683 7732
f 7730 2685 2684
f 7730 2684 7731
f 7729 2686 2685
f 7729 2685 7730
f 7728 2687 2686
f 7728 2686 7729
f 7727 2688 2687
f 7727 2687 7728
f 7726 2689 2688
f 7726 2688 7727
f 7725 2689 7726
f 7725 2690 2689
f 7724 2690 7725
f 7724 2691 2690
f 7723 2691 7724
f 7723 2692 2691
f 7722 2692 7723
f 7722 2693 2692
f 7721 2693 7722
f 7721 2694 2693
f 7720 2694 7721
f 7720 2695 2694
f 7719 2695 7720
f 7719 2696 2695
f 7718 2696 7719
f 7718 2697 2696
f 7718 2677 2697
f 7717 2677 7718
f 7716 2656 7696
f 7716 2657 2656
f 7715 2658 2657
f 7715 2657 7716
f 7714 2659 2658
f 7714 2658 7715
f 7713 2660 2659
f 7713 2659 7714
f 7712 2661 2660
f 7712 2660 7713
f 7711 2662 2661
f 7711 2661 7712
f 7710 2663 2662
f 7710 2662 7711
f 7709 2664 2663
f 7709 2663 7710
f 7708 2665 2664
f 7708 2664 7709
f 7707 2666 2665
f 7707 2665 7708
f 7706 2667 2666
f 7706 2666 7707
f 7705 2668 2667
f 7705 2667 7706
f 7704 2668 7705
f 7704 2669 2668
f 7703 2669 7704
f 7703 2670 2669
f 7702 2670 7703
f 7702 2671 2670
f 7701 2671 7702
f 7701 2672 2671
f 7700 2672 7701
f 7700 2673 2672
f 7699 2673 7700
f 7699 2674 2673
f 7698 2674 7699
f 7698 2675 2674
f 7697 2675 7698
f 7697 2676 2675
f 7697 2656 2676
f 7696 2656 7697
f 7695 2635 7675
f 7695 2636 2635
f 7694 2637 2636
f 7694 2636 7695
f 7693 2638 2637
f 7693 2637 7694
f 7692 2639 2638
f 7692 2638 7693
f 7691 2640 2639
f 7691 2639 7692
f 7690 2641 2640
f 7690 2640 7691
f 7689 2642 2641
f 7689 2641 7690
f 7688 2643 2642
f 7688 2642 7689
f 7687 2644 2643
f 7687 2643 7688
f 7686 2645 2644
f 7686 2644 7687
f 7685 2646 2645
f 7685 2645 7686
f 7684 2647 2646
f 7684 2646 7685
f 7683 2647 7684
f 7683 2648 2647
f 7682 2648 7683
f 7682 2649 2648
f 7681 2649 7682
f 7681 2650 2649
f 7680 2650 7681
f 7680 2651 2650
f 7679 2651 7680
f 7679 2652 2651
f 7678 2652 7679
f 7678 2653 2652
f 7677 2653 7678
f 7677 2654 2653
f 7676 2654 7677
f 7676 2655 2654
f 7676 2635 2655
f 7675 2635 7676
f 7674 2614 7654
f 7674 2615 2614
f 7673 2616 2615
f 7673 2615 7674
f 7672 2617 2616
f 7672 2616 7673
f 7671 2618 2617
f 7671 2617 7672
f 7670 2619 2618
f 7670 2618 7671
f 7669 2620 2619
f 7669 2619 7670
f 7668 2621 2620
f 7668 2620 7669
f 7667 2622 2621
f 7667 2621 7668
f 7666 2623 2622
f 7666 2622 7667
f 7665 2624 2623
f 7665 2623 7666
f 7664 2625 2624
f 7664 2624 7665
f 7663 2626 2625
f 7663 2625 7664
f 7662 2626 7663
f 7662 2627 2626
f 7661 2627 7662
f 7661 2628 2627
f 7660 2628 7661
f 7660 2629 2628
f 7659 2629 7660
f 7659 2630 2629
f 7658 2630 7659
f 7658 2631 2630
f 7657 2631 7658
f 7657 2632 2631
f 7656 2632 7657
f 7656 2633 2632
f 7655 2633 7656
f 7655 2634 2633
f 7655 2614 2634
f 7654 2614 7655
f 7653 2593 7633
f 7653 2594 2593
f 7652 2595 2594
f 7652 2594 7653
f 7651 2596 2595
f 7651 2595 7652
f 7650 2597 2596
f 7650 2596 7651
f 7649 2598 2597
f 7649 2597 7650
f 7648 2599 2598
f 7648 2598 7649
f 7647 2600 2599
f 7647 2599 7648
f 7646 2601 2600
f 7646 2600 7647
f 7645 2602 2601
f 7645 2601 7646
f 7644 2603 2602
f 7644 2602 7645
f 7643 2604 2603
f 7643 2603 7644
f 7642 2605 2604
f 7642 2604 7643
f 7641 2605 7642
f 7641 2606 2605
f 7640 2606 7641
f 7640 2607 2606
f 7639 2607 7640
f 7639 2608 2607
f 7638 2608 7639
f 7638 2609 2608
f 7637 2609 7638
f 7637 2610 2609
f 7636 2610 7637
f 7636 2611 2610
f 7635 2611 7636
f 7635 2612 2611
f 7634 2612 7635
f 7634 2613 2612
f 7634 2593 2613
f 7633 2593 7634
f 7632 2572 7612
f 7632 2573 2572
f 7631 2574 2573
f 7631 2573 7632
f 7630 2575 2574
f 7630 2574 7631
f 7629 2576 2575
f 7629 2575 7630
f 7628 2577 2576
f 7628 2576 7629
f 7627 2578 2577
f 7627 2577 7628
f 7626 2579 2578
f 7626 2578 7627
f 7625 2580 2579
f 7625 2579 7626
f 7624 2581 2580
f 7624 2580 7625
f 7623 2582 2581
f 7623 2581 7624
f 7622 2583 2582
f 7622 2582 7623
f 7621 2584 2583
f 7621 2583 7622
f 7620 2584 7621
f 7620 2585 2584
f 7619 2585 7620
f 7619 2586 2585
f 7618 2586 7619
f 7618 2587 2586
f 7617 2587 7618
f 7617 2588 2587
f 7616 2588 7617
f 7616 2589 2588
f 7615 2589 7616
f 7615 2590 2589
f 7614 2590 7615
f 7614 2591 2590
f 7613 2591 7614
f 7613 2592 2591
f 7613 2572 2592
f 7612 2572 7613
f 7611 2551 7591
f 7611 2552 2551
f 7610 2553 2552
f 7610 2552 7611
f 7609 2554 2553
f 7609 2553 7610
f 7608 2555 2554
f 7608 2554 7609
f 7607 2556 2555
f 7607 2555 7608
f 7606 2557 2556
f 7606 2556 7607
f 7605 2558 2557
f 7605 2557 7606
f 7604 2559 2558
f 7604 2558 7605
f 7603 2560 2559
f 7603 2559 7604
f 7602 2561 2560
f 7602 2560 7603
f 7601 2562 2561
f 7601 2561 7602
f 7600 2563 2562
f 7600 2562 7601
f 7599 2563 7600
f 7599 2564 2563
f 7598 2564 7599
f 7598 2565 2564
f 7597 2565 7598
f 7597 2566 2565
f 7596 2566 7597
f 7596 2567 2566
f 7595 2567 7596
f 7595 2568 2567
f 7594 2568 7595
f 7594 2569 2568
f 7593 2569 7594
f 7593 2570 2569
f 7592 2570 7593
f 7592 2571 2570
f 7592 2551 2571
f 7591 2551 7592
f 7590 2530 7570
f 7590 2531 2530
f 7589 2532 2531
f 7589 2531 7590
f 7588 2533 2532
f 7588 2532 7589
f 7587 2534 2533
f 7587 2533 7588
f 7586 2535 2534
f 7586 2534 7587
f 7585 2536 2535
f 7585 2535 7586
f 7584 2537 2536
f 7584 2536 7585
f 7583 2538 2537
f 7583 2537 7584
f 7582 2539 2538
f 7582 2538 7583
f 7581 2540 2539
f 7581 2539 7582
f 7580 2541 2540
f 7580 2540 7581
f 7579 2542 2541
f 7579 2541 7580
f 7578 2542 7579
f 7578 2543 2542
f 7577 2543 7578
f 7577 2544 2543
f 7576 2544 7577
f 7576 2545 2544
f 7575 2545 7576
f 7575 2546 2545
f 7574 2546 7575
f 7574 2547 2546
f 7573 2547 7574
f 7573 2548 2547
f 7572 2548 7573
f 7572 2549 2548
f 7571 2549 7572
f 7571 2550 2549
f 7571 2530 2550
f 7570 2530 7571
f 7569 2509 7549
f 7569 2510 2509
f 7568 2511 2510
f 7568 2510 7569
f 7567 2512 2511
f 7567 2511 7568
f 7566 2513 2512
f 7566 2512 7567
f 7565 2514 2513
f 7565 2513 7566
f 7564 2515 2514
f 7564 2514 7565
f 7563 2516 2515
f 7563 2515 7564
f 7562 2517 2516
f 7562 2516 7563
f 7561 2518 2517
f 7561 2517 7562
f 7560 2519 2518
f 7560 2518 7561
f 7559 2520 2519
f 7559 2519 7560
f 7558 2521 2520
f 7558 2520 7559
f 7557 2521 7558
f 7557 2522 2521
f 7556 2522 7557
f 7556 2523 2522
f 7555 2523 7556
f 7555 2524 2523
f 7554 2524 7555
f 7554 2525 2524
f 7553 2525 7554
f 7553 2526 2525
f 7552 2526 7553
f 7552 2527 2526
f 7551 2527 7552
f 7551 2528 2527
f 7550 2528 7551
f 7550 2529 2528
f 7550 2509 2529
f 7549 2509 7550
f 7548 2488 7528
f 7548 2489 2488
f 7547 2490 2489
f 7547 2489 7548
f 7546 2491 2490
f 7546 2490 7547
f 7545 2492 2491
f 7545 2491 7546
f 7544 2493 2492
f 7544 2492 7545
f 7543 2494 2493
f 7543 2493 7544
f 7542 2495 2494
f 7542 2494 7543
f 7541 2496 2495
f 7541 2495 7542
f 7540 2497 2496
f 7540 2496 7541
f 7539 2498 2497
f 7539 2497 7540
f 7538 2499 2498
f 7538 2498 7539
f 7537 2500 2499
f 7537 2499 7538
f 7536 2500 7537
f 7536 2501 2500
f 7535 2501 7536
f 7535 2502 2501
f 7534 2502 7535
f 7534 2503 2502
f 7533 2503 7534
f 7533 2504 2503
f 7532 2504 7533
f 7532 2505 2504
f 7531 2505 7532
f 7531 2506 2505
f 7530 2506 7531
f 7530 2507 2506
f 7529 2507 7530
f 7529 2508 2507
f 7529 2488 2508
f 7528 2488 7529
f 7527 2467 7507
f 7527 2468 2467
f 7526 2469 2468
f 7526 2468 7527
f 7525 2470 2469
f 7525 2469 7526
f 7524 2471 2470
f 7524 2470 7525
f 7523 2472 2471
f 7523 2471 7524
f 7522 2473 2472
f 7522 2472 7523
f 7521 2474 2473
f 7521 2473 7522
f 7520 2475 2474
f 7520 2474 7521
f 7519 2476 2475
f 7519 2475 7520
f 7518 2477 2476
f 7518 2476 7519
f 7517 2478 2477
f 7517 2477 7518
f 7516 2479 2478
f 7516 2478 7517
f 7515 2479 7516
f 7515 2480 2479
f 7514 2480 7515
f 7514 2481 2480
f 7513 2481 7514
f 7513 2482 2481
f 7512 2482 7513
f 7512 2483 2482
f 7511 2483 7512
f 7511 2484 2483
f 7510 2484 7511
f 7510 2485 2484
f 7509 2485 7510
f 7509 2486 2485
f 7508 2486 7509
f 7508 2487 2486
f 7508 2467 2487
f 7507 2467 7508
f 7506 2446 7486
f 7506 2447 2446
f 7505 2448 2447
f 7505 2447 7506
f 7504 2449 2448
f 7504 2448 7505
f 7503 2450 2449
f 7503 2449 7504
f 7502 2451 2450
f 7502 2450 7503
f 7501 2452 2451
f 7501 2451 7502
f 7500 2453 2452
f 7500 2452 7501
f 7499 2454 2453
f 7499 2453 7500
f 7498 2455 2454
f 7498 2454 7499
f 7497 2456 2455
f 7497 2455 7498
f 7496 2457 2456
f 7496 2456 7497
f 7495 2458 2457
f 7495 2457 7496
f 7494 2458 7495
f 7494 2459 2458
f 7493 2459 7494
f 7493 2460 2459
f 7492 2460 7493
f 7492 2461 2460
f 7491 2461 7492
f 7491 2462 2461
f 7490 2462 7491
f 7490 2463 2462
f 7489 2463 7490
f 7489 2464 2463
f 7488 2464 7489
f 7488 2465 2464
f 7487 2465 7488
f 7487 2466 2465
f 7487 2446 2466
f 7486 2446 7487
f 7485 2425 7465
f 7485 2426 2425
f 7484 2427 2426
f 7484 2426 7485
f 7483 2428 2427
f 7483 2427 7484
f 7482 2429 2428
f 7482 2428 7483
f 7481 2430 2429
f 7481 2429 7482
f 7480 2431 2430
f 7480 2430 7481
f 7479 2432 2431
f 7479 2431 7480
f 7478 2433 2432
f 7478 2432 7479
f 7477 2434 2433
f 7477 2433 7478
f 7476 2435 2434
f 7476 2434 7477
f 7475 2436 2435
f 7475 2435 7476
f 7474 2437 2436
f 7474 2436 7475
f 7473 2437 7474
f 7473 2438 2437
f 7472 2438 7473
f 7472 2439 2438
f 7471 2439 7472
f 7471 2440 2439
f 7470 2440 7471
f 7470 2441 2440
f 7469 2441 7470
f 7469 2442 2441
f 7468 2442 7469
f 7468 2443 2442
f 7467 2443 7468
f 7467 2444 2443
f 7466 2444 7467
f 7466 2445 2444
f 7466 2425 2445
f 7465 2425 7466
f 7464 2404 7444
f 7464 2405 2404
f 7463 2406 2405
f 7463 2405 7464
f 7462 2407 2406
f 7462 2406 7463
f 7461 2408 2407
f 7461 2407 7462
f 7460 2409 2408
f 7460 2408 7461
f 7459 2410 2409
f 7459 2409 7460
f 7458 2411 2410
f 7458 2410 7459
f 7457 2412 2411
f 7457 2411 7458
f 7456 2413 2412
f 7456 2412 7457
f 7455 2414 2413
f 7455 2413 7456
f 7454 2415 2414
f 7454 2414 7455
f 7453 2416 2415
f 7453 2415 7454
f 7452 2416 7453
f 7452 2417 2416
f 7451 2417 7452
f 7451 2418 2417
f 7450 2418 7451
f 7450 2419 2418
f 7449 2419 7450
f 7449 2420 2419
f 7448 2420 7449
f 7448 2421 2420
f 7447 2421 7448
f 7447 2422 2421
f 7446 2422 7447
f 7446 2423 2422
f 7445 2423 7446
f 7445 2424 2423
f 7445 2404 2424
f 7444 2404 7445
f 7443 2383 7423
f 7443 2384 2383
f 7442 2385 2384
f 7442 2384 7443
f 7441 2386 2385
f 7441 2385 7442
f 7440 2387 2386
f 7440 2386 7441
f 7439 2388 2387
f 7439 2387 7440
f 7438 2389 2388
f 7438 2388 7439
f 7437 2390 2389
f 7437 2389 7438
f 7436 2391 2390
f 7436 2390 7437
f 7435 2392 2391
f 7435 2391 7436
f 7434 2393 2392
f 7434 2392 7435
f 7433 2394 2393
f 7433 2393 7434
f 7432 2395 2394
f 7432 2394 7433
f 7431 2395 7432
f 7431 2396 2395
f 7430 2396 7431
f 7430 2397 2396
f 7429 2397 7430
f 7429 2398 2397
f 7428 2398 7429
f 7428 2399 2398
f 7427 2399 7428
f 7427 2400 2399
f 7426 2400 7427
f 7426 2401 2400
f 7425 2401 7426
f 7425 2402 2401
f 7424 2402 7425
f 7424 2403 2402
f 7424 2383 2403
f 7423 2383 7424
f 7422 2362 7402
f 7422 2363 2362
f 7421 2364 2363
f 7421 2363 7422
f 7420 2365 2364
f 7420 2364 7421
f 7419 2366 2365
f 7419 2365 7420
f 7418 2367 2366
f 7418 2366 7419
f 7417 2368 2367
f 7417 2367 7418
f 7416 2369 2368
f 7416 2368 7417
f 7415 2370 2369
f 7415 2369 7416
f 7414 2371 2370
f 7414 2370 7415
f 7413 2372 2371
f 7413 2371 7414
f 7412 2373 2372
f 7412 2372 7413
f 7411 2374 2373
f 7411 2373 7412
f 7410 2374 7411
f 7410 2375 2374
f 7409 2375 7410
f 7409 2376 2375
f 7408 2376 7409
f 7408 2377 2376
f 7407 2377 7408
f 7407 2378 2377
f 7406 2378 7407
f 7406 2379 2378
f 7405 2379 7406
f 7405 2380 2379
f 7404 2380 7405
f 7404 2381 2380
f 7403 2381 7404
f 7403 2382 2381
f 7403 2362 2382
f 7402 2362 7403
f 7401 2341 7381
f 7401 2342 2341
f 7400 2343 2342
f 7400 2342 7401
f 7399 2344 2343
f 7399 2343 7400
f 7398 2345 2344
f 7398 2344 7399
f 7397 2346 2345
f 7397 2345 7398
f 7396 2347 2346
f 7396 2346 7397
f 7395 2348 2347
f 7395 2347 7396
f 7394 2349 2348
f 7394 2348 7395
f 7393 2350 2349
f 7393 2349 7394
f 7392 2351 2350
f 7392 2350 7393
f 7391 2352 2351
f 7391 2351 7392
f 7390 2353 2352
f 7390 2352 7391
f 7389 2353 7390
f 7389 2354 2353
f 7388 2354 7389
f 7388 2355 2354
f 7387 2355 7388
f 7387 2356 2355
f 7386 2356 7387
f 7386 2357 2356
f 7385 2357 7386
f 7385 2358 2357
f 7384 2358 7385
f 7384 2359 2358
f 7383 2359 7384
f 7383 2360 2359
f 7382 2360 7383
f 7382 2361 2360
f 7382 2341 2361
f 7381 2341 7382
f 7380 2320 7360
f 7380 2321 2320
f 7379 2322 2321
f 7379 2321 7380
f 7378 2323 2322
f 7378 2322 7379
f 7377 2324 2323
f 7377 2323 7378
f 7376 2325 2324
f 7376 2324 7377
f 7375 2326 2325
f 7375 2325 7376
f 7374 2327 2326
f 7374 2326 7375
f 7373 2328 2327
f 7373 2327 7374
f 7372 2329 2328
f 7372 2328 7373
f 7371 2330 2329
f 7371 2329 7372
f 7370 2331 2330
f 7370 2330 7371
f 7369 2332 2331
f 7369 2331 7370
f 7368 2332 7369
f 7368 2333 2332
f 7367 2333 7368
f 7367 2334 2333
f 7366 2334 7367
f 7366 2335 2334
f 7365 2335 7366
f 7365 2336 2335
f 7364 2336 7365
f 7364 2337 2336
f 7363 2337 7364
f 7363 2338 2337
f 7362 2338 7363
f 7362 2339 2338
f 7361 2339 7362
f 7361 2340 2339
f 7361 2320 2340
f 7360 2320 7361
f 7359 2299 7339
f 7359 2300 2299
f 7358 2301 2300
f 7358 2300 7359
f 7357 2302 2301
f 7357 2301 7358
f 7356 2303 2302
f 7356 2302 7357
f 7355 2304 2303
f 7355 2303 7356
f 7354 2305 2304
f 7354 2304 7355
f 7353 2306 2305
f 7353 2305 7354
f 7352 2307 2306
f 7352 2306 7353
f 7351 2308 2307
f 7351 2307 7352
f 7350 2309 2308
f 7350 2308 7351
f 7349 2310 2309
f 7349 2309 7350
f 7348 2311 2310
f 7348 2310 7349
f 7347 2311 7348
f 7347 2312 2311
f 7346 2312 7347
f 7346 2313 2312
f 7345 2313 7346
f 7345 2314 2313
f 7344 2314 7345
f 7344 2315 2314
f 7343 2315 7344
f 7343 2316 2315
f 7342 2316 7343
f 7342 2317 2316
f 7341 2317 7342
f 7341 2318 2317
f 7340 2318 7341
f 7340 2319 2318
f 7340 2299 2319
f 7339 2299 7340
f 7338 2278 7318
f 7338 2279 2278
f 7337 2280 2279
f 7337 2279 7338
f 7336 2281 2280
f 7336 2280 7337
f 7335 2282 2281
f 7335 2281 7336
f 7334 2283 2282
f 7334 2282 7335
f 7333 2284 2283
f 7333 2283 7334
f 7332 2285 2284
f 7332 2284 7333
f 7331 2286 2285
f 7331 2285 7332
f 7330 2287 2286
f 7330 2286 7331
f 7329 2288 2287
f 7329 2287 7330
f 7328 2289 2288
f 7328 2288 7329
f 7327 2290 2289
f 7327 2289 7328
f 7326 2290 7327
f 7326 2291 2290
f 7325 2291 7326
f 7325 2292 2291
f 7324 2292 7325
f 7324 2293 2292
f 7323 2293 7324
f 7323 2294 2293
f 7322 2294 7323
f 7322 2295 2294
f 7321 2295 7322
f 7321 2296 2295
f 7320 2296 7321
f 7320 2297 2296
f 7319 2297 7320
f 7319 2298 2297
f 7319 2278 2298
f 7318 2278 7319
f 7317 2257 7297
f 7317 2258 2257
f 7316 2259 2258
f 7316 2258 7317
f 7315 2260 2259
f 7315 2259 7316
f 7314 2261 2260
f 7314 2260 7315
f 7313 2262 2261
f 7313 2261 7314
f 7312 2263 2262
f 7312 2262 7313
f 7311 2264 2263
f 7311 2263 7312
f 7310 2265 2264
f 7310 2264 7311
f 7309 2266 2265
f 7309 2265 7310
f 7308 2267 2266
f 7308 2266 7309
f 7307 2268 2267
f 7307 2267 7308
f 7306 2269 2268
f 7306 2268 7307
f 7305 2269 7306
f 7305 2270 2269
f 7304 2270 7305
f 7304 2271 2270
f 7303 2271 7304
f 7303 2272 2271
f 7302 2272 7303
f 7302 2273 2272
f 7301 2273 7302
f 7301 2274 2273
f 7300 2274 7301
f 7300 2275 2274
f 7299 2275 7300
f 7299 2276 2275
f 7298 2276 7299
f 7298 2277 2276
f 7298 2257 2277
f 7297 2257 7298
f 7296 2236 7276
f 7296 2237 2236
f 7295 2238 2237
f 7295 2237 7296
f 7294 2239 2238
f 7294 2238 7295
f 7293 2240 2239
f 7293 2239 7294
f 7292 2241 2240
f 7292 2240 7293
f 7291 2242 2241
f 7291 2241 7292
f 7290 2243 2242
f 7290 2242 7291
f 7289 2244 2243
f 7289 2243 7290
f 7288 2245 2244
f 7288 2244 7289
f 7287 2246 2245
f 7287 2245 7288
f 7286 2247 2246
f 7286 2246 7287
f 7285 2248 2247
f 7285 2247 7286
f 7284 2248 7285
f 7284 2249 2248
f 7283 2249 7284
f 7283 2250 2249
f 7282 2250 7283
f 7282 2251 2250
f 7281 2251 7282
f 7281 2252 2251
f 7280 2252 7281
f 7280 2253 2252
f 7279 2253 7280
f 7279 2254 2253
f 7278 2254 7279
f 7278 2255 2254
f 7277 2255 7278
f 7277 2256 2255
f 7277 2236 2256
f 7276 2236 7277
f 7275 2215 7255
f 7275 2216 2215
f 7274 2217 2216
f 7274 2216 7275
f 7273 2218 2217
f 7273 2217 7274
f 7272 2219 2218
f 7272 2218 7273
f 7271 2220 2219
f 7271 2219 7272
f 7270 2221 2220
f 7270 2220 7271
f 7269 2222 2221
f 7269 2221 7270
f 7268 2223 2222
f 7268 2222 7269
f 7267 2224 2223
f 7267 2223 7268
f 7266 2225 2224
f 7266 2224 7267
f 7265 2226 2225
f 7265 2225 7266
f 7264 2227 2226
f 7264 2226 7265
f 7263 2227 7264
f 7263 2228 2227
f 7262 2228 7263
f 7262 2229 2228
f 7261 2229 7262
f 7261 2230 2229
f 7260 2230 7261
f 7260 2231 2230
f 7259 2231 7260
f 7259 2232 2231
f 7258 2232 7259
f 7258 2233 2232
f 7257 2233 7258
f 7257 2234 2233
f 7256 2234 7257
f 7256 2235 2234
f 7256 2215 2235
f 7255 2215 7256
f 7254 2194 7234
f 7254 2195 2194
f 7253 2196 2195
f 7253 2195 7254
f 7252 2197 2196
f 7252 2196 7253
f 7251 2198 2197
f 7251 2197 7252
f 7250 2199 2198
f 7250 2198 7251
f 7249 2200 2199
f 7249 2199 7250
f 7248 2201 2200
f 7248 2200 7249
f 7247 2202 2201
f 7247 2201 7248
f 7246 2203 2202
f 7246 2202 7247
f 7245 2204 2203
f 7245 2203 7246
f 7244 2205 2204
f 7244 2204 7245
f 7243 2206 2205
f 7243 2205 7244
f 7242 2206 7243
f 7242 2207 2206
f 7241 2207 7242
f 7241 2208 2207
f 7240 2208 7241
f 7240 2209 2208
f 7239 2209 7240
f 7239 2210 2209
f 7238 2210 7239
f 7238 2211 2210
f 7237 2211 7238
f 7237 2212 2211
f 7236 2212 7237
f 7236 2213 2212
f 7235 2213 7236
f 7235 2214 2213
f 7235 2194 2214
f 7234 2194 7235
f 7233 2173 7213
f 7233 2174 2173
f 7232 2175 2174
f 7232 2174 7233
f 7231 2176 2175
f 7231 2175 7232
f 7230 2177 2176
f 7230 2176 7231
f 7229 2178 2177
f 7229 2177 7230
f 7228 2179 2178
f 7228 2178 7229
f 7227 2180 2179
f 7227 2179 7228
f 7226 2181 2180
f 7226 2180 7227
f 7225 2182 2181
f 7225 2181 7226
f 7224 2183 2182
f 7224 2182 7225
f 7223 2184 2183
f 7223 2183 7224
f 7222 2185 2184
f 7222 2184 7223
f 7221 2185 7222
f 7221 2186 2185
f 7220 2186 7221
f 7220 2187 2186
f 7219 2187 7220
f 7219 2188 2187
f 7218 2188 7219
f 7218 2189 2188
f 7217 2189 7218
f 7217 2190 2189
f 7216 2190 7217
f 7216 2191 2190
f 7215 2191 7216
f 7215 2192 2191
f 7214 2192 7215
f 7214 2193 2192
f 7214 2173 2193
f 7213 2173 7214
f 7212 2152 7192
f 7212 2153 2152
f 7211 2154 2153
f 7211 2153 7212
f 7210 2155 2154
f 7210 2154 7211
f 7209 2156 2155
f 7209 2155 7210
f 7208 2157 2156
f 7208 2156 7209
f 7207 2158 2157
f 7207 2157 7208
f 7206 2159 2158
f 7206 2158 7207
f 7205 2160 2159
f 7205 2159 7206
f 7204 2161 2160
f 7204 2160 7205
f 7203 2162 2161
f 7203 2161 7204
f 7202 2163 2162
f 7202 2162 7203
f 7201 2164 2163
f 7201 2163 7202
f 7200 2164 7201
f 7200 2165 2164
f 7199 2165 7200
f 7199 2166 2165
f 7198 2166 7199
f 7198 2167 2166
f 7197 2167 7198
f 7197 2168 2167
f 7196 2168 7197
f 7196 2169 2168
f 7195 2169 7196
f 7195 2170 2169
f 7194 2170 7195
f 7194 2171 2170
f 7193 2171 7194
f 7193 2172 2171
f 7193 2152 2172
f 7192 2152 7193
f 7191 2131 7171
f 7191 2132 2131
f 7190 2133 2132
f 7190 2132 7191
f 7189 2134 2133
f 7189 2133 7190
f 7188 2135 2134
f 7188 2134 7189
f 7187 2136 2135
f 7187 2135 7188
f 7186 2137 2136
f 7186 2136 7187
f 7185 2138 2137
f 7185 2137 7186
f 7184 2139 2138
f 7184 2138 7185
f 7183 2140 2139
f 7183 2139 7184
f 7182 2141 2140
f 7182 2140 7183
f 7181 2142 2141
f 7181 2141 7182
f 7180 2143 2142
f 7180 2142 7181
f 7179 2143 7180
f 7179 2144 2143
f 7178 2144 7179
f 7178 2145 2144
f 7177 2145 7178
f 7177 2146 2145
f 7176 2146 7177
f 7176 2147 2146
f 7175 2147 7176
f 7175 2148 2147
f 7174 2148 7175
f 7174 2149 2148
f 7173 2149 7174
f 7173 2150 2149
f 7172 2150 7173
f 7172 2151 2150
f 7172 2131 2151
f 7171 2131 7172
f 7170 2110 7150
f 7170 2111 2110
f 7169 2112 2111
f 7169 2111 7170
f 7168 2113 2112
f 7168 2112 7169
f 7167 2114 2113
f 7167 2113 7168
f 7166 2115 2114
f 7166 2114 7167
f 7165 2116 2115
f 7165 2115 7166
f 7164 2117 2116
f 7164 2116 7165
f 7163 2118 2117
f 7163 2117 7164
f 7162 2119 2118
f 7162 2118 7163
f 7161 2120 2119
f 7161 2119 7162
f 7160 2121 2120
f 7160 2120 7161
f 7159 2122 2121
f 7159 2121 7160
f 7158 2122 7159
f 7158 2123 2122
f 7157 2123 7158
f 7157 2124 2123
f 7156 2124 7157
f 7156 2125 2124
f 7155 2125 7156
f 7155 2126 2125
f 7154 2126 7155
f 7154 2127 2126
f 7153 2127 7154
f 7153 2128 2127
f 7152 2128 7153
f 7152 2129 2128
f 7151 2129 7152
f 7151 2130 2129
f 7151 2110 2130
f 7150 2110 7151
f 7149 2089 7129
f 7149 2090 2089
f 7148 2091 2090
f 7148 2090 7149
f 7147 2092 2091
f 7147 2091 7148
f 7146 2093 2092
f 7146 2092 7147
f 7145 2094 2093
f 7145 2093 7146
f 7144 2095 2094
f 7144 2094 7145
f 7143 2096 2095
f 7143 2095 7144
f 7142 2097 2096
f 7142 2096 7143
f 7141 2098 2097
f 7141 2097 7142
f 7140 2099 2098
f 7140 2098 7141
f 7139 2100 2099
f 7139 2099 7140
f 7138 2101 2100
f 7138 2100 7139
f 7137 2101 7138
f 7137 2102 2101
f 7136 2102 7137
f 7136 2103 2102
f 7135 2103 7136
f 7135 2104 2103
f 7134 2104 7135
f 7134 2105 2104
f 7133 2105 7134
f 7133 2106 2105
f 7132 2106 7133
f 7132 2107 2106
f 7131 2107 7132
f 7131 2108 2107
f 7130 2108 7131
f 7130 2109 2108
f 7130 2089 2109
f 7129 2089 7130
f 7128 2068 7108
f 7128 2069 2068
f 7127 2070 2069
f 7127 2069 7128
f 7126 2071 2070
f 7126 2070 7127
f 7125 2072 2071
f 7125 2071 7126
f 7124 2073 2072
f 7124 2072 7125
f 7123 2074 2073
f 7123 2073 7124
f 7122 2075 2074
f 7122 2074 7123
f 7121 2076 2075
f 7121 2075 7122
f 7120 2077 2076
f 7120 2076 7121
f 7119 2078 2077
f 7119 2077 7120
f 7118 2079 2078
f 7118 2078 7119
f 7117 2080 2079
f 7117 2079 7118
f 7116 2080 7117
f 7116 2081 2080
f 7115 2081 7116
f 7115 2082 2081
f 7114 2082 7115
f 7114 2083 2082
f 7113 2083 7114
f 7113 2084 2083
f 7112 2084 7113
f 7112 2085 2084
f 7111 2085 7112
f 7111 2086 2085
f 7110 2086 7111
f 7110 2087 2086
f 7109 2087 7110
f 7109 2088 2087
f 7109 2068 2088
f 7108 2068 7109
f 7107 2047 7087
f 7107 2048 2047
f 7106 2049 2048
f 7106 2048 7107
f 7105 2050 2049
f 7105 2049 7106
f 7104 2051 2050
f 7104 2050 7105
f 7103 2052 2051
f 7103 2051 7104
f 7102 2053 2052
f 7102 2052 7103
f 7101 2054 2053
f 7101 2053 7102
f 7100 2055 2054
f 7100 2054 7101
f 7099 2056 2055
f 7099 2055 7100
f 7098 2057 2056
f 7098 2056 7099
f 7097 2058 2057
f 7097 2057 7098
f 7096 2059 2058
f 7096 2058 7097
f 7095 2059 7096
f 7095 2060 2059
f 7094 2060 7095
f 7094 2061 2060
f 7093 2061 7094
f 7093 2062 2061
f 7092 2062 7093
f 7092 2063 2062
f 7091 2063 7092
f 7091 2064 2063
f 7090 2064 7091
f 7090 2065 2064
f 7089 2065 7090
f 7089 2066 2065
f 7088 2066 7089
f 7088 2067 2066
f 7088 2047 2067
f 7087 2047 7088
f 7086 2026 7066
f 7086 2027 2026
f 7085 2028 2027
f 7085 2027 7086
f 7084 2029 2028
f 7084 2028 7085
f 7083 2030 2029
f 7083 2029 7084
f 7082 2031 2030
f 7082 2030 7083
f 7081 2032 2031
f 7081 2031 7082
f 7080 2033 2032
f 7080 2032 7081
f 7079 2034 2033
f 7079 2033 7080
f 7078 2035 2034
f 7078 2034 7079
f 7077 2036 2035
f 7077 2035 7078
f 7076 2037 2036
f 7076 2036 7077
f 7075 2038 2037
f 7075 2037 7076
f 7074 2038 7075
f 7074 2039 2038
f 7073 2039 7074
f 7073 2040 2039
f 7072 2040 7073
f 7072 2041 2040
f 7071 2041 7072
f 7071 2042 2041
f 7070 2042 7071
f 7070 2043 2042
f 7069 2043 7070
f 7069 2044 2043
f 7068 2044 7069
f 7068 2045 2044
f 7067 2045 7068
f 7067 2046 2045
f 7067 2026 2046
f 7066 2026 7067
f 7065 2005 7045
f 7065 2006 2005
f 7064 2007 2006
f 7064 2006 7065
f 7063 2008 2007
f 7063 2007 7064
f 7062 2009 2008
f 7062 2008 7063
f 7061 2010 2009
f 7061 2009 7062
f 7060 2011 2010
f 7060 2010 7061
f 7059 2012 2011
f 7059 2011 7060
f 7058 2013 2012
f 7058 2012 7059
f 7057 2014 2013
f 7057 2013 7058
f 7056 2015 2014
f 7056 2014 7057
f 7055 2016 2015
f 7055 2015 7056
f 7054 2017 2016
f 7054 2016 7055
f 7053 2017 7054
f 7053 2018 2017
f 7052 2018 7053
f 7052 2019 2018
f 7051 2019 7052
f 7051 2020 2019
f 7050 2020 7051
f 7050 2021 2020
f 7049 2021 7050
f 7049 2022 2021
f 7048 2022 7049
f 7048 2023 2022
f 7047 2023 7048
f 7047 2024 2023
f 7046 2024 7047
f 7046 2025 2024
f 7046 2005 2025
f 7045 2005 7046
f 7044 1984 7024
f 7044 1985 1984
f 7043 1986 1985
f 7043 1985 7044
f 7042 1987 1986
f 7042 1986 7043
f 7041 1988 1987
f 7041 1987 7042
f 7040 1989 1988
f 7040 1988 7041
f 7039 1990 1989
f 7039 1989 7040
f 7038 1991 1990
f 7038 1990 7039
f 7037 1992 1991
f 7037 1991 7038
f 7036 1993 1992
f 7036 1992 7037
f 7035 1994 1993
f 7035 1993 7036
f 7034 1995 1994
f 7034 1994 7035
f 7033 1996 1995
f 7033 1995 7034
f 7032 1996 7033
f 7032 1997 1996
f 7031 1997 7032
f 7031 1998 1997
f 7030 1998 7031
f 7030 1999 1998
f 7029 1999 7030
f 7029 2000 1999
f 7028 2000 7029
f 7028 2001 2000
f 7027 2001 7028
f 7027 2002 2001
f 7026 2002 7027
f 7026 2003 2002
f 7025 2003 7026
f 7025 2004 2003
f 7025 1984 2004
f 7024 1984 7025
f 7023 1963 7003
f 7023 1964 1963
f 7022 1965 1964
f 7022 1964 7023
f 7021 1966 1965
f 7021 1965 7022
f 7020 1967 1966
f 7020 1966 7021
f 7019 1968 1967
f 7019 1967 7020
f 7018 1969 1968
f 7018 1968 7019
f 7017 1970 1969
f 7017 1969 7018
f 7016 1971 1970
f 7016 1970 7017
f 7015 1972 1971
f 7015 1971 7016
f 7014 1973 1972
f 7014 1972 7015
f 7013 1974 1973
f 7013 1973 7014
f 7012 1975 1974
f 7012 1974 7013
f 7011 1975 7012
f 7011 1976 1975
f 7010 1976 7011
f 7010 1977 1976
f 7009 1977 7010
f 7009 1978 1977
f 7008 1978 7009
f 7008 1979 1978
f 7007 1979 7008
f 7007 1980 1979
f 7006 1980 7007
f 7006 1981 1980
f 7005 1981 7006
f 7005 1982 1981
f 7004 1982 7005
f 7004 1983 1982
f 7004 1963 1983
f 7003 1963 7004
f 7002 1942 6982
f 7002 1943 1942
f 7001 1944 1943
f 7001 1943 7002
f 7000 1945 1944
f 7000 1944 7001
f 6999 1946 1945
f 6999 1945 7000
f 6998 1947 1946
f 6998 1946 6999
f 6997 1948 1947
f 6997 1947 6998
f 6996 1949 1948
f 6996 1948 6997
f 6995 1950 1949
f 6995 1949 6996
f 6994 1951 1950
f 6994 1950 6995
f 6993 1952 1951
f 6993 1951 6994
f 6992 1953 1952
f 6992 1952 6993
f 6991 1954 1953
f 6991 1953 6992
f 6990 1954 6991
f 6990 1955 1954
f 6989 1955 6990
f 6989 1956 1955
f 6988 1956 6989
f 6988 1957 1956
f 6987 1957 6988
f 6987 1958 1957
f 6986 1958 6987
f 6986 1959 1958
f 6985 1959 6986
f 6985 1960 1959
f 6984 1960 6985
f 6984 1961 1960
f 6983 1961 6984
f 6983 1962 1961
f 6983 1942 1962
f 6982 1942 6983
f 6981 1921 6961
f 6981 1922 1921
f 6980 1923 1922
f 6980 1922 6981
f 6979 1924 1923
f 6979 1923 6980
f 6978 1925 1924
f 6978 1924 6979
f 6977 1926 1925
f 6977 1925 6978
f 6976 1927 1926
f 6976 1926 6977
f 6975 1928 1927
f 6975 1927 6976
f 6974 1929 1928
f 6974 1928 6975
f 6973 1930 1929
f 6973 1929 6974
f 6972 1931 1930
f 6972 1930 6973
f 6971 1932 1931
f 6971 1931 6972
f 6970 1933 1932
f 6970 1932 6971
f 6969 1933 6970
f 6969 1934 1933
f 6968 1934 6969
f 6968 1935 1934
f 6967 1935 6968
f 6967 1936 1935
f 6966 1936 6967
f 6966 1937 1936
f 6965 1937 6966
f 6965 1938 1937
f 6964 1938 6965
f 6964 1939 1938
f 6963 1939 6964
f 6963 1940 1939
f 6962 1940 6963
f 6962 1941 1940
f 6962 1921 1941
f 6961 1921 6962
f 6960 1900 6940
f 6960 1901 1900
f 6959 1902 1901
f 6959 1901 6960
f 6958 1903 1902
f 6958 1902 6959
f 6957 1904 1903
f 6957 1903 6958
f 6956 1905 1904
f 6956 1904 6957
f 6955 1906 1905
f 6955 1905 6956
f 6954 1907 1906
f 6954 1906 6955
f 6953 1908 1907
f 6953 1907 6954
f 6952 1909 1908
f 6952 1908 6953
f 6951 1910 1909
f 6951 1909 6952
f 6950 1911 1910
f 6950 1910 6951
f 6949 1912 1911
f 6949 1911 6950
f 6948 1912 6949
f 6948 1913 1912
f 6947 1913 6948
f 6947 1914 1913
f 6946 1914 6947
f 6946 1915 1914
f 6945 1915 6946
f 6945 1916 1915
f 6944 1916 6945
f 6944 1917 1916
f 6943 1917 6944
f 6943 1918 1917
f 6942 1918 6943
f 6942 1919 1918
f 6941 1919 6942
f 6941 1920 1919
f 6941 1900 1920
f 6940 1900 6941
f 6939 1879 6919
f 6939 1880 1879
f 6938 1881 1880
f 6938 1880 6939
f 6937 1882 1881
f 6937 1881 6938
f 6936 1883 1882
f 6936 1882 6937
f 6935 1884 1883
f 6935 1883 6936
f 6934 1885 1884
f 6934 1884 6935
f 6933 1886 1885
f 6933 1885 6934
f 6932 1887 1886
f 6932 1886 6933
f 6931 1888 1887
f 6931 1887 6932
f 6930 1889 1888
f 6930 1888 6931
f 6929 1890 1889
f 6929 1889 6930
f 6928 1891 1890
f 6928 1890 6929
f 6927 1891 6928
f 6927 1892 1891
f 6926 1892 6927
f 6926 1893 1892
f 6925 1893 6926
f 6925 1894 1893
f 6924 1894 6925
f 6924 1895 1894
f 6923 1895 6924
f 6923 1896 1895
f 6922 1896 6923
f 6922 1897 1896
f 6921 1897 6922
f 6921 1898 1897
f 6920 1898 6921
f 6920 1899 1898
f 6920 1879 1899
f 6919 1879 6920
f 6918 1858 6898
f 6918 1859 1858
f 6917 1860 1859
f 6917 1859 6918
f 6916 1861 1860
f 6916 1860 6917
f 6915 1862 1861
f 6915 1861 6916
f 6914 1863 1862
f 6914 1862 6915
f 6913 1864 1863
f 6913 1863 6914
f 6912 1865 1864
f 6912 1864 6913
f 6911 1866 1865
f 6911 1865 6912
f 6910 1867 1866
f 6910 1866 6911
f 6909 1868 1867
f 6909 1867 6910
f 6908 1869 1868
f 6908 1868 6909
f 6907 1870 1869
f 6907 1869 6908
f 6906 1870 6907
f 6906 1871 1870
f 6905 1871 6906
f 6905 1872 1871
f 6904 1872 6905
f 6904 1873 1872
f 6903 1873 6904
f 6903 1874 1873
f 6902 1874 6903
f 6902 1875 1874
f 6901 1875 6902
f 6901 1876 1875
f 6900 1876 6901
f 6900 1877 1876
f 6899 1877 6900
f 6899 1878 1877
f 6899 1858 1878
f 6898 1858 6899
f 6897 1837 6877
f 6897 1838 1837
f 6896 1839 1838
f 6896 1838 6897
f 6895 1840 1839
f 6895 1839 6896
f 6894 1841 1840
f 6894 1840 6895
f 6893 1842 1841
f 6893 1841 6894
f 6892 1843 1842
f 6892 1842 6893
f 6891 1844 1843
f 6891 1843 6892
f 6890 1845 1844
f 6890 1844 6891
f 6889 1846 1845
f 6889 1845 6890
f 6888 1847 1846
f 6888 1846 6889
f 6887 1848 1847
f 6887 1847 6888
f 6886 1849 1848
f 6886 1848 6887
f 6885 1849 6886
f 6885 1850 1849
f 6884 1850 6885
f 6884 1851 1850
f 6883 1851 6884
f 6883 1852 1851
f 6882 1852 6883
f 6882 1853 1852
f 6881 1853 6882
f 6881 1854 1853
f 6880 1854 6881
f 6880 1855 1854
f 6879 1855 6880
f 6879 1856 1855
f 6878 1856 6879
f 6878 1857 1856
f 6878 1837 1857
f 6877 1837 6878
f 6876 1816 6856
f 6876 1817 1816
f 6875 1818 1817
f 6875 1817 6876
f 6874 1819 1818
f 6874 1818 6875
f 6873 1820 1819
f 6873 1819 6874
f 6872 1821 1820
f 6872 1820 6873
f 6871 1822 1821
f 6871 1821 6872
f 6870 1823 1822
f 6870 1822 6871
f 6869 1824 1823
f 6869 1823 6870
f 6868 1825 1824
f 6868 1824 6869
f 6867 1826 1825
f 6867 1825 6868
f 6866 1827 1826
f 6866 1826 6867
f 6865 1828 1827
f 6865 1827 6866
f 6864 1828 6865
f 6864 1829 1828
f 6863 1829 6864
f 6863 1830 1829
f 6862 1830 6863
f 6862 1831 1830
f 6861 1831 6862
f 6861 1832 1831
f 6860 1832 6861
f 6860 1833 1832
f 6859 1833 6860
f 6859 1834 1833
f 6858 1834 6859
f 6858 1835 1834
f 6857 1835 6858
f 6857 1836 1835
f 6857 1816 1836
f 6856 1816 6857
f 6855 1795 6835
f 6855 1796 1795
f 6854 1797 1796
f 6854 1796 6855
f 6853 1798 1797
f 6853 1797 6854
f 6852 1799 1798
f 6852 1798 6853
f 6851 1800 1799
f 6851 1799 6852
f 6850 1801 1800
f 6850 1800 6851
f 6849 1802 1801
f 6849 1801 6850
f 6848 1803 1802
f 6848 1802 6849
f 6847 1804 1803
f 6847 1803 6848
f 6846 1805 1804
f 6846 1804 6847
f 6845 1806 1805
f 6845 1805 6846
f 6844 1807 1806
f 6844 1806 6845
f 6843 1807 6844
f 6843 1808 1807
f 6842 1808 6843
f 6842 1809 1808
f 6841 1809 6842
f 6841 1810 1809
f 6840 1810 6841
f 6840 1811 1810
f 6839 1811 6840
f 6839 1812 1811
f 6838 1812 6839
f 6838 1813 1812
f 6837 1813 6838
f 6837 1814 1813
f 6836 1814 6837
f 6836 1815 1814
f 6836 1795 1815
f 6835 1795 6836
f 6834 1774 6814
f 6834 1775 1774
f 6833 1776 1775
f 6833 1775 6834
f 6832 1777 1776
f 6832 1776 6833
f 6831 1778 1777
f 6831 1777 6832
f 6830 1779 1778
f 6830 1778 6831
f 6829 1780 1779
f 6829 1779 6830
f 6828 1781 1780
f 6828 1780 6829
f 6827 1782 1781
f 6827 1781 6828
f 6826 1783 1782
f 6826 1782 6827
f 6825 1784 1783
f 6825 1783 6826
f 6824 1785 1784
f 6824 1784 6825
f 6823 1786 1785
f 6823 1785 6824
f 6822 1786 6823
f 6822 1787 1786
f 6821 1787 6822
f 6821 1788 1787
f 6820 1788 6821
f 6820 1789 1788
f 6819 1789 6820
f 6819 1790 1789
f 6818 1790 6819
f 6818 1791 1790
f 6817 1791 6818
f 6817 1792 1791
f 6816 1792 6817
f 6816 1793 1792
f 6815 1793 6816
f 6815 1794 1793
f 6815 1774 1794
f 6814 1774 6815
f 6813 1753 6793
f 6813 1754 1753
f 6812 1755 1754
f 6812 1754 6813
f 6811 1756 1755
f 6811 1755 6812
f 6810 1757 1756
f 6810 1756 6811
f 6809 1758 1757
f 6809 1757 6810
f 6808 1759 1758
f 6808 1758 6809
f 6807 1760 1759
f 6807 1759 6808
f 6806 1761 1760
f 6806 1760 6807
f 6805 1762 1761
f 6805 1761 6806
f 6804 1763 1762
f 6804 1762 6805
f 6803 1764 1763
f 6803 1763 6804
f 6802 1765 1764
f 6802 1764 6803
f 6801 1765 6802
f 6801 1766 1765
f 6800 1766 6801
f 6800 1767 1766
f 6799 1767 6800
f 6799 1768 1767
f 6798 1768 6799
f 6798 1769 1768
f 6797 1769 6798
f 6797 1770 1769
f 6796 1770 6797
f 6796 1771 1770
f 6795 1771 6796
f 6795 1772 1771
f 6794 1772 6795
f 6794 1773 1772
f 6794 1753 1773
f 6793 1753 6794
f 6792 1732 6772
f 6792 1733 1732
f 6791 1734 1733
f 6791 1733 6792
f 6790 1735 1734
f 6790 1734 6791
f 6789 1736 1735
f 6789 1735 6790
f 6788 1737 1736
f 6788 1736 6789
f 6787 1738 1737
f 6787 1737 6788
f 6786 1739 1738
f 6786 1738 6787
f 6785 1740 1739
f 6785 1739 6786
f 6784 1741 1740
f 6784 1740 6785
f 6783 1742 1741
f 6783 1741 6784
f 6782 1743 1742
f 6782 1742 6783
f 6781 1744 1743
f 6781 1743 6782
f 6780 1744 6781
f 6780 1745 1744
f 6779 1745 6780
f 6779 1746 1745
f 6778 1746 6779
f 6778 1747 1746
f 6777 1747 6778
f 6777 1748 1747
f 6776 1748 6777
f 6776 1749 1748
f 6775 1749 6776
f 6775 1750 1749
f 6774 1750 6775
f 6774 1751 1750
f 6773 1751 6774
f 6773 1752 1751
f 6773 1732 1752
f 6772 1732 6773
f 6771 1711 6751
f 6771 1712 1711
f 6770 1713 1712
f 6770 1712 6771
f 6769 1714 1713
f 6769 1713 6770
f 6768 1715 1714
f 6768 1714 6769
f 6767 1716 1715
f 6767 1715 6768
f 6766 1717 1716
f 6766 1716 6767
f 6765 1718 1717
f 6765 1717 6766
f 6764 1719 1718
f 6764 1718 6765
f 6763 1720 1719
f 6763 1719 6764
f 6762 1721 1720
f 6762 1720 6763
f 6761 1722 1721
f 6761 1721 6762
f 6760 1723 1722
f 6760 1722 6761
f 6759 1723 6760
f 6759 1724 1723
f 6758 1724 6759
f 6758 1725 1724
f 6757 1725 6758
f 6757 1726 1725
f 6756 1726 6757
f 6756 1727 1726
f 6755 1727 6756
f 6755 1728 1727
f 6754 1728 6755
f 6754 1729 1728
f 6753 1729 6754
f 6753 1730 1729
f 6752 1730 6753
f 6752 1731 1730
f 6752 1711 1731
f 6751 1711 6752
f 6750 1690 6730
f 6750 1691 1690
f 6749 1692 1691
f 6749 1691 6750
f 6748 1693 1692
f 6748 1692 6749
f 6747 1694 1693
f 6747 1693 6748
f 6746 1695 1694
f 6746 1694 6747
f 6745 1696 1695
f 6745 1695 6746
f 6744 1697 1696
f 6744 1696 6745
f 6743 1698 1697
f 6743 1697 6744
f 6742 1699 1698
f 6742 1698 6743
f 6741 1700 1699
f 6741 1699 6742
f 6740 1701 1700
f 6740 1700 6741
f 6739 1702 1701
f 6739 1701 6740
f 6738 1702 6739
f 6738 1703 1702
f 6737 1703 6738
f 6737 1704 1703
f 6736 1704 6737
f 6736 1705 1704
f 6735 1705 6736
f 6735 1706 1705
f 6734 1706 6735
f 6734 1707 1706
f 6733 1707 6734
f 6733 1708 1707
f 6732 1708 6733
f 6732 1709 1708
f 6731 1709 6732
f 6731 1710 1709
f 6731 1690 1710
f 6730 1690 6731
f 6729 1669 6709
f 6729 1670 1669
f 6728 1671 1670
f 6728 1670 6729
f 6727 1672 1671
f 6727 1671 6728
f 6726 1673 1672
f 6726 1672 6727
f 6725 1674 1673
f 6725 1673 6726
f 6724 1675 1674
f 6724 1674 6725
f 6723 1676 1675
f 6723 1675 6724
f 6722 1677 1676
f 6722 1676 6723
f 6721 1678 1677
f 6721 1677 6722
f 6720 1679 1678
f 6720 1678 6721
f 6719 1680 1679
f 6719 1679 6720
f 6718 1681 1680
f 6718 1680 6719
f 6717 1681 6718
f 6717 1682 1681
f 6716 1682 6717
f 6716 1683 1682
f 6715 1683 6716
f 6715 1684 1683
f 6714 1684 6715
f 6714 1685 1684
f 6713 1685 6714
f 6713 1686 1685
f 6712 1686 6713
f 6712 1687 1686
f 6711 1687 6712
f 6711 1688 1687
f 6710 1688 6711
f 6710 1689 1688
f 6710 1669 1689
f 6709 1669 6710
f 6708 1648 6688
f 6708 1649 1648
f 6707 1650 1649
f 6707 1649 6708
f 6706 1651 1650
f 6706 1650 6707
f 6705 1652 1651
f 6705 1651 6706
f 6704 1653 1652
f 6704 1652 6705
f 6703 1654 1653
f 6703 1653 6704
f 6702 1655 1654
f 6702 1654 6703
f 6701 1656 1655
f 6701 1655 6702
f 6700 1657 1656
f 6700 1656 6701
f 6699 1658 1657
f 6699 1657 6700
f 6698 1659 1658
f 6698 1658 6699
f 6697 1660 1659
f 6697 1659 6698
f 6696 1660 6697
f 6696 1661 1660
f 6695 1661 6696
f 6695 1662 1661
f 6694 1662 6695
f 6694 1663 1662
f 6693 1663 6694
f 6693 1664 1663
f 6692 1664 6693
f 6692 1665 1664
f 6691 1665 6692
f 6691 1666 1665
f 6690 1666 6691
f 6690 1667 1666
f 6689 1667 6690
f 6689 1668 1667
f 6689 1648 1668
f 6688 1648 6689
f 6687 1627 6667
f 6687 1628 1627
f 6686 1629 1628
f 6686 1628 6687
f 6685 1630 1629
f 6685 1629 6686
f 6684 1631 1630
f 6684 1630 6685
f 6683 1632 1631
f 6683 1631 6684
f 6682 1633 1632
f 6682 1632 6683
f 6681 1634 1633
f 6681 1633 6682
f 6680 1635 1634
f 6680 1634 6681
f 6679 1636 1635
f 6679 1635 6680
f 6678 1637 1636
f 6678 1636 6679
f 6677 1638 1637
f 6677 1637 6678
f 6676 1639 1638
f 6676 1638 6677
f 6675 1639 6676
f 6675 1640 1639
f 6674 1640 6675
f 6674 1641 1640
f 6673 1641 6674
f 6673 1642 1641
f 6672 1642 6673
f 6672 1643 1642
f 6671 1643 6672
f 6671 1644 1643
f 6670 1644 6671
f 6670 1645 1644
f 6669 1645 6670
f 6669 1646 1645
f 6668 1646 6669
f 6668 1647 1646
f 6668 1627 1647
f 6667 1627 6668
f 6666 1606 6646
f 6666 1607 1606
f 6665 1608 1607
f 6665 1607 6666
f 6664 1609 1608
f 6664 1608 6665
f 6663 1610 1609
f 6663 1609 6664
f 6662 1611 1610
f 6662 1610 6663
f 6661 1612 1611
f 6661 1611 6662
f 6660 1613 1612
f 6660 1612 6661
f 6659 1614 1613
f 6659 1613 6660
f 6658 1615 1614
f 6658 1614 6659
f 6657 1616 1615
f 6657 1615 6658
f 6656 1617 1616
f 6656 1616 6657
f 6655 1618 1617
f 6655 1617 6656
f 6654 1618 6655
f 6654 1619 1618
f 6653 1619 6654
f 6653 1620 1619
f 6652 1620 6653
f 6652 1621 1620
f 6651 1621 6652
f 6651 1622 1621
f 6650 1622 6651
f 6650 1623 1622
f 6649 1623 6650
f 6649 1624 1623
f 6648 1624 6649
f 6648 1625 1624
f 6647 1625 6648
f 6647 1626 1625
f 6647 1606 1626
f 6646 1606 6647
f 6645 1585 6625
f 6645 1586 1585
f 6644 1587 1586
f 6644 1586 6645
f 6643 1588 1587
f 6643 1587 6644
f 6642 1589 1588
f 6642 1588 6643
f 6641 1590 1589
f 6641 1589 6642
f 6640 1591 1590
f 6640 1590 6641
f 6639 1592 1591
f 6639 1591 6640
f 6638 1593 1592
f 6638 1592 6639
f 6637 1594 1593
f 6637 1593 6638
f 6636 1595 1594
f 6636 1594 6637
f 6635 1596 1595
f 6635 1595 6636
f 6634 1597 1596
f 6634 1596 6635
f 6633 1597 6634
f 6633 1598 1597
f 6632 1598 6633
f 6632 1599 1598
f 6631 1599 6632
f 6631 1600 1599
f 6630 1600 6631
f 6630 1601 1600
f 6629 1601 6630
f 6629 1602 1601
f 6628 1602 6629
f 6628 1603 1602
f 6627 1603 6628
f 6627 1604 1603
f 6626 1604 6627
f 6626 1605 1604
f 6626 1585 1605
f 6625 1585 6626
f 6624 1564 6604
f 6624 1565 1564
f 6623 1566 1565
f 6623 1565 6624
f 6622 1567 1566
f 6622 1566 6623
f 6621 1568 1567
f 6621 1567 6622
f 6620 1569 1568
f 6620 1568 6621
f 6619 1570 1569
f 6619 1569 6620
f 6618 1571 1570
f 6618 1570 6619
f 6617 1572 1571
f 6617 1571 6618
f 6616 1573 1572
f 6616 1572 6617
f 6615 1574 1573
f 6615 1573 6616
f 6614 1575 1574
f 6614 1574 6615
f 6613 1576 1575
f 6613 1575 6614
f 6612 1576 6613
f 6612 1577 1576
f 6611 1577 6612
f 6611 1578 1577
f 6610 1578 6611
f 6610 1579 1578
f 6609 1579 6610
f 6609 1580 1579
f 6608 1580 6609
f 6608 1581 1580
f 6607 1581 6608
f 6607 1582 1581
f 6606 1582 6607
f 6606 1583 1582
f 6605 1583 6606
f 6605 1584 1583
f 6605 1564 1584
f 6604 1564 6605
f 6603 1543 6583
f 6603 1544 1543
f 6602 1545 1544
f 6602 1544 6603
f 6601 1546 1545
f 6601 1545 6602
f 6600 1547 1546
f 6600 1546 6601
f 6599 1548 1547
f 6599 1547 6600
f 6598 1549 1548
f 6598 1548 6599
f 6597 1550 1549
f 6597 1549 6598
f 6596 1551 1550
f 6596 1550 6597
f 6595 1552 1551
f 6595 1551 6596
f 6594 1553 1552
f 6594 1552 6595
f 6593 1554 1553
f 6593 1553 6594
f 6592 1555 1554
f 6592 1554 6593
f 6591 1555 6592
f 6591 1556 1555
f 6590 1556 6591
f 6590 1557 1556
f 6589 1557 6590
f 6589 1558 1557
f 6588 1558 6589
f 6588 1559 1558
f 6587 1559 6588
f 6587 1560 1559
f 6586 1560 6587
f 6586 1561 1560
f 6585 1561 6586
f 6585 1562 1561
f 6584 1562 6585
f 6584 1563 1562
f 6584 1543 1563
f 6583 1543 6584
f 6582 1522 6562
f 6582 1523 1522
f 6581 1524 1523
f 6581 1523 6582
f 6580 1525 1524
f 6580 1524 6581
f 6579 1526 1525
f 6579 1525 6580
f 6578 1527 1526
f 6578 1526 6579
f 6577 1528 1527
f 6577 1527 6578
f 6576 1529 1528
f 6576 1528 6577
f 6575 1530 1529
f 6575 1529 6576
f 6574 1531 1530
f 6574 1530 6575
f 6573 1532 1531
f 6573 1531 6574
f 6572 1533 1532
f 6572 1532 6573
f 6571 1534 1533
f 6571 1533 6572
f 6570 1534 6571
f 6570 1535 1534
f 6569 1535 6570
f 6569 1536 1535
f 6568 1536 6569
f 6568 1537 1536
f 6567 1537 6568
f 6567 1538 1537
f 6566 1538 6567
f 6566 1539 1538
f 6565 1539 6566
f 6565 1540 1539
f 6564 1540 6565
f 6564 1541 1540
f 6563 1541 6564
f 6563 1542 1541
f 6563 1522 1542
f 6562 1522 6563
f 6561 1501 6541
f 6561 1502 1501
f 6560 1503 1502
f 6560 1502 6561
f 6559 1504 1503
f 6559 1503 6560
f 6558 1505 1504
f 6558 1504 6559
f 6557 1506 1505
f 6557 1505 6558
f 6556 1507 1506
f 6556 1506 6557
f 6555 1508 1507
f 6555 1507 6556
f 6554 1509 1508
f 6554 1508 6555
f 6553 1510 1509
f 6553 1509 6554
f 6552 1511 1510
f 6552 1510 6553
f 6551 1512 1511
f 6551 1511 6552
f 6550 1513 1512
f 6550 1512 6551
f 6549 1513 6550
f 6549 1514 1513
f 6548 1514 6549
f 6548 1515 1514
f 6547 1515 6548
f 6547 1516 1515
f 6546 1516 6547
f 6546 1517 1516
f 6545 1517 6546
f 6545 1518 1517
f 6544 1518 6545
f 6544 1519 1518
f 6543 1519 6544
f 6543 1520 1519
f 6542 1520 6543
f 6542 1521 1520
f 6542 1501 1521
f 6541 1501 6542
f 6540 1480 6520
f 6540 1481 1480
f 6539 1482 1481
f 6539 1481 6540
f 6538 1483 1482
f 6538 1482 6539
f 6537 1484 1483
f 6537 1483 6538
f 6536 1485 1484
f 6536 1484 6537
f 6535 1486 1485
f 6535 1485 6536
f 6534 1487 1486
f 6534 1486 6535
f 6533 1488 1487
f 6533 1487 6534
f 6532 1489 1488
f 6532 1488 6533
f 6531 1490 1489
f 6531 1489 6532
f 6530 1491 1490
f 6530 1490 6531
f 6529 1492 1491
f 6529 1491 6530
f 6528 1492 6529
f 6528 1493 1492
f 6527 1493 6528
f 6527 1494 1493
f 6526 1494 6527
f 6526 1495 1494
f 6525 1495 6526
f 6525 1496 1495
f 6524 1496 6525
f 6524 1497 1496
f 6523 1497 6524
f 6523 1498 1497
f 6522 1498 6523
f 6522 1499 1498
f 6521 1499 6522
f 6521 1500 1499
f 6521 1480 1500
f 6520 1480 6521
f 6519 1459 6499
f 6519 1460 1459
f 6518 1461 1460
f 6518 1460 6519
f 6517 1462 1461
f 6517 1461 6518
f 6516 1463 1462
f 6516 1462 6517
f 6515 1464 1463
f 6515 1463 6516
f 6514 1465 1464
f 6514 1464 6515
f 6513 1466 1465
f 6513 1465 6514
f 6512 1467 1466
f 6512 1466 6513
f 6511 1468 1467
f 6511 1467 6512
f 6510 1469 1468
f 6510 1468 6511
f 6509 1470 1469
f 6509 1469 6510
f 6508 1471 1470
f 6508 1470 6509
f 6507 1471 6508
f 6507 1472 1471
f 6506 1472 6507
f 6506 1473 1472
f 6505 1473 6506
f 6505 1474 1473
f 6504 1474 6505
f 6504 1475 1474
f 6503 1475 6504
f 6503 1476 1475
f 6502 1476 6503
f 6502 1477 1476
f 6501 1477 6502
f 6501 1478 1477
f 6500 1478 6501
f 6500 1479 1478
f 6500 1459 1479
f 6499 1459 6500
f 6498 1438 6478
f 6498 1439 1438
f 6497 1440 1439
f 6497 1439 6498
f 6496 1441 1440
f 6496 1440 6497
f 6495 1442 1441
f 6495 1441 6496
f 6494 1443 1442
f 6494 1442 6495
f 6493 1444 1443
f 6493 1443 6494
f 6492 1445 1444
f 6492 1444 6493
f 6491 1446 1445
f 6491 1445 6492
f 6490 1447 1446
f 6490 1446 6491
f 6489 1448 1447
f 6489 1447 6490
f 6488 1449 1448
f 6488 1448 6489
f 6487 1450 1449
f 6487 1449 6488
f 6486 1450 6487
f 6486 1451 1450
f 6485 1451 6486
f 6485 1452 1451
f 6484 1452 6485
f 6484 1453 1452
f 6483 1453 6484
f 6483 1454 1453
f 6482 1454 6483
f 6482 1455 1454
f 6481 1455 6482
f 6481 1456 1455
f 6480 1456 6481
f 6480 1457 1456
f 6479 1457 6480
f 6479 1458 1457
f 6479 1438 1458
f 6478 1438 6479
f 6477 1417 6457
f 6477 1418 1417
f 6476 1419 1418
f 6476 1418 6477
f 6475 1420 1419
f 6475 1419 6476
f 6474 1421 1420
f 6474 1420 6475
f 6473 1422 1421
f 6473 1421 6474
f 6472 1423 1422
f 6472 1422 6473
f 6471 1424 1423
f 6471 1423 6472
f 6470 1425 1424
f 6470 1424 6471
f 6469 1426 1425
f 6469 1425 6470
f 6468 1427 1426
f 6468 1426 6469
f 6467 1428 1427
f 6467 1427 6468
f 6466 1429 1428
f 6466 1428 6467
f 6465 1429 6466
f 6465 1430 1429
f 6464 1430 6465
f 6464 1431 1430
f 6463 1431 6464
f 6463 1432 1431
f 6462 1432 6463
f 6462 1433 1432
f 6461 1433 6462
f 6461 1434 1433
f 6460 1434 6461
f 6460 1435 1434
f 6459 1435 6460
f 6459 1436 1435
f 6458 1436 6459
f 6458 1437 1436
f 6458 1417 1437
f 6457 1417 6458
f 6456 1396 6436
f 6456 1397 1396
f 6455 1398 1397
f 6455 1397 6456
f 6454 1399 1398
f 6454 1398 6455
f 6453 1400 1399
f 6453 1399 6454
f 6452 1401 1400
f 6452 1400 6453
f 6451 1402 1401
f 6451 1401 6452
f 6450 1403 1402
f 6450 1402 6451
f 6449 1404 1403
f 6449 1403 6450
f 6448 1405 1404
f 6448 1404 6449
f 6447 1406 1405
f 6447 1405 6448
f 6446 1407 1406
f 6446 1406 6447
f 6445 1408 1407
f 6445 1407 6446
f 6444 1408 6445
f 6444 1409 1408
f 6443 1409 6444
f 6443 1410 1409
f 6442 1410 6443
f 6442 1411 1410
f 6441 1411 6442
f 6441 1412 1411
f 6440 1412 6441
f 6440 1413 1412
f 6439 1413 6440
f 6439 1414 1413
f 6438 1414 6439
f 6438 1415 1414
f 6437 1415 6438
f 6437 1416 1415
f 6437 1396 1416
f 6436 1396 6437
f 6435 1375 6415
f 6435 1376 1375
f 6434 1377 1376
f 6434 1376 6435
f 6433 1378 1377
f 6433 1377 6434
f 6432 1379 1378
f 6432 1378 6433
f 6431 1380 1379
f 6431 1379 6432
f 6430 1381 1380
f 6430 1380 6431
f 6429 1382 1381
f 6429 1381 6430
f 6428 1383 1382
f 6428 1382 6429
f 6427 1384 1383
f 6427 1383 6428
f 6426 1385 1384
f 6426 1384 6427
f 6425 1386 1385
f 6425 1385 6426
f 6424 1387 1386
f 6424 1386 6425
f 6423 1387 6424
f 6423 1388 1387
f 6422 1388 6423
f 6422 1389 1388
f 6421 1389 6422
f 6421 1390 1389
f 6420 1390 6421
f 6420 1391 1390
f 6419 1391 6420
f 6419 1392 1391
f 6418 1392 6419
f 6418 1393 1392
f 6417 1393 6418
f 6417 1394 1393
f 6416 1394 6417
f 6416 1395 1394
f 6416 1375 1395
f 6415 1375 6416
f 6414 1354 6394
f 6414 1355 1354
f 6413 1356 1355
f 6413 1355 6414
f 6412 1357 1356
f 6412 1356 6413
f 6411 1358 1357
f 6411 1357 6412
f 6410 1359 1358
f 6410 1358 6411
f 6409 1360 1359
f 6409 1359 6410
f 6408 1361 1360
f 6408 1360 6409
f 6407 1362 1361
f 6407 1361 6408
f 6406 1363 1362
f 6406 1362 6407
f 6405 1364 1363
f 6405 1363 6406
f 6404 1365 1364
f 6404 1364 6405
f 6403 1366 1365
f 6403 1365 6404
f 6402 1366 6403
f 6402 1367 1366
f 6401 1367 6402
f 6401 1368 1367
f 6400 1368 6401
f 6400 1369 1368
f 6399 1369 6400
f 6399 1370 1369
f 6398 1370 6399
f 6398 1371 1370
f 6397 1371 6398
f 6397 1372 1371
f 6396 1372 6397
f 6396 1373 1372
f 6395 1373 6396
f 6395 1374 1373
f 6395 1354 1374
f 6394 1354 6395
f 6393 1333 6373
f 6393 1334 1333
f 6392 1335 1334
f 6392 1334 6393
f 6391 1336 1335
f 6391 1335 6392
f 6390 1337 1336
f 6390 1336 6391
f 6389 1338 1337
f 6389 1337 6390
f 6388 1339 1338
f 6388 1338 6389
f 6387 1340 1339
f 6387 1339 6388
f 6386 1341 1340
f 6386 1340 6387
f 6385 1342 1341
f 6385 1341 6386
f 6384 1343 1342
f 6384 1342 6385
f 6383 1344 1343
f 6383 1343 6384
f 6382 1345 1344
f 6382 1344 6383
f 6381 1345 6382
f 6381 1346 1345
f 6380 1346 6381
f 6380 1347 1346
f 6379 1347 6380
f 6379 1348 1347
f 6378 1348 6379
f 6378 1349 1348
f 6377 1349 6378
f 6377 1350 1349
f 6376 1350 6377
f 6376 1351 1350
f 6375 1351 6376
f 6375 1352 1351
f 6374 1352 6375
f 6374 1353 1352
f 6374 1333 1353
f 6373 1333 6374
f 6372 1312 6352
f 6372 1313 1312
f 6371 1314 1313
f 6371 1313 6372
f 6370 1315 1314
f 6370 1314 6371
f 6369 1316 1315
f 6369 1315 6370
f 6368 1317 1316
f 6368 1316 6369
f 6367 1318 1317
f 6367 1317 6368
f 6366 1319 1318
f 6366 1318 6367
f 6365 1320 1319
f 6365 1319 6366
f 6364 1321 1320
f 6364 1320 6365
f 6363 1322 1321
f 6363 1321 6364
f 6362 1323 1322
f 6362 1322 6363
f 6361 1324 1323
f 6361 1323 6362
f 6360 1324 6361
f 6360 1325 1324
f 6359 1325 6360
f 6359 1326 1325
f 6358 1326 6359
f 6358 1327 1326
f 6357 1327 6358
f 6357 1328 1327
f 6356 1328 6357
f 6356 1329 1328
f 6355 1329 6356
f 6355 1330 1329
f 6354 1330 6355
f 6354 1331 1330
f 6353 1331 6354
f 6353 1332 1331
f 6353 1312 1332
f 6352 1312 6353
f 6351 1291 6331
f 6351 1292 1291
f 6350 1293 1292
f 6350 1292 6351
f 6349 1294 1293
f 6349 1293 6350
f 6348 1295 1294
f 6348 1294 6349
f 6347 1296 1295
f 6347 1295 6348
f 6346 1297 1296
f 6346 1296 6347
f 6345 1298 1297
f 6345 1297 6346
f 6344 1299 1298
f 6344 1298 6345
f 6343 1300 1299
f 6343 1299 6344
f 6342 1301 1300
f 6342 1300 6343
f 6341 1302 1301
f 6341 1301 6342
f 6340 1303 1302
f 6340 1302 6341
f 6339 1303 6340
f 6339 1304 1303
f 6338 1304 6339
f 6338 1305 1304
f 6337 1305 6338
f 6337 1306 1305
f 6336 1306 6337
f 6336 1307 1306
f 6335 1307 6336
f 6335 1308 1307
f 6334 1308 6335
f 6334 1309 1308
f 6333 1309 6334
f 6333 1310 1309
f 6332 1310 6333
f 6332 1311 1310
f 6332 1291 1311
f 6331 1291 6332
f 6330 1270 6310
f 6330 1271 1270
f 6329 1272 1271
f 6329 1271 6330
f 6328 1273 1272
f 6328 1272 6329
f 6327 1274 1273
f 6327 1273 6328
f 6326 1275 1274
f 6326 1274 6327
f 6325 1276 1275
f 6325 1275 6326
f 6324 1277 1276
f 6324 1276 6325
f 6323 1278 1277
f 6323 1277 6324
f 6322 1279 1278
f 6322 1278 6323
f 6321 1280 1279
f 6321 1279 6322
f 6320 1281 1280
f 6320 1280 6321
f 6319 1282 1281
f 6319 1281 6320
f 6318 1282 6319
f 6318 1283 1282
f 6317 1283 6318
f 6317 1284 1283
f 6316 1284 6317
f 6316 1285 1284
f 6315 1285 6316
f 6315 1286 1285
f 6314 1286 6315
f 6314 1287 1286
f 6313 1287 6314
f 6313 1288 1287
f 6312 1288 6313
f 6312 1289 1288
f 6311 1289 6312
f 6311 1290 1289
f 6311 1270 1290
f 6310 1270 6311
f 6309 1249 6289
f 6309 1250 1249
f 6308 1251 1250
f 6308 1250 6309
f 6307 1252 1251
f 6307 1251 6308
f 6306 1253 1252
f 6306 1252 6307
f 6305 1254 1253
f 6305 1253 6306
f 6304 1255 1254
f 6304 1254 6305
f 6303 1256 1255
f 6303 1255 6304
f 6302 1257 1256
f 6302 1256 6303
f 6301 1258 1257
f 6301 1257 6302
f 6300 1259 1258
f 6300 1258 6301
f 6299 1260 1259
f 6299 1259 6300
f 6298 1261 1260
f 6298 1260 6299
f 6297 1261 6298
f 6297 1262 1261
f 6296 1262 6297
f 6296 1263 1262
f 6295 1263 6296
f 6295 1264 1263
f 6294 1264 6295
f 6294 1265 1264
f 6293 1265 6294
f 6293 1266 1265
f 6292 1266 6293
f 6292 1267 1266
f 6291 1267 6292
f 6291 1268 1267
f 6290 1268 6291
f 6290 1269 1268
f 6290 1249 1269
f 6289 1249 6290
f 6288 1228 6268
f 6288 1229 1228
f 6287 1230 1229
f 6287 1229 6288
f 6286 1231 1230
f 6286 1230 6287
f 6285 1232 1231
f 6285 1231 6286
f 6284 1233 1232
f 6284 1232 6285
f 6283 1234 1233
f 6283 1233 6284
f 6282 1235 1234
f 6282 1234 6283
f 6281 1236 1235
f 6281 1235 6282
f 6280 1237 1236
f 6280 1236 6281
f 6279 1238 1237
f 6279 1237 6280
f 6278 1239 1238
f 6278 1238 6279
f 6277 1240 1239
f 6277 1239 6278
f 6276 1240 6277
f 6276 1241 1240
f 6275 1241 6276
f 6275 1242 1241
f 6274 1242 6275
f 6274 1243 1242
f 6273 1243 6274
f 6273 1244 1243
f 6272 1244 6273
f 6272 1245 1244
f 6271 1245 6272
f 6271 1246 1245
f 6270 1246 6271
f 6270 1247 1246
f 6269 1247 6270
f 6269 1248 1247
f 6269 1228 1248
f 6268 1228 6269
f 6267 1207 6247
f 6267 1208 1207
f 6266 1209 1208
f 6266 1208 6267
f 6265 1210 1209
f 6265 1209 6266
f 6264 1211 1210
f 6264 1210 6265
f 6263 1212 1211
f 6263 1211 6264
f 6262 1213 1212
f 6262 1212 6263
f 6261 1214 1213
f 6261 1213 6262
f 6260 1215 1214
f 6260 1214 6261
f 6259 1216 1215
f 6259 1215 6260
f 6258 1217 1216
f 6258 1216 6259
f 6257 1218 1217
f 6257 1217 6258
f 6256 1219 1218
f 6256 1218 6257
f 6255 1219 6256
f 6255 1220 1219
f 6254 1220 6255
f 6254 1221 1220
f 6253 1221 6254
f 6253 1222 1221
f 6252 1222 6253
f 6252 1223 1222
f 6251 1223 6252
f 6251 1224 1223
f 6250 1224 6251
f 6250 1225 1224
f 6249 1225 6250
f 6249 1226 1225
f 6248 1226 6249
f 6248 1227 1226
f 6248 1207 1227
f 6247 1207 6248
f 6246 1186 6226
f 6246 1187 1186
f 6245 1188 1187
f 6245 1187 6246
f 6244 1189 1188
f 6244 1188 6245
f 6243 1190 1189
f 6243 1189 6244
f 6242 1191 1190
f 6242 1190 6243
f 6241 1192 1191
f 6241 1191 6242
f 6240 1193 1192
f 6240 1192 6241
f 6239 1194 1193
f 6239 1193 6240
f 6238 1195 1194
f 6238 1194 6239
f 6237 1196 1195
f 6237 1195 6238
f 6236 1197 1196
f 6236 1196 6237
f 6235 1198 1197
f 6235 1197 6236
f 6234 1198 6235
f 6234 1199 1198
f 6233 1199 6234
f 6233 1200 1199
f 6232 1200 6233
f 6232 1201 1200
f 6231 1201 6232
f 6231 1202 1201
f 6230 1202 6231
f 6230 1203 1202
f 6229 1203 6230
f 6229 1204 1203
f 6228 1204 6229
f 6228 1205 1204
f 6227 1205 6228
f 6227 1206 1205
f 6227 1186 1206
f 6226 1186 6227
f 6225 1165 6205
f 6225 1166 1165
f 6224 1167 1166
f 6224 1166 6225
f 6223 1168 1167
f 6223 1167 6224
f 6222 1169 1168
f 6222 1168 6223
f 6221 1170 1169
f 6221 1169 6222
f 6220 1171 1170
f 6220 1170 6221
f 6219 1172 1171
f 6219 1171 6220
f 6218 1173 1172
f 6218 1172 6219
f 6217 1174 1173
f 6217 1173 6218
f 6216 1175 1174
f 6216 1174 6217
f 6215 1176 1175
f 6215 1175 6216
f 6214 1177 1176
f 6214 1176 6215
f 6213 1177 6214
f 6213 1178 1177
f 6212 1178 6213
f 6212 1179 1178
f 6211 1179 6212
f 6211 1180 1179
f 6210 1180 6211
f 6210 1181 1180
f 6209 1181 6210
f 6209 1182 1181
f 6208 1182 6209
f 6208 1183 1182
f 6207 1183 6208
f 6207 1184 1183
f 6206 1184 6207
f 6206 1185 1184
f 6206 1165 1185
f 6205 1165 6206
f 6204 1144 6184
f 6204 1145 1144
f 6203 1146 1145
f 6203 1145 6204
f 6202 1147 1146
f 6202 1146 6203
f 6201 1148 1147
f 6201 1147 6202
f 6200 1149 1148
f 6200 1148 6201
f 6199 1150 1149
f 6199 1149 6200
f 6198 1151 1150
f 6198 1150 6199
f 6197 1152 1151
f 6197 1151 6198
f 6196 1153 1152
f 6196 1152 6197
f 6195 1154 1153
f 6195 1153 6196
f 6194 1155 1154
f 6194 1154 6195
f 6193 1156 1155
f 6193 1155 6194
f 6192 1156 6193
f 6192 1157 1156
f 6191 1157 6192
f 6191 1158 1157
f 6190 1158 6191
f 6190 1159 1158
f 6189 1159 6190
f 6189 1160 1159
f 6188 1160 6189
f 6188 1161 1160
f 6187 1161 6188
f 6187 1162 1161
f 6186 1162 6187
f 6186 1163 1162
f 6185 1163 6186
f 6185 1164 1163
f 6185 1144 1164
f 6184 1144 6185
f 6183 1123 6163
f 6183 1124 1123
f 6182 1125 1124
f 6182 1124 6183
f 6181 1126 1125
f 6181 1125 6182
f 6180 1127 1126
f 6180 1126 6181
f 6179 1128 1127
f 6179 1127 6180
f 6178 1129 1128
f 6178 1128 6179
f 6177 1130 1129
f 6177 1129 6178
f 6176 1131 1130
f 6176 1130 6177
f 6175 1132 1131
f 6175 1131 6176
f 6174 1133 1132
f 6174 1132 6175
f 6173 1134 1133
f 6173 1133 6174
f 6172 1135 1134
f 6172 1134 6173
f 6171 1135 6172
f 6171 1136 1135
f 6170 1136 6171
f 6170 1137 1136
f 6169 1137 6170
f 6169 1138 1137
f 6168 1138 6169
f 6168 1139 1138
f 6167 1139 6168
f 6167 1140 1139
f 6166 1140 6167
f 6166 1141 1140
f 6165 1141 6166
f 6165 1142 1141
f 6164 1142 6165
f 6164 1143 1142
f 6164 1123 1143
f 6163 1123 6164
f 6162 1102 6142
f 6162 1103 1102
f 6161 1104 1103
f 6161 1103 6162
f 6160 1105 1104
f 6160 1104 6161
f 6159 1106 1105
f 6159 1105 6160
f 6158 1107 1106
f 6158 1106 6159
f 6157 1108 1107
f 6157 1107 6158
f 6156 1109 1108
f 6156 1108 6157
f 6155 1110 1109
f 6155 1109 6156
f 6154 1111 1110
f 6154 1110 6155
f 6153 1112 1111
f 6153 1111 6154
f 6152 1113 1112
f 6152 1112 6153
f 6151 1114 1113
f 6151 1113 6152
f 6150 1114 6151
f 6150 1115 1114
f 6149 1115 6150
f 6149 1116 1115
f 6148 1116 6149
f 6148 1117 1116
f 6147 1117 6148
f 6147 1118 1117
f 6146 1118 6147
f 6146 1119 1118
f 6145 1119 6146
f 6145 1120 1119
f 6144 1120 6145
f 6144 1121 1120
f 6143 1121 6144
f 6143 1122 1121
f 6143 1102 1122
f 6142 1102 6143
f 6141 1081 6121
f 6141 1082 1081
f 6140 1083 1082
f 6140 1082 6141
f 6139 1084 1083
f 6139 1083 6140
f 6138 1085 1084
f 6138 1084 6139
f 6137 1086 1085
f 6137 1085 6138
f 6136 1087 1086
f 6136 1086 6137
f 6135 1088 1087
f 6135 1087 6136
f 6134 1089 1088
f 6134 1088 6135
f 6133 1090 1089
f 6133 1089 6134
f 6132 1091 1090
f 6132 1090 6133
f 6131 1092 1091
f 6131 1091 6132
f 6130 1093 1092
f 6130 1092 6131
f 6129 1093 6130
f 6129 1094 1093
f 6128 1094 6129
f 6128 1095 1094
f 6127 1095 6128
f 6127 1096 1095
f 6126 1096 6127
f 6126 1097 1096
f 6125 1097 6126
f 6125 1098 1097
f 6124 1098 6125
f 6124 1099 1098
f 6123 1099 6124
f 6123 1100 1099
f 6122 1100 6123
f 6122 1101 1100
f 6122 1081 1101
f 6121 1081 6122
f 6120 1060 6100
f 6120 1061 1060
f 6119 1062 1061
f 6119 1061 6120
f 6118 1063 1062
f 6118 1062 6119
f 6117 1064 1063
f 6117 1063 6118
f 6116 1065 1064
f 6116 1064 6117
f 6115 1066 1065
f 6115 1065 6116
f 6114 1067 1066
f 6114 1066 6115
f 6113 1068 1067
f 6113 1067 6114
f 6112 1069 1068
f 6112 1068 6113
f 6111 1070 1069
f 6111 1069 6112
f 6110 1071 1070
f 6110 1070 6111
f 6109 1072 1071
f 6109 1071 6110
f 6108 1072 6109
f 6108 1073 1072
f 6107 1073 6108
f 6107 1074 1073
f 6106 1074 6107
f 6106 1075 1074
f 6105 1075 6106
f 6105 1076 1075
f 6104 1076 6105
f 6104 1077 1076
f 6103 1077 6104
f 6103 1078 1077
f 6102 1078 6103
f 6102 1079 1078
f 6101 1079 6102
f 6101 1080 1079
f 6101 1060 1080
f 6100 1060 6101
