# Bed mesh (millimetres)
# bbox_min 0.00000 0.00000 -12.19200
# bbox_max 223.00000 201.92999 0.00000
# thickness_mm 12.19200
o Z1_SMW_Metric
v 119.248 5.162 0.000
v 119.356 5.161 0.000
v 119.248 5.162 -1.104
v 119.356 5.161 -1.104
v 119.337 5.192 -0.828
v 119.268 5.193 -0.828
v 119.302 5.205 -0.552
v 119.268 5.193 -0.276
v 119.337 5.192 -0.276
v 121.857 6.987 -1.104
v 121.823 7.038 -1.104
v 118.306 7.973 -1.104
v 114.694 7.973 -1.104
v 111.177 7.038 -1.104
v 111.143 6.987 -1.104
v 111.143 3.173 -1.104
v 111.177 3.122 -1.104
v 114.694 2.187 -1.104
v 118.306 2.187 -1.104
v 121.823 3.122 -1.104
v 121.857 3.173 -1.104
v 115.439 5.158 -1.104
v 115.546 5.158 -1.104
v 116.081 7.341 -1.104
v 116.133 7.383 -1.104
v 116.771 7.385 -1.104
v 116.825 7.335 -1.104
v 117.239 2.863 -1.104
v 117.186 2.803 -1.104
v 116.565 2.786 -1.104
v 116.509 2.836 -1.104
v 116.332 5.104 -1.104
v 116.223 5.114 -1.104
v 115.639 2.858 -1.104
v 115.582 2.817 -1.104
v 115.378 2.832 -1.104
v 115.329 2.874 -1.104
v 114.772 5.110 -1.104
v 114.664 5.102 -1.104
v 114.463 3.000 -1.104
v 114.399 2.951 -1.104
v 113.788 3.062 -1.104
v 113.744 3.123 -1.104
v 114.204 7.149 -1.104
v 114.250 7.197 -1.104
v 114.876 7.289 -1.104
v 114.937 7.247 -1.104
v 118.782 3.016 -1.104
v 118.737 2.973 -1.104
v 118.088 2.879 -1.104
v 118.028 2.924 -1.104
v 117.214 7.301 -1.104
v 117.272 7.366 -1.104
v 117.489 7.351 -1.104
v 117.706 7.334 -1.104
v 117.922 7.312 -1.104
v 117.970 7.266 -1.104
v 118.399 4.738 -1.104
v 118.507 4.736 -1.104
v 119.024 7.093 -1.104
v 119.089 7.135 -1.104
v 119.572 7.030 -1.104
v 119.613 6.987 -1.104
v 120.089 4.798 -1.104
v 120.197 4.799 -1.104
v 120.641 6.667 -1.104
v 120.712 6.705 -1.104
v 121.331 6.481 -1.104
v 121.363 6.412 -1.104
v 120.533 3.434 -1.104
v 120.528 3.421 -1.104
v 120.520 3.410 -1.104
v 120.508 3.400 -1.104
v 120.496 3.395 -1.104
v 119.859 3.213 -1.104
v 119.791 3.253 -1.104
v 112.751 6.170 -1.104
v 112.548 6.060 -1.104
v 112.447 5.806 -1.104
v 112.580 5.609 -1.104
v 112.938 5.476 -1.104
v 113.260 5.309 -1.104
v 113.476 5.058 -1.104
v 113.581 4.773 -1.104
v 113.616 4.413 -1.104
v 113.546 3.824 -1.104
v 113.460 3.602 -1.104
v 113.341 3.432 -1.104
v 113.005 3.248 -1.104
v 112.788 3.237 -1.104
v 112.551 3.287 -1.104
v 112.134 3.496 -1.104
v 111.890 3.684 -1.104
v 111.649 3.914 -1.104
v 111.642 3.980 -1.104
v 111.879 4.405 -1.104
v 111.969 4.416 -1.104
v 112.263 4.151 -1.104
v 112.533 4.030 -1.104
v 112.766 4.071 -1.104
v 112.877 4.333 -1.104
v 112.754 4.601 -1.104
v 112.446 4.777 -1.104
v 112.118 4.921 -1.104
v 111.938 5.046 -1.104
v 111.777 5.286 -1.104
v 111.725 5.612 -1.104
v 111.780 5.986 -1.104
v 111.945 6.335 -1.104
v 112.210 6.651 -1.104
v 112.413 6.800 -1.104
v 112.639 6.901 -1.104
v 112.853 6.949 -1.104
v 113.061 6.956 -1.104
v 113.264 6.922 -1.104
v 113.462 6.846 -1.104
v 113.490 6.779 -1.104
v 113.247 6.074 -1.104
v 113.160 6.049 -1.104
v 112.958 6.159 -1.104
v 119.791 3.253 0.000
v 118.028 2.924 0.000
v 118.088 2.879 0.000
v 118.049 2.890 -0.552
v 117.214 7.301 0.000
v 118.737 2.973 0.000
v 118.782 3.016 0.000
v 119.859 3.213 0.000
v 119.817 3.219 -0.552
v 120.496 3.395 0.000
v 120.508 3.400 0.000
v 120.520 3.410 0.000
v 120.528 3.421 0.000
v 120.533 3.434 0.000
v 120.197 4.799 0.000
v 120.089 4.798 0.000
v 120.108 4.767 -0.828
v 120.177 4.768 -0.828
v 120.143 4.755 -0.552
v 120.177 4.768 -0.276
v 120.108 4.767 -0.276
v 120.641 6.667 0.000
v 118.507 4.736 0.000
v 118.399 4.738 0.000
v 118.417 4.706 -0.828
v 118.488 4.705 -0.828
v 118.452 4.693 -0.552
v 118.488 4.705 -0.276
v 118.417 4.706 -0.276
v 119.024 7.093 0.000
v 117.186 2.803 0.000
v 117.239 2.863 0.000
v 117.225 2.822 -0.552
v 116.565 2.786 0.000
v 115.546 5.158 0.000
v 115.439 5.158 0.000
v 115.458 5.128 -0.828
v 115.526 5.127 -0.828
v 115.492 5.116 -0.552
v 115.526 5.127 -0.276
v 115.458 5.128 -0.276
v 116.081 7.341 0.000
v 116.223 5.114 0.000
v 116.332 5.104 0.000
v 116.316 5.139 -0.828
v 116.245 5.145 -0.828
v 116.282 5.155 -0.552
v 116.245 5.145 -0.276
v 116.316 5.139 -0.276
v 115.639 2.858 0.000
v 114.664 5.102 0.000
v 114.772 5.110 0.000
v 114.751 5.141 -0.828
v 114.680 5.136 -0.828
v 114.715 5.151 -0.552
v 114.680 5.136 -0.276
v 114.751 5.141 -0.276
v 115.329 2.874 0.000
v 116.509 2.836 0.000
v 116.527 2.800 -0.552
v 115.582 2.817 0.000
v 115.618 2.827 -0.552
v 115.378 2.832 0.000
v 115.347 2.845 -0.552
v 114.399 2.951 0.000
v 114.463 3.000 0.000
v 114.441 2.961 -0.552
v 113.788 3.062 0.000
v 113.744 3.123 0.000
v 113.754 3.084 -0.552
v 114.204 7.149 0.000
v 111.642 3.980 0.000
v 111.649 3.914 0.000
v 111.634 3.946 -0.552
v 111.879 4.405 0.000
v 111.969 4.416 0.000
v 111.921 4.434 -0.552
v 112.533 4.030 0.000
v 112.263 4.151 0.000
v 113.160 6.049 0.000
v 113.247 6.074 0.000
v 113.210 6.039 -0.552
v 112.751 6.170 0.000
v 112.958 6.159 0.000
v 113.490 6.779 0.000
v 113.462 6.846 0.000
v 113.489 6.818 -0.552
v 114.250 7.197 0.000
v 114.219 7.181 -0.552
v 114.876 7.289 0.000
v 114.937 7.247 0.000
v 114.914 7.280 -0.552
v 116.133 7.383 0.000
v 116.100 7.371 -0.552
v 116.771 7.385 0.000
v 116.825 7.335 0.000
v 116.807 7.371 -0.552
v 117.272 7.366 0.000
v 117.227 7.347 -0.552
v 117.922 7.312 0.000
v 117.706 7.334 0.000
v 117.489 7.351 0.000
v 117.970 7.266 0.000
v 117.954 7.297 -0.552
v 119.089 7.135 0.000
v 119.048 7.127 -0.552
v 119.572 7.030 0.000
v 119.613 6.987 0.000
v 120.712 6.705 0.000
v 120.668 6.701 -0.552
v 121.331 6.481 0.000
v 121.363 6.412 0.000
v 121.361 6.453 -0.552
v 121.823 7.038 0.000
v 121.857 6.987 0.000
v 121.857 3.173 0.000
v 121.823 3.122 0.000
v 111.143 6.987 0.000
v 111.177 7.038 0.000
v 111.143 3.173 0.000
v 111.177 3.122 0.000
v 112.639 6.901 0.000
v 112.853 6.949 0.000
v 113.061 6.956 0.000
v 113.264 6.922 0.000
v 112.435 6.812 0.000
v 112.247 6.683 0.000
v 112.087 6.526 0.000
v 111.945 6.335 0.000
v 111.780 5.986 0.000
v 111.725 5.612 0.000
v 111.777 5.286 0.000
v 111.938 5.046 0.000
v 112.118 4.921 0.000
v 112.446 4.777 0.000
v 112.754 4.601 0.000
v 112.877 4.333 0.000
v 112.766 4.071 0.000
v 112.551 3.287 0.000
v 112.134 3.496 0.000
v 111.890 3.684 0.000
v 112.788 3.237 0.000
v 113.005 3.248 0.000
v 113.269 3.366 0.000
v 113.460 3.602 0.000
v 113.577 3.954 0.000
v 113.616 4.413 0.000
v 113.581 4.773 0.000
v 113.476 5.058 0.000
v 113.260 5.309 0.000
v 112.938 5.476 0.000
v 112.580 5.609 0.000
v 112.447 5.806 0.000
v 112.548 6.060 0.000
v 114.694 2.187 0.000
v 118.306 2.187 0.000
v 118.306 7.973 0.000
v 114.694 7.973 0.000
v 203.190 94.600 0.000
v 203.190 94.600 -0.254
v 203.190 93.330 -0.254
v 202.994 93.361 -0.254
v 202.817 93.451 -0.254
v 202.676 93.592 -0.254
v 202.586 93.769 -0.254
v 202.555 93.965 -0.254
v 202.586 94.161 -0.254
v 202.676 94.338 -0.254
v 202.817 94.479 -0.254
v 202.994 94.569 -0.254
v 203.190 93.330 0.000
v 202.994 93.361 0.000
v 202.817 93.451 0.000
v 202.676 93.592 0.000
v 202.586 93.769 0.000
v 202.555 93.965 0.000
v 202.586 94.161 0.000
v 202.676 94.338 0.000
v 202.817 94.479 0.000
v 202.994 94.569 0.000
v 205.097 93.330 -0.254
v 205.097 93.330 0.000
v 205.097 94.600 0.000
v 205.097 94.600 -0.254
v 204.993 93.965 -0.254
v 205.005 93.750 -0.254
v 205.039 93.538 -0.254
v 205.039 94.392 -0.254
v 205.005 94.180 -0.254
v 103.865 1.655 0.000
v 103.865 1.655 -0.254
v 105.135 1.655 -0.254
v 105.104 1.459 -0.254
v 105.014 1.282 -0.254
v 104.873 1.141 -0.254
v 104.696 1.051 -0.254
v 104.500 1.020 -0.254
v 104.304 1.051 -0.254
v 104.127 1.141 -0.254
v 103.986 1.282 -0.254
v 103.896 1.459 -0.254
v 105.135 1.655 0.000
v 105.104 1.459 0.000
v 105.014 1.282 0.000
v 104.873 1.141 0.000
v 104.696 1.051 0.000
v 104.500 1.020 0.000
v 104.304 1.051 0.000
v 104.127 1.141 0.000
v 103.986 1.282 0.000
v 103.896 1.459 0.000
v 105.135 3.562 -0.254
v 105.135 3.562 0.000
v 103.865 3.562 0.000
v 103.865 3.562 -0.254
v 104.285 3.470 -0.254
v 104.715 3.470 -0.254
v 105.135 9.275 0.000
v 105.135 9.275 -0.254
v 103.865 9.275 -0.254
v 103.896 9.471 -0.254
v 103.986 9.648 -0.254
v 104.127 9.789 -0.254
v 104.304 9.879 -0.254
v 104.500 9.910 -0.254
v 104.696 9.879 -0.254
v 104.873 9.789 -0.254
v 105.014 9.648 -0.254
v 105.104 9.471 -0.254
v 103.865 9.275 0.000
v 103.896 9.471 0.000
v 103.986 9.648 0.000
v 104.127 9.789 0.000
v 104.304 9.879 0.000
v 104.500 9.910 0.000
v 104.696 9.879 0.000
v 104.873 9.789 0.000
v 105.014 9.648 0.000
v 105.104 9.471 0.000
v 103.865 7.368 -0.254
v 103.865 7.368 0.000
v 105.135 7.368 0.000
v 105.135 7.368 -0.254
v 104.715 7.460 -0.254
v 104.285 7.460 -0.254
v 19.810 93.330 0.000
v 19.810 93.330 -0.254
v 19.810 94.600 -0.254
v 20.006 94.569 -0.254
v 20.183 94.479 -0.254
v 20.324 94.338 -0.254
v 20.414 94.161 -0.254
v 20.445 93.965 -0.254
v 20.414 93.769 -0.254
v 20.324 93.592 -0.254
v 20.183 93.451 -0.254
v 20.006 93.361 -0.254
v 19.810 94.600 0.000
v 20.006 94.569 0.000
v 20.183 94.479 0.000
v 20.324 94.338 0.000
v 20.414 94.161 0.000
v 20.445 93.965 0.000
v 20.414 93.769 0.000
v 20.324 93.592 0.000
v 20.183 93.451 0.000
v 20.006 93.361 0.000
v 17.903 94.600 -0.254
v 17.903 94.600 0.000
v 17.903 93.330 0.000
v 17.903 93.330 -0.254
v 17.995 93.750 -0.254
v 17.995 94.180 -0.254
v 207.635 97.775 0.000
v 207.635 97.775 -0.254
v 206.365 97.775 -0.254
v 206.396 97.971 -0.254
v 206.486 98.148 -0.254
v 206.627 98.289 -0.254
v 206.804 98.379 -0.254
v 207.000 98.410 -0.254
v 207.196 98.379 -0.254
v 207.373 98.289 -0.254
v 207.514 98.148 -0.254
v 207.604 97.971 -0.254
v 206.365 97.775 0.000
v 206.396 97.971 0.000
v 206.486 98.148 0.000
v 206.627 98.289 0.000
v 206.804 98.379 0.000
v 207.000 98.410 0.000
v 207.196 98.379 0.000
v 207.373 98.289 0.000
v 207.514 98.148 0.000
v 207.604 97.971 0.000
v 206.365 95.868 -0.254
v 206.365 95.868 0.000
v 207.635 95.868 0.000
v 207.635 95.868 -0.254
v 207.215 95.960 -0.254
v 206.785 95.960 -0.254
v 206.365 90.155 0.000
v 206.365 90.155 -0.254
v 207.635 90.155 -0.254
v 207.604 89.959 -0.254
v 207.514 89.782 -0.254
v 207.373 89.641 -0.254
v 207.196 89.551 -0.254
v 207.000 89.520 -0.254
v 206.804 89.551 -0.254
v 206.627 89.641 -0.254
v 206.486 89.782 -0.254
v 206.396 89.959 -0.254
v 207.635 90.155 0.000
v 207.604 89.959 0.000
v 207.514 89.782 0.000
v 207.373 89.641 0.000
v 207.196 89.551 0.000
v 207.000 89.520 0.000
v 206.804 89.551 0.000
v 206.627 89.641 0.000
v 206.486 89.782 0.000
v 206.396 89.959 0.000
v 207.635 92.062 -0.254
v 207.635 92.062 0.000
v 206.365 92.062 0.000
v 206.365 92.062 -0.254
v 206.785 91.970 -0.254
v 207.215 91.970 -0.254
v 16.635 95.868 -0.254
v 16.215 95.960 -0.254
v 15.785 95.960 -0.254
v 15.365 95.868 -0.254
v 16.635 97.775 -0.254
v 15.365 97.775 -0.254
v 15.396 97.971 -0.254
v 15.486 98.148 -0.254
v 15.627 98.289 -0.254
v 15.804 98.379 -0.254
v 16.000 98.410 -0.254
v 16.196 98.379 -0.254
v 16.373 98.289 -0.254
v 16.514 98.148 -0.254
v 16.604 97.971 -0.254
v 15.365 95.868 0.000
v 15.365 97.775 0.000
v 16.635 97.775 0.000
v 15.396 97.971 0.000
v 15.486 98.148 0.000
v 15.627 98.289 0.000
v 15.804 98.379 0.000
v 16.000 98.410 0.000
v 16.196 98.379 0.000
v 16.373 98.289 0.000
v 16.514 98.148 0.000
v 16.604 97.971 0.000
v 16.635 95.868 0.000
v 16.635 80.289 0.000
v 16.635 78.479 0.000
v 16.635 78.479 -0.254
v 16.635 80.289 -0.254
v 16.635 73.451 0.000
v 16.635 58.479 0.000
v 16.635 58.479 -0.254
v 16.635 73.451 -0.254
v 16.635 53.451 0.000
v 16.635 38.479 0.000
v 16.635 38.479 -0.254
v 16.635 53.451 -0.254
v 16.635 33.451 0.000
v 16.635 18.479 0.000
v 16.635 18.479 -0.254
v 16.635 33.451 -0.254
v 16.635 13.451 0.000
v 16.635 6.100 0.000
v 16.635 6.100 -0.254
v 16.635 13.451 -0.254
v 15.365 85.641 0.000
v 15.365 92.062 0.000
v 15.365 92.062 -0.254
v 15.365 85.641 -0.254
v 15.365 78.212 -0.254
v 15.365 80.289 -0.254
v 15.365 78.212 0.000
v 15.365 80.289 0.000
v 15.365 58.212 -0.254
v 15.365 73.718 -0.254
v 15.365 58.212 0.000
v 15.365 73.718 0.000
v 15.365 38.212 -0.254
v 15.365 53.718 -0.254
v 15.365 38.212 0.000
v 15.365 53.718 0.000
v 15.365 18.212 -0.254
v 15.365 33.718 -0.254
v 15.365 18.212 0.000
v 15.365 33.718 0.000
v 15.365 5.465 -0.254
v 15.365 13.718 -0.254
v 15.365 5.465 0.000
v 15.365 13.718 0.000
v 29.014 6.100 0.000
v 35.824 6.100 0.000
v 35.824 6.100 -0.254
v 29.014 6.100 -0.254
v 41.176 6.100 -0.254
v 43.986 6.100 -0.254
v 41.176 6.100 0.000
v 43.986 6.100 0.000
v 49.014 6.100 -0.254
v 63.986 6.100 -0.254
v 49.014 6.100 0.000
v 63.986 6.100 0.000
v 69.014 6.100 -0.254
v 83.986 6.100 -0.254
v 69.014 6.100 0.000
v 83.986 6.100 0.000
v 89.014 6.100 0.000
v 90.824 6.100 0.000
v 90.824 6.100 -0.254
v 89.014 6.100 -0.254
v 96.176 6.100 -0.254
v 102.597 6.100 -0.254
v 96.176 6.100 0.000
v 102.597 6.100 0.000
v 106.403 6.100 0.000
v 108.310 6.100 0.000
v 108.310 6.100 -0.254
v 106.403 6.100 -0.254
v 23.986 6.100 -0.254
v 23.986 6.100 0.000
v 16.635 85.641 -0.254
v 16.213 85.707 -0.254
v 15.787 85.707 -0.254
v 16.635 92.062 -0.254
v 15.785 91.970 -0.254
v 16.215 91.970 -0.254
v 28.747 4.830 -0.254
v 28.910 5.236 -0.254
v 28.999 5.663 -0.254
v 35.824 4.830 -0.254
v 35.750 5.465 -0.254
v 35.758 5.252 -0.254
v 35.783 5.040 -0.254
v 35.783 5.890 -0.254
v 35.758 5.678 -0.254
v 41.176 4.830 -0.254
v 41.242 5.252 -0.254
v 41.242 5.678 -0.254
v 44.253 4.830 -0.254
v 43.982 5.965 -0.254
v 44.013 5.574 -0.254
v 44.104 5.193 -0.254
v 43.984 6.055 -0.254
v 43.983 6.010 -0.254
v 48.747 4.830 -0.254
v 48.910 5.236 -0.254
v 48.999 5.663 -0.254
v 64.253 4.830 -0.254
v 63.982 5.965 -0.254
v 64.013 5.574 -0.254
v 64.104 5.193 -0.254
v 63.984 6.055 -0.254
v 63.983 6.010 -0.254
v 68.747 4.830 -0.254
v 68.910 5.236 -0.254
v 68.999 5.663 -0.254
v 84.253 4.830 -0.254
v 83.983 5.965 -0.254
v 84.013 5.574 -0.254
v 84.104 5.193 -0.254
v 83.984 6.055 -0.254
v 83.983 6.010 -0.254
v 88.747 4.830 -0.254
v 88.910 5.236 -0.254
v 88.999 5.663 -0.254
v 90.824 4.830 -0.254
v 90.750 5.465 -0.254
v 90.758 5.252 -0.254
v 90.783 5.040 -0.254
v 90.783 5.890 -0.254
v 90.758 5.678 -0.254
v 106.403 4.830 -0.254
v 106.495 5.250 -0.254
v 106.495 5.680 -0.254
v 108.310 4.830 -0.254
v 108.506 6.069 -0.254
v 108.683 5.979 -0.254
v 108.824 5.838 -0.254
v 108.914 5.661 -0.254
v 108.945 5.465 -0.254
v 108.914 5.269 -0.254
v 108.824 5.092 -0.254
v 108.683 4.951 -0.254
v 108.506 4.861 -0.254
v 96.176 4.830 -0.254
v 96.242 5.252 -0.254
v 96.242 5.678 -0.254
v 102.597 4.830 -0.254
v 102.493 5.465 -0.254
v 102.505 5.250 -0.254
v 102.539 5.038 -0.254
v 102.539 5.892 -0.254
v 102.505 5.680 -0.254
v 15.787 80.223 -0.254
v 16.213 80.223 -0.254
v 16.198 78.464 -0.254
v 15.771 78.375 -0.254
v 15.771 73.555 -0.254
v 16.198 73.466 -0.254
v 16.198 58.464 -0.254
v 15.771 58.375 -0.254
v 15.771 53.555 -0.254
v 16.198 53.466 -0.254
v 16.198 38.464 -0.254
v 15.771 38.375 -0.254
v 15.771 33.555 -0.254
v 16.198 33.466 -0.254
v 16.198 18.464 -0.254
v 15.771 18.375 -0.254
v 23.984 6.055 -0.254
v 23.983 6.010 -0.254
v 23.982 5.965 -0.254
v 15.771 13.555 -0.254
v 16.198 13.466 -0.254
v 16.000 4.830 -0.254
v 15.804 4.861 -0.254
v 15.627 4.951 -0.254
v 15.486 5.092 -0.254
v 15.396 5.269 -0.254
v 24.253 4.830 -0.254
v 24.013 5.574 -0.254
v 24.104 5.193 -0.254
v 24.253 4.830 0.000
v 16.000 4.830 0.000
v 35.824 4.830 0.000
v 28.747 4.830 0.000
v 44.253 4.830 0.000
v 41.176 4.830 0.000
v 64.253 4.830 0.000
v 48.747 4.830 0.000
v 84.253 4.830 0.000
v 68.747 4.830 0.000
v 90.824 4.830 0.000
v 88.747 4.830 0.000
v 102.597 4.830 0.000
v 96.176 4.830 0.000
v 108.310 4.830 0.000
v 108.506 6.069 0.000
v 108.683 5.979 0.000
v 108.824 5.838 0.000
v 108.914 5.661 0.000
v 108.945 5.465 0.000
v 108.914 5.269 0.000
v 108.824 5.092 0.000
v 108.683 4.951 0.000
v 108.506 4.861 0.000
v 16.635 92.062 0.000
v 16.635 85.641 0.000
v 15.804 4.861 0.000
v 15.627 4.951 0.000
v 15.486 5.092 0.000
v 15.396 5.269 0.000
v 106.403 4.830 0.000
v 12.190 94.600 0.000
v 12.190 94.600 -0.254
v 12.190 93.330 -0.254
v 11.994 93.361 -0.254
v 11.817 93.451 -0.254
v 11.676 93.592 -0.254
v 11.586 93.769 -0.254
v 11.555 93.965 -0.254
v 11.586 94.161 -0.254
v 11.676 94.338 -0.254
v 11.817 94.479 -0.254
v 11.994 94.569 -0.254
v 12.190 93.330 0.000
v 11.994 93.361 0.000
v 11.817 93.451 0.000
v 11.676 93.592 0.000
v 11.586 93.769 0.000
v 11.555 93.965 0.000
v 11.586 94.161 0.000
v 11.676 94.338 0.000
v 11.817 94.479 0.000
v 11.994 94.569 0.000
v 14.097 93.330 -0.254
v 14.097 93.330 0.000
v 14.097 94.600 0.000
v 14.097 94.600 -0.254
v 13.993 93.965 -0.254
v 14.005 93.750 -0.254
v 14.039 93.538 -0.254
v 14.039 94.392 -0.254
v 14.005 94.180 -0.254
v 210.810 93.330 0.000
v 210.810 93.330 -0.254
v 210.810 94.600 -0.254
v 211.006 94.569 -0.254
v 211.183 94.479 -0.254
v 211.324 94.338 -0.254
v 211.414 94.161 -0.254
v 211.445 93.965 -0.254
v 211.414 93.769 -0.254
v 211.324 93.592 -0.254
v 211.183 93.451 -0.254
v 211.006 93.361 -0.254
v 210.810 94.600 0.000
v 211.006 94.569 0.000
v 211.183 94.479 0.000
v 211.324 94.338 0.000
v 211.414 94.161 0.000
v 211.445 93.965 0.000
v 211.414 93.769 0.000
v 211.324 93.592 0.000
v 211.183 93.451 0.000
v 211.006 93.361 0.000
v 208.903 94.600 -0.254
v 208.903 94.600 0.000
v 208.903 93.330 0.000
v 208.903 93.330 -0.254
v 208.995 93.750 -0.254
v 208.995 94.180 -0.254
v 13.250 82.965 0.000
v 13.250 82.965 -12.192
v 13.372 82.154 -12.192
v 13.728 81.416 -12.192
v 14.285 80.815 -12.192
v 14.995 80.405 -12.192
v 15.794 80.223 -12.192
v 16.612 80.284 -12.192
v 17.375 80.583 -12.192
v 18.016 81.095 -12.192
v 18.478 81.772 -12.192
v 18.719 82.555 -12.192
v 18.719 83.375 -12.192
v 18.478 84.158 -12.192
v 18.016 84.835 -12.192
v 17.375 85.347 -12.192
v 16.612 85.646 -12.192
v 15.794 85.707 -12.192
v 14.995 85.525 -12.192
v 14.285 85.115 -12.192
v 13.728 84.514 -12.192
v 13.372 83.776 -12.192
v 13.348 83.692 0.000
v 13.634 84.367 0.000
v 14.089 84.943 0.000
v 14.680 85.378 0.000
v 17.391 85.337 0.000
v 18.025 84.826 0.000
v 18.481 84.151 0.000
v 18.720 83.372 0.000
v 18.720 82.558 0.000
v 18.481 81.779 0.000
v 18.025 81.104 0.000
v 17.391 80.593 0.000
v 14.680 80.552 0.000
v 14.089 80.987 0.000
v 13.634 81.563 0.000
v 13.348 82.238 0.000
v 102.793 6.520 0.000
v 103.081 6.884 0.000
v 103.445 7.172 0.000
v 105.555 7.172 0.000
v 105.919 6.884 0.000
v 106.207 6.520 0.000
v 106.207 4.410 0.000
v 105.919 4.046 0.000
v 105.555 3.758 0.000
v 103.445 3.758 0.000
v 103.081 4.046 0.000
v 102.793 4.410 0.000
v 102.493 5.465 -7.192
v 102.583 6.056 -7.192
v 102.842 6.595 -7.192
v 103.249 7.034 -7.192
v 103.767 7.333 -7.192
v 104.350 7.466 -7.192
v 104.947 7.421 -7.192
v 105.503 7.203 -7.192
v 105.971 6.830 -7.192
v 106.308 6.336 -7.192
v 106.484 5.764 -7.192
v 106.484 5.166 -7.192
v 106.308 4.594 -7.192
v 105.971 4.100 -7.192
v 105.503 3.727 -7.192
v 104.947 3.509 -7.192
v 104.350 3.464 -7.192
v 103.767 3.597 -7.192
v 103.249 3.896 -7.192
v 102.842 4.335 -7.192
v 102.583 4.874 -7.192
v 24.118 6.780 0.000
v 24.430 7.398 0.000
v 24.898 7.907 0.000
v 25.488 8.270 0.000
v 26.154 8.459 0.000
v 26.846 8.459 0.000
v 27.512 8.270 0.000
v 28.102 7.907 0.000
v 28.570 7.398 0.000
v 28.882 6.780 0.000
v 28.353 4.261 0.000
v 27.819 3.821 0.000
v 27.185 3.543 0.000
v 26.500 3.447 0.000
v 25.815 3.543 0.000
v 25.181 3.821 0.000
v 24.647 4.261 0.000
v 23.982 5.965 -12.192
v 24.094 6.707 -12.192
v 24.420 7.383 -12.192
v 24.930 7.933 -12.192
v 25.580 8.308 -12.192
v 26.312 8.475 -12.192
v 27.060 8.419 -12.192
v 27.759 8.145 -12.192
v 28.345 7.677 -12.192
v 28.768 7.057 -12.192
v 28.989 6.340 -12.192
v 28.989 5.590 -12.192
v 28.768 4.873 -12.192
v 28.345 4.253 -12.192
v 27.759 3.785 -12.192
v 27.060 3.511 -12.192
v 26.312 3.455 -12.192
v 25.580 3.622 -12.192
v 24.930 3.997 -12.192
v 24.420 4.547 -12.192
v 24.094 5.223 -12.192
v 14.293 95.020 0.000
v 14.581 95.384 0.000
v 14.945 95.672 0.000
v 17.055 95.672 0.000
v 17.419 95.384 0.000
v 17.707 95.020 0.000
v 17.707 92.910 0.000
v 17.419 92.546 0.000
v 17.055 92.258 0.000
v 14.945 92.258 0.000
v 14.581 92.546 0.000
v 14.293 92.910 0.000
v 13.993 93.965 -7.192
v 14.083 94.556 -7.192
v 14.342 95.095 -7.192
v 14.749 95.534 -7.192
v 15.267 95.833 -7.192
v 15.850 95.966 -7.192
v 16.447 95.921 -7.192
v 17.003 95.703 -7.192
v 17.471 95.330 -7.192
v 17.808 94.836 -7.192
v 17.984 94.264 -7.192
v 17.984 93.666 -7.192
v 17.808 93.094 -7.192
v 17.471 92.600 -7.192
v 17.003 92.227 -7.192
v 16.447 92.009 -7.192
v 15.850 91.964 -7.192
v 15.267 92.097 -7.192
v 14.749 92.396 -7.192
v 14.342 92.835 -7.192
v 14.083 93.374 -7.192
v 205.293 95.020 0.000
v 205.581 95.384 0.000
v 205.945 95.672 0.000
v 208.055 95.672 0.000
v 208.419 95.384 0.000
v 208.707 95.020 0.000
v 208.707 92.910 0.000
v 208.419 92.546 0.000
v 208.055 92.258 0.000
v 205.945 92.258 0.000
v 205.581 92.546 0.000
v 205.293 92.910 0.000
v 204.993 93.965 -7.192
v 205.083 94.556 -7.192
v 205.342 95.095 -7.192
v 205.749 95.534 -7.192
v 206.267 95.833 -7.192
v 206.850 95.966 -7.192
v 207.447 95.921 -7.192
v 208.003 95.703 -7.192
v 208.471 95.330 -7.192
v 208.808 94.836 -7.192
v 208.984 94.264 -7.192
v 208.984 93.666 -7.192
v 208.808 93.094 -7.192
v 208.471 92.600 -7.192
v 208.003 92.227 -7.192
v 207.447 92.009 -7.192
v 206.850 91.964 -7.192
v 206.267 92.097 -7.192
v 205.749 92.396 -7.192
v 205.342 92.835 -7.192
v 205.083 93.374 -7.192
v 220.885 0.000 -12.192
v 2.115 0.000 -12.192
v 221.016 0.017 -12.192
v 221.139 0.068 -12.192
v 221.244 0.149 -12.192
v 222.851 1.756 -12.192
v 222.932 1.861 -12.192
v 222.983 1.984 -12.192
v 223.000 2.115 -12.192
v 223.000 199.815 -12.192
v 222.983 199.946 -12.192
v 222.932 200.069 -12.192
v 222.851 200.174 -12.192
v 221.244 201.781 -12.192
v 221.139 201.862 -12.192
v 221.016 201.913 -12.192
v 220.885 201.930 -12.192
v 2.115 201.930 -12.192
v 1.984 201.913 -12.192
v 1.861 201.862 -12.192
v 1.756 201.781 -12.192
v 0.149 200.174 -12.192
v 0.068 200.069 -12.192
v 0.017 199.946 -12.192
v 0.000 199.815 -12.192
v 0.000 2.115 -12.192
v 0.017 1.984 -12.192
v 0.068 1.861 -12.192
v 0.149 1.756 -12.192
v 1.756 0.149 -12.192
v 1.861 0.068 -12.192
v 1.984 0.017 -12.192
v 201.750 8.465 -12.192
v 201.872 7.654 -12.192
v 202.228 6.916 -12.192
v 202.785 6.315 -12.192
v 203.495 5.905 -12.192
v 204.294 5.723 -12.192
v 205.112 5.784 -12.192
v 205.875 6.083 -12.192
v 206.516 6.595 -12.192
v 206.978 7.272 -12.192
v 207.219 8.055 -12.192
v 207.219 8.875 -12.192
v 206.978 9.658 -12.192
v 206.516 10.335 -12.192
v 205.875 10.847 -12.192
v 205.112 11.146 -12.192
v 204.294 11.207 -12.192
v 203.495 11.025 -12.192
v 202.785 10.615 -12.192
v 202.228 10.014 -12.192
v 201.872 9.276 -12.192
v 39.751 40.465 -12.192
v 39.873 39.654 -12.192
v 40.229 38.916 -12.192
v 40.787 38.315 -12.192
v 41.497 37.905 -12.192
v 42.296 37.723 -12.192
v 43.113 37.784 -12.192
v 43.876 38.083 -12.192
v 44.517 38.595 -12.192
v 44.979 39.272 -12.192
v 45.221 40.055 -12.192
v 45.221 40.875 -12.192
v 44.979 41.658 -12.192
v 44.517 42.335 -12.192
v 43.876 42.847 -12.192
v 43.113 43.146 -12.192
v 42.296 43.207 -12.192
v 41.497 43.025 -12.192
v 40.787 42.615 -12.192
v 40.229 42.014 -12.192
v 39.873 41.276 -12.192
v 213.982 195.965 -12.192
v 214.094 196.707 -12.192
v 214.420 197.383 -12.192
v 214.930 197.933 -12.192
v 215.580 198.308 -12.192
v 216.312 198.475 -12.192
v 217.060 198.419 -12.192
v 217.759 198.145 -12.192
v 218.345 197.677 -12.192
v 218.768 197.057 -12.192
v 218.989 196.340 -12.192
v 218.989 195.590 -12.192
v 218.768 194.873 -12.192
v 218.345 194.253 -12.192
v 217.759 193.785 -12.192
v 217.060 193.511 -12.192
v 216.312 193.455 -12.192
v 215.580 193.622 -12.192
v 214.930 193.997 -12.192
v 214.420 194.547 -12.192
v 214.094 195.223 -12.192
v 153.982 195.965 -12.192
v 154.094 196.707 -12.192
v 154.420 197.383 -12.192
v 154.930 197.933 -12.192
v 155.580 198.308 -12.192
v 156.312 198.475 -12.192
v 157.060 198.419 -12.192
v 157.759 198.145 -12.192
v 158.345 197.677 -12.192
v 158.768 197.057 -12.192
v 158.989 196.340 -12.192
v 158.989 195.590 -12.192
v 158.768 194.873 -12.192
v 158.345 194.253 -12.192
v 157.759 193.785 -12.192
v 157.060 193.511 -12.192
v 156.312 193.455 -12.192
v 155.580 193.622 -12.192
v 154.930 193.997 -12.192
v 154.420 194.547 -12.192
v 154.094 195.223 -12.192
v 133.983 195.965 -12.192
v 134.094 196.707 -12.192
v 134.420 197.383 -12.192
v 134.930 197.933 -12.192
v 135.580 198.308 -12.192
v 136.312 198.475 -12.192
v 137.060 198.419 -12.192
v 137.759 198.145 -12.192
v 138.345 197.677 -12.192
v 138.768 197.057 -12.192
v 138.989 196.340 -12.192
v 138.989 195.590 -12.192
v 138.768 194.873 -12.192
v 138.345 194.253 -12.192
v 137.759 193.785 -12.192
v 137.060 193.511 -12.192
v 136.312 193.455 -12.192
v 135.580 193.622 -12.192
v 134.930 193.997 -12.192
v 134.420 194.547 -12.192
v 134.094 195.223 -12.192
v 113.983 195.965 -12.192
v 114.094 196.707 -12.192
v 114.420 197.383 -12.192
v 114.930 197.933 -12.192
v 115.580 198.308 -12.192
v 116.312 198.475 -12.192
v 117.060 198.419 -12.192
v 117.759 198.145 -12.192
v 118.345 197.677 -12.192
v 118.768 197.057 -12.192
v 118.989 196.340 -12.192
v 118.989 195.590 -12.192
v 118.768 194.873 -12.192
v 118.345 194.253 -12.192
v 117.759 193.785 -12.192
v 117.060 193.511 -12.192
v 116.312 193.455 -12.192
v 115.580 193.622 -12.192
v 114.930 193.997 -12.192
v 114.420 194.547 -12.192
v 114.094 195.223 -12.192
v 93.983 195.965 -12.192
v 94.094 196.707 -12.192
v 94.420 197.383 -12.192
v 94.930 197.933 -12.192
v 95.580 198.308 -12.192
v 96.312 198.475 -12.192
v 97.060 198.419 -12.192
v 97.759 198.145 -12.192
v 98.345 197.677 -12.192
v 98.768 197.057 -12.192
v 98.989 196.340 -12.192
v 98.989 195.590 -12.192
v 98.768 194.873 -12.192
v 98.345 194.253 -12.192
v 97.759 193.785 -12.192
v 97.060 193.511 -12.192
v 96.312 193.455 -12.192
v 95.580 193.622 -12.192
v 94.930 193.997 -12.192
v 94.420 194.547 -12.192
v 94.094 195.223 -12.192
v 73.982 195.965 -12.192
v 74.094 196.707 -12.192
v 74.420 197.383 -12.192
v 74.930 197.933 -12.192
v 75.580 198.308 -12.192
v 76.312 198.475 -12.192
v 77.060 198.419 -12.192
v 77.759 198.145 -12.192
v 78.345 197.677 -12.192
v 78.768 197.057 -12.192
v 78.989 196.340 -12.192
v 78.989 195.590 -12.192
v 78.768 194.873 -12.192
v 78.345 194.253 -12.192
v 77.759 193.785 -12.192
v 77.060 193.511 -12.192
v 76.312 193.455 -12.192
v 75.580 193.622 -12.192
v 74.930 193.997 -12.192
v 74.420 194.547 -12.192
v 74.094 195.223 -12.192
v 53.982 195.965 -12.192
v 54.094 196.707 -12.192
v 54.420 197.383 -12.192
v 54.930 197.933 -12.192
v 55.580 198.308 -12.192
v 56.312 198.475 -12.192
v 57.060 198.419 -12.192
v 57.759 198.145 -12.192
v 58.345 197.677 -12.192
v 58.768 197.057 -12.192
v 58.989 196.340 -12.192
v 58.989 195.590 -12.192
v 58.768 194.873 -12.192
v 58.345 194.253 -12.192
v 57.759 193.785 -12.192
v 57.060 193.511 -12.192
v 56.312 193.455 -12.192
v 55.580 193.622 -12.192
v 54.930 193.997 -12.192
v 54.420 194.547 -12.192
v 54.094 195.223 -12.192
v 33.982 195.965 -12.192
v 34.094 196.707 -12.192
v 34.420 197.383 -12.192
v 34.930 197.933 -12.192
v 35.580 198.308 -12.192
v 36.312 198.475 -12.192
v 37.060 198.419 -12.192
v 37.759 198.145 -12.192
v 38.345 197.677 -12.192
v 38.768 197.057 -12.192
v 38.989 196.340 -12.192
v 38.989 195.590 -12.192
v 38.768 194.873 -12.192
v 38.345 194.253 -12.192
v 37.759 193.785 -12.192
v 37.060 193.511 -12.192
v 36.312 193.455 -12.192
v 35.580 193.622 -12.192
v 34.930 193.997 -12.192
v 34.420 194.547 -12.192
v 34.094 195.223 -12.192
v 213.982 175.965 -12.192
v 214.094 176.707 -12.192
v 214.420 177.383 -12.192
v 214.930 177.933 -12.192
v 215.580 178.308 -12.192
v 216.312 178.475 -12.192
v 217.060 178.419 -12.192
v 217.759 178.145 -12.192
v 218.345 177.677 -12.192
v 218.768 177.057 -12.192
v 218.989 176.340 -12.192
v 218.989 175.590 -12.192
v 218.768 174.873 -12.192
v 218.345 174.253 -12.192
v 217.759 173.785 -12.192
v 217.060 173.511 -12.192
v 216.312 173.455 -12.192
v 215.580 173.622 -12.192
v 214.930 173.997 -12.192
v 214.420 174.547 -12.192
v 214.094 175.223 -12.192
v 193.982 175.965 -12.192
v 194.094 176.707 -12.192
v 194.420 177.383 -12.192
v 194.930 177.933 -12.192
v 195.580 178.308 -12.192
v 196.312 178.475 -12.192
v 197.060 178.419 -12.192
v 197.759 178.145 -12.192
v 198.345 177.677 -12.192
v 198.768 177.057 -12.192
v 198.989 176.340 -12.192
v 198.989 175.590 -12.192
v 198.768 174.873 -12.192
v 198.345 174.253 -12.192
v 197.759 173.785 -12.192
v 197.060 173.511 -12.192
v 196.312 173.455 -12.192
v 195.580 173.622 -12.192
v 194.930 173.997 -12.192
v 194.420 174.547 -12.192
v 194.094 175.223 -12.192
v 173.982 175.965 -12.192
v 174.094 176.707 -12.192
v 174.420 177.383 -12.192
v 174.930 177.933 -12.192
v 175.580 178.308 -12.192
v 176.312 178.475 -12.192
v 177.060 178.419 -12.192
v 177.759 178.145 -12.192
v 178.345 177.677 -12.192
v 178.768 177.057 -12.192
v 178.989 176.340 -12.192
v 178.989 175.590 -12.192
v 178.768 174.873 -12.192
v 178.345 174.253 -12.192
v 177.759 173.785 -12.192
v 177.060 173.511 -12.192
v 176.312 173.455 -12.192
v 175.580 173.622 -12.192
v 174.930 173.997 -12.192
v 174.420 174.547 -12.192
v 174.094 175.223 -12.192
v 153.982 175.965 -12.192
v 154.094 176.707 -12.192
v 154.420 177.383 -12.192
v 154.930 177.933 -12.192
v 155.580 178.308 -12.192
v 156.312 178.475 -12.192
v 157.060 178.419 -12.192
v 157.759 178.145 -12.192
v 158.345 177.677 -12.192
v 158.768 177.057 -12.192
v 158.989 176.340 -12.192
v 158.989 175.590 -12.192
v 158.768 174.873 -12.192
v 158.345 174.253 -12.192
v 157.759 173.785 -12.192
v 157.060 173.511 -12.192
v 156.312 173.455 -12.192
v 155.580 173.622 -12.192
v 154.930 173.997 -12.192
v 154.420 174.547 -12.192
v 154.094 175.223 -12.192
v 133.983 175.965 -12.192
v 134.094 176.707 -12.192
v 134.420 177.383 -12.192
v 134.930 177.933 -12.192
v 135.580 178.308 -12.192
v 136.312 178.475 -12.192
v 137.060 178.419 -12.192
v 137.759 178.145 -12.192
v 138.345 177.677 -12.192
v 138.768 177.057 -12.192
v 138.989 176.340 -12.192
v 138.989 175.590 -12.192
v 138.768 174.873 -12.192
v 138.345 174.253 -12.192
v 137.759 173.785 -12.192
v 137.060 173.511 -12.192
v 136.312 173.455 -12.192
v 135.580 173.622 -12.192
v 134.930 173.997 -12.192
v 134.420 174.547 -12.192
v 134.094 175.223 -12.192
v 113.983 175.965 -12.192
v 114.094 176.707 -12.192
v 114.420 177.383 -12.192
v 114.930 177.933 -12.192
v 115.580 178.308 -12.192
v 116.312 178.475 -12.192
v 117.060 178.419 -12.192
v 117.759 178.145 -12.192
v 118.345 177.677 -12.192
v 118.768 177.057 -12.192
v 118.989 176.340 -12.192
v 118.989 175.590 -12.192
v 118.768 174.873 -12.192
v 118.345 174.253 -12.192
v 117.759 173.785 -12.192
v 117.060 173.511 -12.192
v 116.312 173.455 -12.192
v 115.580 173.622 -12.192
v 114.930 173.997 -12.192
v 114.420 174.547 -12.192
v 114.094 175.223 -12.192
v 93.983 175.965 -12.192
v 94.094 176.707 -12.192
v 94.420 177.383 -12.192
v 94.930 177.933 -12.192
v 95.580 178.308 -12.192
v 96.312 178.475 -12.192
v 97.060 178.419 -12.192
v 97.759 178.145 -12.192
v 98.345 177.677 -12.192
v 98.768 177.057 -12.192
v 98.989 176.340 -12.192
v 98.989 175.590 -12.192
v 98.768 174.873 -12.192
v 98.345 174.253 -12.192
v 97.759 173.785 -12.192
v 97.060 173.511 -12.192
v 96.312 173.455 -12.192
v 95.580 173.622 -12.192
v 94.930 173.997 -12.192
v 94.420 174.547 -12.192
v 94.094 175.223 -12.192
v 73.982 175.965 -12.192
v 74.094 176.707 -12.192
v 74.420 177.383 -12.192
v 74.930 177.933 -12.192
v 75.580 178.308 -12.192
v 76.312 178.475 -12.192
v 77.060 178.419 -12.192
v 77.759 178.145 -12.192
v 78.345 177.677 -12.192
v 78.768 177.057 -12.192
v 78.989 176.340 -12.192
v 78.989 175.590 -12.192
v 78.768 174.873 -12.192
v 78.345 174.253 -12.192
v 77.759 173.785 -12.192
v 77.060 173.511 -12.192
v 76.312 173.455 -12.192
v 75.580 173.622 -12.192
v 74.930 173.997 -12.192
v 74.420 174.547 -12.192
v 74.094 175.223 -12.192
v 53.982 175.965 -12.192
v 54.094 176.707 -12.192
v 54.420 177.383 -12.192
v 54.930 177.933 -12.192
v 55.580 178.308 -12.192
v 56.312 178.475 -12.192
v 57.060 178.419 -12.192
v 57.759 178.145 -12.192
v 58.345 177.677 -12.192
v 58.768 177.057 -12.192
v 58.989 176.340 -12.192
v 58.989 175.590 -12.192
v 58.768 174.873 -12.192
v 58.345 174.253 -12.192
v 57.759 173.785 -12.192
v 57.060 173.511 -12.192
v 56.312 173.455 -12.192
v 55.580 173.622 -12.192
v 54.930 173.997 -12.192
v 54.420 174.547 -12.192
v 54.094 175.223 -12.192
v 33.982 175.965 -12.192
v 34.094 176.707 -12.192
v 34.420 177.383 -12.192
v 34.930 177.933 -12.192
v 35.580 178.308 -12.192
v 36.312 178.475 -12.192
v 37.060 178.419 -12.192
v 37.759 178.145 -12.192
v 38.345 177.677 -12.192
v 38.768 177.057 -12.192
v 38.989 176.340 -12.192
v 38.989 175.590 -12.192
v 38.768 174.873 -12.192
v 38.345 174.253 -12.192
v 37.759 173.785 -12.192
v 37.060 173.511 -12.192
v 36.312 173.455 -12.192
v 35.580 173.622 -12.192
v 34.930 173.997 -12.192
v 34.420 174.547 -12.192
v 34.094 175.223 -12.192
v 13.982 175.965 -12.192
v 14.094 176.707 -12.192
v 14.420 177.383 -12.192
v 14.930 177.933 -12.192
v 15.580 178.308 -12.192
v 16.312 178.475 -12.192
v 17.060 178.419 -12.192
v 17.759 178.145 -12.192
v 18.345 177.677 -12.192
v 18.768 177.057 -12.192
v 18.989 176.340 -12.192
v 18.989 175.590 -12.192
v 18.768 174.873 -12.192
v 18.345 174.253 -12.192
v 17.759 173.785 -12.192
v 17.060 173.511 -12.192
v 16.312 173.455 -12.192
v 15.580 173.622 -12.192
v 14.930 173.997 -12.192
v 14.420 174.547 -12.192
v 14.094 175.223 -12.192
v 213.982 155.965 -12.192
v 214.094 156.707 -12.192
v 214.420 157.383 -12.192
v 214.930 157.933 -12.192
v 215.580 158.308 -12.192
v 216.312 158.475 -12.192
v 217.060 158.419 -12.192
v 217.759 158.145 -12.192
v 218.345 157.677 -12.192
v 218.768 157.057 -12.192
v 218.989 156.340 -12.192
v 218.989 155.590 -12.192
v 218.768 154.873 -12.192
v 218.345 154.253 -12.192
v 217.759 153.785 -12.192
v 217.060 153.511 -12.192
v 216.312 153.455 -12.192
v 215.580 153.622 -12.192
v 214.930 153.997 -12.192
v 214.420 154.547 -12.192
v 214.094 155.223 -12.192
v 193.982 155.965 -12.192
v 194.094 156.707 -12.192
v 194.420 157.383 -12.192
v 194.930 157.933 -12.192
v 195.580 158.308 -12.192
v 196.312 158.475 -12.192
v 197.060 158.419 -12.192
v 197.759 158.145 -12.192
v 198.345 157.677 -12.192
v 198.768 157.057 -12.192
v 198.989 156.340 -12.192
v 198.989 155.590 -12.192
v 198.768 154.873 -12.192
v 198.345 154.253 -12.192
v 197.759 153.785 -12.192
v 197.060 153.511 -12.192
v 196.312 153.455 -12.192
v 195.580 153.622 -12.192
v 194.930 153.997 -12.192
v 194.420 154.547 -12.192
v 194.094 155.223 -12.192
v 173.982 155.965 -12.192
v 174.094 156.707 -12.192
v 174.420 157.383 -12.192
v 174.930 157.933 -12.192
v 175.580 158.308 -12.192
v 176.312 158.475 -12.192
v 177.060 158.419 -12.192
v 177.759 158.145 -12.192
v 178.345 157.677 -12.192
v 178.768 157.057 -12.192
v 178.989 156.340 -12.192
v 178.989 155.590 -12.192
v 178.768 154.873 -12.192
v 178.345 154.253 -12.192
v 177.759 153.785 -12.192
v 177.060 153.511 -12.192
v 176.312 153.455 -12.192
v 175.580 153.622 -12.192
v 174.930 153.997 -12.192
v 174.420 154.547 -12.192
v 174.094 155.223 -12.192
v 153.982 155.965 -12.192
v 154.094 156.707 -12.192
v 154.420 157.383 -12.192
v 154.930 157.933 -12.192
v 155.580 158.308 -12.192
v 156.312 158.475 -12.192
v 157.060 158.419 -12.192
v 157.759 158.145 -12.192
v 158.345 157.677 -12.192
v 158.768 157.057 -12.192
v 158.989 156.340 -12.192
v 158.989 155.590 -12.192
v 158.768 154.873 -12.192
v 158.345 154.253 -12.192
v 157.759 153.785 -12.192
v 157.060 153.511 -12.192
v 156.312 153.455 -12.192
v 155.580 153.622 -12.192
v 154.930 153.997 -12.192
v 154.420 154.547 -12.192
v 154.094 155.223 -12.192
v 133.983 155.965 -12.192
v 134.094 156.707 -12.192
v 134.420 157.383 -12.192
v 134.930 157.933 -12.192
v 135.580 158.308 -12.192
v 136.312 158.475 -12.192
v 137.060 158.419 -12.192
v 137.759 158.145 -12.192
v 138.345 157.677 -12.192
v 138.768 157.057 -12.192
v 138.989 156.340 -12.192
v 138.989 155.590 -12.192
v 138.768 154.873 -12.192
v 138.345 154.253 -12.192
v 137.759 153.785 -12.192
v 137.060 153.511 -12.192
v 136.312 153.455 -12.192
v 135.580 153.622 -12.192
v 134.930 153.997 -12.192
v 134.420 154.547 -12.192
v 134.094 155.223 -12.192
v 113.983 155.965 -12.192
v 114.094 156.707 -12.192
v 114.420 157.383 -12.192
v 114.930 157.933 -12.192
v 115.580 158.308 -12.192
v 116.312 158.475 -12.192
v 117.060 158.419 -12.192
v 117.759 158.145 -12.192
v 118.345 157.677 -12.192
v 118.768 157.057 -12.192
v 118.989 156.340 -12.192
v 118.989 155.590 -12.192
v 118.768 154.873 -12.192
v 118.345 154.253 -12.192
v 117.759 153.785 -12.192
v 117.060 153.511 -12.192
v 116.312 153.455 -12.192
v 115.580 153.622 -12.192
v 114.930 153.997 -12.192
v 114.420 154.547 -12.192
v 114.094 155.223 -12.192
v 93.983 155.965 -12.192
v 94.094 156.707 -12.192
v 94.420 157.383 -12.192
v 94.930 157.933 -12.192
v 95.580 158.308 -12.192
v 96.312 158.475 -12.192
v 97.060 158.419 -12.192
v 97.759 158.145 -12.192
v 98.345 157.677 -12.192
v 98.768 157.057 -12.192
v 98.989 156.340 -12.192
v 98.989 155.590 -12.192
v 98.768 154.873 -12.192
v 98.345 154.253 -12.192
v 97.759 153.785 -12.192
v 97.060 153.511 -12.192
v 96.312 153.455 -12.192
v 95.580 153.622 -12.192
v 94.930 153.997 -12.192
v 94.420 154.547 -12.192
v 94.094 155.223 -12.192
v 73.982 155.965 -12.192
v 74.094 156.707 -12.192
v 74.420 157.383 -12.192
v 74.930 157.933 -12.192
v 75.580 158.308 -12.192
v 76.312 158.475 -12.192
v 77.060 158.419 -12.192
v 77.759 158.145 -12.192
v 78.345 157.677 -12.192
v 78.768 157.057 -12.192
v 78.989 156.340 -12.192
v 78.989 155.590 -12.192
v 78.768 154.873 -12.192
v 78.345 154.253 -12.192
v 77.759 153.785 -12.192
v 77.060 153.511 -12.192
v 76.312 153.455 -12.192
v 75.580 153.622 -12.192
v 74.930 153.997 -12.192
v 74.420 154.547 -12.192
v 74.094 155.223 -12.192
v 53.982 155.965 -12.192
v 54.094 156.707 -12.192
v 54.420 157.383 -12.192
v 54.930 157.933 -12.192
v 55.580 158.308 -12.192
v 56.312 158.475 -12.192
v 57.060 158.419 -12.192
v 57.759 158.145 -12.192
v 58.345 157.677 -12.192
v 58.768 157.057 -12.192
v 58.989 156.340 -12.192
v 58.989 155.590 -12.192
v 58.768 154.873 -12.192
v 58.345 154.253 -12.192
v 57.759 153.785 -12.192
v 57.060 153.511 -12.192
v 56.312 153.455 -12.192
v 55.580 153.622 -12.192
v 54.930 153.997 -12.192
v 54.420 154.547 -12.192
v 54.094 155.223 -12.192
v 33.982 155.965 -12.192
v 34.094 156.707 -12.192
v 34.420 157.383 -12.192
v 34.930 157.933 -12.192
v 35.580 158.308 -12.192
v 36.312 158.475 -12.192
v 37.060 158.419 -12.192
v 37.759 158.145 -12.192
v 38.345 157.677 -12.192
v 38.768 157.057 -12.192
v 38.989 156.340 -12.192
v 38.989 155.590 -12.192
v 38.768 154.873 -12.192
v 38.345 154.253 -12.192
v 37.759 153.785 -12.192
v 37.060 153.511 -12.192
v 36.312 153.455 -12.192
v 35.580 153.622 -12.192
v 34.930 153.997 -12.192
v 34.420 154.547 -12.192
v 34.094 155.223 -12.192
v 13.982 155.965 -12.192
v 14.094 156.707 -12.192
v 14.420 157.383 -12.192
v 14.930 157.933 -12.192
v 15.580 158.308 -12.192
v 16.312 158.475 -12.192
v 17.060 158.419 -12.192
v 17.759 158.145 -12.192
v 18.345 157.677 -12.192
v 18.768 157.057 -12.192
v 18.989 156.340 -12.192
v 18.989 155.590 -12.192
v 18.768 154.873 -12.192
v 18.345 154.253 -12.192
v 17.759 153.785 -12.192
v 17.060 153.511 -12.192
v 16.312 153.455 -12.192
v 15.580 153.622 -12.192
v 14.930 153.997 -12.192
v 14.420 154.547 -12.192
v 14.094 155.223 -12.192
v 213.982 135.965 -12.192
v 214.094 136.707 -12.192
v 214.420 137.383 -12.192
v 214.930 137.933 -12.192
v 215.580 138.308 -12.192
v 216.312 138.475 -12.192
v 217.060 138.419 -12.192
v 217.759 138.145 -12.192
v 218.345 137.677 -12.192
v 218.768 137.057 -12.192
v 218.989 136.340 -12.192
v 218.989 135.590 -12.192
v 218.768 134.873 -12.192
v 218.345 134.253 -12.192
v 217.759 133.785 -12.192
v 217.060 133.511 -12.192
v 216.312 133.455 -12.192
v 215.580 133.622 -12.192
v 214.930 133.997 -12.192
v 214.420 134.547 -12.192
v 214.094 135.223 -12.192
v 193.982 135.965 -12.192
v 194.094 136.707 -12.192
v 194.420 137.383 -12.192
v 194.930 137.933 -12.192
v 195.580 138.308 -12.192
v 196.312 138.475 -12.192
v 197.060 138.419 -12.192
v 197.759 138.145 -12.192
v 198.345 137.677 -12.192
v 198.768 137.057 -12.192
v 198.989 136.340 -12.192
v 198.989 135.590 -12.192
v 198.768 134.873 -12.192
v 198.345 134.253 -12.192
v 197.759 133.785 -12.192
v 197.060 133.511 -12.192
v 196.312 133.455 -12.192
v 195.580 133.622 -12.192
v 194.930 133.997 -12.192
v 194.420 134.547 -12.192
v 194.094 135.223 -12.192
v 173.982 135.965 -12.192
v 174.094 136.707 -12.192
v 174.420 137.383 -12.192
v 174.930 137.933 -12.192
v 175.580 138.308 -12.192
v 176.312 138.475 -12.192
v 177.060 138.419 -12.192
v 177.759 138.145 -12.192
v 178.345 137.677 -12.192
v 178.768 137.057 -12.192
v 178.989 136.340 -12.192
v 178.989 135.590 -12.192
v 178.768 134.873 -12.192
v 178.345 134.253 -12.192
v 177.759 133.785 -12.192
v 177.060 133.511 -12.192
v 176.312 133.455 -12.192
v 175.580 133.622 -12.192
v 174.930 133.997 -12.192
v 174.420 134.547 -12.192
v 174.094 135.223 -12.192
v 153.982 135.965 -12.192
v 154.094 136.707 -12.192
v 154.420 137.383 -12.192
v 154.930 137.933 -12.192
v 155.580 138.308 -12.192
v 156.312 138.475 -12.192
v 157.060 138.419 -12.192
v 157.759 138.145 -12.192
v 158.345 137.677 -12.192
v 158.768 137.057 -12.192
v 158.989 136.340 -12.192
v 158.989 135.590 -12.192
v 158.768 134.873 -12.192
v 158.345 134.253 -12.192
v 157.759 133.785 -12.192
v 157.060 133.511 -12.192
v 156.312 133.455 -12.192
v 155.580 133.622 -12.192
v 154.930 133.997 -12.192
v 154.420 134.547 -12.192
v 154.094 135.223 -12.192
v 133.983 135.965 -12.192
v 134.094 136.707 -12.192
v 134.420 137.383 -12.192
v 134.930 137.933 -12.192
v 135.580 138.308 -12.192
v 136.312 138.475 -12.192
v 137.060 138.419 -12.192
v 137.759 138.145 -12.192
v 138.345 137.677 -12.192
v 138.768 137.057 -12.192
v 138.989 136.340 -12.192
v 138.989 135.590 -12.192
v 138.768 134.873 -12.192
v 138.345 134.253 -12.192
v 137.759 133.785 -12.192
v 137.060 133.511 -12.192
v 136.312 133.455 -12.192
v 135.580 133.622 -12.192
v 134.930 133.997 -12.192
v 134.420 134.547 -12.192
v 134.094 135.223 -12.192
v 113.983 135.965 -12.192
v 114.094 136.707 -12.192
v 114.420 137.383 -12.192
v 114.930 137.933 -12.192
v 115.580 138.308 -12.192
v 116.312 138.475 -12.192
v 117.060 138.419 -12.192
v 117.759 138.145 -12.192
v 118.345 137.677 -12.192
v 118.768 137.057 -12.192
v 118.989 136.340 -12.192
v 118.989 135.590 -12.192
v 118.768 134.873 -12.192
v 118.345 134.253 -12.192
v 117.759 133.785 -12.192
v 117.060 133.511 -12.192
v 116.312 133.455 -12.192
v 115.580 133.622 -12.192
v 114.930 133.997 -12.192
v 114.420 134.547 -12.192
v 114.094 135.223 -12.192
v 93.983 135.965 -12.192
v 94.094 136.707 -12.192
v 94.420 137.383 -12.192
v 94.930 137.933 -12.192
v 95.580 138.308 -12.192
v 96.312 138.475 -12.192
v 97.060 138.419 -12.192
v 97.759 138.145 -12.192
v 98.345 137.677 -12.192
v 98.768 137.057 -12.192
v 98.989 136.340 -12.192
v 98.989 135.590 -12.192
v 98.768 134.873 -12.192
v 98.345 134.253 -12.192
v 97.759 133.785 -12.192
v 97.060 133.511 -12.192
v 96.312 133.455 -12.192
v 95.580 133.622 -12.192
v 94.930 133.997 -12.192
v 94.420 134.547 -12.192
v 94.094 135.223 -12.192
v 73.982 135.965 -12.192
v 74.094 136.707 -12.192
v 74.420 137.383 -12.192
v 74.930 137.933 -12.192
v 75.580 138.308 -12.192
v 76.312 138.475 -12.192
v 77.060 138.419 -12.192
v 77.759 138.145 -12.192
v 78.345 137.677 -12.192
v 78.768 137.057 -12.192
v 78.989 136.340 -12.192
v 78.989 135.590 -12.192
v 78.768 134.873 -12.192
v 78.345 134.253 -12.192
v 77.759 133.785 -12.192
v 77.060 133.511 -12.192
v 76.312 133.455 -12.192
v 75.580 133.622 -12.192
v 74.930 133.997 -12.192
v 74.420 134.547 -12.192
v 74.094 135.223 -12.192
v 53.982 135.965 -12.192
v 54.094 136.707 -12.192
v 54.420 137.383 -12.192
v 54.930 137.933 -12.192
v 55.580 138.308 -12.192
v 56.312 138.475 -12.192
v 57.060 138.419 -12.192
v 57.759 138.145 -12.192
v 58.345 137.677 -12.192
v 58.768 137.057 -12.192
v 58.989 136.340 -12.192
v 58.989 135.590 -12.192
v 58.768 134.873 -12.192
v 58.345 134.253 -12.192
v 57.759 133.785 -12.192
v 57.060 133.511 -12.192
v 56.312 133.455 -12.192
v 55.580 133.622 -12.192
v 54.930 133.997 -12.192
v 54.420 134.547 -12.192
v 54.094 135.223 -12.192
v 33.982 135.965 -12.192
v 34.094 136.707 -12.192
v 34.420 137.383 -12.192
v 34.930 137.933 -12.192
v 35.580 138.308 -12.192
v 36.312 138.475 -12.192
v 37.060 138.419 -12.192
v 37.759 138.145 -12.192
v 38.345 137.677 -12.192
v 38.768 137.057 -12.192
v 38.989 136.340 -12.192
v 38.989 135.590 -12.192
v 38.768 134.873 -12.192
v 38.345 134.253 -12.192
v 37.759 133.785 -12.192
v 37.060 133.511 -12.192
v 36.312 133.455 -12.192
v 35.580 133.622 -12.192
v 34.930 133.997 -12.192
v 34.420 134.547 -12.192
v 34.094 135.223 -12.192
v 13.982 135.965 -12.192
v 14.094 136.707 -12.192
v 14.420 137.383 -12.192
v 14.930 137.933 -12.192
v 15.580 138.308 -12.192
v 16.312 138.475 -12.192
v 17.060 138.419 -12.192
v 17.759 138.145 -12.192
v 18.345 137.677 -12.192
v 18.768 137.057 -12.192
v 18.989 136.340 -12.192
v 18.989 135.590 -12.192
v 18.768 134.873 -12.192
v 18.345 134.253 -12.192
v 17.759 133.785 -12.192
v 17.060 133.511 -12.192
v 16.312 133.455 -12.192
v 15.580 133.622 -12.192
v 14.930 133.997 -12.192
v 14.420 134.547 -12.192
v 14.094 135.223 -12.192
v 213.982 115.965 -12.192
v 214.094 116.707 -12.192
v 214.420 117.383 -12.192
v 214.930 117.933 -12.192
v 215.580 118.308 -12.192
v 216.312 118.475 -12.192
v 217.060 118.419 -12.192
v 217.759 118.145 -12.192
v 218.345 117.677 -12.192
v 218.768 117.057 -12.192
v 218.989 116.340 -12.192
v 218.989 115.590 -12.192
v 218.768 114.873 -12.192
v 218.345 114.253 -12.192
v 217.759 113.785 -12.192
v 217.060 113.511 -12.192
v 216.312 113.455 -12.192
v 215.580 113.622 -12.192
v 214.930 113.997 -12.192
v 214.420 114.547 -12.192
v 214.094 115.223 -12.192
v 193.982 115.965 -12.192
v 194.094 116.707 -12.192
v 194.420 117.383 -12.192
v 194.930 117.933 -12.192
v 195.580 118.308 -12.192
v 196.312 118.475 -12.192
v 197.060 118.419 -12.192
v 197.759 118.145 -12.192
v 198.345 117.677 -12.192
v 198.768 117.057 -12.192
v 198.989 116.340 -12.192
v 198.989 115.590 -12.192
v 198.768 114.873 -12.192
v 198.345 114.253 -12.192
v 197.759 113.785 -12.192
v 197.060 113.511 -12.192
v 196.312 113.455 -12.192
v 195.580 113.622 -12.192
v 194.930 113.997 -12.192
v 194.420 114.547 -12.192
v 194.094 115.223 -12.192
v 173.982 115.965 -12.192
v 174.094 116.707 -12.192
v 174.420 117.383 -12.192
v 174.930 117.933 -12.192
v 175.580 118.308 -12.192
v 176.312 118.475 -12.192
v 177.060 118.419 -12.192
v 177.759 118.145 -12.192
v 178.345 117.677 -12.192
v 178.768 117.057 -12.192
v 178.989 116.340 -12.192
v 178.989 115.590 -12.192
v 178.768 114.873 -12.192
v 178.345 114.253 -12.192
v 177.759 113.785 -12.192
v 177.060 113.511 -12.192
v 176.312 113.455 -12.192
v 175.580 113.622 -12.192
v 174.930 113.997 -12.192
v 174.420 114.547 -12.192
v 174.094 115.223 -12.192
v 153.982 115.965 -12.192
v 154.094 116.707 -12.192
v 154.420 117.383 -12.192
v 154.930 117.933 -12.192
v 155.580 118.308 -12.192
v 156.312 118.475 -12.192
v 157.060 118.419 -12.192
v 157.759 118.145 -12.192
v 158.345 117.677 -12.192
v 158.768 117.057 -12.192
v 158.989 116.340 -12.192
v 158.989 115.590 -12.192
v 158.768 114.873 -12.192
v 158.345 114.253 -12.192
v 157.759 113.785 -12.192
v 157.060 113.511 -12.192
v 156.312 113.455 -12.192
v 155.580 113.622 -12.192
v 154.930 113.997 -12.192
v 154.420 114.547 -12.192
v 154.094 115.223 -12.192
v 113.983 115.965 -12.192
v 114.094 116.707 -12.192
v 114.420 117.383 -12.192
v 114.930 117.933 -12.192
v 115.580 118.308 -12.192
v 116.312 118.475 -12.192
v 117.060 118.419 -12.192
v 117.759 118.145 -12.192
v 118.345 117.677 -12.192
v 118.768 117.057 -12.192
v 118.989 116.340 -12.192
v 118.989 115.590 -12.192
v 118.768 114.873 -12.192
v 118.345 114.253 -12.192
v 117.759 113.785 -12.192
v 117.060 113.511 -12.192
v 116.312 113.455 -12.192
v 115.580 113.622 -12.192
v 114.930 113.997 -12.192
v 114.420 114.547 -12.192
v 114.094 115.223 -12.192
v 93.983 115.965 -12.192
v 94.094 116.707 -12.192
v 94.420 117.383 -12.192
v 94.930 117.933 -12.192
v 95.580 118.308 -12.192
v 96.312 118.475 -12.192
v 97.060 118.419 -12.192
v 97.759 118.145 -12.192
v 98.345 117.677 -12.192
v 98.768 117.057 -12.192
v 98.989 116.340 -12.192
v 98.989 115.590 -12.192
v 98.768 114.873 -12.192
v 98.345 114.253 -12.192
v 97.759 113.785 -12.192
v 97.060 113.511 -12.192
v 96.312 113.455 -12.192
v 95.580 113.622 -12.192
v 94.930 113.997 -12.192
v 94.420 114.547 -12.192
v 94.094 115.223 -12.192
v 73.982 115.965 -12.192
v 74.094 116.707 -12.192
v 74.420 117.383 -12.192
v 74.930 117.933 -12.192
v 75.580 118.308 -12.192
v 76.312 118.475 -12.192
v 77.060 118.419 -12.192
v 77.759 118.145 -12.192
v 78.345 117.677 -12.192
v 78.768 117.057 -12.192
v 78.989 116.340 -12.192
v 78.989 115.590 -12.192
v 78.768 114.873 -12.192
v 78.345 114.253 -12.192
v 77.759 113.785 -12.192
v 77.060 113.511 -12.192
v 76.312 113.455 -12.192
v 75.580 113.622 -12.192
v 74.930 113.997 -12.192
v 74.420 114.547 -12.192
v 74.094 115.223 -12.192
v 53.982 115.965 -12.192
v 54.094 116.707 -12.192
v 54.420 117.383 -12.192
v 54.930 117.933 -12.192
v 55.580 118.308 -12.192
v 56.312 118.475 -12.192
v 57.060 118.419 -12.192
v 57.759 118.145 -12.192
v 58.345 117.677 -12.192
v 58.768 117.057 -12.192
v 58.989 116.340 -12.192
v 58.989 115.590 -12.192
v 58.768 114.873 -12.192
v 58.345 114.253 -12.192
v 57.759 113.785 -12.192
v 57.060 113.511 -12.192
v 56.312 113.455 -12.192
v 55.580 113.622 -12.192
v 54.930 113.997 -12.192
v 54.420 114.547 -12.192
v 54.094 115.223 -12.192
v 33.982 115.965 -12.192
v 34.094 116.707 -12.192
v 34.420 117.383 -12.192
v 34.930 117.933 -12.192
v 35.580 118.308 -12.192
v 36.312 118.475 -12.192
v 37.060 118.419 -12.192
v 37.759 118.145 -12.192
v 38.345 117.677 -12.192
v 38.768 117.057 -12.192
v 38.989 116.340 -12.192
v 38.989 115.590 -12.192
v 38.768 114.873 -12.192
v 38.345 114.253 -12.192
v 37.759 113.785 -12.192
v 37.060 113.511 -12.192
v 36.312 113.455 -12.192
v 35.580 113.622 -12.192
v 34.930 113.997 -12.192
v 34.420 114.547 -12.192
v 34.094 115.223 -12.192
v 13.982 115.965 -12.192
v 14.094 116.707 -12.192
v 14.420 117.383 -12.192
v 14.930 117.933 -12.192
v 15.580 118.308 -12.192
v 16.312 118.475 -12.192
v 17.060 118.419 -12.192
v 17.759 118.145 -12.192
v 18.345 117.677 -12.192
v 18.768 117.057 -12.192
v 18.989 116.340 -12.192
v 18.989 115.590 -12.192
v 18.768 114.873 -12.192
v 18.345 114.253 -12.192
v 17.759 113.785 -12.192
v 17.060 113.511 -12.192
v 16.312 113.455 -12.192
v 15.580 113.622 -12.192
v 14.930 113.997 -12.192
v 14.420 114.547 -12.192
v 14.094 115.223 -12.192
v 213.982 95.965 -12.192
v 214.094 96.707 -12.192
v 214.420 97.383 -12.192
v 214.930 97.933 -12.192
v 215.580 98.308 -12.192
v 216.312 98.475 -12.192
v 217.060 98.419 -12.192
v 217.759 98.145 -12.192
v 218.345 97.677 -12.192
v 218.768 97.057 -12.192
v 218.989 96.340 -12.192
v 218.989 95.590 -12.192
v 218.768 94.873 -12.192
v 218.345 94.253 -12.192
v 217.759 93.785 -12.192
v 217.060 93.511 -12.192
v 216.312 93.455 -12.192
v 215.580 93.622 -12.192
v 214.930 93.997 -12.192
v 214.420 94.547 -12.192
v 214.094 95.223 -12.192
v 193.982 95.965 -12.192
v 194.094 96.707 -12.192
v 194.420 97.383 -12.192
v 194.930 97.933 -12.192
v 195.580 98.308 -12.192
v 196.312 98.475 -12.192
v 197.060 98.419 -12.192
v 197.759 98.145 -12.192
v 198.345 97.677 -12.192
v 198.768 97.057 -12.192
v 198.989 96.340 -12.192
v 198.989 95.590 -12.192
v 198.768 94.873 -12.192
v 198.345 94.253 -12.192
v 197.759 93.785 -12.192
v 197.060 93.511 -12.192
v 196.312 93.455 -12.192
v 195.580 93.622 -12.192
v 194.930 93.997 -12.192
v 194.420 94.547 -12.192
v 194.094 95.223 -12.192
v 173.982 95.965 -12.192
v 174.094 96.707 -12.192
v 174.420 97.383 -12.192
v 174.930 97.933 -12.192
v 175.580 98.308 -12.192
v 176.312 98.475 -12.192
v 177.060 98.419 -12.192
v 177.759 98.145 -12.192
v 178.345 97.677 -12.192
v 178.768 97.057 -12.192
v 178.989 96.340 -12.192
v 178.989 95.590 -12.192
v 178.768 94.873 -12.192
v 178.345 94.253 -12.192
v 177.759 93.785 -12.192
v 177.060 93.511 -12.192
v 176.312 93.455 -12.192
v 175.580 93.622 -12.192
v 174.930 93.997 -12.192
v 174.420 94.547 -12.192
v 174.094 95.223 -12.192
v 153.982 95.965 -12.192
v 154.094 96.707 -12.192
v 154.420 97.383 -12.192
v 154.930 97.933 -12.192
v 155.580 98.308 -12.192
v 156.312 98.475 -12.192
v 157.060 98.419 -12.192
v 157.759 98.145 -12.192
v 158.345 97.677 -12.192
v 158.768 97.057 -12.192
v 158.989 96.340 -12.192
v 158.989 95.590 -12.192
v 158.768 94.873 -12.192
v 158.345 94.253 -12.192
v 157.759 93.785 -12.192
v 157.060 93.511 -12.192
v 156.312 93.455 -12.192
v 155.580 93.622 -12.192
v 154.930 93.997 -12.192
v 154.420 94.547 -12.192
v 154.094 95.223 -12.192
v 133.983 95.965 -12.192
v 134.094 96.707 -12.192
v 134.420 97.383 -12.192
v 134.930 97.933 -12.192
v 135.580 98.308 -12.192
v 136.312 98.475 -12.192
v 137.060 98.419 -12.192
v 137.759 98.145 -12.192
v 138.345 97.677 -12.192
v 138.768 97.057 -12.192
v 138.989 96.340 -12.192
v 138.989 95.590 -12.192
v 138.768 94.873 -12.192
v 138.345 94.253 -12.192
v 137.759 93.785 -12.192
v 137.060 93.511 -12.192
v 136.312 93.455 -12.192
v 135.580 93.622 -12.192
v 134.930 93.997 -12.192
v 134.420 94.547 -12.192
v 134.094 95.223 -12.192
v 113.983 95.965 -12.192
v 114.094 96.707 -12.192
v 114.420 97.383 -12.192
v 114.930 97.933 -12.192
v 115.580 98.308 -12.192
v 116.312 98.475 -12.192
v 117.060 98.419 -12.192
v 117.759 98.145 -12.192
v 118.345 97.677 -12.192
v 118.768 97.057 -12.192
v 118.989 96.340 -12.192
v 118.989 95.590 -12.192
v 118.768 94.873 -12.192
v 118.345 94.253 -12.192
v 117.759 93.785 -12.192
v 117.060 93.511 -12.192
v 116.312 93.455 -12.192
v 115.580 93.622 -12.192
v 114.930 93.997 -12.192
v 114.420 94.547 -12.192
v 114.094 95.223 -12.192
v 93.983 95.965 -12.192
v 94.094 96.707 -12.192
v 94.420 97.383 -12.192
v 94.930 97.933 -12.192
v 95.580 98.308 -12.192
v 96.312 98.475 -12.192
v 97.060 98.419 -12.192
v 97.759 98.145 -12.192
v 98.345 97.677 -12.192
v 98.768 97.057 -12.192
v 98.989 96.340 -12.192
v 98.989 95.590 -12.192
v 98.768 94.873 -12.192
v 98.345 94.253 -12.192
v 97.759 93.785 -12.192
v 97.060 93.511 -12.192
v 96.312 93.455 -12.192
v 95.580 93.622 -12.192
v 94.930 93.997 -12.192
v 94.420 94.547 -12.192
v 94.094 95.223 -12.192
v 73.982 95.965 -12.192
v 74.094 96.707 -12.192
v 74.420 97.383 -12.192
v 74.930 97.933 -12.192
v 75.580 98.308 -12.192
v 76.312 98.475 -12.192
v 77.060 98.419 -12.192
v 77.759 98.145 -12.192
v 78.345 97.677 -12.192
v 78.768 97.057 -12.192
v 78.989 96.340 -12.192
v 78.989 95.590 -12.192
v 78.768 94.873 -12.192
v 78.345 94.253 -12.192
v 77.759 93.785 -12.192
v 77.060 93.511 -12.192
v 76.312 93.455 -12.192
v 75.580 93.622 -12.192
v 74.930 93.997 -12.192
v 74.420 94.547 -12.192
v 74.094 95.223 -12.192
v 53.982 95.965 -12.192
v 54.094 96.707 -12.192
v 54.420 97.383 -12.192
v 54.930 97.933 -12.192
v 55.580 98.308 -12.192
v 56.312 98.475 -12.192
v 57.060 98.419 -12.192
v 57.759 98.145 -12.192
v 58.345 97.677 -12.192
v 58.768 97.057 -12.192
v 58.989 96.340 -12.192
v 58.989 95.590 -12.192
v 58.768 94.873 -12.192
v 58.345 94.253 -12.192
v 57.759 93.785 -12.192
v 57.060 93.511 -12.192
v 56.312 93.455 -12.192
v 55.580 93.622 -12.192
v 54.930 93.997 -12.192
v 54.420 94.547 -12.192
v 54.094 95.223 -12.192
v 33.982 95.965 -12.192
v 34.094 96.707 -12.192
v 34.420 97.383 -12.192
v 34.930 97.933 -12.192
v 35.580 98.308 -12.192
v 36.312 98.475 -12.192
v 37.060 98.419 -12.192
v 37.759 98.145 -12.192
v 38.345 97.677 -12.192
v 38.768 97.057 -12.192
v 38.989 96.340 -12.192
v 38.989 95.590 -12.192
v 38.768 94.873 -12.192
v 38.345 94.253 -12.192
v 37.759 93.785 -12.192
v 37.060 93.511 -12.192
v 36.312 93.455 -12.192
v 35.580 93.622 -12.192
v 34.930 93.997 -12.192
v 34.420 94.547 -12.192
v 34.094 95.223 -12.192
v 213.982 75.965 -12.192
v 214.094 76.707 -12.192
v 214.420 77.383 -12.192
v 214.930 77.933 -12.192
v 215.580 78.308 -12.192
v 216.312 78.475 -12.192
v 217.060 78.419 -12.192
v 217.759 78.145 -12.192
v 218.345 77.677 -12.192
v 218.768 77.057 -12.192
v 218.989 76.340 -12.192
v 218.989 75.590 -12.192
v 218.768 74.873 -12.192
v 218.345 74.253 -12.192
v 217.759 73.785 -12.192
v 217.060 73.511 -12.192
v 216.312 73.455 -12.192
v 215.580 73.622 -12.192
v 214.930 73.997 -12.192
v 214.420 74.547 -12.192
v 214.094 75.223 -12.192
v 193.982 75.965 -12.192
v 194.094 76.707 -12.192
v 194.420 77.383 -12.192
v 194.930 77.933 -12.192
v 195.580 78.308 -12.192
v 196.312 78.475 -12.192
v 197.060 78.419 -12.192
v 197.759 78.145 -12.192
v 198.345 77.677 -12.192
v 198.768 77.057 -12.192
v 198.989 76.340 -12.192
v 198.989 75.590 -12.192
v 198.768 74.873 -12.192
v 198.345 74.253 -12.192
v 197.759 73.785 -12.192
v 197.060 73.511 -12.192
v 196.312 73.455 -12.192
v 195.580 73.622 -12.192
v 194.930 73.997 -12.192
v 194.420 74.547 -12.192
v 194.094 75.223 -12.192
v 173.982 75.965 -12.192
v 174.094 76.707 -12.192
v 174.420 77.383 -12.192
v 174.930 77.933 -12.192
v 175.580 78.308 -12.192
v 176.312 78.475 -12.192
v 177.060 78.419 -12.192
v 177.759 78.145 -12.192
v 178.345 77.677 -12.192
v 178.768 77.057 -12.192
v 178.989 76.340 -12.192
v 178.989 75.590 -12.192
v 178.768 74.873 -12.192
v 178.345 74.253 -12.192
v 177.759 73.785 -12.192
v 177.060 73.511 -12.192
v 176.312 73.455 -12.192
v 175.580 73.622 -12.192
v 174.930 73.997 -12.192
v 174.420 74.547 -12.192
v 174.094 75.223 -12.192
v 153.982 75.965 -12.192
v 154.094 76.707 -12.192
v 154.420 77.383 -12.192
v 154.930 77.933 -12.192
v 155.580 78.308 -12.192
v 156.312 78.475 -12.192
v 157.060 78.419 -12.192
v 157.759 78.145 -12.192
v 158.345 77.677 -12.192
v 158.768 77.057 -12.192
v 158.989 76.340 -12.192
v 158.989 75.590 -12.192
v 158.768 74.873 -12.192
v 158.345 74.253 -12.192
v 157.759 73.785 -12.192
v 157.060 73.511 -12.192
v 156.312 73.455 -12.192
v 155.580 73.622 -12.192
v 154.930 73.997 -12.192
v 154.420 74.547 -12.192
v 154.094 75.223 -12.192
v 113.983 75.965 -12.192
v 114.094 76.707 -12.192
v 114.420 77.383 -12.192
v 114.930 77.933 -12.192
v 115.580 78.308 -12.192
v 116.312 78.475 -12.192
v 117.060 78.419 -12.192
v 117.759 78.145 -12.192
v 118.345 77.677 -12.192
v 118.768 77.057 -12.192
v 118.989 76.340 -12.192
v 118.989 75.590 -12.192
v 118.768 74.873 -12.192
v 118.345 74.253 -12.192
v 117.759 73.785 -12.192
v 117.060 73.511 -12.192
v 116.312 73.455 -12.192
v 115.580 73.622 -12.192
v 114.930 73.997 -12.192
v 114.420 74.547 -12.192
v 114.094 75.223 -12.192
v 93.983 75.965 -12.192
v 94.094 76.707 -12.192
v 94.420 77.383 -12.192
v 94.930 77.933 -12.192
v 95.580 78.308 -12.192
v 96.312 78.475 -12.192
v 97.060 78.419 -12.192
v 97.759 78.145 -12.192
v 98.345 77.677 -12.192
v 98.768 77.057 -12.192
v 98.989 76.340 -12.192
v 98.989 75.590 -12.192
v 98.768 74.873 -12.192
v 98.345 74.253 -12.192
v 97.759 73.785 -12.192
v 97.060 73.511 -12.192
v 96.312 73.455 -12.192
v 95.580 73.622 -12.192
v 94.930 73.997 -12.192
v 94.420 74.547 -12.192
v 94.094 75.223 -12.192
v 73.982 75.965 -12.192
v 74.094 76.707 -12.192
v 74.420 77.383 -12.192
v 74.930 77.933 -12.192
v 75.580 78.308 -12.192
v 76.312 78.475 -12.192
v 77.060 78.419 -12.192
v 77.759 78.145 -12.192
v 78.345 77.677 -12.192
v 78.768 77.057 -12.192
v 78.989 76.340 -12.192
v 78.989 75.590 -12.192
v 78.768 74.873 -12.192
v 78.345 74.253 -12.192
v 77.759 73.785 -12.192
v 77.060 73.511 -12.192
v 76.312 73.455 -12.192
v 75.580 73.622 -12.192
v 74.930 73.997 -12.192
v 74.420 74.547 -12.192
v 74.094 75.223 -12.192
v 53.982 75.965 -12.192
v 54.094 76.707 -12.192
v 54.420 77.383 -12.192
v 54.930 77.933 -12.192
v 55.580 78.308 -12.192
v 56.312 78.475 -12.192
v 57.060 78.419 -12.192
v 57.759 78.145 -12.192
v 58.345 77.677 -12.192
v 58.768 77.057 -12.192
v 58.989 76.340 -12.192
v 58.989 75.590 -12.192
v 58.768 74.873 -12.192
v 58.345 74.253 -12.192
v 57.759 73.785 -12.192
v 57.060 73.511 -12.192
v 56.312 73.455 -12.192
v 55.580 73.622 -12.192
v 54.930 73.997 -12.192
v 54.420 74.547 -12.192
v 54.094 75.223 -12.192
v 33.982 75.965 -12.192
v 34.094 76.707 -12.192
v 34.420 77.383 -12.192
v 34.930 77.933 -12.192
v 35.580 78.308 -12.192
v 36.312 78.475 -12.192
v 37.060 78.419 -12.192
v 37.759 78.145 -12.192
v 38.345 77.677 -12.192
v 38.768 77.057 -12.192
v 38.989 76.340 -12.192
v 38.989 75.590 -12.192
v 38.768 74.873 -12.192
v 38.345 74.253 -12.192
v 37.759 73.785 -12.192
v 37.060 73.511 -12.192
v 36.312 73.455 -12.192
v 35.580 73.622 -12.192
v 34.930 73.997 -12.192
v 34.420 74.547 -12.192
v 34.094 75.223 -12.192
v 13.982 75.965 -12.192
v 14.094 76.707 -12.192
v 14.420 77.383 -12.192
v 14.930 77.933 -12.192
v 15.580 78.308 -12.192
v 16.312 78.475 -12.192
v 17.060 78.419 -12.192
v 17.759 78.145 -12.192
v 18.345 77.677 -12.192
v 18.768 77.057 -12.192
v 18.989 76.340 -12.192
v 18.989 75.590 -12.192
v 18.768 74.873 -12.192
v 18.345 74.253 -12.192
v 17.759 73.785 -12.192
v 17.060 73.511 -12.192
v 16.312 73.455 -12.192
v 15.580 73.622 -12.192
v 14.930 73.997 -12.192
v 14.420 74.547 -12.192
v 14.094 75.223 -12.192
v 213.982 55.965 -12.192
v 214.094 56.707 -12.192
v 214.420 57.383 -12.192
v 214.930 57.933 -12.192
v 215.580 58.308 -12.192
v 216.312 58.475 -12.192
v 217.060 58.419 -12.192
v 217.759 58.145 -12.192
v 218.345 57.677 -12.192
v 218.768 57.057 -12.192
v 218.989 56.340 -12.192
v 218.989 55.590 -12.192
v 218.768 54.873 -12.192
v 218.345 54.253 -12.192
v 217.759 53.785 -12.192
v 217.060 53.511 -12.192
v 216.312 53.455 -12.192
v 215.580 53.622 -12.192
v 214.930 53.997 -12.192
v 214.420 54.547 -12.192
v 214.094 55.223 -12.192
v 193.982 55.965 -12.192
v 194.094 56.707 -12.192
v 194.420 57.383 -12.192
v 194.930 57.933 -12.192
v 195.580 58.308 -12.192
v 196.312 58.475 -12.192
v 197.060 58.419 -12.192
v 197.759 58.145 -12.192
v 198.345 57.677 -12.192
v 198.768 57.057 -12.192
v 198.989 56.340 -12.192
v 198.989 55.590 -12.192
v 198.768 54.873 -12.192
v 198.345 54.253 -12.192
v 197.759 53.785 -12.192
v 197.060 53.511 -12.192
v 196.312 53.455 -12.192
v 195.580 53.622 -12.192
v 194.930 53.997 -12.192
v 194.420 54.547 -12.192
v 194.094 55.223 -12.192
v 173.982 55.965 -12.192
v 174.094 56.707 -12.192
v 174.420 57.383 -12.192
v 174.930 57.933 -12.192
v 175.580 58.308 -12.192
v 176.312 58.475 -12.192
v 177.060 58.419 -12.192
v 177.759 58.145 -12.192
v 178.345 57.677 -12.192
v 178.768 57.057 -12.192
v 178.989 56.340 -12.192
v 178.989 55.590 -12.192
v 178.768 54.873 -12.192
v 178.345 54.253 -12.192
v 177.759 53.785 -12.192
v 177.060 53.511 -12.192
v 176.312 53.455 -12.192
v 175.580 53.622 -12.192
v 174.930 53.997 -12.192
v 174.420 54.547 -12.192
v 174.094 55.223 -12.192
v 153.982 55.965 -12.192
v 154.094 56.707 -12.192
v 154.420 57.383 -12.192
v 154.930 57.933 -12.192
v 155.580 58.308 -12.192
v 156.312 58.475 -12.192
v 157.060 58.419 -12.192
v 157.759 58.145 -12.192
v 158.345 57.677 -12.192
v 158.768 57.057 -12.192
v 158.989 56.340 -12.192
v 158.989 55.590 -12.192
v 158.768 54.873 -12.192
v 158.345 54.253 -12.192
v 157.759 53.785 -12.192
v 157.060 53.511 -12.192
v 156.312 53.455 -12.192
v 155.580 53.622 -12.192
v 154.930 53.997 -12.192
v 154.420 54.547 -12.192
v 154.094 55.223 -12.192
v 133.983 55.965 -12.192
v 134.094 56.707 -12.192
v 134.420 57.383 -12.192
v 134.930 57.933 -12.192
v 135.580 58.308 -12.192
v 136.312 58.475 -12.192
v 137.060 58.419 -12.192
v 137.759 58.145 -12.192
v 138.345 57.677 -12.192
v 138.768 57.057 -12.192
v 138.989 56.340 -12.192
v 138.989 55.590 -12.192
v 138.768 54.873 -12.192
v 138.345 54.253 -12.192
v 137.759 53.785 -12.192
v 137.060 53.511 -12.192
v 136.312 53.455 -12.192
v 135.580 53.622 -12.192
v 134.930 53.997 -12.192
v 134.420 54.547 -12.192
v 134.094 55.223 -12.192
v 113.983 55.965 -12.192
v 114.094 56.707 -12.192
v 114.420 57.383 -12.192
v 114.930 57.933 -12.192
v 115.580 58.308 -12.192
v 116.312 58.475 -12.192
v 117.060 58.419 -12.192
v 117.759 58.145 -12.192
v 118.345 57.677 -12.192
v 118.768 57.057 -12.192
v 118.989 56.340 -12.192
v 118.989 55.590 -12.192
v 118.768 54.873 -12.192
v 118.345 54.253 -12.192
v 117.759 53.785 -12.192
v 117.060 53.511 -12.192
v 116.312 53.455 -12.192
v 115.580 53.622 -12.192
v 114.930 53.997 -12.192
v 114.420 54.547 -12.192
v 114.094 55.223 -12.192
v 93.983 55.965 -12.192
v 94.094 56.707 -12.192
v 94.420 57.383 -12.192
v 94.930 57.933 -12.192
v 95.580 58.308 -12.192
v 96.312 58.475 -12.192
v 97.060 58.419 -12.192
v 97.759 58.145 -12.192
v 98.345 57.677 -12.192
v 98.768 57.057 -12.192
v 98.989 56.340 -12.192
v 98.989 55.590 -12.192
v 98.768 54.873 -12.192
v 98.345 54.253 -12.192
v 97.759 53.785 -12.192
v 97.060 53.511 -12.192
v 96.312 53.455 -12.192
v 95.580 53.622 -12.192
v 94.930 53.997 -12.192
v 94.420 54.547 -12.192
v 94.094 55.223 -12.192
v 73.982 55.965 -12.192
v 74.094 56.707 -12.192
v 74.420 57.383 -12.192
v 74.930 57.933 -12.192
v 75.580 58.308 -12.192
v 76.312 58.475 -12.192
v 77.060 58.419 -12.192
v 77.759 58.145 -12.192
v 78.345 57.677 -12.192
v 78.768 57.057 -12.192
v 78.989 56.340 -12.192
v 78.989 55.590 -12.192
v 78.768 54.873 -12.192
v 78.345 54.253 -12.192
v 77.759 53.785 -12.192
v 77.060 53.511 -12.192
v 76.312 53.455 -12.192
v 75.580 53.622 -12.192
v 74.930 53.997 -12.192
v 74.420 54.547 -12.192
v 74.094 55.223 -12.192
v 53.982 55.965 -12.192
v 54.094 56.707 -12.192
v 54.420 57.383 -12.192
v 54.930 57.933 -12.192
v 55.580 58.308 -12.192
v 56.312 58.475 -12.192
v 57.060 58.419 -12.192
v 57.759 58.145 -12.192
v 58.345 57.677 -12.192
v 58.768 57.057 -12.192
v 58.989 56.340 -12.192
v 58.989 55.590 -12.192
v 58.768 54.873 -12.192
v 58.345 54.253 -12.192
v 57.759 53.785 -12.192
v 57.060 53.511 -12.192
v 56.312 53.455 -12.192
v 55.580 53.622 -12.192
v 54.930 53.997 -12.192
v 54.420 54.547 -12.192
v 54.094 55.223 -12.192
v 33.982 55.965 -12.192
v 34.094 56.707 -12.192
v 34.420 57.383 -12.192
v 34.930 57.933 -12.192
v 35.580 58.308 -12.192
v 36.312 58.475 -12.192
v 37.060 58.419 -12.192
v 37.759 58.145 -12.192
v 38.345 57.677 -12.192
v 38.768 57.057 -12.192
v 38.989 56.340 -12.192
v 38.989 55.590 -12.192
v 38.768 54.873 -12.192
v 38.345 54.253 -12.192
v 37.759 53.785 -12.192
v 37.060 53.511 -12.192
v 36.312 53.455 -12.192
v 35.580 53.622 -12.192
v 34.930 53.997 -12.192
v 34.420 54.547 -12.192
v 34.094 55.223 -12.192
v 13.982 55.965 -12.192
v 14.094 56.707 -12.192
v 14.420 57.383 -12.192
v 14.930 57.933 -12.192
v 15.580 58.308 -12.192
v 16.312 58.475 -12.192
v 17.060 58.419 -12.192
v 17.759 58.145 -12.192
v 18.345 57.677 -12.192
v 18.768 57.057 -12.192
v 18.989 56.340 -12.192
v 18.989 55.590 -12.192
v 18.768 54.873 -12.192
v 18.345 54.253 -12.192
v 17.759 53.785 -12.192
v 17.060 53.511 -12.192
v 16.312 53.455 -12.192
v 15.580 53.622 -12.192
v 14.930 53.997 -12.192
v 14.420 54.547 -12.192
v 14.094 55.223 -12.192
v 213.982 35.965 -12.192
v 214.094 36.707 -12.192
v 214.420 37.383 -12.192
v 214.930 37.933 -12.192
v 215.580 38.308 -12.192
v 216.312 38.475 -12.192
v 217.060 38.419 -12.192
v 217.759 38.145 -12.192
v 218.345 37.677 -12.192
v 218.768 37.057 -12.192
v 218.989 36.340 -12.192
v 218.989 35.590 -12.192
v 218.768 34.873 -12.192
v 218.345 34.253 -12.192
v 217.759 33.785 -12.192
v 217.060 33.511 -12.192
v 216.312 33.455 -12.192
v 215.580 33.622 -12.192
v 214.930 33.997 -12.192
v 214.420 34.547 -12.192
v 214.094 35.223 -12.192
v 193.982 35.965 -12.192
v 194.094 36.707 -12.192
v 194.420 37.383 -12.192
v 194.930 37.933 -12.192
v 195.580 38.308 -12.192
v 196.312 38.475 -12.192
v 197.060 38.419 -12.192
v 197.759 38.145 -12.192
v 198.345 37.677 -12.192
v 198.768 37.057 -12.192
v 198.989 36.340 -12.192
v 198.989 35.590 -12.192
v 198.768 34.873 -12.192
v 198.345 34.253 -12.192
v 197.759 33.785 -12.192
v 197.060 33.511 -12.192
v 196.312 33.455 -12.192
v 195.580 33.622 -12.192
v 194.930 33.997 -12.192
v 194.420 34.547 -12.192
v 194.094 35.223 -12.192
v 173.982 35.965 -12.192
v 174.094 36.707 -12.192
v 174.420 37.383 -12.192
v 174.930 37.933 -12.192
v 175.580 38.308 -12.192
v 176.312 38.475 -12.192
v 177.060 38.419 -12.192
v 177.759 38.145 -12.192
v 178.345 37.677 -12.192
v 178.768 37.057 -12.192
v 178.989 36.340 -12.192
v 178.989 35.590 -12.192
v 178.768 34.873 -12.192
v 178.345 34.253 -12.192
v 177.759 33.785 -12.192
v 177.060 33.511 -12.192
v 176.312 33.455 -12.192
v 175.580 33.622 -12.192
v 174.930 33.997 -12.192
v 174.420 34.547 -12.192
v 174.094 35.223 -12.192
v 153.982 35.965 -12.192
v 154.094 36.707 -12.192
v 154.420 37.383 -12.192
v 154.930 37.933 -12.192
v 155.580 38.308 -12.192
v 156.312 38.475 -12.192
v 157.060 38.419 -12.192
v 157.759 38.145 -12.192
v 158.345 37.677 -12.192
v 158.768 37.057 -12.192
v 158.989 36.340 -12.192
v 158.989 35.590 -12.192
v 158.768 34.873 -12.192
v 158.345 34.253 -12.192
v 157.759 33.785 -12.192
v 157.060 33.511 -12.192
v 156.312 33.455 -12.192
v 155.580 33.622 -12.192
v 154.930 33.997 -12.192
v 154.420 34.547 -12.192
v 154.094 35.223 -12.192
v 133.983 35.965 -12.192
v 134.094 36.707 -12.192
v 134.420 37.383 -12.192
v 134.930 37.933 -12.192
v 135.580 38.308 -12.192
v 136.312 38.475 -12.192
v 137.060 38.419 -12.192
v 137.759 38.145 -12.192
v 138.345 37.677 -12.192
v 138.768 37.057 -12.192
v 138.989 36.340 -12.192
v 138.989 35.590 -12.192
v 138.768 34.873 -12.192
v 138.345 34.253 -12.192
v 137.759 33.785 -12.192
v 137.060 33.511 -12.192
v 136.312 33.455 -12.192
v 135.580 33.622 -12.192
v 134.930 33.997 -12.192
v 134.420 34.547 -12.192
v 134.094 35.223 -12.192
v 113.983 35.965 -12.192
v 114.094 36.707 -12.192
v 114.420 37.383 -12.192
v 114.930 37.933 -12.192
v 115.580 38.308 -12.192
v 116.312 38.475 -12.192
v 117.060 38.419 -12.192
v 117.759 38.145 -12.192
v 118.345 37.677 -12.192
v 118.768 37.057 -12.192
v 118.989 36.340 -12.192
v 118.989 35.590 -12.192
v 118.768 34.873 -12.192
v 118.345 34.253 -12.192
v 117.759 33.785 -12.192
v 117.060 33.511 -12.192
v 116.312 33.455 -12.192
v 115.580 33.622 -12.192
v 114.930 33.997 -12.192
v 114.420 34.547 -12.192
v 114.094 35.223 -12.192
v 93.983 35.965 -12.192
v 94.094 36.707 -12.192
v 94.420 37.383 -12.192
v 94.930 37.933 -12.192
v 95.580 38.308 -12.192
v 96.312 38.475 -12.192
v 97.060 38.419 -12.192
v 97.759 38.145 -12.192
v 98.345 37.677 -12.192
v 98.768 37.057 -12.192
v 98.989 36.340 -12.192
v 98.989 35.590 -12.192
v 98.768 34.873 -12.192
v 98.345 34.253 -12.192
v 97.759 33.785 -12.192
v 97.060 33.511 -12.192
v 96.312 33.455 -12.192
v 95.580 33.622 -12.192
v 94.930 33.997 -12.192
v 94.420 34.547 -12.192
v 94.094 35.223 -12.192
v 73.982 35.965 -12.192
v 74.094 36.707 -12.192
v 74.420 37.383 -12.192
v 74.930 37.933 -12.192
v 75.580 38.308 -12.192
v 76.312 38.475 -12.192
v 77.060 38.419 -12.192
v 77.759 38.145 -12.192
v 78.345 37.677 -12.192
v 78.768 37.057 -12.192
v 78.989 36.340 -12.192
v 78.989 35.590 -12.192
v 78.768 34.873 -12.192
v 78.345 34.253 -12.192
v 77.759 33.785 -12.192
v 77.060 33.511 -12.192
v 76.312 33.455 -12.192
v 75.580 33.622 -12.192
v 74.930 33.997 -12.192
v 74.420 34.547 -12.192
v 74.094 35.223 -12.192
v 53.982 35.965 -12.192
v 54.094 36.707 -12.192
v 54.420 37.383 -12.192
v 54.930 37.933 -12.192
v 55.580 38.308 -12.192
v 56.312 38.475 -12.192
v 57.060 38.419 -12.192
v 57.759 38.145 -12.192
v 58.345 37.677 -12.192
v 58.768 37.057 -12.192
v 58.989 36.340 -12.192
v 58.989 35.590 -12.192
v 58.768 34.873 -12.192
v 58.345 34.253 -12.192
v 57.759 33.785 -12.192
v 57.060 33.511 -12.192
v 56.312 33.455 -12.192
v 55.580 33.622 -12.192
v 54.930 33.997 -12.192
v 54.420 34.547 -12.192
v 54.094 35.223 -12.192
v 13.982 35.965 -12.192
v 14.094 36.707 -12.192
v 14.420 37.383 -12.192
v 14.930 37.933 -12.192
v 15.580 38.308 -12.192
v 16.312 38.475 -12.192
v 17.060 38.419 -12.192
v 17.759 38.145 -12.192
v 18.345 37.677 -12.192
v 18.768 37.057 -12.192
v 18.989 36.340 -12.192
v 18.989 35.590 -12.192
v 18.768 34.873 -12.192
v 18.345 34.253 -12.192
v 17.759 33.785 -12.192
v 17.060 33.511 -12.192
v 16.312 33.455 -12.192
v 15.580 33.622 -12.192
v 14.930 33.997 -12.192
v 14.420 34.547 -12.192
v 14.094 35.223 -12.192
v 213.982 15.965 -12.192
v 214.094 16.707 -12.192
v 214.420 17.383 -12.192
v 214.930 17.933 -12.192
v 215.580 18.308 -12.192
v 216.312 18.475 -12.192
v 217.060 18.419 -12.192
v 217.759 18.145 -12.192
v 218.345 17.677 -12.192
v 218.768 17.057 -12.192
v 218.989 16.340 -12.192
v 218.989 15.590 -12.192
v 218.768 14.873 -12.192
v 218.345 14.253 -12.192
v 217.759 13.785 -12.192
v 217.060 13.511 -12.192
v 216.312 13.455 -12.192
v 215.580 13.622 -12.192
v 214.930 13.997 -12.192
v 214.420 14.547 -12.192
v 214.094 15.223 -12.192
v 193.982 15.965 -12.192
v 194.094 16.707 -12.192
v 194.420 17.383 -12.192
v 194.930 17.933 -12.192
v 195.580 18.308 -12.192
v 196.312 18.475 -12.192
v 197.060 18.419 -12.192
v 197.759 18.145 -12.192
v 198.345 17.677 -12.192
v 198.768 17.057 -12.192
v 198.989 16.340 -12.192
v 198.989 15.590 -12.192
v 198.768 14.873 -12.192
v 198.345 14.253 -12.192
v 197.759 13.785 -12.192
v 197.060 13.511 -12.192
v 196.312 13.455 -12.192
v 195.580 13.622 -12.192
v 194.930 13.997 -12.192
v 194.420 14.547 -12.192
v 194.094 15.223 -12.192
v 173.982 15.965 -12.192
v 174.094 16.707 -12.192
v 174.420 17.383 -12.192
v 174.930 17.933 -12.192
v 175.580 18.308 -12.192
v 176.312 18.475 -12.192
v 177.060 18.419 -12.192
v 177.759 18.145 -12.192
v 178.345 17.677 -12.192
v 178.768 17.057 -12.192
v 178.989 16.340 -12.192
v 178.989 15.590 -12.192
v 178.768 14.873 -12.192
v 178.345 14.253 -12.192
v 177.759 13.785 -12.192
v 177.060 13.511 -12.192
v 176.312 13.455 -12.192
v 175.580 13.622 -12.192
v 174.930 13.997 -12.192
v 174.420 14.547 -12.192
v 174.094 15.223 -12.192
v 153.982 15.965 -12.192
v 154.094 16.707 -12.192
v 154.420 17.383 -12.192
v 154.930 17.933 -12.192
v 155.580 18.308 -12.192
v 156.312 18.475 -12.192
v 157.060 18.419 -12.192
v 157.759 18.145 -12.192
v 158.345 17.677 -12.192
v 158.768 17.057 -12.192
v 158.989 16.340 -12.192
v 158.989 15.590 -12.192
v 158.768 14.873 -12.192
v 158.345 14.253 -12.192
v 157.759 13.785 -12.192
v 157.060 13.511 -12.192
v 156.312 13.455 -12.192
v 155.580 13.622 -12.192
v 154.930 13.997 -12.192
v 154.420 14.547 -12.192
v 154.094 15.223 -12.192
v 133.983 15.965 -12.192
v 134.094 16.707 -12.192
v 134.420 17.383 -12.192
v 134.930 17.933 -12.192
v 135.580 18.308 -12.192
v 136.312 18.475 -12.192
v 137.060 18.419 -12.192
v 137.759 18.145 -12.192
v 138.345 17.677 -12.192
v 138.768 17.057 -12.192
v 138.989 16.340 -12.192
v 138.989 15.590 -12.192
v 138.768 14.873 -12.192
v 138.345 14.253 -12.192
v 137.759 13.785 -12.192
v 137.060 13.511 -12.192
v 136.312 13.455 -12.192
v 135.580 13.622 -12.192
v 134.930 13.997 -12.192
v 134.420 14.547 -12.192
v 134.094 15.223 -12.192
v 113.983 15.965 -12.192
v 114.094 16.707 -12.192
v 114.420 17.383 -12.192
v 114.930 17.933 -12.192
v 115.580 18.308 -12.192
v 116.312 18.475 -12.192
v 117.060 18.419 -12.192
v 117.759 18.145 -12.192
v 118.345 17.677 -12.192
v 118.768 17.057 -12.192
v 118.989 16.340 -12.192
v 118.989 15.590 -12.192
v 118.768 14.873 -12.192
v 118.345 14.253 -12.192
v 117.759 13.785 -12.192
v 117.060 13.511 -12.192
v 116.312 13.455 -12.192
v 115.580 13.622 -12.192
v 114.930 13.997 -12.192
v 114.420 14.547 -12.192
v 114.094 15.223 -12.192
v 93.983 15.965 -12.192
v 94.094 16.707 -12.192
v 94.420 17.383 -12.192
v 94.930 17.933 -12.192
v 95.580 18.308 -12.192
v 96.312 18.475 -12.192
v 97.060 18.419 -12.192
v 97.759 18.145 -12.192
v 98.345 17.677 -12.192
v 98.768 17.057 -12.192
v 98.989 16.340 -12.192
v 98.989 15.590 -12.192
v 98.768 14.873 -12.192
v 98.345 14.253 -12.192
v 97.759 13.785 -12.192
v 97.060 13.511 -12.192
v 96.312 13.455 -12.192
v 95.580 13.622 -12.192
v 94.930 13.997 -12.192
v 94.420 14.547 -12.192
v 94.094 15.223 -12.192
v 73.982 15.965 -12.192
v 74.094 16.707 -12.192
v 74.420 17.383 -12.192
v 74.930 17.933 -12.192
v 75.580 18.308 -12.192
v 76.312 18.475 -12.192
v 77.060 18.419 -12.192
v 77.759 18.145 -12.192
v 78.345 17.677 -12.192
v 78.768 17.057 -12.192
v 78.989 16.340 -12.192
v 78.989 15.590 -12.192
v 78.768 14.873 -12.192
v 78.345 14.253 -12.192
v 77.759 13.785 -12.192
v 77.060 13.511 -12.192
v 76.312 13.455 -12.192
v 75.580 13.622 -12.192
v 74.930 13.997 -12.192
v 74.420 14.547 -12.192
v 74.094 15.223 -12.192
v 53.982 15.965 -12.192
v 54.094 16.707 -12.192
v 54.420 17.383 -12.192
v 54.930 17.933 -12.192
v 55.580 18.308 -12.192
v 56.312 18.475 -12.192
v 57.060 18.419 -12.192
v 57.759 18.145 -12.192
v 58.345 17.677 -12.192
v 58.768 17.057 -12.192
v 58.989 16.340 -12.192
v 58.989 15.590 -12.192
v 58.768 14.873 -12.192
v 58.345 14.253 -12.192
v 57.759 13.785 -12.192
v 57.060 13.511 -12.192
v 56.312 13.455 -12.192
v 55.580 13.622 -12.192
v 54.930 13.997 -12.192
v 54.420 14.547 -12.192
v 54.094 15.223 -12.192
v 33.982 15.965 -12.192
v 34.094 16.707 -12.192
v 34.420 17.383 -12.192
v 34.930 17.933 -12.192
v 35.580 18.308 -12.192
v 36.312 18.475 -12.192
v 37.060 18.419 -12.192
v 37.759 18.145 -12.192
v 38.345 17.677 -12.192
v 38.768 17.057 -12.192
v 38.989 16.340 -12.192
v 38.989 15.590 -12.192
v 38.768 14.873 -12.192
v 38.345 14.253 -12.192
v 37.759 13.785 -12.192
v 37.060 13.511 -12.192
v 36.312 13.455 -12.192
v 35.580 13.622 -12.192
v 34.930 13.997 -12.192
v 34.420 14.547 -12.192
v 34.094 15.223 -12.192
v 3.982 5.965 -12.192
v 4.094 6.707 -12.192
v 4.420 7.383 -12.192
v 4.930 7.933 -12.192
v 5.580 8.308 -12.192
v 6.312 8.475 -12.192
v 7.060 8.419 -12.192
v 7.759 8.145 -12.192
v 8.345 7.677 -12.192
v 8.768 7.057 -12.192
v 8.989 6.340 -12.192
v 8.989 5.590 -12.192
v 8.768 4.873 -12.192
v 8.345 4.253 -12.192
v 7.759 3.785 -12.192
v 7.060 3.511 -12.192
v 6.312 3.455 -12.192
v 5.580 3.622 -12.192
v 4.930 3.997 -12.192
v 4.420 4.547 -12.192
v 4.094 5.223 -12.192
v 201.750 77.965 -12.192
v 201.872 77.154 -12.192
v 202.228 76.416 -12.192
v 202.785 75.815 -12.192
v 203.495 75.405 -12.192
v 204.294 75.223 -12.192
v 205.112 75.284 -12.192
v 205.875 75.583 -12.192
v 206.516 76.095 -12.192
v 206.978 76.772 -12.192
v 207.219 77.555 -12.192
v 207.219 78.375 -12.192
v 206.978 79.158 -12.192
v 206.516 79.835 -12.192
v 205.875 80.347 -12.192
v 205.112 80.646 -12.192
v 204.294 80.707 -12.192
v 203.495 80.525 -12.192
v 202.785 80.115 -12.192
v 202.228 79.514 -12.192
v 201.872 78.776 -12.192
v 17.750 42.965 -12.192
v 17.872 42.154 -12.192
v 18.228 41.416 -12.192
v 18.785 40.815 -12.192
v 19.495 40.405 -12.192
v 20.294 40.223 -12.192
v 21.112 40.284 -12.192
v 21.875 40.583 -12.192
v 22.516 41.095 -12.192
v 22.978 41.772 -12.192
v 23.219 42.555 -12.192
v 23.219 43.375 -12.192
v 22.978 44.158 -12.192
v 22.516 44.835 -12.192
v 21.875 45.347 -12.192
v 21.112 45.646 -12.192
v 20.294 45.707 -12.192
v 19.495 45.525 -12.192
v 18.785 45.115 -12.192
v 18.228 44.514 -12.192
v 17.872 43.776 -12.192
v 35.750 5.465 -12.192
v 35.872 4.654 -12.192
v 36.228 3.916 -12.192
v 36.785 3.315 -12.192
v 37.495 2.905 -12.192
v 38.294 2.723 -12.192
v 39.112 2.784 -12.192
v 39.875 3.083 -12.192
v 40.516 3.595 -12.192
v 40.978 4.272 -12.192
v 41.219 5.055 -12.192
v 41.219 5.875 -12.192
v 40.978 6.658 -12.192
v 40.516 7.335 -12.192
v 39.875 7.847 -12.192
v 39.112 8.146 -12.192
v 38.294 8.207 -12.192
v 37.495 8.025 -12.192
v 36.785 7.615 -12.192
v 36.228 7.014 -12.192
v 35.872 6.276 -12.192
v 90.750 5.465 -12.192
v 90.872 4.654 -12.192
v 91.228 3.916 -12.192
v 91.785 3.315 -12.192
v 92.495 2.905 -12.192
v 93.294 2.723 -12.192
v 94.112 2.784 -12.192
v 94.875 3.083 -12.192
v 95.516 3.595 -12.192
v 95.978 4.272 -12.192
v 96.219 5.055 -12.192
v 96.219 5.875 -12.192
v 95.978 6.658 -12.192
v 95.516 7.335 -12.192
v 94.875 7.847 -12.192
v 94.112 8.146 -12.192
v 93.294 8.207 -12.192
v 92.495 8.025 -12.192
v 91.785 7.615 -12.192
v 91.228 7.014 -12.192
v 90.872 6.276 -12.192
v 130.750 77.965 -12.192
v 130.872 77.154 -12.192
v 131.228 76.416 -12.192
v 131.785 75.815 -12.192
v 132.495 75.405 -12.192
v 133.294 75.223 -12.192
v 134.112 75.284 -12.192
v 134.875 75.583 -12.192
v 135.516 76.095 -12.192
v 135.978 76.772 -12.192
v 136.219 77.555 -12.192
v 136.219 78.375 -12.192
v 135.978 79.158 -12.192
v 135.516 79.835 -12.192
v 134.875 80.347 -12.192
v 134.112 80.646 -12.192
v 133.294 80.707 -12.192
v 132.495 80.525 -12.192
v 131.785 80.115 -12.192
v 131.228 79.514 -12.192
v 130.872 78.776 -12.192
v 50.750 9.965 -12.192
v 50.872 9.154 -12.192
v 51.228 8.416 -12.192
v 51.785 7.815 -12.192
v 52.495 7.405 -12.192
v 53.294 7.223 -12.192
v 54.112 7.284 -12.192
v 54.875 7.583 -12.192
v 55.516 8.095 -12.192
v 55.978 8.772 -12.192
v 56.219 9.555 -12.192
v 56.219 10.375 -12.192
v 55.978 11.158 -12.192
v 55.516 11.835 -12.192
v 54.875 12.347 -12.192
v 54.112 12.646 -12.192
v 53.294 12.707 -12.192
v 52.495 12.525 -12.192
v 51.785 12.115 -12.192
v 51.228 11.514 -12.192
v 50.872 10.776 -12.192
v 210.067 193.965 -12.192
v 209.820 195.606 -12.192
v 209.100 197.101 -12.192
v 207.971 198.318 -12.192
v 206.534 199.148 -12.192
v 204.916 199.517 -12.192
v 203.261 199.393 -12.192
v 201.716 198.787 -12.192
v 200.419 197.752 -12.192
v 199.484 196.381 -12.192
v 198.995 194.795 -12.192
v 198.995 193.135 -12.192
v 199.484 191.549 -12.192
v 200.419 190.178 -12.192
v 201.716 189.143 -12.192
v 203.261 188.537 -12.192
v 204.916 188.413 -12.192
v 206.534 188.782 -12.192
v 207.971 189.612 -12.192
v 209.100 190.829 -12.192
v 209.820 192.324 -12.192
v 43.982 5.965 -12.192
v 44.094 6.707 -12.192
v 44.420 7.383 -12.192
v 44.930 7.933 -12.192
v 45.580 8.308 -12.192
v 46.312 8.475 -12.192
v 47.060 8.419 -12.192
v 47.759 8.145 -12.192
v 48.345 7.677 -12.192
v 48.768 7.057 -12.192
v 48.989 6.340 -12.192
v 48.989 5.590 -12.192
v 48.768 4.873 -12.192
v 48.345 4.253 -12.192
v 47.759 3.785 -12.192
v 47.060 3.511 -12.192
v 46.312 3.455 -12.192
v 45.580 3.622 -12.192
v 44.930 3.997 -12.192
v 44.420 4.547 -12.192
v 44.094 5.223 -12.192
v 63.982 5.965 -12.192
v 64.094 6.707 -12.192
v 64.420 7.383 -12.192
v 64.930 7.933 -12.192
v 65.580 8.308 -12.192
v 66.312 8.475 -12.192
v 67.060 8.419 -12.192
v 67.759 8.145 -12.192
v 68.345 7.677 -12.192
v 68.768 7.057 -12.192
v 68.989 6.340 -12.192
v 68.989 5.590 -12.192
v 68.768 4.873 -12.192
v 68.345 4.253 -12.192
v 67.759 3.785 -12.192
v 67.060 3.511 -12.192
v 66.312 3.455 -12.192
v 65.580 3.622 -12.192
v 64.930 3.997 -12.192
v 64.420 4.547 -12.192
v 64.094 5.223 -12.192
v 83.983 5.965 -12.192
v 84.094 6.707 -12.192
v 84.420 7.383 -12.192
v 84.930 7.933 -12.192
v 85.580 8.308 -12.192
v 86.312 8.475 -12.192
v 87.060 8.419 -12.192
v 87.759 8.145 -12.192
v 88.345 7.677 -12.192
v 88.768 7.057 -12.192
v 88.989 6.340 -12.192
v 88.989 5.590 -12.192
v 88.768 4.873 -12.192
v 88.345 4.253 -12.192
v 87.759 3.785 -12.192
v 87.060 3.511 -12.192
v 86.312 3.455 -12.192
v 85.580 3.622 -12.192
v 84.930 3.997 -12.192
v 84.420 4.547 -12.192
v 84.094 5.223 -12.192
v 123.983 5.965 -12.192
v 124.094 6.707 -12.192
v 124.420 7.383 -12.192
v 124.930 7.933 -12.192
v 125.580 8.308 -12.192
v 126.312 8.475 -12.192
v 127.060 8.419 -12.192
v 127.759 8.145 -12.192
v 128.345 7.677 -12.192
v 128.768 7.057 -12.192
v 128.989 6.340 -12.192
v 128.989 5.590 -12.192
v 128.768 4.873 -12.192
v 128.345 4.253 -12.192
v 127.759 3.785 -12.192
v 127.060 3.511 -12.192
v 126.312 3.455 -12.192
v 125.580 3.622 -12.192
v 124.930 3.997 -12.192
v 124.420 4.547 -12.192
v 124.094 5.223 -12.192
v 143.982 5.965 -12.192
v 144.094 6.707 -12.192
v 144.420 7.383 -12.192
v 144.930 7.933 -12.192
v 145.580 8.308 -12.192
v 146.312 8.475 -12.192
v 147.060 8.419 -12.192
v 147.759 8.145 -12.192
v 148.345 7.677 -12.192
v 148.768 7.057 -12.192
v 148.989 6.340 -12.192
v 148.989 5.590 -12.192
v 148.768 4.873 -12.192
v 148.345 4.253 -12.192
v 147.759 3.785 -12.192
v 147.060 3.511 -12.192
v 146.312 3.455 -12.192
v 145.580 3.622 -12.192
v 144.930 3.997 -12.192
v 144.420 4.547 -12.192
v 144.094 5.223 -12.192
v 163.982 5.965 -12.192
v 164.094 6.707 -12.192
v 164.420 7.383 -12.192
v 164.930 7.933 -12.192
v 165.580 8.308 -12.192
v 166.312 8.475 -12.192
v 167.060 8.419 -12.192
v 167.759 8.145 -12.192
v 168.345 7.677 -12.192
v 168.768 7.057 -12.192
v 168.989 6.340 -12.192
v 168.989 5.590 -12.192
v 168.768 4.873 -12.192
v 168.345 4.253 -12.192
v 167.759 3.785 -12.192
v 167.060 3.511 -12.192
v 166.312 3.455 -12.192
v 165.580 3.622 -12.192
v 164.930 3.997 -12.192
v 164.420 4.547 -12.192
v 164.094 5.223 -12.192
v 183.982 5.965 -12.192
v 184.094 6.707 -12.192
v 184.420 7.383 -12.192
v 184.930 7.933 -12.192
v 185.580 8.308 -12.192
v 186.312 8.475 -12.192
v 187.060 8.419 -12.192
v 187.759 8.145 -12.192
v 188.345 7.677 -12.192
v 188.768 7.057 -12.192
v 188.989 6.340 -12.192
v 188.989 5.590 -12.192
v 188.768 4.873 -12.192
v 188.345 4.253 -12.192
v 187.759 3.785 -12.192
v 187.060 3.511 -12.192
v 186.312 3.455 -12.192
v 185.580 3.622 -12.192
v 184.930 3.997 -12.192
v 184.420 4.547 -12.192
v 184.094 5.223 -12.192
v 3.982 25.965 -12.192
v 4.094 26.707 -12.192
v 4.420 27.383 -12.192
v 4.930 27.933 -12.192
v 5.580 28.308 -12.192
v 6.312 28.475 -12.192
v 7.060 28.419 -12.192
v 7.759 28.145 -12.192
v 8.345 27.677 -12.192
v 8.768 27.057 -12.192
v 8.989 26.340 -12.192
v 8.989 25.590 -12.192
v 8.768 24.873 -12.192
v 8.345 24.253 -12.192
v 7.759 23.785 -12.192
v 7.060 23.511 -12.192
v 6.312 23.455 -12.192
v 5.580 23.622 -12.192
v 4.930 23.997 -12.192
v 4.420 24.547 -12.192
v 4.094 25.223 -12.192
v 23.982 25.965 -12.192
v 24.094 26.707 -12.192
v 24.420 27.383 -12.192
v 24.930 27.933 -12.192
v 25.580 28.308 -12.192
v 26.312 28.475 -12.192
v 27.060 28.419 -12.192
v 27.759 28.145 -12.192
v 28.345 27.677 -12.192
v 28.768 27.057 -12.192
v 28.989 26.340 -12.192
v 28.989 25.590 -12.192
v 28.768 24.873 -12.192
v 28.345 24.253 -12.192
v 27.759 23.785 -12.192
v 27.060 23.511 -12.192
v 26.312 23.455 -12.192
v 25.580 23.622 -12.192
v 24.930 23.997 -12.192
v 24.420 24.547 -12.192
v 24.094 25.223 -12.192
v 43.982 25.965 -12.192
v 44.094 26.707 -12.192
v 44.420 27.383 -12.192
v 44.930 27.933 -12.192
v 45.580 28.308 -12.192
v 46.312 28.475 -12.192
v 47.060 28.419 -12.192
v 47.759 28.145 -12.192
v 48.345 27.677 -12.192
v 48.768 27.057 -12.192
v 48.989 26.340 -12.192
v 48.989 25.590 -12.192
v 48.768 24.873 -12.192
v 48.345 24.253 -12.192
v 47.759 23.785 -12.192
v 47.060 23.511 -12.192
v 46.312 23.455 -12.192
v 45.580 23.622 -12.192
v 44.930 23.997 -12.192
v 44.420 24.547 -12.192
v 44.094 25.223 -12.192
v 63.982 25.965 -12.192
v 64.094 26.707 -12.192
v 64.420 27.383 -12.192
v 64.930 27.933 -12.192
v 65.580 28.308 -12.192
v 66.312 28.475 -12.192
v 67.060 28.419 -12.192
v 67.759 28.145 -12.192
v 68.345 27.677 -12.192
v 68.768 27.057 -12.192
v 68.989 26.340 -12.192
v 68.989 25.590 -12.192
v 68.768 24.873 -12.192
v 68.345 24.253 -12.192
v 67.759 23.785 -12.192
v 67.060 23.511 -12.192
v 66.312 23.455 -12.192
v 65.580 23.622 -12.192
v 64.930 23.997 -12.192
v 64.420 24.547 -12.192
v 64.094 25.223 -12.192
v 83.983 25.965 -12.192
v 84.094 26.707 -12.192
v 84.420 27.383 -12.192
v 84.930 27.933 -12.192
v 85.580 28.308 -12.192
v 86.312 28.475 -12.192
v 87.060 28.419 -12.192
v 87.759 28.145 -12.192
v 88.345 27.677 -12.192
v 88.768 27.057 -12.192
v 88.989 26.340 -12.192
v 88.989 25.590 -12.192
v 88.768 24.873 -12.192
v 88.345 24.253 -12.192
v 87.759 23.785 -12.192
v 87.060 23.511 -12.192
v 86.312 23.455 -12.192
v 85.580 23.622 -12.192
v 84.930 23.997 -12.192
v 84.420 24.547 -12.192
v 84.094 25.223 -12.192
v 103.983 25.965 -12.192
v 104.094 26.707 -12.192
v 104.420 27.383 -12.192
v 104.930 27.933 -12.192
v 105.580 28.308 -12.192
v 106.312 28.475 -12.192
v 107.060 28.419 -12.192
v 107.759 28.145 -12.192
v 108.345 27.677 -12.192
v 108.768 27.057 -12.192
v 108.989 26.340 -12.192
v 108.989 25.590 -12.192
v 108.768 24.873 -12.192
v 108.345 24.253 -12.192
v 107.759 23.785 -12.192
v 107.060 23.511 -12.192
v 106.312 23.455 -12.192
v 105.580 23.622 -12.192
v 104.930 23.997 -12.192
v 104.420 24.547 -12.192
v 104.094 25.223 -12.192
v 123.983 25.965 -12.192
v 124.094 26.707 -12.192
v 124.420 27.383 -12.192
v 124.930 27.933 -12.192
v 125.580 28.308 -12.192
v 126.312 28.475 -12.192
v 127.060 28.419 -12.192
v 127.759 28.145 -12.192
v 128.345 27.677 -12.192
v 128.768 27.057 -12.192
v 128.989 26.340 -12.192
v 128.989 25.590 -12.192
v 128.768 24.873 -12.192
v 128.345 24.253 -12.192
v 127.759 23.785 -12.192
v 127.060 23.511 -12.192
v 126.312 23.455 -12.192
v 125.580 23.622 -12.192
v 124.930 23.997 -12.192
v 124.420 24.547 -12.192
v 124.094 25.223 -12.192
v 143.982 25.965 -12.192
v 144.094 26.707 -12.192
v 144.420 27.383 -12.192
v 144.930 27.933 -12.192
v 145.580 28.308 -12.192
v 146.312 28.475 -12.192
v 147.060 28.419 -12.192
v 147.759 28.145 -12.192
v 148.345 27.677 -12.192
v 148.768 27.057 -12.192
v 148.989 26.340 -12.192
v 148.989 25.590 -12.192
v 148.768 24.873 -12.192
v 148.345 24.253 -12.192
v 147.759 23.785 -12.192
v 147.060 23.511 -12.192
v 146.312 23.455 -12.192
v 145.580 23.622 -12.192
v 144.930 23.997 -12.192
v 144.420 24.547 -12.192
v 144.094 25.223 -12.192
v 163.982 25.965 -12.192
v 164.094 26.707 -12.192
v 164.420 27.383 -12.192
v 164.930 27.933 -12.192
v 165.580 28.308 -12.192
v 166.312 28.475 -12.192
v 167.060 28.419 -12.192
v 167.759 28.145 -12.192
v 168.345 27.677 -12.192
v 168.768 27.057 -12.192
v 168.989 26.340 -12.192
v 168.989 25.590 -12.192
v 168.768 24.873 -12.192
v 168.345 24.253 -12.192
v 167.759 23.785 -12.192
v 167.060 23.511 -12.192
v 166.312 23.455 -12.192
v 165.580 23.622 -12.192
v 164.930 23.997 -12.192
v 164.420 24.547 -12.192
v 164.094 25.223 -12.192
v 183.982 25.965 -12.192
v 184.094 26.707 -12.192
v 184.420 27.383 -12.192
v 184.930 27.933 -12.192
v 185.580 28.308 -12.192
v 186.312 28.475 -12.192
v 187.060 28.419 -12.192
v 187.759 28.145 -12.192
v 188.345 27.677 -12.192
v 188.768 27.057 -12.192
v 188.989 26.340 -12.192
v 188.989 25.590 -12.192
v 188.768 24.873 -12.192
v 188.345 24.253 -12.192
v 187.759 23.785 -12.192
v 187.060 23.511 -12.192
v 186.312 23.455 -12.192
v 185.580 23.622 -12.192
v 184.930 23.997 -12.192
v 184.420 24.547 -12.192
v 184.094 25.223 -12.192
v 203.982 25.965 -12.192
v 204.094 26.707 -12.192
v 204.420 27.383 -12.192
v 204.930 27.933 -12.192
v 205.580 28.308 -12.192
v 206.312 28.475 -12.192
v 207.060 28.419 -12.192
v 207.759 28.145 -12.192
v 208.345 27.677 -12.192
v 208.768 27.057 -12.192
v 208.989 26.340 -12.192
v 208.989 25.590 -12.192
v 208.768 24.873 -12.192
v 208.345 24.253 -12.192
v 207.759 23.785 -12.192
v 207.060 23.511 -12.192
v 206.312 23.455 -12.192
v 205.580 23.622 -12.192
v 204.930 23.997 -12.192
v 204.420 24.547 -12.192
v 204.094 25.223 -12.192
v 3.982 45.965 -12.192
v 4.094 46.707 -12.192
v 4.420 47.383 -12.192
v 4.930 47.933 -12.192
v 5.580 48.308 -12.192
v 6.312 48.475 -12.192
v 7.060 48.419 -12.192
v 7.759 48.145 -12.192
v 8.345 47.677 -12.192
v 8.768 47.057 -12.192
v 8.989 46.340 -12.192
v 8.989 45.590 -12.192
v 8.768 44.873 -12.192
v 8.345 44.253 -12.192
v 7.759 43.785 -12.192
v 7.060 43.511 -12.192
v 6.312 43.455 -12.192
v 5.580 43.622 -12.192
v 4.930 43.997 -12.192
v 4.420 44.547 -12.192
v 4.094 45.223 -12.192
v 23.982 45.965 -12.192
v 24.094 46.707 -12.192
v 24.420 47.383 -12.192
v 24.930 47.933 -12.192
v 25.580 48.308 -12.192
v 26.312 48.475 -12.192
v 27.060 48.419 -12.192
v 27.759 48.145 -12.192
v 28.345 47.677 -12.192
v 28.768 47.057 -12.192
v 28.989 46.340 -12.192
v 28.989 45.590 -12.192
v 28.768 44.873 -12.192
v 28.345 44.253 -12.192
v 27.759 43.785 -12.192
v 27.060 43.511 -12.192
v 26.312 43.455 -12.192
v 25.580 43.622 -12.192
v 24.930 43.997 -12.192
v 24.420 44.547 -12.192
v 24.094 45.223 -12.192
v 63.982 45.965 -12.192
v 64.094 46.707 -12.192
v 64.420 47.383 -12.192
v 64.930 47.933 -12.192
v 65.580 48.308 -12.192
v 66.312 48.475 -12.192
v 67.060 48.419 -12.192
v 67.759 48.145 -12.192
v 68.345 47.677 -12.192
v 68.768 47.057 -12.192
v 68.989 46.340 -12.192
v 68.989 45.590 -12.192
v 68.768 44.873 -12.192
v 68.345 44.253 -12.192
v 67.759 43.785 -12.192
v 67.060 43.511 -12.192
v 66.312 43.455 -12.192
v 65.580 43.622 -12.192
v 64.930 43.997 -12.192
v 64.420 44.547 -12.192
v 64.094 45.223 -12.192
v 83.983 45.965 -12.192
v 84.094 46.707 -12.192
v 84.420 47.383 -12.192
v 84.930 47.933 -12.192
v 85.580 48.308 -12.192
v 86.312 48.475 -12.192
v 87.060 48.419 -12.192
v 87.759 48.145 -12.192
v 88.345 47.677 -12.192
v 88.768 47.057 -12.192
v 88.989 46.340 -12.192
v 88.989 45.590 -12.192
v 88.768 44.873 -12.192
v 88.345 44.253 -12.192
v 87.759 43.785 -12.192
v 87.060 43.511 -12.192
v 86.312 43.455 -12.192
v 85.580 43.622 -12.192
v 84.930 43.997 -12.192
v 84.420 44.547 -12.192
v 84.094 45.223 -12.192
v 103.983 45.965 -12.192
v 104.094 46.707 -12.192
v 104.420 47.383 -12.192
v 104.930 47.933 -12.192
v 105.580 48.308 -12.192
v 106.312 48.475 -12.192
v 107.060 48.419 -12.192
v 107.759 48.145 -12.192
v 108.345 47.677 -12.192
v 108.768 47.057 -12.192
v 108.989 46.340 -12.192
v 108.989 45.590 -12.192
v 108.768 44.873 -12.192
v 108.345 44.253 -12.192
v 107.759 43.785 -12.192
v 107.060 43.511 -12.192
v 106.312 43.455 -12.192
v 105.580 43.622 -12.192
v 104.930 43.997 -12.192
v 104.420 44.547 -12.192
v 104.094 45.223 -12.192
v 123.983 45.965 -12.192
v 124.094 46.707 -12.192
v 124.420 47.383 -12.192
v 124.930 47.933 -12.192
v 125.580 48.308 -12.192
v 126.312 48.475 -12.192
v 127.060 48.419 -12.192
v 127.759 48.145 -12.192
v 128.345 47.677 -12.192
v 128.768 47.057 -12.192
v 128.989 46.340 -12.192
v 128.989 45.590 -12.192
v 128.768 44.873 -12.192
v 128.345 44.253 -12.192
v 127.759 43.785 -12.192
v 127.060 43.511 -12.192
v 126.312 43.455 -12.192
v 125.580 43.622 -12.192
v 124.930 43.997 -12.192
v 124.420 44.547 -12.192
v 124.094 45.223 -12.192
v 143.982 45.965 -12.192
v 144.094 46.707 -12.192
v 144.420 47.383 -12.192
v 144.930 47.933 -12.192
v 145.580 48.308 -12.192
v 146.312 48.475 -12.192
v 147.060 48.419 -12.192
v 147.759 48.145 -12.192
v 148.345 47.677 -12.192
v 148.768 47.057 -12.192
v 148.989 46.340 -12.192
v 148.989 45.590 -12.192
v 148.768 44.873 -12.192
v 148.345 44.253 -12.192
v 147.759 43.785 -12.192
v 147.060 43.511 -12.192
v 146.312 43.455 -12.192
v 145.580 43.622 -12.192
v 144.930 43.997 -12.192
v 144.420 44.547 -12.192
v 144.094 45.223 -12.192
v 163.982 45.965 -12.192
v 164.094 46.707 -12.192
v 164.420 47.383 -12.192
v 164.930 47.933 -12.192
v 165.580 48.308 -12.192
v 166.312 48.475 -12.192
v 167.060 48.419 -12.192
v 167.759 48.145 -12.192
v 168.345 47.677 -12.192
v 168.768 47.057 -12.192
v 168.989 46.340 -12.192
v 168.989 45.590 -12.192
v 168.768 44.873 -12.192
v 168.345 44.253 -12.192
v 167.759 43.785 -12.192
v 167.060 43.511 -12.192
v 166.312 43.455 -12.192
v 165.580 43.622 -12.192
v 164.930 43.997 -12.192
v 164.420 44.547 -12.192
v 164.094 45.223 -12.192
v 183.982 45.965 -12.192
v 184.094 46.707 -12.192
v 184.420 47.383 -12.192
v 184.930 47.933 -12.192
v 185.580 48.308 -12.192
v 186.312 48.475 -12.192
v 187.060 48.419 -12.192
v 187.759 48.145 -12.192
v 188.345 47.677 -12.192
v 188.768 47.057 -12.192
v 188.989 46.340 -12.192
v 188.989 45.590 -12.192
v 188.768 44.873 -12.192
v 188.345 44.253 -12.192
v 187.759 43.785 -12.192
v 187.060 43.511 -12.192
v 186.312 43.455 -12.192
v 185.580 43.622 -12.192
v 184.930 43.997 -12.192
v 184.420 44.547 -12.192
v 184.094 45.223 -12.192
v 203.982 45.965 -12.192
v 204.094 46.707 -12.192
v 204.420 47.383 -12.192
v 204.930 47.933 -12.192
v 205.580 48.308 -12.192
v 206.312 48.475 -12.192
v 207.060 48.419 -12.192
v 207.759 48.145 -12.192
v 208.345 47.677 -12.192
v 208.768 47.057 -12.192
v 208.989 46.340 -12.192
v 208.989 45.590 -12.192
v 208.768 44.873 -12.192
v 208.345 44.253 -12.192
v 207.759 43.785 -12.192
v 207.060 43.511 -12.192
v 206.312 43.455 -12.192
v 205.580 43.622 -12.192
v 204.930 43.997 -12.192
v 204.420 44.547 -12.192
v 204.094 45.223 -12.192
v 3.982 65.965 -12.192
v 4.094 66.707 -12.192
v 4.420 67.383 -12.192
v 4.930 67.933 -12.192
v 5.580 68.308 -12.192
v 6.312 68.475 -12.192
v 7.060 68.419 -12.192
v 7.759 68.145 -12.192
v 8.345 67.677 -12.192
v 8.768 67.057 -12.192
v 8.989 66.340 -12.192
v 8.989 65.590 -12.192
v 8.768 64.873 -12.192
v 8.345 64.253 -12.192
v 7.759 63.785 -12.192
v 7.060 63.511 -12.192
v 6.312 63.455 -12.192
v 5.580 63.622 -12.192
v 4.930 63.997 -12.192
v 4.420 64.547 -12.192
v 4.094 65.223 -12.192
v 23.982 65.965 -12.192
v 24.094 66.707 -12.192
v 24.420 67.383 -12.192
v 24.930 67.933 -12.192
v 25.580 68.308 -12.192
v 26.312 68.475 -12.192
v 27.060 68.419 -12.192
v 27.759 68.145 -12.192
v 28.345 67.677 -12.192
v 28.768 67.057 -12.192
v 28.989 66.340 -12.192
v 28.989 65.590 -12.192
v 28.768 64.873 -12.192
v 28.345 64.253 -12.192
v 27.759 63.785 -12.192
v 27.060 63.511 -12.192
v 26.312 63.455 -12.192
v 25.580 63.622 -12.192
v 24.930 63.997 -12.192
v 24.420 64.547 -12.192
v 24.094 65.223 -12.192
v 43.982 65.965 -12.192
v 44.094 66.707 -12.192
v 44.420 67.383 -12.192
v 44.930 67.933 -12.192
v 45.580 68.308 -12.192
v 46.312 68.475 -12.192
v 47.060 68.419 -12.192
v 47.759 68.145 -12.192
v 48.345 67.677 -12.192
v 48.768 67.057 -12.192
v 48.989 66.340 -12.192
v 48.989 65.590 -12.192
v 48.768 64.873 -12.192
v 48.345 64.253 -12.192
v 47.759 63.785 -12.192
v 47.060 63.511 -12.192
v 46.312 63.455 -12.192
v 45.580 63.622 -12.192
v 44.930 63.997 -12.192
v 44.420 64.547 -12.192
v 44.094 65.223 -12.192
v 63.982 65.965 -12.192
v 64.094 66.707 -12.192
v 64.420 67.383 -12.192
v 64.930 67.933 -12.192
v 65.580 68.308 -12.192
v 66.312 68.475 -12.192
v 67.060 68.419 -12.192
v 67.759 68.145 -12.192
v 68.345 67.677 -12.192
v 68.768 67.057 -12.192
v 68.989 66.340 -12.192
v 68.989 65.590 -12.192
v 68.768 64.873 -12.192
v 68.345 64.253 -12.192
v 67.759 63.785 -12.192
v 67.060 63.511 -12.192
v 66.312 63.455 -12.192
v 65.580 63.622 -12.192
v 64.930 63.997 -12.192
v 64.420 64.547 -12.192
v 64.094 65.223 -12.192
v 83.983 65.965 -12.192
v 84.094 66.707 -12.192
v 84.420 67.383 -12.192
v 84.930 67.933 -12.192
v 85.580 68.308 -12.192
v 86.312 68.475 -12.192
v 87.060 68.419 -12.192
v 87.759 68.145 -12.192
v 88.345 67.677 -12.192
v 88.768 67.057 -12.192
v 88.989 66.340 -12.192
v 88.989 65.590 -12.192
v 88.768 64.873 -12.192
v 88.345 64.253 -12.192
v 87.759 63.785 -12.192
v 87.060 63.511 -12.192
v 86.312 63.455 -12.192
v 85.580 63.622 -12.192
v 84.930 63.997 -12.192
v 84.420 64.547 -12.192
v 84.094 65.223 -12.192
v 103.983 65.965 -12.192
v 104.094 66.707 -12.192
v 104.420 67.383 -12.192
v 104.930 67.933 -12.192
v 105.580 68.308 -12.192
v 106.312 68.475 -12.192
v 107.060 68.419 -12.192
v 107.759 68.145 -12.192
v 108.345 67.677 -12.192
v 108.768 67.057 -12.192
v 108.989 66.340 -12.192
v 108.989 65.590 -12.192
v 108.768 64.873 -12.192
v 108.345 64.253 -12.192
v 107.759 63.785 -12.192
v 107.060 63.511 -12.192
v 106.312 63.455 -12.192
v 105.580 63.622 -12.192
v 104.930 63.997 -12.192
v 104.420 64.547 -12.192
v 104.094 65.223 -12.192
v 123.983 65.965 -12.192
v 124.094 66.707 -12.192
v 124.420 67.383 -12.192
v 124.930 67.933 -12.192
v 125.580 68.308 -12.192
v 126.312 68.475 -12.192
v 127.060 68.419 -12.192
v 127.759 68.145 -12.192
v 128.345 67.677 -12.192
v 128.768 67.057 -12.192
v 128.989 66.340 -12.192
v 128.989 65.590 -12.192
v 128.768 64.873 -12.192
v 128.345 64.253 -12.192
v 127.759 63.785 -12.192
v 127.060 63.511 -12.192
v 126.312 63.455 -12.192
v 125.580 63.622 -12.192
v 124.930 63.997 -12.192
v 124.420 64.547 -12.192
v 124.094 65.223 -12.192
v 143.982 65.965 -12.192
v 144.094 66.707 -12.192
v 144.420 67.383 -12.192
v 144.930 67.933 -12.192
v 145.580 68.308 -12.192
v 146.312 68.475 -12.192
v 147.060 68.419 -12.192
v 147.759 68.145 -12.192
v 148.345 67.677 -12.192
v 148.768 67.057 -12.192
v 148.989 66.340 -12.192
v 148.989 65.590 -12.192
v 148.768 64.873 -12.192
v 148.345 64.253 -12.192
v 147.759 63.785 -12.192
v 147.060 63.511 -12.192
v 146.312 63.455 -12.192
v 145.580 63.622 -12.192
v 144.930 63.997 -12.192
v 144.420 64.547 -12.192
v 144.094 65.223 -12.192
v 163.982 65.965 -12.192
v 164.094 66.707 -12.192
v 164.420 67.383 -12.192
v 164.930 67.933 -12.192
v 165.580 68.308 -12.192
v 166.312 68.475 -12.192
v 167.060 68.419 -12.192
v 167.759 68.145 -12.192
v 168.345 67.677 -12.192
v 168.768 67.057 -12.192
v 168.989 66.340 -12.192
v 168.989 65.590 -12.192
v 168.768 64.873 -12.192
v 168.345 64.253 -12.192
v 167.759 63.785 -12.192
v 167.060 63.511 -12.192
v 166.312 63.455 -12.192
v 165.580 63.622 -12.192
v 164.930 63.997 -12.192
v 164.420 64.547 -12.192
v 164.094 65.223 -12.192
v 183.982 65.965 -12.192
v 184.094 66.707 -12.192
v 184.420 67.383 -12.192
v 184.930 67.933 -12.192
v 185.580 68.308 -12.192
v 186.312 68.475 -12.192
v 187.060 68.419 -12.192
v 187.759 68.145 -12.192
v 188.345 67.677 -12.192
v 188.768 67.057 -12.192
v 188.989 66.340 -12.192
v 188.989 65.590 -12.192
v 188.768 64.873 -12.192
v 188.345 64.253 -12.192
v 187.759 63.785 -12.192
v 187.060 63.511 -12.192
v 186.312 63.455 -12.192
v 185.580 63.622 -12.192
v 184.930 63.997 -12.192
v 184.420 64.547 -12.192
v 184.094 65.223 -12.192
v 203.982 65.965 -12.192
v 204.094 66.707 -12.192
v 204.420 67.383 -12.192
v 204.930 67.933 -12.192
v 205.580 68.308 -12.192
v 206.312 68.475 -12.192
v 207.060 68.419 -12.192
v 207.759 68.145 -12.192
v 208.345 67.677 -12.192
v 208.768 67.057 -12.192
v 208.989 66.340 -12.192
v 208.989 65.590 -12.192
v 208.768 64.873 -12.192
v 208.345 64.253 -12.192
v 207.759 63.785 -12.192
v 207.060 63.511 -12.192
v 206.312 63.455 -12.192
v 205.580 63.622 -12.192
v 204.930 63.997 -12.192
v 204.420 64.547 -12.192
v 204.094 65.223 -12.192
v 3.982 85.965 -12.192
v 4.094 86.707 -12.192
v 4.420 87.383 -12.192
v 4.930 87.933 -12.192
v 5.580 88.308 -12.192
v 6.312 88.475 -12.192
v 7.060 88.419 -12.192
v 7.759 88.145 -12.192
v 8.345 87.677 -12.192
v 8.768 87.057 -12.192
v 8.989 86.340 -12.192
v 8.989 85.590 -12.192
v 8.768 84.873 -12.192
v 8.345 84.253 -12.192
v 7.759 83.785 -12.192
v 7.060 83.511 -12.192
v 6.312 83.455 -12.192
v 5.580 83.622 -12.192
v 4.930 83.997 -12.192
v 4.420 84.547 -12.192
v 4.094 85.223 -12.192
v 23.982 85.965 -12.192
v 24.094 86.707 -12.192
v 24.420 87.383 -12.192
v 24.930 87.933 -12.192
v 25.580 88.308 -12.192
v 26.312 88.475 -12.192
v 27.060 88.419 -12.192
v 27.759 88.145 -12.192
v 28.345 87.677 -12.192
v 28.768 87.057 -12.192
v 28.989 86.340 -12.192
v 28.989 85.590 -12.192
v 28.768 84.873 -12.192
v 28.345 84.253 -12.192
v 27.759 83.785 -12.192
v 27.060 83.511 -12.192
v 26.312 83.455 -12.192
v 25.580 83.622 -12.192
v 24.930 83.997 -12.192
v 24.420 84.547 -12.192
v 24.094 85.223 -12.192
v 63.982 85.965 -12.192
v 64.094 86.707 -12.192
v 64.420 87.383 -12.192
v 64.930 87.933 -12.192
v 65.580 88.308 -12.192
v 66.312 88.475 -12.192
v 67.060 88.419 -12.192
v 67.759 88.145 -12.192
v 68.345 87.677 -12.192
v 68.768 87.057 -12.192
v 68.989 86.340 -12.192
v 68.989 85.590 -12.192
v 68.768 84.873 -12.192
v 68.345 84.253 -12.192
v 67.759 83.785 -12.192
v 67.060 83.511 -12.192
v 66.312 83.455 -12.192
v 65.580 83.622 -12.192
v 64.930 83.997 -12.192
v 64.420 84.547 -12.192
v 64.094 85.223 -12.192
v 83.983 85.965 -12.192
v 84.094 86.707 -12.192
v 84.420 87.383 -12.192
v 84.930 87.933 -12.192
v 85.580 88.308 -12.192
v 86.312 88.475 -12.192
v 87.060 88.419 -12.192
v 87.759 88.145 -12.192
v 88.345 87.677 -12.192
v 88.768 87.057 -12.192
v 88.989 86.340 -12.192
v 88.989 85.590 -12.192
v 88.768 84.873 -12.192
v 88.345 84.253 -12.192
v 87.759 83.785 -12.192
v 87.060 83.511 -12.192
v 86.312 83.455 -12.192
v 85.580 83.622 -12.192
v 84.930 83.997 -12.192
v 84.420 84.547 -12.192
v 84.094 85.223 -12.192
v 103.983 85.965 -12.192
v 104.094 86.707 -12.192
v 104.420 87.383 -12.192
v 104.930 87.933 -12.192
v 105.580 88.308 -12.192
v 106.312 88.475 -12.192
v 107.060 88.419 -12.192
v 107.759 88.145 -12.192
v 108.345 87.677 -12.192
v 108.768 87.057 -12.192
v 108.989 86.340 -12.192
v 108.989 85.590 -12.192
v 108.768 84.873 -12.192
v 108.345 84.253 -12.192
v 107.759 83.785 -12.192
v 107.060 83.511 -12.192
v 106.312 83.455 -12.192
v 105.580 83.622 -12.192
v 104.930 83.997 -12.192
v 104.420 84.547 -12.192
v 104.094 85.223 -12.192
v 123.983 85.965 -12.192
v 124.094 86.707 -12.192
v 124.420 87.383 -12.192
v 124.930 87.933 -12.192
v 125.580 88.308 -12.192
v 126.312 88.475 -12.192
v 127.060 88.419 -12.192
v 127.759 88.145 -12.192
v 128.345 87.677 -12.192
v 128.768 87.057 -12.192
v 128.989 86.340 -12.192
v 128.989 85.590 -12.192
v 128.768 84.873 -12.192
v 128.345 84.253 -12.192
v 127.759 83.785 -12.192
v 127.060 83.511 -12.192
v 126.312 83.455 -12.192
v 125.580 83.622 -12.192
v 124.930 83.997 -12.192
v 124.420 84.547 -12.192
v 124.094 85.223 -12.192
v 143.982 85.965 -12.192
v 144.094 86.707 -12.192
v 144.420 87.383 -12.192
v 144.930 87.933 -12.192
v 145.580 88.308 -12.192
v 146.312 88.475 -12.192
v 147.060 88.419 -12.192
v 147.759 88.145 -12.192
v 148.345 87.677 -12.192
v 148.768 87.057 -12.192
v 148.989 86.340 -12.192
v 148.989 85.590 -12.192
v 148.768 84.873 -12.192
v 148.345 84.253 -12.192
v 147.759 83.785 -12.192
v 147.060 83.511 -12.192
v 146.312 83.455 -12.192
v 145.580 83.622 -12.192
v 144.930 83.997 -12.192
v 144.420 84.547 -12.192
v 144.094 85.223 -12.192
v 163.982 85.965 -12.192
v 164.094 86.707 -12.192
v 164.420 87.383 -12.192
v 164.930 87.933 -12.192
v 165.580 88.308 -12.192
v 166.312 88.475 -12.192
v 167.060 88.419 -12.192
v 167.759 88.145 -12.192
v 168.345 87.677 -12.192
v 168.768 87.057 -12.192
v 168.989 86.340 -12.192
v 168.989 85.590 -12.192
v 168.768 84.873 -12.192
v 168.345 84.253 -12.192
v 167.759 83.785 -12.192
v 167.060 83.511 -12.192
v 166.312 83.455 -12.192
v 165.580 83.622 -12.192
v 164.930 83.997 -12.192
v 164.420 84.547 -12.192
v 164.094 85.223 -12.192
v 183.982 85.965 -12.192
v 184.094 86.707 -12.192
v 184.420 87.383 -12.192
v 184.930 87.933 -12.192
v 185.580 88.308 -12.192
v 186.312 88.475 -12.192
v 187.060 88.419 -12.192
v 187.759 88.145 -12.192
v 188.345 87.677 -12.192
v 188.768 87.057 -12.192
v 188.989 86.340 -12.192
v 188.989 85.590 -12.192
v 188.768 84.873 -12.192
v 188.345 84.253 -12.192
v 187.759 83.785 -12.192
v 187.060 83.511 -12.192
v 186.312 83.455 -12.192
v 185.580 83.622 -12.192
v 184.930 83.997 -12.192
v 184.420 84.547 -12.192
v 184.094 85.223 -12.192
v 203.982 85.965 -12.192
v 204.094 86.707 -12.192
v 204.420 87.383 -12.192
v 204.930 87.933 -12.192
v 205.580 88.308 -12.192
v 206.312 88.475 -12.192
v 207.060 88.419 -12.192
v 207.759 88.145 -12.192
v 208.345 87.677 -12.192
v 208.768 87.057 -12.192
v 208.989 86.340 -12.192
v 208.989 85.590 -12.192
v 208.768 84.873 -12.192
v 208.345 84.253 -12.192
v 207.759 83.785 -12.192
v 207.060 83.511 -12.192
v 206.312 83.455 -12.192
v 205.580 83.622 -12.192
v 204.930 83.997 -12.192
v 204.420 84.547 -12.192
v 204.094 85.223 -12.192
v 3.982 105.965 -12.192
v 4.094 106.707 -12.192
v 4.420 107.383 -12.192
v 4.930 107.933 -12.192
v 5.580 108.308 -12.192
v 6.312 108.475 -12.192
v 7.060 108.419 -12.192
v 7.759 108.145 -12.192
v 8.345 107.677 -12.192
v 8.768 107.057 -12.192
v 8.989 106.340 -12.192
v 8.989 105.590 -12.192
v 8.768 104.873 -12.192
v 8.345 104.253 -12.192
v 7.759 103.785 -12.192
v 7.060 103.511 -12.192
v 6.312 103.455 -12.192
v 5.580 103.622 -12.192
v 4.930 103.997 -12.192
v 4.420 104.547 -12.192
v 4.094 105.223 -12.192
v 23.982 105.965 -12.192
v 24.094 106.707 -12.192
v 24.420 107.383 -12.192
v 24.930 107.933 -12.192
v 25.580 108.308 -12.192
v 26.312 108.475 -12.192
v 27.060 108.419 -12.192
v 27.759 108.145 -12.192
v 28.345 107.677 -12.192
v 28.768 107.057 -12.192
v 28.989 106.340 -12.192
v 28.989 105.590 -12.192
v 28.768 104.873 -12.192
v 28.345 104.253 -12.192
v 27.759 103.785 -12.192
v 27.060 103.511 -12.192
v 26.312 103.455 -12.192
v 25.580 103.622 -12.192
v 24.930 103.997 -12.192
v 24.420 104.547 -12.192
v 24.094 105.223 -12.192
v 43.982 105.965 -12.192
v 44.094 106.707 -12.192
v 44.420 107.383 -12.192
v 44.930 107.933 -12.192
v 45.580 108.308 -12.192
v 46.312 108.475 -12.192
v 47.060 108.419 -12.192
v 47.759 108.145 -12.192
v 48.345 107.677 -12.192
v 48.768 107.057 -12.192
v 48.989 106.340 -12.192
v 48.989 105.590 -12.192
v 48.768 104.873 -12.192
v 48.345 104.253 -12.192
v 47.759 103.785 -12.192
v 47.060 103.511 -12.192
v 46.312 103.455 -12.192
v 45.580 103.622 -12.192
v 44.930 103.997 -12.192
v 44.420 104.547 -12.192
v 44.094 105.223 -12.192
v 63.982 105.965 -12.192
v 64.094 106.707 -12.192
v 64.420 107.383 -12.192
v 64.930 107.933 -12.192
v 65.580 108.308 -12.192
v 66.312 108.475 -12.192
v 67.060 108.419 -12.192
v 67.759 108.145 -12.192
v 68.345 107.677 -12.192
v 68.768 107.057 -12.192
v 68.989 106.340 -12.192
v 68.989 105.590 -12.192
v 68.768 104.873 -12.192
v 68.345 104.253 -12.192
v 67.759 103.785 -12.192
v 67.060 103.511 -12.192
v 66.312 103.455 -12.192
v 65.580 103.622 -12.192
v 64.930 103.997 -12.192
v 64.420 104.547 -12.192
v 64.094 105.223 -12.192
v 83.983 105.965 -12.192
v 84.094 106.707 -12.192
v 84.420 107.383 -12.192
v 84.930 107.933 -12.192
v 85.580 108.308 -12.192
v 86.312 108.475 -12.192
v 87.060 108.419 -12.192
v 87.759 108.145 -12.192
v 88.345 107.677 -12.192
v 88.768 107.057 -12.192
v 88.989 106.340 -12.192
v 88.989 105.590 -12.192
v 88.768 104.873 -12.192
v 88.345 104.253 -12.192
v 87.759 103.785 -12.192
v 87.060 103.511 -12.192
v 86.312 103.455 -12.192
v 85.580 103.622 -12.192
v 84.930 103.997 -12.192
v 84.420 104.547 -12.192
v 84.094 105.223 -12.192
v 103.983 105.965 -12.192
v 104.094 106.707 -12.192
v 104.420 107.383 -12.192
v 104.930 107.933 -12.192
v 105.580 108.308 -12.192
v 106.312 108.475 -12.192
v 107.060 108.419 -12.192
v 107.759 108.145 -12.192
v 108.345 107.677 -12.192
v 108.768 107.057 -12.192
v 108.989 106.340 -12.192
v 108.989 105.590 -12.192
v 108.768 104.873 -12.192
v 108.345 104.253 -12.192
v 107.759 103.785 -12.192
v 107.060 103.511 -12.192
v 106.312 103.455 -12.192
v 105.580 103.622 -12.192
v 104.930 103.997 -12.192
v 104.420 104.547 -12.192
v 104.094 105.223 -12.192
v 123.983 105.965 -12.192
v 124.094 106.707 -12.192
v 124.420 107.383 -12.192
v 124.930 107.933 -12.192
v 125.580 108.308 -12.192
v 126.312 108.475 -12.192
v 127.060 108.419 -12.192
v 127.759 108.145 -12.192
v 128.345 107.677 -12.192
v 128.768 107.057 -12.192
v 128.989 106.340 -12.192
v 128.989 105.590 -12.192
v 128.768 104.873 -12.192
v 128.345 104.253 -12.192
v 127.759 103.785 -12.192
v 127.060 103.511 -12.192
v 126.312 103.455 -12.192
v 125.580 103.622 -12.192
v 124.930 103.997 -12.192
v 124.420 104.547 -12.192
v 124.094 105.223 -12.192
v 143.982 105.965 -12.192
v 144.094 106.707 -12.192
v 144.420 107.383 -12.192
v 144.930 107.933 -12.192
v 145.580 108.308 -12.192
v 146.312 108.475 -12.192
v 147.060 108.419 -12.192
v 147.759 108.145 -12.192
v 148.345 107.677 -12.192
v 148.768 107.057 -12.192
v 148.989 106.340 -12.192
v 148.989 105.590 -12.192
v 148.768 104.873 -12.192
v 148.345 104.253 -12.192
v 147.759 103.785 -12.192
v 147.060 103.511 -12.192
v 146.312 103.455 -12.192
v 145.580 103.622 -12.192
v 144.930 103.997 -12.192
v 144.420 104.547 -12.192
v 144.094 105.223 -12.192
v 163.982 105.965 -12.192
v 164.094 106.707 -12.192
v 164.420 107.383 -12.192
v 164.930 107.933 -12.192
v 165.580 108.308 -12.192
v 166.312 108.475 -12.192
v 167.060 108.419 -12.192
v 167.759 108.145 -12.192
v 168.345 107.677 -12.192
v 168.768 107.057 -12.192
v 168.989 106.340 -12.192
v 168.989 105.590 -12.192
v 168.768 104.873 -12.192
v 168.345 104.253 -12.192
v 167.759 103.785 -12.192
v 167.060 103.511 -12.192
v 166.312 103.455 -12.192
v 165.580 103.622 -12.192
v 164.930 103.997 -12.192
v 164.420 104.547 -12.192
v 164.094 105.223 -12.192
v 183.982 105.965 -12.192
v 184.094 106.707 -12.192
v 184.420 107.383 -12.192
v 184.930 107.933 -12.192
v 185.580 108.308 -12.192
v 186.312 108.475 -12.192
v 187.060 108.419 -12.192
v 187.759 108.145 -12.192
v 188.345 107.677 -12.192
v 188.768 107.057 -12.192
v 188.989 106.340 -12.192
v 188.989 105.590 -12.192
v 188.768 104.873 -12.192
v 188.345 104.253 -12.192
v 187.759 103.785 -12.192
v 187.060 103.511 -12.192
v 186.312 103.455 -12.192
v 185.580 103.622 -12.192
v 184.930 103.997 -12.192
v 184.420 104.547 -12.192
v 184.094 105.223 -12.192
v 203.982 105.965 -12.192
v 204.094 106.707 -12.192
v 204.420 107.383 -12.192
v 204.930 107.933 -12.192
v 205.580 108.308 -12.192
v 206.312 108.475 -12.192
v 207.060 108.419 -12.192
v 207.759 108.145 -12.192
v 208.345 107.677 -12.192
v 208.768 107.057 -12.192
v 208.989 106.340 -12.192
v 208.989 105.590 -12.192
v 208.768 104.873 -12.192
v 208.345 104.253 -12.192
v 207.759 103.785 -12.192
v 207.060 103.511 -12.192
v 206.312 103.455 -12.192
v 205.580 103.622 -12.192
v 204.930 103.997 -12.192
v 204.420 104.547 -12.192
v 204.094 105.223 -12.192
v 3.982 125.965 -12.192
v 4.094 126.707 -12.192
v 4.420 127.383 -12.192
v 4.930 127.933 -12.192
v 5.580 128.308 -12.192
v 6.312 128.475 -12.192
v 7.060 128.419 -12.192
v 7.759 128.145 -12.192
v 8.345 127.677 -12.192
v 8.768 127.057 -12.192
v 8.989 126.340 -12.192
v 8.989 125.590 -12.192
v 8.768 124.873 -12.192
v 8.345 124.253 -12.192
v 7.759 123.785 -12.192
v 7.060 123.511 -12.192
v 6.312 123.455 -12.192
v 5.580 123.622 -12.192
v 4.930 123.997 -12.192
v 4.420 124.547 -12.192
v 4.094 125.223 -12.192
v 23.982 125.965 -12.192
v 24.094 126.707 -12.192
v 24.420 127.383 -12.192
v 24.930 127.933 -12.192
v 25.580 128.308 -12.192
v 26.312 128.475 -12.192
v 27.060 128.419 -12.192
v 27.759 128.145 -12.192
v 28.345 127.677 -12.192
v 28.768 127.057 -12.192
v 28.989 126.340 -12.192
v 28.989 125.590 -12.192
v 28.768 124.873 -12.192
v 28.345 124.253 -12.192
v 27.759 123.785 -12.192
v 27.060 123.511 -12.192
v 26.312 123.455 -12.192
v 25.580 123.622 -12.192
v 24.930 123.997 -12.192
v 24.420 124.547 -12.192
v 24.094 125.223 -12.192
v 43.982 125.965 -12.192
v 44.094 126.707 -12.192
v 44.420 127.383 -12.192
v 44.930 127.933 -12.192
v 45.580 128.308 -12.192
v 46.312 128.475 -12.192
v 47.060 128.419 -12.192
v 47.759 128.145 -12.192
v 48.345 127.677 -12.192
v 48.768 127.057 -12.192
v 48.989 126.340 -12.192
v 48.989 125.590 -12.192
v 48.768 124.873 -12.192
v 48.345 124.253 -12.192
v 47.759 123.785 -12.192
v 47.060 123.511 -12.192
v 46.312 123.455 -12.192
v 45.580 123.622 -12.192
v 44.930 123.997 -12.192
v 44.420 124.547 -12.192
v 44.094 125.223 -12.192
v 63.982 125.965 -12.192
v 64.094 126.707 -12.192
v 64.420 127.383 -12.192
v 64.930 127.933 -12.192
v 65.580 128.308 -12.192
v 66.312 128.475 -12.192
v 67.060 128.419 -12.192
v 67.759 128.145 -12.192
v 68.345 127.677 -12.192
v 68.768 127.057 -12.192
v 68.989 126.340 -12.192
v 68.989 125.590 -12.192
v 68.768 124.873 -12.192
v 68.345 124.253 -12.192
v 67.759 123.785 -12.192
v 67.060 123.511 -12.192
v 66.312 123.455 -12.192
v 65.580 123.622 -12.192
v 64.930 123.997 -12.192
v 64.420 124.547 -12.192
v 64.094 125.223 -12.192
v 83.983 125.965 -12.192
v 84.094 126.707 -12.192
v 84.420 127.383 -12.192
v 84.930 127.933 -12.192
v 85.580 128.308 -12.192
v 86.312 128.475 -12.192
v 87.060 128.419 -12.192
v 87.759 128.145 -12.192
v 88.345 127.677 -12.192
v 88.768 127.057 -12.192
v 88.989 126.340 -12.192
v 88.989 125.590 -12.192
v 88.768 124.873 -12.192
v 88.345 124.253 -12.192
v 87.759 123.785 -12.192
v 87.060 123.511 -12.192
v 86.312 123.455 -12.192
v 85.580 123.622 -12.192
v 84.930 123.997 -12.192
v 84.420 124.547 -12.192
v 84.094 125.223 -12.192
v 103.983 125.965 -12.192
v 104.094 126.707 -12.192
v 104.420 127.383 -12.192
v 104.930 127.933 -12.192
v 105.580 128.308 -12.192
v 106.312 128.475 -12.192
v 107.060 128.419 -12.192
v 107.759 128.145 -12.192
v 108.345 127.677 -12.192
v 108.768 127.057 -12.192
v 108.989 126.340 -12.192
v 108.989 125.590 -12.192
v 108.768 124.873 -12.192
v 108.345 124.253 -12.192
v 107.759 123.785 -12.192
v 107.060 123.511 -12.192
v 106.312 123.455 -12.192
v 105.580 123.622 -12.192
v 104.930 123.997 -12.192
v 104.420 124.547 -12.192
v 104.094 125.223 -12.192
v 123.983 125.965 -12.192
v 124.094 126.707 -12.192
v 124.420 127.383 -12.192
v 124.930 127.933 -12.192
v 125.580 128.308 -12.192
v 126.312 128.475 -12.192
v 127.060 128.419 -12.192
v 127.759 128.145 -12.192
v 128.345 127.677 -12.192
v 128.768 127.057 -12.192
v 128.989 126.340 -12.192
v 128.989 125.590 -12.192
v 128.768 124.873 -12.192
v 128.345 124.253 -12.192
v 127.759 123.785 -12.192
v 127.060 123.511 -12.192
v 126.312 123.455 -12.192
v 125.580 123.622 -12.192
v 124.930 123.997 -12.192
v 124.420 124.547 -12.192
v 124.094 125.223 -12.192
v 143.982 125.965 -12.192
v 144.094 126.707 -12.192
v 144.420 127.383 -12.192
v 144.930 127.933 -12.192
v 145.580 128.308 -12.192
v 146.312 128.475 -12.192
v 147.060 128.419 -12.192
v 147.759 128.145 -12.192
v 148.345 127.677 -12.192
v 148.768 127.057 -12.192
v 148.989 126.340 -12.192
v 148.989 125.590 -12.192
v 148.768 124.873 -12.192
v 148.345 124.253 -12.192
v 147.759 123.785 -12.192
v 147.060 123.511 -12.192
v 146.312 123.455 -12.192
v 145.580 123.622 -12.192
v 144.930 123.997 -12.192
v 144.420 124.547 -12.192
v 144.094 125.223 -12.192
v 163.982 125.965 -12.192
v 164.094 126.707 -12.192
v 164.420 127.383 -12.192
v 164.930 127.933 -12.192
v 165.580 128.308 -12.192
v 166.312 128.475 -12.192
v 167.060 128.419 -12.192
v 167.759 128.145 -12.192
v 168.345 127.677 -12.192
v 168.768 127.057 -12.192
v 168.989 126.340 -12.192
v 168.989 125.590 -12.192
v 168.768 124.873 -12.192
v 168.345 124.253 -12.192
v 167.759 123.785 -12.192
v 167.060 123.511 -12.192
v 166.312 123.455 -12.192
v 165.580 123.622 -12.192
v 164.930 123.997 -12.192
v 164.420 124.547 -12.192
v 164.094 125.223 -12.192
v 183.982 125.965 -12.192
v 184.094 126.707 -12.192
v 184.420 127.383 -12.192
v 184.930 127.933 -12.192
v 185.580 128.308 -12.192
v 186.312 128.475 -12.192
v 187.060 128.419 -12.192
v 187.759 128.145 -12.192
v 188.345 127.677 -12.192
v 188.768 127.057 -12.192
v 188.989 126.340 -12.192
v 188.989 125.590 -12.192
v 188.768 124.873 -12.192
v 188.345 124.253 -12.192
v 187.759 123.785 -12.192
v 187.060 123.511 -12.192
v 186.312 123.455 -12.192
v 185.580 123.622 -12.192
v 184.930 123.997 -12.192
v 184.420 124.547 -12.192
v 184.094 125.223 -12.192
v 203.982 125.965 -12.192
v 204.094 126.707 -12.192
v 204.420 127.383 -12.192
v 204.930 127.933 -12.192
v 205.580 128.308 -12.192
v 206.312 128.475 -12.192
v 207.060 128.419 -12.192
v 207.759 128.145 -12.192
v 208.345 127.677 -12.192
v 208.768 127.057 -12.192
v 208.989 126.340 -12.192
v 208.989 125.590 -12.192
v 208.768 124.873 -12.192
v 208.345 124.253 -12.192
v 207.759 123.785 -12.192
v 207.060 123.511 -12.192
v 206.312 123.455 -12.192
v 205.580 123.622 -12.192
v 204.930 123.997 -12.192
v 204.420 124.547 -12.192
v 204.094 125.223 -12.192
v 3.982 145.965 -12.192
v 4.094 146.707 -12.192
v 4.420 147.383 -12.192
v 4.930 147.933 -12.192
v 5.580 148.308 -12.192
v 6.312 148.475 -12.192
v 7.060 148.419 -12.192
v 7.759 148.145 -12.192
v 8.345 147.677 -12.192
v 8.768 147.057 -12.192
v 8.989 146.340 -12.192
v 8.989 145.590 -12.192
v 8.768 144.873 -12.192
v 8.345 144.253 -12.192
v 7.759 143.785 -12.192
v 7.060 143.511 -12.192
v 6.312 143.455 -12.192
v 5.580 143.622 -12.192
v 4.930 143.997 -12.192
v 4.420 144.547 -12.192
v 4.094 145.223 -12.192
v 23.982 145.965 -12.192
v 24.094 146.707 -12.192
v 24.420 147.383 -12.192
v 24.930 147.933 -12.192
v 25.580 148.308 -12.192
v 26.312 148.475 -12.192
v 27.060 148.419 -12.192
v 27.759 148.145 -12.192
v 28.345 147.677 -12.192
v 28.768 147.057 -12.192
v 28.989 146.340 -12.192
v 28.989 145.590 -12.192
v 28.768 144.873 -12.192
v 28.345 144.253 -12.192
v 27.759 143.785 -12.192
v 27.060 143.511 -12.192
v 26.312 143.455 -12.192
v 25.580 143.622 -12.192
v 24.930 143.997 -12.192
v 24.420 144.547 -12.192
v 24.094 145.223 -12.192
v 43.982 145.965 -12.192
v 44.094 146.707 -12.192
v 44.420 147.383 -12.192
v 44.930 147.933 -12.192
v 45.580 148.308 -12.192
v 46.312 148.475 -12.192
v 47.060 148.419 -12.192
v 47.759 148.145 -12.192
v 48.345 147.677 -12.192
v 48.768 147.057 -12.192
v 48.989 146.340 -12.192
v 48.989 145.590 -12.192
v 48.768 144.873 -12.192
v 48.345 144.253 -12.192
v 47.759 143.785 -12.192
v 47.060 143.511 -12.192
v 46.312 143.455 -12.192
v 45.580 143.622 -12.192
v 44.930 143.997 -12.192
v 44.420 144.547 -12.192
v 44.094 145.223 -12.192
v 63.982 145.965 -12.192
v 64.094 146.707 -12.192
v 64.420 147.383 -12.192
v 64.930 147.933 -12.192
v 65.580 148.308 -12.192
v 66.312 148.475 -12.192
v 67.060 148.419 -12.192
v 67.759 148.145 -12.192
v 68.345 147.677 -12.192
v 68.768 147.057 -12.192
v 68.989 146.340 -12.192
v 68.989 145.590 -12.192
v 68.768 144.873 -12.192
v 68.345 144.253 -12.192
v 67.759 143.785 -12.192
v 67.060 143.511 -12.192
v 66.312 143.455 -12.192
v 65.580 143.622 -12.192
v 64.930 143.997 -12.192
v 64.420 144.547 -12.192
v 64.094 145.223 -12.192
v 83.983 145.965 -12.192
v 84.094 146.707 -12.192
v 84.420 147.383 -12.192
v 84.930 147.933 -12.192
v 85.580 148.308 -12.192
v 86.312 148.475 -12.192
v 87.060 148.419 -12.192
v 87.759 148.145 -12.192
v 88.345 147.677 -12.192
v 88.768 147.057 -12.192
v 88.989 146.340 -12.192
v 88.989 145.590 -12.192
v 88.768 144.873 -12.192
v 88.345 144.253 -12.192
v 87.759 143.785 -12.192
v 87.060 143.511 -12.192
v 86.312 143.455 -12.192
v 85.580 143.622 -12.192
v 84.930 143.997 -12.192
v 84.420 144.547 -12.192
v 84.094 145.223 -12.192
v 103.983 145.965 -12.192
v 104.094 146.707 -12.192
v 104.420 147.383 -12.192
v 104.930 147.933 -12.192
v 105.580 148.308 -12.192
v 106.312 148.475 -12.192
v 107.060 148.419 -12.192
v 107.759 148.145 -12.192
v 108.345 147.677 -12.192
v 108.768 147.057 -12.192
v 108.989 146.340 -12.192
v 108.989 145.590 -12.192
v 108.768 144.873 -12.192
v 108.345 144.253 -12.192
v 107.759 143.785 -12.192
v 107.060 143.511 -12.192
v 106.312 143.455 -12.192
v 105.580 143.622 -12.192
v 104.930 143.997 -12.192
v 104.420 144.547 -12.192
v 104.094 145.223 -12.192
v 123.983 145.965 -12.192
v 124.094 146.707 -12.192
v 124.420 147.383 -12.192
v 124.930 147.933 -12.192
v 125.580 148.308 -12.192
v 126.312 148.475 -12.192
v 127.060 148.419 -12.192
v 127.759 148.145 -12.192
v 128.345 147.677 -12.192
v 128.768 147.057 -12.192
v 128.989 146.340 -12.192
v 128.989 145.590 -12.192
v 128.768 144.873 -12.192
v 128.345 144.253 -12.192
v 127.759 143.785 -12.192
v 127.060 143.511 -12.192
v 126.312 143.455 -12.192
v 125.580 143.622 -12.192
v 124.930 143.997 -12.192
v 124.420 144.547 -12.192
v 124.094 145.223 -12.192
v 143.982 145.965 -12.192
v 144.094 146.707 -12.192
v 144.420 147.383 -12.192
v 144.930 147.933 -12.192
v 145.580 148.308 -12.192
v 146.312 148.475 -12.192
v 147.060 148.419 -12.192
v 147.759 148.145 -12.192
v 148.345 147.677 -12.192
v 148.768 147.057 -12.192
v 148.989 146.340 -12.192
v 148.989 145.590 -12.192
v 148.768 144.873 -12.192
v 148.345 144.253 -12.192
v 147.759 143.785 -12.192
v 147.060 143.511 -12.192
v 146.312 143.455 -12.192
v 145.580 143.622 -12.192
v 144.930 143.997 -12.192
v 144.420 144.547 -12.192
v 144.094 145.223 -12.192
v 163.982 145.965 -12.192
v 164.094 146.707 -12.192
v 164.420 147.383 -12.192
v 164.930 147.933 -12.192
v 165.580 148.308 -12.192
v 166.312 148.475 -12.192
v 167.060 148.419 -12.192
v 167.759 148.145 -12.192
v 168.345 147.677 -12.192
v 168.768 147.057 -12.192
v 168.989 146.340 -12.192
v 168.989 145.590 -12.192
v 168.768 144.873 -12.192
v 168.345 144.253 -12.192
v 167.759 143.785 -12.192
v 167.060 143.511 -12.192
v 166.312 143.455 -12.192
v 165.580 143.622 -12.192
v 164.930 143.997 -12.192
v 164.420 144.547 -12.192
v 164.094 145.223 -12.192
v 183.982 145.965 -12.192
v 184.094 146.707 -12.192
v 184.420 147.383 -12.192
v 184.930 147.933 -12.192
v 185.580 148.308 -12.192
v 186.312 148.475 -12.192
v 187.060 148.419 -12.192
v 187.759 148.145 -12.192
v 188.345 147.677 -12.192
v 188.768 147.057 -12.192
v 188.989 146.340 -12.192
v 188.989 145.590 -12.192
v 188.768 144.873 -12.192
v 188.345 144.253 -12.192
v 187.759 143.785 -12.192
v 187.060 143.511 -12.192
v 186.312 143.455 -12.192
v 185.580 143.622 -12.192
v 184.930 143.997 -12.192
v 184.420 144.547 -12.192
v 184.094 145.223 -12.192
v 203.982 145.965 -12.192
v 204.094 146.707 -12.192
v 204.420 147.383 -12.192
v 204.930 147.933 -12.192
v 205.580 148.308 -12.192
v 206.312 148.475 -12.192
v 207.060 148.419 -12.192
v 207.759 148.145 -12.192
v 208.345 147.677 -12.192
v 208.768 147.057 -12.192
v 208.989 146.340 -12.192
v 208.989 145.590 -12.192
v 208.768 144.873 -12.192
v 208.345 144.253 -12.192
v 207.759 143.785 -12.192
v 207.060 143.511 -12.192
v 206.312 143.455 -12.192
v 205.580 143.622 -12.192
v 204.930 143.997 -12.192
v 204.420 144.547 -12.192
v 204.094 145.223 -12.192
v 3.982 165.965 -12.192
v 4.094 166.707 -12.192
v 4.420 167.383 -12.192
v 4.930 167.933 -12.192
v 5.580 168.308 -12.192
v 6.312 168.475 -12.192
v 7.060 168.419 -12.192
v 7.759 168.145 -12.192
v 8.345 167.677 -12.192
v 8.768 167.057 -12.192
v 8.989 166.340 -12.192
v 8.989 165.590 -12.192
v 8.768 164.873 -12.192
v 8.345 164.253 -12.192
v 7.759 163.785 -12.192
v 7.060 163.511 -12.192
v 6.312 163.455 -12.192
v 5.580 163.622 -12.192
v 4.930 163.997 -12.192
v 4.420 164.547 -12.192
v 4.094 165.223 -12.192
v 23.982 165.965 -12.192
v 24.094 166.707 -12.192
v 24.420 167.383 -12.192
v 24.930 167.933 -12.192
v 25.580 168.308 -12.192
v 26.312 168.475 -12.192
v 27.060 168.419 -12.192
v 27.759 168.145 -12.192
v 28.345 167.677 -12.192
v 28.768 167.057 -12.192
v 28.989 166.340 -12.192
v 28.989 165.590 -12.192
v 28.768 164.873 -12.192
v 28.345 164.253 -12.192
v 27.759 163.785 -12.192
v 27.060 163.511 -12.192
v 26.312 163.455 -12.192
v 25.580 163.622 -12.192
v 24.930 163.997 -12.192
v 24.420 164.547 -12.192
v 24.094 165.223 -12.192
v 43.982 165.965 -12.192
v 44.094 166.707 -12.192
v 44.420 167.383 -12.192
v 44.930 167.933 -12.192
v 45.580 168.308 -12.192
v 46.312 168.475 -12.192
v 47.060 168.419 -12.192
v 47.759 168.145 -12.192
v 48.345 167.677 -12.192
v 48.768 167.057 -12.192
v 48.989 166.340 -12.192
v 48.989 165.590 -12.192
v 48.768 164.873 -12.192
v 48.345 164.253 -12.192
v 47.759 163.785 -12.192
v 47.060 163.511 -12.192
v 46.312 163.455 -12.192
v 45.580 163.622 -12.192
v 44.930 163.997 -12.192
v 44.420 164.547 -12.192
v 44.094 165.223 -12.192
v 63.982 165.965 -12.192
v 64.094 166.707 -12.192
v 64.420 167.383 -12.192
v 64.930 167.933 -12.192
v 65.580 168.308 -12.192
v 66.312 168.475 -12.192
v 67.060 168.419 -12.192
v 67.759 168.145 -12.192
v 68.345 167.677 -12.192
v 68.768 167.057 -12.192
v 68.989 166.340 -12.192
v 68.989 165.590 -12.192
v 68.768 164.873 -12.192
v 68.345 164.253 -12.192
v 67.759 163.785 -12.192
v 67.060 163.511 -12.192
v 66.312 163.455 -12.192
v 65.580 163.622 -12.192
v 64.930 163.997 -12.192
v 64.420 164.547 -12.192
v 64.094 165.223 -12.192
v 83.983 165.965 -12.192
v 84.094 166.707 -12.192
v 84.420 167.383 -12.192
v 84.930 167.933 -12.192
v 85.580 168.308 -12.192
v 86.312 168.475 -12.192
v 87.060 168.419 -12.192
v 87.759 168.145 -12.192
v 88.345 167.677 -12.192
v 88.768 167.057 -12.192
v 88.989 166.340 -12.192
v 88.989 165.590 -12.192
v 88.768 164.873 -12.192
v 88.345 164.253 -12.192
v 87.759 163.785 -12.192
v 87.060 163.511 -12.192
v 86.312 163.455 -12.192
v 85.580 163.622 -12.192
v 84.930 163.997 -12.192
v 84.420 164.547 -12.192
v 84.094 165.223 -12.192
v 103.983 165.965 -12.192
v 104.094 166.707 -12.192
v 104.420 167.383 -12.192
v 104.930 167.933 -12.192
v 105.580 168.308 -12.192
v 106.312 168.475 -12.192
v 107.060 168.419 -12.192
v 107.759 168.145 -12.192
v 108.345 167.677 -12.192
v 108.768 167.057 -12.192
v 108.989 166.340 -12.192
v 108.989 165.590 -12.192
v 108.768 164.873 -12.192
v 108.345 164.253 -12.192
v 107.759 163.785 -12.192
v 107.060 163.511 -12.192
v 106.312 163.455 -12.192
v 105.580 163.622 -12.192
v 104.930 163.997 -12.192
v 104.420 164.547 -12.192
v 104.094 165.223 -12.192
v 123.983 165.965 -12.192
v 124.094 166.707 -12.192
v 124.420 167.383 -12.192
v 124.930 167.933 -12.192
v 125.580 168.308 -12.192
v 126.312 168.475 -12.192
v 127.060 168.419 -12.192
v 127.759 168.145 -12.192
v 128.345 167.677 -12.192
v 128.768 167.057 -12.192
v 128.989 166.340 -12.192
v 128.989 165.590 -12.192
v 128.768 164.873 -12.192
v 128.345 164.253 -12.192
v 127.759 163.785 -12.192
v 127.060 163.511 -12.192
v 126.312 163.455 -12.192
v 125.580 163.622 -12.192
v 124.930 163.997 -12.192
v 124.420 164.547 -12.192
v 124.094 165.223 -12.192
v 143.982 165.965 -12.192
v 144.094 166.707 -12.192
v 144.420 167.383 -12.192
v 144.930 167.933 -12.192
v 145.580 168.308 -12.192
v 146.312 168.475 -12.192
v 147.060 168.419 -12.192
v 147.759 168.145 -12.192
v 148.345 167.677 -12.192
v 148.768 167.057 -12.192
v 148.989 166.340 -12.192
v 148.989 165.590 -12.192
v 148.768 164.873 -12.192
v 148.345 164.253 -12.192
v 147.759 163.785 -12.192
v 147.060 163.511 -12.192
v 146.312 163.455 -12.192
v 145.580 163.622 -12.192
v 144.930 163.997 -12.192
v 144.420 164.547 -12.192
v 144.094 165.223 -12.192
v 163.982 165.965 -12.192
v 164.094 166.707 -12.192
v 164.420 167.383 -12.192
v 164.930 167.933 -12.192
v 165.580 168.308 -12.192
v 166.312 168.475 -12.192
v 167.060 168.419 -12.192
v 167.759 168.145 -12.192
v 168.345 167.677 -12.192
v 168.768 167.057 -12.192
v 168.989 166.340 -12.192
v 168.989 165.590 -12.192
v 168.768 164.873 -12.192
v 168.345 164.253 -12.192
v 167.759 163.785 -12.192
v 167.060 163.511 -12.192
v 166.312 163.455 -12.192
v 165.580 163.622 -12.192
v 164.930 163.997 -12.192
v 164.420 164.547 -12.192
v 164.094 165.223 -12.192
v 183.982 165.965 -12.192
v 184.094 166.707 -12.192
v 184.420 167.383 -12.192
v 184.930 167.933 -12.192
v 185.580 168.308 -12.192
v 186.312 168.475 -12.192
v 187.060 168.419 -12.192
v 187.759 168.145 -12.192
v 188.345 167.677 -12.192
v 188.768 167.057 -12.192
v 188.989 166.340 -12.192
v 188.989 165.590 -12.192
v 188.768 164.873 -12.192
v 188.345 164.253 -12.192
v 187.759 163.785 -12.192
v 187.060 163.511 -12.192
v 186.312 163.455 -12.192
v 185.580 163.622 -12.192
v 184.930 163.997 -12.192
v 184.420 164.547 -12.192
v 184.094 165.223 -12.192
v 203.982 165.965 -12.192
v 204.094 166.707 -12.192
v 204.420 167.383 -12.192
v 204.930 167.933 -12.192
v 205.580 168.308 -12.192
v 206.312 168.475 -12.192
v 207.060 168.419 -12.192
v 207.759 168.145 -12.192
v 208.345 167.677 -12.192
v 208.768 167.057 -12.192
v 208.989 166.340 -12.192
v 208.989 165.590 -12.192
v 208.768 164.873 -12.192
v 208.345 164.253 -12.192
v 207.759 163.785 -12.192
v 207.060 163.511 -12.192
v 206.312 163.455 -12.192
v 205.580 163.622 -12.192
v 204.930 163.997 -12.192
v 204.420 164.547 -12.192
v 204.094 165.223 -12.192
v 3.982 185.965 -12.192
v 4.094 186.707 -12.192
v 4.420 187.383 -12.192
v 4.930 187.933 -12.192
v 5.580 188.308 -12.192
v 6.312 188.475 -12.192
v 7.060 188.419 -12.192
v 7.759 188.145 -12.192
v 8.345 187.677 -12.192
v 8.768 187.057 -12.192
v 8.989 186.340 -12.192
v 8.989 185.590 -12.192
v 8.768 184.873 -12.192
v 8.345 184.253 -12.192
v 7.759 183.785 -12.192
v 7.060 183.511 -12.192
v 6.312 183.455 -12.192
v 5.580 183.622 -12.192
v 4.930 183.997 -12.192
v 4.420 184.547 -12.192
v 4.094 185.223 -12.192
v 23.982 185.965 -12.192
v 24.094 186.707 -12.192
v 24.420 187.383 -12.192
v 24.930 187.933 -12.192
v 25.580 188.308 -12.192
v 26.312 188.475 -12.192
v 27.060 188.419 -12.192
v 27.759 188.145 -12.192
v 28.345 187.677 -12.192
v 28.768 187.057 -12.192
v 28.989 186.340 -12.192
v 28.989 185.590 -12.192
v 28.768 184.873 -12.192
v 28.345 184.253 -12.192
v 27.759 183.785 -12.192
v 27.060 183.511 -12.192
v 26.312 183.455 -12.192
v 25.580 183.622 -12.192
v 24.930 183.997 -12.192
v 24.420 184.547 -12.192
v 24.094 185.223 -12.192
v 43.982 185.965 -12.192
v 44.094 186.707 -12.192
v 44.420 187.383 -12.192
v 44.930 187.933 -12.192
v 45.580 188.308 -12.192
v 46.312 188.475 -12.192
v 47.060 188.419 -12.192
v 47.759 188.145 -12.192
v 48.345 187.677 -12.192
v 48.768 187.057 -12.192
v 48.989 186.340 -12.192
v 48.989 185.590 -12.192
v 48.768 184.873 -12.192
v 48.345 184.253 -12.192
v 47.759 183.785 -12.192
v 47.060 183.511 -12.192
v 46.312 183.455 -12.192
v 45.580 183.622 -12.192
v 44.930 183.997 -12.192
v 44.420 184.547 -12.192
v 44.094 185.223 -12.192
v 63.982 185.965 -12.192
v 64.094 186.707 -12.192
v 64.420 187.383 -12.192
v 64.930 187.933 -12.192
v 65.580 188.308 -12.192
v 66.312 188.475 -12.192
v 67.060 188.419 -12.192
v 67.759 188.145 -12.192
v 68.345 187.677 -12.192
v 68.768 187.057 -12.192
v 68.989 186.340 -12.192
v 68.989 185.590 -12.192
v 68.768 184.873 -12.192
v 68.345 184.253 -12.192
v 67.759 183.785 -12.192
v 67.060 183.511 -12.192
v 66.312 183.455 -12.192
v 65.580 183.622 -12.192
v 64.930 183.997 -12.192
v 64.420 184.547 -12.192
v 64.094 185.223 -12.192
v 83.983 185.965 -12.192
v 84.094 186.707 -12.192
v 84.420 187.383 -12.192
v 84.930 187.933 -12.192
v 85.580 188.308 -12.192
v 86.312 188.475 -12.192
v 87.060 188.419 -12.192
v 87.759 188.145 -12.192
v 88.345 187.677 -12.192
v 88.768 187.057 -12.192
v 88.989 186.340 -12.192
v 88.989 185.590 -12.192
v 88.768 184.873 -12.192
v 88.345 184.253 -12.192
v 87.759 183.785 -12.192
v 87.060 183.511 -12.192
v 86.312 183.455 -12.192
v 85.580 183.622 -12.192
v 84.930 183.997 -12.192
v 84.420 184.547 -12.192
v 84.094 185.223 -12.192
v 103.983 185.965 -12.192
v 104.094 186.707 -12.192
v 104.420 187.383 -12.192
v 104.930 187.933 -12.192
v 105.580 188.308 -12.192
v 106.312 188.475 -12.192
v 107.060 188.419 -12.192
v 107.759 188.145 -12.192
v 108.345 187.677 -12.192
v 108.768 187.057 -12.192
v 108.989 186.340 -12.192
v 108.989 185.590 -12.192
v 108.768 184.873 -12.192
v 108.345 184.253 -12.192
v 107.759 183.785 -12.192
v 107.060 183.511 -12.192
v 106.312 183.455 -12.192
v 105.580 183.622 -12.192
v 104.930 183.997 -12.192
v 104.420 184.547 -12.192
v 104.094 185.223 -12.192
v 123.983 185.965 -12.192
v 124.094 186.707 -12.192
v 124.420 187.383 -12.192
v 124.930 187.933 -12.192
v 125.580 188.308 -12.192
v 126.312 188.475 -12.192
v 127.060 188.419 -12.192
v 127.759 188.145 -12.192
v 128.345 187.677 -12.192
v 128.768 187.057 -12.192
v 128.989 186.340 -12.192
v 128.989 185.590 -12.192
v 128.768 184.873 -12.192
v 128.345 184.253 -12.192
v 127.759 183.785 -12.192
v 127.060 183.511 -12.192
v 126.312 183.455 -12.192
v 125.580 183.622 -12.192
v 124.930 183.997 -12.192
v 124.420 184.547 -12.192
v 124.094 185.223 -12.192
v 143.982 185.965 -12.192
v 144.094 186.707 -12.192
v 144.420 187.383 -12.192
v 144.930 187.933 -12.192
v 145.580 188.308 -12.192
v 146.312 188.475 -12.192
v 147.060 188.419 -12.192
v 147.759 188.145 -12.192
v 148.345 187.677 -12.192
v 148.768 187.057 -12.192
v 148.989 186.340 -12.192
v 148.989 185.590 -12.192
v 148.768 184.873 -12.192
v 148.345 184.253 -12.192
v 147.759 183.785 -12.192
v 147.060 183.511 -12.192
v 146.312 183.455 -12.192
v 145.580 183.622 -12.192
v 144.930 183.997 -12.192
v 144.420 184.547 -12.192
v 144.094 185.223 -12.192
v 163.982 185.965 -12.192
v 164.094 186.707 -12.192
v 164.420 187.383 -12.192
v 164.930 187.933 -12.192
v 165.580 188.308 -12.192
v 166.312 188.475 -12.192
v 167.060 188.419 -12.192
v 167.759 188.145 -12.192
v 168.345 187.677 -12.192
v 168.768 187.057 -12.192
v 168.989 186.340 -12.192
v 168.989 185.590 -12.192
v 168.768 184.873 -12.192
v 168.345 184.253 -12.192
v 167.759 183.785 -12.192
v 167.060 183.511 -12.192
v 166.312 183.455 -12.192
v 165.580 183.622 -12.192
v 164.930 183.997 -12.192
v 164.420 184.547 -12.192
v 164.094 185.223 -12.192
v 183.982 185.965 -12.192
v 184.094 186.707 -12.192
v 184.420 187.383 -12.192
v 184.930 187.933 -12.192
v 185.580 188.308 -12.192
v 186.312 188.475 -12.192
v 187.060 188.419 -12.192
v 187.759 188.145 -12.192
v 188.345 187.677 -12.192
v 188.768 187.057 -12.192
v 188.989 186.340 -12.192
v 188.989 185.590 -12.192
v 188.768 184.873 -12.192
v 188.345 184.253 -12.192
v 187.759 183.785 -12.192
v 187.060 183.511 -12.192
v 186.312 183.455 -12.192
v 185.580 183.622 -12.192
v 184.930 183.997 -12.192
v 184.420 184.547 -12.192
v 184.094 185.223 -12.192
v 45.750 87.965 -12.192
v 45.872 87.154 -12.192
v 46.228 86.416 -12.192
v 46.785 85.815 -12.192
v 47.495 85.405 -12.192
v 48.294 85.223 -12.192
v 49.112 85.284 -12.192
v 49.875 85.583 -12.192
v 50.516 86.095 -12.192
v 50.978 86.772 -12.192
v 51.219 87.555 -12.192
v 51.219 88.375 -12.192
v 50.978 89.158 -12.192
v 50.516 89.835 -12.192
v 49.875 90.347 -12.192
v 49.112 90.646 -12.192
v 48.294 90.707 -12.192
v 47.495 90.525 -12.192
v 46.785 90.115 -12.192
v 46.228 89.514 -12.192
v 45.872 88.776 -12.192
v 13.982 15.965 -12.192
v 14.094 16.707 -12.192
v 14.420 17.383 -12.192
v 14.930 17.933 -12.192
v 15.580 18.308 -12.192
v 16.312 18.475 -12.192
v 17.060 18.419 -12.192
v 17.759 18.145 -12.192
v 18.345 17.677 -12.192
v 18.768 17.057 -12.192
v 18.989 16.340 -12.192
v 18.989 15.590 -12.192
v 18.768 14.873 -12.192
v 18.345 14.253 -12.192
v 17.759 13.785 -12.192
v 17.060 13.511 -12.192
v 16.312 13.455 -12.192
v 15.580 13.622 -12.192
v 14.930 13.997 -12.192
v 14.420 14.547 -12.192
v 14.094 15.223 -12.192
v 130.750 120.965 -12.192
v 130.872 120.154 -12.192
v 131.228 119.416 -12.192
v 131.785 118.815 -12.192
v 132.495 118.405 -12.192
v 133.294 118.223 -12.192
v 134.112 118.284 -12.192
v 134.875 118.583 -12.192
v 135.516 119.095 -12.192
v 135.978 119.772 -12.192
v 136.219 120.555 -12.192
v 136.219 121.375 -12.192
v 135.978 122.158 -12.192
v 135.516 122.835 -12.192
v 134.875 123.347 -12.192
v 134.112 123.646 -12.192
v 133.294 123.707 -12.192
v 132.495 123.525 -12.192
v 131.785 123.115 -12.192
v 131.228 122.514 -12.192
v 130.872 121.776 -12.192
v 175.750 193.965 -12.192
v 175.872 193.154 -12.192
v 176.228 192.416 -12.192
v 176.785 191.815 -12.192
v 177.495 191.405 -12.192
v 178.294 191.223 -12.192
v 179.112 191.284 -12.192
v 179.875 191.583 -12.192
v 180.516 192.095 -12.192
v 180.978 192.772 -12.192
v 181.219 193.555 -12.192
v 181.219 194.375 -12.192
v 180.978 195.158 -12.192
v 180.516 195.835 -12.192
v 179.875 196.347 -12.192
v 179.112 196.646 -12.192
v 178.294 196.707 -12.192
v 177.495 196.525 -12.192
v 176.785 196.115 -12.192
v 176.228 195.514 -12.192
v 175.872 194.776 -12.192
v 16.250 193.965 -12.192
v 16.372 193.154 -12.192
v 16.728 192.416 -12.192
v 17.285 191.815 -12.192
v 17.995 191.405 -12.192
v 18.794 191.223 -12.192
v 19.612 191.284 -12.192
v 20.375 191.583 -12.192
v 21.016 192.095 -12.192
v 21.478 192.772 -12.192
v 21.719 193.555 -12.192
v 21.719 194.375 -12.192
v 21.478 195.158 -12.192
v 21.016 195.835 -12.192
v 20.375 196.347 -12.192
v 19.612 196.646 -12.192
v 18.794 196.707 -12.192
v 17.995 196.525 -12.192
v 17.285 196.115 -12.192
v 16.728 195.514 -12.192
v 16.372 194.776 -12.192
v 16.250 193.965 -8.192
v 16.372 194.776 -8.192
v 16.728 195.514 -8.192
v 17.285 196.115 -8.192
v 17.995 196.525 -8.192
v 18.794 196.707 -8.192
v 19.612 196.646 -8.192
v 20.375 196.347 -8.192
v 21.016 195.835 -8.192
v 21.478 195.158 -8.192
v 21.719 194.375 -8.192
v 21.719 193.555 -8.192
v 21.478 192.772 -8.192
v 21.016 192.095 -8.192
v 20.375 191.583 -8.192
v 19.612 191.284 -8.192
v 18.794 191.223 -8.192
v 17.995 191.405 -8.192
v 17.285 191.815 -8.192
v 16.728 192.416 -8.192
v 16.372 193.154 -8.192
v 2.115 0.000 0.000
v 1.984 0.017 0.000
v 1.861 0.068 0.000
v 1.756 0.149 0.000
v 220.885 0.000 0.000
v 221.244 0.149 0.000
v 221.139 0.068 0.000
v 221.016 0.017 0.000
v 222.851 1.756 0.000
v 223.000 2.115 0.000
v 222.983 1.984 0.000
v 222.932 1.861 0.000
v 223.000 199.815 0.000
v 222.851 200.174 0.000
v 222.932 200.069 0.000
v 222.983 199.946 0.000
v 221.244 201.781 0.000
v 220.885 201.930 0.000
v 221.016 201.913 0.000
v 221.139 201.862 0.000
v 2.115 201.930 0.000
v 1.756 201.781 0.000
v 1.861 201.862 0.000
v 1.984 201.913 0.000
v 0.149 200.174 0.000
v 0.000 199.815 0.000
v 0.017 199.946 0.000
v 0.068 200.069 0.000
v 0.000 2.115 0.000
v 0.149 1.756 0.000
v 0.068 1.861 0.000
v 0.017 1.984 0.000
v 95.872 4.074 0.000
v 95.361 3.440 0.000
v 94.686 2.984 0.000
v 93.907 2.745 0.000
v 93.093 2.745 0.000
v 92.314 2.984 0.000
v 91.639 3.440 0.000
v 91.128 4.074 0.000
v 88.353 4.261 0.000
v 87.819 3.821 0.000
v 87.185 3.543 0.000
v 86.500 3.447 0.000
v 85.815 3.543 0.000
v 85.181 3.821 0.000
v 84.647 4.261 0.000
v 68.353 4.261 0.000
v 67.819 3.821 0.000
v 67.185 3.543 0.000
v 66.500 3.447 0.000
v 65.815 3.543 0.000
v 65.181 3.821 0.000
v 64.647 4.261 0.000
v 48.353 4.261 0.000
v 47.819 3.821 0.000
v 47.185 3.543 0.000
v 46.500 3.447 0.000
v 45.815 3.543 0.000
v 45.181 3.821 0.000
v 44.647 4.261 0.000
v 40.872 4.074 0.000
v 40.361 3.440 0.000
v 39.686 2.984 0.000
v 38.907 2.745 0.000
v 38.093 2.745 0.000
v 37.314 2.984 0.000
v 36.639 3.440 0.000
v 36.128 4.074 0.000
v 14.796 14.112 0.000
v 14.356 14.646 0.000
v 14.078 15.280 0.000
v 13.982 15.965 0.000
v 14.078 16.650 0.000
v 14.356 17.284 0.000
v 14.796 17.818 0.000
v 14.796 34.112 0.000
v 14.356 34.646 0.000
v 14.078 35.280 0.000
v 13.982 35.965 0.000
v 14.078 36.650 0.000
v 14.356 37.284 0.000
v 14.796 37.818 0.000
v 14.796 54.112 0.000
v 14.356 54.646 0.000
v 14.078 55.280 0.000
v 13.982 55.965 0.000
v 14.078 56.650 0.000
v 14.356 57.284 0.000
v 14.796 57.818 0.000
v 14.796 74.112 0.000
v 14.356 74.646 0.000
v 14.078 75.280 0.000
v 13.982 75.965 0.000
v 14.078 76.650 0.000
v 14.356 77.284 0.000
v 14.796 77.818 0.000
v 17.315 78.347 0.000
v 17.933 78.035 0.000
v 18.442 77.567 0.000
v 18.805 76.977 0.000
v 18.994 76.311 0.000
v 18.994 75.619 0.000
v 18.805 74.953 0.000
v 18.442 74.363 0.000
v 17.933 73.895 0.000
v 17.315 73.583 0.000
v 17.315 58.347 0.000
v 17.933 58.035 0.000
v 18.442 57.567 0.000
v 18.805 56.977 0.000
v 18.994 56.311 0.000
v 18.994 55.619 0.000
v 18.805 54.953 0.000
v 18.442 54.363 0.000
v 17.933 53.895 0.000
v 17.315 53.583 0.000
v 17.315 38.347 0.000
v 17.933 38.035 0.000
v 18.442 37.567 0.000
v 18.805 36.977 0.000
v 18.994 36.311 0.000
v 18.994 35.619 0.000
v 18.805 34.953 0.000
v 18.442 34.363 0.000
v 17.933 33.895 0.000
v 17.315 33.583 0.000
v 17.315 18.347 0.000
v 17.933 18.035 0.000
v 18.442 17.567 0.000
v 18.805 16.977 0.000
v 18.994 16.311 0.000
v 18.994 15.619 0.000
v 18.805 14.953 0.000
v 18.442 14.363 0.000
v 17.933 13.895 0.000
v 17.315 13.583 0.000
v 36.128 6.856 0.000
v 36.639 7.490 0.000
v 37.314 7.946 0.000
v 38.093 8.185 0.000
v 38.907 8.185 0.000
v 39.686 7.946 0.000
v 40.361 7.490 0.000
v 40.872 6.856 0.000
v 44.118 6.780 0.000
v 44.430 7.398 0.000
v 44.898 7.907 0.000
v 45.488 8.270 0.000
v 46.154 8.459 0.000
v 46.846 8.459 0.000
v 47.512 8.270 0.000
v 48.102 7.907 0.000
v 48.570 7.398 0.000
v 48.882 6.780 0.000
v 64.118 6.780 0.000
v 64.430 7.398 0.000
v 64.898 7.907 0.000
v 65.488 8.270 0.000
v 66.154 8.459 0.000
v 66.846 8.459 0.000
v 67.512 8.270 0.000
v 68.102 7.907 0.000
v 68.570 7.398 0.000
v 68.882 6.780 0.000
v 84.118 6.780 0.000
v 84.430 7.398 0.000
v 84.898 7.907 0.000
v 85.488 8.270 0.000
v 86.154 8.459 0.000
v 86.846 8.459 0.000
v 87.512 8.270 0.000
v 88.102 7.907 0.000
v 88.570 7.398 0.000
v 88.882 6.780 0.000
v 91.128 6.856 0.000
v 91.639 7.490 0.000
v 92.314 7.946 0.000
v 93.093 8.185 0.000
v 93.907 8.185 0.000
v 94.686 7.946 0.000
v 95.361 7.490 0.000
v 95.872 6.856 0.000
v 128.500 120.965 0.000
v 128.722 122.439 0.000
v 129.369 123.782 0.000
v 130.383 124.874 0.000
v 131.673 125.619 0.000
v 133.126 125.951 0.000
v 134.613 125.840 0.000
v 136.000 125.295 0.000
v 137.165 124.366 0.000
v 138.005 123.134 0.000
v 138.444 121.710 0.000
v 138.444 120.220 0.000
v 138.005 118.796 0.000
v 137.165 117.564 0.000
v 136.000 116.635 0.000
v 134.613 116.090 0.000
v 133.126 115.979 0.000
v 131.673 116.311 0.000
v 130.383 117.056 0.000
v 129.369 118.148 0.000
v 128.722 119.491 0.000
v 130.750 77.965 0.000
v 130.872 78.776 0.000
v 131.228 79.514 0.000
v 131.785 80.115 0.000
v 132.495 80.525 0.000
v 133.294 80.707 0.000
v 134.112 80.646 0.000
v 134.875 80.347 0.000
v 135.516 79.835 0.000
v 135.978 79.158 0.000
v 136.219 78.375 0.000
v 136.219 77.555 0.000
v 135.978 76.772 0.000
v 135.516 76.095 0.000
v 134.875 75.583 0.000
v 134.112 75.284 0.000
v 133.294 75.223 0.000
v 132.495 75.405 0.000
v 131.785 75.815 0.000
v 131.228 76.416 0.000
v 130.872 77.154 0.000
v 37.501 40.465 0.000
v 37.723 41.939 0.000
v 38.370 43.282 0.000
v 39.384 44.374 0.000
v 40.675 45.119 0.000
v 42.128 45.451 0.000
v 43.614 45.340 0.000
v 45.001 44.795 0.000
v 46.167 43.866 0.000
v 47.006 42.634 0.000
v 47.445 41.210 0.000
v 47.445 39.720 0.000
v 47.006 38.296 0.000
v 46.167 37.064 0.000
v 45.001 36.135 0.000
v 43.614 35.590 0.000
v 42.128 35.479 0.000
v 40.675 35.811 0.000
v 39.384 36.556 0.000
v 38.370 37.648 0.000
v 37.723 38.991 0.000
v 213.982 195.965 0.000
v 214.094 196.707 0.000
v 214.420 197.383 0.000
v 214.930 197.933 0.000
v 215.580 198.308 0.000
v 216.312 198.475 0.000
v 217.060 198.419 0.000
v 217.759 198.145 0.000
v 218.345 197.677 0.000
v 218.768 197.057 0.000
v 218.989 196.340 0.000
v 218.989 195.590 0.000
v 218.768 194.873 0.000
v 218.345 194.253 0.000
v 217.759 193.785 0.000
v 217.060 193.511 0.000
v 216.312 193.455 0.000
v 215.580 193.622 0.000
v 214.930 193.997 0.000
v 214.420 194.547 0.000
v 214.094 195.223 0.000
v 153.982 195.965 0.000
v 154.094 196.707 0.000
v 154.420 197.383 0.000
v 154.930 197.933 0.000
v 155.580 198.308 0.000
v 156.312 198.475 0.000
v 157.060 198.419 0.000
v 157.759 198.145 0.000
v 158.345 197.677 0.000
v 158.768 197.057 0.000
v 158.989 196.340 0.000
v 158.989 195.590 0.000
v 158.768 194.873 0.000
v 158.345 194.253 0.000
v 157.759 193.785 0.000
v 157.060 193.511 0.000
v 156.312 193.455 0.000
v 155.580 193.622 0.000
v 154.930 193.997 0.000
v 154.420 194.547 0.000
v 154.094 195.223 0.000
v 133.983 195.965 0.000
v 134.094 196.707 0.000
v 134.420 197.383 0.000
v 134.930 197.933 0.000
v 135.580 198.308 0.000
v 136.312 198.475 0.000
v 137.060 198.419 0.000
v 137.759 198.145 0.000
v 138.345 197.677 0.000
v 138.768 197.057 0.000
v 138.989 196.340 0.000
v 138.989 195.590 0.000
v 138.768 194.873 0.000
v 138.345 194.253 0.000
v 137.759 193.785 0.000
v 137.060 193.511 0.000
v 136.312 193.455 0.000
v 135.580 193.622 0.000
v 134.930 193.997 0.000
v 134.420 194.547 0.000
v 134.094 195.223 0.000
v 113.983 195.965 0.000
v 114.094 196.707 0.000
v 114.420 197.383 0.000
v 114.930 197.933 0.000
v 115.580 198.308 0.000
v 116.312 198.475 0.000
v 117.060 198.419 0.000
v 117.759 198.145 0.000
v 118.345 197.677 0.000
v 118.768 197.057 0.000
v 118.989 196.340 0.000
v 118.989 195.590 0.000
v 118.768 194.873 0.000
v 118.345 194.253 0.000
v 117.759 193.785 0.000
v 117.060 193.511 0.000
v 116.312 193.455 0.000
v 115.580 193.622 0.000
v 114.930 193.997 0.000
v 114.420 194.547 0.000
v 114.094 195.223 0.000
v 93.983 195.965 0.000
v 94.094 196.707 0.000
v 94.420 197.383 0.000
v 94.930 197.933 0.000
v 95.580 198.308 0.000
v 96.312 198.475 0.000
v 97.060 198.419 0.000
v 97.759 198.145 0.000
v 98.345 197.677 0.000
v 98.768 197.057 0.000
v 98.989 196.340 0.000
v 98.989 195.590 0.000
v 98.768 194.873 0.000
v 98.345 194.253 0.000
v 97.759 193.785 0.000
v 97.060 193.511 0.000
v 96.312 193.455 0.000
v 95.580 193.622 0.000
v 94.930 193.997 0.000
v 94.420 194.547 0.000
v 94.094 195.223 0.000
v 73.982 195.965 0.000
v 74.094 196.707 0.000
v 74.420 197.383 0.000
v 74.930 197.933 0.000
v 75.580 198.308 0.000
v 76.312 198.475 0.000
v 77.060 198.419 0.000
v 77.759 198.145 0.000
v 78.345 197.677 0.000
v 78.768 197.057 0.000
v 78.989 196.340 0.000
v 78.989 195.590 0.000
v 78.768 194.873 0.000
v 78.345 194.253 0.000
v 77.759 193.785 0.000
v 77.060 193.511 0.000
v 76.312 193.455 0.000
v 75.580 193.622 0.000
v 74.930 193.997 0.000
v 74.420 194.547 0.000
v 74.094 195.223 0.000
v 53.982 195.965 0.000
v 54.094 196.707 0.000
v 54.420 197.383 0.000
v 54.930 197.933 0.000
v 55.580 198.308 0.000
v 56.312 198.475 0.000
v 57.060 198.419 0.000
v 57.759 198.145 0.000
v 58.345 197.677 0.000
v 58.768 197.057 0.000
v 58.989 196.340 0.000
v 58.989 195.590 0.000
v 58.768 194.873 0.000
v 58.345 194.253 0.000
v 57.759 193.785 0.000
v 57.060 193.511 0.000
v 56.312 193.455 0.000
v 55.580 193.622 0.000
v 54.930 193.997 0.000
v 54.420 194.547 0.000
v 54.094 195.223 0.000
v 33.982 195.965 0.000
v 34.094 196.707 0.000
v 34.420 197.383 0.000
v 34.930 197.933 0.000
v 35.580 198.308 0.000
v 36.312 198.475 0.000
v 37.060 198.419 0.000
v 37.759 198.145 0.000
v 38.345 197.677 0.000
v 38.768 197.057 0.000
v 38.989 196.340 0.000
v 38.989 195.590 0.000
v 38.768 194.873 0.000
v 38.345 194.253 0.000
v 37.759 193.785 0.000
v 37.060 193.511 0.000
v 36.312 193.455 0.000
v 35.580 193.622 0.000
v 34.930 193.997 0.000
v 34.420 194.547 0.000
v 34.094 195.223 0.000
v 213.982 175.965 0.000
v 214.094 176.707 0.000
v 214.420 177.383 0.000
v 214.930 177.933 0.000
v 215.580 178.308 0.000
v 216.312 178.475 0.000
v 217.060 178.419 0.000
v 217.759 178.145 0.000
v 218.345 177.677 0.000
v 218.768 177.057 0.000
v 218.989 176.340 0.000
v 218.989 175.590 0.000
v 218.768 174.873 0.000
v 218.345 174.253 0.000
v 217.759 173.785 0.000
v 217.060 173.511 0.000
v 216.312 173.455 0.000
v 215.580 173.622 0.000
v 214.930 173.997 0.000
v 214.420 174.547 0.000
v 214.094 175.223 0.000
v 193.982 175.965 0.000
v 194.094 176.707 0.000
v 194.420 177.383 0.000
v 194.930 177.933 0.000
v 195.580 178.308 0.000
v 196.312 178.475 0.000
v 197.060 178.419 0.000
v 197.759 178.145 0.000
v 198.345 177.677 0.000
v 198.768 177.057 0.000
v 198.989 176.340 0.000
v 198.989 175.590 0.000
v 198.768 174.873 0.000
v 198.345 174.253 0.000
v 197.759 173.785 0.000
v 197.060 173.511 0.000
v 196.312 173.455 0.000
v 195.580 173.622 0.000
v 194.930 173.997 0.000
v 194.420 174.547 0.000
v 194.094 175.223 0.000
v 173.982 175.965 0.000
v 174.094 176.707 0.000
v 174.420 177.383 0.000
v 174.930 177.933 0.000
v 175.580 178.308 0.000
v 176.312 178.475 0.000
v 177.060 178.419 0.000
v 177.759 178.145 0.000
v 178.345 177.677 0.000
v 178.768 177.057 0.000
v 178.989 176.340 0.000
v 178.989 175.590 0.000
v 178.768 174.873 0.000
v 178.345 174.253 0.000
v 177.759 173.785 0.000
v 177.060 173.511 0.000
v 176.312 173.455 0.000
v 175.580 173.622 0.000
v 174.930 173.997 0.000
v 174.420 174.547 0.000
v 174.094 175.223 0.000
v 153.982 175.965 0.000
v 154.094 176.707 0.000
v 154.420 177.383 0.000
v 154.930 177.933 0.000
v 155.580 178.308 0.000
v 156.312 178.475 0.000
v 157.060 178.419 0.000
v 157.759 178.145 0.000
v 158.345 177.677 0.000
v 158.768 177.057 0.000
v 158.989 176.340 0.000
v 158.989 175.590 0.000
v 158.768 174.873 0.000
v 158.345 174.253 0.000
v 157.759 173.785 0.000
v 157.060 173.511 0.000
v 156.312 173.455 0.000
v 155.580 173.622 0.000
v 154.930 173.997 0.000
v 154.420 174.547 0.000
v 154.094 175.223 0.000
v 133.983 175.965 0.000
v 134.094 176.707 0.000
v 134.420 177.383 0.000
v 134.930 177.933 0.000
v 135.580 178.308 0.000
v 136.312 178.475 0.000
v 137.060 178.419 0.000
v 137.759 178.145 0.000
v 138.345 177.677 0.000
v 138.768 177.057 0.000
v 138.989 176.340 0.000
v 138.989 175.590 0.000
v 138.768 174.873 0.000
v 138.345 174.253 0.000
v 137.759 173.785 0.000
v 137.060 173.511 0.000
v 136.312 173.455 0.000
v 135.580 173.622 0.000
v 134.930 173.997 0.000
v 134.420 174.547 0.000
v 134.094 175.223 0.000
v 113.983 175.965 0.000
v 114.094 176.707 0.000
v 114.420 177.383 0.000
v 114.930 177.933 0.000
v 115.580 178.308 0.000
v 116.312 178.475 0.000
v 117.060 178.419 0.000
v 117.759 178.145 0.000
v 118.345 177.677 0.000
v 118.768 177.057 0.000
v 118.989 176.340 0.000
v 118.989 175.590 0.000
v 118.768 174.873 0.000
v 118.345 174.253 0.000
v 117.759 173.785 0.000
v 117.060 173.511 0.000
v 116.312 173.455 0.000
v 115.580 173.622 0.000
v 114.930 173.997 0.000
v 114.420 174.547 0.000
v 114.094 175.223 0.000
v 93.983 175.965 0.000
v 94.094 176.707 0.000
v 94.420 177.383 0.000
v 94.930 177.933 0.000
v 95.580 178.308 0.000
v 96.312 178.475 0.000
v 97.060 178.419 0.000
v 97.759 178.145 0.000
v 98.345 177.677 0.000
v 98.768 177.057 0.000
v 98.989 176.340 0.000
v 98.989 175.590 0.000
v 98.768 174.873 0.000
v 98.345 174.253 0.000
v 97.759 173.785 0.000
v 97.060 173.511 0.000
v 96.312 173.455 0.000
v 95.580 173.622 0.000
v 94.930 173.997 0.000
v 94.420 174.547 0.000
v 94.094 175.223 0.000
v 73.982 175.965 0.000
v 74.094 176.707 0.000
v 74.420 177.383 0.000
v 74.930 177.933 0.000
v 75.580 178.308 0.000
v 76.312 178.475 0.000
v 77.060 178.419 0.000
v 77.759 178.145 0.000
v 78.345 177.677 0.000
v 78.768 177.057 0.000
v 78.989 176.340 0.000
v 78.989 175.590 0.000
v 78.768 174.873 0.000
v 78.345 174.253 0.000
v 77.759 173.785 0.000
v 77.060 173.511 0.000
v 76.312 173.455 0.000
v 75.580 173.622 0.000
v 74.930 173.997 0.000
v 74.420 174.547 0.000
v 74.094 175.223 0.000
v 53.982 175.965 0.000
v 54.094 176.707 0.000
v 54.420 177.383 0.000
v 54.930 177.933 0.000
v 55.580 178.308 0.000
v 56.312 178.475 0.000
v 57.060 178.419 0.000
v 57.759 178.145 0.000
v 58.345 177.677 0.000
v 58.768 177.057 0.000
v 58.989 176.340 0.000
v 58.989 175.590 0.000
v 58.768 174.873 0.000
v 58.345 174.253 0.000
v 57.759 173.785 0.000
v 57.060 173.511 0.000
v 56.312 173.455 0.000
v 55.580 173.622 0.000
v 54.930 173.997 0.000
v 54.420 174.547 0.000
v 54.094 175.223 0.000
v 33.982 175.965 0.000
v 34.094 176.707 0.000
v 34.420 177.383 0.000
v 34.930 177.933 0.000
v 35.580 178.308 0.000
v 36.312 178.475 0.000
v 37.060 178.419 0.000
v 37.759 178.145 0.000
v 38.345 177.677 0.000
v 38.768 177.057 0.000
v 38.989 176.340 0.000
v 38.989 175.590 0.000
v 38.768 174.873 0.000
v 38.345 174.253 0.000
v 37.759 173.785 0.000
v 37.060 173.511 0.000
v 36.312 173.455 0.000
v 35.580 173.622 0.000
v 34.930 173.997 0.000
v 34.420 174.547 0.000
v 34.094 175.223 0.000
v 13.982 175.965 0.000
v 14.094 176.707 0.000
v 14.420 177.383 0.000
v 14.930 177.933 0.000
v 15.580 178.308 0.000
v 16.312 178.475 0.000
v 17.060 178.419 0.000
v 17.759 178.145 0.000
v 18.345 177.677 0.000
v 18.768 177.057 0.000
v 18.989 176.340 0.000
v 18.989 175.590 0.000
v 18.768 174.873 0.000
v 18.345 174.253 0.000
v 17.759 173.785 0.000
v 17.060 173.511 0.000
v 16.312 173.455 0.000
v 15.580 173.622 0.000
v 14.930 173.997 0.000
v 14.420 174.547 0.000
v 14.094 175.223 0.000
v 213.982 155.965 0.000
v 214.094 156.707 0.000
v 214.420 157.383 0.000
v 214.930 157.933 0.000
v 215.580 158.308 0.000
v 216.312 158.475 0.000
v 217.060 158.419 0.000
v 217.759 158.145 0.000
v 218.345 157.677 0.000
v 218.768 157.057 0.000
v 218.989 156.340 0.000
v 218.989 155.590 0.000
v 218.768 154.873 0.000
v 218.345 154.253 0.000
v 217.759 153.785 0.000
v 217.060 153.511 0.000
v 216.312 153.455 0.000
v 215.580 153.622 0.000
v 214.930 153.997 0.000
v 214.420 154.547 0.000
v 214.094 155.223 0.000
v 193.982 155.965 0.000
v 194.094 156.707 0.000
v 194.420 157.383 0.000
v 194.930 157.933 0.000
v 195.580 158.308 0.000
v 196.312 158.475 0.000
v 197.060 158.419 0.000
v 197.759 158.145 0.000
v 198.345 157.677 0.000
v 198.768 157.057 0.000
v 198.989 156.340 0.000
v 198.989 155.590 0.000
v 198.768 154.873 0.000
v 198.345 154.253 0.000
v 197.759 153.785 0.000
v 197.060 153.511 0.000
v 196.312 153.455 0.000
v 195.580 153.622 0.000
v 194.930 153.997 0.000
v 194.420 154.547 0.000
v 194.094 155.223 0.000
v 173.982 155.965 0.000
v 174.094 156.707 0.000
v 174.420 157.383 0.000
v 174.930 157.933 0.000
v 175.580 158.308 0.000
v 176.312 158.475 0.000
v 177.060 158.419 0.000
v 177.759 158.145 0.000
v 178.345 157.677 0.000
v 178.768 157.057 0.000
v 178.989 156.340 0.000
v 178.989 155.590 0.000
v 178.768 154.873 0.000
v 178.345 154.253 0.000
v 177.759 153.785 0.000
v 177.060 153.511 0.000
v 176.312 153.455 0.000
v 175.580 153.622 0.000
v 174.930 153.997 0.000
v 174.420 154.547 0.000
v 174.094 155.223 0.000
v 153.982 155.965 0.000
v 154.094 156.707 0.000
v 154.420 157.383 0.000
v 154.930 157.933 0.000
v 155.580 158.308 0.000
v 156.312 158.475 0.000
v 157.060 158.419 0.000
v 157.759 158.145 0.000
v 158.345 157.677 0.000
v 158.768 157.057 0.000
v 158.989 156.340 0.000
v 158.989 155.590 0.000
v 158.768 154.873 0.000
v 158.345 154.253 0.000
v 157.759 153.785 0.000
v 157.060 153.511 0.000
v 156.312 153.455 0.000
v 155.580 153.622 0.000
v 154.930 153.997 0.000
v 154.420 154.547 0.000
v 154.094 155.223 0.000
v 133.983 155.965 0.000
v 134.094 156.707 0.000
v 134.420 157.383 0.000
v 134.930 157.933 0.000
v 135.580 158.308 0.000
v 136.312 158.475 0.000
v 137.060 158.419 0.000
v 137.759 158.145 0.000
v 138.345 157.677 0.000
v 138.768 157.057 0.000
v 138.989 156.340 0.000
v 138.989 155.590 0.000
v 138.768 154.873 0.000
v 138.345 154.253 0.000
v 137.759 153.785 0.000
v 137.060 153.511 0.000
v 136.312 153.455 0.000
v 135.580 153.622 0.000
v 134.930 153.997 0.000
v 134.420 154.547 0.000
v 134.094 155.223 0.000
v 113.983 155.965 0.000
v 114.094 156.707 0.000
v 114.420 157.383 0.000
v 114.930 157.933 0.000
v 115.580 158.308 0.000
v 116.312 158.475 0.000
v 117.060 158.419 0.000
v 117.759 158.145 0.000
v 118.345 157.677 0.000
v 118.768 157.057 0.000
v 118.989 156.340 0.000
v 118.989 155.590 0.000
v 118.768 154.873 0.000
v 118.345 154.253 0.000
v 117.759 153.785 0.000
v 117.060 153.511 0.000
v 116.312 153.455 0.000
v 115.580 153.622 0.000
v 114.930 153.997 0.000
v 114.420 154.547 0.000
v 114.094 155.223 0.000
v 93.983 155.965 0.000
v 94.094 156.707 0.000
v 94.420 157.383 0.000
v 94.930 157.933 0.000
v 95.580 158.308 0.000
v 96.312 158.475 0.000
v 97.060 158.419 0.000
v 97.759 158.145 0.000
v 98.345 157.677 0.000
v 98.768 157.057 0.000
v 98.989 156.340 0.000
v 98.989 155.590 0.000
v 98.768 154.873 0.000
v 98.345 154.253 0.000
v 97.759 153.785 0.000
v 97.060 153.511 0.000
v 96.312 153.455 0.000
v 95.580 153.622 0.000
v 94.930 153.997 0.000
v 94.420 154.547 0.000
v 94.094 155.223 0.000
v 73.982 155.965 0.000
v 74.094 156.707 0.000
v 74.420 157.383 0.000
v 74.930 157.933 0.000
v 75.580 158.308 0.000
v 76.312 158.475 0.000
v 77.060 158.419 0.000
v 77.759 158.145 0.000
v 78.345 157.677 0.000
v 78.768 157.057 0.000
v 78.989 156.340 0.000
v 78.989 155.590 0.000
v 78.768 154.873 0.000
v 78.345 154.253 0.000
v 77.759 153.785 0.000
v 77.060 153.511 0.000
v 76.312 153.455 0.000
v 75.580 153.622 0.000
v 74.930 153.997 0.000
v 74.420 154.547 0.000
v 74.094 155.223 0.000
v 53.982 155.965 0.000
v 54.094 156.707 0.000
v 54.420 157.383 0.000
v 54.930 157.933 0.000
v 55.580 158.308 0.000
v 56.312 158.475 0.000
v 57.060 158.419 0.000
v 57.759 158.145 0.000
v 58.345 157.677 0.000
v 58.768 157.057 0.000
v 58.989 156.340 0.000
v 58.989 155.590 0.000
v 58.768 154.873 0.000
v 58.345 154.253 0.000
v 57.759 153.785 0.000
v 57.060 153.511 0.000
v 56.312 153.455 0.000
v 55.580 153.622 0.000
v 54.930 153.997 0.000
v 54.420 154.547 0.000
v 54.094 155.223 0.000
v 33.982 155.965 0.000
v 34.094 156.707 0.000
v 34.420 157.383 0.000
v 34.930 157.933 0.000
v 35.580 158.308 0.000
v 36.312 158.475 0.000
v 37.060 158.419 0.000
v 37.759 158.145 0.000
v 38.345 157.677 0.000
v 38.768 157.057 0.000
v 38.989 156.340 0.000
v 38.989 155.590 0.000
v 38.768 154.873 0.000
v 38.345 154.253 0.000
v 37.759 153.785 0.000
v 37.060 153.511 0.000
v 36.312 153.455 0.000
v 35.580 153.622 0.000
v 34.930 153.997 0.000
v 34.420 154.547 0.000
v 34.094 155.223 0.000
v 13.982 155.965 0.000
v 14.094 156.707 0.000
v 14.420 157.383 0.000
v 14.930 157.933 0.000
v 15.580 158.308 0.000
v 16.312 158.475 0.000
v 17.060 158.419 0.000
v 17.759 158.145 0.000
v 18.345 157.677 0.000
v 18.768 157.057 0.000
v 18.989 156.340 0.000
v 18.989 155.590 0.000
v 18.768 154.873 0.000
v 18.345 154.253 0.000
v 17.759 153.785 0.000
v 17.060 153.511 0.000
v 16.312 153.455 0.000
v 15.580 153.622 0.000
v 14.930 153.997 0.000
v 14.420 154.547 0.000
v 14.094 155.223 0.000
v 213.982 135.965 0.000
v 214.094 136.707 0.000
v 214.420 137.383 0.000
v 214.930 137.933 0.000
v 215.580 138.308 0.000
v 216.312 138.475 0.000
v 217.060 138.419 0.000
v 217.759 138.145 0.000
v 218.345 137.677 0.000
v 218.768 137.057 0.000
v 218.989 136.340 0.000
v 218.989 135.590 0.000
v 218.768 134.873 0.000
v 218.345 134.253 0.000
v 217.759 133.785 0.000
v 217.060 133.511 0.000
v 216.312 133.455 0.000
v 215.580 133.622 0.000
v 214.930 133.997 0.000
v 214.420 134.547 0.000
v 214.094 135.223 0.000
v 193.982 135.965 0.000
v 194.094 136.707 0.000
v 194.420 137.383 0.000
v 194.930 137.933 0.000
v 195.580 138.308 0.000
v 196.312 138.475 0.000
v 197.060 138.419 0.000
v 197.759 138.145 0.000
v 198.345 137.677 0.000
v 198.768 137.057 0.000
v 198.989 136.340 0.000
v 198.989 135.590 0.000
v 198.768 134.873 0.000
v 198.345 134.253 0.000
v 197.759 133.785 0.000
v 197.060 133.511 0.000
v 196.312 133.455 0.000
v 195.580 133.622 0.000
v 194.930 133.997 0.000
v 194.420 134.547 0.000
v 194.094 135.223 0.000
v 173.982 135.965 0.000
v 174.094 136.707 0.000
v 174.420 137.383 0.000
v 174.930 137.933 0.000
v 175.580 138.308 0.000
v 176.312 138.475 0.000
v 177.060 138.419 0.000
v 177.759 138.145 0.000
v 178.345 137.677 0.000
v 178.768 137.057 0.000
v 178.989 136.340 0.000
v 178.989 135.590 0.000
v 178.768 134.873 0.000
v 178.345 134.253 0.000
v 177.759 133.785 0.000
v 177.060 133.511 0.000
v 176.312 133.455 0.000
v 175.580 133.622 0.000
v 174.930 133.997 0.000
v 174.420 134.547 0.000
v 174.094 135.223 0.000
v 153.982 135.965 0.000
v 154.094 136.707 0.000
v 154.420 137.383 0.000
v 154.930 137.933 0.000
v 155.580 138.308 0.000
v 156.312 138.475 0.000
v 157.060 138.419 0.000
v 157.759 138.145 0.000
v 158.345 137.677 0.000
v 158.768 137.057 0.000
v 158.989 136.340 0.000
v 158.989 135.590 0.000
v 158.768 134.873 0.000
v 158.345 134.253 0.000
v 157.759 133.785 0.000
v 157.060 133.511 0.000
v 156.312 133.455 0.000
v 155.580 133.622 0.000
v 154.930 133.997 0.000
v 154.420 134.547 0.000
v 154.094 135.223 0.000
v 133.983 135.965 0.000
v 134.094 136.707 0.000
v 134.420 137.383 0.000
v 134.930 137.933 0.000
v 135.580 138.308 0.000
v 136.312 138.475 0.000
v 137.060 138.419 0.000
v 137.759 138.145 0.000
v 138.345 137.677 0.000
v 138.768 137.057 0.000
v 138.989 136.340 0.000
v 138.989 135.590 0.000
v 138.768 134.873 0.000
v 138.345 134.253 0.000
v 137.759 133.785 0.000
v 137.060 133.511 0.000
v 136.312 133.455 0.000
v 135.580 133.622 0.000
v 134.930 133.997 0.000
v 134.420 134.547 0.000
v 134.094 135.223 0.000
v 113.983 135.965 0.000
v 114.094 136.707 0.000
v 114.420 137.383 0.000
v 114.930 137.933 0.000
v 115.580 138.308 0.000
v 116.312 138.475 0.000
v 117.060 138.419 0.000
v 117.759 138.145 0.000
v 118.345 137.677 0.000
v 118.768 137.057 0.000
v 118.989 136.340 0.000
v 118.989 135.590 0.000
v 118.768 134.873 0.000
v 118.345 134.253 0.000
v 117.759 133.785 0.000
v 117.060 133.511 0.000
v 116.312 133.455 0.000
v 115.580 133.622 0.000
v 114.930 133.997 0.000
v 114.420 134.547 0.000
v 114.094 135.223 0.000
v 93.983 135.965 0.000
v 94.094 136.707 0.000
v 94.420 137.383 0.000
v 94.930 137.933 0.000
v 95.580 138.308 0.000
v 96.312 138.475 0.000
v 97.060 138.419 0.000
v 97.759 138.145 0.000
v 98.345 137.677 0.000
v 98.768 137.057 0.000
v 98.989 136.340 0.000
v 98.989 135.590 0.000
v 98.768 134.873 0.000
v 98.345 134.253 0.000
v 97.759 133.785 0.000
v 97.060 133.511 0.000
v 96.312 133.455 0.000
v 95.580 133.622 0.000
v 94.930 133.997 0.000
v 94.420 134.547 0.000
v 94.094 135.223 0.000
v 73.982 135.965 0.000
v 74.094 136.707 0.000
v 74.420 137.383 0.000
v 74.930 137.933 0.000
v 75.580 138.308 0.000
v 76.312 138.475 0.000
v 77.060 138.419 0.000
v 77.759 138.145 0.000
v 78.345 137.677 0.000
v 78.768 137.057 0.000
v 78.989 136.340 0.000
v 78.989 135.590 0.000
v 78.768 134.873 0.000
v 78.345 134.253 0.000
v 77.759 133.785 0.000
v 77.060 133.511 0.000
v 76.312 133.455 0.000
v 75.580 133.622 0.000
v 74.930 133.997 0.000
v 74.420 134.547 0.000
v 74.094 135.223 0.000
v 53.982 135.965 0.000
v 54.094 136.707 0.000
v 54.420 137.383 0.000
v 54.930 137.933 0.000
v 55.580 138.308 0.000
v 56.312 138.475 0.000
v 57.060 138.419 0.000
v 57.759 138.145 0.000
v 58.345 137.677 0.000
v 58.768 137.057 0.000
v 58.989 136.340 0.000
v 58.989 135.590 0.000
v 58.768 134.873 0.000
v 58.345 134.253 0.000
v 57.759 133.785 0.000
v 57.060 133.511 0.000
v 56.312 133.455 0.000
v 55.580 133.622 0.000
v 54.930 133.997 0.000
v 54.420 134.547 0.000
v 54.094 135.223 0.000
v 33.982 135.965 0.000
v 34.094 136.707 0.000
v 34.420 137.383 0.000
v 34.930 137.933 0.000
v 35.580 138.308 0.000
v 36.312 138.475 0.000
v 37.060 138.419 0.000
v 37.759 138.145 0.000
v 38.345 137.677 0.000
v 38.768 137.057 0.000
v 38.989 136.340 0.000
v 38.989 135.590 0.000
v 38.768 134.873 0.000
v 38.345 134.253 0.000
v 37.759 133.785 0.000
v 37.060 133.511 0.000
v 36.312 133.455 0.000
v 35.580 133.622 0.000
v 34.930 133.997 0.000
v 34.420 134.547 0.000
v 34.094 135.223 0.000
v 13.982 135.965 0.000
v 14.094 136.707 0.000
v 14.420 137.383 0.000
v 14.930 137.933 0.000
v 15.580 138.308 0.000
v 16.312 138.475 0.000
v 17.060 138.419 0.000
v 17.759 138.145 0.000
v 18.345 137.677 0.000
v 18.768 137.057 0.000
v 18.989 136.340 0.000
v 18.989 135.590 0.000
v 18.768 134.873 0.000
v 18.345 134.253 0.000
v 17.759 133.785 0.000
v 17.060 133.511 0.000
v 16.312 133.455 0.000
v 15.580 133.622 0.000
v 14.930 133.997 0.000
v 14.420 134.547 0.000
v 14.094 135.223 0.000
v 213.982 115.965 0.000
v 214.094 116.707 0.000
v 214.420 117.383 0.000
v 214.930 117.933 0.000
v 215.580 118.308 0.000
v 216.312 118.475 0.000
v 217.060 118.419 0.000
v 217.759 118.145 0.000
v 218.345 117.677 0.000
v 218.768 117.057 0.000
v 218.989 116.340 0.000
v 218.989 115.590 0.000
v 218.768 114.873 0.000
v 218.345 114.253 0.000
v 217.759 113.785 0.000
v 217.060 113.511 0.000
v 216.312 113.455 0.000
v 215.580 113.622 0.000
v 214.930 113.997 0.000
v 214.420 114.547 0.000
v 214.094 115.223 0.000
v 193.982 115.965 0.000
v 194.094 116.707 0.000
v 194.420 117.383 0.000
v 194.930 117.933 0.000
v 195.580 118.308 0.000
v 196.312 118.475 0.000
v 197.060 118.419 0.000
v 197.759 118.145 0.000
v 198.345 117.677 0.000
v 198.768 117.057 0.000
v 198.989 116.340 0.000
v 198.989 115.590 0.000
v 198.768 114.873 0.000
v 198.345 114.253 0.000
v 197.759 113.785 0.000
v 197.060 113.511 0.000
v 196.312 113.455 0.000
v 195.580 113.622 0.000
v 194.930 113.997 0.000
v 194.420 114.547 0.000
v 194.094 115.223 0.000
v 173.982 115.965 0.000
v 174.094 116.707 0.000
v 174.420 117.383 0.000
v 174.930 117.933 0.000
v 175.580 118.308 0.000
v 176.312 118.475 0.000
v 177.060 118.419 0.000
v 177.759 118.145 0.000
v 178.345 117.677 0.000
v 178.768 117.057 0.000
v 178.989 116.340 0.000
v 178.989 115.590 0.000
v 178.768 114.873 0.000
v 178.345 114.253 0.000
v 177.759 113.785 0.000
v 177.060 113.511 0.000
v 176.312 113.455 0.000
v 175.580 113.622 0.000
v 174.930 113.997 0.000
v 174.420 114.547 0.000
v 174.094 115.223 0.000
v 153.982 115.965 0.000
v 154.094 116.707 0.000
v 154.420 117.383 0.000
v 154.930 117.933 0.000
v 155.580 118.308 0.000
v 156.312 118.475 0.000
v 157.060 118.419 0.000
v 157.759 118.145 0.000
v 158.345 117.677 0.000
v 158.768 117.057 0.000
v 158.989 116.340 0.000
v 158.989 115.590 0.000
v 158.768 114.873 0.000
v 158.345 114.253 0.000
v 157.759 113.785 0.000
v 157.060 113.511 0.000
v 156.312 113.455 0.000
v 155.580 113.622 0.000
v 154.930 113.997 0.000
v 154.420 114.547 0.000
v 154.094 115.223 0.000
v 113.983 115.965 0.000
v 114.094 116.707 0.000
v 114.420 117.383 0.000
v 114.930 117.933 0.000
v 115.580 118.308 0.000
v 116.312 118.475 0.000
v 117.060 118.419 0.000
v 117.759 118.145 0.000
v 118.345 117.677 0.000
v 118.768 117.057 0.000
v 118.989 116.340 0.000
v 118.989 115.590 0.000
v 118.768 114.873 0.000
v 118.345 114.253 0.000
v 117.759 113.785 0.000
v 117.060 113.511 0.000
v 116.312 113.455 0.000
v 115.580 113.622 0.000
v 114.930 113.997 0.000
v 114.420 114.547 0.000
v 114.094 115.223 0.000
v 93.983 115.965 0.000
v 94.094 116.707 0.000
v 94.420 117.383 0.000
v 94.930 117.933 0.000
v 95.580 118.308 0.000
v 96.312 118.475 0.000
v 97.060 118.419 0.000
v 97.759 118.145 0.000
v 98.345 117.677 0.000
v 98.768 117.057 0.000
v 98.989 116.340 0.000
v 98.989 115.590 0.000
v 98.768 114.873 0.000
v 98.345 114.253 0.000
v 97.759 113.785 0.000
v 97.060 113.511 0.000
v 96.312 113.455 0.000
v 95.580 113.622 0.000
v 94.930 113.997 0.000
v 94.420 114.547 0.000
v 94.094 115.223 0.000
v 73.982 115.965 0.000
v 74.094 116.707 0.000
v 74.420 117.383 0.000
v 74.930 117.933 0.000
v 75.580 118.308 0.000
v 76.312 118.475 0.000
v 77.060 118.419 0.000
v 77.759 118.145 0.000
v 78.345 117.677 0.000
v 78.768 117.057 0.000
v 78.989 116.340 0.000
v 78.989 115.590 0.000
v 78.768 114.873 0.000
v 78.345 114.253 0.000
v 77.759 113.785 0.000
v 77.060 113.511 0.000
v 76.312 113.455 0.000
v 75.580 113.622 0.000
v 74.930 113.997 0.000
v 74.420 114.547 0.000
v 74.094 115.223 0.000
v 53.982 115.965 0.000
v 54.094 116.707 0.000
v 54.420 117.383 0.000
v 54.930 117.933 0.000
v 55.580 118.308 0.000
v 56.312 118.475 0.000
v 57.060 118.419 0.000
v 57.759 118.145 0.000
v 58.345 117.677 0.000
v 58.768 117.057 0.000
v 58.989 116.340 0.000
v 58.989 115.590 0.000
v 58.768 114.873 0.000
v 58.345 114.253 0.000
v 57.759 113.785 0.000
v 57.060 113.511 0.000
v 56.312 113.455 0.000
v 55.580 113.622 0.000
v 54.930 113.997 0.000
v 54.420 114.547 0.000
v 54.094 115.223 0.000
v 33.982 115.965 0.000
v 34.094 116.707 0.000
v 34.420 117.383 0.000
v 34.930 117.933 0.000
v 35.580 118.308 0.000
v 36.312 118.475 0.000
v 37.060 118.419 0.000
v 37.759 118.145 0.000
v 38.345 117.677 0.000
v 38.768 117.057 0.000
v 38.989 116.340 0.000
v 38.989 115.590 0.000
v 38.768 114.873 0.000
v 38.345 114.253 0.000
v 37.759 113.785 0.000
v 37.060 113.511 0.000
v 36.312 113.455 0.000
v 35.580 113.622 0.000
v 34.930 113.997 0.000
v 34.420 114.547 0.000
v 34.094 115.223 0.000
v 13.982 115.965 0.000
v 14.094 116.707 0.000
v 14.420 117.383 0.000
v 14.930 117.933 0.000
v 15.580 118.308 0.000
v 16.312 118.475 0.000
v 17.060 118.419 0.000
v 17.759 118.145 0.000
v 18.345 117.677 0.000
v 18.768 117.057 0.000
v 18.989 116.340 0.000
v 18.989 115.590 0.000
v 18.768 114.873 0.000
v 18.345 114.253 0.000
v 17.759 113.785 0.000
v 17.060 113.511 0.000
v 16.312 113.455 0.000
v 15.580 113.622 0.000
v 14.930 113.997 0.000
v 14.420 114.547 0.000
v 14.094 115.223 0.000
v 213.982 95.965 0.000
v 214.094 96.707 0.000
v 214.420 97.383 0.000
v 214.930 97.933 0.000
v 215.580 98.308 0.000
v 216.312 98.475 0.000
v 217.060 98.419 0.000
v 217.759 98.145 0.000
v 218.345 97.677 0.000
v 218.768 97.057 0.000
v 218.989 96.340 0.000
v 218.989 95.590 0.000
v 218.768 94.873 0.000
v 218.345 94.253 0.000
v 217.759 93.785 0.000
v 217.060 93.511 0.000
v 216.312 93.455 0.000
v 215.580 93.622 0.000
v 214.930 93.997 0.000
v 214.420 94.547 0.000
v 214.094 95.223 0.000
v 193.982 95.965 0.000
v 194.094 96.707 0.000
v 194.420 97.383 0.000
v 194.930 97.933 0.000
v 195.580 98.308 0.000
v 196.312 98.475 0.000
v 197.060 98.419 0.000
v 197.759 98.145 0.000
v 198.345 97.677 0.000
v 198.768 97.057 0.000
v 198.989 96.340 0.000
v 198.989 95.590 0.000
v 198.768 94.873 0.000
v 198.345 94.253 0.000
v 197.759 93.785 0.000
v 197.060 93.511 0.000
v 196.312 93.455 0.000
v 195.580 93.622 0.000
v 194.930 93.997 0.000
v 194.420 94.547 0.000
v 194.094 95.223 0.000
v 173.982 95.965 0.000
v 174.094 96.707 0.000
v 174.420 97.383 0.000
v 174.930 97.933 0.000
v 175.580 98.308 0.000
v 176.312 98.475 0.000
v 177.060 98.419 0.000
v 177.759 98.145 0.000
v 178.345 97.677 0.000
v 178.768 97.057 0.000
v 178.989 96.340 0.000
v 178.989 95.590 0.000
v 178.768 94.873 0.000
v 178.345 94.253 0.000
v 177.759 93.785 0.000
v 177.060 93.511 0.000
v 176.312 93.455 0.000
v 175.580 93.622 0.000
v 174.930 93.997 0.000
v 174.420 94.547 0.000
v 174.094 95.223 0.000
v 153.982 95.965 0.000
v 154.094 96.707 0.000
v 154.420 97.383 0.000
v 154.930 97.933 0.000
v 155.580 98.308 0.000
v 156.312 98.475 0.000
v 157.060 98.419 0.000
v 157.759 98.145 0.000
v 158.345 97.677 0.000
v 158.768 97.057 0.000
v 158.989 96.340 0.000
v 158.989 95.590 0.000
v 158.768 94.873 0.000
v 158.345 94.253 0.000
v 157.759 93.785 0.000
v 157.060 93.511 0.000
v 156.312 93.455 0.000
v 155.580 93.622 0.000
v 154.930 93.997 0.000
v 154.420 94.547 0.000
v 154.094 95.223 0.000
v 133.983 95.965 0.000
v 134.094 96.707 0.000
v 134.420 97.383 0.000
v 134.930 97.933 0.000
v 135.580 98.308 0.000
v 136.312 98.475 0.000
v 137.060 98.419 0.000
v 137.759 98.145 0.000
v 138.345 97.677 0.000
v 138.768 97.057 0.000
v 138.989 96.340 0.000
v 138.989 95.590 0.000
v 138.768 94.873 0.000
v 138.345 94.253 0.000
v 137.759 93.785 0.000
v 137.060 93.511 0.000
v 136.312 93.455 0.000
v 135.580 93.622 0.000
v 134.930 93.997 0.000
v 134.420 94.547 0.000
v 134.094 95.223 0.000
v 113.983 95.965 0.000
v 114.094 96.707 0.000
v 114.420 97.383 0.000
v 114.930 97.933 0.000
v 115.580 98.308 0.000
v 116.312 98.475 0.000
v 117.060 98.419 0.000
v 117.759 98.145 0.000
v 118.345 97.677 0.000
v 118.768 97.057 0.000
v 118.989 96.340 0.000
v 118.989 95.590 0.000
v 118.768 94.873 0.000
v 118.345 94.253 0.000
v 117.759 93.785 0.000
v 117.060 93.511 0.000
v 116.312 93.455 0.000
v 115.580 93.622 0.000
v 114.930 93.997 0.000
v 114.420 94.547 0.000
v 114.094 95.223 0.000
v 93.983 95.965 0.000
v 94.094 96.707 0.000
v 94.420 97.383 0.000
v 94.930 97.933 0.000
v 95.580 98.308 0.000
v 96.312 98.475 0.000
v 97.060 98.419 0.000
v 97.759 98.145 0.000
v 98.345 97.677 0.000
v 98.768 97.057 0.000
v 98.989 96.340 0.000
v 98.989 95.590 0.000
v 98.768 94.873 0.000
v 98.345 94.253 0.000
v 97.759 93.785 0.000
v 97.060 93.511 0.000
v 96.312 93.455 0.000
v 95.580 93.622 0.000
v 94.930 93.997 0.000
v 94.420 94.547 0.000
v 94.094 95.223 0.000
v 73.982 95.965 0.000
v 74.094 96.707 0.000
v 74.420 97.383 0.000
v 74.930 97.933 0.000
v 75.580 98.308 0.000
v 76.312 98.475 0.000
v 77.060 98.419 0.000
v 77.759 98.145 0.000
v 78.345 97.677 0.000
v 78.768 97.057 0.000
v 78.989 96.340 0.000
v 78.989 95.590 0.000
v 78.768 94.873 0.000
v 78.345 94.253 0.000
v 77.759 93.785 0.000
v 77.060 93.511 0.000
v 76.312 93.455 0.000
v 75.580 93.622 0.000
v 74.930 93.997 0.000
v 74.420 94.547 0.000
v 74.094 95.223 0.000
v 53.982 95.965 0.000
v 54.094 96.707 0.000
v 54.420 97.383 0.000
v 54.930 97.933 0.000
v 55.580 98.308 0.000
v 56.312 98.475 0.000
v 57.060 98.419 0.000
v 57.759 98.145 0.000
v 58.345 97.677 0.000
v 58.768 97.057 0.000
v 58.989 96.340 0.000
v 58.989 95.590 0.000
v 58.768 94.873 0.000
v 58.345 94.253 0.000
v 57.759 93.785 0.000
v 57.060 93.511 0.000
v 56.312 93.455 0.000
v 55.580 93.622 0.000
v 54.930 93.997 0.000
v 54.420 94.547 0.000
v 54.094 95.223 0.000
v 33.982 95.965 0.000
v 34.094 96.707 0.000
v 34.420 97.383 0.000
v 34.930 97.933 0.000
v 35.580 98.308 0.000
v 36.312 98.475 0.000
v 37.060 98.419 0.000
v 37.759 98.145 0.000
v 38.345 97.677 0.000
v 38.768 97.057 0.000
v 38.989 96.340 0.000
v 38.989 95.590 0.000
v 38.768 94.873 0.000
v 38.345 94.253 0.000
v 37.759 93.785 0.000
v 37.060 93.511 0.000
v 36.312 93.455 0.000
v 35.580 93.622 0.000
v 34.930 93.997 0.000
v 34.420 94.547 0.000
v 34.094 95.223 0.000
v 213.982 75.965 0.000
v 214.094 76.707 0.000
v 214.420 77.383 0.000
v 214.930 77.933 0.000
v 215.580 78.308 0.000
v 216.312 78.475 0.000
v 217.060 78.419 0.000
v 217.759 78.145 0.000
v 218.345 77.677 0.000
v 218.768 77.057 0.000
v 218.989 76.340 0.000
v 218.989 75.590 0.000
v 218.768 74.873 0.000
v 218.345 74.253 0.000
v 217.759 73.785 0.000
v 217.060 73.511 0.000
v 216.312 73.455 0.000
v 215.580 73.622 0.000
v 214.930 73.997 0.000
v 214.420 74.547 0.000
v 214.094 75.223 0.000
v 193.982 75.965 0.000
v 194.094 76.707 0.000
v 194.420 77.383 0.000
v 194.930 77.933 0.000
v 195.580 78.308 0.000
v 196.312 78.475 0.000
v 197.060 78.419 0.000
v 197.759 78.145 0.000
v 198.345 77.677 0.000
v 198.768 77.057 0.000
v 198.989 76.340 0.000
v 198.989 75.590 0.000
v 198.768 74.873 0.000
v 198.345 74.253 0.000
v 197.759 73.785 0.000
v 197.060 73.511 0.000
v 196.312 73.455 0.000
v 195.580 73.622 0.000
v 194.930 73.997 0.000
v 194.420 74.547 0.000
v 194.094 75.223 0.000
v 173.982 75.965 0.000
v 174.094 76.707 0.000
v 174.420 77.383 0.000
v 174.930 77.933 0.000
v 175.580 78.308 0.000
v 176.312 78.475 0.000
v 177.060 78.419 0.000
v 177.759 78.145 0.000
v 178.345 77.677 0.000
v 178.768 77.057 0.000
v 178.989 76.340 0.000
v 178.989 75.590 0.000
v 178.768 74.873 0.000
v 178.345 74.253 0.000
v 177.759 73.785 0.000
v 177.060 73.511 0.000
v 176.312 73.455 0.000
v 175.580 73.622 0.000
v 174.930 73.997 0.000
v 174.420 74.547 0.000
v 174.094 75.223 0.000
v 153.982 75.965 0.000
v 154.094 76.707 0.000
v 154.420 77.383 0.000
v 154.930 77.933 0.000
v 155.580 78.308 0.000
v 156.312 78.475 0.000
v 157.060 78.419 0.000
v 157.759 78.145 0.000
v 158.345 77.677 0.000
v 158.768 77.057 0.000
v 158.989 76.340 0.000
v 158.989 75.590 0.000
v 158.768 74.873 0.000
v 158.345 74.253 0.000
v 157.759 73.785 0.000
v 157.060 73.511 0.000
v 156.312 73.455 0.000
v 155.580 73.622 0.000
v 154.930 73.997 0.000
v 154.420 74.547 0.000
v 154.094 75.223 0.000
v 113.983 75.965 0.000
v 114.094 76.707 0.000
v 114.420 77.383 0.000
v 114.930 77.933 0.000
v 115.580 78.308 0.000
v 116.312 78.475 0.000
v 117.060 78.419 0.000
v 117.759 78.145 0.000
v 118.345 77.677 0.000
v 118.768 77.057 0.000
v 118.989 76.340 0.000
v 118.989 75.590 0.000
v 118.768 74.873 0.000
v 118.345 74.253 0.000
v 117.759 73.785 0.000
v 117.060 73.511 0.000
v 116.312 73.455 0.000
v 115.580 73.622 0.000
v 114.930 73.997 0.000
v 114.420 74.547 0.000
v 114.094 75.223 0.000
v 93.983 75.965 0.000
v 94.094 76.707 0.000
v 94.420 77.383 0.000
v 94.930 77.933 0.000
v 95.580 78.308 0.000
v 96.312 78.475 0.000
v 97.060 78.419 0.000
v 97.759 78.145 0.000
v 98.345 77.677 0.000
v 98.768 77.057 0.000
v 98.989 76.340 0.000
v 98.989 75.590 0.000
v 98.768 74.873 0.000
v 98.345 74.253 0.000
v 97.759 73.785 0.000
v 97.060 73.511 0.000
v 96.312 73.455 0.000
v 95.580 73.622 0.000
v 94.930 73.997 0.000
v 94.420 74.547 0.000
v 94.094 75.223 0.000
v 73.982 75.965 0.000
v 74.094 76.707 0.000
v 74.420 77.383 0.000
v 74.930 77.933 0.000
v 75.580 78.308 0.000
v 76.312 78.475 0.000
v 77.060 78.419 0.000
v 77.759 78.145 0.000
v 78.345 77.677 0.000
v 78.768 77.057 0.000
v 78.989 76.340 0.000
v 78.989 75.590 0.000
v 78.768 74.873 0.000
v 78.345 74.253 0.000
v 77.759 73.785 0.000
v 77.060 73.511 0.000
v 76.312 73.455 0.000
v 75.580 73.622 0.000
v 74.930 73.997 0.000
v 74.420 74.547 0.000
v 74.094 75.223 0.000
v 53.982 75.965 0.000
v 54.094 76.707 0.000
v 54.420 77.383 0.000
v 54.930 77.933 0.000
v 55.580 78.308 0.000
v 56.312 78.475 0.000
v 57.060 78.419 0.000
v 57.759 78.145 0.000
v 58.345 77.677 0.000
v 58.768 77.057 0.000
v 58.989 76.340 0.000
v 58.989 75.590 0.000
v 58.768 74.873 0.000
v 58.345 74.253 0.000
v 57.759 73.785 0.000
v 57.060 73.511 0.000
v 56.312 73.455 0.000
v 55.580 73.622 0.000
v 54.930 73.997 0.000
v 54.420 74.547 0.000
v 54.094 75.223 0.000
v 33.982 75.965 0.000
v 34.094 76.707 0.000
v 34.420 77.383 0.000
v 34.930 77.933 0.000
v 35.580 78.308 0.000
v 36.312 78.475 0.000
v 37.060 78.419 0.000
v 37.759 78.145 0.000
v 38.345 77.677 0.000
v 38.768 77.057 0.000
v 38.989 76.340 0.000
v 38.989 75.590 0.000
v 38.768 74.873 0.000
v 38.345 74.253 0.000
v 37.759 73.785 0.000
v 37.060 73.511 0.000
v 36.312 73.455 0.000
v 35.580 73.622 0.000
v 34.930 73.997 0.000
v 34.420 74.547 0.000
v 34.094 75.223 0.000
v 213.982 55.965 0.000
v 214.094 56.707 0.000
v 214.420 57.383 0.000
v 214.930 57.933 0.000
v 215.580 58.308 0.000
v 216.312 58.475 0.000
v 217.060 58.419 0.000
v 217.759 58.145 0.000
v 218.345 57.677 0.000
v 218.768 57.057 0.000
v 218.989 56.340 0.000
v 218.989 55.590 0.000
v 218.768 54.873 0.000
v 218.345 54.253 0.000
v 217.759 53.785 0.000
v 217.060 53.511 0.000
v 216.312 53.455 0.000
v 215.580 53.622 0.000
v 214.930 53.997 0.000
v 214.420 54.547 0.000
v 214.094 55.223 0.000
v 193.982 55.965 0.000
v 194.094 56.707 0.000
v 194.420 57.383 0.000
v 194.930 57.933 0.000
v 195.580 58.308 0.000
v 196.312 58.475 0.000
v 197.060 58.419 0.000
v 197.759 58.145 0.000
v 198.345 57.677 0.000
v 198.768 57.057 0.000
v 198.989 56.340 0.000
v 198.989 55.590 0.000
v 198.768 54.873 0.000
v 198.345 54.253 0.000
v 197.759 53.785 0.000
v 197.060 53.511 0.000
v 196.312 53.455 0.000
v 195.580 53.622 0.000
v 194.930 53.997 0.000
v 194.420 54.547 0.000
v 194.094 55.223 0.000
v 173.982 55.965 0.000
v 174.094 56.707 0.000
v 174.420 57.383 0.000
v 174.930 57.933 0.000
v 175.580 58.308 0.000
v 176.312 58.475 0.000
v 177.060 58.419 0.000
v 177.759 58.145 0.000
v 178.345 57.677 0.000
v 178.768 57.057 0.000
v 178.989 56.340 0.000
v 178.989 55.590 0.000
v 178.768 54.873 0.000
v 178.345 54.253 0.000
v 177.759 53.785 0.000
v 177.060 53.511 0.000
v 176.312 53.455 0.000
v 175.580 53.622 0.000
v 174.930 53.997 0.000
v 174.420 54.547 0.000
v 174.094 55.223 0.000
v 153.982 55.965 0.000
v 154.094 56.707 0.000
v 154.420 57.383 0.000
v 154.930 57.933 0.000
v 155.580 58.308 0.000
v 156.312 58.475 0.000
v 157.060 58.419 0.000
v 157.759 58.145 0.000
v 158.345 57.677 0.000
v 158.768 57.057 0.000
v 158.989 56.340 0.000
v 158.989 55.590 0.000
v 158.768 54.873 0.000
v 158.345 54.253 0.000
v 157.759 53.785 0.000
v 157.060 53.511 0.000
v 156.312 53.455 0.000
v 155.580 53.622 0.000
v 154.930 53.997 0.000
v 154.420 54.547 0.000
v 154.094 55.223 0.000
v 133.983 55.965 0.000
v 134.094 56.707 0.000
v 134.420 57.383 0.000
v 134.930 57.933 0.000
v 135.580 58.308 0.000
v 136.312 58.475 0.000
v 137.060 58.419 0.000
v 137.759 58.145 0.000
v 138.345 57.677 0.000
v 138.768 57.057 0.000
v 138.989 56.340 0.000
v 138.989 55.590 0.000
v 138.768 54.873 0.000
v 138.345 54.253 0.000
v 137.759 53.785 0.000
v 137.060 53.511 0.000
v 136.312 53.455 0.000
v 135.580 53.622 0.000
v 134.930 53.997 0.000
v 134.420 54.547 0.000
v 134.094 55.223 0.000
v 113.983 55.965 0.000
v 114.094 56.707 0.000
v 114.420 57.383 0.000
v 114.930 57.933 0.000
v 115.580 58.308 0.000
v 116.312 58.475 0.000
v 117.060 58.419 0.000
v 117.759 58.145 0.000
v 118.345 57.677 0.000
v 118.768 57.057 0.000
v 118.989 56.340 0.000
v 118.989 55.590 0.000
v 118.768 54.873 0.000
v 118.345 54.253 0.000
v 117.759 53.785 0.000
v 117.060 53.511 0.000
v 116.312 53.455 0.000
v 115.580 53.622 0.000
v 114.930 53.997 0.000
v 114.420 54.547 0.000
v 114.094 55.223 0.000
v 93.983 55.965 0.000
v 94.094 56.707 0.000
v 94.420 57.383 0.000
v 94.930 57.933 0.000
v 95.580 58.308 0.000
v 96.312 58.475 0.000
v 97.060 58.419 0.000
v 97.759 58.145 0.000
v 98.345 57.677 0.000
v 98.768 57.057 0.000
v 98.989 56.340 0.000
v 98.989 55.590 0.000
v 98.768 54.873 0.000
v 98.345 54.253 0.000
v 97.759 53.785 0.000
v 97.060 53.511 0.000
v 96.312 53.455 0.000
v 95.580 53.622 0.000
v 94.930 53.997 0.000
v 94.420 54.547 0.000
v 94.094 55.223 0.000
v 73.982 55.965 0.000
v 74.094 56.707 0.000
v 74.420 57.383 0.000
v 74.930 57.933 0.000
v 75.580 58.308 0.000
v 76.312 58.475 0.000
v 77.060 58.419 0.000
v 77.759 58.145 0.000
v 78.345 57.677 0.000
v 78.768 57.057 0.000
v 78.989 56.340 0.000
v 78.989 55.590 0.000
v 78.768 54.873 0.000
v 78.345 54.253 0.000
v 77.759 53.785 0.000
v 77.060 53.511 0.000
v 76.312 53.455 0.000
v 75.580 53.622 0.000
v 74.930 53.997 0.000
v 74.420 54.547 0.000
v 74.094 55.223 0.000
v 53.982 55.965 0.000
v 54.094 56.707 0.000
v 54.420 57.383 0.000
v 54.930 57.933 0.000
v 55.580 58.308 0.000
v 56.312 58.475 0.000
v 57.060 58.419 0.000
v 57.759 58.145 0.000
v 58.345 57.677 0.000
v 58.768 57.057 0.000
v 58.989 56.340 0.000
v 58.989 55.590 0.000
v 58.768 54.873 0.000
v 58.345 54.253 0.000
v 57.759 53.785 0.000
v 57.060 53.511 0.000
v 56.312 53.455 0.000
v 55.580 53.622 0.000
v 54.930 53.997 0.000
v 54.420 54.547 0.000
v 54.094 55.223 0.000
v 33.982 55.965 0.000
v 34.094 56.707 0.000
v 34.420 57.383 0.000
v 34.930 57.933 0.000
v 35.580 58.308 0.000
v 36.312 58.475 0.000
v 37.060 58.419 0.000
v 37.759 58.145 0.000
v 38.345 57.677 0.000
v 38.768 57.057 0.000
v 38.989 56.340 0.000
v 38.989 55.590 0.000
v 38.768 54.873 0.000
v 38.345 54.253 0.000
v 37.759 53.785 0.000
v 37.060 53.511 0.000
v 36.312 53.455 0.000
v 35.580 53.622 0.000
v 34.930 53.997 0.000
v 34.420 54.547 0.000
v 34.094 55.223 0.000
v 213.982 35.965 0.000
v 214.094 36.707 0.000
v 214.420 37.383 0.000
v 214.930 37.933 0.000
v 215.580 38.308 0.000
v 216.312 38.475 0.000
v 217.060 38.419 0.000
v 217.759 38.145 0.000
v 218.345 37.677 0.000
v 218.768 37.057 0.000
v 218.989 36.340 0.000
v 218.989 35.590 0.000
v 218.768 34.873 0.000
v 218.345 34.253 0.000
v 217.759 33.785 0.000
v 217.060 33.511 0.000
v 216.312 33.455 0.000
v 215.580 33.622 0.000
v 214.930 33.997 0.000
v 214.420 34.547 0.000
v 214.094 35.223 0.000
v 193.982 35.965 0.000
v 194.094 36.707 0.000
v 194.420 37.383 0.000
v 194.930 37.933 0.000
v 195.580 38.308 0.000
v 196.312 38.475 0.000
v 197.060 38.419 0.000
v 197.759 38.145 0.000
v 198.345 37.677 0.000
v 198.768 37.057 0.000
v 198.989 36.340 0.000
v 198.989 35.590 0.000
v 198.768 34.873 0.000
v 198.345 34.253 0.000
v 197.759 33.785 0.000
v 197.060 33.511 0.000
v 196.312 33.455 0.000
v 195.580 33.622 0.000
v 194.930 33.997 0.000
v 194.420 34.547 0.000
v 194.094 35.223 0.000
v 173.982 35.965 0.000
v 174.094 36.707 0.000
v 174.420 37.383 0.000
v 174.930 37.933 0.000
v 175.580 38.308 0.000
v 176.312 38.475 0.000
v 177.060 38.419 0.000
v 177.759 38.145 0.000
v 178.345 37.677 0.000
v 178.768 37.057 0.000
v 178.989 36.340 0.000
v 178.989 35.590 0.000
v 178.768 34.873 0.000
v 178.345 34.253 0.000
v 177.759 33.785 0.000
v 177.060 33.511 0.000
v 176.312 33.455 0.000
v 175.580 33.622 0.000
v 174.930 33.997 0.000
v 174.420 34.547 0.000
v 174.094 35.223 0.000
v 153.982 35.965 0.000
v 154.094 36.707 0.000
v 154.420 37.383 0.000
v 154.930 37.933 0.000
v 155.580 38.308 0.000
v 156.312 38.475 0.000
v 157.060 38.419 0.000
v 157.759 38.145 0.000
v 158.345 37.677 0.000
v 158.768 37.057 0.000
v 158.989 36.340 0.000
v 158.989 35.590 0.000
v 158.768 34.873 0.000
v 158.345 34.253 0.000
v 157.759 33.785 0.000
v 157.060 33.511 0.000
v 156.312 33.455 0.000
v 155.580 33.622 0.000
v 154.930 33.997 0.000
v 154.420 34.547 0.000
v 154.094 35.223 0.000
v 133.983 35.965 0.000
v 134.094 36.707 0.000
v 134.420 37.383 0.000
v 134.930 37.933 0.000
v 135.580 38.308 0.000
v 136.312 38.475 0.000
v 137.060 38.419 0.000
v 137.759 38.145 0.000
v 138.345 37.677 0.000
v 138.768 37.057 0.000
v 138.989 36.340 0.000
v 138.989 35.590 0.000
v 138.768 34.873 0.000
v 138.345 34.253 0.000
v 137.759 33.785 0.000
v 137.060 33.511 0.000
v 136.312 33.455 0.000
v 135.580 33.622 0.000
v 134.930 33.997 0.000
v 134.420 34.547 0.000
v 134.094 35.223 0.000
v 113.983 35.965 0.000
v 114.094 36.707 0.000
v 114.420 37.383 0.000
v 114.930 37.933 0.000
v 115.580 38.308 0.000
v 116.312 38.475 0.000
v 117.060 38.419 0.000
v 117.759 38.145 0.000
v 118.345 37.677 0.000
v 118.768 37.057 0.000
v 118.989 36.340 0.000
v 118.989 35.590 0.000
v 118.768 34.873 0.000
v 118.345 34.253 0.000
v 117.759 33.785 0.000
v 117.060 33.511 0.000
v 116.312 33.455 0.000
v 115.580 33.622 0.000
v 114.930 33.997 0.000
v 114.420 34.547 0.000
v 114.094 35.223 0.000
v 93.983 35.965 0.000
v 94.094 36.707 0.000
v 94.420 37.383 0.000
v 94.930 37.933 0.000
v 95.580 38.308 0.000
v 96.312 38.475 0.000
v 97.060 38.419 0.000
v 97.759 38.145 0.000
v 98.345 37.677 0.000
v 98.768 37.057 0.000
v 98.989 36.340 0.000
v 98.989 35.590 0.000
v 98.768 34.873 0.000
v 98.345 34.253 0.000
v 97.759 33.785 0.000
v 97.060 33.511 0.000
v 96.312 33.455 0.000
v 95.580 33.622 0.000
v 94.930 33.997 0.000
v 94.420 34.547 0.000
v 94.094 35.223 0.000
v 73.982 35.965 0.000
v 74.094 36.707 0.000
v 74.420 37.383 0.000
v 74.930 37.933 0.000
v 75.580 38.308 0.000
v 76.312 38.475 0.000
v 77.060 38.419 0.000
v 77.759 38.145 0.000
v 78.345 37.677 0.000
v 78.768 37.057 0.000
v 78.989 36.340 0.000
v 78.989 35.590 0.000
v 78.768 34.873 0.000
v 78.345 34.253 0.000
v 77.759 33.785 0.000
v 77.060 33.511 0.000
v 76.312 33.455 0.000
v 75.580 33.622 0.000
v 74.930 33.997 0.000
v 74.420 34.547 0.000
v 74.094 35.223 0.000
v 53.982 35.965 0.000
v 54.094 36.707 0.000
v 54.420 37.383 0.000
v 54.930 37.933 0.000
v 55.580 38.308 0.000
v 56.312 38.475 0.000
v 57.060 38.419 0.000
v 57.759 38.145 0.000
v 58.345 37.677 0.000
v 58.768 37.057 0.000
v 58.989 36.340 0.000
v 58.989 35.590 0.000
v 58.768 34.873 0.000
v 58.345 34.253 0.000
v 57.759 33.785 0.000
v 57.060 33.511 0.000
v 56.312 33.455 0.000
v 55.580 33.622 0.000
v 54.930 33.997 0.000
v 54.420 34.547 0.000
v 54.094 35.223 0.000
v 213.982 15.965 0.000
v 214.094 16.707 0.000
v 214.420 17.383 0.000
v 214.930 17.933 0.000
v 215.580 18.308 0.000
v 216.312 18.475 0.000
v 217.060 18.419 0.000
v 217.759 18.145 0.000
v 218.345 17.677 0.000
v 218.768 17.057 0.000
v 218.989 16.340 0.000
v 218.989 15.590 0.000
v 218.768 14.873 0.000
v 218.345 14.253 0.000
v 217.759 13.785 0.000
v 217.060 13.511 0.000
v 216.312 13.455 0.000
v 215.580 13.622 0.000
v 214.930 13.997 0.000
v 214.420 14.547 0.000
v 214.094 15.223 0.000
v 193.982 15.965 0.000
v 194.094 16.707 0.000
v 194.420 17.383 0.000
v 194.930 17.933 0.000
v 195.580 18.308 0.000
v 196.312 18.475 0.000
v 197.060 18.419 0.000
v 197.759 18.145 0.000
v 198.345 17.677 0.000
v 198.768 17.057 0.000
v 198.989 16.340 0.000
v 198.989 15.590 0.000
v 198.768 14.873 0.000
v 198.345 14.253 0.000
v 197.759 13.785 0.000
v 197.060 13.511 0.000
v 196.312 13.455 0.000
v 195.580 13.622 0.000
v 194.930 13.997 0.000
v 194.420 14.547 0.000
v 194.094 15.223 0.000
v 173.982 15.965 0.000
v 174.094 16.707 0.000
v 174.420 17.383 0.000
v 174.930 17.933 0.000
v 175.580 18.308 0.000
v 176.312 18.475 0.000
v 177.060 18.419 0.000
v 177.759 18.145 0.000
v 178.345 17.677 0.000
v 178.768 17.057 0.000
v 178.989 16.340 0.000
v 178.989 15.590 0.000
v 178.768 14.873 0.000
v 178.345 14.253 0.000
v 177.759 13.785 0.000
v 177.060 13.511 0.000
v 176.312 13.455 0.000
v 175.580 13.622 0.000
v 174.930 13.997 0.000
v 174.420 14.547 0.000
v 174.094 15.223 0.000
v 153.982 15.965 0.000
v 154.094 16.707 0.000
v 154.420 17.383 0.000
v 154.930 17.933 0.000
v 155.580 18.308 0.000
v 156.312 18.475 0.000
v 157.060 18.419 0.000
v 157.759 18.145 0.000
v 158.345 17.677 0.000
v 158.768 17.057 0.000
v 158.989 16.340 0.000
v 158.989 15.590 0.000
v 158.768 14.873 0.000
v 158.345 14.253 0.000
v 157.759 13.785 0.000
v 157.060 13.511 0.000
v 156.312 13.455 0.000
v 155.580 13.622 0.000
v 154.930 13.997 0.000
v 154.420 14.547 0.000
v 154.094 15.223 0.000
v 133.983 15.965 0.000
v 134.094 16.707 0.000
v 134.420 17.383 0.000
v 134.930 17.933 0.000
v 135.580 18.308 0.000
v 136.312 18.475 0.000
v 137.060 18.419 0.000
v 137.759 18.145 0.000
v 138.345 17.677 0.000
v 138.768 17.057 0.000
v 138.989 16.340 0.000
v 138.989 15.590 0.000
v 138.768 14.873 0.000
v 138.345 14.253 0.000
v 137.759 13.785 0.000
v 137.060 13.511 0.000
v 136.312 13.455 0.000
v 135.580 13.622 0.000
v 134.930 13.997 0.000
v 134.420 14.547 0.000
v 134.094 15.223 0.000
v 113.983 15.965 0.000
v 114.094 16.707 0.000
v 114.420 17.383 0.000
v 114.930 17.933 0.000
v 115.580 18.308 0.000
v 116.312 18.475 0.000
v 117.060 18.419 0.000
v 117.759 18.145 0.000
v 118.345 17.677 0.000
v 118.768 17.057 0.000
v 118.989 16.340 0.000
v 118.989 15.590 0.000
v 118.768 14.873 0.000
v 118.345 14.253 0.000
v 117.759 13.785 0.000
v 117.060 13.511 0.000
v 116.312 13.455 0.000
v 115.580 13.622 0.000
v 114.930 13.997 0.000
v 114.420 14.547 0.000
v 114.094 15.223 0.000
v 93.983 15.965 0.000
v 94.094 16.707 0.000
v 94.420 17.383 0.000
v 94.930 17.933 0.000
v 95.580 18.308 0.000
v 96.312 18.475 0.000
v 97.060 18.419 0.000
v 97.759 18.145 0.000
v 98.345 17.677 0.000
v 98.768 17.057 0.000
v 98.989 16.340 0.000
v 98.989 15.590 0.000
v 98.768 14.873 0.000
v 98.345 14.253 0.000
v 97.759 13.785 0.000
v 97.060 13.511 0.000
v 96.312 13.455 0.000
v 95.580 13.622 0.000
v 94.930 13.997 0.000
v 94.420 14.547 0.000
v 94.094 15.223 0.000
v 73.982 15.965 0.000
v 74.094 16.707 0.000
v 74.420 17.383 0.000
v 74.930 17.933 0.000
v 75.580 18.308 0.000
v 76.312 18.475 0.000
v 77.060 18.419 0.000
v 77.759 18.145 0.000
v 78.345 17.677 0.000
v 78.768 17.057 0.000
v 78.989 16.340 0.000
v 78.989 15.590 0.000
v 78.768 14.873 0.000
v 78.345 14.253 0.000
v 77.759 13.785 0.000
v 77.060 13.511 0.000
v 76.312 13.455 0.000
v 75.580 13.622 0.000
v 74.930 13.997 0.000
v 74.420 14.547 0.000
v 74.094 15.223 0.000
v 53.982 15.965 0.000
v 54.094 16.707 0.000
v 54.420 17.383 0.000
v 54.930 17.933 0.000
v 55.580 18.308 0.000
v 56.312 18.475 0.000
v 57.060 18.419 0.000
v 57.759 18.145 0.000
v 58.345 17.677 0.000
v 58.768 17.057 0.000
v 58.989 16.340 0.000
v 58.989 15.590 0.000
v 58.768 14.873 0.000
v 58.345 14.253 0.000
v 57.759 13.785 0.000
v 57.060 13.511 0.000
v 56.312 13.455 0.000
v 55.580 13.622 0.000
v 54.930 13.997 0.000
v 54.420 14.547 0.000
v 54.094 15.223 0.000
v 33.982 15.965 0.000
v 34.094 16.707 0.000
v 34.420 17.383 0.000
v 34.930 17.933 0.000
v 35.580 18.308 0.000
v 36.312 18.475 0.000
v 37.060 18.419 0.000
v 37.759 18.145 0.000
v 38.345 17.677 0.000
v 38.768 17.057 0.000
v 38.989 16.340 0.000
v 38.989 15.590 0.000
v 38.768 14.873 0.000
v 38.345 14.253 0.000
v 37.759 13.785 0.000
v 37.060 13.511 0.000
v 36.312 13.455 0.000
v 35.580 13.622 0.000
v 34.930 13.997 0.000
v 34.420 14.547 0.000
v 34.094 15.223 0.000
v 3.982 5.965 0.000
v 4.094 6.707 0.000
v 4.420 7.383 0.000
v 4.930 7.933 0.000
v 5.580 8.308 0.000
v 6.312 8.475 0.000
v 7.060 8.419 0.000
v 7.759 8.145 0.000
v 8.345 7.677 0.000
v 8.768 7.057 0.000
v 8.989 6.340 0.000
v 8.989 5.590 0.000
v 8.768 4.873 0.000
v 8.345 4.253 0.000
v 7.759 3.785 0.000
v 7.060 3.511 0.000
v 6.312 3.455 0.000
v 5.580 3.622 0.000
v 4.930 3.997 0.000
v 4.420 4.547 0.000
v 4.094 5.223 0.000
v 210.067 193.965 0.000
v 209.820 192.324 0.000
v 209.100 190.829 0.000
v 207.971 189.612 0.000
v 206.534 188.782 0.000
v 204.916 188.413 0.000
v 203.261 188.537 0.000
v 201.716 189.143 0.000
v 200.419 190.178 0.000
v 199.484 191.549 0.000
v 198.995 193.135 0.000
v 198.995 194.795 0.000
v 199.484 196.381 0.000
v 200.419 197.752 0.000
v 201.716 198.787 0.000
v 203.261 199.393 0.000
v 204.916 199.517 0.000
v 206.534 199.148 0.000
v 207.971 198.318 0.000
v 209.100 197.101 0.000
v 209.820 195.606 0.000
v 199.500 8.465 0.000
v 199.722 9.939 0.000
v 200.369 11.282 0.000
v 201.383 12.374 0.000
v 202.673 13.119 0.000
v 204.126 13.451 0.000
v 205.613 13.340 0.000
v 207.000 12.795 0.000
v 208.165 11.866 0.000
v 209.005 10.634 0.000
v 209.444 9.210 0.000
v 209.444 7.720 0.000
v 209.005 6.296 0.000
v 208.165 5.064 0.000
v 207.000 4.135 0.000
v 205.613 3.590 0.000
v 204.126 3.479 0.000
v 202.673 3.811 0.000
v 201.383 4.556 0.000
v 200.369 5.648 0.000
v 199.722 6.991 0.000
v 14.000 193.965 0.000
v 14.222 195.439 0.000
v 14.869 196.782 0.000
v 15.883 197.874 0.000
v 17.173 198.619 0.000
v 18.626 198.951 0.000
v 20.113 198.840 0.000
v 21.500 198.295 0.000
v 22.665 197.366 0.000
v 23.505 196.134 0.000
v 23.944 194.710 0.000
v 23.944 193.220 0.000
v 23.505 191.796 0.000
v 22.665 190.564 0.000
v 21.500 189.635 0.000
v 20.113 189.090 0.000
v 18.626 188.979 0.000
v 17.173 189.311 0.000
v 15.883 190.056 0.000
v 14.869 191.148 0.000
v 14.222 192.491 0.000
v 50.750 9.965 0.000
v 50.872 10.776 0.000
v 51.228 11.514 0.000
v 51.785 12.115 0.000
v 52.495 12.525 0.000
v 53.294 12.707 0.000
v 54.112 12.646 0.000
v 54.875 12.347 0.000
v 55.516 11.835 0.000
v 55.978 11.158 0.000
v 56.219 10.375 0.000
v 56.219 9.555 0.000
v 55.978 8.772 0.000
v 55.516 8.095 0.000
v 54.875 7.583 0.000
v 54.112 7.284 0.000
v 53.294 7.223 0.000
v 52.495 7.405 0.000
v 51.785 7.815 0.000
v 51.228 8.416 0.000
v 50.872 9.154 0.000
v 17.750 42.965 0.000
v 17.872 43.776 0.000
v 18.228 44.514 0.000
v 18.785 45.115 0.000
v 19.495 45.525 0.000
v 20.294 45.707 0.000
v 21.112 45.646 0.000
v 21.875 45.347 0.000
v 22.516 44.835 0.000
v 22.978 44.158 0.000
v 23.219 43.375 0.000
v 23.219 42.555 0.000
v 22.978 41.772 0.000
v 22.516 41.095 0.000
v 21.875 40.583 0.000
v 21.112 40.284 0.000
v 20.294 40.223 0.000
v 19.495 40.405 0.000
v 18.785 40.815 0.000
v 18.228 41.416 0.000
v 17.872 42.154 0.000
v 45.750 87.965 0.000
v 45.872 88.776 0.000
v 46.228 89.514 0.000
v 46.785 90.115 0.000
v 47.495 90.525 0.000
v 48.294 90.707 0.000
v 49.112 90.646 0.000
v 49.875 90.347 0.000
v 50.516 89.835 0.000
v 50.978 89.158 0.000
v 51.219 88.375 0.000
v 51.219 87.555 0.000
v 50.978 86.772 0.000
v 50.516 86.095 0.000
v 49.875 85.583 0.000
v 49.112 85.284 0.000
v 48.294 85.223 0.000
v 47.495 85.405 0.000
v 46.785 85.815 0.000
v 46.228 86.416 0.000
v 45.872 87.154 0.000
v 201.750 77.965 0.000
v 201.872 78.776 0.000
v 202.228 79.514 0.000
v 202.785 80.115 0.000
v 203.495 80.525 0.000
v 204.294 80.707 0.000
v 205.112 80.646 0.000
v 205.875 80.347 0.000
v 206.516 79.835 0.000
v 206.978 79.158 0.000
v 207.219 78.375 0.000
v 207.219 77.555 0.000
v 206.978 76.772 0.000
v 206.516 76.095 0.000
v 205.875 75.583 0.000
v 205.112 75.284 0.000
v 204.294 75.223 0.000
v 203.495 75.405 0.000
v 202.785 75.815 0.000
v 202.228 76.416 0.000
v 201.872 77.154 0.000
v 123.983 5.965 0.000
v 124.094 6.707 0.000
v 124.420 7.383 0.000
v 124.930 7.933 0.000
v 125.580 8.308 0.000
v 126.312 8.475 0.000
v 127.060 8.419 0.000
v 127.759 8.145 0.000
v 128.345 7.677 0.000
v 128.768 7.057 0.000
v 128.989 6.340 0.000
v 128.989 5.590 0.000
v 128.768 4.873 0.000
v 128.345 4.253 0.000
v 127.759 3.785 0.000
v 127.060 3.511 0.000
v 126.312 3.455 0.000
v 125.580 3.622 0.000
v 124.930 3.997 0.000
v 124.420 4.547 0.000
v 124.094 5.223 0.000
v 143.982 5.965 0.000
v 144.094 6.707 0.000
v 144.420 7.383 0.000
v 144.930 7.933 0.000
v 145.580 8.308 0.000
v 146.312 8.475 0.000
v 147.060 8.419 0.000
v 147.759 8.145 0.000
v 148.345 7.677 0.000
v 148.768 7.057 0.000
v 148.989 6.340 0.000
v 148.989 5.590 0.000
v 148.768 4.873 0.000
v 148.345 4.253 0.000
v 147.759 3.785 0.000
v 147.060 3.511 0.000
v 146.312 3.455 0.000
v 145.580 3.622 0.000
v 144.930 3.997 0.000
v 144.420 4.547 0.000
v 144.094 5.223 0.000
v 163.982 5.965 0.000
v 164.094 6.707 0.000
v 164.420 7.383 0.000
v 164.930 7.933 0.000
v 165.580 8.308 0.000
v 166.312 8.475 0.000
v 167.060 8.419 0.000
v 167.759 8.145 0.000
v 168.345 7.677 0.000
v 168.768 7.057 0.000
v 168.989 6.340 0.000
v 168.989 5.590 0.000
v 168.768 4.873 0.000
v 168.345 4.253 0.000
v 167.759 3.785 0.000
v 167.060 3.511 0.000
v 166.312 3.455 0.000
v 165.580 3.622 0.000
v 164.930 3.997 0.000
v 164.420 4.547 0.000
v 164.094 5.223 0.000
v 183.982 5.965 0.000
v 184.094 6.707 0.000
v 184.420 7.383 0.000
v 184.930 7.933 0.000
v 185.580 8.308 0.000
v 186.312 8.475 0.000
v 187.060 8.419 0.000
v 187.759 8.145 0.000
v 188.345 7.677 0.000
v 188.768 7.057 0.000
v 188.989 6.340 0.000
v 188.989 5.590 0.000
v 188.768 4.873 0.000
v 188.345 4.253 0.000
v 187.759 3.785 0.000
v 187.060 3.511 0.000
v 186.312 3.455 0.000
v 185.580 3.622 0.000
v 184.930 3.997 0.000
v 184.420 4.547 0.000
v 184.094 5.223 0.000
v 3.982 25.965 0.000
v 4.094 26.707 0.000
v 4.420 27.383 0.000
v 4.930 27.933 0.000
v 5.580 28.308 0.000
v 6.312 28.475 0.000
v 7.060 28.419 0.000
v 7.759 28.145 0.000
v 8.345 27.677 0.000
v 8.768 27.057 0.000
v 8.989 26.340 0.000
v 8.989 25.590 0.000
v 8.768 24.873 0.000
v 8.345 24.253 0.000
v 7.759 23.785 0.000
v 7.060 23.511 0.000
v 6.312 23.455 0.000
v 5.580 23.622 0.000
v 4.930 23.997 0.000
v 4.420 24.547 0.000
v 4.094 25.223 0.000
v 23.982 25.965 0.000
v 24.094 26.707 0.000
v 24.420 27.383 0.000
v 24.930 27.933 0.000
v 25.580 28.308 0.000
v 26.312 28.475 0.000
v 27.060 28.419 0.000
v 27.759 28.145 0.000
v 28.345 27.677 0.000
v 28.768 27.057 0.000
v 28.989 26.340 0.000
v 28.989 25.590 0.000
v 28.768 24.873 0.000
v 28.345 24.253 0.000
v 27.759 23.785 0.000
v 27.060 23.511 0.000
v 26.312 23.455 0.000
v 25.580 23.622 0.000
v 24.930 23.997 0.000
v 24.420 24.547 0.000
v 24.094 25.223 0.000
v 43.982 25.965 0.000
v 44.094 26.707 0.000
v 44.420 27.383 0.000
v 44.930 27.933 0.000
v 45.580 28.308 0.000
v 46.312 28.475 0.000
v 47.060 28.419 0.000
v 47.759 28.145 0.000
v 48.345 27.677 0.000
v 48.768 27.057 0.000
v 48.989 26.340 0.000
v 48.989 25.590 0.000
v 48.768 24.873 0.000
v 48.345 24.253 0.000
v 47.759 23.785 0.000
v 47.060 23.511 0.000
v 46.312 23.455 0.000
v 45.580 23.622 0.000
v 44.930 23.997 0.000
v 44.420 24.547 0.000
v 44.094 25.223 0.000
v 63.982 25.965 0.000
v 64.094 26.707 0.000
v 64.420 27.383 0.000
v 64.930 27.933 0.000
v 65.580 28.308 0.000
v 66.312 28.475 0.000
v 67.060 28.419 0.000
v 67.759 28.145 0.000
v 68.345 27.677 0.000
v 68.768 27.057 0.000
v 68.989 26.340 0.000
v 68.989 25.590 0.000
v 68.768 24.873 0.000
v 68.345 24.253 0.000
v 67.759 23.785 0.000
v 67.060 23.511 0.000
v 66.312 23.455 0.000
v 65.580 23.622 0.000
v 64.930 23.997 0.000
v 64.420 24.547 0.000
v 64.094 25.223 0.000
v 83.983 25.965 0.000
v 84.094 26.707 0.000
v 84.420 27.383 0.000
v 84.930 27.933 0.000
v 85.580 28.308 0.000
v 86.312 28.475 0.000
v 87.060 28.419 0.000
v 87.759 28.145 0.000
v 88.345 27.677 0.000
v 88.768 27.057 0.000
v 88.989 26.340 0.000
v 88.989 25.590 0.000
v 88.768 24.873 0.000
v 88.345 24.253 0.000
v 87.759 23.785 0.000
v 87.060 23.511 0.000
v 86.312 23.455 0.000
v 85.580 23.622 0.000
v 84.930 23.997 0.000
v 84.420 24.547 0.000
v 84.094 25.223 0.000
v 103.983 25.965 0.000
v 104.094 26.707 0.000
v 104.420 27.383 0.000
v 104.930 27.933 0.000
v 105.580 28.308 0.000
v 106.312 28.475 0.000
v 107.060 28.419 0.000
v 107.759 28.145 0.000
v 108.345 27.677 0.000
v 108.768 27.057 0.000
v 108.989 26.340 0.000
v 108.989 25.590 0.000
v 108.768 24.873 0.000
v 108.345 24.253 0.000
v 107.759 23.785 0.000
v 107.060 23.511 0.000
v 106.312 23.455 0.000
v 105.580 23.622 0.000
v 104.930 23.997 0.000
v 104.420 24.547 0.000
v 104.094 25.223 0.000
v 123.983 25.965 0.000
v 124.094 26.707 0.000
v 124.420 27.383 0.000
v 124.930 27.933 0.000
v 125.580 28.308 0.000
v 126.312 28.475 0.000
v 127.060 28.419 0.000
v 127.759 28.145 0.000
v 128.345 27.677 0.000
v 128.768 27.057 0.000
v 128.989 26.340 0.000
v 128.989 25.590 0.000
v 128.768 24.873 0.000
v 128.345 24.253 0.000
v 127.759 23.785 0.000
v 127.060 23.511 0.000
v 126.312 23.455 0.000
v 125.580 23.622 0.000
v 124.930 23.997 0.000
v 124.420 24.547 0.000
v 124.094 25.223 0.000
v 143.982 25.965 0.000
v 144.094 26.707 0.000
v 144.420 27.383 0.000
v 144.930 27.933 0.000
v 145.580 28.308 0.000
v 146.312 28.475 0.000
v 147.060 28.419 0.000
v 147.759 28.145 0.000
v 148.345 27.677 0.000
v 148.768 27.057 0.000
v 148.989 26.340 0.000
v 148.989 25.590 0.000
v 148.768 24.873 0.000
v 148.345 24.253 0.000
v 147.759 23.785 0.000
v 147.060 23.511 0.000
v 146.312 23.455 0.000
v 145.580 23.622 0.000
v 144.930 23.997 0.000
v 144.420 24.547 0.000
v 144.094 25.223 0.000
v 163.982 25.965 0.000
v 164.094 26.707 0.000
v 164.420 27.383 0.000
v 164.930 27.933 0.000
v 165.580 28.308 0.000
v 166.312 28.475 0.000
v 167.060 28.419 0.000
v 167.759 28.145 0.000
v 168.345 27.677 0.000
v 168.768 27.057 0.000
v 168.989 26.340 0.000
v 168.989 25.590 0.000
v 168.768 24.873 0.000
v 168.345 24.253 0.000
v 167.759 23.785 0.000
v 167.060 23.511 0.000
v 166.312 23.455 0.000
v 165.580 23.622 0.000
v 164.930 23.997 0.000
v 164.420 24.547 0.000
v 164.094 25.223 0.000
v 183.982 25.965 0.000
v 184.094 26.707 0.000
v 184.420 27.383 0.000
v 184.930 27.933 0.000
v 185.580 28.308 0.000
v 186.312 28.475 0.000
v 187.060 28.419 0.000
v 187.759 28.145 0.000
v 188.345 27.677 0.000
v 188.768 27.057 0.000
v 188.989 26.340 0.000
v 188.989 25.590 0.000
v 188.768 24.873 0.000
v 188.345 24.253 0.000
v 187.759 23.785 0.000
v 187.060 23.511 0.000
v 186.312 23.455 0.000
v 185.580 23.622 0.000
v 184.930 23.997 0.000
v 184.420 24.547 0.000
v 184.094 25.223 0.000
v 203.982 25.965 0.000
v 204.094 26.707 0.000
v 204.420 27.383 0.000
v 204.930 27.933 0.000
v 205.580 28.308 0.000
v 206.312 28.475 0.000
v 207.060 28.419 0.000
v 207.759 28.145 0.000
v 208.345 27.677 0.000
v 208.768 27.057 0.000
v 208.989 26.340 0.000
v 208.989 25.590 0.000
v 208.768 24.873 0.000
v 208.345 24.253 0.000
v 207.759 23.785 0.000
v 207.060 23.511 0.000
v 206.312 23.455 0.000
v 205.580 23.622 0.000
v 204.930 23.997 0.000
v 204.420 24.547 0.000
v 204.094 25.223 0.000
v 3.982 45.965 0.000
v 4.094 46.707 0.000
v 4.420 47.383 0.000
v 4.930 47.933 0.000
v 5.580 48.308 0.000
v 6.312 48.475 0.000
v 7.060 48.419 0.000
v 7.759 48.145 0.000
v 8.345 47.677 0.000
v 8.768 47.057 0.000
v 8.989 46.340 0.000
v 8.989 45.590 0.000
v 8.768 44.873 0.000
v 8.345 44.253 0.000
v 7.759 43.785 0.000
v 7.060 43.511 0.000
v 6.312 43.455 0.000
v 5.580 43.622 0.000
v 4.930 43.997 0.000
v 4.420 44.547 0.000
v 4.094 45.223 0.000
v 23.982 45.965 0.000
v 24.094 46.707 0.000
v 24.420 47.383 0.000
v 24.930 47.933 0.000
v 25.580 48.308 0.000
v 26.312 48.475 0.000
v 27.060 48.419 0.000
v 27.759 48.145 0.000
v 28.345 47.677 0.000
v 28.768 47.057 0.000
v 28.989 46.340 0.000
v 28.989 45.590 0.000
v 28.768 44.873 0.000
v 28.345 44.253 0.000
v 27.759 43.785 0.000
v 27.060 43.511 0.000
v 26.312 43.455 0.000
v 25.580 43.622 0.000
v 24.930 43.997 0.000
v 24.420 44.547 0.000
v 24.094 45.223 0.000
v 63.982 45.965 0.000
v 64.094 46.707 0.000
v 64.420 47.383 0.000
v 64.930 47.933 0.000
v 65.580 48.308 0.000
v 66.312 48.475 0.000
v 67.060 48.419 0.000
v 67.759 48.145 0.000
v 68.345 47.677 0.000
v 68.768 47.057 0.000
v 68.989 46.340 0.000
v 68.989 45.590 0.000
v 68.768 44.873 0.000
v 68.345 44.253 0.000
v 67.759 43.785 0.000
v 67.060 43.511 0.000
v 66.312 43.455 0.000
v 65.580 43.622 0.000
v 64.930 43.997 0.000
v 64.420 44.547 0.000
v 64.094 45.223 0.000
v 83.983 45.965 0.000
v 84.094 46.707 0.000
v 84.420 47.383 0.000
v 84.930 47.933 0.000
v 85.580 48.308 0.000
v 86.312 48.475 0.000
v 87.060 48.419 0.000
v 87.759 48.145 0.000
v 88.345 47.677 0.000
v 88.768 47.057 0.000
v 88.989 46.340 0.000
v 88.989 45.590 0.000
v 88.768 44.873 0.000
v 88.345 44.253 0.000
v 87.759 43.785 0.000
v 87.060 43.511 0.000
v 86.312 43.455 0.000
v 85.580 43.622 0.000
v 84.930 43.997 0.000
v 84.420 44.547 0.000
v 84.094 45.223 0.000
v 103.983 45.965 0.000
v 104.094 46.707 0.000
v 104.420 47.383 0.000
v 104.930 47.933 0.000
v 105.580 48.308 0.000
v 106.312 48.475 0.000
v 107.060 48.419 0.000
v 107.759 48.145 0.000
v 108.345 47.677 0.000
v 108.768 47.057 0.000
v 108.989 46.340 0.000
v 108.989 45.590 0.000
v 108.768 44.873 0.000
v 108.345 44.253 0.000
v 107.759 43.785 0.000
v 107.060 43.511 0.000
v 106.312 43.455 0.000
v 105.580 43.622 0.000
v 104.930 43.997 0.000
v 104.420 44.547 0.000
v 104.094 45.223 0.000
v 123.983 45.965 0.000
v 124.094 46.707 0.000
v 124.420 47.383 0.000
v 124.930 47.933 0.000
v 125.580 48.308 0.000
v 126.312 48.475 0.000
v 127.060 48.419 0.000
v 127.759 48.145 0.000
v 128.345 47.677 0.000
v 128.768 47.057 0.000
v 128.989 46.340 0.000
v 128.989 45.590 0.000
v 128.768 44.873 0.000
v 128.345 44.253 0.000
v 127.759 43.785 0.000
v 127.060 43.511 0.000
v 126.312 43.455 0.000
v 125.580 43.622 0.000
v 124.930 43.997 0.000
v 124.420 44.547 0.000
v 124.094 45.223 0.000
v 143.982 45.965 0.000
v 144.094 46.707 0.000
v 144.420 47.383 0.000
v 144.930 47.933 0.000
v 145.580 48.308 0.000
v 146.312 48.475 0.000
v 147.060 48.419 0.000
v 147.759 48.145 0.000
v 148.345 47.677 0.000
v 148.768 47.057 0.000
v 148.989 46.340 0.000
v 148.989 45.590 0.000
v 148.768 44.873 0.000
v 148.345 44.253 0.000
v 147.759 43.785 0.000
v 147.060 43.511 0.000
v 146.312 43.455 0.000
v 145.580 43.622 0.000
v 144.930 43.997 0.000
v 144.420 44.547 0.000
v 144.094 45.223 0.000
v 163.982 45.965 0.000
v 164.094 46.707 0.000
v 164.420 47.383 0.000
v 164.930 47.933 0.000
v 165.580 48.308 0.000
v 166.312 48.475 0.000
v 167.060 48.419 0.000
v 167.759 48.145 0.000
v 168.345 47.677 0.000
v 168.768 47.057 0.000
v 168.989 46.340 0.000
v 168.989 45.590 0.000
v 168.768 44.873 0.000
v 168.345 44.253 0.000
v 167.759 43.785 0.000
v 167.060 43.511 0.000
v 166.312 43.455 0.000
v 165.580 43.622 0.000
v 164.930 43.997 0.000
v 164.420 44.547 0.000
v 164.094 45.223 0.000
v 183.982 45.965 0.000
v 184.094 46.707 0.000
v 184.420 47.383 0.000
v 184.930 47.933 0.000
v 185.580 48.308 0.000
v 186.312 48.475 0.000
v 187.060 48.419 0.000
v 187.759 48.145 0.000
v 188.345 47.677 0.000
v 188.768 47.057 0.000
v 188.989 46.340 0.000
v 188.989 45.590 0.000
v 188.768 44.873 0.000
v 188.345 44.253 0.000
v 187.759 43.785 0.000
v 187.060 43.511 0.000
v 186.312 43.455 0.000
v 185.580 43.622 0.000
v 184.930 43.997 0.000
v 184.420 44.547 0.000
v 184.094 45.223 0.000
v 203.982 45.965 0.000
v 204.094 46.707 0.000
v 204.420 47.383 0.000
v 204.930 47.933 0.000
v 205.580 48.308 0.000
v 206.312 48.475 0.000
v 207.060 48.419 0.000
v 207.759 48.145 0.000
v 208.345 47.677 0.000
v 208.768 47.057 0.000
v 208.989 46.340 0.000
v 208.989 45.590 0.000
v 208.768 44.873 0.000
v 208.345 44.253 0.000
v 207.759 43.785 0.000
v 207.060 43.511 0.000
v 206.312 43.455 0.000
v 205.580 43.622 0.000
v 204.930 43.997 0.000
v 204.420 44.547 0.000
v 204.094 45.223 0.000
v 3.982 65.965 0.000
v 4.094 66.707 0.000
v 4.420 67.383 0.000
v 4.930 67.933 0.000
v 5.580 68.308 0.000
v 6.312 68.475 0.000
v 7.060 68.419 0.000
v 7.759 68.145 0.000
v 8.345 67.677 0.000
v 8.768 67.057 0.000
v 8.989 66.340 0.000
v 8.989 65.590 0.000
v 8.768 64.873 0.000
v 8.345 64.253 0.000
v 7.759 63.785 0.000
v 7.060 63.511 0.000
v 6.312 63.455 0.000
v 5.580 63.622 0.000
v 4.930 63.997 0.000
v 4.420 64.547 0.000
v 4.094 65.223 0.000
v 23.982 65.965 0.000
v 24.094 66.707 0.000
v 24.420 67.383 0.000
v 24.930 67.933 0.000
v 25.580 68.308 0.000
v 26.312 68.475 0.000
v 27.060 68.419 0.000
v 27.759 68.145 0.000
v 28.345 67.677 0.000
v 28.768 67.057 0.000
v 28.989 66.340 0.000
v 28.989 65.590 0.000
v 28.768 64.873 0.000
v 28.345 64.253 0.000
v 27.759 63.785 0.000
v 27.060 63.511 0.000
v 26.312 63.455 0.000
v 25.580 63.622 0.000
v 24.930 63.997 0.000
v 24.420 64.547 0.000
v 24.094 65.223 0.000
v 43.982 65.965 0.000
v 44.094 66.707 0.000
v 44.420 67.383 0.000
v 44.930 67.933 0.000
v 45.580 68.308 0.000
v 46.312 68.475 0.000
v 47.060 68.419 0.000
v 47.759 68.145 0.000
v 48.345 67.677 0.000
v 48.768 67.057 0.000
v 48.989 66.340 0.000
v 48.989 65.590 0.000
v 48.768 64.873 0.000
v 48.345 64.253 0.000
v 47.759 63.785 0.000
v 47.060 63.511 0.000
v 46.312 63.455 0.000
v 45.580 63.622 0.000
v 44.930 63.997 0.000
v 44.420 64.547 0.000
v 44.094 65.223 0.000
v 63.982 65.965 0.000
v 64.094 66.707 0.000
v 64.420 67.383 0.000
v 64.930 67.933 0.000
v 65.580 68.308 0.000
v 66.312 68.475 0.000
v 67.060 68.419 0.000
v 67.759 68.145 0.000
v 68.345 67.677 0.000
v 68.768 67.057 0.000
v 68.989 66.340 0.000
v 68.989 65.590 0.000
v 68.768 64.873 0.000
v 68.345 64.253 0.000
v 67.759 63.785 0.000
v 67.060 63.511 0.000
v 66.312 63.455 0.000
v 65.580 63.622 0.000
v 64.930 63.997 0.000
v 64.420 64.547 0.000
v 64.094 65.223 0.000
v 83.983 65.965 0.000
v 84.094 66.707 0.000
v 84.420 67.383 0.000
v 84.930 67.933 0.000
v 85.580 68.308 0.000
v 86.312 68.475 0.000
v 87.060 68.419 0.000
v 87.759 68.145 0.000
v 88.345 67.677 0.000
v 88.768 67.057 0.000
v 88.989 66.340 0.000
v 88.989 65.590 0.000
v 88.768 64.873 0.000
v 88.345 64.253 0.000
v 87.759 63.785 0.000
v 87.060 63.511 0.000
v 86.312 63.455 0.000
v 85.580 63.622 0.000
v 84.930 63.997 0.000
v 84.420 64.547 0.000
v 84.094 65.223 0.000
v 103.983 65.965 0.000
v 104.094 66.707 0.000
v 104.420 67.383 0.000
v 104.930 67.933 0.000
v 105.580 68.308 0.000
v 106.312 68.475 0.000
v 107.060 68.419 0.000
v 107.759 68.145 0.000
v 108.345 67.677 0.000
v 108.768 67.057 0.000
v 108.989 66.340 0.000
v 108.989 65.590 0.000
v 108.768 64.873 0.000
v 108.345 64.253 0.000
v 107.759 63.785 0.000
v 107.060 63.511 0.000
v 106.312 63.455 0.000
v 105.580 63.622 0.000
v 104.930 63.997 0.000
v 104.420 64.547 0.000
v 104.094 65.223 0.000
v 123.983 65.965 0.000
v 124.094 66.707 0.000
v 124.420 67.383 0.000
v 124.930 67.933 0.000
v 125.580 68.308 0.000
v 126.312 68.475 0.000
v 127.060 68.419 0.000
v 127.759 68.145 0.000
v 128.345 67.677 0.000
v 128.768 67.057 0.000
v 128.989 66.340 0.000
v 128.989 65.590 0.000
v 128.768 64.873 0.000
v 128.345 64.253 0.000
v 127.759 63.785 0.000
v 127.060 63.511 0.000
v 126.312 63.455 0.000
v 125.580 63.622 0.000
v 124.930 63.997 0.000
v 124.420 64.547 0.000
v 124.094 65.223 0.000
v 143.982 65.965 0.000
v 144.094 66.707 0.000
v 144.420 67.383 0.000
v 144.930 67.933 0.000
v 145.580 68.308 0.000
v 146.312 68.475 0.000
v 147.060 68.419 0.000
v 147.759 68.145 0.000
v 148.345 67.677 0.000
v 148.768 67.057 0.000
v 148.989 66.340 0.000
v 148.989 65.590 0.000
v 148.768 64.873 0.000
v 148.345 64.253 0.000
v 147.759 63.785 0.000
v 147.060 63.511 0.000
v 146.312 63.455 0.000
v 145.580 63.622 0.000
v 144.930 63.997 0.000
v 144.420 64.547 0.000
v 144.094 65.223 0.000
v 163.982 65.965 0.000
v 164.094 66.707 0.000
v 164.420 67.383 0.000
v 164.930 67.933 0.000
v 165.580 68.308 0.000
v 166.312 68.475 0.000
v 167.060 68.419 0.000
v 167.759 68.145 0.000
v 168.345 67.677 0.000
v 168.768 67.057 0.000
v 168.989 66.340 0.000
v 168.989 65.590 0.000
v 168.768 64.873 0.000
v 168.345 64.253 0.000
v 167.759 63.785 0.000
v 167.060 63.511 0.000
v 166.312 63.455 0.000
v 165.580 63.622 0.000
v 164.930 63.997 0.000
v 164.420 64.547 0.000
v 164.094 65.223 0.000
v 183.982 65.965 0.000
v 184.094 66.707 0.000
v 184.420 67.383 0.000
v 184.930 67.933 0.000
v 185.580 68.308 0.000
v 186.312 68.475 0.000
v 187.060 68.419 0.000
v 187.759 68.145 0.000
v 188.345 67.677 0.000
v 188.768 67.057 0.000
v 188.989 66.340 0.000
v 188.989 65.590 0.000
v 188.768 64.873 0.000
v 188.345 64.253 0.000
v 187.759 63.785 0.000
v 187.060 63.511 0.000
v 186.312 63.455 0.000
v 185.580 63.622 0.000
v 184.930 63.997 0.000
v 184.420 64.547 0.000
v 184.094 65.223 0.000
v 203.982 65.965 0.000
v 204.094 66.707 0.000
v 204.420 67.383 0.000
v 204.930 67.933 0.000
v 205.580 68.308 0.000
v 206.312 68.475 0.000
v 207.060 68.419 0.000
v 207.759 68.145 0.000
v 208.345 67.677 0.000
v 208.768 67.057 0.000
v 208.989 66.340 0.000
v 208.989 65.590 0.000
v 208.768 64.873 0.000
v 208.345 64.253 0.000
v 207.759 63.785 0.000
v 207.060 63.511 0.000
v 206.312 63.455 0.000
v 205.580 63.622 0.000
v 204.930 63.997 0.000
v 204.420 64.547 0.000
v 204.094 65.223 0.000
v 3.982 85.965 0.000
v 4.094 86.707 0.000
v 4.420 87.383 0.000
v 4.930 87.933 0.000
v 5.580 88.308 0.000
v 6.312 88.475 0.000
v 7.060 88.419 0.000
v 7.759 88.145 0.000
v 8.345 87.677 0.000
v 8.768 87.057 0.000
v 8.989 86.340 0.000
v 8.989 85.590 0.000
v 8.768 84.873 0.000
v 8.345 84.253 0.000
v 7.759 83.785 0.000
v 7.060 83.511 0.000
v 6.312 83.455 0.000
v 5.580 83.622 0.000
v 4.930 83.997 0.000
v 4.420 84.547 0.000
v 4.094 85.223 0.000
v 23.982 85.965 0.000
v 24.094 86.707 0.000
v 24.420 87.383 0.000
v 24.930 87.933 0.000
v 25.580 88.308 0.000
v 26.312 88.475 0.000
v 27.060 88.419 0.000
v 27.759 88.145 0.000
v 28.345 87.677 0.000
v 28.768 87.057 0.000
v 28.989 86.340 0.000
v 28.989 85.590 0.000
v 28.768 84.873 0.000
v 28.345 84.253 0.000
v 27.759 83.785 0.000
v 27.060 83.511 0.000
v 26.312 83.455 0.000
v 25.580 83.622 0.000
v 24.930 83.997 0.000
v 24.420 84.547 0.000
v 24.094 85.223 0.000
v 63.982 85.965 0.000
v 64.094 86.707 0.000
v 64.420 87.383 0.000
v 64.930 87.933 0.000
v 65.580 88.308 0.000
v 66.312 88.475 0.000
v 67.060 88.419 0.000
v 67.759 88.145 0.000
v 68.345 87.677 0.000
v 68.768 87.057 0.000
v 68.989 86.340 0.000
v 68.989 85.590 0.000
v 68.768 84.873 0.000
v 68.345 84.253 0.000
v 67.759 83.785 0.000
v 67.060 83.511 0.000
v 66.312 83.455 0.000
v 65.580 83.622 0.000
v 64.930 83.997 0.000
v 64.420 84.547 0.000
v 64.094 85.223 0.000
v 83.983 85.965 0.000
v 84.094 86.707 0.000
v 84.420 87.383 0.000
v 84.930 87.933 0.000
v 85.580 88.308 0.000
v 86.312 88.475 0.000
v 87.060 88.419 0.000
v 87.759 88.145 0.000
v 88.345 87.677 0.000
v 88.768 87.057 0.000
v 88.989 86.340 0.000
v 88.989 85.590 0.000
v 88.768 84.873 0.000
v 88.345 84.253 0.000
v 87.759 83.785 0.000
v 87.060 83.511 0.000
v 86.312 83.455 0.000
v 85.580 83.622 0.000
v 84.930 83.997 0.000
v 84.420 84.547 0.000
v 84.094 85.223 0.000
v 103.983 85.965 0.000
v 104.094 86.707 0.000
v 104.420 87.383 0.000
v 104.930 87.933 0.000
v 105.580 88.308 0.000
v 106.312 88.475 0.000
v 107.060 88.419 0.000
v 107.759 88.145 0.000
v 108.345 87.677 0.000
v 108.768 87.057 0.000
v 108.989 86.340 0.000
v 108.989 85.590 0.000
v 108.768 84.873 0.000
v 108.345 84.253 0.000
v 107.759 83.785 0.000
v 107.060 83.511 0.000
v 106.312 83.455 0.000
v 105.580 83.622 0.000
v 104.930 83.997 0.000
v 104.420 84.547 0.000
v 104.094 85.223 0.000
v 123.983 85.965 0.000
v 124.094 86.707 0.000
v 124.420 87.383 0.000
v 124.930 87.933 0.000
v 125.580 88.308 0.000
v 126.312 88.475 0.000
v 127.060 88.419 0.000
v 127.759 88.145 0.000
v 128.345 87.677 0.000
v 128.768 87.057 0.000
v 128.989 86.340 0.000
v 128.989 85.590 0.000
v 128.768 84.873 0.000
v 128.345 84.253 0.000
v 127.759 83.785 0.000
v 127.060 83.511 0.000
v 126.312 83.455 0.000
v 125.580 83.622 0.000
v 124.930 83.997 0.000
v 124.420 84.547 0.000
v 124.094 85.223 0.000
v 143.982 85.965 0.000
v 144.094 86.707 0.000
v 144.420 87.383 0.000
v 144.930 87.933 0.000
v 145.580 88.308 0.000
v 146.312 88.475 0.000
v 147.060 88.419 0.000
v 147.759 88.145 0.000
v 148.345 87.677 0.000
v 148.768 87.057 0.000
v 148.989 86.340 0.000
v 148.989 85.590 0.000
v 148.768 84.873 0.000
v 148.345 84.253 0.000
v 147.759 83.785 0.000
v 147.060 83.511 0.000
v 146.312 83.455 0.000
v 145.580 83.622 0.000
v 144.930 83.997 0.000
v 144.420 84.547 0.000
v 144.094 85.223 0.000
v 163.982 85.965 0.000
v 164.094 86.707 0.000
v 164.420 87.383 0.000
v 164.930 87.933 0.000
v 165.580 88.308 0.000
v 166.312 88.475 0.000
v 167.060 88.419 0.000
v 167.759 88.145 0.000
v 168.345 87.677 0.000
v 168.768 87.057 0.000
v 168.989 86.340 0.000
v 168.989 85.590 0.000
v 168.768 84.873 0.000
v 168.345 84.253 0.000
v 167.759 83.785 0.000
v 167.060 83.511 0.000
v 166.312 83.455 0.000
v 165.580 83.622 0.000
v 164.930 83.997 0.000
v 164.420 84.547 0.000
v 164.094 85.223 0.000
v 183.982 85.965 0.000
v 184.094 86.707 0.000
v 184.420 87.383 0.000
v 184.930 87.933 0.000
v 185.580 88.308 0.000
v 186.312 88.475 0.000
v 187.060 88.419 0.000
v 187.759 88.145 0.000
v 188.345 87.677 0.000
v 188.768 87.057 0.000
v 188.989 86.340 0.000
v 188.989 85.590 0.000
v 188.768 84.873 0.000
v 188.345 84.253 0.000
v 187.759 83.785 0.000
v 187.060 83.511 0.000
v 186.312 83.455 0.000
v 185.580 83.622 0.000
v 184.930 83.997 0.000
v 184.420 84.547 0.000
v 184.094 85.223 0.000
v 203.982 85.965 0.000
v 204.094 86.707 0.000
v 204.420 87.383 0.000
v 204.930 87.933 0.000
v 205.580 88.308 0.000
v 206.312 88.475 0.000
v 207.060 88.419 0.000
v 207.759 88.145 0.000
v 208.345 87.677 0.000
v 208.768 87.057 0.000
v 208.989 86.340 0.000
v 208.989 85.590 0.000
v 208.768 84.873 0.000
v 208.345 84.253 0.000
v 207.759 83.785 0.000
v 207.060 83.511 0.000
v 206.312 83.455 0.000
v 205.580 83.622 0.000
v 204.930 83.997 0.000
v 204.420 84.547 0.000
v 204.094 85.223 0.000
v 3.982 105.965 0.000
v 4.094 106.707 0.000
v 4.420 107.383 0.000
v 4.930 107.933 0.000
v 5.580 108.308 0.000
v 6.312 108.475 0.000
v 7.060 108.419 0.000
v 7.759 108.145 0.000
v 8.345 107.677 0.000
v 8.768 107.057 0.000
v 8.989 106.340 0.000
v 8.989 105.590 0.000
v 8.768 104.873 0.000
v 8.345 104.253 0.000
v 7.759 103.785 0.000
v 7.060 103.511 0.000
v 6.312 103.455 0.000
v 5.580 103.622 0.000
v 4.930 103.997 0.000
v 4.420 104.547 0.000
v 4.094 105.223 0.000
v 23.982 105.965 0.000
v 24.094 106.707 0.000
v 24.420 107.383 0.000
v 24.930 107.933 0.000
v 25.580 108.308 0.000
v 26.312 108.475 0.000
v 27.060 108.419 0.000
v 27.759 108.145 0.000
v 28.345 107.677 0.000
v 28.768 107.057 0.000
v 28.989 106.340 0.000
v 28.989 105.590 0.000
v 28.768 104.873 0.000
v 28.345 104.253 0.000
v 27.759 103.785 0.000
v 27.060 103.511 0.000
v 26.312 103.455 0.000
v 25.580 103.622 0.000
v 24.930 103.997 0.000
v 24.420 104.547 0.000
v 24.094 105.223 0.000
v 43.982 105.965 0.000
v 44.094 106.707 0.000
v 44.420 107.383 0.000
v 44.930 107.933 0.000
v 45.580 108.308 0.000
v 46.312 108.475 0.000
v 47.060 108.419 0.000
v 47.759 108.145 0.000
v 48.345 107.677 0.000
v 48.768 107.057 0.000
v 48.989 106.340 0.000
v 48.989 105.590 0.000
v 48.768 104.873 0.000
v 48.345 104.253 0.000
v 47.759 103.785 0.000
v 47.060 103.511 0.000
v 46.312 103.455 0.000
v 45.580 103.622 0.000
v 44.930 103.997 0.000
v 44.420 104.547 0.000
v 44.094 105.223 0.000
v 63.982 105.965 0.000
v 64.094 106.707 0.000
v 64.420 107.383 0.000
v 64.930 107.933 0.000
v 65.580 108.308 0.000
v 66.312 108.475 0.000
v 67.060 108.419 0.000
v 67.759 108.145 0.000
v 68.345 107.677 0.000
v 68.768 107.057 0.000
v 68.989 106.340 0.000
v 68.989 105.590 0.000
v 68.768 104.873 0.000
v 68.345 104.253 0.000
v 67.759 103.785 0.000
v 67.060 103.511 0.000
v 66.312 103.455 0.000
v 65.580 103.622 0.000
v 64.930 103.997 0.000
v 64.420 104.547 0.000
v 64.094 105.223 0.000
v 83.983 105.965 0.000
v 84.094 106.707 0.000
v 84.420 107.383 0.000
v 84.930 107.933 0.000
v 85.580 108.308 0.000
v 86.312 108.475 0.000
v 87.060 108.419 0.000
v 87.759 108.145 0.000
v 88.345 107.677 0.000
v 88.768 107.057 0.000
v 88.989 106.340 0.000
v 88.989 105.590 0.000
v 88.768 104.873 0.000
v 88.345 104.253 0.000
v 87.759 103.785 0.000
v 87.060 103.511 0.000
v 86.312 103.455 0.000
v 85.580 103.622 0.000
v 84.930 103.997 0.000
v 84.420 104.547 0.000
v 84.094 105.223 0.000
v 103.983 105.965 0.000
v 104.094 106.707 0.000
v 104.420 107.383 0.000
v 104.930 107.933 0.000
v 105.580 108.308 0.000
v 106.312 108.475 0.000
v 107.060 108.419 0.000
v 107.759 108.145 0.000
v 108.345 107.677 0.000
v 108.768 107.057 0.000
v 108.989 106.340 0.000
v 108.989 105.590 0.000
v 108.768 104.873 0.000
v 108.345 104.253 0.000
v 107.759 103.785 0.000
v 107.060 103.511 0.000
v 106.312 103.455 0.000
v 105.580 103.622 0.000
v 104.930 103.997 0.000
v 104.420 104.547 0.000
v 104.094 105.223 0.000
v 123.983 105.965 0.000
v 124.094 106.707 0.000
v 124.420 107.383 0.000
v 124.930 107.933 0.000
v 125.580 108.308 0.000
v 126.312 108.475 0.000
v 127.060 108.419 0.000
v 127.759 108.145 0.000
v 128.345 107.677 0.000
v 128.768 107.057 0.000
v 128.989 106.340 0.000
v 128.989 105.590 0.000
v 128.768 104.873 0.000
v 128.345 104.253 0.000
v 127.759 103.785 0.000
v 127.060 103.511 0.000
v 126.312 103.455 0.000
v 125.580 103.622 0.000
v 124.930 103.997 0.000
v 124.420 104.547 0.000
v 124.094 105.223 0.000
v 143.982 105.965 0.000
v 144.094 106.707 0.000
v 144.420 107.383 0.000
v 144.930 107.933 0.000
v 145.580 108.308 0.000
v 146.312 108.475 0.000
v 147.060 108.419 0.000
v 147.759 108.145 0.000
v 148.345 107.677 0.000
v 148.768 107.057 0.000
v 148.989 106.340 0.000
v 148.989 105.590 0.000
v 148.768 104.873 0.000
v 148.345 104.253 0.000
v 147.759 103.785 0.000
v 147.060 103.511 0.000
v 146.312 103.455 0.000
v 145.580 103.622 0.000
v 144.930 103.997 0.000
v 144.420 104.547 0.000
v 144.094 105.223 0.000
v 163.982 105.965 0.000
v 164.094 106.707 0.000
v 164.420 107.383 0.000
v 164.930 107.933 0.000
v 165.580 108.308 0.000
v 166.312 108.475 0.000
v 167.060 108.419 0.000
v 167.759 108.145 0.000
v 168.345 107.677 0.000
v 168.768 107.057 0.000
v 168.989 106.340 0.000
v 168.989 105.590 0.000
v 168.768 104.873 0.000
v 168.345 104.253 0.000
v 167.759 103.785 0.000
v 167.060 103.511 0.000
v 166.312 103.455 0.000
v 165.580 103.622 0.000
v 164.930 103.997 0.000
v 164.420 104.547 0.000
v 164.094 105.223 0.000
v 183.982 105.965 0.000
v 184.094 106.707 0.000
v 184.420 107.383 0.000
v 184.930 107.933 0.000
v 185.580 108.308 0.000
v 186.312 108.475 0.000
v 187.060 108.419 0.000
v 187.759 108.145 0.000
v 188.345 107.677 0.000
v 188.768 107.057 0.000
v 188.989 106.340 0.000
v 188.989 105.590 0.000
v 188.768 104.873 0.000
v 188.345 104.253 0.000
v 187.759 103.785 0.000
v 187.060 103.511 0.000
v 186.312 103.455 0.000
v 185.580 103.622 0.000
v 184.930 103.997 0.000
v 184.420 104.547 0.000
v 184.094 105.223 0.000
v 203.982 105.965 0.000
v 204.094 106.707 0.000
v 204.420 107.383 0.000
v 204.930 107.933 0.000
v 205.580 108.308 0.000
v 206.312 108.475 0.000
v 207.060 108.419 0.000
v 207.759 108.145 0.000
v 208.345 107.677 0.000
v 208.768 107.057 0.000
v 208.989 106.340 0.000
v 208.989 105.590 0.000
v 208.768 104.873 0.000
v 208.345 104.253 0.000
v 207.759 103.785 0.000
v 207.060 103.511 0.000
v 206.312 103.455 0.000
v 205.580 103.622 0.000
v 204.930 103.997 0.000
v 204.420 104.547 0.000
v 204.094 105.223 0.000
v 3.982 125.965 0.000
v 4.094 126.707 0.000
v 4.420 127.383 0.000
v 4.930 127.933 0.000
v 5.580 128.308 0.000
v 6.312 128.475 0.000
v 7.060 128.419 0.000
v 7.759 128.145 0.000
v 8.345 127.677 0.000
v 8.768 127.057 0.000
v 8.989 126.340 0.000
v 8.989 125.590 0.000
v 8.768 124.873 0.000
v 8.345 124.253 0.000
v 7.759 123.785 0.000
v 7.060 123.511 0.000
v 6.312 123.455 0.000
v 5.580 123.622 0.000
v 4.930 123.997 0.000
v 4.420 124.547 0.000
v 4.094 125.223 0.000
v 23.982 125.965 0.000
v 24.094 126.707 0.000
v 24.420 127.383 0.000
v 24.930 127.933 0.000
v 25.580 128.308 0.000
v 26.312 128.475 0.000
v 27.060 128.419 0.000
v 27.759 128.145 0.000
v 28.345 127.677 0.000
v 28.768 127.057 0.000
v 28.989 126.340 0.000
v 28.989 125.590 0.000
v 28.768 124.873 0.000
v 28.345 124.253 0.000
v 27.759 123.785 0.000
v 27.060 123.511 0.000
v 26.312 123.455 0.000
v 25.580 123.622 0.000
v 24.930 123.997 0.000
v 24.420 124.547 0.000
v 24.094 125.223 0.000
v 43.982 125.965 0.000
v 44.094 126.707 0.000
v 44.420 127.383 0.000
v 44.930 127.933 0.000
v 45.580 128.308 0.000
v 46.312 128.475 0.000
v 47.060 128.419 0.000
v 47.759 128.145 0.000
v 48.345 127.677 0.000
v 48.768 127.057 0.000
v 48.989 126.340 0.000
v 48.989 125.590 0.000
v 48.768 124.873 0.000
v 48.345 124.253 0.000
v 47.759 123.785 0.000
v 47.060 123.511 0.000
v 46.312 123.455 0.000
v 45.580 123.622 0.000
v 44.930 123.997 0.000
v 44.420 124.547 0.000
v 44.094 125.223 0.000
v 63.982 125.965 0.000
v 64.094 126.707 0.000
v 64.420 127.383 0.000
v 64.930 127.933 0.000
v 65.580 128.308 0.000
v 66.312 128.475 0.000
v 67.060 128.419 0.000
v 67.759 128.145 0.000
v 68.345 127.677 0.000
v 68.768 127.057 0.000
v 68.989 126.340 0.000
v 68.989 125.590 0.000
v 68.768 124.873 0.000
v 68.345 124.253 0.000
v 67.759 123.785 0.000
v 67.060 123.511 0.000
v 66.312 123.455 0.000
v 65.580 123.622 0.000
v 64.930 123.997 0.000
v 64.420 124.547 0.000
v 64.094 125.223 0.000
v 83.983 125.965 0.000
v 84.094 126.707 0.000
v 84.420 127.383 0.000
v 84.930 127.933 0.000
v 85.580 128.308 0.000
v 86.312 128.475 0.000
v 87.060 128.419 0.000
v 87.759 128.145 0.000
v 88.345 127.677 0.000
v 88.768 127.057 0.000
v 88.989 126.340 0.000
v 88.989 125.590 0.000
v 88.768 124.873 0.000
v 88.345 124.253 0.000
v 87.759 123.785 0.000
v 87.060 123.511 0.000
v 86.312 123.455 0.000
v 85.580 123.622 0.000
v 84.930 123.997 0.000
v 84.420 124.547 0.000
v 84.094 125.223 0.000
v 103.983 125.965 0.000
v 104.094 126.707 0.000
v 104.420 127.383 0.000
v 104.930 127.933 0.000
v 105.580 128.308 0.000
v 106.312 128.475 0.000
v 107.060 128.419 0.000
v 107.759 128.145 0.000
v 108.345 127.677 0.000
v 108.768 127.057 0.000
v 108.989 126.340 0.000
v 108.989 125.590 0.000
v 108.768 124.873 0.000
v 108.345 124.253 0.000
v 107.759 123.785 0.000
v 107.060 123.511 0.000
v 106.312 123.455 0.000
v 105.580 123.622 0.000
v 104.930 123.997 0.000
v 104.420 124.547 0.000
v 104.094 125.223 0.000
v 123.983 125.965 0.000
v 124.094 126.707 0.000
v 124.420 127.383 0.000
v 124.930 127.933 0.000
v 125.580 128.308 0.000
v 126.312 128.475 0.000
v 127.060 128.419 0.000
v 127.759 128.145 0.000
v 128.345 127.677 0.000
v 128.768 127.057 0.000
v 128.989 126.340 0.000
v 128.989 125.590 0.000
v 128.768 124.873 0.000
v 128.345 124.253 0.000
v 127.759 123.785 0.000
v 127.060 123.511 0.000
v 126.312 123.455 0.000
v 125.580 123.622 0.000
v 124.930 123.997 0.000
v 124.420 124.547 0.000
v 124.094 125.223 0.000
v 143.982 125.965 0.000
v 144.094 126.707 0.000
v 144.420 127.383 0.000
v 144.930 127.933 0.000
v 145.580 128.308 0.000
v 146.312 128.475 0.000
v 147.060 128.419 0.000
v 147.759 128.145 0.000
v 148.345 127.677 0.000
v 148.768 127.057 0.000
v 148.989 126.340 0.000
v 148.989 125.590 0.000
v 148.768 124.873 0.000
v 148.345 124.253 0.000
v 147.759 123.785 0.000
v 147.060 123.511 0.000
v 146.312 123.455 0.000
v 145.580 123.622 0.000
v 144.930 123.997 0.000
v 144.420 124.547 0.000
v 144.094 125.223 0.000
v 163.982 125.965 0.000
v 164.094 126.707 0.000
v 164.420 127.383 0.000
v 164.930 127.933 0.000
v 165.580 128.308 0.000
v 166.312 128.475 0.000
v 167.060 128.419 0.000
v 167.759 128.145 0.000
v 168.345 127.677 0.000
v 168.768 127.057 0.000
v 168.989 126.340 0.000
v 168.989 125.590 0.000
v 168.768 124.873 0.000
v 168.345 124.253 0.000
v 167.759 123.785 0.000
v 167.060 123.511 0.000
v 166.312 123.455 0.000
v 165.580 123.622 0.000
v 164.930 123.997 0.000
v 164.420 124.547 0.000
v 164.094 125.223 0.000
v 183.982 125.965 0.000
v 184.094 126.707 0.000
v 184.420 127.383 0.000
v 184.930 127.933 0.000
v 185.580 128.308 0.000
v 186.312 128.475 0.000
v 187.060 128.419 0.000
v 187.759 128.145 0.000
v 188.345 127.677 0.000
v 188.768 127.057 0.000
v 188.989 126.340 0.000
v 188.989 125.590 0.000
v 188.768 124.873 0.000
v 188.345 124.253 0.000
v 187.759 123.785 0.000
v 187.060 123.511 0.000
v 186.312 123.455 0.000
v 185.580 123.622 0.000
v 184.930 123.997 0.000
v 184.420 124.547 0.000
v 184.094 125.223 0.000
v 203.982 125.965 0.000
v 204.094 126.707 0.000
v 204.420 127.383 0.000
v 204.930 127.933 0.000
v 205.580 128.308 0.000
v 206.312 128.475 0.000
v 207.060 128.419 0.000
v 207.759 128.145 0.000
v 208.345 127.677 0.000
v 208.768 127.057 0.000
v 208.989 126.340 0.000
v 208.989 125.590 0.000
v 208.768 124.873 0.000
v 208.345 124.253 0.000
v 207.759 123.785 0.000
v 207.060 123.511 0.000
v 206.312 123.455 0.000
v 205.580 123.622 0.000
v 204.930 123.997 0.000
v 204.420 124.547 0.000
v 204.094 125.223 0.000
v 3.982 145.965 0.000
v 4.094 146.707 0.000
v 4.420 147.383 0.000
v 4.930 147.933 0.000
v 5.580 148.308 0.000
v 6.312 148.475 0.000
v 7.060 148.419 0.000
v 7.759 148.145 0.000
v 8.345 147.677 0.000
v 8.768 147.057 0.000
v 8.989 146.340 0.000
v 8.989 145.590 0.000
v 8.768 144.873 0.000
v 8.345 144.253 0.000
v 7.759 143.785 0.000
v 7.060 143.511 0.000
v 6.312 143.455 0.000
v 5.580 143.622 0.000
v 4.930 143.997 0.000
v 4.420 144.547 0.000
v 4.094 145.223 0.000
v 23.982 145.965 0.000
v 24.094 146.707 0.000
v 24.420 147.383 0.000
v 24.930 147.933 0.000
v 25.580 148.308 0.000
v 26.312 148.475 0.000
v 27.060 148.419 0.000
v 27.759 148.145 0.000
v 28.345 147.677 0.000
v 28.768 147.057 0.000
v 28.989 146.340 0.000
v 28.989 145.590 0.000
v 28.768 144.873 0.000
v 28.345 144.253 0.000
v 27.759 143.785 0.000
v 27.060 143.511 0.000
v 26.312 143.455 0.000
v 25.580 143.622 0.000
v 24.930 143.997 0.000
v 24.420 144.547 0.000
v 24.094 145.223 0.000
v 43.982 145.965 0.000
v 44.094 146.707 0.000
v 44.420 147.383 0.000
v 44.930 147.933 0.000
v 45.580 148.308 0.000
v 46.312 148.475 0.000
v 47.060 148.419 0.000
v 47.759 148.145 0.000
v 48.345 147.677 0.000
v 48.768 147.057 0.000
v 48.989 146.340 0.000
v 48.989 145.590 0.000
v 48.768 144.873 0.000
v 48.345 144.253 0.000
v 47.759 143.785 0.000
v 47.060 143.511 0.000
v 46.312 143.455 0.000
v 45.580 143.622 0.000
v 44.930 143.997 0.000
v 44.420 144.547 0.000
v 44.094 145.223 0.000
v 63.982 145.965 0.000
v 64.094 146.707 0.000
v 64.420 147.383 0.000
v 64.930 147.933 0.000
v 65.580 148.308 0.000
v 66.312 148.475 0.000
v 67.060 148.419 0.000
v 67.759 148.145 0.000
v 68.345 147.677 0.000
v 68.768 147.057 0.000
v 68.989 146.340 0.000
v 68.989 145.590 0.000
v 68.768 144.873 0.000
v 68.345 144.253 0.000
v 67.759 143.785 0.000
v 67.060 143.511 0.000
v 66.312 143.455 0.000
v 65.580 143.622 0.000
v 64.930 143.997 0.000
v 64.420 144.547 0.000
v 64.094 145.223 0.000
v 83.983 145.965 0.000
v 84.094 146.707 0.000
v 84.420 147.383 0.000
v 84.930 147.933 0.000
v 85.580 148.308 0.000
v 86.312 148.475 0.000
v 87.060 148.419 0.000
v 87.759 148.145 0.000
v 88.345 147.677 0.000
v 88.768 147.057 0.000
v 88.989 146.340 0.000
v 88.989 145.590 0.000
v 88.768 144.873 0.000
v 88.345 144.253 0.000
v 87.759 143.785 0.000
v 87.060 143.511 0.000
v 86.312 143.455 0.000
v 85.580 143.622 0.000
v 84.930 143.997 0.000
v 84.420 144.547 0.000
v 84.094 145.223 0.000
v 103.983 145.965 0.000
v 104.094 146.707 0.000
v 104.420 147.383 0.000
v 104.930 147.933 0.000
v 105.580 148.308 0.000
v 106.312 148.475 0.000
v 107.060 148.419 0.000
v 107.759 148.145 0.000
v 108.345 147.677 0.000
v 108.768 147.057 0.000
v 108.989 146.340 0.000
v 108.989 145.590 0.000
v 108.768 144.873 0.000
v 108.345 144.253 0.000
v 107.759 143.785 0.000
v 107.060 143.511 0.000
v 106.312 143.455 0.000
v 105.580 143.622 0.000
v 104.930 143.997 0.000
v 104.420 144.547 0.000
v 104.094 145.223 0.000
v 123.983 145.965 0.000
v 124.094 146.707 0.000
v 124.420 147.383 0.000
v 124.930 147.933 0.000
v 125.580 148.308 0.000
v 126.312 148.475 0.000
v 127.060 148.419 0.000
v 127.759 148.145 0.000
v 128.345 147.677 0.000
v 128.768 147.057 0.000
v 128.989 146.340 0.000
v 128.989 145.590 0.000
v 128.768 144.873 0.000
v 128.345 144.253 0.000
v 127.759 143.785 0.000
v 127.060 143.511 0.000
v 126.312 143.455 0.000
v 125.580 143.622 0.000
v 124.930 143.997 0.000
v 124.420 144.547 0.000
v 124.094 145.223 0.000
v 143.982 145.965 0.000
v 144.094 146.707 0.000
v 144.420 147.383 0.000
v 144.930 147.933 0.000
v 145.580 148.308 0.000
v 146.312 148.475 0.000
v 147.060 148.419 0.000
v 147.759 148.145 0.000
v 148.345 147.677 0.000
v 148.768 147.057 0.000
v 148.989 146.340 0.000
v 148.989 145.590 0.000
v 148.768 144.873 0.000
v 148.345 144.253 0.000
v 147.759 143.785 0.000
v 147.060 143.511 0.000
v 146.312 143.455 0.000
v 145.580 143.622 0.000
v 144.930 143.997 0.000
v 144.420 144.547 0.000
v 144.094 145.223 0.000
v 163.982 145.965 0.000
v 164.094 146.707 0.000
v 164.420 147.383 0.000
v 164.930 147.933 0.000
v 165.580 148.308 0.000
v 166.312 148.475 0.000
v 167.060 148.419 0.000
v 167.759 148.145 0.000
v 168.345 147.677 0.000
v 168.768 147.057 0.000
v 168.989 146.340 0.000
v 168.989 145.590 0.000
v 168.768 144.873 0.000
v 168.345 144.253 0.000
v 167.759 143.785 0.000
v 167.060 143.511 0.000
v 166.312 143.455 0.000
v 165.580 143.622 0.000
v 164.930 143.997 0.000
v 164.420 144.547 0.000
v 164.094 145.223 0.000
v 183.982 145.965 0.000
v 184.094 146.707 0.000
v 184.420 147.383 0.000
v 184.930 147.933 0.000
v 185.580 148.308 0.000
v 186.312 148.475 0.000
v 187.060 148.419 0.000
v 187.759 148.145 0.000
v 188.345 147.677 0.000
v 188.768 147.057 0.000
v 188.989 146.340 0.000
v 188.989 145.590 0.000
v 188.768 144.873 0.000
v 188.345 144.253 0.000
v 187.759 143.785 0.000
v 187.060 143.511 0.000
v 186.312 143.455 0.000
v 185.580 143.622 0.000
v 184.930 143.997 0.000
v 184.420 144.547 0.000
v 184.094 145.223 0.000
v 203.982 145.965 0.000
v 204.094 146.707 0.000
v 204.420 147.383 0.000
v 204.930 147.933 0.000
v 205.580 148.308 0.000
v 206.312 148.475 0.000
v 207.060 148.419 0.000
v 207.759 148.145 0.000
v 208.345 147.677 0.000
v 208.768 147.057 0.000
v 208.989 146.340 0.000
v 208.989 145.590 0.000
v 208.768 144.873 0.000
v 208.345 144.253 0.000
v 207.759 143.785 0.000
v 207.060 143.511 0.000
v 206.312 143.455 0.000
v 205.580 143.622 0.000
v 204.930 143.997 0.000
v 204.420 144.547 0.000
v 204.094 145.223 0.000
v 3.982 165.965 0.000
v 4.094 166.707 0.000
v 4.420 167.383 0.000
v 4.930 167.933 0.000
v 5.580 168.308 0.000
v 6.312 168.475 0.000
v 7.060 168.419 0.000
v 7.759 168.145 0.000
v 8.345 167.677 0.000
v 8.768 167.057 0.000
v 8.989 166.340 0.000
v 8.989 165.590 0.000
v 8.768 164.873 0.000
v 8.345 164.253 0.000
v 7.759 163.785 0.000
v 7.060 163.511 0.000
v 6.312 163.455 0.000
v 5.580 163.622 0.000
v 4.930 163.997 0.000
v 4.420 164.547 0.000
v 4.094 165.223 0.000
v 23.982 165.965 0.000
v 24.094 166.707 0.000
v 24.420 167.383 0.000
v 24.930 167.933 0.000
v 25.580 168.308 0.000
v 26.312 168.475 0.000
v 27.060 168.419 0.000
v 27.759 168.145 0.000
v 28.345 167.677 0.000
v 28.768 167.057 0.000
v 28.989 166.340 0.000
v 28.989 165.590 0.000
v 28.768 164.873 0.000
v 28.345 164.253 0.000
v 27.759 163.785 0.000
v 27.060 163.511 0.000
v 26.312 163.455 0.000
v 25.580 163.622 0.000
v 24.930 163.997 0.000
v 24.420 164.547 0.000
v 24.094 165.223 0.000
v 43.982 165.965 0.000
v 44.094 166.707 0.000
v 44.420 167.383 0.000
v 44.930 167.933 0.000
v 45.580 168.308 0.000
v 46.312 168.475 0.000
v 47.060 168.419 0.000
v 47.759 168.145 0.000
v 48.345 167.677 0.000
v 48.768 167.057 0.000
v 48.989 166.340 0.000
v 48.989 165.590 0.000
v 48.768 164.873 0.000
v 48.345 164.253 0.000
v 47.759 163.785 0.000
v 47.060 163.511 0.000
v 46.312 163.455 0.000
v 45.580 163.622 0.000
v 44.930 163.997 0.000
v 44.420 164.547 0.000
v 44.094 165.223 0.000
v 63.982 165.965 0.000
v 64.094 166.707 0.000
v 64.420 167.383 0.000
v 64.930 167.933 0.000
v 65.580 168.308 0.000
v 66.312 168.475 0.000
v 67.060 168.419 0.000
v 67.759 168.145 0.000
v 68.345 167.677 0.000
v 68.768 167.057 0.000
v 68.989 166.340 0.000
v 68.989 165.590 0.000
v 68.768 164.873 0.000
v 68.345 164.253 0.000
v 67.759 163.785 0.000
v 67.060 163.511 0.000
v 66.312 163.455 0.000
v 65.580 163.622 0.000
v 64.930 163.997 0.000
v 64.420 164.547 0.000
v 64.094 165.223 0.000
v 83.983 165.965 0.000
v 84.094 166.707 0.000
v 84.420 167.383 0.000
v 84.930 167.933 0.000
v 85.580 168.308 0.000
v 86.312 168.475 0.000
v 87.060 168.419 0.000
v 87.759 168.145 0.000
v 88.345 167.677 0.000
v 88.768 167.057 0.000
v 88.989 166.340 0.000
v 88.989 165.590 0.000
v 88.768 164.873 0.000
v 88.345 164.253 0.000
v 87.759 163.785 0.000
v 87.060 163.511 0.000
v 86.312 163.455 0.000
v 85.580 163.622 0.000
v 84.930 163.997 0.000
v 84.420 164.547 0.000
v 84.094 165.223 0.000
v 103.983 165.965 0.000
v 104.094 166.707 0.000
v 104.420 167.383 0.000
v 104.930 167.933 0.000
v 105.580 168.308 0.000
v 106.312 168.475 0.000
v 107.060 168.419 0.000
v 107.759 168.145 0.000
v 108.345 167.677 0.000
v 108.768 167.057 0.000
v 108.989 166.340 0.000
v 108.989 165.590 0.000
v 108.768 164.873 0.000
v 108.345 164.253 0.000
v 107.759 163.785 0.000
v 107.060 163.511 0.000
v 106.312 163.455 0.000
v 105.580 163.622 0.000
v 104.930 163.997 0.000
v 104.420 164.547 0.000
v 104.094 165.223 0.000
v 123.983 165.965 0.000
v 124.094 166.707 0.000
v 124.420 167.383 0.000
v 124.930 167.933 0.000
v 125.580 168.308 0.000
v 126.312 168.475 0.000
v 127.060 168.419 0.000
v 127.759 168.145 0.000
v 128.345 167.677 0.000
v 128.768 167.057 0.000
v 128.989 166.340 0.000
v 128.989 165.590 0.000
v 128.768 164.873 0.000
v 128.345 164.253 0.000
v 127.759 163.785 0.000
v 127.060 163.511 0.000
v 126.312 163.455 0.000
v 125.580 163.622 0.000
v 124.930 163.997 0.000
v 124.420 164.547 0.000
v 124.094 165.223 0.000
v 143.982 165.965 0.000
v 144.094 166.707 0.000
v 144.420 167.383 0.000
v 144.930 167.933 0.000
v 145.580 168.308 0.000
v 146.312 168.475 0.000
v 147.060 168.419 0.000
v 147.759 168.145 0.000
v 148.345 167.677 0.000
v 148.768 167.057 0.000
v 148.989 166.340 0.000
v 148.989 165.590 0.000
v 148.768 164.873 0.000
v 148.345 164.253 0.000
v 147.759 163.785 0.000
v 147.060 163.511 0.000
v 146.312 163.455 0.000
v 145.580 163.622 0.000
v 144.930 163.997 0.000
v 144.420 164.547 0.000
v 144.094 165.223 0.000
v 163.982 165.965 0.000
v 164.094 166.707 0.000
v 164.420 167.383 0.000
v 164.930 167.933 0.000
v 165.580 168.308 0.000
v 166.312 168.475 0.000
v 167.060 168.419 0.000
v 167.759 168.145 0.000
v 168.345 167.677 0.000
v 168.768 167.057 0.000
v 168.989 166.340 0.000
v 168.989 165.590 0.000
v 168.768 164.873 0.000
v 168.345 164.253 0.000
v 167.759 163.785 0.000
v 167.060 163.511 0.000
v 166.312 163.455 0.000
v 165.580 163.622 0.000
v 164.930 163.997 0.000
v 164.420 164.547 0.000
v 164.094 165.223 0.000
v 183.982 165.965 0.000
v 184.094 166.707 0.000
v 184.420 167.383 0.000
v 184.930 167.933 0.000
v 185.580 168.308 0.000
v 186.312 168.475 0.000
v 187.060 168.419 0.000
v 187.759 168.145 0.000
v 188.345 167.677 0.000
v 188.768 167.057 0.000
v 188.989 166.340 0.000
v 188.989 165.590 0.000
v 188.768 164.873 0.000
v 188.345 164.253 0.000
v 187.759 163.785 0.000
v 187.060 163.511 0.000
v 186.312 163.455 0.000
v 185.580 163.622 0.000
v 184.930 163.997 0.000
v 184.420 164.547 0.000
v 184.094 165.223 0.000
v 203.982 165.965 0.000
v 204.094 166.707 0.000
v 204.420 167.383 0.000
v 204.930 167.933 0.000
v 205.580 168.308 0.000
v 206.312 168.475 0.000
v 207.060 168.419 0.000
v 207.759 168.145 0.000
v 208.345 167.677 0.000
v 208.768 167.057 0.000
v 208.989 166.340 0.000
v 208.989 165.590 0.000
v 208.768 164.873 0.000
v 208.345 164.253 0.000
v 207.759 163.785 0.000
v 207.060 163.511 0.000
v 206.312 163.455 0.000
v 205.580 163.622 0.000
v 204.930 163.997 0.000
v 204.420 164.547 0.000
v 204.094 165.223 0.000
v 3.982 185.965 0.000
v 4.094 186.707 0.000
v 4.420 187.383 0.000
v 4.930 187.933 0.000
v 5.580 188.308 0.000
v 6.312 188.475 0.000
v 7.060 188.419 0.000
v 7.759 188.145 0.000
v 8.345 187.677 0.000
v 8.768 187.057 0.000
v 8.989 186.340 0.000
v 8.989 185.590 0.000
v 8.768 184.873 0.000
v 8.345 184.253 0.000
v 7.759 183.785 0.000
v 7.060 183.511 0.000
v 6.312 183.455 0.000
v 5.580 183.622 0.000
v 4.930 183.997 0.000
v 4.420 184.547 0.000
v 4.094 185.223 0.000
v 23.982 185.965 0.000
v 24.094 186.707 0.000
v 24.420 187.383 0.000
v 24.930 187.933 0.000
v 25.580 188.308 0.000
v 26.312 188.475 0.000
v 27.060 188.419 0.000
v 27.759 188.145 0.000
v 28.345 187.677 0.000
v 28.768 187.057 0.000
v 28.989 186.340 0.000
v 28.989 185.590 0.000
v 28.768 184.873 0.000
v 28.345 184.253 0.000
v 27.759 183.785 0.000
v 27.060 183.511 0.000
v 26.312 183.455 0.000
v 25.580 183.622 0.000
v 24.930 183.997 0.000
v 24.420 184.547 0.000
v 24.094 185.223 0.000
v 43.982 185.965 0.000
v 44.094 186.707 0.000
v 44.420 187.383 0.000
v 44.930 187.933 0.000
v 45.580 188.308 0.000
v 46.312 188.475 0.000
v 47.060 188.419 0.000
v 47.759 188.145 0.000
v 48.345 187.677 0.000
v 48.768 187.057 0.000
v 48.989 186.340 0.000
v 48.989 185.590 0.000
v 48.768 184.873 0.000
v 48.345 184.253 0.000
v 47.759 183.785 0.000
v 47.060 183.511 0.000
v 46.312 183.455 0.000
v 45.580 183.622 0.000
v 44.930 183.997 0.000
v 44.420 184.547 0.000
v 44.094 185.223 0.000
v 63.982 185.965 0.000
v 64.094 186.707 0.000
v 64.420 187.383 0.000
v 64.930 187.933 0.000
v 65.580 188.308 0.000
v 66.312 188.475 0.000
v 67.060 188.419 0.000
v 67.759 188.145 0.000
v 68.345 187.677 0.000
v 68.768 187.057 0.000
v 68.989 186.340 0.000
v 68.989 185.590 0.000
v 68.768 184.873 0.000
v 68.345 184.253 0.000
v 67.759 183.785 0.000
v 67.060 183.511 0.000
v 66.312 183.455 0.000
v 65.580 183.622 0.000
v 64.930 183.997 0.000
v 64.420 184.547 0.000
v 64.094 185.223 0.000
v 83.983 185.965 0.000
v 84.094 186.707 0.000
v 84.420 187.383 0.000
v 84.930 187.933 0.000
v 85.580 188.308 0.000
v 86.312 188.475 0.000
v 87.060 188.419 0.000
v 87.759 188.145 0.000
v 88.345 187.677 0.000
v 88.768 187.057 0.000
v 88.989 186.340 0.000
v 88.989 185.590 0.000
v 88.768 184.873 0.000
v 88.345 184.253 0.000
v 87.759 183.785 0.000
v 87.060 183.511 0.000
v 86.312 183.455 0.000
v 85.580 183.622 0.000
v 84.930 183.997 0.000
v 84.420 184.547 0.000
v 84.094 185.223 0.000
v 103.983 185.965 0.000
v 104.094 186.707 0.000
v 104.420 187.383 0.000
v 104.930 187.933 0.000
v 105.580 188.308 0.000
v 106.312 188.475 0.000
v 107.060 188.419 0.000
v 107.759 188.145 0.000
v 108.345 187.677 0.000
v 108.768 187.057 0.000
v 108.989 186.340 0.000
v 108.989 185.590 0.000
v 108.768 184.873 0.000
v 108.345 184.253 0.000
v 107.759 183.785 0.000
v 107.060 183.511 0.000
v 106.312 183.455 0.000
v 105.580 183.622 0.000
v 104.930 183.997 0.000
v 104.420 184.547 0.000
v 104.094 185.223 0.000
v 123.983 185.965 0.000
v 124.094 186.707 0.000
v 124.420 187.383 0.000
v 124.930 187.933 0.000
v 125.580 188.308 0.000
v 126.312 188.475 0.000
v 127.060 188.419 0.000
v 127.759 188.145 0.000
v 128.345 187.677 0.000
v 128.768 187.057 0.000
v 128.989 186.340 0.000
v 128.989 185.590 0.000
v 128.768 184.873 0.000
v 128.345 184.253 0.000
v 127.759 183.785 0.000
v 127.060 183.511 0.000
v 126.312 183.455 0.000
v 125.580 183.622 0.000
v 124.930 183.997 0.000
v 124.420 184.547 0.000
v 124.094 185.223 0.000
v 143.982 185.965 0.000
v 144.094 186.707 0.000
v 144.420 187.383 0.000
v 144.930 187.933 0.000
v 145.580 188.308 0.000
v 146.312 188.475 0.000
v 147.060 188.419 0.000
v 147.759 188.145 0.000
v 148.345 187.677 0.000
v 148.768 187.057 0.000
v 148.989 186.340 0.000
v 148.989 185.590 0.000
v 148.768 184.873 0.000
v 148.345 184.253 0.000
v 147.759 183.785 0.000
v 147.060 183.511 0.000
v 146.312 183.455 0.000
v 145.580 183.622 0.000
v 144.930 183.997 0.000
v 144.420 184.547 0.000
v 144.094 185.223 0.000
v 163.982 185.965 0.000
v 164.094 186.707 0.000
v 164.420 187.383 0.000
v 164.930 187.933 0.000
v 165.580 188.308 0.000
v 166.312 188.475 0.000
v 167.060 188.419 0.000
v 167.759 188.145 0.000
v 168.345 187.677 0.000
v 168.768 187.057 0.000
v 168.989 186.340 0.000
v 168.989 185.590 0.000
v 168.768 184.873 0.000
v 168.345 184.253 0.000
v 167.759 183.785 0.000
v 167.060 183.511 0.000
v 166.312 183.455 0.000
v 165.580 183.622 0.000
v 164.930 183.997 0.000
v 164.420 184.547 0.000
v 164.094 185.223 0.000
v 183.982 185.965 0.000
v 184.094 186.707 0.000
v 184.420 187.383 0.000
v 184.930 187.933 0.000
v 185.580 188.308 0.000
v 186.312 188.475 0.000
v 187.060 188.419 0.000
v 187.759 188.145 0.000
v 188.345 187.677 0.000
v 188.768 187.057 0.000
v 188.989 186.340 0.000
v 188.989 185.590 0.000
v 188.768 184.873 0.000
v 188.345 184.253 0.000
v 187.759 183.785 0.000
v 187.060 183.511 0.000
v 186.312 183.455 0.000
v 185.580 183.622 0.000
v 184.930 183.997 0.000
v 184.420 184.547 0.000
v 184.094 185.223 0.000
v 173.500 193.965 0.000
v 173.722 195.439 0.000
v 174.369 196.782 0.000
v 175.383 197.874 0.000
v 176.673 198.619 0.000
v 178.126 198.951 0.000
v 179.613 198.840 0.000
v 181.000 198.295 0.000
v 182.165 197.366 0.000
v 183.005 196.134 0.000
v 183.444 194.710 0.000
v 183.444 193.220 0.000
v 183.005 191.796 0.000
v 182.165 190.564 0.000
v 181.000 189.635 0.000
v 179.613 189.090 0.000
v 178.126 188.979 0.000
v 176.673 189.311 0.000
v 175.383 190.056 0.000
v 174.369 191.148 0.000
v 173.722 192.491 0.000
v 14.000 193.965 -8.192
v 14.222 195.439 -8.192
v 14.869 196.782 -8.192
v 15.883 197.874 -8.192
v 17.173 198.619 -8.192
v 18.626 198.951 -8.192
v 20.113 198.840 -8.192
v 21.500 198.295 -8.192
v 22.665 197.366 -8.192
v 23.505 196.134 -8.192
v 23.944 194.710 -8.192
v 23.944 193.220 -8.192
v 23.505 191.796 -8.192
v 22.665 190.564 -8.192
v 21.500 189.635 -8.192
v 20.113 189.090 -8.192
v 18.626 188.979 -8.192
v 17.173 189.311 -8.192
v 15.883 190.056 -8.192
v 14.869 191.148 -8.192
v 14.222 192.491 -8.192
v 173.500 193.965 -8.192
v 173.722 195.439 -8.192
v 174.369 196.782 -8.192
v 175.383 197.874 -8.192
v 176.673 198.619 -8.192
v 178.126 198.951 -8.192
v 179.613 198.840 -8.192
v 181.000 198.295 -8.192
v 182.165 197.366 -8.192
v 183.005 196.134 -8.192
v 183.444 194.710 -8.192
v 183.444 193.220 -8.192
v 183.005 191.796 -8.192
v 182.165 190.564 -8.192
v 181.000 189.635 -8.192
v 179.613 189.090 -8.192
v 178.126 188.979 -8.192
v 176.673 189.311 -8.192
v 175.383 190.056 -8.192
v 174.369 191.148 -8.192
v 173.722 192.491 -8.192
v 175.750 193.965 -8.192
v 175.872 194.776 -8.192
v 176.228 195.514 -8.192
v 176.785 196.115 -8.192
v 177.495 196.525 -8.192
v 178.294 196.707 -8.192
v 179.112 196.646 -8.192
v 179.875 196.347 -8.192
v 180.516 195.835 -8.192
v 180.978 195.158 -8.192
v 181.219 194.375 -8.192
v 181.219 193.555 -8.192
v 180.978 192.772 -8.192
v 180.516 192.095 -8.192
v 179.875 191.583 -8.192
v 179.112 191.284 -8.192
v 178.294 191.223 -8.192
v 177.495 191.405 -8.192
v 176.785 191.815 -8.192
v 176.228 192.416 -8.192
v 175.872 193.154 -8.192
v 201.750 8.465 -8.192
v 201.872 9.276 -8.192
v 202.228 10.014 -8.192
v 202.785 10.615 -8.192
v 203.495 11.025 -8.192
v 204.294 11.207 -8.192
v 205.112 11.146 -8.192
v 205.875 10.847 -8.192
v 206.516 10.335 -8.192
v 206.978 9.658 -8.192
v 207.219 8.875 -8.192
v 207.219 8.055 -8.192
v 206.978 7.272 -8.192
v 206.516 6.595 -8.192
v 205.875 6.083 -8.192
v 205.112 5.784 -8.192
v 204.294 5.723 -8.192
v 203.495 5.905 -8.192
v 202.785 6.315 -8.192
v 202.228 6.916 -8.192
v 201.872 7.654 -8.192
v 199.500 8.465 -8.192
v 199.722 9.939 -8.192
v 200.369 11.282 -8.192
v 201.383 12.374 -8.192
v 202.673 13.119 -8.192
v 204.126 13.451 -8.192
v 205.613 13.340 -8.192
v 207.000 12.795 -8.192
v 208.165 11.866 -8.192
v 209.005 10.634 -8.192
v 209.444 9.210 -8.192
v 209.444 7.720 -8.192
v 209.005 6.296 -8.192
v 208.165 5.064 -8.192
v 207.000 4.135 -8.192
v 205.613 3.590 -8.192
v 204.126 3.479 -8.192
v 202.673 3.811 -8.192
v 201.383 4.556 -8.192
v 200.369 5.648 -8.192
v 199.722 6.991 -8.192
v 128.500 120.965 -8.192
v 128.722 122.439 -8.192
v 129.369 123.782 -8.192
v 130.383 124.874 -8.192
v 131.673 125.619 -8.192
v 133.126 125.951 -8.192
v 134.613 125.840 -8.192
v 136.000 125.295 -8.192
v 137.165 124.366 -8.192
v 138.005 123.134 -8.192
v 138.444 121.710 -8.192
v 138.444 120.220 -8.192
v 138.005 118.796 -8.192
v 137.165 117.564 -8.192
v 136.000 116.635 -8.192
v 134.613 116.090 -8.192
v 133.126 115.979 -8.192
v 131.673 116.311 -8.192
v 130.383 117.056 -8.192
v 129.369 118.148 -8.192
v 128.722 119.491 -8.192
v 37.501 40.465 -8.192
v 37.723 41.939 -8.192
v 38.370 43.282 -8.192
v 39.384 44.374 -8.192
v 40.675 45.119 -8.192
v 42.128 45.451 -8.192
v 43.614 45.340 -8.192
v 45.001 44.795 -8.192
v 46.167 43.866 -8.192
v 47.006 42.634 -8.192
v 47.445 41.210 -8.192
v 47.445 39.720 -8.192
v 47.006 38.296 -8.192
v 46.167 37.064 -8.192
v 45.001 36.135 -8.192
v 43.614 35.590 -8.192
v 42.128 35.479 -8.192
v 40.675 35.811 -8.192
v 39.384 36.556 -8.192
v 38.370 37.648 -8.192
v 37.723 38.991 -8.192
v 130.750 120.965 -8.192
v 130.872 121.776 -8.192
v 131.228 122.514 -8.192
v 131.785 123.115 -8.192
v 132.495 123.525 -8.192
v 133.294 123.707 -8.192
v 134.112 123.646 -8.192
v 134.875 123.347 -8.192
v 135.516 122.835 -8.192
v 135.978 122.158 -8.192
v 136.219 121.375 -8.192
v 136.219 120.555 -8.192
v 135.978 119.772 -8.192
v 135.516 119.095 -8.192
v 134.875 118.583 -8.192
v 134.112 118.284 -8.192
v 133.294 118.223 -8.192
v 132.495 118.405 -8.192
v 131.785 118.815 -8.192
v 131.228 119.416 -8.192
v 130.872 120.154 -8.192
v 39.751 40.465 -8.192
v 39.873 41.276 -8.192
v 40.229 42.014 -8.192
v 40.787 42.615 -8.192
v 41.497 43.025 -8.192
v 42.296 43.207 -8.192
v 43.113 43.146 -8.192
v 43.876 42.847 -8.192
v 44.517 42.335 -8.192
v 44.979 41.658 -8.192
v 45.221 40.875 -8.192
v 45.221 40.055 -8.192
v 44.979 39.272 -8.192
v 44.517 38.595 -8.192
v 43.876 38.083 -8.192
v 43.113 37.784 -8.192
v 42.296 37.723 -8.192
v 41.497 37.905 -8.192
v 40.787 38.315 -8.192
v 40.229 38.916 -8.192
v 39.873 39.654 -8.192
f 5 3 4
f 5 6 3
f 5 7 6
f 8 1 3
f 8 3 6
f 8 6 7
f 9 2 1
f 9 4 2
f 9 1 8
f 9 7 5
f 9 5 4
f 9 8 7
f 93 16 17
f 93 94 16
f 95 16 94
f 92 93 17
f 91 92 17
f 90 91 17
f 42 89 90
f 43 89 42
f 43 88 89
f 18 90 17
f 18 42 90
f 104 105 96
f 104 96 97
f 87 88 43
f 106 16 95
f 106 96 105
f 106 95 96
f 101 99 100
f 103 104 97
f 103 97 98
f 107 16 106
f 41 42 18
f 102 103 98
f 102 99 101
f 102 98 99
f 86 87 43
f 40 41 18
f 15 16 107
f 15 107 108
f 37 40 18
f 36 37 18
f 109 14 15
f 109 15 108
f 35 36 18
f 78 79 80
f 110 14 109
f 77 78 80
f 120 77 80
f 120 80 81
f 119 120 81
f 119 81 82
f 111 14 110
f 118 119 82
f 118 82 83
f 30 31 34
f 30 34 35
f 30 35 18
f 112 14 111
f 113 14 112
f 38 39 40
f 38 40 37
f 19 29 30
f 19 30 18
f 51 28 29
f 50 29 19
f 50 51 29
f 33 34 31
f 44 115 116
f 44 116 117
f 44 117 118
f 32 33 31
f 45 115 44
f 49 50 19
f 47 22 23
f 13 113 114
f 13 114 115
f 13 14 113
f 13 115 45
f 13 45 46
f 13 46 47
f 75 48 49
f 75 49 19
f 75 76 48
f 24 47 23
f 24 13 47
f 25 13 24
f 26 13 25
f 53 27 52
f 53 26 27
f 20 70 71
f 20 71 72
f 20 75 19
f 20 72 73
f 20 73 74
f 20 74 75
f 21 70 20
f 12 57 60
f 12 53 54
f 12 54 55
f 12 55 56
f 12 56 57
f 12 60 61
f 12 13 26
f 12 26 53
f 62 12 61
f 66 64 65
f 67 63 66
f 67 62 63
f 10 69 21
f 10 68 69
f 11 12 62
f 11 62 67
f 11 68 10
f 11 67 68
f 27 28 52
f 43 44 85
f 85 44 84
f 84 44 83
f 83 44 118
f 43 85 86
f 3 48 4
f 4 48 76
f 51 52 28
f 59 60 58
f 58 60 57
f 63 64 66
f 69 70 21
f 2 76 121
f 2 4 76
f 124 122 51
f 124 123 122
f 124 50 123
f 124 51 50
f 125 52 51
f 125 51 122
f 126 48 127
f 126 49 48
f 123 49 126
f 123 50 49
f 129 121 76
f 129 128 121
f 129 75 128
f 129 76 75
f 133 70 134
f 133 71 70
f 132 72 71
f 132 71 133
f 131 73 72
f 131 72 132
f 130 74 73
f 130 73 131
f 130 75 74
f 128 75 130
f 137 65 64
f 137 138 65
f 137 139 138
f 140 135 65
f 140 65 138
f 140 138 139
f 141 136 135
f 141 64 136
f 141 135 140
f 141 139 137
f 141 137 64
f 141 140 139
f 66 65 135
f 142 66 135
f 145 59 58
f 145 146 59
f 145 147 146
f 148 143 59
f 148 59 146
f 148 146 147
f 149 144 143
f 149 58 144
f 149 143 148
f 149 147 145
f 149 145 58
f 149 148 147
f 60 59 143
f 150 60 143
f 153 151 29
f 153 152 151
f 153 28 152
f 153 29 28
f 151 30 29
f 154 30 151
f 157 23 22
f 157 158 23
f 157 159 158
f 160 155 23
f 160 23 158
f 160 158 159
f 161 156 155
f 161 22 156
f 161 155 160
f 161 159 157
f 161 157 22
f 161 160 159
f 162 24 23
f 162 23 155
f 165 33 32
f 165 166 33
f 165 167 166
f 168 163 33
f 168 33 166
f 168 166 167
f 169 164 163
f 169 32 164
f 169 163 168
f 169 167 165
f 169 165 32
f 169 168 167
f 34 33 163
f 170 34 163
f 173 39 38
f 173 174 39
f 173 175 174
f 176 172 171
f 176 171 39
f 176 39 174
f 176 174 175
f 177 38 172
f 177 175 173
f 177 172 176
f 177 173 38
f 177 176 175
f 172 37 178
f 172 38 37
f 180 179 31
f 180 154 179
f 180 30 154
f 180 31 30
f 164 31 179
f 164 32 31
f 182 181 35
f 182 170 181
f 182 34 170
f 182 35 34
f 183 36 35
f 183 35 181
f 184 178 37
f 184 183 178
f 184 36 183
f 184 37 36
f 187 185 41
f 187 186 185
f 187 40 186
f 187 41 40
f 185 42 41
f 188 42 185
f 190 189 43
f 190 188 189
f 190 42 188
f 190 43 42
f 44 43 189
f 191 44 189
f 194 192 95
f 194 193 192
f 194 94 193
f 194 95 94
f 192 96 95
f 195 96 192
f 197 196 97
f 197 195 196
f 197 96 195
f 197 97 96
f 199 98 97
f 199 99 98
f 199 97 196
f 198 99 199
f 202 200 119
f 202 201 200
f 202 118 201
f 202 119 118
f 204 120 119
f 204 119 200
f 203 77 120
f 203 120 204
f 207 205 117
f 207 206 205
f 207 116 206
f 207 117 116
f 201 117 205
f 201 118 117
f 209 208 45
f 209 191 208
f 209 44 191
f 209 45 44
f 210 46 45
f 210 45 208
f 212 211 47
f 212 210 211
f 212 46 210
f 212 47 46
f 156 47 211
f 156 22 47
f 214 213 25
f 214 162 213
f 214 24 162
f 214 25 24
f 215 26 25
f 215 25 213
f 217 216 27
f 217 215 216
f 217 26 215
f 217 27 26
f 28 27 216
f 152 28 216
f 219 218 53
f 219 125 218
f 219 52 125
f 219 53 52
f 221 220 56
f 221 56 55
f 222 55 54
f 222 221 55
f 218 54 53
f 218 222 54
f 224 223 57
f 224 220 223
f 224 56 220
f 224 57 56
f 58 57 223
f 144 58 223
f 226 225 61
f 226 150 225
f 226 60 150
f 226 61 60
f 225 62 61
f 227 62 225
f 228 62 227
f 228 63 62
f 64 63 228
f 136 64 228
f 230 229 67
f 230 142 229
f 230 66 142
f 230 67 66
f 231 68 67
f 231 67 229
f 233 232 69
f 233 231 232
f 233 68 231
f 233 69 68
f 134 69 232
f 134 70 69
f 235 234 11
f 235 11 10
f 235 21 236
f 235 10 21
f 237 236 21
f 237 21 20
f 239 238 15
f 239 15 14
f 240 16 15
f 240 15 238
f 240 241 17
f 240 17 16
f 242 113 112
f 243 114 113
f 243 113 242
f 244 115 114
f 244 114 243
f 245 115 244
f 206 116 115
f 206 115 245
f 248 109 249
f 248 110 109
f 247 111 110
f 247 110 248
f 246 112 111
f 246 111 247
f 242 112 246
f 250 107 251
f 250 108 107
f 249 109 108
f 249 108 250
f 253 106 105
f 252 107 106
f 252 106 253
f 251 107 252
f 253 104 254
f 253 105 104
f 254 103 255
f 254 104 103
f 255 102 256
f 255 103 102
f 257 100 258
f 257 101 100
f 256 102 101
f 256 101 257
f 258 99 198
f 258 100 99
f 260 91 259
f 260 92 91
f 261 93 92
f 261 94 93
f 261 92 260
f 193 94 261
f 262 89 263
f 262 90 89
f 259 91 90
f 259 90 262
f 266 85 267
f 266 86 85
f 265 87 86
f 265 88 87
f 265 86 266
f 264 89 88
f 264 88 265
f 263 89 264
f 268 83 269
f 268 84 83
f 267 85 84
f 267 84 268
f 271 82 81
f 270 83 82
f 270 82 271
f 269 83 270
f 271 80 272
f 271 81 80
f 274 79 78
f 273 80 79
f 273 79 274
f 272 80 273
f 274 77 203
f 274 78 77
f 127 48 3
f 127 3 1
f 40 39 171
f 186 40 171
f 18 17 241
f 275 18 241
f 276 19 18
f 276 18 275
f 20 19 276
f 237 20 276
f 277 12 11
f 277 11 234
f 278 13 12
f 278 12 277
f 239 14 13
f 239 13 278
f 192 193 261
f 199 196 195
f 199 195 192
f 199 261 260
f 199 192 261
f 198 260 259
f 198 199 260
f 258 259 262
f 258 262 263
f 258 263 264
f 258 198 259
f 265 258 264
f 266 257 258
f 266 258 265
f 267 257 266
f 272 252 253
f 272 253 254
f 272 254 255
f 273 250 251
f 273 251 252
f 273 252 272
f 249 250 273
f 268 256 257
f 268 257 267
f 271 255 256
f 271 272 255
f 269 256 268
f 270 271 256
f 270 256 269
f 274 249 273
f 248 249 274
f 247 248 274
f 247 274 203
f 246 247 203
f 201 204 200
f 242 246 203
f 243 242 203
f 243 203 204
f 244 243 204
f 245 244 204
f 205 245 204
f 205 204 201
f 206 245 205
f 186 189 188
f 186 188 185
f 170 178 183
f 170 183 181
f 171 189 186
f 152 179 154
f 152 154 151
f 156 172 178
f 155 178 170
f 155 156 178
f 163 155 170
f 191 171 172
f 191 189 171
f 164 179 152
f 211 210 208
f 211 208 191
f 211 191 172
f 211 172 156
f 162 163 164
f 162 155 163
f 216 215 213
f 216 213 162
f 216 164 152
f 216 162 164
f 126 122 123
f 127 122 126
f 130 121 128
f 132 130 131
f 134 132 133
f 134 121 130
f 134 130 132
f 125 122 144
f 222 218 125
f 136 121 134
f 135 136 134
f 221 222 125
f 223 220 221
f 223 125 144
f 223 221 125
f 228 1 2
f 228 150 1
f 227 225 150
f 227 150 228
f 232 142 135
f 232 135 134
f 231 229 142
f 231 142 232
f 127 1 143
f 2 121 136
f 136 228 2
f 150 143 1
f 143 144 127
f 127 144 122
f 282 291 281
f 282 292 291
f 283 293 292
f 283 292 282
f 284 294 293
f 284 293 283
f 285 295 294
f 285 294 284
f 286 296 295
f 286 295 285
f 287 297 296
f 287 296 286
f 288 298 297
f 288 297 287
f 289 299 298
f 289 298 288
f 290 300 299
f 290 299 289
f 280 279 300
f 280 300 290
f 281 302 301
f 281 291 302
f 304 279 280
f 304 303 279
f 280 308 304
f 280 309 308
f 280 305 309
f 288 290 289
f 281 306 305
f 281 307 306
f 281 301 307
f 281 305 280
f 285 287 286
f 283 282 281
f 283 288 287
f 283 280 290
f 283 290 288
f 283 281 280
f 284 283 287
f 284 287 285
f 313 322 312
f 313 323 322
f 314 324 323
f 314 323 313
f 315 325 324
f 315 324 314
f 316 326 325
f 316 325 315
f 317 327 326
f 317 326 316
f 318 328 327
f 318 327 317
f 319 329 328
f 319 328 318
f 320 330 329
f 320 329 319
f 321 331 330
f 321 330 320
f 311 310 331
f 311 331 321
f 312 333 332
f 312 322 333
f 335 310 311
f 335 334 310
f 312 332 337
f 314 313 312
f 311 336 335
f 311 337 336
f 311 312 337
f 317 315 314
f 317 316 315
f 319 318 317
f 320 311 321
f 320 312 311
f 320 314 312
f 320 317 314
f 320 319 317
f 341 350 340
f 341 351 350
f 342 352 351
f 342 351 341
f 343 353 352
f 343 352 342
f 344 354 353
f 344 353 343
f 345 355 354
f 345 354 344
f 346 356 355
f 346 355 345
f 347 357 356
f 347 356 346
f 348 358 357
f 348 357 347
f 349 359 358
f 349 358 348
f 339 338 359
f 339 359 349
f 340 361 360
f 340 350 361
f 363 338 339
f 363 362 338
f 341 343 342
f 341 344 343
f 341 345 344
f 341 346 345
f 341 347 346
f 341 348 347
f 341 349 348
f 341 339 349
f 340 339 341
f 364 363 339
f 365 339 340
f 365 364 339
f 360 365 340
f 369 378 368
f 369 379 378
f 370 380 379
f 370 379 369
f 371 381 380
f 371 380 370
f 372 382 381
f 372 381 371
f 373 383 382
f 373 382 372
f 374 384 383
f 374 383 373
f 375 385 384
f 375 384 374
f 376 386 385
f 376 385 375
f 377 387 386
f 377 386 376
f 367 366 387
f 367 387 377
f 368 389 388
f 368 378 389
f 391 366 367
f 391 390 366
f 374 373 372
f 377 371 370
f 377 372 371
f 377 375 374
f 377 376 375
f 377 374 372
f 367 369 368
f 367 370 369
f 367 377 370
f 393 368 388
f 392 367 368
f 392 368 393
f 391 367 392
f 397 406 396
f 397 407 406
f 398 408 407
f 398 407 397
f 399 409 408
f 399 408 398
f 400 410 409
f 400 409 399
f 401 411 410
f 401 410 400
f 402 412 411
f 402 411 401
f 403 413 412
f 403 412 402
f 404 414 413
f 404 413 403
f 405 415 414
f 405 414 404
f 395 394 415
f 395 415 405
f 406 417 416
f 396 406 416
f 419 394 395
f 419 418 394
f 395 403 402
f 395 404 403
f 395 405 404
f 401 395 402
f 397 399 398
f 397 400 399
f 397 401 400
f 397 395 401
f 396 395 397
f 420 419 395
f 420 395 396
f 421 420 396
f 416 421 396
f 425 434 424
f 425 435 434
f 426 436 435
f 426 435 425
f 427 437 436
f 427 436 426
f 428 438 437
f 428 437 427
f 429 439 438
f 429 438 428
f 430 440 439
f 430 439 429
f 431 441 440
f 431 440 430
f 432 442 441
f 432 441 431
f 433 443 442
f 433 442 432
f 423 422 443
f 423 443 433
f 424 445 444
f 424 434 445
f 447 422 423
f 447 446 422
f 424 444 449
f 423 448 447
f 423 449 448
f 423 424 449
f 432 423 433
f 431 425 424
f 431 426 425
f 431 427 426
f 431 428 427
f 431 429 428
f 431 430 429
f 431 424 423
f 431 423 432
f 454 464 463
f 456 458 457
f 456 459 458
f 456 460 459
f 456 461 460
f 456 462 461
f 456 463 462
f 456 454 463
f 455 454 456
f 451 450 454
f 451 454 455
f 452 451 455
f 453 452 455
f 455 466 465
f 455 465 453
f 456 466 455
f 456 468 466
f 457 469 468
f 457 468 456
f 458 470 469
f 458 469 457
f 459 471 470
f 459 470 458
f 460 472 471
f 460 471 459
f 461 473 472
f 461 472 460
f 462 474 473
f 462 473 461
f 463 475 474
f 463 474 462
f 464 476 475
f 464 475 463
f 454 467 476
f 454 476 464
f 450 467 454
f 450 477 467
f 480 479 478
f 480 478 481
f 484 483 482
f 484 482 485
f 488 487 486
f 488 486 489
f 492 491 490
f 492 490 493
f 496 495 494
f 496 494 497
f 499 498 501
f 500 499 501
f 503 504 502
f 503 505 504
f 507 508 506
f 507 509 508
f 511 512 510
f 511 513 512
f 515 516 514
f 515 517 516
f 519 520 518
f 519 521 520
f 524 523 522
f 524 522 525
f 527 528 526
f 527 529 528
f 531 532 530
f 531 533 532
f 535 536 534
f 535 537 536
f 540 539 538
f 540 538 541
f 543 544 542
f 543 545 544
f 548 547 546
f 548 546 549
f 550 495 496
f 550 551 495
f 552 555 557
f 553 557 556
f 553 552 557
f 554 553 556
f 501 556 500
f 501 554 556
f 525 565 524
f 525 566 565
f 560 563 562
f 560 564 563
f 560 562 566
f 560 566 525
f 559 561 564
f 559 564 560
f 558 561 559
f 526 574 527
f 569 572 571
f 569 575 574
f 569 571 575
f 569 574 526
f 568 573 572
f 568 572 569
f 567 570 573
f 567 573 568
f 530 583 531
f 530 584 583
f 530 580 584
f 578 581 580
f 578 580 530
f 577 582 581
f 577 581 578
f 576 579 582
f 576 582 577
f 534 592 535
f 534 593 592
f 534 589 593
f 587 590 589
f 587 589 534
f 586 591 590
f 586 590 587
f 585 588 591
f 585 591 586
f 541 601 540
f 541 602 601
f 596 599 598
f 596 598 602
f 596 602 541
f 595 600 599
f 595 597 600
f 595 599 596
f 594 597 595
f 611 608 607
f 611 609 608
f 611 610 609
f 613 612 611
f 615 614 613
f 615 613 611
f 606 607 548
f 606 611 607
f 606 615 611
f 605 548 549
f 605 606 548
f 604 606 605
f 603 606 604
f 542 623 543
f 618 624 623
f 618 620 624
f 618 623 542
f 617 621 620
f 617 622 621
f 617 620 618
f 616 619 622
f 616 622 617
f 480 481 626
f 627 626 625
f 627 480 626
f 628 625 503
f 628 627 625
f 502 628 503
f 631 630 629
f 631 485 630
f 631 484 485
f 632 629 507
f 632 631 629
f 506 632 507
f 635 489 634
f 635 488 489
f 636 634 633
f 636 635 634
f 510 633 511
f 510 636 633
f 639 493 638
f 639 492 493
f 640 638 637
f 640 639 638
f 514 637 515
f 514 640 637
f 496 641 550
f 496 642 641
f 496 643 642
f 496 645 644
f 496 497 645
f 496 652 643
f 496 653 652
f 518 644 519
f 518 496 644
f 646 651 653
f 646 653 496
f 646 496 518
f 648 647 646
f 648 518 650
f 648 646 518
f 649 648 650
f 646 655 654
f 646 654 651
f 558 656 561
f 558 657 656
f 567 658 570
f 567 659 658
f 576 660 579
f 576 661 660
f 663 662 588
f 585 663 588
f 594 664 597
f 594 665 664
f 616 666 619
f 616 667 666
f 607 547 548
f 607 669 547
f 608 670 669
f 608 669 607
f 609 671 670
f 609 670 608
f 610 672 671
f 610 671 609
f 611 673 672
f 611 672 610
f 612 674 673
f 612 673 611
f 613 675 674
f 613 674 612
f 614 676 675
f 614 675 613
f 615 677 676
f 615 676 614
f 606 668 677
f 606 677 615
f 552 678 555
f 552 679 678
f 647 655 646
f 647 680 655
f 648 681 680
f 648 680 647
f 649 682 681
f 649 681 648
f 650 683 682
f 650 682 649
f 518 520 683
f 518 683 650
f 603 668 606
f 603 684 668
f 688 697 687
f 688 698 697
f 689 699 698
f 689 698 688
f 690 700 699
f 690 699 689
f 691 701 700
f 691 700 690
f 692 702 701
f 692 701 691
f 693 703 702
f 693 702 692
f 694 704 703
f 694 703 693
f 695 705 704
f 695 704 694
f 696 706 705
f 696 705 695
f 686 685 706
f 686 706 696
f 687 708 707
f 687 697 708
f 710 685 686
f 710 709 685
f 686 714 710
f 686 715 714
f 686 711 715
f 694 696 695
f 687 712 711
f 687 713 712
f 687 707 713
f 687 711 686
f 689 688 687
f 689 694 693
f 689 686 696
f 689 687 686
f 689 696 694
f 690 692 691
f 690 693 692
f 690 689 693
f 719 728 718
f 719 729 728
f 720 730 729
f 720 729 719
f 721 731 730
f 721 730 720
f 722 732 731
f 722 731 721
f 723 733 732
f 723 732 722
f 724 734 733
f 724 733 723
f 725 735 734
f 725 734 724
f 726 736 735
f 726 735 725
f 727 737 736
f 727 736 726
f 717 716 737
f 717 737 727
f 718 739 738
f 718 728 739
f 741 716 717
f 741 740 716
f 724 723 722
f 727 721 720
f 727 722 721
f 727 725 724
f 727 726 725
f 727 724 722
f 717 719 718
f 717 720 719
f 717 727 720
f 743 718 738
f 742 717 718
f 742 718 743
f 741 717 742
f 745 766 744
f 765 767 766
f 765 766 745
f 764 768 767
f 764 767 765
f 501 498 769
f 763 769 768
f 763 768 764
f 762 769 763
f 762 501 769
f 761 553 554
f 761 554 501
f 761 501 762
f 770 679 552
f 760 552 553
f 760 553 761
f 759 770 552
f 759 552 760
f 758 771 770
f 758 770 759
f 757 771 758
f 757 772 771
f 756 772 757
f 756 773 772
f 755 773 756
f 755 774 773
f 755 775 774
f 754 775 755
f 754 776 775
f 753 776 754
f 753 777 776
f 481 478 777
f 752 777 753
f 752 481 777
f 751 481 752
f 751 626 481
f 778 505 503
f 750 626 751
f 750 503 625
f 750 625 626
f 749 503 750
f 749 778 503
f 748 778 749
f 748 779 778
f 747 779 748
f 747 780 779
f 746 780 747
f 746 781 780
f 745 781 746
f 745 744 781
f 782 545 543
f 794 624 620
f 795 543 623
f 795 623 624
f 795 624 794
f 796 783 782
f 796 543 795
f 796 782 543
f 360 361 784
f 797 784 783
f 797 783 796
f 798 360 784
f 798 784 797
f 799 364 365
f 799 365 360
f 799 360 798
f 785 362 363
f 800 363 364
f 800 364 799
f 801 785 363
f 801 363 800
f 801 786 785
f 549 546 787
f 802 787 786
f 802 786 801
f 803 549 787
f 803 787 802
f 804 605 549
f 804 549 803
f 788 684 603
f 805 603 604
f 805 604 605
f 805 605 804
f 806 788 603
f 806 603 805
f 332 333 790
f 807 789 788
f 807 788 806
f 808 790 789
f 808 332 790
f 808 789 807
f 809 337 332
f 809 332 808
f 791 334 335
f 810 335 336
f 810 336 337
f 810 337 809
f 811 791 335
f 811 335 810
f 619 666 793
f 812 792 791
f 812 791 811
f 813 793 792
f 813 619 793
f 813 792 812
f 814 621 622
f 814 622 619
f 814 619 813
f 794 620 621
f 794 621 814
f 815 551 550
f 832 550 641
f 832 641 642
f 832 642 643
f 833 550 832
f 833 815 550
f 834 816 815
f 834 817 816
f 834 815 833
f 835 818 817
f 835 817 834
f 836 819 818
f 836 818 835
f 837 820 819
f 837 819 836
f 838 821 820
f 838 820 837
f 839 822 821
f 839 821 838
f 840 823 822
f 840 822 839
f 525 522 824
f 841 823 840
f 841 824 823
f 842 525 824
f 842 824 841
f 825 657 558
f 843 525 842
f 843 559 560
f 843 560 525
f 844 558 559
f 844 559 843
f 845 558 844
f 845 826 825
f 845 825 558
f 846 827 826
f 846 826 845
f 847 828 827
f 847 827 846
f 848 829 828
f 848 828 847
f 849 830 829
f 849 829 848
f 651 654 831
f 850 831 830
f 850 830 849
f 851 651 831
f 851 831 850
f 852 652 653
f 852 653 651
f 852 651 851
f 832 643 652
f 832 652 852
f 853 709 710
f 865 715 711
f 866 710 714
f 866 714 715
f 866 715 865
f 867 854 853
f 867 710 866
f 867 853 710
f 453 465 855
f 868 855 854
f 868 854 867
f 869 453 855
f 869 855 868
f 870 451 452
f 870 452 453
f 870 453 869
f 856 477 450
f 871 451 870
f 871 450 451
f 872 857 856
f 872 856 450
f 872 450 871
f 388 389 858
f 873 857 872
f 873 858 857
f 874 858 873
f 874 388 858
f 875 392 393
f 875 393 388
f 875 388 874
f 859 390 391
f 876 391 392
f 876 392 875
f 877 391 876
f 877 859 391
f 555 678 861
f 878 860 859
f 878 859 877
f 879 861 860
f 879 860 878
f 879 555 861
f 880 557 555
f 880 555 879
f 862 499 500
f 881 500 556
f 881 556 557
f 881 557 880
f 882 862 500
f 882 500 881
f 707 708 864
f 883 863 862
f 883 862 882
f 884 864 863
f 884 707 864
f 884 863 883
f 885 712 713
f 885 713 707
f 885 707 884
f 865 711 712
f 865 712 885
f 886 303 304
f 898 309 305
f 899 304 308
f 899 308 309
f 899 309 898
f 900 887 886
f 900 304 899
f 900 886 304
f 416 417 888
f 901 888 887
f 901 887 900
f 902 416 888
f 902 888 901
f 903 420 421
f 903 421 416
f 903 416 902
f 889 418 419
f 904 420 903
f 904 419 420
f 905 890 889
f 905 889 419
f 905 419 904
f 738 739 891
f 906 890 905
f 906 891 890
f 907 891 906
f 907 738 891
f 908 742 743
f 908 743 738
f 908 738 907
f 892 740 741
f 909 741 742
f 909 742 908
f 910 741 909
f 910 892 741
f 444 445 894
f 911 893 892
f 911 892 910
f 912 894 893
f 912 893 911
f 912 444 894
f 913 449 444
f 913 444 912
f 895 446 447
f 914 447 448
f 914 448 449
f 914 449 913
f 915 895 447
f 915 447 914
f 301 302 897
f 916 896 895
f 916 895 915
f 917 897 896
f 917 301 897
f 917 896 916
f 918 306 307
f 918 307 301
f 918 301 917
f 898 305 306
f 898 306 918
f 945 947 946
f 944 947 945
f 920 949 948
f 920 950 949
f 3153 920 948
f 3154 948 947
f 3154 947 944
f 3154 3153 948
f 3152 920 3153
f 3155 3154 944
f 3151 920 3152
f 3135 3155 944
f 3150 920 3151
f 3136 3135 944
f 3149 920 3150
f 3137 3136 944
f 5505 3144 3143
f 850 3149 3148
f 5506 3143 3142
f 5506 5505 3143
f 851 3148 3147
f 851 850 3148
f 3469 3468 3138
f 3469 3137 944
f 3469 3138 3137
f 5504 3145 3144
f 5504 3144 5505
f 849 3149 850
f 849 920 3149
f 3467 3138 3468
f 3467 3139 3138
f 5507 3142 3141
f 5507 5506 3142
f 852 3147 3146
f 852 851 3147
f 3470 3469 944
f 3466 3139 3467
f 3466 3140 3139
f 5503 3146 3145
f 5503 3145 5504
f 848 920 849
f 5487 3141 3140
f 5487 5507 3141
f 5487 3140 3466
f 832 852 3146
f 832 3146 5503
f 3450 3470 944
f 5502 832 5503
f 3465 5487 3466
f 5488 5487 3465
f 833 832 5502
f 5501 833 5502
f 3464 5488 3465
f 5489 5488 3464
f 834 833 5501
f 5500 834 5501
f 3463 5489 3464
f 5490 5489 3463
f 835 834 5500
f 5499 835 5500
f 3462 5490 3463
f 5491 5490 3462
f 836 835 5499
f 5498 836 5499
f 3461 5491 3462
f 5492 5491 3461
f 837 836 5498
f 5497 837 5498
f 3201 846 845
f 3200 3201 845
f 3200 845 844
f 3202 846 3201
f 3202 847 846
f 3199 3200 844
f 3199 844 843
f 3203 847 3202
f 3203 920 848
f 3203 848 847
f 3198 3199 843
f 3198 843 842
f 3218 3198 842
f 3218 842 841
f 3217 3218 841
f 2922 3459 3458
f 3321 3206 3207
f 3489 5496 5495
f 3699 3453 3452
f 3132 3217 841
f 3132 841 840
f 2923 2922 3458
f 2923 3458 3457
f 3490 3489 5495
f 3490 5495 5494
f 3322 3321 3207
f 3133 840 839
f 3133 3132 840
f 3700 3699 3452
f 2921 3459 2922
f 2921 3460 3459
f 3320 3205 3206
f 3320 3206 3321
f 3488 5496 3489
f 3488 5497 5496
f 3698 3453 3699
f 3698 3454 3453
f 3131 3217 3132
f 3131 3216 3217
f 2924 3457 3456
f 2924 2923 3457
f 3323 3322 3207
f 3323 3207 3208
f 3491 5494 5493
f 3491 3490 5494
f 3701 3700 3452
f 3701 3452 3451
f 3134 839 838
f 3134 3133 839
f 2920 3460 2921
f 2920 3461 3460
f 2920 5492 3461
f 3487 5497 3488
f 3487 837 5497
f 3319 3205 3320
f 3319 3204 3205
f 3697 3455 3454
f 3697 3454 3698
f 3130 3216 3131
f 3130 3215 3216
f 2904 3455 3697
f 2904 3456 3455
f 2904 2924 3456
f 3303 3323 3208
f 3303 3208 3209
f 3471 5492 2920
f 3471 5493 5492
f 3471 3491 5493
f 3681 3450 944
f 3681 3451 3450
f 3681 3701 3451
f 3114 837 3487
f 3114 838 837
f 3114 3134 838
f 2919 3471 2920
f 3696 2904 3697
f 3486 3114 3487
f 3129 3215 3130
f 3129 3214 3215
f 2905 2904 3696
f 3304 3303 3209
f 3304 3209 3210
f 3472 3471 2919
f 3115 3114 3486
f 2918 3472 2919
f 3695 2905 3696
f 3485 3115 3486
f 3128 3214 3129
f 3128 3213 3214
f 2906 2905 3695
f 3473 3472 2918
f 3305 3304 3210
f 3305 3210 3211
f 3116 3115 3485
f 2917 3473 2918
f 3484 3116 3485
f 3694 2906 3695
f 3127 3213 3128
f 3127 3212 3213
f 2907 2906 3694
f 3474 3473 2917
f 3306 3212 3127
f 3306 3211 3212
f 3306 3305 3211
f 3117 3116 3484
f 2916 3474 2917
f 3483 3117 3484
f 3693 2907 3694
f 3126 3306 3127
f 2908 2907 3693
f 3307 3306 3126
f 3475 3474 2916
f 3118 3117 3483
f 2915 3475 2916
f 3482 3118 3483
f 3125 3307 3126
f 3308 3307 3125
f 3476 3475 2915
f 3119 3118 3482
f 3481 3119 3482
f 3264 3314 3313
f 3180 2911 2910
f 3179 2910 2909
f 3179 3180 2910
f 3263 3313 3312
f 3263 3264 3313
f 3181 2912 2911
f 3181 2911 3180
f 3265 3315 3314
f 3265 3314 3264
f 3262 3311 3310
f 3262 3312 3311
f 3262 3263 3312
f 3178 2909 2908
f 3178 3179 2909
f 3182 2912 3181
f 3182 2913 2912
f 3266 3316 3315
f 3266 3315 3265
f 3261 3310 3309
f 3261 3262 3310
f 3177 2908 3693
f 3177 3178 2908
f 3177 3693 3692
f 3267 3316 3266
f 3183 2913 3182
f 3183 2914 2913
f 3281 3309 3308
f 3281 3261 3309
f 3197 3177 3692
f 3197 3692 3691
f 3184 3476 2915
f 3184 2914 3183
f 3184 2915 2914
f 3196 3197 3691
f 3280 3308 3125
f 3280 3125 3124
f 3280 3281 3308
f 3185 3476 3184
f 3185 3477 3476
f 2712 3690 3689
f 3720 3187 3188
f 3510 3123 3122
f 3111 3275 3276
f 3342 3316 3267
f 3342 3317 3316
f 2713 2712 3689
f 2713 3689 3688
f 3511 3510 3122
f 3511 3122 3121
f 3910 3909 3684
f 3910 3684 3683
f 3112 3276 3277
f 3112 3111 3276
f 3721 3720 3188
f 3721 3188 3189
f 3343 3342 3267
f 3343 3267 3268
f 2711 3196 3691
f 2711 3690 2712
f 2711 3195 3196
f 2711 3691 3690
f 3908 3684 3909
f 3908 3685 3684
f 3719 3187 3720
f 3719 3186 3187
f 3509 3123 3510
f 3509 3124 3123
f 3110 3274 3275
f 3110 3275 3111
f 3341 3317 3342
f 3341 3318 3317
f 2714 3688 3687
f 2714 2713 3688
f 3911 3683 3682
f 3911 3910 3683
f 3512 3121 3120
f 3512 3511 3121
f 3722 3721 3189
f 3722 3189 3190
f 3113 3277 3278
f 3113 3112 3277
f 3344 3268 3269
f 3344 3343 3268
f 3508 3280 3124
f 3508 3124 3509
f 3508 3279 3280
f 3718 3186 3719
f 3718 3185 3186
f 2710 3195 2711
f 2710 3194 3195
f 3907 3685 3908
f 3907 3686 3685
f 3109 3274 3110
f 3340 3319 3318
f 3340 3318 3341
f 3340 3204 3319
f 3340 3203 3204
f 3891 3911 3682
f 3891 3682 3681
f 3492 3120 3119
f 3492 3512 3120
f 3492 3119 3481
f 2694 2714 3687
f 2694 3686 3907
f 2694 3687 3686
f 3702 3190 3191
f 3702 3722 3190
f 3093 3278 3279
f 3093 3113 3278
f 3324 3344 3269
f 3324 3269 3270
f 2709 3194 2710
f 3507 3093 3279
f 3507 3279 3508
f 3906 2694 3907
f 3717 3477 3185
f 3717 3185 3718
f 3717 3478 3477
f 3108 3274 3109
f 3108 3273 3274
f 2695 2694 3906
f 3703 3702 3191
f 3703 3191 3192
f 3493 3492 3481
f 3493 3481 3480
f 3094 3093 3507
f 3325 3270 3271
f 3325 3324 3270
f 2708 3193 3194
f 2708 3194 2709
f 3716 3478 3717
f 3506 3094 3507
f 3905 2695 3906
f 3107 3273 3108
f 3107 3272 3273
f 3494 3493 3480
f 2696 2695 3905
f 3704 3192 3193
f 3704 3193 2708
f 3704 3703 3192
f 3326 3325 3271
f 3326 3271 3272
f 3326 3272 3107
f 3095 3094 3506
f 3505 3095 3506
f 2707 3704 2708
f 3904 2696 3905
f 3106 3326 3107
f 2697 2696 3904
f 3705 3704 2707
f 3096 3095 3505
f 3327 3326 3106
f 3504 3096 3505
f 3903 2697 3904
f 2706 3705 2707
f 3105 3327 3106
f 2698 2697 3903
f 3706 3705 2706
f 3097 3096 3504
f 3328 3327 3105
f 3902 2698 3903
f 3503 3097 3504
f 2705 3706 2706
f 3104 3328 3105
f 2699 2698 3902
f 3707 3706 2705
f 3098 3097 3503
f 3329 3328 3104
f 3502 3098 3503
f 2704 3707 2705
f 3103 3329 3104
f 975 3494 3480
f 975 3480 3479
f 974 3479 3478
f 974 975 3479
f 976 3495 3494
f 976 3494 975
f 973 3716 3715
f 973 974 3478
f 973 3478 3716
f 977 3495 976
f 977 3496 3495
f 972 3715 3714
f 972 973 3715
f 978 3496 977
f 978 3497 3496
f 992 3714 3713
f 992 972 3714
f 979 3497 978
f 979 3498 3497
f 991 3713 3712
f 991 992 3713
f 980 3498 979
f 4140 3895 3894
f 2691 3711 3710
f 3930 2703 2702
f 2901 3501 3500
f 3090 3333 3332
f 2481 3900 3899
f 3531 3102 3101
f 3363 3338 3337
f 4141 4140 3894
f 4141 3894 3893
f 2902 2901 3500
f 2902 3500 3499
f 2692 3710 3709
f 2692 2691 3710
f 3931 3930 2702
f 3931 2702 2701
f 3091 3332 3331
f 3091 3090 3332
f 3532 3101 3100
f 3532 3531 3101
f 2482 2481 3899
f 2482 3899 3898
f 3364 3337 3336
f 3364 3363 3337
f 4139 3895 4140
f 3929 2703 3930
f 3929 2704 2703
f 2690 3712 3711
f 2690 3711 2691
f 2900 3501 2901
f 2900 3502 3501
f 3089 3334 3333
f 3089 3333 3090
f 2480 3900 2481
f 2480 3901 3900
f 3530 3103 3102
f 3530 3102 3531
f 3362 3339 3338
f 3362 3338 3363
f 4142 4141 3893
f 4142 3893 3892
f 2693 3709 3708
f 2693 2692 3709
f 3932 2701 2700
f 3932 3931 2701
f 2903 3498 980
f 2903 2902 3499
f 2903 3499 3498
f 3533 3532 3100
f 3533 3100 3099
f 3092 3331 3330
f 3092 3091 3331
f 2483 3898 3897
f 2483 2482 3898
f 3365 3364 3336
f 3365 3336 3335
f 4138 3896 3895
f 4138 3895 4139
f 3928 3707 2704
f 3928 2704 3929
f 2689 991 3712
f 2689 3712 2690
f 2689 990 991
f 2899 3502 2900
f 2899 3098 3502
f 3529 3103 3530
f 3529 3329 3103
f 3088 3334 3089
f 3088 3335 3334
f 2479 3901 2480
f 2479 2699 3902
f 2479 3902 3901
f 3361 3339 3362
f 3361 3340 3339
f 4122 4142 3892
f 4122 3892 3891
f 3912 3932 2700
f 3912 2699 2479
f 3912 2700 2699
f 2883 2903 980
f 2883 980 981
f 2673 3708 3707
f 2673 3707 3928
f 2673 2693 3708
f 3513 3098 2899
f 3513 3533 3099
f 3513 3099 3098
f 3072 3329 3529
f 3072 3092 3330
f 3072 3330 3329
f 2463 2483 3897
f 2463 3896 4138
f 2463 3897 3896
f 3345 3365 3335
f 3345 3335 3088
f 4137 2463 4138
f 3927 2673 3928
f 2898 3513 2899
f 2688 990 2689
f 2688 989 990
f 3087 3345 3088
f 3528 3072 3529
f 2478 3912 2479
f 3913 3912 2478
f 2674 2673 3927
f 2884 981 982
f 2884 2883 981
f 3073 3072 3528
f 3514 3513 2898
f 2464 2463 4137
f 3346 3345 3087
f 3926 2674 3927
f 2897 3514 2898
f 2687 989 2688
f 2687 988 989
f 3086 3346 3087
f 2477 3913 2478
f 3527 3073 3528
f 2675 2674 3926
f 3914 3913 2477
f 2885 2884 982
f 2885 982 983
f 3515 3514 2897
f 3074 3073 3527
f 3347 3346 3086
f 2686 988 2687
f 2686 987 988
f 2896 3515 2897
f 3925 2675 3926
f 3526 3074 3527
f 3085 3347 3086
f 2476 3914 2477
f 3915 3914 2476
f 2676 2675 3925
f 2886 2885 983
f 2886 983 984
f 3516 3515 2896
f 3075 3074 3526
f 3348 3347 3085
f 2895 3516 2896
f 3924 2676 3925
f 2685 987 2686
f 3525 3075 3526
f 3084 3348 3085
f 2475 3915 2476
f 2887 2886 984
f 3916 3915 2475
f 2677 2676 3924
f 3076 3075 3525
f 3517 3516 2895
f 3349 3348 3084
f 3923 2677 3924
f 2894 3517 2895
f 3524 3076 3525
f 3083 3349 3084
f 2474 3916 2475
f 3917 3916 2474
f 2678 2677 3923
f 3077 3076 3524
f 3518 3517 2894
f 3350 3349 3083
f 748 2466 2465
f 3222 3360 3359
f 747 748 2465
f 747 4137 4136
f 747 2465 2464
f 747 2464 4137
f 3221 3222 3359
f 3221 3359 3358
f 2893 3518 2894
f 3082 3350 3083
f 749 2466 748
f 749 2467 2466
f 3223 3360 3222
f 3223 3361 3360
f 746 4136 4135
f 746 747 4136
f 3220 3221 3358
f 3220 3358 3357
f 750 2467 749
f 750 2468 2467
f 3224 3340 3361
f 3224 3361 3223
f 3224 920 3203
f 3224 3203 3340
f 745 4135 4134
f 745 746 4135
f 3219 3356 3355
f 3219 3357 3356
f 3219 3220 3357
f 751 2469 2468
f 751 2468 750
f 765 4134 4133
f 765 745 4134
f 3239 3219 3355
f 3239 3355 3354
f 752 2470 2469
f 752 2469 751
f 764 765 4133
f 764 4133 4132
f 3238 3239 3354
f 3238 3354 3353
f 753 2471 2470
f 753 2470 752
f 763 764 4132
f 763 4132 4131
f 3237 3353 3352
f 3237 3238 3353
f 754 2471 753
f 754 2472 2471
f 762 4131 4130
f 762 763 4131
f 3236 3237 3352
f 761 762 4130
f 4161 754 755
f 4161 2472 754
f 3069 3235 3236
f 3951 2682 2681
f 2670 985 986
f 2880 3522 3521
f 3741 2892 2891
f 2460 3921 3920
f 3552 3081 3080
f 4351 4125 4124
f 4351 4350 4125
f 4162 755 756
f 4162 4161 755
f 3070 3236 3352
f 3070 3069 3236
f 2881 3521 3520
f 2881 2880 3521
f 3952 2681 2680
f 3952 3951 2681
f 2671 2670 986
f 2671 986 987
f 2671 987 2685
f 3742 2891 2890
f 3742 3741 2891
f 2461 3920 3919
f 2461 2460 3920
f 3553 3080 3079
f 3553 3552 3080
f 4349 4126 4125
f 4349 4125 4350
f 4160 2473 2472
f 4160 2472 4161
f 3068 3235 3069
f 3068 3234 3235
f 3950 2683 2682
f 3950 2682 3951
f 2879 3523 3522
f 2879 3522 2880
f 2669 984 985
f 2669 2887 984
f 2669 985 2670
f 2459 3922 3921
f 2459 3921 2460
f 3740 2893 2892
f 3740 2892 3741
f 3551 3082 3081
f 3551 3081 3552
f 4352 4124 4123
f 4352 4351 4124
f 4163 756 757
f 4163 4162 756
f 3071 3352 3351
f 3071 3070 3352
f 3953 2680 2679
f 3953 3952 2680
f 2882 3520 3519
f 2882 2881 3520
f 2672 2671 2685
f 2672 2685 2684
f 3743 3742 2890
f 3743 2890 2889
f 2462 3919 3918
f 2462 2461 3919
f 3554 3079 3078
f 3554 3553 3079
f 4348 4127 4126
f 4348 4128 4127
f 4348 4126 4349
f 4159 2473 4160
f 4159 2474 2473
f 4159 3917 2474
f 3067 3234 3068
f 3067 3233 3234
f 3949 2683 3950
f 3949 2684 2683
f 2668 2887 2669
f 2668 2888 2887
f 3739 3518 2893
f 3739 2893 3740
f 2878 3077 3524
f 2878 3524 3523
f 2878 3523 2879
f 2458 3923 3922
f 2458 2678 3923
f 2458 3922 2459
f 3550 3350 3082
f 3550 3082 3551
f 4332 4123 4122
f 4332 4352 4123
f 4143 757 758
f 4143 4163 757
f 3051 3071 3351
f 3051 3351 3350
f 3051 3350 3550
f 3933 2678 2458
f 3933 2679 2678
f 3933 3953 2679
f 2652 2672 2684
f 2652 2684 3949
f 2862 3519 3518
f 2862 2882 3519
f 2862 3518 3739
f 3723 3743 2889
f 3723 2889 2888
f 3723 2888 2668
f 2442 2462 3918
f 2442 3918 3917
f 2442 3917 4159
f 3534 3077 2878
f 3534 3554 3078
f 3534 3078 3077
f 4347 4128 4348
f 4158 2442 4159
f 3066 3233 3067
f 3066 3232 3233
f 3948 2652 3949
f 2877 3534 2878
f 2667 3723 2668
f 3738 2862 3739
f 2457 3933 2458
f 3549 3051 3550
f 4144 758 759
f 4144 4143 758
f 3052 3051 3549
f 3934 3933 2457
f 2653 2652 3948
f 2863 2862 3738
f 3724 3723 2667
f 2443 2442 4158
f 3535 3534 2877
f 4346 4129 4128
f 4346 4130 4129
f 4346 4128 4347
f 4157 2443 4158
f 3065 3231 3232
f 3065 3232 3066
f 2876 3535 2877
f 3947 2653 3948
f 2666 3724 2667
f 3737 2863 3738
f 2456 3934 2457
f 3548 3052 3549
f 4145 759 760
f 4145 4144 759
f 3053 3052 3548
f 3935 3934 2456
f 2864 2863 3737
f 2654 2653 3947
f 3725 3724 2666
f 2444 2443 4157
f 3536 3535 2876
f 4345 4130 4346
f 4345 761 4130
f 4156 2444 4157
f 3064 3231 3065
f 3064 3230 3231
f 3946 2654 3947
f 2875 3536 2876
f 2665 3725 2666
f 3736 2864 3737
f 2455 3935 2456
f 3547 3053 3548
f 4146 4145 760
f 3936 3935 2455
f 3054 3053 3547
f 2865 2864 3736
f 2655 2654 3946
f 3726 3725 2665
f 2445 2444 4156
f 3537 3536 2875
f 4155 2445 4156
f 3945 2655 3946
f 2874 3537 2875
f 2664 3726 2665
f 3735 2865 3736
f 2454 3936 2455
f 3546 3054 3547
f 3055 3054 3546
f 3937 3936 2454
f 2656 2655 3945
f 3727 3726 2664
f 2866 2865 3735
f 2446 2445 4155
f 3538 3537 2874
f 4154 2446 4155
f 3944 2656 3945
f 2663 3727 2664
f 2873 3538 2874
f 3734 2866 3735
f 2453 3937 2454
f 3545 3055 3546
f 3056 3055 3545
f 3938 3937 2453
f 2657 2656 3944
f 2867 2866 3734
f 3728 3727 2663
f 2447 2446 4154
f 3539 3538 2873
f 4153 2447 4154
f 3943 2657 3944
f 2662 3728 2663
f 2872 3539 2873
f 2452 3938 2453
f 4371 760 761
f 4371 4146 760
f 3048 3229 3230
f 2859 3543 3542
f 2061 4341 4340
f 2649 3732 3731
f 3972 2661 2660
f 3384 3226 3227
f 2439 3942 3941
f 2271 4152 4151
f 3573 3060 3059
f 3762 2871 2870
f 4372 4371 761
f 4372 4345 4344
f 4372 761 4345
f 4582 4335 4334
f 4582 4581 4335
f 3049 3064 3063
f 3049 3048 3230
f 3049 3230 3064
f 2860 2859 3542
f 2860 3542 3541
f 2062 4340 4339
f 2062 2061 4340
f 2650 3731 3730
f 2650 2649 3731
f 2272 4151 4150
f 2272 2271 4151
f 3973 2660 2659
f 3973 3972 2660
f 3385 3384 3227
f 3385 3227 3228
f 2440 2439 3941
f 2440 3941 3940
f 3763 2870 2869
f 3763 3762 2870
f 3574 3573 3059
f 3574 3059 3058
f 4580 4336 4335
f 4580 4337 4336
f 4580 4335 4581
f 4370 4146 4371
f 4370 4147 4146
f 3047 3229 3048
f 3047 3228 3229
f 2858 3544 3543
f 2858 3543 2859
f 3971 2661 3972
f 3971 2662 2661
f 2060 4341 2061
f 2060 4342 4341
f 2648 3732 2649
f 2648 3733 3732
f 2270 4153 4152
f 2270 4152 2271
f 2438 3943 3942
f 2438 3942 2439
f 3572 3061 3060
f 3572 3060 3573
f 3383 3226 3384
f 3383 3225 3226
f 3761 2872 2871
f 3761 2871 3762
f 4373 4344 4343
f 4373 4372 4344
f 4583 4333 4332
f 4583 4334 4333
f 4583 4582 4334
f 3050 3063 3062
f 3050 3049 3063
f 2861 3541 3540
f 2861 2860 3541
f 2063 2062 4339
f 2063 4339 4338
f 3974 3973 2659
f 3974 2659 2658
f 2651 3730 3729
f 2651 2650 3730
f 2273 4150 4149
f 2273 2272 4150
f 2441 3940 3939
f 2441 2440 3940
f 3386 3385 3228
f 3386 3228 3047
f 3575 3058 3057
f 3575 3574 3058
f 3764 2869 2868
f 3764 3763 2869
f 4579 4337 4580
f 4369 4148 4147
f 4369 4147 4370
f 3046 3386 3047
f 2857 3544 2858
f 2857 3545 3544
f 2857 3056 3545
f 2059 4342 2060
f 2059 4343 4342
f 3970 3728 2662
f 3970 2662 3971
f 2647 3733 2648
f 2647 3734 3733
f 2647 2867 3734
f 2437 2657 3943
f 2437 3943 2438
f 2269 2448 2447
f 2269 4153 2270
f 2269 2447 4153
f 3382 3225 3383
f 3382 3224 3225
f 3760 2872 3761
f 3760 3539 2872
f 3571 3062 3061
f 3571 3061 3572
f 4353 4343 2059
f 4353 4373 4343
f 4563 4583 4332
f 3030 3050 3062
f 3030 3062 3571
f 2841 3540 3539
f 2841 2861 3540
f 2841 3539 3760
f 2043 4337 4579
f 2043 4338 4337
f 2043 2063 4338
f 3954 2658 2657
f 3954 3974 2658
f 3954 2657 2437
f 2631 3729 3728
f 2631 2651 3729
f 2631 3728 3970
f 2253 4148 4369
f 2253 4149 4148
f 2253 2273 4149
f 2421 3939 3938
f 2421 3938 2452
f 2421 2441 3939
f 3366 3386 3046
f 3555 3057 3056
f 3555 3575 3057
f 3555 3056 2857
f 3744 3764 2868
f 3744 2868 2867
f 3744 2867 2647
f 4368 2253 4369
f 4578 2043 4579
f 3045 3366 3046
f 2856 3555 2857
f 2058 4353 2059
f 2646 3744 2647
f 3969 2631 3970
f 2268 2448 2269
f 2436 3954 2437
f 3759 2841 3760
f 3570 3030 3571
f 4354 4353 2058
f 3031 3030 3570
f 2842 2841 3759
f 2632 2631 3969
f 2044 2043 4578
f 3955 3954 2436
f 3367 3366 3045
f 2422 2421 2452
f 2254 2253 4368
f 3556 3555 2856
f 3745 3744 2646
f 4577 2044 4578
f 4367 2254 4368
f 3044 3367 3045
f 2855 3556 2856
f 2057 4354 2058
f 2645 3745 2646
f 3968 2632 3969
f 2435 3955 2436
f 3758 2842 3759
f 3569 3031 3570
f 4355 4354 2057
f 2843 2842 3758
f 3032 3031 3569
f 2045 2044 4577
f 2255 2254 4367
f 3956 3955 2435
f 2633 2632 3968
f 3368 3367 3044
f 3746 3745 2645
f 3557 3556 2855
f 4576 2045 4577
f 4366 2255 4367
f 3043 3368 3044
f 2854 3557 2855
f 2056 4355 2057
f 3967 2633 3968
f 2644 3746 2645
f 2434 3956 2435
f 3757 2843 3758
f 3568 3032 3569
f 5469 2451 2450
f 5468 2450 2449
f 5468 5469 2450
f 4356 4355 2056
f 3033 3032 3568
f 2844 2843 3757
f 2046 2045 4576
f 2634 2633 3967
f 3957 3956 2434
f 2256 2255 4366
f 3369 3368 3043
f 3558 3557 2854
f 3747 3746 2644
f 5470 2452 2451
f 5470 2451 5469
f 5467 2449 2448
f 5467 5468 2449
f 5467 2448 2268
f 5471 2452 5470
f 5471 2422 2452
f 5471 2423 2422
f 4575 2046 4576
f 4365 2256 4366
f 3042 3369 3043
f 2853 3558 2854
f 2055 4356 2056
f 2643 3747 2644
f 3966 2634 3967
f 2433 3957 2434
f 3567 3033 3568
f 3756 2844 3757
f 5466 5467 2268
f 5466 2268 2267
f 4357 4356 2055
f 3034 3033 3567
f 2845 2844 3756
f 3958 3957 2433
f 2047 2046 4575
f 2257 2256 4365
f 2635 2634 3966
f 3748 3747 2643
f 3559 3558 2853
f 3370 3369 3042
f 5472 2423 5471
f 5472 2424 2423
f 4574 2047 4575
f 4364 2257 4365
f 3041 3370 3042
f 2852 3559 2853
f 2054 4357 2055
f 2642 3748 2643
f 3965 2635 3966
f 2432 3958 2433
f 3755 2845 3756
f 3566 3034 3567
f 5486 2267 2266
f 5486 5466 2267
f 4358 4357 2054
f 3035 3034 3566
f 2846 2845 3755
f 2048 2047 4574
f 2258 2257 4364
f 3959 3958 2432
f 2636 2635 3965
f 3749 3748 2642
f 3371 3370 3041
f 3560 3559 2852
f 2851 3560 2852
f 2641 3749 2642
f 2431 3959 2432
f 5473 2424 5472
f 5473 2425 2424
f 5485 5486 2266
f 5485 2266 2265
f 5474 2425 5473
f 5474 2426 2425
f 5484 2265 2264
f 5484 5485 2265
f 5475 2426 5474
f 5475 2427 2426
f 5483 2264 2263
f 5483 5484 2264
f 4602 2052 2051
f 4392 2262 2261
f 2628 3753 3752
f 2838 3564 3563
f 4182 2430 2429
f 3027 3375 3374
f 1851 4572 4571
f 4812 4567 4566
f 2040 4362 4361
f 2250 5478 5479
f 2418 3963 3962
f 3405 3380 3379
f 3993 2640 2639
f 3594 3039 3038
f 3783 2850 2849
f 4603 2051 2050
f 4603 4602 2051
f 4393 4392 2261
f 4393 2261 2260
f 1852 1851 4571
f 1852 4571 4570
f 4183 4182 2429
f 4183 2429 2428
f 2839 3563 3562
f 2839 2838 3563
f 3028 3027 3374
f 3028 3374 3373
f 4813 4812 4566
f 4813 4566 4565
f 2629 3752 3751
f 2629 2628 3752
f 2041 4361 4360
f 2041 2040 4361
f 3406 3405 3379
f 3406 3379 3378
f 2251 2250 5479
f 2251 5479 5480
f 2419 2418 3962
f 2419 3962 3961
f 3595 3594 3038
f 3595 3038 3037
f 3994 2639 2638
f 3994 3993 2639
f 3784 2849 2848
f 3784 3783 2849
f 4391 2262 4392
f 4391 2263 2262
f 4601 2053 2052
f 4601 2052 4602
f 4181 2430 4182
f 4181 2431 2430
f 2837 3564 2838
f 2837 3565 3564
f 1850 4572 1851
f 1850 4573 4572
f 2627 3754 3753
f 2627 3753 2628
f 4811 4567 4812
f 3026 3375 3027
f 3026 3376 3375
f 2039 4362 2040
f 2039 4363 4362
f 2417 3963 2418
f 2417 3964 3963
f 3404 3380 3405
f 3404 3381 3380
f 2249 5477 5478
f 2249 5478 2250
f 3992 2641 2640
f 3992 2640 3993
f 3593 3040 3039
f 3593 3039 3594
f 3782 2851 2850
f 3782 2850 3783
f 4394 2260 2259
f 4394 4393 2260
f 4604 2050 2049
f 4604 4603 2050
f 4184 4183 2428
f 4184 2428 2427
f 2840 2839 3562
f 2840 3562 3561
f 1853 1852 4570
f 1853 4570 4569
f 4814 4813 4565
f 4814 4565 4564
f 3029 3028 3373
f 3029 3373 3372
f 2630 2629 3751
f 2630 3751 3750
f 2042 4360 4359
f 2042 2041 4360
f 3407 3406 3378
f 3407 3378 3377
f 2252 2251 5480
f 2252 5480 5481
f 2420 3961 3960
f 2420 2419 3961
f 3995 2638 2637
f 3995 3994 2638
f 3596 3595 3037
f 3596 3037 3036
f 3785 2848 2847
f 3785 3784 2848
f 4600 2054 2053
f 4600 2053 4601
f 4600 4358 2054
f 4390 5482 5483
f 4390 5483 2263
f 4390 2263 4391
f 4180 3959 2431
f 4180 2431 4181
f 2836 3035 3566
f 2836 3566 3565
f 2836 3565 2837
f 3025 3377 3376
f 3025 3376 3026
f 1849 2048 4574
f 1849 4574 4573
f 1849 4573 1850
f 2626 2846 3755
f 2626 3755 3754
f 2626 3754 2627
f 4810 4567 4811
f 4810 4568 4567
f 2038 4363 2039
f 2038 2258 4364
f 2038 4364 4363
f 3403 3382 3381
f 3403 3381 3404
f 2248 5477 2249
f 2248 5476 5477
f 3592 3041 3040
f 3592 3371 3041
f 3592 3040 3593
f 2416 2636 3965
f 2416 3965 3964
f 2416 3964 2417
f 3781 3560 2851
f 3781 2851 3782
f 3991 3749 2641
f 3991 2641 3992
f 4584 4604 2049
f 4584 2049 2048
f 4584 2048 1849
f 4374 2259 2258
f 4374 2258 2038
f 4374 4394 2259
f 2820 2840 3561
f 2820 3561 3560
f 2820 3560 3781
f 4164 5475 5476
f 4164 2427 5475
f 4164 4184 2427
f 2610 2630 3750
f 2610 3750 3749
f 2610 3749 3991
f 1833 1853 4569
f 1833 4569 4568
f 1833 4568 4810
f 3009 3029 3372
f 3009 3371 3592
f 3009 3372 3371
f 4794 4814 4564
f 4794 4564 4563
f 2022 4358 4600
f 2022 4359 4358
f 2022 2042 4359
f 3387 3407 3377
f 3387 3377 3025
f 2232 2252 5481
f 2232 5481 5482
f 2400 3960 3959
f 2400 2420 3960
f 2400 3959 4180
f 3975 2637 2636
f 3975 3995 2637
f 3975 2636 2416
f 3765 2847 2846
f 3765 2846 2626
f 3765 3785 2847
f 3576 3596 3036
f 3576 3035 2836
f 3576 3036 3035
f 4389 2232 5482
f 4389 5482 4390
f 4599 2022 4600
f 2835 3576 2836
f 1848 4584 1849
f 4179 2400 4180
f 2625 3765 2626
f 3024 3387 3025
f 4809 1833 4810
f 2037 4374 2038
f 2247 5476 2248
f 2247 4164 5476
f 3591 3009 3592
f 2415 3975 2416
f 3990 2610 3991
f 3780 2820 3781
f 4585 4584 1848
f 4375 4374 2037
f 2821 2820 3780
f 4165 4164 2247
f 3010 3009 3591
f 2611 2610 3990
f 1834 1833 4809
f 2023 2022 4599
f 3388 3387 3024
f 2233 2232 4389
f 2401 2400 4179
f 3577 3576 2835
f 3976 3975 2415
f 3766 3765 2625
f 4598 2023 4599
f 4388 2233 4389
f 2834 3577 2835
f 1847 4585 1848
f 4178 2401 4179
f 2624 3766 2625
f 3023 3388 3024
f 4808 1834 4809
f 2036 4375 2037
f 2246 4165 2247
f 3989 2611 3990
f 2414 3976 2415
f 3590 3010 3591
f 3779 2821 3780
f 4586 4585 1847
f 4376 4375 2036
f 1835 1834 4808
f 4166 4165 2246
f 2822 2821 3779
f 2612 2611 3989
f 3011 3010 3590
f 2024 2023 4598
f 3389 3388 3023
f 2234 2233 4388
f 2402 2401 4178
f 3977 3976 2414
f 3767 3766 2624
f 3578 3577 2834
f 4597 2024 4598
f 4387 2234 4388
f 4177 2402 4178
f 3022 3389 3023
f 2623 3767 2624
f 2833 3578 2834
f 1846 4586 1847
f 4807 1835 4808
f 2035 4376 2036
f 2245 4166 2246
f 3988 2612 3989
f 2413 3977 2414
f 3589 3011 3590
f 3778 2822 3779
f 4587 4586 1846
f 4377 4376 2035
f 2823 2822 3778
f 4167 4166 2245
f 1836 1835 4807
f 3012 3011 3589
f 2613 2612 3988
f 2025 2024 4597
f 3390 3389 3022
f 2235 2234 4387
f 2403 2402 4177
f 3768 3767 2623
f 3579 3578 2833
f 3978 3977 2413
f 4596 2025 4597
f 4386 2235 4387
f 2832 3579 2833
f 4176 2403 4177
f 4806 1836 4807
f 3021 3390 3022
f 2622 3768 2623
f 1845 4587 1846
f 2034 4377 2035
f 2412 3978 2413
f 2244 4167 2245
f 3987 2613 3988
f 3588 3012 3589
f 3777 2823 3778
f 4588 4587 1845
f 4168 4167 2244
f 4378 4377 2034
f 2824 2823 3777
f 1837 1836 4806
f 2614 2613 3987
f 3013 3012 3588
f 2026 2025 4596
f 3391 3390 3021
f 2236 2235 4386
f 3580 3579 2832
f 2404 2403 4176
f 3979 3978 2412
f 3769 3768 2622
f 4595 2026 4596
f 4385 2236 4386
f 4175 2404 4176
f 2621 3769 2622
f 1844 4588 1845
f 2831 3580 2832
f 3020 3391 3021
f 4805 1837 4806
f 2033 4378 2034
f 2243 4168 2244
f 3986 2614 3987
f 2411 3979 2412
f 3587 3013 3588
f 3776 2824 3777
f 4589 4588 1844
f 4379 4378 2033
f 1838 1837 4805
f 2825 2824 3776
f 2615 2614 3986
f 4169 4168 2243
f 3014 3013 3587
f 2027 2026 4595
f 2237 2236 4385
f 3392 3391 3020
f 2405 2404 4175
f 3581 3580 2831
f 3770 3769 2621
f 3980 3979 2411
f 4384 2237 4385
f 2620 3770 2621
f 3019 3392 3020
f 2032 4379 2033
f 2242 4169 2243
f 3775 2825 3776
f 4623 2031 2030
f 4413 2241 2240
f 2607 3774 3773
f 1620 4803 4802
f 4833 1842 1841
f 2817 3585 3584
f 2397 3984 3983
f 5043 4797 4796
f 1830 4593 4592
f 2019 4383 4382
f 4203 2409 2408
f 3426 3401 3400
f 2229 4173 4172
f 3006 3396 3395
f 3615 3018 3017
f 3804 2829 2828
f 4014 2619 2618
f 4624 2030 2029
f 4624 4623 2030
f 4414 2240 2239
f 4414 4413 2240
f 2818 2817 3584
f 2818 3584 3583
f 1621 1620 4802
f 1621 4802 4801
f 1831 1830 4592
f 1831 4592 4591
f 2608 3773 3772
f 2608 2607 3773
f 4834 1841 1840
f 4834 4833 1841
f 5044 5043 4796
f 2020 2019 4382
f 2020 4382 4381
f 2398 2397 3983
f 2398 3983 3982
f 3427 3426 3400
f 3427 3400 3399
f 3007 3006 3395
f 3007 3395 3394
f 4204 4203 2408
f 4204 2408 2407
f 3616 3615 3017
f 3616 3017 3016
f 3805 3804 2828
f 3805 2828 2827
f 2230 2229 4172
f 2230 4172 4171
f 4015 4014 2618
f 4015 2618 2617
f 4622 2032 2031
f 4622 2031 4623
f 4412 2242 2241
f 4412 2241 4413
f 2606 3775 3774
f 2606 3774 2607
f 4832 1843 1842
f 4832 1842 4833
f 1619 4803 1620
f 1619 4804 4803
f 4202 2409 4203
f 4202 2410 2409
f 5042 4797 5043
f 5042 4798 4797
f 1829 4593 1830
f 1829 4594 4593
f 2816 3585 2817
f 2816 3586 3585
f 2018 4383 2019
f 2018 4384 4383
f 2396 3984 2397
f 2396 3985 3984
f 3005 3396 3006
f 3005 3397 3396
f 2228 4173 2229
f 2228 4174 4173
f 3614 3018 3615
f 3614 3019 3018
f 3425 3402 3401
f 3425 3401 3426
f 4013 2619 4014
f 4013 2620 2619
f 3803 2829 3804
f 3803 2830 2829
f 4625 4624 2029
f 4625 2029 2028
f 4415 2239 2238
f 4415 4414 2239
f 2609 3772 3771
f 2609 2608 3772
f 1622 1621 4801
f 1622 4801 4800
f 2819 2818 3583
f 2819 3583 3582
f 4835 1840 1839
f 4835 4834 1840
f 1832 1831 4591
f 1832 4591 4590
f 2399 3982 3981
f 2399 2398 3982
f 5045 5044 4796
f 5045 4796 4795
f 2021 4381 4380
f 2021 2020 4381
f 4205 2407 2406
f 4205 4204 2407
f 3008 3007 3394
f 3008 3394 3393
f 2231 4171 4170
f 2231 2230 4171
f 3428 3427 3399
f 3428 3399 3398
f 3617 3016 3015
f 3617 3616 3016
f 3806 2827 2826
f 3806 3805 2827
f 4016 2617 2616
f 4016 4015 2617
f 4621 4379 2032
f 4621 2032 4622
f 4411 2242 4412
f 4411 4169 2242
f 2815 3586 2816
f 2815 3014 3587
f 2815 3587 3586
f 2605 3775 2606
f 2605 2825 3775
f 1828 4594 1829
f 1828 4595 4594
f 1828 2027 4595
f 4831 1844 1843
f 4831 1843 4832
f 4831 4589 1844
f 1618 1838 4805
f 1618 4804 1619
f 1618 4805 4804
f 5041 4798 5042
f 5041 4799 4798
f 4201 2410 4202
f 4201 3980 2411
f 4201 2411 2410
f 2017 4384 2018
f 2017 2237 4384
f 3613 3019 3614
f 3613 3392 3019
f 2395 3985 2396
f 2395 2615 3986
f 2395 3986 3985
f 3004 3397 3005
f 3004 3398 3397
f 3424 3403 3402
f 3424 3402 3425
f 2227 2405 4175
f 2227 4174 2228
f 2227 4175 4174
f 3802 2830 3803
f 3802 3581 2831
f 3802 2831 2830
f 4012 2620 4013
f 4012 3770 2620
f 4605 4625 2028
f 4605 2027 1828
f 4605 2028 2027
f 4395 2238 2237
f 4395 2237 2017
f 4395 4415 2238
f 2589 3770 4012
f 2589 2609 3771
f 2589 3771 3770
f 1602 4799 5041
f 1602 1622 4800
f 1602 4800 4799
f 2799 2819 3582
f 2799 3582 3581
f 2799 3581 3802
f 4815 1838 1618
f 4815 1839 1838
f 4815 4835 1839
f 5025 5045 4795
f 5025 4795 4794
f 1812 1832 4590
f 1812 4589 4831
f 1812 4590 4589
f 2379 2399 3981
f 2379 3981 3980
f 2379 3980 4201
f 4185 2405 2227
f 4185 4205 2406
f 4185 2406 2405
f 2001 4379 4621
f 2001 4380 4379
f 2001 2021 4380
f 3597 3617 3015
f 3597 3014 2815
f 3597 3015 3014
f 3408 3398 3004
f 3408 3428 3398
f 2211 4169 4411
f 2211 4170 4169
f 2211 2231 4170
f 2988 3008 3393
f 2988 3392 3613
f 2988 3393 3392
f 3996 2615 2395
f 3996 4016 2616
f 3996 2616 2615
f 3786 3806 2826
f 3786 2825 2605
f 3786 2826 2825
f 4620 2001 4621
f 2814 3597 2815
f 1617 4815 1618
f 2604 3786 2605
f 4410 2211 4411
f 1827 4605 1828
f 4830 1812 4831
f 2394 3996 2395
f 4200 2379 4201
f 5040 1602 5041
f 2016 4395 2017
f 3003 3408 3004
f 2226 4185 2227
f 3612 2988 3613
f 3801 2799 3802
f 4011 2589 4012
f 4606 4605 1827
f 4396 4395 2016
f 2800 2799 3801
f 2590 2589 4011
f 1603 1602 5040
f 4816 4815 1617
f 1813 1812 4830
f 2380 2379 4200
f 4186 4185 2226
f 2002 2001 4620
f 2989 2988 3612
f 3409 3408 3003
f 2212 2211 4410
f 3598 3597 2814
f 3997 3996 2394
f 3787 3786 2604
f 4619 2002 4620
f 2603 3787 2604
f 4409 2212 4410
f 5039 1603 5040
f 1616 4816 1617
f 4829 1813 4830
f 2813 3598 2814
f 1826 4606 1827
f 2393 3997 2394
f 4199 2380 4200
f 2015 4396 2016
f 3002 3409 3003
f 2225 4186 2226
f 3611 2989 3612
f 3800 2800 3801
f 4010 2590 4011
f 4607 4606 1826
f 2591 2590 4010
f 4397 4396 2015
f 1814 1813 4829
f 1604 1603 5039
f 4817 4816 1616
f 2801 2800 3800
f 2381 2380 4199
f 4187 4186 2225
f 2003 2002 4619
f 2990 2989 3611
f 3410 3409 3002
f 2213 2212 4409
f 3599 3598 2813
f 3788 3787 2603
f 3998 3997 2393
f 4618 2003 4619
f 4408 2213 4409
f 2812 3599 2813
f 2602 3788 2603
f 1615 4817 1616
f 4828 1814 4829
f 5038 1604 5039
f 4198 2381 4199
f 1825 4607 1826
f 2014 4397 2015
f 2392 3998 2393
f 3610 2990 3611
f 3001 3410 3002
f 2224 4187 2225
f 4009 2591 4010
f 3799 2801 3800
f 4608 4607 1825
f 4398 4397 2014
f 2592 2591 4009
f 1605 1604 5038
f 4818 4817 1615
f 2802 2801 3799
f 1815 1814 4828
f 4188 4187 2224
f 2991 2990 3610
f 2004 2003 4618
f 3411 3410 3001
f 2382 2381 4198
f 3600 3599 2812
f 2214 2213 4408
f 3789 3788 2602
f 3999 3998 2392
f 4617 2004 4618
f 4407 2214 4408
f 1614 4818 1615
f 2601 3789 2602
f 2811 3600 2812
f 4827 1815 4828
f 5037 1605 5038
f 1824 4608 1825
f 2013 4398 2014
f 3609 2991 3610
f 2391 3999 2392
f 4197 2382 4198
f 3000 3411 3001
f 2223 4188 2224
f 3798 2802 3799
f 4008 2592 4009
f 4609 4608 1824
f 4399 4398 2013
f 1816 1815 4827
f 2803 2802 3798
f 2593 2592 4008
f 1606 1605 5037
f 4819 4818 1614
f 2005 2004 4617
f 2383 2382 4197
f 3412 3411 3000
f 4189 4188 2223
f 2992 2991 3609
f 3601 3600 2811
f 2215 2214 4407
f 4000 3999 2391
f 3790 3789 2601
f 4616 2005 4617
f 4406 2215 4407
f 1823 4609 1824
f 2600 3790 2601
f 2810 3601 2811
f 4826 1816 4827
f 1613 4819 1614
f 2390 4000 2391
f 2012 4399 2013
f 5036 1606 5037
f 4196 2383 4197
f 2999 3412 3000
f 3608 2992 3609
f 2222 4189 2223
f 3797 2803 3798
f 4007 2593 4008
f 4610 4609 1823
f 2594 2593 4007
f 4400 4399 2012
f 1607 1606 5036
f 2804 2803 3797
f 4820 4819 1613
f 1817 1816 4826
f 4190 4189 2222
f 2384 2383 4196
f 2993 2992 3608
f 2006 2005 4616
f 3413 3412 2999
f 3602 3601 2810
f 2216 2215 4406
f 3791 3790 2600
f 4001 4000 2390
f 4405 2216 4406
f 1822 4610 1823
f 2599 3791 2600
f 3796 2804 3797
f 4644 2010 2009
f 2586 3795 3794
f 1389 5034 5033
f 5064 1611 1610
f 1599 4824 4823
f 2376 4005 4004
f 4434 2220 2219
f 4854 1821 1820
f 2208 4194 4193
f 1809 4614 4613
f 1998 4404 4403
f 2796 3606 3605
f 3447 3422 3421
f 4224 2388 2387
f 3636 2997 2996
f 2985 3417 3416
f 3825 2808 2807
f 4035 2598 2597
f 5275 5028 5027
f 5275 5274 5028
f 4645 4644 2009
f 4645 2009 2008
f 1390 1389 5033
f 1390 5033 5032
f 4855 4854 1820
f 4855 1820 1819
f 2587 2586 3794
f 2587 3794 3793
f 1600 4823 4822
f 1600 1599 4823
f 1810 1809 4613
f 1810 4613 4612
f 5065 5064 1610
f 5065 1610 1609
f 1999 1998 4403
f 1999 4403 4402
f 2797 3605 3604
f 2797 2796 3605
f 2209 2208 4193
f 2209 4193 4192
f 2377 2376 4004
f 2377 4004 4003
f 4225 2387 2386
f 4225 4224 2387
f 4435 4434 2219
f 4435 2219 2218
f 3448 3421 3420
f 3448 3447 3421
f 2986 3416 3415
f 2986 2985 3416
f 3637 2996 2995
f 3637 3636 2996
f 3826 2807 2806
f 3826 3825 2807
f 4036 2597 2596
f 4036 4035 2597
f 5273 5029 5028
f 5273 5030 5029
f 5273 5028 5274
f 4643 2011 2010
f 4643 2010 4644
f 1388 5034 1389
f 1388 5035 5034
f 4433 2220 4434
f 4433 2221 2220
f 5063 1611 5064
f 5063 1612 1611
f 4853 1821 4854
f 4853 1822 1821
f 1598 4824 1599
f 1598 4825 4824
f 2375 4005 2376
f 2375 4006 4005
f 2585 3795 2586
f 2585 3796 3795
f 4223 2389 2388
f 4223 2388 4224
f 1808 4615 4614
f 1808 4614 1809
f 2207 4194 2208
f 2207 4195 4194
f 3446 3423 3422
f 3446 3422 3447
f 3635 2997 3636
f 3635 2998 2997
f 2795 3607 3606
f 2795 3606 2796
f 1997 4404 1998
f 1997 4405 4404
f 3824 2809 2808
f 3824 2808 3825
f 2984 3418 3417
f 2984 3417 2985
f 4034 2599 2598
f 4034 2598 4035
f 5276 5027 5026
f 5276 5275 5027
f 4646 2008 2007
f 4646 4645 2008
f 1391 5032 5031
f 1391 1390 5032
f 2588 2587 3793
f 2588 3793 3792
f 5066 1609 1608
f 5066 5065 1609
f 1601 4822 4821
f 1601 1600 4822
f 2378 4003 4002
f 2378 2377 4003
f 4856 4855 1819
f 4856 1819 1818
f 4436 4435 2218
f 4436 2218 2217
f 2210 4192 4191
f 2210 2209 4192
f 1811 1810 4612
f 1811 4612 4611
f 3638 2995 2994
f 3638 3637 2995
f 3449 3420 3419
f 3449 3448 3420
f 4226 2386 2385
f 4226 4225 2386
f 2798 3604 3603
f 2798 2797 3604
f 2000 4402 4401
f 2000 1999 4402
f 2987 2986 3415
f 2987 3415 3414
f 3827 3826 2806
f 3827 2806 2805
f 4037 4036 2596
f 4037 2596 2595
f 5272 5030 5273
f 4642 2011 4643
f 4642 2012 2011
f 4642 4400 2012
f 1597 4826 4825
f 1597 4825 1598
f 1597 1817 4826
f 2584 3796 2585
f 2584 2804 3796
f 1807 4616 4615
f 1807 2006 4616
f 1807 4615 1808
f 1387 5035 1388
f 1387 5036 5035
f 1387 1607 5036
f 4852 4610 1822
f 4852 1822 4853
f 2374 4006 2375
f 2374 2594 4007
f 2374 4007 4006
f 5062 4820 1613
f 5062 1613 1612
f 5062 1612 5063
f 4432 2221 4433
f 4432 4190 2222
f 4432 2222 2221
f 1996 4405 1997
f 1996 2216 4405
f 2206 4195 2207
f 2206 2384 4196
f 2206 4196 4195
f 3823 3602 2810
f 3823 2810 2809
f 3823 2809 3824
f 4222 2389 4223
f 4222 2390 2389
f 4222 4001 2390
f 2983 3418 2984
f 2983 3419 3418
f 3634 3413 2999
f 3634 2999 2998
f 3634 2998 3635
f 3445 3424 3423
f 3445 3423 3446
f 2794 3608 3607
f 2794 3607 2795
f 2794 2993 3608
f 4033 2599 4034
f 4033 3791 2599
f 4626 2006 1807
f 4626 4646 2007
f 4626 2007 2006
f 4836 4856 1818
f 4836 1818 1817
f 4836 1817 1597
f 2568 3791 4033
f 2568 2588 3792
f 2568 3792 3791
f 1371 1391 5031
f 1371 5031 5030
f 1371 5030 5272
f 5046 5066 1608
f 5046 1607 1387
f 5046 1608 1607
f 4416 2216 1996
f 4416 4436 2217
f 4416 2217 2216
f 2190 2210 4191
f 2190 4190 4432
f 2190 4191 4190
f 1581 1601 4821
f 1581 4821 4820
f 1581 4820 5062
f 2358 4001 4222
f 2358 2378 4002
f 2358 4002 4001
f 1791 4610 4852
f 1791 1811 4611
f 1791 4611 4610
f 4206 2384 2206
f 4206 2385 2384
f 4206 4226 2385
f 3618 2994 2993
f 3618 2993 2794
f 3618 3638 2994
f 3807 2805 2804
f 3807 3827 2805
f 3807 2804 2584
f 3429 3419 2983
f 3429 3449 3419
f 2778 2798 3603
f 2778 3602 3823
f 2778 3603 3602
f 1980 2000 4401
f 1980 4401 4400
f 1980 4400 4642
f 2967 3414 3413
f 2967 3413 3634
f 2967 2987 3414
f 4017 2594 2374
f 4017 2595 2594
f 4017 4037 2595
f 5271 1371 5272
f 4641 1980 4642
f 2583 3807 2584
f 1596 4836 1597
f 1386 5046 1387
f 5061 1581 5062
f 4851 1791 4852
f 2205 4206 2206
f 2373 4017 2374
f 1806 4626 1807
f 4431 2190 4432
f 2793 3618 2794
f 1995 4416 1996
f 2982 3429 2983
f 4221 2358 4222
f 3633 2967 3634
f 3822 2778 3823
f 4032 2568 4033
f 4627 4626 1806
f 1372 1371 5271
f 5047 5046 1386
f 1582 1581 5061
f 2569 2568 4032
f 4837 4836 1596
f 2191 2190 4431
f 2359 2358 4221
f 1792 1791 4851
f 4417 4416 1995
f 3430 3429 2982
f 1981 1980 4641
f 3619 3618 2793
f 4207 4206 2205
f 2779 2778 3822
f 3808 3807 2583
f 2968 2967 3633
f 4018 4017 2373
f 5270 1372 5271
f 4640 1981 4641
f 5060 1582 5061
f 1385 5047 1386
f 1805 4627 1806
f 1595 4837 1596
f 2372 4018 2373
f 2582 3808 2583
f 4430 2191 4431
f 4850 1792 4851
f 1994 4417 1995
f 2204 4207 2205
f 4220 2359 4221
f 2792 3619 2793
f 2981 3430 2982
f 3632 2968 3633
f 3821 2779 3822
f 4031 2569 4032
f 4628 4627 1805
f 5048 5047 1385
f 1373 1372 5270
f 2192 2191 4430
f 1583 1582 5060
f 2360 2359 4220
f 2570 2569 4031
f 1793 1792 4850
f 4838 4837 1595
f 4418 4417 1994
f 4208 4207 2204
f 3431 3430 2981
f 2780 2779 3821
f 3809 3808 2582
f 2969 2968 3632
f 1982 1981 4640
f 3620 3619 2792
f 4019 4018 2372
f 5269 1373 5270
f 4639 1982 4640
f 2581 3809 2582
f 1384 5048 1385
f 4849 1793 4850
f 5059 1583 5060
f 1594 4838 1595
f 2371 4019 2372
f 1804 4628 1805
f 4429 2192 4430
f 2980 3431 2981
f 4219 2360 4220
f 2203 4208 2204
f 2791 3620 2792
f 1993 4418 1994
f 3820 2780 3821
f 3631 2969 3632
f 4030 2570 4031
f 4629 4628 1804
f 1374 1373 5269
f 5049 5048 1384
f 1584 1583 5059
f 2571 2570 4030
f 4839 4838 1594
f 2361 2360 4219
f 1794 1793 4849
f 4419 4418 1993
f 3432 3431 2980
f 2193 2192 4429
f 1983 1982 4639
f 3621 3620 2791
f 4209 4208 2203
f 2781 2780 3820
f 3810 3809 2581
f 2970 2969 3631
f 4020 4019 2371
f 5268 1374 5269
f 4638 1983 4639
f 2580 3810 2581
f 4848 1794 4849
f 5058 1584 5059
f 1593 4839 1594
f 1803 4629 1804
f 4428 2193 4429
f 1383 5049 1384
f 2202 4209 2203
f 2370 4020 2371
f 3819 2781 3820
f 3630 2970 3631
f 4218 2361 4219
f 2790 3621 2791
f 1992 4419 1993
f 2979 3432 2980
f 4029 2571 4030
f 4630 4629 1803
f 4840 4839 1593
f 1585 1584 5058
f 2572 2571 4029
f 5050 5049 1383
f 1795 1794 4848
f 1375 1374 5268
f 2194 2193 4428
f 2362 2361 4218
f 4420 4419 1992
f 4210 4209 2202
f 1984 1983 4638
f 3433 3432 2979
f 3622 3621 2790
f 3811 3810 2580
f 2782 2781 3819
f 2971 2970 3630
f 4021 4020 2370
f 5267 1375 5268
f 4637 1984 4638
f 4847 1795 4848
f 2579 3811 2580
f 1802 4630 1803
f 5057 1585 5058
f 2201 4210 2202
f 1592 4840 1593
f 2369 4021 2370
f 1382 5050 1383
f 4427 2194 4428
f 1991 4420 1992
f 4217 2362 4218
f 3629 2971 3630
f 2789 3622 2790
f 3818 2782 3819
f 2978 3433 2979
f 4028 2572 4029
f 4631 4630 1802
f 5051 5050 1382
f 1586 1585 5057
f 1376 1375 5267
f 2195 2194 4427
f 2363 2362 4217
f 2573 2572 4028
f 4211 4210 2201
f 1796 1795 4847
f 4421 4420 1991
f 4841 4840 1592
f 1985 1984 4637
f 3434 3433 2978
f 2783 2782 3818
f 2972 2971 3629
f 3812 3811 2579
f 3623 3622 2789
f 4022 4021 2369
f 4636 1985 4637
f 1801 4631 1802
f 1381 5051 1382
f 1990 4421 1991
f 3817 2783 3818
f 2977 3434 2978
f 4027 2573 4028
f 943 5026 5025
f 943 5025 4794
f 943 5276 5026
f 943 5257 5256
f 943 5258 5257
f 943 5259 5258
f 943 5260 5259
f 943 5261 5260
f 943 5256 5276
f 941 943 942
f 940 943 941
f 939 943 940
f 936 5261 943
f 936 943 939
f 936 938 937
f 936 939 938
f 936 5262 5261
f 3243 4024 4023
f 3242 3243 4023
f 3242 4023 4022
f 3244 4025 4024
f 3244 4024 3243
f 3241 2369 2368
f 3241 4022 2369
f 3241 3242 4022
f 3245 4026 4025
f 3245 4025 3244
f 3240 3241 2368
f 5295 1380 1379
f 1977 4425 4424
f 5085 1590 1589
f 1368 5055 5054
f 4665 1989 1988
f 4245 2367 2366
f 4455 2199 2198
f 2187 4215 4214
f 1578 4845 4844
f 1788 4635 4634
f 4875 1800 1799
f 3657 2976 2975
f 2565 3816 3815
f 4056 2577 2576
f 2775 3627 3626
f 3846 2787 2786
f 2964 3438 3437
f 5296 5295 1379
f 5296 1379 1378
f 1978 1977 4424
f 1978 4424 4423
f 1789 4634 4633
f 1789 1788 4634
f 1369 1368 5054
f 1369 5054 5053
f 4666 4665 1988
f 4666 1988 1987
f 4876 4875 1799
f 4876 1799 1798
f 4246 2366 2365
f 4246 4245 2366
f 2188 4214 4213
f 2188 2187 4214
f 1579 1578 4844
f 1579 4844 4843
f 4456 4455 2198
f 4456 2198 2197
f 5086 5085 1589
f 5086 1589 1588
f 3658 2975 2974
f 3658 3657 2975
f 2566 3815 3814
f 2566 2565 3815
f 2776 3626 3625
f 2776 2775 3626
f 2965 3437 3436
f 2965 2964 3437
f 3847 2786 2785
f 3847 3846 2786
f 4057 2576 2575
f 4057 4056 2576
f 954 3442 3441
f 5553 5266 5265
f 953 954 3441
f 953 3441 3440
f 5552 5553 5265
f 5552 5265 5264
f 5294 1380 5295
f 5294 1381 1380
f 5084 1590 5085
f 5084 1591 1590
f 1976 4425 1977
f 1976 4426 4425
f 1367 5056 5055
f 1367 5055 1368
f 4664 1989 4665
f 4664 1990 1989
f 2186 4216 4215
f 2186 4215 2187
f 1577 4846 4845
f 1577 4845 1578
f 1787 4636 4635
f 1787 4635 1788
f 4454 2199 4455
f 4454 2200 2199
f 4874 1800 4875
f 4874 1801 1800
f 3656 2976 3657
f 3656 2977 2976
f 4055 2578 2577
f 4055 2577 4056
f 2564 3817 3816
f 2564 3816 2565
f 4244 2368 2367
f 4244 2367 4245
f 3845 2788 2787
f 3845 2787 3846
f 2774 3627 2775
f 2774 3628 3627
f 2963 3438 2964
f 2963 3439 3438
f 5297 1378 1377
f 5297 5296 1378
f 5087 5086 1588
f 5087 1588 1587
f 1979 1978 4423
f 1979 4423 4422
f 4667 4666 1987
f 4667 1987 1986
f 1370 5053 5052
f 1370 1369 5053
f 2189 4213 4212
f 2189 2188 4213
f 1580 4843 4842
f 1580 1579 4843
f 4247 2365 2364
f 4247 4246 2365
f 1790 4633 4632
f 1790 1789 4633
f 4457 4456 2197
f 4457 2197 2196
f 4877 4876 1798
f 4877 1798 1797
f 3659 2974 2973
f 3659 3658 2974
f 4058 2575 2574
f 4058 4057 2575
f 2567 3814 3813
f 2567 2566 3814
f 2966 3436 3435
f 2966 2965 3436
f 3848 3847 2785
f 3848 2785 2784
f 2777 2776 3625
f 2777 3625 3624
f 3246 4027 4026
f 3246 4026 3245
f 955 3442 954
f 955 3443 3442
f 5554 1376 5267
f 5554 5266 5553
f 5554 5267 5266
f 952 953 3440
f 952 3440 3439
f 5551 5552 5264
f 5551 5264 5263
f 5293 5051 1381
f 5293 1381 5294
f 1975 4427 4426
f 1975 4426 1976
f 1975 2195 4427
f 1366 1586 5057
f 1366 5057 5056
f 1366 5056 1367
f 4663 1990 4664
f 4663 4421 1990
f 5083 4841 1592
f 5083 1591 5084
f 5083 1592 1591
f 4873 4631 1801
f 4873 1801 4874
f 1576 4846 1577
f 1576 1796 4847
f 1576 4847 4846
f 1786 1985 4636
f 1786 4636 1787
f 2185 4217 4216
f 2185 4216 2186
f 2185 2363 4217
f 4054 3812 2579
f 4054 2579 2578
f 4054 2578 4055
f 4453 4211 2201
f 4453 2200 4454
f 4453 2201 2200
f 4243 3260 3240
f 4243 2368 4244
f 4243 3240 2368
f 2962 3439 2963
f 2962 952 3439
f 3655 2977 3656
f 3655 3434 2977
f 2563 3817 2564
f 2563 2783 3817
f 2773 3629 3628
f 2773 2972 3629
f 2773 3628 2774
f 3844 2789 2788
f 3844 2788 3845
f 3844 3623 2789
f 5277 5297 1377
f 1959 4422 4421
f 1959 4421 4663
f 1959 1979 4422
f 5067 1587 1586
f 5067 5087 1587
f 5067 1586 1366
f 2169 4212 4211
f 2169 4211 4453
f 2169 2189 4212
f 1560 4842 4841
f 1560 4841 5083
f 1560 1580 4842
f 1350 5052 5051
f 1350 5051 5293
f 1350 1370 5052
f 4437 2195 1975
f 4437 2196 2195
f 4437 4457 2196
f 4647 1986 1985
f 4647 1985 1786
f 4647 4667 1986
f 4857 1797 1796
f 4857 4877 1797
f 4857 1796 1576
f 4227 2363 2185
f 4227 2364 2363
f 4227 4247 2364
f 1770 4632 4631
f 1770 4631 4873
f 1770 1790 4632
f 3828 3848 2784
f 3828 2784 2783
f 3828 2783 2563
f 3639 2973 2972
f 3639 2972 2773
f 3639 3659 2973
f 4038 2574 2573
f 4038 2573 4027
f 4038 4058 2574
f 2547 3813 3812
f 2547 3812 4054
f 2547 2567 3813
f 2757 2777 3624
f 2757 3624 3623
f 2757 3623 3844
f 2946 3434 3655
f 2946 3435 3434
f 2946 2966 3435
f 956 3443 955
f 956 3444 3443
f 5555 1376 5554
f 5555 1377 1376
f 5555 5277 1377
f 951 952 2962
f 5550 5551 5263
f 5550 5263 5262
f 5292 1350 5293
f 5082 1560 5083
f 1974 4437 1975
f 2184 4227 2185
f 1575 4857 1576
f 4242 3260 4243
f 1785 4647 1786
f 1365 5067 1366
f 4662 1959 4663
f 4872 1770 4873
f 2961 951 2962
f 4053 2547 4054
f 3843 2757 3844
f 2562 3828 2563
f 4452 2169 4453
f 2772 3639 2773
f 3654 2946 3655
f 3259 3260 4242
f 1960 1959 4662
f 4648 4647 1785
f 1351 1350 5292
f 5068 5067 1365
f 4228 4227 2184
f 2170 2169 4452
f 1561 1560 5082
f 1771 1770 4872
f 4858 4857 1575
f 2548 2547 4053
f 4438 4437 1974
f 3640 3639 2772
f 2947 2946 3654
f 3829 3828 2562
f 4039 3246 3247
f 4039 4027 3246
f 4039 4038 4027
f 2758 2757 3843
f 5556 5278 5277
f 5556 5277 5555
f 971 951 2961
f 5570 5262 936
f 5570 5550 5262
f 5291 1351 5292
f 1973 4438 1974
f 5081 1561 5082
f 2183 4228 2184
f 4241 3259 4242
f 1784 4648 1785
f 1364 5068 1365
f 4661 1960 4662
f 1574 4858 1575
f 4451 2170 4452
f 4871 1771 4872
f 2960 971 2961
f 3653 2947 3654
f 3842 2758 3843
f 4052 2548 4053
f 2561 3829 2562
f 2771 3640 2772
f 1961 1960 4661
f 5069 5068 1364
f 2171 2170 4451
f 1772 1771 4871
f 1352 1351 5291
f 4649 4648 1784
f 1562 1561 5081
f 4229 4228 2183
f 4439 4438 1973
f 4859 4858 1574
f 3641 3640 2771
f 3830 3829 2561
f 4040 4039 3247
f 4040 3247 3248
f 2549 2548 4052
f 2948 2947 3653
f 2759 2758 3842
f 3258 3259 4241
f 5557 5279 5278
f 5557 5278 5556
f 970 971 2960
f 5569 5570 936
f 5290 1352 5291
f 5080 1562 5081
f 1972 4439 1973
f 1573 4859 1574
f 1363 5069 1364
f 4660 1961 4661
f 4870 1772 4871
f 2959 970 2960
f 2182 4229 2183
f 4240 3258 4241
f 1783 4649 1784
f 4450 2171 4451
f 2770 3641 2771
f 3652 2948 3653
f 3841 2759 3842
f 4051 2549 4052
f 2560 3830 2561
f 5070 5069 1363
f 1353 1352 5290
f 4650 4649 1783
f 1962 1961 4660
f 2172 2171 4450
f 1563 1562 5080
f 4860 4859 1573
f 4440 4439 1972
f 3642 3641 2770
f 4230 4229 2182
f 2550 2549 4051
f 1773 1772 4870
f 3831 3830 2560
f 4041 3248 3249
f 4041 4040 3248
f 2949 2948 3652
f 2760 2759 3841
f 3257 3258 4240
f 5558 5279 5557
f 5558 5280 5279
f 969 970 2959
f 5568 5569 936
f 5289 1353 5290
f 1971 4440 1972
f 5079 1563 5080
f 4659 1962 4660
f 1572 4860 1573
f 4869 1773 4870
f 2181 4230 2182
f 1782 4650 1783
f 1362 5070 1363
f 4449 2172 4450
f 4050 2550 4051
f 4239 3257 4240
f 2559 3831 2560
f 3840 2760 3841
f 3651 2949 3652
f 2769 3642 2770
f 2958 969 2959
f 1963 1962 4659
f 5071 5070 1362
f 1564 1563 5079
f 4651 4650 1782
f 4861 4860 1572
f 2173 2172 4449
f 1774 1773 4869
f 4231 4230 2181
f 1354 1353 5289
f 4441 4440 1971
f 4042 3249 3250
f 4042 4041 3249
f 3832 3831 2559
f 2950 2949 3651
f 3643 3642 2769
f 2551 2550 4050
f 2761 2760 3840
f 3256 3257 4239
f 5559 5280 5558
f 5559 5281 5280
f 968 969 2958
f 5567 5568 936
f 5288 1354 5289
f 5078 1564 5079
f 1970 4441 1971
f 2180 4231 2181
f 1571 4861 1572
f 1781 4651 1782
f 1361 5071 1362
f 4658 1963 4659
f 4868 1774 4869
f 2558 3832 2559
f 4238 3256 4239
f 4448 2173 4449
f 3650 2950 3651
f 4049 2551 4050
f 3839 2761 3840
f 2957 968 2958
f 2768 3643 2769
f 3255 3256 4238
f 5282 5281 5559
f 5072 5071 1361
f 1964 1963 4658
f 2174 2173 4448
f 1565 1564 5078
f 4232 4231 2180
f 1775 1774 4868
f 1355 1354 5288
f 4442 4441 1970
f 4652 4651 1781
f 4862 4861 1571
f 2951 2950 3650
f 3644 3643 2768
f 3833 3832 2558
f 2552 2551 4049
f 2762 2761 3839
f 5560 5282 5559
f 5287 1355 5288
f 1360 5072 1361
f 4237 3255 4238
f 3649 2951 3650
f 4048 2552 4049
f 2767 3644 2768
f 5283 5282 5560
f 967 2957 2956
f 967 968 2957
f 5566 5567 936
f 5561 5283 5560
f 5565 5566 936
f 919 3424 3445
f 919 956 957
f 919 957 958
f 919 958 959
f 919 959 960
f 919 960 961
f 919 3445 3444
f 919 3444 956
f 919 3403 3424
f 922 921 919
f 923 922 919
f 924 923 919
f 926 925 924
f 927 924 919
f 927 926 924
f 5316 1359 1358
f 1956 4446 4445
f 4266 3251 3252
f 1767 4656 4655
f 4686 1968 1967
f 4476 2178 2177
f 1158 5286 5285
f 1557 4866 4865
f 1347 5076 5075
f 2166 4236 4235
f 5106 1569 1568
f 3867 2766 2765
f 2544 3837 3836
f 4077 2556 2555
f 3678 2955 2954
f 2754 3648 3647
f 4896 1779 1778
f 2943 962 963
f 2355 4047 4046
f 5317 1358 1357
f 5317 5316 1358
f 1957 4445 4444
f 1957 1956 4445
f 1768 1767 4655
f 1768 4655 4654
f 4267 3252 3253
f 4267 4266 3252
f 1159 5285 5284
f 1159 1158 5285
f 1558 1557 4865
f 1558 4865 4864
f 1348 5075 5074
f 1348 1347 5075
f 4687 1967 1966
f 4687 4686 1967
f 4477 4476 2177
f 4477 2177 2176
f 5107 5106 1568
f 5107 1568 1567
f 2167 4235 4234
f 2167 2166 4235
f 2755 2754 3647
f 2755 3647 3646
f 2944 2943 963
f 2944 963 964
f 4897 4896 1778
f 4897 1778 1777
f 3679 2954 2953
f 3679 3678 2954
f 3868 2765 2764
f 3868 3867 2765
f 2545 3836 3835
f 2545 2544 3836
f 4078 4077 2555
f 4078 2555 2554
f 2356 4046 4045
f 2356 2355 4046
f 5315 1360 1359
f 5315 1359 5316
f 1955 4447 4446
f 1955 4446 1956
f 1766 4657 4656
f 1766 4656 1767
f 4265 3251 4266
f 4265 4042 3250
f 4265 3250 3251
f 4265 4043 4042
f 4685 1969 1968
f 4685 1968 4686
f 1157 5287 5286
f 1157 5286 1158
f 1556 4866 1557
f 1556 4867 4866
f 4475 2179 2178
f 4475 2178 4476
f 1346 5076 1347
f 1346 5077 5076
f 5105 1569 5106
f 5105 1570 1569
f 2165 4237 4236
f 2165 4236 2166
f 4076 2557 2556
f 4076 2556 4077
f 3677 2956 2955
f 3677 2955 3678
f 3866 2767 2766
f 3866 2766 3867
f 2543 3837 2544
f 2543 3838 3837
f 2753 3648 2754
f 2753 3649 3648
f 4895 1779 4896
f 4895 1780 1779
f 2354 4048 4047
f 2354 4047 2355
f 2942 961 962
f 2942 962 2943
f 5318 1357 1356
f 5318 5317 1357
f 1958 1957 4444
f 1958 4444 4443
f 1160 5283 5561
f 1160 1159 5284
f 1160 5284 5283
f 1769 1768 4654
f 1769 4654 4653
f 4478 2176 2175
f 4478 4477 2176
f 4688 4687 1966
f 4688 1966 1965
f 4268 3253 3254
f 4268 4267 3253
f 1559 1558 4864
f 1559 4864 4863
f 1349 1348 5074
f 1349 5074 5073
f 5108 1567 1566
f 5108 5107 1567
f 2168 4234 4233
f 2168 2167 4234
f 4079 2554 2553
f 4079 4078 2554
f 3680 2953 2952
f 3680 3679 2953
f 3869 3868 2764
f 3869 2764 2763
f 2546 3835 3834
f 2546 2545 3835
f 2756 3646 3645
f 2756 2755 3646
f 2945 964 965
f 2945 2944 964
f 2357 2356 4045
f 2357 4045 4044
f 4898 4897 1777
f 4898 1777 1776
f 5314 1360 5315
f 5314 5072 1360
f 1954 4447 1955
f 1954 4448 4447
f 1954 2174 4448
f 1765 4658 4657
f 1765 4657 1766
f 1765 1964 4658
f 4264 4043 4265
f 1156 5287 1157
f 1156 1355 5287
f 1345 1565 5078
f 1345 5078 5077
f 1345 5077 1346
f 4684 1970 1969
f 4684 4442 1970
f 4684 1969 4685
f 5104 1570 5105
f 5104 4862 1571
f 5104 1571 1570
f 2164 4237 2165
f 2164 3254 3255
f 2164 3255 4237
f 1555 1775 4868
f 1555 4868 4867
f 1555 4867 1556
f 4474 4232 2180
f 4474 2180 2179
f 4474 2179 4475
f 3676 2956 3677
f 3676 966 967
f 3676 967 2956
f 2542 3839 3838
f 2542 2762 3839
f 2542 3838 2543
f 2752 3649 2753
f 2752 2951 3649
f 4075 3833 2558
f 4075 2558 2557
f 4075 2557 4076
f 2941 961 2942
f 2941 927 919
f 2941 919 961
f 4894 4652 1781
f 4894 1781 1780
f 4894 1780 4895
f 3865 3644 2767
f 3865 2767 3866
f 2353 4048 2354
f 2353 2552 4048
f 5298 1356 1355
f 5298 5318 1356
f 5298 1355 1156
f 1749 4653 4652
f 1749 1769 4653
f 1749 4652 4894
f 4668 4688 1965
f 4668 1965 1964
f 4668 1964 1765
f 1140 5561 5562
f 1140 1160 5561
f 4458 2174 1954
f 4458 4478 2175
f 4458 2175 2174
f 4248 4268 3254
f 1938 1958 4443
f 1938 4443 4442
f 1938 4442 4684
f 5088 1566 1565
f 5088 5108 1566
f 5088 1565 1345
f 1539 1559 4863
f 1539 4863 4862
f 1539 4862 5104
f 1329 5073 5072
f 1329 1349 5073
f 1329 5072 5314
f 2148 4233 4232
f 2148 2168 4233
f 2148 4232 4474
f 4059 2553 2552
f 4059 2552 2353
f 4059 4079 2553
f 3660 3680 2952
f 3660 2952 2951
f 3660 2951 2752
f 3849 3869 2763
f 3849 2763 2762
f 3849 2762 2542
f 2526 3833 4075
f 2526 2546 3834
f 2526 3834 3833
f 2736 3644 3865
f 2736 2756 3645
f 2736 3645 3644
f 4878 1775 1555
f 4878 1776 1775
f 4878 4898 1776
f 2337 4044 4043
f 2337 2357 4044
f 2337 4043 4264
f 2925 2945 965
f 2925 965 966
f 5313 1329 5314
f 1764 4668 1765
f 1953 4458 1954
f 4263 2337 4264
f 1554 4878 1555
f 4473 2148 4474
f 4683 1938 4684
f 1155 5298 1156
f 2163 3254 2164
f 2163 4248 3254
f 1344 5088 1345
f 5103 1539 5104
f 4074 2526 4075
f 2751 3660 2752
f 2940 927 2941
f 3675 2925 966
f 3675 966 3676
f 3864 2736 3865
f 2541 3849 2542
f 2352 4059 2353
f 4893 1749 4894
f 5299 5298 1155
f 1750 1749 4893
f 4249 4248 2163
f 1141 1140 5562
f 1141 5562 5563
f 1939 1938 4683
f 1540 1539 5103
f 1330 1329 5313
f 4459 4458 1953
f 4669 4668 1764
f 5089 5088 1344
f 2149 2148 4473
f 3661 3660 2751
f 3850 3849 2541
f 4060 4059 2352
f 2737 2736 3864
f 2926 2925 3675
f 2338 2337 4263
f 2527 2526 4074
f 4879 4878 1554
f 5312 1330 5313
f 1763 4669 1764
f 1154 5299 1155
f 1952 4459 1953
f 4262 2338 4263
f 4472 2149 4473
f 4682 1939 4683
f 5102 1540 5103
f 1553 4879 1554
f 1343 5089 1344
f 2162 4249 2163
f 3863 2737 3864
f 4073 2527 4074
f 2750 3661 2751
f 3674 2926 3675
f 2540 3850 2541
f 2939 927 2940
f 2351 4060 2352
f 4892 1750 4893
f 5300 5299 1154
f 1751 1750 4892
f 1142 5563 5564
f 1142 1141 5563
f 4250 4249 2162
f 4670 4669 1763
f 1940 1939 4682
f 5090 5089 1343
f 4460 4459 1952
f 1331 1330 5312
f 2738 2737 3863
f 2150 2149 4472
f 1541 1540 5102
f 3851 3850 2540
f 4061 4060 2351
f 2528 2527 4073
f 3662 3661 2750
f 2927 2926 3674
f 4880 4879 1553
f 2339 2338 4262
f 5311 1331 5312
f 1153 5300 1154
f 4261 2339 4262
f 1951 4460 1952
f 1762 4670 1763
f 1342 5090 1343
f 4681 1940 4682
f 5101 1541 5102
f 2161 4250 2162
f 1552 4880 1553
f 2749 3662 2750
f 4471 2150 4472
f 3673 2927 3674
f 3862 2738 3863
f 4072 2528 4073
f 2539 3851 2540
f 2938 927 2939
f 4891 1751 4892
f 2350 4061 2351
f 5301 5300 1153
f 1143 5564 5565
f 1143 1142 5564
f 1752 1751 4891
f 4251 4250 2161
f 1941 1940 4681
f 1332 1331 5311
f 4671 4670 1762
f 5091 5090 1342
f 2151 2150 4471
f 1542 1541 5101
f 4461 4460 1951
f 3663 3662 2749
f 3852 3851 2539
f 4062 4061 2350
f 2739 2738 3862
f 2529 2528 4072
f 2340 2339 4261
f 4881 4880 1552
f 2928 2927 3673
f 5310 1332 5311
f 1950 4461 1951
f 1761 4671 1762
f 4260 2340 4261
f 1152 5301 1153
f 1551 4881 1552
f 4680 1941 4681
f 5100 1542 5101
f 2160 4251 2161
f 1341 5091 1342
f 4470 2151 4471
f 4071 2529 4072
f 3672 2928 3673
f 2748 3663 2749
f 2538 3852 2539
f 2349 4062 2350
f 3861 2739 3862
f 2937 927 2938
f 4890 1752 4891
f 5302 5301 1152
f 4252 4251 2160
f 1753 1752 4890
f 1144 1143 5565
f 1144 5565 936
f 1942 1941 4680
f 4672 4671 1761
f 2152 2151 4470
f 1543 1542 5100
f 5092 5091 1341
f 1333 1332 5310
f 4462 4461 1950
f 4063 4062 2349
f 2740 2739 3861
f 3853 3852 2538
f 2530 2529 4071
f 4882 4881 1551
f 3664 3663 2748
f 2929 2928 3672
f 2341 2340 4260
f 5309 1333 5310
f 1760 4672 1761
f 4259 2341 4260
f 1949 4462 1950
f 1550 4882 1551
f 1151 5302 1152
f 4679 1942 4680
f 5099 1543 5100
f 4469 2152 4470
f 1340 5092 1341
f 2159 4252 2160
f 3860 2740 3861
f 4070 2530 4071
f 3671 2929 3672
f 2348 4063 2349
f 2537 3853 2538
f 2747 3664 2748
f 4889 1753 4890
f 2936 927 2937
f 5303 5302 1151
f 1754 1753 4889
f 1145 1144 936
f 1943 1942 4679
f 1544 1543 5099
f 4253 4252 2159
f 4463 4462 1949
f 4673 4672 1760
f 5093 5092 1340
f 1334 1333 5309
f 2153 2152 4469
f 3854 3853 2537
f 4064 4063 2348
f 2531 2530 4070
f 2741 2740 3860
f 2930 2929 3671
f 3665 3664 2747
f 2342 2341 4259
f 4883 4882 1550
f 5308 1334 5309
f 1759 4673 1760
f 4258 2342 4259
f 1150 5303 1151
f 4678 1943 4679
f 2158 4253 2159
f 4468 2153 4469
f 2536 3854 2537
f 2935 927 2936
f 5337 1338 1337
f 1536 4887 4886
f 4707 1947 1946
f 4287 2346 2345
f 1746 4677 4676
f 4497 2157 2156
f 1326 5097 5096
f 1137 5307 5306
f 2523 3858 3857
f 4098 2535 2534
f 5127 1548 1547
f 2145 4257 4256
f 4917 1758 1757
f 3888 2745 2744
f 2733 3669 3668
f 2334 4068 4067
f 5338 1337 1336
f 5338 5337 1337
f 1747 4676 4675
f 1747 1746 4676
f 1537 1536 4886
f 1537 4886 4885
f 4498 2156 2155
f 4498 4497 2156
f 4288 2345 2344
f 4288 4287 2345
f 4708 1946 1945
f 4708 4707 1946
f 1327 5096 5095
f 1327 1326 5096
f 1138 5306 5305
f 1138 1137 5306
f 3889 2744 2743
f 3889 3888 2744
f 2524 3857 3856
f 2524 2523 3857
f 4099 4098 2534
f 4099 2534 2533
f 2734 2733 3668
f 2734 3668 3667
f 4918 1757 1756
f 4918 4917 1757
f 5128 1547 1546
f 5128 5127 1547
f 2146 4256 4255
f 2146 2145 4256
f 2335 2334 4067
f 2335 4067 4066
f 5336 1339 1338
f 5336 1338 5337
f 1535 4887 1536
f 1535 4888 4887
f 1745 4678 4677
f 1745 4677 1746
f 4286 2347 2346
f 4286 2346 4287
f 4496 2158 2157
f 4496 2157 4497
f 4706 1948 1947
f 4706 1947 4707
f 1325 5098 5097
f 1325 5097 1326
f 1136 5308 5307
f 1136 5307 1137
f 4097 2536 2535
f 4097 2535 4098
f 2522 3859 3858
f 2522 3858 2523
f 5126 1549 1548
f 5126 1548 5127
f 2144 4258 4257
f 2144 4257 2145
f 3887 2746 2745
f 3887 2745 3888
f 2732 3669 2733
f 2732 3670 3669
f 4916 1759 1758
f 4916 1758 4917
f 2333 4068 2334
f 2333 4069 4068
f 5339 1336 1335
f 5339 5338 1336
f 4499 2155 2154
f 4499 4498 2155
f 1538 1537 4885
f 1538 4885 4884
f 1748 1747 4675
f 1748 4675 4674
f 4289 2344 2343
f 4289 4288 2344
f 4709 1945 1944
f 4709 4708 1945
f 1328 1327 5095
f 1328 5095 5094
f 1139 1138 5305
f 1139 5305 5304
f 4100 4099 2533
f 4100 2533 2532
f 2525 2524 3856
f 2525 3856 3855
f 5129 5128 1546
f 5129 1546 1545
f 2147 4255 4254
f 2147 2146 4255
f 3890 2743 2742
f 3890 3889 2743
f 2735 2734 3667
f 2735 3667 3666
f 4919 1756 1755
f 4919 4918 1756
f 2336 2335 4066
f 2336 4066 4065
f 5335 1340 1339
f 5335 1339 5336
f 5335 5093 1340
f 1744 1943 4678
f 1744 4678 1745
f 1534 4888 1535
f 1534 1754 4889
f 1534 4889 4888
f 4495 2158 4496
f 4495 4253 2158
f 4285 2348 2347
f 4285 4064 2348
f 4285 2347 4286
f 1135 1334 5308
f 1135 5308 1136
f 4705 1948 4706
f 1324 5098 1325
f 1324 1544 5099
f 1324 5099 5098
f 2521 3859 2522
f 2521 2741 3860
f 2521 3860 3859
f 3886 2747 2746
f 3886 3665 2747
f 3886 2746 3887
f 4096 2536 4097
f 4096 3854 2536
f 2731 2930 3671
f 2731 3671 3670
f 2731 3670 2732
f 4915 1759 4916
f 4915 4673 1759
f 5125 1549 5126
f 5125 1550 1549
f 5125 4883 1550
f 2332 4069 2333
f 2332 4070 4069
f 2332 2531 4070
f 2143 4258 2144
f 2143 2342 4258
f 5319 1334 1135
f 5319 1335 1334
f 5319 5339 1335
f 1518 4883 5125
f 1518 4884 4883
f 1518 1538 4884
f 1728 4674 4673
f 1728 1748 4674
f 1728 4673 4915
f 4479 2153 4468
f 4479 4499 2154
f 4479 2154 2153
f 1119 5303 1150
f 1119 5304 5303
f 1119 1139 5304
f 4269 2343 2342
f 4269 4289 2343
f 4269 2342 2143
f 4689 1943 1744
f 4689 1944 1943
f 4689 4709 1944
f 1308 5093 5335
f 1308 5094 5093
f 1308 1328 5094
f 4080 2531 2332
f 4080 4100 2532
f 4080 2532 2531
f 2505 3854 4096
f 2505 3855 3854
f 2505 2525 3855
f 5109 1545 1544
f 5109 5129 1545
f 5109 1544 1324
f 2127 2147 4254
f 2127 4254 4253
f 2127 4253 4495
f 3870 2742 2741
f 3870 2741 2521
f 3870 3890 2742
f 2715 2735 3666
f 2715 3665 3886
f 2715 3666 3665
f 4899 1754 1534
f 4899 1755 1754
f 4899 4919 1755
f 2316 2336 4065
f 2316 4064 4285
f 2316 4065 4064
f 5334 1308 5335
f 1533 4899 1534
f 1743 4689 1744
f 4284 2316 4285
f 4494 2127 4495
f 1323 5109 1324
f 1134 5319 1135
f 3885 2715 3886
f 2520 3870 2521
f 4095 2505 4096
f 2730 2930 2731
f 2730 2931 2930
f 5124 1518 5125
f 2142 4269 2143
f 4914 1728 4915
f 2331 4080 2332
f 5511 4464 4463
f 5510 1949 1948
f 5510 4463 1949
f 5510 5511 4463
f 5320 5319 1134
f 1519 1518 5124
f 4480 4468 4467
f 4480 4479 4468
f 1729 1728 4914
f 4270 4269 2142
f 4690 4689 1743
f 1309 1308 5334
f 1120 1150 1149
f 1120 1119 1150
f 4081 4080 2331
f 5110 5109 1323
f 4900 4899 1533
f 2128 2127 4494
f 3871 3870 2520
f 2506 2505 4095
f 2716 2715 3885
f 2317 2316 4284
f 5512 4464 5511
f 5512 4465 4464
f 5509 5510 1948
f 5509 1948 4705
f 5509 4705 4704
f 5513 4466 4465
f 5513 4465 5512
f 5333 1309 5334
f 1742 4690 1743
f 1532 4900 1533
f 4493 2128 4494
f 4283 2317 4284
f 1133 5320 1134
f 1322 5110 1323
f 4094 2506 4095
f 3884 2716 3885
f 2519 3871 2520
f 2729 2931 2730
f 2729 2932 2931
f 5123 1519 5124
f 2141 4270 2142
f 2330 4081 2331
f 4913 1729 4914
f 5508 5509 4704
f 5508 4704 4703
f 5321 5320 1133
f 1730 1729 4913
f 1520 1519 5123
f 1121 1149 1148
f 1121 1120 1149
f 4271 4270 2141
f 4691 4690 1742
f 1310 1309 5333
f 4082 4081 2330
f 3872 3871 2519
f 2507 2506 4094
f 2717 2716 3884
f 5111 5110 1322
f 2129 2128 4493
f 2318 2317 4283
f 4901 4900 1532
f 5514 4466 5513
f 5514 4467 4466
f 5514 4481 4480
f 5514 4480 4467
f 5332 1310 5333
f 1132 5321 1133
f 4492 2129 4493
f 1531 4901 1532
f 1741 4691 1742
f 4282 2318 4283
f 1321 5111 1322
f 3883 2717 3884
f 2518 3872 2519
f 4093 2507 4094
f 2728 2932 2729
f 2728 2933 2932
f 5122 1520 5123
f 2140 4271 2141
f 2329 4082 2330
f 4912 1730 4913
f 5528 5508 4703
f 5528 4703 4702
f 5322 5321 1132
f 1521 1520 5122
f 1731 1730 4912
f 4272 4271 2140
f 1122 1148 1147
f 1122 1121 1148
f 4692 4691 1741
f 1311 1310 5332
f 4083 4082 2329
f 2130 2129 4492
f 3873 3872 2518
f 2508 2507 4093
f 2718 2717 3883
f 4902 4901 1531
f 5112 5111 1321
f 2319 2318 4282
f 5515 4481 5514
f 5515 4482 4481
f 5331 1311 5332
f 4491 2130 4492
f 1530 4902 1531
f 1740 4692 1741
f 4281 2319 4282
f 1131 5322 1132
f 1320 5112 1321
f 2517 3873 2518
f 5121 1521 5122
f 2139 4272 2140
f 3882 2718 3883
f 4911 1731 4912
f 4092 2508 4093
f 2727 2933 2728
f 2727 2934 2933
f 2328 4083 2329
f 5527 5528 4702
f 5527 4702 4701
f 5323 5322 1131
f 1522 1521 5121
f 1732 1731 4911
f 4273 4272 2139
f 1123 1147 1146
f 1123 1122 1147
f 4693 4692 1740
f 1312 1311 5331
f 2509 2508 4092
f 4084 4083 2328
f 4903 4902 1530
f 3874 3873 2517
f 2719 2718 3882
f 5113 5112 1320
f 2131 2130 4491
f 2320 2319 4281
f 5330 1312 5331
f 1739 4693 1740
f 1529 4903 1530
f 4490 2131 4491
f 4280 2320 4281
f 1130 5323 1131
f 1319 5113 1320
f 4091 2509 4092
f 2516 3874 2517
f 5120 1522 5121
f 2138 4273 2139
f 3881 2719 3882
f 2726 2934 2727
f 2726 927 2935
f 2726 2935 2934
f 4910 1732 4911
f 2327 4084 2328
f 5516 4482 5515
f 5516 4483 4482
f 5324 5323 1130
f 1523 1522 5120
f 1733 1732 4910
f 1124 1123 1146
f 4274 4273 2138
f 4694 4693 1739
f 1313 1312 5330
f 2510 2509 4091
f 4085 4084 2327
f 3875 3874 2516
f 2720 2719 3881
f 5114 5113 1319
f 2132 2131 4490
f 2321 2320 4280
f 4904 4903 1529
f 5526 5527 4701
f 5526 4701 4700
f 5329 1313 5330
f 1738 4694 1739
f 4489 2132 4490
f 1129 5324 1130
f 1318 5114 1319
f 4090 2510 4091
f 2515 3875 2516
f 2137 4274 2138
f 3880 2720 3881
f 2725 927 2726
f 5517 4483 5516
f 5525 5526 4700
f 5525 4700 4699
f 5524 5525 4699
f 5524 4699 4698
f 5358 1317 1316
f 1515 4908 4907
f 1305 5118 5117
f 1116 5328 5327
f 1725 4698 4697
f 4308 2325 2324
f 4518 2136 2135
f 5148 1527 1526
f 4938 1737 1736
f 2313 4089 4088
f 2502 3879 3878
f 4119 2514 2513
f 1935 4488 4487
f 2124 4278 4277
f 5359 5358 1316
f 5359 1316 1315
f 1516 1515 4907
f 1516 4907 4906
f 4729 4728 5518
f 4729 5518 5519
f 1306 1305 5117
f 1306 5117 5116
f 1117 5327 5326
f 1117 1116 5327
f 1726 4697 4696
f 1726 1725 4697
f 4309 4308 2324
f 4309 2324 2323
f 4519 2135 2134
f 4519 4518 2135
f 4120 4119 2513
f 4120 2513 2512
f 1936 1935 4487
f 1936 4487 4486
f 5149 1526 1525
f 5149 5148 1526
f 2125 2124 4277
f 2125 4277 4276
f 2314 2313 4088
f 2314 4088 4087
f 2503 2502 3878
f 2503 3878 3877
f 4939 1736 1735
f 4939 4938 1736
f 5357 1317 5358
f 5357 1318 1317
f 4727 4483 5517
f 4727 4484 4483
f 4727 5518 4728
f 4727 5517 5518
f 1514 4908 1515
f 1514 4909 4908
f 1304 5119 5118
f 1304 5118 1305
f 1115 5329 5328
f 1115 5328 1116
f 1724 5523 5524
f 1724 5524 4698
f 1724 4698 1725
f 4307 2325 4308
f 4307 2326 2325
f 4517 2137 2136
f 4517 2136 4518
f 5147 1528 1527
f 5147 1527 5148
f 2312 4089 2313
f 2312 4090 4089
f 1934 4488 1935
f 1934 4489 4488
f 2501 3879 2502
f 2501 3880 3879
f 4118 2514 4119
f 4118 2515 2514
f 4937 1738 1737
f 4937 1737 4938
f 2123 4278 2124
f 2123 4279 4278
f 5360 5359 1315
f 5360 1315 1314
f 1517 1516 4906
f 1517 4906 4905
f 1307 1306 5116
f 1307 5116 5115
f 1727 1726 4696
f 1727 4696 4695
f 4310 4309 2323
f 4310 2323 2322
f 4520 2134 2133
f 4520 4519 2134
f 4730 4729 5519
f 4730 5519 5520
f 1118 5326 5325
f 1118 1117 5326
f 4940 4939 1735
f 4940 1735 1734
f 1937 1936 4486
f 1937 4486 4485
f 2504 2503 3877
f 2504 3877 3876
f 4121 4120 2512
f 4121 2512 2511
f 5150 1525 1524
f 5150 5149 1525
f 2126 2125 4276
f 2126 4276 4275
f 2315 2314 4087
f 2315 4087 4086
f 5356 5114 1318
f 5356 1318 5357
f 1513 4909 1514
f 1513 1733 4910
f 1513 4910 4909
f 1303 5120 5119
f 1303 5119 1304
f 1303 1523 5120
f 1723 5522 5523
f 1723 5523 1724
f 4726 4484 4727
f 1114 5329 1115
f 1114 1313 5329
f 4306 2326 4307
f 4306 4085 2327
f 4306 2327 2326
f 4516 4274 2137
f 4516 2137 4517
f 2500 3880 2501
f 2500 2720 3880
f 2500 2721 2720
f 4117 3875 2515
f 4117 2515 4118
f 1933 4489 1934
f 1933 2132 4489
f 4936 1738 4937
f 4936 4694 1738
f 5146 1529 1528
f 5146 1528 5147
f 5146 4904 1529
f 2122 2321 4280
f 2122 4279 2123
f 2122 4280 4279
f 2311 2510 4090
f 2311 4090 2312
f 5340 1313 1114
f 5340 5360 1314
f 5340 1314 1313
f 1497 4904 5146
f 1497 1517 4905
f 1497 4905 4904
f 1098 5325 5324
f 1098 1118 5325
f 1098 5324 1129
f 1287 5114 5356
f 1287 1307 5115
f 1287 5115 5114
f 1707 4694 4936
f 1707 4695 4694
f 1707 1727 4695
f 4290 2321 2122
f 4290 4310 2322
f 4290 2322 2321
f 4500 2133 2132
f 4500 2132 1933
f 4500 4520 2133
f 4710 4730 5520
f 4710 5520 5521
f 5130 5150 1524
f 5130 1523 1303
f 5130 1524 1523
f 2484 3876 3875
f 2484 3875 4117
f 2484 2504 3876
f 4101 2510 2311
f 4101 2511 2510
f 4101 4121 2511
f 4920 1734 1733
f 4920 1733 1513
f 4920 4940 1734
f 1917 4484 4726
f 1917 4485 4484
f 1917 1937 4485
f 2106 4274 4516
f 2106 2126 4275
f 2106 4275 4274
f 2295 4085 4306
f 2295 2315 4086
f 2295 4086 4085
f 5355 1287 5356
f 1512 4920 1513
f 1722 5522 1723
f 4515 2106 4516
f 1302 5130 1303
f 4725 1917 4726
f 1113 5340 1114
f 4305 2295 4306
f 1932 4500 1933
f 4935 1707 4936
f 2499 2721 2500
f 4116 2484 4117
f 5145 1497 5146
f 2121 4290 2122
f 2310 4101 2311
f 5341 5340 1113
f 1498 1497 5145
f 1099 1129 1128
f 1099 1098 1129
f 1288 1287 5355
f 1708 1707 4935
f 4291 4290 2121
f 4501 4500 1932
f 4711 5522 1722
f 4711 4710 5521
f 4711 5521 5522
f 5131 5130 1302
f 2485 2484 4116
f 4102 4101 2310
f 1918 1917 4725
f 4921 4920 1512
f 2107 2106 4515
f 2296 2295 4305
f 5354 1288 5355
f 1511 4921 1512
f 4724 1918 4725
f 1301 5131 1302
f 1112 5341 1113
f 1721 4711 1722
f 4304 2296 4305
f 4514 2107 4515
f 1931 4501 1932
f 5144 1498 5145
f 2309 4102 2310
f 2498 2721 2499
f 2498 2722 2721
f 4115 2485 4116
f 4934 1708 4935
f 2120 4291 2121
f 5342 5341 1112
f 1499 1498 5144
f 1100 1128 1127
f 1100 1099 1128
f 1289 1288 5354
f 1709 1708 4934
f 4292 4291 2120
f 4502 4501 1931
f 4712 4711 1721
f 4922 4921 1511
f 2108 2107 4514
f 2297 2296 4304
f 5132 5131 1301
f 2486 2485 4115
f 4103 4102 2309
f 1919 1918 4724
f 5353 1289 5354
f 4723 1919 4724
f 1720 4712 1721
f 1510 4922 1511
f 1300 5132 1301
f 1111 5342 1112
f 4303 2297 4304
f 4513 2108 4514
f 2497 2722 2498
f 2497 2723 2722
f 4114 2486 4115
f 1930 4502 1931
f 2119 4292 2120
f 2308 4103 2309
f 4933 1709 4934
f 5143 1499 5144
f 5343 5342 1111
f 1500 1499 5143
f 4293 4292 2119
f 4503 4502 1930
f 4713 4712 1720
f 1101 1127 1126
f 1101 1100 1127
f 1290 1289 5353
f 1710 1709 4933
f 2487 2486 4114
f 4104 4103 2308
f 1920 1919 4723
f 4923 4922 1510
f 5133 5132 1300
f 2109 2108 4513
f 2298 2297 4303
f 5352 1290 5353
f 1509 4923 1510
f 1299 5133 1300
f 1110 5343 1111
f 1719 4713 1720
f 4512 2109 4513
f 4722 1920 4723
f 4302 2298 4303
f 5142 1500 5143
f 2496 2723 2497
f 2496 2724 2723
f 4113 2487 4114
f 1929 4503 1930
f 4932 1710 4933
f 2118 4293 2119
f 5344 5343 1110
f 1501 1500 5142
f 4504 4503 1929
f 4714 4713 1719
f 1102 1126 1125
f 1102 1101 1126
f 1291 1290 5352
f 1711 1710 4932
f 4294 4293 2118
f 4924 4923 1509
f 5134 5133 1299
f 2110 2109 4512
f 2299 2298 4302
f 2488 2487 4113
f 1921 1920 4722
f 5351 1291 5352
f 4721 1921 4722
f 1508 4924 1509
f 1298 5134 1299
f 1109 5344 1110
f 1718 4714 1719
f 4301 2299 4302
f 4511 2110 4512
f 1928 4504 1929
f 5141 1501 5142
f 2495 927 2725
f 2495 2724 2496
f 2495 2725 2724
f 4112 2488 4113
f 4931 1711 4932
f 2117 4294 2118
f 5345 5344 1109
f 1502 1501 5141
f 1103 1102 1125
f 1292 1291 5351
f 1712 1711 4931
f 4295 4294 2117
f 4505 4504 1928
f 4715 4714 1718
f 5135 5134 1298
f 2111 2110 4511
f 2300 2299 4301
f 2489 2488 4112
f 1922 1921 4721
f 4925 4924 1508
f 5350 1292 5351
f 4720 1922 4721
f 1297 5135 1298
f 1108 5345 1109
f 4510 2111 4511
f 5140 1502 5141
f 2116 4295 2117
f 3159 2307 2306
f 3158 3159 2306
f 3158 2306 2305
f 3160 2307 3159
f 3160 4104 2308
f 3160 2308 2307
f 3157 2305 2304
f 3157 3158 2305
f 3161 4105 4104
f 3161 4104 3160
f 3156 2304 2303
f 3156 3157 2304
f 3162 4105 3161
f 3162 4106 4105
f 3176 2303 2302
f 3176 3156 2303
f 3163 4106 3162
f 3163 4107 4106
f 3175 2302 2301
f 3175 3176 2302
f 3164 4107 3163
f 3164 4108 4107
f 3174 3175 2301
f 5379 1296 1295
f 1494 4929 4928
f 1095 5349 5348
f 1284 5139 5138
f 4539 2115 2114
f 4749 1926 1925
f 4329 3172 3173
f 5169 1506 1505
f 1704 4719 4718
f 1914 4509 4508
f 4959 1716 1715
f 2103 4299 4298
f 2292 4110 4109
f 5380 5379 1295
f 5380 1295 1294
f 1285 5138 5137
f 1285 1284 5138
f 4750 4749 1925
f 4750 1925 1924
f 1495 4928 4927
f 1495 1494 4928
f 1096 1095 5348
f 1096 5348 5347
f 1705 4718 4717
f 1705 1704 4718
f 4330 4329 3173
f 4330 3173 3174
f 4540 4539 2114
f 4540 2114 2113
f 4960 4959 1715
f 4960 1715 1714
f 5170 5169 1505
f 5170 1505 1504
f 2104 2103 4298
f 2104 4298 4297
f 2293 4109 4108
f 2293 4108 3164
f 2293 2292 4109
f 1915 1914 4508
f 1915 4508 4507
f 5378 1296 5379
f 5378 1297 1296
f 1493 4930 4929
f 1493 4929 1494
f 1094 5350 5349
f 1094 5349 1095
f 1283 5140 5139
f 1283 5139 1284
f 4538 2115 4539
f 4538 2116 2115
f 4748 1926 4749
f 4748 1927 1926
f 4328 3171 3172
f 4328 3172 4329
f 5168 1506 5169
f 5168 1507 1506
f 1703 4720 4719
f 1703 4719 1704
f 1913 4509 1914
f 1913 4510 4509
f 4958 1716 4959
f 4958 1717 1716
f 2102 4299 2103
f 2102 4300 4299
f 2291 4111 4110
f 2291 4110 2292
f 5381 1294 1293
f 5381 5380 1294
f 1496 4927 4926
f 1496 1495 4927
f 1097 5347 5346
f 1097 1096 5347
f 1286 5137 5136
f 1286 1285 5137
f 4541 2113 2112
f 4541 4540 2113
f 4751 4750 1924
f 4751 1924 1923
f 1706 4717 4716
f 1706 1705 4717
f 4331 4330 3174
f 4331 3174 2301
f 4961 1714 1713
f 4961 4960 1714
f 5171 1504 1503
f 5171 5170 1504
f 1916 1915 4507
f 1916 4507 4506
f 2105 4297 4296
f 2105 2104 4297
f 2294 2293 3164
f 2294 3164 3165
f 5377 1297 5378
f 5377 5135 1297
f 1492 4931 4930
f 1492 1712 4931
f 1492 4930 1493
f 4747 4505 1928
f 4747 1927 4748
f 4747 1928 1927
f 1093 5350 1094
f 1093 1292 5350
f 1282 1502 5140
f 1282 5140 1283
f 1702 1922 4720
f 1702 4720 1703
f 4327 3171 4328
f 4327 3170 3171
f 4537 4295 2116
f 4537 2116 4538
f 4957 1717 4958
f 4957 4715 1718
f 4957 1718 1717
f 1912 4510 1913
f 1912 2111 4510
f 2101 4300 2102
f 2101 2300 4301
f 2101 4301 4300
f 2290 4112 4111
f 2290 4111 2291
f 2290 2489 4112
f 5167 1507 5168
f 5167 4925 1508
f 5167 1508 1507
f 5361 5381 1293
f 5361 1292 1093
f 5361 1293 1292
f 1476 4926 4925
f 1476 1496 4926
f 1476 4925 5167
f 1077 5346 5345
f 1077 1097 5346
f 1077 5345 1108
f 1266 5135 5377
f 1266 5136 5135
f 1266 1286 5136
f 4521 2111 1912
f 4521 4541 2112
f 4521 2112 2111
f 4731 4751 1923
f 4731 1922 1702
f 4731 1923 1922
f 4311 4331 2301
f 4311 2300 2101
f 4311 2301 2300
f 4941 4961 1713
f 4941 1712 1492
f 4941 1713 1712
f 5151 1502 1282
f 5151 5171 1503
f 5151 1503 1502
f 1686 4716 4715
f 1686 4715 4957
f 1686 1706 4716
f 1896 4505 4747
f 1896 1916 4506
f 1896 4506 4505
f 2085 2105 4296
f 2085 4296 4295
f 2085 4295 4537
f 2274 2294 3165
f 2274 3165 3166
f 5376 1266 5377
f 1491 4941 1492
f 1092 5361 1093
f 1281 5151 1282
f 4746 1896 4747
f 1701 4731 1702
f 4326 3169 3170
f 4326 3170 4327
f 4536 2085 4537
f 4956 1686 4957
f 5166 1476 5167
f 1911 4521 1912
f 2100 4311 2101
f 2289 2490 2489
f 2289 2489 2290
f 5362 5361 1092
f 1477 1476 5166
f 1078 1077 1108
f 1078 1108 1107
f 1267 1266 5376
f 4522 4521 1911
f 4732 4731 1701
f 4312 4311 2100
f 1687 1686 4956
f 5152 5151 1281
f 1897 1896 4746
f 4942 4941 1491
f 2086 2085 4536
f 2275 2274 3166
f 2275 3166 3167
f 5375 1267 5376
f 1091 5362 1092
f 4745 1897 4746
f 1490 4942 1491
f 1280 5152 1281
f 4325 3168 3169
f 4325 3169 4326
f 4535 2086 4536
f 1700 4732 1701
f 4955 1687 4956
f 5165 1477 5166
f 1910 4522 1911
f 2099 4312 2100
f 2288 2491 2490
f 2288 2490 2289
f 5363 5362 1091
f 1478 1477 5165
f 1079 1078 1107
f 1079 1107 1106
f 1268 1267 5375
f 4313 4312 2099
f 4523 4522 1910
f 4733 4732 1700
f 1688 1687 4955
f 5153 5152 1280
f 2087 2086 4535
f 1898 1897 4745
f 4943 4942 1490
f 2276 2275 3167
f 2276 3167 3168
f 5374 1268 5375
f 1090 5363 1091
f 1489 4943 1490
f 1279 5153 1280
f 4324 2276 3168
f 4324 3168 4325
f 4534 2087 4535
f 4744 1898 4745
f 1699 4733 1700
f 1909 4523 1910
f 4954 1688 4955
f 2098 4313 2099
f 5164 1478 5165
f 2287 2491 2288
f 2287 2492 2491
f 5364 5363 1090
f 1269 1268 5374
f 4524 4523 1909
f 4734 4733 1699
f 1479 1478 5164
f 1080 1106 1105
f 1080 1079 1106
f 4944 4943 1489
f 1689 1688 4954
f 4314 4313 2098
f 5154 5153 1279
f 2088 2087 4534
f 2277 2276 4324
f 1899 1898 4744
f 5373 1269 5374
f 1488 4944 1489
f 1089 5364 1090
f 1278 5154 1279
f 4743 1899 4744
f 4323 2277 4324
f 4533 2088 4534
f 4953 1689 4954
f 1698 4734 1699
f 5163 1479 5164
f 1908 4524 1909
f 2097 4314 2098
f 2286 2492 2287
f 2286 2493 2492
f 5365 5364 1089
f 4735 4734 1698
f 1480 1479 5163
f 1081 1080 1105
f 1081 1105 1104
f 1270 1269 5373
f 4315 4314 2097
f 4525 4524 1908
f 4945 4944 1488
f 1690 1689 4953
f 5155 5154 1278
f 2089 2088 4533
f 1900 1899 4743
f 2278 2277 4323
f 5372 1270 5373
f 4742 1900 4743
f 1487 4945 1488
f 1088 5365 1089
f 1277 5155 1278
f 1697 4735 1698
f 4322 2278 4323
f 4532 2089 4533
f 4952 1690 4953
f 5162 1480 5163
f 1907 4525 1908
f 2096 4315 2097
f 2285 2494 2493
f 2285 2493 2286
f 5366 5365 1088
f 1082 1081 1104
f 1481 1480 5162
f 1271 1270 5372
f 4316 4315 2096
f 4526 4525 1907
f 4736 4735 1697
f 1691 1690 4952
f 5156 5155 1277
f 2090 2089 4532
f 1901 1900 4742
f 4946 4945 1487
f 2279 2278 4322
f 5371 1271 5372
f 1087 5366 1088
f 1276 5156 1277
f 4321 2279 4322
f 4951 1691 4952
f 5161 1481 5162
f 2095 4316 2096
f 5400 1275 1274
f 1074 5370 5369
f 1263 5160 5159
f 4560 2094 2093
f 4770 1905 1904
f 4980 1695 1694
f 1473 4950 4949
f 5190 1485 1484
f 1683 4740 4739
f 1893 4530 4529
f 2082 4320 4319
f 5401 1274 1273
f 5401 5400 1274
f 1075 1074 5369
f 1075 5369 5368
f 4771 1904 1903
f 4771 4770 1904
f 1264 5159 5158
f 1264 1263 5159
f 4561 2093 2092
f 4561 4560 2093
f 4981 1694 1693
f 4981 4980 1694
f 1474 4949 4948
f 1474 1473 4949
f 1684 4739 4738
f 1684 1683 4739
f 5191 1484 1483
f 5191 5190 1484
f 1894 4529 4528
f 1894 1893 4529
f 2083 4319 4318
f 2083 2082 4319
f 5399 1276 1275
f 5399 1275 5400
f 1073 5370 1074
f 1073 5371 5370
f 1262 5161 5160
f 1262 5160 1263
f 4559 2095 2094
f 4559 2094 4560
f 4769 1906 1905
f 4769 1905 4770
f 4979 1696 1695
f 4979 1695 4980
f 5189 1486 1485
f 5189 1485 5190
f 1472 4950 1473
f 1472 4951 4950
f 1682 4741 4740
f 1682 4740 1683
f 1892 4531 4530
f 1892 4530 1893
f 2081 4321 4320
f 2081 4320 2082
f 5402 5401 1273
f 5402 1273 1272
f 1076 1075 5368
f 1076 5368 5367
f 1265 1264 5158
f 1265 5158 5157
f 4772 4771 1903
f 4772 1903 1902
f 4982 1693 1692
f 4982 4981 1693
f 1475 1474 4948
f 1475 4948 4947
f 4562 4561 2092
f 4562 2092 2091
f 5192 5191 1483
f 5192 1483 1482
f 1685 4738 4737
f 1685 1684 4738
f 1895 4528 4527
f 1895 1894 4528
f 2084 4318 4317
f 2084 2083 4318
f 5398 5156 1276
f 5398 1276 5399
f 1072 5371 1073
f 1072 1271 5371
f 4768 1906 4769
f 4768 4526 1907
f 4768 1907 1906
f 1261 5161 1262
f 1261 1481 5161
f 1681 4741 1682
f 1681 4742 4741
f 1681 1901 4742
f 4558 2095 4559
f 4558 4316 2095
f 4978 1696 4979
f 4978 4736 1697
f 4978 1697 1696
f 5188 1486 5189
f 5188 4946 1487
f 5188 1487 1486
f 1471 1691 4951
f 1471 4951 1472
f 1891 4532 4531
f 1891 4531 1892
f 1891 2090 4532
f 2080 2279 4321
f 2080 4321 2081
f 2080 2280 2279
f 5382 1272 1271
f 5382 5402 1272
f 5382 1271 1072
f 1056 1076 5367
f 1056 5366 1087
f 1056 5367 5366
f 1245 5157 5156
f 1245 5156 5398
f 1245 1265 5157
f 4542 2091 2090
f 4542 4562 2091
f 4542 2090 1891
f 4752 4772 1902
f 4752 1902 1901
f 4752 1901 1681
f 4962 1692 1691
f 4962 1691 1471
f 4962 4982 1692
f 5172 1482 1481
f 5172 5192 1482
f 5172 1481 1261
f 1455 4947 4946
f 1455 1475 4947
f 1455 4946 5188
f 1665 4737 4736
f 1665 4736 4978
f 1665 1685 4737
f 1875 4527 4526
f 1875 4526 4768
f 1875 1895 4527
f 2064 4317 4316
f 2064 2084 4317
f 2064 4316 4558
f 5397 1245 5398
f 1071 5382 1072
f 1260 5172 1261
f 4767 1875 4768
f 4977 1665 4978
f 1470 4962 1471
f 1680 4752 1681
f 4557 2064 4558
f 5187 1455 5188
f 1890 4542 1891
f 2079 2281 2280
f 2079 2280 2080
f 5383 5382 1071
f 1057 1056 1087
f 1057 1087 1086
f 1246 1245 5397
f 4753 4752 1680
f 4543 4542 1890
f 5173 5172 1260
f 1456 1455 5187
f 1666 1665 4977
f 1876 1875 4767
f 4963 4962 1470
f 2065 2064 4557
f 5396 1246 5397
f 1070 5383 1071
f 4766 1876 4767
f 4556 2065 4557
f 4976 1666 4977
f 5186 1456 5187
f 1469 4963 1470
f 1259 5173 1260
f 1679 4753 1680
f 1889 4543 1890
f 2078 2281 2079
f 5384 5383 1070
f 1058 1057 1086
f 1058 1086 1085
f 1247 1246 5396
f 4544 4543 1889
f 4754 4753 1679
f 5174 5173 1259
f 1457 1456 5186
f 1667 1666 4976
f 1877 1876 4766
f 4964 4963 1469
f 2066 2065 4556
f 5395 1247 5396
f 1069 5384 1070
f 1258 5174 1259
f 4555 2066 4556
f 4765 1877 4766
f 4975 1667 4976
f 5185 1457 5186
f 1468 4964 1469
f 1678 4754 1679
f 1888 4544 1889
f 2077 2282 2281
f 2077 2281 2078
f 5385 5384 1069
f 1059 1058 1085
f 1059 1085 1084
f 4755 4754 1678
f 1458 1457 5185
f 1248 1247 5395
f 4545 4544 1888
f 4965 4964 1468
f 5175 5174 1258
f 1668 1667 4975
f 2067 2066 4555
f 1878 1877 4765
f 5394 1248 5395
f 1068 5385 1069
f 1257 5175 1258
f 4764 1878 4765
f 4554 2067 4555
f 4974 1668 4975
f 5184 1458 5185
f 1467 4965 1468
f 1677 4755 1678
f 1887 4545 1888
f 2076 2283 2282
f 2076 2282 2077
f 5386 5385 1068
f 1060 1059 1084
f 1060 1084 1083
f 1249 1248 5394
f 4546 4545 1887
f 4756 4755 1677
f 4966 4965 1467
f 1459 1458 5184
f 5176 5175 1257
f 1669 1668 4974
f 1879 1878 4764
f 2068 2067 4554
f 5393 1249 5394
f 1067 5386 1068
f 1256 5176 1257
f 4553 2068 4554
f 4763 1879 4764
f 4973 1669 4974
f 1466 4966 1467
f 5183 1459 5184
f 1676 4756 1677
f 1886 4546 1887
f 2075 2283 2076
f 2075 2284 2283
f 5387 5386 1067
f 1061 1060 1083
f 1250 1249 5393
f 4547 4546 1886
f 4757 4756 1676
f 1460 1459 5183
f 5177 5176 1256
f 1670 1669 4973
f 1880 1879 4763
f 4967 4966 1466
f 2069 2068 4553
f 5392 1250 5393
f 1066 5387 1067
f 4552 2069 4553
f 1885 4547 1886
f 5421 1254 1253
f 1053 5391 5390
f 4791 1884 1883
f 5001 1674 1673
f 5211 1464 1463
f 1452 4971 4970
f 1242 5181 5180
f 1662 4761 4760
f 1872 4551 4550
f 5422 1253 1252
f 5422 5421 1253
f 1054 1053 5390
f 1054 5390 5389
f 4792 4791 1883
f 4792 1883 1882
f 5002 1673 1672
f 5002 5001 1673
f 1243 1242 5180
f 1243 5180 5179
f 1663 4760 4759
f 1663 1662 4760
f 1453 4970 4969
f 1453 1452 4970
f 5212 5211 1463
f 5212 1463 1462
f 1873 1872 4550
f 1873 4550 4549
f 5420 1254 5421
f 5420 1255 1254
f 1052 5391 1053
f 1052 5392 5391
f 4790 1884 4791
f 4790 1885 1884
f 5000 1674 5001
f 5000 1675 1674
f 1451 4971 1452
f 1451 4972 4971
f 5210 1465 1464
f 5210 1464 5211
f 1241 5181 1242
f 1241 5182 5181
f 1661 4762 4761
f 1661 4761 1662
f 1871 4551 1872
f 1871 4552 4551
f 5423 5422 1252
f 5423 1252 1251
f 1055 1054 5389
f 1055 5389 5388
f 5003 1672 1671
f 5003 5002 1672
f 1244 5179 5178
f 1244 1243 5179
f 4793 1882 1881
f 4793 4792 1882
f 1454 4969 4968
f 1454 1453 4969
f 5213 5212 1462
f 5213 1462 1461
f 1664 1663 4759
f 1664 4759 4758
f 1874 4549 4548
f 1874 1873 4549
f 5419 1255 5420
f 5419 5177 1256
f 5419 1256 1255
f 4789 4547 1885
f 4789 1885 4790
f 1051 1250 5392
f 1051 5392 1052
f 1660 4762 1661
f 1660 1880 4763
f 1660 4763 4762
f 4999 4757 1676
f 4999 1676 1675
f 4999 1675 5000
f 1450 4973 4972
f 1450 1670 4973
f 1450 4972 1451
f 1240 1460 5183
f 1240 5182 1241
f 1240 5183 5182
f 5209 4967 1466
f 5209 1466 1465
f 5209 1465 5210
f 1870 2069 4552
f 1870 4552 1871
f 5403 1250 1051
f 5403 1251 1250
f 5403 5423 1251
f 1035 1055 5388
f 1035 5388 5387
f 1035 5387 1066
f 4773 1880 1660
f 4773 1881 1880
f 4773 4793 1881
f 4983 1670 1450
f 4983 1671 1670
f 4983 5003 1671
f 1434 4967 5209
f 1434 4968 4967
f 1434 1454 4968
f 5193 1461 1460
f 5193 5213 1461
f 5193 1460 1240
f 1224 5177 5419
f 1224 1244 5178
f 1224 5178 5177
f 1644 4758 4757
f 1644 4757 4999
f 1644 1664 4758
f 1854 1874 4548
f 1854 4548 4547
f 1854 4547 4789
f 5418 1224 5419
f 1050 5403 1051
f 4788 1854 4789
f 1449 4983 1450
f 1239 5193 1240
f 1659 4773 1660
f 4998 1644 4999
f 5208 1434 5209
f 1869 2070 2069
f 1869 2069 1870
f 5404 5403 1050
f 1036 1066 1065
f 1036 1035 1066
f 4774 4773 1659
f 4984 4983 1449
f 1435 1434 5208
f 5194 5193 1239
f 1225 1224 5418
f 1645 1644 4998
f 1855 1854 4788
f 5417 1225 5418
f 1049 5404 1050
f 4787 1855 4788
f 4997 1645 4998
f 5207 1435 5208
f 1238 5194 1239
f 1658 4774 1659
f 1448 4984 1449
f 1868 2071 2070
f 1868 2070 1869
f 5405 5404 1049
f 1037 1036 1065
f 1037 1065 1064
f 4775 4774 1658
f 4985 4984 1448
f 1436 1435 5207
f 5195 5194 1238
f 1226 1225 5417
f 1646 1645 4997
f 1856 1855 4787
f 5416 1226 5417
f 1048 5405 1049
f 4786 1856 4787
f 4996 1646 4997
f 1447 4985 1448
f 1237 5195 1238
f 1657 4775 1658
f 5206 1436 5207
f 1867 2072 2071
f 1867 2073 2072
f 1867 2071 1868
f 5406 5405 1048
f 4986 4985 1447
f 1227 1226 5416
f 1038 1037 1064
f 1038 1064 1063
f 4776 4775 1657
f 1437 1436 5206
f 5196 5195 1237
f 1647 1646 4996
f 1857 1856 4786
f 5415 1227 5416
f 1047 5406 1048
f 4785 1857 4786
f 4995 1647 4996
f 1446 4986 1447
f 5205 1437 5206
f 1236 5196 1237
f 1656 4776 1657
f 1866 2073 1867
f 5407 5406 1047
f 1039 1063 1062
f 1039 1038 1063
f 4777 4776 1656
f 4987 4986 1446
f 5197 5196 1236
f 1438 1437 5205
f 1228 1227 5415
f 1648 1647 4995
f 1858 1857 4785
f 5414 1228 5415
f 1046 5407 1047
f 4784 1858 4785
f 4994 1648 4995
f 1445 4987 1446
f 5204 1438 5205
f 1235 5197 1236
f 1655 4777 1656
f 1865 2073 1866
f 1865 2074 2073
f 5408 5407 1046
f 4778 4777 1655
f 1040 1039 1062
f 4988 4987 1445
f 1439 1438 5204
f 5198 5197 1235
f 1229 1228 5414
f 1649 1648 4994
f 1859 1858 4784
f 5413 1229 5414
f 4783 1859 4784
f 1045 5408 1046
f 5442 1233 1232
f 1431 4992 4991
f 5022 1653 1652
f 5232 1443 1442
f 1221 5202 5201
f 1641 4782 4781
f 1032 5412 5411
f 5443 1232 1231
f 5443 5442 1232
f 1033 1032 5411
f 1033 5411 5410
f 1432 1431 4991
f 1432 4991 4990
f 5023 1652 1651
f 5023 5022 1652
f 5233 1442 1441
f 5233 5232 1442
f 1222 1221 5201
f 1222 5201 5200
f 1642 1641 4781
f 1642 4781 4780
f 5441 1234 1233
f 5441 1233 5442
f 1430 4992 1431
f 1430 4993 4992
f 5021 1654 1653
f 5021 1653 5022
f 5231 1444 1443
f 5231 1443 5232
f 1220 5202 1221
f 1220 5203 5202
f 1640 4782 1641
f 1640 4783 4782
f 1031 5412 1032
f 1031 5413 5412
f 5444 1231 1230
f 5444 5443 1231
f 1034 1033 5410
f 1034 5410 5409
f 1433 1432 4990
f 1433 4990 4989
f 5024 5023 1651
f 5024 1651 1650
f 5234 1441 1440
f 5234 5233 1441
f 1223 1222 5200
f 1223 5200 5199
f 1643 1642 4780
f 1643 4780 4779
f 5440 1235 1234
f 5440 1234 5441
f 5440 5198 1235
f 5020 4778 1655
f 5020 1655 1654
f 5020 1654 5021
f 1219 1439 5204
f 1219 5204 5203
f 1219 5203 1220
f 1639 1859 4783
f 1639 1860 1859
f 1639 4783 1640
f 1030 5413 1031
f 1030 1229 5413
f 1429 4993 1430
f 1429 4994 4993
f 1429 1649 4994
f 5230 4988 1445
f 5230 1445 1444
f 5230 1444 5231
f 5424 1230 1229
f 5424 1229 1030
f 5424 5444 1230
f 5004 5024 1650
f 5004 1649 1429
f 5004 1650 1649
f 5214 1440 1439
f 5214 1439 1219
f 5214 5234 1440
f 1203 1223 5199
f 1203 5198 5440
f 1203 5199 5198
f 1623 1643 4779
f 1623 4779 4778
f 1623 4778 5020
f 1014 5408 1045
f 1014 1034 5409
f 1014 5409 5408
f 1413 4988 5230
f 1413 1433 4989
f 1413 4989 4988
f 5439 1203 5440
f 1029 5424 1030
f 1428 5004 1429
f 5019 1623 5020
f 1218 5214 1219
f 1638 1860 1639
f 5229 1413 5230
f 5425 5424 1029
f 5005 5004 1428
f 5215 5214 1218
f 1204 1203 5439
f 1624 1623 5019
f 1015 1045 1044
f 1015 1014 1045
f 1414 1413 5229
f 5438 1204 5439
f 5228 1414 5229
f 1028 5425 1029
f 5018 1624 5019
f 1217 5215 1218
f 1637 1860 1638
f 1637 1861 1860
f 1637 1862 1861
f 1427 5005 1428
f 5426 5425 1028
f 1016 1015 1044
f 1016 1044 1043
f 5006 5005 1427
f 5216 5215 1217
f 1205 1204 5438
f 1625 1624 5018
f 1415 1414 5228
f 5437 1205 5438
f 5017 1625 5018
f 1216 5216 1217
f 1027 5426 1028
f 1426 5006 1427
f 5227 1415 5228
f 1636 1862 1637
f 5427 5426 1027
f 1017 1043 1042
f 1017 1016 1043
f 5007 5006 1426
f 5217 5216 1216
f 1206 1205 5437
f 1416 1415 5227
f 1626 1625 5017
f 5436 1206 5437
f 5016 1626 5017
f 5226 1416 5227
f 1215 5217 1216
f 1635 1862 1636
f 1635 1863 1862
f 1026 5427 1027
f 1425 5007 1426
f 5428 5427 1026
f 1018 1017 1042
f 1018 1042 1041
f 5008 5007 1425
f 5218 5217 1215
f 1207 1206 5436
f 1627 1626 5016
f 1417 1416 5226
f 5435 1207 5436
f 1025 5428 1026
f 5015 1627 5016
f 5225 1417 5226
f 1214 5218 1215
f 1634 1864 1863
f 1634 1863 1635
f 1424 5008 1425
f 5429 5428 1025
f 1019 1018 1041
f 5009 5008 1424
f 5219 5218 1214
f 1208 1207 5435
f 1628 1627 5015
f 1418 1417 5225
f 1213 5219 1214
f 1024 5429 1025
f 5430 5429 1024
f 5532 5434 5433
f 5531 5433 5432
f 5531 5532 5433
f 5533 5435 5434
f 5533 1208 5435
f 5533 5434 5532
f 5463 1212 1211
f 5253 1422 1421
f 1200 5223 5222
f 1410 5013 5012
f 5464 5463 1211
f 5464 1211 1210
f 5254 5253 1421
f 5254 1421 1420
f 1201 5222 5221
f 1201 1200 5222
f 1411 1410 5012
f 1411 5012 5011
f 5530 5432 5431
f 5530 5531 5432
f 5462 1212 5463
f 5462 1213 1212
f 5252 1422 5253
f 5252 1423 1422
f 1199 5224 5223
f 1199 5223 1200
f 1409 5013 1410
f 1409 5014 5013
f 5465 5464 1210
f 5465 1210 1209
f 1202 1201 5221
f 1202 5221 5220
f 5255 5254 1420
f 5255 1420 1419
f 1412 1411 5011
f 1412 5011 5010
f 5534 1208 5533
f 5534 1209 1208
f 5529 5431 5430
f 5529 5530 5431
f 5461 5219 1213
f 5461 1213 5462
f 1198 5225 5224
f 1198 1418 5225
f 1198 5224 1199
f 5251 1424 1423
f 5251 1423 5252
f 5251 5009 1424
f 1408 1629 1628
f 1408 5014 1409
f 1408 1628 5015
f 1408 5015 5014
f 5445 5465 1209
f 5445 1209 5534
f 1182 5220 5219
f 1182 5219 5461
f 1182 1202 5220
f 5235 5255 1419
f 5235 1418 1198
f 5235 1419 1418
f 1392 5009 5251
f 1392 1412 5010
f 1392 5010 5009
f 5535 5445 5534
f 5460 1182 5461
f 1197 5235 1198
f 1407 1630 1629
f 1407 1629 1408
f 5250 1392 5251
f 5549 5430 1024
f 5549 5529 5430
f 5446 5445 5535
f 1183 1182 5460
f 5236 5235 1197
f 1393 1392 5250
f 5536 5446 5535
f 5459 1183 5460
f 5249 1393 5250
f 1196 5236 1197
f 1406 1631 1630
f 1406 1630 1407
f 5548 5549 1024
f 5548 1024 1023
f 5447 5446 5536
f 1184 1183 5459
f 5237 5236 1196
f 1394 1393 5249
f 5458 1184 5459
f 1195 5237 1196
f 5248 1394 5249
f 1405 1631 1406
f 5537 5447 5536
f 5448 5447 5537
f 1185 1184 5458
f 5238 5237 1195
f 1395 1394 5248
f 5547 1023 1022
f 5547 5548 1023
f 5457 1185 5458
f 5247 1395 5248
f 1194 5238 1195
f 1404 1632 1631
f 1404 1633 1632
f 1404 1631 1405
f 5538 5448 5537
f 5449 5448 5538
f 1186 1185 5457
f 5239 5238 1194
f 1396 1395 5247
f 5546 1022 1021
f 5546 5547 1022
f 5456 1186 5457
f 5246 1396 5247
f 1193 5239 1194
f 1403 1633 1404
f 5539 5449 5538
f 5450 5449 5539
f 1187 1186 5456
f 5240 5239 1193
f 1397 1396 5246
f 5545 1021 1020
f 5545 5546 1021
f 1192 5240 1193
f 5540 5450 5539
f 5540 5451 5450
f 1179 5244 5243
f 1180 5243 5242
f 1180 1179 5243
f 1178 5245 5244
f 1178 5244 1179
f 1181 5242 5241
f 1181 1180 5242
f 1177 5246 5245
f 1177 1397 5246
f 1177 1398 1397
f 1177 5245 1178
f 1161 1181 5241
f 1161 5241 5240
f 1161 5240 1192
f 1176 1398 1177
f 3295 5456 5455
f 3295 1187 5456
f 1162 1161 1192
f 1162 1192 1191
f 3296 1188 1187
f 3296 1189 1188
f 3296 1187 3295
f 3294 5455 5454
f 3294 3295 5455
f 1175 1398 1176
f 1175 1399 1398
f 1175 1400 1399
f 3297 1189 3296
f 3297 1190 1189
f 3293 3294 5454
f 3293 5453 5452
f 3293 5454 5453
f 1174 1400 1175
f 3298 1162 1191
f 3298 1190 3297
f 3298 1163 1162
f 3298 1191 1190
f 1173 1400 1174
f 1173 1401 1400
f 1173 1402 1401
f 3292 3293 5452
f 3292 5540 5541
f 3292 5452 5451
f 3292 5451 5540
f 1172 1402 1173
f 3299 1164 1163
f 3299 1163 3298
f 3291 5541 5542
f 3291 3292 5541
f 3300 1165 1164
f 3300 1164 3299
f 3290 5542 5543
f 3290 3291 5542
f 3301 1166 1165
f 3301 1165 3300
f 3289 5543 5544
f 3289 3290 5543
f 3288 5544 5545
f 3288 3289 5544
f 1012 3302 3282
f 1012 1011 3302
f 1010 3301 3302
f 1010 3302 1011
f 1013 3282 3283
f 1013 1012 3282
f 1009 1166 3301
f 1009 3301 1010
f 993 1013 3283
f 1008 1167 1166
f 1008 1168 1167
f 1008 1166 1009
f 994 993 3283
f 994 3283 3284
f 1007 1168 1008
f 1007 1169 1168
f 995 994 3284
f 1006 1170 1169
f 1006 1169 1007
f 996 3284 3285
f 996 995 3284
f 1005 1170 1006
f 997 3285 3286
f 997 996 3285
f 928 1170 1005
f 928 1633 1403
f 928 1171 1170
f 928 1172 1171
f 928 1402 1172
f 928 1403 1402
f 928 1002 1001
f 928 1003 1002
f 928 1004 1003
f 928 1005 1004
f 935 997 3286
f 935 3286 3287
f 935 3287 3288
f 935 998 997
f 935 999 998
f 935 1000 999
f 935 1001 1000
f 933 935 934
f 931 929 928
f 931 930 929
f 931 928 1001
f 932 1001 935
f 932 931 1001
f 932 935 933
f 920 3224 919
f 3224 3382 919
f 3382 3403 919
f 927 1633 928
f 927 1634 1633
f 927 1864 1634
f 927 1865 1864
f 927 2074 1865
f 927 2075 2074
f 927 2284 2075
f 927 2285 2284
f 927 2494 2285
f 927 2495 2494
f 935 3288 936
f 3288 1019 936
f 1019 1040 936
f 1040 1061 936
f 1061 1082 936
f 1082 1103 936
f 1103 1124 936
f 1124 1145 936
f 1124 1146 1145
f 3288 1020 1019
f 3288 5545 1020
f 1019 1041 1040
f 1040 1062 1061
f 1061 1083 1082
f 1082 1104 1103
f 1103 1125 1124
f 943 3681 944
f 943 3891 3681
f 943 4122 3891
f 943 4332 4122
f 943 4563 4332
f 943 4794 4563
f 5570 5571 5550
f 5570 5572 5571
f 5569 5573 5572
f 5569 5572 5570
f 5568 5574 5573
f 5568 5573 5569
f 5567 5575 5574
f 5567 5574 5568
f 5566 5576 5575
f 5566 5575 5567
f 5565 5577 5576
f 5565 5576 5566
f 5564 5578 5577
f 5564 5577 5565
f 5563 5579 5578
f 5563 5578 5564
f 5562 5580 5579
f 5562 5579 5563
f 5561 5581 5580
f 5561 5580 5562
f 5560 5582 5581
f 5560 5581 5561
f 5559 5583 5582
f 5559 5582 5560
f 5558 5583 5559
f 5558 5584 5583
f 5557 5584 5558
f 5557 5585 5584
f 5556 5585 5557
f 5556 5586 5585
f 5555 5586 5556
f 5555 5587 5586
f 5554 5587 5555
f 5554 5588 5587
f 5553 5588 5554
f 5553 5589 5588
f 5552 5589 5553
f 5552 5590 5589
f 5551 5590 5552
f 5551 5591 5590
f 5550 5591 5551
f 5550 5571 5591
f 5593 5595 5594
f 5623 5622 5621
f 5620 5623 5621
f 5592 5595 5593
f 7935 5595 5592
f 7936 5621 5595
f 7936 5620 5621
f 7936 5595 7935
f 7934 7935 5592
f 7937 5620 7936
f 7933 7934 5592
f 7917 5620 7937
f 7932 7933 5592
f 7918 5620 7917
f 7931 7932 5592
f 7919 5620 7918
f 682 7929 7930
f 681 682 7930
f 680 7930 7931
f 680 681 7930
f 683 7928 7929
f 683 7929 682
f 520 7926 7927
f 520 7927 7928
f 520 7928 683
f 655 680 7931
f 655 7931 5592
f 8188 7920 8187
f 8188 7919 7920
f 8188 5620 7919
f 830 831 655
f 5662 7925 5661
f 5662 7924 7925
f 521 5661 7925
f 521 7925 7926
f 521 7926 520
f 654 655 831
f 8186 8187 7920
f 8186 7920 7921
f 8189 5620 8188
f 829 830 655
f 829 655 5592
f 5663 7924 5662
f 5663 7923 7924
f 8185 8186 7921
f 8185 7921 7922
f 5664 7923 5663
f 5664 8185 7922
f 5664 7922 7923
f 8169 5620 8189
f 828 829 5592
f 8184 8185 5664
f 5665 8184 5664
f 5728 494 495
f 815 495 551
f 8183 8184 5665
f 5666 8183 5665
f 5727 5728 495
f 816 495 815
f 816 5727 495
f 8182 8183 5666
f 5667 8182 5666
f 5726 5727 816
f 817 5726 816
f 516 8182 5667
f 8181 8182 516
f 5725 5726 817
f 818 5725 817
f 8180 8181 516
f 5724 5725 818
f 819 5724 818
f 5659 825 826
f 5660 825 5659
f 5660 657 825
f 5658 5659 826
f 5658 826 827
f 656 657 5660
f 5657 5658 827
f 5657 828 5592
f 5657 827 828
f 5656 5657 5592
f 523 824 522
f 5729 823 824
f 5729 824 523
f 5652 5653 5654
f 8208 5721 5722
f 7914 822 823
f 7914 5729 5730
f 7914 823 5729
f 8209 5719 5720
f 8209 5720 5721
f 8209 5721 8208
f 7915 822 7914
f 7915 821 822
f 8419 8171 8172
f 8419 8172 8418
f 5651 5654 5655
f 5651 5652 5654
f 5669 8176 8177
f 5669 8177 5668
f 517 8177 8178
f 517 8178 8179
f 517 5668 8177
f 658 659 5653
f 658 5653 5652
f 8207 8208 5722
f 8207 5722 5723
f 8417 8172 8173
f 8417 8418 8172
f 7913 5730 5731
f 7913 7914 5730
f 8210 491 5719
f 8210 5719 8209
f 8420 8170 8171
f 8420 8171 8419
f 7916 820 821
f 7916 821 7915
f 5650 5651 5655
f 5670 8175 8176
f 5670 8176 5669
f 8206 5723 5724
f 8206 8207 5723
f 8416 8173 8174
f 8416 8417 8173
f 7912 5731 5732
f 7912 7913 5731
f 5671 8174 8175
f 5671 8416 8174
f 5671 8175 5670
f 5649 5650 5655
f 5649 5655 5656
f 8190 491 8210
f 8400 8169 8170
f 8400 5620 8169
f 8400 8170 8420
f 7896 5724 819
f 7896 819 820
f 7896 8206 5724
f 7896 820 7916
f 490 491 8190
f 8205 8206 7896
f 8415 8416 5671
f 7911 7912 5732
f 5672 8415 5671
f 8191 490 8190
f 7897 8205 7896
f 5718 490 8191
f 5737 5736 528
f 5737 528 529
f 8414 8415 5672
f 8204 8205 7897
f 7910 7911 5732
f 7910 5732 5733
f 5673 8414 5672
f 8192 5718 8191
f 7898 8204 7897
f 5717 5718 8192
f 5738 5735 5736
f 5738 5736 5737
f 8203 8204 7898
f 7909 7910 5733
f 7909 5733 5734
f 8413 8414 5673
f 5674 8413 5673
f 5716 5717 8192
f 5739 5734 5735
f 5739 5735 5738
f 5739 7909 5734
f 8193 5716 8192
f 7899 8203 7898
f 512 8413 5674
f 8202 8203 7899
f 8412 8413 512
f 7908 7909 5739
f 5715 5716 8193
f 5740 7908 5739
f 8194 5715 8193
f 7900 8202 7899
f 8201 8202 7900
f 7907 7908 5740
f 5714 5715 8194
f 5741 7907 5740
f 8195 5714 8194
f 7901 8201 7900
f 8200 8201 7901
f 8019 5746 532
f 8040 5709 5710
f 8020 5745 5746
f 8020 5746 8019
f 8041 5709 8040
f 8041 487 5709
f 8039 8040 5710
f 8039 5710 5711
f 8018 8019 532
f 8021 5745 8020
f 8021 5744 5745
f 8042 487 8041
f 8038 8039 5711
f 8038 5711 5712
f 8001 5743 5744
f 8001 5744 8021
f 8037 5712 5713
f 8037 8038 5712
f 8002 5742 5743
f 8002 5743 8001
f 8036 5713 5714
f 8036 8037 5713
f 8036 5714 8195
f 8003 7906 7907
f 8003 5741 5742
f 8003 5742 8002
f 8003 7907 5741
f 8035 8036 8195
f 8035 8195 8196
f 8439 8032 8033
f 8229 7904 7905
f 7893 8007 8008
f 8230 7903 7904
f 8230 7904 8229
f 8629 8402 8403
f 8629 8403 8628
f 8440 8032 8439
f 8440 8031 8032
f 7894 8006 8007
f 7894 8007 7893
f 5644 5645 5646
f 5644 5646 5647
f 5676 8407 8408
f 5676 8408 5675
f 513 8408 8409
f 513 8409 8410
f 513 5675 8408
f 8627 8403 8404
f 8627 8628 8403
f 8438 8033 8034
f 8438 8439 8033
f 8228 7905 7906
f 8228 8229 7905
f 7892 7893 8008
f 7892 8008 8009
f 8231 7902 7903
f 8231 7903 8230
f 8630 8400 8401
f 8630 8401 8402
f 8630 8402 8629
f 8441 8030 8031
f 8441 8031 8440
f 7895 8005 8006
f 7895 8006 7894
f 5643 5647 5648
f 5643 5648 5649
f 5643 5644 5647
f 5677 8406 8407
f 5677 8407 5676
f 8227 7906 8003
f 8227 8003 8004
f 8227 8228 7906
f 8626 8404 8405
f 8626 8627 8404
f 8437 8438 8034
f 8437 8034 8035
f 7891 7892 8009
f 5678 8405 8406
f 5678 8626 8405
f 5678 8406 5677
f 8211 7902 8231
f 8211 7901 7902
f 8211 8200 7901
f 8421 8030 8441
f 8421 8029 8030
f 8610 8400 8630
f 7875 8005 7895
f 7875 8004 8005
f 5642 5649 5656
f 5642 5643 5649
f 486 8025 8026
f 533 8013 8014
f 8226 8227 8004
f 8226 8004 7875
f 8625 8626 5678
f 8436 8035 8196
f 8436 8437 8035
f 7890 8009 8010
f 7890 7891 8009
f 5679 8625 5678
f 8212 8200 8211
f 8422 8029 8421
f 8422 8028 8029
f 7876 8226 7875
f 5708 8026 8027
f 5708 486 8026
f 5747 8013 533
f 5747 8012 8013
f 8225 8226 7876
f 8624 8625 5679
f 7889 8010 8011
f 7889 7890 8010
f 5680 8624 5679
f 8423 8027 8028
f 8423 8028 8422
f 7877 8225 7876
f 5707 8027 8423
f 5707 5708 8027
f 5748 7889 8011
f 5748 8011 8012
f 5748 8012 5747
f 8224 8225 7877
f 8623 8624 5680
f 7888 7889 5748
f 5681 8623 5680
f 5706 5707 8423
f 5749 7888 5748
f 8424 5706 8423
f 7878 8224 7877
f 508 8623 5681
f 8223 8224 7878
f 8622 8623 508
f 7887 7888 5749
f 5705 5706 8424
f 5750 7887 5749
f 8425 5705 8424
f 7879 8223 7878
f 8222 8223 7879
f 8621 8622 508
f 7886 7887 5750
f 5704 5705 8425
f 5751 7886 5750
f 8426 5704 8425
f 7880 8222 7879
f 8221 8222 7880
f 5835 8198 8199
f 5836 8198 5835
f 5836 8197 8198
f 5834 8199 8200
f 5834 8212 8213
f 5834 5835 8199
f 5834 8200 8212
f 5837 8436 8196
f 5837 8197 5836
f 5837 8196 8197
f 5837 8435 8436
f 5833 5834 8213
f 5833 8213 8214
f 5817 8435 5837
f 5817 8433 8434
f 5817 8434 8435
f 5832 5833 8214
f 5832 8214 8215
f 5832 8215 8216
f 5818 8433 5817
f 5818 8432 8433
f 5831 5832 8216
f 5831 8216 8217
f 5819 8432 5818
f 5819 8431 8432
f 5830 8217 8218
f 5830 5831 8217
f 5820 8431 5819
f 8649 5701 5702
f 7704 8219 8220
f 7515 8429 8430
f 7872 5754 5755
f 8250 7883 7884
f 8860 8612 8613
f 8860 8613 8859
f 8650 5701 8649
f 8650 5699 5700
f 8650 5700 5701
f 7705 8219 7704
f 7705 8218 8219
f 7516 8428 8429
f 7516 8429 7515
f 8251 7882 7883
f 8251 7883 8250
f 7873 5753 5754
f 7873 5754 7872
f 5637 5639 5640
f 5637 5638 5639
f 5683 8617 8618
f 5683 8618 5682
f 509 8618 8619
f 509 8619 8620
f 509 5682 8618
f 662 663 5639
f 662 5639 5638
f 8858 8613 8614
f 8858 8859 8613
f 8648 8649 5702
f 8648 5702 5703
f 7514 8430 8431
f 7514 7515 8430
f 7703 8220 8221
f 7703 7704 8220
f 7871 5755 5756
f 7871 7872 5755
f 8249 7884 7885
f 8249 8250 7884
f 8861 8611 8612
f 8861 8612 8860
f 7706 5830 8218
f 7706 8218 7705
f 8651 5699 8650
f 8651 483 5699
f 7517 8428 7516
f 7517 8427 8428
f 7874 5753 7873
f 7874 5752 5753
f 8252 7882 8251
f 8252 7881 7882
f 5636 5640 5641
f 5636 5637 5640
f 5684 8616 8617
f 5684 8617 5683
f 8857 8614 8615
f 8857 8858 8614
f 7513 8431 5820
f 7513 7514 8431
f 8647 8648 5703
f 8647 5704 8426
f 8647 5703 5704
f 7702 8221 7880
f 7702 7703 8221
f 8248 7885 7886
f 8248 8249 7885
f 7870 5756 536
f 7870 7871 5756
f 8841 8611 8861
f 8841 8610 8611
f 8631 483 8651
f 7497 8647 8426
f 7497 8427 7517
f 7497 8426 8427
f 7686 5830 7706
f 7686 5829 5830
f 8232 7880 7881
f 8232 7702 7880
f 8232 7881 8252
f 5685 8857 8615
f 5685 8615 8616
f 5685 8616 5684
f 7854 5752 7874
f 7854 7886 5751
f 7854 5751 5752
f 7854 8248 7886
f 5635 5641 5642
f 5635 5636 5641
f 482 483 8631
f 537 7870 536
f 8856 8857 5685
f 7512 7513 5820
f 7512 5820 5821
f 8646 8647 7497
f 7701 7702 8232
f 7869 7870 537
f 8247 8248 7854
f 5686 8856 5685
f 7498 8646 7497
f 8632 482 8631
f 7687 5829 7686
f 7687 5828 5829
f 7855 8247 7854
f 8233 7701 8232
f 5698 482 8632
f 5757 7869 537
f 8645 8646 7498
f 7511 7512 5821
f 7511 5821 5822
f 7700 7701 8233
f 7868 7869 5757
f 8246 8247 7855
f 7499 8645 7498
f 8633 5698 8632
f 7688 5827 5828
f 7688 5828 7687
f 8234 7700 8233
f 7856 8246 7855
f 5697 5698 8633
f 5758 7868 5757
f 8644 8645 7499
f 7699 7700 8234
f 8245 8246 7856
f 7510 7511 5822
f 7510 5822 5823
f 7867 7868 5758
f 5696 5697 8633
f 5759 7867 5758
f 8634 5696 8633
f 7500 8644 7499
f 7689 5827 7688
f 8235 7699 8234
f 7857 8245 7856
f 8244 8245 7857
f 8643 8644 7500
f 7509 7510 5823
f 7698 7699 8235
f 7866 7867 5759
f 5695 5696 8634
f 5760 7866 5759
f 8635 5695 8634
f 7501 8643 7500
f 7690 5827 7689
f 7690 5826 5827
f 8236 7698 8235
f 7858 8244 7857
f 7697 7698 8236
f 8642 8643 7501
f 7865 7866 5760
f 8243 8244 7858
f 5694 5695 8635
f 5761 7865 5760
f 7502 8642 7501
f 8636 5694 8635
f 8237 7697 8236
f 7859 8243 7858
f 779 5687 5688
f 5630 5632 5633
f 5630 5633 5634
f 780 5687 779
f 780 8856 5686
f 780 8855 8856
f 780 5686 5687
f 5631 665 5632
f 5631 5632 5630
f 778 779 5688
f 778 5688 504
f 5629 5630 5634
f 5629 5634 5635
f 7696 7697 8237
f 781 8855 780
f 781 8854 8855
f 505 778 504
f 664 665 5631
f 5628 5635 5642
f 5628 5629 5635
f 744 8854 781
f 744 8853 8854
f 478 479 5689
f 539 5766 538
f 766 8853 744
f 766 8852 8853
f 777 478 5689
f 777 5689 5690
f 5767 5766 539
f 5767 5765 5766
f 767 8852 766
f 767 8851 8852
f 768 8851 767
f 768 8850 8851
f 776 777 5690
f 776 5690 5691
f 5768 5765 5767
f 5768 5764 5765
f 769 8850 768
f 775 776 5691
f 775 5691 5692
f 5769 5764 5768
f 5769 5763 5764
f 699 8848 8849
f 700 8847 8848
f 700 8848 699
f 330 5625 5626
f 329 5626 5627
f 329 330 5626
f 698 699 8849
f 701 8846 8847
f 701 8847 700
f 328 329 5627
f 328 5627 5628
f 328 5628 5642
f 331 5625 330
f 697 8849 8850
f 697 698 8849
f 702 8846 701
f 327 5642 5656
f 327 5656 5592
f 327 328 5642
f 310 5624 5625
f 310 5625 331
f 703 8845 8846
f 703 8846 702
f 863 697 8850
f 862 863 8850
f 862 8850 769
f 864 697 863
f 793 310 792
f 793 5624 310
f 791 792 310
f 499 769 498
f 499 862 769
f 708 697 864
f 666 667 5624
f 666 5624 793
f 334 791 310
f 678 679 770
f 545 5774 544
f 9069 8843 8844
f 8880 774 775
f 8880 775 5692
f 7851 5770 5771
f 7683 8240 8241
f 8670 7505 7506
f 7494 5824 5825
f 8460 7694 7695
f 7305 8639 8640
f 8271 7862 7863
f 9070 8843 9069
f 8881 774 8880
f 8881 773 774
f 7852 5763 5769
f 7852 5770 7851
f 7852 5769 5770
f 8671 7505 8670
f 8671 7504 7505
f 7495 5824 7494
f 7684 8240 7683
f 7684 8239 8240
f 8461 7693 7694
f 8461 7694 8460
f 7306 8639 7305
f 7306 8638 8639
f 8272 7861 7862
f 8272 7862 8271
f 9068 8845 703
f 9068 9069 8844
f 9068 8844 8845
f 8879 8880 5692
f 8879 5692 5693
f 8669 7506 7507
f 8669 8670 7506
f 7850 7851 5771
f 7850 5771 5772
f 7682 7683 8241
f 7682 8241 8242
f 7493 7494 5825
f 7493 5825 5826
f 7493 5826 7690
f 8459 8460 7695
f 8459 7695 7696
f 7304 7305 8640
f 7304 8640 8641
f 8270 7863 7864
f 8270 8271 7863
f 861 678 770
f 853 685 709
f 782 5774 545
f 790 333 322
f 9071 8841 8842
f 9071 8842 8843
f 9071 8843 9070
f 8882 772 773
f 8882 773 8881
f 7853 5763 7852
f 7853 5762 5763
f 7685 8238 8239
f 7685 8239 7684
f 8672 7503 7504
f 8672 7504 8671
f 7496 7509 5823
f 7496 7508 7509
f 7496 5823 5824
f 7496 5824 7495
f 8462 7692 7693
f 8462 7693 8461
f 7307 8637 8638
f 7307 8638 7306
f 8273 7861 8272
f 8273 7860 7861
f 8878 5694 8636
f 8878 5693 5694
f 8878 8879 5693
f 9067 703 704
f 9067 9068 703
f 7849 5772 5773
f 7849 7850 5772
f 8668 8669 7507
f 8668 7507 7508
f 7492 7690 7691
f 7492 7493 7690
f 8458 8459 7696
f 8458 7696 8237
f 7681 7682 8242
f 7681 8243 7859
f 7681 8242 8243
f 7303 8642 7502
f 7303 8641 8642
f 7303 7304 8641
f 8269 7864 7865
f 8269 8270 7864
f 9051 8841 9071
f 8862 772 8882
f 8862 771 772
f 7833 7865 5761
f 7833 8269 7865
f 7833 5762 7853
f 7833 5761 5762
f 8652 7502 7503
f 8652 7303 7502
f 8652 7503 8672
f 8442 7691 7692
f 8442 7492 7691
f 8442 7692 8462
f 7476 8668 7508
f 7476 7508 7496
f 7665 8238 7685
f 7665 8458 8237
f 7665 8237 8238
f 7287 8878 8636
f 7287 8636 8637
f 7287 8637 7307
f 8253 7860 8273
f 8253 7681 7859
f 8253 7859 7860
f 854 685 853
f 789 790 322
f 9066 704 705
f 9066 9067 704
f 8877 8878 7287
f 7848 7849 5773
f 7848 5773 5774
f 8667 8668 7476
f 7680 7681 8253
f 7491 7492 8442
f 8457 8458 7665
f 7302 7303 8652
f 8268 8269 7833
f 8863 771 8862
f 8863 770 771
f 7834 8268 7833
f 8653 7302 8652
f 7666 8457 7665
f 7477 8667 7476
f 8443 7491 8442
f 7288 8877 7287
f 8254 7680 8253
f 9065 705 706
f 9065 9066 705
f 8876 8877 7288
f 8666 8667 7477
f 7847 7848 5774
f 7679 7680 8254
f 7490 7491 8443
f 8456 8457 7666
f 7301 7302 8653
f 8267 8268 7834
f 8654 7301 8653
f 7835 8267 7834
f 7667 8456 7666
f 7478 8666 7477
f 8444 7490 8443
f 7289 8876 7288
f 8255 7679 8254
f 8875 8876 7289
f 8665 8666 7478
f 7678 7679 8255
f 7489 7490 8444
f 8455 8456 7667
f 7300 7301 8654
f 8266 8267 7835
f 8655 7300 8654
f 7836 8266 7835
f 7479 8665 7478
f 7668 8455 7667
f 8445 7489 8444
f 7290 8875 7289
f 8256 7678 8255
f 366 770 8863
f 366 861 770
f 366 390 859
f 366 859 860
f 366 860 861
f 366 8863 8864
f 466 685 854
f 466 854 855
f 466 855 465
f 350 5774 782
f 350 7847 5774
f 350 782 783
f 350 783 784
f 350 784 361
f 668 789 322
f 668 684 788
f 668 788 789
f 387 366 8864
f 468 706 685
f 468 9065 706
f 468 685 466
f 468 9064 9065
f 351 7847 350
f 351 7846 7847
f 469 9064 468
f 386 8864 8865
f 386 387 8864
f 352 7846 351
f 8874 8875 7290
f 7488 7489 8445
f 7677 7678 8256
f 8664 8665 7479
f 8454 8455 7668
f 7299 7300 8655
f 8265 8266 7836
f 7837 8265 7836
f 8656 7299 8655
f 7480 8664 7479
f 8446 7488 8445
f 7669 8454 7668
f 7291 8874 7290
f 8257 7677 8256
f 385 386 8865
f 385 8865 8866
f 470 9064 469
f 470 9063 9064
f 353 7846 352
f 353 7845 7846
f 471 9063 470
f 384 385 8866
f 354 7845 353
f 241 322 323
f 241 323 324
f 241 324 325
f 240 674 675
f 240 675 676
f 240 676 677
f 240 677 668
f 240 322 241
f 240 668 322
f 467 477 856
f 467 856 857
f 378 857 858
f 378 858 389
f 378 467 857
f 673 674 240
f 547 786 787
f 547 787 546
f 338 362 785
f 338 785 786
f 338 786 547
f 379 476 467
f 379 467 378
f 9062 471 472
f 9062 9063 471
f 8873 8874 7291
f 7844 354 355
f 7844 7845 354
f 8663 8664 7480
f 7487 7488 8446
f 8453 8454 7669
f 7676 7677 8257
f 7298 7299 8656
f 8264 8265 7837
f 8867 382 383
f 8867 383 384
f 8867 384 8866
f 7838 8264 7837
f 8657 7298 8656
f 7670 8453 7669
f 7481 8663 7480
f 8447 7487 8446
f 7292 8873 7291
f 8258 7676 8257
f 7843 7844 355
f 7843 355 356
f 7297 7298 8657
f 275 241 325
f 275 325 326
f 238 673 240
f 238 669 670
f 238 670 671
f 238 671 672
f 238 672 673
f 239 358 359
f 239 359 338
f 239 547 669
f 239 338 547
f 239 669 238
f 276 275 326
f 276 326 327
f 9300 9054 9055
f 9090 476 379
f 9090 475 476
f 9090 379 380
f 7662 8261 8262
f 7830 239 278
f 6906 9059 9060
f 8691 7484 7485
f 7473 8450 8451
f 7284 8660 8661
f 7116 8870 8871
f 8103 236 237
f 8292 7841 7842
f 8481 7673 7674
f 9301 9054 9300
f 9301 9053 9054
f 9091 474 475
f 9091 475 9090
f 7831 239 7830
f 7831 358 239
f 7663 8261 7662
f 7663 8260 8261
f 6907 9058 9059
f 6907 9059 6906
f 8692 7483 7484
f 8692 7484 8691
f 7474 8450 7473
f 7474 8449 8450
f 7285 8660 7284
f 7285 8659 8660
f 7117 8870 7116
f 7117 8869 8870
f 8482 7672 7673
f 8482 7673 8481
f 8104 236 8103
f 8293 7840 7841
f 8293 7841 8292
f 9299 9300 9055
f 9089 9090 380
f 9089 380 381
f 7661 7662 8262
f 7661 8262 8263
f 7829 7830 278
f 7472 7473 8451
f 7472 8451 8452
f 6905 9060 9061
f 6905 6906 9060
f 8690 7485 7486
f 8690 8691 7485
f 7115 8871 8872
f 7115 7116 8871
f 7283 7284 8661
f 7283 8661 8662
f 8102 8103 237
f 8480 7674 7675
f 8480 8481 7674
f 8291 8292 7842
f 8291 7842 7843
f 9302 9053 9301
f 9302 9051 9052
f 9302 9052 9053
f 9092 473 474
f 9092 474 9091
f 7664 8260 7663
f 7664 8259 8260
f 7832 357 358
f 7832 358 7831
f 6908 9058 6907
f 6908 9057 9058
f 7475 8449 7474
f 7475 8448 8449
f 7118 8869 7117
f 7118 8868 8869
f 8693 7483 8692
f 8693 7482 7483
f 7286 8659 7285
f 7286 8658 8659
f 8105 235 236
f 8105 236 8104
f 8294 7840 8293
f 8294 7839 7840
f 8483 7671 7672
f 8483 7672 8482
f 9298 9299 9055
f 9298 9055 9056
f 9088 9089 381
f 9088 381 382
f 7828 278 277
f 7828 7829 278
f 7660 8264 7838
f 7660 7661 8263
f 7660 8263 8264
f 8689 7486 7487
f 8689 8690 7486
f 8689 7487 8447
f 6904 6905 9061
f 6904 9061 9062
f 7471 7472 8452
f 7471 8453 7670
f 7471 8452 8453
f 7114 8872 8873
f 7114 7115 8872
f 7114 7292 7293
f 7114 8873 7292
f 7282 7283 8662
f 7282 8663 7481
f 7282 8662 8663
f 8101 237 276
f 8101 8102 237
f 8479 7675 7676
f 8479 7676 8258
f 8479 8480 7675
f 8290 8291 7843
f 8290 7843 356
f 9072 472 473
f 9072 473 9092
f 9072 9062 472
f 9072 6904 9062
f 9282 9051 9302
f 7812 8290 356
f 7812 357 7832
f 7812 356 357
f 7644 8479 8258
f 7644 8259 7664
f 7644 8258 8259
f 8673 7481 7482
f 8673 7482 8693
f 8673 7282 7481
f 6888 9057 6908
f 6888 9056 9057
f 6888 9298 9056
f 7455 8689 8447
f 7455 8448 7475
f 7455 8447 8448
f 7098 382 8867
f 7098 8868 7118
f 7098 9088 382
f 7098 8867 8868
f 7266 8658 7286
f 7266 8657 8658
f 7266 7297 8657
f 8274 7660 7838
f 8274 7838 7839
f 8274 7839 8294
f 8085 235 8105
f 8463 7670 7671
f 8463 7671 8483
f 8463 7471 7670
f 9297 9298 6888
f 9087 9088 7098
f 7659 7660 8274
f 7827 7828 277
f 6903 6904 9072
f 7470 7471 8463
f 8688 8689 7455
f 8100 8101 276
f 7281 7282 8673
f 7113 7114 7293
f 8478 8479 7644
f 8289 8290 7812
f 9073 6903 9072
f 7813 8289 7812
f 7645 8478 7644
f 6889 9297 6888
f 7456 8688 7455
f 8674 7281 8673
f 7099 9087 7098
f 8086 235 8085
f 7267 7297 7266
f 8275 7659 8274
f 8464 7470 8463
f 9296 9297 6889
f 9086 9087 7099
f 7826 7827 277
f 7658 7659 8275
f 6902 6903 9073
f 7469 7470 8464
f 8687 8688 7456
f 7280 7281 8674
f 8477 8478 7645
f 8288 8289 7813
f 9074 6902 9073
f 7814 8288 7813
f 7646 8477 7645
f 8675 7280 8674
f 6890 9296 6889
f 7100 9086 7099
f 7457 8687 7456
f 8087 234 235
f 8087 235 8086
f 8465 7469 8464
f 8276 7658 8275
f 9085 9086 7100
f 9295 9296 6890
f 7825 277 234
f 7825 7826 277
f 7657 7658 8276
f 8686 8687 7457
f 6901 6902 9074
f 7468 7469 8465
f 7279 7280 8675
f 8476 8477 7646
f 8287 8288 7814
f 8061 7295 7296
f 8062 7294 7295
f 8062 7295 8061
f 9075 6901 9074
f 7815 8287 7814
f 7647 8476 7646
f 6891 9295 6890
f 7458 8686 7457
f 8676 7279 8675
f 7101 9085 7100
f 8277 7657 8276
f 8088 234 8087
f 8088 7825 234
f 8466 7468 8465
f 8060 7296 7297
f 8060 8061 7296
f 8063 7294 8062
f 8063 7293 7294
f 8063 7113 7293
f 8059 7267 7268
f 8059 7297 7267
f 8059 8060 7297
f 9294 9295 6891
f 9084 9085 7101
f 7656 7657 8277
f 7824 7825 8088
f 6900 6901 9075
f 7467 7468 8466
f 8685 8686 7458
f 7278 7279 8676
f 8286 8287 7815
f 8475 8476 7647
f 8043 7113 8063
f 8043 7112 7113
f 9076 6900 9075
f 7648 8475 7647
f 7816 8286 7815
f 6892 9294 6891
f 7102 9084 7101
f 7459 8685 7458
f 8677 7278 8676
f 8089 7824 8088
f 8467 7467 8466
f 8278 7656 8277
f 8058 7268 7269
f 8058 8059 7268
f 9083 9084 7102
f 9293 9294 6892
f 7655 7656 8278
f 7823 7824 8089
f 6899 6900 9076
f 7466 7467 8467
f 8684 8685 7459
f 7277 7278 8677
f 8474 8475 7648
f 8285 8286 7816
f 8044 7112 8043
f 8044 7111 7112
f 9077 6899 9076
f 7649 8474 7648
f 7817 8285 7816
f 7460 8684 7459
f 6893 9293 6892
f 8678 7277 8677
f 7103 9083 7102
f 8090 7823 8089
f 8468 7466 8467
f 8279 7655 8278
f 7654 7655 8279
f 6898 6899 9077
f 8057 7269 7270
f 8057 8058 7269
f 8045 7110 7111
f 8045 7111 8044
f 8056 7270 7271
f 8056 8057 7270
f 8046 7110 8045
f 8046 7109 7110
f 8055 7271 7272
f 8055 8056 7271
f 8047 7109 8046
f 8047 7108 7109
f 9321 6896 6897
f 9111 7106 7107
f 8901 7274 7275
f 7641 8282 8283
f 7809 8093 8094
f 6696 9290 9291
f 7452 8471 8472
f 9531 9284 9285
f 9531 9285 9286
f 6885 9080 9081
f 8124 8098 8099
f 7263 8681 8682
f 7095 8051 8052
f 8313 7820 7821
f 8712 7463 7464
f 8502 7652 7653
f 9322 6896 9321
f 9322 6895 6896
f 9112 7106 9111
f 9112 7105 7106
f 7642 8281 8282
f 7642 8282 7641
f 8902 7273 7274
f 8902 7274 8901
f 6697 9289 9290
f 6697 9290 6696
f 7453 8470 8471
f 7453 8471 7452
f 7810 8092 8093
f 7810 8093 7809
f 9532 9284 9531
f 6886 9079 9080
f 6886 9080 6885
f 8125 8098 8124
f 8125 8097 8098
f 7264 8680 8681
f 7264 8681 7263
f 8314 7820 8313
f 8314 7819 7820
f 8713 7462 7463
f 8713 7463 8712
f 7096 8051 7095
f 7096 8050 8051
f 8503 7652 8502
f 8503 7651 7652
f 9320 9321 6897
f 9320 6897 6898
f 9110 7107 7108
f 9110 9111 7107
f 8900 7275 7276
f 8900 8901 7275
f 7640 8283 8284
f 7640 7641 8283
f 6695 6696 9291
f 6695 9291 9292
f 9530 9531 9286
f 7451 8472 8473
f 7451 7452 8472
f 7808 8094 8095
f 7808 7809 8094
f 6884 9081 9082
f 6884 6885 9081
f 7262 7263 8682
f 7262 8682 8683
f 8123 8099 8100
f 8123 8124 8099
f 7094 7095 8052
f 7094 8052 8053
f 8312 8313 7821
f 8312 7821 7822
f 8501 8502 7653
f 8501 7653 7654
f 8711 7464 7465
f 8711 8712 7464
f 9323 6894 6895
f 9323 6895 9322
f 9113 7104 7105
f 9113 7105 9112
f 7454 8469 8470
f 7454 8470 7453
f 7643 8280 8281
f 7643 8281 7642
f 7811 8091 8092
f 7811 8092 7810
f 6698 9288 9289
f 6698 9289 6697
f 8903 7273 8902
f 8903 7272 7273
f 9533 9283 9284
f 9533 9284 9532
f 6887 9078 9079
f 6887 9079 6886
f 8126 8097 8125
f 8126 8096 8097
f 7265 8679 8680
f 7265 8680 7264
f 8315 7818 7819
f 8315 7819 8314
f 7097 8049 8050
f 7097 8050 7096
f 8714 7461 7462
f 8714 7462 8713
f 8504 7650 7651
f 8504 7651 8503
f 9319 9320 6898
f 9319 6898 9077
f 8899 7276 7277
f 8899 7277 8678
f 8899 8900 7276
f 9109 7108 8047
f 9109 9110 7108
f 9109 8047 8048
f 7639 8284 8285
f 7639 7640 8284
f 7639 8285 7817
f 6694 6695 9292
f 6694 9292 9293
f 6694 9293 6893
f 7450 8473 8474
f 7450 7451 8473
f 7450 8474 7649
f 7807 8095 8096
f 7807 7808 8095
f 9529 9286 9287
f 9529 9530 9286
f 6883 9082 9083
f 6883 6884 9082
f 6883 9083 7103
f 8122 8100 276
f 8122 8123 8100
f 7093 7094 8053
f 7093 8053 8054
f 8710 7465 7466
f 8710 8711 7465
f 8710 7466 8468
f 7261 8683 8684
f 7261 8684 7460
f 7261 7262 8683
f 8500 8501 7654
f 8500 7654 8279
f 8311 8312 7822
f 8311 7822 7823
f 8311 7823 8090
f 9093 7104 9113
f 9093 7103 7104
f 9093 6883 7103
f 9303 6694 6893
f 9303 6893 6894
f 9303 6894 9323
f 7623 8500 8279
f 7623 8279 8280
f 7623 8280 7643
f 8883 7272 8903
f 8883 8055 7272
f 8883 8054 8055
f 7791 8090 8091
f 7791 8091 7811
f 7791 8311 8090
f 6678 9529 9287
f 6678 9287 9288
f 6678 9288 6698
f 7434 8468 8469
f 7434 8710 8468
f 7434 8469 7454
f 9513 9282 9283
f 9513 9283 9533
f 6867 9077 9078
f 6867 9319 9077
f 6867 9078 6887
f 8106 8096 8126
f 8106 7807 8096
f 7077 8049 7097
f 7077 8048 8049
f 7245 8678 8679
f 7245 8899 8678
f 7245 8679 7265
f 8295 7818 8315
f 8295 7817 7818
f 8295 7639 7817
f 8694 7460 7461
f 8694 7261 7460
f 8694 7461 8714
f 8484 7650 8504
f 8484 7450 7649
f 8484 7649 7650
f 9318 9319 6867
f 9108 8048 7077
f 9108 9109 8048
f 7638 7639 8295
f 8898 8899 7245
f 7806 7807 8106
f 6693 6694 9303
f 7449 7450 8484
f 9528 9529 6678
f 6882 6883 9093
f 7092 7093 8054
f 7092 8054 8883
f 7260 7261 8694
f 8709 8710 7434
f 8310 8311 7791
f 8499 8500 7623
f 9304 6693 9303
f 9094 6882 9093
f 7624 8499 7623
f 6679 9528 6678
f 7792 8310 7791
f 8884 7092 8883
f 7435 8709 7434
f 6868 9318 6867
f 8107 7806 8106
f 7078 9108 7077
f 8296 7638 8295
f 7246 8898 7245
f 8485 7449 8484
f 8695 7260 8694
f 9317 9318 6868
f 9107 9108 7078
f 7637 7638 8296
f 8897 8898 7246
f 9527 9528 6679
f 6692 6693 9304
f 7448 7449 8485
f 7805 7806 8107
f 6881 6882 9094
f 7091 7092 8884
f 7259 7260 8695
f 8708 8709 7435
f 8309 8310 7792
f 8498 8499 7624
f 9095 6881 9094
f 9305 6692 9304
f 7625 8498 7624
f 8885 7091 8884
f 7436 8708 7435
f 6680 9527 6679
f 7793 8309 7792
f 6869 9317 6868
f 8108 7805 8107
f 7079 9107 7078
f 7247 8897 7246
f 8297 7637 8296
f 8696 7259 8695
f 8486 7448 8485
f 9316 9317 6869
f 9106 9107 7079
f 8896 8897 7247
f 7636 7637 8297
f 7447 7448 8486
f 9526 9527 6680
f 7804 7805 8108
f 6691 6692 9305
f 6880 6881 9095
f 8707 8708 7436
f 7090 7091 8885
f 7258 7259 8696
f 8308 8309 7793
f 8497 8498 7625
f 9306 6691 9305
f 9096 6880 9095
f 6681 9526 6680
f 7626 8497 7625
f 8886 7090 8885
f 7437 8707 7436
f 7794 8308 7793
f 6870 9316 6869
f 8109 7804 8108
f 7080 9106 7079
f 8697 7258 8696
f 7248 8896 7247
f 8298 7636 8297
f 8487 7447 8486
f 9315 9316 6870
f 9105 9106 7080
f 8895 8896 7248
f 6690 6691 9306
f 7803 7804 8109
f 7446 7447 8487
f 7635 7636 8298
f 9525 9526 6681
f 6879 6880 9096
f 7257 7258 8697
f 7089 7090 8886
f 8496 8497 7626
f 8706 8707 7437
f 8307 8308 7794
f 9097 6879 9096
f 9307 6690 9306
f 8887 7089 8886
f 6682 9525 6681
f 7627 8496 7626
f 7438 8706 7437
f 7795 8307 7794
f 8110 7803 8109
f 6871 9315 6870
f 7081 9105 7080
f 8698 7257 8697
f 7249 8895 7248
f 8488 7446 8487
f 8299 7635 8298
f 9104 9105 7081
f 9314 9315 6871
f 8894 8895 7249
f 7445 7446 8488
f 7634 7635 8299
f 7802 7803 8110
f 6689 6690 9307
f 9524 9525 6682
f 6878 6879 9097
f 7256 7257 8698
f 7088 7089 8887
f 8705 8706 7438
f 8306 8307 7795
f 8495 8496 7627
f 9308 6689 9307
f 9098 6878 9097
f 8888 7088 8887
f 7439 8705 7438
f 7628 8495 7627
f 6683 9524 6682
f 7796 8306 7795
f 6872 9314 6871
f 8111 7802 8110
f 7082 9104 7081
f 7250 8894 7249
f 8699 7256 8698
f 8489 7445 8488
f 8300 7634 8299
f 9103 9104 7082
f 8893 8894 7250
f 7444 7445 8489
f 6688 6689 9308
f 6877 6878 9098
f 7087 7088 8888
f 8494 8495 7628
f 9342 6875 6876
f 9132 7085 7086
f 7620 8303 8304
f 6465 9521 9522
f 6675 9311 9312
f 9552 6686 6687
f 9762 9515 9516
f 8922 7253 7254
f 7242 8702 8703
f 8145 8119 8120
f 6864 9101 9102
f 7788 8114 8115
f 8334 7799 7800
f 7074 8891 8892
f 8523 7631 7632
f 8733 7442 7443
f 9343 6874 6875
f 9343 6875 9342
f 9133 7084 7085
f 9133 7085 9132
f 6466 9520 9521
f 6466 9521 6465
f 7432 8491 8492
f 9553 6685 6686
f 9553 6686 9552
f 6676 9311 6675
f 6676 9310 9311
f 7621 8302 8303
f 7621 8303 7620
f 9763 9515 9762
f 7243 8702 7242
f 7243 8701 8702
f 8923 7253 8922
f 8923 7252 7253
f 7789 8113 8114
f 7789 8114 7788
f 8335 7799 8334
f 8335 7798 7799
f 8146 8118 8119
f 8146 8119 8145
f 6865 9101 6864
f 6865 9100 9101
f 7075 8890 8891
f 7075 8891 7074
f 8524 7630 7631
f 8524 7631 8523
f 8734 7441 7442
f 8734 7442 8733
f 9341 6876 6877
f 9341 9342 6876
f 9131 7086 7087
f 9131 9132 7086
f 7430 8492 8493
f 7430 8493 8494
f 9551 6687 6688
f 9551 9552 6687
f 6464 9522 9523
f 6464 6465 9522
f 6674 6675 9312
f 6674 9312 9313
f 7619 7620 8304
f 7619 8304 8305
f 9761 9516 9517
f 9761 9762 9516
f 8921 8922 7254
f 8921 7254 7255
f 7241 8703 8704
f 7241 7242 8703
f 8144 8120 8121
f 8144 8145 8120
f 6863 9102 9103
f 6863 6864 9102
f 7787 8115 8116
f 7787 7788 8115
f 7073 8892 8893
f 7073 7074 8892
f 8333 7800 7801
f 8333 8334 7800
f 8522 7632 7633
f 8522 8523 7632
f 8732 7443 7444
f 8732 8733 7443
f 9344 6873 6874
f 9344 6874 9343
f 9134 7083 7084
f 9134 7084 9133
f 7433 8490 8491
f 7433 8491 7432
f 7622 8302 7621
f 7622 8301 8302
f 6467 9519 9520
f 6467 9520 6466
f 9554 6685 9553
f 9554 6684 6685
f 6677 9310 6676
f 6677 9309 9310
f 7244 8700 8701
f 7244 8701 7243
f 9764 9515 9763
f 9764 9514 9515
f 8924 7252 8923
f 8924 7251 7252
f 7790 8112 8113
f 7790 8113 7789
f 8147 8118 8146
f 8147 8117 8118
f 6866 9100 6865
f 6866 9099 9100
f 8336 7797 7798
f 8336 7798 8335
f 7076 8890 7075
f 7076 8889 8890
f 8525 7630 8524
f 8525 7629 7630
f 8735 7441 8734
f 8735 7440 7441
f 9340 6877 9098
f 9340 9341 6877
f 9130 9131 7087
f 9130 7087 8888
f 7618 8305 8306
f 7618 8306 7796
f 7618 7619 8305
f 6673 9314 6872
f 6673 9313 9314
f 6673 6674 9313
f 6463 6464 9523
f 6463 9523 9524
f 6463 9524 6683
f 7429 7430 8494
f 7429 8494 7628
f 9550 6688 9308
f 9550 9551 6688
f 9760 9761 9517
f 9760 9517 9518
f 8332 7802 8111
f 8332 7801 7802
f 8332 8333 7801
f 6862 9103 7082
f 6862 6863 9103
f 8920 7255 7256
f 8920 7256 8699
f 8920 8921 7255
f 7240 7241 8704
f 7240 8704 8705
f 7240 8705 7439
f 8143 8144 8121
f 8143 8122 276
f 8143 8121 8122
f 8143 276 327
f 7786 7787 8116
f 7786 8116 8117
f 8731 7444 8489
f 8731 8732 7444
f 7072 8893 7250
f 7072 7073 8893
f 8521 8522 7633
f 8521 7633 7634
f 8521 7634 8300
f 9324 6872 6873
f 9324 6873 9344
f 9324 6673 6872
f 9114 7082 7083
f 9114 6862 7082
f 9114 7083 9134
f 7413 8489 8490
f 7413 8490 7433
f 7413 8731 8489
f 7602 8300 8301
f 7602 8301 7622
f 7602 8521 8300
f 9534 6463 6683
f 9534 6683 6684
f 9534 6684 9554
f 6447 9760 9518
f 6447 9518 9519
f 6447 9519 6467
f 9744 9513 9514
f 9744 9514 9764
f 6657 9550 9308
f 6657 9308 9309
f 6657 9309 6677
f 7224 8700 7244
f 7224 8920 8699
f 7224 8699 8700
f 6846 9098 9099
f 6846 9099 6866
f 6846 9340 9098
f 8127 8117 8147
f 8127 7786 8117
f 8904 7072 7250
f 8904 7251 8924
f 8904 7250 7251
f 8316 7796 7797
f 8316 7618 7796
f 8316 7797 8336
f 7770 8111 8112
f 7770 8112 7790
f 7770 8332 8111
f 7056 9130 8888
f 7056 8888 8889
f 7056 8889 7076
f 8715 7240 7439
f 8715 7439 7440
f 8715 7440 8735
f 8505 7429 7628
f 8505 7628 7629
f 8505 7629 8525
f 9339 9340 6846
f 9129 9130 7056
f 7428 7429 8505
f 9549 9550 6657
f 6462 6463 9534
f 7617 7618 8316
f 6672 6673 9324
f 9759 9760 6447
f 6861 6862 9114
f 7239 7240 8715
f 8919 8920 7224
f 7785 7786 8127
f 7071 7072 8904
f 8331 8332 7770
f 8520 8521 7602
f 8730 8731 7413
f 9325 6672 9324
f 7603 8520 7602
f 9115 6861 9114
f 7414 8730 7413
f 9535 6462 9534
f 6448 9759 6447
f 6658 9549 6657
f 7771 8331 7770
f 8905 7071 8904
f 6847 9339 6846
f 7225 8919 7224
f 8128 7785 8127
f 7057 9129 7056
f 8317 7617 8316
f 8716 7239 8715
f 8506 7428 8505
f 9338 9339 6847
f 7427 7428 8506
f 9128 9129 7057
f 9548 9549 6658
f 6461 6462 9535
f 9758 9759 6448
f 6671 6672 9325
f 7616 7617 8317
f 6860 6861 9115
f 8918 8919 7225
f 7238 7239 8716
f 7784 7785 8128
f 8330 8331 7771
f 7070 7071 8905
f 8519 8520 7603
f 8729 8730 7414
f 9326 6671 9325
f 9116 6860 9115
f 6449 9758 6448
f 7415 8729 7414
f 9536 6461 9535
f 7604 8519 7603
f 6659 9548 6658
f 8906 7070 8905
f 8129 7784 8128
f 6848 9338 6847
f 7226 8918 7225
f 7772 8330 7771
f 7058 9128 7057
f 8318 7616 8317
f 8507 7427 8506
f 8717 7238 8716
f 9337 9338 6848
f 9127 9128 7058
f 7426 7427 8507
f 6460 6461 9536
f 7615 7616 8318
f 9547 9548 6659
f 9757 9758 6449
f 6670 6671 9326
f 8917 8918 7226
f 7237 7238 8717
f 6859 6860 9116
f 8329 8330 7772
f 7783 7784 8129
f 7069 7070 8906
f 8728 8729 7415
f 8518 8519 7604
f 9327 6670 9326
f 9117 6859 9116
f 7416 8728 7415
f 7605 8518 7604
f 6660 9547 6659
f 9537 6460 9536
f 6450 9757 6449
f 6849 9337 6848
f 7773 8329 7772
f 7227 8917 7226
f 8907 7069 8906
f 8130 7783 8129
f 8319 7615 8318
f 7059 9127 7058
f 8718 7237 8717
f 8508 7426 8507
f 9336 9337 6849
f 9126 9127 7059
f 7425 7426 8508
f 7614 7615 8319
f 9546 9547 6660
f 9756 9757 6450
f 6669 6670 9327
f 6459 6460 9537
f 7236 7237 8718
f 6858 6859 9117
f 7782 7783 8130
f 8328 8329 7773
f 8916 8917 7227
f 7068 7069 8907
f 8517 8518 7605
f 8727 8728 7416
f 9328 6669 9327
f 9118 6858 9117
f 7417 8727 7416
f 6661 9546 6660
f 7606 8517 7605
f 6451 9756 6450
f 9538 6459 9537
f 6850 9336 6849
f 8908 7068 8907
f 7228 8916 7227
f 8131 7782 8130
f 7774 8328 7773
f 8320 7614 8319
f 7060 9126 7059
f 8719 7236 8718
f 8509 7425 8508
f 9335 9336 6850
f 7424 7425 8509
f 9125 9126 7060
f 6458 6459 9538
f 7613 7614 8320
f 9545 9546 6661
f 8915 8916 7228
f 6668 6669 9328
f 7235 7236 8719
f 9755 9756 6451
f 7781 7782 8131
f 6857 6858 9118
f 8327 8328 7774
f 7067 7068 8908
f 8516 8517 7606
f 8726 8727 7417
f 9329 6668 9328
f 7418 8726 7417
f 9119 6857 9118
f 9539 6458 9538
f 6452 9755 6451
f 6662 9545 6661
f 7229 8915 7228
f 7607 8516 7606
f 6851 9335 6850
f 8909 7067 8908
f 7775 8327 7774
f 8321 7613 8320
f 7061 9125 7060
f 8132 7781 8131
f 8510 7424 8509
f 8720 7235 8719
f 9334 9335 6851
f 9124 9125 7061
f 6667 6668 9329
f 7234 7235 8720
f 9993 9746 9747
f 9993 9747 9748
f 9363 6854 6855
f 9573 6665 6666
f 6234 9752 9753
f 6444 9542 9543
f 7410 8513 8514
f 9783 6455 6456
f 9153 7064 7065
f 6654 9332 9333
f 7221 8723 8724
f 7599 8324 8325
f 8166 8140 8141
f 7053 8912 8913
f 8943 7232 7233
f 6843 9122 9123
f 7767 8135 8136
f 8544 7610 7611
f 8355 7778 7779
f 8754 7421 7422
f 9994 9745 9746
f 9994 9746 9993
f 9364 6853 6854
f 9364 6854 9363
f 6445 9541 9542
f 6445 9542 6444
f 9784 6454 6455
f 9784 6455 9783
f 7411 8513 7410
f 7411 8512 8513
f 6235 9752 6234
f 6235 9751 9752
f 9154 7063 7064
f 9154 7064 9153
f 6655 9331 9332
f 6655 9332 6654
f 9574 6665 9573
f 9574 6664 6665
f 7054 8911 8912
f 7054 8912 7053
f 7222 8723 7221
f 7222 8722 8723
f 8944 7231 7232
f 8944 7232 8943
f 7600 8324 7599
f 7600 8323 8324
f 6844 9121 9122
f 6844 9122 6843
f 8167 8139 8140
f 8167 8140 8166
f 8356 7777 7778
f 8356 7778 8355
f 7768 8134 8135
f 7768 8135 7767
f 8545 7610 8544
f 8545 7609 7610
f 8755 7421 8754
f 8755 7420 7421
f 9992 9748 9749
f 9992 9993 9748
f 9362 6855 6856
f 9362 9363 6855
f 7409 8514 8515
f 7409 7410 8514
f 9572 9573 6666
f 9572 6666 6667
f 6443 9543 9544
f 6443 6444 9543
f 6233 6234 9753
f 6233 9753 9754
f 9782 6456 6457
f 9782 9783 6456
f 6653 9333 9334
f 6653 6654 9333
f 7220 7221 8724
f 7220 8724 8725
f 9152 7065 7066
f 9152 9153 7065
f 6842 9123 9124
f 6842 6843 9123
f 7598 7599 8325
f 7598 8325 8326
f 7052 7053 8913
f 7052 8913 8914
f 8942 7233 7234
f 8942 8943 7233
f 8165 8141 8142
f 8165 8166 8141
f 7766 7767 8136
f 7766 8136 8137
f 8354 7779 7780
f 8354 8355 7779
f 8543 8544 7611
f 8543 7611 7612
f 8753 8754 7422
f 8753 7422 7423
f 9995 9745 9994
f 9365 6852 6853
f 9365 6853 9364
f 7412 8511 8512
f 7412 8512 7411
f 9575 6663 6664
f 9575 6664 9574
f 6446 9541 6445
f 6446 9540 9541
f 6236 9751 6235
f 6236 9750 9751
f 6656 9331 6655
f 6656 9330 9331
f 9785 6453 6454
f 9785 6454 9784
f 7223 8721 8722
f 7223 8722 7222
f 9155 7062 7063
f 9155 7063 9154
f 7055 8911 7054
f 7055 8910 8911
f 8168 8139 8167
f 8168 8138 8139
f 6845 9120 9121
f 6845 9121 6844
f 8945 7231 8944
f 8945 7230 7231
f 7601 8323 7600
f 7601 8322 8323
f 7769 8134 7768
f 7769 8133 8134
f 8357 7776 7777
f 8357 7777 8356
f 8546 7609 8545
f 8546 7608 7609
f 8756 7420 8755
f 8756 7419 7420
f 9991 9992 9749
f 9361 6856 6857
f 9361 9362 6856
f 9361 6857 9119
f 7408 7409 8515
f 7408 8515 8516
f 7408 8516 7607
f 6442 9545 6662
f 6442 6443 9544
f 6442 9544 9545
f 9571 6667 9329
f 9571 9572 6667
f 9781 6457 6458
f 9781 6458 9539
f 9781 9782 6457
f 6652 9334 6851
f 6652 6653 9334
f 6232 6233 9754
f 6232 9754 9755
f 6232 9755 6452
f 7051 8915 7229
f 7051 8914 8915
f 7051 7052 8914
f 9151 7066 7067
f 9151 7067 8909
f 9151 9152 7066
f 8941 7234 8720
f 8941 8942 7234
f 7219 8726 7418
f 7219 8725 8726
f 7219 7220 8725
f 7765 8137 8138
f 7765 7766 8137
f 8164 8165 8142
f 8164 8142 8143
f 6841 6842 9124
f 6841 9124 7061
f 8353 8354 7780
f 8353 7780 7781
f 8353 7781 8132
f 8542 7613 8321
f 8542 7612 7613
f 8542 8543 7612
f 7597 8327 7775
f 7597 8326 8327
f 7597 7598 8326
f 8752 8753 7423
f 8752 7423 7424
f 8752 7424 8510
f 9345 6851 6852
f 9345 6852 9365
f 9345 6652 6851
f 9555 6662 6663
f 9555 6663 9575
f 9555 6442 6662
f 6426 9781 9539
f 6426 9539 9540
f 6426 9540 6446
f 9765 6452 6453
f 9765 6453 9785
f 9765 6232 6452
f 6636 9329 9330
f 6636 9330 6656
f 6636 9571 9329
f 6216 9749 9750
f 6216 9991 9749
f 6216 9750 6236
f 7392 8510 8511
f 7392 8752 8510
f 7392 8511 7412
f 7203 8721 7223
f 7203 8720 8721
f 7203 8941 8720
f 9135 7061 7062
f 9135 6841 7061
f 9135 7062 9155
f 7035 9151 8909
f 7035 8910 7055
f 7035 8909 8910
f 7581 8322 7601
f 7581 8542 8321
f 7581 8321 8322
f 8148 8138 8168
f 8148 7765 8138
f 6825 9361 9119
f 6825 9120 6845
f 6825 9119 9120
f 8337 7775 7776
f 8337 7776 8357
f 8337 7597 7775
f 8526 7608 8546
f 8526 7408 7607
f 8526 7607 7608
f 8925 7230 8945
f 8925 7229 7230
f 8925 7051 7229
f 7749 8133 7769
f 7749 8132 8133
f 7749 8353 8132
f 8736 7219 7418
f 8736 7419 8756
f 8736 7418 7419
f 9990 9991 6216
f 9360 9361 6825
f 7407 7408 8526
f 9570 9571 6636
f 6441 6442 9555
f 9780 9781 6426
f 6231 6232 9765
f 9150 9151 7035
f 6651 6652 9345
f 7218 7219 8736
f 7050 7051 8925
f 7596 7597 8337
f 6840 6841 9135
f 8352 8353 7749
f 8940 8941 7203
f 8751 8752 7392
f 8541 8542 7581
f 7764 7765 8148
f 9346 6651 9345
f 9556 6441 9555
f 7393 8751 7392
f 6217 9990 6216
f 6427 9780 6426
f 9766 6231 9765
f 6637 9570 6636
f 7582 8541 7581
f 9136 6840 9135
f 8149 7764 8148
f 6826 9360 6825
f 8926 7050 8925
f 7036 9150 7035
f 7204 8940 7203
f 7750 8352 7749
f 8338 7596 8337
f 8527 7407 8526
f 8737 7218 8736
f 9989 9990 6217
f 9359 9360 6826
f 6230 6231 9766
f 7406 7407 8527
f 9569 9570 6637
f 6440 6441 9556
f 9779 9780 6427
f 7217 7218 8737
f 9149 9150 7036
f 6650 6651 9346
f 8939 8940 7204
f 7049 7050 8926
f 8351 8352 7750
f 7595 7596 8338
f 6839 6840 9136
f 7763 7764 8149
f 8540 8541 7582
f 8750 8751 7393
f 9347 6650 9346
f 6218 9989 6217
f 9557 6440 9556
f 9767 6230 9766
f 7394 8750 7393
f 6428 9779 6427
f 6638 9569 6637
f 7037 9149 7036
f 7205 8939 7204
f 9137 6839 9136
f 7583 8540 7582
f 8339 7595 8338
f 8150 7763 8149
f 6827 9359 6826
f 8927 7049 8926
f 8528 7406 8527
f 7751 8351 7750
f 8738 7217 8737
f 9988 9989 6218
f 9358 9359 6827
f 7405 7406 8528
f 9568 9569 6638
f 6229 6230 9767
f 6439 6440 9557
f 6649 6650 9347
f 9778 9779 6428
f 9148 9149 7037
f 7216 7217 8738
f 7048 7049 8927
f 6838 6839 9137
f 7594 7595 8339
f 7762 7763 8150
f 8350 8351 7751
f 8938 8939 7205
f 8539 8540 7583
f 8749 8750 7394
f 9348 6649 9347
f 9558 6439 9557
f 6219 9988 6218
f 6429 9778 6428
f 7395 8749 7394
f 6639 9568 6638
f 9768 6229 9767
f 7584 8539 7583
f 8151 7762 8150
f 6828 9358 6827
f 7038 9148 7037
f 8928 7048 8927
f 7206 8938 7205
f 9138 6838 9137
f 7752 8350 7751
f 8340 7594 8339
f 8529 7405 8528
f 8739 7216 8738
f 9987 9988 6219
f 9357 9358 6828
f 7404 7405 8529
f 9567 9568 6639
f 6648 6649 9348
f 6228 6229 9768
f 9777 9778 6429
f 6438 6439 9558
f 9147 9148 7038
f 7215 7216 8739
f 7593 7594 8340
f 6837 6838 9138
f 8538 8539 7584
f 7047 7048 8928
f 8937 8938 7206
f 8349 8350 7752
f 7761 7762 8151
f 8748 8749 7395
f 9349 6648 9348
f 7396 8748 7395
f 9559 6438 9558
f 6640 9567 6639
f 7039 9147 7038
f 9769 6228 9768
f 6430 9777 6429
f 6220 9987 6219
f 7207 8937 7206
f 9139 6837 9138
f 6829 9357 6828
f 8341 7593 8340
f 8530 7404 8529
f 8929 7047 8928
f 8152 7761 8151
f 7585 8538 7584
f 7753 8349 7752
f 8740 7215 8739
f 9986 9987 6220
f 9356 9357 6829
f 9566 9567 6640
f 6437 6438 9559
f 9776 9777 6430
f 6647 6648 9349
f 6227 6228 9769
f 7214 7215 8740
f 9146 9147 7039
f 7403 7404 8530
f 7592 7593 8341
f 7046 7047 8929
f 6836 6837 9139
f 8348 8349 7753
f 8537 8538 7585
f 8936 8937 7207
f 7760 7761 8152
f 8747 8748 7396
f 9350 6647 9349
f 9140 6836 9139
f 7397 8747 7396
f 6431 9776 6430
f 9770 6227 9769
f 9560 6437 9559
f 7208 8936 7207
f 7040 9146 7039
f 6641 9566 6640
f 8930 7046 8929
f 7586 8537 7585
f 6830 9356 6829
f 8342 7592 8341
f 8531 7403 8530
f 8153 7760 8152
f 7754 8348 7753
f 8741 7214 8740
f 6646 6647 9350
f 7402 7403 8531
f 7045 7046 8930
f 6226 6227 9770
f 6835 6836 9140
f 8536 8537 7586
f 8746 8747 7397
f 5617 9995 9975
f 5617 9513 9744
f 5617 9744 9745
f 5617 9745 9995
f 5617 9975 9976
f 5617 9976 9977
f 5617 9977 9978
f 5617 9978 9979
f 5617 9979 9980
f 5616 5618 5617
f 5616 5619 5618
f 5613 5616 5617
f 5612 5614 5613
f 5612 5615 5614
f 5612 5617 9980
f 5612 5613 5617
f 7977 8161 8162
f 7998 9984 9985
f 7998 9985 9986
f 7978 8161 7977
f 7978 8159 8160
f 7978 8160 8161
f 7999 9983 9984
f 7999 9984 7998
f 7976 7977 8162
f 7976 8162 8163
f 7997 9986 6220
f 7997 7998 9986
f 7997 6220 6221
f 7979 8159 7978
f 7979 8158 8159
f 8000 9982 9983
f 8000 9983 7999
f 5814 8742 8743
f 7975 7976 8163
f 7996 7997 6221
f 7996 6221 6222
f 5815 8741 8742
f 5815 8742 5814
f 5813 8743 8744
f 5813 5814 8743
f 7959 8158 7979
f 7959 8157 8158
f 7980 9982 8000
f 7980 9980 9981
f 7980 9981 9982
f 5816 7213 7214
f 5816 7214 8741
f 5816 8741 5815
f 5812 8744 8745
f 5812 5813 8744
f 5796 7213 5816
f 10014 6224 6225
f 6822 9143 9144
f 9384 6833 6834
f 6423 9563 9564
f 6633 9353 9354
f 6213 9773 9774
f 8964 7211 7212
f 9174 7043 7044
f 9804 6434 6435
f 7032 8933 8934
f 9594 6644 6645
f 8565 7589 7590
f 8775 7400 7401
f 7389 8534 8535
f 7578 8345 8346
f 7746 8156 8157
f 8376 7757 7758
f 10015 6224 10014
f 10015 6223 6224
f 6424 9563 6423
f 6424 9562 9563
f 9805 6434 9804
f 9805 6433 6434
f 6634 9353 6633
f 6634 9352 9353
f 6823 9142 9143
f 6823 9143 6822
f 7033 8933 7032
f 7033 8932 8933
f 6214 9773 6213
f 6214 9772 9773
f 8965 7211 8964
f 8965 7210 7211
f 9175 7043 9174
f 9175 7042 7043
f 9385 6833 9384
f 9385 6832 6833
f 9595 6644 9594
f 9595 6643 6644
f 8377 7757 8376
f 8377 7756 7757
f 7390 8534 7389
f 7390 8533 8534
f 7747 8156 7746
f 7747 8155 8156
f 8566 7588 7589
f 8566 7589 8565
f 7579 8345 7578
f 7579 8344 8345
f 8776 7400 8775
f 8776 7399 7400
f 10013 10014 6225
f 10013 6225 6226
f 9383 9384 6834
f 9383 6834 6835
f 9593 9594 6645
f 9593 6645 6646
f 6422 6423 9564
f 6422 9564 9565
f 6632 6633 9354
f 6632 9354 9355
f 6821 6822 9144
f 6821 9144 9145
f 6212 6213 9774
f 6212 9774 9775
f 7388 7389 8535
f 7388 8535 8536
f 8963 7212 7213
f 8963 8964 7212
f 7031 7032 8934
f 7031 8934 8935
f 9803 9804 6435
f 9803 6435 6436
f 9173 9174 7044
f 9173 7044 7045
f 7577 7578 8346
f 7577 8346 8347
f 7745 7746 8157
f 7745 8157 7959
f 8375 8376 7758
f 8375 7758 7759
f 8564 7590 7591
f 8564 8565 7590
f 8774 8775 7401
f 8774 7401 7402
f 10016 6223 10015
f 10016 7995 7996
f 10016 6222 6223
f 10016 7996 6222
f 9386 6832 9385
f 9386 6831 6832
f 6824 9142 6823
f 6824 9141 9142
f 6425 9562 6424
f 6425 9561 9562
f 6635 9352 6634
f 6635 9351 9352
f 6215 9772 6214
f 6215 9771 9772
f 9806 6433 9805
f 9806 6432 6433
f 7034 8932 7033
f 7034 8931 8932
f 8966 7209 7210
f 8966 7210 8965
f 9176 7042 9175
f 9176 7041 7042
f 9596 6643 9595
f 9596 6642 6643
f 7391 8532 8533
f 7391 8533 7390
f 7748 8155 7747
f 7748 8154 8155
f 7580 8343 8344
f 7580 8344 7579
f 8378 7756 8377
f 8378 7755 7756
f 8567 7588 8566
f 8567 7587 7588
f 8777 7398 7399
f 8777 7399 8776
f 5811 8745 8746
f 5811 5812 8745
f 7981 5612 9980
f 7981 9980 7980
f 10012 6226 9770
f 10012 10013 6226
f 9382 9383 6835
f 9382 6835 9140
f 6421 9566 6641
f 6421 9565 9566
f 6421 6422 9565
f 9802 9803 6436
f 9802 6437 9560
f 9802 6436 6437
f 9592 6646 9350
f 9592 9593 6646
f 6631 9356 6830
f 6631 9355 9356
f 6631 6632 9355
f 6820 9146 7040
f 6820 9145 9146
f 6820 6821 9145
f 7030 7031 8935
f 7030 8936 7208
f 7030 8935 8936
f 6211 9776 6431
f 6211 9775 9776
f 6211 6212 9775
f 8962 7213 5796
f 8962 8963 7213
f 8962 5796 5797
f 9172 9173 7045
f 9172 7045 8930
f 7576 7577 8347
f 7576 8348 7754
f 7576 8347 8348
f 8773 8774 7402
f 8773 7402 8531
f 7744 7745 7959
f 7744 7959 7960
f 8374 8375 7759
f 8374 7760 8153
f 8374 7759 7760
f 7387 8536 7586
f 7387 7388 8536
f 8563 8564 7591
f 8563 7591 7592
f 8563 7592 8342
f 9996 7995 10016
f 6804 9141 6824
f 6804 9382 9140
f 6804 9140 9141
f 9366 6831 9386
f 9366 6631 6830
f 9366 6830 6831
f 6195 9771 6215
f 6195 10012 9770
f 6195 9770 9771
f 9786 6432 9806
f 9786 6431 6432
f 9786 6211 6431
f 9576 6421 6641
f 9576 6642 9596
f 9576 6641 6642
f 6615 9351 6635
f 6615 9350 9351
f 6615 9592 9350
f 6405 9802 9560
f 6405 9561 6425
f 6405 9560 9561
f 7014 9172 8930
f 7014 8931 7034
f 7014 8930 8931
f 9156 7041 9176
f 9156 7040 7041
f 9156 6820 7040
f 8547 7586 7587
f 8547 7387 7586
f 8547 7587 8567
f 8757 7398 8777
f 8757 7397 7398
f 8757 8746 7397
f 8946 7209 8966
f 8946 7208 7209
f 8946 7030 7208
f 7560 8343 7580
f 7560 8342 8343
f 7560 8563 8342
f 7371 8532 7391
f 7371 8773 8531
f 7371 8531 8532
f 7728 8374 8153
f 7728 8154 7748
f 7728 8153 8154
f 8358 7755 8378
f 8358 7576 7754
f 8358 7754 7755
f 10011 10012 6195
f 9381 9382 6804
f 9801 9802 6405
f 6819 6820 9156
f 6420 6421 9576
f 6630 6631 9366
f 9591 9592 6615
f 7029 7030 8946
f 6210 6211 9786
f 8961 8962 5797
f 7386 7387 8547
f 9171 9172 7014
f 7575 7576 8358
f 7743 7744 7960
f 8373 8374 7728
f 8562 8563 7560
f 8772 8773 7371
f 5798 8961 5797
f 9997 7995 9996
f 6196 10011 6195
f 6616 9591 6615
f 6805 9381 6804
f 9367 6630 9366
f 9577 6420 9576
f 9787 6210 9786
f 7015 9171 7014
f 8947 7029 8946
f 9157 6819 9156
f 6406 9801 6405
f 7561 8562 7560
f 7729 8373 7728
f 7372 8772 7371
f 8359 7575 8358
f 8548 7386 8547
f 8758 8746 8757
f 8758 5810 5811
f 8758 5811 8746
f 7994 7995 9997
f 10010 10011 6196
f 9800 9801 6406
f 6818 6819 9157
f 6209 6210 9787
f 9380 9381 6805
f 9590 9591 6616
f 6419 6420 9577
f 6629 6630 9367
f 7028 7029 8947
f 7385 7386 8548
f 8372 8373 7729
f 8960 8961 5798
f 9170 9171 7015
f 7574 7575 8359
f 8561 8562 7561
f 8771 8772 7372
f 7961 7743 7960
f 7961 7742 7743
f 7982 5612 7981
f 9998 7994 9997
f 9368 6629 9367
f 6806 9380 6805
f 7016 9170 7015
f 6197 10010 6196
f 9788 6209 9787
f 9578 6419 9577
f 6407 9800 6406
f 8948 7028 8947
f 6617 9590 6616
f 7373 8771 7372
f 8759 5809 5810
f 8759 5810 8758
f 8360 7574 8359
f 9158 6818 9157
f 7730 8372 7729
f 7562 8561 7561
f 8549 7385 8548
f 5799 8960 5798
f 10009 10010 6197
f 6418 6419 9578
f 9589 9590 6617
f 9799 9800 6407
f 6817 6818 9158
f 6208 6209 9788
f 9379 9380 6806
f 6628 6629 9368
f 7027 7028 8948
f 7573 7574 8360
f 7384 7385 8549
f 7741 7742 7961
f 8371 8372 7730
f 8770 8771 7373
f 8959 8960 5799
f 9169 9170 7016
f 8560 8561 7562
f 9369 6628 9368
f 6198 10009 6197
f 6408 9799 6407
f 9579 6418 9578
f 9789 6208 9788
f 6618 9589 6617
f 6807 9379 6806
f 7017 9169 7016
f 8949 7027 8948
f 9159 6817 9158
f 7731 8371 7730
f 7374 8770 7373
f 8361 7573 8360
f 8760 5809 8759
f 8760 5808 5809
f 7563 8560 7562
f 8550 7384 8549
f 5800 8959 5799
f 7993 9998 9999
f 7993 7994 9998
f 10008 10009 6198
f 9798 9799 6408
f 6816 6817 9159
f 9378 9379 6807
f 6627 6628 9369
f 6207 6208 9789
f 9588 9589 6618
f 6417 6418 9579
f 7026 7027 8949
f 8769 8770 7374
f 8958 8959 5800
f 9168 9169 7017
f 8559 8560 7563
f 7572 7573 8361
f 7383 7384 8550
f 8370 8371 7731
f 7962 7741 7961
f 7962 7740 7741
f 7983 5612 7982
f 10000 7993 9999
f 9370 6627 9369
f 9790 6207 9789
f 9160 6816 9159
f 6619 9588 6618
f 9580 6417 9579
f 6808 9378 6807
f 6199 10008 6198
f 8950 7026 8949
f 7018 9168 7017
f 6409 9798 6408
f 8551 7383 8550
f 7564 8559 7563
f 7375 8769 7374
f 7732 8370 7731
f 8362 7572 8361
f 8761 5808 8760
f 8761 5807 5808
f 5801 8958 5800
f 10007 10008 6199
f 6416 6417 9580
f 6626 6627 9370
f 6206 6207 9790
f 6815 6816 9160
f 9797 9798 6409
f 9377 9378 6808
f 9587 9588 6619
f 7025 7026 8950
f 9167 9168 7018
f 7382 7383 8551
f 8558 8559 7564
f 8768 8769 7375
f 8957 8958 5801
f 7571 7572 8362
f 8369 8370 7732
f 5802 8957 5801
f 9791 6206 9790
f 6809 9377 6808
f 7019 9167 7018
f 8951 7025 8950
f 6200 10007 6199
f 9371 6626 9370
f 9581 6416 9580
f 6410 9797 6409
f 6620 9587 6619
f 9161 6815 9160
f 7565 8558 7564
f 7376 8768 7375
f 8363 7571 8362
f 8552 7382 8551
f 7733 8369 7732
f 7992 10000 10001
f 7992 7993 10000
f 6205 6206 9791
f 6625 6626 9371
f 7381 7382 8552
f 8956 8957 5802
f 8767 8768 7376
f 7570 7571 8363
f 8368 8369 7733
f 7963 7740 7962
f 7963 7738 7739
f 7963 7739 7740
f 7984 5612 7983
f 7991 10001 10002
f 7991 7992 10001
f 7964 7737 7738
f 7964 7738 7963
f 7985 5612 7984
f 7986 5612 7985
f 5596 7970 7971
f 5596 7971 7972
f 5596 7972 7973
f 5596 7973 7974
f 5596 7974 7975
f 5596 8164 8143
f 5596 8143 327
f 5596 7975 8163
f 5596 8163 8164
f 5598 5596 5599
f 5597 5596 5598
f 5600 5596 5597
f 5602 5600 5603
f 5601 5596 5600
f 5601 5600 5602
f 10035 6203 6204
f 8985 5805 5806
f 6612 9374 9375
f 6801 9164 9165
f 6003 10004 10005
f 6402 9584 9585
f 9195 7022 7023
f 9405 6812 6813
f 7011 8954 8955
f 6192 9794 9795
f 7557 8366 8367
f 9825 6413 6414
f 8796 7379 7380
f 8586 7568 7569
f 9615 6623 6624
f 7725 7968 7969
f 8397 7736 7737
f 7200 8765 8766
f 7368 8555 8556
f 10036 6202 6203
f 10036 6203 10035
f 6613 9374 6612
f 6613 9373 9374
f 6004 10004 6003
f 6004 10003 10004
f 6802 9164 6801
f 6802 9163 9164
f 6403 9583 9584
f 6403 9584 6402
f 8986 5804 5805
f 8986 5805 8985
f 9406 6812 9405
f 9406 6811 6812
f 9196 7022 9195
f 9196 7021 7022
f 9826 6413 9825
f 9826 6412 6413
f 6193 9794 6192
f 6193 9793 9794
f 7558 8366 7557
f 7558 8365 8366
f 9616 6623 9615
f 9616 6622 6623
f 8398 7736 8397
f 8398 7735 7736
f 7369 8555 7368
f 7369 8554 8555
f 8587 7567 7568
f 8587 7568 8586
f 7012 8954 7011
f 7012 8953 8954
f 8797 7379 8796
f 8797 7378 7379
f 7726 7968 7725
f 7726 7967 7968
f 7201 8765 7200
f 7201 8764 8765
f 10034 10035 6204
f 10034 6204 6205
f 6611 6612 9375
f 6611 9375 9376
f 8984 8985 5806
f 8984 5807 8761
f 8984 5806 5807
f 6800 6801 9165
f 6800 9165 9166
f 6401 9585 9586
f 6401 6402 9585
f 6002 10005 10006
f 6002 6003 10005
f 9404 9405 6813
f 9404 6813 6814
f 6191 9795 9796
f 6191 6192 9795
f 9194 9195 7023
f 9194 7023 7024
f 7556 8367 8368
f 7556 7557 8367
f 9824 9825 6414
f 9824 6414 6415
f 8585 7569 7570
f 8585 8586 7569
f 7010 7011 8955
f 7010 8955 8956
f 8795 7380 7381
f 8795 8796 7380
f 9614 9615 6624
f 9614 6624 6625
f 7724 7969 7970
f 7724 7725 7969
f 8396 8397 7737
f 8396 7737 7964
f 7367 7368 8556
f 7367 8556 8557
f 7199 7200 8766
f 7199 8766 8767
f 10037 6202 10036
f 10037 6201 6202
f 6614 9373 6613
f 6614 9372 9373
f 6803 9163 6802
f 6803 9162 9163
f 6404 9582 9583
f 6404 9583 6403
f 6005 10002 10003
f 6005 7990 7991
f 6005 7991 10002
f 6005 10003 6004
f 8987 5804 8986
f 8987 5803 5804
f 9197 7020 7021
f 9197 7021 9196
f 9407 6810 6811
f 9407 6811 9406
f 7013 8952 8953
f 7013 8953 7012
f 6194 9792 9793
f 6194 9793 6193
f 7559 8365 7558
f 7559 8364 8365
f 9827 6411 6412
f 9827 6412 9826
f 8588 7566 7567
f 8588 7567 8587
f 9617 6621 6622
f 9617 6622 9616
f 8399 7734 7735
f 8399 7735 8398
f 8798 7377 7378
f 8798 7378 8797
f 7727 7967 7726
f 7202 8764 7201
f 7202 8763 8764
f 7370 8553 8554
f 7370 8554 7369
f 10033 10034 6205
f 10033 6205 9791
f 8983 8761 8762
f 8983 8984 8761
f 6610 9376 9377
f 6610 9377 6809
f 6610 6611 9376
f 6001 10006 10007
f 6001 10007 6200
f 6001 6002 10006
f 6799 6800 9166
f 6799 9167 7019
f 6799 9166 9167
f 6400 9586 9587
f 6400 6401 9586
f 6400 9587 6620
f 9823 6416 9581
f 9823 9824 6415
f 9823 6415 6416
f 7009 7010 8956
f 7009 5802 5803
f 7009 8956 5802
f 6190 9796 9797
f 6190 9797 6410
f 6190 6191 9796
f 9403 9404 6814
f 9403 6815 9161
f 9403 6814 6815
f 9193 9194 7024
f 9193 7025 8951
f 9193 7024 7025
f 7555 8368 7733
f 7555 7556 8368
f 8395 7964 7965
f 8395 8396 7964
f 7366 7367 8557
f 7366 8558 7565
f 7366 8557 8558
f 8584 8585 7570
f 8584 7570 8363
f 8794 8795 7381
f 8794 7381 8552
f 7723 7724 7970
f 7723 5596 5601
f 7723 7970 5596
f 9613 6625 9371
f 9613 9614 6625
f 7198 7199 8767
f 7198 8767 7376
f 10017 6201 10037
f 10017 6001 6200
f 10017 6200 6201
f 6594 9613 9371
f 6594 9372 6614
f 6594 9371 9372
f 9387 6610 6809
f 9387 6809 6810
f 9387 6810 9407
f 5985 7990 6005
f 5985 7989 7990
f 6783 9403 9161
f 6783 9162 6803
f 6783 9161 9162
f 8967 5803 8987
f 9807 6411 9827
f 9807 6410 6411
f 9807 6190 6410
f 6174 10033 9791
f 6174 9791 9792
f 6174 9792 6194
f 9177 7020 9197
f 9177 7019 7020
f 9177 6799 7019
f 6384 9581 9582
f 6384 9582 6404
f 6384 9823 9581
f 6993 9193 8951
f 6993 8952 7013
f 6993 8951 8952
f 8778 7376 7377
f 8778 7377 8798
f 8778 7198 7376
f 7539 8584 8363
f 7539 8364 7559
f 7539 8363 8364
f 8568 7565 7566
f 8568 7566 8588
f 8568 7366 7565
f 7182 8763 7202
f 7182 8983 8762
f 7182 8762 8763
f 9597 6621 9617
f 9597 6620 6621
f 9597 6400 6620
f 7707 7966 7967
f 7707 7967 7727
f 8379 7555 7733
f 8379 7734 8399
f 8379 7733 7734
f 7350 8794 8552
f 7350 8553 7370
f 7350 8552 8553
f 10032 10033 6174
f 6609 6610 9387
f 6000 6001 10017
f 6798 6799 9177
f 8982 8983 7182
f 6399 6400 9597
f 9192 9193 6993
f 9822 9823 6384
f 7008 5803 8967
f 7008 7009 5803
f 6189 6190 9807
f 9402 9403 6783
f 7554 7555 8379
f 8394 7965 7966
f 8394 8395 7965
f 8793 8794 7350
f 7365 7366 8568
f 8583 8584 7539
f 9612 9613 6594
f 7722 7723 5601
f 7197 7198 8778
f 10018 6000 10017
f 6595 9612 6594
f 8968 7008 8967
f 5986 7989 5985
f 6784 9402 6783
f 6385 9822 6384
f 9388 6609 9387
f 6994 9192 6993
f 6175 10032 6174
f 9178 6798 9177
f 7540 8583 7539
f 9808 6189 9807
f 9598 6399 9597
f 7708 7966 7707
f 7708 8394 7966
f 8380 7554 8379
f 8569 7365 8568
f 8779 7197 8778
f 7351 8793 7350
f 7183 8982 7182
f 10031 10032 6175
f 6608 6609 9388
f 5999 6000 10018
f 6797 6798 9178
f 8981 8982 7183
f 6398 6399 9598
f 9191 9192 6994
f 6188 6189 9808
f 9401 9402 6784
f 9821 9822 6385
f 7007 7008 8968
f 7553 7554 8380
f 7364 7365 8569
f 8393 8394 7708
f 8582 8583 7540
f 8792 8793 7351
f 9611 9612 6595
f 7721 7722 5601
f 7196 7197 8779
f 10019 5999 10018
f 6596 9611 6595
f 5987 7989 5986
f 5987 7988 7989
f 6785 9401 6784
f 8969 7007 8968
f 6176 10031 6175
f 9179 6797 9178
f 9389 6608 9388
f 6386 9821 6385
f 9809 6188 9808
f 8780 7196 8779
f 6995 9191 6994
f 7541 8582 7540
f 8381 7553 8380
f 8570 7364 8569
f 7352 8792 7351
f 9599 6398 9598
f 7709 8393 7708
f 7184 8981 7183
f 10030 10031 6176
f 6607 6608 9389
f 5998 5999 10019
f 6796 6797 9179
f 8980 8981 7184
f 6187 6188 9809
f 6397 6398 9599
f 9820 9821 6386
f 9400 9401 6785
f 7552 7553 8381
f 8392 8393 7709
f 7006 7007 8969
f 7363 7364 8570
f 9190 9191 6995
f 9610 9611 6596
f 8791 8792 7352
f 7720 7721 5601
f 8581 8582 7541
f 7195 7196 8780
f 10020 5998 10019
f 6597 9610 6596
f 5988 7988 5987
f 5988 7987 7988
f 6786 9400 6785
f 8970 7006 8969
f 6387 9820 6386
f 9180 6796 9179
f 6177 10030 6176
f 9390 6607 9389
f 9810 6187 9809
f 6996 9190 6995
f 7710 8392 7709
f 9600 6397 9599
f 7542 8581 7541
f 8382 7552 8381
f 8571 7363 8570
f 8781 7195 8780
f 7353 8791 7352
f 7185 8980 7184
f 10029 10030 6177
f 8979 8980 7185
f 6606 6607 9390
f 5997 5998 10020
f 6795 6796 9180
f 9399 9400 6786
f 9819 9820 6387
f 6396 6397 9600
f 7005 7006 8970
f 6186 6187 9810
f 9189 9190 6996
f 7551 7552 8382
f 9609 9610 6597
f 7719 7720 5601
f 8391 8392 7710
f 8580 8581 7542
f 8790 8791 7353
f 7194 7195 8781
f 7362 7363 8571
f 10021 5997 10020
f 6598 9609 6597
f 8971 7005 8970
f 5989 7986 7987
f 5989 7987 5988
f 6787 9399 6786
f 9181 6795 9180
f 9391 6606 9390
f 6388 9819 6387
f 9811 6186 9810
f 6997 9189 6996
f 6178 10029 6177
f 7543 8580 7542
f 8782 7194 8781
f 8572 7362 8571
f 9601 6396 9600
f 7711 8391 7710
f 8383 7551 8382
f 7354 8790 7353
f 7186 8979 7185
f 10028 10029 6178
f 6605 6606 9391
f 6395 6396 9601
f 5996 5997 10021
f 6794 6795 9181
f 8978 8979 7186
f 9818 9819 6388
f 6185 6186 9811
f 9398 9399 6787
f 7004 7005 8971
f 8789 8790 7354
f 9188 9189 6997
f 7550 7551 8383
f 8579 8580 7543
f 9608 9609 6598
f 8390 8391 7711
f 7718 7719 5601
f 7193 7194 8782
f 7361 7362 8572
f 10022 5996 10021
f 8972 7004 8971
f 6599 9608 6598
f 5990 7986 5989
f 5990 5612 7986
f 6788 9398 6787
f 9182 6794 9181
f 6389 9818 6388
f 9392 6605 9391
f 6179 10028 6178
f 7544 8579 7543
f 9812 6185 9811
f 8573 7361 8572
f 6998 9188 6997
f 8783 7193 8782
f 8384 7550 8383
f 7355 8789 7354
f 9602 6395 9601
f 7187 8978 7186
f 7712 8390 7711
f 6604 6605 9392
f 5995 5996 10022
f 8977 8978 7187
f 9187 9188 6998
f 7717 7718 5601
f 5793 9182 9183
f 5794 6794 9182
f 5794 6793 6794
f 5794 9182 5793
f 5792 9183 9184
f 5792 9184 9185
f 5792 5793 9183
f 5795 6793 5794
f 5795 6792 6793
f 10056 6182 6183
f 6381 9605 9606
f 9006 7190 7191
f 9426 6791 6792
f 6591 9395 9396
f 9216 7001 7002
f 5982 10025 10026
f 6171 9815 9816
f 8817 7358 7359
f 9846 6392 6393
f 7536 8387 8388
f 9636 6602 6603
f 8607 7547 7548
f 7347 8576 8577
f 6990 8975 8976
f 7179 8786 8787
f 10057 6182 10056
f 10057 6181 6182
f 6592 9395 6591
f 6592 9394 9395
f 6382 9604 9605
f 6382 9605 6381
f 9007 7189 7190
f 9007 7190 9006
f 5983 10024 10025
f 5983 10025 5982
f 9217 7000 7001
f 9217 7001 9216
f 9427 6791 9426
f 9427 6790 6791
f 6172 9814 9815
f 6172 9815 6171
f 8818 7357 7358
f 8818 7358 8817
f 7348 8575 8576
f 7348 8576 7347
f 7537 8386 8387
f 7537 8387 7536
f 8608 7547 8607
f 8608 7546 7547
f 9637 6602 9636
f 9637 6601 6602
f 9847 6392 9846
f 9847 6391 6392
f 6991 8974 8975
f 6991 8975 6990
f 7180 8785 8786
f 7180 8786 7179
f 5791 9185 9186
f 5791 5792 9185
f 10055 6183 6184
f 10055 10056 6183
f 6380 9606 9607
f 6380 6381 9606
f 6590 9396 9397
f 6590 6591 9396
f 9005 9006 7191
f 9005 7191 7192
f 9215 9216 7002
f 9215 7002 7003
f 9425 6792 5795
f 9425 9426 6792
f 5981 10026 10027
f 5981 5982 10026
f 6170 9816 9817
f 6170 6171 9816
f 8816 7359 7360
f 8816 8817 7359
f 7535 8388 8389
f 7535 7536 8388
f 9845 9846 6393
f 9845 6393 6394
f 8606 8607 7548
f 8606 7548 7549
f 9635 9636 6603
f 9635 6603 6604
f 7346 8577 8578
f 7346 7347 8577
f 6989 6990 8976
f 6989 8976 8977
f 7178 8787 8788
f 7178 7179 8787
f 10058 6180 6181
f 10058 6181 10057
f 6383 9603 9604
f 6383 9604 6382
f 6593 9393 9394
f 6593 9394 6592
f 9218 7000 9217
f 9218 6999 7000
f 9428 6790 9427
f 9428 6789 6790
f 9008 7188 7189
f 9008 7189 9007
f 5984 10024 5983
f 5984 10023 10024
f 6173 9813 9814
f 6173 9814 6172
f 7538 8385 8386
f 7538 8386 7537
f 8609 7546 8608
f 8609 7545 7546
f 8819 7356 7357
f 8819 7357 8818
f 7349 8574 8575
f 7349 8575 7348
f 9638 6600 6601
f 9638 6601 9637
f 6992 8973 8974
f 6992 8974 6991
f 9848 6390 6391
f 9848 6391 9847
f 7181 8784 8785
f 7181 8785 7180
f 5775 9425 5795
f 10054 6185 9812
f 10054 6184 6185
f 10054 10055 6184
f 6379 9608 6599
f 6379 9607 9608
f 6379 6380 9607
f 6589 9398 6788
f 6589 9397 9398
f 6589 6590 9397
f 9214 7004 8972
f 9214 7003 7004
f 9214 9215 7003
f 5980 5981 10027
f 5980 10027 10028
f 5980 10028 6179
f 9004 7193 8783
f 9004 7192 7193
f 9004 9005 7192
f 9424 9425 5775
f 6169 6170 9817
f 6169 9818 6389
f 6169 9817 9818
f 7534 8389 8390
f 7534 8390 7712
f 7534 7535 8389
f 8605 7550 8384
f 8605 8606 7549
f 8605 7549 7550
f 8815 7360 7361
f 8815 7361 8573
f 8815 8816 7360
f 7345 8578 8579
f 7345 7346 8578
f 7345 8579 7544
f 9844 9845 6394
f 9844 6395 9602
f 9844 6394 6395
f 9634 9635 6604
f 9634 6604 9392
f 6988 8977 7187
f 6988 6989 8977
f 7177 8788 8789
f 7177 8789 7355
f 7177 7178 8788
f 10038 6179 6180
f 10038 6180 10058
f 10038 5980 6179
f 6573 9392 9393
f 6573 9393 6593
f 6573 9634 9392
f 9408 6589 6788
f 9408 6789 9428
f 9408 6788 6789
f 6363 9844 9602
f 6363 9602 9603
f 6363 9603 6383
f 5964 10022 10023
f 5964 10023 5984
f 5964 5995 10022
f 8988 7187 7188
f 8988 6988 7187
f 8988 7188 9008
f 9198 6999 9218
f 9198 6998 6999
f 9198 9187 6998
f 6153 10054 9812
f 6153 9812 9813
f 6153 9813 6173
f 9618 6600 9638
f 9618 6599 6600
f 9618 6379 6599
f 9828 6389 6390
f 9828 6390 9848
f 9828 6169 6389
f 7518 8385 7538
f 7518 8384 8385
f 7518 8605 8384
f 8589 7545 8609
f 8589 7345 7544
f 8589 7544 7545
f 8799 7356 8819
f 8799 7177 7355
f 8799 7355 7356
f 7329 8573 8574
f 7329 8574 7349
f 7329 8815 8573
f 6972 8972 8973
f 6972 9214 8972
f 6972 8973 6992
f 7161 8783 8784
f 7161 8784 7181
f 7161 9004 8783
f 10053 10054 6153
f 6378 6379 9618
f 6588 6589 9408
f 9423 9424 5775
f 9003 9004 7161
f 9213 9214 6972
f 5979 5980 10038
f 6168 6169 9828
f 7344 7345 8589
f 9633 9634 6573
f 7533 7712 7713
f 7533 7534 7712
f 9843 9844 6363
f 8604 8605 7518
f 6987 6988 8988
f 8814 8815 7329
f 7176 7177 8799
f 5790 9186 9187
f 5790 5791 9186
f 10039 5979 10038
f 6574 9633 6573
f 6364 9843 6363
f 8989 6987 8988
f 9199 9187 9198
f 9199 5790 9187
f 9409 6588 9408
f 5965 5994 5995
f 5965 5995 5964
f 6154 10053 6153
f 7519 8604 7518
f 8590 7344 8589
f 8800 7176 8799
f 7330 8814 7329
f 9619 6378 9618
f 6973 9213 6972
f 9829 6168 9828
f 7162 9003 7161
f 5776 9423 5775
f 10052 10053 6154
f 6377 6378 9619
f 6587 6588 9409
f 9002 9003 7162
f 9212 9213 6973
f 9422 9423 5776
f 5978 5979 10039
f 6167 6168 9829
f 8813 8814 7330
f 7343 7344 8590
f 9632 9633 6574
f 7532 7713 7714
f 7532 7533 7713
f 9842 9843 6364
f 8603 8604 7519
f 6986 6987 8989
f 7175 7176 8800
f 10040 5978 10039
f 6365 9842 6364
f 6575 9632 6574
f 8990 6986 8989
f 5966 5993 5994
f 5966 5994 5965
f 9410 6587 9409
f 6155 10052 6154
f 8801 7175 8800
f 7331 8813 7330
f 9620 6377 9619
f 7520 8603 7519
f 9830 6167 9829
f 8591 7343 8590
f 6974 9212 6973
f 7163 9002 7162
f 10051 10052 6155
f 6376 6377 9620
f 9001 9002 7163
f 9211 9212 6974
f 6586 6587 9410
f 5977 5978 10040
f 6166 6167 9830
f 7342 7343 8591
f 7531 7532 7714
f 7531 7714 7715
f 8602 8603 7520
f 8812 8813 7331
f 9841 9842 6365
f 9631 9632 6575
f 7174 7175 8801
f 6985 6986 8990
f 5789 5790 9199
f 5789 9199 9200
f 10041 5977 10040
f 6576 9631 6575
f 6366 9841 6365
f 8991 6985 8990
f 9201 5789 9200
f 5967 5993 5966
f 5967 5992 5993
f 6156 10051 6155
f 9411 6586 9410
f 7521 8602 7520
f 8592 7342 8591
f 8802 7174 8801
f 7332 8812 7331
f 9621 6376 9620
f 6975 9211 6974
f 9831 6166 9830
f 7164 9001 7163
f 5777 9421 9422
f 5777 9422 5776
f 10050 10051 6156
f 6375 6376 9621
f 6585 6586 9411
f 5976 5977 10041
f 9210 9211 6975
f 9000 9001 7164
f 9420 9421 5777
f 6165 6166 9831
f 7530 7715 7716
f 7530 7531 7715
f 9840 9841 6366
f 8601 8602 7521
f 8811 8812 7332
f 7341 7342 8592
f 9630 9631 6576
f 6984 6985 8991
f 7173 7174 8802
f 10042 5976 10041
f 6577 9630 6576
f 6367 9840 6366
f 8992 6984 8991
f 9412 6585 9411
f 5968 5991 5992
f 5968 5992 5967
f 6157 10050 6156
f 8803 7173 8802
f 8593 7341 8592
f 7333 8811 7332
f 9622 6375 9621
f 7522 8601 7521
f 6976 9210 6975
f 9832 6165 9831
f 7165 9000 7164
f 10049 10050 6157
f 6374 6375 9622
f 6584 6585 9412
f 8999 9000 7165
f 5975 5976 10042
f 9209 9210 6976
f 6164 6165 9832
f 8810 8811 7333
f 9839 9840 6367
f 7529 7717 5601
f 7529 7530 7716
f 7529 7716 7717
f 8600 8601 7522
f 6983 6984 8992
f 7340 7341 8593
f 9629 9630 6577
f 7172 7173 8803
f 5788 9201 9202
f 5788 5789 9201
f 10043 5975 10042
f 6368 9839 6367
f 6578 9629 6577
f 8993 6983 8992
f 9413 6584 9412
f 5969 5991 5968
f 6158 10049 6157
f 8804 7172 8803
f 8594 7340 8593
f 7334 8810 7333
f 9623 6374 9622
f 7523 8600 7522
f 9833 6164 9832
f 6977 9209 6976
f 7166 8999 7165
f 5778 9420 5777
f 5778 9419 9420
f 6583 6584 9413
f 5974 5975 10043
f 8998 8999 7166
f 9208 9209 6977
f 9418 9419 5778
f 6163 6164 9833
f 7528 7529 5601
f 8599 8600 7523
f 6982 6983 8993
f 7339 7340 8594
f 5787 5788 9202
f 5787 9202 9203
f 5779 9417 9418
f 5779 9418 5778
f 5780 9417 5779
f 5780 9416 9417
f 10077 6161 6162
f 9237 6980 6981
f 6360 9626 9627
f 9447 5785 5786
f 6570 9416 5780
f 6150 9836 9837
f 9027 7169 7170
f 5961 10046 10047
f 9867 6371 6372
f 9657 6581 6582
f 6780 9206 9207
f 8838 7337 7338
f 7326 8597 8598
f 6969 8996 8997
f 7158 8807 8808
f 10078 6160 6161
f 10078 6161 10077
f 6361 9625 9626
f 6361 9626 6360
f 9448 5784 5785
f 9448 5785 9447
f 6571 9415 9416
f 6571 9416 6570
f 5962 10046 5961
f 5962 10045 10046
f 6151 9835 9836
f 6151 9836 6150
f 9028 7168 7169
f 9028 7169 9027
f 9238 6979 6980
f 9238 6980 9237
f 9658 6581 9657
f 9658 6580 6581
f 6781 9205 9206
f 6781 9206 6780
f 6970 8995 8996
f 6970 8996 6969
f 8839 7337 8838
f 8839 7336 7337
f 7159 8806 8807
f 7159 8807 7158
f 9868 6370 6371
f 9868 6371 9867
f 7327 8597 7326
f 7327 8596 8597
f 10076 6162 6163
f 10076 10077 6162
f 9446 9447 5786
f 9446 5786 5787
f 6569 5780 5781
f 6569 6570 5780
f 6149 6150 9837
f 6149 9837 9838
f 9026 7170 7171
f 9026 9027 7170
f 9236 6981 6982
f 9236 9237 6981
f 6359 6360 9627
f 6359 9627 9628
f 5960 5961 10047
f 5960 10047 10048
f 9656 9657 6582
f 9656 6582 6583
f 9866 6372 6373
f 9866 9867 6372
f 6779 9207 9208
f 6779 6780 9207
f 8837 8838 7338
f 8837 7338 7339
f 7325 8598 8599
f 7325 7326 8598
f 6968 8997 8998
f 6968 6969 8997
f 7157 8808 8809
f 7157 7158 8808
f 10079 6159 6160
f 10079 6160 10078
f 6362 9624 9625
f 6362 9625 6361
f 9449 5784 9448
f 6572 9414 9415
f 6572 9415 6571
f 6152 9834 9835
f 6152 9835 6151
f 9239 6978 6979
f 9239 6979 9238
f 5963 10045 5962
f 5963 10044 10045
f 9029 7167 7168
f 9029 7168 9028
f 9659 6579 6580
f 9659 6580 9658
f 6782 9205 6781
f 6782 9204 9205
f 8840 7336 8839
f 8840 7335 7336
f 7328 8596 7327
f 7328 8595 8596
f 9869 6369 6370
f 9869 6370 9868
f 6971 8994 8995
f 6971 8995 6970
f 7160 8806 7159
f 7160 8805 8806
f 10075 6163 9833
f 10075 10076 6163
f 9445 9446 5787
f 9445 5787 9203
f 6358 6359 9628
f 6358 9629 6578
f 6358 9628 9629
f 6568 6569 5781
f 6568 5781 5782
f 5959 10049 6158
f 5959 5960 10048
f 5959 10048 10049
f 6148 9839 6368
f 6148 9838 9839
f 6148 6149 9838
f 9025 7171 7172
f 9025 9026 7171
f 9025 7172 8804
f 9235 6982 8993
f 9235 9236 6982
f 8836 8837 7339
f 8836 7339 8594
f 7324 7325 8599
f 7324 7523 7524
f 7324 8599 7523
f 9655 6583 9413
f 9655 9656 6583
f 9865 6373 6374
f 9865 9866 6373
f 9865 6374 9623
f 6778 9208 6977
f 6778 6779 9208
f 6967 8998 7166
f 6967 6968 8998
f 7156 8809 8810
f 7156 7157 8809
f 7156 8810 7334
f 10059 6158 6159
f 10059 6159 10079
f 10059 5959 6158
f 5943 10044 5963
f 5943 5974 10043
f 5943 10043 10044
f 6132 9834 6152
f 6132 9833 9834
f 6132 10075 9833
f 9009 7166 7167
f 9009 7167 9029
f 9009 6967 7166
f 9219 6978 9239
f 9219 6977 6978
f 9219 6778 6977
f 6552 9414 6572
f 6552 9413 9414
f 6552 9655 9413
f 6342 9624 6362
f 6342 9623 9624
f 6342 9865 9623
f 9429 5784 9449
f 9429 5783 5784
f 9639 6578 6579
f 9639 6579 9659
f 9639 6358 6578
f 9849 6368 6369
f 9849 6369 9869
f 9849 6148 6368
f 6762 9204 6782
f 6762 9203 9204
f 6762 9445 9203
f 8820 7335 8840
f 8820 7156 7334
f 8820 7334 7335
f 7308 8594 8595
f 7308 8836 8594
f 7308 8595 7328
f 6951 9235 8993
f 6951 8993 8994
f 6951 8994 6971
f 7140 9025 8804
f 7140 8804 8805
f 7140 8805 7160
f 10074 10075 6132
f 9444 9445 6762
f 6567 6568 5782
f 6147 6148 9849
f 9234 9235 6951
f 6357 6358 9639
f 5958 5959 10059
f 9024 9025 7140
f 9654 9655 6552
f 6777 6778 9219
f 8835 8836 7308
f 7323 7324 7524
f 9864 9865 6342
f 6966 6967 9009
f 7155 7156 8820
f 10060 5958 10059
f 6553 9654 6552
f 6133 10074 6132
f 9010 6966 9009
f 9220 6777 9219
f 6343 9864 6342
f 9430 5782 5783
f 9430 5783 9429
f 5944 5973 5974
f 5944 5974 5943
f 6763 9444 6762
f 8821 7155 8820
f 9640 6357 9639
f 7309 8835 7308
f 9850 6147 9849
f 6952 9234 6951
f 7141 9024 7140
f 10073 10074 6133
f 9443 9444 6763
f 6146 6147 9850
f 9023 9024 7141
f 9233 9234 6952
f 6356 6357 9640
f 6566 5782 9430
f 6566 6567 5782
f 5957 5958 10060
f 9653 9654 6553
f 6776 6777 9220
f 8834 8835 7309
f 7322 7323 7524
f 7322 7524 7525
f 9863 9864 6343
f 6965 6966 9010
f 7154 7155 8821
f 10061 5957 10060
f 6554 9653 6553
f 6134 10073 6133
f 9011 6965 9010
f 9221 6776 9220
f 6344 9863 6343
f 9431 6566 9430
f 5945 5972 5973
f 5945 5973 5944
f 9641 6356 9640
f 9851 6146 9850
f 6764 9443 6763
f 6953 9233 6952
f 8822 7154 8821
f 7310 8834 7309
f 7142 9023 7141
f 10072 10073 6134
f 9442 9443 6764
f 6565 6566 9431
f 6145 6146 9851
f 9022 9023 7142
f 9232 9233 6953
f 6355 6356 9641
f 5956 5957 10061
f 8833 8834 7310
f 9652 9653 6554
f 6775 6776 9221
f 7153 7154 8822
f 7321 7322 7525
f 7321 7525 7526
f 9862 9863 6344
f 6964 6965 9011
f 10062 5956 10061
f 9432 6565 9431
f 6345 9862 6344
f 6555 9652 6554
f 5946 5971 5972
f 5946 5972 5945
f 6135 10072 6134
f 9012 6964 9011
f 9222 6775 9221
f 6765 9442 6764
f 8823 7153 8822
f 9642 6355 9641
f 9852 6145 9851
f 6954 9232 6953
f 7143 9022 7142
f 7311 8833 7310
f 10071 10072 6135
f 9441 9442 6765
f 9231 9232 6954
f 6564 6565 9432
f 5955 5956 10062
f 6144 6145 9852
f 6354 6355 9642
f 9021 9022 7143
f 9861 9862 6345
f 6774 6775 9222
f 8832 8833 7311
f 9651 9652 6555
f 7320 7526 7527
f 7320 7321 7526
f 6963 6964 9012
f 10063 5955 10062
f 9433 6564 9432
f 6556 9651 6555
f 5947 5971 5946
f 5947 5970 5971
f 6136 10071 6135
f 9013 6963 9012
f 9223 6774 9222
f 6346 9861 6345
f 9643 6354 9642
f 9853 6144 9852
f 6766 9441 6765
f 6955 9231 6954
f 7144 9021 7143
f 7312 8832 7311
f 10070 10071 6136
f 9440 9441 6766
f 6563 6564 9433
f 5954 5955 10063
f 6143 6144 9853
f 9020 9021 7144
f 9230 9231 6955
f 6353 6354 9643
f 9650 9651 6556
f 9860 9861 6346
f 6773 6774 9223
f 8831 8832 7312
f 7319 7320 7527
f 7319 7528 5601
f 7319 7527 7528
f 6962 6963 9013
f 10064 5954 10063
f 9434 6563 9433
f 6557 9650 6556
f 5948 5970 5947
f 6137 10070 6136
f 9014 6962 9013
f 9224 6773 9223
f 6347 9860 6346
f 9644 6353 9643
f 9854 6143 9853
f 6767 9440 6766
f 6956 9230 6955
f 7145 9020 7144
f 7313 8831 7312
f 5953 5954 10064
f 6142 6143 9854
f 9229 9230 6956
f 6961 6962 9014
f 8082 7151 7152
f 8083 7151 8082
f 8083 7150 7151
f 8081 8082 7152
f 8081 7153 8823
f 8081 7152 7153
f 8084 7150 8083
f 8084 7149 7150
f 8080 8081 8823
f 8080 8823 8824
f 8064 7149 8084
f 8064 7148 7149
f 8079 8824 8825
f 8079 8080 8824
f 8065 7148 8064
f 8065 7147 7148
f 8078 8079 8825
f 8078 8825 8826
f 8066 7147 8065
f 8066 7146 7147
f 8077 8078 8826
f 8077 8826 8827
f 8067 7146 8066
f 10098 6140 6141
f 5940 10067 10068
f 6129 9857 9858
f 9468 6770 6771
f 9258 6959 6960
f 6339 9647 9648
f 9048 8068 8069
f 6549 9437 9438
f 6759 9227 9228
f 9678 6560 6561
f 9888 6350 6351
f 6948 9017 9018
f 7137 8828 8829
f 10099 6140 10098
f 10099 6139 6140
f 9469 6770 9468
f 9469 6769 6770
f 5941 10067 5940
f 5941 10066 10067
f 6130 9856 9857
f 6130 9857 6129
f 9049 8067 8068
f 9049 8068 9048
f 9259 6958 6959
f 9259 6959 9258
f 6340 9646 9647
f 6340 9647 6339
f 6550 9436 9437
f 6550 9437 6549
f 9679 6559 6560
f 9679 6560 9678
f 9889 6349 6350
f 9889 6350 9888
f 6760 9227 6759
f 6760 9226 9227
f 6949 9016 9017
f 6949 9017 6948
f 7138 8077 8827
f 7138 8828 7137
f 7138 8827 8828
f 10097 10098 6141
f 10097 6141 6142
f 9467 6771 6772
f 9467 9468 6771
f 5939 5940 10068
f 5939 10068 10069
f 6128 9858 9859
f 6128 6129 9858
f 9257 6960 6961
f 9257 9258 6960
f 6338 9648 9649
f 6338 6339 9648
f 9047 8069 8070
f 9047 9048 8069
f 9677 6561 6562
f 9677 9678 6561
f 6548 9438 9439
f 6548 6549 9438
f 6758 6759 9228
f 6758 9228 9229
f 9887 6351 6352
f 9887 9888 6351
f 6947 9018 9019
f 6947 6948 9018
f 7136 7137 8829
f 7136 8829 8830
f 10100 6139 10099
f 10100 6138 6139
f 9470 6768 6769
f 9470 6769 9469
f 5942 10066 5941
f 5942 10065 10066
f 6131 9856 6130
f 6131 9855 9856
f 9260 6957 6958
f 9260 6958 9259
f 6341 9646 6340
f 6341 9645 9646
f 6551 9436 6550
f 6551 9435 9436
f 9050 7146 8067
f 9050 8067 9049
f 9680 6558 6559
f 9680 6559 9679
f 9890 6349 9889
f 9890 6348 6349
f 6761 9226 6760
f 6761 9225 9226
f 6950 9015 9016
f 6950 9016 6949
f 7139 8076 8077
f 7139 8077 7138
f 10096 10097 6142
f 10096 6142 9854
f 5938 10070 6137
f 5938 10069 10070
f 5938 5939 10069
f 9466 9467 6772
f 9466 6772 6773
f 9466 6773 9224
f 6127 6128 9859
f 6127 9859 9860
f 6127 9860 6347
f 9046 8070 8071
f 9046 9047 8070
f 9256 6961 9014
f 9256 9257 6961
f 6337 9650 6557
f 6337 9649 9650
f 6337 6338 9649
f 9676 6562 6563
f 9676 6563 9434
f 9676 9677 6562
f 6547 6548 9439
f 6547 9440 6767
f 6547 9439 9440
f 9886 9887 6352
f 9886 6352 6353
f 9886 6353 9644
f 6757 6758 9229
f 6757 9229 6956
f 6946 6947 9019
f 6946 9019 9020
f 6946 9020 7145
f 7135 7136 8830
f 7135 8831 7313
f 7135 8830 8831
f 10080 5938 6137
f 10080 6138 10100
f 10080 6137 6138
f 9450 6767 6768
f 9450 6547 6767
f 9450 6768 9470
f 5922 5953 10064
f 5922 10065 5942
f 5922 10064 10065
f 6111 9855 6131
f 6111 9854 9855
f 6111 10096 9854
f 9240 6956 6957
f 9240 6757 6956
f 9240 6957 9260
f 6321 9886 9644
f 6321 9644 9645
f 6321 9645 6341
f 9030 6946 7145
f 9030 7146 9050
f 9030 7145 7146
f 9870 6347 6348
f 9870 6127 6347
f 9870 6348 9890
f 9660 6557 6558
f 9660 6337 6557
f 9660 6558 9680
f 6531 9676 9434
f 6531 9434 9435
f 6531 9435 6551
f 6741 9224 9225
f 6741 9225 6761
f 6741 9466 9224
f 6930 9256 9014
f 6930 9014 9015
f 6930 9015 6950
f 7119 8075 8076
f 7119 8076 7139
f 10095 10096 6111
f 9465 9466 6741
f 5937 5938 10080
f 6126 6127 9870
f 6336 6337 9660
f 9675 9676 6531
f 6546 6547 9450
f 9045 8071 8072
f 9045 9046 8071
f 9255 9256 6930
f 9885 9886 6321
f 6756 6757 9240
f 6945 6946 9030
f 7134 7135 7313
f 7134 7313 7314
f 10081 5937 10080
f 9451 6546 9450
f 5923 5952 5953
f 5923 5953 5922
f 6112 10095 6111
f 9241 6756 9240
f 6322 9885 6321
f 9031 6945 9030
f 9661 6336 9660
f 6532 9675 6531
f 6742 9465 6741
f 9871 6126 9870
f 6931 9255 6930
f 7120 8074 8075
f 7120 8075 7119
f 10094 10095 6112
f 9464 9465 6742
f 5936 5937 10081
f 6125 6126 9871
f 9254 9255 6931
f 9674 9675 6532
f 6545 6546 9451
f 9044 8072 8073
f 9044 9045 8072
f 6335 6336 9661
f 6755 6756 9241
f 9884 9885 6322
f 6944 6945 9031
f 7133 7134 7314
f 7133 7314 7315
f 10082 5936 10081
f 5924 5952 5923
f 5924 5951 5952
f 6113 10094 6112
f 9452 6545 9451
f 9242 6755 9241
f 6323 9884 6322
f 9032 6944 9031
f 9662 6335 9661
f 9872 6125 9871
f 6533 9674 6532
f 6743 9464 6742
f 6932 9254 6931
f 7121 8073 8074
f 7121 8074 7120
f 10093 10094 6113
f 5935 5936 10082
f 6124 6125 9872
f 9043 8073 7121
f 9043 9044 8073
f 9253 9254 6932
f 9463 9464 6743
f 6334 6335 9662
f 9673 9674 6533
f 6544 6545 9452
f 6754 6755 9242
f 9883 9884 6323
f 7132 7315 7316
f 7132 7133 7315
f 10083 5935 10082
f 9453 6544 9452
f 5925 5950 5951
f 5925 5951 5924
f 6534 9673 6533
f 6114 10093 6113
f 9243 6754 9242
f 6324 9883 6323
f 9663 6334 9662
f 9873 6124 9872
f 6744 9463 6743
f 6933 9253 6932
f 7122 9043 7121
f 10092 10093 6114
f 9462 9463 6744
f 5934 5935 10083
f 6123 6124 9873
f 6333 6334 9663
f 9042 9043 7122
f 9252 9253 6933
f 9672 9673 6534
f 9882 9883 6324
f 6543 6544 9453
f 6753 6754 9243
f 7131 7132 7316
f 7131 7316 7317
f 10084 5934 10083
f 9454 6543 9453
f 5926 5949 5950
f 5926 5950 5925
f 6115 10092 6114
f 9244 6753 9243
f 6325 9882 6324
f 9664 6333 9663
f 6535 9672 6534
f 9874 6123 9873
f 6745 9462 6744
f 6934 9252 6933
f 7123 9042 7122
f 10091 10092 6115
f 9461 9462 6745
f 5933 5934 10084
f 6122 6123 9874
f 9251 9252 6934
f 6332 6333 9664
f 6542 6543 9454
f 9041 9042 7123
f 9671 9672 6535
f 9881 9882 6325
f 6752 6753 9244
f 7130 7317 7318
f 7130 7131 7317
f 10085 5933 10084
f 9455 6542 9454
f 5927 5949 5926
f 6116 10091 6115
f 9245 6752 9244
f 6326 9881 6325
f 9665 6332 9664
f 9875 6122 9874
f 6536 9671 6535
f 6746 9461 6745
f 6935 9251 6934
f 7124 9041 7123
f 9460 9461 6746
f 5932 5933 10085
f 6121 6122 9875
f 9880 9881 6326
f 294 6943 6944
f 442 9035 441
f 442 9034 9035
f 293 6944 9032
f 293 294 6944
f 440 441 9035
f 440 9035 9036
f 443 9034 442
f 292 293 9032
f 292 9032 9033
f 295 6943 294
f 295 6942 6943
f 439 440 9036
f 422 9034 443
f 422 9033 9034
f 291 9033 422
f 291 292 9033
f 296 6942 295
f 297 6942 296
f 297 6941 6942
f 438 439 9036
f 437 438 9036
f 437 9036 9037
f 298 6941 297
f 298 6940 6941
f 299 6940 298
f 436 437 9037
f 435 436 9037
f 435 9037 9038
f 300 6939 6940
f 300 6940 299
f 434 435 9038
f 896 291 422
f 895 896 422
f 897 291 896
f 446 895 422
f 302 291 897
f 894 445 434
f 886 279 303
f 893 894 434
f 887 279 886
f 716 434 9038
f 716 740 892
f 716 892 893
f 716 893 434
f 406 887 888
f 406 888 417
f 406 279 887
f 737 9038 9039
f 737 716 9038
f 407 6939 300
f 407 6938 6939
f 407 300 279
f 407 279 406
f 736 737 9039
f 394 418 889
f 394 889 890
f 728 394 890
f 728 890 891
f 728 891 739
f 10119 6119 6120
f 9489 6749 6750
f 5919 10088 10089
f 6108 9878 9879
f 9279 6938 407
f 9279 407 408
f 9699 6539 6540
f 6738 9248 9249
f 6528 9458 9459
f 9909 6329 6330
f 6318 9668 9669
f 6927 734 735
f 6927 735 736
f 10120 6119 10119
f 10120 6118 6119
f 5920 10087 10088
f 5920 10088 5919
f 9490 6749 9489
f 9490 6748 6749
f 6109 9878 6108
f 6109 9877 9878
f 9280 6938 9279
f 9280 6937 6938
f 6319 9668 6318
f 6319 9667 9668
f 9700 6539 9699
f 9700 6538 6539
f 9910 6329 9909
f 9910 6328 6329
f 6529 9458 6528
f 6529 9457 9458
f 6739 9248 6738
f 6739 9247 9248
f 6928 734 6927
f 6928 733 734
f 10118 10119 6120
f 10118 6120 6121
f 9488 6750 6751
f 9488 9489 6750
f 5918 10089 10090
f 5918 5919 10089
f 6107 6108 9879
f 6107 9879 9880
f 9278 408 409
f 9278 9279 408
f 9698 9699 6540
f 9698 6540 6541
f 9908 9909 6330
f 9908 6330 6331
f 6527 6528 9459
f 6527 9459 9460
f 6737 6738 9249
f 6737 9249 9250
f 6317 6318 9669
f 6317 9669 9670
f 6926 6927 736
f 6926 736 9039
f 6926 9039 9040
f 10121 6118 10120
f 10121 6117 6118
f 9491 6748 9490
f 9491 6747 6748
f 5921 10086 10087
f 5921 10087 5920
f 6110 9877 6109
f 6110 9876 9877
f 6320 9667 6319
f 6320 9666 9667
f 9281 6937 9280
f 9281 6936 6937
f 9701 6538 9700
f 9701 6537 6538
f 6530 9456 9457
f 6530 9457 6529
f 9911 6327 6328
f 9911 6328 9910
f 6740 9246 9247
f 6740 9247 6739
f 6929 731 732
f 6929 732 733
f 6929 733 6928
f 10117 6121 9875
f 10117 10118 6121
f 5917 10090 10091
f 5917 10091 6116
f 5917 5918 10090
f 9487 6751 6752
f 9487 6752 9245
f 9487 9488 6751
f 6106 6107 9880
f 6106 9880 6326
f 9277 409 410
f 9277 410 411
f 9277 9278 409
f 9907 6332 9665
f 9907 9908 6331
f 9907 6331 6332
f 6526 6527 9460
f 6526 9460 6746
f 6316 6317 9670
f 6316 9671 6536
f 6316 9670 9671
f 9697 9698 6541
f 9697 6542 9455
f 9697 6541 6542
f 6736 9251 6935
f 6736 9250 9251
f 6736 6737 9250
f 6925 6926 9040
f 6925 9041 7124
f 6925 9040 9041
f 6925 7124 7125
f 10101 6116 6117
f 10101 6117 10121
f 10101 5917 6116
f 9471 6747 9491
f 9471 6526 6746
f 9471 6746 6747
f 5901 10085 10086
f 5901 10086 5921
f 5901 5932 10085
f 6090 9876 6110
f 6090 10117 9875
f 6090 9875 9876
f 9261 6936 9281
f 9261 6736 6935
f 9261 6935 6936
f 9681 6537 9701
f 9681 6316 6536
f 9681 6536 6537
f 9891 6327 9911
f 9891 6106 6326
f 9891 6326 6327
f 6510 9697 9455
f 6510 9455 9456
f 6510 9456 6530
f 6720 9487 9245
f 6720 9246 6740
f 6720 9245 9246
f 6300 9666 6320
f 6300 9907 9665
f 6300 9665 9666
f 6909 731 6929
f 6909 729 730
f 6909 730 731
f 10116 10117 6090
f 5916 5917 10101
f 9486 9487 6720
f 9696 9697 6510
f 6105 6106 9891
f 6315 6316 9681
f 9276 411 412
f 9276 9277 411
f 9906 9907 6300
f 6525 6526 9471
f 6735 6736 9261
f 6924 7125 7126
f 6924 6925 7125
f 10102 5916 10101
f 9472 6525 9471
f 5902 5932 5901
f 5902 5931 5932
f 6091 10116 6090
f 9262 6735 9261
f 9682 6315 9681
f 9892 6105 9891
f 6511 9696 6510
f 6721 9486 6720
f 6301 9906 6300
f 6910 394 728
f 6910 415 394
f 6910 728 729
f 6910 729 6909
f 10115 10116 6091
f 9485 9486 6721
f 5915 5916 10102
f 9695 9696 6511
f 6104 6105 9892
f 6314 6315 9682
f 9275 412 413
f 9275 9276 412
f 9275 413 414
f 9905 9906 6301
f 6524 6525 9472
f 6734 6735 9262
f 6923 6924 7126
f 10103 5915 10102
f 9473 6524 9472
f 5903 5931 5902
f 5903 5930 5931
f 6092 10115 6091
f 9263 6734 9262
f 9683 6314 9682
f 9893 6104 9892
f 6512 9695 6511
f 6722 9485 6721
f 6302 9905 6301
f 6911 415 6910
f 6911 414 415
f 10114 10115 6092
f 9484 9485 6722
f 5914 5915 10103
f 6103 6104 9893
f 9274 9275 414
f 9274 414 6911
f 9694 9695 6512
f 9904 9905 6302
f 6523 6524 9473
f 6313 6314 9683
f 6733 6734 9263
f 6922 6923 7126
f 6922 7126 7127
f 10104 5914 10103
f 9474 6523 9473
f 5904 5930 5903
f 5904 5929 5930
f 6093 10114 6092
f 9264 6733 9263
f 9684 6313 9683
f 6513 9694 6512
f 6303 9904 6302
f 9894 6103 9893
f 6723 9484 6722
f 6912 9274 6911
f 10113 10114 6093
f 9483 9484 6723
f 5913 5914 10104
f 6102 6103 9894
f 9273 9274 6912
f 9693 9694 6513
f 6522 6523 9474
f 9903 9904 6303
f 6732 6733 9264
f 6312 6313 9684
f 6921 7127 7128
f 6921 6922 7127
f 10105 5913 10104
f 9475 6522 9474
f 5905 5928 5929
f 5905 5929 5904
f 6094 10113 6093
f 9265 6732 9264
f 9685 6312 9684
f 9895 6102 9894
f 6514 9693 6513
f 6724 9483 6723
f 6304 9903 6303
f 6913 9273 6912
f 10112 10113 6094
f 9482 9483 6724
f 5912 5913 10105
f 6101 6102 9895
f 6311 6312 9685
f 9272 9273 6913
f 9692 9693 6514
f 9902 9903 6304
f 6521 6522 9475
f 6731 6732 9265
f 6920 6921 7128
f 6920 7128 7129
f 10106 5912 10105
f 9476 6521 9475
f 5906 5928 5905
f 6095 10112 6094
f 9266 6731 9265
f 9686 6311 9685
f 9896 6101 9895
f 6515 9692 6514
f 6725 9482 6724
f 6305 9902 6304
f 6914 9272 6913
f 5911 5912 10106
f 9271 9272 6914
f 9691 9692 6515
f 9901 9902 6305
f 6520 6521 9476
f 6730 6731 9266
f 10140 6098 6099
f 9510 6728 6729
f 5898 10109 10110
f 9720 6518 6519
f 9930 6308 6309
f 6507 9479 9480
f 6087 9899 9900
f 6297 9689 9690
f 6717 9269 9270
f 10141 6098 10140
f 10141 6097 6098
f 9511 6728 9510
f 9511 6727 6728
f 5899 10108 10109
f 5899 10109 5898
f 9721 6518 9720
f 9721 6517 6518
f 9931 6308 9930
f 9931 6307 6308
f 6508 9478 9479
f 6508 9479 6507
f 6718 9269 6717
f 6718 9268 9269
f 6088 9898 9899
f 6088 9899 6087
f 6298 9688 9689
f 6298 9689 6297
f 10139 6099 6100
f 10139 10140 6099
f 9509 9510 6729
f 9509 6729 6730
f 5897 5898 10110
f 5897 10110 10111
f 9719 9720 6519
f 9719 6519 6520
f 9929 9930 6309
f 9929 6309 6310
f 6506 9480 9481
f 6506 6507 9480
f 6086 9900 9901
f 6086 6087 9900
f 6296 9690 9691
f 6296 6297 9690
f 6716 6717 9270
f 6716 9270 9271
f 10142 6097 10141
f 10142 6096 6097
f 9512 6727 9511
f 9512 6726 6727
f 5900 10108 5899
f 5900 10107 10108
f 9722 6517 9721
f 9722 6516 6517
f 6509 9477 9478
f 6509 9478 6508
f 6089 9897 9898
f 6089 9898 6088
f 6299 9687 9688
f 6299 9688 6298
f 9932 6307 9931
f 9932 6306 6307
f 6719 9268 6718
f 6719 9267 9268
f 10138 10139 6100
f 10138 6100 6101
f 10138 6101 9896
f 9508 9509 6730
f 9508 6730 9266
f 5896 5897 10111
f 5896 10111 10112
f 5896 10112 6095
f 6505 9481 9482
f 6505 9482 6725
f 6505 6506 9481
f 6295 6296 9691
f 6295 9691 6515
f 9718 6520 9476
f 9718 9719 6520
f 9928 9929 6310
f 9928 6310 6311
f 9928 6311 9686
f 6715 9271 6914
f 6715 6716 9271
f 6085 9901 6305
f 6085 6086 9901
f 10122 6095 6096
f 10122 6096 10142
f 10122 5896 6095
f 9492 6505 6725
f 9492 6726 9512
f 9492 6725 6726
f 5880 5911 10106
f 5880 10106 10107
f 5880 10107 5900
f 9702 6516 9722
f 9702 6515 6516
f 9702 6295 6515
f 6489 9477 6509
f 6489 9718 9476
f 6489 9476 9477
f 9912 6305 6306
f 9912 6306 9932
f 9912 6085 6305
f 6069 9896 9897
f 6069 10138 9896
f 6069 9897 6089
f 6279 9686 9687
f 6279 9687 6299
f 6279 9928 9686
f 6699 9267 6719
f 6699 9508 9266
f 6699 9266 9267
f 10137 10138 6069
f 5895 5896 10122
f 9507 9508 6699
f 9717 9718 6489
f 6504 6505 9492
f 9927 9928 6279
f 6084 6085 9912
f 6294 6295 9702
f 6714 6715 6914
f 6714 6914 6915
f 10123 5895 10122
f 5881 5911 5880
f 5881 5910 5911
f 9493 6504 9492
f 9703 6294 9702
f 9913 6084 9912
f 6490 9717 6489
f 6070 10137 6069
f 6280 9927 6279
f 6700 9507 6699
f 10136 10137 6070
f 9506 9507 6700
f 9716 9717 6490
f 5894 5895 10123
f 6083 6084 9913
f 9926 9927 6280
f 6503 6504 9493
f 6293 6294 9703
f 6713 6915 6916
f 6713 6916 6917
f 6713 6714 6915
f 10124 5894 10123
f 9494 6503 9493
f 5882 5910 5881
f 5882 5909 5910
f 9704 6293 9703
f 9914 6083 9913
f 6491 9716 6490
f 6071 10136 6070
f 6281 9926 6280
f 6701 9506 6700
f 10135 10136 6071
f 9505 9506 6701
f 5893 5894 10124
f 9715 9716 6491
f 6502 6503 9494
f 6082 6083 9914
f 6292 6293 9704
f 9925 9926 6281
f 6712 6713 6917
f 10125 5893 10124
f 9495 6502 9494
f 5883 5908 5909
f 5883 5909 5882
f 9705 6292 9704
f 6492 9715 6491
f 6072 10135 6071
f 9915 6082 9914
f 6702 9505 6701
f 6282 9925 6281
f 10134 10135 6072
f 9504 9505 6702
f 5892 5893 10125
f 9714 9715 6492
f 9924 9925 6282
f 6501 6502 9495
f 6081 6082 9915
f 6291 6292 9705
f 6711 6712 6917
f 6711 6917 6918
f 10126 5892 10125
f 9496 6501 9495
f 5884 5908 5883
f 5884 5907 5908
f 9706 6291 9705
f 9916 6081 9915
f 6493 9714 6492
f 6703 9504 6702
f 6073 10134 6072
f 6283 9924 6282
f 10133 10134 6073
f 9503 9504 6703
f 5891 5892 10126
f 9713 9714 6493
f 9923 9924 6283
f 6500 6501 9496
f 6080 6081 9916
f 6290 6291 9706
f 6710 6711 6918
f 6710 6918 6919
f 10127 5891 10126
f 9497 6500 9496
f 5885 5907 5884
f 9707 6290 9706
f 9917 6080 9916
f 6494 9713 6493
f 6074 10133 6073
f 6284 9923 6283
f 6704 9503 6703
f 10132 10133 6074
f 9502 9503 6704
f 5890 5891 10127
f 9712 9713 6494
f 6499 6500 9497
f 10161 6077 6078
f 5877 10130 10131
f 9741 6497 6498
f 6486 9500 9501
f 9951 6287 6288
f 6066 9920 9921
f 6276 9710 9711
f 10162 6076 6077
f 10162 6077 10161
f 5878 10130 5877
f 5878 10129 10130
f 9742 6497 9741
f 9742 6496 6497
f 6487 9499 9500
f 6487 9500 6486
f 9952 6286 6287
f 9952 6287 9951
f 6067 9919 9920
f 6067 9920 6066
f 6277 9709 9710
f 6277 9710 6276
f 10160 6078 6079
f 10160 10161 6078
f 5876 5877 10131
f 5876 10131 10132
f 9740 6498 6499
f 9740 9741 6498
f 6485 9501 9502
f 6485 6486 9501
f 9950 6288 6289
f 9950 9951 6288
f 6065 9921 9922
f 6065 6066 9921
f 6275 9711 9712
f 6275 6276 9711
f 10163 6075 6076
f 10163 6076 10162
f 5879 10128 10129
f 5879 10129 5878
f 6278 9708 9709
f 6278 9709 6277
f 9743 6495 6496
f 9743 6496 9742
f 6488 9498 9499
f 6488 9499 6487
f 9953 6285 6286
f 9953 6286 9952
f 6068 9919 6067
f 6068 9918 9919
f 10159 6079 6080
f 10159 10160 6079
f 10159 6080 9917
f 5875 5876 10132
f 5875 10132 6074
f 6274 6275 9712
f 6274 9712 6494
f 9739 6499 9497
f 9739 9740 6499
f 6484 6485 9502
f 6484 9502 6704
f 9949 9950 6289
f 9949 6290 9707
f 9949 6289 6290
f 6064 9923 6284
f 6064 9922 9923
f 6064 6065 9922
f 10143 6075 10163
f 10143 6074 6075
f 10143 5875 6074
f 5859 10128 5879
f 5859 10127 10128
f 5859 5890 10127
f 9723 6274 6494
f 9723 6494 6495
f 9723 6495 9743
f 6468 9497 9498
f 6468 9739 9497
f 6468 9498 6488
f 9933 6064 6284
f 9933 6284 6285
f 9933 6285 9953
f 6048 10159 9917
f 6048 9918 6068
f 6048 9917 9918
f 6258 9707 9708
f 6258 9708 6278
f 6258 9949 9707
f 10158 10159 6048
f 5874 5875 10143
f 9738 9739 6468
f 6273 6274 9723
f 6483 6484 6704
f 6483 6704 6705
f 9948 9949 6258
f 6063 6064 9933
f 10144 5874 10143
f 5860 5890 5859
f 5860 5889 5890
f 9724 6273 9723
f 6469 9738 6468
f 9934 6063 9933
f 6049 10158 6048
f 6259 9948 6258
f 10157 10158 6049
f 5873 5874 10144
f 9737 9738 6469
f 9947 9948 6259
f 6062 6063 9934
f 6272 6273 9724
f 6482 6705 6706
f 6482 6706 6707
f 6482 6483 6705
f 10145 5873 10144
f 5861 5888 5889
f 5861 5889 5860
f 9725 6272 9724
f 6470 9737 6469
f 9935 6062 9934
f 6050 10157 6049
f 6260 9947 6259
f 10156 10157 6050
f 5872 5873 10145
f 9736 9737 6470
f 6061 6062 9935
f 6271 6272 9725
f 6481 6482 6707
f 6481 6707 6708
f 9946 9947 6260
f 10146 5872 10145
f 5862 5888 5861
f 5862 5887 5888
f 9726 6271 9725
f 6471 9736 6470
f 9936 6061 9935
f 6051 10156 6050
f 6261 9946 6260
f 10155 10156 6051
f 5871 5872 10146
f 9735 9736 6471
f 6480 6481 6708
f 9945 9946 6261
f 6060 6061 9936
f 6270 6271 9726
f 10147 5871 10146
f 5863 5887 5862
f 5863 5886 5887
f 9727 6270 9726
f 6472 9735 6471
f 9937 6060 9936
f 6052 10155 6051
f 6262 9945 6261
f 10154 10155 6052
f 5870 5871 10147
f 9734 9735 6472
f 6479 6480 6708
f 6479 6708 6709
f 9944 9945 6262
f 6059 6060 9937
f 6269 6270 9727
f 10148 5870 10147
f 5864 5886 5863
f 9728 6269 9727
f 6473 9734 6472
f 9938 6059 9937
f 6263 9944 6262
f 9943 9944 6263
f 6058 6059 9938
f 10203 10152 10153
f 10203 10153 10154
f 10204 10152 10203
f 10204 10151 10152
f 10202 6052 6053
f 10202 10203 10154
f 10202 10154 6052
f 10205 10151 10204
f 10205 10150 10151
f 10201 10202 6053
f 10201 6053 6054
f 10185 10148 10149
f 10185 10149 10150
f 10185 10150 10205
f 10182 6056 6057
f 6045 9941 9942
f 6255 9731 9732
f 9972 6266 6267
f 10183 6055 6056
f 10183 6056 10182
f 9973 6265 6266
f 9973 6266 9972
f 6046 9940 9941
f 6046 9941 6045
f 6256 9730 9731
f 6256 9731 6255
f 10186 10148 10185
f 10186 5868 5869
f 10186 5869 5870
f 10186 5870 10148
f 10181 6057 6058
f 10181 10182 6057
f 6044 9942 9943
f 6044 6045 9942
f 6254 9732 9733
f 6254 6255 9732
f 9971 6267 6268
f 9971 9972 6267
f 10184 6055 10183
f 10184 6054 6055
f 10184 10201 6054
f 10184 10200 10201
f 9974 6264 6265
f 9974 6265 9973
f 6047 9939 9940
f 6047 9940 6046
f 6257 9729 9730
f 6257 9730 6256
f 10180 6058 9938
f 10180 10181 6058
f 9970 6268 6269
f 9970 6269 9728
f 9970 9971 6268
f 6043 6044 9943
f 6043 9943 6263
f 6253 9734 6473
f 6253 9733 9734
f 6253 6254 9733
f 10164 10200 10184
f 9954 6263 6264
f 9954 6043 6263
f 9954 6264 9974
f 6027 9939 6047
f 6027 9938 9939
f 6027 10180 9938
f 6237 9970 9728
f 6237 9728 9729
f 6237 9729 6257
f 10179 10180 6027
f 9969 9970 6237
f 6042 6043 9954
f 6252 6473 6474
f 6252 6474 6475
f 6252 6253 6473
f 10165 10199 10200
f 10165 10200 10164
f 6028 10179 6027
f 9955 6042 9954
f 6238 9969 6237
f 10187 5867 5868
f 10187 5868 10186
f 10178 10179 6028
f 6041 6042 9955
f 9968 9969 6238
f 6251 6252 6475
f 10166 10199 10165
f 9956 6041 9955
f 6029 10178 6028
f 6239 9968 6238
f 10177 10178 6029
f 6040 6041 9956
f 9967 9968 6239
f 6250 6475 6476
f 6250 6251 6475
f 10198 10199 10166
f 10167 10198 10166
f 9957 6040 9956
f 6030 10177 6029
f 6240 9967 6239
f 10188 5866 5867
f 10188 5867 10187
f 10176 10177 6030
f 9966 9967 6240
f 6039 6040 9957
f 6249 6476 6477
f 6249 6477 6478
f 6249 6250 6476
f 10168 10198 10167
f 9958 6039 9957
f 6031 10176 6030
f 6241 9966 6240
f 10175 10176 6031
f 9965 9966 6241
f 6038 6039 9958
f 6248 6249 6478
f 9959 6038 9958
f 6032 10175 6031
f 6242 9965 6241
f 10197 10198 10168
f 10197 10168 10169
f 10189 5865 5866
f 10189 5866 10188
f 6037 6038 9959
f 10196 10197 10169
f 10196 10169 10170
f 10190 5864 5865
f 10190 5865 10189
f 10195 10196 10170
f 10195 10170 10171
f 6024 9962 9963
f 6025 9961 9962
f 6025 9962 6024
f 6023 6024 9963
f 6023 9963 9964
f 6026 9960 9961
f 6026 9961 6025
f 6022 9965 6242
f 6022 6023 9964
f 6022 9964 9965
f 6006 6037 9959
f 6006 9960 6026
f 6006 9959 9960
f 6021 6022 6242
f 6021 6242 6243
f 7946 10175 6032
f 7946 10174 10175
f 6007 6037 6006
f 6007 6036 6037
f 7945 7946 6032
f 7945 6032 6033
f 7945 6033 6034
f 7947 10174 7946
f 7947 10173 10174
f 6020 6021 6243
f 6020 6243 6244
f 7944 7945 6034
f 7944 6034 6035
f 7948 10171 10172
f 7948 10172 10173
f 7948 10173 7947
f 6019 6020 6244
f 6019 6244 6245
f 7943 6036 6007
f 7943 6007 6008
f 7943 6035 6036
f 7943 7944 6035
f 6018 6245 6246
f 6018 6246 6247
f 6018 6019 6245
f 7949 10171 7948
f 7949 10194 10195
f 7949 10195 10171
f 6017 6018 6247
f 7942 6008 6009
f 7942 7943 6008
f 7950 10193 10194
f 7950 10194 7949
f 7941 6009 6010
f 7941 7942 6009
f 7951 10192 10193
f 7951 10193 7950
f 7940 7941 6010
f 7940 6010 6011
f 7952 10191 10192
f 7952 10192 7951
f 7953 10191 7952
f 5857 7939 5856
f 5857 7938 7939
f 5855 5856 7939
f 5855 7939 7940
f 5858 7938 5857
f 5858 7958 7938
f 5854 7940 6011
f 5854 5855 7940
f 5838 7958 5858
f 5853 5854 6011
f 5853 6011 6012
f 5839 7958 5838
f 5839 7957 7958
f 5852 5853 6012
f 5852 6012 6013
f 5852 6013 6014
f 5840 7957 5839
f 5851 5852 6014
f 5851 6014 6015
f 5841 7957 5840
f 5841 7956 7957
f 5850 5851 6015
f 5842 7956 5841
f 5842 7955 7956
f 5604 6247 6248
f 5604 5846 5847
f 5604 5847 5848
f 5604 6248 6478
f 5604 5848 5849
f 5604 5849 5850
f 5604 6015 6016
f 5604 6016 6017
f 5604 6017 6247
f 5604 5850 6015
f 5609 5842 5843
f 5609 5843 5844
f 5609 5844 5845
f 5609 5845 5846
f 5609 7955 5842
f 5609 7953 7954
f 5609 7954 7955
f 5608 5610 5609
f 5608 5611 5610
f 5608 5609 5846
f 5605 5608 5846
f 5605 5607 5606
f 5605 5604 5607
f 5605 5846 5604
f 5592 5596 327
f 5601 5604 6478
f 5601 6478 6479
f 5601 6479 6709
f 5601 6709 6710
f 5601 6710 6919
f 5601 6919 6920
f 5601 6920 7129
f 5601 7129 7130
f 5601 7130 7318
f 5601 7318 7319
f 5609 5612 7953
f 7953 5612 10190
f 10190 5612 5864
f 5864 5612 5885
f 5885 5612 5906
f 5906 5612 5927
f 5927 5612 5948
f 5948 5612 5969
f 5969 5612 5990
f 5969 5990 5991
f 7953 10190 10191
f 5864 5885 5886
f 5885 5906 5907
f 5906 5927 5928
f 5927 5948 5949
f 5948 5969 5970
f 5617 5620 8400
f 5617 8400 8610
f 5617 8610 8841
f 5617 8841 9051
f 5617 9051 9282
f 5617 9282 9513
f 660 661 5646
f 660 5646 5645
f 516 517 8179
f 516 8179 8180
f 512 513 8410
f 512 8410 8411
f 512 8411 8412
f 508 509 8621
f 8621 509 8620
f 486 487 8022
f 8022 487 8042
f 486 8022 8023
f 486 8023 8024
f 486 8024 8025
f 532 533 8017
f 8017 533 8016
f 8016 533 8015
f 8015 533 8014
f 532 8017 8018
f 7430 7431 8492
f 8492 7431 7432
f 10206 7981 7980
f 10207 7981 10206
f 10208 7982 7981
f 10208 7981 10207
f 10209 7983 7982
f 10209 7982 10208
f 10210 7984 7983
f 10210 7983 10209
f 10211 7985 7984
f 10211 7984 10210
f 10212 7986 7985
f 10212 7987 7986
f 10212 7985 10211
f 10213 7987 10212
f 10214 7988 7987
f 10214 7987 10213
f 10215 7989 7988
f 10215 7988 10214
f 10216 7990 7989
f 10216 7989 10215
f 10217 7991 7990
f 10217 7990 10216
f 10218 7992 7991
f 10218 7993 7992
f 10218 7991 10217
f 10219 7993 10218
f 10220 7993 10219
f 10220 7994 7993
f 10221 7994 10220
f 10221 7995 7994
f 10222 7995 10221
f 10222 7996 7995
f 10222 7997 7996
f 10223 7997 10222
f 10224 7997 10223
f 10224 7998 7997
f 10224 7999 7998
f 10225 7999 10224
f 10226 7999 10225
f 10226 8000 7999
f 10226 7980 8000
f 10206 7980 10226
f 10250 10230 10229
f 10250 10251 10230
f 10252 10231 10230
f 10252 10230 10251
f 10249 10229 10228
f 10249 10250 10229
f 10253 10232 10231
f 10253 10231 10252
f 10248 10228 10227
f 10248 10249 10228
f 10254 10233 10232
f 10254 10232 10253
f 10268 10227 10247
f 10268 10248 10227
f 10255 10234 10233
f 10255 10233 10254
f 10267 10247 10246
f 10267 10268 10247
f 10235 10255 10256
f 10235 10234 10255
f 10245 10266 10267
f 10245 10267 10246
f 10257 10235 10256
f 10265 10266 10245
f 10236 10257 10258
f 10236 10235 10257
f 10244 10265 10245
f 10237 10236 10258
f 10237 10258 10259
f 10243 10265 10244
f 10243 10263 10264
f 10243 10264 10265
f 10238 10237 10259
f 10242 10263 10243
f 10239 10238 10259
f 10239 10259 10260
f 10239 10260 10261
f 10241 10262 10263
f 10241 10263 10242
f 10240 10239 10261
f 10240 10262 10241
f 10240 10261 10262
f 971 10269 951
f 971 10270 10269
f 970 10271 10270
f 970 10270 971
f 969 10272 10271
f 969 10271 970
f 968 10273 10272
f 968 10272 969
f 967 10274 10273
f 967 10273 968
f 966 10275 10274
f 966 10274 967
f 965 10276 10275
f 965 10275 966
f 964 10277 10276
f 964 10276 965
f 963 10278 10277
f 963 10277 964
f 962 10279 10278
f 962 10278 963
f 961 10280 10279
f 961 10279 962
f 960 10281 10280
f 960 10280 961
f 959 10281 960
f 959 10282 10281
f 958 10282 959
f 958 10283 10282
f 957 10283 958
f 957 10284 10283
f 956 10284 957
f 956 10285 10284
f 955 10285 956
f 955 10286 10285
f 954 10286 955
f 954 10287 10286
f 953 10287 954
f 953 10288 10287
f 952 10288 953
f 952 10289 10288
f 951 10289 952
f 951 10269 10289
f 10290 7960 7959
f 10291 7960 10290
f 10292 7961 7960
f 10292 7960 10291
f 10293 7962 7961
f 10293 7961 10292
f 10294 7963 7962
f 10294 7962 10293
f 10295 7964 7963
f 10295 7963 10294
f 10296 7965 7964
f 10296 7966 7965
f 10296 7964 10295
f 10297 7966 10296
f 10298 7967 7966
f 10298 7966 10297
f 10299 7968 7967
f 10299 7967 10298
f 10300 7969 7968
f 10300 7968 10299
f 10301 7970 7969
f 10301 7969 10300
f 10302 7971 7970
f 10302 7972 7971
f 10302 7970 10301
f 10303 7972 10302
f 10304 7972 10303
f 10304 7973 7972
f 10305 7973 10304
f 10305 7974 7973
f 10306 7974 10305
f 10306 7975 7974
f 10306 7976 7975
f 10307 7976 10306
f 10308 7976 10307
f 10308 7977 7976
f 10308 7978 7977
f 10309 7978 10308
f 10310 7978 10309
f 10310 7979 7978
f 10310 7959 7979
f 10290 7959 10310
f 10311 5776 5775
f 10312 5776 10311
f 10313 5777 5776
f 10313 5776 10312
f 10314 5778 5777
f 10314 5777 10313
f 10315 5779 5778
f 10315 5778 10314
f 10316 5780 5779
f 10316 5779 10315
f 10317 5781 5780
f 10317 5782 5781
f 10317 5780 10316
f 10318 5782 10317
f 10319 5783 5782
f 10319 5782 10318
f 10320 5784 5783
f 10320 5783 10319
f 10321 5785 5784
f 10321 5784 10320
f 10322 5786 5785
f 10322 5785 10321
f 10323 5787 5786
f 10323 5788 5787
f 10323 5786 10322
f 10324 5788 10323
f 10325 5788 10324
f 10325 5789 5788
f 10326 5789 10325
f 10326 5790 5789
f 10327 5790 10326
f 10327 5791 5790
f 10327 5792 5791
f 10328 5792 10327
f 10329 5792 10328
f 10329 5793 5792
f 10329 5794 5793
f 10330 5794 10329
f 10331 5794 10330
f 10331 5795 5794
f 10331 5775 5795
f 10311 5775 10331
f 10332 5818 5817
f 10333 5818 10332
f 10334 5819 5818
f 10334 5818 10333
f 10335 5820 5819
f 10335 5819 10334
f 10336 5821 5820
f 10336 5820 10335
f 10337 5822 5821
f 10337 5821 10336
f 10338 5823 5822
f 10338 5824 5823
f 10338 5822 10337
f 10339 5824 10338
f 10340 5825 5824
f 10340 5824 10339
f 10341 5826 5825
f 10341 5825 10340
f 10342 5827 5826
f 10342 5826 10341
f 10343 5828 5827
f 10343 5827 10342
f 10344 5829 5828
f 10344 5830 5829
f 10344 5828 10343
f 10345 5830 10344
f 10346 5830 10345
f 10346 5831 5830
f 10347 5831 10346
f 10347 5832 5831
f 10348 5832 10347
f 10348 5833 5832
f 10348 5834 5833
f 10349 5834 10348
f 10350 5834 10349
f 10350 5835 5834
f 10350 5836 5835
f 10351 5836 10350
f 10352 5836 10351
f 10352 5837 5836
f 10352 5817 5837
f 10332 5817 10352
f 5549 10248 5529
f 5549 10249 10248
f 5548 10250 10249
f 5548 10249 5549
f 5547 10251 10250
f 5547 10250 5548
f 5546 10252 10251
f 5546 10251 5547
f 5545 10253 10252
f 5545 10252 5546
f 5544 10254 10253
f 5544 10253 5545
f 5543 10255 10254
f 5543 10254 5544
f 5542 10256 10255
f 5542 10255 5543
f 5541 10257 10256
f 5541 10256 5542
f 5540 10258 10257
f 5540 10257 5541
f 5539 10259 10258
f 5539 10258 5540
f 5538 10260 10259
f 5538 10259 5539
f 5537 10260 5538
f 5537 10261 10260
f 5536 10261 5537
f 5536 10262 10261
f 5535 10262 5536
f 5535 10263 10262
f 5534 10263 5535
f 5534 10264 10263
f 5533 10264 5534
f 5533 10265 10264
f 5532 10265 5533
f 5532 10266 10265
f 5531 10266 5532
f 5531 10267 10266
f 5530 10267 5531
f 5530 10268 10267
f 5529 10268 5530
f 5529 10248 10268
f 10355 10314 10313
f 10355 10356 10314
f 10357 10315 10314
f 10357 10314 10356
f 10354 10313 10312
f 10354 10355 10313
f 10358 10316 10315
f 10358 10315 10357
f 10353 10312 10311
f 10353 10354 10312
f 10359 10317 10316
f 10359 10316 10358
f 10318 10317 10359
f 10373 10311 10331
f 10373 10353 10311
f 10360 10318 10359
f 10372 10331 10330
f 10372 10373 10331
f 10361 10318 10360
f 10319 10318 10361
f 10371 10372 10330
f 10329 10371 10330
f 10362 10319 10361
f 10320 10319 10362
f 10328 10369 10370
f 10328 10370 10371
f 10328 10371 10329
f 10321 10362 10363
f 10321 10320 10362
f 10327 10369 10328
f 10327 10368 10369
f 10322 10363 10364
f 10322 10321 10363
f 10326 10368 10327
f 10323 10322 10364
f 10323 10364 10365
f 10325 10368 10326
f 10325 10367 10368
f 10324 10323 10365
f 10324 10367 10325
f 10324 10365 10366
f 10324 10366 10367
f 883 866 865
f 883 885 884
f 883 865 885
f 874 871 870
f 874 872 871
f 874 873 872
f 880 882 881
f 880 883 882
f 878 867 866
f 878 868 867
f 878 869 868
f 878 870 869
f 878 875 874
f 878 876 875
f 878 877 876
f 878 880 879
f 878 883 880
f 878 866 883
f 878 874 870
f 3260 5796 3240
f 3260 5797 5796
f 3259 5798 5797
f 3259 5797 3260
f 3258 5799 5798
f 3258 5798 3259
f 3257 5800 5799
f 3257 5799 3258
f 3256 5801 5800
f 3256 5800 3257
f 3255 5802 5801
f 3255 5801 3256
f 3254 5803 5802
f 3254 5802 3255
f 3253 5804 5803
f 3253 5803 3254
f 3252 5805 5804
f 3252 5804 3253
f 3251 5806 5805
f 3251 5805 3252
f 3250 5807 5806
f 3250 5806 3251
f 3249 5808 5807
f 3249 5807 3250
f 3248 5808 3249
f 3248 5809 5808
f 3247 5809 3248
f 3247 5810 5809
f 3246 5810 3247
f 3246 5811 5810
f 3245 5811 3246
f 3245 5812 5811
f 3244 5812 3245
f 3244 5813 5812
f 3243 5813 3244
f 3243 5814 5813
f 3242 5814 3243
f 3242 5815 5814
f 3241 5815 3242
f 3241 5816 5815
f 3240 5816 3241
f 3240 5796 5816
f 10377 10336 10335
f 10376 10335 10334
f 10376 10377 10335
f 10378 10337 10336
f 10378 10336 10377
f 10375 10334 10333
f 10375 10376 10334
f 10379 10337 10378
f 10374 10333 10332
f 10374 10375 10333
f 10380 10338 10337
f 10380 10337 10379
f 10394 10332 10352
f 10394 10374 10332
f 10381 10339 10338
f 10381 10338 10380
f 10393 10352 10351
f 10393 10394 10352
f 10340 10381 10382
f 10340 10339 10381
f 10350 10392 10393
f 10350 10393 10351
f 10383 10340 10382
f 10341 10383 10384
f 10341 10340 10383
f 10349 10391 10392
f 10349 10392 10350
f 10342 10341 10384
f 10342 10384 10385
f 10348 10391 10349
f 10348 10390 10391
f 10343 10342 10385
f 10343 10385 10386
f 10347 10390 10348
f 10347 10388 10389
f 10347 10389 10390
f 10344 10343 10386
f 10346 10388 10347
f 10345 10388 10346
f 10345 10344 10386
f 10345 10386 10387
f 10345 10387 10388
f 5487 5665 5664
f 5488 5666 5665
f 5488 5665 5487
f 514 516 5667
f 5489 5667 5666
f 5489 5666 5488
f 5490 5667 5489
f 5490 514 5667
f 5491 640 514
f 5491 514 5490
f 5719 491 492
f 5492 492 639
f 5492 639 640
f 5492 640 5491
f 5493 492 5492
f 5493 5719 492
f 5494 5720 5719
f 5494 5719 5493
f 5495 5721 5720
f 5495 5720 5494
f 5496 5722 5721
f 5496 5721 5495
f 5497 5722 5496
f 5497 5723 5722
f 5498 5723 5497
f 5498 5724 5723
f 5498 5725 5724
f 5499 5725 5498
f 5499 5726 5725
f 5500 5726 5499
f 5500 5727 5726
f 497 494 5728
f 5501 5727 5500
f 5501 5728 5727
f 5502 497 5728
f 5502 5728 5501
f 5503 497 5502
f 5503 644 645
f 5503 645 497
f 5661 521 519
f 5504 644 5503
f 5504 519 644
f 5505 5661 519
f 5505 519 5504
f 5506 5661 5505
f 5506 5662 5661
f 5507 5663 5662
f 5507 5662 5506
f 5487 5663 5507
f 5487 5664 5663
f 813 795 794
f 813 794 814
f 812 796 795
f 812 797 796
f 812 795 813
f 803 802 801
f 809 798 797
f 809 799 798
f 809 800 799
f 809 801 800
f 809 811 810
f 809 812 811
f 809 797 812
f 807 804 803
f 807 805 804
f 807 806 805
f 807 809 808
f 807 803 801
f 807 801 809
f 3136 7917 3135
f 3136 7918 7917
f 3136 7919 7918
f 3137 7919 3136
f 3138 7920 7919
f 3138 7921 7920
f 3138 7919 3137
f 3139 7921 3138
f 3140 7922 7921
f 3140 7921 3139
f 3141 7923 7922
f 3141 7922 3140
f 3142 7924 7923
f 3142 7923 3141
f 3143 7925 7924
f 3143 7926 7925
f 3143 7924 3142
f 3144 7926 3143
f 3145 7927 7926
f 3145 7926 3144
f 3146 7928 7927
f 3146 7927 3145
f 3147 7929 7928
f 3147 7928 3146
f 3148 7929 3147
f 3148 7930 7929
f 3148 7931 7930
f 3149 7931 3148
f 3149 7932 7931
f 3150 7932 3149
f 3151 7932 3150
f 3151 7933 7932
f 3152 7933 3151
f 3152 7934 7933
f 3153 7934 3152
f 3153 7935 7934
f 3154 7935 3153
f 3154 7936 7935
f 3155 7936 3154
f 3155 7937 7936
f 3155 7917 7937
f 3135 7917 3155
f 916 899 898
f 916 918 917
f 916 898 918
f 907 904 903
f 907 905 904
f 907 906 905
f 913 915 914
f 913 916 915
f 911 900 899
f 911 901 900
f 911 902 901
f 911 903 902
f 911 908 907
f 911 909 908
f 911 910 909
f 911 913 912
f 911 916 913
f 911 899 916
f 911 907 903
f 5594 5595 948
f 5594 948 949
f 5593 949 950
f 5593 5594 949
f 5592 950 920
f 5592 5593 950
f 5595 947 948
f 5621 947 5595
f 938 939 5613
f 938 5613 5614
f 937 5614 5615
f 937 938 5614
f 936 5615 5612
f 936 937 5615
f 5616 939 940
f 5613 939 5616
f 5596 5592 920
f 5596 920 919
f 5612 5609 935
f 5612 935 936
f 5611 5608 932
f 5611 932 933
f 5610 933 934
f 5610 5611 933
f 5609 934 935
f 5609 5610 934
f 932 5608 5605
f 932 5605 931
f 922 923 5597
f 922 5597 5598
f 921 5598 5599
f 921 922 5598
f 919 5599 5596
f 919 921 5599
f 924 5597 923
f 924 5600 5597
f 3302 7938 3282
f 3302 7939 7938
f 3301 7940 7939
f 3301 7939 3302
f 3300 7941 7940
f 3300 7940 3301
f 3299 7942 7941
f 3299 7941 3300
f 3298 7943 7942
f 3298 7942 3299
f 3297 7944 7943
f 3297 7943 3298
f 3296 7945 7944
f 3296 7944 3297
f 3295 7946 7945
f 3295 7945 3296
f 3294 7947 7946
f 3294 7946 3295
f 3293 7948 7947
f 3293 7947 3294
f 3292 7949 7948
f 3292 7948 3293
f 3291 7950 7949
f 3291 7949 3292
f 3290 7950 3291
f 3290 7951 7950
f 3289 7951 3290
f 3289 7952 7951
f 3288 7952 3289
f 3288 7953 7952
f 3287 7953 3288
f 3287 7954 7953
f 3286 7954 3287
f 3286 7955 7954
f 3285 7955 3286
f 3285 7956 7955
f 3284 7956 3285
f 3284 7957 7956
f 3283 7957 3284
f 3283 7958 7957
f 3282 7958 3283
f 3282 7938 7958
f 946 947 5621
f 946 5621 5622
f 946 5622 5623
f 945 5623 5620
f 945 946 5623
f 944 945 5620
f 5619 5616 940
f 5619 940 941
f 5619 941 942
f 5618 942 943
f 5618 5619 942
f 5617 5618 943
f 931 5605 5606
f 930 5606 5607
f 930 931 5606
f 929 5607 5604
f 929 930 5607
f 928 929 5604
f 5604 5601 927
f 5604 927 928
f 5603 5600 924
f 5603 924 925
f 5603 925 926
f 5602 926 927
f 5602 5603 926
f 5601 5602 927
f 3176 8064 3156
f 3176 8065 8064
f 3175 8066 8065
f 3175 8065 3176
f 3174 8067 8066
f 3174 8066 3175
f 3173 8068 8067
f 3173 8067 3174
f 3172 8069 8068
f 3172 8068 3173
f 3171 8070 8069
f 3171 8069 3172
f 3170 8071 8070
f 3170 8070 3171
f 3169 8072 8071
f 3169 8071 3170
f 3168 8073 8072
f 3168 8072 3169
f 3167 8074 8073
f 3167 8073 3168
f 3166 8075 8074
f 3166 8074 3167
f 3165 8076 8075
f 3165 8075 3166
f 3164 8076 3165
f 3164 8077 8076
f 3163 8077 3164
f 3163 8078 8077
f 3162 8078 3163
f 3162 8079 8078
f 3161 8079 3162
f 3161 8080 8079
f 3160 8080 3161
f 3160 8081 8080
f 3159 8081 3160
f 3159 8082 8081
f 3158 8082 3159
f 3158 8083 8082
f 3157 8083 3158
f 3157 8084 8083
f 3156 8084 3157
f 3156 8064 8084
f 5486 8043 5466
f 5486 8044 8043
f 5485 8045 8044
f 5485 8044 5486
f 5484 8046 8045
f 5484 8045 5485
f 5483 8047 8046
f 5483 8046 5484
f 5482 8048 8047
f 5482 8047 5483
f 5481 8049 8048
f 5481 8048 5482
f 5480 8050 8049
f 5480 8049 5481
f 5479 8051 8050
f 5479 8050 5480
f 5478 8052 8051
f 5478 8051 5479
f 5477 8053 8052
f 5477 8052 5478
f 5476 8054 8053
f 5476 8053 5477
f 5475 8055 8054
f 5475 8054 5476
f 5474 8055 5475
f 5474 8056 8055
f 5473 8056 5474
f 5473 8057 8056
f 5472 8057 5473
f 5472 8058 8057
f 5471 8058 5472
f 5471 8059 8058
f 5470 8059 5471
f 5470 8060 8059
f 5469 8060 5470
f 5469 8061 8060
f 5468 8061 5469
f 5468 8062 8061
f 5467 8062 5468
f 5467 8063 8062
f 5466 8063 5467
f 5466 8043 8063
f 3197 8022 3177
f 3197 8023 8022
f 3196 8024 8023
f 3196 8023 3197
f 3195 8025 8024
f 3195 8024 3196
f 3194 8026 8025
f 3194 8025 3195
f 3193 8027 8026
f 3193 8026 3194
f 3192 8028 8027
f 3192 8027 3193
f 3191 8029 8028
f 3191 8028 3192
f 3190 8030 8029
f 3190 8029 3191
f 3189 8031 8030
f 3189 8030 3190
f 3188 8032 8031
f 3188 8031 3189
f 3187 8033 8032
f 3187 8032 3188
f 3186 8034 8033
f 3186 8033 3187
f 3185 8034 3186
f 3185 8035 8034
f 3184 8035 3185
f 3184 8036 8035
f 3183 8036 3184
f 3183 8037 8036
f 3182 8037 3183
f 3182 8038 8037
f 3181 8038 3182
f 3181 8039 8038
f 3180 8039 3181
f 3180 8040 8039
f 3179 8040 3180
f 3179 8041 8040
f 3178 8041 3179
f 3178 8042 8041
f 3177 8042 3178
f 3177 8022 8042
f 5729 523 524
f 3198 565 566
f 3198 566 562
f 3218 524 565
f 3218 565 3198
f 3218 5729 524
f 3217 5730 5729
f 3217 5729 3218
f 3216 5731 5730
f 3216 5730 3217
f 3215 5732 5731
f 3215 5731 3216
f 3214 5733 5732
f 3214 5732 3215
f 3213 5734 5733
f 3213 5733 3214
f 3212 5735 5734
f 3212 5734 3213
f 526 528 5736
f 3211 5736 5735
f 3211 5735 3212
f 3210 526 5736
f 3210 5736 3211
f 3209 526 3210
f 3209 568 569
f 3209 569 526
f 5653 659 567
f 3208 567 568
f 3208 568 3209
f 3207 5653 567
f 3207 567 3208
f 3206 5654 5653
f 3206 5653 3207
f 3205 5655 5654
f 3205 5654 3206
f 3204 5656 5655
f 3204 5655 3205
f 3203 5657 5656
f 3203 5656 3204
f 3202 5658 5657
f 3202 5657 3203
f 3201 5659 5658
f 3201 5658 3202
f 561 656 5660
f 3200 5660 5659
f 3200 5659 3201
f 3199 564 561
f 3199 5660 3200
f 3199 561 5660
f 3198 562 563
f 3198 563 564
f 3198 564 3199
f 5767 539 540
f 3219 601 602
f 3219 602 598
f 3239 540 601
f 3239 601 3219
f 3239 5767 540
f 3238 5768 5767
f 3238 5767 3239
f 3237 5769 5768
f 3237 5768 3238
f 3236 5770 5769
f 3236 5769 3237
f 3235 5771 5770
f 3235 5770 3236
f 3234 5772 5771
f 3234 5771 3235
f 3233 5773 5772
f 3233 5772 3234
f 542 544 5774
f 3232 5774 5773
f 3232 5773 3233
f 3231 542 5774
f 3231 5774 3232
f 3230 542 3231
f 3230 617 618
f 3230 618 542
f 5624 667 616
f 3229 616 617
f 3229 617 3230
f 3228 5624 616
f 3228 616 3229
f 3227 5625 5624
f 3227 5624 3228
f 3226 5626 5625
f 3226 5625 3227
f 3225 5627 5626
f 3225 5626 3226
f 3224 5628 5627
f 3224 5627 3225
f 3223 5629 5628
f 3223 5628 3224
f 3222 5630 5629
f 3222 5629 3223
f 597 664 5631
f 3221 5631 5630
f 3221 5630 3222
f 3220 600 597
f 3220 5631 3221
f 3220 597 5631
f 3219 598 599
f 3219 599 600
f 3219 600 3220
f 3281 8001 3261
f 3281 8002 8001
f 3280 8003 8002
f 3280 8002 3281
f 3279 8004 8003
f 3279 8003 3280
f 3278 8005 8004
f 3278 8004 3279
f 3277 8006 8005
f 3277 8005 3278
f 3276 8007 8006
f 3276 8006 3277
f 3275 8008 8007
f 3275 8007 3276
f 3274 8009 8008
f 3274 8008 3275
f 3273 8010 8009
f 3273 8009 3274
f 3272 8011 8010
f 3272 8010 3273
f 3271 8012 8011
f 3271 8011 3272
f 3270 8013 8012
f 3270 8012 3271
f 3269 8013 3270
f 3269 8014 8013
f 3268 8014 3269
f 3268 8015 8014
f 3267 8015 3268
f 3267 8016 8015
f 3266 8016 3267
f 3266 8017 8016
f 3265 8017 3266
f 3265 8018 8017
f 3264 8018 3265
f 3264 8019 8018
f 3263 8019 3264
f 3263 8020 8019
f 3262 8020 3263
f 3262 8021 8020
f 3261 8021 3262
f 3261 8001 8021
f 10271 10293 10292
f 10271 10272 10293
f 10273 10294 10293
f 10273 10293 10272
f 10270 10292 10291
f 10270 10271 10292
f 10274 10295 10294
f 10274 10294 10273
f 10269 10291 10290
f 10269 10270 10291
f 10275 10296 10295
f 10275 10295 10274
f 10289 10290 10310
f 10289 10269 10290
f 10276 10297 10296
f 10276 10296 10275
f 10288 10310 10309
f 10288 10289 10310
f 10298 10276 10277
f 10298 10297 10276
f 10308 10287 10288
f 10308 10288 10309
f 10278 10298 10277
f 10286 10287 10308
f 10299 10278 10279
f 10299 10298 10278
f 10307 10286 10308
f 10300 10299 10279
f 10300 10279 10280
f 10306 10286 10307
f 10306 10284 10285
f 10306 10285 10286
f 10301 10300 10280
f 10305 10284 10306
f 10302 10301 10280
f 10302 10280 10281
f 10302 10281 10282
f 10304 10283 10284
f 10304 10284 10305
f 10303 10302 10282
f 10303 10283 10304
f 10303 10282 10283
f 10227 10186 10185
f 10228 10186 10227
f 10229 10187 10186
f 10229 10186 10228
f 10230 10188 10187
f 10230 10187 10229
f 10231 10189 10188
f 10231 10188 10230
f 10232 10190 10189
f 10232 10189 10231
f 10233 10191 10190
f 10233 10192 10191
f 10233 10190 10232
f 10234 10192 10233
f 10235 10193 10192
f 10235 10192 10234
f 10236 10194 10193
f 10236 10193 10235
f 10237 10195 10194
f 10237 10194 10236
f 10238 10196 10195
f 10238 10195 10237
f 10239 10197 10196
f 10239 10198 10197
f 10239 10196 10238
f 10240 10198 10239
f 10241 10198 10240
f 10241 10199 10198
f 10242 10199 10241
f 10242 10200 10199
f 10243 10200 10242
f 10243 10201 10200
f 10243 10202 10201
f 10244 10202 10243
f 10245 10202 10244
f 10245 10203 10202
f 10245 10204 10203
f 10246 10204 10245
f 10247 10204 10246
f 10247 10205 10204
f 10247 10185 10205
f 10227 10185 10247
f 5573 10209 10208
f 5573 5574 10209
f 5575 10210 10209
f 5575 10209 5574
f 5572 10208 10207
f 5572 5573 10208
f 5576 10211 10210
f 5576 10210 5575
f 5571 10207 10206
f 5571 5572 10207
f 5577 10212 10211
f 5577 10211 5576
f 5591 10206 10226
f 5591 5571 10206
f 5578 10213 10212
f 5578 10212 5577
f 5590 10226 10225
f 5590 5591 10226
f 10214 5578 5579
f 10214 10213 5578
f 10224 5589 5590
f 10224 5590 10225
f 5580 10214 5579
f 5588 5589 10224
f 10215 5580 5581
f 10215 10214 5580
f 10223 5588 10224
f 10216 10215 5581
f 10216 5581 5582
f 10222 5588 10223
f 10222 5586 5587
f 10222 5587 5588
f 10217 10216 5582
f 10221 5586 10222
f 10218 10217 5582
f 10218 5582 5583
f 10218 5583 5584
f 10220 5585 5586
f 10220 5586 10221
f 10219 10218 5584
f 10219 5585 10220
f 10219 5584 5585
f 5528 10353 5508
f 5528 10354 10353
f 5527 10355 10354
f 5527 10354 5528
f 5526 10356 10355
f 5526 10355 5527
f 5525 10357 10356
f 5525 10356 5526
f 5524 10358 10357
f 5524 10357 5525
f 5523 10359 10358
f 5523 10358 5524
f 5522 10360 10359
f 5522 10359 5523
f 5521 10361 10360
f 5521 10360 5522
f 5520 10362 10361
f 5520 10361 5521
f 5519 10363 10362
f 5519 10362 5520
f 5518 10364 10363
f 5518 10363 5519
f 5517 10365 10364
f 5517 10364 5518
f 5516 10365 5517
f 5516 10366 10365
f 5515 10366 5516
f 5515 10367 10366
f 5514 10367 5515
f 5514 10368 10367
f 5513 10368 5514
f 5513 10369 10368
f 5512 10369 5513
f 5512 10370 10369
f 5511 10370 5512
f 5511 10371 10370
f 5510 10371 5511
f 5510 10372 10371
f 5509 10372 5510
f 5509 10373 10372
f 5508 10373 5509
f 5508 10353 10373
f 992 10374 972
f 992 10375 10374
f 991 10376 10375
f 991 10375 992
f 990 10377 10376
f 990 10376 991
f 989 10378 10377
f 989 10377 990
f 988 10379 10378
f 988 10378 989
f 987 10380 10379
f 987 10379 988
f 986 10381 10380
f 986 10380 987
f 985 10382 10381
f 985 10381 986
f 984 10383 10382
f 984 10382 985
f 983 10384 10383
f 983 10383 984
f 982 10385 10384
f 982 10384 983
f 981 10386 10385
f 981 10385 982
f 980 10386 981
f 980 10387 10386
f 979 10387 980
f 979 10388 10387
f 978 10388 979
f 978 10389 10388
f 977 10389 978
f 977 10390 10389
f 976 10390 977
f 976 10391 10390
f 975 10391 976
f 975 10392 10391
f 974 10392 975
f 974 10393 10392
f 973 10393 974
f 973 10394 10393
f 972 10394 973
f 972 10374 10394
f 5620 5617 943
f 5620 943 944
f 5737 529 527
f 3303 527 574
f 3303 574 575
f 3303 575 571
f 3304 527 3303
f 3304 5737 527
f 3305 5738 5737
f 3305 5739 5738
f 3305 5737 3304
f 3306 5740 5739
f 3306 5739 3305
f 3307 5741 5740
f 3307 5740 3306
f 3308 5742 5741
f 3308 5741 3307
f 3309 5743 5742
f 3309 5742 3308
f 3310 5744 5743
f 3310 5743 3309
f 3311 5745 5744
f 3311 5744 3310
f 530 532 5746
f 3312 5745 3311
f 3312 5746 5745
f 3313 530 5746
f 3313 5746 3312
f 5646 661 576
f 3314 530 3313
f 3314 577 578
f 3314 578 530
f 3315 576 577
f 3315 577 3314
f 3316 576 3315
f 3316 5647 5646
f 3316 5646 576
f 3317 5648 5647
f 3317 5647 3316
f 3318 5649 5648
f 3318 5648 3317
f 3319 5650 5649
f 3319 5649 3318
f 3320 5651 5650
f 3320 5650 3319
f 570 658 5652
f 3321 5652 5651
f 3321 5651 3320
f 3322 570 5652
f 3322 5652 3321
f 3323 572 573
f 3323 573 570
f 3323 570 3322
f 3303 571 572
f 3303 572 3323
f 5747 533 531
f 3324 531 583
f 3324 583 584
f 3324 584 580
f 3325 531 3324
f 3325 5747 531
f 3326 5748 5747
f 3326 5749 5748
f 3326 5747 3325
f 3327 5750 5749
f 3327 5749 3326
f 3328 5751 5750
f 3328 5750 3327
f 3329 5752 5751
f 3329 5751 3328
f 3330 5753 5752
f 3330 5752 3329
f 3331 5754 5753
f 3331 5753 3330
f 3332 5755 5754
f 3332 5754 3331
f 534 536 5756
f 3333 5755 3332
f 3333 5756 5755
f 3334 534 5756
f 3334 5756 3333
f 5639 663 585
f 3335 534 3334
f 3335 586 587
f 3335 587 534
f 3336 585 586
f 3336 586 3335
f 3337 585 3336
f 3337 5640 5639
f 3337 5639 585
f 3338 5641 5640
f 3338 5640 3337
f 3339 5642 5641
f 3339 5641 3338
f 3340 5643 5642
f 3340 5642 3339
f 3341 5644 5643
f 3341 5643 3340
f 579 660 5645
f 3342 5645 5644
f 3342 5644 3341
f 3343 579 5645
f 3343 5645 3342
f 3344 581 582
f 3344 582 579
f 3344 579 3343
f 3324 580 581
f 3324 581 3344
f 5757 537 535
f 3345 535 592
f 3345 592 593
f 3345 593 589
f 3346 535 3345
f 3346 5757 535
f 3347 5758 5757
f 3347 5759 5758
f 3347 5757 3346
f 3348 5760 5759
f 3348 5759 3347
f 3349 5761 5760
f 3349 5760 3348
f 3350 5762 5761
f 3350 5761 3349
f 3351 5763 5762
f 3351 5762 3350
f 3352 5764 5763
f 3352 5763 3351
f 3353 5765 5764
f 3353 5764 3352
f 541 538 5766
f 3354 5765 3353
f 3354 5766 5765
f 3355 541 5766
f 3355 5766 3354
f 5632 665 594
f 3356 541 3355
f 3356 595 596
f 3356 596 541
f 3357 594 595
f 3357 595 3356
f 3358 594 3357
f 3358 5633 5632
f 3358 5632 594
f 3359 5634 5633
f 3359 5633 3358
f 3360 5635 5634
f 3360 5634 3359
f 3361 5636 5635
f 3361 5635 3360
f 3362 5637 5636
f 3362 5636 3361
f 588 662 5638
f 3363 5638 5637
f 3363 5637 3362
f 3364 588 5638
f 3364 5638 3363
f 3365 590 591
f 3365 591 588
f 3365 588 3364
f 3345 589 590
f 3345 590 3365
f 3367 8085 3366
f 3367 8086 8085
f 3367 8087 8086
f 3368 8087 3367
f 3369 8088 8087
f 3369 8089 8088
f 3369 8087 3368
f 3370 8089 3369
f 3371 8090 8089
f 3371 8089 3370
f 3372 8091 8090
f 3372 8090 3371
f 3373 8092 8091
f 3373 8091 3372
f 3374 8093 8092
f 3374 8094 8093
f 3374 8092 3373
f 3375 8094 3374
f 3376 8095 8094
f 3376 8094 3375
f 3377 8096 8095
f 3377 8095 3376
f 3378 8097 8096
f 3378 8096 3377
f 3379 8097 3378
f 3379 8098 8097
f 3379 8099 8098
f 3380 8099 3379
f 3380 8100 8099
f 3381 8100 3380
f 3382 8100 3381
f 3382 8101 8100
f 3383 8101 3382
f 3383 8102 8101
f 3384 8102 3383
f 3384 8103 8102
f 3385 8103 3384
f 3385 8104 8103
f 3386 8104 3385
f 3386 8105 8104
f 3386 8085 8105
f 3366 8085 3386
f 3388 8106 3387
f 3388 8107 8106
f 3388 8108 8107
f 3389 8108 3388
f 3390 8109 8108
f 3390 8110 8109
f 3390 8108 3389
f 3391 8110 3390
f 3392 8111 8110
f 3392 8110 3391
f 3393 8112 8111
f 3393 8111 3392
f 3394 8113 8112
f 3394 8112 3393
f 3395 8114 8113
f 3395 8115 8114
f 3395 8113 3394
f 3396 8115 3395
f 3397 8116 8115
f 3397 8115 3396
f 3398 8117 8116
f 3398 8116 3397
f 3399 8118 8117
f 3399 8117 3398
f 3400 8118 3399
f 3400 8119 8118
f 3400 8120 8119
f 3401 8120 3400
f 3401 8121 8120
f 3402 8121 3401
f 3403 8121 3402
f 3403 8122 8121
f 3404 8122 3403
f 3404 8123 8122
f 3405 8123 3404
f 3405 8124 8123
f 3406 8124 3405
f 3406 8125 8124
f 3407 8125 3406
f 3407 8126 8125
f 3407 8106 8126
f 3387 8106 3407
f 3409 8127 3408
f 3409 8128 8127
f 3409 8129 8128
f 3410 8129 3409
f 3411 8130 8129
f 3411 8131 8130
f 3411 8129 3410
f 3412 8131 3411
f 3413 8132 8131
f 3413 8131 3412
f 3414 8133 8132
f 3414 8132 3413
f 3415 8134 8133
f 3415 8133 3414
f 3416 8135 8134
f 3416 8136 8135
f 3416 8134 3415
f 3417 8136 3416
f 3418 8137 8136
f 3418 8136 3417
f 3419 8138 8137
f 3419 8137 3418
f 3420 8139 8138
f 3420 8138 3419
f 3421 8139 3420
f 3421 8140 8139
f 3421 8141 8140
f 3422 8141 3421
f 3422 8142 8141
f 3423 8142 3422
f 3424 8142 3423
f 3424 8143 8142
f 3425 8143 3424
f 3425 8144 8143
f 3426 8144 3425
f 3426 8145 8144
f 3427 8145 3426
f 3427 8146 8145
f 3428 8146 3427
f 3428 8147 8146
f 3428 8127 8147
f 3408 8127 3428
f 3430 8148 3429
f 3430 8149 8148
f 3430 8150 8149
f 3431 8150 3430
f 3432 8151 8150
f 3432 8152 8151
f 3432 8150 3431
f 3433 8152 3432
f 3434 8153 8152
f 3434 8152 3433
f 3435 8154 8153
f 3435 8153 3434
f 3436 8155 8154
f 3436 8154 3435
f 3437 8156 8155
f 3437 8157 8156
f 3437 8155 3436
f 3438 8157 3437
f 3439 8158 8157
f 3439 8157 3438
f 3440 8159 8158
f 3440 8158 3439
f 3441 8160 8159
f 3441 8159 3440
f 3442 8160 3441
f 3442 8161 8160
f 3442 8162 8161
f 3443 8162 3442
f 3443 8163 8162
f 3444 8163 3443
f 3445 8163 3444
f 3445 8164 8163
f 3446 8164 3445
f 3446 8165 8164
f 3447 8165 3446
f 3447 8166 8165
f 3448 8166 3447
f 3448 8167 8166
f 3449 8167 3448
f 3449 8168 8167
f 3449 8148 8168
f 3429 8148 3449
f 3451 8169 3450
f 3451 8170 8169
f 3451 8171 8170
f 3452 8171 3451
f 3453 8172 8171
f 3453 8173 8172
f 3453 8171 3452
f 3454 8173 3453
f 3455 8174 8173
f 3455 8173 3454
f 3456 8175 8174
f 3456 8174 3455
f 3457 8176 8175
f 3457 8175 3456
f 3458 8177 8176
f 3458 8178 8177
f 3458 8176 3457
f 3459 8178 3458
f 3460 8179 8178
f 3460 8178 3459
f 3461 8180 8179
f 3461 8179 3460
f 3462 8181 8180
f 3462 8180 3461
f 3463 8181 3462
f 3463 8182 8181
f 3463 8183 8182
f 3464 8183 3463
f 3464 8184 8183
f 3465 8184 3464
f 3466 8184 3465
f 3466 8185 8184
f 3467 8185 3466
f 3467 8186 8185
f 3468 8186 3467
f 3468 8187 8186
f 3469 8187 3468
f 3469 8188 8187
f 3470 8188 3469
f 3470 8189 8188
f 3470 8169 8189
f 3450 8169 3470
f 3472 8190 3471
f 3472 8191 8190
f 3472 8192 8191
f 3473 8192 3472
f 3474 8193 8192
f 3474 8194 8193
f 3474 8192 3473
f 3475 8194 3474
f 3476 8195 8194
f 3476 8194 3475
f 3477 8196 8195
f 3477 8195 3476
f 3478 8197 8196
f 3478 8196 3477
f 3479 8198 8197
f 3479 8199 8198
f 3479 8197 3478
f 3480 8199 3479
f 3481 8200 8199
f 3481 8199 3480
f 3482 8201 8200
f 3482 8200 3481
f 3483 8202 8201
f 3483 8201 3482
f 3484 8202 3483
f 3484 8203 8202
f 3484 8204 8203
f 3485 8204 3484
f 3485 8205 8204
f 3486 8205 3485
f 3487 8205 3486
f 3487 8206 8205
f 3488 8206 3487
f 3488 8207 8206
f 3489 8207 3488
f 3489 8208 8207
f 3490 8208 3489
f 3490 8209 8208
f 3491 8209 3490
f 3491 8210 8209
f 3491 8190 8210
f 3471 8190 3491
f 3493 8211 3492
f 3493 8212 8211
f 3493 8213 8212
f 3494 8213 3493
f 3495 8214 8213
f 3495 8215 8214
f 3495 8213 3494
f 3496 8215 3495
f 3497 8216 8215
f 3497 8215 3496
f 3498 8217 8216
f 3498 8216 3497
f 3499 8218 8217
f 3499 8217 3498
f 3500 8219 8218
f 3500 8220 8219
f 3500 8218 3499
f 3501 8220 3500
f 3502 8221 8220
f 3502 8220 3501
f 3503 8222 8221
f 3503 8221 3502
f 3504 8223 8222
f 3504 8222 3503
f 3505 8223 3504
f 3505 8224 8223
f 3505 8225 8224
f 3506 8225 3505
f 3506 8226 8225
f 3507 8226 3506
f 3508 8226 3507
f 3508 8227 8226
f 3509 8227 3508
f 3509 8228 8227
f 3510 8228 3509
f 3510 8229 8228
f 3511 8229 3510
f 3511 8230 8229
f 3512 8230 3511
f 3512 8231 8230
f 3512 8211 8231
f 3492 8211 3512
f 3514 8232 3513
f 3514 8233 8232
f 3514 8234 8233
f 3515 8234 3514
f 3516 8235 8234
f 3516 8236 8235
f 3516 8234 3515
f 3517 8236 3516
f 3518 8237 8236
f 3518 8236 3517
f 3519 8238 8237
f 3519 8237 3518
f 3520 8239 8238
f 3520 8238 3519
f 3521 8240 8239
f 3521 8241 8240
f 3521 8239 3520
f 3522 8241 3521
f 3523 8242 8241
f 3523 8241 3522
f 3524 8243 8242
f 3524 8242 3523
f 3525 8244 8243
f 3525 8243 3524
f 3526 8244 3525
f 3526 8245 8244
f 3526 8246 8245
f 3527 8246 3526
f 3527 8247 8246
f 3528 8247 3527
f 3529 8247 3528
f 3529 8248 8247
f 3530 8248 3529
f 3530 8249 8248
f 3531 8249 3530
f 3531 8250 8249
f 3532 8250 3531
f 3532 8251 8250
f 3533 8251 3532
f 3533 8252 8251
f 3533 8232 8252
f 3513 8232 3533
f 3535 8253 3534
f 3535 8254 8253
f 3535 8255 8254
f 3536 8255 3535
f 3537 8256 8255
f 3537 8257 8256
f 3537 8255 3536
f 3538 8257 3537
f 3539 8258 8257
f 3539 8257 3538
f 3540 8259 8258
f 3540 8258 3539
f 3541 8260 8259
f 3541 8259 3540
f 3542 8261 8260
f 3542 8262 8261
f 3542 8260 3541
f 3543 8262 3542
f 3544 8263 8262
f 3544 8262 3543
f 3545 8264 8263
f 3545 8263 3544
f 3546 8265 8264
f 3546 8264 3545
f 3547 8265 3546
f 3547 8266 8265
f 3547 8267 8266
f 3548 8267 3547
f 3548 8268 8267
f 3549 8268 3548
f 3550 8268 3549
f 3550 8269 8268
f 3551 8269 3550
f 3551 8270 8269
f 3552 8270 3551
f 3552 8271 8270
f 3553 8271 3552
f 3553 8272 8271
f 3554 8272 3553
f 3554 8273 8272
f 3554 8253 8273
f 3534 8253 3554
f 3556 8274 3555
f 3556 8275 8274
f 3556 8276 8275
f 3557 8276 3556
f 3558 8277 8276
f 3558 8278 8277
f 3558 8276 3557
f 3559 8278 3558
f 3560 8279 8278
f 3560 8278 3559
f 3561 8280 8279
f 3561 8279 3560
f 3562 8281 8280
f 3562 8280 3561
f 3563 8282 8281
f 3563 8283 8282
f 3563 8281 3562
f 3564 8283 3563
f 3565 8284 8283
f 3565 8283 3564
f 3566 8285 8284
f 3566 8284 3565
f 3567 8286 8285
f 3567 8285 3566
f 3568 8286 3567
f 3568 8287 8286
f 3568 8288 8287
f 3569 8288 3568
f 3569 8289 8288
f 3570 8289 3569
f 3571 8289 3570
f 3571 8290 8289
f 3572 8290 3571
f 3572 8291 8290
f 3573 8291 3572
f 3573 8292 8291
f 3574 8292 3573
f 3574 8293 8292
f 3575 8293 3574
f 3575 8294 8293
f 3575 8274 8294
f 3555 8274 3575
f 3577 8295 3576
f 3577 8296 8295
f 3577 8297 8296
f 3578 8297 3577
f 3579 8298 8297
f 3579 8299 8298
f 3579 8297 3578
f 3580 8299 3579
f 3581 8300 8299
f 3581 8299 3580
f 3582 8301 8300
f 3582 8300 3581
f 3583 8302 8301
f 3583 8301 3582
f 3584 8303 8302
f 3584 8304 8303
f 3584 8302 3583
f 3585 8304 3584
f 3586 8305 8304
f 3586 8304 3585
f 3587 8306 8305
f 3587 8305 3586
f 3588 8307 8306
f 3588 8306 3587
f 3589 8307 3588
f 3589 8308 8307
f 3589 8309 8308
f 3590 8309 3589
f 3590 8310 8309
f 3591 8310 3590
f 3592 8310 3591
f 3592 8311 8310
f 3593 8311 3592
f 3593 8312 8311
f 3594 8312 3593
f 3594 8313 8312
f 3595 8313 3594
f 3595 8314 8313
f 3596 8314 3595
f 3596 8315 8314
f 3596 8295 8315
f 3576 8295 3596
f 3598 8316 3597
f 3598 8317 8316
f 3598 8318 8317
f 3599 8318 3598
f 3600 8319 8318
f 3600 8320 8319
f 3600 8318 3599
f 3601 8320 3600
f 3602 8321 8320
f 3602 8320 3601
f 3603 8322 8321
f 3603 8321 3602
f 3604 8323 8322
f 3604 8322 3603
f 3605 8324 8323
f 3605 8325 8324
f 3605 8323 3604
f 3606 8325 3605
f 3607 8326 8325
f 3607 8325 3606
f 3608 8327 8326
f 3608 8326 3607
f 3609 8328 8327
f 3609 8327 3608
f 3610 8328 3609
f 3610 8329 8328
f 3610 8330 8329
f 3611 8330 3610
f 3611 8331 8330
f 3612 8331 3611
f 3613 8331 3612
f 3613 8332 8331
f 3614 8332 3613
f 3614 8333 8332
f 3615 8333 3614
f 3615 8334 8333
f 3616 8334 3615
f 3616 8335 8334
f 3617 8335 3616
f 3617 8336 8335
f 3617 8316 8336
f 3597 8316 3617
f 3619 8337 3618
f 3619 8338 8337
f 3619 8339 8338
f 3620 8339 3619
f 3621 8340 8339
f 3621 8341 8340
f 3621 8339 3620
f 3622 8341 3621
f 3623 8342 8341
f 3623 8341 3622
f 3624 8343 8342
f 3624 8342 3623
f 3625 8344 8343
f 3625 8343 3624
f 3626 8345 8344
f 3626 8346 8345
f 3626 8344 3625
f 3627 8346 3626
f 3628 8347 8346
f 3628 8346 3627
f 3629 8348 8347
f 3629 8347 3628
f 3630 8349 8348
f 3630 8348 3629
f 3631 8349 3630
f 3631 8350 8349
f 3631 8351 8350
f 3632 8351 3631
f 3632 8352 8351
f 3633 8352 3632
f 3634 8352 3633
f 3634 8353 8352
f 3635 8353 3634
f 3635 8354 8353
f 3636 8354 3635
f 3636 8355 8354
f 3637 8355 3636
f 3637 8356 8355
f 3638 8356 3637
f 3638 8357 8356
f 3638 8337 8357
f 3618 8337 3638
f 3640 8358 3639
f 3640 8359 8358
f 3640 8360 8359
f 3641 8360 3640
f 3642 8361 8360
f 3642 8362 8361
f 3642 8360 3641
f 3643 8362 3642
f 3644 8363 8362
f 3644 8362 3643
f 3645 8364 8363
f 3645 8363 3644
f 3646 8365 8364
f 3646 8364 3645
f 3647 8366 8365
f 3647 8367 8366
f 3647 8365 3646
f 3648 8367 3647
f 3649 8368 8367
f 3649 8367 3648
f 3650 8369 8368
f 3650 8368 3649
f 3651 8370 8369
f 3651 8369 3650
f 3652 8370 3651
f 3652 8371 8370
f 3652 8372 8371
f 3653 8372 3652
f 3653 8373 8372
f 3654 8373 3653
f 3655 8373 3654
f 3655 8374 8373
f 3656 8374 3655
f 3656 8375 8374
f 3657 8375 3656
f 3657 8376 8375
f 3658 8376 3657
f 3658 8377 8376
f 3659 8377 3658
f 3659 8378 8377
f 3659 8358 8378
f 3639 8358 3659
f 3661 8379 3660
f 3661 8380 8379
f 3661 8381 8380
f 3662 8381 3661
f 3663 8382 8381
f 3663 8383 8382
f 3663 8381 3662
f 3664 8383 3663
f 3665 8384 8383
f 3665 8383 3664
f 3666 8385 8384
f 3666 8384 3665
f 3667 8386 8385
f 3667 8385 3666
f 3668 8387 8386
f 3668 8388 8387
f 3668 8386 3667
f 3669 8388 3668
f 3670 8389 8388
f 3670 8388 3669
f 3671 8390 8389
f 3671 8389 3670
f 3672 8391 8390
f 3672 8390 3671
f 3673 8391 3672
f 3673 8392 8391
f 3673 8393 8392
f 3674 8393 3673
f 3674 8394 8393
f 3675 8394 3674
f 3676 8394 3675
f 3676 8395 8394
f 3677 8395 3676
f 3677 8396 8395
f 3678 8396 3677
f 3678 8397 8396
f 3679 8397 3678
f 3679 8398 8397
f 3680 8398 3679
f 3680 8399 8398
f 3680 8379 8399
f 3660 8379 3680
f 3682 8400 3681
f 3682 8401 8400
f 3682 8402 8401
f 3683 8402 3682
f 3684 8403 8402
f 3684 8404 8403
f 3684 8402 3683
f 3685 8404 3684
f 3686 8405 8404
f 3686 8404 3685
f 3687 8406 8405
f 3687 8405 3686
f 3688 8407 8406
f 3688 8406 3687
f 3689 8408 8407
f 3689 8409 8408
f 3689 8407 3688
f 3690 8409 3689
f 3691 8410 8409
f 3691 8409 3690
f 3692 8411 8410
f 3692 8410 3691
f 3693 8412 8411
f 3693 8411 3692
f 3694 8412 3693
f 3694 8413 8412
f 3694 8414 8413
f 3695 8414 3694
f 3695 8415 8414
f 3696 8415 3695
f 3697 8415 3696
f 3697 8416 8415
f 3698 8416 3697
f 3698 8417 8416
f 3699 8417 3698
f 3699 8418 8417
f 3700 8418 3699
f 3700 8419 8418
f 3701 8419 3700
f 3701 8420 8419
f 3701 8400 8420
f 3681 8400 3701
f 3703 8421 3702
f 3703 8422 8421
f 3703 8423 8422
f 3704 8423 3703
f 3705 8424 8423
f 3705 8425 8424
f 3705 8423 3704
f 3706 8425 3705
f 3707 8426 8425
f 3707 8425 3706
f 3708 8427 8426
f 3708 8426 3707
f 3709 8428 8427
f 3709 8427 3708
f 3710 8429 8428
f 3710 8430 8429
f 3710 8428 3709
f 3711 8430 3710
f 3712 8431 8430
f 3712 8430 3711
f 3713 8432 8431
f 3713 8431 3712
f 3714 8433 8432
f 3714 8432 3713
f 3715 8433 3714
f 3715 8434 8433
f 3715 8435 8434
f 3716 8435 3715
f 3716 8436 8435
f 3717 8436 3716
f 3718 8436 3717
f 3718 8437 8436
f 3719 8437 3718
f 3719 8438 8437
f 3720 8438 3719
f 3720 8439 8438
f 3721 8439 3720
f 3721 8440 8439
f 3722 8440 3721
f 3722 8441 8440
f 3722 8421 8441
f 3702 8421 3722
f 3724 8442 3723
f 3724 8443 8442
f 3724 8444 8443
f 3725 8444 3724
f 3726 8445 8444
f 3726 8446 8445
f 3726 8444 3725
f 3727 8446 3726
f 3728 8447 8446
f 3728 8446 3727
f 3729 8448 8447
f 3729 8447 3728
f 3730 8449 8448
f 3730 8448 3729
f 3731 8450 8449
f 3731 8451 8450
f 3731 8449 3730
f 3732 8451 3731
f 3733 8452 8451
f 3733 8451 3732
f 3734 8453 8452
f 3734 8452 3733
f 3735 8454 8453
f 3735 8453 3734
f 3736 8454 3735
f 3736 8455 8454
f 3736 8456 8455
f 3737 8456 3736
f 3737 8457 8456
f 3738 8457 3737
f 3739 8457 3738
f 3739 8458 8457
f 3740 8458 3739
f 3740 8459 8458
f 3741 8459 3740
f 3741 8460 8459
f 3742 8460 3741
f 3742 8461 8460
f 3743 8461 3742
f 3743 8462 8461
f 3743 8442 8462
f 3723 8442 3743
f 3745 8463 3744
f 3745 8464 8463
f 3745 8465 8464
f 3746 8465 3745
f 3747 8466 8465
f 3747 8467 8466
f 3747 8465 3746
f 3748 8467 3747
f 3749 8468 8467
f 3749 8467 3748
f 3750 8469 8468
f 3750 8468 3749
f 3751 8470 8469
f 3751 8469 3750
f 3752 8471 8470
f 3752 8472 8471
f 3752 8470 3751
f 3753 8472 3752
f 3754 8473 8472
f 3754 8472 3753
f 3755 8474 8473
f 3755 8473 3754
f 3756 8475 8474
f 3756 8474 3755
f 3757 8475 3756
f 3757 8476 8475
f 3757 8477 8476
f 3758 8477 3757
f 3758 8478 8477
f 3759 8478 3758
f 3760 8478 3759
f 3760 8479 8478
f 3761 8479 3760
f 3761 8480 8479
f 3762 8480 3761
f 3762 8481 8480
f 3763 8481 3762
f 3763 8482 8481
f 3764 8482 3763
f 3764 8483 8482
f 3764 8463 8483
f 3744 8463 3764
f 3766 8484 3765
f 3766 8485 8484
f 3766 8486 8485
f 3767 8486 3766
f 3768 8487 8486
f 3768 8488 8487
f 3768 8486 3767
f 3769 8488 3768
f 3770 8489 8488
f 3770 8488 3769
f 3771 8490 8489
f 3771 8489 3770
f 3772 8491 8490
f 3772 8490 3771
f 3773 8492 8491
f 3773 8493 8492
f 3773 8491 3772
f 3774 8493 3773
f 3775 8494 8493
f 3775 8493 3774
f 3776 8495 8494
f 3776 8494 3775
f 3777 8496 8495
f 3777 8495 3776
f 3778 8496 3777
f 3778 8497 8496
f 3778 8498 8497
f 3779 8498 3778
f 3779 8499 8498
f 3780 8499 3779
f 3781 8499 3780
f 3781 8500 8499
f 3782 8500 3781
f 3782 8501 8500
f 3783 8501 3782
f 3783 8502 8501
f 3784 8502 3783
f 3784 8503 8502
f 3785 8503 3784
f 3785 8504 8503
f 3785 8484 8504
f 3765 8484 3785
f 3787 8505 3786
f 3787 8506 8505
f 3787 8507 8506
f 3788 8507 3787
f 3789 8508 8507
f 3789 8509 8508
f 3789 8507 3788
f 3790 8509 3789
f 3791 8510 8509
f 3791 8509 3790
f 3792 8511 8510
f 3792 8510 3791
f 3793 8512 8511
f 3793 8511 3792
f 3794 8513 8512
f 3794 8514 8513
f 3794 8512 3793
f 3795 8514 3794
f 3796 8515 8514
f 3796 8514 3795
f 3797 8516 8515
f 3797 8515 3796
f 3798 8517 8516
f 3798 8516 3797
f 3799 8517 3798
f 3799 8518 8517
f 3799 8519 8518
f 3800 8519 3799
f 3800 8520 8519
f 3801 8520 3800
f 3802 8520 3801
f 3802 8521 8520
f 3803 8521 3802
f 3803 8522 8521
f 3804 8522 3803
f 3804 8523 8522
f 3805 8523 3804
f 3805 8524 8523
f 3806 8524 3805
f 3806 8525 8524
f 3806 8505 8525
f 3786 8505 3806
f 3808 8526 3807
f 3808 8527 8526
f 3808 8528 8527
f 3809 8528 3808
f 3810 8529 8528
f 3810 8530 8529
f 3810 8528 3809
f 3811 8530 3810
f 3812 8531 8530
f 3812 8530 3811
f 3813 8532 8531
f 3813 8531 3812
f 3814 8533 8532
f 3814 8532 3813
f 3815 8534 8533
f 3815 8535 8534
f 3815 8533 3814
f 3816 8535 3815
f 3817 8536 8535
f 3817 8535 3816
f 3818 8537 8536
f 3818 8536 3817
f 3819 8538 8537
f 3819 8537 3818
f 3820 8538 3819
f 3820 8539 8538
f 3820 8540 8539
f 3821 8540 3820
f 3821 8541 8540
f 3822 8541 3821
f 3823 8541 3822
f 3823 8542 8541
f 3824 8542 3823
f 3824 8543 8542
f 3825 8543 3824
f 3825 8544 8543
f 3826 8544 3825
f 3826 8545 8544
f 3827 8545 3826
f 3827 8546 8545
f 3827 8526 8546
f 3807 8526 3827
f 3829 8547 3828
f 3829 8548 8547
f 3829 8549 8548
f 3830 8549 3829
f 3831 8550 8549
f 3831 8551 8550
f 3831 8549 3830
f 3832 8551 3831
f 3833 8552 8551
f 3833 8551 3832
f 3834 8553 8552
f 3834 8552 3833
f 3835 8554 8553
f 3835 8553 3834
f 3836 8555 8554
f 3836 8556 8555
f 3836 8554 3835
f 3837 8556 3836
f 3838 8557 8556
f 3838 8556 3837
f 3839 8558 8557
f 3839 8557 3838
f 3840 8559 8558
f 3840 8558 3839
f 3841 8559 3840
f 3841 8560 8559
f 3841 8561 8560
f 3842 8561 3841
f 3842 8562 8561
f 3843 8562 3842
f 3844 8562 3843
f 3844 8563 8562
f 3845 8563 3844
f 3845 8564 8563
f 3846 8564 3845
f 3846 8565 8564
f 3847 8565 3846
f 3847 8566 8565
f 3848 8566 3847
f 3848 8567 8566
f 3848 8547 8567
f 3828 8547 3848
f 3850 8568 3849
f 3850 8569 8568
f 3850 8570 8569
f 3851 8570 3850
f 3852 8571 8570
f 3852 8572 8571
f 3852 8570 3851
f 3853 8572 3852
f 3854 8573 8572
f 3854 8572 3853
f 3855 8574 8573
f 3855 8573 3854
f 3856 8575 8574
f 3856 8574 3855
f 3857 8576 8575
f 3857 8577 8576
f 3857 8575 3856
f 3858 8577 3857
f 3859 8578 8577
f 3859 8577 3858
f 3860 8579 8578
f 3860 8578 3859
f 3861 8580 8579
f 3861 8579 3860
f 3862 8580 3861
f 3862 8581 8580
f 3862 8582 8581
f 3863 8582 3862
f 3863 8583 8582
f 3864 8583 3863
f 3865 8583 3864
f 3865 8584 8583
f 3866 8584 3865
f 3866 8585 8584
f 3867 8585 3866
f 3867 8586 8585
f 3868 8586 3867
f 3868 8587 8586
f 3869 8587 3868
f 3869 8588 8587
f 3869 8568 8588
f 3849 8568 3869
f 3871 8589 3870
f 3871 8590 8589
f 3871 8591 8590
f 3872 8591 3871
f 3873 8592 8591
f 3873 8593 8592
f 3873 8591 3872
f 3874 8593 3873
f 3875 8594 8593
f 3875 8593 3874
f 3876 8595 8594
f 3876 8594 3875
f 3877 8596 8595
f 3877 8595 3876
f 3878 8597 8596
f 3878 8598 8597
f 3878 8596 3877
f 3879 8598 3878
f 3880 8599 8598
f 3880 8598 3879
f 3881 8600 8599
f 3881 8599 3880
f 3882 8601 8600
f 3882 8600 3881
f 3883 8601 3882
f 3883 8602 8601
f 3883 8603 8602
f 3884 8603 3883
f 3884 8604 8603
f 3885 8604 3884
f 3886 8604 3885
f 3886 8605 8604
f 3887 8605 3886
f 3887 8606 8605
f 3888 8606 3887
f 3888 8607 8606
f 3889 8607 3888
f 3889 8608 8607
f 3890 8608 3889
f 3890 8609 8608
f 3890 8589 8609
f 3870 8589 3890
f 3892 8610 3891
f 3892 8611 8610
f 3892 8612 8611
f 3893 8612 3892
f 3894 8613 8612
f 3894 8614 8613
f 3894 8612 3893
f 3895 8614 3894
f 3896 8615 8614
f 3896 8614 3895
f 3897 8616 8615
f 3897 8615 3896
f 3898 8617 8616
f 3898 8616 3897
f 3899 8618 8617
f 3899 8619 8618
f 3899 8617 3898
f 3900 8619 3899
f 3901 8620 8619
f 3901 8619 3900
f 3902 8621 8620
f 3902 8620 3901
f 3903 8622 8621
f 3903 8621 3902
f 3904 8622 3903
f 3904 8623 8622
f 3904 8624 8623
f 3905 8624 3904
f 3905 8625 8624
f 3906 8625 3905
f 3907 8625 3906
f 3907 8626 8625
f 3908 8626 3907
f 3908 8627 8626
f 3909 8627 3908
f 3909 8628 8627
f 3910 8628 3909
f 3910 8629 8628
f 3911 8629 3910
f 3911 8630 8629
f 3911 8610 8630
f 3891 8610 3911
f 3913 8631 3912
f 3913 8632 8631
f 3913 8633 8632
f 3914 8633 3913
f 3915 8634 8633
f 3915 8635 8634
f 3915 8633 3914
f 3916 8635 3915
f 3917 8636 8635
f 3917 8635 3916
f 3918 8637 8636
f 3918 8636 3917
f 3919 8638 8637
f 3919 8637 3918
f 3920 8639 8638
f 3920 8640 8639
f 3920 8638 3919
f 3921 8640 3920
f 3922 8641 8640
f 3922 8640 3921
f 3923 8642 8641
f 3923 8641 3922
f 3924 8643 8642
f 3924 8642 3923
f 3925 8643 3924
f 3925 8644 8643
f 3925 8645 8644
f 3926 8645 3925
f 3926 8646 8645
f 3927 8646 3926
f 3928 8646 3927
f 3928 8647 8646
f 3929 8647 3928
f 3929 8648 8647
f 3930 8648 3929
f 3930 8649 8648
f 3931 8649 3930
f 3931 8650 8649
f 3932 8650 3931
f 3932 8651 8650
f 3932 8631 8651
f 3912 8631 3932
f 3934 8652 3933
f 3934 8653 8652
f 3934 8654 8653
f 3935 8654 3934
f 3936 8655 8654
f 3936 8656 8655
f 3936 8654 3935
f 3937 8656 3936
f 3938 8657 8656
f 3938 8656 3937
f 3939 8658 8657
f 3939 8657 3938
f 3940 8659 8658
f 3940 8658 3939
f 3941 8660 8659
f 3941 8661 8660
f 3941 8659 3940
f 3942 8661 3941
f 3943 8662 8661
f 3943 8661 3942
f 3944 8663 8662
f 3944 8662 3943
f 3945 8664 8663
f 3945 8663 3944
f 3946 8664 3945
f 3946 8665 8664
f 3946 8666 8665
f 3947 8666 3946
f 3947 8667 8666
f 3948 8667 3947
f 3949 8667 3948
f 3949 8668 8667
f 3950 8668 3949
f 3950 8669 8668
f 3951 8669 3950
f 3951 8670 8669
f 3952 8670 3951
f 3952 8671 8670
f 3953 8671 3952
f 3953 8672 8671
f 3953 8652 8672
f 3933 8652 3953
f 3955 8673 3954
f 3955 8674 8673
f 3955 8675 8674
f 3956 8675 3955
f 3957 8676 8675
f 3957 8677 8676
f 3957 8675 3956
f 3958 8677 3957
f 3959 8678 8677
f 3959 8677 3958
f 3960 8679 8678
f 3960 8678 3959
f 3961 8680 8679
f 3961 8679 3960
f 3962 8681 8680
f 3962 8682 8681
f 3962 8680 3961
f 3963 8682 3962
f 3964 8683 8682
f 3964 8682 3963
f 3965 8684 8683
f 3965 8683 3964
f 3966 8685 8684
f 3966 8684 3965
f 3967 8685 3966
f 3967 8686 8685
f 3967 8687 8686
f 3968 8687 3967
f 3968 8688 8687
f 3969 8688 3968
f 3970 8688 3969
f 3970 8689 8688
f 3971 8689 3970
f 3971 8690 8689
f 3972 8690 3971
f 3972 8691 8690
f 3973 8691 3972
f 3973 8692 8691
f 3974 8692 3973
f 3974 8693 8692
f 3974 8673 8693
f 3954 8673 3974
f 3976 8694 3975
f 3976 8695 8694
f 3976 8696 8695
f 3977 8696 3976
f 3978 8697 8696
f 3978 8698 8697
f 3978 8696 3977
f 3979 8698 3978
f 3980 8699 8698
f 3980 8698 3979
f 3981 8700 8699
f 3981 8699 3980
f 3982 8701 8700
f 3982 8700 3981
f 3983 8702 8701
f 3983 8703 8702
f 3983 8701 3982
f 3984 8703 3983
f 3985 8704 8703
f 3985 8703 3984
f 3986 8705 8704
f 3986 8704 3985
f 3987 8706 8705
f 3987 8705 3986
f 3988 8706 3987
f 3988 8707 8706
f 3988 8708 8707
f 3989 8708 3988
f 3989 8709 8708
f 3990 8709 3989
f 3991 8709 3990
f 3991 8710 8709
f 3992 8710 3991
f 3992 8711 8710
f 3993 8711 3992
f 3993 8712 8711
f 3994 8712 3993
f 3994 8713 8712
f 3995 8713 3994
f 3995 8714 8713
f 3995 8694 8714
f 3975 8694 3995
f 3997 8715 3996
f 3997 8716 8715
f 3997 8717 8716
f 3998 8717 3997
f 3999 8718 8717
f 3999 8719 8718
f 3999 8717 3998
f 4000 8719 3999
f 4001 8720 8719
f 4001 8719 4000
f 4002 8721 8720
f 4002 8720 4001
f 4003 8722 8721
f 4003 8721 4002
f 4004 8723 8722
f 4004 8724 8723
f 4004 8722 4003
f 4005 8724 4004
f 4006 8725 8724
f 4006 8724 4005
f 4007 8726 8725
f 4007 8725 4006
f 4008 8727 8726
f 4008 8726 4007
f 4009 8727 4008
f 4009 8728 8727
f 4009 8729 8728
f 4010 8729 4009
f 4010 8730 8729
f 4011 8730 4010
f 4012 8730 4011
f 4012 8731 8730
f 4013 8731 4012
f 4013 8732 8731
f 4014 8732 4013
f 4014 8733 8732
f 4015 8733 4014
f 4015 8734 8733
f 4016 8734 4015
f 4016 8735 8734
f 4016 8715 8735
f 3996 8715 4016
f 4018 8736 4017
f 4018 8737 8736
f 4018 8738 8737
f 4019 8738 4018
f 4020 8739 8738
f 4020 8740 8739
f 4020 8738 4019
f 4021 8740 4020
f 4022 8741 8740
f 4022 8740 4021
f 4023 8742 8741
f 4023 8741 4022
f 4024 8743 8742
f 4024 8742 4023
f 4025 8744 8743
f 4025 8745 8744
f 4025 8743 4024
f 4026 8745 4025
f 4027 8746 8745
f 4027 8745 4026
f 4028 8747 8746
f 4028 8746 4027
f 4029 8748 8747
f 4029 8747 4028
f 4030 8748 4029
f 4030 8749 8748
f 4030 8750 8749
f 4031 8750 4030
f 4031 8751 8750
f 4032 8751 4031
f 4033 8751 4032
f 4033 8752 8751
f 4034 8752 4033
f 4034 8753 8752
f 4035 8753 4034
f 4035 8754 8753
f 4036 8754 4035
f 4036 8755 8754
f 4037 8755 4036
f 4037 8756 8755
f 4037 8736 8756
f 4017 8736 4037
f 4039 8757 4038
f 4039 8758 8757
f 4039 8759 8758
f 4040 8759 4039
f 4041 8760 8759
f 4041 8761 8760
f 4041 8759 4040
f 4042 8761 4041
f 4043 8762 8761
f 4043 8761 4042
f 4044 8763 8762
f 4044 8762 4043
f 4045 8764 8763
f 4045 8763 4044
f 4046 8765 8764
f 4046 8766 8765
f 4046 8764 4045
f 4047 8766 4046
f 4048 8767 8766
f 4048 8766 4047
f 4049 8768 8767
f 4049 8767 4048
f 4050 8769 8768
f 4050 8768 4049
f 4051 8769 4050
f 4051 8770 8769
f 4051 8771 8770
f 4052 8771 4051
f 4052 8772 8771
f 4053 8772 4052
f 4054 8772 4053
f 4054 8773 8772
f 4055 8773 4054
f 4055 8774 8773
f 4056 8774 4055
f 4056 8775 8774
f 4057 8775 4056
f 4057 8776 8775
f 4058 8776 4057
f 4058 8777 8776
f 4058 8757 8777
f 4038 8757 4058
f 4060 8778 4059
f 4060 8779 8778
f 4060 8780 8779
f 4061 8780 4060
f 4062 8781 8780
f 4062 8782 8781
f 4062 8780 4061
f 4063 8782 4062
f 4064 8783 8782
f 4064 8782 4063
f 4065 8784 8783
f 4065 8783 4064
f 4066 8785 8784
f 4066 8784 4065
f 4067 8786 8785
f 4067 8787 8786
f 4067 8785 4066
f 4068 8787 4067
f 4069 8788 8787
f 4069 8787 4068
f 4070 8789 8788
f 4070 8788 4069
f 4071 8790 8789
f 4071 8789 4070
f 4072 8790 4071
f 4072 8791 8790
f 4072 8792 8791
f 4073 8792 4072
f 4073 8793 8792
f 4074 8793 4073
f 4075 8793 4074
f 4075 8794 8793
f 4076 8794 4075
f 4076 8795 8794
f 4077 8795 4076
f 4077 8796 8795
f 4078 8796 4077
f 4078 8797 8796
f 4079 8797 4078
f 4079 8798 8797
f 4079 8778 8798
f 4059 8778 4079
f 4081 8799 4080
f 4081 8800 8799
f 4081 8801 8800
f 4082 8801 4081
f 4083 8802 8801
f 4083 8803 8802
f 4083 8801 4082
f 4084 8803 4083
f 4085 8804 8803
f 4085 8803 4084
f 4086 8805 8804
f 4086 8804 4085
f 4087 8806 8805
f 4087 8805 4086
f 4088 8807 8806
f 4088 8808 8807
f 4088 8806 4087
f 4089 8808 4088
f 4090 8809 8808
f 4090 8808 4089
f 4091 8810 8809
f 4091 8809 4090
f 4092 8811 8810
f 4092 8810 4091
f 4093 8811 4092
f 4093 8812 8811
f 4093 8813 8812
f 4094 8813 4093
f 4094 8814 8813
f 4095 8814 4094
f 4096 8814 4095
f 4096 8815 8814
f 4097 8815 4096
f 4097 8816 8815
f 4098 8816 4097
f 4098 8817 8816
f 4099 8817 4098
f 4099 8818 8817
f 4100 8818 4099
f 4100 8819 8818
f 4100 8799 8819
f 4080 8799 4100
f 4102 8820 4101
f 4102 8821 8820
f 4102 8822 8821
f 4103 8822 4102
f 4104 8823 8822
f 4104 8824 8823
f 4104 8822 4103
f 4105 8824 4104
f 4106 8825 8824
f 4106 8824 4105
f 4107 8826 8825
f 4107 8825 4106
f 4108 8827 8826
f 4108 8826 4107
f 4109 8828 8827
f 4109 8829 8828
f 4109 8827 4108
f 4110 8829 4109
f 4111 8830 8829
f 4111 8829 4110
f 4112 8831 8830
f 4112 8830 4111
f 4113 8832 8831
f 4113 8831 4112
f 4114 8832 4113
f 4114 8833 8832
f 4114 8834 8833
f 4115 8834 4114
f 4115 8835 8834
f 4116 8835 4115
f 4117 8835 4116
f 4117 8836 8835
f 4118 8836 4117
f 4118 8837 8836
f 4119 8837 4118
f 4119 8838 8837
f 4120 8838 4119
f 4120 8839 8838
f 4121 8839 4120
f 4121 8840 8839
f 4121 8820 8840
f 4101 8820 4121
f 4123 8841 4122
f 4123 8842 8841
f 4123 8843 8842
f 4124 8843 4123
f 4125 8844 8843
f 4125 8845 8844
f 4125 8843 4124
f 4126 8845 4125
f 4127 8846 8845
f 4127 8845 4126
f 4128 8847 8846
f 4128 8846 4127
f 4129 8848 8847
f 4129 8847 4128
f 4130 8849 8848
f 4130 8850 8849
f 4130 8848 4129
f 4131 8850 4130
f 4132 8851 8850
f 4132 8850 4131
f 4133 8852 8851
f 4133 8851 4132
f 4134 8853 8852
f 4134 8852 4133
f 4135 8853 4134
f 4135 8854 8853
f 4135 8855 8854
f 4136 8855 4135
f 4136 8856 8855
f 4137 8856 4136
f 4138 8856 4137
f 4138 8857 8856
f 4139 8857 4138
f 4139 8858 8857
f 4140 8858 4139
f 4140 8859 8858
f 4141 8859 4140
f 4141 8860 8859
f 4142 8860 4141
f 4142 8861 8860
f 4142 8841 8861
f 4122 8841 4142
f 4144 8862 4143
f 4144 8863 8862
f 4144 8864 8863
f 4145 8864 4144
f 4146 8865 8864
f 4146 8866 8865
f 4146 8864 4145
f 4147 8866 4146
f 4148 8867 8866
f 4148 8866 4147
f 4149 8868 8867
f 4149 8867 4148
f 4150 8869 8868
f 4150 8868 4149
f 4151 8870 8869
f 4151 8871 8870
f 4151 8869 4150
f 4152 8871 4151
f 4153 8872 8871
f 4153 8871 4152
f 4154 8873 8872
f 4154 8872 4153
f 4155 8874 8873
f 4155 8873 4154
f 4156 8874 4155
f 4156 8875 8874
f 4156 8876 8875
f 4157 8876 4156
f 4157 8877 8876
f 4158 8877 4157
f 4159 8877 4158
f 4159 8878 8877
f 4160 8878 4159
f 4160 8879 8878
f 4161 8879 4160
f 4161 8880 8879
f 4162 8880 4161
f 4162 8881 8880
f 4163 8881 4162
f 4163 8882 8881
f 4163 8862 8882
f 4143 8862 4163
f 4165 8883 4164
f 4165 8884 8883
f 4165 8885 8884
f 4166 8885 4165
f 4167 8886 8885
f 4167 8887 8886
f 4167 8885 4166
f 4168 8887 4167
f 4169 8888 8887
f 4169 8887 4168
f 4170 8889 8888
f 4170 8888 4169
f 4171 8890 8889
f 4171 8889 4170
f 4172 8891 8890
f 4172 8892 8891
f 4172 8890 4171
f 4173 8892 4172
f 4174 8893 8892
f 4174 8892 4173
f 4175 8894 8893
f 4175 8893 4174
f 4176 8895 8894
f 4176 8894 4175
f 4177 8895 4176
f 4177 8896 8895
f 4177 8897 8896
f 4178 8897 4177
f 4178 8898 8897
f 4179 8898 4178
f 4180 8898 4179
f 4180 8899 8898
f 4181 8899 4180
f 4181 8900 8899
f 4182 8900 4181
f 4182 8901 8900
f 4183 8901 4182
f 4183 8902 8901
f 4184 8902 4183
f 4184 8903 8902
f 4184 8883 8903
f 4164 8883 4184
f 4186 8904 4185
f 4186 8905 8904
f 4186 8906 8905
f 4187 8906 4186
f 4188 8907 8906
f 4188 8908 8907
f 4188 8906 4187
f 4189 8908 4188
f 4190 8909 8908
f 4190 8908 4189
f 4191 8910 8909
f 4191 8909 4190
f 4192 8911 8910
f 4192 8910 4191
f 4193 8912 8911
f 4193 8913 8912
f 4193 8911 4192
f 4194 8913 4193
f 4195 8914 8913
f 4195 8913 4194
f 4196 8915 8914
f 4196 8914 4195
f 4197 8916 8915
f 4197 8915 4196
f 4198 8916 4197
f 4198 8917 8916
f 4198 8918 8917
f 4199 8918 4198
f 4199 8919 8918
f 4200 8919 4199
f 4201 8919 4200
f 4201 8920 8919
f 4202 8920 4201
f 4202 8921 8920
f 4203 8921 4202
f 4203 8922 8921
f 4204 8922 4203
f 4204 8923 8922
f 4205 8923 4204
f 4205 8924 8923
f 4205 8904 8924
f 4185 8904 4205
f 4207 8925 4206
f 4207 8926 8925
f 4207 8927 8926
f 4208 8927 4207
f 4209 8928 8927
f 4209 8929 8928
f 4209 8927 4208
f 4210 8929 4209
f 4211 8930 8929
f 4211 8929 4210
f 4212 8931 8930
f 4212 8930 4211
f 4213 8932 8931
f 4213 8931 4212
f 4214 8933 8932
f 4214 8934 8933
f 4214 8932 4213
f 4215 8934 4214
f 4216 8935 8934
f 4216 8934 4215
f 4217 8936 8935
f 4217 8935 4216
f 4218 8937 8936
f 4218 8936 4217
f 4219 8937 4218
f 4219 8938 8937
f 4219 8939 8938
f 4220 8939 4219
f 4220 8940 8939
f 4221 8940 4220
f 4222 8940 4221
f 4222 8941 8940
f 4223 8941 4222
f 4223 8942 8941
f 4224 8942 4223
f 4224 8943 8942
f 4225 8943 4224
f 4225 8944 8943
f 4226 8944 4225
f 4226 8945 8944
f 4226 8925 8945
f 4206 8925 4226
f 4228 8946 4227
f 4228 8947 8946
f 4228 8948 8947
f 4229 8948 4228
f 4230 8949 8948
f 4230 8950 8949
f 4230 8948 4229
f 4231 8950 4230
f 4232 8951 8950
f 4232 8950 4231
f 4233 8952 8951
f 4233 8951 4232
f 4234 8953 8952
f 4234 8952 4233
f 4235 8954 8953
f 4235 8955 8954
f 4235 8953 4234
f 4236 8955 4235
f 4237 8956 8955
f 4237 8955 4236
f 4238 8957 8956
f 4238 8956 4237
f 4239 8958 8957
f 4239 8957 4238
f 4240 8958 4239
f 4240 8959 8958
f 4240 8960 8959
f 4241 8960 4240
f 4241 8961 8960
f 4242 8961 4241
f 4243 8961 4242
f 4243 8962 8961
f 4244 8962 4243
f 4244 8963 8962
f 4245 8963 4244
f 4245 8964 8963
f 4246 8964 4245
f 4246 8965 8964
f 4247 8965 4246
f 4247 8966 8965
f 4247 8946 8966
f 4227 8946 4247
f 4249 8967 4248
f 4249 8968 8967
f 4249 8969 8968
f 4250 8969 4249
f 4251 8970 8969
f 4251 8971 8970
f 4251 8969 4250
f 4252 8971 4251
f 4253 8972 8971
f 4253 8971 4252
f 4254 8973 8972
f 4254 8972 4253
f 4255 8974 8973
f 4255 8973 4254
f 4256 8975 8974
f 4256 8976 8975
f 4256 8974 4255
f 4257 8976 4256
f 4258 8977 8976
f 4258 8976 4257
f 4259 8978 8977
f 4259 8977 4258
f 4260 8979 8978
f 4260 8978 4259
f 4261 8979 4260
f 4261 8980 8979
f 4261 8981 8980
f 4262 8981 4261
f 4262 8982 8981
f 4263 8982 4262
f 4264 8982 4263
f 4264 8983 8982
f 4265 8983 4264
f 4265 8984 8983
f 4266 8984 4265
f 4266 8985 8984
f 4267 8985 4266
f 4267 8986 8985
f 4268 8986 4267
f 4268 8987 8986
f 4268 8967 8987
f 4248 8967 4268
f 4270 8988 4269
f 4270 8989 8988
f 4270 8990 8989
f 4271 8990 4270
f 4272 8991 8990
f 4272 8992 8991
f 4272 8990 4271
f 4273 8992 4272
f 4274 8993 8992
f 4274 8992 4273
f 4275 8994 8993
f 4275 8993 4274
f 4276 8995 8994
f 4276 8994 4275
f 4277 8996 8995
f 4277 8997 8996
f 4277 8995 4276
f 4278 8997 4277
f 4279 8998 8997
f 4279 8997 4278
f 4280 8999 8998
f 4280 8998 4279
f 4281 9000 8999
f 4281 8999 4280
f 4282 9000 4281
f 4282 9001 9000
f 4282 9002 9001
f 4283 9002 4282
f 4283 9003 9002
f 4284 9003 4283
f 4285 9003 4284
f 4285 9004 9003
f 4286 9004 4285
f 4286 9005 9004
f 4287 9005 4286
f 4287 9006 9005
f 4288 9006 4287
f 4288 9007 9006
f 4289 9007 4288
f 4289 9008 9007
f 4289 8988 9008
f 4269 8988 4289
f 4291 9009 4290
f 4291 9010 9009
f 4291 9011 9010
f 4292 9011 4291
f 4293 9012 9011
f 4293 9013 9012
f 4293 9011 4292
f 4294 9013 4293
f 4295 9014 9013
f 4295 9013 4294
f 4296 9015 9014
f 4296 9014 4295
f 4297 9016 9015
f 4297 9015 4296
f 4298 9017 9016
f 4298 9018 9017
f 4298 9016 4297
f 4299 9018 4298
f 4300 9019 9018
f 4300 9018 4299
f 4301 9020 9019
f 4301 9019 4300
f 4302 9021 9020
f 4302 9020 4301
f 4303 9021 4302
f 4303 9022 9021
f 4303 9023 9022
f 4304 9023 4303
f 4304 9024 9023
f 4305 9024 4304
f 4306 9024 4305
f 4306 9025 9024
f 4307 9025 4306
f 4307 9026 9025
f 4308 9026 4307
f 4308 9027 9026
f 4309 9027 4308
f 4309 9028 9027
f 4310 9028 4309
f 4310 9029 9028
f 4310 9009 9029
f 4290 9009 4310
f 4312 9030 4311
f 4312 9031 9030
f 4312 9032 9031
f 4313 9032 4312
f 4314 9033 9032
f 4314 9034 9033
f 4314 9032 4313
f 4315 9034 4314
f 4316 9035 9034
f 4316 9034 4315
f 4317 9036 9035
f 4317 9035 4316
f 4318 9037 9036
f 4318 9036 4317
f 4319 9038 9037
f 4319 9039 9038
f 4319 9037 4318
f 4320 9039 4319
f 4321 9040 9039
f 4321 9039 4320
f 4322 9041 9040
f 4322 9040 4321
f 4323 9042 9041
f 4323 9041 4322
f 4324 9042 4323
f 4324 9043 9042
f 4324 9044 9043
f 4325 9044 4324
f 4325 9045 9044
f 4326 9045 4325
f 4327 9045 4326
f 4327 9046 9045
f 4328 9046 4327
f 4328 9047 9046
f 4329 9047 4328
f 4329 9048 9047
f 4330 9048 4329
f 4330 9049 9048
f 4331 9049 4330
f 4331 9050 9049
f 4331 9030 9050
f 4311 9030 4331
f 4333 9051 4332
f 4333 9052 9051
f 4333 9053 9052
f 4334 9053 4333
f 4335 9054 9053
f 4335 9055 9054
f 4335 9053 4334
f 4336 9055 4335
f 4337 9056 9055
f 4337 9055 4336
f 4338 9057 9056
f 4338 9056 4337
f 4339 9058 9057
f 4339 9057 4338
f 4340 9059 9058
f 4340 9060 9059
f 4340 9058 4339
f 4341 9060 4340
f 4342 9061 9060
f 4342 9060 4341
f 4343 9062 9061
f 4343 9061 4342
f 4344 9063 9062
f 4344 9062 4343
f 4345 9063 4344
f 4345 9064 9063
f 4345 9065 9064
f 4346 9065 4345
f 4346 9066 9065
f 4347 9066 4346
f 4348 9066 4347
f 4348 9067 9066
f 4349 9067 4348
f 4349 9068 9067
f 4350 9068 4349
f 4350 9069 9068
f 4351 9069 4350
f 4351 9070 9069
f 4352 9070 4351
f 4352 9071 9070
f 4352 9051 9071
f 4332 9051 4352
f 4354 9072 4353
f 4354 9073 9072
f 4354 9074 9073
f 4355 9074 4354
f 4356 9075 9074
f 4356 9076 9075
f 4356 9074 4355
f 4357 9076 4356
f 4358 9077 9076
f 4358 9076 4357
f 4359 9078 9077
f 4359 9077 4358
f 4360 9079 9078
f 4360 9078 4359
f 4361 9080 9079
f 4361 9081 9080
f 4361 9079 4360
f 4362 9081 4361
f 4363 9082 9081
f 4363 9081 4362
f 4364 9083 9082
f 4364 9082 4363
f 4365 9084 9083
f 4365 9083 4364
f 4366 9084 4365
f 4366 9085 9084
f 4366 9086 9085
f 4367 9086 4366
f 4367 9087 9086
f 4368 9087 4367
f 4369 9087 4368
f 4369 9088 9087
f 4370 9088 4369
f 4370 9089 9088
f 4371 9089 4370
f 4371 9090 9089
f 4372 9090 4371
f 4372 9091 9090
f 4373 9091 4372
f 4373 9092 9091
f 4373 9072 9092
f 4353 9072 4373
f 4375 9093 4374
f 4375 9094 9093
f 4375 9095 9094
f 4376 9095 4375
f 4377 9096 9095
f 4377 9097 9096
f 4377 9095 4376
f 4378 9097 4377
f 4379 9098 9097
f 4379 9097 4378
f 4380 9099 9098
f 4380 9098 4379
f 4381 9100 9099
f 4381 9099 4380
f 4382 9101 9100
f 4382 9102 9101
f 4382 9100 4381
f 4383 9102 4382
f 4384 9103 9102
f 4384 9102 4383
f 4385 9104 9103
f 4385 9103 4384
f 4386 9105 9104
f 4386 9104 4385
f 4387 9105 4386
f 4387 9106 9105
f 4387 9107 9106
f 4388 9107 4387
f 4388 9108 9107
f 4389 9108 4388
f 4390 9108 4389
f 4390 9109 9108
f 4391 9109 4390
f 4391 9110 9109
f 4392 9110 4391
f 4392 9111 9110
f 4393 9111 4392
f 4393 9112 9111
f 4394 9112 4393
f 4394 9113 9112
f 4394 9093 9113
f 4374 9093 4394
f 4396 9114 4395
f 4396 9115 9114
f 4396 9116 9115
f 4397 9116 4396
f 4398 9117 9116
f 4398 9118 9117
f 4398 9116 4397
f 4399 9118 4398
f 4400 9119 9118
f 4400 9118 4399
f 4401 9120 9119
f 4401 9119 4400
f 4402 9121 9120
f 4402 9120 4401
f 4403 9122 9121
f 4403 9123 9122
f 4403 9121 4402
f 4404 9123 4403
f 4405 9124 9123
f 4405 9123 4404
f 4406 9125 9124
f 4406 9124 4405
f 4407 9126 9125
f 4407 9125 4406
f 4408 9126 4407
f 4408 9127 9126
f 4408 9128 9127
f 4409 9128 4408
f 4409 9129 9128
f 4410 9129 4409
f 4411 9129 4410
f 4411 9130 9129
f 4412 9130 4411
f 4412 9131 9130
f 4413 9131 4412
f 4413 9132 9131
f 4414 9132 4413
f 4414 9133 9132
f 4415 9133 4414
f 4415 9134 9133
f 4415 9114 9134
f 4395 9114 4415
f 4417 9135 4416
f 4417 9136 9135
f 4417 9137 9136
f 4418 9137 4417
f 4419 9138 9137
f 4419 9139 9138
f 4419 9137 4418
f 4420 9139 4419
f 4421 9140 9139
f 4421 9139 4420
f 4422 9141 9140
f 4422 9140 4421
f 4423 9142 9141
f 4423 9141 4422
f 4424 9143 9142
f 4424 9144 9143
f 4424 9142 4423
f 4425 9144 4424
f 4426 9145 9144
f 4426 9144 4425
f 4427 9146 9145
f 4427 9145 4426
f 4428 9147 9146
f 4428 9146 4427
f 4429 9147 4428
f 4429 9148 9147
f 4429 9149 9148
f 4430 9149 4429
f 4430 9150 9149
f 4431 9150 4430
f 4432 9150 4431
f 4432 9151 9150
f 4433 9151 4432
f 4433 9152 9151
f 4434 9152 4433
f 4434 9153 9152
f 4435 9153 4434
f 4435 9154 9153
f 4436 9154 4435
f 4436 9155 9154
f 4436 9135 9155
f 4416 9135 4436
f 4438 9156 4437
f 4438 9157 9156
f 4438 9158 9157
f 4439 9158 4438
f 4440 9159 9158
f 4440 9160 9159
f 4440 9158 4439
f 4441 9160 4440
f 4442 9161 9160
f 4442 9160 4441
f 4443 9162 9161
f 4443 9161 4442
f 4444 9163 9162
f 4444 9162 4443
f 4445 9164 9163
f 4445 9165 9164
f 4445 9163 4444
f 4446 9165 4445
f 4447 9166 9165
f 4447 9165 4446
f 4448 9167 9166
f 4448 9166 4447
f 4449 9168 9167
f 4449 9167 4448
f 4450 9168 4449
f 4450 9169 9168
f 4450 9170 9169
f 4451 9170 4450
f 4451 9171 9170
f 4452 9171 4451
f 4453 9171 4452
f 4453 9172 9171
f 4454 9172 4453
f 4454 9173 9172
f 4455 9173 4454
f 4455 9174 9173
f 4456 9174 4455
f 4456 9175 9174
f 4457 9175 4456
f 4457 9176 9175
f 4457 9156 9176
f 4437 9156 4457
f 4459 9177 4458
f 4459 9178 9177
f 4459 9179 9178
f 4460 9179 4459
f 4461 9180 9179
f 4461 9181 9180
f 4461 9179 4460
f 4462 9181 4461
f 4463 9182 9181
f 4463 9181 4462
f 4464 9183 9182
f 4464 9182 4463
f 4465 9184 9183
f 4465 9183 4464
f 4466 9185 9184
f 4466 9186 9185
f 4466 9184 4465
f 4467 9186 4466
f 4468 9187 9186
f 4468 9186 4467
f 4469 9188 9187
f 4469 9187 4468
f 4470 9189 9188
f 4470 9188 4469
f 4471 9189 4470
f 4471 9190 9189
f 4471 9191 9190
f 4472 9191 4471
f 4472 9192 9191
f 4473 9192 4472
f 4474 9192 4473
f 4474 9193 9192
f 4475 9193 4474
f 4475 9194 9193
f 4476 9194 4475
f 4476 9195 9194
f 4477 9195 4476
f 4477 9196 9195
f 4478 9196 4477
f 4478 9197 9196
f 4478 9177 9197
f 4458 9177 4478
f 4480 9198 4479
f 4480 9199 9198
f 4480 9200 9199
f 4481 9200 4480
f 4482 9201 9200
f 4482 9202 9201
f 4482 9200 4481
f 4483 9202 4482
f 4484 9203 9202
f 4484 9202 4483
f 4485 9204 9203
f 4485 9203 4484
f 4486 9205 9204
f 4486 9204 4485
f 4487 9206 9205
f 4487 9207 9206
f 4487 9205 4486
f 4488 9207 4487
f 4489 9208 9207
f 4489 9207 4488
f 4490 9209 9208
f 4490 9208 4489
f 4491 9210 9209
f 4491 9209 4490
f 4492 9210 4491
f 4492 9211 9210
f 4492 9212 9211
f 4493 9212 4492
f 4493 9213 9212
f 4494 9213 4493
f 4495 9213 4494
f 4495 9214 9213
f 4496 9214 4495
f 4496 9215 9214
f 4497 9215 4496
f 4497 9216 9215
f 4498 9216 4497
f 4498 9217 9216
f 4499 9217 4498
f 4499 9218 9217
f 4499 9198 9218
f 4479 9198 4499
f 4501 9219 4500
f 4501 9220 9219
f 4501 9221 9220
f 4502 9221 4501
f 4503 9222 9221
f 4503 9223 9222
f 4503 9221 4502
f 4504 9223 4503
f 4505 9224 9223
f 4505 9223 4504
f 4506 9225 9224
f 4506 9224 4505
f 4507 9226 9225
f 4507 9225 4506
f 4508 9227 9226
f 4508 9228 9227
f 4508 9226 4507
f 4509 9228 4508
f 4510 9229 9228
f 4510 9228 4509
f 4511 9230 9229
f 4511 9229 4510
f 4512 9231 9230
f 4512 9230 4511
f 4513 9231 4512
f 4513 9232 9231
f 4513 9233 9232
f 4514 9233 4513
f 4514 9234 9233
f 4515 9234 4514
f 4516 9234 4515
f 4516 9235 9234
f 4517 9235 4516
f 4517 9236 9235
f 4518 9236 4517
f 4518 9237 9236
f 4519 9237 4518
f 4519 9238 9237
f 4520 9238 4519
f 4520 9239 9238
f 4520 9219 9239
f 4500 9219 4520
f 4522 9240 4521
f 4522 9241 9240
f 4522 9242 9241
f 4523 9242 4522
f 4524 9243 9242
f 4524 9244 9243
f 4524 9242 4523
f 4525 9244 4524
f 4526 9245 9244
f 4526 9244 4525
f 4527 9246 9245
f 4527 9245 4526
f 4528 9247 9246
f 4528 9246 4527
f 4529 9248 9247
f 4529 9249 9248
f 4529 9247 4528
f 4530 9249 4529
f 4531 9250 9249
f 4531 9249 4530
f 4532 9251 9250
f 4532 9250 4531
f 4533 9252 9251
f 4533 9251 4532
f 4534 9252 4533
f 4534 9253 9252
f 4534 9254 9253
f 4535 9254 4534
f 4535 9255 9254
f 4536 9255 4535
f 4537 9255 4536
f 4537 9256 9255
f 4538 9256 4537
f 4538 9257 9256
f 4539 9257 4538
f 4539 9258 9257
f 4540 9258 4539
f 4540 9259 9258
f 4541 9259 4540
f 4541 9260 9259
f 4541 9240 9260
f 4521 9240 4541
f 4543 9261 4542
f 4543 9262 9261
f 4543 9263 9262
f 4544 9263 4543
f 4545 9264 9263
f 4545 9265 9264
f 4545 9263 4544
f 4546 9265 4545
f 4547 9266 9265
f 4547 9265 4546
f 4548 9267 9266
f 4548 9266 4547
f 4549 9268 9267
f 4549 9267 4548
f 4550 9269 9268
f 4550 9270 9269
f 4550 9268 4549
f 4551 9270 4550
f 4552 9271 9270
f 4552 9270 4551
f 4553 9272 9271
f 4553 9271 4552
f 4554 9273 9272
f 4554 9272 4553
f 4555 9273 4554
f 4555 9274 9273
f 4555 9275 9274
f 4556 9275 4555
f 4556 9276 9275
f 4557 9276 4556
f 4558 9276 4557
f 4558 9277 9276
f 4559 9277 4558
f 4559 9278 9277
f 4560 9278 4559
f 4560 9279 9278
f 4561 9279 4560
f 4561 9280 9279
f 4562 9280 4561
f 4562 9281 9280
f 4562 9261 9281
f 4542 9261 4562
f 4564 9282 4563
f 4564 9283 9282
f 4564 9284 9283
f 4565 9284 4564
f 4566 9285 9284
f 4566 9286 9285
f 4566 9284 4565
f 4567 9286 4566
f 4568 9287 9286
f 4568 9286 4567
f 4569 9288 9287
f 4569 9287 4568
f 4570 9289 9288
f 4570 9288 4569
f 4571 9290 9289
f 4571 9291 9290
f 4571 9289 4570
f 4572 9291 4571
f 4573 9292 9291
f 4573 9291 4572
f 4574 9293 9292
f 4574 9292 4573
f 4575 9294 9293
f 4575 9293 4574
f 4576 9294 4575
f 4576 9295 9294
f 4576 9296 9295
f 4577 9296 4576
f 4577 9297 9296
f 4578 9297 4577
f 4579 9297 4578
f 4579 9298 9297
f 4580 9298 4579
f 4580 9299 9298
f 4581 9299 4580
f 4581 9300 9299
f 4582 9300 4581
f 4582 9301 9300
f 4583 9301 4582
f 4583 9302 9301
f 4583 9282 9302
f 4563 9282 4583
f 4585 9303 4584
f 4585 9304 9303
f 4585 9305 9304
f 4586 9305 4585
f 4587 9306 9305
f 4587 9307 9306
f 4587 9305 4586
f 4588 9307 4587
f 4589 9308 9307
f 4589 9307 4588
f 4590 9309 9308
f 4590 9308 4589
f 4591 9310 9309
f 4591 9309 4590
f 4592 9311 9310
f 4592 9312 9311
f 4592 9310 4591
f 4593 9312 4592
f 4594 9313 9312
f 4594 9312 4593
f 4595 9314 9313
f 4595 9313 4594
f 4596 9315 9314
f 4596 9314 4595
f 4597 9315 4596
f 4597 9316 9315
f 4597 9317 9316
f 4598 9317 4597
f 4598 9318 9317
f 4599 9318 4598
f 4600 9318 4599
f 4600 9319 9318
f 4601 9319 4600
f 4601 9320 9319
f 4602 9320 4601
f 4602 9321 9320
f 4603 9321 4602
f 4603 9322 9321
f 4604 9322 4603
f 4604 9323 9322
f 4604 9303 9323
f 4584 9303 4604
f 4606 9324 4605
f 4606 9325 9324
f 4606 9326 9325
f 4607 9326 4606
f 4608 9327 9326
f 4608 9328 9327
f 4608 9326 4607
f 4609 9328 4608
f 4610 9329 9328
f 4610 9328 4609
f 4611 9330 9329
f 4611 9329 4610
f 4612 9331 9330
f 4612 9330 4611
f 4613 9332 9331
f 4613 9333 9332
f 4613 9331 4612
f 4614 9333 4613
f 4615 9334 9333
f 4615 9333 4614
f 4616 9335 9334
f 4616 9334 4615
f 4617 9336 9335
f 4617 9335 4616
f 4618 9336 4617
f 4618 9337 9336
f 4618 9338 9337
f 4619 9338 4618
f 4619 9339 9338
f 4620 9339 4619
f 4621 9339 4620
f 4621 9340 9339
f 4622 9340 4621
f 4622 9341 9340
f 4623 9341 4622
f 4623 9342 9341
f 4624 9342 4623
f 4624 9343 9342
f 4625 9343 4624
f 4625 9344 9343
f 4625 9324 9344
f 4605 9324 4625
f 4627 9345 4626
f 4627 9346 9345
f 4627 9347 9346
f 4628 9347 4627
f 4629 9348 9347
f 4629 9349 9348
f 4629 9347 4628
f 4630 9349 4629
f 4631 9350 9349
f 4631 9349 4630
f 4632 9351 9350
f 4632 9350 4631
f 4633 9352 9351
f 4633 9351 4632
f 4634 9353 9352
f 4634 9354 9353
f 4634 9352 4633
f 4635 9354 4634
f 4636 9355 9354
f 4636 9354 4635
f 4637 9356 9355
f 4637 9355 4636
f 4638 9357 9356
f 4638 9356 4637
f 4639 9357 4638
f 4639 9358 9357
f 4639 9359 9358
f 4640 9359 4639
f 4640 9360 9359
f 4641 9360 4640
f 4642 9360 4641
f 4642 9361 9360
f 4643 9361 4642
f 4643 9362 9361
f 4644 9362 4643
f 4644 9363 9362
f 4645 9363 4644
f 4645 9364 9363
f 4646 9364 4645
f 4646 9365 9364
f 4646 9345 9365
f 4626 9345 4646
f 4648 9366 4647
f 4648 9367 9366
f 4648 9368 9367
f 4649 9368 4648
f 4650 9369 9368
f 4650 9370 9369
f 4650 9368 4649
f 4651 9370 4650
f 4652 9371 9370
f 4652 9370 4651
f 4653 9372 9371
f 4653 9371 4652
f 4654 9373 9372
f 4654 9372 4653
f 4655 9374 9373
f 4655 9375 9374
f 4655 9373 4654
f 4656 9375 4655
f 4657 9376 9375
f 4657 9375 4656
f 4658 9377 9376
f 4658 9376 4657
f 4659 9378 9377
f 4659 9377 4658
f 4660 9378 4659
f 4660 9379 9378
f 4660 9380 9379
f 4661 9380 4660
f 4661 9381 9380
f 4662 9381 4661
f 4663 9381 4662
f 4663 9382 9381
f 4664 9382 4663
f 4664 9383 9382
f 4665 9383 4664
f 4665 9384 9383
f 4666 9384 4665
f 4666 9385 9384
f 4667 9385 4666
f 4667 9386 9385
f 4667 9366 9386
f 4647 9366 4667
f 4669 9387 4668
f 4669 9388 9387
f 4669 9389 9388
f 4670 9389 4669
f 4671 9390 9389
f 4671 9391 9390
f 4671 9389 4670
f 4672 9391 4671
f 4673 9392 9391
f 4673 9391 4672
f 4674 9393 9392
f 4674 9392 4673
f 4675 9394 9393
f 4675 9393 4674
f 4676 9395 9394
f 4676 9396 9395
f 4676 9394 4675
f 4677 9396 4676
f 4678 9397 9396
f 4678 9396 4677
f 4679 9398 9397
f 4679 9397 4678
f 4680 9399 9398
f 4680 9398 4679
f 4681 9399 4680
f 4681 9400 9399
f 4681 9401 9400
f 4682 9401 4681
f 4682 9402 9401
f 4683 9402 4682
f 4684 9402 4683
f 4684 9403 9402
f 4685 9403 4684
f 4685 9404 9403
f 4686 9404 4685
f 4686 9405 9404
f 4687 9405 4686
f 4687 9406 9405
f 4688 9406 4687
f 4688 9407 9406
f 4688 9387 9407
f 4668 9387 4688
f 4690 9408 4689
f 4690 9409 9408
f 4690 9410 9409
f 4691 9410 4690
f 4692 9411 9410
f 4692 9412 9411
f 4692 9410 4691
f 4693 9412 4692
f 4694 9413 9412
f 4694 9412 4693
f 4695 9414 9413
f 4695 9413 4694
f 4696 9415 9414
f 4696 9414 4695
f 4697 9416 9415
f 4697 9417 9416
f 4697 9415 4696
f 4698 9417 4697
f 4699 9418 9417
f 4699 9417 4698
f 4700 9419 9418
f 4700 9418 4699
f 4701 9420 9419
f 4701 9419 4700
f 4702 9420 4701
f 4702 9421 9420
f 4702 9422 9421
f 4703 9422 4702
f 4703 9423 9422
f 4704 9423 4703
f 4705 9423 4704
f 4705 9424 9423
f 4706 9424 4705
f 4706 9425 9424
f 4707 9425 4706
f 4707 9426 9425
f 4708 9426 4707
f 4708 9427 9426
f 4709 9427 4708
f 4709 9428 9427
f 4709 9408 9428
f 4689 9408 4709
f 4711 9429 4710
f 4711 9430 9429
f 4711 9431 9430
f 4712 9431 4711
f 4713 9432 9431
f 4713 9433 9432
f 4713 9431 4712
f 4714 9433 4713
f 4715 9434 9433
f 4715 9433 4714
f 4716 9435 9434
f 4716 9434 4715
f 4717 9436 9435
f 4717 9435 4716
f 4718 9437 9436
f 4718 9438 9437
f 4718 9436 4717
f 4719 9438 4718
f 4720 9439 9438
f 4720 9438 4719
f 4721 9440 9439
f 4721 9439 4720
f 4722 9441 9440
f 4722 9440 4721
f 4723 9441 4722
f 4723 9442 9441
f 4723 9443 9442
f 4724 9443 4723
f 4724 9444 9443
f 4725 9444 4724
f 4726 9444 4725
f 4726 9445 9444
f 4727 9445 4726
f 4727 9446 9445
f 4728 9446 4727
f 4728 9447 9446
f 4729 9447 4728
f 4729 9448 9447
f 4730 9448 4729
f 4730 9449 9448
f 4730 9429 9449
f 4710 9429 4730
f 4732 9450 4731
f 4732 9451 9450
f 4732 9452 9451
f 4733 9452 4732
f 4734 9453 9452
f 4734 9454 9453
f 4734 9452 4733
f 4735 9454 4734
f 4736 9455 9454
f 4736 9454 4735
f 4737 9456 9455
f 4737 9455 4736
f 4738 9457 9456
f 4738 9456 4737
f 4739 9458 9457
f 4739 9459 9458
f 4739 9457 4738
f 4740 9459 4739
f 4741 9460 9459
f 4741 9459 4740
f 4742 9461 9460
f 4742 9460 4741
f 4743 9462 9461
f 4743 9461 4742
f 4744 9462 4743
f 4744 9463 9462
f 4744 9464 9463
f 4745 9464 4744
f 4745 9465 9464
f 4746 9465 4745
f 4747 9465 4746
f 4747 9466 9465
f 4748 9466 4747
f 4748 9467 9466
f 4749 9467 4748
f 4749 9468 9467
f 4750 9468 4749
f 4750 9469 9468
f 4751 9469 4750
f 4751 9470 9469
f 4751 9450 9470
f 4731 9450 4751
f 4753 9471 4752
f 4753 9472 9471
f 4753 9473 9472
f 4754 9473 4753
f 4755 9474 9473
f 4755 9475 9474
f 4755 9473 4754
f 4756 9475 4755
f 4757 9476 9475
f 4757 9475 4756
f 4758 9477 9476
f 4758 9476 4757
f 4759 9478 9477
f 4759 9477 4758
f 4760 9479 9478
f 4760 9480 9479
f 4760 9478 4759
f 4761 9480 4760
f 4762 9481 9480
f 4762 9480 4761
f 4763 9482 9481
f 4763 9481 4762
f 4764 9483 9482
f 4764 9482 4763
f 4765 9483 4764
f 4765 9484 9483
f 4765 9485 9484
f 4766 9485 4765
f 4766 9486 9485
f 4767 9486 4766
f 4768 9486 4767
f 4768 9487 9486
f 4769 9487 4768
f 4769 9488 9487
f 4770 9488 4769
f 4770 9489 9488
f 4771 9489 4770
f 4771 9490 9489
f 4772 9490 4771
f 4772 9491 9490
f 4772 9471 9491
f 4752 9471 4772
f 4774 9492 4773
f 4774 9493 9492
f 4774 9494 9493
f 4775 9494 4774
f 4776 9495 9494
f 4776 9496 9495
f 4776 9494 4775
f 4777 9496 4776
f 4778 9497 9496
f 4778 9496 4777
f 4779 9498 9497
f 4779 9497 4778
f 4780 9499 9498
f 4780 9498 4779
f 4781 9500 9499
f 4781 9501 9500
f 4781 9499 4780
f 4782 9501 4781
f 4783 9502 9501
f 4783 9501 4782
f 4784 9503 9502
f 4784 9502 4783
f 4785 9504 9503
f 4785 9503 4784
f 4786 9504 4785
f 4786 9505 9504
f 4786 9506 9505
f 4787 9506 4786
f 4787 9507 9506
f 4788 9507 4787
f 4789 9507 4788
f 4789 9508 9507
f 4790 9508 4789
f 4790 9509 9508
f 4791 9509 4790
f 4791 9510 9509
f 4792 9510 4791
f 4792 9511 9510
f 4793 9511 4792
f 4793 9512 9511
f 4793 9492 9512
f 4773 9492 4793
f 4795 9513 4794
f 4795 9514 9513
f 4795 9515 9514
f 4796 9515 4795
f 4797 9516 9515
f 4797 9517 9516
f 4797 9515 4796
f 4798 9517 4797
f 4799 9518 9517
f 4799 9517 4798
f 4800 9519 9518
f 4800 9518 4799
f 4801 9520 9519
f 4801 9519 4800
f 4802 9521 9520
f 4802 9522 9521
f 4802 9520 4801
f 4803 9522 4802
f 4804 9523 9522
f 4804 9522 4803
f 4805 9524 9523
f 4805 9523 4804
f 4806 9525 9524
f 4806 9524 4805
f 4807 9525 4806
f 4807 9526 9525
f 4807 9527 9526
f 4808 9527 4807
f 4808 9528 9527
f 4809 9528 4808
f 4810 9528 4809
f 4810 9529 9528
f 4811 9529 4810
f 4811 9530 9529
f 4812 9530 4811
f 4812 9531 9530
f 4813 9531 4812
f 4813 9532 9531
f 4814 9532 4813
f 4814 9533 9532
f 4814 9513 9533
f 4794 9513 4814
f 4816 9534 4815
f 4816 9535 9534
f 4816 9536 9535
f 4817 9536 4816
f 4818 9537 9536
f 4818 9538 9537
f 4818 9536 4817
f 4819 9538 4818
f 4820 9539 9538
f 4820 9538 4819
f 4821 9540 9539
f 4821 9539 4820
f 4822 9541 9540
f 4822 9540 4821
f 4823 9542 9541
f 4823 9543 9542
f 4823 9541 4822
f 4824 9543 4823
f 4825 9544 9543
f 4825 9543 4824
f 4826 9545 9544
f 4826 9544 4825
f 4827 9546 9545
f 4827 9545 4826
f 4828 9546 4827
f 4828 9547 9546
f 4828 9548 9547
f 4829 9548 4828
f 4829 9549 9548
f 4830 9549 4829
f 4831 9549 4830
f 4831 9550 9549
f 4832 9550 4831
f 4832 9551 9550
f 4833 9551 4832
f 4833 9552 9551
f 4834 9552 4833
f 4834 9553 9552
f 4835 9553 4834
f 4835 9554 9553
f 4835 9534 9554
f 4815 9534 4835
f 4837 9555 4836
f 4837 9556 9555
f 4837 9557 9556
f 4838 9557 4837
f 4839 9558 9557
f 4839 9559 9558
f 4839 9557 4838
f 4840 9559 4839
f 4841 9560 9559
f 4841 9559 4840
f 4842 9561 9560
f 4842 9560 4841
f 4843 9562 9561
f 4843 9561 4842
f 4844 9563 9562
f 4844 9564 9563
f 4844 9562 4843
f 4845 9564 4844
f 4846 9565 9564
f 4846 9564 4845
f 4847 9566 9565
f 4847 9565 4846
f 4848 9567 9566
f 4848 9566 4847
f 4849 9567 4848
f 4849 9568 9567
f 4849 9569 9568
f 4850 9569 4849
f 4850 9570 9569
f 4851 9570 4850
f 4852 9570 4851
f 4852 9571 9570
f 4853 9571 4852
f 4853 9572 9571
f 4854 9572 4853
f 4854 9573 9572
f 4855 9573 4854
f 4855 9574 9573
f 4856 9574 4855
f 4856 9575 9574
f 4856 9555 9575
f 4836 9555 4856
f 4858 9576 4857
f 4858 9577 9576
f 4858 9578 9577
f 4859 9578 4858
f 4860 9579 9578
f 4860 9580 9579
f 4860 9578 4859
f 4861 9580 4860
f 4862 9581 9580
f 4862 9580 4861
f 4863 9582 9581
f 4863 9581 4862
f 4864 9583 9582
f 4864 9582 4863
f 4865 9584 9583
f 4865 9585 9584
f 4865 9583 4864
f 4866 9585 4865
f 4867 9586 9585
f 4867 9585 4866
f 4868 9587 9586
f 4868 9586 4867
f 4869 9588 9587
f 4869 9587 4868
f 4870 9588 4869
f 4870 9589 9588
f 4870 9590 9589
f 4871 9590 4870
f 4871 9591 9590
f 4872 9591 4871
f 4873 9591 4872
f 4873 9592 9591
f 4874 9592 4873
f 4874 9593 9592
f 4875 9593 4874
f 4875 9594 9593
f 4876 9594 4875
f 4876 9595 9594
f 4877 9595 4876
f 4877 9596 9595
f 4877 9576 9596
f 4857 9576 4877
f 4879 9597 4878
f 4879 9598 9597
f 4879 9599 9598
f 4880 9599 4879
f 4881 9600 9599
f 4881 9601 9600
f 4881 9599 4880
f 4882 9601 4881
f 4883 9602 9601
f 4883 9601 4882
f 4884 9603 9602
f 4884 9602 4883
f 4885 9604 9603
f 4885 9603 4884
f 4886 9605 9604
f 4886 9606 9605
f 4886 9604 4885
f 4887 9606 4886
f 4888 9607 9606
f 4888 9606 4887
f 4889 9608 9607
f 4889 9607 4888
f 4890 9609 9608
f 4890 9608 4889
f 4891 9609 4890
f 4891 9610 9609
f 4891 9611 9610
f 4892 9611 4891
f 4892 9612 9611
f 4893 9612 4892
f 4894 9612 4893
f 4894 9613 9612
f 4895 9613 4894
f 4895 9614 9613
f 4896 9614 4895
f 4896 9615 9614
f 4897 9615 4896
f 4897 9616 9615
f 4898 9616 4897
f 4898 9617 9616
f 4898 9597 9617
f 4878 9597 4898
f 4900 9618 4899
f 4900 9619 9618
f 4900 9620 9619
f 4901 9620 4900
f 4902 9621 9620
f 4902 9622 9621
f 4902 9620 4901
f 4903 9622 4902
f 4904 9623 9622
f 4904 9622 4903
f 4905 9624 9623
f 4905 9623 4904
f 4906 9625 9624
f 4906 9624 4905
f 4907 9626 9625
f 4907 9627 9626
f 4907 9625 4906
f 4908 9627 4907
f 4909 9628 9627
f 4909 9627 4908
f 4910 9629 9628
f 4910 9628 4909
f 4911 9630 9629
f 4911 9629 4910
f 4912 9630 4911
f 4912 9631 9630
f 4912 9632 9631
f 4913 9632 4912
f 4913 9633 9632
f 4914 9633 4913
f 4915 9633 4914
f 4915 9634 9633
f 4916 9634 4915
f 4916 9635 9634
f 4917 9635 4916
f 4917 9636 9635
f 4918 9636 4917
f 4918 9637 9636
f 4919 9637 4918
f 4919 9638 9637
f 4919 9618 9638
f 4899 9618 4919
f 4921 9639 4920
f 4921 9640 9639
f 4921 9641 9640
f 4922 9641 4921
f 4923 9642 9641
f 4923 9643 9642
f 4923 9641 4922
f 4924 9643 4923
f 4925 9644 9643
f 4925 9643 4924
f 4926 9645 9644
f 4926 9644 4925
f 4927 9646 9645
f 4927 9645 4926
f 4928 9647 9646
f 4928 9648 9647
f 4928 9646 4927
f 4929 9648 4928
f 4930 9649 9648
f 4930 9648 4929
f 4931 9650 9649
f 4931 9649 4930
f 4932 9651 9650
f 4932 9650 4931
f 4933 9651 4932
f 4933 9652 9651
f 4933 9653 9652
f 4934 9653 4933
f 4934 9654 9653
f 4935 9654 4934
f 4936 9654 4935
f 4936 9655 9654
f 4937 9655 4936
f 4937 9656 9655
f 4938 9656 4937
f 4938 9657 9656
f 4939 9657 4938
f 4939 9658 9657
f 4940 9658 4939
f 4940 9659 9658
f 4940 9639 9659
f 4920 9639 4940
f 4942 9660 4941
f 4942 9661 9660
f 4942 9662 9661
f 4943 9662 4942
f 4944 9663 9662
f 4944 9664 9663
f 4944 9662 4943
f 4945 9664 4944
f 4946 9665 9664
f 4946 9664 4945
f 4947 9666 9665
f 4947 9665 4946
f 4948 9667 9666
f 4948 9666 4947
f 4949 9668 9667
f 4949 9669 9668
f 4949 9667 4948
f 4950 9669 4949
f 4951 9670 9669
f 4951 9669 4950
f 4952 9671 9670
f 4952 9670 4951
f 4953 9672 9671
f 4953 9671 4952
f 4954 9672 4953
f 4954 9673 9672
f 4954 9674 9673
f 4955 9674 4954
f 4955 9675 9674
f 4956 9675 4955
f 4957 9675 4956
f 4957 9676 9675
f 4958 9676 4957
f 4958 9677 9676
f 4959 9677 4958
f 4959 9678 9677
f 4960 9678 4959
f 4960 9679 9678
f 4961 9679 4960
f 4961 9680 9679
f 4961 9660 9680
f 4941 9660 4961
f 4963 9681 4962
f 4963 9682 9681
f 4963 9683 9682
f 4964 9683 4963
f 4965 9684 9683
f 4965 9685 9684
f 4965 9683 4964
f 4966 9685 4965
f 4967 9686 9685
f 4967 9685 4966
f 4968 9687 9686
f 4968 9686 4967
f 4969 9688 9687
f 4969 9687 4968
f 4970 9689 9688
f 4970 9690 9689
f 4970 9688 4969
f 4971 9690 4970
f 4972 9691 9690
f 4972 9690 4971
f 4973 9692 9691
f 4973 9691 4972
f 4974 9693 9692
f 4974 9692 4973
f 4975 9693 4974
f 4975 9694 9693
f 4975 9695 9694
f 4976 9695 4975
f 4976 9696 9695
f 4977 9696 4976
f 4978 9696 4977
f 4978 9697 9696
f 4979 9697 4978
f 4979 9698 9697
f 4980 9698 4979
f 4980 9699 9698
f 4981 9699 4980
f 4981 9700 9699
f 4982 9700 4981
f 4982 9701 9700
f 4982 9681 9701
f 4962 9681 4982
f 4984 9702 4983
f 4984 9703 9702
f 4984 9704 9703
f 4985 9704 4984
f 4986 9705 9704
f 4986 9706 9705
f 4986 9704 4985
f 4987 9706 4986
f 4988 9707 9706
f 4988 9706 4987
f 4989 9708 9707
f 4989 9707 4988
f 4990 9709 9708
f 4990 9708 4989
f 4991 9710 9709
f 4991 9711 9710
f 4991 9709 4990
f 4992 9711 4991
f 4993 9712 9711
f 4993 9711 4992
f 4994 9713 9712
f 4994 9712 4993
f 4995 9714 9713
f 4995 9713 4994
f 4996 9714 4995
f 4996 9715 9714
f 4996 9716 9715
f 4997 9716 4996
f 4997 9717 9716
f 4998 9717 4997
f 4999 9717 4998
f 4999 9718 9717
f 5000 9718 4999
f 5000 9719 9718
f 5001 9719 5000
f 5001 9720 9719
f 5002 9720 5001
f 5002 9721 9720
f 5003 9721 5002
f 5003 9722 9721
f 5003 9702 9722
f 4983 9702 5003
f 5005 9723 5004
f 5005 9724 9723
f 5005 9725 9724
f 5006 9725 5005
f 5007 9726 9725
f 5007 9727 9726
f 5007 9725 5006
f 5008 9727 5007
f 5009 9728 9727
f 5009 9727 5008
f 5010 9729 9728
f 5010 9728 5009
f 5011 9730 9729
f 5011 9729 5010
f 5012 9731 9730
f 5012 9732 9731
f 5012 9730 5011
f 5013 9732 5012
f 5014 9733 9732
f 5014 9732 5013
f 5015 9734 9733
f 5015 9733 5014
f 5016 9735 9734
f 5016 9734 5015
f 5017 9735 5016
f 5017 9736 9735
f 5017 9737 9736
f 5018 9737 5017
f 5018 9738 9737
f 5019 9738 5018
f 5020 9738 5019
f 5020 9739 9738
f 5021 9739 5020
f 5021 9740 9739
f 5022 9740 5021
f 5022 9741 9740
f 5023 9741 5022
f 5023 9742 9741
f 5024 9742 5023
f 5024 9743 9742
f 5024 9723 9743
f 5004 9723 5024
f 5026 9744 5025
f 5026 9745 9744
f 5026 9746 9745
f 5027 9746 5026
f 5028 9747 9746
f 5028 9748 9747
f 5028 9746 5027
f 5029 9748 5028
f 5030 9749 9748
f 5030 9748 5029
f 5031 9750 9749
f 5031 9749 5030
f 5032 9751 9750
f 5032 9750 5031
f 5033 9752 9751
f 5033 9753 9752
f 5033 9751 5032
f 5034 9753 5033
f 5035 9754 9753
f 5035 9753 5034
f 5036 9755 9754
f 5036 9754 5035
f 5037 9756 9755
f 5037 9755 5036
f 5038 9756 5037
f 5038 9757 9756
f 5038 9758 9757
f 5039 9758 5038
f 5039 9759 9758
f 5040 9759 5039
f 5041 9759 5040
f 5041 9760 9759
f 5042 9760 5041
f 5042 9761 9760
f 5043 9761 5042
f 5043 9762 9761
f 5044 9762 5043
f 5044 9763 9762
f 5045 9763 5044
f 5045 9764 9763
f 5045 9744 9764
f 5025 9744 5045
f 5047 9765 5046
f 5047 9766 9765
f 5047 9767 9766
f 5048 9767 5047
f 5049 9768 9767
f 5049 9769 9768
f 5049 9767 5048
f 5050 9769 5049
f 5051 9770 9769
f 5051 9769 5050
f 5052 9771 9770
f 5052 9770 5051
f 5053 9772 9771
f 5053 9771 5052
f 5054 9773 9772
f 5054 9774 9773
f 5054 9772 5053
f 5055 9774 5054
f 5056 9775 9774
f 5056 9774 5055
f 5057 9776 9775
f 5057 9775 5056
f 5058 9777 9776
f 5058 9776 5057
f 5059 9777 5058
f 5059 9778 9777
f 5059 9779 9778
f 5060 9779 5059
f 5060 9780 9779
f 5061 9780 5060
f 5062 9780 5061
f 5062 9781 9780
f 5063 9781 5062
f 5063 9782 9781
f 5064 9782 5063
f 5064 9783 9782
f 5065 9783 5064
f 5065 9784 9783
f 5066 9784 5065
f 5066 9785 9784
f 5066 9765 9785
f 5046 9765 5066
f 5068 9786 5067
f 5068 9787 9786
f 5068 9788 9787
f 5069 9788 5068
f 5070 9789 9788
f 5070 9790 9789
f 5070 9788 5069
f 5071 9790 5070
f 5072 9791 9790
f 5072 9790 5071
f 5073 9792 9791
f 5073 9791 5072
f 5074 9793 9792
f 5074 9792 5073
f 5075 9794 9793
f 5075 9795 9794
f 5075 9793 5074
f 5076 9795 5075
f 5077 9796 9795
f 5077 9795 5076
f 5078 9797 9796
f 5078 9796 5077
f 5079 9798 9797
f 5079 9797 5078
f 5080 9798 5079
f 5080 9799 9798
f 5080 9800 9799
f 5081 9800 5080
f 5081 9801 9800
f 5082 9801 5081
f 5083 9801 5082
f 5083 9802 9801
f 5084 9802 5083
f 5084 9803 9802
f 5085 9803 5084
f 5085 9804 9803
f 5086 9804 5085
f 5086 9805 9804
f 5087 9805 5086
f 5087 9806 9805
f 5087 9786 9806
f 5067 9786 5087
f 5089 9807 5088
f 5089 9808 9807
f 5089 9809 9808
f 5090 9809 5089
f 5091 9810 9809
f 5091 9811 9810
f 5091 9809 5090
f 5092 9811 5091
f 5093 9812 9811
f 5093 9811 5092
f 5094 9813 9812
f 5094 9812 5093
f 5095 9814 9813
f 5095 9813 5094
f 5096 9815 9814
f 5096 9816 9815
f 5096 9814 5095
f 5097 9816 5096
f 5098 9817 9816
f 5098 9816 5097
f 5099 9818 9817
f 5099 9817 5098
f 5100 9819 9818
f 5100 9818 5099
f 5101 9819 5100
f 5101 9820 9819
f 5101 9821 9820
f 5102 9821 5101
f 5102 9822 9821
f 5103 9822 5102
f 5104 9822 5103
f 5104 9823 9822
f 5105 9823 5104
f 5105 9824 9823
f 5106 9824 5105
f 5106 9825 9824
f 5107 9825 5106
f 5107 9826 9825
f 5108 9826 5107
f 5108 9827 9826
f 5108 9807 9827
f 5088 9807 5108
f 5110 9828 5109
f 5110 9829 9828
f 5110 9830 9829
f 5111 9830 5110
f 5112 9831 9830
f 5112 9832 9831
f 5112 9830 5111
f 5113 9832 5112
f 5114 9833 9832
f 5114 9832 5113
f 5115 9834 9833
f 5115 9833 5114
f 5116 9835 9834
f 5116 9834 5115
f 5117 9836 9835
f 5117 9837 9836
f 5117 9835 5116
f 5118 9837 5117
f 5119 9838 9837
f 5119 9837 5118
f 5120 9839 9838
f 5120 9838 5119
f 5121 9840 9839
f 5121 9839 5120
f 5122 9840 5121
f 5122 9841 9840
f 5122 9842 9841
f 5123 9842 5122
f 5123 9843 9842
f 5124 9843 5123
f 5125 9843 5124
f 5125 9844 9843
f 5126 9844 5125
f 5126 9845 9844
f 5127 9845 5126
f 5127 9846 9845
f 5128 9846 5127
f 5128 9847 9846
f 5129 9847 5128
f 5129 9848 9847
f 5129 9828 9848
f 5109 9828 5129
f 5131 9849 5130
f 5131 9850 9849
f 5131 9851 9850
f 5132 9851 5131
f 5133 9852 9851
f 5133 9853 9852
f 5133 9851 5132
f 5134 9853 5133
f 5135 9854 9853
f 5135 9853 5134
f 5136 9855 9854
f 5136 9854 5135
f 5137 9856 9855
f 5137 9855 5136
f 5138 9857 9856
f 5138 9858 9857
f 5138 9856 5137
f 5139 9858 5138
f 5140 9859 9858
f 5140 9858 5139
f 5141 9860 9859
f 5141 9859 5140
f 5142 9861 9860
f 5142 9860 5141
f 5143 9861 5142
f 5143 9862 9861
f 5143 9863 9862
f 5144 9863 5143
f 5144 9864 9863
f 5145 9864 5144
f 5146 9864 5145
f 5146 9865 9864
f 5147 9865 5146
f 5147 9866 9865
f 5148 9866 5147
f 5148 9867 9866
f 5149 9867 5148
f 5149 9868 9867
f 5150 9868 5149
f 5150 9869 9868
f 5150 9849 9869
f 5130 9849 5150
f 5152 9870 5151
f 5152 9871 9870
f 5152 9872 9871
f 5153 9872 5152
f 5154 9873 9872
f 5154 9874 9873
f 5154 9872 5153
f 5155 9874 5154
f 5156 9875 9874
f 5156 9874 5155
f 5157 9876 9875
f 5157 9875 5156
f 5158 9877 9876
f 5158 9876 5157
f 5159 9878 9877
f 5159 9879 9878
f 5159 9877 5158
f 5160 9879 5159
f 5161 9880 9879
f 5161 9879 5160
f 5162 9881 9880
f 5162 9880 5161
f 5163 9882 9881
f 5163 9881 5162
f 5164 9882 5163
f 5164 9883 9882
f 5164 9884 9883
f 5165 9884 5164
f 5165 9885 9884
f 5166 9885 5165
f 5167 9885 5166
f 5167 9886 9885
f 5168 9886 5167
f 5168 9887 9886
f 5169 9887 5168
f 5169 9888 9887
f 5170 9888 5169
f 5170 9889 9888
f 5171 9889 5170
f 5171 9890 9889
f 5171 9870 9890
f 5151 9870 5171
f 5173 9891 5172
f 5173 9892 9891
f 5173 9893 9892
f 5174 9893 5173
f 5175 9894 9893
f 5175 9895 9894
f 5175 9893 5174
f 5176 9895 5175
f 5177 9896 9895
f 5177 9895 5176
f 5178 9897 9896
f 5178 9896 5177
f 5179 9898 9897
f 5179 9897 5178
f 5180 9899 9898
f 5180 9900 9899
f 5180 9898 5179
f 5181 9900 5180
f 5182 9901 9900
f 5182 9900 5181
f 5183 9902 9901
f 5183 9901 5182
f 5184 9903 9902
f 5184 9902 5183
f 5185 9903 5184
f 5185 9904 9903
f 5185 9905 9904
f 5186 9905 5185
f 5186 9906 9905
f 5187 9906 5186
f 5188 9906 5187
f 5188 9907 9906
f 5189 9907 5188
f 5189 9908 9907
f 5190 9908 5189
f 5190 9909 9908
f 5191 9909 5190
f 5191 9910 9909
f 5192 9910 5191
f 5192 9911 9910
f 5192 9891 9911
f 5172 9891 5192
f 5194 9912 5193
f 5194 9913 9912
f 5194 9914 9913
f 5195 9914 5194
f 5196 9915 9914
f 5196 9916 9915
f 5196 9914 5195
f 5197 9916 5196
f 5198 9917 9916
f 5198 9916 5197
f 5199 9918 9917
f 5199 9917 5198
f 5200 9919 9918
f 5200 9918 5199
f 5201 9920 9919
f 5201 9921 9920
f 5201 9919 5200
f 5202 9921 5201
f 5203 9922 9921
f 5203 9921 5202
f 5204 9923 9922
f 5204 9922 5203
f 5205 9924 9923
f 5205 9923 5204
f 5206 9924 5205
f 5206 9925 9924
f 5206 9926 9925
f 5207 9926 5206
f 5207 9927 9926
f 5208 9927 5207
f 5209 9927 5208
f 5209 9928 9927
f 5210 9928 5209
f 5210 9929 9928
f 5211 9929 5210
f 5211 9930 9929
f 5212 9930 5211
f 5212 9931 9930
f 5213 9931 5212
f 5213 9932 9931
f 5213 9912 9932
f 5193 9912 5213
f 5215 9933 5214
f 5215 9934 9933
f 5215 9935 9934
f 5216 9935 5215
f 5217 9936 9935
f 5217 9937 9936
f 5217 9935 5216
f 5218 9937 5217
f 5219 9938 9937
f 5219 9937 5218
f 5220 9939 9938
f 5220 9938 5219
f 5221 9940 9939
f 5221 9939 5220
f 5222 9941 9940
f 5222 9942 9941
f 5222 9940 5221
f 5223 9942 5222
f 5224 9943 9942
f 5224 9942 5223
f 5225 9944 9943
f 5225 9943 5224
f 5226 9945 9944
f 5226 9944 5225
f 5227 9945 5226
f 5227 9946 9945
f 5227 9947 9946
f 5228 9947 5227
f 5228 9948 9947
f 5229 9948 5228
f 5230 9948 5229
f 5230 9949 9948
f 5231 9949 5230
f 5231 9950 9949
f 5232 9950 5231
f 5232 9951 9950
f 5233 9951 5232
f 5233 9952 9951
f 5234 9952 5233
f 5234 9953 9952
f 5234 9933 9953
f 5214 9933 5234
f 5236 9954 5235
f 5236 9955 9954
f 5236 9956 9955
f 5237 9956 5236
f 5238 9957 9956
f 5238 9958 9957
f 5238 9956 5237
f 5239 9958 5238
f 5240 9959 9958
f 5240 9958 5239
f 5241 9960 9959
f 5241 9959 5240
f 5242 9961 9960
f 5242 9960 5241
f 5243 9962 9961
f 5243 9963 9962
f 5243 9961 5242
f 5244 9963 5243
f 5245 9964 9963
f 5245 9963 5244
f 5246 9965 9964
f 5246 9964 5245
f 5247 9966 9965
f 5247 9965 5246
f 5248 9966 5247
f 5248 9967 9966
f 5248 9968 9967
f 5249 9968 5248
f 5249 9969 9968
f 5250 9969 5249
f 5251 9969 5250
f 5251 9970 9969
f 5252 9970 5251
f 5252 9971 9970
f 5253 9971 5252
f 5253 9972 9971
f 5254 9972 5253
f 5254 9973 9972
f 5255 9973 5254
f 5255 9974 9973
f 5255 9954 9974
f 5235 9954 5255
f 5257 9975 5256
f 5257 9976 9975
f 5257 9977 9976
f 5258 9977 5257
f 5259 9978 9977
f 5259 9979 9978
f 5259 9977 5258
f 5260 9979 5259
f 5261 9980 9979
f 5261 9979 5260
f 5262 9981 9980
f 5262 9980 5261
f 5263 9982 9981
f 5263 9981 5262
f 5264 9983 9982
f 5264 9984 9983
f 5264 9982 5263
f 5265 9984 5264
f 5266 9985 9984
f 5266 9984 5265
f 5267 9986 9985
f 5267 9985 5266
f 5268 9987 9986
f 5268 9986 5267
f 5269 9987 5268
f 5269 9988 9987
f 5269 9989 9988
f 5270 9989 5269
f 5270 9990 9989
f 5271 9990 5270
f 5272 9990 5271
f 5272 9991 9990
f 5273 9991 5272
f 5273 9992 9991
f 5274 9992 5273
f 5274 9993 9992
f 5275 9993 5274
f 5275 9994 9993
f 5276 9994 5275
f 5276 9995 9994
f 5276 9975 9995
f 5256 9975 5276
f 5278 9996 5277
f 5278 9997 9996
f 5278 9998 9997
f 5279 9998 5278
f 5280 9999 9998
f 5280 10000 9999
f 5280 9998 5279
f 5281 10000 5280
f 5282 10001 10000
f 5282 10000 5281
f 5283 10002 10001
f 5283 10001 5282
f 5284 10003 10002
f 5284 10002 5283
f 5285 10004 10003
f 5285 10005 10004
f 5285 10003 5284
f 5286 10005 5285
f 5287 10006 10005
f 5287 10005 5286
f 5288 10007 10006
f 5288 10006 5287
f 5289 10008 10007
f 5289 10007 5288
f 5290 10008 5289
f 5290 10009 10008
f 5290 10010 10009
f 5291 10010 5290
f 5291 10011 10010
f 5292 10011 5291
f 5293 10011 5292
f 5293 10012 10011
f 5294 10012 5293
f 5294 10013 10012
f 5295 10013 5294
f 5295 10014 10013
f 5296 10014 5295
f 5296 10015 10014
f 5297 10015 5296
f 5297 10016 10015
f 5297 9996 10016
f 5277 9996 5297
f 5299 10017 5298
f 5299 10018 10017
f 5299 10019 10018
f 5300 10019 5299
f 5301 10020 10019
f 5301 10021 10020
f 5301 10019 5300
f 5302 10021 5301
f 5303 10022 10021
f 5303 10021 5302
f 5304 10023 10022
f 5304 10022 5303
f 5305 10024 10023
f 5305 10023 5304
f 5306 10025 10024
f 5306 10026 10025
f 5306 10024 5305
f 5307 10026 5306
f 5308 10027 10026
f 5308 10026 5307
f 5309 10028 10027
f 5309 10027 5308
f 5310 10029 10028
f 5310 10028 5309
f 5311 10029 5310
f 5311 10030 10029
f 5311 10031 10030
f 5312 10031 5311
f 5312 10032 10031
f 5313 10032 5312
f 5314 10032 5313
f 5314 10033 10032
f 5315 10033 5314
f 5315 10034 10033
f 5316 10034 5315
f 5316 10035 10034
f 5317 10035 5316
f 5317 10036 10035
f 5318 10036 5317
f 5318 10037 10036
f 5318 10017 10037
f 5298 10017 5318
f 5320 10038 5319
f 5320 10039 10038
f 5320 10040 10039
f 5321 10040 5320
f 5322 10041 10040
f 5322 10042 10041
f 5322 10040 5321
f 5323 10042 5322
f 5324 10043 10042
f 5324 10042 5323
f 5325 10044 10043
f 5325 10043 5324
f 5326 10045 10044
f 5326 10044 5325
f 5327 10046 10045
f 5327 10047 10046
f 5327 10045 5326
f 5328 10047 5327
f 5329 10048 10047
f 5329 10047 5328
f 5330 10049 10048
f 5330 10048 5329
f 5331 10050 10049
f 5331 10049 5330
f 5332 10050 5331
f 5332 10051 10050
f 5332 10052 10051
f 5333 10052 5332
f 5333 10053 10052
f 5334 10053 5333
f 5335 10053 5334
f 5335 10054 10053
f 5336 10054 5335
f 5336 10055 10054
f 5337 10055 5336
f 5337 10056 10055
f 5338 10056 5337
f 5338 10057 10056
f 5339 10057 5338
f 5339 10058 10057
f 5339 10038 10058
f 5319 10038 5339
f 5341 10059 5340
f 5341 10060 10059
f 5341 10061 10060
f 5342 10061 5341
f 5343 10062 10061
f 5343 10063 10062
f 5343 10061 5342
f 5344 10063 5343
f 5345 10064 10063
f 5345 10063 5344
f 5346 10065 10064
f 5346 10064 5345
f 5347 10066 10065
f 5347 10065 5346
f 5348 10067 10066
f 5348 10068 10067
f 5348 10066 5347
f 5349 10068 5348
f 5350 10069 10068
f 5350 10068 5349
f 5351 10070 10069
f 5351 10069 5350
f 5352 10071 10070
f 5352 10070 5351
f 5353 10071 5352
f 5353 10072 10071
f 5353 10073 10072
f 5354 10073 5353
f 5354 10074 10073
f 5355 10074 5354
f 5356 10074 5355
f 5356 10075 10074
f 5357 10075 5356
f 5357 10076 10075
f 5358 10076 5357
f 5358 10077 10076
f 5359 10077 5358
f 5359 10078 10077
f 5360 10078 5359
f 5360 10079 10078
f 5360 10059 10079
f 5340 10059 5360
f 5362 10080 5361
f 5362 10081 10080
f 5362 10082 10081
f 5363 10082 5362
f 5364 10083 10082
f 5364 10084 10083
f 5364 10082 5363
f 5365 10084 5364
f 5366 10085 10084
f 5366 10084 5365
f 5367 10086 10085
f 5367 10085 5366
f 5368 10087 10086
f 5368 10086 5367
f 5369 10088 10087
f 5369 10089 10088
f 5369 10087 5368
f 5370 10089 5369
f 5371 10090 10089
f 5371 10089 5370
f 5372 10091 10090
f 5372 10090 5371
f 5373 10092 10091
f 5373 10091 5372
f 5374 10092 5373
f 5374 10093 10092
f 5374 10094 10093
f 5375 10094 5374
f 5375 10095 10094
f 5376 10095 5375
f 5377 10095 5376
f 5377 10096 10095
f 5378 10096 5377
f 5378 10097 10096
f 5379 10097 5378
f 5379 10098 10097
f 5380 10098 5379
f 5380 10099 10098
f 5381 10099 5380
f 5381 10100 10099
f 5381 10080 10100
f 5361 10080 5381
f 5383 10101 5382
f 5383 10102 10101
f 5383 10103 10102
f 5384 10103 5383
f 5385 10104 10103
f 5385 10105 10104
f 5385 10103 5384
f 5386 10105 5385
f 5387 10106 10105
f 5387 10105 5386
f 5388 10107 10106
f 5388 10106 5387
f 5389 10108 10107
f 5389 10107 5388
f 5390 10109 10108
f 5390 10110 10109
f 5390 10108 5389
f 5391 10110 5390
f 5392 10111 10110
f 5392 10110 5391
f 5393 10112 10111
f 5393 10111 5392
f 5394 10113 10112
f 5394 10112 5393
f 5395 10113 5394
f 5395 10114 10113
f 5395 10115 10114
f 5396 10115 5395
f 5396 10116 10115
f 5397 10116 5396
f 5398 10116 5397
f 5398 10117 10116
f 5399 10117 5398
f 5399 10118 10117
f 5400 10118 5399
f 5400 10119 10118
f 5401 10119 5400
f 5401 10120 10119
f 5402 10120 5401
f 5402 10121 10120
f 5402 10101 10121
f 5382 10101 5402
f 5404 10122 5403
f 5404 10123 10122
f 5404 10124 10123
f 5405 10124 5404
f 5406 10125 10124
f 5406 10126 10125
f 5406 10124 5405
f 5407 10126 5406
f 5408 10127 10126
f 5408 10126 5407
f 5409 10128 10127
f 5409 10127 5408
f 5410 10129 10128
f 5410 10128 5409
f 5411 10130 10129
f 5411 10131 10130
f 5411 10129 5410
f 5412 10131 5411
f 5413 10132 10131
f 5413 10131 5412
f 5414 10133 10132
f 5414 10132 5413
f 5415 10134 10133
f 5415 10133 5414
f 5416 10134 5415
f 5416 10135 10134
f 5416 10136 10135
f 5417 10136 5416
f 5417 10137 10136
f 5418 10137 5417
f 5419 10137 5418
f 5419 10138 10137
f 5420 10138 5419
f 5420 10139 10138
f 5421 10139 5420
f 5421 10140 10139
f 5422 10140 5421
f 5422 10141 10140
f 5423 10141 5422
f 5423 10142 10141
f 5423 10122 10142
f 5403 10122 5423
f 5425 10143 5424
f 5425 10144 10143
f 5425 10145 10144
f 5426 10145 5425
f 5427 10146 10145
f 5427 10147 10146
f 5427 10145 5426
f 5428 10147 5427
f 5429 10148 10147
f 5429 10147 5428
f 5430 10149 10148
f 5430 10148 5429
f 5431 10150 10149
f 5431 10149 5430
f 5432 10151 10150
f 5432 10152 10151
f 5432 10150 5431
f 5433 10152 5432
f 5434 10153 10152
f 5434 10152 5433
f 5435 10154 10153
f 5435 10153 5434
f 5436 10155 10154
f 5436 10154 5435
f 5437 10155 5436
f 5437 10156 10155
f 5437 10157 10156
f 5438 10157 5437
f 5438 10158 10157
f 5439 10158 5438
f 5440 10158 5439
f 5440 10159 10158
f 5441 10159 5440
f 5441 10160 10159
f 5442 10160 5441
f 5442 10161 10160
f 5443 10161 5442
f 5443 10162 10161
f 5444 10162 5443
f 5444 10163 10162
f 5444 10143 10163
f 5424 10143 5444
f 5446 10164 5445
f 5446 10165 10164
f 5446 10166 10165
f 5447 10166 5446
f 5448 10167 10166
f 5448 10168 10167
f 5448 10166 5447
f 5449 10168 5448
f 5450 10169 10168
f 5450 10168 5449
f 5451 10170 10169
f 5451 10169 5450
f 5452 10171 10170
f 5452 10170 5451
f 5453 10172 10171
f 5453 10173 10172
f 5453 10171 5452
f 5454 10173 5453
f 5455 10174 10173
f 5455 10173 5454
f 5456 10175 10174
f 5456 10174 5455
f 5457 10176 10175
f 5457 10175 5456
f 5458 10176 5457
f 5458 10177 10176
f 5458 10178 10177
f 5459 10178 5458
f 5459 10179 10178
f 5460 10179 5459
f 5461 10179 5460
f 5461 10180 10179
f 5462 10180 5461
f 5462 10181 10180
f 5463 10181 5462
f 5463 10182 10181
f 5464 10182 5463
f 5464 10183 10182
f 5465 10183 5464
f 5465 10184 10183
f 5465 10164 10184
f 5445 10164 5465
f 3115 7896 3114
f 3115 7897 7896
f 3115 7898 7897
f 3116 7899 7898
f 3116 7898 3115
f 3117 7899 3116
f 3118 7900 7899
f 3118 7901 7900
f 3118 7899 3117
f 3119 7901 3118
f 3120 7902 7901
f 3120 7901 3119
f 3121 7903 7902
f 3121 7904 7903
f 3121 7902 3120
f 3122 7904 3121
f 3123 7905 7904
f 3123 7906 7905
f 3123 7904 3122
f 3124 7906 3123
f 3125 7907 7906
f 3125 7906 3124
f 3126 7908 7907
f 3126 7909 7908
f 3126 7907 3125
f 3127 7909 3126
f 3128 7909 3127
f 3128 7910 7909
f 3129 7910 3128
f 3129 7911 7910
f 3129 7912 7911
f 3130 7912 3129
f 3131 7912 3130
f 3131 7913 7912
f 3132 7913 3131
f 3132 7914 7913
f 3133 7914 3132
f 3133 7915 7914
f 3133 7916 7915
f 3134 7916 3133
f 3114 7916 3134
f 3114 7896 7916
f 3094 7875 3093
f 3094 7876 7875
f 3094 7877 7876
f 3095 7878 7877
f 3095 7877 3094
f 3096 7878 3095
f 3097 7879 7878
f 3097 7880 7879
f 3097 7878 3096
f 3098 7880 3097
f 3099 7881 7880
f 3099 7880 3098
f 3100 7882 7881
f 3100 7883 7882
f 3100 7881 3099
f 3101 7883 3100
f 3102 7884 7883
f 3102 7885 7884
f 3102 7883 3101
f 3103 7885 3102
f 3104 7886 7885
f 3104 7885 3103
f 3105 7887 7886
f 3105 7888 7887
f 3105 7886 3104
f 3106 7888 3105
f 3107 7888 3106
f 3107 7889 7888
f 3108 7889 3107
f 3108 7890 7889
f 3108 7891 7890
f 3109 7891 3108
f 3110 7891 3109
f 3110 7892 7891
f 3111 7892 3110
f 3111 7893 7892
f 3112 7893 3111
f 3112 7894 7893
f 3112 7895 7894
f 3113 7895 3112
f 3093 7895 3113
f 3093 7875 7895
f 3073 7854 3072
f 3073 7855 7854
f 3073 7856 7855
f 3074 7857 7856
f 3074 7856 3073
f 3075 7857 3074
f 3076 7858 7857
f 3076 7859 7858
f 3076 7857 3075
f 3077 7859 3076
f 3078 7860 7859
f 3078 7859 3077
f 3079 7861 7860
f 3079 7862 7861
f 3079 7860 3078
f 3080 7862 3079
f 3081 7863 7862
f 3081 7864 7863
f 3081 7862 3080
f 3082 7864 3081
f 3083 7865 7864
f 3083 7864 3082
f 3084 7866 7865
f 3084 7867 7866
f 3084 7865 3083
f 3085 7867 3084
f 3086 7867 3085
f 3086 7868 7867
f 3087 7868 3086
f 3087 7869 7868
f 3087 7870 7869
f 3088 7870 3087
f 3089 7870 3088
f 3089 7871 7870
f 3090 7871 3089
f 3090 7872 7871
f 3091 7872 3090
f 3091 7873 7872
f 3091 7874 7873
f 3092 7874 3091
f 3072 7874 3092
f 3072 7854 7874
f 3052 7833 3051
f 3052 7834 7833
f 3052 7835 7834
f 3053 7836 7835
f 3053 7835 3052
f 3054 7836 3053
f 3055 7837 7836
f 3055 7838 7837
f 3055 7836 3054
f 3056 7838 3055
f 3057 7839 7838
f 3057 7838 3056
f 3058 7840 7839
f 3058 7841 7840
f 3058 7839 3057
f 3059 7841 3058
f 3060 7842 7841
f 3060 7843 7842
f 3060 7841 3059
f 3061 7843 3060
f 3062 7844 7843
f 3062 7843 3061
f 3063 7845 7844
f 3063 7846 7845
f 3063 7844 3062
f 3064 7846 3063
f 3065 7846 3064
f 3065 7847 7846
f 3066 7847 3065
f 3066 7848 7847
f 3066 7849 7848
f 3067 7849 3066
f 3068 7849 3067
f 3068 7850 7849
f 3069 7850 3068
f 3069 7851 7850
f 3070 7851 3069
f 3070 7852 7851
f 3070 7853 7852
f 3071 7853 3070
f 3051 7853 3071
f 3051 7833 7853
f 3031 7812 3030
f 3031 7813 7812
f 3031 7814 7813
f 3032 7815 7814
f 3032 7814 3031
f 3033 7815 3032
f 3034 7816 7815
f 3034 7817 7816
f 3034 7815 3033
f 3035 7817 3034
f 3036 7818 7817
f 3036 7817 3035
f 3037 7819 7818
f 3037 7820 7819
f 3037 7818 3036
f 3038 7820 3037
f 3039 7821 7820
f 3039 7822 7821
f 3039 7820 3038
f 3040 7822 3039
f 3041 7823 7822
f 3041 7822 3040
f 3042 7824 7823
f 3042 7825 7824
f 3042 7823 3041
f 3043 7825 3042
f 3044 7825 3043
f 3044 7826 7825
f 3045 7826 3044
f 3045 7827 7826
f 3045 7828 7827
f 3046 7828 3045
f 3047 7828 3046
f 3047 7829 7828
f 3048 7829 3047
f 3048 7830 7829
f 3049 7830 3048
f 3049 7831 7830
f 3049 7832 7831
f 3050 7832 3049
f 3030 7832 3050
f 3030 7812 7832
f 3010 7791 3009
f 3010 7792 7791
f 3010 7793 7792
f 3011 7794 7793
f 3011 7793 3010
f 3012 7794 3011
f 3013 7795 7794
f 3013 7796 7795
f 3013 7794 3012
f 3014 7796 3013
f 3015 7797 7796
f 3015 7796 3014
f 3016 7798 7797
f 3016 7799 7798
f 3016 7797 3015
f 3017 7799 3016
f 3018 7800 7799
f 3018 7801 7800
f 3018 7799 3017
f 3019 7801 3018
f 3020 7802 7801
f 3020 7801 3019
f 3021 7803 7802
f 3021 7804 7803
f 3021 7802 3020
f 3022 7804 3021
f 3023 7804 3022
f 3023 7805 7804
f 3024 7805 3023
f 3024 7806 7805
f 3024 7807 7806
f 3025 7807 3024
f 3026 7807 3025
f 3026 7808 7807
f 3027 7808 3026
f 3027 7809 7808
f 3028 7809 3027
f 3028 7810 7809
f 3028 7811 7810
f 3029 7811 3028
f 3009 7811 3029
f 3009 7791 7811
f 2989 7770 2988
f 2989 7771 7770
f 2989 7772 7771
f 2990 7773 7772
f 2990 7772 2989
f 2991 7773 2990
f 2992 7774 7773
f 2992 7775 7774
f 2992 7773 2991
f 2993 7775 2992
f 2994 7776 7775
f 2994 7775 2993
f 2995 7777 7776
f 2995 7778 7777
f 2995 7776 2994
f 2996 7778 2995
f 2997 7779 7778
f 2997 7780 7779
f 2997 7778 2996
f 2998 7780 2997
f 2999 7781 7780
f 2999 7780 2998
f 3000 7782 7781
f 3000 7783 7782
f 3000 7781 2999
f 3001 7783 3000
f 3002 7783 3001
f 3002 7784 7783
f 3003 7784 3002
f 3003 7785 7784
f 3003 7786 7785
f 3004 7786 3003
f 3005 7786 3004
f 3005 7787 7786
f 3006 7787 3005
f 3006 7788 7787
f 3007 7788 3006
f 3007 7789 7788
f 3007 7790 7789
f 3008 7790 3007
f 2988 7790 3008
f 2988 7770 7790
f 2968 7749 2967
f 2968 7750 7749
f 2968 7751 7750
f 2969 7752 7751
f 2969 7751 2968
f 2970 7752 2969
f 2971 7753 7752
f 2971 7754 7753
f 2971 7752 2970
f 2972 7754 2971
f 2973 7755 7754
f 2973 7754 2972
f 2974 7756 7755
f 2974 7757 7756
f 2974 7755 2973
f 2975 7757 2974
f 2976 7758 7757
f 2976 7759 7758
f 2976 7757 2975
f 2977 7759 2976
f 2978 7760 7759
f 2978 7759 2977
f 2979 7761 7760
f 2979 7762 7761
f 2979 7760 2978
f 2980 7762 2979
f 2981 7762 2980
f 2981 7763 7762
f 2982 7763 2981
f 2982 7764 7763
f 2982 7765 7764
f 2983 7765 2982
f 2984 7765 2983
f 2984 7766 7765
f 2985 7766 2984
f 2985 7767 7766
f 2986 7767 2985
f 2986 7768 7767
f 2986 7769 7768
f 2987 7769 2986
f 2967 7769 2987
f 2967 7749 7769
f 2947 7728 2946
f 2947 7729 7728
f 2947 7730 7729
f 2948 7731 7730
f 2948 7730 2947
f 2949 7731 2948
f 2950 7732 7731
f 2950 7733 7732
f 2950 7731 2949
f 2951 7733 2950
f 2952 7734 7733
f 2952 7733 2951
f 2953 7735 7734
f 2953 7736 7735
f 2953 7734 2952
f 2954 7736 2953
f 2955 7737 7736
f 2955 7738 7737
f 2955 7736 2954
f 2956 7738 2955
f 2957 7739 7738
f 2957 7738 2956
f 2958 7740 7739
f 2958 7741 7740
f 2958 7739 2957
f 2959 7741 2958
f 2960 7741 2959
f 2960 7742 7741
f 2961 7742 2960
f 2961 7743 7742
f 2961 7744 7743
f 2962 7744 2961
f 2963 7744 2962
f 2963 7745 7744
f 2964 7745 2963
f 2964 7746 7745
f 2965 7746 2964
f 2965 7747 7746
f 2965 7748 7747
f 2966 7748 2965
f 2946 7748 2966
f 2946 7728 7748
f 2926 7707 2925
f 2926 7708 7707
f 2926 7709 7708
f 2927 7710 7709
f 2927 7709 2926
f 2928 7710 2927
f 2929 7711 7710
f 2929 7712 7711
f 2929 7710 2928
f 2930 7712 2929
f 2931 7713 7712
f 2931 7712 2930
f 2932 7714 7713
f 2932 7715 7714
f 2932 7713 2931
f 2933 7715 2932
f 2934 7716 7715
f 2934 7717 7716
f 2934 7715 2933
f 2935 7717 2934
f 2936 7718 7717
f 2936 7717 2935
f 2937 7719 7718
f 2937 7720 7719
f 2937 7718 2936
f 2938 7720 2937
f 2939 7720 2938
f 2939 7721 7720
f 2940 7721 2939
f 2940 7722 7721
f 2940 7723 7722
f 2941 7723 2940
f 2942 7723 2941
f 2942 7724 7723
f 2943 7724 2942
f 2943 7725 7724
f 2944 7725 2943
f 2944 7726 7725
f 2944 7727 7726
f 2945 7727 2944
f 2925 7727 2945
f 2925 7707 7727
f 2904 5672 5671
f 2905 5673 5672
f 2905 5672 2904
f 510 512 5674
f 2906 5674 5673
f 2906 5673 2905
f 2907 5674 2906
f 2907 510 5674
f 2908 636 510
f 2908 510 2907
f 5709 487 488
f 2909 488 635
f 2909 635 636
f 2909 636 2908
f 2910 488 2909
f 2910 5709 488
f 2911 5710 5709
f 2911 5709 2910
f 2912 5711 5710
f 2912 5710 2911
f 2913 5712 5711
f 2913 5711 2912
f 2914 5712 2913
f 2914 5713 5712
f 2914 5714 5713
f 2915 5714 2914
f 2915 5715 5714
f 2916 5715 2915
f 2916 5716 5715
f 2917 5716 2916
f 2917 5717 5716
f 493 490 5718
f 2918 5717 2917
f 2918 5718 5717
f 2919 5718 2918
f 2919 493 5718
f 2920 493 2919
f 2920 637 638
f 2920 638 493
f 5668 517 515
f 2921 637 2920
f 2921 515 637
f 2922 5668 515
f 2922 515 2921
f 2923 5668 2922
f 2923 5669 5668
f 2924 5670 5669
f 2924 5669 2923
f 2904 5670 2924
f 2904 5671 5670
f 2884 7686 2883
f 2884 7687 7686
f 2884 7688 7687
f 2885 7689 7688
f 2885 7688 2884
f 2886 7689 2885
f 2887 7690 7689
f 2887 7691 7690
f 2887 7689 2886
f 2888 7691 2887
f 2889 7692 7691
f 2889 7691 2888
f 2890 7693 7692
f 2890 7694 7693
f 2890 7692 2889
f 2891 7694 2890
f 2892 7695 7694
f 2892 7696 7695
f 2892 7694 2891
f 2893 7696 2892
f 2894 7697 7696
f 2894 7696 2893
f 2895 7698 7697
f 2895 7699 7698
f 2895 7697 2894
f 2896 7699 2895
f 2897 7699 2896
f 2897 7700 7699
f 2898 7700 2897
f 2898 7701 7700
f 2898 7702 7701
f 2899 7702 2898
f 2900 7702 2899
f 2900 7703 7702
f 2901 7703 2900
f 2901 7704 7703
f 2902 7704 2901
f 2902 7705 7704
f 2902 7706 7705
f 2903 7706 2902
f 2883 7706 2903
f 2883 7686 7706
f 2863 7665 2862
f 2863 7666 7665
f 2863 7667 7666
f 2864 7668 7667
f 2864 7667 2863
f 2865 7668 2864
f 2866 7669 7668
f 2866 7670 7669
f 2866 7668 2865
f 2867 7670 2866
f 2868 7671 7670
f 2868 7670 2867
f 2869 7672 7671
f 2869 7673 7672
f 2869 7671 2868
f 2870 7673 2869
f 2871 7674 7673
f 2871 7675 7674
f 2871 7673 2870
f 2872 7675 2871
f 2873 7676 7675
f 2873 7675 2872
f 2874 7677 7676
f 2874 7678 7677
f 2874 7676 2873
f 2875 7678 2874
f 2876 7678 2875
f 2876 7679 7678
f 2877 7679 2876
f 2877 7680 7679
f 2877 7681 7680
f 2878 7681 2877
f 2879 7681 2878
f 2879 7682 7681
f 2880 7682 2879
f 2880 7683 7682
f 2881 7683 2880
f 2881 7684 7683
f 2881 7685 7684
f 2882 7685 2881
f 2862 7685 2882
f 2862 7665 7685
f 2842 7644 2841
f 2842 7645 7644
f 2842 7646 7645
f 2843 7647 7646
f 2843 7646 2842
f 2844 7647 2843
f 2845 7648 7647
f 2845 7649 7648
f 2845 7647 2844
f 2846 7649 2845
f 2847 7650 7649
f 2847 7649 2846
f 2848 7651 7650
f 2848 7652 7651
f 2848 7650 2847
f 2849 7652 2848
f 2850 7653 7652
f 2850 7654 7653
f 2850 7652 2849
f 2851 7654 2850
f 2852 7655 7654
f 2852 7654 2851
f 2853 7656 7655
f 2853 7657 7656
f 2853 7655 2852
f 2854 7657 2853
f 2855 7657 2854
f 2855 7658 7657
f 2856 7658 2855
f 2856 7659 7658
f 2856 7660 7659
f 2857 7660 2856
f 2858 7660 2857
f 2858 7661 7660
f 2859 7661 2858
f 2859 7662 7661
f 2860 7662 2859
f 2860 7663 7662
f 2860 7664 7663
f 2861 7664 2860
f 2841 7664 2861
f 2841 7644 7664
f 2821 7623 2820
f 2821 7624 7623
f 2821 7625 7624
f 2822 7626 7625
f 2822 7625 2821
f 2823 7626 2822
f 2824 7627 7626
f 2824 7628 7627
f 2824 7626 2823
f 2825 7628 2824
f 2826 7629 7628
f 2826 7628 2825
f 2827 7630 7629
f 2827 7631 7630
f 2827 7629 2826
f 2828 7631 2827
f 2829 7632 7631
f 2829 7633 7632
f 2829 7631 2828
f 2830 7633 2829
f 2831 7634 7633
f 2831 7633 2830
f 2832 7635 7634
f 2832 7636 7635
f 2832 7634 2831
f 2833 7636 2832
f 2834 7636 2833
f 2834 7637 7636
f 2835 7637 2834
f 2835 7638 7637
f 2835 7639 7638
f 2836 7639 2835
f 2837 7639 2836
f 2837 7640 7639
f 2838 7640 2837
f 2838 7641 7640
f 2839 7641 2838
f 2839 7642 7641
f 2839 7643 7642
f 2840 7643 2839
f 2820 7643 2840
f 2820 7623 7643
f 2800 7602 2799
f 2800 7603 7602
f 2800 7604 7603
f 2801 7605 7604
f 2801 7604 2800
f 2802 7605 2801
f 2803 7606 7605
f 2803 7607 7606
f 2803 7605 2802
f 2804 7607 2803
f 2805 7608 7607
f 2805 7607 2804
f 2806 7609 7608
f 2806 7610 7609
f 2806 7608 2805
f 2807 7610 2806
f 2808 7611 7610
f 2808 7612 7611
f 2808 7610 2807
f 2809 7612 2808
f 2810 7613 7612
f 2810 7612 2809
f 2811 7614 7613
f 2811 7615 7614
f 2811 7613 2810
f 2812 7615 2811
f 2813 7615 2812
f 2813 7616 7615
f 2814 7616 2813
f 2814 7617 7616
f 2814 7618 7617
f 2815 7618 2814
f 2816 7618 2815
f 2816 7619 7618
f 2817 7619 2816
f 2817 7620 7619
f 2818 7620 2817
f 2818 7621 7620
f 2818 7622 7621
f 2819 7622 2818
f 2799 7622 2819
f 2799 7602 7622
f 2779 7581 2778
f 2779 7582 7581
f 2779 7583 7582
f 2780 7584 7583
f 2780 7583 2779
f 2781 7584 2780
f 2782 7585 7584
f 2782 7586 7585
f 2782 7584 2781
f 2783 7586 2782
f 2784 7587 7586
f 2784 7586 2783
f 2785 7588 7587
f 2785 7589 7588
f 2785 7587 2784
f 2786 7589 2785
f 2787 7590 7589
f 2787 7591 7590
f 2787 7589 2786
f 2788 7591 2787
f 2789 7592 7591
f 2789 7591 2788
f 2790 7593 7592
f 2790 7594 7593
f 2790 7592 2789
f 2791 7594 2790
f 2792 7594 2791
f 2792 7595 7594
f 2793 7595 2792
f 2793 7596 7595
f 2793 7597 7596
f 2794 7597 2793
f 2795 7597 2794
f 2795 7598 7597
f 2796 7598 2795
f 2796 7599 7598
f 2797 7599 2796
f 2797 7600 7599
f 2797 7601 7600
f 2798 7601 2797
f 2778 7601 2798
f 2778 7581 7601
f 2758 7560 2757
f 2758 7561 7560
f 2758 7562 7561
f 2759 7563 7562
f 2759 7562 2758
f 2760 7563 2759
f 2761 7564 7563
f 2761 7565 7564
f 2761 7563 2760
f 2762 7565 2761
f 2763 7566 7565
f 2763 7565 2762
f 2764 7567 7566
f 2764 7568 7567
f 2764 7566 2763
f 2765 7568 2764
f 2766 7569 7568
f 2766 7570 7569
f 2766 7568 2765
f 2767 7570 2766
f 2768 7571 7570
f 2768 7570 2767
f 2769 7572 7571
f 2769 7573 7572
f 2769 7571 2768
f 2770 7573 2769
f 2771 7573 2770
f 2771 7574 7573
f 2772 7574 2771
f 2772 7575 7574
f 2772 7576 7575
f 2773 7576 2772
f 2774 7576 2773
f 2774 7577 7576
f 2775 7577 2774
f 2775 7578 7577
f 2776 7578 2775
f 2776 7579 7578
f 2776 7580 7579
f 2777 7580 2776
f 2757 7580 2777
f 2757 7560 7580
f 2737 7539 2736
f 2737 7540 7539
f 2737 7541 7540
f 2738 7542 7541
f 2738 7541 2737
f 2739 7542 2738
f 2740 7543 7542
f 2740 7544 7543
f 2740 7542 2739
f 2741 7544 2740
f 2742 7545 7544
f 2742 7544 2741
f 2743 7546 7545
f 2743 7547 7546
f 2743 7545 2742
f 2744 7547 2743
f 2745 7548 7547
f 2745 7549 7548
f 2745 7547 2744
f 2746 7549 2745
f 2747 7550 7549
f 2747 7549 2746
f 2748 7551 7550
f 2748 7552 7551
f 2748 7550 2747
f 2749 7552 2748
f 2750 7552 2749
f 2750 7553 7552
f 2751 7553 2750
f 2751 7554 7553
f 2751 7555 7554
f 2752 7555 2751
f 2753 7555 2752
f 2753 7556 7555
f 2754 7556 2753
f 2754 7557 7556
f 2755 7557 2754
f 2755 7558 7557
f 2755 7559 7558
f 2756 7559 2755
f 2736 7559 2756
f 2736 7539 7559
f 2716 7518 2715
f 2716 7519 7518
f 2716 7520 7519
f 2717 7521 7520
f 2717 7520 2716
f 2718 7521 2717
f 2719 7522 7521
f 2719 7523 7522
f 2719 7521 2718
f 2720 7523 2719
f 2721 7524 7523
f 2721 7523 2720
f 2722 7525 7524
f 2722 7526 7525
f 2722 7524 2721
f 2723 7526 2722
f 2724 7527 7526
f 2724 7528 7527
f 2724 7526 2723
f 2725 7528 2724
f 2726 7529 7528
f 2726 7528 2725
f 2727 7530 7529
f 2727 7531 7530
f 2727 7529 2726
f 2728 7531 2727
f 2729 7531 2728
f 2729 7532 7531
f 2730 7532 2729
f 2730 7533 7532
f 2730 7534 7533
f 2731 7534 2730
f 2732 7534 2731
f 2732 7535 7534
f 2733 7535 2732
f 2733 7536 7535
f 2734 7536 2733
f 2734 7537 7536
f 2734 7538 7537
f 2735 7538 2734
f 2715 7538 2735
f 2715 7518 7538
f 2694 5679 5678
f 2695 5680 5679
f 2695 5679 2694
f 506 508 5681
f 2696 5681 5680
f 2696 5680 2695
f 2697 5681 2696
f 2697 506 5681
f 2698 632 506
f 2698 506 2697
f 5699 483 484
f 2699 484 631
f 2699 631 632
f 2699 632 2698
f 2700 484 2699
f 2700 5699 484
f 2701 5700 5699
f 2701 5699 2700
f 2702 5701 5700
f 2702 5700 2701
f 2703 5702 5701
f 2703 5701 2702
f 2704 5702 2703
f 2704 5703 5702
f 2704 5704 5703
f 2705 5704 2704
f 2705 5705 5704
f 2706 5705 2705
f 2706 5706 5705
f 2707 5706 2706
f 2707 5707 5706
f 489 486 5708
f 2708 5707 2707
f 2708 5708 5707
f 2709 5708 2708
f 2709 489 5708
f 2710 489 2709
f 2710 633 634
f 2710 634 489
f 5675 513 511
f 2711 633 2710
f 2711 511 633
f 2712 5675 511
f 2712 511 2711
f 2713 5675 2712
f 2713 5676 5675
f 2714 5677 5676
f 2714 5676 2713
f 2694 5677 2714
f 2694 5678 5677
f 2674 7497 2673
f 2674 7498 7497
f 2674 7499 7498
f 2675 7500 7499
f 2675 7499 2674
f 2676 7500 2675
f 2677 7501 7500
f 2677 7502 7501
f 2677 7500 2676
f 2678 7502 2677
f 2679 7503 7502
f 2679 7502 2678
f 2680 7504 7503
f 2680 7505 7504
f 2680 7503 2679
f 2681 7505 2680
f 2682 7506 7505
f 2682 7507 7506
f 2682 7505 2681
f 2683 7507 2682
f 2684 7508 7507
f 2684 7507 2683
f 2685 7509 7508
f 2685 7510 7509
f 2685 7508 2684
f 2686 7510 2685
f 2687 7510 2686
f 2687 7511 7510
f 2688 7511 2687
f 2688 7512 7511
f 2688 7513 7512
f 2689 7513 2688
f 2690 7513 2689
f 2690 7514 7513
f 2691 7514 2690
f 2691 7515 7514
f 2692 7515 2691
f 2692 7516 7515
f 2692 7517 7516
f 2693 7517 2692
f 2673 7517 2693
f 2673 7497 7517
f 2653 7476 2652
f 2653 7477 7476
f 2653 7478 7477
f 2654 7479 7478
f 2654 7478 2653
f 2655 7479 2654
f 2656 7480 7479
f 2656 7481 7480
f 2656 7479 2655
f 2657 7481 2656
f 2658 7482 7481
f 2658 7481 2657
f 2659 7483 7482
f 2659 7484 7483
f 2659 7482 2658
f 2660 7484 2659
f 2661 7485 7484
f 2661 7486 7485
f 2661 7484 2660
f 2662 7486 2661
f 2663 7487 7486
f 2663 7486 2662
f 2664 7488 7487
f 2664 7489 7488
f 2664 7487 2663
f 2665 7489 2664
f 2666 7489 2665
f 2666 7490 7489
f 2667 7490 2666
f 2667 7491 7490
f 2667 7492 7491
f 2668 7492 2667
f 2669 7492 2668
f 2669 7493 7492
f 2670 7493 2669
f 2670 7494 7493
f 2671 7494 2670
f 2671 7495 7494
f 2671 7496 7495
f 2672 7496 2671
f 2652 7496 2672
f 2652 7476 7496
f 2632 7455 2631
f 2632 7456 7455
f 2632 7457 7456
f 2633 7458 7457
f 2633 7457 2632
f 2634 7458 2633
f 2635 7459 7458
f 2635 7460 7459
f 2635 7458 2634
f 2636 7460 2635
f 2637 7461 7460
f 2637 7460 2636
f 2638 7462 7461
f 2638 7463 7462
f 2638 7461 2637
f 2639 7463 2638
f 2640 7464 7463
f 2640 7465 7464
f 2640 7463 2639
f 2641 7465 2640
f 2642 7466 7465
f 2642 7465 2641
f 2643 7467 7466
f 2643 7468 7467
f 2643 7466 2642
f 2644 7468 2643
f 2645 7468 2644
f 2645 7469 7468
f 2646 7469 2645
f 2646 7470 7469
f 2646 7471 7470
f 2647 7471 2646
f 2648 7471 2647
f 2648 7472 7471
f 2649 7472 2648
f 2649 7473 7472
f 2650 7473 2649
f 2650 7474 7473
f 2650 7475 7474
f 2651 7475 2650
f 2631 7475 2651
f 2631 7455 7475
f 2611 7434 2610
f 2611 7435 7434
f 2611 7436 7435
f 2612 7437 7436
f 2612 7436 2611
f 2613 7437 2612
f 2614 7438 7437
f 2614 7439 7438
f 2614 7437 2613
f 2615 7439 2614
f 2616 7440 7439
f 2616 7439 2615
f 2617 7441 7440
f 2617 7442 7441
f 2617 7440 2616
f 2618 7442 2617
f 2619 7443 7442
f 2619 7444 7443
f 2619 7442 2618
f 2620 7444 2619
f 2621 7445 7444
f 2621 7444 2620
f 2622 7446 7445
f 2622 7447 7446
f 2622 7445 2621
f 2623 7447 2622
f 2624 7447 2623
f 2624 7448 7447
f 2625 7448 2624
f 2625 7449 7448
f 2625 7450 7449
f 2626 7450 2625
f 2627 7450 2626
f 2627 7451 7450
f 2628 7451 2627
f 2628 7452 7451
f 2629 7452 2628
f 2629 7453 7452
f 2629 7454 7453
f 2630 7454 2629
f 2610 7454 2630
f 2610 7434 7454
f 2590 7413 2589
f 2590 7414 7413
f 2590 7415 7414
f 2591 7416 7415
f 2591 7415 2590
f 2592 7416 2591
f 2593 7417 7416
f 2593 7418 7417
f 2593 7416 2592
f 2594 7418 2593
f 2595 7419 7418
f 2595 7418 2594
f 2596 7420 7419
f 2596 7421 7420
f 2596 7419 2595
f 2597 7421 2596
f 2598 7422 7421
f 2598 7423 7422
f 2598 7421 2597
f 2599 7423 2598
f 2600 7424 7423
f 2600 7423 2599
f 2601 7425 7424
f 2601 7426 7425
f 2601 7424 2600
f 2602 7426 2601
f 2603 7426 2602
f 2603 7427 7426
f 2604 7427 2603
f 2604 7428 7427
f 2604 7429 7428
f 2605 7429 2604
f 2606 7429 2605
f 2606 7430 7429
f 2607 7430 2606
f 2607 7431 7430
f 2608 7431 2607
f 2608 7432 7431
f 2608 7433 7432
f 2609 7433 2608
f 2589 7433 2609
f 2589 7413 7433
f 2569 7392 2568
f 2569 7393 7392
f 2569 7394 7393
f 2570 7395 7394
f 2570 7394 2569
f 2571 7395 2570
f 2572 7396 7395
f 2572 7397 7396
f 2572 7395 2571
f 2573 7397 2572
f 2574 7398 7397
f 2574 7397 2573
f 2575 7399 7398
f 2575 7400 7399
f 2575 7398 2574
f 2576 7400 2575
f 2577 7401 7400
f 2577 7402 7401
f 2577 7400 2576
f 2578 7402 2577
f 2579 7403 7402
f 2579 7402 2578
f 2580 7404 7403
f 2580 7405 7404
f 2580 7403 2579
f 2581 7405 2580
f 2582 7405 2581
f 2582 7406 7405
f 2583 7406 2582
f 2583 7407 7406
f 2583 7408 7407
f 2584 7408 2583
f 2585 7408 2584
f 2585 7409 7408
f 2586 7409 2585
f 2586 7410 7409
f 2587 7410 2586
f 2587 7411 7410
f 2587 7412 7411
f 2588 7412 2587
f 2568 7412 2588
f 2568 7392 7412
f 2548 7371 2547
f 2548 7372 7371
f 2548 7373 7372
f 2549 7374 7373
f 2549 7373 2548
f 2550 7374 2549
f 2551 7375 7374
f 2551 7376 7375
f 2551 7374 2550
f 2552 7376 2551
f 2553 7377 7376
f 2553 7376 2552
f 2554 7378 7377
f 2554 7379 7378
f 2554 7377 2553
f 2555 7379 2554
f 2556 7380 7379
f 2556 7381 7380
f 2556 7379 2555
f 2557 7381 2556
f 2558 7382 7381
f 2558 7381 2557
f 2559 7383 7382
f 2559 7384 7383
f 2559 7382 2558
f 2560 7384 2559
f 2561 7384 2560
f 2561 7385 7384
f 2562 7385 2561
f 2562 7386 7385
f 2562 7387 7386
f 2563 7387 2562
f 2564 7387 2563
f 2564 7388 7387
f 2565 7388 2564
f 2565 7389 7388
f 2566 7389 2565
f 2566 7390 7389
f 2566 7391 7390
f 2567 7391 2566
f 2547 7391 2567
f 2547 7371 7391
f 2527 7350 2526
f 2527 7351 7350
f 2527 7352 7351
f 2528 7353 7352
f 2528 7352 2527
f 2529 7353 2528
f 2530 7354 7353
f 2530 7355 7354
f 2530 7353 2529
f 2531 7355 2530
f 2532 7356 7355
f 2532 7355 2531
f 2533 7357 7356
f 2533 7358 7357
f 2533 7356 2532
f 2534 7358 2533
f 2535 7359 7358
f 2535 7360 7359
f 2535 7358 2534
f 2536 7360 2535
f 2537 7361 7360
f 2537 7360 2536
f 2538 7362 7361
f 2538 7363 7362
f 2538 7361 2537
f 2539 7363 2538
f 2540 7363 2539
f 2540 7364 7363
f 2541 7364 2540
f 2541 7365 7364
f 2541 7366 7365
f 2542 7366 2541
f 2543 7366 2542
f 2543 7367 7366
f 2544 7367 2543
f 2544 7368 7367
f 2545 7368 2544
f 2545 7369 7368
f 2545 7370 7369
f 2546 7370 2545
f 2526 7370 2546
f 2526 7350 7370
f 2506 7329 2505
f 2506 7330 7329
f 2506 7331 7330
f 2507 7332 7331
f 2507 7331 2506
f 2508 7332 2507
f 2509 7333 7332
f 2509 7334 7333
f 2509 7332 2508
f 2510 7334 2509
f 2511 7335 7334
f 2511 7334 2510
f 2512 7336 7335
f 2512 7337 7336
f 2512 7335 2511
f 2513 7337 2512
f 2514 7338 7337
f 2514 7339 7338
f 2514 7337 2513
f 2515 7339 2514
f 2516 7340 7339
f 2516 7339 2515
f 2517 7341 7340
f 2517 7342 7341
f 2517 7340 2516
f 2518 7342 2517
f 2519 7342 2518
f 2519 7343 7342
f 2520 7343 2519
f 2520 7344 7343
f 2520 7345 7344
f 2521 7345 2520
f 2522 7345 2521
f 2522 7346 7345
f 2523 7346 2522
f 2523 7347 7346
f 2524 7347 2523
f 2524 7348 7347
f 2524 7349 7348
f 2525 7349 2524
f 2505 7349 2525
f 2505 7329 7349
f 2485 7308 2484
f 2485 7309 7308
f 2485 7310 7309
f 2486 7311 7310
f 2486 7310 2485
f 2487 7311 2486
f 2488 7312 7311
f 2488 7313 7312
f 2488 7311 2487
f 2489 7313 2488
f 2490 7314 7313
f 2490 7313 2489
f 2491 7315 7314
f 2491 7316 7315
f 2491 7314 2490
f 2492 7316 2491
f 2493 7317 7316
f 2493 7318 7317
f 2493 7316 2492
f 2494 7318 2493
f 2495 7319 7318
f 2495 7318 2494
f 2496 7320 7319
f 2496 7321 7320
f 2496 7319 2495
f 2497 7321 2496
f 2498 7321 2497
f 2498 7322 7321
f 2499 7322 2498
f 2499 7323 7322
f 2499 7324 7323
f 2500 7324 2499
f 2501 7324 2500
f 2501 7325 7324
f 2502 7325 2501
f 2502 7326 7325
f 2503 7326 2502
f 2503 7327 7326
f 2503 7328 7327
f 2504 7328 2503
f 2484 7328 2504
f 2484 7308 7328
f 2463 5686 5685
f 2464 5687 5686
f 2464 5686 2463
f 502 504 5688
f 2465 5688 5687
f 2465 5687 2464
f 2466 5688 2465
f 2466 502 5688
f 2467 628 502
f 2467 502 2466
f 5689 479 480
f 2468 480 627
f 2468 627 628
f 2468 628 2467
f 2469 480 2468
f 2469 5689 480
f 2470 5690 5689
f 2470 5689 2469
f 2471 5691 5690
f 2471 5690 2470
f 2472 5692 5691
f 2472 5691 2471
f 2473 5692 2472
f 2473 5693 5692
f 2473 5694 5693
f 2474 5694 2473
f 2474 5695 5694
f 2475 5695 2474
f 2475 5696 5695
f 2476 5696 2475
f 2476 5697 5696
f 485 482 5698
f 2477 5697 2476
f 2477 5698 5697
f 2478 5698 2477
f 2478 485 5698
f 2479 485 2478
f 2479 629 630
f 2479 630 485
f 5682 509 507
f 2480 629 2479
f 2480 507 629
f 2481 5682 507
f 2481 507 2480
f 2482 5682 2481
f 2482 5683 5682
f 2483 5684 5683
f 2483 5683 2482
f 2463 5684 2483
f 2463 5685 5684
f 2443 7287 2442
f 2443 7288 7287
f 2443 7289 7288
f 2444 7290 7289
f 2444 7289 2443
f 2445 7290 2444
f 2446 7291 7290
f 2446 7292 7291
f 2446 7290 2445
f 2447 7292 2446
f 2448 7293 7292
f 2448 7292 2447
f 2449 7294 7293
f 2449 7295 7294
f 2449 7293 2448
f 2450 7295 2449
f 2451 7296 7295
f 2451 7297 7296
f 2451 7295 2450
f 2452 7297 2451
f 2453 7298 7297
f 2453 7297 2452
f 2454 7299 7298
f 2454 7300 7299
f 2454 7298 2453
f 2455 7300 2454
f 2456 7300 2455
f 2456 7301 7300
f 2457 7301 2456
f 2457 7302 7301
f 2457 7303 7302
f 2458 7303 2457
f 2459 7303 2458
f 2459 7304 7303
f 2460 7304 2459
f 2460 7305 7304
f 2461 7305 2460
f 2461 7306 7305
f 2461 7307 7306
f 2462 7307 2461
f 2442 7307 2462
f 2442 7287 7307
f 2422 7266 2421
f 2422 7267 7266
f 2422 7268 7267
f 2423 7269 7268
f 2423 7268 2422
f 2424 7269 2423
f 2425 7270 7269
f 2425 7271 7270
f 2425 7269 2424
f 2426 7271 2425
f 2427 7272 7271
f 2427 7271 2426
f 2428 7273 7272
f 2428 7274 7273
f 2428 7272 2427
f 2429 7274 2428
f 2430 7275 7274
f 2430 7276 7275
f 2430 7274 2429
f 2431 7276 2430
f 2432 7277 7276
f 2432 7276 2431
f 2433 7278 7277
f 2433 7279 7278
f 2433 7277 2432
f 2434 7279 2433
f 2435 7279 2434
f 2435 7280 7279
f 2436 7280 2435
f 2436 7281 7280
f 2436 7282 7281
f 2437 7282 2436
f 2438 7282 2437
f 2438 7283 7282
f 2439 7283 2438
f 2439 7284 7283
f 2440 7284 2439
f 2440 7285 7284
f 2440 7286 7285
f 2441 7286 2440
f 2421 7286 2441
f 2421 7266 7286
f 2401 7245 2400
f 2401 7246 7245
f 2401 7247 7246
f 2402 7248 7247
f 2402 7247 2401
f 2403 7248 2402
f 2404 7249 7248
f 2404 7250 7249
f 2404 7248 2403
f 2405 7250 2404
f 2406 7251 7250
f 2406 7250 2405
f 2407 7252 7251
f 2407 7253 7252
f 2407 7251 2406
f 2408 7253 2407
f 2409 7254 7253
f 2409 7255 7254
f 2409 7253 2408
f 2410 7255 2409
f 2411 7256 7255
f 2411 7255 2410
f 2412 7257 7256
f 2412 7258 7257
f 2412 7256 2411
f 2413 7258 2412
f 2414 7258 2413
f 2414 7259 7258
f 2415 7259 2414
f 2415 7260 7259
f 2415 7261 7260
f 2416 7261 2415
f 2417 7261 2416
f 2417 7262 7261
f 2418 7262 2417
f 2418 7263 7262
f 2419 7263 2418
f 2419 7264 7263
f 2419 7265 7264
f 2420 7265 2419
f 2400 7265 2420
f 2400 7245 7265
f 2380 7224 2379
f 2380 7225 7224
f 2380 7226 7225
f 2381 7227 7226
f 2381 7226 2380
f 2382 7227 2381
f 2383 7228 7227
f 2383 7229 7228
f 2383 7227 2382
f 2384 7229 2383
f 2385 7230 7229
f 2385 7229 2384
f 2386 7231 7230
f 2386 7232 7231
f 2386 7230 2385
f 2387 7232 2386
f 2388 7233 7232
f 2388 7234 7233
f 2388 7232 2387
f 2389 7234 2388
f 2390 7235 7234
f 2390 7234 2389
f 2391 7236 7235
f 2391 7237 7236
f 2391 7235 2390
f 2392 7237 2391
f 2393 7237 2392
f 2393 7238 7237
f 2394 7238 2393
f 2394 7239 7238
f 2394 7240 7239
f 2395 7240 2394
f 2396 7240 2395
f 2396 7241 7240
f 2397 7241 2396
f 2397 7242 7241
f 2398 7242 2397
f 2398 7243 7242
f 2398 7244 7243
f 2399 7244 2398
f 2379 7244 2399
f 2379 7224 7244
f 2359 7203 2358
f 2359 7204 7203
f 2359 7205 7204
f 2360 7206 7205
f 2360 7205 2359
f 2361 7206 2360
f 2362 7207 7206
f 2362 7208 7207
f 2362 7206 2361
f 2363 7208 2362
f 2364 7209 7208
f 2364 7208 2363
f 2365 7210 7209
f 2365 7211 7210
f 2365 7209 2364
f 2366 7211 2365
f 2367 7212 7211
f 2367 7213 7212
f 2367 7211 2366
f 2368 7213 2367
f 2369 7214 7213
f 2369 7213 2368
f 2370 7215 7214
f 2370 7216 7215
f 2370 7214 2369
f 2371 7216 2370
f 2372 7216 2371
f 2372 7217 7216
f 2373 7217 2372
f 2373 7218 7217
f 2373 7219 7218
f 2374 7219 2373
f 2375 7219 2374
f 2375 7220 7219
f 2376 7220 2375
f 2376 7221 7220
f 2377 7221 2376
f 2377 7222 7221
f 2377 7223 7222
f 2378 7223 2377
f 2358 7223 2378
f 2358 7203 7223
f 2338 7182 2337
f 2338 7183 7182
f 2338 7184 7183
f 2339 7185 7184
f 2339 7184 2338
f 2340 7185 2339
f 2341 7186 7185
f 2341 7187 7186
f 2341 7185 2340
f 2342 7187 2341
f 2343 7188 7187
f 2343 7187 2342
f 2344 7189 7188
f 2344 7190 7189
f 2344 7188 2343
f 2345 7190 2344
f 2346 7191 7190
f 2346 7192 7191
f 2346 7190 2345
f 2347 7192 2346
f 2348 7193 7192
f 2348 7192 2347
f 2349 7194 7193
f 2349 7195 7194
f 2349 7193 2348
f 2350 7195 2349
f 2351 7195 2350
f 2351 7196 7195
f 2352 7196 2351
f 2352 7197 7196
f 2352 7198 7197
f 2353 7198 2352
f 2354 7198 2353
f 2354 7199 7198
f 2355 7199 2354
f 2355 7200 7199
f 2356 7200 2355
f 2356 7201 7200
f 2356 7202 7201
f 2357 7202 2356
f 2337 7202 2357
f 2337 7182 7202
f 2317 7161 2316
f 2317 7162 7161
f 2317 7163 7162
f 2318 7164 7163
f 2318 7163 2317
f 2319 7164 2318
f 2320 7165 7164
f 2320 7166 7165
f 2320 7164 2319
f 2321 7166 2320
f 2322 7167 7166
f 2322 7166 2321
f 2323 7168 7167
f 2323 7169 7168
f 2323 7167 2322
f 2324 7169 2323
f 2325 7170 7169
f 2325 7171 7170
f 2325 7169 2324
f 2326 7171 2325
f 2327 7172 7171
f 2327 7171 2326
f 2328 7173 7172
f 2328 7174 7173
f 2328 7172 2327
f 2329 7174 2328
f 2330 7174 2329
f 2330 7175 7174
f 2331 7175 2330
f 2331 7176 7175
f 2331 7177 7176
f 2332 7177 2331
f 2333 7177 2332
f 2333 7178 7177
f 2334 7178 2333
f 2334 7179 7178
f 2335 7179 2334
f 2335 7180 7179
f 2335 7181 7180
f 2336 7181 2335
f 2316 7181 2336
f 2316 7161 7181
f 2296 7140 2295
f 2296 7141 7140
f 2296 7142 7141
f 2297 7143 7142
f 2297 7142 2296
f 2298 7143 2297
f 2299 7144 7143
f 2299 7145 7144
f 2299 7143 2298
f 2300 7145 2299
f 2301 7146 7145
f 2301 7145 2300
f 2302 7147 7146
f 2302 7148 7147
f 2302 7146 2301
f 2303 7148 2302
f 2304 7149 7148
f 2304 7150 7149
f 2304 7148 2303
f 2305 7150 2304
f 2306 7151 7150
f 2306 7150 2305
f 2307 7152 7151
f 2307 7153 7152
f 2307 7151 2306
f 2308 7153 2307
f 2309 7153 2308
f 2309 7154 7153
f 2310 7154 2309
f 2310 7155 7154
f 2310 7156 7155
f 2311 7156 2310
f 2312 7156 2311
f 2312 7157 7156
f 2313 7157 2312
f 2313 7158 7157
f 2314 7158 2313
f 2314 7159 7158
f 2314 7160 7159
f 2315 7160 2314
f 2295 7160 2315
f 2295 7140 7160
f 2275 7119 2274
f 2275 7120 7119
f 2275 7121 7120
f 2276 7122 7121
f 2276 7121 2275
f 2277 7122 2276
f 2278 7123 7122
f 2278 7124 7123
f 2278 7122 2277
f 2279 7124 2278
f 2280 7125 7124
f 2280 7124 2279
f 2281 7126 7125
f 2281 7127 7126
f 2281 7125 2280
f 2282 7127 2281
f 2283 7128 7127
f 2283 7129 7128
f 2283 7127 2282
f 2284 7129 2283
f 2285 7130 7129
f 2285 7129 2284
f 2286 7131 7130
f 2286 7132 7131
f 2286 7130 2285
f 2287 7132 2286
f 2288 7132 2287
f 2288 7133 7132
f 2289 7133 2288
f 2289 7134 7133
f 2289 7135 7134
f 2290 7135 2289
f 2291 7135 2290
f 2291 7136 7135
f 2292 7136 2291
f 2292 7137 7136
f 2293 7137 2292
f 2293 7138 7137
f 2293 7139 7138
f 2294 7139 2293
f 2274 7139 2294
f 2274 7119 7139
f 2254 7098 2253
f 2254 7099 7098
f 2254 7100 7099
f 2255 7101 7100
f 2255 7100 2254
f 2256 7101 2255
f 2257 7102 7101
f 2257 7103 7102
f 2257 7101 2256
f 2258 7103 2257
f 2259 7104 7103
f 2259 7103 2258
f 2260 7105 7104
f 2260 7106 7105
f 2260 7104 2259
f 2261 7106 2260
f 2262 7107 7106
f 2262 7108 7107
f 2262 7106 2261
f 2263 7108 2262
f 2264 7109 7108
f 2264 7108 2263
f 2265 7110 7109
f 2265 7111 7110
f 2265 7109 2264
f 2266 7111 2265
f 2267 7111 2266
f 2267 7112 7111
f 2268 7112 2267
f 2268 7113 7112
f 2268 7114 7113
f 2269 7114 2268
f 2270 7114 2269
f 2270 7115 7114
f 2271 7115 2270
f 2271 7116 7115
f 2272 7116 2271
f 2272 7117 7116
f 2272 7118 7117
f 2273 7118 2272
f 2253 7118 2273
f 2253 7098 7118
f 2233 7077 2232
f 2233 7078 7077
f 2233 7079 7078
f 2234 7080 7079
f 2234 7079 2233
f 2235 7080 2234
f 2236 7081 7080
f 2236 7082 7081
f 2236 7080 2235
f 2237 7082 2236
f 2238 7083 7082
f 2238 7082 2237
f 2239 7084 7083
f 2239 7085 7084
f 2239 7083 2238
f 2240 7085 2239
f 2241 7086 7085
f 2241 7087 7086
f 2241 7085 2240
f 2242 7087 2241
f 2243 7088 7087
f 2243 7087 2242
f 2244 7089 7088
f 2244 7090 7089
f 2244 7088 2243
f 2245 7090 2244
f 2246 7090 2245
f 2246 7091 7090
f 2247 7091 2246
f 2247 7092 7091
f 2247 7093 7092
f 2248 7093 2247
f 2249 7093 2248
f 2249 7094 7093
f 2250 7094 2249
f 2250 7095 7094
f 2251 7095 2250
f 2251 7096 7095
f 2251 7097 7096
f 2252 7097 2251
f 2232 7097 2252
f 2232 7077 7097
f 2212 7056 2211
f 2212 7057 7056
f 2212 7058 7057
f 2213 7059 7058
f 2213 7058 2212
f 2214 7059 2213
f 2215 7060 7059
f 2215 7061 7060
f 2215 7059 2214
f 2216 7061 2215
f 2217 7062 7061
f 2217 7061 2216
f 2218 7063 7062
f 2218 7064 7063
f 2218 7062 2217
f 2219 7064 2218
f 2220 7065 7064
f 2220 7066 7065
f 2220 7064 2219
f 2221 7066 2220
f 2222 7067 7066
f 2222 7066 2221
f 2223 7068 7067
f 2223 7069 7068
f 2223 7067 2222
f 2224 7069 2223
f 2225 7069 2224
f 2225 7070 7069
f 2226 7070 2225
f 2226 7071 7070
f 2226 7072 7071
f 2227 7072 2226
f 2228 7072 2227
f 2228 7073 7072
f 2229 7073 2228
f 2229 7074 7073
f 2230 7074 2229
f 2230 7075 7074
f 2230 7076 7075
f 2231 7076 2230
f 2211 7076 2231
f 2211 7056 7076
f 2191 7035 2190
f 2191 7036 7035
f 2191 7037 7036
f 2192 7038 7037
f 2192 7037 2191
f 2193 7038 2192
f 2194 7039 7038
f 2194 7040 7039
f 2194 7038 2193
f 2195 7040 2194
f 2196 7041 7040
f 2196 7040 2195
f 2197 7042 7041
f 2197 7043 7042
f 2197 7041 2196
f 2198 7043 2197
f 2199 7044 7043
f 2199 7045 7044
f 2199 7043 2198
f 2200 7045 2199
f 2201 7046 7045
f 2201 7045 2200
f 2202 7047 7046
f 2202 7048 7047
f 2202 7046 2201
f 2203 7048 2202
f 2204 7048 2203
f 2204 7049 7048
f 2205 7049 2204
f 2205 7050 7049
f 2205 7051 7050
f 2206 7051 2205
f 2207 7051 2206
f 2207 7052 7051
f 2208 7052 2207
f 2208 7053 7052
f 2209 7053 2208
f 2209 7054 7053
f 2209 7055 7054
f 2210 7055 2209
f 2190 7055 2210
f 2190 7035 7055
f 2170 7014 2169
f 2170 7015 7014
f 2170 7016 7015
f 2171 7017 7016
f 2171 7016 2170
f 2172 7017 2171
f 2173 7018 7017
f 2173 7019 7018
f 2173 7017 2172
f 2174 7019 2173
f 2175 7020 7019
f 2175 7019 2174
f 2176 7021 7020
f 2176 7022 7021
f 2176 7020 2175
f 2177 7022 2176
f 2178 7023 7022
f 2178 7024 7023
f 2178 7022 2177
f 2179 7024 2178
f 2180 7025 7024
f 2180 7024 2179
f 2181 7026 7025
f 2181 7027 7026
f 2181 7025 2180
f 2182 7027 2181
f 2183 7027 2182
f 2183 7028 7027
f 2184 7028 2183
f 2184 7029 7028
f 2184 7030 7029
f 2185 7030 2184
f 2186 7030 2185
f 2186 7031 7030
f 2187 7031 2186
f 2187 7032 7031
f 2188 7032 2187
f 2188 7033 7032
f 2188 7034 7033
f 2189 7034 2188
f 2169 7034 2189
f 2169 7014 7034
f 2149 6993 2148
f 2149 6994 6993
f 2149 6995 6994
f 2150 6996 6995
f 2150 6995 2149
f 2151 6996 2150
f 2152 6997 6996
f 2152 6998 6997
f 2152 6996 2151
f 2153 6998 2152
f 2154 6999 6998
f 2154 6998 2153
f 2155 7000 6999
f 2155 7001 7000
f 2155 6999 2154
f 2156 7001 2155
f 2157 7002 7001
f 2157 7003 7002
f 2157 7001 2156
f 2158 7003 2157
f 2159 7004 7003
f 2159 7003 2158
f 2160 7005 7004
f 2160 7006 7005
f 2160 7004 2159
f 2161 7006 2160
f 2162 7006 2161
f 2162 7007 7006
f 2163 7007 2162
f 2163 7008 7007
f 2163 7009 7008
f 2164 7009 2163
f 2165 7009 2164
f 2165 7010 7009
f 2166 7010 2165
f 2166 7011 7010
f 2167 7011 2166
f 2167 7012 7011
f 2167 7013 7012
f 2168 7013 2167
f 2148 7013 2168
f 2148 6993 7013
f 2128 6972 2127
f 2128 6973 6972
f 2128 6974 6973
f 2129 6975 6974
f 2129 6974 2128
f 2130 6975 2129
f 2131 6976 6975
f 2131 6977 6976
f 2131 6975 2130
f 2132 6977 2131
f 2133 6978 6977
f 2133 6977 2132
f 2134 6979 6978
f 2134 6980 6979
f 2134 6978 2133
f 2135 6980 2134
f 2136 6981 6980
f 2136 6982 6981
f 2136 6980 2135
f 2137 6982 2136
f 2138 6983 6982
f 2138 6982 2137
f 2139 6984 6983
f 2139 6985 6984
f 2139 6983 2138
f 2140 6985 2139
f 2141 6985 2140
f 2141 6986 6985
f 2142 6986 2141
f 2142 6987 6986
f 2142 6988 6987
f 2143 6988 2142
f 2144 6988 2143
f 2144 6989 6988
f 2145 6989 2144
f 2145 6990 6989
f 2146 6990 2145
f 2146 6991 6990
f 2146 6992 6991
f 2147 6992 2146
f 2127 6992 2147
f 2127 6972 6992
f 2107 6951 2106
f 2107 6952 6951
f 2107 6953 6952
f 2108 6954 6953
f 2108 6953 2107
f 2109 6954 2108
f 2110 6955 6954
f 2110 6956 6955
f 2110 6954 2109
f 2111 6956 2110
f 2112 6957 6956
f 2112 6956 2111
f 2113 6958 6957
f 2113 6959 6958
f 2113 6957 2112
f 2114 6959 2113
f 2115 6960 6959
f 2115 6961 6960
f 2115 6959 2114
f 2116 6961 2115
f 2117 6962 6961
f 2117 6961 2116
f 2118 6963 6962
f 2118 6964 6963
f 2118 6962 2117
f 2119 6964 2118
f 2120 6964 2119
f 2120 6965 6964
f 2121 6965 2120
f 2121 6966 6965
f 2121 6967 6966
f 2122 6967 2121
f 2123 6967 2122
f 2123 6968 6967
f 2124 6968 2123
f 2124 6969 6968
f 2125 6969 2124
f 2125 6970 6969
f 2125 6971 6970
f 2126 6971 2125
f 2106 6971 2126
f 2106 6951 6971
f 2086 6930 2085
f 2086 6931 6930
f 2086 6932 6931
f 2087 6933 6932
f 2087 6932 2086
f 2088 6933 2087
f 2089 6934 6933
f 2089 6935 6934
f 2089 6933 2088
f 2090 6935 2089
f 2091 6936 6935
f 2091 6935 2090
f 2092 6937 6936
f 2092 6938 6937
f 2092 6936 2091
f 2093 6938 2092
f 2094 6939 6938
f 2094 6940 6939
f 2094 6938 2093
f 2095 6940 2094
f 2096 6941 6940
f 2096 6940 2095
f 2097 6942 6941
f 2097 6943 6942
f 2097 6941 2096
f 2098 6943 2097
f 2099 6943 2098
f 2099 6944 6943
f 2100 6944 2099
f 2100 6945 6944
f 2100 6946 6945
f 2101 6946 2100
f 2102 6946 2101
f 2102 6947 6946
f 2103 6947 2102
f 2103 6948 6947
f 2104 6948 2103
f 2104 6949 6948
f 2104 6950 6949
f 2105 6950 2104
f 2085 6950 2105
f 2085 6930 6950
f 2065 6909 2064
f 2065 6910 6909
f 2065 6911 6910
f 2066 6912 6911
f 2066 6911 2065
f 2067 6912 2066
f 2068 6913 6912
f 2068 6914 6913
f 2068 6912 2067
f 2069 6914 2068
f 2070 6915 6914
f 2070 6914 2069
f 2071 6916 6915
f 2071 6917 6916
f 2071 6915 2070
f 2072 6917 2071
f 2073 6918 6917
f 2073 6919 6918
f 2073 6917 2072
f 2074 6919 2073
f 2075 6920 6919
f 2075 6919 2074
f 2076 6921 6920
f 2076 6922 6921
f 2076 6920 2075
f 2077 6922 2076
f 2078 6922 2077
f 2078 6923 6922
f 2079 6923 2078
f 2079 6924 6923
f 2079 6925 6924
f 2080 6925 2079
f 2081 6925 2080
f 2081 6926 6925
f 2082 6926 2081
f 2082 6927 6926
f 2083 6927 2082
f 2083 6928 6927
f 2083 6929 6928
f 2084 6929 2083
f 2064 6929 2084
f 2064 6909 6929
f 2044 6888 2043
f 2044 6889 6888
f 2044 6890 6889
f 2045 6891 6890
f 2045 6890 2044
f 2046 6891 2045
f 2047 6892 6891
f 2047 6893 6892
f 2047 6891 2046
f 2048 6893 2047
f 2049 6894 6893
f 2049 6893 2048
f 2050 6895 6894
f 2050 6896 6895
f 2050 6894 2049
f 2051 6896 2050
f 2052 6897 6896
f 2052 6898 6897
f 2052 6896 2051
f 2053 6898 2052
f 2054 6899 6898
f 2054 6898 2053
f 2055 6900 6899
f 2055 6901 6900
f 2055 6899 2054
f 2056 6901 2055
f 2057 6901 2056
f 2057 6902 6901
f 2058 6902 2057
f 2058 6903 6902
f 2058 6904 6903
f 2059 6904 2058
f 2060 6904 2059
f 2060 6905 6904
f 2061 6905 2060
f 2061 6906 6905
f 2062 6906 2061
f 2062 6907 6906
f 2062 6908 6907
f 2063 6908 2062
f 2043 6908 2063
f 2043 6888 6908
f 2023 6867 2022
f 2023 6868 6867
f 2023 6869 6868
f 2024 6870 6869
f 2024 6869 2023
f 2025 6870 2024
f 2026 6871 6870
f 2026 6872 6871
f 2026 6870 2025
f 2027 6872 2026
f 2028 6873 6872
f 2028 6872 2027
f 2029 6874 6873
f 2029 6875 6874
f 2029 6873 2028
f 2030 6875 2029
f 2031 6876 6875
f 2031 6877 6876
f 2031 6875 2030
f 2032 6877 2031
f 2033 6878 6877
f 2033 6877 2032
f 2034 6879 6878
f 2034 6880 6879
f 2034 6878 2033
f 2035 6880 2034
f 2036 6880 2035
f 2036 6881 6880
f 2037 6881 2036
f 2037 6882 6881
f 2037 6883 6882
f 2038 6883 2037
f 2039 6883 2038
f 2039 6884 6883
f 2040 6884 2039
f 2040 6885 6884
f 2041 6885 2040
f 2041 6886 6885
f 2041 6887 6886
f 2042 6887 2041
f 2022 6887 2042
f 2022 6867 6887
f 2002 6846 2001
f 2002 6847 6846
f 2002 6848 6847
f 2003 6849 6848
f 2003 6848 2002
f 2004 6849 2003
f 2005 6850 6849
f 2005 6851 6850
f 2005 6849 2004
f 2006 6851 2005
f 2007 6852 6851
f 2007 6851 2006
f 2008 6853 6852
f 2008 6854 6853
f 2008 6852 2007
f 2009 6854 2008
f 2010 6855 6854
f 2010 6856 6855
f 2010 6854 2009
f 2011 6856 2010
f 2012 6857 6856
f 2012 6856 2011
f 2013 6858 6857
f 2013 6859 6858
f 2013 6857 2012
f 2014 6859 2013
f 2015 6859 2014
f 2015 6860 6859
f 2016 6860 2015
f 2016 6861 6860
f 2016 6862 6861
f 2017 6862 2016
f 2018 6862 2017
f 2018 6863 6862
f 2019 6863 2018
f 2019 6864 6863
f 2020 6864 2019
f 2020 6865 6864
f 2020 6866 6865
f 2021 6866 2020
f 2001 6866 2021
f 2001 6846 6866
f 1981 6825 1980
f 1981 6826 6825
f 1981 6827 6826
f 1982 6828 6827
f 1982 6827 1981
f 1983 6828 1982
f 1984 6829 6828
f 1984 6830 6829
f 1984 6828 1983
f 1985 6830 1984
f 1986 6831 6830
f 1986 6830 1985
f 1987 6832 6831
f 1987 6833 6832
f 1987 6831 1986
f 1988 6833 1987
f 1989 6834 6833
f 1989 6835 6834
f 1989 6833 1988
f 1990 6835 1989
f 1991 6836 6835
f 1991 6835 1990
f 1992 6837 6836
f 1992 6838 6837
f 1992 6836 1991
f 1993 6838 1992
f 1994 6838 1993
f 1994 6839 6838
f 1995 6839 1994
f 1995 6840 6839
f 1995 6841 6840
f 1996 6841 1995
f 1997 6841 1996
f 1997 6842 6841
f 1998 6842 1997
f 1998 6843 6842
f 1999 6843 1998
f 1999 6844 6843
f 1999 6845 6844
f 2000 6845 1999
f 1980 6845 2000
f 1980 6825 6845
f 1960 6804 1959
f 1960 6805 6804
f 1960 6806 6805
f 1961 6807 6806
f 1961 6806 1960
f 1962 6807 1961
f 1963 6808 6807
f 1963 6809 6808
f 1963 6807 1962
f 1964 6809 1963
f 1965 6810 6809
f 1965 6809 1964
f 1966 6811 6810
f 1966 6812 6811
f 1966 6810 1965
f 1967 6812 1966
f 1968 6813 6812
f 1968 6814 6813
f 1968 6812 1967
f 1969 6814 1968
f 1970 6815 6814
f 1970 6814 1969
f 1971 6816 6815
f 1971 6817 6816
f 1971 6815 1970
f 1972 6817 1971
f 1973 6817 1972
f 1973 6818 6817
f 1974 6818 1973
f 1974 6819 6818
f 1974 6820 6819
f 1975 6820 1974
f 1976 6820 1975
f 1976 6821 6820
f 1977 6821 1976
f 1977 6822 6821
f 1978 6822 1977
f 1978 6823 6822
f 1978 6824 6823
f 1979 6824 1978
f 1959 6824 1979
f 1959 6804 6824
f 1939 6783 1938
f 1939 6784 6783
f 1939 6785 6784
f 1940 6786 6785
f 1940 6785 1939
f 1941 6786 1940
f 1942 6787 6786
f 1942 6788 6787
f 1942 6786 1941
f 1943 6788 1942
f 1944 6789 6788
f 1944 6788 1943
f 1945 6790 6789
f 1945 6791 6790
f 1945 6789 1944
f 1946 6791 1945
f 1947 6792 6791
f 1947 6793 6792
f 1947 6791 1946
f 1948 6793 1947
f 1949 6794 6793
f 1949 6793 1948
f 1950 6795 6794
f 1950 6796 6795
f 1950 6794 1949
f 1951 6796 1950
f 1952 6796 1951
f 1952 6797 6796
f 1953 6797 1952
f 1953 6798 6797
f 1953 6799 6798
f 1954 6799 1953
f 1955 6799 1954
f 1955 6800 6799
f 1956 6800 1955
f 1956 6801 6800
f 1957 6801 1956
f 1957 6802 6801
f 1957 6803 6802
f 1958 6803 1957
f 1938 6803 1958
f 1938 6783 6803
f 1918 6762 1917
f 1918 6763 6762
f 1918 6764 6763
f 1919 6765 6764
f 1919 6764 1918
f 1920 6765 1919
f 1921 6766 6765
f 1921 6767 6766
f 1921 6765 1920
f 1922 6767 1921
f 1923 6768 6767
f 1923 6767 1922
f 1924 6769 6768
f 1924 6770 6769
f 1924 6768 1923
f 1925 6770 1924
f 1926 6771 6770
f 1926 6772 6771
f 1926 6770 1925
f 1927 6772 1926
f 1928 6773 6772
f 1928 6772 1927
f 1929 6774 6773
f 1929 6775 6774
f 1929 6773 1928
f 1930 6775 1929
f 1931 6775 1930
f 1931 6776 6775
f 1932 6776 1931
f 1932 6777 6776
f 1932 6778 6777
f 1933 6778 1932
f 1934 6778 1933
f 1934 6779 6778
f 1935 6779 1934
f 1935 6780 6779
f 1936 6780 1935
f 1936 6781 6780
f 1936 6782 6781
f 1937 6782 1936
f 1917 6782 1937
f 1917 6762 6782
f 1897 6741 1896
f 1897 6742 6741
f 1897 6743 6742
f 1898 6744 6743
f 1898 6743 1897
f 1899 6744 1898
f 1900 6745 6744
f 1900 6746 6745
f 1900 6744 1899
f 1901 6746 1900
f 1902 6747 6746
f 1902 6746 1901
f 1903 6748 6747
f 1903 6749 6748
f 1903 6747 1902
f 1904 6749 1903
f 1905 6750 6749
f 1905 6751 6750
f 1905 6749 1904
f 1906 6751 1905
f 1907 6752 6751
f 1907 6751 1906
f 1908 6753 6752
f 1908 6754 6753
f 1908 6752 1907
f 1909 6754 1908
f 1910 6754 1909
f 1910 6755 6754
f 1911 6755 1910
f 1911 6756 6755
f 1911 6757 6756
f 1912 6757 1911
f 1913 6757 1912
f 1913 6758 6757
f 1914 6758 1913
f 1914 6759 6758
f 1915 6759 1914
f 1915 6760 6759
f 1915 6761 6760
f 1916 6761 1915
f 1896 6761 1916
f 1896 6741 6761
f 1876 6720 1875
f 1876 6721 6720
f 1876 6722 6721
f 1877 6723 6722
f 1877 6722 1876
f 1878 6723 1877
f 1879 6724 6723
f 1879 6725 6724
f 1879 6723 1878
f 1880 6725 1879
f 1881 6726 6725
f 1881 6725 1880
f 1882 6727 6726
f 1882 6728 6727
f 1882 6726 1881
f 1883 6728 1882
f 1884 6729 6728
f 1884 6730 6729
f 1884 6728 1883
f 1885 6730 1884
f 1886 6731 6730
f 1886 6730 1885
f 1887 6732 6731
f 1887 6733 6732
f 1887 6731 1886
f 1888 6733 1887
f 1889 6733 1888
f 1889 6734 6733
f 1890 6734 1889
f 1890 6735 6734
f 1890 6736 6735
f 1891 6736 1890
f 1892 6736 1891
f 1892 6737 6736
f 1893 6737 1892
f 1893 6738 6737
f 1894 6738 1893
f 1894 6739 6738
f 1894 6740 6739
f 1895 6740 1894
f 1875 6740 1895
f 1875 6720 6740
f 1855 6699 1854
f 1855 6700 6699
f 1855 6701 6700
f 1856 6702 6701
f 1856 6701 1855
f 1857 6702 1856
f 1858 6703 6702
f 1858 6704 6703
f 1858 6702 1857
f 1859 6704 1858
f 1860 6705 6704
f 1860 6704 1859
f 1861 6706 6705
f 1861 6707 6706
f 1861 6705 1860
f 1862 6707 1861
f 1863 6708 6707
f 1863 6709 6708
f 1863 6707 1862
f 1864 6709 1863
f 1865 6710 6709
f 1865 6709 1864
f 1866 6711 6710
f 1866 6712 6711
f 1866 6710 1865
f 1867 6712 1866
f 1868 6712 1867
f 1868 6713 6712
f 1869 6713 1868
f 1869 6714 6713
f 1869 6715 6714
f 1870 6715 1869
f 1871 6715 1870
f 1871 6716 6715
f 1872 6716 1871
f 1872 6717 6716
f 1873 6717 1872
f 1873 6718 6717
f 1873 6719 6718
f 1874 6719 1873
f 1854 6719 1874
f 1854 6699 6719
f 1834 6678 1833
f 1834 6679 6678
f 1834 6680 6679
f 1835 6681 6680
f 1835 6680 1834
f 1836 6681 1835
f 1837 6682 6681
f 1837 6683 6682
f 1837 6681 1836
f 1838 6683 1837
f 1839 6684 6683
f 1839 6683 1838
f 1840 6685 6684
f 1840 6686 6685
f 1840 6684 1839
f 1841 6686 1840
f 1842 6687 6686
f 1842 6688 6687
f 1842 6686 1841
f 1843 6688 1842
f 1844 6689 6688
f 1844 6688 1843
f 1845 6690 6689
f 1845 6691 6690
f 1845 6689 1844
f 1846 6691 1845
f 1847 6691 1846
f 1847 6692 6691
f 1848 6692 1847
f 1848 6693 6692
f 1848 6694 6693
f 1849 6694 1848
f 1850 6694 1849
f 1850 6695 6694
f 1851 6695 1850
f 1851 6696 6695
f 1852 6696 1851
f 1852 6697 6696
f 1852 6698 6697
f 1853 6698 1852
f 1833 6698 1853
f 1833 6678 6698
f 1813 6657 1812
f 1813 6658 6657
f 1813 6659 6658
f 1814 6660 6659
f 1814 6659 1813
f 1815 6660 1814
f 1816 6661 6660
f 1816 6662 6661
f 1816 6660 1815
f 1817 6662 1816
f 1818 6663 6662
f 1818 6662 1817
f 1819 6664 6663
f 1819 6665 6664
f 1819 6663 1818
f 1820 6665 1819
f 1821 6666 6665
f 1821 6667 6666
f 1821 6665 1820
f 1822 6667 1821
f 1823 6668 6667
f 1823 6667 1822
f 1824 6669 6668
f 1824 6670 6669
f 1824 6668 1823
f 1825 6670 1824
f 1826 6670 1825
f 1826 6671 6670
f 1827 6671 1826
f 1827 6672 6671
f 1827 6673 6672
f 1828 6673 1827
f 1829 6673 1828
f 1829 6674 6673
f 1830 6674 1829
f 1830 6675 6674
f 1831 6675 1830
f 1831 6676 6675
f 1831 6677 6676
f 1832 6677 1831
f 1812 6677 1832
f 1812 6657 6677
f 1792 6636 1791
f 1792 6637 6636
f 1792 6638 6637
f 1793 6639 6638
f 1793 6638 1792
f 1794 6639 1793
f 1795 6640 6639
f 1795 6641 6640
f 1795 6639 1794
f 1796 6641 1795
f 1797 6642 6641
f 1797 6641 1796
f 1798 6643 6642
f 1798 6644 6643
f 1798 6642 1797
f 1799 6644 1798
f 1800 6645 6644
f 1800 6646 6645
f 1800 6644 1799
f 1801 6646 1800
f 1802 6647 6646
f 1802 6646 1801
f 1803 6648 6647
f 1803 6649 6648
f 1803 6647 1802
f 1804 6649 1803
f 1805 6649 1804
f 1805 6650 6649
f 1806 6650 1805
f 1806 6651 6650
f 1806 6652 6651
f 1807 6652 1806
f 1808 6652 1807
f 1808 6653 6652
f 1809 6653 1808
f 1809 6654 6653
f 1810 6654 1809
f 1810 6655 6654
f 1810 6656 6655
f 1811 6656 1810
f 1791 6656 1811
f 1791 6636 6656
f 1771 6615 1770
f 1771 6616 6615
f 1771 6617 6616
f 1772 6618 6617
f 1772 6617 1771
f 1773 6618 1772
f 1774 6619 6618
f 1774 6620 6619
f 1774 6618 1773
f 1775 6620 1774
f 1776 6621 6620
f 1776 6620 1775
f 1777 6622 6621
f 1777 6623 6622
f 1777 6621 1776
f 1778 6623 1777
f 1779 6624 6623
f 1779 6625 6624
f 1779 6623 1778
f 1780 6625 1779
f 1781 6626 6625
f 1781 6625 1780
f 1782 6627 6626
f 1782 6628 6627
f 1782 6626 1781
f 1783 6628 1782
f 1784 6628 1783
f 1784 6629 6628
f 1785 6629 1784
f 1785 6630 6629
f 1785 6631 6630
f 1786 6631 1785
f 1787 6631 1786
f 1787 6632 6631
f 1788 6632 1787
f 1788 6633 6632
f 1789 6633 1788
f 1789 6634 6633
f 1789 6635 6634
f 1790 6635 1789
f 1770 6635 1790
f 1770 6615 6635
f 1750 6594 1749
f 1750 6595 6594
f 1750 6596 6595
f 1751 6597 6596
f 1751 6596 1750
f 1752 6597 1751
f 1753 6598 6597
f 1753 6599 6598
f 1753 6597 1752
f 1754 6599 1753
f 1755 6600 6599
f 1755 6599 1754
f 1756 6601 6600
f 1756 6602 6601
f 1756 6600 1755
f 1757 6602 1756
f 1758 6603 6602
f 1758 6604 6603
f 1758 6602 1757
f 1759 6604 1758
f 1760 6605 6604
f 1760 6604 1759
f 1761 6606 6605
f 1761 6607 6606
f 1761 6605 1760
f 1762 6607 1761
f 1763 6607 1762
f 1763 6608 6607
f 1764 6608 1763
f 1764 6609 6608
f 1764 6610 6609
f 1765 6610 1764
f 1766 6610 1765
f 1766 6611 6610
f 1767 6611 1766
f 1767 6612 6611
f 1768 6612 1767
f 1768 6613 6612
f 1768 6614 6613
f 1769 6614 1768
f 1749 6614 1769
f 1749 6594 6614
f 1729 6573 1728
f 1729 6574 6573
f 1729 6575 6574
f 1730 6576 6575
f 1730 6575 1729
f 1731 6576 1730
f 1732 6577 6576
f 1732 6578 6577
f 1732 6576 1731
f 1733 6578 1732
f 1734 6579 6578
f 1734 6578 1733
f 1735 6580 6579
f 1735 6581 6580
f 1735 6579 1734
f 1736 6581 1735
f 1737 6582 6581
f 1737 6583 6582
f 1737 6581 1736
f 1738 6583 1737
f 1739 6584 6583
f 1739 6583 1738
f 1740 6585 6584
f 1740 6586 6585
f 1740 6584 1739
f 1741 6586 1740
f 1742 6586 1741
f 1742 6587 6586
f 1743 6587 1742
f 1743 6588 6587
f 1743 6589 6588
f 1744 6589 1743
f 1745 6589 1744
f 1745 6590 6589
f 1746 6590 1745
f 1746 6591 6590
f 1747 6591 1746
f 1747 6592 6591
f 1747 6593 6592
f 1748 6593 1747
f 1728 6593 1748
f 1728 6573 6593
f 1708 6552 1707
f 1708 6553 6552
f 1708 6554 6553
f 1709 6555 6554
f 1709 6554 1708
f 1710 6555 1709
f 1711 6556 6555
f 1711 6557 6556
f 1711 6555 1710
f 1712 6557 1711
f 1713 6558 6557
f 1713 6557 1712
f 1714 6559 6558
f 1714 6560 6559
f 1714 6558 1713
f 1715 6560 1714
f 1716 6561 6560
f 1716 6562 6561
f 1716 6560 1715
f 1717 6562 1716
f 1718 6563 6562
f 1718 6562 1717
f 1719 6564 6563
f 1719 6565 6564
f 1719 6563 1718
f 1720 6565 1719
f 1721 6565 1720
f 1721 6566 6565
f 1722 6566 1721
f 1722 6567 6566
f 1722 6568 6567
f 1723 6568 1722
f 1724 6568 1723
f 1724 6569 6568
f 1725 6569 1724
f 1725 6570 6569
f 1726 6570 1725
f 1726 6571 6570
f 1726 6572 6571
f 1727 6572 1726
f 1707 6572 1727
f 1707 6552 6572
f 1687 6531 1686
f 1687 6532 6531
f 1687 6533 6532
f 1688 6534 6533
f 1688 6533 1687
f 1689 6534 1688
f 1690 6535 6534
f 1690 6536 6535
f 1690 6534 1689
f 1691 6536 1690
f 1692 6537 6536
f 1692 6536 1691
f 1693 6538 6537
f 1693 6539 6538
f 1693 6537 1692
f 1694 6539 1693
f 1695 6540 6539
f 1695 6541 6540
f 1695 6539 1694
f 1696 6541 1695
f 1697 6542 6541
f 1697 6541 1696
f 1698 6543 6542
f 1698 6544 6543
f 1698 6542 1697
f 1699 6544 1698
f 1700 6544 1699
f 1700 6545 6544
f 1701 6545 1700
f 1701 6546 6545
f 1701 6547 6546
f 1702 6547 1701
f 1703 6547 1702
f 1703 6548 6547
f 1704 6548 1703
f 1704 6549 6548
f 1705 6549 1704
f 1705 6550 6549
f 1705 6551 6550
f 1706 6551 1705
f 1686 6551 1706
f 1686 6531 6551
f 1666 6510 1665
f 1666 6511 6510
f 1666 6512 6511
f 1667 6513 6512
f 1667 6512 1666
f 1668 6513 1667
f 1669 6514 6513
f 1669 6515 6514
f 1669 6513 1668
f 1670 6515 1669
f 1671 6516 6515
f 1671 6515 1670
f 1672 6517 6516
f 1672 6518 6517
f 1672 6516 1671
f 1673 6518 1672
f 1674 6519 6518
f 1674 6520 6519
f 1674 6518 1673
f 1675 6520 1674
f 1676 6521 6520
f 1676 6520 1675
f 1677 6522 6521
f 1677 6523 6522
f 1677 6521 1676
f 1678 6523 1677
f 1679 6523 1678
f 1679 6524 6523
f 1680 6524 1679
f 1680 6525 6524
f 1680 6526 6525
f 1681 6526 1680
f 1682 6526 1681
f 1682 6527 6526
f 1683 6527 1682
f 1683 6528 6527
f 1684 6528 1683
f 1684 6529 6528
f 1684 6530 6529
f 1685 6530 1684
f 1665 6530 1685
f 1665 6510 6530
f 1645 6489 1644
f 1645 6490 6489
f 1645 6491 6490
f 1646 6492 6491
f 1646 6491 1645
f 1647 6492 1646
f 1648 6493 6492
f 1648 6494 6493
f 1648 6492 1647
f 1649 6494 1648
f 1650 6495 6494
f 1650 6494 1649
f 1651 6496 6495
f 1651 6497 6496
f 1651 6495 1650
f 1652 6497 1651
f 1653 6498 6497
f 1653 6499 6498
f 1653 6497 1652
f 1654 6499 1653
f 1655 6500 6499
f 1655 6499 1654
f 1656 6501 6500
f 1656 6502 6501
f 1656 6500 1655
f 1657 6502 1656
f 1658 6502 1657
f 1658 6503 6502
f 1659 6503 1658
f 1659 6504 6503
f 1659 6505 6504
f 1660 6505 1659
f 1661 6505 1660
f 1661 6506 6505
f 1662 6506 1661
f 1662 6507 6506
f 1663 6507 1662
f 1663 6508 6507
f 1663 6509 6508
f 1664 6509 1663
f 1644 6509 1664
f 1644 6489 6509
f 1624 6468 1623
f 1624 6469 6468
f 1624 6470 6469
f 1625 6471 6470
f 1625 6470 1624
f 1626 6471 1625
f 1627 6472 6471
f 1627 6473 6472
f 1627 6471 1626
f 1628 6473 1627
f 1629 6474 6473
f 1629 6473 1628
f 1630 6475 6474
f 1630 6476 6475
f 1630 6474 1629
f 1631 6476 1630
f 1632 6477 6476
f 1632 6478 6477
f 1632 6476 1631
f 1633 6478 1632
f 1634 6479 6478
f 1634 6478 1633
f 1635 6480 6479
f 1635 6481 6480
f 1635 6479 1634
f 1636 6481 1635
f 1637 6481 1636
f 1637 6482 6481
f 1638 6482 1637
f 1638 6483 6482
f 1638 6484 6483
f 1639 6484 1638
f 1640 6484 1639
f 1640 6485 6484
f 1641 6485 1640
f 1641 6486 6485
f 1642 6486 1641
f 1642 6487 6486
f 1642 6488 6487
f 1643 6488 1642
f 1623 6488 1643
f 1623 6468 6488
f 1603 6447 1602
f 1603 6448 6447
f 1603 6449 6448
f 1604 6450 6449
f 1604 6449 1603
f 1605 6450 1604
f 1606 6451 6450
f 1606 6452 6451
f 1606 6450 1605
f 1607 6452 1606
f 1608 6453 6452
f 1608 6452 1607
f 1609 6454 6453
f 1609 6455 6454
f 1609 6453 1608
f 1610 6455 1609
f 1611 6456 6455
f 1611 6457 6456
f 1611 6455 1610
f 1612 6457 1611
f 1613 6458 6457
f 1613 6457 1612
f 1614 6459 6458
f 1614 6460 6459
f 1614 6458 1613
f 1615 6460 1614
f 1616 6460 1615
f 1616 6461 6460
f 1617 6461 1616
f 1617 6462 6461
f 1617 6463 6462
f 1618 6463 1617
f 1619 6463 1618
f 1619 6464 6463
f 1620 6464 1619
f 1620 6465 6464
f 1621 6465 1620
f 1621 6466 6465
f 1621 6467 6466
f 1622 6467 1621
f 1602 6467 1622
f 1602 6447 6467
f 1582 6426 1581
f 1582 6427 6426
f 1582 6428 6427
f 1583 6429 6428
f 1583 6428 1582
f 1584 6429 1583
f 1585 6430 6429
f 1585 6431 6430
f 1585 6429 1584
f 1586 6431 1585
f 1587 6432 6431
f 1587 6431 1586
f 1588 6433 6432
f 1588 6434 6433
f 1588 6432 1587
f 1589 6434 1588
f 1590 6435 6434
f 1590 6436 6435
f 1590 6434 1589
f 1591 6436 1590
f 1592 6437 6436
f 1592 6436 1591
f 1593 6438 6437
f 1593 6439 6438
f 1593 6437 1592
f 1594 6439 1593
f 1595 6439 1594
f 1595 6440 6439
f 1596 6440 1595
f 1596 6441 6440
f 1596 6442 6441
f 1597 6442 1596
f 1598 6442 1597
f 1598 6443 6442
f 1599 6443 1598
f 1599 6444 6443
f 1600 6444 1599
f 1600 6445 6444
f 1600 6446 6445
f 1601 6446 1600
f 1581 6446 1601
f 1581 6426 6446
f 1561 6405 1560
f 1561 6406 6405
f 1561 6407 6406
f 1562 6408 6407
f 1562 6407 1561
f 1563 6408 1562
f 1564 6409 6408
f 1564 6410 6409
f 1564 6408 1563
f 1565 6410 1564
f 1566 6411 6410
f 1566 6410 1565
f 1567 6412 6411
f 1567 6413 6412
f 1567 6411 1566
f 1568 6413 1567
f 1569 6414 6413
f 1569 6415 6414
f 1569 6413 1568
f 1570 6415 1569
f 1571 6416 6415
f 1571 6415 1570
f 1572 6417 6416
f 1572 6418 6417
f 1572 6416 1571
f 1573 6418 1572
f 1574 6418 1573
f 1574 6419 6418
f 1575 6419 1574
f 1575 6420 6419
f 1575 6421 6420
f 1576 6421 1575
f 1577 6421 1576
f 1577 6422 6421
f 1578 6422 1577
f 1578 6423 6422
f 1579 6423 1578
f 1579 6424 6423
f 1579 6425 6424
f 1580 6425 1579
f 1560 6425 1580
f 1560 6405 6425
f 1540 6384 1539
f 1540 6385 6384
f 1540 6386 6385
f 1541 6387 6386
f 1541 6386 1540
f 1542 6387 1541
f 1543 6388 6387
f 1543 6389 6388
f 1543 6387 1542
f 1544 6389 1543
f 1545 6390 6389
f 1545 6389 1544
f 1546 6391 6390
f 1546 6392 6391
f 1546 6390 1545
f 1547 6392 1546
f 1548 6393 6392
f 1548 6394 6393
f 1548 6392 1547
f 1549 6394 1548
f 1550 6395 6394
f 1550 6394 1549
f 1551 6396 6395
f 1551 6397 6396
f 1551 6395 1550
f 1552 6397 1551
f 1553 6397 1552
f 1553 6398 6397
f 1554 6398 1553
f 1554 6399 6398
f 1554 6400 6399
f 1555 6400 1554
f 1556 6400 1555
f 1556 6401 6400
f 1557 6401 1556
f 1557 6402 6401
f 1558 6402 1557
f 1558 6403 6402
f 1558 6404 6403
f 1559 6404 1558
f 1539 6404 1559
f 1539 6384 6404
f 1519 6363 1518
f 1519 6364 6363
f 1519 6365 6364
f 1520 6366 6365
f 1520 6365 1519
f 1521 6366 1520
f 1522 6367 6366
f 1522 6368 6367
f 1522 6366 1521
f 1523 6368 1522
f 1524 6369 6368
f 1524 6368 1523
f 1525 6370 6369
f 1525 6371 6370
f 1525 6369 1524
f 1526 6371 1525
f 1527 6372 6371
f 1527 6373 6372
f 1527 6371 1526
f 1528 6373 1527
f 1529 6374 6373
f 1529 6373 1528
f 1530 6375 6374
f 1530 6376 6375
f 1530 6374 1529
f 1531 6376 1530
f 1532 6376 1531
f 1532 6377 6376
f 1533 6377 1532
f 1533 6378 6377
f 1533 6379 6378
f 1534 6379 1533
f 1535 6379 1534
f 1535 6380 6379
f 1536 6380 1535
f 1536 6381 6380
f 1537 6381 1536
f 1537 6382 6381
f 1537 6383 6382
f 1538 6383 1537
f 1518 6383 1538
f 1518 6363 6383
f 1498 6342 1497
f 1498 6343 6342
f 1498 6344 6343
f 1499 6345 6344
f 1499 6344 1498
f 1500 6345 1499
f 1501 6346 6345
f 1501 6347 6346
f 1501 6345 1500
f 1502 6347 1501
f 1503 6348 6347
f 1503 6347 1502
f 1504 6349 6348
f 1504 6350 6349
f 1504 6348 1503
f 1505 6350 1504
f 1506 6351 6350
f 1506 6352 6351
f 1506 6350 1505
f 1507 6352 1506
f 1508 6353 6352
f 1508 6352 1507
f 1509 6354 6353
f 1509 6355 6354
f 1509 6353 1508
f 1510 6355 1509
f 1511 6355 1510
f 1511 6356 6355
f 1512 6356 1511
f 1512 6357 6356
f 1512 6358 6357
f 1513 6358 1512
f 1514 6358 1513
f 1514 6359 6358
f 1515 6359 1514
f 1515 6360 6359
f 1516 6360 1515
f 1516 6361 6360
f 1516 6362 6361
f 1517 6362 1516
f 1497 6362 1517
f 1497 6342 6362
f 1477 6321 1476
f 1477 6322 6321
f 1477 6323 6322
f 1478 6324 6323
f 1478 6323 1477
f 1479 6324 1478
f 1480 6325 6324
f 1480 6326 6325
f 1480 6324 1479
f 1481 6326 1480
f 1482 6327 6326
f 1482 6326 1481
f 1483 6328 6327
f 1483 6329 6328
f 1483 6327 1482
f 1484 6329 1483
f 1485 6330 6329
f 1485 6331 6330
f 1485 6329 1484
f 1486 6331 1485
f 1487 6332 6331
f 1487 6331 1486
f 1488 6333 6332
f 1488 6334 6333
f 1488 6332 1487
f 1489 6334 1488
f 1490 6334 1489
f 1490 6335 6334
f 1491 6335 1490
f 1491 6336 6335
f 1491 6337 6336
f 1492 6337 1491
f 1493 6337 1492
f 1493 6338 6337
f 1494 6338 1493
f 1494 6339 6338
f 1495 6339 1494
f 1495 6340 6339
f 1495 6341 6340
f 1496 6341 1495
f 1476 6341 1496
f 1476 6321 6341
f 1456 6300 1455
f 1456 6301 6300
f 1456 6302 6301
f 1457 6303 6302
f 1457 6302 1456
f 1458 6303 1457
f 1459 6304 6303
f 1459 6305 6304
f 1459 6303 1458
f 1460 6305 1459
f 1461 6306 6305
f 1461 6305 1460
f 1462 6307 6306
f 1462 6308 6307
f 1462 6306 1461
f 1463 6308 1462
f 1464 6309 6308
f 1464 6310 6309
f 1464 6308 1463
f 1465 6310 1464
f 1466 6311 6310
f 1466 6310 1465
f 1467 6312 6311
f 1467 6313 6312
f 1467 6311 1466
f 1468 6313 1467
f 1469 6313 1468
f 1469 6314 6313
f 1470 6314 1469
f 1470 6315 6314
f 1470 6316 6315
f 1471 6316 1470
f 1472 6316 1471
f 1472 6317 6316
f 1473 6317 1472
f 1473 6318 6317
f 1474 6318 1473
f 1474 6319 6318
f 1474 6320 6319
f 1475 6320 1474
f 1455 6320 1475
f 1455 6300 6320
f 1435 6279 1434
f 1435 6280 6279
f 1435 6281 6280
f 1436 6282 6281
f 1436 6281 1435
f 1437 6282 1436
f 1438 6283 6282
f 1438 6284 6283
f 1438 6282 1437
f 1439 6284 1438
f 1440 6285 6284
f 1440 6284 1439
f 1441 6286 6285
f 1441 6287 6286
f 1441 6285 1440
f 1442 6287 1441
f 1443 6288 6287
f 1443 6289 6288
f 1443 6287 1442
f 1444 6289 1443
f 1445 6290 6289
f 1445 6289 1444
f 1446 6291 6290
f 1446 6292 6291
f 1446 6290 1445
f 1447 6292 1446
f 1448 6292 1447
f 1448 6293 6292
f 1449 6293 1448
f 1449 6294 6293
f 1449 6295 6294
f 1450 6295 1449
f 1451 6295 1450
f 1451 6296 6295
f 1452 6296 1451
f 1452 6297 6296
f 1453 6297 1452
f 1453 6298 6297
f 1453 6299 6298
f 1454 6299 1453
f 1434 6299 1454
f 1434 6279 6299
f 1414 6258 1413
f 1414 6259 6258
f 1414 6260 6259
f 1415 6261 6260
f 1415 6260 1414
f 1416 6261 1415
f 1417 6262 6261
f 1417 6263 6262
f 1417 6261 1416
f 1418 6263 1417
f 1419 6264 6263
f 1419 6263 1418
f 1420 6265 6264
f 1420 6266 6265
f 1420 6264 1419
f 1421 6266 1420
f 1422 6267 6266
f 1422 6268 6267
f 1422 6266 1421
f 1423 6268 1422
f 1424 6269 6268
f 1424 6268 1423
f 1425 6270 6269
f 1425 6271 6270
f 1425 6269 1424
f 1426 6271 1425
f 1427 6271 1426
f 1427 6272 6271
f 1428 6272 1427
f 1428 6273 6272
f 1428 6274 6273
f 1429 6274 1428
f 1430 6274 1429
f 1430 6275 6274
f 1431 6275 1430
f 1431 6276 6275
f 1432 6276 1431
f 1432 6277 6276
f 1432 6278 6277
f 1433 6278 1432
f 1413 6278 1433
f 1413 6258 6278
f 1393 6237 1392
f 1393 6238 6237
f 1393 6239 6238
f 1394 6240 6239
f 1394 6239 1393
f 1395 6240 1394
f 1396 6241 6240
f 1396 6242 6241
f 1396 6240 1395
f 1397 6242 1396
f 1398 6243 6242
f 1398 6242 1397
f 1399 6244 6243
f 1399 6245 6244
f 1399 6243 1398
f 1400 6245 1399
f 1401 6246 6245
f 1401 6247 6246
f 1401 6245 1400
f 1402 6247 1401
f 1403 6248 6247
f 1403 6247 1402
f 1404 6249 6248
f 1404 6250 6249
f 1404 6248 1403
f 1405 6250 1404
f 1406 6250 1405
f 1406 6251 6250
f 1407 6251 1406
f 1407 6252 6251
f 1407 6253 6252
f 1408 6253 1407
f 1409 6253 1408
f 1409 6254 6253
f 1410 6254 1409
f 1410 6255 6254
f 1411 6255 1410
f 1411 6256 6255
f 1411 6257 6256
f 1412 6257 1411
f 1392 6257 1412
f 1392 6237 6257
f 1372 6216 1371
f 1372 6217 6216
f 1372 6218 6217
f 1373 6219 6218
f 1373 6218 1372
f 1374 6219 1373
f 1375 6220 6219
f 1375 6221 6220
f 1375 6219 1374
f 1376 6221 1375
f 1377 6222 6221
f 1377 6221 1376
f 1378 6223 6222
f 1378 6224 6223
f 1378 6222 1377
f 1379 6224 1378
f 1380 6225 6224
f 1380 6226 6225
f 1380 6224 1379
f 1381 6226 1380
f 1382 6227 6226
f 1382 6226 1381
f 1383 6228 6227
f 1383 6229 6228
f 1383 6227 1382
f 1384 6229 1383
f 1385 6229 1384
f 1385 6230 6229
f 1386 6230 1385
f 1386 6231 6230
f 1386 6232 6231
f 1387 6232 1386
f 1388 6232 1387
f 1388 6233 6232
f 1389 6233 1388
f 1389 6234 6233
f 1390 6234 1389
f 1390 6235 6234
f 1390 6236 6235
f 1391 6236 1390
f 1371 6236 1391
f 1371 6216 6236
f 1351 6195 1350
f 1351 6196 6195
f 1351 6197 6196
f 1352 6198 6197
f 1352 6197 1351
f 1353 6198 1352
f 1354 6199 6198
f 1354 6200 6199
f 1354 6198 1353
f 1355 6200 1354
f 1356 6201 6200
f 1356 6200 1355
f 1357 6202 6201
f 1357 6203 6202
f 1357 6201 1356
f 1358 6203 1357
f 1359 6204 6203
f 1359 6205 6204
f 1359 6203 1358
f 1360 6205 1359
f 1361 6206 6205
f 1361 6205 1360
f 1362 6207 6206
f 1362 6208 6207
f 1362 6206 1361
f 1363 6208 1362
f 1364 6208 1363
f 1364 6209 6208
f 1365 6209 1364
f 1365 6210 6209
f 1365 6211 6210
f 1366 6211 1365
f 1367 6211 1366
f 1367 6212 6211
f 1368 6212 1367
f 1368 6213 6212
f 1369 6213 1368
f 1369 6214 6213
f 1369 6215 6214
f 1370 6215 1369
f 1350 6215 1370
f 1350 6195 6215
f 1330 6174 1329
f 1330 6175 6174
f 1330 6176 6175
f 1331 6177 6176
f 1331 6176 1330
f 1332 6177 1331
f 1333 6178 6177
f 1333 6179 6178
f 1333 6177 1332
f 1334 6179 1333
f 1335 6180 6179
f 1335 6179 1334
f 1336 6181 6180
f 1336 6182 6181
f 1336 6180 1335
f 1337 6182 1336
f 1338 6183 6182
f 1338 6184 6183
f 1338 6182 1337
f 1339 6184 1338
f 1340 6185 6184
f 1340 6184 1339
f 1341 6186 6185
f 1341 6187 6186
f 1341 6185 1340
f 1342 6187 1341
f 1343 6187 1342
f 1343 6188 6187
f 1344 6188 1343
f 1344 6189 6188
f 1344 6190 6189
f 1345 6190 1344
f 1346 6190 1345
f 1346 6191 6190
f 1347 6191 1346
f 1347 6192 6191
f 1348 6192 1347
f 1348 6193 6192
f 1348 6194 6193
f 1349 6194 1348
f 1329 6194 1349
f 1329 6174 6194
f 1309 6153 1308
f 1309 6154 6153
f 1309 6155 6154
f 1310 6156 6155
f 1310 6155 1309
f 1311 6156 1310
f 1312 6157 6156
f 1312 6158 6157
f 1312 6156 1311
f 1313 6158 1312
f 1314 6159 6158
f 1314 6158 1313
f 1315 6160 6159
f 1315 6161 6160
f 1315 6159 1314
f 1316 6161 1315
f 1317 6162 6161
f 1317 6163 6162
f 1317 6161 1316
f 1318 6163 1317
f 1319 6164 6163
f 1319 6163 1318
f 1320 6165 6164
f 1320 6166 6165
f 1320 6164 1319
f 1321 6166 1320
f 1322 6166 1321
f 1322 6167 6166
f 1323 6167 1322
f 1323 6168 6167
f 1323 6169 6168
f 1324 6169 1323
f 1325 6169 1324
f 1325 6170 6169
f 1326 6170 1325
f 1326 6171 6170
f 1327 6171 1326
f 1327 6172 6171
f 1327 6173 6172
f 1328 6173 1327
f 1308 6173 1328
f 1308 6153 6173
f 1288 6132 1287
f 1288 6133 6132
f 1288 6134 6133
f 1289 6135 6134
f 1289 6134 1288
f 1290 6135 1289
f 1291 6136 6135
f 1291 6137 6136
f 1291 6135 1290
f 1292 6137 1291
f 1293 6138 6137
f 1293 6137 1292
f 1294 6139 6138
f 1294 6140 6139
f 1294 6138 1293
f 1295 6140 1294
f 1296 6141 6140
f 1296 6142 6141
f 1296 6140 1295
f 1297 6142 1296
f 1298 6143 6142
f 1298 6142 1297
f 1299 6144 6143
f 1299 6145 6144
f 1299 6143 1298
f 1300 6145 1299
f 1301 6145 1300
f 1301 6146 6145
f 1302 6146 1301
f 1302 6147 6146
f 1302 6148 6147
f 1303 6148 1302
f 1304 6148 1303
f 1304 6149 6148
f 1305 6149 1304
f 1305 6150 6149
f 1306 6150 1305
f 1306 6151 6150
f 1306 6152 6151
f 1307 6152 1306
f 1287 6152 1307
f 1287 6132 6152
f 1267 6111 1266
f 1267 6112 6111
f 1267 6113 6112
f 1268 6114 6113
f 1268 6113 1267
f 1269 6114 1268
f 1270 6115 6114
f 1270 6116 6115
f 1270 6114 1269
f 1271 6116 1270
f 1272 6117 6116
f 1272 6116 1271
f 1273 6118 6117
f 1273 6119 6118
f 1273 6117 1272
f 1274 6119 1273
f 1275 6120 6119
f 1275 6121 6120
f 1275 6119 1274
f 1276 6121 1275
f 1277 6122 6121
f 1277 6121 1276
f 1278 6123 6122
f 1278 6124 6123
f 1278 6122 1277
f 1279 6124 1278
f 1280 6124 1279
f 1280 6125 6124
f 1281 6125 1280
f 1281 6126 6125
f 1281 6127 6126
f 1282 6127 1281
f 1283 6127 1282
f 1283 6128 6127
f 1284 6128 1283
f 1284 6129 6128
f 1285 6129 1284
f 1285 6130 6129
f 1285 6131 6130
f 1286 6131 1285
f 1266 6131 1286
f 1266 6111 6131
f 1246 6090 1245
f 1246 6091 6090
f 1246 6092 6091
f 1247 6093 6092
f 1247 6092 1246
f 1248 6093 1247
f 1249 6094 6093
f 1249 6095 6094
f 1249 6093 1248
f 1250 6095 1249
f 1251 6096 6095
f 1251 6095 1250
f 1252 6097 6096
f 1252 6098 6097
f 1252 6096 1251
f 1253 6098 1252
f 1254 6099 6098
f 1254 6100 6099
f 1254 6098 1253
f 1255 6100 1254
f 1256 6101 6100
f 1256 6100 1255
f 1257 6102 6101
f 1257 6103 6102
f 1257 6101 1256
f 1258 6103 1257
f 1259 6103 1258
f 1259 6104 6103
f 1260 6104 1259
f 1260 6105 6104
f 1260 6106 6105
f 1261 6106 1260
f 1262 6106 1261
f 1262 6107 6106
f 1263 6107 1262
f 1263 6108 6107
f 1264 6108 1263
f 1264 6109 6108
f 1264 6110 6109
f 1265 6110 1264
f 1245 6110 1265
f 1245 6090 6110
f 1225 6069 1224
f 1225 6070 6069
f 1225 6071 6070
f 1226 6072 6071
f 1226 6071 1225
f 1227 6072 1226
f 1228 6073 6072
f 1228 6074 6073
f 1228 6072 1227
f 1229 6074 1228
f 1230 6075 6074
f 1230 6074 1229
f 1231 6076 6075
f 1231 6077 6076
f 1231 6075 1230
f 1232 6077 1231
f 1233 6078 6077
f 1233 6079 6078
f 1233 6077 1232
f 1234 6079 1233
f 1235 6080 6079
f 1235 6079 1234
f 1236 6081 6080
f 1236 6082 6081
f 1236 6080 1235
f 1237 6082 1236
f 1238 6082 1237
f 1238 6083 6082
f 1239 6083 1238
f 1239 6084 6083
f 1239 6085 6084
f 1240 6085 1239
f 1241 6085 1240
f 1241 6086 6085
f 1242 6086 1241
f 1242 6087 6086
f 1243 6087 1242
f 1243 6088 6087
f 1243 6089 6088
f 1244 6089 1243
f 1224 6089 1244
f 1224 6069 6089
f 1204 6048 1203
f 1204 6049 6048
f 1204 6050 6049
f 1205 6051 6050
f 1205 6050 1204
f 1206 6051 1205
f 1207 6052 6051
f 1207 6053 6052
f 1207 6051 1206
f 1208 6053 1207
f 1209 6054 6053
f 1209 6053 1208
f 1210 6055 6054
f 1210 6056 6055
f 1210 6054 1209
f 1211 6056 1210
f 1212 6057 6056
f 1212 6058 6057
f 1212 6056 1211
f 1213 6058 1212
f 1214 6059 6058
f 1214 6058 1213
f 1215 6060 6059
f 1215 6061 6060
f 1215 6059 1214
f 1216 6061 1215
f 1217 6061 1216
f 1217 6062 6061
f 1218 6062 1217
f 1218 6063 6062
f 1218 6064 6063
f 1219 6064 1218
f 1220 6064 1219
f 1220 6065 6064
f 1221 6065 1220
f 1221 6066 6065
f 1222 6066 1221
f 1222 6067 6066
f 1222 6068 6067
f 1223 6068 1222
f 1203 6068 1223
f 1203 6048 6068
f 1183 6027 1182
f 1183 6028 6027
f 1183 6029 6028
f 1184 6030 6029
f 1184 6029 1183
f 1185 6030 1184
f 1186 6031 6030
f 1186 6032 6031
f 1186 6030 1185
f 1187 6032 1186
f 1188 6033 6032
f 1188 6032 1187
f 1189 6034 6033
f 1189 6035 6034
f 1189 6033 1188
f 1190 6035 1189
f 1191 6036 6035
f 1191 6037 6036
f 1191 6035 1190
f 1192 6037 1191
f 1193 6038 6037
f 1193 6037 1192
f 1194 6039 6038
f 1194 6040 6039
f 1194 6038 1193
f 1195 6040 1194
f 1196 6040 1195
f 1196 6041 6040
f 1197 6041 1196
f 1197 6042 6041
f 1197 6043 6042
f 1198 6043 1197
f 1199 6043 1198
f 1199 6044 6043
f 1200 6044 1199
f 1200 6045 6044
f 1201 6045 1200
f 1201 6046 6045
f 1201 6047 6046
f 1202 6047 1201
f 1182 6047 1202
f 1182 6027 6047
f 1162 6006 1161
f 1162 6007 6006
f 1162 6008 6007
f 1163 6009 6008
f 1163 6008 1162
f 1164 6009 1163
f 1165 6010 6009
f 1165 6011 6010
f 1165 6009 1164
f 1166 6011 1165
f 1167 6012 6011
f 1167 6011 1166
f 1168 6013 6012
f 1168 6014 6013
f 1168 6012 1167
f 1169 6014 1168
f 1170 6015 6014
f 1170 6016 6015
f 1170 6014 1169
f 1171 6016 1170
f 1172 6017 6016
f 1172 6016 1171
f 1173 6018 6017
f 1173 6019 6018
f 1173 6017 1172
f 1174 6019 1173
f 1175 6019 1174
f 1175 6020 6019
f 1176 6020 1175
f 1176 6021 6020
f 1176 6022 6021
f 1177 6022 1176
f 1178 6022 1177
f 1178 6023 6022
f 1179 6023 1178
f 1179 6024 6023
f 1180 6024 1179
f 1180 6025 6024
f 1180 6026 6025
f 1181 6026 1180
f 1161 6026 1181
f 1161 6006 6026
f 1141 5985 1140
f 1141 5986 5985
f 1141 5987 5986
f 1142 5988 5987
f 1142 5987 1141
f 1143 5988 1142
f 1144 5989 5988
f 1144 5990 5989
f 1144 5988 1143
f 1145 5990 1144
f 1146 5991 5990
f 1146 5990 1145
f 1147 5992 5991
f 1147 5993 5992
f 1147 5991 1146
f 1148 5993 1147
f 1149 5994 5993
f 1149 5995 5994
f 1149 5993 1148
f 1150 5995 1149
f 1151 5996 5995
f 1151 5995 1150
f 1152 5997 5996
f 1152 5998 5997
f 1152 5996 1151
f 1153 5998 1152
f 1154 5998 1153
f 1154 5999 5998
f 1155 5999 1154
f 1155 6000 5999
f 1155 6001 6000
f 1156 6001 1155
f 1157 6001 1156
f 1157 6002 6001
f 1158 6002 1157
f 1158 6003 6002
f 1159 6003 1158
f 1159 6004 6003
f 1159 6005 6004
f 1160 6005 1159
f 1140 6005 1160
f 1140 5985 6005
f 1120 5964 1119
f 1120 5965 5964
f 1120 5966 5965
f 1121 5967 5966
f 1121 5966 1120
f 1122 5967 1121
f 1123 5968 5967
f 1123 5969 5968
f 1123 5967 1122
f 1124 5969 1123
f 1125 5970 5969
f 1125 5969 1124
f 1126 5971 5970
f 1126 5972 5971
f 1126 5970 1125
f 1127 5972 1126
f 1128 5973 5972
f 1128 5974 5973
f 1128 5972 1127
f 1129 5974 1128
f 1130 5975 5974
f 1130 5974 1129
f 1131 5976 5975
f 1131 5977 5976
f 1131 5975 1130
f 1132 5977 1131
f 1133 5977 1132
f 1133 5978 5977
f 1134 5978 1133
f 1134 5979 5978
f 1134 5980 5979
f 1135 5980 1134
f 1136 5980 1135
f 1136 5981 5980
f 1137 5981 1136
f 1137 5982 5981
f 1138 5982 1137
f 1138 5983 5982
f 1138 5984 5983
f 1139 5984 1138
f 1119 5984 1139
f 1119 5964 5984
f 1099 5943 1098
f 1099 5944 5943
f 1099 5945 5944
f 1100 5946 5945
f 1100 5945 1099
f 1101 5946 1100
f 1102 5947 5946
f 1102 5948 5947
f 1102 5946 1101
f 1103 5948 1102
f 1104 5949 5948
f 1104 5948 1103
f 1105 5950 5949
f 1105 5951 5950
f 1105 5949 1104
f 1106 5951 1105
f 1107 5952 5951
f 1107 5953 5952
f 1107 5951 1106
f 1108 5953 1107
f 1109 5954 5953
f 1109 5953 1108
f 1110 5955 5954
f 1110 5956 5955
f 1110 5954 1109
f 1111 5956 1110
f 1112 5956 1111
f 1112 5957 5956
f 1113 5957 1112
f 1113 5958 5957
f 1113 5959 5958
f 1114 5959 1113
f 1115 5959 1114
f 1115 5960 5959
f 1116 5960 1115
f 1116 5961 5960
f 1117 5961 1116
f 1117 5962 5961
f 1117 5963 5962
f 1118 5963 1117
f 1098 5963 1118
f 1098 5943 5963
f 1078 5922 1077
f 1078 5923 5922
f 1078 5924 5923
f 1079 5925 5924
f 1079 5924 1078
f 1080 5925 1079
f 1081 5926 5925
f 1081 5927 5926
f 1081 5925 1080
f 1082 5927 1081
f 1083 5928 5927
f 1083 5927 1082
f 1084 5929 5928
f 1084 5930 5929
f 1084 5928 1083
f 1085 5930 1084
f 1086 5931 5930
f 1086 5932 5931
f 1086 5930 1085
f 1087 5932 1086
f 1088 5933 5932
f 1088 5932 1087
f 1089 5934 5933
f 1089 5935 5934
f 1089 5933 1088
f 1090 5935 1089
f 1091 5935 1090
f 1091 5936 5935
f 1092 5936 1091
f 1092 5937 5936
f 1092 5938 5937
f 1093 5938 1092
f 1094 5938 1093
f 1094 5939 5938
f 1095 5939 1094
f 1095 5940 5939
f 1096 5940 1095
f 1096 5941 5940
f 1096 5942 5941
f 1097 5942 1096
f 1077 5942 1097
f 1077 5922 5942
f 1057 5901 1056
f 1057 5902 5901
f 1057 5903 5902
f 1058 5904 5903
f 1058 5903 1057
f 1059 5904 1058
f 1060 5905 5904
f 1060 5906 5905
f 1060 5904 1059
f 1061 5906 1060
f 1062 5907 5906
f 1062 5906 1061
f 1063 5908 5907
f 1063 5909 5908
f 1063 5907 1062
f 1064 5909 1063
f 1065 5910 5909
f 1065 5911 5910
f 1065 5909 1064
f 1066 5911 1065
f 1067 5912 5911
f 1067 5911 1066
f 1068 5913 5912
f 1068 5914 5913
f 1068 5912 1067
f 1069 5914 1068
f 1070 5914 1069
f 1070 5915 5914
f 1071 5915 1070
f 1071 5916 5915
f 1071 5917 5916
f 1072 5917 1071
f 1073 5917 1072
f 1073 5918 5917
f 1074 5918 1073
f 1074 5919 5918
f 1075 5919 1074
f 1075 5920 5919
f 1075 5921 5920
f 1076 5921 1075
f 1056 5921 1076
f 1056 5901 5921
f 1036 5880 1035
f 1036 5881 5880
f 1036 5882 5881
f 1037 5883 5882
f 1037 5882 1036
f 1038 5883 1037
f 1039 5884 5883
f 1039 5885 5884
f 1039 5883 1038
f 1040 5885 1039
f 1041 5886 5885
f 1041 5885 1040
f 1042 5887 5886
f 1042 5888 5887
f 1042 5886 1041
f 1043 5888 1042
f 1044 5889 5888
f 1044 5890 5889
f 1044 5888 1043
f 1045 5890 1044
f 1046 5891 5890
f 1046 5890 1045
f 1047 5892 5891
f 1047 5893 5892
f 1047 5891 1046
f 1048 5893 1047
f 1049 5893 1048
f 1049 5894 5893
f 1050 5894 1049
f 1050 5895 5894
f 1050 5896 5895
f 1051 5896 1050
f 1052 5896 1051
f 1052 5897 5896
f 1053 5897 1052
f 1053 5898 5897
f 1054 5898 1053
f 1054 5899 5898
f 1054 5900 5899
f 1055 5900 1054
f 1035 5900 1055
f 1035 5880 5900
f 1015 5859 1014
f 1015 5860 5859
f 1015 5861 5860
f 1016 5862 5861
f 1016 5861 1015
f 1017 5862 1016
f 1018 5863 5862
f 1018 5864 5863
f 1018 5862 1017
f 1019 5864 1018
f 1020 5865 5864
f 1020 5864 1019
f 1021 5866 5865
f 1021 5867 5866
f 1021 5865 1020
f 1022 5867 1021
f 1023 5868 5867
f 1023 5869 5868
f 1023 5867 1022
f 1024 5869 1023
f 1025 5870 5869
f 1025 5869 1024
f 1026 5871 5870
f 1026 5872 5871
f 1026 5870 1025
f 1027 5872 1026
f 1028 5872 1027
f 1028 5873 5872
f 1029 5873 1028
f 1029 5874 5873
f 1029 5875 5874
f 1030 5875 1029
f 1031 5875 1030
f 1031 5876 5875
f 1032 5876 1031
f 1032 5877 5876
f 1033 5877 1032
f 1033 5878 5877
f 1033 5879 5878
f 1034 5879 1033
f 1014 5879 1034
f 1014 5859 5879
f 994 5838 993
f 994 5839 5838
f 994 5840 5839
f 995 5841 5840
f 995 5840 994
f 996 5841 995
f 997 5842 5841
f 997 5843 5842
f 997 5841 996
f 998 5843 997
f 999 5844 5843
f 999 5843 998
f 1000 5845 5844
f 1000 5846 5845
f 1000 5844 999
f 1001 5846 1000
f 1002 5847 5846
f 1002 5848 5847
f 1002 5846 1001
f 1003 5848 1002
f 1004 5849 5848
f 1004 5848 1003
f 1005 5850 5849
f 1005 5851 5850
f 1005 5849 1004
f 1006 5851 1005
f 1007 5851 1006
f 1007 5852 5851
f 1008 5852 1007
f 1008 5853 5852
f 1008 5854 5853
f 1009 5854 1008
f 1010 5854 1009
f 1010 5855 5854
f 1011 5855 1010
f 1011 5856 5855
f 1012 5856 1011
f 1012 5857 5856
f 1012 5858 5857
f 1013 5858 1012
f 993 5858 1013
f 993 5838 5858
